experiment_state_timestamp,save_interval_secs,last_save_timestamp,temperature_1_C,humidity_1,temperature_2_C,humidity_2,egg_turning_on,target_temperature,boost_temperature,cooling_start_temperature,heating_proportional_Cf,heating_integral_Cf,heating_derivitive_Cf,target_humidity,range_humidity,control_change_minimum_secs,last_control_change_timestamp,last_fan_on_timestamp,last_turner_change_timestamp,front_switch,rear_switch,near_switch,far_switch,exhaust_on,humidifyer_on,heater_on,boost_on,fan_on
1786959803.3053916,20,1787223691.3627765,37.54,0.7016,37.14,0.7477,True,37.6,36.5,38.6,0.95,0.005,0.0,0.7,0.03,2,1787223701.4338615,1786959809.4051678,0,-10,-10,-10,-10,0,0,1,0,False
1786959803.3053916,20,1787223711.4812748,37.54,0.7023,37.12,0.7479000000000001,True,37.6,36.5,38.6,0.95,0.005,0.0,0.7,0.03,2,1787223721.5406082,1786959809.4051678,0,-10,-10,-10,-10,0,0,1,0,False
1786959803.3053916,20,1787223731.5783918,37.51,0.7036,37.16,0.7484999999999999,True,37.6,36.5,38.6,0.95,0.005,0.0,0.7,0.03,2,1787223741.6378584,1786959809.4051678,0,-10,-10,-10,-10,0,0,1,0,False
1786959803.3053916,20,1787223751.67183,37.51,0.7044,37.16,0.7491,True,37.6,36.5,38.6,0.95,0.005,0.0,0.7,0.03,2,1787223761.7266533,1786959809.4051678,0,-10,-10,-10,-10,0,0,1,0,False
1786959803.3053916,20,1787223771.7584426,37.46,0.7051999999999999,37.11,0.7492000000000001,True,37.6,36.5,38.6,0.95,0.005,0.0,0.7,0.03,2,1787223783.804693,1786959809.4051678,0,-10,-10,-10,-10,0,0,1,0,False
1786959803.3053916,20,1787223793.8381164,37.5,0.7059000000000001,37.15,0.7493000000000001,True,37.6,36.5,38.6,0.95,0.005,0.0,0.7,0.03,2,1787223803.9058647,1786959809.4051678,0,-10,-10,-10,-10,0,0,1,0,False
1786959803.3053916,20,1787223813.9378338,37.49,0.7067,37.15,0.7494,True,37.6,36.5,38.6,0.95,0.005,0.0,0.7,0.03,2,1787223823.9818165,1786959809.4051678,0,-10,-10,-10,-10,0,0,1,0,False
1786959803.3053916,20,1787223834.0291533,37.47,0.7072,37.16,0.75,True,37.6,36.5,38.6,0.95,0.005,0.0,0.7,0.03,2,1787223844.0809288,1786959809.4051678,0,-10,-10,-10,-10,0,0,1,0,False
1786959803.3053916,20,1787223854.1055923,37.47,0.7075,37.15,0.7499,True,37.6,36.5,38.6,0.95,0.005,0.0,0.7,0.03,2,1787223864.1647873,1786959809.4051678,0,-10,-10,-10,-10,0,0,1,0,False
1786959803.3053916,20,1787223874.2017667,37.45,0.7079000000000001,37.19,0.7502,True,37.6,36.5,38.6,0.95,0.005,0.0,0.7,0.03,2,1787223884.2624462,1786959809.4051678,0,-10,-10,-10,-10,0,0,1,0,False
1786959803.3053916,20,1787223894.3096285,37.47,0.7084,37.2,0.7503000000000001,True,37.6,36.5,38.6,0.95,0.005,0.0,0.7,0.03,2,1787223906.3307054,1786959809.4051678,0,-10,-10,-10,-10,0,0,1,0,False
1786959803.3053916,20,1787223916.3743958,37.47,0.7084999999999999,37.2,0.7504000000000001,True,37.6,36.5,38.6,0.95,0.005,0.0,0.7,0.03,2,1787223926.4355998,1786959809.4051678,0,-10,-10,-10,-10,0,0,1,0,False
1786959803.3053916,20,1787223936.483264,37.48,0.7091,37.18,0.7506,True,37.6,36.5,38.6,0.95,0.005,0.0,0.7,0.03,2,1787223946.5307617,1786959809.4051678,0,-10,-10,-10,-10,0,0,1,0,False
1786959803.3053916,20,1787223956.572743,37.47,0.7090000000000001,37.21,0.7506999999999999,True,37.6,36.5,38.6,0.95,0.005,0.0,0.7,0.03,2,1787223966.6362443,1786959809.4051678,0,-10,-10,-10,-10,0,0,1,0,False
1786959803.3053916,20,1787223976.6886194,37.47,0.7093,37.21,0.7509,True,37.6,36.5,38.6,0.95,0.005,0.0,0.7,0.03,2,1787223986.7529724,1786959809.4051678,0,-10,-10,-10,-10,0,0,1,0,False
1786959803.3053916,20,1787223996.7989087,37.49,0.7097,37.21,0.7509,True,37.6,36.5,38.6,0.95,0.005,0.0,0.7,0.03,2,1787224006.8619318,1786959809.4051678,0,-10,-10,-10,-10,0,0,1,0,False
1786959803.3053916,20,1787224016.9152985,37.49,0.7099,37.24,0.7512000000000001,True,37.6,36.5,38.6,0.95,0.005,0.0,0.7,0.03,2,1787224028.8988855,1786959809.4051678,0,-10,-10,-10,-10,0,0,1,0,False
1786959803.3053916,20,1787224038.9311683,37.5,0.71,37.2,0.7511,True,37.6,36.5,38.6,0.95,0.005,0.0,0.7,0.03,2,1787224048.981802,1786959809.4051678,0,-10,-10,-10,-10,0,0,1,0,False
1786959803.3053916,20,1787224059.028484,37.52,0.7101999999999999,37.23,0.7511,True,37.6,36.5,38.6,0.95,0.005,0.0,0.7,0.03,2,1787224069.0785446,1786959809.4051678,0,-10,-10,-10,-10,0,0,1,0,False
1786959803.3053916,20,1787224079.1151993,37.52,0.7103,37.23,0.7511,True,37.6,36.5,38.6,0.95,0.005,0.0,0.7,0.03,2,1787224089.1604276,1786959809.4051678,0,-10,-10,-10,-10,0,0,1,0,False
1786959803.3053916,20,1787224099.1967695,37.48,0.7105,37.25,0.7512000000000001,True,37.6,36.5,38.6,0.95,0.005,0.0,0.7,0.03,2,1787224109.2649522,1786959809.4051678,0,-10,-10,-10,-10,0,0,1,0,False
1786959803.3053916,20,1787224119.3064363,37.51,0.7108,37.26,0.7511,True,37.6,36.5,38.6,0.95,0.005,0.0,0.7,0.03,2,1787224129.3544164,1786959809.4051678,0,-10,-10,-10,-10,0,0,1,0,False
1786959803.3053916,20,1787224139.406987,37.52,0.7107,37.24,0.7514000000000001,True,37.6,36.5,38.6,0.95,0.005,0.0,0.7,0.03,2,1787224151.5531507,1786959809.4051678,0,-10,-10,-10,-10,0,0,1,0,False
1786959803.3053916,20,1787224161.6103961,37.53,0.7109000000000001,37.28,0.7514000000000001,True,37.6,36.5,38.6,0.95,0.005,0.0,0.7,0.03,2,1787224171.6647964,1786959809.4051678,0,-10,-10,-10,-10,0,0,1,0,False
1786959803.3053916,20,1787224181.7076895,37.51,0.711,37.27,0.7515999999999999,True,37.6,36.5,38.6,0.95,0.005,0.0,0.7,0.03,2,1787224191.7770016,1786959809.4051678,0,-10,-10,-10,-10,0,0,1,0,False
1786959803.3053916,20,1787224201.8126752,37.54,0.711,37.26,0.7518000000000001,True,37.6,36.5,38.6,0.95,0.005,0.0,0.7,0.03,2,1787224211.8608932,1786959809.4051678,0,-10,-10,-10,-10,0,0,1,0,False
1786959803.3053916,20,1787224221.9051428,37.56,0.7112,37.26,0.752,True,37.6,36.5,38.6,0.95,0.005,0.0,0.7,0.03,2,1787224231.971675,1786959809.4051678,0,-10,-10,-10,-10,0,0,1,0,False
1786959803.3053916,20,1787224242.0048308,37.55,0.7112999999999999,37.29,0.7519,True,37.6,36.5,38.6,0.95,0.005,0.0,0.7,0.03,2,1787224252.060773,1786959809.4051678,0,-10,-10,-10,-10,0,0,1,0,False
1786959803.3053916,20,1787224262.1026511,37.57,0.7112999999999999,37.28,0.7521,True,37.6,36.5,38.6,0.95,0.005,0.0,0.7,0.03,2,1787224274.135773,1786959809.4051678,0,-10,-10,-10,-10,0,0,1,0,False
1786959803.3053916,20,1787224284.1862226,37.55,0.7112999999999999,37.31,0.7518000000000001,True,37.6,36.5,38.6,0.95,0.005,0.0,0.7,0.03,2,1787224294.2266798,1786959809.4051678,0,-10,-10,-10,-10,0,0,1,0,False
1786959803.3053916,20,1787224304.2664819,37.56,0.7112,37.31,0.7521,True,37.6,36.5,38.6,0.95,0.005,0.0,0.7,0.03,2,1787224314.3325567,1786959809.4051678,0,-10,-10,-10,-10,0,0,1,0,False
1786959803.3053916,20,1787224324.3701155,37.58,0.7115,37.34,0.7523000000000001,True,37.6,36.5,38.6,0.95,0.005,0.0,0.7,0.03,2,1787224334.4266849,1786959809.4051678,0,-10,-10,-10,-10,0,0,1,0,False
1786959803.3053916,20,1787224344.4653287,37.59,0.7115,37.31,0.7522,True,37.6,36.5,38.6,0.95,0.005,0.0,0.7,0.03,2,1787224354.5118287,1786959809.4051678,0,-10,-10,-10,-10,0,0,1,0,False
1786959803.3053916,20,1787224364.5404627,37.6,0.7111,37.35,0.752,True,37.6,36.5,38.6,0.95,0.005,0.0,0.7,0.03,2,1787224364.5495439,1786959809.4051678,0,-10,-10,-10,-10,0,0,0,0,False
1786959803.3053916,20,1787224384.6280105,37.64,0.7104,37.33,0.7513,True,37.6,36.5,38.6,0.95,0.005,0.0,0.7,0.03,2,1787224396.6193814,1786959809.4051678,0,-10,-10,-10,-10,0,0,0,0,False
1786959803.3053916,20,1787224406.6582835,37.57,0.7097,37.37,0.7508,True,37.6,36.5,38.6,0.95,0.005,0.0,0.7,0.03,2,1787224416.7103658,1786959809.4051678,0,-10,-10,-10,-10,0,0,1,0,False
1786959803.3053916,20,1787224426.7504604,37.58,0.7099,37.35,0.7508,True,37.6,36.5,38.6,0.95,0.005,0.0,0.7,0.03,2,1787224436.8136728,1786959809.4051678,0,-10,-10,-10,-10,0,0,1,0,False
1786959803.3053916,20,1787224446.8559492,37.61,0.7101999999999999,37.37,0.7511,True,37.6,36.5,38.6,0.95,0.005,0.0,0.7,0.03,2,1787224456.907205,1786959809.4051678,0,-10,-10,-10,-10,0,0,0,0,False
1786959803.3053916,20,1787224466.9456367,37.6,0.7104,37.35,0.7509,True,37.6,36.5,38.6,0.95,0.005,0.0,0.7,0.03,2,1787224456.907205,1786959809.4051678,0,-10,-10,-10,-10,0,0,0,0,False
1786959803.3053916,20,1787224487.0394976,37.58,0.71,37.39,0.7506,True,37.6,36.5,38.6,0.95,0.005,0.0,0.7,0.03,2,1787224497.0864222,1786959809.4051678,0,-10,-10,-10,-10,0,0,1,0,False
1786959803.3053916,20,1787224507.1313536,37.56,0.7099,37.34,0.7501000000000001,True,37.6,36.5,38.6,0.95,0.005,0.0,0.7,0.03,2,1787224519.225526,1786959809.4051678,0,-10,-10,-10,-10,0,0,1,0,False
1786959803.3053916,20,1787224529.2591176,37.58,0.71,37.36,0.7502,True,37.6,36.5,38.6,0.95,0.005,0.0,0.7,0.03,2,1787224539.310616,1786959809.4051678,0,-10,-10,-10,-10,0,0,1,0,False
1786959803.3053916,20,1787224549.3563883,37.55,0.7104,37.37,0.7505,True,37.6,36.5,38.6,0.95,0.005,0.0,0.7,0.03,2,1787224559.4026632,1786959809.4051678,0,-10,-10,-10,-10,0,0,1,0,False
1786959803.3053916,20,1787224569.436691,37.57,0.7107,37.37,0.7506999999999999,True,37.6,36.5,38.6,0.95,0.005,0.0,0.7,0.03,2,1787224579.4733946,1786959809.4051678,0,-10,-10,-10,-10,0,0,1,0,False
1786959803.3053916,20,1787224589.507098,37.55,0.7114,37.35,0.7512000000000001,True,37.6,36.5,38.6,0.95,0.005,0.0,0.7,0.03,2,1787224599.557509,1786959809.4051678,0,-10,-10,-10,-10,0,0,1,0,False
1786959803.3053916,20,1787224609.5953913,37.58,0.7116,37.32,0.751,True,37.6,36.5,38.6,0.95,0.005,0.0,0.7,0.03,2,1787224619.6544101,1786959809.4051678,0,-10,-10,-10,-10,0,0,1,0,False
1786959803.3053916,20,1787224629.7023036,37.63,0.7119,37.37,0.7515000000000001,True,37.6,36.5,38.6,0.95,0.005,0.0,0.7,0.03,2,1787224641.7697237,1786959809.4051678,0,-10,-10,-10,-10,0,0,0,0,False
1786959803.3053916,20,1787224651.826356,37.55,0.7118000000000001,37.37,0.7515000000000001,True,37.6,36.5,38.6,0.95,0.005,0.0,0.7,0.03,2,1787224661.8722959,1786959809.4051678,0,-10,-10,-10,-10,0,0,1,0,False
1786959803.3053916,20,1787224671.9109473,37.57,0.7115,37.37,0.7511,True,37.6,36.5,38.6,0.95,0.005,0.0,0.7,0.03,2,1787224681.9803607,1786959809.4051678,0,-10,-10,-10,-10,0,0,1,0,False
1786959803.3053916,20,1787224692.0278325,37.61,0.7117,37.4,0.7512000000000001,True,37.6,36.5,38.6,0.95,0.005,0.0,0.7,0.03,2,1787224702.0756788,1786959809.4051678,0,-10,-10,-10,-10,0,0,0,0,False
1786959803.3053916,20,1787224712.135155,37.59,0.7119,37.38,0.751,True,37.6,36.5,38.6,0.95,0.005,0.0,0.7,0.03,2,1787224722.1946652,1786959809.4051678,0,-10,-10,-10,-10,0,0,1,0,False
1786959803.3053916,20,1787224732.2348478,37.57,0.7116,37.41,0.7511,True,37.6,36.5,38.6,0.95,0.005,0.0,0.7,0.03,2,1787224742.2847075,1786959809.4051678,0,-10,-10,-10,-10,0,0,1,0,False
1786959803.3053916,20,1787224752.3220963,37.61,0.7116,37.38,0.7512000000000001,True,37.6,36.5,38.6,0.95,0.005,0.0,0.7,0.03,2,1787224764.363761,1786959809.4051678,0,-10,-10,-10,-10,0,0,0,0,False
1786959803.3053916,20,1787224774.4074903,37.59,0.7116,37.42,0.7509,True,37.6,36.5,38.6,0.95,0.005,0.0,0.7,0.03,2,1787224784.4588647,1786959809.4051678,0,-10,-10,-10,-10,0,0,1,0,False
1786959803.3053916,20,1787224794.4928033,37.59,0.7115,37.39,0.7506999999999999,True,37.6,36.5,38.6,0.95,0.005,0.0,0.7,0.03,2,1787224804.5445898,1786959809.4051678,0,-10,-10,-10,-10,0,0,1,0,False
1786959803.3053916,20,1787224814.5884953,37.59,0.7118000000000001,37.39,0.7511,True,37.6,36.5,38.6,0.95,0.005,0.0,0.7,0.03,2,1787224824.6440074,1786959809.4051678,0,-10,-10,-10,-10,0,0,1,0,False
1786959803.3053916,20,1787224834.6953812,37.64,0.7119,37.38,0.751,True,37.6,36.5,38.6,0.95,0.005,0.0,0.7,0.03,2,1787224844.752678,1786959809.4051678,0,-10,-10,-10,-10,0,0,0,0,False
1786959803.3053916,20,1787224854.808204,37.61,0.7115,37.42,0.751,True,37.6,36.5,38.6,0.95,0.005,0.0,0.7,0.03,2,1787224864.8664172,1786959809.4051678,0,-10,-10,-10,-10,0,0,0,0,False
1786959803.3053916,20,1787224874.899645,37.58,0.7116,37.41,0.7506999999999999,True,37.6,36.5,38.6,0.95,0.005,0.0,0.7,0.03,2,1787224886.9738333,1786959809.4051678,0,-10,-10,-10,-10,0,0,1,0,False
1786959803.3053916,20,1787224897.0172744,37.58,0.7112,37.4,0.7505,True,37.6,36.5,38.6,0.95,0.005,0.0,0.7,0.03,2,1787224907.0721428,1786959809.4051678,0,-10,-10,-10,-10,0,0,1,0,False
1786959803.3053916,20,1787224917.1124313,37.62,0.7119,37.39,0.7508,True,37.6,36.5,38.6,0.95,0.005,0.0,0.7,0.03,2,1787224927.1636925,1786959809.4051678,0,-10,-10,-10,-10,0,0,0,0,False
1786959803.3053916,20,1787224937.2036154,37.61,0.7120000000000001,37.43,0.751,True,37.6,36.5,38.6,0.95,0.005,0.0,0.7,0.03,2,1787224947.2614095,1786959809.4051678,0,-10,-10,-10,-10,0,0,0,0,False
1786959803.3053916,20,1787224957.3052208,37.62,0.7118000000000001,37.41,0.7508,True,37.6,36.5,38.6,0.95,0.005,0.0,0.7,0.03,2,1787224967.3446443,1786959809.4051678,0,-10,-10,-10,-10,0,0,0,0,False
1786959803.3053916,20,1787224977.3868272,37.59,0.7112,37.39,0.7502,True,37.6,36.5,38.6,0.95,0.005,0.0,0.7,0.03,2,1787224987.4317746,1786959809.4051678,0,-10,-10,-10,-10,0,0,1,0,False
1786959803.3053916,20,1787224997.4680057,37.59,0.7112,37.43,0.7502,True,37.6,36.5,38.6,0.95,0.005,0.0,0.7,0.03,2,1787225009.616648,1786959809.4051678,0,-10,-10,-10,-10,0,0,1,0,False
1786959803.3053916,20,1787225019.6535916,37.57,0.7117,37.4,0.7503000000000001,True,37.6,36.5,38.6,0.95,0.005,0.0,0.7,0.03,2,1787225029.7003894,1786959809.4051678,0,-10,-10,-10,-10,0,0,1,0,False
1786959803.3053916,20,1787225039.7530472,37.54,0.7121,37.42,0.7506,True,37.6,36.5,38.6,0.95,0.005,0.0,0.7,0.03,2,1787225049.815552,1786959809.4051678,0,-10,-10,-10,-10,0,0,1,0,False
1786959803.3053916,20,1787225059.856694,37.58,0.7122,37.46,0.751,True,37.6,36.5,38.6,0.95,0.005,0.0,0.7,0.03,2,1787225069.9075205,1786959809.4051678,0,-10,-10,-10,-10,0,0,1,0,False
1786959803.3053916,20,1787225079.9574754,37.6,0.7127,37.41,0.751,True,37.6,36.5,38.6,0.95,0.005,0.0,0.7,0.03,2,1787225069.9075205,1786959809.4051678,0,-10,-10,-10,-10,0,0,1,0,False
1786959803.3053916,20,1787225100.0558403,37.59,0.713,37.47,0.7515999999999999,True,37.6,36.5,38.6,0.95,0.005,0.0,0.7,0.03,2,1787225110.1145515,1786959809.4051678,0,-10,-10,-10,-10,0,0,1,0,False
1786959803.3053916,20,1787225120.1444046,37.59,0.7123999999999999,37.45,0.7513,True,37.6,36.5,38.6,0.95,0.005,0.0,0.7,0.03,2,1787225132.139686,1786959809.4051678,0,-10,-10,-10,-10,0,0,1,0,False
1786959803.3053916,20,1787225142.1759763,37.58,0.7126,37.46,0.7515999999999999,True,37.6,36.5,38.6,0.95,0.005,0.0,0.7,0.03,2,1787225152.2326689,1786959809.4051678,0,-10,-10,-10,-10,0,0,1,0,False
1786959803.3053916,20,1787225162.2838085,37.61,0.7128,37.45,0.7515000000000001,True,37.6,36.5,38.6,0.95,0.005,0.0,0.7,0.03,2,1787225172.3245761,1786959809.4051678,0,-10,-10,-10,-10,0,0,0,0,False
1786959803.3053916,20,1787225182.373716,37.57,0.7125,37.45,0.7512000000000001,True,37.6,36.5,38.6,0.95,0.005,0.0,0.7,0.03,2,1787225192.4316134,1786959809.4051678,0,-10,-10,-10,-10,0,0,1,0,False
1786959803.3053916,20,1787225202.478767,37.61,0.7125,37.43,0.7513,True,37.6,36.5,38.6,0.95,0.005,0.0,0.7,0.03,2,1787225212.5221126,1786959809.4051678,0,-10,-10,-10,-10,0,0,0,0,False
1786959803.3053916,20,1787225222.553902,37.57,0.7121,37.44,0.7509,True,37.6,36.5,38.6,0.95,0.005,0.0,0.7,0.03,2,1787225232.5973938,1786959809.4051678,0,-10,-10,-10,-10,0,0,1,0,False
1786959803.3053916,20,1787225242.630397,37.61,0.7121,37.48,0.7509,True,37.6,36.5,38.6,0.95,0.005,0.0,0.7,0.03,2,1787225254.7447386,1786959809.4051678,0,-10,-10,-10,-10,0,0,0,0,False
1786959803.3053916,20,1787225264.7716632,37.61,0.7122,37.46,0.7512000000000001,True,37.6,36.5,38.6,0.95,0.005,0.0,0.7,0.03,2,1787225274.8277366,1786959809.4051678,0,-10,-10,-10,-10,0,0,0,0,False
1786959803.3053916,20,1787225284.8685482,37.57,0.7121,37.48,0.7508,True,37.6,36.5,38.6,0.95,0.005,0.0,0.7,0.03,2,1787225294.9325726,1786959809.4051678,0,-10,-10,-10,-10,0,0,1,0,False
1786959803.3053916,20,1787225304.984861,37.62,0.7120000000000001,37.46,0.7506,True,37.6,36.5,38.6,0.95,0.005,0.0,0.7,0.03,2,1787225315.042307,1786959809.4051678,0,-10,-10,-10,-10,0,0,0,0,False
1786959803.3053916,20,1787225325.0934622,37.61,0.7122,37.47,0.7509,True,37.6,36.5,38.6,0.95,0.005,0.0,0.7,0.03,2,1787225335.1440141,1786959809.4051678,0,-10,-10,-10,-10,0,0,0,0,False
1786959803.3053916,20,1787225345.1842215,37.58,0.7116,37.45,0.7502,True,37.6,36.5,38.6,0.95,0.005,0.0,0.7,0.03,2,1787225355.2362392,1786959809.4051678,0,-10,-10,-10,-10,0,0,1,0,False
1786959803.3053916,20,1787225365.262204,37.64,0.7118000000000001,37.44,0.7499,True,37.6,36.5,38.6,0.95,0.005,0.0,0.7,0.03,2,1787225377.309753,1786959809.4051678,0,-10,-10,-10,-10,0,0,0,0,False
1786959803.3053916,20,1787225387.3606913,37.63,0.7117,37.47,0.7502,True,37.6,36.5,38.6,0.95,0.005,0.0,0.7,0.03,2,1787225397.408652,1786959809.4051678,0,-10,-10,-10,-10,0,0,0,0,False
1786959803.3053916,20,1787225407.4566543,37.56,0.7118000000000001,37.44,0.7499,True,37.6,36.5,38.6,0.95,0.005,0.0,0.7,0.03,2,1787225417.5176017,1786959809.4051678,0,-10,-10,-10,-10,0,0,1,0,False
1786959803.3053916,20,1787225427.5538673,37.61,0.7123,37.48,0.7505,True,37.6,36.5,38.6,0.95,0.005,0.0,0.7,0.03,2,1787225437.609472,1786959809.4051678,0,-10,-10,-10,-10,0,0,0,0,False
1786959803.3053916,20,1787225447.666409,37.58,0.7121,37.43,0.7503000000000001,True,37.6,36.5,38.6,0.95,0.005,0.0,0.7,0.03,2,1787225457.7135668,1786959809.4051678,0,-10,-10,-10,-10,0,0,1,0,False
1786959803.3053916,20,1787225467.7606084,37.57,0.7122,37.43,0.7502,True,37.6,36.5,38.6,0.95,0.005,0.0,0.7,0.03,2,1787225477.8315215,1786959809.4051678,0,-10,-10,-10,-10,0,0,1,0,False
1786959803.3053916,20,1787225487.883705,37.58,0.7125,37.45,0.7502,True,37.6,36.5,38.6,0.95,0.005,0.0,0.7,0.03,2,1787225500.1177428,1786959809.4051678,0,-10,-10,-10,-10,0,0,1,0,False
1786959803.3053916,20,1787225510.164276,37.58,0.7123999999999999,37.47,0.7504000000000001,True,37.6,36.5,38.6,0.95,0.005,0.0,0.7,0.03,2,1787225520.2268212,1786959809.4051678,0,-10,-10,-10,-10,0,0,1,0,False
1786959803.3053916,20,1787225530.2687385,37.57,0.7128,37.42,0.7506,True,37.6,36.5,38.6,0.95,0.005,0.0,0.7,0.03,2,1787225540.3337874,1786959809.4051678,0,-10,-10,-10,-10,0,0,1,0,False
1786959803.3053916,20,1787225550.3904004,37.59,0.7132,37.45,0.7509,True,37.6,36.5,38.6,0.95,0.005,0.0,0.7,0.03,2,1787225560.4455132,1786959809.4051678,0,-10,-10,-10,-10,0,0,1,0,False
1786959803.3053916,20,1787225570.4906414,37.59,0.7133,37.44,0.7511,True,37.6,36.5,38.6,0.95,0.005,0.0,0.7,0.03,2,1787225580.535626,1786959809.4051678,0,-10,-10,-10,-10,0,0,1,0,False
1786959803.3053916,20,1787225590.5820808,37.6,0.7132,37.45,0.7513,True,37.6,36.5,38.6,0.95,0.005,0.0,0.7,0.03,2,1787225590.5908751,1786959809.4051678,0,-10,-10,-10,-10,0,0,0,0,False
1786959803.3053916,20,1787225610.69416,37.61,0.7131000000000001,37.44,0.7506999999999999,True,37.6,36.5,38.6,0.95,0.005,0.0,0.7,0.03,2,1787225622.7844925,1786959809.4051678,0,-10,-10,-10,-10,0,0,0,0,False
1786959803.3053916,20,1787225632.8246229,37.64,0.7126,37.46,0.7505,True,37.6,36.5,38.6,0.95,0.005,0.0,0.7,0.03,2,1787225642.8896167,1786959809.4051678,0,-10,-10,-10,-10,0,0,0,0,False
1786959803.3053916,20,1787225652.9325638,37.61,0.7123,37.45,0.7503000000000001,True,37.6,36.5,38.6,0.95,0.005,0.0,0.7,0.03,2,1787225662.9782841,1786959809.4051678,0,-10,-10,-10,-10,0,0,0,0,False
1786959803.3053916,20,1787225673.0246212,37.61,0.7119,37.47,0.7497,True,37.6,36.5,38.6,0.95,0.005,0.0,0.7,0.03,2,1787225683.0818088,1786959809.4051678,0,-10,-10,-10,-10,0,0,0,0,False
1786959803.3053916,20,1787225693.1099539,37.61,0.7118000000000001,37.45,0.7493000000000001,True,37.6,36.5,38.6,0.95,0.005,0.0,0.7,0.03,2,1787225703.1746106,1786959809.4051678,0,-10,-10,-10,-10,0,0,0,0,False
1786959803.3053916,20,1787225713.2248669,37.58,0.7114,37.46,0.7491,True,37.6,36.5,38.6,0.95,0.005,0.0,0.7,0.03,2,1787225723.289792,1786959809.4051678,0,-10,-10,-10,-10,0,0,1,0,False
1786959803.3053916,20,1787225733.3225389,37.55,0.7115,37.43,0.7489,True,37.6,36.5,38.6,0.95,0.005,0.0,0.7,0.03,2,1787225745.4429328,1786959809.4051678,0,-10,-10,-10,-10,0,0,1,0,False
1786959803.3053916,20,1787225755.4853144,37.54,0.7120000000000001,37.43,0.7497,True,37.6,36.5,38.6,0.95,0.005,0.0,0.7,0.03,2,1787225765.5489352,1786959809.4051678,0,-10,-10,-10,-10,0,0,1,0,False
1786959803.3053916,20,1787225775.5927966,37.54,0.7127,37.43,0.7499,True,37.6,36.5,38.6,0.95,0.005,0.0,0.7,0.03,2,1787225785.6347415,1786959809.4051678,0,-10,-10,-10,-10,0,0,1,0,False
1786959803.3053916,20,1787225795.6757045,37.53,0.7131000000000001,37.44,0.7503000000000001,True,37.6,36.5,38.6,0.95,0.005,0.0,0.7,0.03,2,1787225805.7240043,1786959809.4051678,0,-10,-10,-10,-10,0,0,1,0,False
1786959803.3053916,20,1787225815.7493017,37.55,0.7134,37.44,0.7506,True,37.6,36.5,38.6,0.95,0.005,0.0,0.7,0.03,2,1787225825.814324,1786959809.4051678,0,-10,-10,-10,-10,0,0,1,0,False
1786959803.3053916,20,1787225835.8496394,37.56,0.7138,37.45,0.7508,True,37.6,36.5,38.6,0.95,0.005,0.0,0.7,0.03,2,1787225845.904449,1786959809.4051678,0,-10,-10,-10,-10,0,0,1,0,False
1786959803.3053916,20,1787225855.9413686,37.57,0.7138,37.39,0.751,True,37.6,36.5,38.6,0.95,0.005,0.0,0.7,0.03,2,1787225867.8586063,1786959809.4051678,0,-10,-10,-10,-10,0,0,1,0,False
1786959803.3053916,20,1787225877.9176235,37.59,0.7139,37.44,0.7512000000000001,True,37.6,36.5,38.6,0.95,0.005,0.0,0.7,0.03,2,1787225887.9956472,1786959809.4051678,0,-10,-10,-10,-10,0,0,1,0,False
1786959803.3053916,20,1787225898.0371416,37.57,0.7139,37.45,0.7515000000000001,True,37.6,36.5,38.6,0.95,0.005,0.0,0.7,0.03,2,1787225908.0829666,1786959809.4051678,0,-10,-10,-10,-10,0,0,1,0,False
1786959803.3053916,20,1787225918.132267,37.61,0.7141,37.49,0.7517,True,37.6,36.5,38.6,0.95,0.005,0.0,0.7,0.03,2,1787225928.1967893,1786959809.4051678,0,-10,-10,-10,-10,0,0,0,0,False
1786959803.3053916,20,1787225938.2571971,37.6,0.7139,37.47,0.7515999999999999,True,37.6,36.5,38.6,0.95,0.005,0.0,0.7,0.03,2,1787225938.2665114,1786959809.4051678,0,-10,-10,-10,-10,0,0,1,0,False
1786959803.3053916,20,1787225958.3548293,37.59,0.7134999999999999,37.47,0.7515999999999999,True,37.6,36.5,38.6,0.95,0.005,0.0,0.7,0.03,2,1787225968.3968132,1786959809.4051678,0,-10,-10,-10,-10,0,0,1,0,False
1786959803.3053916,20,1787225978.4495187,37.64,0.7134999999999999,37.46,0.7513,True,37.6,36.5,38.6,0.95,0.005,0.0,0.7,0.03,2,1787225990.5229099,1786959809.4051678,0,-10,-10,-10,-10,0,0,0,0,False
1786959803.3053916,20,1787226000.5534234,37.6,0.713,37.48,0.7508,True,37.6,36.5,38.6,0.95,0.005,0.0,0.7,0.03,2,1787226000.5628762,1786959809.4051678,0,-10,-10,-10,-10,0,0,0,0,False
1786959803.3053916,20,1787226020.672693,37.62,0.7123999999999999,37.44,0.7506,True,37.6,36.5,38.6,0.95,0.005,0.0,0.7,0.03,2,1787226030.722882,1786959809.4051678,0,-10,-10,-10,-10,0,0,0,0,False
1786959803.3053916,20,1787226040.7626286,37.63,0.7122,37.49,0.75,True,37.6,36.5,38.6,0.95,0.005,0.0,0.7,0.03,2,1787226050.7974362,1786959809.4051678,0,-10,-10,-10,-10,0,0,0,0,False
1786959803.3053916,20,1787226060.8342721,37.62,0.7117,37.47,0.7494,True,37.6,36.5,38.6,0.95,0.005,0.0,0.7,0.03,2,1787226070.8807104,1786959809.4051678,0,-10,-10,-10,-10,0,0,0,0,False
1786959803.3053916,20,1787226080.9180875,37.59,0.7112,37.48,0.7492000000000001,True,37.6,36.5,38.6,0.95,0.005,0.0,0.7,0.03,2,1787226090.9708111,1786959809.4051678,0,-10,-10,-10,-10,0,0,1,0,False
1786959803.3053916,20,1787226101.0051441,37.61,0.7115,37.46,0.7490000000000001,True,37.6,36.5,38.6,0.95,0.005,0.0,0.7,0.03,2,1787226113.0671146,1786959809.4051678,0,-10,-10,-10,-10,0,0,0,0,False
1786959803.3053916,20,1787226123.1126344,37.59,0.7119,37.45,0.7491,True,37.6,36.5,38.6,0.95,0.005,0.0,0.7,0.03,2,1787226133.1666846,1786959809.4051678,0,-10,-10,-10,-10,0,0,1,0,False
1786959803.3053916,20,1787226143.2049124,37.57,0.7120000000000001,37.45,0.7493000000000001,True,37.6,36.5,38.6,0.95,0.005,0.0,0.7,0.03,2,1787226153.2497947,1786959809.4051678,0,-10,-10,-10,-10,0,0,1,0,False
1786959803.3053916,20,1787226163.2953956,37.55,0.7123999999999999,37.49,0.7498,True,37.6,36.5,38.6,0.95,0.005,0.0,0.7,0.03,2,1787226173.3606503,1786959809.4051678,0,-10,-10,-10,-10,0,0,1,0,False
1786959803.3053916,20,1787226183.403248,37.53,0.713,37.46,0.7501000000000001,True,37.6,36.5,38.6,0.95,0.005,0.0,0.7,0.03,2,1787226193.447838,1786959809.4051678,0,-10,-10,-10,-10,0,0,1,0,False
1786959803.3053916,20,1787226203.4882472,37.57,0.7136,37.45,0.7505,True,37.6,36.5,38.6,0.95,0.005,0.0,0.7,0.03,2,1787226213.551847,1786959809.4051678,0,-10,-10,-10,-10,0,0,1,0,False
1786959803.3053916,20,1787226223.5978081,37.56,0.7136,37.48,0.7509,True,37.6,36.5,38.6,0.95,0.005,0.0,0.7,0.03,2,1787226235.6508715,1786959809.4051678,0,-10,-10,-10,-10,0,0,1,0,False
1786959803.3053916,20,1787226245.6848161,37.57,0.7138,37.46,0.7512000000000001,True,37.6,36.5,38.6,0.95,0.005,0.0,0.7,0.03,2,1787226255.741481,1786959809.4051678,0,-10,-10,-10,-10,0,0,1,0,False
1786959803.3053916,20,1787226265.7813382,37.54,0.7139,37.48,0.7515000000000001,True,37.6,36.5,38.6,0.95,0.005,0.0,0.7,0.03,2,1787226275.8332393,1786959809.4051678,0,-10,-10,-10,-10,0,0,1,0,False
1786959803.3053916,20,1787226285.884627,37.58,0.7139,37.48,0.7514000000000001,True,37.6,36.5,38.6,0.95,0.005,0.0,0.7,0.03,2,1787226295.932777,1786959809.4051678,0,-10,-10,-10,-10,0,0,1,0,False
1786959803.3053916,20,1787226305.9658084,37.59,0.7142000000000001,37.48,0.7515999999999999,True,37.6,36.5,38.6,0.95,0.005,0.0,0.7,0.03,2,1787226316.0099003,1786959809.4051678,0,-10,-10,-10,-10,0,0,1,0,False
1786959803.3053916,20,1787226326.0526633,37.59,0.7138,37.47,0.7515000000000001,True,37.6,36.5,38.6,0.95,0.005,0.0,0.7,0.03,2,1787226336.1125088,1786959809.4051678,0,-10,-10,-10,-10,0,0,1,0,False
1786959803.3053916,20,1787226346.165015,37.62,0.7141,37.47,0.7517,True,37.6,36.5,38.6,0.95,0.005,0.0,0.7,0.03,2,1787226358.2795544,1786959809.4051678,0,-10,-10,-10,-10,0,0,0,0,False
1786959803.3053916,20,1787226368.3116875,37.6,0.7137000000000001,37.5,0.7514000000000001,True,37.6,36.5,38.6,0.95,0.005,0.0,0.7,0.03,2,1787226368.320501,1786959809.4051678,0,-10,-10,-10,-10,0,0,1,0,False
1786959803.3053916,20,1787226388.3853111,37.64,0.7137000000000001,37.48,0.7514000000000001,True,37.6,36.5,38.6,0.95,0.005,0.0,0.7,0.03,2,1787226398.431655,1786959809.4051678,0,-10,-10,-10,-10,0,0,0,0,False
1786959803.3053916,20,1787226408.4683363,37.66,0.7131000000000001,37.47,0.7509,True,37.6,36.5,38.6,0.95,0.005,0.0,0.7,0.03,2,1787226418.528504,1786959809.4051678,0,-10,-10,-10,-10,0,0,0,0,False
1786959803.3053916,20,1787226428.5659463,37.64,0.7128,37.5,0.7506,True,37.6,36.5,38.6,0.95,0.005,0.0,0.7,0.03,2,1787226438.6067045,1786959809.4051678,0,-10,-10,-10,-10,0,0,0,0,False
1786959803.3053916,20,1787226448.6484792,37.66,0.7123,37.5,0.75,True,37.6,36.5,38.6,0.95,0.005,0.0,0.7,0.03,2,1787226458.7208645,1786959809.4051678,0,-10,-10,-10,-10,0,0,0,0,False
1786959803.3053916,20,1787226468.7632253,37.64,0.7119,37.48,0.7495999999999999,True,37.6,36.5,38.6,0.95,0.005,0.0,0.7,0.03,2,1787226480.7566028,1786959809.4051678,0,-10,-10,-10,-10,0,0,0,0,False
1786959803.3053916,20,1787226490.8045802,37.62,0.7117,37.49,0.7491,True,37.6,36.5,38.6,0.95,0.005,0.0,0.7,0.03,2,1787226500.8526187,1786959809.4051678,0,-10,-10,-10,-10,0,0,0,0,False
1786959803.3053916,20,1787226510.8894236,37.59,0.7112999999999999,37.47,0.7489,True,37.6,36.5,38.6,0.95,0.005,0.0,0.7,0.03,2,1787226520.932934,1786959809.4051678,0,-10,-10,-10,-10,0,0,1,0,False
1786959803.3053916,20,1787226530.9846492,37.6,0.7121,37.49,0.7492000000000001,True,37.6,36.5,38.6,0.95,0.005,0.0,0.7,0.03,2,1787226530.9936101,1786959809.4051678,0,-10,-10,-10,-10,0,0,1,0,False
1786959803.3053916,20,1787226551.0938866,37.59,0.7123999999999999,37.43,0.7495,True,37.6,36.5,38.6,0.95,0.005,0.0,0.7,0.03,2,1787226561.1408558,1786959809.4051678,0,-10,-10,-10,-10,0,0,1,0,False
1786959803.3053916,20,1787226571.1692157,37.59,0.7131000000000001,37.47,0.7502,True,37.6,36.5,38.6,0.95,0.005,0.0,0.7,0.03,2,1787226581.22666,1786959809.4051678,0,-10,-10,-10,-10,0,0,1,0,False
1786959803.3053916,20,1787226591.259664,37.6,0.7132,37.47,0.7505,True,37.6,36.5,38.6,0.95,0.005,0.0,0.7,0.03,2,1787226593.1781309,1786959809.4051678,0,-10,-10,-10,-10,0,0,1,0,False
1786959803.3053916,20,1787226613.274914,37.6,0.7137000000000001,37.45,0.7505,True,37.6,36.5,38.6,0.95,0.005,0.0,0.7,0.03,2,1787226613.2836878,1786959809.4051678,0,-10,-10,-10,-10,0,0,1,0,False
1786959803.3053916,20,1787226633.3657806,37.59,0.7137000000000001,37.47,0.751,True,37.6,36.5,38.6,0.95,0.005,0.0,0.7,0.03,2,1787226643.4098155,1786959809.4051678,0,-10,-10,-10,-10,0,0,1,0,False
1786959803.3053916,20,1787226653.4459882,37.61,0.7140000000000001,37.48,0.7515000000000001,True,37.6,36.5,38.6,0.95,0.005,0.0,0.7,0.03,2,1787226663.4967816,1786959809.4051678,0,-10,-10,-10,-10,0,0,0,0,False
1786959803.3053916,20,1787226673.552089,37.6,0.7140000000000001,37.48,0.7511,True,37.6,36.5,38.6,0.95,0.005,0.0,0.7,0.03,2,1787226673.561551,1786959809.4051678,0,-10,-10,-10,-10,0,0,1,0,False
1786959803.3053916,20,1787226693.6558335,37.62,0.7139,37.49,0.7511,True,37.6,36.5,38.6,0.95,0.005,0.0,0.7,0.03,2,1787226703.7235572,1786959809.4051678,0,-10,-10,-10,-10,0,0,0,0,False
1786959803.3053916,20,1787226713.7698634,37.62,0.7138,37.48,0.7513,True,37.6,36.5,38.6,0.95,0.005,0.0,0.7,0.03,2,1787226725.839725,1786959809.4051678,0,-10,-10,-10,-10,0,0,0,0,False
1786959803.3053916,20,1787226735.8845437,37.62,0.7136,37.49,0.7508,True,37.6,36.5,38.6,0.95,0.005,0.0,0.7,0.03,2,1787226745.945237,1786959809.4051678,0,-10,-10,-10,-10,0,0,0,0,False
1786959803.3053916,20,1787226755.970061,37.66,0.7132,37.49,0.7501000000000001,True,37.6,36.5,38.6,0.95,0.005,0.0,0.7,0.03,2,1787226766.0354252,1786959809.4051678,0,-10,-10,-10,-10,0,0,0,0,False
1786959803.3053916,20,1787226776.0813906,37.6,0.7128,37.49,0.7503000000000001,True,37.6,36.5,38.6,0.95,0.005,0.0,0.7,0.03,2,1787226776.0911574,1786959809.4051678,0,-10,-10,-10,-10,0,0,0,0,False
1786959803.3053916,20,1787226796.1849306,37.64,0.7126,37.47,0.75,True,37.6,36.5,38.6,0.95,0.005,0.0,0.7,0.03,2,1787226806.2374222,1786959809.4051678,0,-10,-10,-10,-10,0,0,0,0,False
1786959803.3053916,20,1787226816.2907083,37.59,0.7123,37.5,0.7495,True,37.6,36.5,38.6,0.95,0.005,0.0,0.7,0.03,2,1787226826.3355477,1786959809.4051678,0,-10,-10,-10,-10,0,0,1,0,False
1786959803.3053916,20,1787226836.371456,37.59,0.7121,37.49,0.7493000000000001,True,37.6,36.5,38.6,0.95,0.005,0.0,0.7,0.03,2,1787226848.399624,1786959809.4051678,0,-10,-10,-10,-10,0,0,1,0,False
1786959803.3053916,20,1787226858.4483,37.59,0.7126,37.5,0.75,True,37.6,36.5,38.6,0.95,0.005,0.0,0.7,0.03,2,1787226868.5074677,1786959809.4051678,0,-10,-10,-10,-10,0,0,1,0,False
1786959803.3053916,20,1787226878.5534997,37.58,0.7127,37.47,0.7499,True,37.6,36.5,38.6,0.95,0.005,0.0,0.7,0.03,2,1787226888.62119,1786959809.4051678,0,-10,-10,-10,-10,0,0,1,0,False
1786959803.3053916,20,1787226898.6805153,37.59,0.713,37.49,0.7503000000000001,True,37.6,36.5,38.6,0.95,0.005,0.0,0.7,0.03,2,1787226908.74083,1786959809.4051678,0,-10,-10,-10,-10,0,0,1,0,False
1786959803.3053916,20,1787226918.784064,37.58,0.7134,37.49,0.7506,True,37.6,36.5,38.6,0.95,0.005,0.0,0.7,0.03,2,1787226928.8464622,1786959809.4051678,0,-10,-10,-10,-10,0,0,1,0,False
1786959803.3053916,20,1787226938.8825178,37.61,0.7137000000000001,37.45,0.7508,True,37.6,36.5,38.6,0.95,0.005,0.0,0.7,0.03,2,1787226948.935244,1786959809.4051678,0,-10,-10,-10,-10,0,0,0,0,False
1786959803.3053916,20,1787226958.9694295,37.59,0.7134,37.49,0.7508,True,37.6,36.5,38.6,0.95,0.005,0.0,0.7,0.03,2,1787226971.1285276,1786959809.4051678,0,-10,-10,-10,-10,0,0,1,0,False
1786959803.3053916,20,1787226981.1721663,37.58,0.7133,37.46,0.7505,True,37.6,36.5,38.6,0.95,0.005,0.0,0.7,0.03,2,1787226991.2315981,1786959809.4051678,0,-10,-10,-10,-10,0,0,1,0,False
1786959803.3053916,20,1787227001.276167,37.58,0.7139,37.49,0.7508,True,37.6,36.5,38.6,0.95,0.005,0.0,0.7,0.03,2,1787227011.3265865,1786959809.4051678,0,-10,-10,-10,-10,0,0,1,0,False
1786959803.3053916,20,1787227021.3757198,37.6,0.7134,37.47,0.7506999999999999,True,37.6,36.5,38.6,0.95,0.005,0.0,0.7,0.03,2,1787227021.3847454,1786959809.4051678,0,-10,-10,-10,-10,0,0,0,0,False
1786959803.3053916,20,1787227041.5052145,37.62,0.7134,37.49,0.7505,True,37.6,36.5,38.6,0.95,0.005,0.0,0.7,0.03,2,1787227051.5534995,1786959809.4051678,0,-10,-10,-10,-10,0,0,0,0,False
1786959803.3053916,20,1787227061.5863266,37.6,0.7127,37.47,0.7499,True,37.6,36.5,38.6,0.95,0.005,0.0,0.7,0.03,2,1787227051.5534995,1786959809.4051678,0,-10,-10,-10,-10,0,0,0,0,False
1786959803.3053916,20,1787227081.6826248,37.58,0.7123999999999999,37.49,0.7495,True,37.6,36.5,38.6,0.95,0.005,0.0,0.7,0.03,2,1787227093.673803,1786959809.4051678,0,-10,-10,-10,-10,0,0,1,0,False
1786959803.3053916,20,1787227103.7056563,37.61,0.7125,37.49,0.7497,True,37.6,36.5,38.6,0.95,0.005,0.0,0.7,0.03,2,1787227113.7608724,1786959809.4051678,0,-10,-10,-10,-10,0,0,0,0,False
1786959803.3053916,20,1787227123.7997062,37.59,0.7126,37.45,0.7493000000000001,True,37.6,36.5,38.6,0.95,0.005,0.0,0.7,0.03,2,1787227133.843752,1786959809.4051678,0,-10,-10,-10,-10,0,0,1,0,False
1786959803.3053916,20,1787227143.8833427,37.56,0.7127,37.48,0.7499,True,37.6,36.5,38.6,0.95,0.005,0.0,0.7,0.03,2,1787227153.9454513,1786959809.4051678,0,-10,-10,-10,-10,0,0,1,0,False
1786959803.3053916,20,1787227163.9983373,37.55,0.7131000000000001,37.48,0.7501000000000001,True,37.6,36.5,38.6,0.95,0.005,0.0,0.7,0.03,2,1787227174.0502427,1786959809.4051678,0,-10,-10,-10,-10,0,0,1,0,False
1786959803.3053916,20,1787227184.085496,37.58,0.7137000000000001,37.49,0.7506999999999999,True,37.6,36.5,38.6,0.95,0.005,0.0,0.7,0.03,2,1787227194.1489532,1786959809.4051678,0,-10,-10,-10,-10,0,0,1,0,False
1786959803.3053916,20,1787227204.1807976,37.59,0.7138,37.47,0.7509,True,37.6,36.5,38.6,0.95,0.005,0.0,0.7,0.03,2,1787227216.6946878,1786959809.4051678,0,-10,-10,-10,-10,0,0,1,0,False
1786959803.3053916,20,1787227226.735667,37.62,0.7138,37.46,0.7505,True,37.6,36.5,38.6,0.95,0.005,0.0,0.7,0.03,2,1787227236.782647,1786959809.4051678,0,-10,-10,-10,-10,0,0,0,0,False
1786959803.3053916,20,1787227246.8325734,37.59,0.7131000000000001,37.47,0.7505,True,37.6,36.5,38.6,0.95,0.005,0.0,0.7,0.03,2,1787227256.8810434,1786959809.4051678,0,-10,-10,-10,-10,0,0,1,0,False
1786959803.3053916,20,1787227266.9251695,37.66,0.7123999999999999,37.49,0.7508,True,37.6,36.5,38.6,0.95,0.005,0.0,0.7,0.03,2,1787227276.9778545,1786959809.4051678,0,-10,-10,-10,-10,0,0,0,0,False
1786959803.3053916,20,1787227287.021614,37.73,0.7108,37.48,0.7502,True,37.6,36.5,38.6,0.95,0.005,0.0,0.7,0.03,2,1787227297.0678718,1786959809.4051678,0,-10,-10,-10,-10,0,0,0,0,False
1786959803.3053916,20,1787227307.1075184,37.75,0.7093,37.5,0.7493000000000001,True,37.6,36.5,38.6,0.95,0.005,0.0,0.7,0.03,2,1787227317.1636622,1786959809.4051678,0,-10,-10,-10,-10,0,0,0,0,False
1786959803.3053916,20,1787227327.2068045,37.72,0.7083,37.5,0.7492000000000001,True,37.6,36.5,38.6,0.95,0.005,0.0,0.7,0.03,2,1787227339.1837668,1786959809.4051678,0,-10,-10,-10,-10,0,0,0,0,False
1786959803.3053916,20,1787227349.221337,37.76,0.7075,37.49,0.7486,True,37.6,36.5,38.6,0.95,0.005,0.0,0.7,0.03,2,1787227359.2798502,1786959809.4051678,0,-10,-10,-10,-10,0,0,0,0,False
1786959803.3053916,20,1787227369.3212254,37.75,0.7069,37.48,0.7482,True,37.6,36.5,38.6,0.95,0.005,0.0,0.7,0.03,2,1787227379.3875632,1786959809.4051678,0,-10,-10,-10,-10,0,0,0,0,False
1786959803.3053916,20,1787227389.4288497,37.76,0.7062999999999999,37.46,0.7476,True,37.6,36.5,38.6,0.95,0.005,0.0,0.7,0.03,2,1787227399.4845102,1786959809.4051678,0,-10,-10,-10,-10,0,0,0,0,False
1786959803.3053916,20,1787227409.5096605,37.75,0.7061000000000001,37.47,0.7474,True,37.6,36.5,38.6,0.95,0.005,0.0,0.7,0.03,2,1787227419.572767,1786959809.4051678,0,-10,-10,-10,-10,0,0,0,0,False
1786959803.3053916,20,1787227429.6179802,37.72,0.7062,37.47,0.7472,True,37.6,36.5,38.6,0.95,0.005,0.0,0.7,0.03,2,1787227439.6788979,1786959809.4051678,0,-10,-10,-10,-10,0,0,0,0,False
1786959803.3053916,20,1787227449.7216535,37.71,0.7061000000000001,37.49,0.747,True,37.6,36.5,38.6,0.95,0.005,0.0,0.7,0.03,2,1787227461.8266017,1786959809.4051678,0,-10,-10,-10,-10,0,0,0,0,False
1786959803.3053916,20,1787227471.8664124,37.72,0.7059000000000001,37.44,0.7467,True,37.6,36.5,38.6,0.95,0.005,0.0,0.7,0.03,2,1787227481.9105892,1786959809.4051678,0,-10,-10,-10,-10,0,0,0,0,False
1786959803.3053916,20,1787227491.9540167,37.7,0.7062,37.43,0.7465,True,37.6,36.5,38.6,0.95,0.005,0.0,0.7,0.03,2,1787227502.0227005,1786959809.4051678,0,-10,-10,-10,-10,0,0,0,0,False
1786959803.3053916,20,1787227512.0780745,37.62,0.7062,37.42,0.7464000000000001,True,37.6,36.5,38.6,0.95,0.005,0.0,0.7,0.03,2,1787227522.1377094,1786959809.4051678,0,-10,-10,-10,-10,0,0,0,0,False
1786959803.3053916,20,1787227532.168637,37.65,0.7066,37.46,0.7464000000000001,True,37.6,36.5,38.6,0.95,0.005,0.0,0.7,0.03,2,1787227542.2137687,1786959809.4051678,0,-10,-10,-10,-10,0,0,0,0,False
1786959803.3053916,20,1787227552.2643392,37.59,0.7062999999999999,37.39,0.7459,True,37.6,36.5,38.6,0.95,0.005,0.0,0.7,0.03,2,1787227562.3206382,1786959809.4051678,0,-10,-10,-10,-10,0,0,1,0,False
1786959803.3053916,20,1787227572.371473,37.57,0.7071,37.42,0.7463,True,37.6,36.5,38.6,0.95,0.005,0.0,0.7,0.03,2,1787227584.5040133,1786959809.4051678,0,-10,-10,-10,-10,0,0,1,0,False
1786959803.3053916,20,1787227594.5601027,37.58,0.7076000000000001,37.41,0.7468000000000001,True,37.6,36.5,38.6,0.95,0.005,0.0,0.7,0.03,2,1787227604.6052296,1786959809.4051678,0,-10,-10,-10,-10,0,0,1,0,False
1786959803.3053916,20,1787227614.6463025,37.59,0.7084,37.38,0.7471,True,37.6,36.5,38.6,0.95,0.005,0.0,0.7,0.03,2,1787227624.6947565,1786959809.4051678,0,-10,-10,-10,-10,0,0,1,0,False
1786959803.3053916,20,1787227634.7344115,37.6,0.7081999999999999,37.39,0.7478,True,37.6,36.5,38.6,0.95,0.005,0.0,0.7,0.03,2,1787227624.6947565,1786959809.4051678,0,-10,-10,-10,-10,0,0,1,0,False
1786959803.3053916,20,1787227654.8432364,37.62,0.7083,37.34,0.748,True,37.6,36.5,38.6,0.95,0.005,0.0,0.7,0.03,2,1787227664.9039173,1786959809.4051678,0,-10,-10,-10,-10,0,0,0,0,False
1786959803.3053916,20,1787227674.9622037,37.71,0.7076000000000001,37.39,0.7481,True,37.6,36.5,38.6,0.95,0.005,0.0,0.7,0.03,2,1787227685.0065045,1786959809.4051678,0,-10,-10,-10,-10,0,0,0,0,False
1786959803.3053916,20,1787227695.051195,37.67,0.7061000000000001,37.38,0.7476,True,37.6,36.5,38.6,0.95,0.005,0.0,0.7,0.03,2,1787227707.0955822,1786959809.4051678,0,-10,-10,-10,-10,0,0,0,0,False
1786959803.3053916,20,1787227717.1451902,37.67,0.7051999999999999,37.38,0.7474,True,37.6,36.5,38.6,0.95,0.005,0.0,0.7,0.03,2,1787227727.1843874,1786959809.4051678,0,-10,-10,-10,-10,0,0,0,0,False
1786959803.3053916,20,1787227737.2363486,37.66,0.7051000000000001,37.4,0.7468000000000001,True,37.6,36.5,38.6,0.95,0.005,0.0,0.7,0.03,2,1787227747.2917736,1786959809.4051678,0,-10,-10,-10,-10,0,0,0,0,False
1786959803.3053916,20,1787227757.3448381,37.68,0.705,37.39,0.7465,True,37.6,36.5,38.6,0.95,0.005,0.0,0.7,0.03,2,1787227767.4119074,1786959809.4051678,0,-10,-10,-10,-10,0,0,0,0,False
1786959803.3053916,20,1787227777.438873,37.62,0.7049,37.37,0.7464000000000001,True,37.6,36.5,38.6,0.95,0.005,0.0,0.7,0.03,2,1787227787.4998245,1786959809.4051678,0,-10,-10,-10,-10,0,0,0,0,False
1786959803.3053916,20,1787227797.5329218,37.62,0.7046,37.33,0.7459,True,37.6,36.5,38.6,0.95,0.005,0.0,0.7,0.03,2,1787227807.5911055,1786959809.4051678,0,-10,-10,-10,-10,0,0,0,0,False
1786959803.3053916,20,1787227817.6229966,37.65,0.7051000000000001,37.38,0.7456999999999999,True,37.6,36.5,38.6,0.95,0.005,0.0,0.7,0.03,2,1787227829.676152,1786959809.4051678,0,-10,-10,-10,-10,0,0,0,0,False
1786959803.3053916,20,1787227839.7151513,37.58,0.7051999999999999,37.35,0.7454999999999999,True,37.6,36.5,38.6,0.95,0.005,0.0,0.7,0.03,2,1787227849.7539282,1786959809.4051678,0,-10,-10,-10,-10,0,0,1,0,False
1786959803.3053916,20,1787227859.8049295,37.57,0.7062,37.33,0.7461,True,37.6,36.5,38.6,0.95,0.005,0.0,0.7,0.03,2,1787227869.8691833,1786959809.4051678,0,-10,-10,-10,-10,0,0,1,0,False
1786959803.3053916,20,1787227879.9039779,37.56,0.7069,37.33,0.7469,True,37.6,36.5,38.6,0.95,0.005,0.0,0.7,0.03,2,1787227889.966813,1786959809.4051678,0,-10,-10,-10,-10,0,0,1,0,False
1786959803.3053916,20,1787227900.0176554,37.61,0.7068000000000001,37.34,0.7472,True,37.6,36.5,38.6,0.95,0.005,0.0,0.7,0.03,2,1787227910.0788956,1786959809.4051678,0,-10,-10,-10,-10,0,0,0,0,False
1786959803.3053916,20,1787227920.1153147,37.58,0.7064,37.37,0.7477,True,37.6,36.5,38.6,0.95,0.005,0.0,0.7,0.03,2,1787227930.1535344,1786959809.4051678,0,-10,-10,-10,-10,0,0,1,0,False
1786959803.3053916,20,1787227940.1997018,37.59,0.7058,37.37,0.7478,True,37.6,36.5,38.6,0.95,0.005,0.0,0.7,0.03,2,1787227952.2225828,1786959809.4051678,0,-10,-10,-10,-10,0,0,1,0,False
1786959803.3053916,20,1787227962.2591388,37.66,0.7056,37.36,0.7477,True,37.6,36.5,38.6,0.95,0.005,0.0,0.7,0.03,2,1787227972.3105726,1786959809.4051678,0,-10,-10,-10,-10,0,0,0,0,False
1786959803.3053916,20,1787227982.3496947,37.66,0.7051000000000001,37.37,0.7473000000000001,True,37.6,36.5,38.6,0.95,0.005,0.0,0.7,0.03,2,1787227992.4025893,1786959809.4051678,0,-10,-10,-10,-10,0,0,0,0,False
1786959803.3053916,20,1787228002.4428968,37.66,0.7043,37.33,0.7467,True,37.6,36.5,38.6,0.95,0.005,0.0,0.7,0.03,2,1787228012.486784,1786959809.4051678,0,-10,-10,-10,-10,0,0,0,0,False
1786959803.3053916,20,1787228022.519657,37.64,0.7038,37.33,0.7467,True,37.6,36.5,38.6,0.95,0.005,0.0,0.7,0.03,2,1787228032.57955,1786959809.4051678,0,-10,-10,-10,-10,0,0,0,0,False
1786959803.3053916,20,1787228042.6178885,37.57,0.7037000000000001,37.37,0.7464000000000001,True,37.6,36.5,38.6,0.95,0.005,0.0,0.7,0.03,2,1787228052.6819394,1786959809.4051678,0,-10,-10,-10,-10,0,0,1,0,False
1786959803.3053916,20,1787228062.7378402,37.59,0.7041,37.32,0.7462000000000001,True,37.6,36.5,38.6,0.95,0.005,0.0,0.7,0.03,2,1787228074.8100746,1786959809.4051678,0,-10,-10,-10,-10,0,0,1,0,False
1786959803.3053916,20,1787228084.8610008,37.59,0.7044,37.31,0.7464000000000001,True,37.6,36.5,38.6,0.95,0.005,0.0,0.7,0.03,2,1787228094.9058063,1786959809.4051678,0,-10,-10,-10,-10,0,0,1,0,False
1786959803.3053916,20,1787228104.9341726,37.64,0.7048000000000001,37.31,0.7465999999999999,True,37.6,36.5,38.6,0.95,0.005,0.0,0.7,0.03,2,1787228114.9809885,1786959809.4051678,0,-10,-10,-10,-10,0,0,0,0,False
1786959803.3053916,20,1787228125.0324235,37.59,0.7042,37.32,0.7463,True,37.6,36.5,38.6,0.95,0.005,0.0,0.7,0.03,2,1787228135.0957355,1786959809.4051678,0,-10,-10,-10,-10,0,0,1,0,False
1786959803.3053916,20,1787228145.1483045,37.6,0.7048000000000001,37.28,0.7464000000000001,True,37.6,36.5,38.6,0.95,0.005,0.0,0.7,0.03,2,1787228145.1576018,1786959809.4051678,0,-10,-10,-10,-10,0,0,1,0,False
1786959803.3053916,20,1787228165.2451975,37.59,0.7049,37.29,0.7467,True,37.6,36.5,38.6,0.95,0.005,0.0,0.7,0.03,2,1787228175.3027754,1786959809.4051678,0,-10,-10,-10,-10,0,0,1,0,False
1786959803.3053916,20,1787228185.3316088,37.58,0.7051000000000001,37.29,0.7472,True,37.6,36.5,38.6,0.95,0.005,0.0,0.7,0.03,2,1787228197.4709783,1786959809.4051678,0,-10,-10,-10,-10,0,0,1,0,False
1786959803.3053916,20,1787228207.522236,37.61,0.705,37.31,0.7475,True,37.6,36.5,38.6,0.95,0.005,0.0,0.7,0.03,2,1787228217.5648596,1786959809.4051678,0,-10,-10,-10,-10,0,0,0,0,False
1786959803.3053916,20,1787228227.6082187,37.62,0.7036,37.28,0.7472,True,37.6,36.5,38.6,0.95,0.005,0.0,0.7,0.03,2,1787228237.6647387,1786959809.4051678,0,-10,-10,-10,-10,0,0,0,0,False
1786959803.3053916,20,1787228247.699799,37.62,0.7031999999999999,37.29,0.7464000000000001,True,37.6,36.5,38.6,0.95,0.005,0.0,0.7,0.03,2,1787228257.7423167,1786959809.4051678,0,-10,-10,-10,-10,0,0,0,0,False
1786959803.3053916,20,1787228267.7736015,37.61,0.7025,37.27,0.7461,True,37.6,36.5,38.6,0.95,0.005,0.0,0.7,0.03,2,1787228277.8248038,1786959809.4051678,0,-10,-10,-10,-10,0,0,0,0,False
1786959803.3053916,20,1787228287.8556056,37.59,0.7027,37.26,0.7461,True,37.6,36.5,38.6,0.95,0.005,0.0,0.7,0.03,2,1787228297.915897,1786959809.4051678,0,-10,-10,-10,-10,0,0,1,0,False
1786959803.3053916,20,1787228307.9634562,37.6,0.7033,37.29,0.7462000000000001,True,37.6,36.5,38.6,0.95,0.005,0.0,0.7,0.03,2,1787228297.915897,1786959809.4051678,0,-10,-10,-10,-10,0,0,1,0,False
1786959803.3053916,20,1787228330.0403585,37.6,0.7039,37.27,0.7465,True,37.6,36.5,38.6,0.95,0.005,0.0,0.7,0.03,2,1787228330.0504057,1786959809.4051678,0,-10,-10,-10,-10,0,0,0,0,False
1786959803.3053916,20,1787228350.1180677,37.59,0.7036,37.31,0.7463,True,37.6,36.5,38.6,0.95,0.005,0.0,0.7,0.03,2,1787228360.171076,1786959809.4051678,0,-10,-10,-10,-10,0,0,1,0,False
1786959803.3053916,20,1787228370.2178953,37.64,0.7041,37.29,0.7467,True,37.6,36.5,38.6,0.95,0.005,0.0,0.7,0.03,2,1787228380.2781105,1786959809.4051678,0,-10,-10,-10,-10,0,0,0,0,False
1786959803.3053916,20,1787228390.330241,37.59,0.7037000000000001,37.29,0.7464000000000001,True,37.6,36.5,38.6,0.95,0.005,0.0,0.7,0.03,2,1787228400.387777,1786959809.4051678,0,-10,-10,-10,-10,0,0,1,0,False
1786959803.3053916,20,1787228410.4386334,37.6,0.7039,37.28,0.747,True,37.6,36.5,38.6,0.95,0.005,0.0,0.7,0.03,2,1787228410.447803,1786959809.4051678,0,-10,-10,-10,-10,0,0,1,0,False
1786959803.3053916,20,1787228430.5279353,37.59,0.7040000000000001,37.26,0.7471,True,37.6,36.5,38.6,0.95,0.005,0.0,0.7,0.03,2,1787228442.4917278,1786959809.4051678,0,-10,-10,-10,-10,0,0,1,0,False
1786959803.3053916,20,1787228452.5338929,37.63,0.7036,37.27,0.7471,True,37.6,36.5,38.6,0.95,0.005,0.0,0.7,0.03,2,1787228462.5705373,1786959809.4051678,0,-10,-10,-10,-10,0,0,0,0,False
1786959803.3053916,20,1787228472.6096468,37.61,0.7026000000000001,37.27,0.7469,True,37.6,36.5,38.6,0.95,0.005,0.0,0.7,0.03,2,1787228482.6514418,1786959809.4051678,0,-10,-10,-10,-10,0,0,0,0,False
1786959803.3053916,20,1787228492.695453,37.61,0.7023,37.26,0.7465,True,37.6,36.5,38.6,0.95,0.005,0.0,0.7,0.03,2,1787228502.7403157,1786959809.4051678,0,-10,-10,-10,-10,0,0,0,0,False
1786959803.3053916,20,1787228512.7736244,37.62,0.7021,37.24,0.7459,True,37.6,36.5,38.6,0.95,0.005,0.0,0.7,0.03,2,1787228522.8217516,1786959809.4051678,0,-10,-10,-10,-10,0,0,0,0,False
1786959803.3053916,20,1787228532.8512022,37.57,0.7022,37.27,0.7458,True,37.6,36.5,38.6,0.95,0.005,0.0,0.7,0.03,2,1787228542.9129395,1786959809.4051678,0,-10,-10,-10,-10,0,0,1,0,False
1786959803.3053916,20,1787228552.9548306,37.58,0.7031000000000001,37.25,0.7462000000000001,True,37.6,36.5,38.6,0.95,0.005,0.0,0.7,0.03,2,1787228564.8892007,1786959809.4051678,0,-10,-10,-10,-10,0,0,1,0,False
1786959803.3053916,20,1787228574.940588,37.61,0.7036,37.25,0.7465999999999999,True,37.6,36.5,38.6,0.95,0.005,0.0,0.7,0.03,2,1787228584.988803,1786959809.4051678,0,-10,-10,-10,-10,0,0,0,0,False
1786959803.3053916,20,1787228595.0459385,37.58,0.7033,37.27,0.7465999999999999,True,37.6,36.5,38.6,0.95,0.005,0.0,0.7,0.03,2,1787228605.1018329,1786959809.4051678,0,-10,-10,-10,-10,0,0,1,0,False
1786959803.3053916,20,1787228615.144532,37.59,0.7038,37.22,0.747,True,37.6,36.5,38.6,0.95,0.005,0.0,0.7,0.03,2,1787228625.2075803,1786959809.4051678,0,-10,-10,-10,-10,0,0,1,0,False
1786959803.3053916,20,1787228635.2371652,37.61,0.7033,37.26,0.7473000000000001,True,37.6,36.5,38.6,0.95,0.005,0.0,0.7,0.03,2,1787228645.292954,1786959809.4051678,0,-10,-10,-10,-10,0,0,0,0,False
1786959803.3053916,20,1787228655.346941,37.62,0.7023,37.26,0.7469,True,37.6,36.5,38.6,0.95,0.005,0.0,0.7,0.03,2,1787228665.3948045,1786959809.4051678,0,-10,-10,-10,-10,0,0,0,0,False
1786959803.3053916,20,1787228675.4321694,37.65,0.7016,37.28,0.7465999999999999,True,37.6,36.5,38.6,0.95,0.005,0.0,0.7,0.03,2,1787228687.4265902,1786959809.4051678,0,-10,-10,-10,-10,0,0,0,0,False
1786959803.3053916,20,1787228697.4578693,37.62,0.7012,37.24,0.746,True,37.6,36.5,38.6,0.95,0.005,0.0,0.7,0.03,2,1787228707.5039074,1786959809.4051678,0,-10,-10,-10,-10,0,0,0,0,False
1786959803.3053916,20,1787228717.5424294,37.61,0.7015000000000001,37.28,0.7458,True,37.6,36.5,38.6,0.95,0.005,0.0,0.7,0.03,2,1787228727.59147,1786959809.4051678,0,-10,-10,-10,-10,0,0,0,0,False
1786959803.3053916,20,1787228737.6352885,37.58,0.7012,37.26,0.7454000000000001,True,37.6,36.5,38.6,0.95,0.005,0.0,0.7,0.03,2,1787228747.6927438,1786959809.4051678,0,-10,-10,-10,-10,0,0,1,0,False
1786959803.3053916,20,1787228757.7443144,37.56,0.7023,37.26,0.7456,True,37.6,36.5,38.6,0.95,0.005,0.0,0.7,0.03,2,1787228767.7870228,1786959809.4051678,0,-10,-10,-10,-10,0,0,1,0,False
1786959803.3053916,20,1787228777.8249795,37.57,0.7031999999999999,37.25,0.7463,True,37.6,36.5,38.6,0.95,0.005,0.0,0.7,0.03,2,1787228787.886869,1786959809.4051678,0,-10,-10,-10,-10,0,0,1,0,False
1786959803.3053916,20,1787228797.9271436,37.55,0.7034999999999999,37.24,0.7467,True,37.6,36.5,38.6,0.95,0.005,0.0,0.7,0.03,2,1787228809.9677777,1786959809.4051678,0,-10,-10,-10,-10,0,0,1,0,False
1786959803.3053916,20,1787228820.0041351,37.57,0.7038,37.22,0.747,True,37.6,36.5,38.6,0.95,0.005,0.0,0.7,0.03,2,1787228830.0736272,1786959809.4051678,0,-10,-10,-10,-10,0,0,1,0,False
1786959803.3053916,20,1787228840.1265507,37.6,0.7034,37.24,0.7474,True,37.6,36.5,38.6,0.95,0.005,0.0,0.7,0.03,2,1787228840.1359403,1786959809.4051678,0,-10,-10,-10,-10,0,0,0,0,False
1786959803.3053916,20,1787228860.2255073,37.63,0.7027,37.25,0.7471,True,37.6,36.5,38.6,0.95,0.005,0.0,0.7,0.03,2,1787228870.2818766,1786959809.4051678,0,-10,-10,-10,-10,0,0,0,0,False
1786959803.3053916,20,1787228880.3318238,37.63,0.7017,37.25,0.7464000000000001,True,37.6,36.5,38.6,0.95,0.005,0.0,0.7,0.03,2,1787228890.3969781,1786959809.4051678,0,-10,-10,-10,-10,0,0,0,0,False
1786959803.3053916,20,1787228900.4346457,37.58,0.7012999999999999,37.24,0.7462000000000001,True,37.6,36.5,38.6,0.95,0.005,0.0,0.7,0.03,2,1787228910.4870222,1786959809.4051678,0,-10,-10,-10,-10,0,0,1,0,False
1786959803.3053916,20,1787228920.5246997,37.55,0.7016,37.25,0.7463,True,37.6,36.5,38.6,0.95,0.005,0.0,0.7,0.03,2,1787228932.530681,1786959809.4051678,0,-10,-10,-10,-10,0,0,1,0,False
1786959803.3053916,20,1787228942.5625296,37.61,0.7023999999999999,37.23,0.7465999999999999,True,37.6,36.5,38.6,0.95,0.005,0.0,0.7,0.03,2,1787228952.6186986,1786959809.4051678,0,-10,-10,-10,-10,0,0,0,0,False
1786959803.3053916,20,1787228962.6618485,37.61,0.7023,37.24,0.7469,True,37.6,36.5,38.6,0.95,0.005,0.0,0.7,0.03,2,1787228972.7159796,1786959809.4051678,0,-10,-10,-10,-10,0,0,0,0,False
1786959803.3053916,20,1787228982.7517962,37.6,0.7021,37.23,0.7468000000000001,True,37.6,36.5,38.6,0.95,0.005,0.0,0.7,0.03,2,1787228982.7615194,1786959809.4051678,0,-10,-10,-10,-10,0,0,1,0,False
1786959803.3053916,20,1787229002.844219,37.58,0.7021,37.22,0.7468000000000001,True,37.6,36.5,38.6,0.95,0.005,0.0,0.7,0.03,2,1787229012.9069736,1786959809.4051678,0,-10,-10,-10,-10,0,0,1,0,False
1786959803.3053916,20,1787229022.9596975,37.64,0.7018000000000001,37.25,0.747,True,37.6,36.5,38.6,0.95,0.005,0.0,0.7,0.03,2,1787229033.0074198,1786959809.4051678,0,-10,-10,-10,-10,0,0,0,0,False
1786959803.3053916,20,1787229043.0515127,37.6,0.7015000000000001,37.24,0.7465,True,37.6,36.5,38.6,0.95,0.005,0.0,0.7,0.03,2,1787229046.7500463,1786959809.4051678,0,-10,-10,-10,-10,0,0,0,0,False
1786959803.3053916,20,1787229066.8250716,37.64,0.7011000000000001,37.24,0.7465,True,37.6,36.5,38.6,0.95,0.005,0.0,0.7,0.03,2,1787229076.8965347,1786959809.4051678,0,-10,-10,-10,-10,0,0,0,0,False
1786959803.3053916,20,1787229086.948666,37.58,0.7008,37.24,0.746,True,37.6,36.5,38.6,0.95,0.005,0.0,0.7,0.03,2,1787229096.9898665,1786959809.4051678,0,-10,-10,-10,-10,0,0,1,0,False
1786959803.3053916,20,1787229107.0230937,37.59,0.7012,37.23,0.746,True,37.6,36.5,38.6,0.95,0.005,0.0,0.7,0.03,2,1787229117.0759544,1786959809.4051678,0,-10,-10,-10,-10,0,0,1,0,False
1786959803.3053916,20,1787229127.1083627,37.6,0.7025,37.23,0.7464000000000001,True,37.6,36.5,38.6,0.95,0.005,0.0,0.7,0.03,2,1787229127.1176906,1786959809.4051678,0,-10,-10,-10,-10,0,0,1,0,False
1786959803.3053916,20,1787229147.1897597,37.57,0.7027,37.19,0.7468000000000001,True,37.6,36.5,38.6,0.95,0.005,0.0,0.7,0.03,2,1787229157.2487254,1786959809.4051678,0,-10,-10,-10,-10,0,0,1,0,False
1786959803.3053916,20,1787229167.2849386,37.57,0.7028,37.18,0.7472,True,37.6,36.5,38.6,0.95,0.005,0.0,0.7,0.03,2,1787229179.4506023,1786959809.4051678,0,-10,-10,-10,-10,0,0,1,0,False
1786959803.3053916,20,1787229189.495507,37.61,0.7023999999999999,37.23,0.7472,True,37.6,36.5,38.6,0.95,0.005,0.0,0.7,0.03,2,1787229199.5433319,1786959809.4051678,0,-10,-10,-10,-10,0,0,0,0,False
1786959803.3053916,20,1787229209.5891016,37.58,0.7015000000000001,37.24,0.7473000000000001,True,37.6,36.5,38.6,0.95,0.005,0.0,0.7,0.03,2,1787229219.658533,1786959809.4051678,0,-10,-10,-10,-10,0,0,1,0,False
1786959803.3053916,20,1787229229.7101967,37.61,0.7016,37.2,0.747,True,37.6,36.5,38.6,0.95,0.005,0.0,0.7,0.03,2,1787229239.769501,1786959809.4051678,0,-10,-10,-10,-10,0,0,0,0,False
1786959803.3053916,20,1787229249.8070476,37.62,0.7011000000000001,37.25,0.7467,True,37.6,36.5,38.6,0.95,0.005,0.0,0.7,0.03,2,1787229259.8532045,1786959809.4051678,0,-10,-10,-10,-10,0,0,0,0,False
1786959803.3053916,20,1787229269.9178414,37.66,0.7011000000000001,37.24,0.7467,True,37.6,36.5,38.6,0.95,0.005,0.0,0.7,0.03,2,1787229279.9716005,1786959809.4051678,0,-10,-10,-10,-10,0,0,0,0,False
1786959803.3053916,20,1787229290.0343623,37.58,0.7005,37.22,0.7462000000000001,True,37.6,36.5,38.6,0.95,0.005,0.0,0.7,0.03,2,1787229302.0677352,1786959809.4051678,0,-10,-10,-10,-10,0,0,1,0,False
1786959803.3053916,20,1787229312.1206036,37.57,0.7008,37.24,0.7463,True,37.6,36.5,38.6,0.95,0.005,0.0,0.7,0.03,2,1787229322.1906254,1786959809.4051678,0,-10,-10,-10,-10,0,0,1,0,False
1786959803.3053916,20,1787229332.2292256,37.62,0.7016,37.21,0.7467,True,37.6,36.5,38.6,0.95,0.005,0.0,0.7,0.03,2,1787229342.2636588,1786959809.4051678,0,-10,-10,-10,-10,0,0,0,0,False
1786959803.3053916,20,1787229352.3080223,37.57,0.7014,37.19,0.7468000000000001,True,37.6,36.5,38.6,0.95,0.005,0.0,0.7,0.03,2,1787229362.356648,1786959809.4051678,0,-10,-10,-10,-10,0,0,1,0,False
1786959803.3053916,20,1787229372.397015,37.58,0.7014,37.21,0.7465999999999999,True,37.6,36.5,38.6,0.95,0.005,0.0,0.7,0.03,2,1787229382.4616768,1786959809.4051678,0,-10,-10,-10,-10,0,0,1,0,False
1786959803.3053916,20,1787229392.5005069,37.61,0.7017,37.2,0.747,True,37.6,36.5,38.6,0.95,0.005,0.0,0.7,0.03,2,1787229402.5405552,1786959809.4051678,0,-10,-10,-10,-10,0,0,0,0,False
1786959803.3053916,20,1787229412.5915198,37.62,0.7014,37.19,0.7467,True,37.6,36.5,38.6,0.95,0.005,0.0,0.7,0.03,2,1787229427.7110257,1786959809.4051678,0,-10,-10,-10,-10,0,0,0,0,False
1786959803.3053916,20,1787229437.756658,37.61,0.7006,37.21,0.7463,True,37.6,36.5,38.6,0.95,0.005,0.0,0.7,0.03,2,1787229447.8045373,1786959809.4051678,0,-10,-10,-10,-10,0,0,0,0,False
1786959803.3053916,20,1787229457.8429396,37.62,0.7003,37.21,0.746,True,37.6,36.5,38.6,0.95,0.005,0.0,0.7,0.03,2,1787229467.8911166,1786959809.4051678,0,-10,-10,-10,-10,0,0,0,0,False
1786959803.3053916,20,1787229477.922933,37.6,0.7003,37.2,0.7456999999999999,True,37.6,36.5,38.6,0.95,0.005,0.0,0.7,0.03,2,1787229477.9327717,1786959809.4051678,0,-10,-10,-10,-10,0,0,0,0,False
1786959803.3053916,20,1787229498.0245097,37.55,0.7004,37.21,0.7458,True,37.6,36.5,38.6,0.95,0.005,0.0,0.7,0.03,2,1787229508.0645084,1786959809.4051678,0,-10,-10,-10,-10,0,0,1,0,False
1786959803.3053916,20,1787229518.1057959,37.55,0.7012999999999999,37.17,0.7458,True,37.6,36.5,38.6,0.95,0.005,0.0,0.7,0.03,2,1787229528.1566157,1786959809.4051678,0,-10,-10,-10,-10,0,0,1,0,False
1786959803.3053916,20,1787229538.206925,37.55,0.7019,37.19,0.7465999999999999,True,37.6,36.5,38.6,0.95,0.005,0.0,0.7,0.03,2,1787229550.2507951,1786959809.4051678,0,-10,-10,-10,-10,0,0,1,0,False
1786959803.3053916,20,1787229560.2862828,37.57,0.7026000000000001,37.16,0.7469,True,37.6,36.5,38.6,0.95,0.005,0.0,0.7,0.03,2,1787229570.3395512,1786959809.4051678,0,-10,-10,-10,-10,0,0,1,0,False
1786959803.3053916,20,1787229580.377857,37.58,0.7025,37.2,0.7471,True,37.6,36.5,38.6,0.95,0.005,0.0,0.7,0.03,2,1787229590.4469485,1786959809.4051678,0,-10,-10,-10,-10,0,0,1,0,False
1786959803.3053916,20,1787229600.4910245,37.63,0.7021,37.17,0.7476,True,37.6,36.5,38.6,0.95,0.005,0.0,0.7,0.03,2,1787229610.5368326,1786959809.4051678,0,-10,-10,-10,-10,0,0,0,0,False
1786959803.3053916,20,1787229620.5725346,37.6,0.701,37.16,0.7471,True,37.6,36.5,38.6,0.95,0.005,0.0,0.7,0.03,2,1787229610.5368326,1786959809.4051678,0,-10,-10,-10,-10,0,0,0,0,False
1786959803.3053916,20,1787229640.6957552,37.55,0.7005,37.21,0.7468000000000001,True,37.6,36.5,38.6,0.95,0.005,0.0,0.7,0.03,2,1787229650.7484868,1786959809.4051678,0,-10,-10,-10,-10,0,0,1,0,False
1786959803.3053916,20,1787229660.7832618,37.59,0.7008,37.22,0.7471,True,37.6,36.5,38.6,0.95,0.005,0.0,0.7,0.03,2,1787229672.9079297,1786959809.4051678,0,-10,-10,-10,-10,0,0,1,0,False
1786959803.3053916,20,1787229682.9392674,37.63,0.7011000000000001,37.22,0.7471,True,37.6,36.5,38.6,0.95,0.005,0.0,0.7,0.03,2,1787229692.978674,1786959809.4051678,0,-10,-10,-10,-10,0,0,0,0,False
1786959803.3053916,20,1787229703.0359528,37.6,0.7003,37.19,0.7469,True,37.6,36.5,38.6,0.95,0.005,0.0,0.7,0.03,2,1787229703.0457118,1786959809.4051678,0,-10,-10,-10,-10,0,0,0,0,False
1786959803.3053916,20,1787229723.1250706,37.61,0.7001000000000001,37.18,0.7464000000000001,True,37.6,36.5,38.6,0.95,0.005,0.0,0.7,0.03,2,1787229733.1909733,1786959809.4051678,0,-10,-10,-10,-10,0,0,0,0,False
1786959803.3053916,20,1787229743.235418,37.61,0.6997,37.2,0.7462000000000001,True,37.6,36.5,38.6,0.95,0.005,0.0,0.7,0.03,2,1787229753.2877636,1786959809.4051678,0,-10,-10,-10,-10,0,0,0,0,False
1786959803.3053916,20,1787229763.3128533,37.59,0.6998000000000001,37.21,0.7456999999999999,True,37.6,36.5,38.6,0.95,0.005,0.0,0.7,0.03,2,1787229773.3767164,1786959809.4051678,0,-10,-10,-10,-10,0,0,1,0,False
1786959803.3053916,20,1787229783.4204178,37.56,0.7005,37.18,0.746,True,37.6,36.5,38.6,0.95,0.005,0.0,0.7,0.03,2,1787229795.6865299,1786959809.4051678,0,-10,-10,-10,-10,0,0,1,0,False
1786959803.3053916,20,1787229805.7230885,37.53,0.7012,37.14,0.7464000000000001,True,37.6,36.5,38.6,0.95,0.005,0.0,0.7,0.03,2,1787229815.785747,1786959809.4051678,0,-10,-10,-10,-10,0,0,1,0,False
1786959803.3053916,20,1787229825.8195868,37.55,0.7018000000000001,37.16,0.7469,True,37.6,36.5,38.6,0.95,0.005,0.0,0.7,0.03,2,1787229835.8833365,1786959809.4051678,0,-10,-10,-10,-10,0,0,1,0,False
1786959803.3053916,20,1787229845.9360473,37.57,0.7021,37.15,0.7473000000000001,True,37.6,36.5,38.6,0.95,0.005,0.0,0.7,0.03,2,1787229855.9828258,1786959809.4051678,0,-10,-10,-10,-10,0,0,1,0,False
1786959803.3053916,20,1787229866.0214295,37.58,0.7020000000000001,37.16,0.7474,True,37.6,36.5,38.6,0.95,0.005,0.0,0.7,0.03,2,1787229876.0859194,1786959809.4051678,0,-10,-10,-10,-10,0,0,1,0,False
1786959803.3053916,20,1787229886.128579,37.61,0.7012,37.18,0.7473000000000001,True,37.6,36.5,38.6,0.95,0.005,0.0,0.7,0.03,2,1787229896.1809862,1786959809.4051678,0,-10,-10,-10,-10,0,0,0,0,False
1786959803.3053916,20,1787229906.237746,37.59,0.7004,37.15,0.747,True,37.6,36.5,38.6,0.95,0.005,0.0,0.7,0.03,2,1787229918.4877846,1786959809.4051678,0,-10,-10,-10,-10,0,0,1,0,False
1786959803.3053916,20,1787229928.522349,37.57,0.7001000000000001,37.18,0.7467,True,37.6,36.5,38.6,0.95,0.005,0.0,0.7,0.03,2,1787229938.5855243,1786959809.4051678,0,-10,-10,-10,-10,0,0,1,0,False
1786959803.3053916,20,1787229948.6329982,37.63,0.7007,37.17,0.7467,True,37.6,36.5,38.6,0.95,0.005,0.0,0.7,0.03,2,1787229958.674817,1786959809.4051678,0,-10,-10,-10,-10,0,0,0,0,False
1786959803.3053916,20,1787229968.7226768,37.62,0.7001999999999999,37.18,0.7463,True,37.6,36.5,38.6,0.95,0.005,0.0,0.7,0.03,2,1787229978.7698417,1786959809.4051678,0,-10,-10,-10,-10,0,0,0,0,False
1786959803.3053916,20,1787229988.8001742,37.59,0.7000000000000001,37.18,0.7458,True,37.6,36.5,38.6,0.95,0.005,0.0,0.7,0.03,2,1787229998.8574197,1786959809.4051678,0,-10,-10,-10,-10,0,0,1,0,False
1786959803.3053916,20,1787230008.8968017,37.59,0.7003,37.19,0.7462000000000001,True,37.6,36.5,38.6,0.95,0.005,0.0,0.7,0.03,2,1787230018.944709,1786959809.4051678,0,-10,-10,-10,-10,0,0,1,0,False
1786959803.3053916,20,1787230028.9872937,37.59,0.701,37.18,0.7465,True,37.6,36.5,38.6,0.95,0.005,0.0,0.7,0.03,2,1787230040.9115298,1786959809.4051678,0,-10,-10,-10,-10,0,0,1,0,False
1786959803.3053916,20,1787230050.971644,37.58,0.7012999999999999,37.17,0.7469,True,37.6,36.5,38.6,0.95,0.005,0.0,0.7,0.03,2,1787230061.0329404,1786959809.4051678,0,-10,-10,-10,-10,0,0,1,0,False
1786959803.3053916,20,1787230071.0837317,37.58,0.7014,37.17,0.7473000000000001,True,37.6,36.5,38.6,0.95,0.005,0.0,0.7,0.03,2,1787230081.1415894,1786959809.4051678,0,-10,-10,-10,-10,0,0,1,0,False
1786959803.3053916,20,1787230091.1901114,37.62,0.7008,37.18,0.7473000000000001,True,37.6,36.5,38.6,0.95,0.005,0.0,0.7,0.03,2,1787230101.2536876,1786959809.4051678,0,-10,-10,-10,-10,0,0,0,0,False
1786959803.3053916,20,1787230111.281794,37.62,0.7004,37.16,0.7467,True,37.6,36.5,38.6,0.95,0.005,0.0,0.7,0.03,2,1787230121.331124,1786959809.4051678,0,-10,-10,-10,-10,0,0,0,0,False
1786959803.3053916,20,1787230131.3743193,37.6,0.7000000000000001,37.19,0.7467,True,37.6,36.5,38.6,0.95,0.005,0.0,0.7,0.03,2,1787230131.3836324,1786959809.4051678,0,-10,-10,-10,-10,0,0,0,0,False
1786959803.3053916,20,1787230151.4703178,37.59,0.6998000000000001,37.2,0.7462000000000001,True,37.6,36.5,38.6,0.95,0.005,0.0,0.7,0.03,2,1787230163.4439385,1786959809.4051678,0,-10,-10,-10,-10,0,0,1,0,False
1786959803.3053916,20,1787230173.4940917,37.58,0.7006,37.17,0.7465,True,37.6,36.5,38.6,0.95,0.005,0.0,0.7,0.03,2,1787230183.5287333,1786959809.4051678,0,-10,-10,-10,-10,0,0,1,0,False
1786959803.3053916,20,1787230193.5611005,37.59,0.7012,37.17,0.7469,True,37.6,36.5,38.6,0.95,0.005,0.0,0.7,0.03,2,1787230203.620731,1786959809.4051678,0,-10,-10,-10,-10,0,0,1,0,False
1786959803.3053916,20,1787230213.650771,37.58,0.7015000000000001,37.15,0.7472,True,37.6,36.5,38.6,0.95,0.005,0.0,0.7,0.03,2,1787230223.7015839,1786959809.4051678,0,-10,-10,-10,-10,0,0,1,0,False
1786959803.3053916,20,1787230233.7527752,37.64,0.7015000000000001,37.15,0.7477,True,37.6,36.5,38.6,0.95,0.005,0.0,0.7,0.03,2,1787230243.8062403,1786959809.4051678,0,-10,-10,-10,-10,0,0,0,0,False
1786959803.3053916,20,1787230253.8466334,37.63,0.701,37.18,0.7476,True,37.6,36.5,38.6,0.95,0.005,0.0,0.7,0.03,2,1787230263.8926456,1786959809.4051678,0,-10,-10,-10,-10,0,0,0,0,False
1786959803.3053916,20,1787230273.9193037,37.63,0.7000000000000001,37.18,0.7469,True,37.6,36.5,38.6,0.95,0.005,0.0,0.7,0.03,2,1787230286.023668,1786959809.4051678,0,-10,-10,-10,-10,0,0,0,0,False
1786959803.3053916,20,1787230296.0653913,37.62,0.6996,37.17,0.7465999999999999,True,37.6,36.5,38.6,0.95,0.005,0.0,0.7,0.03,2,1787230306.1137843,1786959809.4051678,0,-10,-10,-10,-10,0,0,0,0,False
1786959803.3053916,20,1787230316.1548352,37.58,0.6994,37.16,0.7464000000000001,True,37.6,36.5,38.6,0.95,0.005,0.0,0.7,0.03,2,1787230326.2045555,1786959809.4051678,0,-10,-10,-10,-10,0,0,1,0,False
1786959803.3053916,20,1787230336.2491367,37.59,0.6998000000000001,37.17,0.7465,True,37.6,36.5,38.6,0.95,0.005,0.0,0.7,0.03,2,1787230346.2936018,1786959809.4051678,0,-10,-10,-10,-10,0,0,1,0,False
1786959803.3053916,20,1787230356.3454287,37.57,0.7001999999999999,37.15,0.7467,True,37.6,36.5,38.6,0.95,0.005,0.0,0.7,0.03,2,1787230366.396573,1786959809.4051678,0,-10,-10,-10,-10,0,0,1,0,False
1786959803.3053916,20,1787230376.441717,37.58,0.7005,37.17,0.7469,True,37.6,36.5,38.6,0.95,0.005,0.0,0.7,0.03,2,1787230386.4913962,1786959809.4051678,0,-10,-10,-10,-10,0,0,1,0,False
1786959803.3053916,20,1787230396.5269852,37.64,0.7008,37.17,0.7474,True,37.6,36.5,38.6,0.95,0.005,0.0,0.7,0.03,2,1787230408.6261044,1786959809.4051678,0,-10,-10,-10,-10,0,0,0,0,False
1786959803.3053916,20,1787230418.6675553,37.63,0.7001000000000001,37.19,0.7469,True,37.6,36.5,38.6,0.95,0.005,0.0,0.7,0.03,2,1787230428.726397,1786959809.4051678,0,-10,-10,-10,-10,0,0,0,0,False
1786959803.3053916,20,1787230438.7815268,37.63,0.7000000000000001,37.15,0.7469,True,37.6,36.5,38.6,0.95,0.005,0.0,0.7,0.03,2,1787230448.8427694,1786959809.4051678,0,-10,-10,-10,-10,0,0,0,0,False
1786959803.3053916,20,1787230458.9086337,37.61,0.6995,37.16,0.7465999999999999,True,37.6,36.5,38.6,0.95,0.005,0.0,0.7,0.03,2,1787230468.9706564,1786959809.4051678,0,-10,-10,-10,-10,0,0,0,0,False
1786959803.3053916,20,1787230479.016533,37.58,0.6996,37.15,0.7462000000000001,True,37.6,36.5,38.6,0.95,0.005,0.0,0.7,0.03,2,1787230489.0706904,1786959809.4051678,0,-10,-10,-10,-10,0,0,1,0,False
1786959803.3053916,20,1787230499.1111312,37.61,0.7003,37.19,0.7465999999999999,True,37.6,36.5,38.6,0.95,0.005,0.0,0.7,0.03,2,1787230509.1674604,1786959809.4051678,0,-10,-10,-10,-10,0,0,0,0,False
1786959803.3053916,20,1787230519.2169445,37.58,0.7004,37.15,0.7465,True,37.6,36.5,38.6,0.95,0.005,0.0,0.7,0.03,2,1787230531.6937377,1786959809.4051678,0,-10,-10,-10,-10,0,0,1,0,False
1786959803.3053916,20,1787230541.7416327,37.55,0.7005,37.13,0.7468000000000001,True,37.6,36.5,38.6,0.95,0.005,0.0,0.7,0.03,2,1787230551.7916505,1786959809.4051678,0,-10,-10,-10,-10,0,0,1,0,False
1786959803.3053916,20,1787230561.8303525,37.6,0.701,37.18,0.7473000000000001,True,37.6,36.5,38.6,0.95,0.005,0.0,0.7,0.03,2,1787230561.8407435,1786959809.4051678,0,-10,-10,-10,-10,0,0,1,0,False
1786959803.3053916,20,1787230581.914145,37.61,0.7012,37.16,0.7475,True,37.6,36.5,38.6,0.95,0.005,0.0,0.7,0.03,2,1787230591.9645176,1786959809.4051678,0,-10,-10,-10,-10,0,0,0,0,False
1786959803.3053916,20,1787230602.0163596,37.66,0.7004,37.16,0.7474,True,37.6,36.5,38.6,0.95,0.005,0.0,0.7,0.03,2,1787230612.0613222,1786959809.4051678,0,-10,-10,-10,-10,0,0,0,0,False
1786959803.3053916,20,1787230622.1027496,37.61,0.6999,37.18,0.7471,True,37.6,36.5,38.6,0.95,0.005,0.0,0.7,0.03,2,1787230632.1487231,1786959809.4051678,0,-10,-10,-10,-10,0,0,0,0,False
1786959803.3053916,20,1787230642.1806252,37.64,0.6996,37.19,0.747,True,37.6,36.5,38.6,0.95,0.005,0.0,0.7,0.03,2,1787230654.301595,1786959809.4051678,0,-10,-10,-10,-10,0,0,0,0,False
1786959803.3053916,20,1787230664.3353772,37.64,0.6990000000000001,37.18,0.7467,True,37.6,36.5,38.6,0.95,0.005,0.0,0.7,0.03,2,1787230674.3991969,1786959809.4051678,0,-10,-10,-10,-10,0,0,0,0,False
1786959803.3053916,20,1787230684.4416916,37.62,0.6993,37.14,0.746,True,37.6,36.5,38.6,0.95,0.005,0.0,0.7,0.03,2,1787230694.4843514,1786959809.4051678,0,-10,-10,-10,-10,0,0,0,0,False
1786959803.3053916,20,1787230704.525829,37.58,0.6994,37.16,0.7464000000000001,True,37.6,36.5,38.6,0.95,0.005,0.0,0.7,0.03,2,1787230714.5822866,1786959809.4051678,0,-10,-10,-10,-10,0,0,1,0,False
1786959803.3053916,20,1787230724.6390033,37.58,0.6999,37.14,0.7461,True,37.6,36.5,38.6,0.95,0.005,0.0,0.7,0.03,2,1787230734.6866312,1786959809.4051678,0,-10,-10,-10,-10,0,0,1,0,False
1786959803.3053916,20,1787230744.7361054,37.57,0.7000000000000001,37.15,0.7465,True,37.6,36.5,38.6,0.95,0.005,0.0,0.7,0.03,2,1787230754.7856283,1786959809.4051678,0,-10,-10,-10,-10,0,0,1,0,False
1786959803.3053916,20,1787230764.8285654,37.57,0.7008,37.18,0.7468000000000001,True,37.6,36.5,38.6,0.95,0.005,0.0,0.7,0.03,2,1787230776.8270016,1786959809.4051678,0,-10,-10,-10,-10,0,0,1,0,False
1786959803.3053916,20,1787230786.869824,37.6,0.7015000000000001,37.13,0.7473000000000001,True,37.6,36.5,38.6,0.95,0.005,0.0,0.7,0.03,2,1787230786.8790553,1786959809.4051678,0,-10,-10,-10,-10,0,0,1,0,False
1786959803.3053916,20,1787230806.9995186,37.59,0.7011000000000001,37.18,0.7475,True,37.6,36.5,38.6,0.95,0.005,0.0,0.7,0.03,2,1787230817.0529435,1786959809.4051678,0,-10,-10,-10,-10,0,0,1,0,False
1786959803.3053916,20,1787230827.0796072,37.62,0.7008,37.17,0.748,True,37.6,36.5,38.6,0.95,0.005,0.0,0.7,0.03,2,1787230837.133603,1786959809.4051678,0,-10,-10,-10,-10,0,0,0,0,False
1786959803.3053916,20,1787230847.1762054,37.63,0.7007,37.14,0.7475,True,37.6,36.5,38.6,0.95,0.005,0.0,0.7,0.03,2,1787230857.2336676,1786959809.4051678,0,-10,-10,-10,-10,0,0,0,0,False
1786959803.3053916,20,1787230867.2586105,37.59,0.7009000000000001,37.15,0.7473000000000001,True,37.6,36.5,38.6,0.95,0.005,0.0,0.7,0.03,2,1787230877.2987385,1786959809.4051678,0,-10,-10,-10,-10,0,0,1,0,False
1786959803.3053916,20,1787230887.3397627,37.55,0.701,37.15,0.7474,True,37.6,36.5,38.6,0.95,0.005,0.0,0.7,0.03,2,1787230899.3907168,1786959809.4051678,0,-10,-10,-10,-10,0,0,1,0,False
1786959803.3053916,20,1787230909.4477243,37.55,0.7022,37.13,0.748,True,37.6,36.5,38.6,0.95,0.005,0.0,0.7,0.03,2,1787230919.5145106,1786959809.4051678,0,-10,-10,-10,-10,0,0,1,0,False
1786959803.3053916,20,1787230929.5423074,37.54,0.7031999999999999,37.16,0.748,True,37.6,36.5,38.6,0.95,0.005,0.0,0.7,0.03,2,1787230939.5999155,1786959809.4051678,0,-10,-10,-10,-10,0,0,1,0,False
1786959803.3053916,20,1787230949.6368697,37.53,0.7040000000000001,37.18,0.7484999999999999,True,37.6,36.5,38.6,0.95,0.005,0.0,0.7,0.03,2,1787230959.6937697,1786959809.4051678,0,-10,-10,-10,-10,0,0,1,0,False
1786959803.3053916,20,1787230969.7482307,37.45,0.7046,37.16,0.7492000000000001,True,37.6,36.5,38.6,0.95,0.005,0.0,0.7,0.03,2,1787230979.8003728,1786959809.4051678,0,-10,-10,-10,-10,0,0,1,0,False
1786959803.3053916,20,1787230989.8427646,37.49,0.7054,37.16,0.7492000000000001,True,37.6,36.5,38.6,0.95,0.005,0.0,0.7,0.03,2,1787230999.8969433,1786959809.4051678,0,-10,-10,-10,-10,0,0,1,0,False
1786959803.3053916,20,1787231009.9361377,37.47,0.7061000000000001,37.17,0.7494,True,37.6,36.5,38.6,0.95,0.005,0.0,0.7,0.03,2,1787231021.9850023,1786959809.4051678,0,-10,-10,-10,-10,0,0,1,0,False
1786959803.3053916,20,1787231032.0338888,37.43,0.7067,37.2,0.7497,True,37.6,36.5,38.6,0.95,0.005,0.0,0.7,0.03,2,1787231042.0918078,1786959809.4051678,0,-10,-10,-10,-10,0,0,1,0,False
1786959803.3053916,20,1787231052.1356769,37.48,0.7073,37.15,0.7495999999999999,True,37.6,36.5,38.6,0.95,0.005,0.0,0.7,0.03,2,1787231062.1849096,1786959809.4051678,0,-10,-10,-10,-10,0,0,1,0,False
1786959803.3053916,20,1787231072.2253523,37.47,0.7081000000000001,37.15,0.75,True,37.6,36.5,38.6,0.95,0.005,0.0,0.7,0.03,2,1787231082.2693257,1786959809.4051678,0,-10,-10,-10,-10,0,0,1,0,False
1786959803.3053916,20,1787231092.321916,37.45,0.7081999999999999,37.19,0.7503000000000001,True,37.6,36.5,38.6,0.95,0.005,0.0,0.7,0.03,2,1787231102.3787794,1786959809.4051678,0,-10,-10,-10,-10,0,0,1,0,False
1786959803.3053916,20,1787231112.4282882,37.45,0.7088,37.22,0.7505,True,37.6,36.5,38.6,0.95,0.005,0.0,0.7,0.03,2,1787231122.4728034,1786959809.4051678,0,-10,-10,-10,-10,0,0,1,0,False
1786959803.3053916,20,1787231132.5114257,37.44,0.7091,37.23,0.7505,True,37.6,36.5,38.6,0.95,0.005,0.0,0.7,0.03,2,1787231144.5830913,1786959809.4051678,0,-10,-10,-10,-10,0,0,1,0,False
1786959803.3053916,20,1787231154.6390746,37.46,0.7091,37.18,0.7504000000000001,True,37.6,36.5,38.6,0.95,0.005,0.0,0.7,0.03,2,1787231164.6888785,1786959809.4051678,0,-10,-10,-10,-10,0,0,1,0,False
1786959803.3053916,20,1787231174.7386947,37.48,0.7099,37.2,0.7508,True,37.6,36.5,38.6,0.95,0.005,0.0,0.7,0.03,2,1787231184.7909734,1786959809.4051678,0,-10,-10,-10,-10,0,0,1,0,False
1786959803.3053916,20,1787231194.836613,37.45,0.7098000000000001,37.23,0.751,True,37.6,36.5,38.6,0.95,0.005,0.0,0.7,0.03,2,1787231204.8935826,1786959809.4051678,0,-10,-10,-10,-10,0,0,1,0,False
1786959803.3053916,20,1787231214.9278574,37.5,0.7103,37.2,0.7509,True,37.6,36.5,38.6,0.95,0.005,0.0,0.7,0.03,2,1787231224.9974856,1786959809.4051678,0,-10,-10,-10,-10,0,0,1,0,False
1786959803.3053916,20,1787231235.0483012,37.47,0.7103,37.21,0.7511,True,37.6,36.5,38.6,0.95,0.005,0.0,0.7,0.03,2,1787231245.0856884,1786959809.4051678,0,-10,-10,-10,-10,0,0,1,0,False
1786959803.3053916,20,1787231255.1134305,37.48,0.7106,37.23,0.7512000000000001,True,37.6,36.5,38.6,0.95,0.005,0.0,0.7,0.03,2,1787231267.402764,1786959809.4051678,0,-10,-10,-10,-10,0,0,1,0,False
1786959803.3053916,20,1787231277.4511087,37.5,0.7108,37.25,0.7514000000000001,True,37.6,36.5,38.6,0.95,0.005,0.0,0.7,0.03,2,1787231287.5005841,1786959809.4051678,0,-10,-10,-10,-10,0,0,1,0,False
1786959803.3053916,20,1787231297.5417662,37.49,0.7109000000000001,37.26,0.7515000000000001,True,37.6,36.5,38.6,0.95,0.005,0.0,0.7,0.03,2,1787231307.5929446,1786959809.4051678,0,-10,-10,-10,-10,0,0,1,0,False
1786959803.3053916,20,1787231317.6427898,37.53,0.7112,37.25,0.7515000000000001,True,37.6,36.5,38.6,0.95,0.005,0.0,0.7,0.03,2,1787231327.6947024,1786959809.4051678,0,-10,-10,-10,-10,0,0,1,0,False
1786959803.3053916,20,1787231337.7463975,37.52,0.711,37.27,0.7518000000000001,True,37.6,36.5,38.6,0.95,0.005,0.0,0.7,0.03,2,1787231347.7934942,1786959809.4051678,0,-10,-10,-10,-10,0,0,1,0,False
1786959803.3053916,20,1787231357.8468237,37.52,0.7111,37.29,0.7518000000000001,True,37.6,36.5,38.6,0.95,0.005,0.0,0.7,0.03,2,1787231367.8946295,1786959809.4051678,0,-10,-10,-10,-10,0,0,1,0,False
1786959803.3053916,20,1787231377.9233036,37.51,0.7112999999999999,37.27,0.7515000000000001,True,37.6,36.5,38.6,0.95,0.005,0.0,0.7,0.03,2,1787231389.9427145,1786959809.4051678,0,-10,-10,-10,-10,0,0,1,0,False
1786959803.3053916,20,1787231399.9868195,37.52,0.7112,37.27,0.7519,True,37.6,36.5,38.6,0.95,0.005,0.0,0.7,0.03,2,1787231410.0419877,1786959809.4051678,0,-10,-10,-10,-10,0,0,1,0,False
1786959803.3053916,20,1787231420.0946271,37.55,0.7115,37.32,0.7518000000000001,True,37.6,36.5,38.6,0.95,0.005,0.0,0.7,0.03,2,1787231430.1406631,1786959809.4051678,0,-10,-10,-10,-10,0,0,1,0,False
1786959803.3053916,20,1787231440.1752481,37.54,0.7115,37.28,0.7518000000000001,True,37.6,36.5,38.6,0.95,0.005,0.0,0.7,0.03,2,1787231450.2376509,1786959809.4051678,0,-10,-10,-10,-10,0,0,1,0,False
1786959803.3053916,20,1787231460.2741313,37.54,0.7115,37.31,0.7522,True,37.6,36.5,38.6,0.95,0.005,0.0,0.7,0.03,2,1787231470.326567,1786959809.4051678,0,-10,-10,-10,-10,0,0,1,0,False
1786959803.3053916,20,1787231480.35585,37.56,0.7114,37.32,0.7521,True,37.6,36.5,38.6,0.95,0.005,0.0,0.7,0.03,2,1787231490.4078748,1786959809.4051678,0,-10,-10,-10,-10,0,0,1,0,False
1786959803.3053916,20,1787231500.4472384,37.6,0.7116,37.32,0.7524,True,37.6,36.5,38.6,0.95,0.005,0.0,0.7,0.03,2,1787231502.4088287,1786959809.4051678,0,-10,-10,-10,-10,0,0,1,0,False
1786959803.3053916,20,1787231522.5087285,37.58,0.7114,37.35,0.7521,True,37.6,36.5,38.6,0.95,0.005,0.0,0.7,0.03,2,1787231532.5688717,1786959809.4051678,0,-10,-10,-10,-10,0,0,1,0,False
1786959803.3053916,20,1787231542.6051831,37.62,0.7115,37.32,0.7526,True,37.6,36.5,38.6,0.95,0.005,0.0,0.7,0.03,2,1787231552.6617014,1786959809.4051678,0,-10,-10,-10,-10,0,0,0,0,False
1786959803.3053916,20,1787231562.689607,37.62,0.7112999999999999,37.34,0.7524,True,37.6,36.5,38.6,0.95,0.005,0.0,0.7,0.03,2,1787231572.7503996,1786959809.4051678,0,-10,-10,-10,-10,0,0,0,0,False
1786959803.3053916,20,1787231582.80045,37.59,0.7108,37.37,0.7517,True,37.6,36.5,38.6,0.95,0.005,0.0,0.7,0.03,2,1787231592.85588,1786959809.4051678,0,-10,-10,-10,-10,0,0,1,0,False
1786959803.3053916,20,1787231602.8953395,37.61,0.7108,37.37,0.7515999999999999,True,37.6,36.5,38.6,0.95,0.005,0.0,0.7,0.03,2,1787231612.9485993,1786959809.4051678,0,-10,-10,-10,-10,0,0,0,0,False
1786959803.3053916,20,1787231622.9881017,37.59,0.7101999999999999,37.38,0.7511,True,37.6,36.5,38.6,0.95,0.005,0.0,0.7,0.03,2,1787231635.0348394,1786959809.4051678,0,-10,-10,-10,-10,0,0,1,0,False
1786959803.3053916,20,1787231645.0779016,37.57,0.7103,37.43,0.7511,True,37.6,36.5,38.6,0.95,0.005,0.0,0.7,0.03,2,1787231655.1239748,1786959809.4051678,0,-10,-10,-10,-10,0,0,1,0,False
1786959803.3053916,20,1787231665.1767662,37.6,0.7108,37.36,0.7514000000000001,True,37.6,36.5,38.6,0.95,0.005,0.0,0.7,0.03,2,1787231665.1857805,1786959809.4051678,0,-10,-10,-10,-10,0,0,0,0,False
1786959803.3053916,20,1787231685.2749352,37.63,0.7105,37.38,0.7511,True,37.6,36.5,38.6,0.95,0.005,0.0,0.7,0.03,2,1787231695.3268628,1786959809.4051678,0,-10,-10,-10,-10,0,0,0,0,False
1786959803.3053916,20,1787231705.3603966,37.62,0.7104,37.39,0.7509,True,37.6,36.5,38.6,0.95,0.005,0.0,0.7,0.03,2,1787231715.4059503,1786959809.4051678,0,-10,-10,-10,-10,0,0,0,0,False
1786959803.3053916,20,1787231725.4463086,37.61,0.7101999999999999,37.39,0.7506999999999999,True,37.6,36.5,38.6,0.95,0.005,0.0,0.7,0.03,2,1787231735.5036447,1786959809.4051678,0,-10,-10,-10,-10,0,0,0,0,False
1786959803.3053916,20,1787231745.5348341,37.57,0.71,37.39,0.7504000000000001,True,37.6,36.5,38.6,0.95,0.005,0.0,0.7,0.03,2,1787231757.575904,1786959809.4051678,0,-10,-10,-10,-10,0,0,1,0,False
1786959803.3053916,20,1787231767.6141646,37.57,0.7101999999999999,37.37,0.7503000000000001,True,37.6,36.5,38.6,0.95,0.005,0.0,0.7,0.03,2,1787231777.674055,1786959809.4051678,0,-10,-10,-10,-10,0,0,1,0,False
1786959803.3053916,20,1787231787.7421668,37.58,0.7104,37.38,0.7504000000000001,True,37.6,36.5,38.6,0.95,0.005,0.0,0.7,0.03,2,1787231797.8002942,1786959809.4051678,0,-10,-10,-10,-10,0,0,1,0,False
1786959803.3053916,20,1787231807.8519237,37.6,0.711,37.38,0.7506,True,37.6,36.5,38.6,0.95,0.005,0.0,0.7,0.03,2,1787231807.8608484,1786959809.4051678,0,-10,-10,-10,-10,0,0,1,0,False
1786959803.3053916,20,1787231827.9309535,37.58,0.7115,37.39,0.7511,True,37.6,36.5,38.6,0.95,0.005,0.0,0.7,0.03,2,1787231837.9809005,1786959809.4051678,0,-10,-10,-10,-10,0,0,1,0,False
1786959803.3053916,20,1787231848.0140905,37.59,0.7120000000000001,37.37,0.7511,True,37.6,36.5,38.6,0.95,0.005,0.0,0.7,0.03,2,1787231858.0723724,1786959809.4051678,0,-10,-10,-10,-10,0,0,1,0,False
1786959803.3053916,20,1787231868.0990586,37.56,0.7120000000000001,37.41,0.7515999999999999,True,37.6,36.5,38.6,0.95,0.005,0.0,0.7,0.03,2,1787231880.13454,1786959809.4051678,0,-10,-10,-10,-10,0,0,1,0,False
1786959803.3053916,20,1787231890.1883461,37.61,0.7123999999999999,37.4,0.7518000000000001,True,37.6,36.5,38.6,0.95,0.005,0.0,0.7,0.03,2,1787231900.2468188,1786959809.4051678,0,-10,-10,-10,-10,0,0,0,0,False
1786959803.3053916,20,1787231910.2998056,37.61,0.7123,37.43,0.7518000000000001,True,37.6,36.5,38.6,0.95,0.005,0.0,0.7,0.03,2,1787231920.3636186,1786959809.4051678,0,-10,-10,-10,-10,0,0,0,0,False
1786959803.3053916,20,1787231930.391499,37.58,0.7117,37.39,0.7511,True,37.6,36.5,38.6,0.95,0.005,0.0,0.7,0.03,2,1787231940.4316254,1786959809.4051678,0,-10,-10,-10,-10,0,0,1,0,False
1786959803.3053916,20,1787231950.4572883,37.62,0.7122,37.42,0.7512000000000001,True,37.6,36.5,38.6,0.95,0.005,0.0,0.7,0.03,2,1787231960.5147915,1786959809.4051678,0,-10,-10,-10,-10,0,0,0,0,False
1786959803.3053916,20,1787231970.5433521,37.57,0.7118000000000001,37.43,0.7514000000000001,True,37.6,36.5,38.6,0.95,0.005,0.0,0.7,0.03,2,1787231980.6093512,1786959809.4051678,0,-10,-10,-10,-10,0,0,1,0,False
1786959803.3053916,20,1787231990.6427255,37.59,0.7116,37.41,0.7509,True,37.6,36.5,38.6,0.95,0.005,0.0,0.7,0.03,2,1787232002.6945121,1786959809.4051678,0,-10,-10,-10,-10,0,0,1,0,False
1786959803.3053916,20,1787232012.7405186,37.59,0.7119,37.39,0.7512000000000001,True,37.6,36.5,38.6,0.95,0.005,0.0,0.7,0.03,2,1787232022.7953355,1786959809.4051678,0,-10,-10,-10,-10,0,0,1,0,False
1786959803.3053916,20,1787232032.8452172,37.63,0.7122,37.42,0.7512000000000001,True,37.6,36.5,38.6,0.95,0.005,0.0,0.7,0.03,2,1787232042.9029245,1786959809.4051678,0,-10,-10,-10,-10,0,0,0,0,False
1786959803.3053916,20,1787232052.9515064,37.62,0.7123999999999999,37.43,0.7514000000000001,True,37.6,36.5,38.6,0.95,0.005,0.0,0.7,0.03,2,1787232062.993032,1786959809.4051678,0,-10,-10,-10,-10,0,0,0,0,False
1786959803.3053916,20,1787232073.0483804,37.6,0.7117,37.43,0.7508,True,37.6,36.5,38.6,0.95,0.005,0.0,0.7,0.03,2,1787232073.0589743,1786959809.4051678,0,-10,-10,-10,-10,0,0,0,0,False
1786959803.3053916,20,1787232093.124049,37.62,0.7112999999999999,37.42,0.7504000000000001,True,37.6,36.5,38.6,0.95,0.005,0.0,0.7,0.03,2,1787232103.1698556,1786959809.4051678,0,-10,-10,-10,-10,0,0,0,0,False
1786959803.3053916,20,1787232113.2060058,37.6,0.7112,37.44,0.7504000000000001,True,37.6,36.5,38.6,0.95,0.005,0.0,0.7,0.03,2,1787232103.1698556,1786959809.4051678,0,-10,-10,-10,-10,0,0,0,0,False
1786959803.3053916,20,1787232135.335711,37.57,0.7112,37.44,0.75,True,37.6,36.5,38.6,0.95,0.005,0.0,0.7,0.03,2,1787232145.3796523,1786959809.4051678,0,-10,-10,-10,-10,0,0,1,0,False
1786959803.3053916,20,1787232155.431279,37.59,0.7115,37.43,0.7502,True,37.6,36.5,38.6,0.95,0.005,0.0,0.7,0.03,2,1787232165.4783187,1786959809.4051678,0,-10,-10,-10,-10,0,0,1,0,False
1786959803.3053916,20,1787232175.5290112,37.56,0.7118000000000001,37.43,0.7503000000000001,True,37.6,36.5,38.6,0.95,0.005,0.0,0.7,0.03,2,1787232185.583487,1786959809.4051678,0,-10,-10,-10,-10,0,0,1,0,False
1786959803.3053916,20,1787232195.629672,37.58,0.7123999999999999,37.38,0.7508,True,37.6,36.5,38.6,0.95,0.005,0.0,0.7,0.03,2,1787232205.6918945,1786959809.4051678,0,-10,-10,-10,-10,0,0,1,0,False
1786959803.3053916,20,1787232215.7365623,37.59,0.7129000000000001,37.43,0.7512000000000001,True,37.6,36.5,38.6,0.95,0.005,0.0,0.7,0.03,2,1787232225.798716,1786959809.4051678,0,-10,-10,-10,-10,0,0,1,0,False
1786959803.3053916,20,1787232235.841867,37.57,0.7126,37.44,0.7511,True,37.6,36.5,38.6,0.95,0.005,0.0,0.7,0.03,2,1787232247.9104226,1786959809.4051678,0,-10,-10,-10,-10,0,0,1,0,False
1786959803.3053916,20,1787232257.9430108,37.57,0.7128,37.44,0.7513,True,37.6,36.5,38.6,0.95,0.005,0.0,0.7,0.03,2,1787232268.0236046,1786959809.4051678,0,-10,-10,-10,-10,0,0,1,0,False
1786959803.3053916,20,1787232278.0657792,37.57,0.7128,37.44,0.7513,True,37.6,36.5,38.6,0.95,0.005,0.0,0.7,0.03,2,1787232288.1258783,1786959809.4051678,0,-10,-10,-10,-10,0,0,1,0,False
1786959803.3053916,20,1787232298.1636753,37.61,0.713,37.46,0.7515999999999999,True,37.6,36.5,38.6,0.95,0.005,0.0,0.7,0.03,2,1787232308.2107193,1786959809.4051678,0,-10,-10,-10,-10,0,0,0,0,False
1786959803.3053916,20,1787232318.2556531,37.6,0.7127,37.44,0.7512000000000001,True,37.6,36.5,38.6,0.95,0.005,0.0,0.7,0.03,2,1787232318.2647533,1786959809.4051678,0,-10,-10,-10,-10,0,0,1,0,False
1786959803.3053916,20,1787232338.34198,37.61,0.7128,37.4,0.7511,True,37.6,36.5,38.6,0.95,0.005,0.0,0.7,0.03,2,1787232348.396862,1786959809.4051678,0,-10,-10,-10,-10,0,0,0,0,False
1786959803.3053916,20,1787232358.422909,37.61,0.7126,37.45,0.7512000000000001,True,37.6,36.5,38.6,0.95,0.005,0.0,0.7,0.03,2,1787232370.4838786,1786959809.4051678,0,-10,-10,-10,-10,0,0,0,0,False
1786959803.3053916,20,1787232380.5291917,37.61,0.7122,37.46,0.7506999999999999,True,37.6,36.5,38.6,0.95,0.005,0.0,0.7,0.03,2,1787232390.5926561,1786959809.4051678,0,-10,-10,-10,-10,0,0,0,0,False
1786959803.3053916,20,1787232400.6348982,37.59,0.7119,37.45,0.7501000000000001,True,37.6,36.5,38.6,0.95,0.005,0.0,0.7,0.03,2,1787232410.6849754,1786959809.4051678,0,-10,-10,-10,-10,0,0,1,0,False
1786959803.3053916,20,1787232420.7351315,37.6,0.7118000000000001,37.42,0.7499,True,37.6,36.5,38.6,0.95,0.005,0.0,0.7,0.03,2,1787232420.7445197,1786959809.4051678,0,-10,-10,-10,-10,0,0,0,0,False
1786959803.3053916,20,1787232440.8446996,37.57,0.7115,37.4,0.7498,True,37.6,36.5,38.6,0.95,0.005,0.0,0.7,0.03,2,1787232450.9069238,1786959809.4051678,0,-10,-10,-10,-10,0,0,1,0,False
1786959803.3053916,20,1787232460.9585822,37.54,0.7119,37.45,0.75,True,37.6,36.5,38.6,0.95,0.005,0.0,0.7,0.03,2,1787232471.01194,1786959809.4051678,0,-10,-10,-10,-10,0,0,1,0,False
1786959803.3053916,20,1787232481.0468533,37.57,0.7126,37.45,0.7506,True,37.6,36.5,38.6,0.95,0.005,0.0,0.7,0.03,2,1787232493.141839,1786959809.4051678,0,-10,-10,-10,-10,0,0,1,0,False
1786959803.3053916,20,1787232503.1793764,37.57,0.7127,37.46,0.7503000000000001,True,37.6,36.5,38.6,0.95,0.005,0.0,0.7,0.03,2,1787232513.2258663,1786959809.4051678,0,-10,-10,-10,-10,0,0,1,0,False
1786959803.3053916,20,1787232523.2671247,37.56,0.7127,37.42,0.7509,True,37.6,36.5,38.6,0.95,0.005,0.0,0.7,0.03,2,1787232533.3288066,1786959809.4051678,0,-10,-10,-10,-10,0,0,1,0,False
1786959803.3053916,20,1787232543.37614,37.61,0.7132,37.42,0.7512000000000001,True,37.6,36.5,38.6,0.95,0.005,0.0,0.7,0.03,2,1787232553.4214563,1786959809.4051678,0,-10,-10,-10,-10,0,0,0,0,False
1786959803.3053916,20,1787232563.4546957,37.56,0.7133,37.45,0.7513,True,37.6,36.5,38.6,0.95,0.005,0.0,0.7,0.03,2,1787232573.5187201,1786959809.4051678,0,-10,-10,-10,-10,0,0,1,0,False
1786959803.3053916,20,1787232583.5644197,37.59,0.7134,37.45,0.7508,True,37.6,36.5,38.6,0.95,0.005,0.0,0.7,0.03,2,1787232593.600829,1786959809.4051678,0,-10,-10,-10,-10,0,0,1,0,False
1786959803.3053916,20,1787232603.6410222,37.6,0.7136,37.47,0.7515999999999999,True,37.6,36.5,38.6,0.95,0.005,0.0,0.7,0.03,2,1787232605.8699448,1786959809.4051678,0,-10,-10,-10,-10,0,0,1,0,False
1786959803.3053916,20,1787232625.9728994,37.61,0.7137000000000001,37.47,0.7518000000000001,True,37.6,36.5,38.6,0.95,0.005,0.0,0.7,0.03,2,1787232636.0401168,1786959809.4051678,0,-10,-10,-10,-10,0,0,0,0,False
1786959803.3053916,20,1787232646.0725777,37.62,0.7136,37.44,0.7515000000000001,True,37.6,36.5,38.6,0.95,0.005,0.0,0.7,0.03,2,1787232656.1418393,1786959809.4051678,0,-10,-10,-10,-10,0,0,0,0,False
1786959803.3053916,20,1787232666.178822,37.62,0.7131000000000001,37.45,0.751,True,37.6,36.5,38.6,0.95,0.005,0.0,0.7,0.03,2,1787232676.2492027,1786959809.4051678,0,-10,-10,-10,-10,0,0,0,0,False
1786959803.3053916,20,1787232686.286016,37.62,0.7125,37.46,0.7506,True,37.6,36.5,38.6,0.95,0.005,0.0,0.7,0.03,2,1787232696.3487005,1786959809.4051678,0,-10,-10,-10,-10,0,0,0,0,False
1786959803.3053916,20,1787232706.3789153,37.59,0.7123,37.49,0.7503000000000001,True,37.6,36.5,38.6,0.95,0.005,0.0,0.7,0.03,2,1787232716.4174407,1786959809.4051678,0,-10,-10,-10,-10,0,0,1,0,False
1786959803.3053916,20,1787232726.4760737,37.58,0.7121,37.46,0.7501000000000001,True,37.6,36.5,38.6,0.95,0.005,0.0,0.7,0.03,2,1787232738.5144818,1786959809.4051678,0,-10,-10,-10,-10,0,0,1,0,False
1786959803.3053916,20,1787232748.5689812,37.57,0.7121,37.45,0.7498,True,37.6,36.5,38.6,0.95,0.005,0.0,0.7,0.03,2,1787232758.6283073,1786959809.4051678,0,-10,-10,-10,-10,0,0,1,0,False
1786959803.3053916,20,1787232768.6665382,37.57,0.7126,37.45,0.7505,True,37.6,36.5,38.6,0.95,0.005,0.0,0.7,0.03,2,1787232778.7217717,1786959809.4051678,0,-10,-10,-10,-10,0,0,1,0,False
1786959803.3053916,20,1787232788.7561455,37.6,0.713,37.45,0.7506,True,37.6,36.5,38.6,0.95,0.005,0.0,0.7,0.03,2,1787232788.7648382,1786959809.4051678,0,-10,-10,-10,-10,0,0,1,0,False
1786959803.3053916,20,1787232808.8405707,37.58,0.7134,37.45,0.751,True,37.6,36.5,38.6,0.95,0.005,0.0,0.7,0.03,2,1787232818.9036238,1786959809.4051678,0,-10,-10,-10,-10,0,0,1,0,False
1786959803.3053916,20,1787232828.9591472,37.6,0.7137000000000001,37.46,0.7512000000000001,True,37.6,36.5,38.6,0.95,0.005,0.0,0.7,0.03,2,1787232828.9691782,1786959809.4051678,0,-10,-10,-10,-10,0,0,1,0,False
1786959803.3053916,20,1787232849.0552576,37.65,0.7137000000000001,37.43,0.7515000000000001,True,37.6,36.5,38.6,0.95,0.005,0.0,0.7,0.03,2,1787232860.926911,1786959809.4051678,0,-10,-10,-10,-10,0,0,0,0,False
1786959803.3053916,20,1787232870.974575,37.6,0.7137000000000001,37.48,0.7515999999999999,True,37.6,36.5,38.6,0.95,0.005,0.0,0.7,0.03,2,1787232860.926911,1786959809.4051678,0,-10,-10,-10,-10,0,0,0,0,False
1786959803.3053916,20,1787232891.0760343,37.61,0.7132,37.47,0.751,True,37.6,36.5,38.6,0.95,0.005,0.0,0.7,0.03,2,1787232901.1328325,1786959809.4051678,0,-10,-10,-10,-10,0,0,0,0,False
1786959803.3053916,20,1787232911.182638,37.61,0.7128,37.47,0.7505,True,37.6,36.5,38.6,0.95,0.005,0.0,0.7,0.03,2,1787232921.226669,1786959809.4051678,0,-10,-10,-10,-10,0,0,0,0,False
1786959803.3053916,20,1787232931.265361,37.57,0.7125,37.48,0.75,True,37.6,36.5,38.6,0.95,0.005,0.0,0.7,0.03,2,1787232941.3284016,1786959809.4051678,0,-10,-10,-10,-10,0,0,1,0,False
1786959803.3053916,20,1787232951.3788679,37.61,0.7121,37.43,0.7498,True,37.6,36.5,38.6,0.95,0.005,0.0,0.7,0.03,2,1787232961.4315555,1786959809.4051678,0,-10,-10,-10,-10,0,0,0,0,False
1786959803.3053916,20,1787232971.464855,37.57,0.7122,37.48,0.7495999999999999,True,37.6,36.5,38.6,0.95,0.005,0.0,0.7,0.03,2,1787232983.6096554,1786959809.4051678,0,-10,-10,-10,-10,0,0,1,0,False
1786959803.3053916,20,1787232993.6453915,37.57,0.7122,37.47,0.7495999999999999,True,37.6,36.5,38.6,0.95,0.005,0.0,0.7,0.03,2,1787233003.712534,1786959809.4051678,0,-10,-10,-10,-10,0,0,1,0,False
1786959803.3053916,20,1787233013.7459881,37.6,0.7126,37.44,0.7499,True,37.6,36.5,38.6,0.95,0.005,0.0,0.7,0.03,2,1787233013.7546835,1786959809.4051678,0,-10,-10,-10,-10,0,0,1,0,False
1786959803.3053916,20,1787233033.8256695,37.56,0.7131000000000001,37.48,0.7505,True,37.6,36.5,38.6,0.95,0.005,0.0,0.7,0.03,2,1787233043.8895774,1786959809.4051678,0,-10,-10,-10,-10,0,0,1,0,False
1786959803.3053916,20,1787233053.937042,37.57,0.7134,37.48,0.7506999999999999,True,37.6,36.5,38.6,0.95,0.005,0.0,0.7,0.03,2,1787233063.9804397,1786959809.4051678,0,-10,-10,-10,-10,0,0,1,0,False
1786959803.3053916,20,1787233074.011474,37.58,0.7137000000000001,37.45,0.7511,True,37.6,36.5,38.6,0.95,0.005,0.0,0.7,0.03,2,1787233084.0674183,1786959809.4051678,0,-10,-10,-10,-10,0,0,1,0,False
1786959803.3053916,20,1787233094.1104522,37.57,0.7138,37.45,0.7515000000000001,True,37.6,36.5,38.6,0.95,0.005,0.0,0.7,0.03,2,1787233106.3136063,1786959809.4051678,0,-10,-10,-10,-10,0,0,1,0,False
1786959803.3053916,20,1787233116.3594706,37.59,0.7144,37.44,0.7515000000000001,True,37.6,36.5,38.6,0.95,0.005,0.0,0.7,0.03,2,1787233126.4046762,1786959809.4051678,0,-10,-10,-10,-10,0,0,1,0,False
1786959803.3053916,20,1787233136.4428189,37.58,0.7140000000000001,37.5,0.7518000000000001,True,37.6,36.5,38.6,0.95,0.005,0.0,0.7,0.03,2,1787233146.4855676,1786959809.4051678,0,-10,-10,-10,-10,0,0,1,0,False
1786959803.3053916,20,1787233156.5456192,37.62,0.7140000000000001,37.47,0.7515000000000001,True,37.6,36.5,38.6,0.95,0.005,0.0,0.7,0.03,2,1787233166.6068542,1786959809.4051678,0,-10,-10,-10,-10,0,0,0,0,False
1786959803.3053916,20,1787233176.653715,37.65,0.7138,37.47,0.7511,True,37.6,36.5,38.6,0.95,0.005,0.0,0.7,0.03,2,1787233186.6945455,1786959809.4051678,0,-10,-10,-10,-10,0,0,0,0,False
1786959803.3053916,20,1787233196.7364764,37.62,0.7132,37.49,0.751,True,37.6,36.5,38.6,0.95,0.005,0.0,0.7,0.03,2,1787233206.8065019,1786959809.4051678,0,-10,-10,-10,-10,0,0,0,0,False
1786959803.3053916,20,1787233216.8506498,37.59,0.713,37.46,0.7503000000000001,True,37.6,36.5,38.6,0.95,0.005,0.0,0.7,0.03,2,1787233228.9870448,1786959809.4051678,0,-10,-10,-10,-10,0,0,1,0,False
1786959803.3053916,20,1787233239.0201366,37.63,0.7129000000000001,37.51,0.7506,True,37.6,36.5,38.6,0.95,0.005,0.0,0.7,0.03,2,1787233249.070805,1786959809.4051678,0,-10,-10,-10,-10,0,0,0,0,False
1786959803.3053916,20,1787233259.115626,37.61,0.7127,37.47,0.7498,True,37.6,36.5,38.6,0.95,0.005,0.0,0.7,0.03,2,1787233269.1888008,1786959809.4051678,0,-10,-10,-10,-10,0,0,0,0,False
1786959803.3053916,20,1787233279.2368748,37.58,0.7122,37.43,0.7498,True,37.6,36.5,38.6,0.95,0.005,0.0,0.7,0.03,2,1787233289.3033214,1786959809.4051678,0,-10,-10,-10,-10,0,0,1,0,False
1786959803.3053916,20,1787233299.3478794,37.61,0.7128,37.48,0.75,True,37.6,36.5,38.6,0.95,0.005,0.0,0.7,0.03,2,1787233309.3836875,1786959809.4051678,0,-10,-10,-10,-10,0,0,0,0,False
1786959803.3053916,20,1787233319.4240177,37.59,0.7129000000000001,37.46,0.7499,True,37.6,36.5,38.6,0.95,0.005,0.0,0.7,0.03,2,1787233329.4748611,1786959809.4051678,0,-10,-10,-10,-10,0,0,1,0,False
1786959803.3053916,20,1787233339.5240526,37.59,0.7129000000000001,37.47,0.7499,True,37.6,36.5,38.6,0.95,0.005,0.0,0.7,0.03,2,1787233351.6447604,1786959809.4051678,0,-10,-10,-10,-10,0,0,1,0,False
1786959803.3053916,20,1787233361.69599,37.6,0.7133,37.47,0.7506,True,37.6,36.5,38.6,0.95,0.005,0.0,0.7,0.03,2,1787233361.7047117,1786959809.4051678,0,-10,-10,-10,-10,0,0,1,0,False
1786959803.3053916,20,1787233381.7936368,37.57,0.7136,37.51,0.7508,True,37.6,36.5,38.6,0.95,0.005,0.0,0.7,0.03,2,1787233391.8396182,1786959809.4051678,0,-10,-10,-10,-10,0,0,1,0,False
1786959803.3053916,20,1787233401.8760083,37.58,0.7138,37.45,0.7511,True,37.6,36.5,38.6,0.95,0.005,0.0,0.7,0.03,2,1787233411.9333382,1786959809.4051678,0,-10,-10,-10,-10,0,0,1,0,False
1786959803.3053916,20,1787233421.9849412,37.59,0.7139,37.46,0.7513,True,37.6,36.5,38.6,0.95,0.005,0.0,0.7,0.03,2,1787233432.0308,1786959809.4051678,0,-10,-10,-10,-10,0,0,1,0,False
1786959803.3053916,20,1787233442.0650246,37.55,0.7141,37.47,0.7515999999999999,True,37.6,36.5,38.6,0.95,0.005,0.0,0.7,0.03,2,1787233452.1235092,1786959809.4051678,0,-10,-10,-10,-10,0,0,1,0,False
1786959803.3053916,20,1787233462.1648219,37.61,0.7137000000000001,37.5,0.7515999999999999,True,37.6,36.5,38.6,0.95,0.005,0.0,0.7,0.03,2,1787233474.2834747,1786959809.4051678,0,-10,-10,-10,-10,0,0,0,0,False
1786959803.3053916,20,1787233484.314359,37.63,0.7137000000000001,37.49,0.751,True,37.6,36.5,38.6,0.95,0.005,0.0,0.7,0.03,2,1787233494.3649762,1786959809.4051678,0,-10,-10,-10,-10,0,0,0,0,False
1786959803.3053916,20,1787233504.3925505,37.67,0.7134999999999999,37.49,0.7506999999999999,True,37.6,36.5,38.6,0.95,0.005,0.0,0.7,0.03,2,1787233514.4368649,1786959809.4051678,0,-10,-10,-10,-10,0,0,0,0,False
1786959803.3053916,20,1787233524.4840565,37.62,0.7132,37.48,0.7505,True,37.6,36.5,38.6,0.95,0.005,0.0,0.7,0.03,2,1787233534.5346172,1786959809.4051678,0,-10,-10,-10,-10,0,0,0,0,False
1786959803.3053916,20,1787233544.5861309,37.59,0.7127,37.48,0.7504000000000001,True,37.6,36.5,38.6,0.95,0.005,0.0,0.7,0.03,2,1787233554.632794,1786959809.4051678,0,-10,-10,-10,-10,0,0,1,0,False
1786959803.3053916,20,1787233564.6711361,37.59,0.7126,37.5,0.7501000000000001,True,37.6,36.5,38.6,0.95,0.005,0.0,0.7,0.03,2,1787233574.7395518,1786959809.4051678,0,-10,-10,-10,-10,0,0,1,0,False
1786959803.3053916,20,1787233584.786208,37.57,0.7127,37.5,0.7501000000000001,True,37.6,36.5,38.6,0.95,0.005,0.0,0.7,0.03,2,1787233596.959686,1786959809.4051678,0,-10,-10,-10,-10,0,0,1,0,False
1786959803.3053916,20,1787233607.0105906,37.57,0.713,37.46,0.7503000000000001,True,37.6,36.5,38.6,0.95,0.005,0.0,0.7,0.03,2,1787233617.070899,1786959809.4051678,0,-10,-10,-10,-10,0,0,1,0,False
1786959803.3053916,20,1787233627.1261058,37.6,0.7131000000000001,37.47,0.7501000000000001,True,37.6,36.5,38.6,0.95,0.005,0.0,0.7,0.03,2,1787233627.1319156,1786959809.4051678,0,-10,-10,-10,-10,0,0,1,0,False
1786959803.3053916,20,1787233647.2051766,37.55,0.7136,37.47,0.751,True,37.6,36.5,38.6,0.95,0.005,0.0,0.7,0.03,2,1787233657.2536151,1786959809.4051678,0,-10,-10,-10,-10,0,0,1,0,False
1786959803.3053916,20,1787233667.2922606,37.57,0.7137000000000001,37.49,0.751,True,37.6,36.5,38.6,0.95,0.005,0.0,0.7,0.03,2,1787233677.3279033,1786959809.4051678,0,-10,-10,-10,-10,0,0,1,0,False
1786959803.3053916,20,1787233687.3748493,37.61,0.7137000000000001,37.49,0.7508,True,37.6,36.5,38.6,0.95,0.005,0.0,0.7,0.03,2,1787233697.4226754,1786959809.4051678,0,-10,-10,-10,-10,0,0,0,0,False
1786959803.3053916,20,1787233707.4641035,37.65,0.7139,37.5,0.751,True,37.6,36.5,38.6,0.95,0.005,0.0,0.7,0.03,2,1787233719.5075533,1786959809.4051678,0,-10,-10,-10,-10,0,0,0,0,False
1786959803.3053916,20,1787233729.5468924,37.63,0.7133,37.5,0.7504000000000001,True,37.6,36.5,38.6,0.95,0.005,0.0,0.7,0.03,2,1787233739.5963967,1786959809.4051678,0,-10,-10,-10,-10,0,0,0,0,False
1786959803.3053916,20,1787233749.6320162,37.63,0.7134999999999999,37.49,0.7505,True,37.6,36.5,38.6,0.95,0.005,0.0,0.7,0.03,2,1787233759.6722796,1786959809.4051678,0,-10,-10,-10,-10,0,0,0,0,False
1786959803.3053916,20,1787233769.7142398,37.64,0.7134,37.48,0.75,True,37.6,36.5,38.6,0.95,0.005,0.0,0.7,0.03,2,1787233779.7776368,1786959809.4051678,0,-10,-10,-10,-10,0,0,0,0,False
1786959803.3053916,20,1787233789.8271902,37.62,0.7131000000000001,37.48,0.7504000000000001,True,37.6,36.5,38.6,0.95,0.005,0.0,0.7,0.03,2,1787233799.8774078,1786959809.4051678,0,-10,-10,-10,-10,0,0,0,0,False
1786959803.3053916,20,1787233809.9294207,37.62,0.7134,37.5,0.7503000000000001,True,37.6,36.5,38.6,0.95,0.005,0.0,0.7,0.03,2,1787233819.973695,1786959809.4051678,0,-10,-10,-10,-10,0,0,0,0,False
1786959803.3053916,20,1787233830.0194523,37.59,0.7128,37.47,0.7498,True,37.6,36.5,38.6,0.95,0.005,0.0,0.7,0.03,2,1787233842.102677,1786959809.4051678,0,-10,-10,-10,-10,0,0,1,0,False
1786959803.3053916,20,1787233852.13436,37.57,0.7126,37.49,0.7499,True,37.6,36.5,38.6,0.95,0.005,0.0,0.7,0.03,2,1787233862.1767063,1786959809.4051678,0,-10,-10,-10,-10,0,0,1,0,False
1786959803.3053916,20,1787233872.2170403,37.58,0.7132,37.49,0.75,True,37.6,36.5,38.6,0.95,0.005,0.0,0.7,0.03,2,1787233882.2790463,1786959809.4051678,0,-10,-10,-10,-10,0,0,1,0,False
1786959803.3053916,20,1787233892.3356872,37.58,0.7133,37.46,0.7504000000000001,True,37.6,36.5,38.6,0.95,0.005,0.0,0.7,0.03,2,1787233902.3958519,1786959809.4051678,0,-10,-10,-10,-10,0,0,1,0,False
1786959803.3053916,20,1787233912.4443116,37.55,0.7137000000000001,37.48,0.7506,True,37.6,36.5,38.6,0.95,0.005,0.0,0.7,0.03,2,1787233922.510508,1786959809.4051678,0,-10,-10,-10,-10,0,0,1,0,False
1786959803.3053916,20,1787233932.5508509,37.61,0.7139,37.48,0.751,True,37.6,36.5,38.6,0.95,0.005,0.0,0.7,0.03,2,1787233942.5972147,1786959809.4051678,0,-10,-10,-10,-10,0,0,0,0,False
1786959803.3053916,20,1787233952.6440969,37.61,0.7140000000000001,37.49,0.7509,True,37.6,36.5,38.6,0.95,0.005,0.0,0.7,0.03,2,1787233964.7078269,1786959809.4051678,0,-10,-10,-10,-10,0,0,0,0,False
1786959803.3053916,20,1787233974.7635446,37.58,0.7138,37.47,0.7506999999999999,True,37.6,36.5,38.6,0.95,0.005,0.0,0.7,0.03,2,1787233984.8128514,1786959809.4051678,0,-10,-10,-10,-10,0,0,1,0,False
1786959803.3053916,20,1787233994.8647268,37.61,0.7139,37.46,0.7505,True,37.6,36.5,38.6,0.95,0.005,0.0,0.7,0.03,2,1787234004.933836,1786959809.4051678,0,-10,-10,-10,-10,0,0,0,0,False
1786959803.3053916,20,1787234014.9657593,37.58,0.7134,37.46,0.7502,True,37.6,36.5,38.6,0.95,0.005,0.0,0.7,0.03,2,1787234025.0198128,1786959809.4051678,0,-10,-10,-10,-10,0,0,1,0,False
1786959803.3053916,20,1787234035.0674465,37.59,0.7136,37.48,0.7506,True,37.6,36.5,38.6,0.95,0.005,0.0,0.7,0.03,2,1787234045.1185775,1786959809.4051678,0,-10,-10,-10,-10,0,0,1,0,False
1786959803.3053916,20,1787234055.170773,37.59,0.7138,37.45,0.7504000000000001,True,37.6,36.5,38.6,0.95,0.005,0.0,0.7,0.03,2,1787234065.231554,1786959809.4051678,0,-10,-10,-10,-10,0,0,1,0,False
1786959803.3053916,20,1787234075.288147,37.59,0.7139,37.49,0.7506999999999999,True,37.6,36.5,38.6,0.95,0.005,0.0,0.7,0.03,2,1787234087.4365418,1786959809.4051678,0,-10,-10,-10,-10,0,0,1,0,False
1786959803.3053916,20,1787234097.4816763,37.56,0.7138,37.48,0.751,True,37.6,36.5,38.6,0.95,0.005,0.0,0.7,0.03,2,1787234107.5343533,1786959809.4051678,0,-10,-10,-10,-10,0,0,1,0,False
1786959803.3053916,20,1787234117.5777876,37.62,0.7141,37.48,0.7506,True,37.6,36.5,38.6,0.95,0.005,0.0,0.7,0.03,2,1787234127.6326246,1786959809.4051678,0,-10,-10,-10,-10,0,0,0,0,False
1786959803.3053916,20,1787234137.662508,37.59,0.7138,37.51,0.7509,True,37.6,36.5,38.6,0.95,0.005,0.0,0.7,0.03,2,1787234147.7177227,1786959809.4051678,0,-10,-10,-10,-10,0,0,1,0,False
1786959803.3053916,20,1787234157.7626097,37.58,0.7137000000000001,37.49,0.7506999999999999,True,37.6,36.5,38.6,0.95,0.005,0.0,0.7,0.03,2,1787234167.824009,1786959809.4051678,0,-10,-10,-10,-10,0,0,1,0,False
1786959803.3053916,20,1787234177.8728716,37.62,0.7139,37.48,0.7509,True,37.6,36.5,38.6,0.95,0.005,0.0,0.7,0.03,2,1787234187.9095905,1786959809.4051678,0,-10,-10,-10,-10,0,0,0,0,False
1786959803.3053916,20,1787234197.9445379,37.59,0.7136,37.5,0.7504000000000001,True,37.6,36.5,38.6,0.95,0.005,0.0,0.7,0.03,2,1787234210.392628,1786959809.4051678,0,-10,-10,-10,-10,0,0,1,0,False
1786959803.3053916,20,1787234220.445133,37.59,0.7136,37.5,0.7508,True,37.6,36.5,38.6,0.95,0.005,0.0,0.7,0.03,2,1787234230.4889793,1786959809.4051678,0,-10,-10,-10,-10,0,0,1,0,False
1786959803.3053916,20,1787234240.5204356,37.62,0.7137000000000001,37.5,0.7506999999999999,True,37.6,36.5,38.6,0.95,0.005,0.0,0.7,0.03,2,1787234250.569424,1786959809.4051678,0,-10,-10,-10,-10,0,0,0,0,False
1786959803.3053916,20,1787234260.5966105,37.66,0.7136,37.49,0.7509,True,37.6,36.5,38.6,0.95,0.005,0.0,0.7,0.03,2,1787234270.6559675,1786959809.4051678,0,-10,-10,-10,-10,0,0,0,0,False
1786959803.3053916,20,1787234280.6913056,37.61,0.7133,37.49,0.7502,True,37.6,36.5,38.6,0.95,0.005,0.0,0.7,0.03,2,1787234290.7429245,1786959809.4051678,0,-10,-10,-10,-10,0,0,0,0,False
1786959803.3053916,20,1787234300.795404,37.62,0.7131000000000001,37.5,0.75,True,37.6,36.5,38.6,0.95,0.005,0.0,0.7,0.03,2,1787234310.854911,1786959809.4051678,0,-10,-10,-10,-10,0,0,0,0,False
1786959803.3053916,20,1787234320.9093592,37.62,0.713,37.46,0.7498,True,37.6,36.5,38.6,0.95,0.005,0.0,0.7,0.03,2,1787234333.1382551,1786959809.4051678,0,-10,-10,-10,-10,0,0,0,0,False
1786959803.3053916,20,1787234343.1744826,37.57,0.7127,37.51,0.7495,True,37.6,36.5,38.6,0.95,0.005,0.0,0.7,0.03,2,1787234353.22672,1786959809.4051678,0,-10,-10,-10,-10,0,0,1,0,False
1786959803.3053916,20,1787234363.286417,37.56,0.7127,37.48,0.7495999999999999,True,37.6,36.5,38.6,0.95,0.005,0.0,0.7,0.03,2,1787234373.3424358,1786959809.4051678,0,-10,-10,-10,-10,0,0,1,0,False
1786959803.3053916,20,1787234383.3883405,37.6,0.7133,37.49,0.7499,True,37.6,36.5,38.6,0.95,0.005,0.0,0.7,0.03,2,1787234373.3424358,1786959809.4051678,0,-10,-10,-10,-10,0,0,1,0,False
1786959803.3053916,20,1787234403.4987836,37.59,0.7138,37.47,0.7505,True,37.6,36.5,38.6,0.95,0.005,0.0,0.7,0.03,2,1787234413.5468872,1786959809.4051678,0,-10,-10,-10,-10,0,0,1,0,False
1786959803.3053916,20,1787234423.5881817,37.59,0.7145,37.49,0.7505,True,37.6,36.5,38.6,0.95,0.005,0.0,0.7,0.03,2,1787234433.6450937,1786959809.4051678,0,-10,-10,-10,-10,0,0,1,0,False
1786959803.3053916,20,1787234443.6918926,37.66,0.7143,37.49,0.7508,True,37.6,36.5,38.6,0.95,0.005,0.0,0.7,0.03,2,1787234455.6626222,1786959809.4051678,0,-10,-10,-10,-10,0,0,0,0,False
1786959803.3053916,20,1787234465.710309,37.64,0.7129000000000001,37.49,0.7506999999999999,True,37.6,36.5,38.6,0.95,0.005,0.0,0.7,0.03,2,1787234475.7604764,1786959809.4051678,0,-10,-10,-10,-10,0,0,0,0,False
1786959803.3053916,20,1787234485.7977943,37.72,0.7115,37.49,0.7502,True,37.6,36.5,38.6,0.95,0.005,0.0,0.7,0.03,2,1787234495.84862,1786959809.4051678,0,-10,-10,-10,-10,0,0,0,0,False
1786959803.3053916,20,1787234505.887271,37.69,0.7101000000000001,37.48,0.7495999999999999,True,37.6,36.5,38.6,0.95,0.005,0.0,0.7,0.03,2,1787234515.9348931,1786959809.4051678,0,-10,-10,-10,-10,0,0,0,0,False
1786959803.3053916,20,1787234525.9846523,37.75,0.7084999999999999,37.52,0.7491,True,37.6,36.5,38.6,0.95,0.005,0.0,0.7,0.03,2,1787234536.0489268,1786959809.4051678,0,-10,-10,-10,-10,0,0,0,0,False
1786959803.3053916,20,1787234546.07775,37.74,0.7081999999999999,37.5,0.7490000000000001,True,37.6,36.5,38.6,0.95,0.005,0.0,0.7,0.03,2,1787234556.1297157,1786959809.4051678,0,-10,-10,-10,-10,0,0,0,0,False
1786959803.3053916,20,1787234566.1583657,37.72,0.7073999999999999,37.48,0.7482,True,37.6,36.5,38.6,0.95,0.005,0.0,0.7,0.03,2,1787234578.2627723,1786959809.4051678,0,-10,-10,-10,-10,0,0,0,0,False
1786959803.3053916,20,1787234588.2958336,37.73,0.7070000000000001,37.5,0.7482,True,37.6,36.5,38.6,0.95,0.005,0.0,0.7,0.03,2,1787234598.3515067,1786959809.4051678,0,-10,-10,-10,-10,0,0,0,0,False
1786959803.3053916,20,1787234608.3862429,37.74,0.7069,37.49,0.7479000000000001,True,37.6,36.5,38.6,0.95,0.005,0.0,0.7,0.03,2,1787234618.447694,1786959809.4051678,0,-10,-10,-10,-10,0,0,0,0,False
1786959803.3053916,20,1787234628.4768443,37.76,0.7066,37.47,0.7476,True,37.6,36.5,38.6,0.95,0.005,0.0,0.7,0.03,2,1787234638.5349696,1786959809.4051678,0,-10,-10,-10,-10,0,0,0,0,False
1786959803.3053916,20,1787234648.5829413,37.73,0.7069,37.45,0.7474,True,37.6,36.5,38.6,0.95,0.005,0.0,0.7,0.03,2,1787234658.6396515,1786959809.4051678,0,-10,-10,-10,-10,0,0,0,0,False
1786959803.3053916,20,1787234668.688661,37.71,0.7070000000000001,37.5,0.7471,True,37.6,36.5,38.6,0.95,0.005,0.0,0.7,0.03,2,1787234678.737629,1786959809.4051678,0,-10,-10,-10,-10,0,0,0,0,False
1786959803.3053916,20,1787234688.7809565,37.68,0.7067,37.43,0.7469,True,37.6,36.5,38.6,0.95,0.005,0.0,0.7,0.03,2,1787234700.8965585,1786959809.4051678,0,-10,-10,-10,-10,0,0,0,0,False
1786959803.3053916,20,1787234710.9383392,37.62,0.7068000000000001,37.45,0.747,True,37.6,36.5,38.6,0.95,0.005,0.0,0.7,0.03,2,1787234720.9847808,1786959809.4051678,0,-10,-10,-10,-10,0,0,0,0,False
1786959803.3053916,20,1787234731.0359094,37.63,0.7071,37.42,0.7465999999999999,True,37.6,36.5,38.6,0.95,0.005,0.0,0.7,0.03,2,1787234741.0718281,1786959809.4051678,0,-10,-10,-10,-10,0,0,0,0,False
1786959803.3053916,20,1787234751.1172397,37.65,0.7072,37.45,0.7468000000000001,True,37.6,36.5,38.6,0.95,0.005,0.0,0.7,0.03,2,1787234761.1540525,1786959809.4051678,0,-10,-10,-10,-10,0,0,0,0,False
1786959803.3053916,20,1787234771.1917512,37.59,0.7073999999999999,37.42,0.7464000000000001,True,37.6,36.5,38.6,0.95,0.005,0.0,0.7,0.03,2,1787234781.2439427,1786959809.4051678,0,-10,-10,-10,-10,0,0,1,0,False
1786959803.3053916,20,1787234791.285617,37.56,0.708,37.47,0.7468000000000001,True,37.6,36.5,38.6,0.95,0.005,0.0,0.7,0.03,2,1787234801.326682,1786959809.4051678,0,-10,-10,-10,-10,0,0,1,0,False
1786959803.3053916,20,1787234811.359225,37.56,0.7084999999999999,37.39,0.7471,True,37.6,36.5,38.6,0.95,0.005,0.0,0.7,0.03,2,1787234823.4214895,1786959809.4051678,0,-10,-10,-10,-10,0,0,1,0,False
1786959803.3053916,20,1787234833.4710493,37.56,0.7089,37.4,0.7478,True,37.6,36.5,38.6,0.95,0.005,0.0,0.7,0.03,2,1787234843.517972,1786959809.4051678,0,-10,-10,-10,-10,0,0,1,0,False
1786959803.3053916,20,1787234853.5567355,37.62,0.7092,37.39,0.748,True,37.6,36.5,38.6,0.95,0.005,0.0,0.7,0.03,2,1787234863.606955,1786959809.4051678,0,-10,-10,-10,-10,0,0,0,0,False
1786959803.3053916,20,1787234873.6362553,37.63,0.7084,37.39,0.748,True,37.6,36.5,38.6,0.95,0.005,0.0,0.7,0.03,2,1787234883.707676,1786959809.4051678,0,-10,-10,-10,-10,0,0,0,0,False
1786959803.3053916,20,1787234893.7523408,37.64,0.7081999999999999,37.39,0.7482,True,37.6,36.5,38.6,0.95,0.005,0.0,0.7,0.03,2,1787234903.8077734,1786959809.4051678,0,-10,-10,-10,-10,0,0,0,0,False
1786959803.3053916,20,1787234913.8506901,37.67,0.7073999999999999,37.39,0.748,True,37.6,36.5,38.6,0.95,0.005,0.0,0.7,0.03,2,1787234923.8937798,1786959809.4051678,0,-10,-10,-10,-10,0,0,0,0,False
1786959803.3053916,20,1787234933.9392223,37.68,0.7065,37.43,0.7477,True,37.6,36.5,38.6,0.95,0.005,0.0,0.7,0.03,2,1787234945.929785,1786959809.4051678,0,-10,-10,-10,-10,0,0,0,0,False
1786959803.3053916,20,1787234955.9677868,37.64,0.7058,37.41,0.7475,True,37.6,36.5,38.6,0.95,0.005,0.0,0.7,0.03,2,1787234966.0360556,1786959809.4051678,0,-10,-10,-10,-10,0,0,0,0,False
1786959803.3053916,20,1787234976.0944552,37.64,0.7058,37.39,0.7473000000000001,True,37.6,36.5,38.6,0.95,0.005,0.0,0.7,0.03,2,1787234986.1642048,1786959809.4051678,0,-10,-10,-10,-10,0,0,0,0,False
1786959803.3053916,20,1787234996.2225034,37.65,0.7056,37.34,0.7467,True,37.6,36.5,38.6,0.95,0.005,0.0,0.7,0.03,2,1787235006.267068,1786959809.4051678,0,-10,-10,-10,-10,0,0,0,0,False
1786959803.3053916,20,1787235016.3000484,37.66,0.7055,37.36,0.7464000000000001,True,37.6,36.5,38.6,0.95,0.005,0.0,0.7,0.03,2,1787235026.3505728,1786959809.4051678,0,-10,-10,-10,-10,0,0,0,0,False
1786959803.3053916,20,1787235036.3993926,37.61,0.7056,37.34,0.7465,True,37.6,36.5,38.6,0.95,0.005,0.0,0.7,0.03,2,1787235046.4681408,1786959809.4051678,0,-10,-10,-10,-10,0,0,0,0,False
1786959803.3053916,20,1787235056.5206106,37.54,0.7058,37.37,0.7459,True,37.6,36.5,38.6,0.95,0.005,0.0,0.7,0.03,2,1787235068.6074908,1786959809.4051678,0,-10,-10,-10,-10,0,0,1,0,False
1786959803.3053916,20,1787235078.650568,37.54,0.7065,37.33,0.7465999999999999,True,37.6,36.5,38.6,0.95,0.005,0.0,0.7,0.03,2,1787235088.711742,1786959809.4051678,0,-10,-10,-10,-10,0,0,1,0,False
1786959803.3053916,20,1787235098.746279,37.57,0.7073,37.34,0.747,True,37.6,36.5,38.6,0.95,0.005,0.0,0.7,0.03,2,1787235108.818414,1786959809.4051678,0,-10,-10,-10,-10,0,0,1,0,False
1786959803.3053916,20,1787235118.8710802,37.56,0.7073999999999999,37.3,0.7475,True,37.6,36.5,38.6,0.95,0.005,0.0,0.7,0.03,2,1787235128.9289868,1786959809.4051678,0,-10,-10,-10,-10,0,0,1,0,False
1786959803.3053916,20,1787235138.9717612,37.57,0.7076000000000001,37.33,0.7479000000000001,True,37.6,36.5,38.6,0.95,0.005,0.0,0.7,0.03,2,1787235149.0406923,1786959809.4051678,0,-10,-10,-10,-10,0,0,1,0,False
1786959803.3053916,20,1787235159.0734475,37.62,0.7077,37.33,0.7483,True,37.6,36.5,38.6,0.95,0.005,0.0,0.7,0.03,2,1787235169.1166186,1786959809.4051678,0,-10,-10,-10,-10,0,0,0,0,False
1786959803.3053916,20,1787235179.1640315,37.61,0.7064,37.33,0.748,True,37.6,36.5,38.6,0.95,0.005,0.0,0.7,0.03,2,1787235191.329507,1786959809.4051678,0,-10,-10,-10,-10,0,0,0,0,False
1786959803.3053916,20,1787235201.3703632,37.67,0.7055,37.36,0.7476,True,37.6,36.5,38.6,0.95,0.005,0.0,0.7,0.03,2,1787235211.4355636,1786959809.4051678,0,-10,-10,-10,-10,0,0,0,0,False
1786959803.3053916,20,1787235221.4885445,37.65,0.7049,37.39,0.7476,True,37.6,36.5,38.6,0.95,0.005,0.0,0.7,0.03,2,1787235231.5578933,1786959809.4051678,0,-10,-10,-10,-10,0,0,0,0,False
1786959803.3053916,20,1787235241.592492,37.66,0.7046,37.33,0.7468000000000001,True,37.6,36.5,38.6,0.95,0.005,0.0,0.7,0.03,2,1787235251.6543884,1786959809.4051678,0,-10,-10,-10,-10,0,0,0,0,False
1786959803.3053916,20,1787235261.7113793,37.62,0.7044,37.35,0.7469,True,37.6,36.5,38.6,0.95,0.005,0.0,0.7,0.03,2,1787235271.7525232,1786959809.4051678,0,-10,-10,-10,-10,0,0,0,0,False
1786959803.3053916,20,1787235281.8089192,37.64,0.7043,37.31,0.7462000000000001,True,37.6,36.5,38.6,0.95,0.005,0.0,0.7,0.03,2,1787235291.8663926,1786959809.4051678,0,-10,-10,-10,-10,0,0,0,0,False
1786959803.3053916,20,1787235301.914047,37.59,0.7047,37.31,0.7461,True,37.6,36.5,38.6,0.95,0.005,0.0,0.7,0.03,2,1787235313.8790026,1786959809.4051678,0,-10,-10,-10,-10,0,0,1,0,False
1786959803.3053916,20,1787235323.9110813,37.59,0.7054,37.3,0.7467,True,37.6,36.5,38.6,0.95,0.005,0.0,0.7,0.03,2,1787235333.9605691,1786959809.4051678,0,-10,-10,-10,-10,0,0,1,0,False
1786959803.3053916,20,1787235344.002427,37.57,0.7059000000000001,37.32,0.7472,True,37.6,36.5,38.6,0.95,0.005,0.0,0.7,0.03,2,1787235354.043671,1786959809.4051678,0,-10,-10,-10,-10,0,0,1,0,False
1786959803.3053916,20,1787235364.092306,37.61,0.7061000000000001,37.36,0.7477,True,37.6,36.5,38.6,0.95,0.005,0.0,0.7,0.03,2,1787235374.1477082,1786959809.4051678,0,-10,-10,-10,-10,0,0,0,0,False
1786959803.3053916,20,1787235384.1767952,37.63,0.7057,37.33,0.7477,True,37.6,36.5,38.6,0.95,0.005,0.0,0.7,0.03,2,1787235394.2469296,1786959809.4051678,0,-10,-10,-10,-10,0,0,0,0,False
1786959803.3053916,20,1787235404.2962782,37.62,0.7048000000000001,37.31,0.7476,True,37.6,36.5,38.6,0.95,0.005,0.0,0.7,0.03,2,1787235414.3606336,1786959809.4051678,0,-10,-10,-10,-10,0,0,0,0,False
1786959803.3053916,20,1787235424.3935964,37.66,0.7044,37.32,0.7469,True,37.6,36.5,38.6,0.95,0.005,0.0,0.7,0.03,2,1787235436.6174827,1786959809.4051678,0,-10,-10,-10,-10,0,0,0,0,False
1786959803.3053916,20,1787235446.6562693,37.59,0.7039,37.31,0.7463,True,37.6,36.5,38.6,0.95,0.005,0.0,0.7,0.03,2,1787235456.7259355,1786959809.4051678,0,-10,-10,-10,-10,0,0,1,0,False
1786959803.3053916,20,1787235466.775623,37.61,0.7043,37.34,0.7468000000000001,True,37.6,36.5,38.6,0.95,0.005,0.0,0.7,0.03,2,1787235476.8257866,1786959809.4051678,0,-10,-10,-10,-10,0,0,0,0,False
1786959803.3053916,20,1787235486.8706279,37.59,0.7042,37.29,0.7464000000000001,True,37.6,36.5,38.6,0.95,0.005,0.0,0.7,0.03,2,1787235496.9436855,1786959809.4051678,0,-10,-10,-10,-10,0,0,1,0,False
1786959803.3053916,20,1787235506.994799,37.56,0.7045,37.29,0.7465999999999999,True,37.6,36.5,38.6,0.95,0.005,0.0,0.7,0.03,2,1787235517.053445,1786959809.4051678,0,-10,-10,-10,-10,0,0,1,0,False
1786959803.3053916,20,1787235527.1130626,37.59,0.7053,37.31,0.7472,True,37.6,36.5,38.6,0.95,0.005,0.0,0.7,0.03,2,1787235537.1826878,1786959809.4051678,0,-10,-10,-10,-10,0,0,1,0,False
1786959803.3053916,20,1787235547.2388783,37.57,0.7053,37.26,0.7474,True,37.6,36.5,38.6,0.95,0.005,0.0,0.7,0.03,2,1787235559.4346993,1786959809.4051678,0,-10,-10,-10,-10,0,0,1,0,False
1786959803.3053916,20,1787235569.4675732,37.61,0.7055,37.32,0.7478,True,37.6,36.5,38.6,0.95,0.005,0.0,0.7,0.03,2,1787235579.5258741,1786959809.4051678,0,-10,-10,-10,-10,0,0,0,0,False
1786959803.3053916,20,1787235589.5694222,37.63,0.7047,37.26,0.7477,True,37.6,36.5,38.6,0.95,0.005,0.0,0.7,0.03,2,1787235599.6147206,1786959809.4051678,0,-10,-10,-10,-10,0,0,0,0,False
1786959803.3053916,20,1787235609.6548471,37.68,0.7038,37.29,0.7473000000000001,True,37.6,36.5,38.6,0.95,0.005,0.0,0.7,0.03,2,1787235619.7093184,1786959809.4051678,0,-10,-10,-10,-10,0,0,0,0,False
1786959803.3053916,20,1787235629.7543898,37.67,0.7031000000000001,37.3,0.7471,True,37.6,36.5,38.6,0.95,0.005,0.0,0.7,0.03,2,1787235639.8169208,1786959809.4051678,0,-10,-10,-10,-10,0,0,0,0,False
1786959803.3053916,20,1787235649.8502524,37.64,0.703,37.29,0.7464000000000001,True,37.6,36.5,38.6,0.95,0.005,0.0,0.7,0.03,2,1787235659.8920221,1786959809.4051678,0,-10,-10,-10,-10,0,0,0,0,False
1786959803.3053916,20,1787235669.9266517,37.58,0.703,37.3,0.7465,True,37.6,36.5,38.6,0.95,0.005,0.0,0.7,0.03,2,1787235682.114603,1786959809.4051678,0,-10,-10,-10,-10,0,0,1,0,False
1786959803.3053916,20,1787235692.1443331,37.58,0.7031999999999999,37.26,0.7465,True,37.6,36.5,38.6,0.95,0.005,0.0,0.7,0.03,2,1787235702.2039852,1786959809.4051678,0,-10,-10,-10,-10,0,0,1,0,False
1786959803.3053916,20,1787235712.2508438,37.58,0.7043,37.29,0.7465,True,37.6,36.5,38.6,0.95,0.005,0.0,0.7,0.03,2,1787235722.2976828,1786959809.4051678,0,-10,-10,-10,-10,0,0,1,0,False
1786959803.3053916,20,1787235732.3356316,37.59,0.7045,37.27,0.7469,True,37.6,36.5,38.6,0.95,0.005,0.0,0.7,0.03,2,1787235742.3859274,1786959809.4051678,0,-10,-10,-10,-10,0,0,1,0,False
1786959803.3053916,20,1787235752.425412,37.59,0.705,37.26,0.7473000000000001,True,37.6,36.5,38.6,0.95,0.005,0.0,0.7,0.03,2,1787235762.4716475,1786959809.4051678,0,-10,-10,-10,-10,0,0,1,0,False
1786959803.3053916,20,1787235772.5091527,37.6,0.7048000000000001,37.3,0.7479000000000001,True,37.6,36.5,38.6,0.95,0.005,0.0,0.7,0.03,2,1787235772.5185702,1786959809.4051678,0,-10,-10,-10,-10,0,0,0,0,False
1786959803.3053916,20,1787235792.6018949,37.64,0.7038,37.27,0.7476,True,37.6,36.5,38.6,0.95,0.005,0.0,0.7,0.03,2,1787235804.808582,1786959809.4051678,0,-10,-10,-10,-10,0,0,0,0,False
1786959803.3053916,20,1787235814.8564057,37.64,0.7034,37.3,0.747,True,37.6,36.5,38.6,0.95,0.005,0.0,0.7,0.03,2,1787235824.9090219,1786959809.4051678,0,-10,-10,-10,-10,0,0,0,0,False
1786959803.3053916,20,1787235834.9549081,37.58,0.7026000000000001,37.28,0.7467,True,37.6,36.5,38.6,0.95,0.005,0.0,0.7,0.03,2,1787235844.9927845,1786959809.4051678,0,-10,-10,-10,-10,0,0,1,0,False
1786959803.3053916,20,1787235855.0330322,37.62,0.7034,37.29,0.7471,True,37.6,36.5,38.6,0.95,0.005,0.0,0.7,0.03,2,1787235865.0857432,1786959809.4051678,0,-10,-10,-10,-10,0,0,0,0,False
1786959803.3053916,20,1787235875.1343305,37.66,0.7029000000000001,37.22,0.7465999999999999,True,37.6,36.5,38.6,0.95,0.005,0.0,0.7,0.03,2,1787235885.1711633,1786959809.4051678,0,-10,-10,-10,-10,0,0,0,0,False
1786959803.3053916,20,1787235895.1955447,37.6,0.7025,37.26,0.7465,True,37.6,36.5,38.6,0.95,0.005,0.0,0.7,0.03,2,1787235895.20459,1786959809.4051678,0,-10,-10,-10,-10,0,0,0,0,False
1786959803.3053916,20,1787235915.3082526,37.58,0.7028,37.26,0.7462000000000001,True,37.6,36.5,38.6,0.95,0.005,0.0,0.7,0.03,2,1787235927.4320729,1786959809.4051678,0,-10,-10,-10,-10,0,0,1,0,False
1786959803.3053916,20,1787235937.4756298,37.58,0.7037000000000001,37.27,0.7462000000000001,True,37.6,36.5,38.6,0.95,0.005,0.0,0.7,0.03,2,1787235947.5492468,1786959809.4051678,0,-10,-10,-10,-10,0,0,1,0,False
1786959803.3053916,20,1787235957.582688,37.56,0.7043,37.27,0.7467,True,37.6,36.5,38.6,0.95,0.005,0.0,0.7,0.03,2,1787235967.638622,1786959809.4051678,0,-10,-10,-10,-10,0,0,1,0,False
1786959803.3053916,20,1787235977.6932929,37.59,0.7047,37.27,0.7473000000000001,True,37.6,36.5,38.6,0.95,0.005,0.0,0.7,0.03,2,1787235987.7487664,1786959809.4051678,0,-10,-10,-10,-10,0,0,1,0,False
1786959803.3053916,20,1787235997.809561,37.57,0.7046,37.26,0.7477,True,37.6,36.5,38.6,0.95,0.005,0.0,0.7,0.03,2,1787236007.84562,1786959809.4051678,0,-10,-10,-10,-10,0,0,1,0,False
1786959803.3053916,20,1787236017.8975787,37.61,0.7043,37.25,0.7478,True,37.6,36.5,38.6,0.95,0.005,0.0,0.7,0.03,2,1787236027.9633482,1786959809.4051678,0,-10,-10,-10,-10,0,0,0,0,False
1786959803.3053916,20,1787236038.0117655,37.64,0.7034,37.25,0.7474,True,37.6,36.5,38.6,0.95,0.005,0.0,0.7,0.03,2,1787236049.9960735,1786959809.4051678,0,-10,-10,-10,-10,0,0,0,0,False
1786959803.3053916,20,1787236060.0336528,37.67,0.7027,37.24,0.7469,True,37.6,36.5,38.6,0.95,0.005,0.0,0.7,0.03,2,1787236070.0866668,1786959809.4051678,0,-10,-10,-10,-10,0,0,0,0,False
1786959803.3053916,20,1787236080.1190586,37.63,0.7023999999999999,37.25,0.7469,True,37.6,36.5,38.6,0.95,0.005,0.0,0.7,0.03,2,1787236090.1666458,1786959809.4051678,0,-10,-10,-10,-10,0,0,0,0,False
1786959803.3053916,20,1787236100.2095034,37.62,0.7021,37.25,0.7465,True,37.6,36.5,38.6,0.95,0.005,0.0,0.7,0.03,2,1787236110.266603,1786959809.4051678,0,-10,-10,-10,-10,0,0,0,0,False
1786959803.3053916,20,1787236120.3096662,37.59,0.7019,37.25,0.7461,True,37.6,36.5,38.6,0.95,0.005,0.0,0.7,0.03,2,1787236130.3557549,1786959809.4051678,0,-10,-10,-10,-10,0,0,1,0,False
1786959803.3053916,20,1787236140.397988,37.61,0.7031000000000001,37.25,0.7467,True,37.6,36.5,38.6,0.95,0.005,0.0,0.7,0.03,2,1787236150.4418566,1786959809.4051678,0,-10,-10,-10,-10,0,0,0,0,False
1786959803.3053916,20,1787236160.484561,37.57,0.7031999999999999,37.24,0.7465,True,37.6,36.5,38.6,0.95,0.005,0.0,0.7,0.03,2,1787236172.646763,1786959809.4051678,0,-10,-10,-10,-10,0,0,1,0,False
1786959803.3053916,20,1787236182.6805527,37.54,0.7039,37.26,0.7469,True,37.6,36.5,38.6,0.95,0.005,0.0,0.7,0.03,2,1787236192.7205558,1786959809.4051678,0,-10,-10,-10,-10,0,0,1,0,False
1786959803.3053916,20,1787236202.7720695,37.56,0.7043,37.23,0.7475,True,37.6,36.5,38.6,0.95,0.005,0.0,0.7,0.03,2,1787236212.8307428,1786959809.4051678,0,-10,-10,-10,-10,0,0,1,0,False
1786959803.3053916,20,1787236222.8797069,37.6,0.7046,37.26,0.7478,True,37.6,36.5,38.6,0.95,0.005,0.0,0.7,0.03,2,1787236222.8887146,1786959809.4051678,0,-10,-10,-10,-10,0,0,1,0,False
1786959803.3053916,20,1787236242.956539,37.6,0.7042,37.26,0.7483,True,37.6,36.5,38.6,0.95,0.005,0.0,0.7,0.03,2,1787236242.9655268,1786959809.4051678,0,-10,-10,-10,-10,0,0,0,0,False
1786959803.3053916,20,1787236263.0643392,37.62,0.7031000000000001,37.24,0.7477,True,37.6,36.5,38.6,0.95,0.005,0.0,0.7,0.03,2,1787236273.1177301,1786959809.4051678,0,-10,-10,-10,-10,0,0,0,0,False
1786959803.3053916,20,1787236283.162949,37.65,0.7025,37.24,0.7475,True,37.6,36.5,38.6,0.95,0.005,0.0,0.7,0.03,2,1787236295.3553386,1786959809.4051678,0,-10,-10,-10,-10,0,0,0,0,False
1786959803.3053916,20,1787236305.3986013,37.64,0.7020000000000001,37.27,0.7469,True,37.6,36.5,38.6,0.95,0.005,0.0,0.7,0.03,2,1787236315.4483624,1786959809.4051678,0,-10,-10,-10,-10,0,0,0,0,False
1786959803.3053916,20,1787236325.4782398,37.58,0.7017,37.25,0.7465,True,37.6,36.5,38.6,0.95,0.005,0.0,0.7,0.03,2,1787236335.540618,1786959809.4051678,0,-10,-10,-10,-10,0,0,1,0,False
1786959803.3053916,20,1787236345.5864053,37.58,0.7019,37.25,0.747,True,37.6,36.5,38.6,0.95,0.005,0.0,0.7,0.03,2,1787236355.6385224,1786959809.4051678,0,-10,-10,-10,-10,0,0,1,0,False
1786959803.3053916,20,1787236365.6873837,37.6,0.7023999999999999,37.24,0.7468000000000001,True,37.6,36.5,38.6,0.95,0.005,0.0,0.7,0.03,2,1787236365.6946301,1786959809.4051678,0,-10,-10,-10,-10,0,0,0,0,False
1786959803.3053916,20,1787236385.7980006,37.61,0.7023,37.26,0.7469,True,37.6,36.5,38.6,0.95,0.005,0.0,0.7,0.03,2,1787236395.8664565,1786959809.4051678,0,-10,-10,-10,-10,0,0,0,0,False
1786959803.3053916,20,1787236405.8988323,37.57,0.7021,37.23,0.7463,True,37.6,36.5,38.6,0.95,0.005,0.0,0.7,0.03,2,1787236418.7935977,1786959809.4051678,0,-10,-10,-10,-10,0,0,1,0,False
1786959803.3053916,20,1787236428.8339205,37.53,0.7027,37.2,0.7469,True,37.6,36.5,38.6,0.95,0.005,0.0,0.7,0.03,2,1787236438.8833728,1786959809.4051678,0,-10,-10,-10,-10,0,0,1,0,False
1786959803.3053916,20,1787236448.930607,37.58,0.7036,37.25,0.7473000000000001,True,37.6,36.5,38.6,0.95,0.005,0.0,0.7,0.03,2,1787236458.989568,1786959809.4051678,0,-10,-10,-10,-10,0,0,1,0,False
1786959803.3053916,20,1787236469.0202177,37.58,0.7038,37.23,0.7476,True,37.6,36.5,38.6,0.95,0.005,0.0,0.7,0.03,2,1787236479.0793812,1786959809.4051678,0,-10,-10,-10,-10,0,0,1,0,False
1786959803.3053916,20,1787236489.1371894,37.59,0.7038,37.24,0.748,True,37.6,36.5,38.6,0.95,0.005,0.0,0.7,0.03,2,1787236499.200951,1786959809.4051678,0,-10,-10,-10,-10,0,0,1,0,False
1786959803.3053916,20,1787236509.2430043,37.65,0.7034999999999999,37.22,0.7483,True,37.6,36.5,38.6,0.95,0.005,0.0,0.7,0.03,2,1787236519.29736,1786959809.4051678,0,-10,-10,-10,-10,0,0,0,0,False
1786959803.3053916,20,1787236529.3487961,37.64,0.7020000000000001,37.23,0.7477,True,37.6,36.5,38.6,0.95,0.005,0.0,0.7,0.03,2,1787236542.3135564,1786959809.4051678,0,-10,-10,-10,-10,0,0,0,0,False
1786959803.3053916,20,1787236552.3626313,37.65,0.7014,37.24,0.7472,True,37.6,36.5,38.6,0.95,0.005,0.0,0.7,0.03,2,1787236562.4193356,1786959809.4051678,0,-10,-10,-10,-10,0,0,0,0,False
1786959803.3053916,20,1787236572.4593897,37.63,0.701,37.26,0.7469,True,37.6,36.5,38.6,0.95,0.005,0.0,0.7,0.03,2,1787236582.5129373,1786959809.4051678,0,-10,-10,-10,-10,0,0,0,0,False
1786959803.3053916,20,1787236592.5445962,37.63,0.7011000000000001,37.23,0.7463,True,37.6,36.5,38.6,0.95,0.005,0.0,0.7,0.03,2,1787236602.603598,1786959809.4051678,0,-10,-10,-10,-10,0,0,0,0,False
1786959803.3053916,20,1787236612.6493227,37.59,0.7012999999999999,37.22,0.7464000000000001,True,37.6,36.5,38.6,0.95,0.005,0.0,0.7,0.03,2,1787236622.7064962,1786959809.4051678,0,-10,-10,-10,-10,0,0,1,0,False
1786959803.3053916,20,1787236632.7487493,37.59,0.7022,37.22,0.7469,True,37.6,36.5,38.6,0.95,0.005,0.0,0.7,0.03,2,1787236642.8023682,1786959809.4051678,0,-10,-10,-10,-10,0,0,1,0,False
1786959803.3053916,20,1787236652.8467083,37.56,0.7027,37.24,0.7474,True,37.6,36.5,38.6,0.95,0.005,0.0,0.7,0.03,2,1787236665.0444386,1786959809.4051678,0,-10,-10,-10,-10,0,0,1,0,False
1786959803.3053916,20,1787236675.1013055,37.59,0.7028,37.22,0.7476,True,37.6,36.5,38.6,0.95,0.005,0.0,0.7,0.03,2,1787236685.1645567,1786959809.4051678,0,-10,-10,-10,-10,0,0,1,0,False
1786959803.3053916,20,1787236695.2023878,37.58,0.7028,37.28,0.7478,True,37.6,36.5,38.6,0.95,0.005,0.0,0.7,0.03,2,1787236705.2485805,1786959809.4051678,0,-10,-10,-10,-10,0,0,1,0,False
1786959803.3053916,20,1787236715.2997272,37.65,0.7031000000000001,37.22,0.7478,True,37.6,36.5,38.6,0.95,0.005,0.0,0.7,0.03,2,1787236725.3584046,1786959809.4051678,0,-10,-10,-10,-10,0,0,0,0,False
1786959803.3053916,20,1787236735.4080532,37.65,0.7019,37.22,0.7473000000000001,True,37.6,36.5,38.6,0.95,0.005,0.0,0.7,0.03,2,1787236745.4603894,1786959809.4051678,0,-10,-10,-10,-10,0,0,0,0,False
1786959803.3053916,20,1787236755.501301,37.63,0.7011000000000001,37.24,0.7471,True,37.6,36.5,38.6,0.95,0.005,0.0,0.7,0.03,2,1787236765.5394394,1786959809.4051678,0,-10,-10,-10,-10,0,0,0,0,False
1786959803.3053916,20,1787236775.5722494,37.61,0.701,37.21,0.7469,True,37.6,36.5,38.6,0.95,0.005,0.0,0.7,0.03,2,1787236787.7056558,1786959809.4051678,0,-10,-10,-10,-10,0,0,0,0,False
1786959803.3053916,20,1787236797.7571554,37.61,0.7012,37.2,0.7463,True,37.6,36.5,38.6,0.95,0.005,0.0,0.7,0.03,2,1787236807.8265648,1786959809.4051678,0,-10,-10,-10,-10,0,0,0,0,False
1786959803.3053916,20,1787236817.8841245,37.59,0.7014,37.24,0.7465999999999999,True,37.6,36.5,38.6,0.95,0.005,0.0,0.7,0.03,2,1787236827.932285,1786959809.4051678,0,-10,-10,-10,-10,0,0,1,0,False
1786959803.3053916,20,1787236837.971992,37.58,0.7020000000000001,37.22,0.7465999999999999,True,37.6,36.5,38.6,0.95,0.005,0.0,0.7,0.03,2,1787236848.0291736,1786959809.4051678,0,-10,-10,-10,-10,0,0,1,0,False
1786959803.3053916,20,1787236858.0635703,37.57,0.7023999999999999,37.22,0.7469,True,37.6,36.5,38.6,0.95,0.005,0.0,0.7,0.03,2,1787236868.113644,1786959809.4051678,0,-10,-10,-10,-10,0,0,1,0,False
1786959803.3053916,20,1787236878.1495774,37.55,0.703,37.19,0.7472,True,37.6,36.5,38.6,0.95,0.005,0.0,0.7,0.03,2,1787236888.1994178,1786959809.4051678,0,-10,-10,-10,-10,0,0,1,0,False
1786959803.3053916,20,1787236898.25161,37.58,0.7031000000000001,37.19,0.7477,True,37.6,36.5,38.6,0.95,0.005,0.0,0.7,0.03,2,1787236910.6405811,1786959809.4051678,0,-10,-10,-10,-10,0,0,1,0,False
1786959803.3053916,20,1787236920.6827047,37.57,0.7031000000000001,37.21,0.748,True,37.6,36.5,38.6,0.95,0.005,0.0,0.7,0.03,2,1787236930.7242785,1786959809.4051678,0,-10,-10,-10,-10,0,0,1,0,False
1786959803.3053916,20,1787236940.7776866,37.64,0.7028,37.22,0.748,True,37.6,36.5,38.6,0.95,0.005,0.0,0.7,0.03,2,1787236950.8276458,1786959809.4051678,0,-10,-10,-10,-10,0,0,0,0,False
1786959803.3053916,20,1787236960.8674204,37.64,0.7021,37.22,0.7476,True,37.6,36.5,38.6,0.95,0.005,0.0,0.7,0.03,2,1787236970.9047422,1786959809.4051678,0,-10,-10,-10,-10,0,0,0,0,False
1786959803.3053916,20,1787236980.9484909,37.61,0.7012999999999999,37.22,0.7474,True,37.6,36.5,38.6,0.95,0.005,0.0,0.7,0.03,2,1787236991.008425,1786959809.4051678,0,-10,-10,-10,-10,0,0,0,0,False
1786959803.3053916,20,1787237001.055993,37.65,0.7008,37.24,0.7471,True,37.6,36.5,38.6,0.95,0.005,0.0,0.7,0.03,2,1787237011.1055112,1786959809.4051678,0,-10,-10,-10,-10,0,0,0,0,False
1786959803.3053916,20,1787237021.1517396,37.61,0.7005,37.24,0.7464000000000001,True,37.6,36.5,38.6,0.95,0.005,0.0,0.7,0.03,2,1787237033.2676382,1786959809.4051678,0,-10,-10,-10,-10,0,0,0,0,False
1786959803.3053916,20,1787237043.2995834,37.59,0.701,37.21,0.7462000000000001,True,37.6,36.5,38.6,0.95,0.005,0.0,0.7,0.03,2,1787237053.3714976,1786959809.4051678,0,-10,-10,-10,-10,0,0,1,0,False
1786959803.3053916,20,1787237063.4180758,37.6,0.7020000000000001,37.2,0.7467,True,37.6,36.5,38.6,0.95,0.005,0.0,0.7,0.03,2,1787237063.426778,1786959809.4051678,0,-10,-10,-10,-10,0,0,1,0,False
1786959803.3053916,20,1787237083.5294251,37.57,0.7026000000000001,37.17,0.7474,True,37.6,36.5,38.6,0.95,0.005,0.0,0.7,0.03,2,1787237093.588133,1786959809.4051678,0,-10,-10,-10,-10,0,0,1,0,False
1786959803.3053916,20,1787237103.6273334,37.59,0.7028,37.16,0.7474,True,37.6,36.5,38.6,0.95,0.005,0.0,0.7,0.03,2,1787237113.6778793,1786959809.4051678,0,-10,-10,-10,-10,0,0,1,0,False
1786959803.3053916,20,1787237123.7233667,37.62,0.7026000000000001,37.21,0.7477,True,37.6,36.5,38.6,0.95,0.005,0.0,0.7,0.03,2,1787237133.783551,1786959809.4051678,0,-10,-10,-10,-10,0,0,0,0,False
1786959803.3053916,20,1787237143.8130133,37.64,0.7021,37.2,0.7476,True,37.6,36.5,38.6,0.95,0.005,0.0,0.7,0.03,2,1787237155.9200091,1786959809.4051678,0,-10,-10,-10,-10,0,0,0,0,False
1786959803.3053916,20,1787237165.9662342,37.63,0.7016,37.2,0.7474,True,37.6,36.5,38.6,0.95,0.005,0.0,0.7,0.03,2,1787237176.0257945,1786959809.4051678,0,-10,-10,-10,-10,0,0,0,0,False
1786959803.3053916,20,1787237186.080569,37.62,0.7011000000000001,37.19,0.7471,True,37.6,36.5,38.6,0.95,0.005,0.0,0.7,0.03,2,1787237196.1306872,1786959809.4051678,0,-10,-10,-10,-10,0,0,0,0,False
1786959803.3053916,20,1787237206.1571732,37.61,0.7005,37.22,0.7469,True,37.6,36.5,38.6,0.95,0.005,0.0,0.7,0.03,2,1787237216.2068422,1786959809.4051678,0,-10,-10,-10,-10,0,0,0,0,False
1786959803.3053916,20,1787237226.2552028,37.62,0.7008,37.23,0.7464000000000001,True,37.6,36.5,38.6,0.95,0.005,0.0,0.7,0.03,2,1787237236.3296325,1786959809.4051678,0,-10,-10,-10,-10,0,0,0,0,False
1786959803.3053916,20,1787237246.3710337,37.57,0.7011000000000001,37.19,0.7463,True,37.6,36.5,38.6,0.95,0.005,0.0,0.7,0.03,2,1787237256.4198291,1786959809.4051678,0,-10,-10,-10,-10,0,0,1,0,False
1786959803.3053916,20,1787237266.4514227,37.55,0.7019,37.18,0.7465999999999999,True,37.6,36.5,38.6,0.95,0.005,0.0,0.7,0.03,2,1787237278.5076752,1786959809.4051678,0,-10,-10,-10,-10,0,0,1,0,False
1786959803.3053916,20,1787237288.5548582,37.54,0.7027,37.19,0.7472,True,37.6,36.5,38.6,0.95,0.005,0.0,0.7,0.03,2,1787237298.6098435,1786959809.4051678,0,-10,-10,-10,-10,0,0,1,0,False
1786959803.3053916,20,1787237308.6365416,37.57,0.7034,37.2,0.7476,True,37.6,36.5,38.6,0.95,0.005,0.0,0.7,0.03,2,1787237318.6738765,1786959809.4051678,0,-10,-10,-10,-10,0,0,1,0,False
1786959803.3053916,20,1787237328.7297394,37.63,0.7031999999999999,37.18,0.7478,True,37.6,36.5,38.6,0.95,0.005,0.0,0.7,0.03,2,1787237338.7837582,1786959809.4051678,0,-10,-10,-10,-10,0,0,0,0,False
1786959803.3053916,20,1787237348.8333216,37.6,0.7025,37.17,0.7479000000000001,True,37.6,36.5,38.6,0.95,0.005,0.0,0.7,0.03,2,1787237348.8439386,1786959809.4051678,0,-10,-10,-10,-10,0,0,1,0,False
1786959803.3053916,20,1787237368.9310515,37.63,0.7022,37.22,0.7482,True,37.6,36.5,38.6,0.95,0.005,0.0,0.7,0.03,2,1787237378.9996767,1786959809.4051678,0,-10,-10,-10,-10,0,0,0,0,False
1786959803.3053916,20,1787237389.0471003,37.63,0.7012,37.2,0.7476,True,37.6,36.5,38.6,0.95,0.005,0.0,0.7,0.03,2,1787237401.0651085,1786959809.4051678,0,-10,-10,-10,-10,0,0,0,0,False
1786959803.3053916,20,1787237411.0954537,37.61,0.701,37.17,0.7469,True,37.6,36.5,38.6,0.95,0.005,0.0,0.7,0.03,2,1787237421.145223,1786959809.4051678,0,-10,-10,-10,-10,0,0,0,0,False
1786959803.3053916,20,1787237431.2005928,37.58,0.7003,37.2,0.7471,True,37.6,36.5,38.6,0.95,0.005,0.0,0.7,0.03,2,1787237441.2421248,1786959809.4051678,0,-10,-10,-10,-10,0,0,1,0,False
1786959803.3053916,20,1787237451.2922237,37.62,0.7008,37.22,0.7473000000000001,True,37.6,36.5,38.6,0.95,0.005,0.0,0.7,0.03,2,1787237461.347928,1786959809.4051678,0,-10,-10,-10,-10,0,0,0,0,False
1786959803.3053916,20,1787237471.3935227,37.6,0.7008,37.19,0.747,True,37.6,36.5,38.6,0.95,0.005,0.0,0.7,0.03,2,1787237471.402768,1786959809.4051678,0,-10,-10,-10,-10,0,0,0,0,False
1786959803.3053916,20,1787237491.4798121,37.61,0.7006,37.2,0.7468000000000001,True,37.6,36.5,38.6,0.95,0.005,0.0,0.7,0.03,2,1787237501.5268686,1786959809.4051678,0,-10,-10,-10,-10,0,0,0,0,False
1786959803.3053916,20,1787237511.5730507,37.61,0.7011000000000001,37.17,0.7464000000000001,True,37.6,36.5,38.6,0.95,0.005,0.0,0.7,0.03,2,1787237523.6935651,1786959809.4051678,0,-10,-10,-10,-10,0,0,0,0,False
1786959803.3053916,20,1787237533.719039,37.54,0.7014,37.19,0.7468000000000001,True,37.6,36.5,38.6,0.95,0.005,0.0,0.7,0.03,2,1787237543.7627385,1786959809.4051678,0,-10,-10,-10,-10,0,0,1,0,False
1786959803.3053916,20,1787237553.7999117,37.61,0.7022,37.21,0.7471,True,37.6,36.5,38.6,0.95,0.005,0.0,0.7,0.03,2,1787237563.8524067,1786959809.4051678,0,-10,-10,-10,-10,0,0,0,0,False
1786959803.3053916,20,1787237573.913142,37.57,0.7020000000000001,37.2,0.7473000000000001,True,37.6,36.5,38.6,0.95,0.005,0.0,0.7,0.03,2,1787237583.968987,1786959809.4051678,0,-10,-10,-10,-10,0,0,1,0,False
1786959803.3053916,20,1787237593.9955447,37.57,0.7017,37.16,0.7471,True,37.6,36.5,38.6,0.95,0.005,0.0,0.7,0.03,2,1787237604.062021,1786959809.4051678,0,-10,-10,-10,-10,0,0,1,0,False
1786959803.3053916,20,1787237614.1001728,37.55,0.7022,37.18,0.7478,True,37.6,36.5,38.6,0.95,0.005,0.0,0.7,0.03,2,1787237624.1544805,1786959809.4051678,0,-10,-10,-10,-10,0,0,1,0,False
1786959803.3053916,20,1787237634.1912038,37.62,0.7022,37.17,0.748,True,37.6,36.5,38.6,0.95,0.005,0.0,0.7,0.03,2,1787237646.2103455,1786959809.4051678,0,-10,-10,-10,-10,0,0,0,0,False
1786959803.3053916,20,1787237656.2479494,37.61,0.7014,37.21,0.7475,True,37.6,36.5,38.6,0.95,0.005,0.0,0.7,0.03,2,1787237666.3064613,1786959809.4051678,0,-10,-10,-10,-10,0,0,0,0,False
1786959803.3053916,20,1787237676.3560295,37.61,0.7009000000000001,37.2,0.7472,True,37.6,36.5,38.6,0.95,0.005,0.0,0.7,0.03,2,1787237686.3984563,1786959809.4051678,0,-10,-10,-10,-10,0,0,0,0,False
1786959803.3053916,20,1787237696.4296072,37.62,0.701,37.21,0.7471,True,37.6,36.5,38.6,0.95,0.005,0.0,0.7,0.03,2,1787237706.4803488,1786959809.4051678,0,-10,-10,-10,-10,0,0,0,0,False
1786959803.3053916,20,1787237716.5405262,37.59,0.7007,37.17,0.7468000000000001,True,37.6,36.5,38.6,0.95,0.005,0.0,0.7,0.03,2,1787237726.6023777,1786959809.4051678,0,-10,-10,-10,-10,0,0,1,0,False
1786959803.3053916,20,1787237736.6403005,37.57,0.7012,37.17,0.7465,True,37.6,36.5,38.6,0.95,0.005,0.0,0.7,0.03,2,1787237746.6935441,1786959809.4051678,0,-10,-10,-10,-10,0,0,1,0,False
1786959803.3053916,20,1787237756.748159,37.59,0.7017,37.17,0.7472,True,37.6,36.5,38.6,0.95,0.005,0.0,0.7,0.03,2,1787237768.969155,1786959809.4051678,0,-10,-10,-10,-10,0,0,1,0,False
1786959803.3053916,20,1787237779.0102246,37.57,0.7021,37.19,0.7477,True,37.6,36.5,38.6,0.95,0.005,0.0,0.7,0.03,2,1787237789.0615993,1786959809.4051678,0,-10,-10,-10,-10,0,0,1,0,False
1786959803.3053916,20,1787237799.1087837,37.6,0.7025,37.17,0.748,True,37.6,36.5,38.6,0.95,0.005,0.0,0.7,0.03,2,1787237789.0615993,1786959809.4051678,0,-10,-10,-10,-10,0,0,1,0,False
1786959803.3053916,20,1787237819.205256,37.61,0.7021,37.17,0.7478,True,37.6,36.5,38.6,0.95,0.005,0.0,0.7,0.03,2,1787237829.248848,1786959809.4051678,0,-10,-10,-10,-10,0,0,0,0,False
1786959803.3053916,20,1787237839.2913318,37.62,0.7012999999999999,37.22,0.7481,True,37.6,36.5,38.6,0.95,0.005,0.0,0.7,0.03,2,1787237849.334795,1786959809.4051678,0,-10,-10,-10,-10,0,0,0,0,False
1786959803.3053916,20,1787237859.374361,37.62,0.7004,37.21,0.7474,True,37.6,36.5,38.6,0.95,0.005,0.0,0.7,0.03,2,1787237869.4334457,1786959809.4051678,0,-10,-10,-10,-10,0,0,0,0,False
1786959803.3053916,20,1787237879.4808471,37.63,0.7001999999999999,37.18,0.7471,True,37.6,36.5,38.6,0.95,0.005,0.0,0.7,0.03,2,1787237891.6809404,1786959809.4051678,0,-10,-10,-10,-10,0,0,0,0,False
1786959803.3053916,20,1787237901.7203367,37.56,0.7000000000000001,37.19,0.7467,True,37.6,36.5,38.6,0.95,0.005,0.0,0.7,0.03,2,1787237911.7787874,1786959809.4051678,0,-10,-10,-10,-10,0,0,1,0,False
1786959803.3053916,20,1787237921.8205674,37.58,0.7008,37.18,0.7467,True,37.6,36.5,38.6,0.95,0.005,0.0,0.7,0.03,2,1787237931.8809514,1786959809.4051678,0,-10,-10,-10,-10,0,0,1,0,False
1786959803.3053916,20,1787237941.933886,37.57,0.7014,37.17,0.7472,True,37.6,36.5,38.6,0.95,0.005,0.0,0.7,0.03,2,1787237951.9858108,1786959809.4051678,0,-10,-10,-10,-10,0,0,1,0,False
1786959803.3053916,20,1787237962.0202756,37.59,0.7021,37.15,0.7475,True,37.6,36.5,38.6,0.95,0.005,0.0,0.7,0.03,2,1787237972.069041,1786959809.4051678,0,-10,-10,-10,-10,0,0,1,0,False
1786959803.3053916,20,1787237982.1212733,37.6,0.7021,37.18,0.748,True,37.6,36.5,38.6,0.95,0.005,0.0,0.7,0.03,2,1787237982.1298325,1786959809.4051678,0,-10,-10,-10,-10,0,0,1,0,False
1786959803.3053916,20,1787238002.2101445,37.63,0.7020000000000001,37.2,0.748,True,37.6,36.5,38.6,0.95,0.005,0.0,0.7,0.03,2,1787238015.9673815,1786959809.4051678,0,-10,-10,-10,-10,0,0,0,0,False
1786959803.3053916,20,1787238026.0132265,37.63,0.7015000000000001,37.19,0.7479000000000001,True,37.6,36.5,38.6,0.95,0.005,0.0,0.7,0.03,2,1787238036.0536172,1786959809.4051678,0,-10,-10,-10,-10,0,0,0,0,False
1786959803.3053916,20,1787238046.1024046,37.65,0.701,37.15,0.7478,True,37.6,36.5,38.6,0.95,0.005,0.0,0.7,0.03,2,1787238056.1727026,1786959809.4051678,0,-10,-10,-10,-10,0,0,0,0,False
1786959803.3053916,20,1787238066.2061303,37.6,0.701,37.21,0.7475,True,37.6,36.5,38.6,0.95,0.005,0.0,0.7,0.03,2,1787238066.215001,1786959809.4051678,0,-10,-10,-10,-10,0,0,0,0,False
1786959803.3053916,20,1787238086.3007226,37.57,0.7011000000000001,37.19,0.7472,True,37.6,36.5,38.6,0.95,0.005,0.0,0.7,0.03,2,1787238096.3688118,1786959809.4051678,0,-10,-10,-10,-10,0,0,1,0,False
1786959803.3053916,20,1787238106.4116387,37.53,0.7016,37.2,0.7473000000000001,True,37.6,36.5,38.6,0.95,0.005,0.0,0.7,0.03,2,1787238116.4636655,1786959809.4051678,0,-10,-10,-10,-10,0,0,1,0,False
1786959803.3053916,20,1787238126.5096989,37.52,0.7031000000000001,37.15,0.7475,True,37.6,36.5,38.6,0.95,0.005,0.0,0.7,0.03,2,1787238138.8464792,1786959809.4051678,0,-10,-10,-10,-10,0,0,1,0,False
1786959803.3053916,20,1787238148.8980575,37.52,0.7043,37.2,0.7483,True,37.6,36.5,38.6,0.95,0.005,0.0,0.7,0.03,2,1787238158.9534664,1786959809.4051678,0,-10,-10,-10,-10,0,0,1,0,False
1786959803.3053916,20,1787238168.9926438,37.47,0.7051999999999999,37.17,0.7484999999999999,True,37.6,36.5,38.6,0.95,0.005,0.0,0.7,0.03,2,1787238179.0467496,1786959809.4051678,0,-10,-10,-10,-10,0,0,1,0,False
1786959803.3053916,20,1787238189.0808187,37.44,0.706,37.2,0.7491,True,37.6,36.5,38.6,0.95,0.005,0.0,0.7,0.03,2,1787238199.1413436,1786959809.4051678,0,-10,-10,-10,-10,0,0,1,0,False
1786959803.3053916,20,1787238209.1857202,37.43,0.7068000000000001,37.15,0.7495,True,37.6,36.5,38.6,0.95,0.005,0.0,0.7,0.03,2,1787238219.238422,1786959809.4051678,0,-10,-10,-10,-10,0,0,1,0,False
1786959803.3053916,20,1787238229.285515,37.46,0.7079000000000001,37.2,0.7498,True,37.6,36.5,38.6,0.95,0.005,0.0,0.7,0.03,2,1787238239.3304129,1786959809.4051678,0,-10,-10,-10,-10,0,0,1,0,False
1786959803.3053916,20,1787238249.3644397,37.43,0.7083,37.18,0.7497,True,37.6,36.5,38.6,0.95,0.005,0.0,0.7,0.03,2,1787238262.8155463,1786959809.4051678,0,-10,-10,-10,-10,0,0,1,0,False
1786959803.3053916,20,1787238272.8698316,37.43,0.7084999999999999,37.18,0.75,True,37.6,36.5,38.6,0.95,0.005,0.0,0.7,0.03,2,1787238282.9284241,1786959809.4051678,0,-10,-10,-10,-10,0,0,1,0,False
1786959803.3053916,20,1787238292.976457,37.4,0.7092,37.17,0.7502,True,37.6,36.5,38.6,0.95,0.005,0.0,0.7,0.03,2,1787238303.012701,1786959809.4051678,0,-10,-10,-10,-10,0,0,1,0,False
1786959803.3053916,20,1787238313.0474958,37.39,0.7093,37.22,0.7506,True,37.6,36.5,38.6,0.95,0.005,0.0,0.7,0.03,2,1787238323.0907571,1786959809.4051678,0,-10,-10,-10,-10,0,0,1,0,False
1786959803.3053916,20,1787238333.1318188,37.43,0.7101999999999999,37.21,0.7508,True,37.6,36.5,38.6,0.95,0.005,0.0,0.7,0.03,2,1787238343.174221,1786959809.4051678,0,-10,-10,-10,-10,0,0,1,0,False
1786959803.3053916,20,1787238353.2064276,37.47,0.7106,37.19,0.7509,True,37.6,36.5,38.6,0.95,0.005,0.0,0.7,0.03,2,1787238363.2625718,1786959809.4051678,0,-10,-10,-10,-10,0,0,1,0,False
1786959803.3053916,20,1787238373.3202977,37.43,0.7108,37.22,0.7514000000000001,True,37.6,36.5,38.6,0.95,0.005,0.0,0.7,0.03,2,1787238385.502792,1786959809.4051678,0,-10,-10,-10,-10,0,0,1,0,False
1786959803.3053916,20,1787238395.5523236,37.45,0.7108,37.2,0.7511,True,37.6,36.5,38.6,0.95,0.005,0.0,0.7,0.03,2,1787238405.6225355,1786959809.4051678,0,-10,-10,-10,-10,0,0,1,0,False
1786959803.3053916,20,1787238415.6695733,37.47,0.7112,37.22,0.7515000000000001,True,37.6,36.5,38.6,0.95,0.005,0.0,0.7,0.03,2,1787238425.7306204,1786959809.4051678,0,-10,-10,-10,-10,0,0,1,0,False
1786959803.3053916,20,1787238435.7826083,37.47,0.7112999999999999,37.23,0.7514000000000001,True,37.6,36.5,38.6,0.95,0.005,0.0,0.7,0.03,2,1787238445.847274,1786959809.4051678,0,-10,-10,-10,-10,0,0,1,0,False
1786959803.3053916,20,1787238455.8940609,37.43,0.7117,37.25,0.7515999999999999,True,37.6,36.5,38.6,0.95,0.005,0.0,0.7,0.03,2,1787238465.9534817,1786959809.4051678,0,-10,-10,-10,-10,0,0,1,0,False
1786959803.3053916,20,1787238475.9973278,37.49,0.7118000000000001,37.24,0.7518000000000001,True,37.6,36.5,38.6,0.95,0.005,0.0,0.7,0.03,2,1787238486.060732,1786959809.4051678,0,-10,-10,-10,-10,0,0,1,0,False
1786959803.3053916,20,1787238496.0928926,37.43,0.7117,37.25,0.7515999999999999,True,37.6,36.5,38.6,0.95,0.005,0.0,0.7,0.03,2,1787238508.2569284,1786959809.4051678,0,-10,-10,-10,-10,0,0,1,0,False
1786959803.3053916,20,1787238518.2934895,37.49,0.7119,37.26,0.752,True,37.6,36.5,38.6,0.95,0.005,0.0,0.7,0.03,2,1787238528.3344972,1786959809.4051678,0,-10,-10,-10,-10,0,0,1,0,False
1786959803.3053916,20,1787238538.3624833,37.51,0.7121,37.27,0.7521,True,37.6,36.5,38.6,0.95,0.005,0.0,0.7,0.03,2,1787238548.4335854,1786959809.4051678,0,-10,-10,-10,-10,0,0,1,0,False
1786959803.3053916,20,1787238558.4774044,37.5,0.7123999999999999,37.27,0.7522,True,37.6,36.5,38.6,0.95,0.005,0.0,0.7,0.03,2,1787238568.5468812,1786959809.4051678,0,-10,-10,-10,-10,0,0,1,0,False
1786959803.3053916,20,1787238578.6074004,37.52,0.7121,37.26,0.7524,True,37.6,36.5,38.6,0.95,0.005,0.0,0.7,0.03,2,1787238588.6576915,1786959809.4051678,0,-10,-10,-10,-10,0,0,1,0,False
1786959803.3053916,20,1787238598.707395,37.52,0.7121,37.26,0.7523000000000001,True,37.6,36.5,38.6,0.95,0.005,0.0,0.7,0.03,2,1787238608.7505038,1786959809.4051678,0,-10,-10,-10,-10,0,0,1,0,False
1786959803.3053916,20,1787238618.7987988,37.54,0.7122,37.31,0.7526999999999999,True,37.6,36.5,38.6,0.95,0.005,0.0,0.7,0.03,2,1787238631.1714942,1786959809.4051678,0,-10,-10,-10,-10,0,0,1,0,False
1786959803.3053916,20,1787238641.211833,37.56,0.7125,37.33,0.7525000000000001,True,37.6,36.5,38.6,0.95,0.005,0.0,0.7,0.03,2,1787238651.2688594,1786959809.4051678,0,-10,-10,-10,-10,0,0,1,0,False
1786959803.3053916,20,1787238661.3033693,37.53,0.7122,37.3,0.7526999999999999,True,37.6,36.5,38.6,0.95,0.005,0.0,0.7,0.03,2,1787238671.3449862,1786959809.4051678,0,-10,-10,-10,-10,0,0,1,0,False
1786959803.3053916,20,1787238681.3774495,37.56,0.7126,37.31,0.7525000000000001,True,37.6,36.5,38.6,0.95,0.005,0.0,0.7,0.03,2,1787238691.4347334,1786959809.4051678,0,-10,-10,-10,-10,0,0,1,0,False
1786959803.3053916,20,1787238701.4951496,37.55,0.7126,37.32,0.7529000000000001,True,37.6,36.5,38.6,0.95,0.005,0.0,0.7,0.03,2,1787238711.563914,1786959809.4051678,0,-10,-10,-10,-10,0,0,1,0,False
1786959803.3053916,20,1787238721.6142256,37.55,0.7123999999999999,37.36,0.7528,True,37.6,36.5,38.6,0.95,0.005,0.0,0.7,0.03,2,1787238731.6726816,1786959809.4051678,0,-10,-10,-10,-10,0,0,1,0,False
1786959803.3053916,20,1787238741.732509,37.59,0.7126,37.27,0.7529000000000001,True,37.6,36.5,38.6,0.95,0.005,0.0,0.7,0.03,2,1787238753.9000585,1786959809.4051678,0,-10,-10,-10,-10,0,0,1,0,False
1786959803.3053916,20,1787238763.9528375,37.6,0.7126,37.36,0.7529000000000001,True,37.6,36.5,38.6,0.95,0.005,0.0,0.7,0.03,2,1787238763.9618623,1786959809.4051678,0,-10,-10,-10,-10,0,0,0,0,False
1786959803.3053916,20,1787238784.0413852,37.59,0.7121,37.34,0.7526999999999999,True,37.6,36.5,38.6,0.95,0.005,0.0,0.7,0.03,2,1787238794.0992172,1786959809.4051678,0,-10,-10,-10,-10,0,0,1,0,False
1786959803.3053916,20,1787238804.1393533,37.59,0.7118000000000001,37.37,0.7525000000000001,True,37.6,36.5,38.6,0.95,0.005,0.0,0.7,0.03,2,1787238814.2025814,1786959809.4051678,0,-10,-10,-10,-10,0,0,1,0,False
1786959803.3053916,20,1787238824.2409194,37.62,0.7117,37.34,0.752,True,37.6,36.5,38.6,0.95,0.005,0.0,0.7,0.03,2,1787238834.2957644,1786959809.4051678,0,-10,-10,-10,-10,0,0,0,0,False
1786959803.3053916,20,1787238844.3440862,37.61,0.7115,37.37,0.7517,True,37.6,36.5,38.6,0.95,0.005,0.0,0.7,0.03,2,1787238854.4045088,1786959809.4051678,0,-10,-10,-10,-10,0,0,0,0,False
1786959803.3053916,20,1787238864.433803,37.59,0.7112999999999999,37.37,0.7515999999999999,True,37.6,36.5,38.6,0.95,0.005,0.0,0.7,0.03,2,1787238876.5175226,1786959809.4051678,0,-10,-10,-10,-10,0,0,1,0,False
1786959803.3053916,20,1787238886.5599241,37.62,0.7112999999999999,37.36,0.751,True,37.6,36.5,38.6,0.95,0.005,0.0,0.7,0.03,2,1787238896.6000068,1786959809.4051678,0,-10,-10,-10,-10,0,0,0,0,False
1786959803.3053916,20,1787238906.6607852,37.59,0.7109000000000001,37.35,0.7506999999999999,True,37.6,36.5,38.6,0.95,0.005,0.0,0.7,0.03,2,1787238916.7065415,1786959809.4051678,0,-10,-10,-10,-10,0,0,1,0,False
1786959803.3053916,20,1787238926.7318566,37.58,0.7108,37.39,0.7509,True,37.6,36.5,38.6,0.95,0.005,0.0,0.7,0.03,2,1787238936.7958772,1786959809.4051678,0,-10,-10,-10,-10,0,0,1,0,False
1786959803.3053916,20,1787238946.8313277,37.58,0.711,37.37,0.7505,True,37.6,36.5,38.6,0.95,0.005,0.0,0.7,0.03,2,1787238956.886522,1786959809.4051678,0,-10,-10,-10,-10,0,0,1,0,False
1786959803.3053916,20,1787238966.9332452,37.59,0.7109000000000001,37.37,0.7506999999999999,True,37.6,36.5,38.6,0.95,0.005,0.0,0.7,0.03,2,1787238976.9807286,1786959809.4051678,0,-10,-10,-10,-10,0,0,1,0,False
1786959803.3053916,20,1787238987.017249,37.57,0.7117,37.39,0.751,True,37.6,36.5,38.6,0.95,0.005,0.0,0.7,0.03,2,1787238999.1573782,1786959809.4051678,0,-10,-10,-10,-10,0,0,1,0,False
1786959803.3053916,20,1787239009.196866,37.58,0.7119,37.42,0.7512000000000001,True,37.6,36.5,38.6,0.95,0.005,0.0,0.7,0.03,2,1787239019.246074,1786959809.4051678,0,-10,-10,-10,-10,0,0,1,0,False
1786959803.3053916,20,1787239029.2842867,37.55,0.7123999999999999,37.39,0.7513,True,37.6,36.5,38.6,0.95,0.005,0.0,0.7,0.03,2,1787239039.3486936,1786959809.4051678,0,-10,-10,-10,-10,0,0,1,0,False
1786959803.3053916,20,1787239049.3947606,37.59,0.7126,37.39,0.7517,True,37.6,36.5,38.6,0.95,0.005,0.0,0.7,0.03,2,1787239059.444896,1786959809.4051678,0,-10,-10,-10,-10,0,0,1,0,False
1786959803.3053916,20,1787239069.49166,37.57,0.7128,37.41,0.7521,True,37.6,36.5,38.6,0.95,0.005,0.0,0.7,0.03,2,1787239079.5465913,1786959809.4051678,0,-10,-10,-10,-10,0,0,1,0,False
1786959803.3053916,20,1787239089.6078596,37.59,0.7131000000000001,37.38,0.7522,True,37.6,36.5,38.6,0.95,0.005,0.0,0.7,0.03,2,1787239099.674721,1786959809.4051678,0,-10,-10,-10,-10,0,0,1,0,False
1786959803.3053916,20,1787239109.7274122,37.59,0.7132,37.43,0.7523000000000001,True,37.6,36.5,38.6,0.95,0.005,0.0,0.7,0.03,2,1787239121.8101265,1786959809.4051678,0,-10,-10,-10,-10,0,0,1,0,False
1786959803.3053916,20,1787239131.8422143,37.59,0.7132,37.4,0.7526,True,37.6,36.5,38.6,0.95,0.005,0.0,0.7,0.03,2,1787239141.8899066,1786959809.4051678,0,-10,-10,-10,-10,0,0,1,0,False
1786959803.3053916,20,1787239151.9497886,37.61,0.7134,37.43,0.7526999999999999,True,37.6,36.5,38.6,0.95,0.005,0.0,0.7,0.03,2,1787239162.0038304,1786959809.4051678,0,-10,-10,-10,-10,0,0,0,0,False
1786959803.3053916,20,1787239172.0532393,37.63,0.7132,37.45,0.753,True,37.6,36.5,38.6,0.95,0.005,0.0,0.7,0.03,2,1787239182.1169894,1786959809.4051678,0,-10,-10,-10,-10,0,0,0,0,False
1786959803.3053916,20,1787239192.1684124,37.58,0.7127,37.44,0.752,True,37.6,36.5,38.6,0.95,0.005,0.0,0.7,0.03,2,1787239202.2156188,1786959809.4051678,0,-10,-10,-10,-10,0,0,1,0,False
1786959803.3053916,20,1787239212.2727113,37.66,0.7127,37.41,0.7515999999999999,True,37.6,36.5,38.6,0.95,0.005,0.0,0.7,0.03,2,1787239222.3259382,1786959809.4051678,0,-10,-10,-10,-10,0,0,0,0,False
1786959803.3053916,20,1787239232.3653193,37.61,0.7122,37.42,0.7513,True,37.6,36.5,38.6,0.95,0.005,0.0,0.7,0.03,2,1787239244.497239,1786959809.4051678,0,-10,-10,-10,-10,0,0,0,0,False
1786959803.3053916,20,1787239254.5472157,37.61,0.7117,37.43,0.7506,True,37.6,36.5,38.6,0.95,0.005,0.0,0.7,0.03,2,1787239264.597997,1786959809.4051678,0,-10,-10,-10,-10,0,0,0,0,False
1786959803.3053916,20,1787239274.6500318,37.6,0.7116,37.43,0.7505,True,37.6,36.5,38.6,0.95,0.005,0.0,0.7,0.03,2,1787239274.6595562,1786959809.4051678,0,-10,-10,-10,-10,0,0,0,0,False
1786959803.3053916,20,1787239294.7735949,37.6,0.7112,37.43,0.7502,True,37.6,36.5,38.6,0.95,0.005,0.0,0.7,0.03,2,1787239294.7826257,1786959809.4051678,0,-10,-10,-10,-10,0,0,1,0,False
1786959803.3053916,20,1787239314.8833165,37.61,0.7119,37.42,0.7503000000000001,True,37.6,36.5,38.6,0.95,0.005,0.0,0.7,0.03,2,1787239324.9306984,1786959809.4051678,0,-10,-10,-10,-10,0,0,0,0,False
1786959803.3053916,20,1787239334.9576683,37.56,0.7121,37.44,0.7505,True,37.6,36.5,38.6,0.95,0.005,0.0,0.7,0.03,2,1787239345.009756,1786959809.4051678,0,-10,-10,-10,-10,0,0,1,0,False
1786959803.3053916,20,1787239355.0474598,37.58,0.7127,37.41,0.7509,True,37.6,36.5,38.6,0.95,0.005,0.0,0.7,0.03,2,1787239367.1979744,1786959809.4051678,0,-10,-10,-10,-10,0,0,1,0,False
1786959803.3053916,20,1787239377.23488,37.57,0.7128,37.42,0.7511,True,37.6,36.5,38.6,0.95,0.005,0.0,0.7,0.03,2,1787239387.2847836,1786959809.4051678,0,-10,-10,-10,-10,0,0,1,0,False
1786959803.3053916,20,1787239397.3384202,37.56,0.7133,37.41,0.7515999999999999,True,37.6,36.5,38.6,0.95,0.005,0.0,0.7,0.03,2,1787239407.4038827,1786959809.4051678,0,-10,-10,-10,-10,0,0,1,0,False
1786959803.3053916,20,1787239417.455818,37.55,0.7134999999999999,37.43,0.752,True,37.6,36.5,38.6,0.95,0.005,0.0,0.7,0.03,2,1787239427.5195444,1786959809.4051678,0,-10,-10,-10,-10,0,0,1,0,False
1786959803.3053916,20,1787239437.5766904,37.58,0.7138,37.43,0.7523000000000001,True,37.6,36.5,38.6,0.95,0.005,0.0,0.7,0.03,2,1787239447.6372318,1786959809.4051678,0,-10,-10,-10,-10,0,0,1,0,False
1786959803.3053916,20,1787239457.690854,37.58,0.7138,37.44,0.7523000000000001,True,37.6,36.5,38.6,0.95,0.005,0.0,0.7,0.03,2,1787239467.749617,1786959809.4051678,0,-10,-10,-10,-10,0,0,1,0,False
1786959803.3053916,20,1787239477.8093104,37.61,0.7141,37.48,0.7524,True,37.6,36.5,38.6,0.95,0.005,0.0,0.7,0.03,2,1787239489.8766541,1786959809.4051678,0,-10,-10,-10,-10,0,0,0,0,False
1786959803.3053916,20,1787239499.9276226,37.61,0.7136,37.45,0.7522,True,37.6,36.5,38.6,0.95,0.005,0.0,0.7,0.03,2,1787239509.983684,1786959809.4051678,0,-10,-10,-10,-10,0,0,0,0,False
1786959803.3053916,20,1787239520.0211234,37.61,0.7133,37.44,0.7514000000000001,True,37.6,36.5,38.6,0.95,0.005,0.0,0.7,0.03,2,1787239530.0717056,1786959809.4051678,0,-10,-10,-10,-10,0,0,0,0,False
1786959803.3053916,20,1787239540.10757,37.6,0.7128,37.46,0.7514000000000001,True,37.6,36.5,38.6,0.95,0.005,0.0,0.7,0.03,2,1787239530.0717056,1786959809.4051678,0,-10,-10,-10,-10,0,0,0,0,False
1786959803.3053916,20,1787239560.2054505,37.62,0.7123999999999999,37.42,0.7506999999999999,True,37.6,36.5,38.6,0.95,0.005,0.0,0.7,0.03,2,1787239570.2650902,1786959809.4051678,0,-10,-10,-10,-10,0,0,0,0,False
1786959803.3053916,20,1787239580.3232253,37.61,0.7125,37.42,0.7506,True,37.6,36.5,38.6,0.95,0.005,0.0,0.7,0.03,2,1787239590.3775318,1786959809.4051678,0,-10,-10,-10,-10,0,0,0,0,False
1786959803.3053916,20,1787239600.4252784,37.57,0.7125,37.44,0.7508,True,37.6,36.5,38.6,0.95,0.005,0.0,0.7,0.03,2,1787239612.5584342,1786959809.4051678,0,-10,-10,-10,-10,0,0,1,0,False
1786959803.3053916,20,1787239622.6079373,37.6,0.7125,37.45,0.7506,True,37.6,36.5,38.6,0.95,0.005,0.0,0.7,0.03,2,1787239622.6166365,1786959809.4051678,0,-10,-10,-10,-10,0,0,1,0,False
1786959803.3053916,20,1787239642.7004304,37.59,0.7131000000000001,37.46,0.751,True,37.6,36.5,38.6,0.95,0.005,0.0,0.7,0.03,2,1787239652.7645783,1786959809.4051678,0,-10,-10,-10,-10,0,0,1,0,False
1786959803.3053916,20,1787239662.7889392,37.6,0.7132,37.41,0.7513,True,37.6,36.5,38.6,0.95,0.005,0.0,0.7,0.03,2,1787239662.799226,1786959809.4051678,0,-10,-10,-10,-10,0,0,0,0,False
1786959803.3053916,20,1787239682.8956923,37.56,0.713,37.47,0.7512000000000001,True,37.6,36.5,38.6,0.95,0.005,0.0,0.7,0.03,2,1787239692.9359124,1786959809.4051678,0,-10,-10,-10,-10,0,0,1,0,False
1786959803.3053916,20,1787239702.9681942,37.59,0.7134,37.46,0.7512000000000001,True,37.6,36.5,38.6,0.95,0.005,0.0,0.7,0.03,2,1787239713.0255914,1786959809.4051678,0,-10,-10,-10,-10,0,0,1,0,False
1786959803.3053916,20,1787239723.0598752,37.59,0.7136,37.45,0.7517,True,37.6,36.5,38.6,0.95,0.005,0.0,0.7,0.03,2,1787239735.2188537,1786959809.4051678,0,-10,-10,-10,-10,0,0,1,0,False
1786959803.3053916,20,1787239745.265333,37.6,0.7139,37.45,0.7518000000000001,True,37.6,36.5,38.6,0.95,0.005,0.0,0.7,0.03,2,1787239745.2746267,1786959809.4051678,0,-10,-10,-10,-10,0,0,1,0,False
1786959803.3053916,20,1787239765.3853855,37.56,0.7141,37.47,0.7519,True,37.6,36.5,38.6,0.95,0.005,0.0,0.7,0.03,2,1787239775.4617536,1786959809.4051678,0,-10,-10,-10,-10,0,0,1,0,False
1786959803.3053916,20,1787239785.5036857,37.57,0.7143,37.43,0.7522,True,37.6,36.5,38.6,0.95,0.005,0.0,0.7,0.03,2,1787239795.5626922,1786959809.4051678,0,-10,-10,-10,-10,0,0,1,0,False
1786959803.3053916,20,1787239805.631623,37.59,0.7143,37.46,0.7522,True,37.6,36.5,38.6,0.95,0.005,0.0,0.7,0.03,2,1787239815.6755645,1786959809.4051678,0,-10,-10,-10,-10,0,0,1,0,False
1786959803.3053916,20,1787239825.7284005,37.63,0.7144,37.44,0.7523000000000001,True,37.6,36.5,38.6,0.95,0.005,0.0,0.7,0.03,2,1787239835.7675393,1786959809.4051678,0,-10,-10,-10,-10,0,0,0,0,False
1786959803.3053916,20,1787239845.8124394,37.67,0.7140000000000001,37.46,0.7523000000000001,True,37.6,36.5,38.6,0.95,0.005,0.0,0.7,0.03,2,1787239857.8547719,1786959809.4051678,0,-10,-10,-10,-10,0,0,0,0,False
1786959803.3053916,20,1787239867.8868499,37.63,0.7137000000000001,37.45,0.7519,True,37.6,36.5,38.6,0.95,0.005,0.0,0.7,0.03,2,1787239877.9348183,1786959809.4051678,0,-10,-10,-10,-10,0,0,0,0,False
1786959803.3053916,20,1787239887.9694571,37.62,0.7132,37.48,0.7513,True,37.6,36.5,38.6,0.95,0.005,0.0,0.7,0.03,2,1787239898.0314903,1786959809.4051678,0,-10,-10,-10,-10,0,0,0,0,False
1786959803.3053916,20,1787239908.0751038,37.64,0.7128,37.46,0.7506,True,37.6,36.5,38.6,0.95,0.005,0.0,0.7,0.03,2,1787239918.1325946,1786959809.4051678,0,-10,-10,-10,-10,0,0,0,0,False
1786959803.3053916,20,1787239928.1808627,37.61,0.7125,37.48,0.7504000000000001,True,37.6,36.5,38.6,0.95,0.005,0.0,0.7,0.03,2,1787239938.2314568,1786959809.4051678,0,-10,-10,-10,-10,0,0,0,0,False
1786959803.3053916,20,1787239948.2658129,37.61,0.7122,37.47,0.75,True,37.6,36.5,38.6,0.95,0.005,0.0,0.7,0.03,2,1787239958.3165863,1786959809.4051678,0,-10,-10,-10,-10,0,0,0,0,False
1786959803.3053916,20,1787239968.369993,37.55,0.7121,37.49,0.7498,True,37.6,36.5,38.6,0.95,0.005,0.0,0.7,0.03,2,1787239980.4781475,1786959809.4051678,0,-10,-10,-10,-10,0,0,1,0,False
1786959803.3053916,20,1787239990.5315843,37.6,0.7125,37.43,0.75,True,37.6,36.5,38.6,0.95,0.005,0.0,0.7,0.03,2,1787239990.540451,1786959809.4051678,0,-10,-10,-10,-10,0,0,1,0,False
1786959803.3053916,20,1787240010.6262991,37.55,0.7134,37.47,0.7506,True,37.6,36.5,38.6,0.95,0.005,0.0,0.7,0.03,2,1787240020.6969793,1786959809.4051678,0,-10,-10,-10,-10,0,0,1,0,False
1786959803.3053916,20,1787240030.7312822,37.55,0.7134999999999999,37.45,0.751,True,37.6,36.5,38.6,0.95,0.005,0.0,0.7,0.03,2,1787240040.790277,1786959809.4051678,0,-10,-10,-10,-10,0,0,1,0,False
1786959803.3053916,20,1787240050.815554,37.58,0.7140000000000001,37.44,0.7514000000000001,True,37.6,36.5,38.6,0.95,0.005,0.0,0.7,0.03,2,1787240060.8638778,1786959809.4051678,0,-10,-10,-10,-10,0,0,1,0,False
1786959803.3053916,20,1787240070.9149113,37.55,0.7142000000000001,37.43,0.7515999999999999,True,37.6,36.5,38.6,0.95,0.005,0.0,0.7,0.03,2,1787240080.9697077,1786959809.4051678,0,-10,-10,-10,-10,0,0,1,0,False
1786959803.3053916,20,1787240091.0245373,37.58,0.7144,37.48,0.7519,True,37.6,36.5,38.6,0.95,0.005,0.0,0.7,0.03,2,1787240103.149785,1786959809.4051678,0,-10,-10,-10,-10,0,0,1,0,False
1786959803.3053916,20,1787240113.1988285,37.56,0.7149,37.46,0.752,True,37.6,36.5,38.6,0.95,0.005,0.0,0.7,0.03,2,1787240123.2496858,1786959809.4051678,0,-10,-10,-10,-10,0,0,1,0,False
1786959803.3053916,20,1787240133.2970552,37.59,0.7147,37.48,0.7524,True,37.6,36.5,38.6,0.95,0.005,0.0,0.7,0.03,2,1787240143.3598523,1786959809.4051678,0,-10,-10,-10,-10,0,0,1,0,False
1786959803.3053916,20,1787240153.4145756,37.61,0.7149,37.47,0.7528,True,37.6,36.5,38.6,0.95,0.005,0.0,0.7,0.03,2,1787240163.4625592,1786959809.4051678,0,-10,-10,-10,-10,0,0,0,0,False
1786959803.3053916,20,1787240173.511693,37.61,0.7144,37.44,0.752,True,37.6,36.5,38.6,0.95,0.005,0.0,0.7,0.03,2,1787240183.5575366,1786959809.4051678,0,-10,-10,-10,-10,0,0,0,0,False
1786959803.3053916,20,1787240193.5966437,37.65,0.7141,37.47,0.7515999999999999,True,37.6,36.5,38.6,0.95,0.005,0.0,0.7,0.03,2,1787240203.6378262,1786959809.4051678,0,-10,-10,-10,-10,0,0,0,0,False
1786959803.3053916,20,1787240213.6964428,37.64,0.7134999999999999,37.46,0.7509,True,37.6,36.5,38.6,0.95,0.005,0.0,0.7,0.03,2,1787240225.7622383,1786959809.4051678,0,-10,-10,-10,-10,0,0,0,0,False
1786959803.3053916,20,1787240235.8060248,37.62,0.7131000000000001,37.48,0.7505,True,37.6,36.5,38.6,0.95,0.005,0.0,0.7,0.03,2,1787240245.8645902,1786959809.4051678,0,-10,-10,-10,-10,0,0,0,0,False
1786959803.3053916,20,1787240255.911201,37.61,0.7129000000000001,37.47,0.7502,True,37.6,36.5,38.6,0.95,0.005,0.0,0.7,0.03,2,1787240265.9685926,1786959809.4051678,0,-10,-10,-10,-10,0,0,0,0,False
1786959803.3053916,20,1787240276.0181482,37.57,0.7126,37.48,0.7501000000000001,True,37.6,36.5,38.6,0.95,0.005,0.0,0.7,0.03,2,1787240286.0783432,1786959809.4051678,0,-10,-10,-10,-10,0,0,1,0,False
1786959803.3053916,20,1787240296.135042,37.59,0.7126,37.48,0.75,True,37.6,36.5,38.6,0.95,0.005,0.0,0.7,0.03,2,1787240306.1945531,1786959809.4051678,0,-10,-10,-10,-10,0,0,1,0,False
1786959803.3053916,20,1787240316.2475102,37.58,0.7129000000000001,37.47,0.7502,True,37.6,36.5,38.6,0.95,0.005,0.0,0.7,0.03,2,1787240326.2978384,1786959809.4051678,0,-10,-10,-10,-10,0,0,1,0,False
1786959803.3053916,20,1787240336.347632,37.55,0.7133,37.43,0.7504000000000001,True,37.6,36.5,38.6,0.95,0.005,0.0,0.7,0.03,2,1787240348.7852263,1786959809.4051678,0,-10,-10,-10,-10,0,0,1,0,False
1786959803.3053916,20,1787240358.8237388,37.57,0.7137000000000001,37.45,0.7506999999999999,True,37.6,36.5,38.6,0.95,0.005,0.0,0.7,0.03,2,1787240368.887692,1786959809.4051678,0,-10,-10,-10,-10,0,0,1,0,False
1786959803.3053916,20,1787240378.934489,37.55,0.7141,37.46,0.7511,True,37.6,36.5,38.6,0.95,0.005,0.0,0.7,0.03,2,1787240388.9889479,1786959809.4051678,0,-10,-10,-10,-10,0,0,1,0,False
1786959803.3053916,20,1787240399.0324278,37.56,0.7145,37.46,0.7515999999999999,True,37.6,36.5,38.6,0.95,0.005,0.0,0.7,0.03,2,1787240409.0967455,1786959809.4051678,0,-10,-10,-10,-10,0,0,1,0,False
1786959803.3053916,20,1787240419.1555555,37.58,0.7145,37.46,0.7513,True,37.6,36.5,38.6,0.95,0.005,0.0,0.7,0.03,2,1787240429.2157936,1786959809.4051678,0,-10,-10,-10,-10,0,0,1,0,False
1786959803.3053916,20,1787240439.2654793,37.55,0.7147,37.47,0.7517,True,37.6,36.5,38.6,0.95,0.005,0.0,0.7,0.03,2,1787240449.3156807,1786959809.4051678,0,-10,-10,-10,-10,0,0,1,0,False
1786959803.3053916,20,1787240459.362053,37.59,0.7149,37.47,0.7518000000000001,True,37.6,36.5,38.6,0.95,0.005,0.0,0.7,0.03,2,1787240471.4055374,1786959809.4051678,0,-10,-10,-10,-10,0,0,1,0,False
1786959803.3053916,20,1787240481.4544556,37.61,0.7151000000000001,37.47,0.7522,True,37.6,36.5,38.6,0.95,0.005,0.0,0.7,0.03,2,1787240491.5095332,1786959809.4051678,0,-10,-10,-10,-10,0,0,0,0,False
1786959803.3053916,20,1787240501.5599017,37.6,0.715,37.48,0.7524,True,37.6,36.5,38.6,0.95,0.005,0.0,0.7,0.03,2,1787240501.5689087,1786959809.4051678,0,-10,-10,-10,-10,0,0,0,0,False
1786959803.3053916,20,1787240521.6672854,37.58,0.7144,37.48,0.7518000000000001,True,37.6,36.5,38.6,0.95,0.005,0.0,0.7,0.03,2,1787240531.7279258,1786959809.4051678,0,-10,-10,-10,-10,0,0,1,0,False
1786959803.3053916,20,1787240541.761292,37.66,0.7140000000000001,37.49,0.7514000000000001,True,37.6,36.5,38.6,0.95,0.005,0.0,0.7,0.03,2,1787240551.8087218,1786959809.4051678,0,-10,-10,-10,-10,0,0,0,0,False
1786959803.3053916,20,1787240561.8570728,37.62,0.7137000000000001,37.49,0.7511,True,37.6,36.5,38.6,0.95,0.005,0.0,0.7,0.03,2,1787240571.9145434,1786959809.4051678,0,-10,-10,-10,-10,0,0,0,0,False
1786959803.3053916,20,1787240581.9653723,37.63,0.7133,37.48,0.7504000000000001,True,37.6,36.5,38.6,0.95,0.005,0.0,0.7,0.03,2,1787240594.253814,1786959809.4051678,0,-10,-10,-10,-10,0,0,0,0,False
1786959803.3053916,20,1787240604.2969136,37.58,0.7133,37.48,0.7505,True,37.6,36.5,38.6,0.95,0.005,0.0,0.7,0.03,2,1787240614.3488698,1786959809.4051678,0,-10,-10,-10,-10,0,0,1,0,False
1786959803.3053916,20,1787240624.3933034,37.6,0.7134999999999999,37.47,0.7509,True,37.6,36.5,38.6,0.95,0.005,0.0,0.7,0.03,2,1787240624.4027498,1786959809.4051678,0,-10,-10,-10,-10,0,0,0,0,False
1786959803.3053916,20,1787240644.5025103,37.63,0.7134999999999999,37.49,0.7504000000000001,True,37.6,36.5,38.6,0.95,0.005,0.0,0.7,0.03,2,1787240654.5478156,1786959809.4051678,0,-10,-10,-10,-10,0,0,0,0,False
1786959803.3053916,20,1787240664.601395,37.63,0.7133,37.49,0.7505,True,37.6,36.5,38.6,0.95,0.005,0.0,0.7,0.03,2,1787240674.6635623,1786959809.4051678,0,-10,-10,-10,-10,0,0,0,0,False
1786959803.3053916,20,1787240684.7014275,37.61,0.7133,37.48,0.7504000000000001,True,37.6,36.5,38.6,0.95,0.005,0.0,0.7,0.03,2,1787240694.772758,1786959809.4051678,0,-10,-10,-10,-10,0,0,0,0,False
1786959803.3053916,20,1787240704.8088548,37.55,0.7132,37.46,0.7503000000000001,True,37.6,36.5,38.6,0.95,0.005,0.0,0.7,0.03,2,1787240716.8644598,1786959809.4051678,0,-10,-10,-10,-10,0,0,1,0,False
1786959803.3053916,20,1787240726.9062662,37.55,0.7137000000000001,37.49,0.7509,True,37.6,36.5,38.6,0.95,0.005,0.0,0.7,0.03,2,1787240736.9598699,1786959809.4051678,0,-10,-10,-10,-10,0,0,1,0,False
1786959803.3053916,20,1787240746.9959822,37.57,0.7136,37.47,0.7505,True,37.6,36.5,38.6,0.95,0.005,0.0,0.7,0.03,2,1787240757.03265,1786959809.4051678,0,-10,-10,-10,-10,0,0,1,0,False
1786959803.3053916,20,1787240767.0827115,37.55,0.7144,37.47,0.7509,True,37.6,36.5,38.6,0.95,0.005,0.0,0.7,0.03,2,1787240777.1306436,1786959809.4051678,0,-10,-10,-10,-10,0,0,1,0,False
1786959803.3053916,20,1787240787.1722765,37.55,0.7144,37.46,0.7513,True,37.6,36.5,38.6,0.95,0.005,0.0,0.7,0.03,2,1787240797.2379804,1786959809.4051678,0,-10,-10,-10,-10,0,0,1,0,False
1786959803.3053916,20,1787240807.2729137,37.6,0.7145,37.47,0.7515999999999999,True,37.6,36.5,38.6,0.95,0.005,0.0,0.7,0.03,2,1787240807.281902,1786959809.4051678,0,-10,-10,-10,-10,0,0,1,0,False
1786959803.3053916,20,1787240827.3773942,37.57,0.7149,37.47,0.7518000000000001,True,37.6,36.5,38.6,0.95,0.005,0.0,0.7,0.03,2,1787240839.5386465,1786959809.4051678,0,-10,-10,-10,-10,0,0,1,0,False
1786959803.3053916,20,1787240849.5663521,37.61,0.715,37.49,0.752,True,37.6,36.5,38.6,0.95,0.005,0.0,0.7,0.03,2,1787240859.6179788,1786959809.4051678,0,-10,-10,-10,-10,0,0,0,0,False
1786959803.3053916,20,1787240869.665645,37.6,0.7145,37.47,0.7515000000000001,True,37.6,36.5,38.6,0.95,0.005,0.0,0.7,0.03,2,1787240869.6749306,1786959809.4051678,0,-10,-10,-10,-10,0,0,0,0,False
1786959803.3053916,20,1787240889.7758992,37.64,0.7142000000000001,37.49,0.7509,True,37.6,36.5,38.6,0.95,0.005,0.0,0.7,0.03,2,1787240899.842432,1786959809.4051678,0,-10,-10,-10,-10,0,0,0,0,False
1786959803.3053916,20,1787240909.867427,37.59,0.7137000000000001,37.5,0.7506999999999999,True,37.6,36.5,38.6,0.95,0.005,0.0,0.7,0.03,2,1787240919.9319165,1786959809.4051678,0,-10,-10,-10,-10,0,0,1,0,False
1786959803.3053916,20,1787240929.9820716,37.58,0.7136,37.48,0.7506999999999999,True,37.6,36.5,38.6,0.95,0.005,0.0,0.7,0.03,2,1787240940.0355256,1786959809.4051678,0,-10,-10,-10,-10,0,0,1,0,False
1786959803.3053916,20,1787240950.0823417,37.6,0.7136,37.48,0.7504000000000001,True,37.6,36.5,38.6,0.95,0.005,0.0,0.7,0.03,2,1787240940.0355256,1786959809.4051678,0,-10,-10,-10,-10,0,0,1,0,False
1786959803.3053916,20,1787240972.1311316,37.59,0.7139,37.49,0.7509,True,37.6,36.5,38.6,0.95,0.005,0.0,0.7,0.03,2,1787240982.1817582,1786959809.4051678,0,-10,-10,-10,-10,0,0,1,0,False
1786959803.3053916,20,1787240992.2130218,37.57,0.7141,37.48,0.7513,True,37.6,36.5,38.6,0.95,0.005,0.0,0.7,0.03,2,1787241002.2606552,1786959809.4051678,0,-10,-10,-10,-10,0,0,1,0,False
1786959803.3053916,20,1787241012.3067589,37.63,0.7147,37.5,0.7513,True,37.6,36.5,38.6,0.95,0.005,0.0,0.7,0.03,2,1787241022.3695142,1786959809.4051678,0,-10,-10,-10,-10,0,0,0,0,False
1786959803.3053916,20,1787241032.410712,37.62,0.7144,37.49,0.7512000000000001,True,37.6,36.5,38.6,0.95,0.005,0.0,0.7,0.03,2,1787241042.4518383,1786959809.4051678,0,-10,-10,-10,-10,0,0,0,0,False
1786959803.3053916,20,1787241052.5015504,37.58,0.7137000000000001,37.47,0.7506999999999999,True,37.6,36.5,38.6,0.95,0.005,0.0,0.7,0.03,2,1787241062.545824,1786959809.4051678,0,-10,-10,-10,-10,0,0,1,0,False
1786959803.3053916,20,1787241072.5780783,37.6,0.7139,37.5,0.7508,True,37.6,36.5,38.6,0.95,0.005,0.0,0.7,0.03,2,1787241074.5741265,1786959809.4051678,0,-10,-10,-10,-10,0,0,0,0,False
1786959803.3053916,20,1787241094.663784,37.61,0.7134999999999999,37.48,0.7502,True,37.6,36.5,38.6,0.95,0.005,0.0,0.7,0.03,2,1787241104.716606,1786959809.4051678,0,-10,-10,-10,-10,0,0,0,0,False
1786959803.3053916,20,1787241114.752887,37.61,0.7132,37.47,0.75,True,37.6,36.5,38.6,0.95,0.005,0.0,0.7,0.03,2,1787241124.8088453,1786959809.4051678,0,-10,-10,-10,-10,0,0,0,0,False
1786959803.3053916,20,1787241134.8471859,37.59,0.7131000000000001,37.47,0.7501000000000001,True,37.6,36.5,38.6,0.95,0.005,0.0,0.7,0.03,2,1787241144.8838248,1786959809.4051678,0,-10,-10,-10,-10,0,0,1,0,False
1786959803.3053916,20,1787241154.9277458,37.57,0.7139,37.47,0.7504000000000001,True,37.6,36.5,38.6,0.95,0.005,0.0,0.7,0.03,2,1787241164.982558,1786959809.4051678,0,-10,-10,-10,-10,0,0,1,0,False
1786959803.3053916,20,1787241175.0305073,37.6,0.7140000000000001,37.45,0.7508,True,37.6,36.5,38.6,0.95,0.005,0.0,0.7,0.03,2,1787241175.0396483,1786959809.4051678,0,-10,-10,-10,-10,0,0,1,0,False
1786959803.3053916,20,1787241195.1225781,37.55,0.7144,37.49,0.7512000000000001,True,37.6,36.5,38.6,0.95,0.005,0.0,0.7,0.03,2,1787241207.1116304,1786959809.4051678,0,-10,-10,-10,-10,0,0,1,0,False
1786959803.3053916,20,1787241217.1665378,37.57,0.7147,37.48,0.7515000000000001,True,37.6,36.5,38.6,0.95,0.005,0.0,0.7,0.03,2,1787241227.222022,1786959809.4051678,0,-10,-10,-10,-10,0,0,1,0,False
1786959803.3053916,20,1787241237.2557204,37.56,0.7148000000000001,37.47,0.7518000000000001,True,37.6,36.5,38.6,0.95,0.005,0.0,0.7,0.03,2,1787241247.2985277,1786959809.4051678,0,-10,-10,-10,-10,0,0,1,0,False
1786959803.3053916,20,1787241257.332954,37.62,0.7151000000000001,37.49,0.7518000000000001,True,37.6,36.5,38.6,0.95,0.005,0.0,0.7,0.03,2,1787241267.3739564,1786959809.4051678,0,-10,-10,-10,-10,0,0,0,0,False
1786959803.3053916,20,1787241277.406992,37.62,0.715,37.48,0.7514000000000001,True,37.6,36.5,38.6,0.95,0.005,0.0,0.7,0.03,2,1787241287.4666016,1786959809.4051678,0,-10,-10,-10,-10,0,0,0,0,False
1786959803.3053916,20,1787241297.5061982,37.6,0.7143,37.46,0.751,True,37.6,36.5,38.6,0.95,0.005,0.0,0.7,0.03,2,1787241287.4666016,1786959809.4051678,0,-10,-10,-10,-10,0,0,0,0,False
1786959803.3053916,20,1787241317.5905457,37.58,0.7137000000000001,37.47,0.7505,True,37.6,36.5,38.6,0.95,0.005,0.0,0.7,0.03,2,1787241329.7075903,1786959809.4051678,0,-10,-10,-10,-10,0,0,1,0,False
1786959803.3053916,20,1787241339.7471259,37.62,0.7136,37.5,0.7506999999999999,True,37.6,36.5,38.6,0.95,0.005,0.0,0.7,0.03,2,1787241349.8189013,1786959809.4051678,0,-10,-10,-10,-10,0,0,0,0,False
1786959803.3053916,20,1787241359.8639894,37.61,0.7136,37.49,0.7506999999999999,True,37.6,36.5,38.6,0.95,0.005,0.0,0.7,0.03,2,1787241369.9249165,1786959809.4051678,0,-10,-10,-10,-10,0,0,0,0,False
1786959803.3053916,20,1787241379.9580946,37.65,0.7137000000000001,37.47,0.7502,True,37.6,36.5,38.6,0.95,0.005,0.0,0.7,0.03,2,1787241390.0106542,1786959809.4051678,0,-10,-10,-10,-10,0,0,0,0,False
1786959803.3053916,20,1787241400.0552833,37.57,0.7137000000000001,37.5,0.7502,True,37.6,36.5,38.6,0.95,0.005,0.0,0.7,0.03,2,1787241410.1236606,1786959809.4051678,0,-10,-10,-10,-10,0,0,1,0,False
1786959803.3053916,20,1787241420.161775,37.59,0.7139,37.49,0.7505,True,37.6,36.5,38.6,0.95,0.005,0.0,0.7,0.03,2,1787241430.2151265,1786959809.4051678,0,-10,-10,-10,-10,0,0,1,0,False
1786959803.3053916,20,1787241440.2635274,37.59,0.7143,37.47,0.7509,True,37.6,36.5,38.6,0.95,0.005,0.0,0.7,0.03,2,1787241452.3557777,1786959809.4051678,0,-10,-10,-10,-10,0,0,1,0,False
1786959803.3053916,20,1787241462.3905592,37.59,0.7143,37.47,0.7509,True,37.6,36.5,38.6,0.95,0.005,0.0,0.7,0.03,2,1787241472.4357102,1786959809.4051678,0,-10,-10,-10,-10,0,0,1,0,False
1786959803.3053916,20,1787241482.473144,37.58,0.7145999999999999,37.49,0.7511,True,37.6,36.5,38.6,0.95,0.005,0.0,0.7,0.03,2,1787241492.5312831,1786959809.4051678,0,-10,-10,-10,-10,0,0,1,0,False
1786959803.3053916,20,1787241502.5753744,37.57,0.7148000000000001,37.5,0.7515999999999999,True,37.6,36.5,38.6,0.95,0.005,0.0,0.7,0.03,2,1787241512.6303885,1786959809.4051678,0,-10,-10,-10,-10,0,0,1,0,False
1786959803.3053916,20,1787241522.6645374,37.6,0.7149,37.5,0.7519,True,37.6,36.5,38.6,0.95,0.005,0.0,0.7,0.03,2,1787241512.6303885,1786959809.4051678,0,-10,-10,-10,-10,0,0,1,0,False
1786959803.3053916,20,1787241542.7773104,37.6,0.7151000000000001,37.48,0.752,True,37.6,36.5,38.6,0.95,0.005,0.0,0.7,0.03,2,1787241542.7865386,1786959809.4051678,0,-10,-10,-10,-10,0,0,0,0,False
1786959803.3053916,20,1787241562.8681476,37.62,0.7147,37.5,0.7517,True,37.6,36.5,38.6,0.95,0.005,0.0,0.7,0.03,2,1787241575.0374684,1786959809.4051678,0,-10,-10,-10,-10,0,0,0,0,False
1786959803.3053916,20,1787241585.0632565,37.63,0.7144,37.5,0.7509,True,37.6,36.5,38.6,0.95,0.005,0.0,0.7,0.03,2,1787241595.1146784,1786959809.4051678,0,-10,-10,-10,-10,0,0,0,0,False
1786959803.3053916,20,1787241605.1645494,37.65,0.7139,37.51,0.7506999999999999,True,37.6,36.5,38.6,0.95,0.005,0.0,0.7,0.03,2,1787241615.2199318,1786959809.4051678,0,-10,-10,-10,-10,0,0,0,0,False
1786959803.3053916,20,1787241625.2710476,37.62,0.7133,37.5,0.7501000000000001,True,37.6,36.5,38.6,0.95,0.005,0.0,0.7,0.03,2,1787241635.328747,1786959809.4051678,0,-10,-10,-10,-10,0,0,0,0,False
1786959803.3053916,20,1787241645.3869934,37.65,0.7128,37.5,0.7498,True,37.6,36.5,38.6,0.95,0.005,0.0,0.7,0.03,2,1787241655.4265237,1786959809.4051678,0,-10,-10,-10,-10,0,0,0,0,False
1786959803.3053916,20,1787241665.459997,37.63,0.7118000000000001,37.49,0.7495,True,37.6,36.5,38.6,0.95,0.005,0.0,0.7,0.03,2,1787241675.5178604,1786959809.4051678,0,-10,-10,-10,-10,0,0,0,0,False
1786959803.3053916,20,1787241685.5545511,37.64,0.7115,37.47,0.7490000000000001,True,37.6,36.5,38.6,0.95,0.005,0.0,0.7,0.03,2,1787241697.5867531,1786959809.4051678,0,-10,-10,-10,-10,0,0,0,0,False
1786959803.3053916,20,1787241707.6149302,37.65,0.7108,37.47,0.7488,True,37.6,36.5,38.6,0.95,0.005,0.0,0.7,0.03,2,1787241717.6786642,1786959809.4051678,0,-10,-10,-10,-10,0,0,0,0,False
1786959803.3053916,20,1787241727.7220476,37.66,0.7104,37.48,0.7484000000000001,True,37.6,36.5,38.6,0.95,0.005,0.0,0.7,0.03,2,1787241737.7789779,1786959809.4051678,0,-10,-10,-10,-10,0,0,0,0,False
1786959803.3053916,20,1787241747.8113143,37.62,0.7098000000000001,37.47,0.7484999999999999,True,37.6,36.5,38.6,0.95,0.005,0.0,0.7,0.03,2,1787241757.870547,1786959809.4051678,0,-10,-10,-10,-10,0,0,0,0,False
1786959803.3053916,20,1787241767.9238005,37.64,0.7095999999999999,37.49,0.7483,True,37.6,36.5,38.6,0.95,0.005,0.0,0.7,0.03,2,1787241777.9797928,1786959809.4051678,0,-10,-10,-10,-10,0,0,0,0,False
1786959803.3053916,20,1787241788.0199962,37.65,0.7097,37.46,0.748,True,37.6,36.5,38.6,0.95,0.005,0.0,0.7,0.03,2,1787241798.088096,1786959809.4051678,0,-10,-10,-10,-10,0,0,0,0,False
1786959803.3053916,20,1787241808.120197,37.59,0.7093,37.47,0.7477,True,37.6,36.5,38.6,0.95,0.005,0.0,0.7,0.03,2,1787241822.832614,1786959809.4051678,0,-10,-10,-10,-10,0,0,1,0,False
1786959803.3053916,20,1787241832.868985,37.57,0.7094,37.45,0.748,True,37.6,36.5,38.6,0.95,0.005,0.0,0.7,0.03,2,1787241842.9097567,1786959809.4051678,0,-10,-10,-10,-10,0,0,1,0,False
1786959803.3053916,20,1787241852.952516,37.61,0.71,37.43,0.748,True,37.6,36.5,38.6,0.95,0.005,0.0,0.7,0.03,2,1787241863.0000715,1786959809.4051678,0,-10,-10,-10,-10,0,0,0,0,False
1786959803.3053916,20,1787241873.0320446,37.57,0.7092,37.42,0.7479000000000001,True,37.6,36.5,38.6,0.95,0.005,0.0,0.7,0.03,2,1787241883.1088107,1786959809.4051678,0,-10,-10,-10,-10,0,0,1,0,False
1786959803.3053916,20,1787241893.1683989,37.61,0.7095999999999999,37.44,0.7481,True,37.6,36.5,38.6,0.95,0.005,0.0,0.7,0.03,2,1787241903.2245522,1786959809.4051678,0,-10,-10,-10,-10,0,0,0,0,False
1786959803.3053916,20,1787241913.2580059,37.62,0.7095,37.42,0.7483,True,37.6,36.5,38.6,0.95,0.005,0.0,0.7,0.03,2,1787241923.2955627,1786959809.4051678,0,-10,-10,-10,-10,0,0,0,0,False
1786959803.3053916,20,1787241933.3390143,37.63,0.7088,37.43,0.748,True,37.6,36.5,38.6,0.95,0.005,0.0,0.7,0.03,2,1787241945.429645,1786959809.4051678,0,-10,-10,-10,-10,0,0,0,0,False
1786959803.3053916,20,1787241955.4795804,37.61,0.7084999999999999,37.44,0.7478,True,37.6,36.5,38.6,0.95,0.005,0.0,0.7,0.03,2,1787241965.5298214,1786959809.4051678,0,-10,-10,-10,-10,0,0,0,0,False
1786959803.3053916,20,1787241975.5880194,37.65,0.7083,37.43,0.7475,True,37.6,36.5,38.6,0.95,0.005,0.0,0.7,0.03,2,1787241985.6353104,1786959809.4051678,0,-10,-10,-10,-10,0,0,0,0,False
1786959803.3053916,20,1787241995.6871312,37.59,0.7081999999999999,37.4,0.747,True,37.6,36.5,38.6,0.95,0.005,0.0,0.7,0.03,2,1787242005.7447748,1786959809.4051678,0,-10,-10,-10,-10,0,0,1,0,False
1786959803.3053916,20,1787242015.7835224,37.61,0.7091,37.39,0.7479000000000001,True,37.6,36.5,38.6,0.95,0.005,0.0,0.7,0.03,2,1787242025.8454416,1786959809.4051678,0,-10,-10,-10,-10,0,0,0,0,False
1786959803.3053916,20,1787242035.8790693,37.61,0.7089,37.43,0.7481,True,37.6,36.5,38.6,0.95,0.005,0.0,0.7,0.03,2,1787242045.9465663,1786959809.4051678,0,-10,-10,-10,-10,0,0,0,0,False
1786959803.3053916,20,1787242055.9989033,37.61,0.7087000000000001,37.37,0.748,True,37.6,36.5,38.6,0.95,0.005,0.0,0.7,0.03,2,1787242068.0936527,1786959809.4051678,0,-10,-10,-10,-10,0,0,0,0,False
1786959803.3053916,20,1787242078.1269813,37.62,0.7077,37.41,0.7478,True,37.6,36.5,38.6,0.95,0.005,0.0,0.7,0.03,2,1787242088.1708446,1786959809.4051678,0,-10,-10,-10,-10,0,0,0,0,False
1786959803.3053916,20,1787242098.2166355,37.6,0.7076000000000001,37.42,0.7475,True,37.6,36.5,38.6,0.95,0.005,0.0,0.7,0.03,2,1787242098.2256315,1786959809.4051678,0,-10,-10,-10,-10,0,0,1,0,False
1786959803.3053916,20,1787242118.3053515,37.62,0.7084999999999999,37.41,0.7479000000000001,True,37.6,36.5,38.6,0.95,0.005,0.0,0.7,0.03,2,1787242128.3458908,1786959809.4051678,0,-10,-10,-10,-10,0,0,0,0,False
1786959803.3053916,20,1787242138.3772814,37.6,0.708,37.4,0.748,True,37.6,36.5,38.6,0.95,0.005,0.0,0.7,0.03,2,1787242138.3866162,1786959809.4051678,0,-10,-10,-10,-10,0,0,0,0,False
1786959803.3053916,20,1787242158.4826086,37.6,0.7072,37.41,0.7478,True,37.6,36.5,38.6,0.95,0.005,0.0,0.7,0.03,2,1787242138.3866162,1786959809.4051678,0,-10,-10,-10,-10,0,0,0,0,False
1786959803.3053916,20,1787242178.587831,37.63,0.7068000000000001,37.38,0.7475,True,37.6,36.5,38.6,0.95,0.005,0.0,0.7,0.03,2,1787242190.7445335,1786959809.4051678,0,-10,-10,-10,-10,0,0,0,0,False
1786959803.3053916,20,1787242200.779585,37.6,0.7065,37.41,0.7471,True,37.6,36.5,38.6,0.95,0.005,0.0,0.7,0.03,2,1787242200.7885168,1786959809.4051678,0,-10,-10,-10,-10,0,0,0,0,False
1786959803.3053916,20,1787242220.858319,37.6,0.7067,37.37,0.7468000000000001,True,37.6,36.5,38.6,0.95,0.005,0.0,0.7,0.03,2,1787242220.8680477,1786959809.4051678,0,-10,-10,-10,-10,0,0,0,0,False
1786959803.3053916,20,1787242240.960245,37.53,0.7065,37.35,0.747,True,37.6,36.5,38.6,0.95,0.005,0.0,0.7,0.03,2,1787242251.0138228,1786959809.4051678,0,-10,-10,-10,-10,0,0,1,0,False
1786959803.3053916,20,1787242261.0550077,37.55,0.7073999999999999,37.37,0.7473000000000001,True,37.6,36.5,38.6,0.95,0.005,0.0,0.7,0.03,2,1787242271.098583,1786959809.4051678,0,-10,-10,-10,-10,0,0,1,0,False
1786959803.3053916,20,1787242281.157558,37.57,0.7079000000000001,37.32,0.7477,True,37.6,36.5,38.6,0.95,0.005,0.0,0.7,0.03,2,1787242291.20571,1786959809.4051678,0,-10,-10,-10,-10,0,0,1,0,False
1786959803.3053916,20,1787242301.2506995,37.59,0.708,37.4,0.7482,True,37.6,36.5,38.6,0.95,0.005,0.0,0.7,0.03,2,1787242313.4051094,1786959809.4051678,0,-10,-10,-10,-10,0,0,1,0,False
1786959803.3053916,20,1787242323.4493876,37.64,0.7076000000000001,37.37,0.7484999999999999,True,37.6,36.5,38.6,0.95,0.005,0.0,0.7,0.03,2,1787242333.4951777,1786959809.4051678,0,-10,-10,-10,-10,0,0,0,0,False
1786959803.3053916,20,1787242343.5562756,37.64,0.7068000000000001,37.37,0.7484000000000001,True,37.6,36.5,38.6,0.95,0.005,0.0,0.7,0.03,2,1787242353.6014574,1786959809.4051678,0,-10,-10,-10,-10,0,0,0,0,False
1786959803.3053916,20,1787242363.6379173,37.63,0.7059000000000001,37.34,0.7478,True,37.6,36.5,38.6,0.95,0.005,0.0,0.7,0.03,2,1787242373.6946914,1786959809.4051678,0,-10,-10,-10,-10,0,0,0,0,False
1786959803.3053916,20,1787242383.726187,37.65,0.7058,37.33,0.7476,True,37.6,36.5,38.6,0.95,0.005,0.0,0.7,0.03,2,1787242393.7808263,1786959809.4051678,0,-10,-10,-10,-10,0,0,0,0,False
1786959803.3053916,20,1787242403.8160725,37.62,0.7054,37.35,0.7472,True,37.6,36.5,38.6,0.95,0.005,0.0,0.7,0.03,2,1787242413.8815835,1786959809.4051678,0,-10,-10,-10,-10,0,0,0,0,False
1786959803.3053916,20,1787242423.9297564,37.6,0.7051999999999999,37.31,0.7469,True,37.6,36.5,38.6,0.95,0.005,0.0,0.7,0.03,2,1787242426.0515532,1786959809.4051678,0,-10,-10,-10,-10,0,0,0,0,False
1786959803.3053916,20,1787242446.1452045,37.59,0.7051000000000001,37.31,0.7468000000000001,True,37.6,36.5,38.6,0.95,0.005,0.0,0.7,0.03,2,1787242456.207781,1786959809.4051678,0,-10,-10,-10,-10,0,0,1,0,False
1786959803.3053916,20,1787242466.246278,37.6,0.706,37.35,0.7468000000000001,True,37.6,36.5,38.6,0.95,0.005,0.0,0.7,0.03,2,1787242466.2556798,1786959809.4051678,0,-10,-10,-10,-10,0,0,1,0,False
1786959803.3053916,20,1787242486.3412554,37.58,0.7068000000000001,37.33,0.7475,True,37.6,36.5,38.6,0.95,0.005,0.0,0.7,0.03,2,1787242496.376054,1786959809.4051678,0,-10,-10,-10,-10,0,0,1,0,False
1786959803.3053916,20,1787242506.4227467,37.61,0.7071,37.31,0.7481,True,37.6,36.5,38.6,0.95,0.005,0.0,0.7,0.03,2,1787242516.4747553,1786959809.4051678,0,-10,-10,-10,-10,0,0,0,0,False
1786959803.3053916,20,1787242526.5110154,37.58,0.7065,37.33,0.748,True,37.6,36.5,38.6,0.95,0.005,0.0,0.7,0.03,2,1787242536.5618517,1786959809.4051678,0,-10,-10,-10,-10,0,0,1,0,False
1786959803.3053916,20,1787242546.6098812,37.65,0.7062999999999999,37.34,0.7483,True,37.6,36.5,38.6,0.95,0.005,0.0,0.7,0.03,2,1787242558.668621,1786959809.4051678,0,-10,-10,-10,-10,0,0,0,0,False
1786959803.3053916,20,1787242568.7018087,37.6,0.7054,37.35,0.7482,True,37.6,36.5,38.6,0.95,0.005,0.0,0.7,0.03,2,1787242558.668621,1786959809.4051678,0,-10,-10,-10,-10,0,0,0,0,False
1786959803.3053916,20,1787242588.7884948,37.65,0.705,37.32,0.7475,True,37.6,36.5,38.6,0.95,0.005,0.0,0.7,0.03,2,1787242598.8571243,1786959809.4051678,0,-10,-10,-10,-10,0,0,0,0,False
1786959803.3053916,20,1787242608.9051335,37.65,0.7048000000000001,37.34,0.7473000000000001,True,37.6,36.5,38.6,0.95,0.005,0.0,0.7,0.03,2,1787242618.9656758,1786959809.4051678,0,-10,-10,-10,-10,0,0,0,0,False
1786959803.3053916,20,1787242628.993436,37.64,0.7045,37.3,0.7468000000000001,True,37.6,36.5,38.6,0.95,0.005,0.0,0.7,0.03,2,1787242639.050731,1786959809.4051678,0,-10,-10,-10,-10,0,0,0,0,False
1786959803.3053916,20,1787242649.0821671,37.59,0.7045,37.29,0.7465999999999999,True,37.6,36.5,38.6,0.95,0.005,0.0,0.7,0.03,2,1787242659.137062,1786959809.4051678,0,-10,-10,-10,-10,0,0,1,0,False
1786959803.3053916,20,1787242669.1900501,37.55,0.705,37.32,0.7469,True,37.6,36.5,38.6,0.95,0.005,0.0,0.7,0.03,2,1787242682.0624375,1786959809.4051678,0,-10,-10,-10,-10,0,0,1,0,False
1786959803.3053916,20,1787242692.1124454,37.57,0.7056,37.27,0.747,True,37.6,36.5,38.6,0.95,0.005,0.0,0.7,0.03,2,1787242702.1506276,1786959809.4051678,0,-10,-10,-10,-10,0,0,1,0,False
1786959803.3053916,20,1787242712.1921508,37.57,0.7065,37.31,0.7477,True,37.6,36.5,38.6,0.95,0.005,0.0,0.7,0.03,2,1787242722.2361035,1786959809.4051678,0,-10,-10,-10,-10,0,0,1,0,False
1786959803.3053916,20,1787242732.275389,37.61,0.7064,37.29,0.7479000000000001,True,37.6,36.5,38.6,0.95,0.005,0.0,0.7,0.03,2,1787242742.337082,1786959809.4051678,0,-10,-10,-10,-10,0,0,0,0,False
1786959803.3053916,20,1787242752.3685598,37.59,0.706,37.28,0.7481,True,37.6,36.5,38.6,0.95,0.005,0.0,0.7,0.03,2,1787242762.4230356,1786959809.4051678,0,-10,-10,-10,-10,0,0,1,0,False
1786959803.3053916,20,1787242772.4640105,37.62,0.7056,37.28,0.7479000000000001,True,37.6,36.5,38.6,0.95,0.005,0.0,0.7,0.03,2,1787242782.5161624,1786959809.4051678,0,-10,-10,-10,-10,0,0,0,0,False
1786959803.3053916,20,1787242792.5534253,37.6,0.7051999999999999,37.26,0.748,True,37.6,36.5,38.6,0.95,0.005,0.0,0.7,0.03,2,1787242794.7385206,1786959809.4051678,0,-10,-10,-10,-10,0,0,0,0,False
1786959803.3053916,20,1787242814.8305516,37.61,0.7046,37.33,0.7478,True,37.6,36.5,38.6,0.95,0.005,0.0,0.7,0.03,2,1787242824.8744605,1786959809.4051678,0,-10,-10,-10,-10,0,0,0,0,False
1786959803.3053916,20,1787242834.9280345,37.62,0.7041,37.29,0.7474,True,37.6,36.5,38.6,0.95,0.005,0.0,0.7,0.03,2,1787242844.9806592,1786959809.4051678,0,-10,-10,-10,-10,0,0,0,0,False
1786959803.3053916,20,1787242855.0241957,37.61,0.7038,37.28,0.747,True,37.6,36.5,38.6,0.95,0.005,0.0,0.7,0.03,2,1787242865.0678437,1786959809.4051678,0,-10,-10,-10,-10,0,0,0,0,False
1786959803.3053916,20,1787242875.111789,37.57,0.7042,37.29,0.7467,True,37.6,36.5,38.6,0.95,0.005,0.0,0.7,0.03,2,1787242885.155924,1786959809.4051678,0,-10,-10,-10,-10,0,0,1,0,False
1786959803.3053916,20,1787242895.2119784,37.59,0.7046,37.26,0.7469,True,37.6,36.5,38.6,0.95,0.005,0.0,0.7,0.03,2,1787242905.2571025,1786959809.4051678,0,-10,-10,-10,-10,0,0,1,0,False
1786959803.3053916,20,1787242915.3005018,37.59,0.7053,37.28,0.7473000000000001,True,37.6,36.5,38.6,0.95,0.005,0.0,0.7,0.03,2,1787242927.697817,1786959809.4051678,0,-10,-10,-10,-10,0,0,1,0,False
1786959803.3053916,20,1787242937.7346997,37.57,0.7055,37.29,0.7478,True,37.6,36.5,38.6,0.95,0.005,0.0,0.7,0.03,2,1787242947.7856855,1786959809.4051678,0,-10,-10,-10,-10,0,0,1,0,False
1786959803.3053916,20,1787242957.8253896,37.6,0.7057,37.27,0.7482,True,37.6,36.5,38.6,0.95,0.005,0.0,0.7,0.03,2,1787242957.8345134,1786959809.4051678,0,-10,-10,-10,-10,0,0,1,0,False
1786959803.3053916,20,1787242977.921979,37.62,0.7058,37.22,0.7484000000000001,True,37.6,36.5,38.6,0.95,0.005,0.0,0.7,0.03,2,1787242987.9857154,1786959809.4051678,0,-10,-10,-10,-10,0,0,0,0,False
1786959803.3053916,20,1787242998.0331905,37.65,0.7047,37.29,0.7484999999999999,True,37.6,36.5,38.6,0.95,0.005,0.0,0.7,0.03,2,1787243008.0938082,1786959809.4051678,0,-10,-10,-10,-10,0,0,0,0,False
1786959803.3053916,20,1787243018.1352127,37.64,0.7037000000000001,37.29,0.7479000000000001,True,37.6,36.5,38.6,0.95,0.005,0.0,0.7,0.03,2,1787243028.1837761,1786959809.4051678,0,-10,-10,-10,-10,0,0,0,0,False
1786959803.3053916,20,1787243038.2173977,37.65,0.7033,37.28,0.7475,True,37.6,36.5,38.6,0.95,0.005,0.0,0.7,0.03,2,1787243050.4358022,1786959809.4051678,0,-10,-10,-10,-10,0,0,0,0,False
1786959803.3053916,20,1787243060.4848862,37.64,0.7029000000000001,37.29,0.7471,True,37.6,36.5,38.6,0.95,0.005,0.0,0.7,0.03,2,1787243070.5424075,1786959809.4051678,0,-10,-10,-10,-10,0,0,0,0,False
1786959803.3053916,20,1787243080.5763621,37.62,0.7028,37.3,0.7471,True,37.6,36.5,38.6,0.95,0.005,0.0,0.7,0.03,2,1787243090.6247952,1786959809.4051678,0,-10,-10,-10,-10,0,0,0,0,False
1786959803.3053916,20,1787243100.6776536,37.61,0.7029000000000001,37.29,0.7467,True,37.6,36.5,38.6,0.95,0.005,0.0,0.7,0.03,2,1787243110.7464924,1786959809.4051678,0,-10,-10,-10,-10,0,0,0,0,False
1786959803.3053916,20,1787243120.807173,37.57,0.7031000000000001,37.27,0.7465,True,37.6,36.5,38.6,0.95,0.005,0.0,0.7,0.03,2,1787243130.86411,1786959809.4051678,0,-10,-10,-10,-10,0,0,1,0,False
1786959803.3053916,20,1787243140.8963451,37.54,0.7041,37.28,0.7465,True,37.6,36.5,38.6,0.95,0.005,0.0,0.7,0.03,2,1787243150.963688,1786959809.4051678,0,-10,-10,-10,-10,0,0,1,0,False
1786959803.3053916,20,1787243161.0123153,37.57,0.7049,37.27,0.7473000000000001,True,37.6,36.5,38.6,0.95,0.005,0.0,0.7,0.03,2,1787243173.1926806,1786959809.4051678,0,-10,-10,-10,-10,0,0,1,0,False
1786959803.3053916,20,1787243183.2218342,37.57,0.7051999999999999,37.27,0.7476,True,37.6,36.5,38.6,0.95,0.005,0.0,0.7,0.03,2,1787243193.2616465,1786959809.4051678,0,-10,-10,-10,-10,0,0,1,0,False
1786959803.3053916,20,1787243203.3001695,37.58,0.7055,37.26,0.7478,True,37.6,36.5,38.6,0.95,0.005,0.0,0.7,0.03,2,1787243213.339027,1786959809.4051678,0,-10,-10,-10,-10,0,0,1,0,False
1786959803.3053916,20,1787243223.369196,37.62,0.7051000000000001,37.25,0.7484000000000001,True,37.6,36.5,38.6,0.95,0.005,0.0,0.7,0.03,2,1787243233.4104095,1786959809.4051678,0,-10,-10,-10,-10,0,0,0,0,False
1786959803.3053916,20,1787243243.4625041,37.63,0.7044,37.26,0.7482,True,37.6,36.5,38.6,0.95,0.005,0.0,0.7,0.03,2,1787243253.5336018,1786959809.4051678,0,-10,-10,-10,-10,0,0,0,0,False
1786959803.3053916,20,1787243263.5871305,37.58,0.7038,37.26,0.7476,True,37.6,36.5,38.6,0.95,0.005,0.0,0.7,0.03,2,1787243273.6446764,1786959809.4051678,0,-10,-10,-10,-10,0,0,1,0,False
1786959803.3053916,20,1787243283.6881468,37.64,0.7040000000000001,37.26,0.748,True,37.6,36.5,38.6,0.95,0.005,0.0,0.7,0.03,2,1787243296.150644,1786959809.4051678,0,-10,-10,-10,-10,0,0,0,0,False
1786959803.3053916,20,1787243306.1827393,37.6,0.7034999999999999,37.3,0.7478,True,37.6,36.5,38.6,0.95,0.005,0.0,0.7,0.03,2,1787243296.150644,1786959809.4051678,0,-10,-10,-10,-10,0,0,0,0,False
1786959803.3053916,20,1787243326.3031766,37.61,0.7031999999999999,37.27,0.7473000000000001,True,37.6,36.5,38.6,0.95,0.005,0.0,0.7,0.03,2,1787243336.3563266,1786959809.4051678,0,-10,-10,-10,-10,0,0,0,0,False
1786959803.3053916,20,1787243346.389338,37.61,0.703,37.24,0.7469,True,37.6,36.5,38.6,0.95,0.005,0.0,0.7,0.03,2,1787243356.4281068,1786959809.4051678,0,-10,-10,-10,-10,0,0,0,0,False
1786959803.3053916,20,1787243366.4781704,37.58,0.7029000000000001,37.25,0.7469,True,37.6,36.5,38.6,0.95,0.005,0.0,0.7,0.03,2,1787243376.5295486,1786959809.4051678,0,-10,-10,-10,-10,0,0,1,0,False
1786959803.3053916,20,1787243386.5714831,37.57,0.7036,37.26,0.7469,True,37.6,36.5,38.6,0.95,0.005,0.0,0.7,0.03,2,1787243396.6157837,1786959809.4051678,0,-10,-10,-10,-10,0,0,1,0,False
1786959803.3053916,20,1787243406.6686285,37.56,0.7046,37.27,0.7475,True,37.6,36.5,38.6,0.95,0.005,0.0,0.7,0.03,2,1787243418.708753,1786959809.4051678,0,-10,-10,-10,-10,0,0,1,0,False
1786959803.3053916,20,1787243428.740083,37.57,0.7048000000000001,37.23,0.7477,True,37.6,36.5,38.6,0.95,0.005,0.0,0.7,0.03,2,1787243438.8024719,1786959809.4051678,0,-10,-10,-10,-10,0,0,1,0,False
1786959803.3053916,20,1787243448.8422933,37.58,0.7046,37.25,0.7483,True,37.6,36.5,38.6,0.95,0.005,0.0,0.7,0.03,2,1787243458.8865423,1786959809.4051678,0,-10,-10,-10,-10,0,0,1,0,False
1786959803.3053916,20,1787243468.916997,37.64,0.7048000000000001,37.24,0.7484000000000001,True,37.6,36.5,38.6,0.95,0.005,0.0,0.7,0.03,2,1787243478.9744744,1786959809.4051678,0,-10,-10,-10,-10,0,0,0,0,False
1786959803.3053916,20,1787243489.03161,37.62,0.7040000000000001,37.24,0.7484000000000001,True,37.6,36.5,38.6,0.95,0.005,0.0,0.7,0.03,2,1787243499.088284,1786959809.4051678,0,-10,-10,-10,-10,0,0,0,0,False
1786959803.3053916,20,1787243509.1331353,37.62,0.7034999999999999,37.24,0.7478,True,37.6,36.5,38.6,0.95,0.005,0.0,0.7,0.03,2,1787243519.1900587,1786959809.4051678,0,-10,-10,-10,-10,0,0,0,0,False
1786959803.3053916,20,1787243529.226393,37.7,0.7029000000000001,37.26,0.7479000000000001,True,37.6,36.5,38.6,0.95,0.005,0.0,0.7,0.03,2,1787243541.367833,1786959809.4051678,0,-10,-10,-10,-10,0,0,0,0,False
1786959803.3053916,20,1787243551.4015555,37.6,0.7021,37.23,0.7477,True,37.6,36.5,38.6,0.95,0.005,0.0,0.7,0.03,2,1787243551.4105968,1786959809.4051678,0,-10,-10,-10,-10,0,0,0,0,False
1786959803.3053916,20,1787243571.4824553,37.61,0.7020000000000001,37.26,0.7472,True,37.6,36.5,38.6,0.95,0.005,0.0,0.7,0.03,2,1787243581.5284495,1786959809.4051678,0,-10,-10,-10,-10,0,0,0,0,False
1786959803.3053916,20,1787243591.5802386,37.61,0.7021,37.24,0.7468000000000001,True,37.6,36.5,38.6,0.95,0.005,0.0,0.7,0.03,2,1787243601.6157115,1786959809.4051678,0,-10,-10,-10,-10,0,0,0,0,False
1786959803.3053916,20,1787243611.6659966,37.59,0.7023999999999999,37.23,0.7465,True,37.6,36.5,38.6,0.95,0.005,0.0,0.7,0.03,2,1787243621.7198448,1786959809.4051678,0,-10,-10,-10,-10,0,0,1,0,False
1786959803.3053916,20,1787243631.777292,37.59,0.7031000000000001,37.26,0.7468000000000001,True,37.6,36.5,38.6,0.95,0.005,0.0,0.7,0.03,2,1787243641.8302588,1786959809.4051678,0,-10,-10,-10,-10,0,0,1,0,False
1786959803.3053916,20,1787243651.8810022,37.54,0.7039,37.23,0.7474,True,37.6,36.5,38.6,0.95,0.005,0.0,0.7,0.03,2,1787243664.0969062,1786959809.4051678,0,-10,-10,-10,-10,0,0,1,0,False
1786959803.3053916,20,1787243674.1475563,37.56,0.7044,37.24,0.7477,True,37.6,36.5,38.6,0.95,0.005,0.0,0.7,0.03,2,1787243684.200422,1786959809.4051678,0,-10,-10,-10,-10,0,0,1,0,False
1786959803.3053916,20,1787243694.2527618,37.59,0.7049,37.24,0.7483,True,37.6,36.5,38.6,0.95,0.005,0.0,0.7,0.03,2,1787243704.3088317,1786959809.4051678,0,-10,-10,-10,-10,0,0,1,0,False
1786959803.3053916,20,1787243714.350452,37.56,0.7045,37.22,0.7484000000000001,True,37.6,36.5,38.6,0.95,0.005,0.0,0.7,0.03,2,1787243724.3938892,1786959809.4051678,0,-10,-10,-10,-10,0,0,1,0,False
1786959803.3053916,20,1787243734.437938,37.65,0.7040000000000001,37.22,0.7484999999999999,True,37.6,36.5,38.6,0.95,0.005,0.0,0.7,0.03,2,1787243744.4977982,1786959809.4051678,0,-10,-10,-10,-10,0,0,0,0,False
1786959803.3053916,20,1787243754.541995,37.6,0.7029000000000001,37.23,0.7482,True,37.6,36.5,38.6,0.95,0.005,0.0,0.7,0.03,2,1787243754.551509,1786959809.4051678,0,-10,-10,-10,-10,0,0,0,0,False
1786959803.3053916,20,1787243774.6337113,37.66,0.7021,37.23,0.7478,True,37.6,36.5,38.6,0.95,0.005,0.0,0.7,0.03,2,1787243786.6048548,1786959809.4051678,0,-10,-10,-10,-10,0,0,0,0,False
1786959803.3053916,20,1787243796.6450007,37.65,0.7015000000000001,37.24,0.7474,True,37.6,36.5,38.6,0.95,0.005,0.0,0.7,0.03,2,1787243806.6967633,1786959809.4051678,0,-10,-10,-10,-10,0,0,0,0,False
1786959803.3053916,20,1787243816.7457871,37.62,0.7017,37.21,0.7469,True,37.6,36.5,38.6,0.95,0.005,0.0,0.7,0.03,2,1787243826.8164172,1786959809.4051678,0,-10,-10,-10,-10,0,0,0,0,False
1786959803.3053916,20,1787243836.853624,37.55,0.7019,37.24,0.7465999999999999,True,37.6,36.5,38.6,0.95,0.005,0.0,0.7,0.03,2,1787243846.9105954,1786959809.4051678,0,-10,-10,-10,-10,0,0,1,0,False
1786959803.3053916,20,1787243856.950668,37.59,0.7023,37.25,0.7469,True,37.6,36.5,38.6,0.95,0.005,0.0,0.7,0.03,2,1787243867.0087433,1786959809.4051678,0,-10,-10,-10,-10,0,0,1,0,False
1786959803.3053916,20,1787243877.0539403,37.55,0.7029000000000001,37.24,0.7473000000000001,True,37.6,36.5,38.6,0.95,0.005,0.0,0.7,0.03,2,1787243887.1108458,1786959809.4051678,0,-10,-10,-10,-10,0,0,1,0,False
1786959803.3053916,20,1787243897.1593964,37.57,0.7034,37.25,0.7474,True,37.6,36.5,38.6,0.95,0.005,0.0,0.7,0.03,2,1787243909.3199465,1786959809.4051678,0,-10,-10,-10,-10,0,0,1,0,False
1786959803.3053916,20,1787243919.3680975,37.56,0.7037000000000001,37.24,0.7476,True,37.6,36.5,38.6,0.95,0.005,0.0,0.7,0.03,2,1787243929.4266949,1786959809.4051678,0,-10,-10,-10,-10,0,0,1,0,False
1786959803.3053916,20,1787243939.4583104,37.59,0.7040000000000001,37.25,0.7481,True,37.6,36.5,38.6,0.95,0.005,0.0,0.7,0.03,2,1787243949.5008461,1786959809.4051678,0,-10,-10,-10,-10,0,0,1,0,False
1786959803.3053916,20,1787243959.5443308,37.59,0.7041,37.22,0.748,True,37.6,36.5,38.6,0.95,0.005,0.0,0.7,0.03,2,1787243969.6127727,1786959809.4051678,0,-10,-10,-10,-10,0,0,1,0,False
1786959803.3053916,20,1787243979.6741657,37.62,0.7039,37.22,0.7484999999999999,True,37.6,36.5,38.6,0.95,0.005,0.0,0.7,0.03,2,1787243989.7338371,1786959809.4051678,0,-10,-10,-10,-10,0,0,0,0,False
1786959803.3053916,20,1787243999.7895873,37.66,0.7031000000000001,37.26,0.7486,True,37.6,36.5,38.6,0.95,0.005,0.0,0.7,0.03,2,1787244009.8337002,1786959809.4051678,0,-10,-10,-10,-10,0,0,0,0,False
1786959803.3053916,20,1787244019.8666284,37.65,0.7021,37.24,0.7482,True,37.6,36.5,38.6,0.95,0.005,0.0,0.7,0.03,2,1787244031.9590816,1786959809.4051678,0,-10,-10,-10,-10,0,0,0,0,False
1786959803.3053916,20,1787244042.0010238,37.62,0.7014,37.23,0.7478,True,37.6,36.5,38.6,0.95,0.005,0.0,0.7,0.03,2,1787244052.0504487,1786959809.4051678,0,-10,-10,-10,-10,0,0,0,0,False
1786959803.3053916,20,1787244062.0860384,37.67,0.7014,37.22,0.7474,True,37.6,36.5,38.6,0.95,0.005,0.0,0.7,0.03,2,1787244072.1255796,1786959809.4051678,0,-10,-10,-10,-10,0,0,0,0,False
1786959803.3053916,20,1787244082.1723633,37.64,0.7015000000000001,37.22,0.7471,True,37.6,36.5,38.6,0.95,0.005,0.0,0.7,0.03,2,1787244092.2184951,1786959809.4051678,0,-10,-10,-10,-10,0,0,0,0,False
1786959803.3053916,20,1787244102.2669775,37.61,0.7016,37.23,0.7468000000000001,True,37.6,36.5,38.6,0.95,0.005,0.0,0.7,0.03,2,1787244112.3124566,1786959809.4051678,0,-10,-10,-10,-10,0,0,0,0,False
1786959803.3053916,20,1787244122.3619554,37.59,0.7018000000000001,37.22,0.7465999999999999,True,37.6,36.5,38.6,0.95,0.005,0.0,0.7,0.03,2,1787244132.4188416,1786959809.4051678,0,-10,-10,-10,-10,0,0,1,0,False
1786959803.3053916,20,1787244142.4805753,37.56,0.7031000000000001,37.2,0.747,True,37.6,36.5,38.6,0.95,0.005,0.0,0.7,0.03,2,1787244154.5485191,1786959809.4051678,0,-10,-10,-10,-10,0,0,1,0,False
1786959803.3053916,20,1787244164.5922654,37.56,0.7036,37.19,0.7477,True,37.6,36.5,38.6,0.95,0.005,0.0,0.7,0.03,2,1787244174.633632,1786959809.4051678,0,-10,-10,-10,-10,0,0,1,0,False
1786959803.3053916,20,1787244184.6827679,37.55,0.7040000000000001,37.22,0.7478,True,37.6,36.5,38.6,0.95,0.005,0.0,0.7,0.03,2,1787244194.7373686,1786959809.4051678,0,-10,-10,-10,-10,0,0,1,0,False
1786959803.3053916,20,1787244204.7629344,37.58,0.7041,37.2,0.7484000000000001,True,37.6,36.5,38.6,0.95,0.005,0.0,0.7,0.03,2,1787244214.8113866,1786959809.4051678,0,-10,-10,-10,-10,0,0,1,0,False
1786959803.3053916,20,1787244224.840218,37.62,0.7041,37.22,0.7484000000000001,True,37.6,36.5,38.6,0.95,0.005,0.0,0.7,0.03,2,1787244234.8872483,1786959809.4051678,0,-10,-10,-10,-10,0,0,0,0,False
1786959803.3053916,20,1787244244.9250302,37.64,0.703,37.24,0.7487,True,37.6,36.5,38.6,0.95,0.005,0.0,0.7,0.03,2,1787244254.9877334,1786959809.4051678,0,-10,-10,-10,-10,0,0,0,0,False
1786959803.3053916,20,1787244265.0334089,37.62,0.7020000000000001,37.22,0.748,True,37.6,36.5,38.6,0.95,0.005,0.0,0.7,0.03,2,1787244277.0503619,1786959809.4051678,0,-10,-10,-10,-10,0,0,0,0,False
1786959803.3053916,20,1787244287.1116188,37.64,0.7018000000000001,37.22,0.7475,True,37.6,36.5,38.6,0.95,0.005,0.0,0.7,0.03,2,1787244297.158502,1786959809.4051678,0,-10,-10,-10,-10,0,0,0,0,False
1786959803.3053916,20,1787244307.2056046,37.64,0.7019,37.25,0.7473000000000001,True,37.6,36.5,38.6,0.95,0.005,0.0,0.7,0.03,2,1787244317.2634256,1786959809.4051678,0,-10,-10,-10,-10,0,0,0,0,False
1786959803.3053916,20,1787244327.308448,37.61,0.7016,37.23,0.7474,True,37.6,36.5,38.6,0.95,0.005,0.0,0.7,0.03,2,1787244337.3725579,1786959809.4051678,0,-10,-10,-10,-10,0,0,0,0,False
1786959803.3053916,20,1787244347.4323738,37.59,0.7014,37.24,0.7474,True,37.6,36.5,38.6,0.95,0.005,0.0,0.7,0.03,2,1787244357.4944725,1786959809.4051678,0,-10,-10,-10,-10,0,0,1,0,False
1786959803.3053916,20,1787244367.5480661,37.59,0.7023,37.22,0.7476,True,37.6,36.5,38.6,0.95,0.005,0.0,0.7,0.03,2,1787244377.6162355,1786959809.4051678,0,-10,-10,-10,-10,0,0,1,0,False
1786959803.3053916,20,1787244387.664375,37.61,0.703,37.21,0.7478,True,37.6,36.5,38.6,0.95,0.005,0.0,0.7,0.03,2,1787244399.7094672,1786959809.4051678,0,-10,-10,-10,-10,0,0,0,0,False
1786959803.3053916,20,1787244409.759384,37.58,0.7025,37.2,0.7476,True,37.6,36.5,38.6,0.95,0.005,0.0,0.7,0.03,2,1787244419.8179393,1786959809.4051678,0,-10,-10,-10,-10,0,0,1,0,False
1786959803.3053916,20,1787244429.865607,37.62,0.7028,37.24,0.748,True,37.6,36.5,38.6,0.95,0.005,0.0,0.7,0.03,2,1787244439.9106424,1786959809.4051678,0,-10,-10,-10,-10,0,0,0,0,False
1786959803.3053916,20,1787244449.9540958,37.59,0.7019,37.23,0.7476,True,37.6,36.5,38.6,0.95,0.005,0.0,0.7,0.03,2,1787244460.0166893,1786959809.4051678,0,-10,-10,-10,-10,0,0,1,0,False
1786959803.3053916,20,1787244470.0519474,37.59,0.7021,37.2,0.7474,True,37.6,36.5,38.6,0.95,0.005,0.0,0.7,0.03,2,1787244480.094368,1786959809.4051678,0,-10,-10,-10,-10,0,0,1,0,False
1786959803.3053916,20,1787244490.1341488,37.61,0.7023999999999999,37.22,0.7476,True,37.6,36.5,38.6,0.95,0.005,0.0,0.7,0.03,2,1787244500.1727414,1786959809.4051678,0,-10,-10,-10,-10,0,0,0,0,False
1786959803.3053916,20,1787244510.2148046,37.59,0.7021,37.22,0.7472,True,37.6,36.5,38.6,0.95,0.005,0.0,0.7,0.03,2,1787244522.316788,1786959809.4051678,0,-10,-10,-10,-10,0,0,1,0,False
1786959803.3053916,20,1787244532.3558416,37.6,0.7023,37.23,0.7476,True,37.6,36.5,38.6,0.95,0.005,0.0,0.7,0.03,2,1787244532.3648517,1786959809.4051678,0,-10,-10,-10,-10,0,0,1,0,False
1786959803.3053916,20,1787244552.442638,37.58,0.703,37.19,0.7476,True,37.6,36.5,38.6,0.95,0.005,0.0,0.7,0.03,2,1787244562.4888585,1786959809.4051678,0,-10,-10,-10,-10,0,0,1,0,False
1786959803.3053916,20,1787244572.5176122,37.65,0.7031999999999999,37.22,0.7478,True,37.6,36.5,38.6,0.95,0.005,0.0,0.7,0.03,2,1787244582.5717897,1786959809.4051678,0,-10,-10,-10,-10,0,0,0,0,False
1786959803.3053916,20,1787244592.6126995,37.6,0.7025,37.22,0.7476,True,37.6,36.5,38.6,0.95,0.005,0.0,0.7,0.03,2,1787244592.6215582,1786959809.4051678,0,-10,-10,-10,-10,0,0,0,0,False
1786959803.3053916,20,1787244612.700764,37.6,0.7020000000000001,37.22,0.7475,True,37.6,36.5,38.6,0.95,0.005,0.0,0.7,0.03,2,1787244612.712487,1786959809.4051678,0,-10,-10,-10,-10,0,0,1,0,False
1786959803.3053916,20,1787244632.810859,37.57,0.7023,37.2,0.7477,True,37.6,36.5,38.6,0.95,0.005,0.0,0.7,0.03,2,1787244644.8468964,1786959809.4051678,0,-10,-10,-10,-10,0,0,1,0,False
1786959803.3053916,20,1787244654.899603,37.59,0.7025,37.21,0.7477,True,37.6,36.5,38.6,0.95,0.005,0.0,0.7,0.03,2,1787244664.9685674,1786959809.4051678,0,-10,-10,-10,-10,0,0,1,0,False
1786959803.3053916,20,1787244675.0232847,37.61,0.7033,37.24,0.748,True,37.6,36.5,38.6,0.95,0.005,0.0,0.7,0.03,2,1787244685.079559,1786959809.4051678,0,-10,-10,-10,-10,0,0,0,0,False
1786959803.3053916,20,1787244695.1295705,37.61,0.7017,37.2,0.7478,True,37.6,36.5,38.6,0.95,0.005,0.0,0.7,0.03,2,1787244705.1728718,1786959809.4051678,0,-10,-10,-10,-10,0,0,0,0,False
1786959803.3053916,20,1787244715.2343996,37.59,0.7016,37.24,0.7474,True,37.6,36.5,38.6,0.95,0.005,0.0,0.7,0.03,2,1787244725.292689,1786959809.4051678,0,-10,-10,-10,-10,0,0,1,0,False
1786959803.3053916,20,1787244735.3185525,37.58,0.7017,37.22,0.7474,True,37.6,36.5,38.6,0.95,0.005,0.0,0.7,0.03,2,1787244745.3747976,1786959809.4051678,0,-10,-10,-10,-10,0,0,1,0,False
1786959803.3053916,20,1787244755.4171622,37.59,0.7020000000000001,37.22,0.7474,True,37.6,36.5,38.6,0.95,0.005,0.0,0.7,0.03,2,1787244767.5295887,1786959809.4051678,0,-10,-10,-10,-10,0,0,1,0,False
1786959803.3053916,20,1787244777.584915,37.62,0.7025,37.24,0.7477,True,37.6,36.5,38.6,0.95,0.005,0.0,0.7,0.03,2,1787244787.6336977,1786959809.4051678,0,-10,-10,-10,-10,0,0,0,0,False
1786959803.3053916,20,1787244797.693193,37.61,0.7018000000000001,37.21,0.7478,True,37.6,36.5,38.6,0.95,0.005,0.0,0.7,0.03,2,1787244807.7578177,1786959809.4051678,0,-10,-10,-10,-10,0,0,0,0,False
1786959803.3053916,20,1787244817.8075063,37.56,0.7017,37.22,0.7471,True,37.6,36.5,38.6,0.95,0.005,0.0,0.7,0.03,2,1787244827.8785157,1786959809.4051678,0,-10,-10,-10,-10,0,0,1,0,False
1786959803.3053916,20,1787244837.9055233,37.58,0.7021,37.21,0.7474,True,37.6,36.5,38.6,0.95,0.005,0.0,0.7,0.03,2,1787244847.949595,1786959809.4051678,0,-10,-10,-10,-10,0,0,1,0,False
1786959803.3053916,20,1787244857.9853497,37.57,0.7027,37.21,0.7477,True,37.6,36.5,38.6,0.95,0.005,0.0,0.7,0.03,2,1787244868.044598,1786959809.4051678,0,-10,-10,-10,-10,0,0,1,0,False
1786959803.3053916,20,1787244878.0987725,37.59,0.7031000000000001,37.2,0.7482,True,37.6,36.5,38.6,0.95,0.005,0.0,0.7,0.03,2,1787244890.1634867,1786959809.4051678,0,-10,-10,-10,-10,0,0,1,0,False
1786959803.3053916,20,1787244900.2077339,37.63,0.7027,37.18,0.7484000000000001,True,37.6,36.5,38.6,0.95,0.005,0.0,0.7,0.03,2,1787244910.2668006,1786959809.4051678,0,-10,-10,-10,-10,0,0,0,0,False
1786959803.3053916,20,1787244920.3119385,37.64,0.7023,37.22,0.7486,True,37.6,36.5,38.6,0.95,0.005,0.0,0.7,0.03,2,1787244930.3607538,1786959809.4051678,0,-10,-10,-10,-10,0,0,0,0,False
1786959803.3053916,20,1787244940.3887246,37.57,0.7012999999999999,37.21,0.7481,True,37.6,36.5,38.6,0.95,0.005,0.0,0.7,0.03,2,1787244950.4399757,1786959809.4051678,0,-10,-10,-10,-10,0,0,1,0,False
1786959803.3053916,20,1787244960.4884088,37.62,0.7017,37.21,0.7477,True,37.6,36.5,38.6,0.95,0.005,0.0,0.7,0.03,2,1787244970.5511963,1786959809.4051678,0,-10,-10,-10,-10,0,0,0,0,False
1786959803.3053916,20,1787244980.590021,37.64,0.7012,37.22,0.7476,True,37.6,36.5,38.6,0.95,0.005,0.0,0.7,0.03,2,1787244990.6329489,1786959809.4051678,0,-10,-10,-10,-10,0,0,0,0,False
1786959803.3053916,20,1787245000.6839044,37.58,0.7008,37.23,0.747,True,37.6,36.5,38.6,0.95,0.005,0.0,0.7,0.03,2,1787245012.7156947,1786959809.4051678,0,-10,-10,-10,-10,0,0,1,0,False
1786959803.3053916,20,1787245022.7598472,37.59,0.7012999999999999,37.19,0.747,True,37.6,36.5,38.6,0.95,0.005,0.0,0.7,0.03,2,1787245032.8232067,1786959809.4051678,0,-10,-10,-10,-10,0,0,1,0,False
1786959803.3053916,20,1787245042.8723583,37.55,0.7016,37.2,0.7473000000000001,True,37.6,36.5,38.6,0.95,0.005,0.0,0.7,0.03,2,1787245052.9369361,1786959809.4051678,0,-10,-10,-10,-10,0,0,1,0,False
1786959803.3053916,20,1787245062.9913564,37.58,0.7021,37.18,0.7474,True,37.6,36.5,38.6,0.95,0.005,0.0,0.7,0.03,2,1787245073.0546978,1786959809.4051678,0,-10,-10,-10,-10,0,0,1,0,False
1786959803.3053916,20,1787245083.0988393,37.62,0.7026000000000001,37.2,0.7476,True,37.6,36.5,38.6,0.95,0.005,0.0,0.7,0.03,2,1787245093.17078,1786959809.4051678,0,-10,-10,-10,-10,0,0,0,0,False
1786959803.3053916,20,1787245103.2065578,37.62,0.7023999999999999,37.18,0.7478,True,37.6,36.5,38.6,0.95,0.005,0.0,0.7,0.03,2,1787245113.2677643,1786959809.4051678,0,-10,-10,-10,-10,0,0,0,0,False
1786959803.3053916,20,1787245123.3197088,37.61,0.7018000000000001,37.2,0.7475,True,37.6,36.5,38.6,0.95,0.005,0.0,0.7,0.03,2,1787245135.3826962,1786959809.4051678,0,-10,-10,-10,-10,0,0,0,0,False
1786959803.3053916,20,1787245145.4215503,37.57,0.7015000000000001,37.17,0.747,True,37.6,36.5,38.6,0.95,0.005,0.0,0.7,0.03,2,1787245155.4676597,1786959809.4051678,0,-10,-10,-10,-10,0,0,1,0,False
1786959803.3053916,20,1787245165.5054255,37.55,0.7023,37.18,0.7477,True,37.6,36.5,38.6,0.95,0.005,0.0,0.7,0.03,2,1787245175.5685203,1786959809.4051678,0,-10,-10,-10,-10,0,0,1,0,False
1786959803.3053916,20,1787245185.6242723,37.57,0.7031000000000001,37.19,0.7478,True,37.6,36.5,38.6,0.95,0.005,0.0,0.7,0.03,2,1787245195.6606297,1786959809.4051678,0,-10,-10,-10,-10,0,0,1,0,False
1786959803.3053916,20,1787245205.6981366,37.6,0.7034,37.18,0.7484000000000001,True,37.6,36.5,38.6,0.95,0.005,0.0,0.7,0.03,2,1787245205.7072637,1786959809.4051678,0,-10,-10,-10,-10,0,0,1,0,False
1786959803.3053916,20,1787245225.802382,37.57,0.7028,37.23,0.7484999999999999,True,37.6,36.5,38.6,0.95,0.005,0.0,0.7,0.03,2,1787245235.8473678,1786959809.4051678,0,-10,-10,-10,-10,0,0,1,0,False
1786959803.3053916,20,1787245245.9075732,37.6,0.7027,37.19,0.7486,True,37.6,36.5,38.6,0.95,0.005,0.0,0.7,0.03,2,1787245235.8473678,1786959809.4051678,0,-10,-10,-10,-10,0,0,1,0,False
1786959803.3053916,20,1787245267.938643,37.61,0.7031999999999999,37.22,0.7491,True,37.6,36.5,38.6,0.95,0.005,0.0,0.7,0.03,2,1787245277.994805,1786959809.4051678,0,-10,-10,-10,-10,0,0,0,0,False
1786959803.3053916,20,1787245288.0396514,37.6,0.7037000000000001,37.18,0.7491,True,37.6,36.5,38.6,0.95,0.005,0.0,0.7,0.03,2,1787245277.994805,1786959809.4051678,0,-10,-10,-10,-10,0,0,0,0,False
1786959803.3053916,20,1787245308.1330621,37.57,0.7036,37.21,0.7487,True,37.6,36.5,38.6,0.95,0.005,0.0,0.7,0.03,2,1787245318.1985192,1786959809.4051678,0,-10,-10,-10,-10,0,0,1,0,False
1786959803.3053916,20,1787245328.2419758,37.53,0.7043,37.23,0.7489,True,37.6,36.5,38.6,0.95,0.005,0.0,0.7,0.03,2,1787245338.2967784,1786959809.4051678,0,-10,-10,-10,-10,0,0,1,0,False
1786959803.3053916,20,1787245348.3404126,37.54,0.7054,37.2,0.7491,True,37.6,36.5,38.6,0.95,0.005,0.0,0.7,0.03,2,1787245358.4106855,1786959809.4051678,0,-10,-10,-10,-10,0,0,1,0,False
1786959803.3053916,20,1787245368.4473464,37.52,0.7062999999999999,37.21,0.7495999999999999,True,37.6,36.5,38.6,0.95,0.005,0.0,0.7,0.03,2,1787245380.5138204,1786959809.4051678,0,-10,-10,-10,-10,0,0,1,0,False
1786959803.3053916,20,1787245390.5707464,37.52,0.7070000000000001,37.2,0.7495999999999999,True,37.6,36.5,38.6,0.95,0.005,0.0,0.7,0.03,2,1787245400.6276772,1786959809.4051678,0,-10,-10,-10,-10,0,0,1,0,False
1786959803.3053916,20,1787245410.6808257,37.49,0.7076000000000001,37.18,0.7503000000000001,True,37.6,36.5,38.6,0.95,0.005,0.0,0.7,0.03,2,1787245420.7385585,1786959809.4051678,0,-10,-10,-10,-10,0,0,1,0,False
1786959803.3053916,20,1787245430.7840626,37.51,0.7084,37.2,0.7504000000000001,True,37.6,36.5,38.6,0.95,0.005,0.0,0.7,0.03,2,1787245440.840649,1786959809.4051678,0,-10,-10,-10,-10,0,0,1,0,False
1786959803.3053916,20,1787245450.885057,37.51,0.7088,37.22,0.7506999999999999,True,37.6,36.5,38.6,0.95,0.005,0.0,0.7,0.03,2,1787245460.943472,1786959809.4051678,0,-10,-10,-10,-10,0,0,1,0,False
1786959803.3053916,20,1787245470.9816983,37.51,0.7092,37.24,0.7509,True,37.6,36.5,38.6,0.95,0.005,0.0,0.7,0.03,2,1787245481.0306787,1786959809.4051678,0,-10,-10,-10,-10,0,0,1,0,False
1786959803.3053916,20,1787245491.0779536,37.47,0.7094,37.21,0.7511,True,37.6,36.5,38.6,0.95,0.005,0.0,0.7,0.03,2,1787245503.383794,1786959809.4051678,0,-10,-10,-10,-10,0,0,1,0,False
1786959803.3053916,20,1787245513.4166708,37.48,0.7101999999999999,37.24,0.7514000000000001,True,37.6,36.5,38.6,0.95,0.005,0.0,0.7,0.03,2,1787245523.4745085,1786959809.4051678,0,-10,-10,-10,-10,0,0,1,0,False
1786959803.3053916,20,1787245533.5027313,37.5,0.7105,37.27,0.7515000000000001,True,37.6,36.5,38.6,0.95,0.005,0.0,0.7,0.03,2,1787245543.554307,1786959809.4051678,0,-10,-10,-10,-10,0,0,1,0,False
1786959803.3053916,20,1787245553.5886059,37.49,0.7108,37.24,0.7514000000000001,True,37.6,36.5,38.6,0.95,0.005,0.0,0.7,0.03,2,1787245563.659835,1786959809.4051678,0,-10,-10,-10,-10,0,0,1,0,False
1786959803.3053916,20,1787245573.7126293,37.49,0.711,37.28,0.7517,True,37.6,36.5,38.6,0.95,0.005,0.0,0.7,0.03,2,1787245583.7598667,1786959809.4051678,0,-10,-10,-10,-10,0,0,1,0,False
1786959803.3053916,20,1787245593.8113127,37.5,0.7112999999999999,37.27,0.7519,True,37.6,36.5,38.6,0.95,0.005,0.0,0.7,0.03,2,1787245603.8770418,1786959809.4051678,0,-10,-10,-10,-10,0,0,1,0,False
1786959803.3053916,20,1787245613.9202576,37.51,0.7114,37.26,0.7521,True,37.6,36.5,38.6,0.95,0.005,0.0,0.7,0.03,2,1787245626.2305977,1786959809.4051678,0,-10,-10,-10,-10,0,0,1,0,False
1786959803.3053916,20,1787245636.2912781,37.52,0.7118000000000001,37.27,0.752,True,37.6,36.5,38.6,0.95,0.005,0.0,0.7,0.03,2,1787245646.355745,1786959809.4051678,0,-10,-10,-10,-10,0,0,1,0,False
1786959803.3053916,20,1787245656.397633,37.49,0.7121,37.29,0.7522,True,37.6,36.5,38.6,0.95,0.005,0.0,0.7,0.03,2,1787245666.4485974,1786959809.4051678,0,-10,-10,-10,-10,0,0,1,0,False
1786959803.3053916,20,1787245676.4843721,37.52,0.7117,37.27,0.7524,True,37.6,36.5,38.6,0.95,0.005,0.0,0.7,0.03,2,1787245686.5293722,1786959809.4051678,0,-10,-10,-10,-10,0,0,1,0,False
1786959803.3053916,20,1787245696.5704973,37.52,0.7122,37.29,0.7526,True,37.6,36.5,38.6,0.95,0.005,0.0,0.7,0.03,2,1787245706.642636,1786959809.4051678,0,-10,-10,-10,-10,0,0,1,0,False
1786959803.3053916,20,1787245716.6883583,37.55,0.7123,37.31,0.7526,True,37.6,36.5,38.6,0.95,0.005,0.0,0.7,0.03,2,1787245726.7348387,1786959809.4051678,0,-10,-10,-10,-10,0,0,1,0,False
1786959803.3053916,20,1787245736.7685647,37.52,0.7121,37.28,0.753,True,37.6,36.5,38.6,0.95,0.005,0.0,0.7,0.03,2,1787245748.927601,1786959809.4051678,0,-10,-10,-10,-10,0,0,1,0,False
1786959803.3053916,20,1787245758.9602098,37.55,0.7122,37.34,0.7526,True,37.6,36.5,38.6,0.95,0.005,0.0,0.7,0.03,2,1787245769.0188973,1786959809.4051678,0,-10,-10,-10,-10,0,0,1,0,False
1786959803.3053916,20,1787245779.0550802,37.59,0.7125,37.3,0.7525000000000001,True,37.6,36.5,38.6,0.95,0.005,0.0,0.7,0.03,2,1787245789.1035862,1786959809.4051678,0,-10,-10,-10,-10,0,0,1,0,False
1786959803.3053916,20,1787245799.135663,37.57,0.7126,37.32,0.7526999999999999,True,37.6,36.5,38.6,0.95,0.005,0.0,0.7,0.03,2,1787245809.170614,1786959809.4051678,0,-10,-10,-10,-10,0,0,1,0,False
1786959803.3053916,20,1787245819.2193325,37.58,0.7125,37.38,0.7533,True,37.6,36.5,38.6,0.95,0.005,0.0,0.7,0.03,2,1787245829.2728164,1786959809.4051678,0,-10,-10,-10,-10,0,0,1,0,False
1786959803.3053916,20,1787245839.3052614,37.62,0.7128,37.39,0.7531,True,37.6,36.5,38.6,0.95,0.005,0.0,0.7,0.03,2,1787245849.3546324,1786959809.4051678,0,-10,-10,-10,-10,0,0,0,0,False
1786959803.3053916,20,1787245859.3991086,37.62,0.7123999999999999,37.38,0.7528,True,37.6,36.5,38.6,0.95,0.005,0.0,0.7,0.03,2,1787245871.7016542,1786959809.4051678,0,-10,-10,-10,-10,0,0,0,0,False
1786959803.3053916,20,1787245881.7518916,37.58,0.7114,37.4,0.7521,True,37.6,36.5,38.6,0.95,0.005,0.0,0.7,0.03,2,1787245891.8124282,1786959809.4051678,0,-10,-10,-10,-10,0,0,1,0,False
1786959803.3053916,20,1787245901.8503814,37.62,0.7115,37.37,0.7519,True,37.6,36.5,38.6,0.95,0.005,0.0,0.7,0.03,2,1787245911.8874853,1786959809.4051678,0,-10,-10,-10,-10,0,0,0,0,False
1786959803.3053916,20,1787245921.9145606,37.61,0.7115,37.39,0.7518000000000001,True,37.6,36.5,38.6,0.95,0.005,0.0,0.7,0.03,2,1787245931.9765968,1786959809.4051678,0,-10,-10,-10,-10,0,0,0,0,False
1786959803.3053916,20,1787245942.0283003,37.61,0.7109000000000001,37.38,0.7512000000000001,True,37.6,36.5,38.6,0.95,0.005,0.0,0.7,0.03,2,1787245952.0727048,1786959809.4051678,0,-10,-10,-10,-10,0,0,0,0,False
1786959803.3053916,20,1787245962.1189501,37.62,0.7106,37.41,0.7508,True,37.6,36.5,38.6,0.95,0.005,0.0,0.7,0.03,2,1787245972.181565,1786959809.4051678,0,-10,-10,-10,-10,0,0,0,0,False
1786959803.3053916,20,1787245982.229512,37.58,0.7105,37.42,0.7505,True,37.6,36.5,38.6,0.95,0.005,0.0,0.7,0.03,2,1787245994.3058655,1786959809.4051678,0,-10,-10,-10,-10,0,0,1,0,False
1786959803.3053916,20,1787246004.3395796,37.56,0.7106,37.36,0.7501000000000001,True,37.6,36.5,38.6,0.95,0.005,0.0,0.7,0.03,2,1787246014.3966374,1786959809.4051678,0,-10,-10,-10,-10,0,0,1,0,False
1786959803.3053916,20,1787246024.4440827,37.58,0.7111,37.38,0.7508,True,37.6,36.5,38.6,0.95,0.005,0.0,0.7,0.03,2,1787246034.5129037,1786959809.4051678,0,-10,-10,-10,-10,0,0,1,0,False
1786959803.3053916,20,1787246044.5501883,37.58,0.7121,37.41,0.7511,True,37.6,36.5,38.6,0.95,0.005,0.0,0.7,0.03,2,1787246054.6046085,1786959809.4051678,0,-10,-10,-10,-10,0,0,1,0,False
1786959803.3053916,20,1787246064.6527574,37.57,0.7121,37.42,0.7515000000000001,True,37.6,36.5,38.6,0.95,0.005,0.0,0.7,0.03,2,1787246074.7087035,1786959809.4051678,0,-10,-10,-10,-10,0,0,1,0,False
1786959803.3053916,20,1787246084.7547495,37.54,0.7126,37.38,0.7519,True,37.6,36.5,38.6,0.95,0.005,0.0,0.7,0.03,2,1787246094.8260434,1786959809.4051678,0,-10,-10,-10,-10,0,0,1,0,False
1786959803.3053916,20,1787246104.8609464,37.55,0.7129000000000001,37.39,0.7519,True,37.6,36.5,38.6,0.95,0.005,0.0,0.7,0.03,2,1787246116.9731138,1786959809.4051678,0,-10,-10,-10,-10,0,0,1,0,False
1786959803.3053916,20,1787246127.0071585,37.59,0.7131000000000001,37.42,0.7523000000000001,True,37.6,36.5,38.6,0.95,0.005,0.0,0.7,0.03,2,1787246137.0690594,1786959809.4051678,0,-10,-10,-10,-10,0,0,1,0,False
1786959803.3053916,20,1787246147.1270776,37.56,0.7133,37.42,0.7526999999999999,True,37.6,36.5,38.6,0.95,0.005,0.0,0.7,0.03,2,1787246157.1969054,1786959809.4051678,0,-10,-10,-10,-10,0,0,1,0,False
1786959803.3053916,20,1787246167.2453873,37.61,0.7131000000000001,37.4,0.7523000000000001,True,37.6,36.5,38.6,0.95,0.005,0.0,0.7,0.03,2,1787246177.3078604,1786959809.4051678,0,-10,-10,-10,-10,0,0,0,0,False
1786959803.3053916,20,1787246187.3522596,37.55,0.7128,37.41,0.7523000000000001,True,37.6,36.5,38.6,0.95,0.005,0.0,0.7,0.03,2,1787246197.3988092,1786959809.4051678,0,-10,-10,-10,-10,0,0,1,0,False
1786959803.3053916,20,1787246207.4444633,37.61,0.7129000000000001,37.39,0.7518000000000001,True,37.6,36.5,38.6,0.95,0.005,0.0,0.7,0.03,2,1787246217.4856899,1786959809.4051678,0,-10,-10,-10,-10,0,0,0,0,False
1786959803.3053916,20,1787246227.5192468,37.62,0.7128,37.41,0.752,True,37.6,36.5,38.6,0.95,0.005,0.0,0.7,0.03,2,1787246239.7129705,1786959809.4051678,0,-10,-10,-10,-10,0,0,0,0,False
1786959803.3053916,20,1787246249.7476175,37.59,0.7128,37.45,0.7515999999999999,True,37.6,36.5,38.6,0.95,0.005,0.0,0.7,0.03,2,1787246259.789637,1786959809.4051678,0,-10,-10,-10,-10,0,0,1,0,False
1786959803.3053916,20,1787246269.8474736,37.64,0.7128,37.44,0.7518000000000001,True,37.6,36.5,38.6,0.95,0.005,0.0,0.7,0.03,2,1787246279.8977895,1786959809.4051678,0,-10,-10,-10,-10,0,0,0,0,False
1786959803.3053916,20,1787246289.9489398,37.61,0.7129000000000001,37.45,0.7519,True,37.6,36.5,38.6,0.95,0.005,0.0,0.7,0.03,2,1787246300.004574,1786959809.4051678,0,-10,-10,-10,-10,0,0,0,0,False
1786959803.3053916,20,1787246310.0398443,37.61,0.7125,37.45,0.7515000000000001,True,37.6,36.5,38.6,0.95,0.005,0.0,0.7,0.03,2,1787246320.0955765,1786959809.4051678,0,-10,-10,-10,-10,0,0,0,0,False
1786959803.3053916,20,1787246330.1344392,37.59,0.7121,37.41,0.7511,True,37.6,36.5,38.6,0.95,0.005,0.0,0.7,0.03,2,1787246340.1976817,1786959809.4051678,0,-10,-10,-10,-10,0,0,1,0,False
1786959803.3053916,20,1787246350.2310462,37.63,0.7125,37.42,0.7513,True,37.6,36.5,38.6,0.95,0.005,0.0,0.7,0.03,2,1787246362.4682653,1786959809.4051678,0,-10,-10,-10,-10,0,0,0,0,False
1786959803.3053916,20,1787246372.5124364,37.57,0.7123999999999999,37.43,0.7513,True,37.6,36.5,38.6,0.95,0.005,0.0,0.7,0.03,2,1787246382.585388,1786959809.4051678,0,-10,-10,-10,-10,0,0,1,0,False
1786959803.3053916,20,1787246392.6181743,37.58,0.7129000000000001,37.43,0.7514000000000001,True,37.6,36.5,38.6,0.95,0.005,0.0,0.7,0.03,2,1787246402.678741,1786959809.4051678,0,-10,-10,-10,-10,0,0,1,0,False
1786959803.3053916,20,1787246412.7116818,37.59,0.7131000000000001,37.47,0.7519,True,37.6,36.5,38.6,0.95,0.005,0.0,0.7,0.03,2,1787246422.7723794,1786959809.4051678,0,-10,-10,-10,-10,0,0,1,0,False
1786959803.3053916,20,1787246432.803086,37.62,0.7133,37.4,0.7521,True,37.6,36.5,38.6,0.95,0.005,0.0,0.7,0.03,2,1787246442.8555877,1786959809.4051678,0,-10,-10,-10,-10,0,0,0,0,False
1786959803.3053916,20,1787246452.8985746,37.57,0.7136,37.42,0.7521,True,37.6,36.5,38.6,0.95,0.005,0.0,0.7,0.03,2,1787246462.9605267,1786959809.4051678,0,-10,-10,-10,-10,0,0,1,0,False
1786959803.3053916,20,1787246472.9971619,37.61,0.7134,37.43,0.7517,True,37.6,36.5,38.6,0.95,0.005,0.0,0.7,0.03,2,1787246485.130743,1786959809.4051678,0,-10,-10,-10,-10,0,0,0,0,False
1786959803.3053916,20,1787246495.1636634,37.61,0.7133,37.44,0.7517,True,37.6,36.5,38.6,0.95,0.005,0.0,0.7,0.03,2,1787246505.2194355,1786959809.4051678,0,-10,-10,-10,-10,0,0,0,0,False
1786959803.3053916,20,1787246515.2614532,37.59,0.713,37.44,0.7513,True,37.6,36.5,38.6,0.95,0.005,0.0,0.7,0.03,2,1787246525.3126369,1786959809.4051678,0,-10,-10,-10,-10,0,0,1,0,False
1786959803.3053916,20,1787246535.3498268,37.59,0.7127,37.46,0.7513,True,37.6,36.5,38.6,0.95,0.005,0.0,0.7,0.03,2,1787246545.4114785,1786959809.4051678,0,-10,-10,-10,-10,0,0,1,0,False
1786959803.3053916,20,1787246555.4561994,37.59,0.7133,37.43,0.7515999999999999,True,37.6,36.5,38.6,0.95,0.005,0.0,0.7,0.03,2,1787246565.5200698,1786959809.4051678,0,-10,-10,-10,-10,0,0,1,0,False
1786959803.3053916,20,1787246575.5606956,37.62,0.7138,37.44,0.7518000000000001,True,37.6,36.5,38.6,0.95,0.005,0.0,0.7,0.03,2,1787246585.6123877,1786959809.4051678,0,-10,-10,-10,-10,0,0,0,0,False
1786959803.3053916,20,1787246595.6468883,37.58,0.7133,37.42,0.7514000000000001,True,37.6,36.5,38.6,0.95,0.005,0.0,0.7,0.03,2,1787246607.7499752,1786959809.4051678,0,-10,-10,-10,-10,0,0,1,0,False
1786959803.3053916,20,1787246617.785436,37.6,0.7132,37.45,0.7511,True,37.6,36.5,38.6,0.95,0.005,0.0,0.7,0.03,2,1787246617.7945397,1786959809.4051678,0,-10,-10,-10,-10,0,0,1,0,False
1786959803.3053916,20,1787246637.8755283,37.6,0.7134,37.45,0.7518000000000001,True,37.6,36.5,38.6,0.95,0.005,0.0,0.7,0.03,2,1787246617.7945397,1786959809.4051678,0,-10,-10,-10,-10,0,0,1,0,False
1786959803.3053916,20,1787246657.9766583,37.64,0.7139,37.47,0.7521,True,37.6,36.5,38.6,0.95,0.005,0.0,0.7,0.03,2,1787246668.0285223,1786959809.4051678,0,-10,-10,-10,-10,0,0,0,0,False
1786959803.3053916,20,1787246678.0600927,37.64,0.7136,37.45,0.7515999999999999,True,37.6,36.5,38.6,0.95,0.005,0.0,0.7,0.03,2,1787246688.1106782,1786959809.4051678,0,-10,-10,-10,-10,0,0,0,0,False
1786959803.3053916,20,1787246698.1525228,37.6,0.7131000000000001,37.46,0.7512000000000001,True,37.6,36.5,38.6,0.95,0.005,0.0,0.7,0.03,2,1787246698.1616604,1786959809.4051678,0,-10,-10,-10,-10,0,0,1,0,False
1786959803.3053916,20,1787246718.242021,37.58,0.7131000000000001,37.45,0.7511,True,37.6,36.5,38.6,0.95,0.005,0.0,0.7,0.03,2,1787246730.285032,1786959809.4051678,0,-10,-10,-10,-10,0,0,1,0,False
1786959803.3053916,20,1787246740.3305378,37.59,0.7134,37.46,0.7515000000000001,True,37.6,36.5,38.6,0.95,0.005,0.0,0.7,0.03,2,1787246750.3935301,1786959809.4051678,0,-10,-10,-10,-10,0,0,1,0,False
1786959803.3053916,20,1787246760.4292223,37.62,0.7134999999999999,37.45,0.7515000000000001,True,37.6,36.5,38.6,0.95,0.005,0.0,0.7,0.03,2,1787246770.469773,1786959809.4051678,0,-10,-10,-10,-10,0,0,0,0,False
1786959803.3053916,20,1787246780.518557,37.58,0.7133,37.47,0.7515000000000001,True,37.6,36.5,38.6,0.95,0.005,0.0,0.7,0.03,2,1787246790.5727265,1786959809.4051678,0,-10,-10,-10,-10,0,0,1,0,False
1786959803.3053916,20,1787246800.6218822,37.69,0.7137000000000001,37.42,0.7513,True,37.6,36.5,38.6,0.95,0.005,0.0,0.7,0.03,2,1787246810.6697056,1786959809.4051678,0,-10,-10,-10,-10,0,0,0,0,False
1786959803.3053916,20,1787246820.7287238,37.6,0.7132,37.48,0.7513,True,37.6,36.5,38.6,0.95,0.005,0.0,0.7,0.03,2,1787246820.7378368,1786959809.4051678,0,-10,-10,-10,-10,0,0,1,0,False
1786959803.3053916,20,1787246840.8121634,37.6,0.7134,37.45,0.7513,True,37.6,36.5,38.6,0.95,0.005,0.0,0.7,0.03,2,1787246842.921344,1786959809.4051678,0,-10,-10,-10,-10,0,0,0,0,False
1786959803.3053916,20,1787246863.014526,37.6,0.7133,37.49,0.751,True,37.6,36.5,38.6,0.95,0.005,0.0,0.7,0.03,2,1787246863.0258195,1786959809.4051678,0,-10,-10,-10,-10,0,0,0,0,False
1786959803.3053916,20,1787246883.1003487,37.61,0.7132,37.46,0.7506999999999999,True,37.6,36.5,38.6,0.95,0.005,0.0,0.7,0.03,2,1787246893.1385744,1786959809.4051678,0,-10,-10,-10,-10,0,0,0,0,False
1786959803.3053916,20,1787246903.1791706,37.61,0.7132,37.45,0.7503000000000001,True,37.6,36.5,38.6,0.95,0.005,0.0,0.7,0.03,2,1787246913.233484,1786959809.4051678,0,-10,-10,-10,-10,0,0,0,0,False
1786959803.3053916,20,1787246923.259464,37.56,0.713,37.47,0.7508,True,37.6,36.5,38.6,0.95,0.005,0.0,0.7,0.03,2,1787246933.2981982,1786959809.4051678,0,-10,-10,-10,-10,0,0,1,0,False
1786959803.3053916,20,1787246943.3491187,37.56,0.7132,37.44,0.7505,True,37.6,36.5,38.6,0.95,0.005,0.0,0.7,0.03,2,1787246953.4047132,1786959809.4051678,0,-10,-10,-10,-10,0,0,1,0,False
1786959803.3053916,20,1787246963.4507213,37.56,0.7136,37.5,0.7511,True,37.6,36.5,38.6,0.95,0.005,0.0,0.7,0.03,2,1787246975.722988,1786959809.4051678,0,-10,-10,-10,-10,0,0,1,0,False
1786959803.3053916,20,1787246985.7647486,37.55,0.7140000000000001,37.45,0.7514000000000001,True,37.6,36.5,38.6,0.95,0.005,0.0,0.7,0.03,2,1787246995.8108168,1786959809.4051678,0,-10,-10,-10,-10,0,0,1,0,False
1786959803.3053916,20,1787247005.8545222,37.56,0.7141,37.46,0.7515999999999999,True,37.6,36.5,38.6,0.95,0.005,0.0,0.7,0.03,2,1787247015.9105883,1786959809.4051678,0,-10,-10,-10,-10,0,0,1,0,False
1786959803.3053916,20,1787247025.956594,37.61,0.7145999999999999,37.47,0.752,True,37.6,36.5,38.6,0.95,0.005,0.0,0.7,0.03,2,1787247036.0209084,1786959809.4051678,0,-10,-10,-10,-10,0,0,0,0,False
1786959803.3053916,20,1787247046.0735347,37.57,0.7140000000000001,37.46,0.7518000000000001,True,37.6,36.5,38.6,0.95,0.005,0.0,0.7,0.03,2,1787247056.1189053,1786959809.4051678,0,-10,-10,-10,-10,0,0,1,0,False
1786959803.3053916,20,1787247066.156779,37.59,0.7144,37.48,0.7515999999999999,True,37.6,36.5,38.6,0.95,0.005,0.0,0.7,0.03,2,1787247076.1999264,1786959809.4051678,0,-10,-10,-10,-10,0,0,1,0,False
1786959803.3053916,20,1787247086.239801,37.58,0.7145,37.45,0.7521,True,37.6,36.5,38.6,0.95,0.005,0.0,0.7,0.03,2,1787247098.4113648,1786959809.4051678,0,-10,-10,-10,-10,0,0,1,0,False
1786959803.3053916,20,1787247108.455566,37.6,0.7143,37.5,0.7519,True,37.6,36.5,38.6,0.95,0.005,0.0,0.7,0.03,2,1787247108.4645405,1786959809.4051678,0,-10,-10,-10,-10,0,0,1,0,False
1786959803.3053916,20,1787247128.5712535,37.62,0.7145,37.45,0.7521,True,37.6,36.5,38.6,0.95,0.005,0.0,0.7,0.03,2,1787247138.6285534,1786959809.4051678,0,-10,-10,-10,-10,0,0,0,0,False
1786959803.3053916,20,1787247148.6668983,37.62,0.7145999999999999,37.49,0.7519,True,37.6,36.5,38.6,0.95,0.005,0.0,0.7,0.03,2,1787247158.7155383,1786959809.4051678,0,-10,-10,-10,-10,0,0,0,0,False
1786959803.3053916,20,1787247168.7638013,37.63,0.7143,37.49,0.7518000000000001,True,37.6,36.5,38.6,0.95,0.005,0.0,0.7,0.03,2,1787247178.8254213,1786959809.4051678,0,-10,-10,-10,-10,0,0,0,0,False
1786959803.3053916,20,1787247188.8541713,37.62,0.7136,37.47,0.7509,True,37.6,36.5,38.6,0.95,0.005,0.0,0.7,0.03,2,1787247198.916447,1786959809.4051678,0,-10,-10,-10,-10,0,0,0,0,False
1786959803.3053916,20,1787247208.9512417,37.65,0.7132,37.5,0.7509,True,37.6,36.5,38.6,0.95,0.005,0.0,0.7,0.03,2,1787247221.6555955,1786959809.4051678,0,-10,-10,-10,-10,0,0,0,0,False
1786959803.3053916,20,1787247231.696909,37.6,0.713,37.49,0.7504000000000001,True,37.6,36.5,38.6,0.95,0.005,0.0,0.7,0.03,2,1787247231.7056997,1786959809.4051678,0,-10,-10,-10,-10,0,0,0,0,False
1786959803.3053916,20,1787247251.800854,37.57,0.7123999999999999,37.48,0.7499,True,37.6,36.5,38.6,0.95,0.005,0.0,0.7,0.03,2,1787247261.8461332,1786959809.4051678,0,-10,-10,-10,-10,0,0,1,0,False
1786959803.3053916,20,1787247271.8991272,37.59,0.713,37.45,0.75,True,37.6,36.5,38.6,0.95,0.005,0.0,0.7,0.03,2,1787247281.933488,1786959809.4051678,0,-10,-10,-10,-10,0,0,1,0,False
1786959803.3053916,20,1787247291.9627752,37.56,0.7132,37.49,0.7505,True,37.6,36.5,38.6,0.95,0.005,0.0,0.7,0.03,2,1787247302.0185044,1786959809.4051678,0,-10,-10,-10,-10,0,0,1,0,False
1786959803.3053916,20,1787247312.0504396,37.57,0.7139,37.47,0.7509,True,37.6,36.5,38.6,0.95,0.005,0.0,0.7,0.03,2,1787247322.0928674,1786959809.4051678,0,-10,-10,-10,-10,0,0,1,0,False
1786959803.3053916,20,1787247332.1325307,37.57,0.7142000000000001,37.49,0.7514000000000001,True,37.6,36.5,38.6,0.95,0.005,0.0,0.7,0.03,2,1787247344.275687,1786959809.4051678,0,-10,-10,-10,-10,0,0,1,0,False
1786959803.3053916,20,1787247354.305299,37.58,0.7145999999999999,37.47,0.7517,True,37.6,36.5,38.6,0.95,0.005,0.0,0.7,0.03,2,1787247364.3455164,1786959809.4051678,0,-10,-10,-10,-10,0,0,1,0,False
1786959803.3053916,20,1787247374.3943195,37.6,0.7148000000000001,37.49,0.7521,True,37.6,36.5,38.6,0.95,0.005,0.0,0.7,0.03,2,1787247374.4034321,1786959809.4051678,0,-10,-10,-10,-10,0,0,1,0,False
1786959803.3053916,20,1787247394.4719439,37.59,0.715,37.48,0.7525000000000001,True,37.6,36.5,38.6,0.95,0.005,0.0,0.7,0.03,2,1787247404.5295506,1786959809.4051678,0,-10,-10,-10,-10,0,0,1,0,False
1786959803.3053916,20,1787247414.562265,37.62,0.715,37.48,0.752,True,37.6,36.5,38.6,0.95,0.005,0.0,0.7,0.03,2,1787247424.6255898,1786959809.4051678,0,-10,-10,-10,-10,0,0,0,0,False
1786959803.3053916,20,1787247434.6734605,37.62,0.7145,37.5,0.7519,True,37.6,36.5,38.6,0.95,0.005,0.0,0.7,0.03,2,1787247444.734472,1786959809.4051678,0,-10,-10,-10,-10,0,0,0,0,False
1786959803.3053916,20,1787247454.7711842,37.61,0.7140000000000001,37.48,0.7512000000000001,True,37.6,36.5,38.6,0.95,0.005,0.0,0.7,0.03,2,1787247466.9713764,1786959809.4051678,0,-10,-10,-10,-10,0,0,0,0,False
1786959803.3053916,20,1787247477.012486,37.64,0.7137000000000001,37.5,0.7506,True,37.6,36.5,38.6,0.95,0.005,0.0,0.7,0.03,2,1787247487.0647805,1786959809.4051678,0,-10,-10,-10,-10,0,0,0,0,False
1786959803.3053916,20,1787247497.1009035,37.6,0.7133,37.49,0.7504000000000001,True,37.6,36.5,38.6,0.95,0.005,0.0,0.7,0.03,2,1787247497.1098182,1786959809.4051678,0,-10,-10,-10,-10,0,0,1,0,False
1786959803.3053916,20,1787247517.2091298,37.59,0.7133,37.46,0.7506,True,37.6,36.5,38.6,0.95,0.005,0.0,0.7,0.03,2,1787247527.2455466,1786959809.4051678,0,-10,-10,-10,-10,0,0,1,0,False
1786959803.3053916,20,1787247537.301865,37.56,0.7137000000000001,37.48,0.7505,True,37.6,36.5,38.6,0.95,0.005,0.0,0.7,0.03,2,1787247547.358862,1786959809.4051678,0,-10,-10,-10,-10,0,0,1,0,False
1786959803.3053916,20,1787247557.4051108,37.61,0.7143,37.49,0.7511,True,37.6,36.5,38.6,0.95,0.005,0.0,0.7,0.03,2,1787247567.4618273,1786959809.4051678,0,-10,-10,-10,-10,0,0,0,0,False
1786959803.3053916,20,1787247577.4979525,37.61,0.7143,37.46,0.7509,True,37.6,36.5,38.6,0.95,0.005,0.0,0.7,0.03,2,1787247590.3588874,1786959809.4051678,0,-10,-10,-10,-10,0,0,0,0,False
1786959803.3053916,20,1787247600.385569,37.6,0.7138,37.49,0.7506999999999999,True,37.6,36.5,38.6,0.95,0.005,0.0,0.7,0.03,2,1787247600.3945835,1786959809.4051678,0,-10,-10,-10,-10,0,0,1,0,False
1786959803.3053916,20,1787247620.4879057,37.57,0.7140000000000001,37.49,0.7508,True,37.6,36.5,38.6,0.95,0.005,0.0,0.7,0.03,2,1787247630.5310657,1786959809.4051678,0,-10,-10,-10,-10,0,0,1,0,False
1786959803.3053916,20,1787247640.5860636,37.57,0.7143,37.46,0.751,True,37.6,36.5,38.6,0.95,0.005,0.0,0.7,0.03,2,1787247650.6544595,1786959809.4051678,0,-10,-10,-10,-10,0,0,1,0,False
1786959803.3053916,20,1787247660.6966887,37.57,0.7145999999999999,37.47,0.7514000000000001,True,37.6,36.5,38.6,0.95,0.005,0.0,0.7,0.03,2,1787247670.7387426,1786959809.4051678,0,-10,-10,-10,-10,0,0,1,0,False
1786959803.3053916,20,1787247680.7903924,37.59,0.7148000000000001,37.49,0.7518000000000001,True,37.6,36.5,38.6,0.95,0.005,0.0,0.7,0.03,2,1787247690.8466697,1786959809.4051678,0,-10,-10,-10,-10,0,0,1,0,False
1786959803.3053916,20,1787247700.8827057,37.61,0.7145999999999999,37.48,0.7515999999999999,True,37.6,36.5,38.6,0.95,0.005,0.0,0.7,0.03,2,1787247713.370613,1786959809.4051678,0,-10,-10,-10,-10,0,0,0,0,False
1786959803.3053916,20,1787247723.4130476,37.58,0.7147,37.49,0.7515999999999999,True,37.6,36.5,38.6,0.95,0.005,0.0,0.7,0.03,2,1787247733.4547226,1786959809.4051678,0,-10,-10,-10,-10,0,0,1,0,False
1786959803.3053916,20,1787247743.5053506,37.61,0.7147,37.51,0.7515999999999999,True,37.6,36.5,38.6,0.95,0.005,0.0,0.7,0.03,2,1787247753.5806177,1786959809.4051678,0,-10,-10,-10,-10,0,0,0,0,False
1786959803.3053916,20,1787247763.6259472,37.6,0.7145,37.47,0.7513,True,37.6,36.5,38.6,0.95,0.005,0.0,0.7,0.03,2,1787247763.6349125,1786959809.4051678,0,-10,-10,-10,-10,0,0,1,0,False
1786959803.3053916,20,1787247783.732437,37.58,0.7145,37.49,0.7515000000000001,True,37.6,36.5,38.6,0.95,0.005,0.0,0.7,0.03,2,1787247793.7961626,1786959809.4051678,0,-10,-10,-10,-10,0,0,1,0,False
1786959803.3053916,20,1787247803.855896,37.62,0.7145999999999999,37.5,0.7515999999999999,True,37.6,36.5,38.6,0.95,0.005,0.0,0.7,0.03,2,1787247813.9199083,1786959809.4051678,0,-10,-10,-10,-10,0,0,0,0,False
1786959803.3053916,20,1787247823.9554167,37.63,0.7144,37.51,0.7515999999999999,True,37.6,36.5,38.6,0.95,0.005,0.0,0.7,0.03,2,1787247836.1478405,1786959809.4051678,0,-10,-10,-10,-10,0,0,0,0,False
1786959803.3053916,20,1787247846.191909,37.61,0.7140000000000001,37.51,0.751,True,37.6,36.5,38.6,0.95,0.005,0.0,0.7,0.03,2,1787247856.2426496,1786959809.4051678,0,-10,-10,-10,-10,0,0,0,0,False
1786959803.3053916,20,1787247866.2780092,37.59,0.7136,37.49,0.7505,True,37.6,36.5,38.6,0.95,0.005,0.0,0.7,0.03,2,1787247876.3424997,1786959809.4051678,0,-10,-10,-10,-10,0,0,1,0,False
1786959803.3053916,20,1787247886.3813279,37.57,0.7134999999999999,37.49,0.7504000000000001,True,37.6,36.5,38.6,0.95,0.005,0.0,0.7,0.03,2,1787247896.436876,1786959809.4051678,0,-10,-10,-10,-10,0,0,1,0,False
1786959803.3053916,20,1787247906.4963164,37.59,0.7139,37.49,0.7511,True,37.6,36.5,38.6,0.95,0.005,0.0,0.7,0.03,2,1787247916.5695674,1786959809.4051678,0,-10,-10,-10,-10,0,0,1,0,False
1786959803.3053916,20,1787247926.6037862,37.61,0.7140000000000001,37.49,0.751,True,37.6,36.5,38.6,0.95,0.005,0.0,0.7,0.03,2,1787247936.6507275,1786959809.4051678,0,-10,-10,-10,-10,0,0,0,0,False
1786959803.3053916,20,1787247946.6931503,37.59,0.7141,37.52,0.7512000000000001,True,37.6,36.5,38.6,0.95,0.005,0.0,0.7,0.03,2,1787247958.8209896,1786959809.4051678,0,-10,-10,-10,-10,0,0,1,0,False
1786959803.3053916,20,1787247968.8470273,37.62,0.7142000000000001,37.5,0.7509,True,37.6,36.5,38.6,0.95,0.005,0.0,0.7,0.03,2,1787247978.9137902,1786959809.4051678,0,-10,-10,-10,-10,0,0,0,0,False
1786959803.3053916,20,1787247988.9541843,37.58,0.7141,37.49,0.7505,True,37.6,36.5,38.6,0.95,0.005,0.0,0.7,0.03,2,1787247999.0096815,1786959809.4051678,0,-10,-10,-10,-10,0,0,1,0,False
1786959803.3053916,20,1787248009.0482144,37.61,0.7141,37.48,0.7509,True,37.6,36.5,38.6,0.95,0.005,0.0,0.7,0.03,2,1787248019.1028478,1786959809.4051678,0,-10,-10,-10,-10,0,0,0,0,False
1786959803.3053916,20,1787248029.1424282,37.59,0.7140000000000001,37.47,0.7506999999999999,True,37.6,36.5,38.6,0.95,0.005,0.0,0.7,0.03,2,1787248039.1929677,1786959809.4051678,0,-10,-10,-10,-10,0,0,1,0,False
1786959803.3053916,20,1787248049.2366195,37.64,0.7140000000000001,37.49,0.7503000000000001,True,37.6,36.5,38.6,0.95,0.005,0.0,0.7,0.03,2,1787248059.3088841,1786959809.4051678,0,-10,-10,-10,-10,0,0,0,0,False
1786959803.3053916,20,1787248069.3566275,37.57,0.7143,37.49,0.7506999999999999,True,37.6,36.5,38.6,0.95,0.005,0.0,0.7,0.03,2,1787248081.5196877,1786959809.4051678,0,-10,-10,-10,-10,0,0,1,0,False
1786959803.3053916,20,1787248091.5608013,37.57,0.7143,37.49,0.7509,True,37.6,36.5,38.6,0.95,0.005,0.0,0.7,0.03,2,1787248101.621645,1786959809.4051678,0,-10,-10,-10,-10,0,0,1,0,False
1786959803.3053916,20,1787248111.6714118,37.56,0.7145,37.48,0.7513,True,37.6,36.5,38.6,0.95,0.005,0.0,0.7,0.03,2,1787248121.7275918,1786959809.4051678,0,-10,-10,-10,-10,0,0,1,0,False
1786959803.3053916,20,1787248131.7627215,37.58,0.7147,37.49,0.7514000000000001,True,37.6,36.5,38.6,0.95,0.005,0.0,0.7,0.03,2,1787248141.8258014,1786959809.4051678,0,-10,-10,-10,-10,0,0,1,0,False
1786959803.3053916,20,1787248151.8755183,37.59,0.7149,37.49,0.7515000000000001,True,37.6,36.5,38.6,0.95,0.005,0.0,0.7,0.03,2,1787248161.9139078,1786959809.4051678,0,-10,-10,-10,-10,0,0,1,0,False
1786959803.3053916,20,1787248171.9651775,37.58,0.7149,37.5,0.7515999999999999,True,37.6,36.5,38.6,0.95,0.005,0.0,0.7,0.03,2,1787248182.0288284,1786959809.4051678,0,-10,-10,-10,-10,0,0,1,0,False
1786959803.3053916,20,1787248192.0673828,37.65,0.7152,37.49,0.7515999999999999,True,37.6,36.5,38.6,0.95,0.005,0.0,0.7,0.03,2,1787248204.188583,1786959809.4051678,0,-10,-10,-10,-10,0,0,0,0,False
1786959803.3053916,20,1787248214.227543,37.61,0.7145999999999999,37.49,0.7513,True,37.6,36.5,38.6,0.95,0.005,0.0,0.7,0.03,2,1787248224.291522,1786959809.4051678,0,-10,-10,-10,-10,0,0,0,0,False
1786959803.3053916,20,1787248234.3440876,37.58,0.7142000000000001,37.51,0.7512000000000001,True,37.6,36.5,38.6,0.95,0.005,0.0,0.7,0.03,2,1787248244.4057384,1786959809.4051678,0,-10,-10,-10,-10,0,0,1,0,False
1786959803.3053916,20,1787248254.4426405,37.6,0.7142000000000001,37.5,0.7509,True,37.6,36.5,38.6,0.95,0.005,0.0,0.7,0.03,2,1787248254.451355,1786959809.4051678,0,-10,-10,-10,-10,0,0,0,0,False
1786959803.3053916,20,1787248274.518275,37.58,0.7138,37.49,0.7506,True,37.6,36.5,38.6,0.95,0.005,0.0,0.7,0.03,2,1787248284.5753944,1786959809.4051678,0,-10,-10,-10,-10,0,0,1,0,False
1786959803.3053916,20,1787248294.6290343,37.6,0.7143,37.5,0.7506999999999999,True,37.6,36.5,38.6,0.95,0.005,0.0,0.7,0.03,2,1787248294.637788,1786959809.4051678,0,-10,-10,-10,-10,0,0,1,0,False
1786959803.3053916,20,1787248314.7250512,37.57,0.7145,37.49,0.7512000000000001,True,37.6,36.5,38.6,0.95,0.005,0.0,0.7,0.03,2,1787248326.777864,1786959809.4051678,0,-10,-10,-10,-10,0,0,1,0,False
1786959803.3053916,20,1787248336.8208888,37.61,0.7148000000000001,37.5,0.7515000000000001,True,37.6,36.5,38.6,0.95,0.005,0.0,0.7,0.03,2,1787248346.868736,1786959809.4051678,0,-10,-10,-10,-10,0,0,0,0,False
1786959803.3053916,20,1787248356.921188,37.61,0.715,37.5,0.7515000000000001,True,37.6,36.5,38.6,0.95,0.005,0.0,0.7,0.03,2,1787248366.9615302,1786959809.4051678,0,-10,-10,-10,-10,0,0,0,0,False
1786959803.3053916,20,1787248377.014856,37.65,0.7145,37.51,0.7511,True,37.6,36.5,38.6,0.95,0.005,0.0,0.7,0.03,2,1787248387.071587,1786959809.4051678,0,-10,-10,-10,-10,0,0,0,0,False
1786959803.3053916,20,1787248397.140874,37.57,0.7140000000000001,37.49,0.7509,True,37.6,36.5,38.6,0.95,0.005,0.0,0.7,0.03,2,1787248407.2005522,1786959809.4051678,0,-10,-10,-10,-10,0,0,1,0,False
1786959803.3053916,20,1787248417.2483385,37.59,0.7143,37.49,0.751,True,37.6,36.5,38.6,0.95,0.005,0.0,0.7,0.03,2,1787248427.30753,1786959809.4051678,0,-10,-10,-10,-10,0,0,1,0,False
1786959803.3053916,20,1787248437.3570242,37.6,0.7145999999999999,37.47,0.7514000000000001,True,37.6,36.5,38.6,0.95,0.005,0.0,0.7,0.03,2,1787248439.4275885,1786959809.4051678,0,-10,-10,-10,-10,0,0,0,0,False
1786959803.3053916,20,1787248459.5127904,37.61,0.7144,37.52,0.751,True,37.6,36.5,38.6,0.95,0.005,0.0,0.7,0.03,2,1787248469.567082,1786959809.4051678,0,-10,-10,-10,-10,0,0,0,0,False
1786959803.3053916,20,1787248479.6077988,37.61,0.7141,37.49,0.7505,True,37.6,36.5,38.6,0.95,0.005,0.0,0.7,0.03,2,1787248489.6566846,1786959809.4051678,0,-10,-10,-10,-10,0,0,0,0,False
1786959803.3053916,20,1787248499.6962337,37.62,0.7139,37.49,0.7503000000000001,True,37.6,36.5,38.6,0.95,0.005,0.0,0.7,0.03,2,1787248509.7404225,1786959809.4051678,0,-10,-10,-10,-10,0,0,0,0,False
1786959803.3053916,20,1787248519.7911017,37.59,0.7133,37.49,0.7495999999999999,True,37.6,36.5,38.6,0.95,0.005,0.0,0.7,0.03,2,1787248529.8393533,1786959809.4051678,0,-10,-10,-10,-10,0,0,1,0,False
1786959803.3053916,20,1787248539.8874428,37.58,0.7136,37.5,0.7502,True,37.6,36.5,38.6,0.95,0.005,0.0,0.7,0.03,2,1787248549.9564292,1786959809.4051678,0,-10,-10,-10,-10,0,0,1,0,False
1786959803.3053916,20,1787248559.9985647,37.58,0.7144,37.5,0.7506999999999999,True,37.6,36.5,38.6,0.95,0.005,0.0,0.7,0.03,2,1787248572.0191324,1786959809.4051678,0,-10,-10,-10,-10,0,0,1,0,False
1786959803.3053916,20,1787248582.0748842,37.6,0.7144,37.5,0.7506,True,37.6,36.5,38.6,0.95,0.005,0.0,0.7,0.03,2,1787248582.083806,1786959809.4051678,0,-10,-10,-10,-10,0,0,0,0,False
1786959803.3053916,20,1787248602.1675513,37.57,0.7142000000000001,37.5,0.7506,True,37.6,36.5,38.6,0.95,0.005,0.0,0.7,0.03,2,1787248612.2183197,1786959809.4051678,0,-10,-10,-10,-10,0,0,1,0,False
1786959803.3053916,20,1787248622.2644672,37.55,0.7145999999999999,37.5,0.7506999999999999,True,37.6,36.5,38.6,0.95,0.005,0.0,0.7,0.03,2,1787248632.319374,1786959809.4051678,0,-10,-10,-10,-10,0,0,1,0,False
1786959803.3053916,20,1787248642.3488927,37.56,0.715,37.47,0.7513,True,37.6,36.5,38.6,0.95,0.005,0.0,0.7,0.03,2,1787248652.4028997,1786959809.4051678,0,-10,-10,-10,-10,0,0,1,0,False
1786959803.3053916,20,1787248662.4514816,37.57,0.7152,37.49,0.7515000000000001,True,37.6,36.5,38.6,0.95,0.005,0.0,0.7,0.03,2,1787248672.5036092,1786959809.4051678,0,-10,-10,-10,-10,0,0,1,0,False
1786959803.3053916,20,1787248682.5496166,37.56,0.7156,37.52,0.7518000000000001,True,37.6,36.5,38.6,0.95,0.005,0.0,0.7,0.03,2,1787248694.628483,1786959809.4051678,0,-10,-10,-10,-10,0,0,1,0,False
1786959803.3053916,20,1787248704.669523,37.61,0.7155,37.5,0.7522,True,37.6,36.5,38.6,0.95,0.005,0.0,0.7,0.03,2,1787248714.707457,1786959809.4051678,0,-10,-10,-10,-10,0,0,0,0,False
1786959803.3053916,20,1787248724.7405093,37.59,0.7153,37.49,0.7522,True,37.6,36.5,38.6,0.95,0.005,0.0,0.7,0.03,2,1787248734.7934654,1786959809.4051678,0,-10,-10,-10,-10,0,0,1,0,False
1786959803.3053916,20,1787248744.8379424,37.65,0.7151000000000001,37.51,0.752,True,37.6,36.5,38.6,0.95,0.005,0.0,0.7,0.03,2,1787248754.9116716,1786959809.4051678,0,-10,-10,-10,-10,0,0,0,0,False
1786959803.3053916,20,1787248764.9454195,37.63,0.7149,37.5,0.7515999999999999,True,37.6,36.5,38.6,0.95,0.005,0.0,0.7,0.03,2,1787248774.987913,1786959809.4051678,0,-10,-10,-10,-10,0,0,0,0,False
1786959803.3053916,20,1787248785.0293376,37.6,0.7142000000000001,37.51,0.7509,True,37.6,36.5,38.6,0.95,0.005,0.0,0.7,0.03,2,1787248785.0385597,1786959809.4051678,0,-10,-10,-10,-10,0,0,0,0,False
1786959803.3053916,20,1787248805.1302824,37.63,0.7141,37.5,0.7506,True,37.6,36.5,38.6,0.95,0.005,0.0,0.7,0.03,2,1787248819.5686276,1786959809.4051678,0,-10,-10,-10,-10,0,0,0,0,False
1786959803.3053916,20,1787248829.6010344,37.59,0.7140000000000001,37.5,0.7505,True,37.6,36.5,38.6,0.95,0.005,0.0,0.7,0.03,2,1787248839.6395977,1786959809.4051678,0,-10,-10,-10,-10,0,0,1,0,False
1786959803.3053916,20,1787248849.6697955,37.66,0.7142000000000001,37.5,0.7508,True,37.6,36.5,38.6,0.95,0.005,0.0,0.7,0.03,2,1787248859.7416885,1786959809.4051678,0,-10,-10,-10,-10,0,0,0,0,False
1786959803.3053916,20,1787248869.7755957,37.67,0.7132,37.51,0.7505,True,37.6,36.5,38.6,0.95,0.005,0.0,0.7,0.03,2,1787248879.8274817,1786959809.4051678,0,-10,-10,-10,-10,0,0,0,0,False
1786959803.3053916,20,1787248889.875322,37.66,0.7121,37.5,0.7499,True,37.6,36.5,38.6,0.95,0.005,0.0,0.7,0.03,2,1787248899.9360025,1786959809.4051678,0,-10,-10,-10,-10,0,0,0,0,False
1786959803.3053916,20,1787248909.9925663,37.73,0.7112,37.52,0.7497,True,37.6,36.5,38.6,0.95,0.005,0.0,0.7,0.03,2,1787248920.0386431,1786959809.4051678,0,-10,-10,-10,-10,0,0,0,0,False
1786959803.3053916,20,1787248930.091409,37.71,0.7103,37.5,0.7493000000000001,True,37.6,36.5,38.6,0.95,0.005,0.0,0.7,0.03,2,1787248942.2138615,1786959809.4051678,0,-10,-10,-10,-10,0,0,0,0,False
1786959803.3053916,20,1787248952.2668722,37.73,0.7097,37.5,0.7489,True,37.6,36.5,38.6,0.95,0.005,0.0,0.7,0.03,2,1787248962.3040426,1786959809.4051678,0,-10,-10,-10,-10,0,0,0,0,False
1786959803.3053916,20,1787248972.365201,37.71,0.7094,37.51,0.7489,True,37.6,36.5,38.6,0.95,0.005,0.0,0.7,0.03,2,1787248982.4065628,1786959809.4051678,0,-10,-10,-10,-10,0,0,0,0,False
1786959803.3053916,20,1787248992.4462526,37.72,0.7095,37.49,0.7484999999999999,True,37.6,36.5,38.6,0.95,0.005,0.0,0.7,0.03,2,1787249002.5109088,1786959809.4051678,0,-10,-10,-10,-10,0,0,0,0,False
1786959803.3053916,20,1787249012.563766,37.71,0.7090000000000001,37.47,0.7481,True,37.6,36.5,38.6,0.95,0.005,0.0,0.7,0.03,2,1787249022.6169875,1786959809.4051678,0,-10,-10,-10,-10,0,0,0,0,False
1786959803.3053916,20,1787249032.6518285,37.65,0.7088,37.5,0.7481,True,37.6,36.5,38.6,0.95,0.005,0.0,0.7,0.03,2,1787249042.706079,1786959809.4051678,0,-10,-10,-10,-10,0,0,0,0,False
1786959803.3053916,20,1787249052.732855,37.63,0.7090000000000001,37.45,0.7477,True,37.6,36.5,38.6,0.95,0.005,0.0,0.7,0.03,2,1787249064.8148985,1786959809.4051678,0,-10,-10,-10,-10,0,0,0,0,False
1786959803.3053916,20,1787249074.8544476,37.6,0.7087000000000001,37.5,0.7478,True,37.6,36.5,38.6,0.95,0.005,0.0,0.7,0.03,2,1787249074.8635333,1786959809.4051678,0,-10,-10,-10,-10,0,0,0,0,False
1786959803.3053916,20,1787249094.9571028,37.61,0.7087000000000001,37.48,0.7478,True,37.6,36.5,38.6,0.95,0.005,0.0,0.7,0.03,2,1787249105.0246212,1786959809.4051678,0,-10,-10,-10,-10,0,0,0,0,False
1786959803.3053916,20,1787249115.062626,37.6,0.7087000000000001,37.44,0.7474,True,37.6,36.5,38.6,0.95,0.005,0.0,0.7,0.03,2,1787249115.0717704,1786959809.4051678,0,-10,-10,-10,-10,0,0,0,0,False
1786959803.3053916,20,1787249135.1701794,37.59,0.7090000000000001,37.43,0.7474,True,37.6,36.5,38.6,0.95,0.005,0.0,0.7,0.03,2,1787249145.228882,1786959809.4051678,0,-10,-10,-10,-10,0,0,1,0,False
1786959803.3053916,20,1787249155.2795682,37.57,0.7094,37.47,0.7475,True,37.6,36.5,38.6,0.95,0.005,0.0,0.7,0.03,2,1787249165.325954,1786959809.4051678,0,-10,-10,-10,-10,0,0,1,0,False
1786959803.3053916,20,1787249175.3583844,37.58,0.7097,37.43,0.7478,True,37.6,36.5,38.6,0.95,0.005,0.0,0.7,0.03,2,1787249187.4667947,1786959809.4051678,0,-10,-10,-10,-10,0,0,1,0,False
1786959803.3053916,20,1787249197.5124173,37.61,0.7106,37.43,0.7483,True,37.6,36.5,38.6,0.95,0.005,0.0,0.7,0.03,2,1787249207.5756364,1786959809.4051678,0,-10,-10,-10,-10,0,0,0,0,False
1786959803.3053916,20,1787249217.617486,37.6,0.71,37.42,0.7484999999999999,True,37.6,36.5,38.6,0.95,0.005,0.0,0.7,0.03,2,1787249207.5756364,1786959809.4051678,0,-10,-10,-10,-10,0,0,0,0,False
1786959803.3053916,20,1787249237.7063978,37.59,0.7089,37.48,0.7482,True,37.6,36.5,38.6,0.95,0.005,0.0,0.7,0.03,2,1787249247.7597806,1786959809.4051678,0,-10,-10,-10,-10,0,0,1,0,False
1786959803.3053916,20,1787249257.8173206,37.6,0.7093,37.45,0.7484000000000001,True,37.6,36.5,38.6,0.95,0.005,0.0,0.7,0.03,2,1787249247.7597806,1786959809.4051678,0,-10,-10,-10,-10,0,0,1,0,False
1786959803.3053916,20,1787249277.890163,37.6,0.7094,37.4,0.7486,True,37.6,36.5,38.6,0.95,0.005,0.0,0.7,0.03,2,1787249277.8988202,1786959809.4051678,0,-10,-10,-10,-10,0,0,0,0,False
1786959803.3053916,20,1787249297.9900258,37.65,0.7084999999999999,37.42,0.7486,True,37.6,36.5,38.6,0.95,0.005,0.0,0.7,0.03,2,1787249310.087976,1786959809.4051678,0,-10,-10,-10,-10,0,0,0,0,False
1786959803.3053916,20,1787249320.1312878,37.67,0.708,37.42,0.7483,True,37.6,36.5,38.6,0.95,0.005,0.0,0.7,0.03,2,1787249330.174635,1786959809.4051678,0,-10,-10,-10,-10,0,0,0,0,False
1786959803.3053916,20,1787249340.2040513,37.64,0.7075,37.41,0.7478,True,37.6,36.5,38.6,0.95,0.005,0.0,0.7,0.03,2,1787249350.2579267,1786959809.4051678,0,-10,-10,-10,-10,0,0,0,0,False
1786959803.3053916,20,1787249360.291596,37.65,0.7069,37.42,0.7477,True,37.6,36.5,38.6,0.95,0.005,0.0,0.7,0.03,2,1787249370.3518472,1786959809.4051678,0,-10,-10,-10,-10,0,0,0,0,False
1786959803.3053916,20,1787249380.3878376,37.62,0.7073,37.4,0.7475,True,37.6,36.5,38.6,0.95,0.005,0.0,0.7,0.03,2,1787249390.443491,1786959809.4051678,0,-10,-10,-10,-10,0,0,0,0,False
1786959803.3053916,20,1787249400.4780521,37.61,0.7072,37.42,0.7473000000000001,True,37.6,36.5,38.6,0.95,0.005,0.0,0.7,0.03,2,1787249410.5308897,1786959809.4051678,0,-10,-10,-10,-10,0,0,0,0,False
1786959803.3053916,20,1787249420.5762348,37.57,0.7071,37.38,0.7471,True,37.6,36.5,38.6,0.95,0.005,0.0,0.7,0.03,2,1787249432.623706,1786959809.4051678,0,-10,-10,-10,-10,0,0,1,0,False
1786959803.3053916,20,1787249442.65705,37.59,0.7078,37.38,0.7473000000000001,True,37.6,36.5,38.6,0.95,0.005,0.0,0.7,0.03,2,1787249452.7295651,1786959809.4051678,0,-10,-10,-10,-10,0,0,1,0,False
1786959803.3053916,20,1787249462.759386,37.55,0.7086,37.35,0.7477,True,37.6,36.5,38.6,0.95,0.005,0.0,0.7,0.03,2,1787249472.8099496,1786959809.4051678,0,-10,-10,-10,-10,0,0,1,0,False
1786959803.3053916,20,1787249482.8561935,37.56,0.7088,37.39,0.7484999999999999,True,37.6,36.5,38.6,0.95,0.005,0.0,0.7,0.03,2,1787249492.9115434,1786959809.4051678,0,-10,-10,-10,-10,0,0,1,0,False
1786959803.3053916,20,1787249502.9633377,37.58,0.7090000000000001,37.35,0.7487,True,37.6,36.5,38.6,0.95,0.005,0.0,0.7,0.03,2,1787249513.022672,1786959809.4051678,0,-10,-10,-10,-10,0,0,1,0,False
1786959803.3053916,20,1787249523.0523908,37.61,0.7084,37.39,0.7491,True,37.6,36.5,38.6,0.95,0.005,0.0,0.7,0.03,2,1787249533.099819,1786959809.4051678,0,-10,-10,-10,-10,0,0,0,0,False
1786959803.3053916,20,1787249543.1408048,37.59,0.7073999999999999,37.36,0.7487,True,37.6,36.5,38.6,0.95,0.005,0.0,0.7,0.03,2,1787249555.1776114,1786959809.4051678,0,-10,-10,-10,-10,0,0,1,0,False
1786959803.3053916,20,1787249565.2254045,37.64,0.7073,37.38,0.7487,True,37.6,36.5,38.6,0.95,0.005,0.0,0.7,0.03,2,1787249575.2847228,1786959809.4051678,0,-10,-10,-10,-10,0,0,0,0,False
1786959803.3053916,20,1787249585.3225904,37.66,0.7065,37.4,0.7486,True,37.6,36.5,38.6,0.95,0.005,0.0,0.7,0.03,2,1787249595.378747,1786959809.4051678,0,-10,-10,-10,-10,0,0,0,0,False
1786959803.3053916,20,1787249605.4307675,37.67,0.7058,37.38,0.748,True,37.6,36.5,38.6,0.95,0.005,0.0,0.7,0.03,2,1787249615.471909,1786959809.4051678,0,-10,-10,-10,-10,0,0,0,0,False
1786959803.3053916,20,1787249625.511457,37.68,0.7059000000000001,37.38,0.7479000000000001,True,37.6,36.5,38.6,0.95,0.005,0.0,0.7,0.03,2,1787249635.5896785,1786959809.4051678,0,-10,-10,-10,-10,0,0,0,0,False
1786959803.3053916,20,1787249645.6233597,37.63,0.7057,37.38,0.7475,True,37.6,36.5,38.6,0.95,0.005,0.0,0.7,0.03,2,1787249655.6778095,1786959809.4051678,0,-10,-10,-10,-10,0,0,0,0,False
1786959803.3053916,20,1787249665.7206779,37.6,0.7057,37.36,0.7471,True,37.6,36.5,38.6,0.95,0.005,0.0,0.7,0.03,2,1787249667.8058062,1786959809.4051678,0,-10,-10,-10,-10,0,0,0,0,False
1786959803.3053916,20,1787249687.8741148,37.58,0.7056,37.34,0.7471,True,37.6,36.5,38.6,0.95,0.005,0.0,0.7,0.03,2,1787249697.9256654,1786959809.4051678,0,-10,-10,-10,-10,0,0,1,0,False
1786959803.3053916,20,1787249707.9719923,37.57,0.7062999999999999,37.38,0.747,True,37.6,36.5,38.6,0.95,0.005,0.0,0.7,0.03,2,1787249718.0298696,1786959809.4051678,0,-10,-10,-10,-10,0,0,1,0,False
1786959803.3053916,20,1787249728.0834782,37.55,0.7068000000000001,37.33,0.7475,True,37.6,36.5,38.6,0.95,0.005,0.0,0.7,0.03,2,1787249738.1326897,1786959809.4051678,0,-10,-10,-10,-10,0,0,1,0,False
1786959803.3053916,20,1787249748.1652482,37.58,0.7075,37.37,0.7479000000000001,True,37.6,36.5,38.6,0.95,0.005,0.0,0.7,0.03,2,1787249758.209791,1786959809.4051678,0,-10,-10,-10,-10,0,0,1,0,False
1786959803.3053916,20,1787249768.2360244,37.62,0.7075,37.29,0.7484000000000001,True,37.6,36.5,38.6,0.95,0.005,0.0,0.7,0.03,2,1787249778.2798662,1786959809.4051678,0,-10,-10,-10,-10,0,0,0,0,False
1786959803.3053916,20,1787249788.33584,37.63,0.7070000000000001,37.34,0.7484999999999999,True,37.6,36.5,38.6,0.95,0.005,0.0,0.7,0.03,2,1787249800.4179342,1786959809.4051678,0,-10,-10,-10,-10,0,0,0,0,False
1786959803.3053916,20,1787249810.4450407,37.65,0.7062999999999999,37.32,0.7479000000000001,True,37.6,36.5,38.6,0.95,0.005,0.0,0.7,0.03,2,1787249820.5019765,1786959809.4051678,0,-10,-10,-10,-10,0,0,0,0,False
1786959803.3053916,20,1787249830.5473611,37.64,0.7057,37.31,0.7477,True,37.6,36.5,38.6,0.95,0.005,0.0,0.7,0.03,2,1787249840.598121,1786959809.4051678,0,-10,-10,-10,-10,0,0,0,0,False
1786959803.3053916,20,1787249850.6511898,37.63,0.7056,37.33,0.7473000000000001,True,37.6,36.5,38.6,0.95,0.005,0.0,0.7,0.03,2,1787249860.6945667,1786959809.4051678,0,-10,-10,-10,-10,0,0,0,0,False
1786959803.3053916,20,1787249870.7276194,37.58,0.7053,37.32,0.7476,True,37.6,36.5,38.6,0.95,0.005,0.0,0.7,0.03,2,1787249880.7817082,1786959809.4051678,0,-10,-10,-10,-10,0,0,1,0,False
1786959803.3053916,20,1787249890.810384,37.61,0.7059000000000001,37.3,0.7473000000000001,True,37.6,36.5,38.6,0.95,0.005,0.0,0.7,0.03,2,1787249900.8616533,1786959809.4051678,0,-10,-10,-10,-10,0,0,0,0,False
1786959803.3053916,20,1787249910.9074152,37.59,0.7062,37.32,0.7474,True,37.6,36.5,38.6,0.95,0.005,0.0,0.7,0.03,2,1787249923.0189552,1786959809.4051678,0,-10,-10,-10,-10,0,0,1,0,False
1786959803.3053916,20,1787249933.059723,37.56,0.7061000000000001,37.33,0.7473000000000001,True,37.6,36.5,38.6,0.95,0.005,0.0,0.7,0.03,2,1787249943.1067364,1786959809.4051678,0,-10,-10,-10,-10,0,0,1,0,False
1786959803.3053916,20,1787249953.1324775,37.54,0.7062,37.33,0.7478,True,37.6,36.5,38.6,0.95,0.005,0.0,0.7,0.03,2,1787249963.1887841,1786959809.4051678,0,-10,-10,-10,-10,0,0,1,0,False
1786959803.3053916,20,1787249973.2348268,37.55,0.7067,37.3,0.748,True,37.6,36.5,38.6,0.95,0.005,0.0,0.7,0.03,2,1787249983.2716792,1786959809.4051678,0,-10,-10,-10,-10,0,0,1,0,False
1786959803.3053916,20,1787249993.320914,37.61,0.7071,37.33,0.7484000000000001,True,37.6,36.5,38.6,0.95,0.005,0.0,0.7,0.03,2,1787250003.3927991,1786959809.4051678,0,-10,-10,-10,-10,0,0,0,0,False
1786959803.3053916,20,1787250013.4524746,37.65,0.7062999999999999,37.34,0.7484999999999999,True,37.6,36.5,38.6,0.95,0.005,0.0,0.7,0.03,2,1787250023.496892,1786959809.4051678,0,-10,-10,-10,-10,0,0,0,0,False
1786959803.3053916,20,1787250033.5482063,37.62,0.7056,37.33,0.7487,True,37.6,36.5,38.6,0.95,0.005,0.0,0.7,0.03,2,1787250045.7095919,1786959809.4051678,0,-10,-10,-10,-10,0,0,0,0,False
1786959803.3053916,20,1787250055.7613342,37.66,0.705,37.35,0.7479000000000001,True,37.6,36.5,38.6,0.95,0.005,0.0,0.7,0.03,2,1787250065.8249664,1786959809.4051678,0,-10,-10,-10,-10,0,0,0,0,False
1786959803.3053916,20,1787250075.866684,37.68,0.7046,37.28,0.7475,True,37.6,36.5,38.6,0.95,0.005,0.0,0.7,0.03,2,1787250085.923694,1786959809.4051678,0,-10,-10,-10,-10,0,0,0,0,False
1786959803.3053916,20,1787250095.9772465,37.64,0.7042,37.32,0.7475,True,37.6,36.5,38.6,0.95,0.005,0.0,0.7,0.03,2,1787250106.0241146,1786959809.4051678,0,-10,-10,-10,-10,0,0,0,0,False
1786959803.3053916,20,1787250116.066147,37.62,0.7043,37.29,0.7473000000000001,True,37.6,36.5,38.6,0.95,0.005,0.0,0.7,0.03,2,1787250126.108771,1786959809.4051678,0,-10,-10,-10,-10,0,0,0,0,False
1786959803.3053916,20,1787250136.1448505,37.6,0.7043,37.28,0.7469,True,37.6,36.5,38.6,0.95,0.005,0.0,0.7,0.03,2,1787250126.108771,1786959809.4051678,0,-10,-10,-10,-10,0,0,0,0,False
1786959803.3053916,20,1787250156.2297657,37.54,0.7046,37.31,0.7468000000000001,True,37.6,36.5,38.6,0.95,0.005,0.0,0.7,0.03,2,1787250168.3677335,1786959809.4051678,0,-10,-10,-10,-10,0,0,1,0,False
1786959803.3053916,20,1787250178.4201362,37.57,0.7054,37.33,0.7468000000000001,True,37.6,36.5,38.6,0.95,0.005,0.0,0.7,0.03,2,1787250188.480386,1786959809.4051678,0,-10,-10,-10,-10,0,0,1,0,False
1786959803.3053916,20,1787250198.5342133,37.54,0.706,37.29,0.7474,True,37.6,36.5,38.6,0.95,0.005,0.0,0.7,0.03,2,1787250208.5976353,1786959809.4051678,0,-10,-10,-10,-10,0,0,1,0,False
1786959803.3053916,20,1787250218.6262724,37.57,0.7066,37.3,0.7479000000000001,True,37.6,36.5,38.6,0.95,0.005,0.0,0.7,0.03,2,1787250228.6685865,1786959809.4051678,0,-10,-10,-10,-10,0,0,1,0,False
1786959803.3053916,20,1787250238.7296977,37.56,0.7067,37.27,0.7484000000000001,True,37.6,36.5,38.6,0.95,0.005,0.0,0.7,0.03,2,1787250248.7716541,1786959809.4051678,0,-10,-10,-10,-10,0,0,1,0,False
1786959803.3053916,20,1787250258.8090398,37.62,0.7068000000000001,37.29,0.7484999999999999,True,37.6,36.5,38.6,0.95,0.005,0.0,0.7,0.03,2,1787250268.8714218,1786959809.4051678,0,-10,-10,-10,-10,0,0,0,0,False
1786959803.3053916,20,1787250278.9359806,37.62,0.7058,37.3,0.7487,True,37.6,36.5,38.6,0.95,0.005,0.0,0.7,0.03,2,1787250291.0506814,1786959809.4051678,0,-10,-10,-10,-10,0,0,0,0,False
1786959803.3053916,20,1787250301.103931,37.62,0.7051999999999999,37.3,0.7487,True,37.6,36.5,38.6,0.95,0.005,0.0,0.7,0.03,2,1787250311.160891,1786959809.4051678,0,-10,-10,-10,-10,0,0,0,0,False
1786959803.3053916,20,1787250321.192877,37.65,0.7044,37.31,0.7483,True,37.6,36.5,38.6,0.95,0.005,0.0,0.7,0.03,2,1787250331.23782,1786959809.4051678,0,-10,-10,-10,-10,0,0,0,0,False
1786959803.3053916,20,1787250341.2802622,37.65,0.7038,37.3,0.7479000000000001,True,37.6,36.5,38.6,0.95,0.005,0.0,0.7,0.03,2,1787250351.3446264,1786959809.4051678,0,-10,-10,-10,-10,0,0,0,0,False
1786959803.3053916,20,1787250361.4027677,37.69,0.7038,37.29,0.7477,True,37.6,36.5,38.6,0.95,0.005,0.0,0.7,0.03,2,1787250371.4478145,1786959809.4051678,0,-10,-10,-10,-10,0,0,0,0,False
1786959803.3053916,20,1787250381.4831204,37.62,0.7038,37.29,0.7471,True,37.6,36.5,38.6,0.95,0.005,0.0,0.7,0.03,2,1787250391.5223353,1786959809.4051678,0,-10,-10,-10,-10,0,0,0,0,False
1786959803.3053916,20,1787250401.5469198,37.64,0.7040000000000001,37.27,0.7468000000000001,True,37.6,36.5,38.6,0.95,0.005,0.0,0.7,0.03,2,1787250413.646599,1786959809.4051678,0,-10,-10,-10,-10,0,0,0,0,False
1786959803.3053916,20,1787250423.6852508,37.6,0.7041,37.3,0.7465999999999999,True,37.6,36.5,38.6,0.95,0.005,0.0,0.7,0.03,2,1787250423.694709,1786959809.4051678,0,-10,-10,-10,-10,0,0,0,0,False
1786959803.3053916,20,1787250443.794052,37.56,0.7043,37.26,0.7467,True,37.6,36.5,38.6,0.95,0.005,0.0,0.7,0.03,2,1787250453.8404965,1786959809.4051678,0,-10,-10,-10,-10,0,0,1,0,False
1786959803.3053916,20,1787250463.8808482,37.56,0.7057,37.25,0.747,True,37.6,36.5,38.6,0.95,0.005,0.0,0.7,0.03,2,1787250473.9306915,1786959809.4051678,0,-10,-10,-10,-10,0,0,1,0,False
1786959803.3053916,20,1787250483.9746914,37.54,0.7061000000000001,37.25,0.7478,True,37.6,36.5,38.6,0.95,0.005,0.0,0.7,0.03,2,1787250494.0098746,1786959809.4051678,0,-10,-10,-10,-10,0,0,1,0,False
1786959803.3053916,20,1787250504.0585904,37.57,0.7064,37.26,0.7483,True,37.6,36.5,38.6,0.95,0.005,0.0,0.7,0.03,2,1787250514.1065786,1786959809.4051678,0,-10,-10,-10,-10,0,0,1,0,False
1786959803.3053916,20,1787250524.144656,37.58,0.7064,37.27,0.7487,True,37.6,36.5,38.6,0.95,0.005,0.0,0.7,0.03,2,1787250536.2496164,1786959809.4051678,0,-10,-10,-10,-10,0,0,1,0,False
1786959803.3053916,20,1787250546.273507,37.59,0.7062,37.25,0.7489,True,37.6,36.5,38.6,0.95,0.005,0.0,0.7,0.03,2,1787250556.3338118,1786959809.4051678,0,-10,-10,-10,-10,0,0,1,0,False
1786959803.3053916,20,1787250566.3974268,37.61,0.7054,37.27,0.7493000000000001,True,37.6,36.5,38.6,0.95,0.005,0.0,0.7,0.03,2,1787250576.4456677,1786959809.4051678,0,-10,-10,-10,-10,0,0,0,0,False
1786959803.3053916,20,1787250586.4882035,37.71,0.7045,37.27,0.7488,True,37.6,36.5,38.6,0.95,0.005,0.0,0.7,0.03,2,1787250596.5436053,1786959809.4051678,0,-10,-10,-10,-10,0,0,0,0,False
1786959803.3053916,20,1787250606.57674,37.7,0.7038,37.27,0.7481,True,37.6,36.5,38.6,0.95,0.005,0.0,0.7,0.03,2,1787250616.635517,1786959809.4051678,0,-10,-10,-10,-10,0,0,0,0,False
1786959803.3053916,20,1787250626.6721764,37.65,0.7031999999999999,37.27,0.748,True,37.6,36.5,38.6,0.95,0.005,0.0,0.7,0.03,2,1787250636.7186806,1786959809.4051678,0,-10,-10,-10,-10,0,0,0,0,False
1786959803.3053916,20,1787250646.7437482,37.63,0.7029000000000001,37.27,0.7476,True,37.6,36.5,38.6,0.95,0.005,0.0,0.7,0.03,2,1787250658.7648082,1786959809.4051678,0,-10,-10,-10,-10,0,0,0,0,False
1786959803.3053916,20,1787250668.7987576,37.61,0.7029000000000001,37.24,0.7472,True,37.6,36.5,38.6,0.95,0.005,0.0,0.7,0.03,2,1787250678.8459048,1786959809.4051678,0,-10,-10,-10,-10,0,0,0,0,False
1786959803.3053916,20,1787250688.8916805,37.59,0.7031999999999999,37.25,0.747,True,37.6,36.5,38.6,0.95,0.005,0.0,0.7,0.03,2,1787250698.956723,1786959809.4051678,0,-10,-10,-10,-10,0,0,1,0,False
1786959803.3053916,20,1787250709.0032747,37.57,0.7038,37.27,0.7473000000000001,True,37.6,36.5,38.6,0.95,0.005,0.0,0.7,0.03,2,1787250719.0576682,1786959809.4051678,0,-10,-10,-10,-10,0,0,1,0,False
1786959803.3053916,20,1787250729.1044009,37.57,0.7046,37.25,0.7477,True,37.6,36.5,38.6,0.95,0.005,0.0,0.7,0.03,2,1787250739.1587276,1786959809.4051678,0,-10,-10,-10,-10,0,0,1,0,False
1786959803.3053916,20,1787250749.1849,37.59,0.7049,37.26,0.7478,True,37.6,36.5,38.6,0.95,0.005,0.0,0.7,0.03,2,1787250759.2666519,1786959809.4051678,0,-10,-10,-10,-10,0,0,1,0,False
1786959803.3053916,20,1787250769.2994835,37.59,0.7054,37.23,0.748,True,37.6,36.5,38.6,0.95,0.005,0.0,0.7,0.03,2,1787250781.3673272,1786959809.4051678,0,-10,-10,-10,-10,0,0,1,0,False
1786959803.3053916,20,1787250791.41544,37.6,0.7051999999999999,37.24,0.7484000000000001,True,37.6,36.5,38.6,0.95,0.005,0.0,0.7,0.03,2,1787250781.3673272,1786959809.4051678,0,-10,-10,-10,-10,0,0,1,0,False
1786959803.3053916,20,1787250811.5255446,37.6,0.7048000000000001,37.26,0.7489,True,37.6,36.5,38.6,0.95,0.005,0.0,0.7,0.03,2,1787250811.534887,1786959809.4051678,0,-10,-10,-10,-10,0,0,0,0,False
1786959803.3053916,20,1787250831.615084,37.64,0.7041,37.25,0.7486,True,37.6,36.5,38.6,0.95,0.005,0.0,0.7,0.03,2,1787250841.6726022,1786959809.4051678,0,-10,-10,-10,-10,0,0,0,0,False
1786959803.3053916,20,1787250851.7053099,37.63,0.7033,37.26,0.7481,True,37.6,36.5,38.6,0.95,0.005,0.0,0.7,0.03,2,1787250861.7588854,1786959809.4051678,0,-10,-10,-10,-10,0,0,0,0,False
1786959803.3053916,20,1787250871.796524,37.66,0.7031000000000001,37.26,0.7478,True,37.6,36.5,38.6,0.95,0.005,0.0,0.7,0.03,2,1787250881.855096,1786959809.4051678,0,-10,-10,-10,-10,0,0,0,0,False
1786959803.3053916,20,1787250891.890031,37.61,0.7028,37.26,0.7473000000000001,True,37.6,36.5,38.6,0.95,0.005,0.0,0.7,0.03,2,1787250903.9437585,1786959809.4051678,0,-10,-10,-10,-10,0,0,0,0,False
1786959803.3053916,20,1787250913.997389,37.65,0.703,37.28,0.7472,True,37.6,36.5,38.6,0.95,0.005,0.0,0.7,0.03,2,1787250924.0595562,1786959809.4051678,0,-10,-10,-10,-10,0,0,0,0,False
1786959803.3053916,20,1787250934.1111255,37.6,0.7031000000000001,37.25,0.7469,True,37.6,36.5,38.6,0.95,0.005,0.0,0.7,0.03,2,1787250934.1198807,1786959809.4051678,0,-10,-10,-10,-10,0,0,1,0,False
1786959803.3053916,20,1787250954.1843767,37.58,0.7043,37.26,0.7475,True,37.6,36.5,38.6,0.95,0.005,0.0,0.7,0.03,2,1787250964.2386196,1786959809.4051678,0,-10,-10,-10,-10,0,0,1,0,False
1786959803.3053916,20,1787250974.2734356,37.56,0.7046,37.24,0.7478,True,37.6,36.5,38.6,0.95,0.005,0.0,0.7,0.03,2,1787250984.3298028,1786959809.4051678,0,-10,-10,-10,-10,0,0,1,0,False
1786959803.3053916,20,1787250994.3797967,37.59,0.7051000000000001,37.25,0.7483,True,37.6,36.5,38.6,0.95,0.005,0.0,0.7,0.03,2,1787251004.430617,1786959809.4051678,0,-10,-10,-10,-10,0,0,1,0,False
1786959803.3053916,20,1787251014.467445,37.59,0.7051000000000001,37.24,0.7484000000000001,True,37.6,36.5,38.6,0.95,0.005,0.0,0.7,0.03,2,1787251026.602602,1786959809.4051678,0,-10,-10,-10,-10,0,0,1,0,False
1786959803.3053916,20,1787251036.6375194,37.61,0.7048000000000001,37.27,0.7488,True,37.6,36.5,38.6,0.95,0.005,0.0,0.7,0.03,2,1787251046.6851,1786959809.4051678,0,-10,-10,-10,-10,0,0,0,0,False
1786959803.3053916,20,1787251056.73252,37.59,0.7039,37.24,0.7486,True,37.6,36.5,38.6,0.95,0.005,0.0,0.7,0.03,2,1787251066.7965555,1786959809.4051678,0,-10,-10,-10,-10,0,0,1,0,False
1786959803.3053916,20,1787251076.846529,37.64,0.7042,37.26,0.7484999999999999,True,37.6,36.5,38.6,0.95,0.005,0.0,0.7,0.03,2,1787251086.8956559,1786959809.4051678,0,-10,-10,-10,-10,0,0,0,0,False
1786959803.3053916,20,1787251096.9288433,37.63,0.7034,37.26,0.7483,True,37.6,36.5,38.6,0.95,0.005,0.0,0.7,0.03,2,1787251106.9836314,1786959809.4051678,0,-10,-10,-10,-10,0,0,0,0,False
1786959803.3053916,20,1787251117.0197635,37.63,0.7028,37.26,0.7477,True,37.6,36.5,38.6,0.95,0.005,0.0,0.7,0.03,2,1787251127.0796733,1786959809.4051678,0,-10,-10,-10,-10,0,0,0,0,False
1786959803.3053916,20,1787251137.1102872,37.66,0.7025,37.26,0.7474,True,37.6,36.5,38.6,0.95,0.005,0.0,0.7,0.03,2,1787251152.8356974,1786959809.4051678,0,-10,-10,-10,-10,0,0,0,0,False
1786959803.3053916,20,1787251162.8753188,37.63,0.703,37.27,0.7474,True,37.6,36.5,38.6,0.95,0.005,0.0,0.7,0.03,2,1787251172.946915,1786959809.4051678,0,-10,-10,-10,-10,0,0,0,0,False
1786959803.3053916,20,1787251182.9807527,37.61,0.703,37.25,0.747,True,37.6,36.5,38.6,0.95,0.005,0.0,0.7,0.03,2,1787251193.0437343,1786959809.4051678,0,-10,-10,-10,-10,0,0,0,0,False
1786959803.3053916,20,1787251203.0888076,37.57,0.7039,37.26,0.7474,True,37.6,36.5,38.6,0.95,0.005,0.0,0.7,0.03,2,1787251213.1366465,1786959809.4051678,0,-10,-10,-10,-10,0,0,1,0,False
1786959803.3053916,20,1787251223.189415,37.57,0.7045,37.24,0.7475,True,37.6,36.5,38.6,0.95,0.005,0.0,0.7,0.03,2,1787251233.2395473,1786959809.4051678,0,-10,-10,-10,-10,0,0,1,0,False
1786959803.3053916,20,1787251243.289525,37.57,0.705,37.24,0.748,True,37.6,36.5,38.6,0.95,0.005,0.0,0.7,0.03,2,1787251253.3547008,1786959809.4051678,0,-10,-10,-10,-10,0,0,1,0,False
1786959803.3053916,20,1787251263.4180684,37.59,0.705,37.23,0.7489,True,37.6,36.5,38.6,0.95,0.005,0.0,0.7,0.03,2,1787251275.74151,1786959809.4051678,0,-10,-10,-10,-10,0,0,1,0,False
1786959803.3053916,20,1787251285.8005693,37.6,0.7049,37.24,0.7488,True,37.6,36.5,38.6,0.95,0.005,0.0,0.7,0.03,2,1787251285.8099787,1786959809.4051678,0,-10,-10,-10,-10,0,0,1,0,False
1786959803.3053916,20,1787251305.8949802,37.62,0.7045,37.23,0.7492000000000001,True,37.6,36.5,38.6,0.95,0.005,0.0,0.7,0.03,2,1787251315.9558961,1786959809.4051678,0,-10,-10,-10,-10,0,0,0,0,False
1786959803.3053916,20,1787251326.0121017,37.64,0.7036,37.24,0.7488,True,37.6,36.5,38.6,0.95,0.005,0.0,0.7,0.03,2,1787251336.0698016,1786959809.4051678,0,-10,-10,-10,-10,0,0,0,0,False
1786959803.3053916,20,1787251346.121474,37.66,0.703,37.26,0.7482,True,37.6,36.5,38.6,0.95,0.005,0.0,0.7,0.03,2,1787251356.1847482,1786959809.4051678,0,-10,-10,-10,-10,0,0,0,0,False
1786959803.3053916,20,1787251366.2267766,37.62,0.7023,37.25,0.7481,True,37.6,36.5,38.6,0.95,0.005,0.0,0.7,0.03,2,1787251376.273585,1786959809.4051678,0,-10,-10,-10,-10,0,0,0,0,False
1786959803.3053916,20,1787251386.3350594,37.66,0.7021,37.25,0.7475,True,37.6,36.5,38.6,0.95,0.005,0.0,0.7,0.03,2,1787251398.4776866,1786959809.4051678,0,-10,-10,-10,-10,0,0,0,0,False
1786959803.3053916,20,1787251408.5139804,37.64,0.7023999999999999,37.25,0.7475,True,37.6,36.5,38.6,0.95,0.005,0.0,0.7,0.03,2,1787251418.5704937,1786959809.4051678,0,-10,-10,-10,-10,0,0,0,0,False
1786959803.3053916,20,1787251428.6036174,37.62,0.7027,37.26,0.7473000000000001,True,37.6,36.5,38.6,0.95,0.005,0.0,0.7,0.03,2,1787251438.6675196,1786959809.4051678,0,-10,-10,-10,-10,0,0,0,0,False
1786959803.3053916,20,1787251448.7224383,37.54,0.703,37.2,0.7471,True,37.6,36.5,38.6,0.95,0.005,0.0,0.7,0.03,2,1787251458.7624025,1786959809.4051678,0,-10,-10,-10,-10,0,0,1,0,False
1786959803.3053916,20,1787251468.8077452,37.55,0.7038,37.24,0.7473000000000001,True,37.6,36.5,38.6,0.95,0.005,0.0,0.7,0.03,2,1787251478.852677,1786959809.4051678,0,-10,-10,-10,-10,0,0,1,0,False
1786959803.3053916,20,1787251488.9047158,37.57,0.7048000000000001,37.24,0.7478,True,37.6,36.5,38.6,0.95,0.005,0.0,0.7,0.03,2,1787251498.9605575,1786959809.4051678,0,-10,-10,-10,-10,0,0,1,0,False
1786959803.3053916,20,1787251509.0052063,37.56,0.7049,37.22,0.7484000000000001,True,37.6,36.5,38.6,0.95,0.005,0.0,0.7,0.03,2,1787251521.2406504,1786959809.4051678,0,-10,-10,-10,-10,0,0,1,0,False
1786959803.3053916,20,1787251531.2735474,37.55,0.705,37.24,0.7486,True,37.6,36.5,38.6,0.95,0.005,0.0,0.7,0.03,2,1787251541.3196576,1786959809.4051678,0,-10,-10,-10,-10,0,0,1,0,False
1786959803.3053916,20,1787251551.3746674,37.62,0.7048000000000001,37.25,0.7489,True,37.6,36.5,38.6,0.95,0.005,0.0,0.7,0.03,2,1787251561.4418316,1786959809.4051678,0,-10,-10,-10,-10,0,0,0,0,False
1786959803.3053916,20,1787251571.4683228,37.61,0.7036,37.24,0.7486,True,37.6,36.5,38.6,0.95,0.005,0.0,0.7,0.03,2,1787251581.5166755,1786959809.4051678,0,-10,-10,-10,-10,0,0,0,0,False
1786959803.3053916,20,1787251591.556069,37.67,0.7029000000000001,37.25,0.7482,True,37.6,36.5,38.6,0.95,0.005,0.0,0.7,0.03,2,1787251601.6048174,1786959809.4051678,0,-10,-10,-10,-10,0,0,0,0,False
1786959803.3053916,20,1787251611.6391113,37.63,0.7027,37.2,0.748,True,37.6,36.5,38.6,0.95,0.005,0.0,0.7,0.03,2,1787251621.682701,1786959809.4051678,0,-10,-10,-10,-10,0,0,0,0,False
1786959803.3053916,20,1787251631.7353754,37.63,0.7025,37.25,0.7475,True,37.6,36.5,38.6,0.95,0.005,0.0,0.7,0.03,2,1787251643.843924,1786959809.4051678,0,-10,-10,-10,-10,0,0,0,0,False
1786959803.3053916,20,1787251653.886926,37.59,0.7028,37.25,0.7471,True,37.6,36.5,38.6,0.95,0.005,0.0,0.7,0.03,2,1787251663.9520395,1786959809.4051678,0,-10,-10,-10,-10,0,0,1,0,False
1786959803.3053916,20,1787251673.9890046,37.54,0.7036,37.24,0.7473000000000001,True,37.6,36.5,38.6,0.95,0.005,0.0,0.7,0.03,2,1787251684.0298347,1786959809.4051678,0,-10,-10,-10,-10,0,0,1,0,False
1786959803.3053916,20,1787251694.075881,37.56,0.7044,37.23,0.748,True,37.6,36.5,38.6,0.95,0.005,0.0,0.7,0.03,2,1787251704.1332815,1786959809.4051678,0,-10,-10,-10,-10,0,0,1,0,False
1786959803.3053916,20,1787251714.175369,37.6,0.7045,37.2,0.7484000000000001,True,37.6,36.5,38.6,0.95,0.005,0.0,0.7,0.03,2,1787251714.1852832,1786959809.4051678,0,-10,-10,-10,-10,0,0,1,0,False
1786959803.3053916,20,1787251734.2490184,37.59,0.7047,37.24,0.7487,True,37.6,36.5,38.6,0.95,0.005,0.0,0.7,0.03,2,1787251744.3139791,1786959809.4051678,0,-10,-10,-10,-10,0,0,1,0,False
1786959803.3053916,20,1787251754.3464186,37.6,0.7045,37.24,0.7490000000000001,True,37.6,36.5,38.6,0.95,0.005,0.0,0.7,0.03,2,1787251756.4994245,1786959809.4051678,0,-10,-10,-10,-10,0,0,1,0,False
1786959803.3053916,20,1787251776.5890863,37.66,0.7042,37.26,0.7492000000000001,True,37.6,36.5,38.6,0.95,0.005,0.0,0.7,0.03,2,1787251786.6587167,1786959809.4051678,0,-10,-10,-10,-10,0,0,0,0,False
1786959803.3053916,20,1787251796.7002187,37.66,0.7034999999999999,37.27,0.7489,True,37.6,36.5,38.6,0.95,0.005,0.0,0.7,0.03,2,1787251806.766686,1786959809.4051678,0,-10,-10,-10,-10,0,0,0,0,False
1786959803.3053916,20,1787251816.8146608,37.69,0.7023,37.25,0.7484999999999999,True,37.6,36.5,38.6,0.95,0.005,0.0,0.7,0.03,2,1787251826.8839693,1786959809.4051678,0,-10,-10,-10,-10,0,0,0,0,False
1786959803.3053916,20,1787251836.9247196,37.66,0.7021,37.24,0.7478,True,37.6,36.5,38.6,0.95,0.005,0.0,0.7,0.03,2,1787251846.975605,1786959809.4051678,0,-10,-10,-10,-10,0,0,0,0,False
1786959803.3053916,20,1787251857.0166416,37.64,0.7019,37.21,0.7476,True,37.6,36.5,38.6,0.95,0.005,0.0,0.7,0.03,2,1787251867.070741,1786959809.4051678,0,-10,-10,-10,-10,0,0,0,0,False
1786959803.3053916,20,1787251877.1159933,37.62,0.7019,37.22,0.7474,True,37.6,36.5,38.6,0.95,0.005,0.0,0.7,0.03,2,1787251889.328001,1786959809.4051678,0,-10,-10,-10,-10,0,0,0,0,False
1786959803.3053916,20,1787251899.376674,37.6,0.7027,37.21,0.7471,True,37.6,36.5,38.6,0.95,0.005,0.0,0.7,0.03,2,1787251899.3858945,1786959809.4051678,0,-10,-10,-10,-10,0,0,0,0,False
1786959803.3053916,20,1787251919.4748993,37.57,0.7025,37.23,0.7469,True,37.6,36.5,38.6,0.95,0.005,0.0,0.7,0.03,2,1787251929.524292,1786959809.4051678,0,-10,-10,-10,-10,0,0,1,0,False
1786959803.3053916,20,1787251939.5824494,37.54,0.7034,37.22,0.7469,True,37.6,36.5,38.6,0.95,0.005,0.0,0.7,0.03,2,1787251949.6457288,1786959809.4051678,0,-10,-10,-10,-10,0,0,1,0,False
1786959803.3053916,20,1787251959.6894794,37.59,0.7044,37.24,0.7478,True,37.6,36.5,38.6,0.95,0.005,0.0,0.7,0.03,2,1787251969.752835,1786959809.4051678,0,-10,-10,-10,-10,0,0,1,0,False
1786959803.3053916,20,1787251979.80874,37.55,0.7051999999999999,37.2,0.7482,True,37.6,36.5,38.6,0.95,0.005,0.0,0.7,0.03,2,1787251989.8488762,1786959809.4051678,0,-10,-10,-10,-10,0,0,1,0,False
1786959803.3053916,20,1787251999.9003744,37.56,0.7048000000000001,37.22,0.7487,True,37.6,36.5,38.6,0.95,0.005,0.0,0.7,0.03,2,1787252012.0378463,1786959809.4051678,0,-10,-10,-10,-10,0,0,1,0,False
1786959803.3053916,20,1787252022.0677335,37.57,0.705,37.2,0.7488,True,37.6,36.5,38.6,0.95,0.005,0.0,0.7,0.03,2,1787252032.1315913,1786959809.4051678,0,-10,-10,-10,-10,0,0,1,0,False
1786959803.3053916,20,1787252042.1756866,37.61,0.7046,37.23,0.7494,True,37.6,36.5,38.6,0.95,0.005,0.0,0.7,0.03,2,1787252052.2254128,1786959809.4051678,0,-10,-10,-10,-10,0,0,0,0,False
1786959803.3053916,20,1787252062.2672873,37.62,0.7037000000000001,37.2,0.7487,True,37.6,36.5,38.6,0.95,0.005,0.0,0.7,0.03,2,1787252072.321932,1786959809.4051678,0,-10,-10,-10,-10,0,0,0,0,False
1786959803.3053916,20,1787252082.3610427,37.58,0.7027,37.25,0.7483,True,37.6,36.5,38.6,0.95,0.005,0.0,0.7,0.03,2,1787252092.4170043,1786959809.4051678,0,-10,-10,-10,-10,0,0,1,0,False
1786959803.3053916,20,1787252102.477349,37.59,0.7027,37.22,0.7484000000000001,True,37.6,36.5,38.6,0.95,0.005,0.0,0.7,0.03,2,1787252112.524798,1786959809.4051678,0,-10,-10,-10,-10,0,0,1,0,False
1786959803.3053916,20,1787252122.575657,37.61,0.7027,37.24,0.7482,True,37.6,36.5,38.6,0.95,0.005,0.0,0.7,0.03,2,1787252134.539996,1786959809.4051678,0,-10,-10,-10,-10,0,0,0,0,False
1786959803.3053916,20,1787252144.5873039,37.63,0.7022,37.24,0.748,True,37.6,36.5,38.6,0.95,0.005,0.0,0.7,0.03,2,1787252154.6506577,1786959809.4051678,0,-10,-10,-10,-10,0,0,0,0,False
1786959803.3053916,20,1787252164.7112987,37.63,0.7021,37.2,0.7475,True,37.6,36.5,38.6,0.95,0.005,0.0,0.7,0.03,2,1787252174.7552338,1786959809.4051678,0,-10,-10,-10,-10,0,0,0,0,False
1786959803.3053916,20,1787252184.8135428,37.58,0.7023,37.19,0.7472,True,37.6,36.5,38.6,0.95,0.005,0.0,0.7,0.03,2,1787252194.8621166,1786959809.4051678,0,-10,-10,-10,-10,0,0,1,0,False
1786959803.3053916,20,1787252204.9143965,37.57,0.7031000000000001,37.22,0.7474,True,37.6,36.5,38.6,0.95,0.005,0.0,0.7,0.03,2,1787252214.9668071,1786959809.4051678,0,-10,-10,-10,-10,0,0,1,0,False
1786959803.3053916,20,1787252225.0066419,37.55,0.7034999999999999,37.2,0.7479000000000001,True,37.6,36.5,38.6,0.95,0.005,0.0,0.7,0.03,2,1787252235.051945,1786959809.4051678,0,-10,-10,-10,-10,0,0,1,0,False
1786959803.3053916,20,1787252245.0950558,37.55,0.7040000000000001,37.19,0.7483,True,37.6,36.5,38.6,0.95,0.005,0.0,0.7,0.03,2,1787252257.219904,1786959809.4051678,0,-10,-10,-10,-10,0,0,1,0,False
1786959803.3053916,20,1787252267.266032,37.57,0.7041,37.19,0.7486,True,37.6,36.5,38.6,0.95,0.005,0.0,0.7,0.03,2,1787252277.3108733,1786959809.4051678,0,-10,-10,-10,-10,0,0,1,0,False
1786959803.3053916,20,1787252287.3673806,37.6,0.7039,37.23,0.7488,True,37.6,36.5,38.6,0.95,0.005,0.0,0.7,0.03,2,1787252287.3766468,1786959809.4051678,0,-10,-10,-10,-10,0,0,1,0,False
1786959803.3053916,20,1787252307.4833019,37.61,0.7040000000000001,37.21,0.7490000000000001,True,37.6,36.5,38.6,0.95,0.005,0.0,0.7,0.03,2,1787252317.535076,1786959809.4051678,0,-10,-10,-10,-10,0,0,0,0,False
1786959803.3053916,20,1787252327.5685785,37.67,0.7031999999999999,37.22,0.7489,True,37.6,36.5,38.6,0.95,0.005,0.0,0.7,0.03,2,1787252337.6285393,1786959809.4051678,0,-10,-10,-10,-10,0,0,0,0,False
1786959803.3053916,20,1787252347.6790912,37.66,0.7021,37.18,0.7484000000000001,True,37.6,36.5,38.6,0.95,0.005,0.0,0.7,0.03,2,1787252357.729884,1786959809.4051678,0,-10,-10,-10,-10,0,0,0,0,False
1786959803.3053916,20,1787252367.7678106,37.66,0.7015000000000001,37.2,0.7481,True,37.6,36.5,38.6,0.95,0.005,0.0,0.7,0.03,2,1787252379.8633647,1786959809.4051678,0,-10,-10,-10,-10,0,0,0,0,False
1786959803.3053916,20,1787252389.8878403,37.67,0.7018000000000001,37.21,0.7478,True,37.6,36.5,38.6,0.95,0.005,0.0,0.7,0.03,2,1787252399.9405692,1786959809.4051678,0,-10,-10,-10,-10,0,0,0,0,False
1786959803.3053916,20,1787252409.9816196,37.65,0.7017,37.22,0.7474,True,37.6,36.5,38.6,0.95,0.005,0.0,0.7,0.03,2,1787252420.0438976,1786959809.4051678,0,-10,-10,-10,-10,0,0,0,0,False
1786959803.3053916,20,1787252430.0952847,37.62,0.7020000000000001,37.2,0.7472,True,37.6,36.5,38.6,0.95,0.005,0.0,0.7,0.03,2,1787252440.1486692,1786959809.4051678,0,-10,-10,-10,-10,0,0,0,0,False
1786959803.3053916,20,1787252450.1846645,37.58,0.7025,37.21,0.7473000000000001,True,37.6,36.5,38.6,0.95,0.005,0.0,0.7,0.03,2,1787252460.2485964,1786959809.4051678,0,-10,-10,-10,-10,0,0,1,0,False
1786959803.3053916,20,1787252470.2814448,37.59,0.7034,37.21,0.7479000000000001,True,37.6,36.5,38.6,0.95,0.005,0.0,0.7,0.03,2,1787252480.3457923,1786959809.4051678,0,-10,-10,-10,-10,0,0,1,0,False
1786959803.3053916,20,1787252490.3959405,37.59,0.7037000000000001,37.18,0.7482,True,37.6,36.5,38.6,0.95,0.005,0.0,0.7,0.03,2,1787252502.4378018,1786959809.4051678,0,-10,-10,-10,-10,0,0,1,0,False
1786959803.3053916,20,1787252512.48326,37.56,0.7046,37.2,0.7489,True,37.6,36.5,38.6,0.95,0.005,0.0,0.7,0.03,2,1787252522.5348418,1786959809.4051678,0,-10,-10,-10,-10,0,0,1,0,False
1786959803.3053916,20,1787252532.5848098,37.54,0.705,37.2,0.7491,True,37.6,36.5,38.6,0.95,0.005,0.0,0.7,0.03,2,1787252542.6323197,1786959809.4051678,0,-10,-10,-10,-10,0,0,1,0,False
1786959803.3053916,20,1787252552.6653092,37.51,0.7058,37.2,0.7497,True,37.6,36.5,38.6,0.95,0.005,0.0,0.7,0.03,2,1787252562.7141876,1786959809.4051678,0,-10,-10,-10,-10,0,0,1,0,False
1786959803.3053916,20,1787252572.7502131,37.49,0.7067,37.2,0.7501000000000001,True,37.6,36.5,38.6,0.95,0.005,0.0,0.7,0.03,2,1787252582.8059006,1786959809.4051678,0,-10,-10,-10,-10,0,0,1,0,False
1786959803.3053916,20,1787252592.8484774,37.5,0.7076000000000001,37.24,0.7504000000000001,True,37.6,36.5,38.6,0.95,0.005,0.0,0.7,0.03,2,1787252602.9159038,1786959809.4051678,0,-10,-10,-10,-10,0,0,1,0,False
1786959803.3053916,20,1787252612.9524217,37.53,0.7084,37.22,0.7506999999999999,True,37.6,36.5,38.6,0.95,0.005,0.0,0.7,0.03,2,1787252625.01703,1786959809.4051678,0,-10,-10,-10,-10,0,0,1,0,False
1786959803.3053916,20,1787252635.0779066,37.5,0.7088,37.2,0.7508,True,37.6,36.5,38.6,0.95,0.005,0.0,0.7,0.03,2,1787252645.1267052,1786959809.4051678,0,-10,-10,-10,-10,0,0,1,0,False
1786959803.3053916,20,1787252655.1773653,37.51,0.7093,37.22,0.7511,True,37.6,36.5,38.6,0.95,0.005,0.0,0.7,0.03,2,1787252665.2267668,1786959809.4051678,0,-10,-10,-10,-10,0,0,1,0,False
1786959803.3053916,20,1787252675.2664304,37.51,0.7099,37.23,0.7515000000000001,True,37.6,36.5,38.6,0.95,0.005,0.0,0.7,0.03,2,1787252685.335577,1786959809.4051678,0,-10,-10,-10,-10,0,0,1,0,False
1786959803.3053916,20,1787252695.3787334,37.49,0.7101999999999999,37.24,0.7515999999999999,True,37.6,36.5,38.6,0.95,0.005,0.0,0.7,0.03,2,1787252705.4426608,1786959809.4051678,0,-10,-10,-10,-10,0,0,1,0,False
1786959803.3053916,20,1787252715.4826708,37.52,0.7109000000000001,37.23,0.7517,True,37.6,36.5,38.6,0.95,0.005,0.0,0.7,0.03,2,1787252725.5498521,1786959809.4051678,0,-10,-10,-10,-10,0,0,1,0,False
1786959803.3053916,20,1787252735.6033068,37.51,0.7111,37.24,0.7521,True,37.6,36.5,38.6,0.95,0.005,0.0,0.7,0.03,2,1787252748.0501356,1786959809.4051678,0,-10,-10,-10,-10,0,0,1,0,False
1786959803.3053916,20,1787252758.0822303,37.53,0.7114,37.3,0.752,True,37.6,36.5,38.6,0.95,0.005,0.0,0.7,0.03,2,1787252768.145815,1786959809.4051678,0,-10,-10,-10,-10,0,0,1,0,False
1786959803.3053916,20,1787252778.1856291,37.49,0.7117,37.28,0.7524,True,37.6,36.5,38.6,0.95,0.005,0.0,0.7,0.03,2,1787252788.2457201,1786959809.4051678,0,-10,-10,-10,-10,0,0,1,0,False
1786959803.3053916,20,1787252798.2923865,37.52,0.7118000000000001,37.28,0.7526,True,37.6,36.5,38.6,0.95,0.005,0.0,0.7,0.03,2,1787252808.3566191,1786959809.4051678,0,-10,-10,-10,-10,0,0,1,0,False
1786959803.3053916,20,1787252818.393849,37.51,0.7120000000000001,37.29,0.7526999999999999,True,37.6,36.5,38.6,0.95,0.005,0.0,0.7,0.03,2,1787252828.445358,1786959809.4051678,0,-10,-10,-10,-10,0,0,1,0,False
1786959803.3053916,20,1787252838.4920487,37.53,0.7123999999999999,37.27,0.7526,True,37.6,36.5,38.6,0.95,0.005,0.0,0.7,0.03,2,1787252848.5423565,1786959809.4051678,0,-10,-10,-10,-10,0,0,1,0,False
1786959803.3053916,20,1787252858.5817823,37.53,0.7125,37.29,0.7526999999999999,True,37.6,36.5,38.6,0.95,0.005,0.0,0.7,0.03,2,1787252870.7727659,1786959809.4051678,0,-10,-10,-10,-10,0,0,1,0,False
1786959803.3053916,20,1787252880.8147576,37.55,0.7125,37.29,0.753,True,37.6,36.5,38.6,0.95,0.005,0.0,0.7,0.03,2,1787252890.8785641,1786959809.4051678,0,-10,-10,-10,-10,0,0,1,0,False
1786959803.3053916,20,1787252900.9113605,37.56,0.7127,37.35,0.7531,True,37.6,36.5,38.6,0.95,0.005,0.0,0.7,0.03,2,1787252910.9638584,1786959809.4051678,0,-10,-10,-10,-10,0,0,1,0,False
1786959803.3053916,20,1787252920.9922361,37.55,0.7129000000000001,37.33,0.7533,True,37.6,36.5,38.6,0.95,0.005,0.0,0.7,0.03,2,1787252931.057803,1786959809.4051678,0,-10,-10,-10,-10,0,0,1,0,False
1786959803.3053916,20,1787252941.1091058,37.54,0.7129000000000001,37.35,0.7534000000000001,True,37.6,36.5,38.6,0.95,0.005,0.0,0.7,0.03,2,1787252951.1507623,1786959809.4051678,0,-10,-10,-10,-10,0,0,1,0,False
1786959803.3053916,20,1787252961.197682,37.59,0.7129000000000001,37.37,0.7535,True,37.6,36.5,38.6,0.95,0.005,0.0,0.7,0.03,2,1787252971.2467537,1786959809.4051678,0,-10,-10,-10,-10,0,0,1,0,False
1786959803.3053916,20,1787252981.2901525,37.59,0.7132,37.36,0.7533,True,37.6,36.5,38.6,0.95,0.005,0.0,0.7,0.03,2,1787252993.453497,1786959809.4051678,0,-10,-10,-10,-10,0,0,1,0,False
1786959803.3053916,20,1787253003.5147495,37.58,0.713,37.38,0.7534000000000001,True,37.6,36.5,38.6,0.95,0.005,0.0,0.7,0.03,2,1787253013.5647352,1786959809.4051678,0,-10,-10,-10,-10,0,0,1,0,False
1786959803.3053916,20,1787253023.606828,37.61,0.7131000000000001,37.37,0.7534000000000001,True,37.6,36.5,38.6,0.95,0.005,0.0,0.7,0.03,2,1787253033.6739213,1786959809.4051678,0,-10,-10,-10,-10,0,0,0,0,False
1786959803.3053916,20,1787253043.712432,37.59,0.7127,37.38,0.7535,True,37.6,36.5,38.6,0.95,0.005,0.0,0.7,0.03,2,1787253053.7618527,1786959809.4051678,0,-10,-10,-10,-10,0,0,1,0,False
1786959803.3053916,20,1787253063.8188872,37.59,0.7125,37.41,0.7528,True,37.6,36.5,38.6,0.95,0.005,0.0,0.7,0.03,2,1787253073.8638077,1786959809.4051678,0,-10,-10,-10,-10,0,0,1,0,False
1786959803.3053916,20,1787253083.903805,37.65,0.7123999999999999,37.41,0.7528,True,37.6,36.5,38.6,0.95,0.005,0.0,0.7,0.03,2,1787253093.9598145,1786959809.4051678,0,-10,-10,-10,-10,0,0,0,0,False
1786959803.3053916,20,1787253104.0021996,37.63,0.7119,37.4,0.7521,True,37.6,36.5,38.6,0.95,0.005,0.0,0.7,0.03,2,1787253116.0726082,1786959809.4051678,0,-10,-10,-10,-10,0,0,0,0,False
1786959803.3053916,20,1787253126.104617,37.63,0.7117,37.39,0.7515000000000001,True,37.6,36.5,38.6,0.95,0.005,0.0,0.7,0.03,2,1787253136.149223,1786959809.4051678,0,-10,-10,-10,-10,0,0,0,0,False
1786959803.3053916,20,1787253146.1895366,37.63,0.7111,37.43,0.7513,True,37.6,36.5,38.6,0.95,0.005,0.0,0.7,0.03,2,1787253156.2426362,1786959809.4051678,0,-10,-10,-10,-10,0,0,0,0,False
1786959803.3053916,20,1787253166.290845,37.61,0.7109000000000001,37.42,0.7511,True,37.6,36.5,38.6,0.95,0.005,0.0,0.7,0.03,2,1787253176.3394847,1786959809.4051678,0,-10,-10,-10,-10,0,0,0,0,False
1786959803.3053916,20,1787253186.3691683,37.59,0.7107,37.41,0.7504000000000001,True,37.6,36.5,38.6,0.95,0.005,0.0,0.7,0.03,2,1787253196.439535,1786959809.4051678,0,-10,-10,-10,-10,0,0,1,0,False
1786959803.3053916,20,1787253206.4672036,37.59,0.7111,37.38,0.7504000000000001,True,37.6,36.5,38.6,0.95,0.005,0.0,0.7,0.03,2,1787253216.5188546,1786959809.4051678,0,-10,-10,-10,-10,0,0,1,0,False
1786959803.3053916,20,1787253226.5687547,37.56,0.7117,37.39,0.7509,True,37.6,36.5,38.6,0.95,0.005,0.0,0.7,0.03,2,1787253238.696723,1786959809.4051678,0,-10,-10,-10,-10,0,0,1,0,False
1786959803.3053916,20,1787253248.744054,37.59,0.7127,37.39,0.7512000000000001,True,37.6,36.5,38.6,0.95,0.005,0.0,0.7,0.03,2,1787253258.7909343,1786959809.4051678,0,-10,-10,-10,-10,0,0,1,0,False
1786959803.3053916,20,1787253268.8394136,37.55,0.7128,37.4,0.7517,True,37.6,36.5,38.6,0.95,0.005,0.0,0.7,0.03,2,1787253278.88892,1786959809.4051678,0,-10,-10,-10,-10,0,0,1,0,False
1786959803.3053916,20,1787253288.9303763,37.55,0.7132,37.45,0.7522,True,37.6,36.5,38.6,0.95,0.005,0.0,0.7,0.03,2,1787253298.9885998,1786959809.4051678,0,-10,-10,-10,-10,0,0,1,0,False
1786959803.3053916,20,1787253309.0436506,37.56,0.7134999999999999,37.4,0.7524,True,37.6,36.5,38.6,0.95,0.005,0.0,0.7,0.03,2,1787253319.111367,1786959809.4051678,0,-10,-10,-10,-10,0,0,1,0,False
1786959803.3053916,20,1787253329.142306,37.58,0.7141,37.41,0.7529000000000001,True,37.6,36.5,38.6,0.95,0.005,0.0,0.7,0.03,2,1787253339.2016325,1786959809.4051678,0,-10,-10,-10,-10,0,0,1,0,False
