experiment_state_timestamp,save_interval_secs,last_save_timestamp,temperature_1_C,humidity_1,temperature_2_C,egg_turning_on,target_temperature,boost_temperature,cooling_start_temperature,heating_proportional_Cf,heating_integral_Cf,heating_derivitive_Cf,target_humidity,range_humidity,control_change_minimum_secs,last_control_change_timestamp,front_turn_switch,rear_turn_switch,top_switch,venting_state,last_venting_timestamp,exhaust_on,humidifyer_on,heater_on,boost_on,fan_on
1784849457.3002179,20,1784861991.0189376,37.481116960402844,0.7215289539940489,37.12863355458916,True,37.5,36.5,38.6,0.95,0.05,0.0,0.7,0.03,2,1784862001.046137,True,True,True,False,1784861877.326052,0,0,1,0,False
1784849457.3002179,20,1784862011.0248501,37.470435645075156,0.7215480277714198,37.141985198748756,True,37.5,36.5,38.6,0.95,0.05,0.0,0.7,0.03,2,1784862021.0524833,False,True,True,False,1784861877.326052,0,0,1,0,False
1784849457.3002179,20,1784862031.0312374,37.51049057755398,0.7215861753261616,37.14999618524453,True,37.5,36.5,38.6,0.95,0.05,0.0,0.7,0.03,2,1784862041.0577614,False,True,True,False,1784861877.326052,0,0,0,0,False
1784849457.3002179,20,1784862051.0369956,37.51583123521782,0.7217006179903868,37.182040131227595,True,37.5,36.5,38.6,0.95,0.05,0.0,0.7,0.03,2,1784862061.0635676,False,True,True,True,1784862057.3260863,0,0,0,0,False
1784849457.3002179,20,1784862071.0428557,37.51049057755398,0.7215098802166782,37.158007171740294,True,37.5,36.5,38.6,0.95,0.05,0.0,0.7,0.03,2,1784862081.070015,False,True,True,False,1784862057.3260863,0,0,0,0,False
1784849457.3002179,20,1784862091.0487099,37.483787289234755,0.7218532082093537,37.16067750057222,True,37.5,36.5,38.6,0.95,0.05,0.0,0.7,0.03,2,1784862101.0758045,False,True,True,False,1784862057.3260863,0,0,1,0,False
1784849457.3002179,20,1784862111.0545845,37.483787289234755,0.7213382162203403,37.152666514076444,True,37.5,36.5,38.6,0.95,0.05,0.0,0.7,0.03,2,1784862121.0811496,False,True,True,False,1784862057.3260863,0,0,1,0,False
1784849457.3002179,20,1784862131.0604398,37.47577630273899,0.7219104295414663,37.15533684290837,True,37.5,36.5,38.6,0.95,0.05,0.0,0.7,0.03,2,1784862141.0876691,False,True,True,False,1784862057.3260863,0,0,1,0,False
1784849457.3002179,20,1784862151.0663743,37.49713893339437,0.7216815442130159,37.18738078889143,True,37.5,36.5,38.6,0.95,0.05,0.0,0.7,0.03,2,1784862161.0935707,False,True,True,False,1784862057.3260863,0,0,1,0,False
1784849457.3002179,20,1784862171.072293,37.52384222171359,0.7216243228809033,37.17135881589991,True,37.5,36.5,38.6,0.95,0.05,0.0,0.7,0.03,2,1784862181.0989695,False,True,True,False,1784862057.3260863,0,0,0,0,False
1784849457.3002179,20,1784862191.078235,37.53452353704128,0.7218532082093537,37.208743419546806,True,37.5,36.5,38.6,0.95,0.05,0.0,0.7,0.03,2,1784862201.10593,False,True,True,False,1784862057.3260863,0,0,0,0,False
1784849457.3002179,20,1784862211.084064,37.52384222171359,0.7218722819867247,37.200732433051044,True,37.5,36.5,38.6,0.95,0.05,0.0,0.7,0.03,2,1784862221.1112208,False,True,True,False,1784862057.3260863,0,0,0,0,False
1784849457.3002179,20,1784862231.0899909,37.49980926222629,0.7220248722056917,37.17135881589991,True,37.5,36.5,38.6,0.95,0.05,0.0,0.7,0.03,2,1784862241.1164467,False,True,True,True,1784862237.3261008,0,0,1,0,False
1784849457.3002179,20,1784862251.0958402,37.47310597390707,0.7217006179903868,37.17135881589991,True,37.5,36.5,38.6,0.95,0.05,0.0,0.7,0.03,2,1784862261.1230981,False,True,True,False,1784862237.3261008,0,0,1,0,False
1784849457.3002179,20,1784862271.1017654,37.46242465857938,0.7220248722056917,37.17402914473182,True,37.5,36.5,38.6,0.95,0.05,0.0,0.7,0.03,2,1784862281.129081,False,True,True,False,1784862237.3261008,0,0,1,0,False
1784849457.3002179,20,1784862291.1077754,37.47310597390707,0.7218913557640956,37.17135881589991,True,37.5,36.5,38.6,0.95,0.05,0.0,0.7,0.03,2,1784862301.1344357,False,True,True,False,1784862237.3261008,0,0,1,0,False
1784849457.3002179,20,1784862311.1137402,37.51049057755398,0.7217196917677577,37.19539177538719,True,37.5,36.5,38.6,0.95,0.05,0.0,0.7,0.03,2,1784862321.1405787,False,True,True,False,1784862237.3261008,0,0,0,0,False
1784849457.3002179,20,1784862331.1195884,37.52918287937743,0.7217578393224994,37.208743419546806,True,37.5,36.5,38.6,0.95,0.05,0.0,0.7,0.03,2,1784862341.1462138,False,True,True,False,1784862237.3261008,0,0,0,0,False
1784849457.3002179,20,1784862351.1255023,37.507820248722055,0.7217959868772412,37.19806210421912,True,37.5,36.5,38.6,0.95,0.05,0.0,0.7,0.03,2,1784862361.1521535,False,True,True,False,1784862237.3261008,0,0,0,0,False
1784849457.3002179,20,1784862371.1313617,37.47577630273899,0.7216052491035324,37.18738078889143,True,37.5,36.5,38.6,0.95,0.05,0.0,0.7,0.03,2,1784862381.1584923,False,True,True,False,1784862237.3261008,0,0,1,0,False
1784849457.3002179,20,1784862391.137179,37.45975432974747,0.7216624704356451,37.17135881589991,True,37.5,36.5,38.6,0.95,0.05,0.0,0.7,0.03,2,1784862401.1643288,False,True,True,False,1784862237.3261008,0,0,1,0,False
1784849457.3002179,20,1784862411.1431262,37.481116960402844,0.7219295033188372,37.152666514076444,True,37.5,36.5,38.6,0.95,0.05,0.0,0.7,0.03,2,1784862421.1703568,False,True,True,True,1784862417.3261166,0,0,1,0,False
1784849457.3002179,20,1784862431.149108,37.46776531624323,0.7218150606546121,37.16601815823606,True,37.5,36.5,38.6,0.95,0.05,0.0,0.7,0.03,2,1784862441.1757503,False,True,True,False,1784862417.3261166,0,0,1,0,False
1784849457.3002179,20,1784862451.1550276,37.47310597390707,0.7218341344319829,37.17135881589991,True,37.5,36.5,38.6,0.95,0.05,0.0,0.7,0.03,2,1784862461.1821537,False,True,True,False,1784862417.3261166,0,0,1,0,False
1784849457.3002179,20,1784862471.160868,37.52117189288167,0.7219295033188372,37.17936980239567,True,37.5,36.5,38.6,0.95,0.05,0.0,0.7,0.03,2,1784862481.1879625,False,True,True,False,1784862417.3261166,0,0,0,0,False
1784849457.3002179,20,1784862491.1667776,37.51049057755398,0.7218913557640956,37.19272144655528,True,37.5,36.5,38.6,0.95,0.05,0.0,0.7,0.03,2,1784862501.1938555,False,True,True,False,1784862417.3261166,0,0,0,0,False
1784849457.3002179,20,1784862511.1726785,37.49980926222629,0.7223682001983672,37.19005111772336,True,37.5,36.5,38.6,0.95,0.05,0.0,0.7,0.03,2,1784862521.1998212,False,True,True,False,1784862417.3261166,0,0,1,0,False
1784849457.3002179,20,1784862531.1786103,37.49179827573053,0.7218532082093537,37.16601815823606,True,37.5,36.5,38.6,0.95,0.05,0.0,0.7,0.03,2,1784862541.2056844,False,True,True,False,1784862417.3261166,0,0,1,0,False
1784849457.3002179,20,1784862551.1844332,37.49713893339437,0.7219867246509498,37.176699473563744,True,37.5,36.5,38.6,0.95,0.05,0.0,0.7,0.03,2,1784862561.2115533,False,True,True,False,1784862417.3261166,0,0,1,0,False
1784849457.3002179,20,1784862571.1903257,37.48645761806668,0.7219295033188372,37.15533684290837,True,37.5,36.5,38.6,0.95,0.05,0.0,0.7,0.03,2,1784862581.2169218,False,True,True,False,1784862417.3261166,0,0,1,0,False
1784849457.3002179,20,1784862591.1961658,37.507820248722055,0.7221393148699168,37.20340276188297,True,37.5,36.5,38.6,0.95,0.05,0.0,0.7,0.03,2,1784862601.2232566,False,True,True,True,1784862597.3261323,0,0,0,0,False
1784849457.3002179,20,1784862611.2020044,37.507820248722055,0.7218722819867247,37.227435721370256,True,37.5,36.5,38.6,0.95,0.05,0.0,0.7,0.03,2,1784862621.2290506,False,True,True,False,1784862597.3261323,0,0,0,0,False
1784849457.3002179,20,1784862631.207842,37.489127946898606,0.7218150606546121,37.18738078889143,True,37.5,36.5,38.6,0.95,0.05,0.0,0.7,0.03,2,1784862641.2350929,False,True,True,False,1784862597.3261323,0,0,1,0,False
1784849457.3002179,20,1784862651.2137976,37.47844663157092,0.7221393148699168,37.21408407721066,True,37.5,36.5,38.6,0.95,0.05,0.0,0.7,0.03,2,1784862661.240984,False,True,True,False,1784862597.3261323,0,0,1,0,False
1784849457.3002179,20,1784862671.2196944,37.483787289234755,0.7219867246509498,37.19005111772336,True,37.5,36.5,38.6,0.95,0.05,0.0,0.7,0.03,2,1784862681.2468286,False,True,True,False,1784862597.3261323,0,0,1,0,False
1784849457.3002179,20,1784862691.225513,37.53719386587319,0.7222156099794003,37.18738078889143,True,37.5,36.5,38.6,0.95,0.05,0.0,0.7,0.03,2,1784862701.252652,False,True,True,False,1784862597.3261323,0,0,0,0,False
1784849457.3002179,20,1784862711.231404,37.531853208209355,0.7221011673151752,37.19539177538719,True,37.5,36.5,38.6,0.95,0.05,0.0,0.7,0.03,2,1784862721.2581675,False,True,True,False,1784862597.3261323,0,0,0,0,False
1784849457.3002179,20,1784862731.2372327,37.53452353704128,0.7220439459830625,37.19272144655528,True,37.5,36.5,38.6,0.95,0.05,0.0,0.7,0.03,2,1784862741.263863,False,True,True,False,1784862597.3261323,0,0,0,0,False
1784849457.3002179,20,1784862751.2431188,37.51850156404974,0.7220057984283207,37.18738078889143,True,37.5,36.5,38.6,0.95,0.05,0.0,0.7,0.03,2,1784862761.2696502,False,True,True,False,1784862597.3261323,0,0,0,0,False
1784849457.3002179,20,1784862771.248916,37.49713893339437,0.7220439459830625,37.176699473563744,True,37.5,36.5,38.6,0.95,0.05,0.0,0.7,0.03,2,1784862782.4078388,False,True,True,True,1784862777.3261402,0,0,1,0,False
1784849457.3002179,20,1784862792.383782,37.470435645075156,0.7220820935378042,37.14465552758068,True,37.5,36.5,38.6,0.95,0.05,0.0,0.7,0.03,2,1784862802.4110749,False,True,True,False,1784862777.3261402,0,0,1,0,False
1784849457.3002179,20,1784862812.3896928,37.45975432974747,0.7219485770962082,37.152666514076444,True,37.5,36.5,38.6,0.95,0.05,0.0,0.7,0.03,2,1784862822.4173822,False,True,True,False,1784862777.3261402,0,0,1,0,False
1784849457.3002179,20,1784862832.3961403,37.47844663157092,0.7220439459830625,37.16601815823606,True,37.5,36.5,38.6,0.95,0.05,0.0,0.7,0.03,2,1784862842.4235773,False,True,True,False,1784862777.3261402,0,0,1,0,False
1784849457.3002179,20,1784862852.402381,37.50514991989013,0.7222346837567711,37.182040131227595,True,37.5,36.5,38.6,0.95,0.05,0.0,0.7,0.03,2,1784862862.4296792,False,True,True,False,1784862777.3261402,0,0,0,0,False
1784849457.3002179,20,1784862872.4083238,37.52117189288167,0.7221774624246586,37.19005111772336,True,37.5,36.5,38.6,0.95,0.05,0.0,0.7,0.03,2,1784862882.4349892,False,True,True,False,1784862777.3261402,0,0,0,0,False
1784849457.3002179,20,1784862892.414255,37.526512550545505,0.7221011673151752,37.19806210421912,True,37.5,36.5,38.6,0.95,0.05,0.0,0.7,0.03,2,1784862902.4414322,False,True,True,False,1784862777.3261402,0,0,0,0,False
1784849457.3002179,20,1784862912.420191,37.489127946898606,0.7222346837567711,37.19539177538719,True,37.5,36.5,38.6,0.95,0.05,0.0,0.7,0.03,2,1784862922.4467092,False,True,True,False,1784862777.3261402,0,0,1,0,False
1784849457.3002179,20,1784862932.426141,37.44373235675593,0.7220439459830625,37.17135881589991,True,37.5,36.5,38.6,0.95,0.05,0.0,0.7,0.03,2,1784862942.452748,False,True,True,False,1784862777.3261402,0,0,1,0,False
1784849457.3002179,20,1784862952.4320107,37.45975432974747,0.7223682001983672,37.16601815823606,True,37.5,36.5,38.6,0.95,0.05,0.0,0.7,0.03,2,1784862962.4586213,False,True,True,True,1784862957.326152,0,0,1,0,False
1784849457.3002179,20,1784862972.4378057,37.47577630273899,0.7222537575341421,37.182040131227595,True,37.5,36.5,38.6,0.95,0.05,0.0,0.7,0.03,2,1784862982.4645305,False,True,True,False,1784862957.326152,0,0,1,0,False
1784849457.3002179,20,1784862992.4437852,37.47577630273899,0.7224063477531091,37.182040131227595,True,37.5,36.5,38.6,0.95,0.05,0.0,0.7,0.03,2,1784863002.470539,False,True,True,False,1784862957.326152,0,0,1,0,False
1784849457.3002179,20,1784863012.4496453,37.49713893339437,0.7224063477531091,37.19539177538719,True,37.5,36.5,38.6,0.95,0.05,0.0,0.7,0.03,2,1784863022.4764435,False,True,True,False,1784862957.326152,0,0,1,0,False
1784849457.3002179,20,1784863032.4556568,37.526512550545505,0.722120241092546,37.224765392538345,True,37.5,36.5,38.6,0.95,0.05,0.0,0.7,0.03,2,1784863042.4822836,False,True,True,False,1784862957.326152,0,0,0,0,False
1784849457.3002179,20,1784863052.461499,37.54253452353704,0.7223491264209965,37.23010605020218,True,37.5,36.5,38.6,0.95,0.05,0.0,0.7,0.03,2,1784863062.488215,False,True,True,False,1784862957.326152,0,0,0,0,False
1784849457.3002179,20,1784863072.467468,37.51583123521782,0.7224063477531091,37.23811703669794,True,37.5,36.5,38.6,0.95,0.05,0.0,0.7,0.03,2,1784863082.4940667,False,True,True,False,1784862957.326152,0,0,0,0,False
1784849457.3002179,20,1784863092.4732265,37.47844663157092,0.7224826428625926,37.20340276188297,True,37.5,36.5,38.6,0.95,0.05,0.0,0.7,0.03,2,1784863102.5004642,False,True,True,False,1784862957.326152,0,0,1,0,False
1784849457.3002179,20,1784863112.4790993,37.47844663157092,0.722558937972076,37.19539177538719,True,37.5,36.5,38.6,0.95,0.05,0.0,0.7,0.03,2,1784863122.5065384,False,True,True,False,1784862957.326152,0,0,1,0,False
1784849457.3002179,20,1784863132.48518,37.481116960402844,0.7223300526436256,37.18738078889143,True,37.5,36.5,38.6,0.95,0.05,0.0,0.7,0.03,2,1784863142.5128808,False,True,True,True,1784863137.3261771,0,0,1,0,False
1784849457.3002179,20,1784863152.4911177,37.48645761806668,0.7221965362020295,37.182040131227595,True,37.5,36.5,38.6,0.95,0.05,0.0,0.7,0.03,2,1784863162.5177617,False,True,True,False,1784863137.3261771,0,0,1,0,False
1784849457.3002179,20,1784863172.49691,37.52384222171359,0.7226161593041885,37.19806210421912,True,37.5,36.5,38.6,0.95,0.05,0.0,0.7,0.03,2,1784863182.523529,False,True,True,False,1784863137.3261771,0,0,0,0,False
1784849457.3002179,20,1784863192.5028558,37.53986419470512,0.7222537575341421,37.23010605020218,True,37.5,36.5,38.6,0.95,0.05,0.0,0.7,0.03,2,1784863202.5294344,False,True,True,False,1784863137.3261771,0,0,0,0,False
1784849457.3002179,20,1784863212.5086324,37.52918287937743,0.7223872739757381,37.25413900968948,True,37.5,36.5,38.6,0.95,0.05,0.0,0.7,0.03,2,1784863222.5357084,False,True,True,False,1784863137.3261771,0,0,0,0,False
1784849457.3002179,20,1784863232.5145006,37.49446860456244,0.7222537575341421,37.208743419546806,True,37.5,36.5,38.6,0.95,0.05,0.0,0.7,0.03,2,1784863242.5411532,False,True,True,False,1784863137.3261771,0,0,1,0,False
1784849457.3002179,20,1784863252.5203164,37.483787289234755,0.7223300526436256,37.20340276188297,True,37.5,36.5,38.6,0.95,0.05,0.0,0.7,0.03,2,1784863262.547005,False,True,True,False,1784863137.3261771,0,0,1,0,False
1784849457.3002179,20,1784863272.5262794,37.46776531624323,0.7225207904173342,37.17402914473182,True,37.5,36.5,38.6,0.95,0.05,0.0,0.7,0.03,2,1784863282.5533254,False,True,True,False,1784863137.3261771,0,0,1,0,False
1784849457.3002179,20,1784863292.5321288,37.46242465857938,0.7223682001983672,37.19806210421912,True,37.5,36.5,38.6,0.95,0.05,0.0,0.7,0.03,2,1784863302.558802,False,True,True,False,1784863137.3261771,0,0,1,0,False
1784849457.3002179,20,1784863312.5379817,37.49980926222629,0.7223682001983672,37.20607309071488,True,37.5,36.5,38.6,0.95,0.05,0.0,0.7,0.03,2,1784863322.5651886,False,True,True,True,1784863317.3262155,0,0,1,0,False
1784849457.3002179,20,1784863332.5439086,37.50247959105822,0.7225207904173342,37.19806210421912,True,37.5,36.5,38.6,0.95,0.05,0.0,0.7,0.03,2,1784863342.5704987,False,True,True,False,1784863317.3262155,0,0,0,0,False
1784849457.3002179,20,1784863352.5497289,37.52384222171359,0.72242542153048,37.219424734874494,True,37.5,36.5,38.6,0.95,0.05,0.0,0.7,0.03,2,1784863362.5768607,False,True,True,False,1784863317.3262155,0,0,0,0,False
1784849457.3002179,20,1784863372.5556104,37.507820248722055,0.7224635690852216,37.208743419546806,True,37.5,36.5,38.6,0.95,0.05,0.0,0.7,0.03,2,1784863382.5827403,False,True,True,False,1784863317.3262155,0,0,0,0,False
1784849457.3002179,20,1784863392.561485,37.48645761806668,0.7225017166399634,37.18738078889143,True,37.5,36.5,38.6,0.95,0.05,0.0,0.7,0.03,2,1784863402.5881624,False,True,True,False,1784863317.3262155,0,0,1,0,False
1784849457.3002179,20,1784863412.5674067,37.45975432974747,0.7224063477531091,37.17936980239567,True,37.5,36.5,38.6,0.95,0.05,0.0,0.7,0.03,2,1784863422.594006,False,True,True,False,1784863317.3262155,0,0,1,0,False
1784849457.3002179,20,1784863432.5731978,37.46242465857938,0.7226543068589304,37.18738078889143,True,37.5,36.5,38.6,0.95,0.05,0.0,0.7,0.03,2,1784863442.5998135,False,True,True,False,1784863317.3262155,0,0,1,0,False
1784849457.3002179,20,1784863452.579093,37.47310597390707,0.72242542153048,37.19272144655528,True,37.5,36.5,38.6,0.95,0.05,0.0,0.7,0.03,2,1784863462.6056585,False,True,True,False,1784863317.3262155,0,0,1,0,False
1784849457.3002179,20,1784863472.584878,37.49446860456244,0.7225398641947051,37.19539177538719,True,37.5,36.5,38.6,0.95,0.05,0.0,0.7,0.03,2,1784863482.6116934,False,True,True,False,1784863317.3262155,0,0,1,0,False
1784849457.3002179,20,1784863492.590862,37.53719386587319,0.7225207904173342,37.23010605020218,True,37.5,36.5,38.6,0.95,0.05,0.0,0.7,0.03,2,1784863502.6180444,False,True,True,True,1784863497.3262522,0,0,0,0,False
1784849457.3002179,20,1784863512.5967216,37.526512550545505,0.7225970855268177,37.21141374837873,True,37.5,36.5,38.6,0.95,0.05,0.0,0.7,0.03,2,1784863522.6238565,False,True,True,False,1784863497.3262522,0,0,0,0,False
1784849457.3002179,20,1784863532.6026454,37.507820248722055,0.7225780117494469,37.18738078889143,True,37.5,36.5,38.6,0.95,0.05,0.0,0.7,0.03,2,1784863542.6297104,False,True,True,False,1784863497.3262522,0,0,0,0,False
1784849457.3002179,20,1784863552.6084325,37.465094987411305,0.7225207904173342,37.19806210421912,True,37.5,36.5,38.6,0.95,0.05,0.0,0.7,0.03,2,1784863562.6355538,False,True,True,False,1784863497.3262522,0,0,1,0,False
1784849457.3002179,20,1784863572.6143212,37.470435645075156,0.7223872739757381,37.182040131227595,True,37.5,36.5,38.6,0.95,0.05,0.0,0.7,0.03,2,1784863582.6409245,False,True,True,False,1784863497.3262522,0,0,1,0,False
1784849457.3002179,20,1784863592.6201463,37.45975432974747,0.7225398641947051,37.19806210421912,True,37.5,36.5,38.6,0.95,0.05,0.0,0.7,0.03,2,1784863602.6473126,False,True,True,False,1784863497.3262522,0,0,1,0,False
1784849457.3002179,20,1784863612.6260436,37.49713893339437,0.7227306019684139,37.19539177538719,True,37.5,36.5,38.6,0.95,0.05,0.0,0.7,0.03,2,1784863622.6536002,False,True,True,False,1784863497.3262522,0,0,1,0,False
1784849457.3002179,20,1784863632.631968,37.49980926222629,0.722558937972076,37.219424734874494,True,37.5,36.5,38.6,0.95,0.05,0.0,0.7,0.03,2,1784863642.660868,False,True,True,False,1784863497.3262522,0,0,1,0,False
1784849457.3002179,20,1784863652.6379414,37.55321583886473,0.7226733806363012,37.24612802319372,True,37.5,36.5,38.6,0.95,0.05,0.0,0.7,0.03,2,1784863662.6645215,False,True,True,False,1784863497.3262522,0,0,0,0,False
1784849457.3002179,20,1784863672.6437612,37.55321583886473,0.7226733806363012,37.27550164034486,True,37.5,36.5,38.6,0.95,0.05,0.0,0.7,0.03,2,1784863682.6709595,False,True,True,True,1784863677.3262575,0,0,0,0,False
1784849457.3002179,20,1784863692.6497183,37.51583123521782,0.7227687495231555,37.23544670786603,True,37.5,36.5,38.6,0.95,0.05,0.0,0.7,0.03,2,1784863702.677003,False,True,True,False,1784863677.3262575,0,0,0,0,False
1784849457.3002179,20,1784863712.6555953,37.49980926222629,0.7226733806363012,37.21141374837873,True,37.5,36.5,38.6,0.95,0.05,0.0,0.7,0.03,2,1784863722.6827922,False,True,True,False,1784863677.3262575,0,0,1,0,False
1784849457.3002179,20,1784863732.6614523,37.48645761806668,0.7227878233005265,37.19272144655528,True,37.5,36.5,38.6,0.95,0.05,0.0,0.7,0.03,2,1784863742.6886008,False,True,True,False,1784863677.3262575,0,0,1,0,False
1784849457.3002179,20,1784863752.6673515,37.45975432974747,0.7227306019684139,37.19806210421912,True,37.5,36.5,38.6,0.95,0.05,0.0,0.7,0.03,2,1784863762.6942468,False,True,True,False,1784863677.3262575,0,0,1,0,False
1784849457.3002179,20,1784863772.6732728,37.465094987411305,0.7228259708552681,37.17135881589991,True,37.5,36.5,38.6,0.95,0.05,0.0,0.7,0.03,2,1784863782.7004616,False,True,True,False,1784863677.3262575,0,0,1,0,False
1784849457.3002179,20,1784863792.6791396,37.507820248722055,0.7227496757457846,37.21408407721066,True,37.5,36.5,38.6,0.95,0.05,0.0,0.7,0.03,2,1784863802.70633,False,True,True,False,1784863677.3262575,0,0,0,0,False
1784849457.3002179,20,1784863812.6850095,37.51850156404974,0.7227878233005265,37.21675440604257,True,37.5,36.5,38.6,0.95,0.05,0.0,0.7,0.03,2,1784863822.712149,False,True,True,False,1784863677.3262575,0,0,0,0,False
1784849457.3002179,20,1784863832.6909196,37.489127946898606,0.7227878233005265,37.20340276188297,True,37.5,36.5,38.6,0.95,0.05,0.0,0.7,0.03,2,1784863842.718116,False,True,True,False,1784863677.3262575,0,0,1,0,False
1784849457.3002179,20,1784863852.6967595,37.46776531624323,0.7227496757457846,37.182040131227595,True,37.5,36.5,38.6,0.95,0.05,0.0,0.7,0.03,2,1784863862.7239552,False,True,True,True,1784863857.326282,0,0,1,0,False
1784849457.3002179,20,1784863872.7026784,37.46776531624323,0.7227878233005265,37.200732433051044,True,37.5,36.5,38.6,0.95,0.05,0.0,0.7,0.03,2,1784863882.7298374,False,True,True,False,1784863857.326282,0,0,1,0,False
1784849457.3002179,20,1784863892.7085724,37.49980926222629,0.7228259708552681,37.20340276188297,True,37.5,36.5,38.6,0.95,0.05,0.0,0.7,0.03,2,1784863902.7357047,False,True,True,False,1784863857.326282,0,0,1,0,False
1784849457.3002179,20,1784863912.7147284,37.51583123521782,0.7229022659647516,37.24879835202563,True,37.5,36.5,38.6,0.95,0.05,0.0,0.7,0.03,2,1784863922.7421165,False,True,True,False,1784863857.326282,0,0,0,0,False
1784849457.3002179,20,1784863932.7207837,37.52384222171359,0.7229213397421225,37.224765392538345,True,37.5,36.5,38.6,0.95,0.05,0.0,0.7,0.03,2,1784863942.7474003,False,True,True,False,1784863857.326282,0,0,0,0,False
1784849457.3002179,20,1784863952.7266645,37.51850156404974,0.722845044632639,37.20340276188297,True,37.5,36.5,38.6,0.95,0.05,0.0,0.7,0.03,2,1784863962.7534359,False,True,True,False,1784863857.326282,0,0,0,0,False
1784849457.3002179,20,1784863972.732675,37.470435645075156,0.723131151293202,37.208743419546806,True,37.5,36.5,38.6,0.95,0.05,0.0,0.7,0.03,2,1784863982.7599273,False,True,True,False,1784863857.326282,0,0,1,0,False
1784849457.3002179,20,1784863992.7386386,37.48645761806668,0.722997634851606,37.21408407721066,True,37.5,36.5,38.6,0.95,0.05,0.0,0.7,0.03,2,1784864002.7657683,False,True,True,False,1784863857.326282,0,0,1,0,False
1784849457.3002179,20,1784864012.7445033,37.47577630273899,0.7229022659647516,37.200732433051044,True,37.5,36.5,38.6,0.95,0.05,0.0,0.7,0.03,2,1784864022.7716513,False,True,True,False,1784863857.326282,0,0,1,0,False
1784849457.3002179,20,1784864032.7504249,37.47310597390707,0.72286411841001,37.208743419546806,True,37.5,36.5,38.6,0.95,0.05,0.0,0.7,0.03,2,1784864042.777669,False,True,True,True,1784864037.3262904,0,0,1,0,False
1784849457.3002179,20,1784864052.7564049,37.49980926222629,0.722692454413672,37.208743419546806,True,37.5,36.5,38.6,0.95,0.05,0.0,0.7,0.03,2,1784864062.783575,False,True,True,False,1784864037.3262904,0,0,1,0,False
1784849457.3002179,20,1784864072.7622757,37.526512550545505,0.7228068970778974,37.21675440604257,True,37.5,36.5,38.6,0.95,0.05,0.0,0.7,0.03,2,1784864082.788921,False,True,True,False,1784864037.3262904,0,0,0,0,False
1784849457.3002179,20,1784864092.76811,37.51583123521782,0.72286411841001,37.219424734874494,True,37.5,36.5,38.6,0.95,0.05,0.0,0.7,0.03,2,1784864102.794532,False,True,True,False,1784864037.3262904,0,0,0,0,False
1784849457.3002179,20,1784864112.7740054,37.49980926222629,0.7228831921873808,37.22209506370642,True,37.5,36.5,38.6,0.95,0.05,0.0,0.7,0.03,2,1784864122.8013864,False,True,True,False,1784864037.3262904,0,0,1,0,False
1784849457.3002179,20,1784864132.7799037,37.49713893339437,0.7228831921873808,37.219424734874494,True,37.5,36.5,38.6,0.95,0.05,0.0,0.7,0.03,2,1784864142.8071253,False,True,True,False,1784864037.3262904,0,0,1,0,False
1784849457.3002179,20,1784864152.7857547,37.481116960402844,0.7230357824063478,37.19806210421912,True,37.5,36.5,38.6,0.95,0.05,0.0,0.7,0.03,2,1784864162.813027,False,True,True,False,1784864037.3262904,0,0,1,0,False
1784849457.3002179,20,1784864172.7917128,37.48645761806668,0.7229785610742351,37.21408407721066,True,37.5,36.5,38.6,0.95,0.05,0.0,0.7,0.03,2,1784864182.8182375,False,True,True,False,1784864037.3262904,0,0,1,0,False
1784849457.3002179,20,1784864192.7975597,37.49179827573053,0.7232074464026855,37.219424734874494,True,37.5,36.5,38.6,0.95,0.05,0.0,0.7,0.03,2,1784864202.824241,False,True,True,False,1784864037.3262904,0,0,1,0,False
1784849457.3002179,20,1784864212.8034828,37.513160906385906,0.7230548561837186,37.21675440604257,True,37.5,36.5,38.6,0.95,0.05,0.0,0.7,0.03,2,1784864222.830564,False,True,True,True,1784864217.3262968,0,0,0,0,False
1784849457.3002179,20,1784864232.8093088,37.50514991989013,0.7229785610742351,37.219424734874494,True,37.5,36.5,38.6,0.95,0.05,0.0,0.7,0.03,2,1784864242.8364587,False,True,True,False,1784864217.3262968,0,0,0,0,False
1784849457.3002179,20,1784864252.8152642,37.49980926222629,0.7231883726253148,37.19806210421912,True,37.5,36.5,38.6,0.95,0.05,0.0,0.7,0.03,2,1784864262.841954,False,True,True,False,1784864217.3262968,0,0,1,0,False
1784849457.3002179,20,1784864272.8211462,37.47310597390707,0.7229594872968643,37.21141374837873,True,37.5,36.5,38.6,0.95,0.05,0.0,0.7,0.03,2,1784864282.8483517,False,True,True,False,1784864217.3262968,0,0,1,0,False
1784849457.3002179,20,1784864292.8271184,37.489127946898606,0.723131151293202,37.19272144655528,True,37.5,36.5,38.6,0.95,0.05,0.0,0.7,0.03,2,1784864302.8542392,False,True,True,False,1784864217.3262968,0,0,1,0,False
1784849457.3002179,20,1784864312.8329144,37.47844663157092,0.7232265201800564,37.22209506370642,True,37.5,36.5,38.6,0.95,0.05,0.0,0.7,0.03,2,1784864322.86016,False,True,True,False,1784864217.3262968,0,0,1,0,False
1784849457.3002179,20,1784864332.8389242,37.507820248722055,0.7230167086289769,37.23010605020218,True,37.5,36.5,38.6,0.95,0.05,0.0,0.7,0.03,2,1784864342.8660452,False,True,True,False,1784864217.3262968,0,0,0,0,False
1784849457.3002179,20,1784864352.8447888,37.52384222171359,0.7230930037384604,37.24078736552987,True,37.5,36.5,38.6,0.95,0.05,0.0,0.7,0.03,2,1784864362.8719132,False,True,True,False,1784864217.3262968,0,0,0,0,False
1784849457.3002179,20,1784864372.850652,37.53452353704128,0.7229594872968643,37.23010605020218,True,37.5,36.5,38.6,0.95,0.05,0.0,0.7,0.03,2,1784864382.877153,False,True,True,False,1784864217.3262968,0,0,0,0,False
1784849457.3002179,20,1784864392.8563757,37.507820248722055,0.7231692988479439,37.23544670786603,True,37.5,36.5,38.6,0.95,0.05,0.0,0.7,0.03,2,1784864402.883052,False,True,True,True,1784864397.3263054,0,0,0,0,False
1784849457.3002179,20,1784864412.862302,37.465094987411305,0.7231120775158313,37.200732433051044,True,37.5,36.5,38.6,0.95,0.05,0.0,0.7,0.03,2,1784864422.8894088,False,True,True,False,1784864397.3263054,0,0,1,0,False
1784849457.3002179,20,1784864432.8681512,37.441062027924005,0.7230357824063478,37.17135881589991,True,37.5,36.5,38.6,0.95,0.05,0.0,0.7,0.03,2,1784864442.8956609,False,True,True,False,1784864397.3263054,0,0,1,0,False
1784849457.3002179,20,1784864452.8740993,37.47310597390707,0.7229594872968643,37.17135881589991,True,37.5,36.5,38.6,0.95,0.05,0.0,0.7,0.03,2,1784864462.9011889,False,True,True,False,1784864397.3263054,0,0,1,0,False
1784849457.3002179,20,1784864472.8799584,37.47844663157092,0.7231692988479439,37.200732433051044,True,37.5,36.5,38.6,0.95,0.05,0.0,0.7,0.03,2,1784864482.9071324,False,True,True,False,1784864397.3263054,0,0,1,0,False
1784849457.3002179,20,1784864492.8858168,37.50514991989013,0.723131151293202,37.21408407721066,True,37.5,36.5,38.6,0.95,0.05,0.0,0.7,0.03,2,1784864502.912696,False,True,True,False,1784864397.3263054,0,0,0,0,False
1784849457.3002179,20,1784864512.8917093,37.49980926222629,0.7231120775158313,37.21675440604257,True,37.5,36.5,38.6,0.95,0.05,0.0,0.7,0.03,2,1784864522.9188862,False,True,True,False,1784864397.3263054,0,0,1,0,False
1784849457.3002179,20,1784864532.8975854,37.513160906385906,0.7233028152895399,37.21408407721066,True,37.5,36.5,38.6,0.95,0.05,0.0,0.7,0.03,2,1784864542.9242535,False,True,True,False,1784864397.3263054,0,0,0,0,False
1784849457.3002179,20,1784864552.9034865,37.507820248722055,0.723436331731136,37.20340276188297,True,37.5,36.5,38.6,0.95,0.05,0.0,0.7,0.03,2,1784864562.9306543,False,True,True,False,1784864397.3263054,0,0,0,0,False
1784849457.3002179,20,1784864572.9093447,37.48645761806668,0.7231502250705729,37.18738078889143,True,37.5,36.5,38.6,0.95,0.05,0.0,0.7,0.03,2,1784864582.9364908,False,True,True,True,1784864577.326315,0,0,1,0,False
1784849457.3002179,20,1784864592.9152644,37.45975432974747,0.7233028152895399,37.16067750057222,True,37.5,36.5,38.6,0.95,0.05,0.0,0.7,0.03,2,1784864602.9419088,False,True,True,False,1784864577.326315,0,0,1,0,False
1784849457.3002179,20,1784864612.92111,37.43305104142824,0.7232455939574274,37.13130388342107,True,37.5,36.5,38.6,0.95,0.05,0.0,0.7,0.03,2,1784864622.9476826,False,True,True,False,1784864577.326315,0,0,1,0,False
1784849457.3002179,20,1784864632.926971,37.46776531624323,0.7233409628442817,37.14999618524453,True,37.5,36.5,38.6,0.95,0.05,0.0,0.7,0.03,2,1784864642.9536114,False,True,True,False,1784864577.326315,0,0,1,0,False
1784849457.3002179,20,1784864652.9328122,37.50514991989013,0.7236270695048448,37.17135881589991,True,37.5,36.5,38.6,0.95,0.05,0.0,0.7,0.03,2,1784864662.95992,False,True,True,False,1784864577.326315,0,0,0,0,False
1784849457.3002179,20,1784864672.9386811,37.526512550545505,0.7233600366216525,37.19005111772336,True,37.5,36.5,38.6,0.95,0.05,0.0,0.7,0.03,2,1784864682.965791,False,True,True,False,1784864577.326315,0,0,0,0,False
1784849457.3002179,20,1784864692.9445436,37.526512550545505,0.723283741512169,37.182040131227595,True,37.5,36.5,38.6,0.95,0.05,0.0,0.7,0.03,2,1784864702.971706,False,True,True,False,1784864577.326315,0,0,0,0,False
1784849457.3002179,20,1784864712.9504666,37.49446860456244,0.7233981841763943,37.158007171740294,True,37.5,36.5,38.6,0.95,0.05,0.0,0.7,0.03,2,1784864722.9775977,False,True,True,False,1784864577.326315,0,0,1,0,False
1784849457.3002179,20,1784864732.9563565,37.47577630273899,0.7234744792858778,37.182040131227595,True,37.5,36.5,38.6,0.95,0.05,0.0,0.7,0.03,2,1784864742.9830296,False,True,True,False,1784864577.326315,0,0,1,0,False
1784849457.3002179,20,1784864752.962267,37.48645761806668,0.7232074464026855,37.14999618524453,True,37.5,36.5,38.6,0.95,0.05,0.0,0.7,0.03,2,1784864762.988854,False,True,True,True,1784864757.3263419,0,0,1,0,False
1784849457.3002179,20,1784864772.9680872,37.50247959105822,0.7235507743953613,37.16601815823606,True,37.5,36.5,38.6,0.95,0.05,0.0,0.7,0.03,2,1784864782.9946463,False,True,True,False,1784864757.3263419,0,0,0,0,False
1784849457.3002179,20,1784864792.9738543,37.48645761806668,0.7232646677347983,37.182040131227595,True,37.5,36.5,38.6,0.95,0.05,0.0,0.7,0.03,2,1784864803.0010805,False,True,True,False,1784864757.3263419,0,0,1,0,False
1784849457.3002179,20,1784864812.9797802,37.52384222171359,0.7235889219501029,37.21675440604257,True,37.5,36.5,38.6,0.95,0.05,0.0,0.7,0.03,2,1784864823.0069718,False,True,True,False,1784864757.3263419,0,0,0,0,False
1784849457.3002179,20,1784864832.9856768,37.526512550545505,0.7233981841763943,37.208743419546806,True,37.5,36.5,38.6,0.95,0.05,0.0,0.7,0.03,2,1784864843.012693,False,True,True,False,1784864757.3263419,0,0,0,0,False
1784849457.3002179,20,1784864852.991567,37.55321583886473,0.7233791103990234,37.219424734874494,True,37.5,36.5,38.6,0.95,0.05,0.0,0.7,0.03,2,1784864863.0187097,False,True,True,False,1784864757.3263419,0,0,0,0,False
1784849457.3002179,20,1784864872.9974463,37.51049057755398,0.7233218890669109,37.184710460059506,True,37.5,36.5,38.6,0.95,0.05,0.0,0.7,0.03,2,1784864883.0245652,False,True,True,False,1784864757.3263419,0,0,0,0,False
1784849457.3002179,20,1784864893.0033638,37.489127946898606,0.7233218890669109,37.16067750057222,True,37.5,36.5,38.6,0.95,0.05,0.0,0.7,0.03,2,1784864903.0305362,False,True,True,False,1784864757.3263419,0,0,1,0,False
1784849457.3002179,20,1784864913.0091977,37.46776531624323,0.7235126268406195,37.158007171740294,True,37.5,36.5,38.6,0.95,0.05,0.0,0.7,0.03,2,1784864923.0363622,False,True,True,False,1784864757.3263419,0,0,1,0,False
1784849457.3002179,20,1784864933.0151188,37.48645761806668,0.7234554055085068,37.14465552758068,True,37.5,36.5,38.6,0.95,0.05,0.0,0.7,0.03,2,1784864943.0416062,False,True,True,True,1784864937.3263729,0,0,1,0,False
1784849457.3002179,20,1784864953.0209498,37.49713893339437,0.7233409628442817,37.17135881589991,True,37.5,36.5,38.6,0.95,0.05,0.0,0.7,0.03,2,1784864963.0481403,False,True,True,False,1784864937.3263729,0,0,1,0,False
1784849457.3002179,20,1784864973.026911,37.49179827573053,0.7237605859464408,37.16601815823606,True,37.5,36.5,38.6,0.95,0.05,0.0,0.7,0.03,2,1784864983.054069,False,True,True,False,1784864937.3263729,0,0,1,0,False
1784849457.3002179,20,1784864993.0327556,37.52384222171359,0.7236652170595864,37.20340276188297,True,37.5,36.5,38.6,0.95,0.05,0.0,0.7,0.03,2,1784865003.059879,False,True,True,False,1784864937.3263729,0,0,0,0,False
1784849457.3002179,20,1784865013.0388021,37.49179827573053,0.7236461432822157,37.184710460059506,True,37.5,36.5,38.6,0.95,0.05,0.0,0.7,0.03,2,1784865023.0657701,False,True,True,False,1784864937.3263729,0,0,1,0,False
1784849457.3002179,20,1784865033.0447412,37.53719386587319,0.7235317006179903,37.208743419546806,True,37.5,36.5,38.6,0.95,0.05,0.0,0.7,0.03,2,1784865043.0714767,False,True,True,False,1784864937.3263729,0,0,0,0,False
1784849457.3002179,20,1784865053.0507886,37.51583123521782,0.7236461432822157,37.19272144655528,True,37.5,36.5,38.6,0.95,0.05,0.0,0.7,0.03,2,1784865063.077326,False,True,True,False,1784864937.3263729,0,0,0,0,False
1784849457.3002179,20,1784865073.056548,37.49980926222629,0.7237796597238118,37.184710460059506,True,37.5,36.5,38.6,0.95,0.05,0.0,0.7,0.03,2,1784865083.0836935,False,True,True,False,1784864937.3263729,0,0,1,0,False
1784849457.3002179,20,1784865093.0624273,37.45708400091554,0.7234744792858778,37.133974212252994,True,37.5,36.5,38.6,0.95,0.05,0.0,0.7,0.03,2,1784865103.088979,False,True,True,False,1784864937.3263729,0,0,1,0,False
1784849457.3002179,20,1784865113.0681853,37.47310597390707,0.7235889219501029,37.158007171740294,True,37.5,36.5,38.6,0.95,0.05,0.0,0.7,0.03,2,1784865123.0953076,False,True,True,True,1784865117.3263965,0,0,1,0,False
1784849457.3002179,20,1784865133.0740445,37.44373235675593,0.7235889219501029,37.17135881589991,True,37.5,36.5,38.6,0.95,0.05,0.0,0.7,0.03,2,1784865143.101158,False,True,True,False,1784865117.3263965,0,0,1,0,False
1784849457.3002179,20,1784865153.0799127,37.438391699092094,0.7236270695048448,37.15533684290837,True,37.5,36.5,38.6,0.95,0.05,0.0,0.7,0.03,2,1784865163.1071508,False,True,True,False,1784865117.3263965,0,0,1,0,False
1784849457.3002179,20,1784865173.0859358,37.49713893339437,0.7235889219501029,37.176699473563744,True,37.5,36.5,38.6,0.95,0.05,0.0,0.7,0.03,2,1784865183.1130857,False,True,True,False,1784865117.3263965,0,0,1,0,False
1784849457.3002179,20,1784865193.0917912,37.53452353704128,0.7238559548332952,37.208743419546806,True,37.5,36.5,38.6,0.95,0.05,0.0,0.7,0.03,2,1784865203.1330376,False,True,True,False,1784865117.3263965,0,0,0,0,False
1784849457.3002179,20,1784865213.1118588,37.53986419470512,0.723436331731136,37.21141374837873,True,37.5,36.5,38.6,0.95,0.05,0.0,0.7,0.03,2,1784865223.139089,False,True,True,False,1784865117.3263965,0,0,0,0,False
1784849457.3002179,20,1784865233.1178331,37.53719386587319,0.7236652170595864,37.219424734874494,True,37.5,36.5,38.6,0.95,0.05,0.0,0.7,0.03,2,1784865243.1449752,False,True,True,False,1784865117.3263965,0,0,0,0,False
1784849457.3002179,20,1784865253.1237893,37.49980926222629,0.7237987335011826,37.182040131227595,True,37.5,36.5,38.6,0.95,0.05,0.0,0.7,0.03,2,1784865263.1510913,False,True,True,False,1784865117.3263965,0,0,1,0,False
1784849457.3002179,20,1784865273.1297355,37.489127946898606,0.7236461432822157,37.17936980239567,True,37.5,36.5,38.6,0.95,0.05,0.0,0.7,0.03,2,1784865283.1569712,False,True,True,False,1784865117.3263965,0,0,1,0,False
1784849457.3002179,20,1784865293.1358678,37.49980926222629,0.7240466926070038,37.182040131227595,True,37.5,36.5,38.6,0.95,0.05,0.0,0.7,0.03,2,1784865303.1628752,False,True,True,True,1784865297.3264313,0,0,1,0,False
1784849457.3002179,20,1784865313.1419559,37.50514991989013,0.7239513237201496,37.17402914473182,True,37.5,36.5,38.6,0.95,0.05,0.0,0.7,0.03,2,1784865323.1691163,False,True,True,False,1784865297.3264313,0,0,0,0,False
1784849457.3002179,20,1784865333.1478014,37.49713893339437,0.7238178072785534,37.21408407721066,True,37.5,36.5,38.6,0.95,0.05,0.0,0.7,0.03,2,1784865343.1744256,False,True,True,False,1784865297.3264313,0,0,1,0,False
1784849457.3002179,20,1784865353.1536117,37.51850156404974,0.7238368810559243,37.19272144655528,True,37.5,36.5,38.6,0.95,0.05,0.0,0.7,0.03,2,1784865363.1801612,False,True,True,False,1784865297.3264313,0,0,0,0,False
1784849457.3002179,20,1784865373.1594667,37.52918287937743,0.7239703974975203,37.224765392538345,True,37.5,36.5,38.6,0.95,0.05,0.0,0.7,0.03,2,1784865383.1860385,False,True,True,False,1784865297.3264313,0,0,0,0,False
1784849457.3002179,20,1784865393.1652293,37.49713893339437,0.7237224383916991,37.19806210421912,True,37.5,36.5,38.6,0.95,0.05,0.0,0.7,0.03,2,1784865403.1924527,False,True,True,False,1784865297.3264313,0,0,1,0,False
1784849457.3002179,20,1784865413.1712005,37.50247959105822,0.7237224383916991,37.19005111772336,True,37.5,36.5,38.6,0.95,0.05,0.0,0.7,0.03,2,1784865423.1982248,False,True,True,False,1784865297.3264313,0,0,0,0,False
1784849457.3002179,20,1784865433.1769435,37.47844663157092,0.7237796597238118,37.139314869916845,True,37.5,36.5,38.6,0.95,0.05,0.0,0.7,0.03,2,1784865443.2047884,False,True,True,False,1784865297.3264313,0,0,1,0,False
1784849457.3002179,20,1784865453.1831715,37.46776531624323,0.7239322499427787,37.14465552758068,True,37.5,36.5,38.6,0.95,0.05,0.0,0.7,0.03,2,1784865463.210665,False,True,True,False,1784865297.3264313,0,0,1,0,False
1784849457.3002179,20,1784865473.1895804,37.46776531624323,0.7238941023880369,37.13130388342107,True,37.5,36.5,38.6,0.95,0.05,0.0,0.7,0.03,2,1784865483.21948,False,True,True,True,1784865477.3264413,0,0,1,0,False
1784849457.3002179,20,1784865493.1957476,37.46242465857938,0.7240466926070038,37.15533684290837,True,37.5,36.5,38.6,0.95,0.05,0.0,0.7,0.03,2,1784865503.2251484,False,True,True,False,1784865477.3264413,0,0,1,0,False
1784849457.3002179,20,1784865513.2018673,37.47310597390707,0.7237987335011826,37.158007171740294,True,37.5,36.5,38.6,0.95,0.05,0.0,0.7,0.03,2,1784865523.2290933,False,True,True,False,1784865477.3264413,0,0,1,0,False
1784849457.3002179,20,1784865533.207862,37.49179827573053,0.7239894712748912,37.16067750057222,True,37.5,36.5,38.6,0.95,0.05,0.0,0.7,0.03,2,1784865543.2349956,False,True,True,False,1784865477.3264413,0,0,1,0,False
1784849457.3002179,20,1784865553.2137735,37.50247959105822,0.7237224383916991,37.176699473563744,True,37.5,36.5,38.6,0.95,0.05,0.0,0.7,0.03,2,1784865563.2404933,False,True,True,False,1784865477.3264413,0,0,0,0,False
1784849457.3002179,20,1784865573.219697,37.513160906385906,0.7240085450522622,37.219424734874494,True,37.5,36.5,38.6,0.95,0.05,0.0,0.7,0.03,2,1784865583.2468207,False,True,True,False,1784865477.3264413,0,0,0,0,False
1784849457.3002179,20,1784865593.2255208,37.49713893339437,0.7237033646143283,37.182040131227595,True,37.5,36.5,38.6,0.95,0.05,0.0,0.7,0.03,2,1784865603.2526605,False,True,True,False,1784865477.3264413,0,0,1,0,False
1784849457.3002179,20,1784865613.2316184,37.507820248722055,0.7241420614938582,37.19005111772336,True,37.5,36.5,38.6,0.95,0.05,0.0,0.7,0.03,2,1784865623.2619467,True,True,True,False,1784865477.3264413,0,0,0,0,False
1784849457.3002179,20,1784865633.237968,37.51049057755398,0.7236842908369573,37.16601815823606,True,37.5,36.5,38.6,0.95,0.05,0.0,0.7,0.03,2,1784865643.2650898,True,True,True,False,1784865477.3264413,0,0,0,0,False
1784849457.3002179,20,1784865653.2438352,37.47844663157092,0.7239513237201496,37.15533684290837,True,37.5,36.5,38.6,0.95,0.05,0.0,0.7,0.03,2,1784865663.2713044,True,True,True,True,1784865657.3264647,0,0,1,0,False
1784849457.3002179,20,1784865673.249617,37.47310597390707,0.7242565041580835,37.141985198748756,True,37.5,36.5,38.6,0.95,0.05,0.0,0.7,0.03,2,1784865683.2767706,True,True,True,False,1784865657.3264647,0,0,1,0,False
1784849457.3002179,20,1784865693.2555056,37.483787289234755,0.7237796597238118,37.11261158159762,True,37.5,36.5,38.6,0.95,0.05,0.0,0.7,0.03,2,1784865703.2827122,True,True,True,False,1784865657.3264647,0,0,1,0,False
1784849457.3002179,20,1784865713.2614005,37.49980926222629,0.7239894712748912,37.13130388342107,True,37.5,36.5,38.6,0.95,0.05,0.0,0.7,0.03,2,1784865723.2885277,True,True,True,False,1784865657.3264647,0,0,1,0,False
1784849457.3002179,20,1784865733.267283,37.48645761806668,0.7237033646143283,37.16067750057222,True,37.5,36.5,38.6,0.95,0.05,0.0,0.7,0.03,2,1784865743.2945008,True,True,True,False,1784865657.3264647,0,0,1,0,False
1784849457.3002179,20,1784865753.2732055,37.51850156404974,0.7240276188296331,37.14465552758068,True,37.5,36.5,38.6,0.95,0.05,0.0,0.7,0.03,2,1784865763.3003983,True,True,True,False,1784865657.3264647,0,0,0,0,False
1784849457.3002179,20,1784865773.2791736,37.52918287937743,0.7238559548332952,37.16601815823606,True,37.5,36.5,38.6,0.95,0.05,0.0,0.7,0.03,2,1784865783.3062801,True,True,True,False,1784865657.3264647,0,0,0,0,False
1784849457.3002179,20,1784865793.284978,37.507820248722055,0.7240848401617457,37.15533684290837,True,37.5,36.5,38.6,0.95,0.05,0.0,0.7,0.03,2,1784865803.3121052,True,True,True,False,1784865657.3264647,0,0,0,0,False
1784849457.3002179,20,1784865813.2908957,37.507820248722055,0.7240657663843747,37.152666514076444,True,37.5,36.5,38.6,0.95,0.05,0.0,0.7,0.03,2,1784865823.317415,True,True,True,False,1784865657.3264647,0,0,0,0,False
1784849457.3002179,20,1784865833.2966588,37.483787289234755,0.7239322499427787,37.12863355458916,True,37.5,36.5,38.6,0.95,0.05,0.0,0.7,0.03,2,1784865843.3238919,True,True,True,True,1784865837.3264728,0,0,1,0,False
1784849457.3002179,20,1784865853.3026202,37.46242465857938,0.7239131761654077,37.10727092393378,True,37.5,36.5,38.6,0.95,0.05,0.0,0.7,0.03,2,1784865863.3296802,True,True,True,False,1784865837.3264728,0,0,1,0,False
1784849457.3002179,20,1784865873.3084233,37.489127946898606,0.7239513237201496,37.12062256809338,True,37.5,36.5,38.6,0.95,0.05,0.0,0.7,0.03,2,1784865883.3355663,True,True,True,False,1784865837.3264728,0,0,1,0,False
1784849457.3002179,20,1784865893.3143938,37.483787289234755,0.7239703974975203,37.14465552758068,True,37.5,36.5,38.6,0.95,0.05,0.0,0.7,0.03,2,1784865903.3415956,True,True,True,False,1784865837.3264728,0,0,1,0,False
1784849457.3002179,20,1784865913.3203087,37.49980926222629,0.7239131761654077,37.14732585641261,True,37.5,36.5,38.6,0.95,0.05,0.0,0.7,0.03,2,1784865923.3474522,True,True,True,False,1784865837.3264728,0,0,1,0,False
1784849457.3002179,20,1784865933.3261874,37.50247959105822,0.7239703974975203,37.139314869916845,True,37.5,36.5,38.6,0.95,0.05,0.0,0.7,0.03,2,1784865943.3532913,True,True,True,False,1784865837.3264728,0,0,0,0,False
1784849457.3002179,20,1784865953.3324618,37.555886167696656,0.7242755779354543,37.17135881589991,True,37.5,36.5,38.6,0.95,0.05,0.0,0.7,0.03,2,1784865963.3598735,True,True,True,False,1784865837.3264728,0,0,0,0,False
1784849457.3002179,20,1784865973.339158,37.513160906385906,0.7243518730449378,37.16601815823606,True,37.5,36.5,38.6,0.95,0.05,0.0,0.7,0.03,2,1784865983.3673003,True,True,True,False,1784865837.3264728,0,0,0,0,False
1784849457.3002179,20,1784865993.3453197,37.49179827573053,0.7240657663843747,37.15533684290837,True,37.5,36.5,38.6,0.95,0.05,0.0,0.7,0.03,2,1784866003.3731883,True,True,True,False,1784865837.3264728,0,0,1,0,False
1784849457.3002179,20,1784866013.3518875,37.470435645075156,0.7241802090486,37.13130388342107,True,37.5,36.5,38.6,0.95,0.05,0.0,0.7,0.03,2,1784866023.3787582,True,True,True,True,1784866017.3265057,0,0,1,0,False
1784849457.3002179,20,1784866033.3581355,37.489127946898606,0.7241039139391166,37.096589608606095,True,37.5,36.5,38.6,0.95,0.05,0.0,0.7,0.03,2,1784866043.3852677,True,True,True,False,1784866017.3265057,0,0,1,0,False
1784849457.3002179,20,1784866053.3639731,37.47310597390707,0.7241420614938582,37.08056763561456,True,37.5,36.5,38.6,0.95,0.05,0.0,0.7,0.03,2,1784866063.3912885,True,True,True,False,1784866017.3265057,0,0,1,0,False
1784849457.3002179,20,1784866073.37001,37.47844663157092,0.7240466926070038,37.08857862211032,True,37.5,36.5,38.6,0.95,0.05,0.0,0.7,0.03,2,1784866083.397119,True,True,True,False,1784866017.3265057,0,0,1,0,False
1784849457.3002179,20,1784866093.3758585,37.50514991989013,0.7240848401617457,37.14465552758068,True,37.5,36.5,38.6,0.95,0.05,0.0,0.7,0.03,2,1784866103.4031286,True,True,True,False,1784866017.3265057,0,0,0,0,False
1784849457.3002179,20,1784866113.38172,37.526512550545505,0.7241420614938582,37.16868848706798,True,37.5,36.5,38.6,0.95,0.05,0.0,0.7,0.03,2,1784866123.409114,True,True,True,False,1784866017.3265057,0,0,0,0,False
1784849457.3002179,20,1784866133.3879225,37.513160906385906,0.724332799267567,37.14465552758068,True,37.5,36.5,38.6,0.95,0.05,0.0,0.7,0.03,2,1784866143.4148192,True,True,True,False,1784866017.3265057,0,0,0,0,False
1784849457.3002179,20,1784866153.3938253,37.49179827573053,0.7241039139391166,37.139314869916845,True,37.5,36.5,38.6,0.95,0.05,0.0,0.7,0.03,2,1784866163.4206696,True,True,True,False,1784866017.3265057,0,0,1,0,False
1784849457.3002179,20,1784866173.3999484,37.470435645075156,0.7242565041580835,37.133974212252994,True,37.5,36.5,38.6,0.95,0.05,0.0,0.7,0.03,2,1784866183.4266894,True,True,True,False,1784866017.3265057,0,0,1,0,False
1784849457.3002179,20,1784866193.4058747,37.507820248722055,0.7242565041580835,37.11261158159762,True,37.5,36.5,38.6,0.95,0.05,0.0,0.7,0.03,2,1784866203.4331973,True,True,True,True,1784866197.3265283,0,0,0,0,False
1784849457.3002179,20,1784866213.4121597,37.48645761806668,0.7241611352712292,37.109941252765694,True,37.5,36.5,38.6,0.95,0.05,0.0,0.7,0.03,2,1784866223.4402483,True,True,True,False,1784866197.3265283,0,0,1,0,False
1784849457.3002179,20,1784866233.4186738,37.483787289234755,0.7241611352712292,37.10193026626993,True,37.5,36.5,38.6,0.95,0.05,0.0,0.7,0.03,2,1784866243.446055,True,True,True,False,1784866197.3265283,0,0,1,0,False
1784849457.3002179,20,1784866253.4248064,37.49980926222629,0.7239322499427787,37.10727092393378,True,37.5,36.5,38.6,0.95,0.05,0.0,0.7,0.03,2,1784866263.4524353,True,True,True,False,1784866197.3265283,0,0,1,0,False
1784849457.3002179,20,1784866273.4310434,37.51049057755398,0.7246379797055009,37.115281910429545,True,37.5,36.5,38.6,0.95,0.05,0.0,0.7,0.03,2,1784866283.4576778,True,True,True,False,1784866197.3265283,0,0,0,0,False
1784849457.3002179,20,1784866293.43703,37.51049057755398,0.7243137254901961,37.139314869916845,True,37.5,36.5,38.6,0.95,0.05,0.0,0.7,0.03,2,1784866303.4642844,True,True,True,False,1784866197.3265283,0,0,0,0,False
1784849457.3002179,20,1784866313.443027,37.526512550545505,0.7243518730449378,37.12062256809338,True,37.5,36.5,38.6,0.95,0.05,0.0,0.7,0.03,2,1784866323.4717371,True,True,True,False,1784866197.3265283,0,0,0,0,False
1784849457.3002179,20,1784866333.4488509,37.49179827573053,0.7243709468223086,37.12863355458916,True,37.5,36.5,38.6,0.95,0.05,0.0,0.7,0.03,2,1784866343.478584,True,True,True,False,1784866197.3265283,0,0,1,0,False
1784849457.3002179,20,1784866353.4553983,37.49179827573053,0.7242183566033417,37.10727092393378,True,37.5,36.5,38.6,0.95,0.05,0.0,0.7,0.03,2,1784866363.4832554,True,True,True,False,1784866197.3265283,0,0,1,0,False
1784849457.3002179,20,1784866373.4616373,37.507820248722055,0.7241420614938582,37.14465552758068,True,37.5,36.5,38.6,0.95,0.05,0.0,0.7,0.03,2,1784866383.4893456,True,True,True,True,1784866377.3265436,0,0,0,0,False
1784849457.3002179,20,1784866393.4677157,37.49713893339437,0.7245616845960174,37.10727092393378,True,37.5,36.5,38.6,0.95,0.05,0.0,0.7,0.03,2,1784866403.4949327,True,True,True,False,1784866377.3265436,0,0,1,0,False
1784849457.3002179,20,1784866413.4735806,37.47577630273899,0.7242565041580835,37.12062256809338,True,37.5,36.5,38.6,0.95,0.05,0.0,0.7,0.03,2,1784866423.5008447,True,True,True,False,1784866377.3265436,0,0,1,0,False
1784849457.3002179,20,1784866433.4795337,37.51049057755398,0.7242565041580835,37.091248950942244,True,37.5,36.5,38.6,0.95,0.05,0.0,0.7,0.03,2,1784866443.5066452,True,True,True,False,1784866377.3265436,0,0,0,0,False
1784849457.3002179,20,1784866453.485565,37.49980926222629,0.7245235370412756,37.10727092393378,True,37.5,36.5,38.6,0.95,0.05,0.0,0.7,0.03,2,1784866463.5127444,True,True,True,False,1784866377.3265436,0,0,1,0,False
1784849457.3002179,20,1784866473.4915428,37.50514991989013,0.7245426108186466,37.12062256809338,True,37.5,36.5,38.6,0.95,0.05,0.0,0.7,0.03,2,1784866483.5187755,True,True,True,False,1784866377.3265436,0,0,0,0,False
1784849457.3002179,20,1784866493.4974773,37.49980926222629,0.7242946517128251,37.11795223926147,True,37.5,36.5,38.6,0.95,0.05,0.0,0.7,0.03,2,1784866503.5246596,True,True,True,False,1784866377.3265436,0,0,1,0,False
1784849457.3002179,20,1784866513.503423,37.54253452353704,0.7242183566033417,37.13664454108492,True,37.5,36.5,38.6,0.95,0.05,0.0,0.7,0.03,2,1784866523.5305686,True,True,True,False,1784866377.3265436,0,0,0,0,False
1784849457.3002179,20,1784866533.5092866,37.50247959105822,0.72461890592813,37.08590829327841,True,37.5,36.5,38.6,0.95,0.05,0.0,0.7,0.03,2,1784866543.5364704,True,True,True,False,1784866377.3265436,0,0,0,0,False
1784849457.3002179,20,1784866553.5152633,37.470435645075156,0.7248859388113221,37.08056763561456,True,37.5,36.5,38.6,0.95,0.05,0.0,0.7,0.03,2,1784866563.5418792,True,True,True,True,1784866557.3265595,0,0,1,0,False
1784849457.3002179,20,1784866573.5211058,37.48645761806668,0.7244663157091631,37.10727092393378,True,37.5,36.5,38.6,0.95,0.05,0.0,0.7,0.03,2,1784866583.5487175,True,True,True,False,1784866557.3265595,0,0,1,0,False
1784849457.3002179,20,1784866593.527451,37.470435645075156,0.7245044632639047,37.091248950942244,True,37.5,36.5,38.6,0.95,0.05,0.0,0.7,0.03,2,1784866603.5545583,True,True,True,False,1784866557.3265595,0,0,1,0,False
1784849457.3002179,20,1784866613.5333457,37.48645761806668,0.7245616845960174,37.109941252765694,True,37.5,36.5,38.6,0.95,0.05,0.0,0.7,0.03,2,1784866623.560589,True,True,True,False,1784866557.3265595,0,0,1,0,False
1784849457.3002179,20,1784866633.5393395,37.52117189288167,0.7244281681544212,37.133974212252994,True,37.5,36.5,38.6,0.95,0.05,0.0,0.7,0.03,2,1784866643.566554,True,True,True,False,1784866557.3265595,0,0,0,0,False
1784849457.3002179,20,1784866653.5452724,37.526512550545505,0.7244281681544212,37.14465552758068,True,37.5,36.5,38.6,0.95,0.05,0.0,0.7,0.03,2,1784866663.5720718,True,True,True,False,1784866557.3265595,0,0,0,0,False
1784849457.3002179,20,1784866673.5513384,37.50514991989013,0.7244663157091631,37.141985198748756,True,37.5,36.5,38.6,0.95,0.05,0.0,0.7,0.03,2,1784866683.578455,True,True,True,False,1784866557.3265595,0,0,0,0,False
1784849457.3002179,20,1784866693.5571961,37.50514991989013,0.7242374303807126,37.10727092393378,True,37.5,36.5,38.6,0.95,0.05,0.0,0.7,0.03,2,1784866703.5843482,True,True,True,False,1784866557.3265595,0,0,0,0,False
1784849457.3002179,20,1784866713.5631313,37.489127946898606,0.7242755779354543,37.12062256809338,True,37.5,36.5,38.6,0.95,0.05,0.0,0.7,0.03,2,1784866723.5903924,True,True,True,False,1784866557.3265595,0,0,1,0,False
1784849457.3002179,20,1784866733.5690773,37.45975432974747,0.7248477912565805,37.091248950942244,True,37.5,36.5,38.6,0.95,0.05,0.0,0.7,0.03,2,1784866743.5962331,True,True,True,True,1784866737.326582,0,0,1,0,False
1784849457.3002179,20,1784866753.5749927,37.47577630273899,0.7245235370412756,37.07522697795072,True,37.5,36.5,38.6,0.95,0.05,0.0,0.7,0.03,2,1784866763.602466,True,True,True,False,1784866737.326582,0,0,1,0,False
1784849457.3002179,20,1784866773.5808744,37.48645761806668,0.724771496147097,37.08590829327841,True,37.5,36.5,38.6,0.95,0.05,0.0,0.7,0.03,2,1784866783.6080866,True,True,True,False,1784866737.326582,0,0,1,0,False
1784849457.3002179,20,1784866793.586808,37.507820248722055,0.7245807583733882,37.10727092393378,True,37.5,36.5,38.6,0.95,0.05,0.0,0.7,0.03,2,1784866803.614464,True,True,True,False,1784866737.326582,0,0,0,0,False
1784849457.3002179,20,1784866813.5936892,37.53452353704128,0.724752422369726,37.115281910429545,True,37.5,36.5,38.6,0.95,0.05,0.0,0.7,0.03,2,1784866823.6218035,True,True,True,False,1784866737.326582,0,0,0,0,False
1784849457.3002179,20,1784866833.600728,37.54253452353704,0.724771496147097,37.091248950942244,True,37.5,36.5,38.6,0.95,0.05,0.0,0.7,0.03,2,1784866843.6288502,True,True,True,False,1784866737.326582,0,0,0,0,False
1784849457.3002179,20,1784866853.6075659,37.49980926222629,0.7247142748149844,37.11795223926147,True,37.5,36.5,38.6,0.95,0.05,0.0,0.7,0.03,2,1784866863.6347315,True,True,True,False,1784866737.326582,0,0,1,0,False
1784849457.3002179,20,1784866873.6135545,37.483787289234755,0.7246379797055009,37.08857862211032,True,37.5,36.5,38.6,0.95,0.05,0.0,0.7,0.03,2,1784866883.6407425,True,True,True,False,1784866737.326582,0,0,1,0,False
1784849457.3002179,20,1784866893.6195018,37.50514991989013,0.724752422369726,37.11261158159762,True,37.5,36.5,38.6,0.95,0.05,0.0,0.7,0.03,2,1784866903.6465962,True,True,True,False,1784866737.326582,0,0,0,0,False
1784849457.3002179,20,1784866913.625293,37.50514991989013,0.724924086366064,37.109941252765694,True,37.5,36.5,38.6,0.95,0.05,0.0,0.7,0.03,2,1784866923.6524448,True,True,True,True,1784866917.326603,0,0,0,0,False
1784849457.3002179,20,1784866933.6311922,37.470435645075156,0.7250194552529183,37.091248950942244,True,37.5,36.5,38.6,0.95,0.05,0.0,0.7,0.03,2,1784866943.6585402,True,True,True,False,1784866917.326603,0,0,1,0,False
1784849457.3002179,20,1784866953.6372085,37.481116960402844,0.724485389486534,37.06454566262303,True,37.5,36.5,38.6,0.95,0.05,0.0,0.7,0.03,2,1784866963.6639447,True,True,True,False,1784866917.326603,0,0,1,0,False
1784849457.3002179,20,1784866973.6431332,37.507820248722055,0.7246570534828717,37.08056763561456,True,37.5,36.5,38.6,0.95,0.05,0.0,0.7,0.03,2,1784866983.6702936,True,True,True,False,1784866917.326603,0,0,0,0,False
1784849457.3002179,20,1784866993.6489236,37.49713893339437,0.7246570534828717,37.10193026626993,True,37.5,36.5,38.6,0.95,0.05,0.0,0.7,0.03,2,1784867003.6760614,True,True,True,False,1784866917.326603,0,0,1,0,False
1784849457.3002179,20,1784867013.654844,37.507820248722055,0.7246952010376135,37.115281910429545,True,37.5,36.5,38.6,0.95,0.05,0.0,0.7,0.03,2,1784867023.6824124,True,True,True,False,1784866917.326603,0,0,0,0,False
1784849457.3002179,20,1784867033.6607168,37.526512550545505,0.7246570534828717,37.091248950942244,True,37.5,36.5,38.6,0.95,0.05,0.0,0.7,0.03,2,1784867043.687778,True,True,True,False,1784866917.326603,0,0,0,0,False
1784849457.3002179,20,1784867053.666649,37.52117189288167,0.7245616845960174,37.10193026626993,True,37.5,36.5,38.6,0.95,0.05,0.0,0.7,0.03,2,1784867063.6938193,True,True,True,False,1784866917.326603,0,0,0,0,False
1784849457.3002179,20,1784867073.6726158,37.49980926222629,0.7249813076981765,37.109941252765694,True,37.5,36.5,38.6,0.95,0.05,0.0,0.7,0.03,2,1784867083.6999123,True,True,True,False,1784866917.326603,0,0,1,0,False
1784849457.3002179,20,1784867093.67869,37.49446860456244,0.724771496147097,37.091248950942244,True,37.5,36.5,38.6,0.95,0.05,0.0,0.7,0.03,2,1784867103.7059295,True,True,True,True,1784867097.3266215,0,0,1,0,False
1784849457.3002179,20,1784867113.6847138,37.483787289234755,0.7246379797055009,37.08323796444648,True,37.5,36.5,38.6,0.95,0.05,0.0,0.7,0.03,2,1784867123.7124362,True,True,True,False,1784867097.3266215,0,0,1,0,False
1784849457.3002179,20,1784867133.6914012,37.50247959105822,0.7249431601434349,37.091248950942244,True,37.5,36.5,38.6,0.95,0.05,0.0,0.7,0.03,2,1784867143.7192945,True,True,True,False,1784867097.3266215,0,0,0,0,False
1784849457.3002179,20,1784867153.6980467,37.49179827573053,0.7250003814755475,37.11795223926147,True,37.5,36.5,38.6,0.95,0.05,0.0,0.7,0.03,2,1784867163.7247927,True,True,True,False,1784867097.3266215,0,0,1,0,False
1784849457.3002179,20,1784867173.7041116,37.53986419470512,0.7250194552529183,37.11261158159762,True,37.5,36.5,38.6,0.95,0.05,0.0,0.7,0.03,2,1784867183.7314038,True,True,True,False,1784867097.3266215,0,0,0,0,False
1784849457.3002179,20,1784867193.7101727,37.53452353704128,0.7249813076981765,37.10727092393378,True,37.5,36.5,38.6,0.95,0.05,0.0,0.7,0.03,2,1784867203.7375817,True,True,True,False,1784867097.3266215,0,0,0,0,False
1784849457.3002179,20,1784867213.7168615,37.52384222171359,0.724905012588693,37.12062256809338,True,37.5,36.5,38.6,0.95,0.05,0.0,0.7,0.03,2,1784867223.7443,True,True,True,False,1784867097.3266215,0,0,0,0,False
1784849457.3002179,20,1784867233.723552,37.489127946898606,0.7245235370412756,37.10193026626993,True,37.5,36.5,38.6,0.95,0.05,0.0,0.7,0.03,2,1784867243.7503555,True,True,True,False,1784867097.3266215,0,0,1,0,False
1784849457.3002179,20,1784867253.7295532,37.489127946898606,0.724752422369726,37.11795223926147,True,37.5,36.5,38.6,0.95,0.05,0.0,0.7,0.03,2,1784867263.7601109,True,True,True,False,1784867097.3266215,0,0,1,0,False
1784849457.3002179,20,1784867273.735992,37.46776531624323,0.7244663157091631,37.10460059510186,True,37.5,36.5,38.6,0.95,0.05,0.0,0.7,0.03,2,1784867283.7638698,True,True,True,True,1784867277.3266525,0,0,1,0,False
1784849457.3002179,20,1784867293.74246,37.483787289234755,0.7249431601434349,37.10193026626993,True,37.5,36.5,38.6,0.95,0.05,0.0,0.7,0.03,2,1784867303.769701,True,True,True,False,1784867277.3266525,0,0,1,0,False
1784849457.3002179,20,1784867313.7485356,37.51583123521782,0.7250003814755475,37.09391927977417,True,37.5,36.5,38.6,0.95,0.05,0.0,0.7,0.03,2,1784867323.7753322,True,True,True,False,1784867277.3266525,0,0,0,0,False
1784849457.3002179,20,1784867333.7548134,37.52384222171359,0.7250385290302891,37.10727092393378,True,37.5,36.5,38.6,0.95,0.05,0.0,0.7,0.03,2,1784867343.7816124,True,True,True,False,1784867277.3266525,0,0,0,0,False
1784849457.3002179,20,1784867353.7608297,37.550545510032805,0.7249622339208056,37.10727092393378,True,37.5,36.5,38.6,0.95,0.05,0.0,0.7,0.03,2,1784867363.788186,True,True,True,False,1784867277.3266525,0,0,0,0,False
1784849457.3002179,20,1784867373.7669628,37.52918287937743,0.725191119249256,37.12329289692531,True,37.5,36.5,38.6,0.95,0.05,0.0,0.7,0.03,2,1784867383.7940476,True,True,True,False,1784867277.3266525,0,0,0,0,False
1784849457.3002179,20,1784867393.772793,37.48645761806668,0.7246570534828717,37.091248950942244,True,37.5,36.5,38.6,0.95,0.05,0.0,0.7,0.03,2,1784867403.7999513,True,True,True,False,1784867277.3266525,0,0,1,0,False
1784849457.3002179,20,1784867413.778725,37.44373235675593,0.724905012588693,37.067215991454944,True,37.5,36.5,38.6,0.95,0.05,0.0,0.7,0.03,2,1784867423.8058553,True,True,True,False,1784867277.3266525,0,0,1,0,False
1784849457.3002179,20,1784867433.7845948,37.46776531624323,0.7249813076981765,37.07522697795072,True,37.5,36.5,38.6,0.95,0.05,0.0,0.7,0.03,2,1784867443.8113492,True,True,True,False,1784867277.3266525,0,0,1,0,False
1784849457.3002179,20,1784867453.7905276,37.46776531624323,0.7247905699244679,37.07522697795072,True,37.5,36.5,38.6,0.95,0.05,0.0,0.7,0.03,2,1784867463.817627,True,True,True,True,1784867457.3266838,0,0,1,0,False
1784849457.3002179,20,1784867473.796375,37.47844663157092,0.7250766765850309,37.07789730678263,True,37.5,36.5,38.6,0.95,0.05,0.0,0.7,0.03,2,1784867483.823706,True,True,True,False,1784867457.3266838,0,0,1,0,False
1784849457.3002179,20,1784867493.8025036,37.49446860456244,0.7251148241397726,37.08056763561456,True,37.5,36.5,38.6,0.95,0.05,0.0,0.7,0.03,2,1784867503.8300736,True,True,True,False,1784867457.3266838,0,0,1,0,False
1784849457.3002179,20,1784867513.8088372,37.531853208209355,0.7250385290302891,37.109941252765694,True,37.5,36.5,38.6,0.95,0.05,0.0,0.7,0.03,2,1784867523.8365054,True,True,True,False,1784867457.3266838,0,0,0,0,False
1784849457.3002179,20,1784867533.8153484,37.50247959105822,0.7250194552529183,37.091248950942244,True,37.5,36.5,38.6,0.95,0.05,0.0,0.7,0.03,2,1784867543.842231,True,False,True,False,1784867457.3266838,0,0,0,0,False
1784849457.3002179,20,1784867553.8213892,37.49713893339437,0.7249622339208056,37.10727092393378,True,37.5,36.5,38.6,0.95,0.05,0.0,0.7,0.03,2,1784867563.8481224,True,True,True,False,1784867457.3266838,0,0,1,0,False
1784849457.3002179,20,1784867573.827314,37.48645761806668,0.7251338979171434,37.08056763561456,True,37.5,36.5,38.6,0.95,0.05,0.0,0.7,0.03,2,1784867583.8538537,True,True,True,False,1784867457.3266838,0,0,1,0,False
1784849457.3002179,20,1784867593.833066,37.45975432974747,0.7248477912565805,37.08056763561456,True,37.5,36.5,38.6,0.95,0.05,0.0,0.7,0.03,2,1784867603.8596375,True,True,True,False,1784867457.3266838,0,0,1,0,False
1784849457.3002179,20,1784867613.8390205,37.470435645075156,0.724924086366064,37.067215991454944,True,37.5,36.5,38.6,0.95,0.05,0.0,0.7,0.03,2,1784867623.8656352,True,True,True,False,1784867457.3266838,0,0,1,0,False
1784849457.3002179,20,1784867633.8448973,37.47310597390707,0.72505760280766,37.06988632028687,True,37.5,36.5,38.6,0.95,0.05,0.0,0.7,0.03,2,1784867643.8722606,True,True,True,True,1784867637.3266888,0,0,1,0,False
1784849457.3002179,20,1784867653.8510468,37.489127946898606,0.7251338979171434,37.06454566262303,True,37.5,36.5,38.6,0.95,0.05,0.0,0.7,0.03,2,1784867663.8782356,True,True,True,False,1784867637.3266888,0,0,1,0,False
1784849457.3002179,20,1784867673.8570137,37.54253452353704,0.725343709468223,37.08857862211032,True,37.5,36.5,38.6,0.95,0.05,0.0,0.7,0.03,2,1784867683.8843033,True,True,True,False,1784867637.3266888,0,0,0,0,False
1784849457.3002179,20,1784867693.8631868,37.53719386587319,0.7253818570229649,37.10193026626993,True,37.5,36.5,38.6,0.95,0.05,0.0,0.7,0.03,2,1784867703.8906405,True,True,True,False,1784867637.3266888,0,0,0,0,False
1784849457.3002179,20,1784867713.8693502,37.49980926222629,0.7252292668039979,37.099259937438006,True,37.5,36.5,38.6,0.95,0.05,0.0,0.7,0.03,2,1784867723.8965755,True,True,True,False,1784867637.3266888,0,0,1,0,False
1784849457.3002179,20,1784867733.875415,37.49713893339437,0.7249813076981765,37.08590829327841,True,37.5,36.5,38.6,0.95,0.05,0.0,0.7,0.03,2,1784867743.9027615,True,True,True,False,1784867637.3266888,0,0,1,0,False
1784849457.3002179,20,1784867753.8814778,37.513160906385906,0.7254200045777065,37.06454566262303,True,37.5,36.5,38.6,0.95,0.05,0.0,0.7,0.03,2,1784867763.9086757,True,False,True,False,1784867637.3266888,0,0,0,0,False
1784849457.3002179,20,1784867773.8876565,37.507820248722055,0.7251529716945144,37.08056763561456,True,37.5,36.5,38.6,0.95,0.05,0.0,0.7,0.03,2,1784867783.9146898,True,True,True,False,1784867637.3266888,0,0,0,0,False
1784849457.3002179,20,1784867793.8944128,37.49713893339437,0.7254581521324484,37.07522697795072,True,37.5,36.5,38.6,0.95,0.05,0.0,0.7,0.03,2,1784867803.922361,True,True,True,False,1784867637.3266888,0,0,1,0,False
1784849457.3002179,20,1784867813.9015136,37.481116960402844,0.7250766765850309,37.067215991454944,True,37.5,36.5,38.6,0.95,0.05,0.0,0.7,0.03,2,1784867823.9288409,True,True,True,True,1784867817.3267052,0,0,1,0,False
1784849457.3002179,20,1784867833.9076571,37.49980926222629,0.7252674143587395,37.06454566262303,True,37.5,36.5,38.6,0.95,0.05,0.0,0.7,0.03,2,1784867843.9348004,True,True,True,False,1784867817.3267052,0,0,1,0,False
1784849457.3002179,20,1784867853.913564,37.49980926222629,0.7250957503624018,37.06454566262303,True,37.5,36.5,38.6,0.95,0.05,0.0,0.7,0.03,2,1784867863.9400709,True,True,True,False,1784867817.3267052,0,0,1,0,False
1784849457.3002179,20,1784867873.9195564,37.51049057755398,0.7254772259098192,37.067215991454944,True,37.5,36.5,38.6,0.95,0.05,0.0,0.7,0.03,2,1784867883.9469054,True,True,True,False,1784867817.3267052,0,0,0,0,False
1784849457.3002179,20,1784867893.9255772,37.526512550545505,0.7252292668039979,37.091248950942244,True,37.5,36.5,38.6,0.95,0.05,0.0,0.7,0.03,2,1784867903.9528503,True,True,True,False,1784867817.3267052,0,0,0,0,False
1784849457.3002179,20,1784867913.931705,37.53719386587319,0.7251148241397726,37.109941252765694,True,37.5,36.5,38.6,0.95,0.05,0.0,0.7,0.03,2,1784867923.958847,True,True,True,False,1784867817.3267052,0,0,0,0,False
1784849457.3002179,20,1784867933.9377365,37.507820248722055,0.7255725947966735,37.08056763561456,True,37.5,36.5,38.6,0.95,0.05,0.0,0.7,0.03,2,1784867943.9650476,True,True,True,False,1784867817.3267052,0,0,0,0,False
1784849457.3002179,20,1784867953.943899,37.507820248722055,0.7250385290302891,37.10727092393378,True,37.5,36.5,38.6,0.95,0.05,0.0,0.7,0.03,2,1784867963.9713244,True,True,True,False,1784867817.3267052,0,0,0,0,False
1784849457.3002179,20,1784867973.9500334,37.470435645075156,0.7250194552529183,37.08056763561456,True,37.5,36.5,38.6,0.95,0.05,0.0,0.7,0.03,2,1784867983.9771852,True,True,True,False,1784867817.3267052,0,0,1,0,False
1784849457.3002179,20,1784867993.9559574,37.45975432974747,0.7249431601434349,37.07522697795072,True,37.5,36.5,38.6,0.95,0.05,0.0,0.7,0.03,2,1784868003.9832807,True,True,True,True,1784867997.3267293,0,0,1,0,False
1784849457.3002179,20,1784868013.962105,37.47577630273899,0.7251529716945144,37.06187533379111,True,37.5,36.5,38.6,0.95,0.05,0.0,0.7,0.03,2,1784868023.9886494,True,True,True,False,1784867997.3267293,0,0,1,0,False
1784849457.3002179,20,1784868033.9681036,37.51049057755398,0.7253818570229649,37.06454566262303,True,37.5,36.5,38.6,0.95,0.05,0.0,0.7,0.03,2,1784868043.995384,True,True,True,False,1784867997.3267293,0,0,0,0,False
1784849457.3002179,20,1784868053.974129,37.489127946898606,0.7253246356908523,37.091248950942244,True,37.5,36.5,38.6,0.95,0.05,0.0,0.7,0.03,2,1784868064.0012662,True,True,True,False,1784867997.3267293,0,0,1,0,False
1784849457.3002179,20,1784868073.9800107,37.53719386587319,0.7254200045777065,37.115281910429545,True,37.5,36.5,38.6,0.95,0.05,0.0,0.7,0.03,2,1784868084.0073287,True,True,True,False,1784867997.3267293,0,0,0,0,False
1784849457.3002179,20,1784868093.9860823,37.54253452353704,0.7253627832455939,37.10727092393378,True,37.5,36.5,38.6,0.95,0.05,0.0,0.7,0.03,2,1784868104.0132296,True,True,True,False,1784867997.3267293,0,0,0,0,False
1784849457.3002179,20,1784868113.9920363,37.49446860456244,0.7253246356908523,37.109941252765694,True,37.5,36.5,38.6,0.95,0.05,0.0,0.7,0.03,2,1784868124.0194938,True,True,True,False,1784867997.3267293,0,0,1,0,False
1784849457.3002179,20,1784868133.998267,37.48645761806668,0.7252101930266269,37.08590829327841,True,37.5,36.5,38.6,0.95,0.05,0.0,0.7,0.03,2,1784868144.0264597,True,False,True,False,1784867997.3267293,0,0,1,0,False
1784849457.3002179,20,1784868154.0042386,37.49179827573053,0.7254009308003357,37.053864347295345,True,37.5,36.5,38.6,0.95,0.05,0.0,0.7,0.03,2,1784868164.0309422,True,True,True,False,1784867997.3267293,0,0,1,0,False
1784849457.3002179,20,1784868174.0103858,37.50247959105822,0.7254200045777065,37.08056763561456,True,37.5,36.5,38.6,0.95,0.05,0.0,0.7,0.03,2,1784868184.0378478,True,True,True,True,1784868177.3267643,0,0,0,0,False
1784849457.3002179,20,1784868194.016506,37.513160906385906,0.7253818570229649,37.091248950942244,True,37.5,36.5,38.6,0.95,0.05,0.0,0.7,0.03,2,1784868204.0453775,True,True,True,False,1784868177.3267643,0,0,0,0,False
1784849457.3002179,20,1784868214.0225625,37.48645761806668,0.7254772259098192,37.067215991454944,True,37.5,36.5,38.6,0.95,0.05,0.0,0.7,0.03,2,1784868224.049658,True,True,True,False,1784868177.3267643,0,0,1,0,False
1784849457.3002179,20,1784868234.0283866,37.49980926222629,0.7253055619134814,37.05920500495918,True,37.5,36.5,38.6,0.95,0.05,0.0,0.7,0.03,2,1784868244.0555892,True,True,True,False,1784868177.3267643,0,0,1,0,False
1784849457.3002179,20,1784868254.0343516,37.483787289234755,0.7255153734645609,37.06454566262303,True,37.5,36.5,38.6,0.95,0.05,0.0,0.7,0.03,2,1784868264.062288,True,True,True,False,1784868177.3267643,0,0,1,0,False
1784849457.3002179,20,1784868274.0407882,37.50514991989013,0.7254200045777065,37.06187533379111,True,37.5,36.5,38.6,0.95,0.05,0.0,0.7,0.03,2,1784868284.067957,True,True,True,False,1784868177.3267643,0,0,0,0,False
1784849457.3002179,20,1784868294.0467477,37.526512550545505,0.7257061112382697,37.08590829327841,True,37.5,36.5,38.6,0.95,0.05,0.0,0.7,0.03,2,1784868304.0732272,True,True,True,False,1784868177.3267643,0,0,0,0,False
1784849457.3002179,20,1784868314.0526738,37.51049057755398,0.7254390783550774,37.099259937438006,True,37.5,36.5,38.6,0.95,0.05,0.0,0.7,0.03,2,1784868324.0797615,True,True,True,False,1784868177.3267643,0,0,0,0,False
1784849457.3002179,20,1784868334.0586467,37.52918287937743,0.7255153734645609,37.11795223926147,True,37.5,36.5,38.6,0.95,0.05,0.0,0.7,0.03,2,1784868344.085767,True,True,True,False,1784868177.3267643,0,0,0,0,False
1784849457.3002179,20,1784868354.0646634,37.52384222171359,0.7258777752346074,37.08590829327841,True,37.5,36.5,38.6,0.95,0.05,0.0,0.7,0.03,2,1784868364.0919216,True,True,True,True,1784868357.3267694,0,0,0,0,False
1784849457.3002179,20,1784868374.071243,37.49713893339437,0.7255916685740443,37.06454566262303,True,37.5,36.5,38.6,0.95,0.05,0.0,0.7,0.03,2,1784868384.0988183,True,True,True,False,1784868357.3267694,0,0,1,0,False
1784849457.3002179,20,1784868394.078032,37.45975432974747,0.7253055619134814,37.06454566262303,True,37.5,36.5,38.6,0.95,0.05,0.0,0.7,0.03,2,1784868404.105089,True,True,True,False,1784868357.3267694,0,0,1,0,False
1784849457.3002179,20,1784868414.0838492,37.48645761806668,0.7252483405813688,37.07789730678263,True,37.5,36.5,38.6,0.95,0.05,0.0,0.7,0.03,2,1784868424.111096,True,True,True,False,1784868357.3267694,0,0,1,0,False
1784849457.3002179,20,1784868434.0897658,37.47310597390707,0.7256298161287862,37.08056763561456,True,37.5,36.5,38.6,0.95,0.05,0.0,0.7,0.03,2,1784868444.1168478,True,False,True,False,1784868357.3267694,0,0,1,0,False
1784849457.3002179,20,1784868454.0957253,37.51583123521782,0.7253818570229649,37.091248950942244,True,37.5,36.5,38.6,0.95,0.05,0.0,0.7,0.03,2,1784868464.122905,True,True,True,False,1784868357.3267694,0,0,0,0,False
1784849457.3002179,20,1784868474.1016636,37.49980926222629,0.7255535210193027,37.08857862211032,True,37.5,36.5,38.6,0.95,0.05,0.0,0.7,0.03,2,1784868484.1288066,True,True,True,False,1784868357.3267694,0,0,1,0,False
1784849457.3002179,20,1784868494.1075644,37.51049057755398,0.7255725947966735,37.08590829327841,True,37.5,36.5,38.6,0.95,0.05,0.0,0.7,0.03,2,1784868504.1347153,True,True,True,False,1784868357.3267694,0,0,0,0,False
1784849457.3002179,20,1784868514.1136186,37.49980926222629,0.7254581521324484,37.09391927977417,True,37.5,36.5,38.6,0.95,0.05,0.0,0.7,0.03,2,1784868524.1408205,True,True,True,False,1784868357.3267694,0,0,1,0,False
1784849457.3002179,20,1784868534.119624,37.50247959105822,0.7256107423514153,37.091248950942244,True,37.5,36.5,38.6,0.95,0.05,0.0,0.7,0.03,2,1784868544.1463213,True,True,True,True,1784868537.3267972,0,0,0,0,False
1784849457.3002179,20,1784868554.125555,37.465094987411305,0.7254581521324484,37.06454566262303,True,37.5,36.5,38.6,0.95,0.05,0.0,0.7,0.03,2,1784868564.1523502,True,True,True,False,1784868537.3267972,0,0,1,0,False
1784849457.3002179,20,1784868574.1315944,37.481116960402844,0.7258014801251239,37.08056763561456,True,37.5,36.5,38.6,0.95,0.05,0.0,0.7,0.03,2,1784868584.1587474,True,True,True,False,1784868537.3267972,0,0,1,0,False
1784849457.3002179,20,1784868594.1376214,37.481116960402844,0.725648889906157,37.08056763561456,True,37.5,36.5,38.6,0.95,0.05,0.0,0.7,0.03,2,1784868604.1648817,True,True,True,False,1784868537.3267972,0,0,1,0,False
1784849457.3002179,20,1784868614.1436894,37.513160906385906,0.7258587014572366,37.067215991454944,True,37.5,36.5,38.6,0.95,0.05,0.0,0.7,0.03,2,1784868624.1706336,True,True,True,False,1784868537.3267972,0,0,0,0,False
1784849457.3002179,20,1784868634.1496906,37.51583123521782,0.7259731441214617,37.10727092393378,True,37.5,36.5,38.6,0.95,0.05,0.0,0.7,0.03,2,1784868644.177653,True,True,True,False,1784868537.3267972,0,0,0,0,False
1784849457.3002179,20,1784868654.1562517,37.52117189288167,0.7255344472419318,37.08056763561456,True,37.5,36.5,38.6,0.95,0.05,0.0,0.7,0.03,2,1784868664.18313,True,True,True,False,1784868537.3267972,0,0,0,0,False
1784849457.3002179,20,1784868674.1624753,37.49980926222629,0.7256298161287862,37.067215991454944,True,37.5,36.5,38.6,0.95,0.05,0.0,0.7,0.03,2,1784868684.189819,True,True,True,False,1784868537.3267972,0,0,1,0,False
1784849457.3002179,20,1784868694.1685946,37.49980926222629,0.7257824063477532,37.08056763561456,True,37.5,36.5,38.6,0.95,0.05,0.0,0.7,0.03,2,1784868704.195747,True,True,True,False,1784868537.3267972,0,0,1,0,False
1784849457.3002179,20,1784868714.174537,37.489127946898606,0.7254390783550774,37.06187533379111,True,37.5,36.5,38.6,0.95,0.05,0.0,0.7,0.03,2,1784868724.2017434,True,True,True,True,1784868717.3268101,0,0,1,0,False
1784849457.3002179,20,1784868734.1804311,37.49713893339437,0.7257442587930113,37.053864347295345,True,37.5,36.5,38.6,0.95,0.05,0.0,0.7,0.03,2,1784868744.2076328,True,False,True,False,1784868717.3268101,0,0,1,0,False
1784849457.3002179,20,1784868754.1863198,37.50247959105822,0.7255153734645609,37.08056763561456,True,37.5,36.5,38.6,0.95,0.05,0.0,0.7,0.03,2,1784868764.2138178,True,True,True,False,1784868717.3268101,0,0,0,0,False
1784849457.3002179,20,1784868774.1922731,37.48645761806668,0.7256298161287862,37.10193026626993,True,37.5,36.5,38.6,0.95,0.05,0.0,0.7,0.03,2,1784868784.21948,True,True,True,False,1784868717.3268101,0,0,1,0,False
1784849457.3002179,20,1784868794.1982663,37.52384222171359,0.7254390783550774,37.091248950942244,True,37.5,36.5,38.6,0.95,0.05,0.0,0.7,0.03,2,1784868804.2253425,True,True,True,False,1784868717.3268101,0,0,0,0,False
1784849457.3002179,20,1784868814.2043316,37.513160906385906,0.7261448081177997,37.09391927977417,True,37.5,36.5,38.6,0.95,0.05,0.0,0.7,0.03,2,1784868824.2315953,True,True,True,False,1784868717.3268101,0,0,0,0,False
1784849457.3002179,20,1784868834.2103837,37.52117189288167,0.7259159227893492,37.091248950942244,True,37.5,36.5,38.6,0.95,0.05,0.0,0.7,0.03,2,1784868844.237604,True,True,True,False,1784868717.3268101,0,0,0,0,False
1784849457.3002179,20,1784868854.2163486,37.483787289234755,0.725648889906157,37.04318303196766,True,37.5,36.5,38.6,0.95,0.05,0.0,0.7,0.03,2,1784868864.2435794,True,True,True,False,1784868717.3268101,0,0,1,0,False
1784849457.3002179,20,1784868874.2223134,37.46242465857938,0.7256870374608988,37.08323796444648,True,37.5,36.5,38.6,0.95,0.05,0.0,0.7,0.03,2,1784868884.2497344,True,True,True,False,1784868717.3268101,0,0,1,0,False
1784849457.3002179,20,1784868894.2284417,37.47844663157092,0.7257251850156404,37.05920500495918,True,37.5,36.5,38.6,0.95,0.05,0.0,0.7,0.03,2,1784868904.2553577,True,True,True,True,1784868897.3268492,0,0,1,0,False
1784849457.3002179,20,1784868914.2344224,37.47310597390707,0.7257633325703823,37.08323796444648,True,37.5,36.5,38.6,0.95,0.05,0.0,0.7,0.03,2,1784868924.2616944,True,True,True,False,1784868897.3268492,0,0,1,0,False
1784849457.3002179,20,1784868934.2403743,37.48645761806668,0.7257633325703823,37.04318303196766,True,37.5,36.5,38.6,0.95,0.05,0.0,0.7,0.03,2,1784868944.2695632,True,True,True,False,1784868897.3268492,0,0,1,0,False
1784849457.3002179,20,1784868954.2465768,37.49179827573053,0.7258777752346074,37.06454566262303,True,37.5,36.5,38.6,0.95,0.05,0.0,0.7,0.03,2,1784868964.2738502,True,True,True,False,1784868897.3268492,0,0,1,0,False
1784849457.3002179,20,1784868974.252953,37.52384222171359,0.7256298161287862,37.10727092393378,True,37.5,36.5,38.6,0.95,0.05,0.0,0.7,0.03,2,1784868984.2806988,True,True,True,False,1784868897.3268492,0,0,0,0,False
1784849457.3002179,20,1784868994.2595997,37.54520485236897,0.7258777752346074,37.096589608606095,True,37.5,36.5,38.6,0.95,0.05,0.0,0.7,0.03,2,1784869004.2874606,True,True,True,False,1784868897.3268492,0,0,0,0,False
1784849457.3002179,20,1784869014.266558,37.56122682536049,0.7260685130083162,37.08857862211032,True,37.5,36.5,38.6,0.95,0.05,0.0,0.7,0.03,2,1784869024.2943037,True,True,True,False,1784868897.3268492,0,0,0,0,False
1784849457.3002179,20,1784869034.2728662,37.51049057755398,0.7258014801251239,37.08056763561456,True,37.5,36.5,38.6,0.95,0.05,0.0,0.7,0.03,2,1784869044.3001933,True,True,True,False,1784868897.3268492,0,0,0,0,False
1784849457.3002179,20,1784869054.278834,37.47844663157092,0.7257824063477532,37.08056763561456,True,37.5,36.5,38.6,0.95,0.05,0.0,0.7,0.03,2,1784869064.3053365,True,True,True,False,1784868897.3268492,0,0,1,0,False
1784849457.3002179,20,1784869074.2847383,37.47310597390707,0.7257633325703823,37.05653467612726,True,37.5,36.5,38.6,0.95,0.05,0.0,0.7,0.03,2,1784869084.3114355,True,True,True,True,1784869077.3268876,0,0,1,0,False
1784849457.3002179,20,1784869094.2906635,37.45708400091554,0.7259540703440909,37.06988632028687,True,37.5,36.5,38.6,0.95,0.05,0.0,0.7,0.03,2,1784869104.3175333,True,True,True,False,1784869077.3268876,0,0,1,0,False
1784849457.3002179,20,1784869114.2964945,37.47310597390707,0.7258777752346074,37.067215991454944,True,37.5,36.5,38.6,0.95,0.05,0.0,0.7,0.03,2,1784869124.3230212,True,True,True,False,1784869077.3268876,0,0,1,0,False
1784849457.3002179,20,1784869134.302402,37.50247959105822,0.7259922178988327,37.08056763561456,True,37.5,36.5,38.6,0.95,0.05,0.0,0.7,0.03,2,1784869144.329526,True,True,True,False,1784869077.3268876,0,0,0,0,False
1784849457.3002179,20,1784869154.3083088,37.53452353704128,0.7258396276798658,37.096589608606095,True,37.5,36.5,38.6,0.95,0.05,0.0,0.7,0.03,2,1784869164.3357532,True,True,True,False,1784869077.3268876,0,0,0,0,False
1784849457.3002179,20,1784869174.314486,37.513160906385906,0.7257251850156404,37.10727092393378,True,37.5,36.5,38.6,0.95,0.05,0.0,0.7,0.03,2,1784869184.3416905,True,True,True,False,1784869077.3268876,0,0,0,0,False
1784849457.3002179,20,1784869194.3204856,37.481116960402844,0.7259349965667201,37.11795223926147,True,37.5,36.5,38.6,0.95,0.05,0.0,0.7,0.03,2,1784869204.3473058,True,True,True,False,1784869077.3268876,0,0,1,0,False
1784849457.3002179,20,1784869214.3266764,37.465094987411305,0.7259349965667201,37.10460059510186,True,37.5,36.5,38.6,0.95,0.05,0.0,0.7,0.03,2,1784869224.354119,False,True,True,False,1784869077.3268876,0,0,1,0,False
1784849457.3002179,20,1784869234.3327818,37.49980926222629,0.7260494392309452,37.08590829327841,True,37.5,36.5,38.6,0.95,0.05,0.0,0.7,0.03,2,1784869244.360024,False,True,True,False,1784869077.3268876,0,0,1,0,False
1784849457.3002179,20,1784869254.3387861,37.47844663157092,0.7260494392309452,37.10193026626993,True,37.5,36.5,38.6,0.95,0.05,0.0,0.7,0.03,2,1784869264.3659186,False,True,True,True,1784869257.326895,0,0,1,0,False
1784849457.3002179,20,1784869274.3446238,37.49980926222629,0.7259731441214617,37.12062256809338,True,37.5,36.5,38.6,0.95,0.05,0.0,0.7,0.03,2,1784869284.3717468,False,True,True,False,1784869257.326895,0,0,1,0,False
1784849457.3002179,20,1784869294.350484,37.50514991989013,0.7261257343404287,37.10727092393378,True,37.5,36.5,38.6,0.95,0.05,0.0,0.7,0.03,2,1784869304.3776069,False,True,True,False,1784869257.326895,0,0,0,0,False
1784849457.3002179,20,1784869314.3563142,37.52117189288167,0.7260494392309452,37.14732585641261,True,37.5,36.5,38.6,0.95,0.05,0.0,0.7,0.03,2,1784869324.383484,False,True,True,False,1784869257.326895,0,0,0,0,False
1784849457.3002179,20,1784869334.3622103,37.507820248722055,0.7260112916762036,37.133974212252994,True,37.5,36.5,38.6,0.95,0.05,0.0,0.7,0.03,2,1784869344.3893495,False,True,True,False,1784869257.326895,0,0,0,0,False
1784849457.3002179,20,1784869354.368079,37.48645761806668,0.7256870374608988,37.133974212252994,True,37.5,36.5,38.6,0.95,0.05,0.0,0.7,0.03,2,1784869364.395201,False,True,True,False,1784869257.326895,0,0,1,0,False
1784849457.3002179,20,1784869374.3740132,37.465094987411305,0.7259159227893492,37.10727092393378,True,37.5,36.5,38.6,0.95,0.05,0.0,0.7,0.03,2,1784869384.4012058,False,True,True,False,1784869257.326895,0,0,1,0,False
1784849457.3002179,20,1784869394.3798327,37.45441367208362,0.7260685130083162,37.11261158159762,True,37.5,36.5,38.6,0.95,0.05,0.0,0.7,0.03,2,1784869404.4070969,False,True,True,False,1784869257.326895,0,0,1,0,False
1784849457.3002179,20,1784869414.3857162,37.481116960402844,0.7260494392309452,37.12062256809338,True,37.5,36.5,38.6,0.95,0.05,0.0,0.7,0.03,2,1784869424.412944,False,True,True,False,1784869257.326895,0,0,1,0,False
1784849457.3002179,20,1784869434.391606,37.50514991989013,0.7260494392309452,37.11795223926147,True,37.5,36.5,38.6,0.95,0.05,0.0,0.7,0.03,2,1784869444.4188406,False,True,True,True,1784869437.326933,0,0,0,0,False
1784849457.3002179,20,1784869454.397606,37.49980926222629,0.7257633325703823,37.14999618524453,True,37.5,36.5,38.6,0.95,0.05,0.0,0.7,0.03,2,1784869464.425216,False,True,True,False,1784869437.326933,0,0,1,0,False
1784849457.3002179,20,1784869474.4039361,37.51049057755398,0.726240177004654,37.158007171740294,True,37.5,36.5,38.6,0.95,0.05,0.0,0.7,0.03,2,1784869484.4313593,False,True,True,False,1784869437.326933,0,0,0,0,False
1784849457.3002179,20,1784869494.410108,37.51049057755398,0.7260685130083162,37.15533684290837,True,37.5,36.5,38.6,0.95,0.05,0.0,0.7,0.03,2,1784869504.437211,False,True,True,False,1784869437.326933,0,0,0,0,False
1784849457.3002179,20,1784869514.4160137,37.51049057755398,0.7261829556725413,37.12062256809338,True,37.5,36.5,38.6,0.95,0.05,0.0,0.7,0.03,2,1784869524.4425411,False,True,True,False,1784869437.326933,0,0,0,0,False
1784849457.3002179,20,1784869534.4219692,37.48645761806668,0.7258968490119783,37.12863355458916,True,37.5,36.5,38.6,0.95,0.05,0.0,0.7,0.03,2,1784869544.4490829,False,True,True,False,1784869437.326933,0,0,1,0,False
1784849457.3002179,20,1784869554.4278352,37.45441367208362,0.7259540703440909,37.11261158159762,True,37.5,36.5,38.6,0.95,0.05,0.0,0.7,0.03,2,1784869564.4550161,False,True,True,False,1784869437.326933,0,0,1,0,False
1784849457.3002179,20,1784869574.433736,37.45975432974747,0.7262211032272832,37.11261158159762,True,37.5,36.5,38.6,0.95,0.05,0.0,0.7,0.03,2,1784869584.460924,False,True,True,False,1784869437.326933,0,0,1,0,False
1784849457.3002179,20,1784869594.4396691,37.47577630273899,0.7261829556725413,37.139314869916845,True,37.5,36.5,38.6,0.95,0.05,0.0,0.7,0.03,2,1784869604.4669528,False,True,True,False,1784869437.326933,0,0,1,0,False
1784849457.3002179,20,1784869614.4456172,37.470435645075156,0.7262211032272832,37.14732585641261,True,37.5,36.5,38.6,0.95,0.05,0.0,0.7,0.03,2,1784869624.4728901,False,True,True,True,1784869617.326936,0,0,1,0,False
1784849457.3002179,20,1784869634.4516318,37.50514991989013,0.7259922178988327,37.14999618524453,True,37.5,36.5,38.6,0.95,0.05,0.0,0.7,0.03,2,1784869644.4787858,False,True,True,False,1784869617.326936,0,0,0,0,False
1784849457.3002179,20,1784869654.457589,37.526512550545505,0.7261448081177997,37.176699473563744,True,37.5,36.5,38.6,0.95,0.05,0.0,0.7,0.03,2,1784869664.4847248,False,True,True,False,1784869617.326936,0,0,0,0,False
1784849457.3002179,20,1784869674.4634533,37.526512550545505,0.7260875867856871,37.141985198748756,True,37.5,36.5,38.6,0.95,0.05,0.0,0.7,0.03,2,1784869684.4905953,False,True,True,False,1784869617.326936,0,0,0,0,False
1784849457.3002179,20,1784869694.4693146,37.489127946898606,0.7261448081177997,37.14465552758068,True,37.5,36.5,38.6,0.95,0.05,0.0,0.7,0.03,2,1784869704.4964771,False,True,True,False,1784869617.326936,0,0,1,0,False
1784849457.3002179,20,1784869714.4752393,37.47310597390707,0.7264118410009918,37.13664454108492,True,37.5,36.5,38.6,0.95,0.05,0.0,0.7,0.03,2,1784869724.502613,False,True,True,False,1784869617.326936,0,0,1,0,False
1784849457.3002179,20,1784869734.4812977,37.470435645075156,0.7265644312199587,37.14465552758068,True,37.5,36.5,38.6,0.95,0.05,0.0,0.7,0.03,2,1784869744.5084949,False,True,True,False,1784869617.326936,0,0,1,0,False
1784849457.3002179,20,1784869754.4872434,37.49713893339437,0.7260303654535744,37.14465552758068,True,37.5,36.5,38.6,0.95,0.05,0.0,0.7,0.03,2,1784869764.514485,False,True,True,False,1784869617.326936,0,0,1,0,False
1784849457.3002179,20,1784869774.4931355,37.49713893339437,0.7264690623331045,37.17135881589991,True,37.5,36.5,38.6,0.95,0.05,0.0,0.7,0.03,2,1784869784.5203927,False,True,True,False,1784869617.326936,0,0,1,0,False
1784849457.3002179,20,1784869794.4991317,37.50247959105822,0.7264309147783626,37.176699473563744,True,37.5,36.5,38.6,0.95,0.05,0.0,0.7,0.03,2,1784869804.5266066,False,True,True,True,1784869797.3269675,0,0,0,0,False
1784849457.3002179,20,1784869814.5052423,37.52918287937743,0.7262592507820248,37.17402914473182,True,37.5,36.5,38.6,0.95,0.05,0.0,0.7,0.03,2,1784869824.531934,False,True,True,False,1784869797.3269675,0,0,0,0,False
1784849457.3002179,20,1784869834.51111,37.47844663157092,0.7261448081177997,37.14465552758068,True,37.5,36.5,38.6,0.95,0.05,0.0,0.7,0.03,2,1784869844.5384698,False,True,True,False,1784869797.3269675,0,0,1,0,False
1784849457.3002179,20,1784869854.5170248,37.49446860456244,0.7264499885557336,37.14465552758068,True,37.5,36.5,38.6,0.95,0.05,0.0,0.7,0.03,2,1784869864.5442543,False,True,True,False,1784869797.3269675,0,0,1,0,False
1784849457.3002179,20,1784869874.5230641,37.49980926222629,0.7263355458915083,37.14732585641261,True,37.5,36.5,38.6,0.95,0.05,0.0,0.7,0.03,2,1784869884.5502615,False,True,True,False,1784869797.3269675,0,0,1,0,False
1784849457.3002179,20,1784869894.5289283,37.489127946898606,0.7264690623331045,37.14999618524453,True,37.5,36.5,38.6,0.95,0.05,0.0,0.7,0.03,2,1784869904.556031,False,True,True,False,1784869797.3269675,0,0,1,0,False
1784849457.3002179,20,1784869914.534809,37.47310597390707,0.7262973983367667,37.16868848706798,True,37.5,36.5,38.6,0.95,0.05,0.0,0.7,0.03,2,1784869924.5619302,False,True,True,False,1784869797.3269675,0,0,1,0,False
1784849457.3002179,20,1784869934.5406995,37.507820248722055,0.7264499885557336,37.17135881589991,True,37.5,36.5,38.6,0.95,0.05,0.0,0.7,0.03,2,1784869944.5677733,False,True,True,False,1784869797.3269675,0,0,0,0,False
1784849457.3002179,20,1784869954.5465627,37.507820248722055,0.7263736934462501,37.16067750057222,True,37.5,36.5,38.6,0.95,0.05,0.0,0.7,0.03,2,1784869964.5736532,False,True,True,False,1784869797.3269675,0,0,0,0,False
1784849457.3002179,20,1784869974.5523942,37.481116960402844,0.7263546196688792,37.182040131227595,True,37.5,36.5,38.6,0.95,0.05,0.0,0.7,0.03,2,1784869984.5790293,False,True,True,True,1784869977.3270066,0,0,1,0,False
1784849457.3002179,20,1784869994.558289,37.45975432974747,0.7263355458915083,37.139314869916845,True,37.5,36.5,38.6,0.95,0.05,0.0,0.7,0.03,2,1784870004.5854747,False,True,True,False,1784869977.3270066,0,0,1,0,False
1784849457.3002179,20,1784870014.5642297,37.438391699092094,0.7265835049973296,37.12062256809338,True,37.5,36.5,38.6,0.95,0.05,0.0,0.7,0.03,2,1784870024.5908155,False,True,True,False,1784869977.3270066,0,0,1,0,False
1784849457.3002179,20,1784870034.5700438,37.489127946898606,0.726545357442588,37.12863355458916,True,37.5,36.5,38.6,0.95,0.05,0.0,0.7,0.03,2,1784870044.5971272,False,True,True,False,1784869977.3270066,0,0,1,0,False
1784849457.3002179,20,1784870054.5758753,37.49980926222629,0.7261638818951706,37.14465552758068,True,37.5,36.5,38.6,0.95,0.05,0.0,0.7,0.03,2,1784870064.6031008,False,True,True,False,1784869977.3270066,0,0,1,0,False
1784849457.3002179,20,1784870074.5817304,37.53719386587319,0.726545357442588,37.184710460059506,True,37.5,36.5,38.6,0.95,0.05,0.0,0.7,0.03,2,1784870084.60894,False,True,True,False,1784869977.3270066,0,0,0,0,False
1784849457.3002179,20,1784870094.5876336,37.54253452353704,0.7265835049973296,37.18738078889143,True,37.5,36.5,38.6,0.95,0.05,0.0,0.7,0.03,2,1784870104.6147728,False,True,True,False,1784869977.3270066,0,0,0,0,False
1784849457.3002179,20,1784870114.5934243,37.50514991989013,0.7264309147783626,37.17402914473182,True,37.5,36.5,38.6,0.95,0.05,0.0,0.7,0.03,2,1784870124.6206365,False,True,True,False,1784869977.3270066,0,0,0,0,False
1784849457.3002179,20,1784870134.5993109,37.48645761806668,0.726392767223621,37.14999618524453,True,37.5,36.5,38.6,0.95,0.05,0.0,0.7,0.03,2,1784870144.6258554,False,True,True,False,1784869977.3270066,0,0,1,0,False
1784849457.3002179,20,1784870154.605102,37.47577630273899,0.7264881361104752,37.133974212252994,True,37.5,36.5,38.6,0.95,0.05,0.0,0.7,0.03,2,1784870164.632341,False,True,True,True,1784870157.3270297,0,0,1,0,False
1784849457.3002179,20,1784870174.6110442,37.44907301441978,0.7266216525520715,37.139314869916845,True,37.5,36.5,38.6,0.95,0.05,0.0,0.7,0.03,2,1784870184.6383376,False,True,True,False,1784870157.3270297,0,0,1,0,False
1784849457.3002179,20,1784870194.616977,37.422369726100555,0.7261257343404287,37.11795223926147,True,37.5,36.5,38.6,0.95,0.05,0.0,0.7,0.03,2,1784870204.644163,False,True,True,False,1784870157.3270297,0,0,1,0,False
1784849457.3002179,20,1784870214.6229222,37.481116960402844,0.7265644312199587,37.12596322575723,True,37.5,36.5,38.6,0.95,0.05,0.0,0.7,0.03,2,1784870224.6494997,False,True,True,False,1784870157.3270297,0,0,1,0,False
1784849457.3002179,20,1784870234.6287303,37.47310597390707,0.7265644312199587,37.14465552758068,True,37.5,36.5,38.6,0.95,0.05,0.0,0.7,0.03,2,1784870244.6558092,False,True,True,False,1784870157.3270297,0,0,1,0,False
1784849457.3002179,20,1784870254.6345315,37.483787289234755,0.7266788738841841,37.139314869916845,True,37.5,36.5,38.6,0.95,0.05,0.0,0.7,0.03,2,1784870264.6611085,False,True,True,False,1784870157.3270297,0,0,1,0,False
1784849457.3002179,20,1784870274.640304,37.49980926222629,0.7267933165484092,37.200732433051044,True,37.5,36.5,38.6,0.95,0.05,0.0,0.7,0.03,2,1784870284.667421,False,True,True,False,1784870157.3270297,0,0,1,0,False
1784849457.3002179,20,1784870294.6462345,37.50514991989013,0.7266598001068131,37.17135881589991,True,37.5,36.5,38.6,0.95,0.05,0.0,0.7,0.03,2,1784870304.673614,False,True,True,False,1784870157.3270297,0,0,0,0,False
1784849457.3002179,20,1784870314.6520135,37.51583123521782,0.7265644312199587,37.17402914473182,True,37.5,36.5,38.6,0.95,0.05,0.0,0.7,0.03,2,1784870324.6791513,False,True,True,False,1784870157.3270297,0,0,0,0,False
1784849457.3002179,20,1784870334.657885,37.49179827573053,0.7264499885557336,37.14465552758068,True,37.5,36.5,38.6,0.95,0.05,0.0,0.7,0.03,2,1784870344.6849923,False,True,True,True,1784870337.3270414,0,0,1,0,False
1784849457.3002179,20,1784870354.6637888,37.48645761806668,0.7268505378805219,37.12863355458916,True,37.5,36.5,38.6,0.95,0.05,0.0,0.7,0.03,2,1784870364.6909652,False,True,True,False,1784870337.3270414,0,0,1,0,False
1784849457.3002179,20,1784870374.6696987,37.48645761806668,0.726545357442588,37.12863355458916,True,37.5,36.5,38.6,0.95,0.05,0.0,0.7,0.03,2,1784870384.696929,False,True,True,False,1784870337.3270414,0,0,1,0,False
1784849457.3002179,20,1784870394.6756482,37.48645761806668,0.7266598001068131,37.15533684290837,True,37.5,36.5,38.6,0.95,0.05,0.0,0.7,0.03,2,1784870404.7027106,False,True,True,False,1784870337.3270414,0,0,1,0,False
1784849457.3002179,20,1784870414.6814177,37.507820248722055,0.7267360952162966,37.17936980239567,True,37.5,36.5,38.6,0.95,0.05,0.0,0.7,0.03,2,1784870424.7080102,False,True,True,False,1784870337.3270414,0,0,0,0,False
1784849457.3002179,20,1784870434.6872787,37.51583123521782,0.7266788738841841,37.17135881589991,True,37.5,36.5,38.6,0.95,0.05,0.0,0.7,0.03,2,1784870444.7138326,False,True,True,False,1784870337.3270414,0,0,0,0,False
1784849457.3002179,20,1784870454.693099,37.51049057755398,0.7267551689936675,37.17135881589991,True,37.5,36.5,38.6,0.95,0.05,0.0,0.7,0.03,2,1784870464.7196894,False,True,True,False,1784870337.3270414,0,0,0,0,False
1784849457.3002179,20,1784870474.6989243,37.47310597390707,0.7267360952162966,37.141985198748756,True,37.5,36.5,38.6,0.95,0.05,0.0,0.7,0.03,2,1784870484.7255607,False,True,True,False,1784870337.3270414,0,0,1,0,False
1784849457.3002179,20,1784870494.704785,37.46776531624323,0.7264690623331045,37.139314869916845,True,37.5,36.5,38.6,0.95,0.05,0.0,0.7,0.03,2,1784870504.731452,False,True,True,False,1784870337.3270414,0,0,1,0,False
1784849457.3002179,20,1784870514.7107625,37.46242465857938,0.72681239032578,37.12596322575723,True,37.5,36.5,38.6,0.95,0.05,0.0,0.7,0.03,2,1784870524.7374346,False,True,True,True,1784870517.3270657,0,0,1,0,False
1784849457.3002179,20,1784870534.7165797,37.48645761806668,0.7267742427710384,37.14465552758068,True,37.5,36.5,38.6,0.95,0.05,0.0,0.7,0.03,2,1784870544.7437162,False,True,True,False,1784870517.3270657,0,0,1,0,False
1784849457.3002179,20,1784870554.7224853,37.49713893339437,0.726831464103151,37.16067750057222,True,37.5,36.5,38.6,0.95,0.05,0.0,0.7,0.03,2,1784870564.7496061,False,True,True,False,1784870517.3270657,0,0,1,0,False
1784849457.3002179,20,1784870574.7283635,37.550545510032805,0.7267933165484092,37.17135881589991,True,37.5,36.5,38.6,0.95,0.05,0.0,0.7,0.03,2,1784870584.755465,False,True,True,False,1784870517.3270657,0,0,0,0,False
1784849457.3002179,20,1784870594.7342467,37.52384222171359,0.7268696116578927,37.208743419546806,True,37.5,36.5,38.6,0.95,0.05,0.0,0.7,0.03,2,1784870604.7613409,False,True,True,False,1784870517.3270657,0,0,0,0,False
1784849457.3002179,20,1784870614.740119,37.52384222171359,0.7266216525520715,37.17936980239567,True,37.5,36.5,38.6,0.95,0.05,0.0,0.7,0.03,2,1784870624.7672703,False,True,True,False,1784870517.3270657,0,0,0,0,False
1784849457.3002179,20,1784870634.746049,37.50514991989013,0.7269268329900054,37.16601815823606,True,37.5,36.5,38.6,0.95,0.05,0.0,0.7,0.03,2,1784870644.7731557,False,True,True,False,1784870517.3270657,0,0,0,0,False
1784849457.3002179,20,1784870654.7519643,37.47310597390707,0.7266216525520715,37.15533684290837,True,37.5,36.5,38.6,0.95,0.05,0.0,0.7,0.03,2,1784870664.7791643,False,True,True,False,1784870517.3270657,0,0,1,0,False
1784849457.3002179,20,1784870674.7578502,37.47310597390707,0.7267360952162966,37.12596322575723,True,37.5,36.5,38.6,0.95,0.05,0.0,0.7,0.03,2,1784870684.7849584,False,True,True,False,1784870517.3270657,0,0,1,0,False
1784849457.3002179,20,1784870694.7637672,37.46776531624323,0.7267742427710384,37.11795223926147,True,37.5,36.5,38.6,0.95,0.05,0.0,0.7,0.03,2,1784870704.791061,False,True,True,True,1784870697.327076,0,0,1,0,False
1784849457.3002179,20,1784870714.76974,37.45174334325169,0.7266216525520715,37.12596322575723,True,37.5,36.5,38.6,0.95,0.05,0.0,0.7,0.03,2,1784870724.796941,False,True,True,False,1784870697.327076,0,0,1,0,False
1784849457.3002179,20,1784870734.7756793,37.48645761806668,0.7267360952162966,37.14465552758068,True,37.5,36.5,38.6,0.95,0.05,0.0,0.7,0.03,2,1784870744.8027997,False,True,True,False,1784870697.327076,0,0,1,0,False
1784849457.3002179,20,1784870754.7815096,37.507820248722055,0.7267360952162966,37.16067750057222,True,37.5,36.5,38.6,0.95,0.05,0.0,0.7,0.03,2,1784870764.8086991,False,True,True,False,1784870697.327076,0,0,0,0,False
1784849457.3002179,20,1784870774.7875142,37.51850156404974,0.7269077592126345,37.17135881589991,True,37.5,36.5,38.6,0.95,0.05,0.0,0.7,0.03,2,1784870784.8147008,False,True,True,False,1784870697.327076,0,0,0,0,False
1784849457.3002179,20,1784870794.7933898,37.507820248722055,0.7267360952162966,37.18738078889143,True,37.5,36.5,38.6,0.95,0.05,0.0,0.7,0.03,2,1784870804.8205907,False,True,True,False,1784870697.327076,0,0,0,0,False
1784849457.3002179,20,1784870814.7993264,37.52384222171359,0.7268505378805219,37.19005111772336,True,37.5,36.5,38.6,0.95,0.05,0.0,0.7,0.03,2,1784870824.8265972,False,True,True,False,1784870697.327076,0,0,0,0,False
1784849457.3002179,20,1784870834.8052366,37.49980926222629,0.7267170214389257,37.15533684290837,True,37.5,36.5,38.6,0.95,0.05,0.0,0.7,0.03,2,1784870844.8320556,False,True,True,False,1784870697.327076,0,0,1,0,False
1784849457.3002179,20,1784870854.811197,37.49446860456244,0.7270031280994889,37.15533684290837,True,37.5,36.5,38.6,0.95,0.05,0.0,0.7,0.03,2,1784870864.8379261,False,True,True,False,1784870697.327076,0,0,1,0,False
1784849457.3002179,20,1784870874.8170893,37.46242465857938,0.72681239032578,37.12596322575723,True,37.5,36.5,38.6,0.95,0.05,0.0,0.7,0.03,2,1784870884.844266,False,True,True,True,1784870877.327081,0,0,1,0,False
1784849457.3002179,20,1784870894.8229947,37.489127946898606,0.7270603494316015,37.139314869916845,True,37.5,36.5,38.6,0.95,0.05,0.0,0.7,0.03,2,1784870904.8501892,False,True,True,False,1784870877.327081,0,0,1,0,False
1784849457.3002179,20,1784870914.8288841,37.489127946898606,0.7268696116578927,37.13664454108492,True,37.5,36.5,38.6,0.95,0.05,0.0,0.7,0.03,2,1784870924.8561518,False,True,True,False,1784870877.327081,0,0,1,0,False
1784849457.3002179,20,1784870934.834869,37.507820248722055,0.7271747920958266,37.182040131227595,True,37.5,36.5,38.6,0.95,0.05,0.0,0.7,0.03,2,1784870944.8620987,False,True,True,False,1784870877.327081,0,0,0,0,False
1784849457.3002179,20,1784870954.8409443,37.507820248722055,0.7270222018768596,37.19806210421912,True,37.5,36.5,38.6,0.95,0.05,0.0,0.7,0.03,2,1784870964.8682315,False,True,True,False,1784870877.327081,0,0,0,0,False
1784849457.3002179,20,1784870974.8469026,37.513160906385906,0.7270412756542305,37.182040131227595,True,37.5,36.5,38.6,0.95,0.05,0.0,0.7,0.03,2,1784870984.873626,False,True,True,False,1784870877.327081,0,0,0,0,False
1784849457.3002179,20,1784870994.8527374,37.513160906385906,0.726831464103151,37.18738078889143,True,37.5,36.5,38.6,0.95,0.05,0.0,0.7,0.03,2,1784871004.879937,False,True,True,False,1784870877.327081,0,0,0,0,False
1784849457.3002179,20,1784871014.8586092,37.47577630273899,0.7266598001068131,37.158007171740294,True,37.5,36.5,38.6,0.95,0.05,0.0,0.7,0.03,2,1784871024.8852892,False,True,True,False,1784870877.327081,0,0,1,0,False
1784849457.3002179,20,1784871034.864421,37.43038071259632,0.7264690623331045,37.14465552758068,True,37.5,36.5,38.6,0.95,0.05,0.0,0.7,0.03,2,1784871044.8915648,False,True,True,False,1784870877.327081,0,0,1,0,False
1784849457.3002179,20,1784871054.8703535,37.43572137026017,0.7268696116578927,37.12863355458916,True,37.5,36.5,38.6,0.95,0.05,0.0,0.7,0.03,2,1784871064.8974996,False,True,True,True,1784871057.3270876,0,0,1,0,False
1784849457.3002179,20,1784871074.8762486,37.446402685587856,0.726984054322118,37.109941252765694,True,37.5,36.5,38.6,0.95,0.05,0.0,0.7,0.03,2,1784871084.902986,False,True,True,False,1784871057.3270876,0,0,1,0,False
1784849457.3002179,20,1784871094.8822014,37.483787289234755,0.726831464103151,37.139314869916845,True,37.5,36.5,38.6,0.95,0.05,0.0,0.7,0.03,2,1784871104.908936,False,True,True,False,1784871057.3270876,0,0,1,0,False
1784849457.3002179,20,1784871114.8880641,37.49980926222629,0.7269459067673761,37.158007171740294,True,37.5,36.5,38.6,0.95,0.05,0.0,0.7,0.03,2,1784871124.9145622,False,True,True,False,1784871057.3270876,0,0,1,0,False
1784849457.3002179,20,1784871134.893964,37.51850156404974,0.7269459067673761,37.17135881589991,True,37.5,36.5,38.6,0.95,0.05,0.0,0.7,0.03,2,1784871144.9205987,False,True,True,False,1784871057.3270876,0,0,0,0,False
1784849457.3002179,20,1784871154.8998673,37.52384222171359,0.7268886854352635,37.19806210421912,True,37.5,36.5,38.6,0.95,0.05,0.0,0.7,0.03,2,1784871164.9270275,False,True,True,False,1784871057.3270876,0,0,0,0,False
1784849457.3002179,20,1784871174.9057329,37.513160906385906,0.7273464560921644,37.17135881589991,True,37.5,36.5,38.6,0.95,0.05,0.0,0.7,0.03,2,1784871184.9323387,False,True,True,False,1784871057.3270876,0,0,0,0,False
1784849457.3002179,20,1784871194.9115818,37.49713893339437,0.726831464103151,37.15533684290837,True,37.5,36.5,38.6,0.95,0.05,0.0,0.7,0.03,2,1784871204.9389257,False,True,True,False,1784871057.3270876,0,0,1,0,False
1784849457.3002179,20,1784871214.9175937,37.481116960402844,0.727117570763714,37.14732585641261,True,37.5,36.5,38.6,0.95,0.05,0.0,0.7,0.03,2,1784871224.9447944,False,True,True,False,1784871057.3270876,0,0,1,0,False
1784849457.3002179,20,1784871234.923546,37.47310597390707,0.7270412756542305,37.133974212252994,True,37.5,36.5,38.6,0.95,0.05,0.0,0.7,0.03,2,1784871244.9501832,False,True,True,True,1784871237.3271232,0,0,1,0,False
1784849457.3002179,20,1784871254.929376,37.46776531624323,0.7272510872053101,37.139314869916845,True,37.5,36.5,38.6,0.95,0.05,0.0,0.7,0.03,2,1784871264.9560661,False,True,True,False,1784871237.3271232,0,0,1,0,False
1784849457.3002179,20,1784871274.9352672,37.47844663157092,0.726984054322118,37.16334782940413,True,37.5,36.5,38.6,0.95,0.05,0.0,0.7,0.03,2,1784871284.9624658,False,True,True,False,1784871237.3271232,0,0,1,0,False
1784849457.3002179,20,1784871294.9411879,37.50514991989013,0.727136644541085,37.17135881589991,True,37.5,36.5,38.6,0.95,0.05,0.0,0.7,0.03,2,1784871304.9683495,False,True,True,False,1784871237.3271232,0,0,0,0,False
1784849457.3002179,20,1784871314.9471295,37.49980926222629,0.7270222018768596,37.19005111772336,True,37.5,36.5,38.6,0.95,0.05,0.0,0.7,0.03,2,1784871324.9743342,False,True,True,False,1784871237.3271232,0,0,1,0,False
1784849457.3002179,20,1784871334.9530377,37.513160906385906,0.7271747920958266,37.18738078889143,True,37.5,36.5,38.6,0.95,0.05,0.0,0.7,0.03,2,1784871344.980181,False,True,True,False,1784871237.3271232,0,0,0,0,False
1784849457.3002179,20,1784871354.9589562,37.50247959105822,0.7272129396505684,37.182040131227595,True,37.5,36.5,38.6,0.95,0.05,0.0,0.7,0.03,2,1784871364.9862142,False,True,True,False,1784871237.3271232,0,0,0,0,False
1784849457.3002179,20,1784871374.9649196,37.47577630273899,0.727117570763714,37.16601815823606,True,37.5,36.5,38.6,0.95,0.05,0.0,0.7,0.03,2,1784871384.9915051,False,True,True,False,1784871237.3271232,0,0,1,0,False
1784849457.3002179,20,1784871394.970765,37.465094987411305,0.7271938658731975,37.12863355458916,True,37.5,36.5,38.6,0.95,0.05,0.0,0.7,0.03,2,1784871404.9978652,False,True,True,False,1784871237.3271232,0,0,1,0,False
1784849457.3002179,20,1784871414.97665,37.45975432974747,0.7273464560921644,37.16334782940413,True,37.5,36.5,38.6,0.95,0.05,0.0,0.7,0.03,2,1784871425.0038254,False,True,True,True,1784871417.3271284,0,0,1,0,False
1784849457.3002179,20,1784871434.9825554,37.47844663157092,0.7271747920958266,37.15533684290837,True,37.5,36.5,38.6,0.95,0.05,0.0,0.7,0.03,2,1784871445.0091748,False,True,True,False,1784871417.3271284,0,0,1,0,False
1784849457.3002179,20,1784871454.9883578,37.46776531624323,0.7272320134279393,37.17135881589991,True,37.5,36.5,38.6,0.95,0.05,0.0,0.7,0.03,2,1784871465.0154903,False,True,True,False,1784871417.3271284,0,0,1,0,False
1784849457.3002179,20,1784871474.9942114,37.54253452353704,0.7270412756542305,37.17402914473182,True,37.5,36.5,38.6,0.95,0.05,0.0,0.7,0.03,2,1784871485.0213923,False,True,True,False,1784871417.3271284,0,0,0,0,False
1784849457.3002179,20,1784871495.0001762,37.51583123521782,0.727136644541085,37.19272144655528,True,37.5,36.5,38.6,0.95,0.05,0.0,0.7,0.03,2,1784871505.0273724,False,True,True,False,1784871417.3271284,0,0,0,0,False
1784849457.3002179,20,1784871515.0060902,37.526512550545505,0.7270794232089723,37.19539177538719,True,37.5,36.5,38.6,0.95,0.05,0.0,0.7,0.03,2,1784871525.0332065,False,True,True,False,1784871417.3271284,0,0,0,0,False
1784849457.3002179,20,1784871535.011985,37.507820248722055,0.7270794232089723,37.17135881589991,True,37.5,36.5,38.6,0.95,0.05,0.0,0.7,0.03,2,1784871545.0390844,False,True,True,False,1784871417.3271284,0,0,0,0,False
1784849457.3002179,20,1784871555.017856,37.470435645075156,0.7272129396505684,37.133974212252994,True,37.5,36.5,38.6,0.95,0.05,0.0,0.7,0.03,2,1784871565.0449955,False,True,True,False,1784871417.3271284,0,0,1,0,False
1784849457.3002179,20,1784871575.0237174,37.45975432974747,0.7271747920958266,37.16601815823606,True,37.5,36.5,38.6,0.95,0.05,0.0,0.7,0.03,2,1784871585.050818,False,True,True,False,1784871417.3271284,0,0,1,0,False
1784849457.3002179,20,1784871595.0295074,37.470435645075156,0.727556267643244,37.14465552758068,True,37.5,36.5,38.6,0.95,0.05,0.0,0.7,0.03,2,1784871605.056657,False,True,True,True,1784871597.3271372,0,0,1,0,False
1784849457.3002179,20,1784871615.0354156,37.481116960402844,0.7271557183184558,37.17402914473182,True,37.5,36.5,38.6,0.95,0.05,0.0,0.7,0.03,2,1784871625.0625784,False,True,True,False,1784871597.3271372,0,0,1,0,False
1784849457.3002179,20,1784871635.041268,37.52117189288167,0.727117570763714,37.182040131227595,True,37.5,36.5,38.6,0.95,0.05,0.0,0.7,0.03,2,1784871645.0684655,False,True,True,False,1784871597.3271372,0,0,0,0,False
1784849457.3002179,20,1784871655.0472362,37.51049057755398,0.7270794232089723,37.176699473563744,True,37.5,36.5,38.6,0.95,0.05,0.0,0.7,0.03,2,1784871665.073867,False,True,True,False,1784871597.3271372,0,0,0,0,False
1784849457.3002179,20,1784871675.0530486,37.526512550545505,0.7276707103074693,37.19539177538719,True,37.5,36.5,38.6,0.95,0.05,0.0,0.7,0.03,2,1784871685.0794988,False,True,True,False,1784871597.3271372,0,0,0,0,False
1784849457.3002179,20,1784871695.058958,37.51049057755398,0.7273655298695354,37.16601815823606,True,37.5,36.5,38.6,0.95,0.05,0.0,0.7,0.03,2,1784871705.086112,False,True,True,False,1784871597.3271372,0,0,0,0,False
1784849457.3002179,20,1784871715.0648046,37.47310597390707,0.7274418249790189,37.16334782940413,True,37.5,36.5,38.6,0.95,0.05,0.0,0.7,0.03,2,1784871725.0919538,False,True,True,False,1784871597.3271372,0,0,1,0,False
1784849457.3002179,20,1784871735.0706675,37.44373235675593,0.7272892347600519,37.16067750057222,True,37.5,36.5,38.6,0.95,0.05,0.0,0.7,0.03,2,1784871745.097242,False,True,True,False,1784871597.3271372,0,0,1,0,False
1784849457.3002179,20,1784871755.0764506,37.44907301441978,0.7275181200885024,37.15533684290837,True,37.5,36.5,38.6,0.95,0.05,0.0,0.7,0.03,2,1784871765.103553,False,True,True,False,1784871597.3271372,0,0,1,0,False
1784849457.3002179,20,1784871775.0823298,37.49179827573053,0.7274990463111314,37.17135881589991,True,37.5,36.5,38.6,0.95,0.05,0.0,0.7,0.03,2,1784871785.108813,False,True,True,True,1784871777.3271465,0,0,1,0,False
1784849457.3002179,20,1784871795.088208,37.507820248722055,0.7271938658731975,37.15533684290837,True,37.5,36.5,38.6,0.95,0.05,0.0,0.7,0.03,2,1784871805.1178231,False,True,True,False,1784871777.3271465,0,0,0,0,False
1784849457.3002179,20,1784871815.0947874,37.52384222171359,0.7273655298695354,37.14732585641261,True,37.5,36.5,38.6,0.95,0.05,0.0,0.7,0.03,2,1784871825.1219285,False,True,True,False,1784871777.3271465,0,0,0,0,False
1784849457.3002179,20,1784871835.100698,37.531853208209355,0.7274418249790189,37.18738078889143,True,37.5,36.5,38.6,0.95,0.05,0.0,0.7,0.03,2,1784871845.1279478,False,True,True,False,1784871777.3271465,0,0,0,0,False
1784849457.3002179,20,1784871855.1066873,37.51049057755398,0.7272701609826809,37.176699473563744,True,37.5,36.5,38.6,0.95,0.05,0.0,0.7,0.03,2,1784871865.133773,False,True,True,False,1784871777.3271465,0,0,0,0,False
1784849457.3002179,20,1784871875.1124823,37.46776531624323,0.7274990463111314,37.16334782940413,True,37.5,36.5,38.6,0.95,0.05,0.0,0.7,0.03,2,1784871885.1397245,False,True,True,False,1784871777.3271465,0,0,1,0,False
1784849457.3002179,20,1784871895.1184242,37.46242465857938,0.7273083085374228,37.17135881589991,True,37.5,36.5,38.6,0.95,0.05,0.0,0.7,0.03,2,1784871905.1455584,False,True,True,False,1784871777.3271465,0,0,1,0,False
1784849457.3002179,20,1784871915.1243215,37.47310597390707,0.7273655298695354,37.158007171740294,True,37.5,36.5,38.6,0.95,0.05,0.0,0.7,0.03,2,1784871925.1515276,False,True,True,False,1784871777.3271465,0,0,1,0,False
1784849457.3002179,20,1784871935.1302812,37.507820248722055,0.7274418249790189,37.16601815823606,True,37.5,36.5,38.6,0.95,0.05,0.0,0.7,0.03,2,1784871945.1568713,False,True,True,False,1784871777.3271465,0,0,0,0,False
1784849457.3002179,20,1784871955.1360722,37.507820248722055,0.7274227512016479,37.182040131227595,True,37.5,36.5,38.6,0.95,0.05,0.0,0.7,0.03,2,1784871965.1632497,False,True,True,True,1784871957.3271666,0,0,0,0,False
1784849457.3002179,20,1784871975.1419764,37.49179827573053,0.7274799725337605,37.182040131227595,True,37.5,36.5,38.6,0.95,0.05,0.0,0.7,0.03,2,1784871985.1685784,False,True,True,False,1784871957.3271666,0,0,1,0,False
1784849457.3002179,20,1784871995.1478345,37.49713893339437,0.7274608987563898,37.14999618524453,True,37.5,36.5,38.6,0.95,0.05,0.0,0.7,0.03,2,1784872005.175006,False,True,True,False,1784871957.3271666,0,0,1,0,False
1784849457.3002179,20,1784872015.1536841,37.44373235675593,0.7272129396505684,37.16334782940413,True,37.5,36.5,38.6,0.95,0.05,0.0,0.7,0.03,2,1784872025.1810825,False,True,True,False,1784871957.3271666,0,0,1,0,False
1784849457.3002179,20,1784872035.1595862,37.49980926222629,0.7273846036469063,37.16067750057222,True,37.5,36.5,38.6,0.95,0.05,0.0,0.7,0.03,2,1784872045.1881716,False,True,True,False,1784871957.3271666,0,0,1,0,False
1784849457.3002179,20,1784872055.1656873,37.51049057755398,0.7274799725337605,37.20340276188297,True,37.5,36.5,38.6,0.95,0.05,0.0,0.7,0.03,2,1784872065.1924858,False,True,True,False,1784871957.3271666,0,0,0,0,False
1784849457.3002179,20,1784872075.171753,37.53719386587319,0.7277279316395818,37.21141374837873,True,37.5,36.5,38.6,0.95,0.05,0.0,0.7,0.03,2,1784872085.1983888,False,True,True,False,1784871957.3271666,0,0,0,0,False
1784849457.3002179,20,1784872095.1775541,37.53719386587319,0.7274799725337605,37.208743419546806,True,37.5,36.5,38.6,0.95,0.05,0.0,0.7,0.03,2,1784872105.2046466,False,True,True,False,1784871957.3271666,0,0,0,0,False
1784849457.3002179,20,1784872115.1834736,37.51049057755398,0.727556267643244,37.19005111772336,True,37.5,36.5,38.6,0.95,0.05,0.0,0.7,0.03,2,1784872125.2139254,False,True,True,False,1784871957.3271666,0,0,0,0,False
1784849457.3002179,20,1784872135.1926758,37.481116960402844,0.727556267643244,37.17135881589991,True,37.5,36.5,38.6,0.95,0.05,0.0,0.7,0.03,2,1784872145.21973,False,True,True,True,1784872137.3272045,0,0,1,0,False
1784849457.3002179,20,1784872155.1984837,37.44373235675593,0.7274990463111314,37.15533684290837,True,37.5,36.5,38.6,0.95,0.05,0.0,0.7,0.03,2,1784872165.2255478,False,True,True,False,1784872137.3272045,0,0,1,0,False
1784849457.3002179,20,1784872175.204313,37.44373235675593,0.7272129396505684,37.14465552758068,True,37.5,36.5,38.6,0.95,0.05,0.0,0.7,0.03,2,1784872185.2312567,False,True,True,False,1784872137.3272045,0,0,1,0,False
1784849457.3002179,20,1784872195.2104127,37.41702906843672,0.7272129396505684,37.14465552758068,True,37.5,36.5,38.6,0.95,0.05,0.0,0.7,0.03,2,1784872205.2372284,False,True,True,False,1784872137.3272045,0,0,1,0,False
1784849457.3002179,20,1784872215.2163184,37.48645761806668,0.7276516365300983,37.158007171740294,True,37.5,36.5,38.6,0.95,0.05,0.0,0.7,0.03,2,1784872225.2434373,False,True,True,False,1784872137.3272045,0,0,1,0,False
1784849457.3002179,20,1784872235.2221873,37.51583123521782,0.7276134889753567,37.17135881589991,True,37.5,36.5,38.6,0.95,0.05,0.0,0.7,0.03,2,1784872245.2493763,False,True,True,False,1784872137.3272045,0,0,0,0,False
1784849457.3002179,20,1784872255.228053,37.53719386587319,0.7276897840848402,37.19806210421912,True,37.5,36.5,38.6,0.95,0.05,0.0,0.7,0.03,2,1784872265.2552474,False,True,True,False,1784872137.3272045,0,0,0,0,False
1784849457.3002179,20,1784872275.2342086,37.526512550545505,0.727556267643244,37.184710460059506,True,37.5,36.5,38.6,0.95,0.05,0.0,0.7,0.03,2,1784872285.260872,False,True,True,False,1784872137.3272045,0,0,0,0,False
1784849457.3002179,20,1784872295.240143,37.49980926222629,0.7277851529716944,37.19272144655528,True,37.5,36.5,38.6,0.95,0.05,0.0,0.7,0.03,2,1784872305.2674003,False,True,True,False,1784872137.3272045,0,0,1,0,False
1784849457.3002179,20,1784872315.245963,37.51583123521782,0.7280140383001449,37.184710460059506,True,37.5,36.5,38.6,0.95,0.05,0.0,0.7,0.03,2,1784872325.273271,False,True,True,True,1784872317.3272293,0,0,0,0,False
1784849457.3002179,20,1784872335.2519603,37.465094987411305,0.727708857862211,37.14999618524453,True,37.5,36.5,38.6,0.95,0.05,0.0,0.7,0.03,2,1784872345.279267,False,True,True,False,1784872317.3272293,0,0,1,0,False
1784849457.3002179,20,1784872355.25796,37.481116960402844,0.7277470054169528,37.16067750057222,True,37.5,36.5,38.6,0.95,0.05,0.0,0.7,0.03,2,1784872365.28506,False,True,True,False,1784872317.3272293,0,0,1,0,False
1784849457.3002179,20,1784872375.263767,37.465094987411305,0.7278423743038072,37.14465552758068,True,37.5,36.5,38.6,0.95,0.05,0.0,0.7,0.03,2,1784872385.2909474,False,True,True,False,1784872317.3272293,0,0,1,0,False
1784849457.3002179,20,1784872395.2696376,37.49179827573053,0.7275181200885024,37.182040131227595,True,37.5,36.5,38.6,0.95,0.05,0.0,0.7,0.03,2,1784872405.296221,False,True,True,False,1784872317.3272293,0,0,1,0,False
1784849457.3002179,20,1784872415.2754524,37.50247959105822,0.7279186694132906,37.184710460059506,True,37.5,36.5,38.6,0.95,0.05,0.0,0.7,0.03,2,1784872425.3027277,False,True,True,False,1784872317.3272293,0,0,0,0,False
1784849457.3002179,20,1784872435.2813678,37.531853208209355,0.7279377431906614,37.19806210421912,True,37.5,36.5,38.6,0.95,0.05,0.0,0.7,0.03,2,1784872445.308504,False,True,True,False,1784872317.3272293,0,0,0,0,False
1784849457.3002179,20,1784872455.287275,37.54253452353704,0.727708857862211,37.21408407721066,True,37.5,36.5,38.6,0.95,0.05,0.0,0.7,0.03,2,1784872465.313923,False,True,True,False,1784872317.3272293,0,0,0,0,False
1784849457.3002179,20,1784872475.2930722,37.50514991989013,0.7279186694132906,37.184710460059506,True,37.5,36.5,38.6,0.95,0.05,0.0,0.7,0.03,2,1784872485.3230147,False,True,True,False,1784872317.3272293,0,0,0,0,False
1784849457.3002179,20,1784872495.2992163,37.49446860456244,0.7276707103074693,37.14465552758068,True,37.5,36.5,38.6,0.95,0.05,0.0,0.7,0.03,2,1784872505.3263626,False,True,True,True,1784872497.3272545,0,0,1,0,False
1784849457.3002179,20,1784872515.3050508,37.47310597390707,0.7275181200885024,37.14732585641261,True,37.5,36.5,38.6,0.95,0.05,0.0,0.7,0.03,2,1784872525.331769,False,True,True,False,1784872497.3272545,0,0,1,0,False
1784849457.3002179,20,1784872535.3109787,37.470435645075156,0.7275371938658732,37.12863355458916,True,37.5,36.5,38.6,0.95,0.05,0.0,0.7,0.03,2,1784872545.3382125,False,True,True,False,1784872497.3272545,0,0,1,0,False
1784849457.3002179,20,1784872555.3169515,37.470435645075156,0.7277470054169528,37.16601815823606,True,37.5,36.5,38.6,0.95,0.05,0.0,0.7,0.03,2,1784872565.344147,False,True,True,False,1784872497.3272545,0,0,1,0,False
1784849457.3002179,20,1784872575.3229353,37.49713893339437,0.7277851529716944,37.15533684290837,True,37.5,36.5,38.6,0.95,0.05,0.0,0.7,0.03,2,1784872585.349908,False,True,True,False,1784872497.3272545,0,0,1,0,False
1784849457.3002179,20,1784872595.3287778,37.52384222171359,0.7278042267490653,37.19272144655528,True,37.5,36.5,38.6,0.95,0.05,0.0,0.7,0.03,2,1784872605.3559067,False,True,True,False,1784872497.3272545,0,0,0,0,False
1784849457.3002179,20,1784872615.3346725,37.52384222171359,0.7276516365300983,37.200732433051044,True,37.5,36.5,38.6,0.95,0.05,0.0,0.7,0.03,2,1784872625.3610842,False,True,True,False,1784872497.3272545,0,0,0,0,False
1784849457.3002179,20,1784872635.3405113,37.51049057755398,0.7278805218585488,37.19272144655528,True,37.5,36.5,38.6,0.95,0.05,0.0,0.7,0.03,2,1784872645.3676243,False,True,True,False,1784872497.3272545,0,0,0,0,False
1784849457.3002179,20,1784872655.346402,37.47844663157092,0.7278423743038072,37.17135881589991,True,37.5,36.5,38.6,0.95,0.05,0.0,0.7,0.03,2,1784872665.3738713,False,True,True,False,1784872497.3272545,0,0,1,0,False
1784849457.3002179,20,1784872675.3522966,37.46242465857938,0.7280331120775158,37.158007171740294,True,37.5,36.5,38.6,0.95,0.05,0.0,0.7,0.03,2,1784872685.378875,False,True,True,True,1784872677.3272865,0,0,1,0,False
1784849457.3002179,20,1784872695.3581676,37.47310597390707,0.7280331120775158,37.14465552758068,True,37.5,36.5,38.6,0.95,0.05,0.0,0.7,0.03,2,1784872705.385276,False,True,True,False,1784872677.3272865,0,0,1,0,False
1784849457.3002179,20,1784872715.3640957,37.489127946898606,0.7277279316395818,37.16868848706798,True,37.5,36.5,38.6,0.95,0.05,0.0,0.7,0.03,2,1784872725.3913367,False,True,True,False,1784872677.3272865,0,0,1,0,False
1784849457.3002179,20,1784872735.3701046,37.513160906385906,0.7278233005264363,37.182040131227595,True,37.5,36.5,38.6,0.95,0.05,0.0,0.7,0.03,2,1784872745.3971376,False,True,True,False,1784872677.3272865,0,0,0,0,False
1784849457.3002179,20,1784872755.3759315,37.52918287937743,0.7278614480811779,37.17135881589991,True,37.5,36.5,38.6,0.95,0.05,0.0,0.7,0.03,2,1784872765.4031556,False,True,True,False,1784872677.3272865,0,0,0,0,False
1784849457.3002179,20,1784872775.38184,37.49713893339437,0.7279758907454033,37.19806210421912,True,37.5,36.5,38.6,0.95,0.05,0.0,0.7,0.03,2,1784872785.4088328,False,True,True,False,1784872677.3272865,0,0,1,0,False
1784849457.3002179,20,1784872795.3877294,37.49713893339437,0.7277660791943237,37.17135881589991,True,37.5,36.5,38.6,0.95,0.05,0.0,0.7,0.03,2,1784872805.4149635,False,True,True,False,1784872677.3272865,0,0,1,0,False
1784849457.3002179,20,1784872815.393624,37.50247959105822,0.7278423743038072,37.17936980239567,True,37.5,36.5,38.6,0.95,0.05,0.0,0.7,0.03,2,1784872825.4201617,False,True,True,False,1784872677.3272865,0,0,0,0,False
1784849457.3002179,20,1784872835.3996253,37.50514991989013,0.7281666285191118,37.17135881589991,True,37.5,36.5,38.6,0.95,0.05,0.0,0.7,0.03,2,1784872845.4271138,False,True,True,False,1784872677.3272865,0,0,0,0,False
1784849457.3002179,20,1784872855.4057918,37.50514991989013,0.7280903334096284,37.17135881589991,True,37.5,36.5,38.6,0.95,0.05,0.0,0.7,0.03,2,1784872865.4329405,False,True,True,True,1784872857.3273199,0,0,0,0,False
1784849457.3002179,20,1784872875.4117346,37.47310597390707,0.7278233005264363,37.141985198748756,True,37.5,36.5,38.6,0.95,0.05,0.0,0.7,0.03,2,1784872885.4390042,False,True,True,False,1784872857.3273199,0,0,1,0,False
1784849457.3002179,20,1784872895.4177384,37.45708400091554,0.727708857862211,37.12863355458916,True,37.5,36.5,38.6,0.95,0.05,0.0,0.7,0.03,2,1784872905.4448352,False,True,True,False,1784872857.3273199,0,0,1,0,False
1784849457.3002179,20,1784872915.4236546,37.489127946898606,0.7278423743038072,37.13130388342107,True,37.5,36.5,38.6,0.95,0.05,0.0,0.7,0.03,2,1784872925.4508417,False,True,True,False,1784872857.3273199,0,0,1,0,False
1784849457.3002179,20,1784872935.4295406,37.47577630273899,0.7279377431906614,37.14999618524453,True,37.5,36.5,38.6,0.95,0.05,0.0,0.7,0.03,2,1784872945.4567068,False,True,True,False,1784872857.3273199,0,0,1,0,False
1784849457.3002179,20,1784872955.435483,37.50247959105822,0.7280712596322576,37.176699473563744,True,37.5,36.5,38.6,0.95,0.05,0.0,0.7,0.03,2,1784872965.4627194,False,True,True,False,1784872857.3273199,0,0,0,0,False
1784849457.3002179,20,1784872975.4414423,37.51850156404974,0.7281666285191118,37.19806210421912,True,37.5,36.5,38.6,0.95,0.05,0.0,0.7,0.03,2,1784872985.4685826,False,True,True,False,1784872857.3273199,0,0,0,0,False
1784849457.3002179,20,1784872995.44742,37.53452353704128,0.7280903334096284,37.19806210421912,True,37.5,36.5,38.6,0.95,0.05,0.0,0.7,0.03,2,1784873005.4745684,False,True,True,False,1784872857.3273199,0,0,0,0,False
1784849457.3002179,20,1784873015.4533877,37.52384222171359,0.7279186694132906,37.200732433051044,True,37.5,36.5,38.6,0.95,0.05,0.0,0.7,0.03,2,1784873025.4803317,True,True,True,False,1784872857.3273199,0,0,0,0,False
1784849457.3002179,20,1784873035.4595432,37.489127946898606,0.7278614480811779,37.182040131227595,True,37.5,36.5,38.6,0.95,0.05,0.0,0.7,0.03,2,1784873045.4869223,True,True,True,True,1784873037.3273358,0,0,1,0,False
1784849457.3002179,20,1784873055.466271,37.47310597390707,0.7279377431906614,37.14999618524453,True,37.5,36.5,38.6,0.95,0.05,0.0,0.7,0.03,2,1784873065.495398,True,True,True,False,1784873037.3273358,0,0,1,0,False
1784849457.3002179,20,1784873075.4739304,37.489127946898606,0.7281666285191118,37.109941252765694,True,37.5,36.5,38.6,0.95,0.05,0.0,0.7,0.03,2,1784873085.5019605,True,True,True,False,1784873037.3273358,0,0,1,0,False
1784849457.3002179,20,1784873095.4801836,37.51049057755398,0.7282047760738537,37.11795223926147,True,37.5,36.5,38.6,0.95,0.05,0.0,0.7,0.03,2,1784873105.5068235,True,True,True,False,1784873037.3273358,0,0,0,0,False
1784849457.3002179,20,1784873115.486124,37.531853208209355,0.7280331120775158,37.141985198748756,True,37.5,36.5,38.6,0.95,0.05,0.0,0.7,0.03,2,1784873125.5133038,True,True,True,False,1784873037.3273358,0,0,0,0,False
1784849457.3002179,20,1784873135.4920008,37.52384222171359,0.7278805218585488,37.14999618524453,True,37.5,36.5,38.6,0.95,0.05,0.0,0.7,0.03,2,1784873145.519231,True,True,True,False,1784873037.3273358,0,0,0,0,False
1784849457.3002179,20,1784873155.4980395,37.513160906385906,0.7280140383001449,37.11795223926147,True,37.5,36.5,38.6,0.95,0.05,0.0,0.7,0.03,2,1784873165.524975,True,True,True,False,1784873037.3273358,0,0,0,0,False
1784849457.3002179,20,1784873175.5040343,37.47577630273899,0.7282429236285953,37.091248950942244,True,37.5,36.5,38.6,0.95,0.05,0.0,0.7,0.03,2,1784873185.5312731,True,True,True,False,1784873037.3273358,0,0,1,0,False
1784849457.3002179,20,1784873195.5100605,37.49179827573053,0.7281857022964827,37.11795223926147,True,37.5,36.5,38.6,0.95,0.05,0.0,0.7,0.03,2,1784873205.5371137,True,True,True,False,1784873037.3273358,0,0,1,0,False
1784849457.3002179,20,1784873215.5160892,37.48645761806668,0.7279949645227741,37.109941252765694,True,37.5,36.5,38.6,0.95,0.05,0.0,0.7,0.03,2,1784873225.5431528,True,True,True,True,1784873217.3273568,0,0,1,0,False
1784849457.3002179,20,1784873235.5224035,37.49980926222629,0.7278805218585488,37.096589608606095,True,37.5,36.5,38.6,0.95,0.05,0.0,0.7,0.03,2,1784873245.5497477,True,True,True,False,1784873217.3273568,0,0,1,0,False
1784849457.3002179,20,1784873255.5292099,37.51049057755398,0.728452735179675,37.11795223926147,True,37.5,36.5,38.6,0.95,0.05,0.0,0.7,0.03,2,1784873265.5571737,True,True,True,False,1784873217.3273568,0,0,0,0,False
1784849457.3002179,20,1784873275.5368018,37.526512550545505,0.7281857022964827,37.13130388342107,True,37.5,36.5,38.6,0.95,0.05,0.0,0.7,0.03,2,1784873285.5653589,True,True,True,False,1784873217.3273568,0,0,0,0,False
1784849457.3002179,20,1784873295.5438018,37.53719386587319,0.7282047760738537,37.11261158159762,True,37.5,36.5,38.6,0.95,0.05,0.0,0.7,0.03,2,1784873305.571111,True,True,True,False,1784873217.3273568,0,0,0,0,False
1784849457.3002179,20,1784873315.5499692,37.54253452353704,0.7283573662928207,37.14732585641261,True,37.5,36.5,38.6,0.95,0.05,0.0,0.7,0.03,2,1784873325.5773618,True,True,True,False,1784873217.3273568,0,0,0,0,False
1784849457.3002179,20,1784873335.55615,37.51850156404974,0.7280712596322576,37.11261158159762,True,37.5,36.5,38.6,0.95,0.05,0.0,0.7,0.03,2,1784873345.5828576,True,True,True,False,1784873217.3273568,0,0,0,0,False
1784849457.3002179,20,1784873355.562184,37.49179827573053,0.7281475547417411,37.10727092393378,True,37.5,36.5,38.6,0.95,0.05,0.0,0.7,0.03,2,1784873365.589337,True,True,True,False,1784873217.3273568,0,0,1,0,False
1784849457.3002179,20,1784873375.5682063,37.44907301441978,0.7278995956359198,37.07522697795072,True,37.5,36.5,38.6,0.95,0.05,0.0,0.7,0.03,2,1784873385.5972495,True,True,True,False,1784873217.3273568,0,0,1,0,False
1784849457.3002179,20,1784873395.5746655,37.44907301441978,0.7282429236285953,37.08056763561456,True,37.5,36.5,38.6,0.95,0.05,0.0,0.7,0.03,2,1784873405.6018767,True,True,True,True,1784873397.3273811,0,0,1,0,False
1784849457.3002179,20,1784873415.5806215,37.470435645075156,0.7282619974059662,37.08857862211032,True,37.5,36.5,38.6,0.95,0.05,0.0,0.7,0.03,2,1784873425.607913,True,True,True,False,1784873397.3273811,0,0,1,0,False
1784849457.3002179,20,1784873435.586703,37.483787289234755,0.7281284809643702,37.08590829327841,True,37.5,36.5,38.6,0.95,0.05,0.0,0.7,0.03,2,1784873445.6135178,True,True,True,False,1784873397.3273811,0,0,1,0,False
1784849457.3002179,20,1784873455.5928028,37.51583123521782,0.728300144960708,37.10727092393378,True,37.5,36.5,38.6,0.95,0.05,0.0,0.7,0.03,2,1784873465.6204324,True,False,True,False,1784873397.3273811,0,0,0,0,False
1784849457.3002179,20,1784873475.5991821,37.531853208209355,0.7281475547417411,37.115281910429545,True,37.5,36.5,38.6,0.95,0.05,0.0,0.7,0.03,2,1784873485.6285655,True,True,True,False,1784873397.3273811,0,0,0,0,False
1784849457.3002179,20,1784873495.6056051,37.53719386587319,0.7282047760738537,37.091248950942244,True,37.5,36.5,38.6,0.95,0.05,0.0,0.7,0.03,2,1784873505.6352894,True,True,True,False,1784873397.3273811,0,0,0,0,False
1784849457.3002179,20,1784873515.6122503,37.51583123521782,0.7283573662928207,37.09391927977417,True,37.5,36.5,38.6,0.95,0.05,0.0,0.7,0.03,2,1784873525.6391766,True,True,True,False,1784873397.3273811,0,0,0,0,False
1784849457.3002179,20,1784873535.6185262,37.47577630273899,0.7281666285191118,37.06988632028687,True,37.5,36.5,38.6,0.95,0.05,0.0,0.7,0.03,2,1784873545.647114,True,True,True,False,1784873397.3273811,0,0,1,0,False
1784849457.3002179,20,1784873555.6253262,37.49713893339437,0.7280521858548867,37.08590829327841,True,37.5,36.5,38.6,0.95,0.05,0.0,0.7,0.03,2,1784873565.6526577,True,True,True,False,1784873397.3273811,0,0,1,0,False
1784849457.3002179,20,1784873575.6316946,37.47577630273899,0.7281284809643702,37.08590829327841,True,37.5,36.5,38.6,0.95,0.05,0.0,0.7,0.03,2,1784873585.6585703,True,True,True,True,1784873577.3273845,0,0,1,0,False
1784849457.3002179,20,1784873595.6382754,37.507820248722055,0.7283955138475623,37.08056763561456,True,37.5,36.5,38.6,0.95,0.05,0.0,0.7,0.03,2,1784873605.6655042,True,True,True,False,1784873577.3273845,0,0,0,0,False
1784849457.3002179,20,1784873615.644916,37.48645761806668,0.7283573662928207,37.08323796444648,True,37.5,36.5,38.6,0.95,0.05,0.0,0.7,0.03,2,1784873625.67254,True,False,True,False,1784873577.3273845,0,0,1,0,False
1784849457.3002179,20,1784873635.6510608,37.526512550545505,0.7283192187380788,37.10727092393378,True,37.5,36.5,38.6,0.95,0.05,0.0,0.7,0.03,2,1784873645.6805,True,True,True,False,1784873577.3273845,0,0,0,0,False
1784849457.3002179,20,1784873655.6572657,37.531853208209355,0.728605325398642,37.11261158159762,True,37.5,36.5,38.6,0.95,0.05,0.0,0.7,0.03,2,1784873665.684711,True,True,True,False,1784873577.3273845,0,0,0,0,False
1784849457.3002179,20,1784873675.6635664,37.52117189288167,0.7283192187380788,37.115281910429545,True,37.5,36.5,38.6,0.95,0.05,0.0,0.7,0.03,2,1784873685.690318,True,True,True,False,1784873577.3273845,0,0,0,0,False
1784849457.3002179,20,1784873695.6695807,37.526512550545505,0.7280521858548867,37.10727092393378,True,37.5,36.5,38.6,0.95,0.05,0.0,0.7,0.03,2,1784873705.6967435,True,True,True,False,1784873577.3273845,0,0,0,0,False
1784849457.3002179,20,1784873715.6764069,37.489127946898606,0.7280712596322576,37.08323796444648,True,37.5,36.5,38.6,0.95,0.05,0.0,0.7,0.03,2,1784873725.7049918,True,True,True,False,1784873577.3273845,0,0,1,0,False
1784849457.3002179,20,1784873735.6841986,37.47577630273899,0.7282429236285953,37.07522697795072,True,37.5,36.5,38.6,0.95,0.05,0.0,0.7,0.03,2,1784873745.711317,True,True,True,False,1784873577.3273845,0,0,1,0,False
1784849457.3002179,20,1784873755.6910548,37.465094987411305,0.7282810711833372,37.06988632028687,True,37.5,36.5,38.6,0.95,0.05,0.0,0.7,0.03,2,1784873765.719678,True,True,True,True,1784873757.3274014,0,0,1,0,False
1784849457.3002179,20,1784873775.698983,37.513160906385906,0.7284718089570458,37.048523689631494,True,37.5,36.5,38.6,0.95,0.05,0.0,0.7,0.03,2,1784873785.727032,True,True,True,False,1784873757.3274014,0,0,0,0,False
1784849457.3002179,20,1784873795.7058287,37.507820248722055,0.7286434729533836,37.06454566262303,True,37.5,36.5,38.6,0.95,0.05,0.0,0.7,0.03,2,1784873805.732735,True,True,True,False,1784873757.3274014,0,0,0,0,False
1784849457.3002179,20,1784873815.711979,37.507820248722055,0.7283955138475623,37.08323796444648,True,37.5,36.5,38.6,0.95,0.05,0.0,0.7,0.03,2,1784873825.7394805,True,True,True,False,1784873757.3274014,0,0,0,0,False
1784849457.3002179,20,1784873835.7182283,37.50514991989013,0.7287388418402381,37.08590829327841,True,37.5,36.5,38.6,0.95,0.05,0.0,0.7,0.03,2,1784873845.744986,True,True,True,False,1784873757.3274014,0,0,0,0,False
1784849457.3002179,20,1784873855.7242904,37.483787289234755,0.7284718089570458,37.07522697795072,True,37.5,36.5,38.6,0.95,0.05,0.0,0.7,0.03,2,1784873865.7509809,True,True,True,False,1784873757.3274014,0,0,1,0,False
1784849457.3002179,20,1784873875.7302904,37.47844663157092,0.7287579156176089,37.08323796444648,True,37.5,36.5,38.6,0.95,0.05,0.0,0.7,0.03,2,1784873885.761333,True,True,True,False,1784873757.3274014,0,0,1,0,False
1784849457.3002179,20,1784873895.7364497,37.47844663157092,0.7282047760738537,37.07522697795072,True,37.5,36.5,38.6,0.95,0.05,0.0,0.7,0.03,2,1784873905.7637832,True,True,True,False,1784873757.3274014,0,0,1,0,False
1784849457.3002179,20,1784873915.7428658,37.49980926222629,0.7282810711833372,37.08323796444648,True,37.5,36.5,38.6,0.95,0.05,0.0,0.7,0.03,2,1784873925.7745345,True,True,True,False,1784873757.3274014,0,0,1,0,False
1784849457.3002179,20,1784873935.749503,37.49713893339437,0.7282810711833372,37.08590829327841,True,37.5,36.5,38.6,0.95,0.05,0.0,0.7,0.03,2,1784873945.776421,True,True,True,True,1784873937.327428,0,0,1,0,False
1784849457.3002179,20,1784873955.7557476,37.49713893339437,0.7287197680628671,37.08056763561456,True,37.5,36.5,38.6,0.95,0.05,0.0,0.7,0.03,2,1784873965.7831647,True,True,True,False,1784873937.327428,0,0,1,0,False
1784849457.3002179,20,1784873975.761916,37.49713893339437,0.7287960631723506,37.06454566262303,True,37.5,36.5,38.6,0.95,0.05,0.0,0.7,0.03,2,1784873985.789204,True,True,True,False,1784873937.327428,0,0,1,0,False
1784849457.3002179,20,1784873995.7681406,37.49713893339437,0.7285099565117876,37.08590829327841,True,37.5,36.5,38.6,0.95,0.05,0.0,0.7,0.03,2,1784874005.7949917,True,True,True,False,1784873937.327428,0,0,1,0,False
1784849457.3002179,20,1784874015.7742949,37.52384222171359,0.728452735179675,37.115281910429545,True,37.5,36.5,38.6,0.95,0.05,0.0,0.7,0.03,2,1784874025.8010745,True,False,True,False,1784873937.327428,0,0,0,0,False
1784849457.3002179,20,1784874035.780379,37.51049057755398,0.7284145876249332,37.091248950942244,True,37.5,36.5,38.6,0.95,0.05,0.0,0.7,0.03,2,1784874045.8076684,True,True,True,False,1784873937.327428,0,0,0,0,False
1784849457.3002179,20,1784874055.7865272,37.50514991989013,0.7289295796139467,37.091248950942244,True,37.5,36.5,38.6,0.95,0.05,0.0,0.7,0.03,2,1784874065.813867,True,True,True,False,1784873937.327428,0,0,0,0,False
1784849457.3002179,20,1784874075.7926748,37.51049057755398,0.7284718089570458,37.08323796444648,True,37.5,36.5,38.6,0.95,0.05,0.0,0.7,0.03,2,1784874085.819399,True,True,True,False,1784873937.327428,0,0,0,0,False
1784849457.3002179,20,1784874095.7988703,37.483787289234755,0.7285481040665293,37.08056763561456,True,37.5,36.5,38.6,0.95,0.05,0.0,0.7,0.03,2,1784874105.8257906,True,True,True,False,1784873937.327428,0,0,1,0,False
1784849457.3002179,20,1784874115.8050606,37.483787289234755,0.7282429236285953,37.07789730678263,True,37.5,36.5,38.6,0.95,0.05,0.0,0.7,0.03,2,1784874125.8319623,True,True,True,True,1784874117.3274539,0,0,1,0,False
1784849457.3002179,20,1784874135.8111985,37.470435645075156,0.7286434729533836,37.053864347295345,True,37.5,36.5,38.6,0.95,0.05,0.0,0.7,0.03,2,1784874145.8389146,True,True,True,False,1784874117.3274539,0,0,1,0,False
1784849457.3002179,20,1784874155.8174384,37.49713893339437,0.728452735179675,37.048523689631494,True,37.5,36.5,38.6,0.95,0.05,0.0,0.7,0.03,2,1784874165.8463247,True,True,True,False,1784874117.3274539,0,0,1,0,False
1784849457.3002179,20,1784874175.8236985,37.52918287937743,0.7286816205081255,37.08056763561456,True,37.5,36.5,38.6,0.95,0.05,0.0,0.7,0.03,2,1784874185.850609,True,False,True,False,1784874117.3274539,0,0,0,0,False
1784849457.3002179,20,1784874195.8297904,37.507820248722055,0.728605325398642,37.096589608606095,True,37.5,36.5,38.6,0.95,0.05,0.0,0.7,0.03,2,1784874205.8578002,True,True,True,False,1784874117.3274539,0,0,0,0,False
1784849457.3002179,20,1784874215.836806,37.52918287937743,0.728605325398642,37.09391927977417,True,37.5,36.5,38.6,0.95,0.05,0.0,0.7,0.03,2,1784874225.8656156,True,True,True,False,1784874117.3274539,0,0,0,0,False
1784849457.3002179,20,1784874235.8448632,37.50514991989013,0.7286816205081255,37.091248950942244,True,37.5,36.5,38.6,0.95,0.05,0.0,0.7,0.03,2,1784874245.874092,True,True,True,False,1784874117.3274539,0,0,0,0,False
1784849457.3002179,20,1784874255.8521044,37.489127946898606,0.7286243991760127,37.06988632028687,True,37.5,36.5,38.6,0.95,0.05,0.0,0.7,0.03,2,1784874265.878786,True,True,True,False,1784874117.3274539,0,0,1,0,False
1784849457.3002179,20,1784874275.8581774,37.45174334325169,0.7287388418402381,37.029831387808045,True,37.5,36.5,38.6,0.95,0.05,0.0,0.7,0.03,2,1784874285.8854876,True,True,True,False,1784874117.3274539,0,0,1,0,False
1784849457.3002179,20,1784874295.8641412,37.46242465857938,0.7287197680628671,37.03250171663997,True,37.5,36.5,38.6,0.95,0.05,0.0,0.7,0.03,2,1784874305.8935707,True,True,True,True,1784874297.3274703,0,0,1,0,False
1784849457.3002179,20,1784874315.8711407,37.46242465857938,0.7285862516212711,37.01915007248036,True,37.5,36.5,38.6,0.95,0.05,0.0,0.7,0.03,2,1784874325.899227,True,True,True,False,1784874297.3274703,0,0,1,0,False
1784849457.3002179,20,1784874335.8789697,37.49179827573053,0.7286434729533836,37.06454566262303,True,37.5,36.5,38.6,0.95,0.05,0.0,0.7,0.03,2,1784874345.9062946,True,True,True,False,1784874297.3274703,0,0,1,0,False
1784849457.3002179,20,1784874355.8850632,37.507820248722055,0.7288342107270924,37.06988632028687,True,37.5,36.5,38.6,0.95,0.05,0.0,0.7,0.03,2,1784874365.9131064,True,True,True,False,1784874297.3274703,0,0,0,0,False
1784849457.3002179,20,1784874375.8912225,37.54520485236897,0.728605325398642,37.06988632028687,True,37.5,36.5,38.6,0.95,0.05,0.0,0.7,0.03,2,1784874385.9181244,True,True,True,False,1784874297.3274703,0,0,0,0,False
1784849457.3002179,20,1784874395.8973365,37.507820248722055,0.7289105058365759,37.07522697795072,True,37.5,36.5,38.6,0.95,0.05,0.0,0.7,0.03,2,1784874405.9247918,True,True,True,False,1784874297.3274703,0,0,0,0,False
1784849457.3002179,20,1784874415.9036758,37.49713893339437,0.7284718089570458,37.067215991454944,True,37.5,36.5,38.6,0.95,0.05,0.0,0.7,0.03,2,1784874425.9310663,True,True,True,False,1784874297.3274703,0,0,1,0,False
1784849457.3002179,20,1784874435.9098406,37.483787289234755,0.7284336614023041,37.06454566262303,True,37.5,36.5,38.6,0.95,0.05,0.0,0.7,0.03,2,1784874445.9370077,True,False,True,False,1784874297.3274703,0,0,1,0,False
1784849457.3002179,20,1784874455.916032,37.51049057755398,0.728605325398642,37.053864347295345,True,37.5,36.5,38.6,0.95,0.05,0.0,0.7,0.03,2,1784874465.9449463,True,True,True,False,1784874297.3274703,0,0,0,0,False
1784849457.3002179,20,1784874475.9223013,37.50514991989013,0.7287769893949797,37.06187533379111,True,37.5,36.5,38.6,0.95,0.05,0.0,0.7,0.03,2,1784874485.9518685,True,True,True,True,1784874477.3275087,0,0,0,0,False
1784849457.3002179,20,1784874495.9290156,37.47310597390707,0.7285671778439001,37.03784237430381,True,37.5,36.5,38.6,0.95,0.05,0.0,0.7,0.03,2,1784874505.9580941,True,True,True,False,1784874477.3275087,0,0,1,0,False
1784849457.3002179,20,1784874515.9370716,37.45708400091554,0.7285671778439001,37.05119401846342,True,37.5,36.5,38.6,0.95,0.05,0.0,0.7,0.03,2,1784874525.9648156,True,True,True,False,1784874477.3275087,0,0,1,0,False
1784849457.3002179,20,1784874535.944263,37.48645761806668,0.7287388418402381,37.05920500495918,True,37.5,36.5,38.6,0.95,0.05,0.0,0.7,0.03,2,1784874545.9716518,True,True,True,False,1784874477.3275087,0,0,1,0,False
1784849457.3002179,20,1784874555.9506128,37.51850156404974,0.7287960631723506,37.06988632028687,True,37.5,36.5,38.6,0.95,0.05,0.0,0.7,0.03,2,1784874565.9782622,True,False,True,False,1784874477.3275087,0,0,0,0,False
1784849457.3002179,20,1784874575.957914,37.50247959105822,0.7287006942854962,37.06988632028687,True,37.5,36.5,38.6,0.95,0.05,0.0,0.7,0.03,2,1784874585.9870105,True,True,True,False,1784874477.3275087,0,0,0,0,False
1784849457.3002179,20,1784874595.9650574,37.507820248722055,0.7288532845044632,37.096589608606095,True,37.5,36.5,38.6,0.95,0.05,0.0,0.7,0.03,2,1784874605.992405,True,True,True,False,1784874477.3275087,0,0,0,0,False
1784849457.3002179,20,1784874615.9712145,37.507820248722055,0.7286816205081255,37.09391927977417,True,37.5,36.5,38.6,0.95,0.05,0.0,0.7,0.03,2,1784874625.99865,True,True,True,False,1784874477.3275087,0,0,0,0,False
1784849457.3002179,20,1784874635.9773378,37.47844663157092,0.7284908827344166,37.06454566262303,True,37.5,36.5,38.6,0.95,0.05,0.0,0.7,0.03,2,1784874646.0046577,True,False,True,False,1784874477.3275087,0,0,1,0,False
1784849457.3002179,20,1784874655.9835136,37.47310597390707,0.7284718089570458,37.03250171663997,True,37.5,36.5,38.6,0.95,0.05,0.0,0.7,0.03,2,1784874666.0116122,True,False,True,True,1784874657.3275292,0,0,1,0,False
1784849457.3002179,20,1784874675.9898577,37.47310597390707,0.7289677271686885,37.024490730144194,True,37.5,36.5,38.6,0.95,0.05,0.0,0.7,0.03,2,1784874686.0175586,True,True,True,False,1784874657.3275292,0,0,1,0,False
1784849457.3002179,20,1784874695.9960322,37.46776531624323,0.7288151369497216,37.03784237430381,True,37.5,36.5,38.6,0.95,0.05,0.0,0.7,0.03,2,1784874706.0252514,True,True,True,False,1784874657.3275292,0,0,1,0,False
1784849457.3002179,20,1784874716.0028887,37.52117189288167,0.7290630960555429,37.04585336079957,True,37.5,36.5,38.6,0.95,0.05,0.0,0.7,0.03,2,1784874726.0317392,True,True,True,False,1784874657.3275292,0,0,0,0,False
1784849457.3002179,20,1784874736.0109222,37.52384222171359,0.7285099565117876,37.08056763561456,True,37.5,36.5,38.6,0.95,0.05,0.0,0.7,0.03,2,1784874746.0424263,True,True,True,False,1784874657.3275292,0,0,0,0,False
1784849457.3002179,20,1784874756.0182097,37.513160906385906,0.7287197680628671,37.06988632028687,True,37.5,36.5,38.6,0.95,0.05,0.0,0.7,0.03,2,1784874766.0463746,True,True,True,False,1784874657.3275292,0,0,0,0,False
1784849457.3002179,20,1784874776.0253146,37.48645761806668,0.7290058747234301,37.06454566262303,True,37.5,36.5,38.6,0.95,0.05,0.0,0.7,0.03,2,1784874786.0531232,True,True,True,False,1784874657.3275292,0,0,1,0,False
1784849457.3002179,20,1784874796.0314755,37.48645761806668,0.7289677271686885,37.04318303196766,True,37.5,36.5,38.6,0.95,0.05,0.0,0.7,0.03,2,1784874806.0588582,True,True,True,False,1784874657.3275292,0,0,1,0,False
1784849457.3002179,20,1784874816.037604,37.47577630273899,0.7287579156176089,37.04585336079957,True,37.5,36.5,38.6,0.95,0.05,0.0,0.7,0.03,2,1784874826.0645185,True,True,True,False,1784874657.3275292,0,0,1,0,False
1784849457.3002179,20,1784874836.0437248,37.50514991989013,0.7289677271686885,37.08056763561456,True,37.5,36.5,38.6,0.95,0.05,0.0,0.7,0.03,2,1784874846.0710874,True,True,True,True,1784874837.3275487,0,0,0,0,False
1784849457.3002179,20,1784874856.0499153,37.489127946898606,0.7287769893949797,37.053864347295345,True,37.5,36.5,38.6,0.95,0.05,0.0,0.7,0.03,2,1784874866.077205,True,True,True,False,1784874837.3275487,0,0,1,0,False
1784849457.3002179,20,1784874876.0559916,37.483787289234755,0.7292156862745098,37.04051270313573,True,37.5,36.5,38.6,0.95,0.05,0.0,0.7,0.03,2,1784874886.084605,True,True,True,False,1784874837.3275487,0,0,1,0,False
1784849457.3002179,20,1784874896.0629334,37.49446860456244,0.729044022278172,37.048523689631494,True,37.5,36.5,38.6,0.95,0.05,0.0,0.7,0.03,2,1784874906.0919502,True,True,True,False,1784874837.3275487,0,0,1,0,False
1784849457.3002179,20,1784874916.070172,37.51049057755398,0.7289295796139467,37.07789730678263,True,37.5,36.5,38.6,0.95,0.05,0.0,0.7,0.03,2,1784874926.0972204,True,True,True,False,1784874837.3275487,0,0,0,0,False
1784849457.3002179,20,1784874936.0762637,37.555886167696656,0.7290821698329136,37.08590829327841,True,37.5,36.5,38.6,0.95,0.05,0.0,0.7,0.03,2,1784874946.1030416,True,True,True,False,1784874837.3275487,0,0,0,0,False
1784849457.3002179,20,1784874956.082347,37.513160906385906,0.7286816205081255,37.08590829327841,True,37.5,36.5,38.6,0.95,0.05,0.0,0.7,0.03,2,1784874966.1096606,True,True,True,False,1784874837.3275487,0,0,0,0,False
1784849457.3002179,20,1784874976.0884626,37.49713893339437,0.7287579156176089,37.053864347295345,True,37.5,36.5,38.6,0.95,0.05,0.0,0.7,0.03,2,1784874986.1158001,True,True,True,False,1784874837.3275487,0,0,1,0,False
1784849457.3002179,20,1784874996.0946963,37.47577630273899,0.7290821698329136,37.053864347295345,True,37.5,36.5,38.6,0.95,0.05,0.0,0.7,0.03,2,1784875006.1220496,True,True,True,False,1784874837.3275487,0,0,1,0,False
1784849457.3002179,20,1784875016.100944,37.48645761806668,0.7285481040665293,37.05119401846342,True,37.5,36.5,38.6,0.95,0.05,0.0,0.7,0.03,2,1784875026.1277623,True,True,True,True,1784875017.327563,0,0,1,0,False
1784849457.3002179,20,1784875036.1070673,37.483787289234755,0.7291012436102845,37.03784237430381,True,37.5,36.5,38.6,0.95,0.05,0.0,0.7,0.03,2,1784875046.1377463,True,True,True,False,1784875017.327563,0,0,1,0,False
1784849457.3002179,20,1784875056.113979,37.50514991989013,0.7290821698329136,37.04318303196766,True,37.5,36.5,38.6,0.95,0.05,0.0,0.7,0.03,2,1784875066.1422243,True,True,True,False,1784875017.327563,0,0,0,0,False
1784849457.3002179,20,1784875076.120973,37.526512550545505,0.7292919813839933,37.05653467612726,True,37.5,36.5,38.6,0.95,0.05,0.0,0.7,0.03,2,1784875086.1490777,True,True,True,False,1784875017.327563,0,0,0,0,False
1784849457.3002179,20,1784875096.1271994,37.51583123521782,0.7293492027161059,37.04318303196766,True,37.5,36.5,38.6,0.95,0.05,0.0,0.7,0.03,2,1784875106.1546426,True,True,True,False,1784875017.327563,0,0,0,0,False
1784849457.3002179,20,1784875116.1334226,37.526512550545505,0.729024948500801,37.07789730678263,True,37.5,36.5,38.6,0.95,0.05,0.0,0.7,0.03,2,1784875126.160332,True,True,True,False,1784875017.327563,0,0,0,0,False
1784849457.3002179,20,1784875136.1395557,37.50247959105822,0.7289677271686885,37.06988632028687,True,37.5,36.5,38.6,0.95,0.05,0.0,0.7,0.03,2,1784875146.1668587,True,True,True,False,1784875017.327563,0,0,0,0,False
1784849457.3002179,20,1784875156.145686,37.481116960402844,0.7290630960555429,37.053864347295345,True,37.5,36.5,38.6,0.95,0.05,0.0,0.7,0.03,2,1784875166.1730473,True,False,True,False,1784875017.327563,0,0,1,0,False
1784849457.3002179,20,1784875176.151875,37.49713893339437,0.7288342107270924,37.03784237430381,True,37.5,36.5,38.6,0.95,0.05,0.0,0.7,0.03,2,1784875186.1789863,True,True,True,False,1784875017.327563,0,0,1,0,False
1784849457.3002179,20,1784875196.1580558,37.45975432974747,0.7291012436102845,37.011139085984595,True,37.5,36.5,38.6,0.95,0.05,0.0,0.7,0.03,2,1784875206.1852794,True,True,True,True,1784875197.327601,0,0,1,0,False
1784849457.3002179,20,1784875216.1649258,37.45975432974747,0.7292347600518806,37.00312809948882,True,37.5,36.5,38.6,0.95,0.05,0.0,0.7,0.03,2,1784875226.1926312,True,True,True,False,1784875197.327601,0,0,1,0,False
1784849457.3002179,20,1784875236.1719365,37.43572137026017,0.7289105058365759,37.00045777065691,True,37.5,36.5,38.6,0.95,0.05,0.0,0.7,0.03,2,1784875246.198678,True,True,True,False,1784875197.327601,0,0,1,0,False
1784849457.3002179,20,1784875256.1781151,37.489127946898606,0.7290821698329136,37.03250171663997,True,37.5,36.5,38.6,0.95,0.05,0.0,0.7,0.03,2,1784875266.2054799,True,True,True,False,1784875197.327601,0,0,1,0,False
1784849457.3002179,20,1784875276.1842642,37.51049057755398,0.729044022278172,37.04051270313573,True,37.5,36.5,38.6,0.95,0.05,0.0,0.7,0.03,2,1784875286.2109141,True,True,True,False,1784875197.327601,0,0,0,0,False
1784849457.3002179,20,1784875296.1910732,37.526512550545505,0.7289295796139467,37.06454566262303,True,37.5,36.5,38.6,0.95,0.05,0.0,0.7,0.03,2,1784875306.2199032,True,False,True,False,1784875197.327601,0,0,0,0,False
1784849457.3002179,20,1784875316.1980786,37.526512550545505,0.7292347600518806,37.067215991454944,True,37.5,36.5,38.6,0.95,0.05,0.0,0.7,0.03,2,1784875326.2251775,True,True,True,False,1784875197.327601,0,0,0,0,False
1784849457.3002179,20,1784875336.2042158,37.507820248722055,0.7292729076066224,37.04318303196766,True,37.5,36.5,38.6,0.95,0.05,0.0,0.7,0.03,2,1784875346.2320724,True,True,True,False,1784875197.327601,0,0,0,0,False
1784849457.3002179,20,1784875356.21048,37.49713893339437,0.729196612497139,37.02716105897612,True,37.5,36.5,38.6,0.95,0.05,0.0,0.7,0.03,2,1784875366.2379713,True,True,True,False,1784875197.327601,0,0,1,0,False
1784849457.3002179,20,1784875376.2167442,37.45975432974747,0.729177538719768,37.02182040131228,True,37.5,36.5,38.6,0.95,0.05,0.0,0.7,0.03,2,1784875386.244014,True,True,True,True,1784875377.3276324,0,0,1,0,False
1784849457.3002179,20,1784875396.2228816,37.43305104142824,0.7291584649423971,36.99511711299306,True,37.5,36.5,38.6,0.95,0.05,0.0,0.7,0.03,2,1784875406.2502444,True,True,True,False,1784875377.3276324,0,0,1,0,False
1784849457.3002179,20,1784875416.2290049,37.45441367208362,0.7291393911650264,36.99244678416113,True,37.5,36.5,38.6,0.95,0.05,0.0,0.7,0.03,2,1784875426.2563136,True,True,True,False,1784875377.3276324,0,0,1,0,False
1784849457.3002179,20,1784875436.2351484,37.47844663157092,0.7292156862745098,37.01647974364843,True,37.5,36.5,38.6,0.95,0.05,0.0,0.7,0.03,2,1784875446.2624946,True,False,True,False,1784875377.3276324,0,0,1,0,False
1784849457.3002179,20,1784875456.2412913,37.51049057755398,0.729463645380331,37.03784237430381,True,37.5,36.5,38.6,0.95,0.05,0.0,0.7,0.03,2,1784875466.2685544,True,True,True,False,1784875377.3276324,0,0,0,0,False
1784849457.3002179,20,1784875476.2474148,37.531853208209355,0.7293110551613641,37.05653467612726,True,37.5,36.5,38.6,0.95,0.05,0.0,0.7,0.03,2,1784875486.2746384,True,True,True,False,1784875377.3276324,0,0,0,0,False
1784849457.3002179,20,1784875496.2537913,37.53719386587319,0.7292919813839933,37.04318303196766,True,37.5,36.5,38.6,0.95,0.05,0.0,0.7,0.03,2,1784875506.2826235,True,True,True,False,1784875377.3276324,0,0,0,0,False
1784849457.3002179,20,1784875516.2606628,37.51049057755398,0.7293682764934768,37.03517204547188,True,37.5,36.5,38.6,0.95,0.05,0.0,0.7,0.03,2,1784875526.2885337,True,True,True,False,1784875377.3276324,0,0,0,0,False
1784849457.3002179,20,1784875536.2686467,37.48645761806668,0.7292538338292515,37.02716105897612,True,37.5,36.5,38.6,0.95,0.05,0.0,0.7,0.03,2,1784875546.2966912,True,True,True,False,1784875377.3276324,0,0,1,0,False
1784849457.3002179,20,1784875556.2754178,37.470435645075156,0.7293110551613641,37.01647974364843,True,37.5,36.5,38.6,0.95,0.05,0.0,0.7,0.03,2,1784875566.305658,True,False,True,True,1784875557.3276634,0,0,1,0,False
1784849457.3002179,20,1784875576.2855525,37.44907301441978,0.7292538338292515,37.00045777065691,True,37.5,36.5,38.6,0.95,0.05,0.0,0.7,0.03,2,1784875586.313691,True,True,True,False,1784875557.3276634,0,0,1,0,False
1784849457.3002179,20,1784875596.2927809,37.45975432974747,0.7292729076066224,37.02716105897612,True,37.5,36.5,38.6,0.95,0.05,0.0,0.7,0.03,2,1784875606.3196905,True,True,True,False,1784875557.3276634,0,0,1,0,False
1784849457.3002179,20,1784875616.2989378,37.49713893339437,0.7291393911650264,37.05119401846342,True,37.5,36.5,38.6,0.95,0.05,0.0,0.7,0.03,2,1784875626.3262873,True,False,True,False,1784875557.3276634,0,0,1,0,False
1784849457.3002179,20,1784875636.3050537,37.51583123521782,0.7292347600518806,37.048523689631494,True,37.5,36.5,38.6,0.95,0.05,0.0,0.7,0.03,2,1784875646.3320937,True,True,True,False,1784875557.3276634,0,0,0,0,False
1784849457.3002179,20,1784875656.3112435,37.53719386587319,0.7292538338292515,37.03250171663997,True,37.5,36.5,38.6,0.95,0.05,0.0,0.7,0.03,2,1784875666.3389928,True,True,True,False,1784875557.3276634,0,0,0,0,False
1784849457.3002179,20,1784875676.31756,37.50514991989013,0.7292729076066224,37.04051270313573,True,37.5,36.5,38.6,0.95,0.05,0.0,0.7,0.03,2,1784875686.3451886,True,True,True,False,1784875557.3276634,0,0,0,0,False
1784849457.3002179,20,1784875696.3237612,37.489127946898606,0.7293682764934768,37.02716105897612,True,37.5,36.5,38.6,0.95,0.05,0.0,0.7,0.03,2,1784875706.351187,True,True,True,False,1784875557.3276634,0,0,1,0,False
1784849457.3002179,20,1784875716.3299868,37.47310597390707,0.7290821698329136,37.04051270313573,True,37.5,36.5,38.6,0.95,0.05,0.0,0.7,0.03,2,1784875726.3568182,True,True,True,False,1784875557.3276634,0,0,1,0,False
1784849457.3002179,20,1784875736.3361142,37.49713893339437,0.729177538719768,37.03250171663997,True,37.5,36.5,38.6,0.95,0.05,0.0,0.7,0.03,2,1784875746.3635695,True,True,True,True,1784875737.3276706,0,0,1,0,False
1784849457.3002179,20,1784875756.34321,37.465094987411305,0.7295208667124438,37.011139085984595,True,37.5,36.5,38.6,0.95,0.05,0.0,0.7,0.03,2,1784875766.3767188,True,True,True,False,1784875737.3276706,0,0,1,0,False
1784849457.3002179,20,1784875776.3548703,37.49713893339437,0.7292156862745098,37.02182040131228,True,37.5,36.5,38.6,0.95,0.05,0.0,0.7,0.03,2,1784875786.3817506,True,True,True,False,1784875737.3276706,0,0,1,0,False
1784849457.3002179,20,1784875796.3609529,37.49713893339437,0.7296543831540399,37.048523689631494,True,37.5,36.5,38.6,0.95,0.05,0.0,0.7,0.03,2,1784875806.3884716,True,True,True,False,1784875737.3276706,0,0,1,0,False
1784849457.3002179,20,1784875816.3671002,37.53452353704128,0.7295399404898145,37.072556649118795,True,37.5,36.5,38.6,0.95,0.05,0.0,0.7,0.03,2,1784875826.4039009,True,True,True,False,1784875737.3276706,0,0,0,0,False
1784849457.3002179,20,1784875836.3734748,37.526512550545505,0.7294064240482184,37.06988632028687,True,37.5,36.5,38.6,0.95,0.05,0.0,0.7,0.03,2,1784875846.4018686,True,False,True,False,1784875737.3276706,0,0,0,0,False
1784849457.3002179,20,1784875856.391371,37.53719386587319,0.7295399404898145,37.08056763561456,True,37.5,36.5,38.6,0.95,0.05,0.0,0.7,0.03,2,1784875866.4187753,True,True,True,False,1784875737.3276706,0,0,0,0,False
1784849457.3002179,20,1784875876.3974767,37.49980926222629,0.7292347600518806,37.04051270313573,True,37.5,36.5,38.6,0.95,0.05,0.0,0.7,0.03,2,1784875886.4258819,True,True,True,False,1784875737.3276706,0,0,1,0,False
1784849457.3002179,20,1784875896.4050505,37.489127946898606,0.729330128938735,37.03250171663997,True,37.5,36.5,38.6,0.95,0.05,0.0,0.7,0.03,2,1784875906.434147,True,True,True,False,1784875737.3276706,0,0,1,0,False
1784849457.3002179,20,1784875916.413075,37.47310597390707,0.7294064240482184,37.00312809948882,True,37.5,36.5,38.6,0.95,0.05,0.0,0.7,0.03,2,1784875926.4419584,True,True,True,True,1784875917.327686,0,0,1,0,False
1784849457.3002179,20,1784875936.4204671,37.45975432974747,0.7296925307087815,37.01647974364843,True,37.5,36.5,38.6,0.95,0.05,0.0,0.7,0.03,2,1784875946.448453,True,True,True,False,1784875917.327686,0,0,1,0,False
1784849457.3002179,20,1784875956.4267097,37.465094987411305,0.729616235599298,36.97909514000152,True,37.5,36.5,38.6,0.95,0.05,0.0,0.7,0.03,2,1784875966.460313,True,True,True,False,1784875917.327686,0,0,1,0,False
1784849457.3002179,20,1784875976.4332564,37.481116960402844,0.7294445716029603,37.00045777065691,True,37.5,36.5,38.6,0.95,0.05,0.0,0.7,0.03,2,1784875986.4615216,True,False,True,False,1784875917.327686,0,0,1,0,False
1784849457.3002179,20,1784875996.4397113,37.49713893339437,0.7294064240482184,37.04318303196766,True,37.5,36.5,38.6,0.95,0.05,0.0,0.7,0.03,2,1784876006.4670904,True,True,True,False,1784875917.327686,0,0,1,0,False
1784849457.3002179,20,1784876016.4458783,37.53452353704128,0.7296543831540399,37.05653467612726,True,37.5,36.5,38.6,0.95,0.05,0.0,0.7,0.03,2,1784876026.4730573,True,True,True,False,1784875917.327686,0,0,0,0,False
1784849457.3002179,20,1784876036.4520001,37.526512550545505,0.7297878995956358,37.06454566262303,True,37.5,36.5,38.6,0.95,0.05,0.0,0.7,0.03,2,1784876046.4793503,True,True,True,False,1784875917.327686,0,0,0,0,False
1784849457.3002179,20,1784876056.4582176,37.51583123521782,0.7296734569314107,37.04318303196766,True,37.5,36.5,38.6,0.95,0.05,0.0,0.7,0.03,2,1784876066.4850194,True,True,True,False,1784875917.327686,0,0,0,0,False
1784849457.3002179,20,1784876076.464363,37.49446860456244,0.7294827191577019,37.029831387808045,True,37.5,36.5,38.6,0.95,0.05,0.0,0.7,0.03,2,1784876086.4917622,True,True,True,False,1784875917.327686,0,0,1,0,False
1784849457.3002179,20,1784876096.4705567,37.446402685587856,0.7294254978255894,37.02716105897612,True,37.5,36.5,38.6,0.95,0.05,0.0,0.7,0.03,2,1784876106.4978654,True,True,True,True,1784876097.327703,0,0,1,0,False
1784849457.3002179,20,1784876116.4766433,37.45708400091554,0.7294064240482184,37.00846875715267,True,37.5,36.5,38.6,0.95,0.05,0.0,0.7,0.03,2,1784876126.5040493,True,True,True,False,1784876097.327703,0,0,1,0,False
1784849457.3002179,20,1784876136.4828424,37.438391699092094,0.7297116044861524,37.01647974364843,True,37.5,36.5,38.6,0.95,0.05,0.0,0.7,0.03,2,1784876146.5097678,True,True,True,False,1784876097.327703,0,0,1,0,False
1784849457.3002179,20,1784876156.489652,37.47577630273899,0.729463645380331,37.02182040131228,True,37.5,36.5,38.6,0.95,0.05,0.0,0.7,0.03,2,1784876166.518228,True,True,True,False,1784876097.327703,0,0,1,0,False
1784849457.3002179,20,1784876176.4968786,37.49713893339437,0.7293682764934768,37.02182040131228,True,37.5,36.5,38.6,0.95,0.05,0.0,0.7,0.03,2,1784876186.5242066,True,True,True,False,1784876097.327703,0,0,1,0,False
1784849457.3002179,20,1784876196.5037532,37.54520485236897,0.7293873502708476,37.048523689631494,True,37.5,36.5,38.6,0.95,0.05,0.0,0.7,0.03,2,1784876206.532554,True,True,True,False,1784876097.327703,0,0,0,0,False
1784849457.3002179,20,1784876216.5115337,37.52918287937743,0.7293110551613641,37.067215991454944,True,37.5,36.5,38.6,0.95,0.05,0.0,0.7,0.03,2,1784876226.5422566,True,True,True,False,1784876097.327703,0,0,0,0,False
1784849457.3002179,20,1784876236.5191908,37.53719386587319,0.729616235599298,37.06988632028687,True,37.5,36.5,38.6,0.95,0.05,0.0,0.7,0.03,2,1784876246.5494788,True,True,True,False,1784876097.327703,0,0,0,0,False
1784849457.3002179,20,1784876256.5264902,37.489127946898606,0.7296925307087815,37.04318303196766,True,37.5,36.5,38.6,0.95,0.05,0.0,0.7,0.03,2,1784876266.5551584,True,True,True,False,1784876097.327703,0,0,1,0,False
1784849457.3002179,20,1784876276.5332658,37.483787289234755,0.7297306782635233,37.01915007248036,True,37.5,36.5,38.6,0.95,0.05,0.0,0.7,0.03,2,1784876286.5638304,True,True,True,True,1784876277.3277144,0,0,1,0,False
1784849457.3002179,20,1784876296.5397305,37.483787289234755,0.7295780880445564,37.01647974364843,True,37.5,36.5,38.6,0.95,0.05,0.0,0.7,0.03,2,1784876306.5689628,True,True,True,False,1784876277.3277144,0,0,1,0,False
1784849457.3002179,20,1784876316.5459752,37.47844663157092,0.7295780880445564,37.04051270313573,True,37.5,36.5,38.6,0.95,0.05,0.0,0.7,0.03,2,1784876326.5749516,True,True,True,False,1784876277.3277144,0,0,1,0,False
1784849457.3002179,20,1784876336.552357,37.53452353704128,0.7297116044861524,37.05920500495918,True,37.5,36.5,38.6,0.95,0.05,0.0,0.7,0.03,2,1784876346.5823033,True,True,True,False,1784876277.3277144,0,0,0,0,False
1784849457.3002179,20,1784876356.5588722,37.507820248722055,0.7298641947051193,37.05920500495918,True,37.5,36.5,38.6,0.95,0.05,0.0,0.7,0.03,2,1784876366.5882392,True,True,True,False,1784876277.3277144,0,0,0,0,False
1784849457.3002179,20,1784876376.5652351,37.50247959105822,0.7297878995956358,37.06454566262303,True,37.5,36.5,38.6,0.95,0.05,0.0,0.7,0.03,2,1784876386.5925283,True,True,True,False,1784876277.3277144,0,0,0,0,False
1784849457.3002179,20,1784876396.571385,37.49713893339437,0.7296353093766689,37.01647974364843,True,37.5,36.5,38.6,0.95,0.05,0.0,0.7,0.03,2,1784876406.598981,True,False,True,False,1784876277.3277144,0,0,1,0,False
1784849457.3002179,20,1784876416.5776882,37.470435645075156,0.7294064240482184,37.00846875715267,True,37.5,36.5,38.6,0.95,0.05,0.0,0.7,0.03,2,1784876426.604415,False,True,True,False,1784876277.3277144,0,0,1,0,False
1784849457.3002179,20,1784876436.5836043,37.489127946898606,0.7296353093766689,37.02716105897612,True,37.5,36.5,38.6,0.95,0.05,0.0,0.7,0.03,2,1784876446.6108162,False,True,True,False,1784876277.3277144,0,0,1,0,False
1784849457.3002179,20,1784876456.5894868,37.446402685587856,0.7292538338292515,37.02182040131228,True,37.5,36.5,38.6,0.95,0.05,0.0,0.7,0.03,2,1784876466.6166265,False,True,True,True,1784876457.3277323,0,0,1,0,False
1784849457.3002179,20,1784876476.5953708,37.446402685587856,0.7296353093766689,37.029831387808045,True,37.5,36.5,38.6,0.95,0.05,0.0,0.7,0.03,2,1784876486.6218565,False,True,True,False,1784876457.3277323,0,0,1,0,False
1784849457.3002179,20,1784876496.6012182,37.489127946898606,0.7297497520408942,37.048523689631494,True,37.5,36.5,38.6,0.95,0.05,0.0,0.7,0.03,2,1784876506.6284492,False,True,True,False,1784876457.3277323,0,0,1,0,False
1784849457.3002179,20,1784876516.6071887,37.49980926222629,0.7299214160372319,37.067215991454944,True,37.5,36.5,38.6,0.95,0.05,0.0,0.7,0.03,2,1784876526.633841,False,True,True,False,1784876457.3277323,0,0,1,0,False
1784849457.3002179,20,1784876536.6130455,37.52384222171359,0.7297878995956358,37.06988632028687,True,37.5,36.5,38.6,0.95,0.05,0.0,0.7,0.03,2,1784876546.6401844,False,True,True,False,1784876457.3277323,0,0,0,0,False
1784849457.3002179,20,1784876556.618944,37.507820248722055,0.7295017929350729,37.11261158159762,True,37.5,36.5,38.6,0.95,0.05,0.0,0.7,0.03,2,1784876566.6460655,False,True,True,False,1784876457.3277323,0,0,0,0,False
1784849457.3002179,20,1784876576.624757,37.507820248722055,0.7297497520408942,37.096589608606095,True,37.5,36.5,38.6,0.95,0.05,0.0,0.7,0.03,2,1784876586.651813,False,True,True,False,1784876457.3277323,0,0,0,0,False
1784849457.3002179,20,1784876596.630605,37.45975432974747,0.7296543831540399,37.096589608606095,True,37.5,36.5,38.6,0.95,0.05,0.0,0.7,0.03,2,1784876606.6571856,False,True,True,False,1784876457.3277323,0,0,1,0,False
1784849457.3002179,20,1784876616.636395,37.465094987411305,0.7299214160372319,37.067215991454944,True,37.5,36.5,38.6,0.95,0.05,0.0,0.7,0.03,2,1784876626.6630814,False,True,True,False,1784876457.3277323,0,0,1,0,False
1784849457.3002179,20,1784876636.6423616,37.446402685587856,0.729768825818265,37.05920500495918,True,37.5,36.5,38.6,0.95,0.05,0.0,0.7,0.03,2,1784876646.6690183,False,True,True,True,1784876637.3277657,0,0,1,0,False
1784849457.3002179,20,1784876656.6482534,37.446402685587856,0.729616235599298,37.04318303196766,True,37.5,36.5,38.6,0.95,0.05,0.0,0.7,0.03,2,1784876666.6748385,False,True,True,False,1784876637.3277657,0,0,1,0,False
1784849457.3002179,20,1784876676.6542027,37.46776531624323,0.729768825818265,37.067215991454944,True,37.5,36.5,38.6,0.95,0.05,0.0,0.7,0.03,2,1784876686.6813273,False,True,True,False,1784876637.3277657,0,0,1,0,False
1784849457.3002179,20,1784876696.6600533,37.483787289234755,0.7297306782635233,37.08056763561456,True,37.5,36.5,38.6,0.95,0.05,0.0,0.7,0.03,2,1784876706.6871846,False,True,True,False,1784876637.3277657,0,0,1,0,False
1784849457.3002179,20,1784876716.665951,37.50514991989013,0.7294827191577019,37.10460059510186,True,37.5,36.5,38.6,0.95,0.05,0.0,0.7,0.03,2,1784876726.692671,False,True,True,False,1784876637.3277657,0,0,0,0,False
1784849457.3002179,20,1784876736.6717894,37.49713893339437,0.7298832684824903,37.10727092393378,True,37.5,36.5,38.6,0.95,0.05,0.0,0.7,0.03,2,1784876746.702556,False,True,True,False,1784876637.3277657,0,0,1,0,False
1784849457.3002179,20,1784876756.6777756,37.50247959105822,0.7299786373693447,37.11795223926147,True,37.5,36.5,38.6,0.95,0.05,0.0,0.7,0.03,2,1784876766.7052846,False,True,True,False,1784876637.3277657,0,0,0,0,False
1784849457.3002179,20,1784876776.6839488,37.48645761806668,0.7295208667124438,37.10727092393378,True,37.5,36.5,38.6,0.95,0.05,0.0,0.7,0.03,2,1784876786.7133033,False,True,True,False,1784876637.3277657,0,0,1,0,False
1784849457.3002179,20,1784876796.6901424,37.49179827573053,0.7297878995956358,37.10193026626993,True,37.5,36.5,38.6,0.95,0.05,0.0,0.7,0.03,2,1784876806.717061,False,True,True,False,1784876637.3277657,0,0,1,0,False
1784849457.3002179,20,1784876816.6960826,37.470435645075156,0.7296353093766689,37.08857862211032,True,37.5,36.5,38.6,0.95,0.05,0.0,0.7,0.03,2,1784876826.7234447,False,True,True,True,1784876817.3278024,0,0,1,0,False
1784849457.3002179,20,1784876836.70202,37.47844663157092,0.7298451209277484,37.08056763561456,True,37.5,36.5,38.6,0.95,0.05,0.0,0.7,0.03,2,1784876846.7291815,False,True,True,False,1784876817.3278024,0,0,1,0,False
1784849457.3002179,20,1784876856.7078705,37.51049057755398,0.7299786373693447,37.11795223926147,True,37.5,36.5,38.6,0.95,0.05,0.0,0.7,0.03,2,1784876866.7351182,False,True,True,False,1784876817.3278024,0,0,0,0,False
1784849457.3002179,20,1784876876.7138062,37.53719386587319,0.7298832684824903,37.13130388342107,True,37.5,36.5,38.6,0.95,0.05,0.0,0.7,0.03,2,1784876886.7408946,False,True,True,False,1784876817.3278024,0,0,0,0,False
1784849457.3002179,20,1784876896.71974,37.51049057755398,0.7298641947051193,37.14999618524453,True,37.5,36.5,38.6,0.95,0.05,0.0,0.7,0.03,2,1784876906.7468174,False,True,True,False,1784876817.3278024,0,0,0,0,False
1784849457.3002179,20,1784876916.7255812,37.489127946898606,0.7298260471503777,37.12596322575723,True,37.5,36.5,38.6,0.95,0.05,0.0,0.7,0.03,2,1784876926.7528095,False,True,True,False,1784876817.3278024,0,0,1,0,False
1784849457.3002179,20,1784876936.7315657,37.470435645075156,0.7299595635919738,37.091248950942244,True,37.5,36.5,38.6,0.95,0.05,0.0,0.7,0.03,2,1784876946.7581851,False,True,True,False,1784876817.3278024,0,0,1,0,False
1784849457.3002179,20,1784876956.7374275,37.470435645075156,0.7298451209277484,37.091248950942244,True,37.5,36.5,38.6,0.95,0.05,0.0,0.7,0.03,2,1784876966.7644906,False,True,True,False,1784876817.3278024,0,0,1,0,False
1784849457.3002179,20,1784876976.7433274,37.47577630273899,0.7299404898146028,37.091248950942244,True,37.5,36.5,38.6,0.95,0.05,0.0,0.7,0.03,2,1784876986.770769,False,True,True,False,1784876817.3278024,0,0,1,0,False
1784849457.3002179,20,1784876996.7495158,37.50247959105822,0.7300549324788281,37.10727092393378,True,37.5,36.5,38.6,0.95,0.05,0.0,0.7,0.03,2,1784877006.7766695,False,True,True,True,1784876997.3278317,0,False,0,0,False
1784849457.3002179,20,1784877016.755553,37.52384222171359,0.7299023422598612,37.12062256809338,True,37.5,36.5,38.6,0.95,0.05,0.0,0.7,0.03,2,1784877026.7826755,False,True,True,False,1784876997.3278317,0,0,0,0,False
1784849457.3002179,20,1784877036.761388,37.49980926222629,0.7298451209277484,37.11261158159762,True,37.5,36.5,38.6,0.95,0.05,0.0,0.7,0.03,2,1784877046.788567,False,True,True,False,1784876997.3278317,0,0,1,0,False
1784849457.3002179,20,1784877056.7673454,37.49980926222629,0.7300358587014573,37.10727092393378,True,37.5,36.5,38.6,0.95,0.05,0.0,0.7,0.03,2,1784877066.794587,False,True,True,False,1784876997.3278317,0,0,1,0,False
1784849457.3002179,20,1784877076.7732508,37.52117189288167,0.7301884489204242,37.13130388342107,True,37.5,36.5,38.6,0.95,0.05,0.0,0.7,0.03,2,1784877086.803625,False,True,True,False,1784876997.3278317,0,False,0,0,False
1784849457.3002179,20,1784877096.7824552,37.51583123521782,0.7301884489204242,37.14999618524453,True,37.5,36.5,38.6,0.95,0.05,0.0,0.7,0.03,2,1784877106.8095076,False,True,True,False,1784876997.3278317,0,False,0,0,False
1784849457.3002179,20,1784877116.7883732,37.526512550545505,0.7300167849240864,37.12596322575723,True,37.5,36.5,38.6,0.95,0.05,0.0,0.7,0.03,2,1784877126.8154223,False,True,True,False,1784876997.3278317,0,False,0,0,False
1784849457.3002179,20,1784877136.7943907,37.470435645075156,0.7300740062561989,37.10727092393378,True,37.5,36.5,38.6,0.95,0.05,0.0,0.7,0.03,2,1784877146.821469,False,True,True,False,1784876997.3278317,0,0,1,0,False
1784849457.3002179,20,1784877156.8001971,37.470435645075156,0.7300740062561989,37.096589608606095,True,37.5,36.5,38.6,0.95,0.05,0.0,0.7,0.03,2,1784877166.8273566,False,True,True,False,1784876997.3278317,0,0,1,0,False
1784849457.3002179,20,1784877176.8060958,37.48645761806668,0.7298069733730068,37.08590829327841,True,37.5,36.5,38.6,0.95,0.05,0.0,0.7,0.03,2,1784877186.83314,False,True,True,True,1784877177.3278704,0,0,1,0,False
1784849457.3002179,20,1784877196.8119228,37.49179827573053,0.7298641947051193,37.08056763561456,True,37.5,36.5,38.6,0.95,0.05,0.0,0.7,0.03,2,1784877206.839285,False,True,True,False,1784877177.3278704,0,0,1,0,False
1784849457.3002179,20,1784877216.8180282,37.507820248722055,0.7301693751430534,37.115281910429545,True,37.5,36.5,38.6,0.95,0.05,0.0,0.7,0.03,2,1784877226.8451421,False,True,True,False,1784877177.3278704,0,False,0,0,False
1784849457.3002179,20,1784877236.8239908,37.52117189288167,0.7299977111467154,37.14465552758068,True,37.5,36.5,38.6,0.95,0.05,0.0,0.7,0.03,2,1784877246.851126,False,True,True,False,1784877177.3278704,0,0,0,0,False
1784849457.3002179,20,1784877256.8298397,37.49446860456244,0.7298641947051193,37.12863355458916,True,37.5,36.5,38.6,0.95,0.05,0.0,0.7,0.03,2,1784877266.8570342,False,True,True,False,1784877177.3278704,0,0,1,0,False
1784849457.3002179,20,1784877276.8358212,37.49446860456244,0.7300549324788281,37.12062256809338,True,37.5,36.5,38.6,0.95,0.05,0.0,0.7,0.03,2,1784877286.8625844,False,True,True,False,1784877177.3278704,0,0,1,0,False
1784849457.3002179,20,1784877296.8417373,37.483787289234755,0.7298641947051193,37.14999618524453,True,37.5,36.5,38.6,0.95,0.05,0.0,0.7,0.03,2,1784877306.8689167,False,True,True,False,1784877177.3278704,0,0,1,0,False
1784849457.3002179,20,1784877316.8476648,37.51583123521782,0.7300740062561989,37.141985198748756,True,37.5,36.5,38.6,0.95,0.05,0.0,0.7,0.03,2,1784877326.874825,False,True,True,False,1784877177.3278704,0,False,0,0,False
1784849457.3002179,20,1784877336.8536878,37.49713893339437,0.7300167849240864,37.14465552758068,True,37.5,36.5,38.6,0.95,0.05,0.0,0.7,0.03,2,1784877346.8808315,False,True,True,False,1784877177.3278704,0,0,1,0,False
1784849457.3002179,20,1784877356.8595953,37.49179827573053,0.7301884489204242,37.12329289692531,True,37.5,36.5,38.6,0.95,0.05,0.0,0.7,0.03,2,1784877366.8867714,False,True,True,True,1784877357.327906,0,0,1,0,False
1784849457.3002179,20,1784877376.865426,37.470435645075156,0.7298641947051193,37.10727092393378,True,37.5,36.5,38.6,0.95,0.05,0.0,0.7,0.03,2,1784877386.892564,False,True,True,False,1784877357.327906,0,0,1,0,False
1784849457.3002179,20,1784877396.8713236,37.49179827573053,0.7301693751430534,37.10727092393378,True,37.5,36.5,38.6,0.95,0.05,0.0,0.7,0.03,2,1784877406.898515,False,True,True,False,1784877357.327906,0,0,1,0,False
1784849457.3002179,20,1784877416.8771482,37.507820248722055,0.7298451209277484,37.12596322575723,True,37.5,36.5,38.6,0.95,0.05,0.0,0.7,0.03,2,1784877426.9038594,False,True,True,False,1784877357.327906,0,0,0,0,False
1784849457.3002179,20,1784877436.8830948,37.51583123521782,0.7300930800335699,37.11795223926147,True,37.5,36.5,38.6,0.95,0.05,0.0,0.7,0.03,2,1784877446.910225,False,True,True,False,1784877357.327906,0,False,0,0,False
1784849457.3002179,20,1784877456.889024,37.52117189288167,0.7303219653620203,37.139314869916845,True,37.5,36.5,38.6,0.95,0.05,0.0,0.7,0.03,2,1784877466.9161437,False,True,True,False,1784877357.327906,0,False,0,0,False
1784849457.3002179,20,1784877476.8949983,37.483787289234755,0.7297878995956358,37.13130388342107,True,37.5,36.5,38.6,0.95,0.05,0.0,0.7,0.03,2,1784877486.9221845,False,True,True,False,1784877357.327906,0,0,1,0,False
1784849457.3002179,20,1784877496.900966,37.45174334325169,0.7302265964751659,37.091248950942244,True,37.5,36.5,38.6,0.95,0.05,0.0,0.7,0.03,2,1784877506.9282243,False,True,True,False,1784877357.327906,0,0,1,0,False
1784849457.3002179,20,1784877516.9069376,37.483787289234755,0.7301884489204242,37.109941252765694,True,37.5,36.5,38.6,0.95,0.05,0.0,0.7,0.03,2,1784877526.934118,False,True,True,False,1784877357.327906,0,0,1,0,False
1784849457.3002179,20,1784877536.9127638,37.48645761806668,0.7302265964751659,37.11795223926147,True,37.5,36.5,38.6,0.95,0.05,0.0,0.7,0.03,2,1784877546.9399765,False,True,True,True,1784877537.3279424,0,0,1,0,False
1784849457.3002179,20,1784877556.9187272,37.47577630273899,0.7300930800335699,37.096589608606095,True,37.5,36.5,38.6,0.95,0.05,0.0,0.7,0.03,2,1784877566.9452538,False,True,True,False,1784877537.3279424,0,0,1,0,False
1784849457.3002179,20,1784877576.9245727,37.49179827573053,0.7302456702525368,37.12863355458916,True,37.5,36.5,38.6,0.95,0.05,0.0,0.7,0.03,2,1784877586.9516687,False,True,True,False,1784877537.3279424,0,0,1,0,False
1784849457.3002179,20,1784877596.9304807,37.507820248722055,0.7301693751430534,37.14465552758068,True,37.5,36.5,38.6,0.95,0.05,0.0,0.7,0.03,2,1784877606.9575994,False,True,True,False,1784877537.3279424,0,False,0,0,False
1784849457.3002179,20,1784877616.9364424,37.53986419470512,0.7301312275883116,37.17936980239567,True,37.5,36.5,38.6,0.95,0.05,0.0,0.7,0.03,2,1784877626.9635947,False,True,True,False,1784877537.3279424,0,False,0,0,False
1784849457.3002179,20,1784877636.942445,37.526512550545505,0.7304936293583582,37.14465552758068,True,37.5,36.5,38.6,0.95,0.05,0.0,0.7,0.03,2,1784877646.9695556,False,True,True,False,1784877537.3279424,0,False,0,0,False
1784849457.3002179,20,1784877656.9484239,37.49980926222629,0.7302075226977951,37.12863355458916,True,37.5,36.5,38.6,0.95,0.05,0.0,0.7,0.03,2,1784877666.9756029,False,True,True,False,1784877537.3279424,0,0,1,0,False
1784849457.3002179,20,1784877676.9543536,37.46776531624323,0.7301312275883116,37.109941252765694,True,37.5,36.5,38.6,0.95,0.05,0.0,0.7,0.03,2,1784877686.9814742,False,True,True,False,1784877537.3279424,0,0,1,0,False
1784849457.3002179,20,1784877696.960256,37.46242465857938,0.7300930800335699,37.10727092393378,True,37.5,36.5,38.6,0.95,0.05,0.0,0.7,0.03,2,1784877706.9874287,False,True,True,False,1784877537.3279424,0,0,1,0,False
1784849457.3002179,20,1784877716.9661925,37.46242465857938,0.7302456702525368,37.12062256809338,True,37.5,36.5,38.6,0.95,0.05,0.0,0.7,0.03,2,1784877726.9930985,False,True,True,True,1784877717.3279548,0,0,1,0,False
1784849457.3002179,20,1784877736.9720542,37.44373235675593,0.7302075226977951,37.11795223926147,True,37.5,36.5,38.6,0.95,0.05,0.0,0.7,0.03,2,1784877746.9992945,False,True,True,False,1784877717.3279548,0,0,1,0,False
1784849457.3002179,20,1784877756.977997,37.48645761806668,0.7301884489204242,37.14465552758068,True,37.5,36.5,38.6,0.95,0.05,0.0,0.7,0.03,2,1784877767.0051458,False,True,True,False,1784877717.3279548,0,0,1,0,False
1784849457.3002179,20,1784877776.983888,37.53452353704128,0.7303982604715038,37.176699473563744,True,37.5,36.5,38.6,0.95,0.05,0.0,0.7,0.03,2,1784877787.0104623,False,True,True,False,1784877717.3279548,0,False,0,0,False
1784849457.3002179,20,1784877796.989781,37.53452353704128,0.7303982604715038,37.182040131227595,True,37.5,36.5,38.6,0.95,0.05,0.0,0.7,0.03,2,1784877807.0164423,False,True,True,False,1784877717.3279548,0,False,0,0,False
1784849457.3002179,20,1784877816.9957914,37.54520485236897,0.7304364080262455,37.158007171740294,True,37.5,36.5,38.6,0.95,0.05,0.0,0.7,0.03,2,1784877827.0229018,False,True,True,False,1784877717.3279548,0,False,0,0,False
1784849457.3002179,20,1784877837.0017338,37.526512550545505,0.7301121538109407,37.14999618524453,True,37.5,36.5,38.6,0.95,0.05,0.0,0.7,0.03,2,1784877847.0288377,False,True,True,False,1784877717.3279548,0,False,0,0,False
1784849457.3002179,20,1784877857.0077152,37.526512550545505,0.7302265964751659,37.12863355458916,True,37.5,36.5,38.6,0.95,0.05,0.0,0.7,0.03,2,1784877867.0344121,False,True,True,False,1784877717.3279548,0,False,0,0,False
1784849457.3002179,20,1784877877.0136726,37.45708400091554,0.7306080720225833,37.12062256809338,True,37.5,36.5,38.6,0.95,0.05,0.0,0.7,0.03,2,1784877887.040884,False,True,True,False,1784877717.3279548,0,0,1,0,False
1784849457.3002179,20,1784877897.0196168,37.45708400091554,0.7302647440299077,37.11261158159762,True,37.5,36.5,38.6,0.95,0.05,0.0,0.7,0.03,2,1784877907.0467808,False,True,True,True,1784877897.327983,0,0,1,0,False
1784849457.3002179,20,1784877917.0254812,37.43038071259632,0.730512703135729,37.08323796444648,True,37.5,36.5,38.6,0.95,0.05,0.0,0.7,0.03,2,1784877927.052784,False,True,True,False,1784877897.327983,0,0,1,0,False
1784849457.3002179,20,1784877937.0314152,37.44373235675593,0.7305889982452125,37.091248950942244,True,37.5,36.5,38.6,0.95,0.05,0.0,0.7,0.03,2,1784877947.0591664,False,True,True,False,1784877897.327983,0,0,1,0,False
1784849457.3002179,20,1784877957.0372868,37.47577630273899,0.7303219653620203,37.10727092393378,True,37.5,36.5,38.6,0.95,0.05,0.0,0.7,0.03,2,1784877967.0637882,False,True,True,False,1784877897.327983,0,0,1,0,False
1784849457.3002179,20,1784877977.0431864,37.48645761806668,0.7304173342488747,37.139314869916845,True,37.5,36.5,38.6,0.95,0.05,0.0,0.7,0.03,2,1784877987.07205,False,True,True,False,1784877897.327983,0,0,1,0,False
1784849457.3002179,20,1784877997.0493538,37.507820248722055,0.7303791866941328,37.17135881589991,True,37.5,36.5,38.6,0.95,0.05,0.0,0.7,0.03,2,1784878007.0764987,False,True,True,False,1784877897.327983,0,False,0,0,False
1784849457.3002179,20,1784878017.0553834,37.53452353704128,0.7306271457999542,37.158007171740294,True,37.5,36.5,38.6,0.95,0.05,0.0,0.7,0.03,2,1784878027.082535,False,True,True,False,1784877897.327983,0,False,0,0,False
1784849457.3002179,20,1784878037.06151,37.52117189288167,0.7307225146868086,37.14999618524453,True,37.5,36.5,38.6,0.95,0.05,0.0,0.7,0.03,2,1784878047.0881867,False,True,True,False,1784877897.327983,0,False,0,0,False
1784849457.3002179,20,1784878057.0675445,37.49980926222629,0.7306843671320667,37.139314869916845,True,37.5,36.5,38.6,0.95,0.05,0.0,0.7,0.03,2,1784878067.094788,False,True,True,False,1784877897.327983,0,0,1,0,False
1784849457.3002179,20,1784878077.07343,37.46242465857938,0.7306271457999542,37.12062256809338,True,37.5,36.5,38.6,0.95,0.05,0.0,0.7,0.03,2,1784878087.101278,False,True,True,True,1784878077.3279939,0,0,1,0,False
1784849457.3002179,20,1784878097.0793257,37.47310597390707,0.7302647440299077,37.091248950942244,True,37.5,36.5,38.6,0.95,0.05,0.0,0.7,0.03,2,1784878107.1062765,False,True,True,False,1784878077.3279939,0,0,1,0,False
1784849457.3002179,20,1784878117.0851622,37.45708400091554,0.7302265964751659,37.10460059510186,True,37.5,36.5,38.6,0.95,0.05,0.0,0.7,0.03,2,1784878127.1118302,False,True,True,False,1784878077.3279939,0,0,1,0,False
1784849457.3002179,20,1784878137.0911005,37.470435645075156,0.7301121538109407,37.11795223926147,True,37.5,36.5,38.6,0.95,0.05,0.0,0.7,0.03,2,1784878147.1182742,False,True,True,False,1784878077.3279939,0,0,1,0,False
1784849457.3002179,20,1784878157.0969577,37.507820248722055,0.7304173342488747,37.12863355458916,True,37.5,36.5,38.6,0.95,0.05,0.0,0.7,0.03,2,1784878167.1240835,False,True,True,False,1784878077.3279939,0,False,0,0,False
1784849457.3002179,20,1784878177.1029649,37.52384222171359,0.730665293354696,37.16601815823606,True,37.5,36.5,38.6,0.95,0.05,0.0,0.7,0.03,2,1784878187.1301095,False,True,True,False,1784878077.3279939,0,False,0,0,False
1784849457.3002179,20,1784878197.1089165,37.52384222171359,0.7304936293583582,37.14999618524453,True,37.5,36.5,38.6,0.95,0.05,0.0,0.7,0.03,2,1784878207.1360338,False,True,True,False,1784878077.3279939,0,False,0,0,False
1784849457.3002179,20,1784878217.1149008,37.49713893339437,0.7304364080262455,37.13664454108492,True,37.5,36.5,38.6,0.95,0.05,0.0,0.7,0.03,2,1784878227.1423588,False,True,True,False,1784878077.3279939,0,0,1,0,False
1784849457.3002179,20,1784878237.1207192,37.49980926222629,0.7305508506904708,37.133974212252994,True,37.5,36.5,38.6,0.95,0.05,0.0,0.7,0.03,2,1784878247.1473823,False,True,True,False,1784878077.3279939,0,0,1,0,False
1784849457.3002179,20,1784878257.1265876,37.47844663157092,0.730512703135729,37.10727092393378,True,37.5,36.5,38.6,0.95,0.05,0.0,0.7,0.03,2,1784878267.153049,False,True,True,True,1784878257.3280072,0,0,1,0,False
1784849457.3002179,20,1784878277.1324222,37.47310597390707,0.7304936293583582,37.12062256809338,True,37.5,36.5,38.6,0.95,0.05,0.0,0.7,0.03,2,1784878287.159671,False,True,True,False,1784878257.3280072,0,0,1,0,False
1784849457.3002179,20,1784878297.1383226,37.49980926222629,0.7303410391393912,37.12329289692531,True,37.5,36.5,38.6,0.95,0.05,0.0,0.7,0.03,2,1784878307.1654744,False,True,True,False,1784878257.3280072,0,0,1,0,False
1784849457.3002179,20,1784878317.144138,37.51049057755398,0.7306080720225833,37.16868848706798,True,37.5,36.5,38.6,0.95,0.05,0.0,0.7,0.03,2,1784878327.1709414,False,True,True,False,1784878257.3280072,0,False,0,0,False
1784849457.3002179,20,1784878337.1502542,37.49179827573053,0.7304554818036163,37.16067750057222,True,37.5,36.5,38.6,0.95,0.05,0.0,0.7,0.03,2,1784878347.1773999,False,True,True,False,1784878257.3280072,0,0,1,0,False
1784849457.3002179,20,1784878357.156091,37.53986419470512,0.730665293354696,37.16067750057222,True,37.5,36.5,38.6,0.95,0.05,0.0,0.7,0.03,2,1784878367.1833217,False,True,True,False,1784878257.3280072,0,False,0,0,False
1784849457.3002179,20,1784878377.1620877,37.550545510032805,0.7310086213473717,37.14465552758068,True,37.5,36.5,38.6,0.95,0.05,0.0,0.7,0.03,2,1784878387.1894064,False,True,True,False,1784878257.3280072,0,False,0,0,False
1784849457.3002179,20,1784878397.168232,37.49713893339437,0.7304745555809873,37.133974212252994,True,37.5,36.5,38.6,0.95,0.05,0.0,0.7,0.03,2,1784878407.1949916,False,True,True,False,1784878257.3280072,0,0,1,0,False
1784849457.3002179,20,1784878417.174212,37.47577630273899,0.7305317769130998,37.13130388342107,True,37.5,36.5,38.6,0.95,0.05,0.0,0.7,0.03,2,1784878427.2013097,False,True,True,False,1784878257.3280072,0,0,1,0,False
1784849457.3002179,20,1784878437.1800056,37.49980926222629,0.7308369573510337,37.12863355458916,True,37.5,36.5,38.6,0.95,0.05,0.0,0.7,0.03,2,1784878447.2071424,False,True,True,True,1784878437.3280182,0,0,1,0,False
1784849457.3002179,20,1784878457.1858644,37.45174334325169,0.7307225146868086,37.10193026626993,True,37.5,36.5,38.6,0.95,0.05,0.0,0.7,0.03,2,1784878467.2130344,False,True,True,False,1784878437.3280182,0,0,1,0,False
1784849457.3002179,20,1784878477.191857,37.47844663157092,0.7306843671320667,37.12596322575723,True,37.5,36.5,38.6,0.95,0.05,0.0,0.7,0.03,2,1784878487.2190905,False,True,True,False,1784878437.3280182,0,0,1,0,False
1784849457.3002179,20,1784878497.1977391,37.49446860456244,0.7306843671320667,37.12863355458916,True,37.5,36.5,38.6,0.95,0.05,0.0,0.7,0.03,2,1784878507.2249072,False,True,True,False,1784878437.3280182,0,0,1,0,False
1784849457.3002179,20,1784878517.2035987,37.526512550545505,0.7305699244678416,37.152666514076444,True,37.5,36.5,38.6,0.95,0.05,0.0,0.7,0.03,2,1784878527.2307837,False,True,True,False,1784878437.3280182,0,False,0,0,False
1784849457.3002179,20,1784878537.2095454,37.49713893339437,0.7305889982452125,37.15533684290837,True,37.5,36.5,38.6,0.95,0.05,0.0,0.7,0.03,2,1784878547.236709,False,True,True,False,1784878437.3280182,0,0,1,0,False
1784849457.3002179,20,1784878557.215488,37.51850156404974,0.7305889982452125,37.15533684290837,True,37.5,36.5,38.6,0.95,0.05,0.0,0.7,0.03,2,1784878567.242718,False,True,True,False,1784878437.3280182,0,False,0,0,False
1784849457.3002179,20,1784878577.2214952,37.507820248722055,0.7302265964751659,37.14999618524453,True,37.5,36.5,38.6,0.95,0.05,0.0,0.7,0.03,2,1784878587.2486541,False,True,True,False,1784878437.3280182,0,False,0,0,False
1784849457.3002179,20,1784878597.2275393,37.47577630273899,0.7307797360189212,37.133974212252994,True,37.5,36.5,38.6,0.95,0.05,0.0,0.7,0.03,2,1784878607.258108,False,True,True,False,1784878437.3280182,0,0,1,0,False
1784849457.3002179,20,1784878617.2367609,37.470435645075156,0.7304554818036163,37.115281910429545,True,37.5,36.5,38.6,0.95,0.05,0.0,0.7,0.03,2,1784878627.2639089,False,True,True,True,1784878617.3280206,0,0,1,0,False
1784849457.3002179,20,1784878637.2426887,37.47310597390707,0.7307225146868086,37.091248950942244,True,37.5,36.5,38.6,0.95,0.05,0.0,0.7,0.03,2,1784878647.2698326,False,True,True,False,1784878617.3280206,0,0,1,0,False
1784849457.3002179,20,1784878657.2485402,37.49980926222629,0.730512703135729,37.11795223926147,True,37.5,36.5,38.6,0.95,0.05,0.0,0.7,0.03,2,1784878667.2756686,False,True,True,False,1784878617.3280206,0,0,1,0,False
1784849457.3002179,20,1784878677.2544203,37.49980926222629,0.7307034409094377,37.14732585641261,True,37.5,36.5,38.6,0.95,0.05,0.0,0.7,0.03,2,1784878687.2816255,False,True,True,False,1784878617.3280206,0,0,1,0,False
1784849457.3002179,20,1784878697.2602847,37.53719386587319,0.730951400015259,37.14465552758068,True,37.5,36.5,38.6,0.95,0.05,0.0,0.7,0.03,2,1784878707.2873504,False,True,True,False,1784878617.3280206,0,False,0,0,False
1784849457.3002179,20,1784878717.2661972,37.55321583886473,0.7307415884641795,37.16334782940413,True,37.5,36.5,38.6,0.95,0.05,0.0,0.7,0.03,2,1784878727.2933104,False,True,True,False,1784878617.3280206,0,False,0,0,False
1784849457.3002179,20,1784878737.2722242,37.507820248722055,0.7308941786831464,37.17135881589991,True,37.5,36.5,38.6,0.95,0.05,0.0,0.7,0.03,2,1784878747.2993228,False,True,True,False,1784878617.3280206,0,False,0,0,False
1784849457.3002179,20,1784878757.2781725,37.48645761806668,0.730817883573663,37.14999618524453,True,37.5,36.5,38.6,0.95,0.05,0.0,0.7,0.03,2,1784878767.3051093,False,True,True,False,1784878617.3280206,0,0,1,0,False
1784849457.3002179,20,1784878777.2843702,37.48645761806668,0.7304936293583582,37.12863355458916,True,37.5,36.5,38.6,0.95,0.05,0.0,0.7,0.03,2,1784878787.313222,False,True,True,False,1784878617.3280206,0,0,1,0,False
1784849457.3002179,20,1784878797.2903533,37.470435645075156,0.7306843671320667,37.12329289692531,True,37.5,36.5,38.6,0.95,0.05,0.0,0.7,0.03,2,1784878807.3175516,False,True,True,True,1784878797.3280559,0,0,1,0,False
1784849457.3002179,20,1784878817.296305,37.47577630273899,0.730512703135729,37.13130388342107,True,37.5,36.5,38.6,0.95,0.05,0.0,0.7,0.03,2,1784878827.3234541,False,True,True,False,1784878797.3280559,0,0,1,0,False
1784849457.3002179,20,1784878837.3022423,37.51049057755398,0.7308369573510337,37.14465552758068,True,37.5,36.5,38.6,0.95,0.05,0.0,0.7,0.03,2,1784878847.3293593,False,True,True,False,1784878797.3280559,0,False,0,0,False
1784849457.3002179,20,1784878857.3081849,37.526512550545505,0.730817883573663,37.14999618524453,True,37.5,36.5,38.6,0.95,0.05,0.0,0.7,0.03,2,1784878867.3353746,False,True,True,False,1784878797.3280559,0,False,0,0,False
1784849457.3002179,20,1784878877.3142638,37.51049057755398,0.7311612115663386,37.16868848706798,True,37.5,36.5,38.6,0.95,0.05,0.0,0.7,0.03,2,1784878887.341772,False,True,True,False,1784878797.3280559,0,False,0,0,False
1784849457.3002179,20,1784878897.3202791,37.50514991989013,0.7308369573510337,37.139314869916845,True,37.5,36.5,38.6,0.95,0.05,0.0,0.7,0.03,2,1784878907.346827,False,True,True,False,1784878797.3280559,0,False,0,0,False
1784849457.3002179,20,1784878917.3262584,37.483787289234755,0.7310276951247425,37.13130388342107,True,37.5,36.5,38.6,0.95,0.05,0.0,0.7,0.03,2,1784878927.353341,False,True,True,False,1784878797.3280559,0,0,1,0,False
1784849457.3002179,20,1784878937.3321052,37.47577630273899,0.7309895475700007,37.11261158159762,True,37.5,36.5,38.6,0.95,0.05,0.0,0.7,0.03,2,1784878947.3592846,False,True,True,False,1784878797.3280559,0,0,1,0,False
1784849457.3002179,20,1784878957.3380291,37.481116960402844,0.7305699244678416,37.11795223926147,True,37.5,36.5,38.6,0.95,0.05,0.0,0.7,0.03,2,1784878967.3651197,False,True,True,True,1784878977.328089,0,0,1,0,False
1784849457.3002179,20,1784878977.3438988,37.49179827573053,0.7306843671320667,37.12863355458916,True,37.5,36.5,38.6,0.95,0.05,0.0,0.7,0.03,2,1784878987.37103,False,True,True,True,1784878977.328089,0,0,1,0,False
1784849457.3002179,20,1784878997.3497143,37.507820248722055,0.7310658426794842,37.12329289692531,True,37.5,36.5,38.6,0.95,0.05,0.0,0.7,0.03,2,1784879007.376854,False,True,True,False,1784878977.328089,0,False,0,0,False
1784849457.3002179,20,1784879017.3557558,37.507820248722055,0.7309704737926299,37.14732585641261,True,37.5,36.5,38.6,0.95,0.05,0.0,0.7,0.03,2,1784879027.3823926,False,True,True,False,1784878977.328089,0,False,0,0,False
1784849457.3002179,20,1784879037.36166,37.52117189288167,0.7310467689021134,37.14465552758068,True,37.5,36.5,38.6,0.95,0.05,0.0,0.7,0.03,2,1784879047.3882844,False,True,True,False,1784878977.328089,0,False,0,0,False
1784849457.3002179,20,1784879057.3676188,37.51049057755398,0.730817883573663,37.14465552758068,True,37.5,36.5,38.6,0.95,0.05,0.0,0.7,0.03,2,1784879067.3941982,False,True,True,False,1784878977.328089,0,False,0,0,False
1784849457.3002179,20,1784879077.3734937,37.51049057755398,0.7310467689021134,37.13130388342107,True,37.5,36.5,38.6,0.95,0.05,0.0,0.7,0.03,2,1784879087.401158,False,True,True,False,1784878977.328089,0,False,0,0,False
1784849457.3002179,20,1784879097.3795776,37.47310597390707,0.7306843671320667,37.096589608606095,True,37.5,36.5,38.6,0.95,0.05,0.0,0.7,0.03,2,1784879107.406456,False,True,True,False,1784878977.328089,0,0,1,0,False
1784849457.3002179,20,1784879117.3855875,37.47310597390707,0.7309704737926299,37.12596322575723,True,37.5,36.5,38.6,0.95,0.05,0.0,0.7,0.03,2,1784879127.4128811,False,True,True,False,1784878977.328089,0,0,1,0,False
1784849457.3002179,20,1784879137.391502,37.470435645075156,0.730951400015259,37.12863355458916,True,37.5,36.5,38.6,0.95,0.05,0.0,0.7,0.03,2,1784879147.4188323,False,True,True,True,1784879157.3281114,0,0,1,0,False
1784849457.3002179,20,1784879157.3973691,37.513160906385906,0.7308560311284047,37.12863355458916,True,37.5,36.5,38.6,0.95,0.05,0.0,0.7,0.03,2,1784879167.425079,False,True,True,True,1784879157.3281114,0,False,0,0,False
1784849457.3002179,20,1784879177.403936,37.507820248722055,0.7311230640115969,37.12863355458916,True,37.5,36.5,38.6,0.95,0.05,0.0,0.7,0.03,2,1784879187.4310923,False,True,True,False,1784879157.3281114,0,False,0,0,False
1784849457.3002179,20,1784879197.4099574,37.48645761806668,0.7309323262378882,37.133974212252994,True,37.5,36.5,38.6,0.95,0.05,0.0,0.7,0.03,2,1784879207.4366603,False,True,True,False,1784879157.3281114,0,0,1,0,False
1784849457.3002179,20,1784879217.4158895,37.50247959105822,0.7311612115663386,37.115281910429545,True,37.5,36.5,38.6,0.95,0.05,0.0,0.7,0.03,2,1784879227.4430544,False,True,True,False,1784879157.3281114,0,False,0,0,False
1784849457.3002179,20,1784879237.4218554,37.483787289234755,0.7310658426794842,37.12329289692531,True,37.5,36.5,38.6,0.95,0.05,0.0,0.7,0.03,2,1784879247.4491384,False,True,True,False,1784879157.3281114,0,0,1,0,False
1784849457.3002179,20,1784879257.4278758,37.49980926222629,0.7309895475700007,37.15533684290837,True,37.5,36.5,38.6,0.95,0.05,0.0,0.7,0.03,2,1784879267.4555314,False,True,True,False,1784879157.3281114,0,0,1,0,False
1784849457.3002179,20,1784879277.4337697,37.489127946898606,0.7307797360189212,37.141985198748756,True,37.5,36.5,38.6,0.95,0.05,0.0,0.7,0.03,2,1784879287.4609125,False,True,True,False,1784879157.3281114,0,0,1,0,False
1784849457.3002179,20,1784879297.439683,37.51049057755398,0.7308560311284047,37.14465552758068,True,37.5,36.5,38.6,0.95,0.05,0.0,0.7,0.03,2,1784879307.4670863,False,True,True,False,1784879157.3281114,0,False,0,0,False
1784849457.3002179,20,1784879317.4456902,37.51583123521782,0.730951400015259,37.152666514076444,True,37.5,36.5,38.6,0.95,0.05,0.0,0.7,0.03,2,1784879327.472888,False,True,True,True,1784879337.328132,0,False,0,0,False
1784849457.3002179,20,1784879337.4517457,37.49713893339437,0.7308560311284047,37.14999618524453,True,37.5,36.5,38.6,0.95,0.05,0.0,0.7,0.03,2,1784879347.4789538,False,True,True,True,1784879337.328132,0,0,1,0,False
1784849457.3002179,20,1784879357.457592,37.470435645075156,0.730817883573663,37.10727092393378,True,37.5,36.5,38.6,0.95,0.05,0.0,0.7,0.03,2,1784879367.4848557,False,True,True,False,1784879337.328132,0,0,1,0,False
1784849457.3002179,20,1784879377.4635217,37.45975432974747,0.7307988097962921,37.12863355458916,True,37.5,36.5,38.6,0.95,0.05,0.0,0.7,0.03,2,1784879387.4906855,False,True,True,False,1784879337.328132,0,0,1,0,False
1784849457.3002179,20,1784879397.469944,37.470435645075156,0.7309323262378882,37.12863355458916,True,37.5,36.5,38.6,0.95,0.05,0.0,0.7,0.03,2,1784879407.4970882,False,True,True,False,1784879337.328132,0,0,1,0,False
1784849457.3002179,20,1784879417.4758306,37.513160906385906,0.7310658426794842,37.158007171740294,True,37.5,36.5,38.6,0.95,0.05,0.0,0.7,0.03,2,1784879427.5030613,False,True,True,False,1784879337.328132,0,False,0,0,False
1784849457.3002179,20,1784879437.4818716,37.52117189288167,0.7310658426794842,37.182040131227595,True,37.5,36.5,38.6,0.95,0.05,0.0,0.7,0.03,2,1784879447.5090845,False,True,True,False,1784879337.328132,0,False,0,0,False
1784849457.3002179,20,1784879457.487905,37.49980926222629,0.7310276951247425,37.14465552758068,True,37.5,36.5,38.6,0.95,0.05,0.0,0.7,0.03,2,1784879467.5150347,False,True,True,False,1784879337.328132,0,0,1,0,False
1784849457.3002179,20,1784879477.493722,37.51049057755398,0.7310849164568551,37.109941252765694,True,37.5,36.5,38.6,0.95,0.05,0.0,0.7,0.03,2,1784879487.5208862,False,True,True,False,1784879337.328132,0,False,0,0,False
1784849457.3002179,20,1784879497.4997268,37.51049057755398,0.7313710231174181,37.12863355458916,True,37.5,36.5,38.6,0.95,0.05,0.0,0.7,0.03,2,1784879507.5268948,False,True,True,True,1784879517.3281605,0,False,0,0,False
1784849457.3002179,20,1784879517.5057042,37.49980926222629,0.7311993591210804,37.14732585641261,True,37.5,36.5,38.6,0.95,0.05,0.0,0.7,0.03,2,1784879527.532295,False,True,True,True,1784879517.3281605,0,0,1,0,False
1784849457.3002179,20,1784879537.5115914,37.49713893339437,0.7311612115663386,37.139314869916845,True,37.5,36.5,38.6,0.95,0.05,0.0,0.7,0.03,2,1784879547.5397844,False,True,True,False,1784879517.3281605,0,0,1,0,False
1784849457.3002179,20,1784879557.5175998,37.507820248722055,0.7310276951247425,37.14999618524453,True,37.5,36.5,38.6,0.95,0.05,0.0,0.7,0.03,2,1784879567.5467825,False,True,True,False,1784879517.3281605,0,False,0,0,False
1784849457.3002179,20,1784879577.5238783,37.507820248722055,0.7311993591210804,37.133974212252994,True,37.5,36.5,38.6,0.95,0.05,0.0,0.7,0.03,2,1784879587.551106,False,True,True,False,1784879517.3281605,0,False,0,0,False
1784849457.3002179,20,1784879597.5299754,37.50247959105822,0.7310467689021134,37.139314869916845,True,37.5,36.5,38.6,0.95,0.05,0.0,0.7,0.03,2,1784879607.5570443,False,True,True,False,1784879517.3281605,0,False,0,0,False
1784849457.3002179,20,1784879617.535928,37.470435645075156,0.7308941786831464,37.14732585641261,True,37.5,36.5,38.6,0.95,0.05,0.0,0.7,0.03,2,1784879627.5630896,False,True,True,False,1784879517.3281605,0,0,1,0,False
1784849457.3002179,20,1784879637.541832,37.47310597390707,0.7311230640115969,37.139314869916845,True,37.5,36.5,38.6,0.95,0.05,0.0,0.7,0.03,2,1784879647.5684636,False,True,True,False,1784879517.3281605,0,0,1,0,False
1784849457.3002179,20,1784879657.5477383,37.49980926222629,0.731103990234226,37.12863355458916,True,37.5,36.5,38.6,0.95,0.05,0.0,0.7,0.03,2,1784879667.5748074,False,True,True,False,1784879517.3281605,0,0,1,0,False
1784849457.3002179,20,1784879677.553533,37.51049057755398,0.7310276951247425,37.17402914473182,True,37.5,36.5,38.6,0.95,0.05,0.0,0.7,0.03,2,1784879687.580673,False,True,True,True,1784879697.3281941,0,False,0,0,False
1784849457.3002179,20,1784879697.5595372,37.531853208209355,0.7311612115663386,37.16067750057222,True,37.5,36.5,38.6,0.95,0.05,0.0,0.7,0.03,2,1784879707.5866923,False,True,True,True,1784879697.3281941,0,False,0,0,False
1784849457.3002179,20,1784879717.5655365,37.49980926222629,0.731103990234226,37.14732585641261,True,37.5,36.5,38.6,0.95,0.05,0.0,0.7,0.03,2,1784879727.5926745,False,True,True,False,1784879697.3281941,0,0,1,0,False
1784849457.3002179,20,1784879737.5714462,37.47577630273899,0.7307606622415502,37.14465552758068,True,37.5,36.5,38.6,0.95,0.05,0.0,0.7,0.03,2,1784879747.598548,False,True,True,False,1784879697.3281941,0,0,1,0,False
1784849457.3002179,20,1784879757.577227,37.50247959105822,0.731256580453193,37.12863355458916,True,37.5,36.5,38.6,0.95,0.05,0.0,0.7,0.03,2,1784879767.604311,False,True,True,False,1784879697.3281941,0,False,0,0,False
1784849457.3002179,20,1784879777.583215,37.48645761806668,0.7313328755626765,37.11795223926147,True,37.5,36.5,38.6,0.95,0.05,0.0,0.7,0.03,2,1784879787.6103275,False,True,True,False,1784879697.3281941,0,0,1,0,False
1784849457.3002179,20,1784879797.589028,37.47577630273899,0.731256580453193,37.12329289692531,True,37.5,36.5,38.6,0.95,0.05,0.0,0.7,0.03,2,1784879807.6161838,False,True,True,False,1784879697.3281941,0,0,1,0,False
1784849457.3002179,20,1784879817.5949268,37.507820248722055,0.7313519493400473,37.13130388342107,True,37.5,36.5,38.6,0.95,0.05,0.0,0.7,0.03,2,1784879827.6220007,False,True,True,False,1784879697.3281941,0,False,0,0,False
1784849457.3002179,20,1784879837.600814,37.50514991989013,0.7311230640115969,37.14465552758068,True,37.5,36.5,38.6,0.95,0.05,0.0,0.7,0.03,2,1784879847.6280022,False,True,True,False,1784879697.3281941,0,False,0,0,False
1784849457.3002179,20,1784879857.6069102,37.49980926222629,0.7310276951247425,37.139314869916845,True,37.5,36.5,38.6,0.95,0.05,0.0,0.7,0.03,2,1784879867.6340225,False,True,True,True,1784879877.3282015,0,0,1,0,False
1784849457.3002179,20,1784879877.6127102,37.47310597390707,0.7313519493400473,37.109941252765694,True,37.5,36.5,38.6,0.95,0.05,0.0,0.7,0.03,2,1784879887.6399126,False,True,True,True,1784879877.3282015,0,0,1,0,False
1784849457.3002179,20,1784879897.6186714,37.47310597390707,0.7312375066758221,37.12863355458916,True,37.5,36.5,38.6,0.95,0.05,0.0,0.7,0.03,2,1784879907.6457715,False,True,True,False,1784879877.3282015,0,0,1,0,False
1784849457.3002179,20,1784879917.624512,37.47310597390707,0.7311230640115969,37.109941252765694,True,37.5,36.5,38.6,0.95,0.05,0.0,0.7,0.03,2,1784879927.6517448,False,True,True,False,1784879877.3282015,0,0,1,0,False
1784849457.3002179,20,1784879937.6304898,37.513160906385906,0.7314473182269016,37.14999618524453,True,37.5,36.5,38.6,0.95,0.05,0.0,0.7,0.03,2,1784879947.6575673,False,True,True,False,1784879877.3282015,0,False,0,0,False
1784849457.3002179,20,1784879957.6363864,37.507820248722055,0.7310849164568551,37.17135881589991,True,37.5,36.5,38.6,0.95,0.05,0.0,0.7,0.03,2,1784879967.6635056,False,True,True,False,1784879877.3282015,0,False,0,0,False
1784849457.3002179,20,1784879977.6423938,37.48645761806668,0.7310086213473717,37.133974212252994,True,37.5,36.5,38.6,0.95,0.05,0.0,0.7,0.03,2,1784879987.669066,False,True,True,False,1784879877.3282015,0,0,1,0,False
1784849457.3002179,20,1784879997.6483035,37.49713893339437,0.7310658426794842,37.10727092393378,True,37.5,36.5,38.6,0.95,0.05,0.0,0.7,0.03,2,1784880007.6754246,False,True,True,False,1784879877.3282015,0,0,1,0,False
1784849457.3002179,20,1784880017.65419,37.470435645075156,0.7312756542305638,37.12062256809338,True,37.5,36.5,38.6,0.95,0.05,0.0,0.7,0.03,2,1784880027.6817641,False,True,True,False,1784879877.3282015,0,0,1,0,False
1784849457.3002179,20,1784880037.6600177,37.52117189288167,0.731256580453193,37.14999618524453,True,37.5,36.5,38.6,0.95,0.05,0.0,0.7,0.03,2,1784880047.6876016,False,True,True,True,1784880057.3282046,0,False,0,0,False
1784849457.3002179,20,1784880057.6660142,37.526512550545505,0.7315999084458685,37.14465552758068,True,37.5,36.5,38.6,0.95,0.05,0.0,0.7,0.03,2,1784880067.6930947,False,True,True,True,1784880057.3282046,0,False,0,0,False
1784849457.3002179,20,1784880077.6719074,37.50514991989013,0.7315045395590143,37.12596322575723,True,37.5,36.5,38.6,0.95,0.05,0.0,0.7,0.03,2,1784880087.6991088,False,True,True,False,1784880057.3282046,0,False,0,0,False
1784849457.3002179,20,1784880097.6779885,37.49446860456244,0.7311993591210804,37.133974212252994,True,37.5,36.5,38.6,0.95,0.05,0.0,0.7,0.03,2,1784880107.7054298,True,True,True,False,1784880057.3282046,0,0,1,0,False
1784849457.3002179,20,1784880117.6842155,37.49446860456244,0.7314282444495308,37.13130388342107,True,37.5,36.5,38.6,0.95,0.05,0.0,0.7,0.03,2,1784880127.7154999,True,False,True,False,1784880057.3282046,0,0,1,0,False
1784849457.3002179,20,1784880137.6937406,37.513160906385906,0.7311802853437095,37.139314869916845,True,37.5,36.5,38.6,0.95,0.05,0.0,0.7,0.03,2,1784880147.7205791,True,False,True,False,1784880057.3282046,0,False,0,0,False
1784849457.3002179,20,1784880157.7001286,37.53452353704128,0.7314282444495308,37.139314869916845,True,37.5,36.5,38.6,0.95,0.05,0.0,0.7,0.03,2,1784880167.7270753,True,False,True,False,1784880057.3282046,0,False,0,0,False
1784849457.3002179,20,1784880177.7064817,37.52384222171359,0.7313328755626765,37.12863355458916,True,37.5,36.5,38.6,0.95,0.05,0.0,0.7,0.03,2,1784880187.7337873,True,True,True,False,1784880057.3282046,0,False,0,0,False
1784849457.3002179,20,1784880197.7126727,37.47577630273899,0.7313138017853056,37.10727092393378,True,37.5,36.5,38.6,0.95,0.05,0.0,0.7,0.03,2,1784880207.741883,True,True,True,False,1784880057.3282046,0,0,1,0,False
1784849457.3002179,20,1784880217.7192707,37.48645761806668,0.7313328755626765,37.12062256809338,True,37.5,36.5,38.6,0.95,0.05,0.0,0.7,0.03,2,1784880227.7496898,True,True,True,True,1784880237.3282077,0,0,1,0,False
1784849457.3002179,20,1784880237.7259338,37.49980926222629,0.7313900968947891,37.10727092393378,True,37.5,36.5,38.6,0.95,0.05,0.0,0.7,0.03,2,1784880247.7554665,True,True,True,True,1784880237.3282077,0,0,1,0,False
1784849457.3002179,20,1784880257.7323236,37.489127946898606,0.731523613336385,37.091248950942244,True,37.5,36.5,38.6,0.95,0.05,0.0,0.7,0.03,2,1784880267.7591772,True,True,True,False,1784880237.3282077,0,0,1,0,False
1784849457.3002179,20,1784880277.7384903,37.489127946898606,0.7314854657816434,37.08857862211032,True,37.5,36.5,38.6,0.95,0.05,0.0,0.7,0.03,2,1784880287.7657993,True,True,True,False,1784880237.3282077,0,0,1,0,False
1784849457.3002179,20,1784880297.7446432,37.52117189288167,0.7316380560006104,37.11261158159762,True,37.5,36.5,38.6,0.95,0.05,0.0,0.7,0.03,2,1784880307.771374,True,False,True,False,1784880237.3282077,0,False,0,0,False
1784849457.3002179,20,1784880317.751004,37.54253452353704,0.7315999084458685,37.109941252765694,True,37.5,36.5,38.6,0.95,0.05,0.0,0.7,0.03,2,1784880327.7781188,True,True,True,False,1784880237.3282077,0,False,0,0,False
1784849457.3002179,20,1784880337.7574236,37.53452353704128,0.731542687113756,37.10727092393378,True,37.5,36.5,38.6,0.95,0.05,0.0,0.7,0.03,2,1784880347.784769,True,True,True,False,1784880237.3282077,0,False,0,0,False
1784849457.3002179,20,1784880357.7636864,37.49713893339437,0.731542687113756,37.08056763561456,True,37.5,36.5,38.6,0.95,0.05,0.0,0.7,0.03,2,1784880367.7911274,True,True,True,False,1784880237.3282077,0,0,1,0,False
1784849457.3002179,20,1784880377.7698584,37.49713893339437,0.7314663920042725,37.06988632028687,True,37.5,36.5,38.6,0.95,0.05,0.0,0.7,0.03,2,1784880387.7971663,True,False,True,False,1784880237.3282077,0,0,1,0,False
1784849457.3002179,20,1784880397.775955,37.49713893339437,0.7314663920042725,37.06454566262303,True,37.5,36.5,38.6,0.95,0.05,0.0,0.7,0.03,2,1784880407.8033595,True,True,True,True,1784880417.3282173,0,0,1,0,False
1784849457.3002179,20,1784880417.7820783,37.48645761806668,0.7314473182269016,37.08323796444648,True,37.5,36.5,38.6,0.95,0.05,0.0,0.7,0.03,2,1784880427.8094373,True,True,True,True,1784880417.3282173,0,0,1,0,False
1784849457.3002179,20,1784880437.7881696,37.51049057755398,0.7315045395590143,37.08590829327841,True,37.5,36.5,38.6,0.95,0.05,0.0,0.7,0.03,2,1784880447.8154569,True,True,True,False,1784880417.3282173,0,False,0,0,False
1784849457.3002179,20,1784880457.7944171,37.50514991989013,0.7314854657816434,37.08590829327841,True,37.5,36.5,38.6,0.95,0.05,0.0,0.7,0.03,2,1784880467.8220394,True,True,True,False,1784880417.3282173,0,False,0,0,False
1784849457.3002179,20,1784880477.8006194,37.49980926222629,0.7316571297779813,37.08323796444648,True,37.5,36.5,38.6,0.95,0.05,0.0,0.7,0.03,2,1784880487.8274243,True,True,True,False,1784880417.3282173,0,0,1,0,False
1784849457.3002179,20,1784880497.806754,37.49980926222629,0.7314091706721599,37.04318303196766,True,37.5,36.5,38.6,0.95,0.05,0.0,0.7,0.03,2,1784880507.8335297,True,True,True,False,1784880417.3282173,0,0,1,0,False
1784849457.3002179,20,1784880517.8129354,37.50514991989013,0.731523613336385,37.08323796444648,True,37.5,36.5,38.6,0.95,0.05,0.0,0.7,0.03,2,1784880527.8403919,True,True,True,False,1784880417.3282173,0,False,0,0,False
1784849457.3002179,20,1784880537.8193016,37.52384222171359,0.7316380560006104,37.096589608606095,True,37.5,36.5,38.6,0.95,0.05,0.0,0.7,0.03,2,1784880547.8506353,True,True,True,False,1784880417.3282173,0,False,0,0,False
1784849457.3002179,20,1784880557.8256507,37.49713893339437,0.7315999084458685,37.06454566262303,True,37.5,36.5,38.6,0.95,0.05,0.0,0.7,0.03,2,1784880567.8533263,True,True,True,False,1784880417.3282173,0,0,1,0,False
1784849457.3002179,20,1784880577.8327162,37.47577630273899,0.7314282444495308,37.06454566262303,True,37.5,36.5,38.6,0.95,0.05,0.0,0.7,0.03,2,1784880587.8617647,True,True,True,True,1784880597.3282506,0,0,1,0,False
1784849457.3002179,20,1784880597.840746,37.45441367208362,0.7314473182269016,37.06988632028687,True,37.5,36.5,38.6,0.95,0.05,0.0,0.7,0.03,2,1784880607.869074,True,False,True,True,1784880597.3282506,0,0,1,0,False
1784849457.3002179,20,1784880617.8485098,37.49713893339437,0.7318097199969482,37.05653467612726,True,37.5,36.5,38.6,0.95,0.05,0.0,0.7,0.03,2,1784880627.877536,True,True,True,False,1784880597.3282506,0,0,1,0,False
1784849457.3002179,20,1784880637.8556774,37.51049057755398,0.7315045395590143,37.06454566262303,True,37.5,36.5,38.6,0.95,0.05,0.0,0.7,0.03,2,1784880647.8835614,True,False,True,False,1784880597.3282506,0,False,0,0,False
1784849457.3002179,20,1784880657.8624315,37.51583123521782,0.7317334248874647,37.05920500495918,True,37.5,36.5,38.6,0.95,0.05,0.0,0.7,0.03,2,1784880667.8896282,True,True,True,False,1784880597.3282506,0,False,0,0,False
1784849457.3002179,20,1784880677.8686922,37.52117189288167,0.7315808346684978,37.099259937438006,True,37.5,36.5,38.6,0.95,0.05,0.0,0.7,0.03,2,1784880687.8966267,True,False,True,False,1784880597.3282506,0,False,0,0,False
1784849457.3002179,20,1784880697.8750288,37.49446860456244,0.7316380560006104,37.06454566262303,True,37.5,36.5,38.6,0.95,0.05,0.0,0.7,0.03,2,1784880707.9024098,True,False,True,False,1784880597.3282506,0,0,1,0,False
1784849457.3002179,20,1784880717.8811493,37.49980926222629,0.7315808346684978,37.06187533379111,True,37.5,36.5,38.6,0.95,0.05,0.0,0.7,0.03,2,1784880727.909637,True,True,True,False,1784880597.3282506,0,0,1,0,False
1784849457.3002179,20,1784880737.8892457,37.47577630273899,0.7314663920042725,37.04318303196766,True,37.5,36.5,38.6,0.95,0.05,0.0,0.7,0.03,2,1784880747.9185004,True,True,True,False,1784880597.3282506,0,0,1,0,False
1784849457.3002179,20,1784880757.8967159,37.49713893339437,0.7317715724422065,37.06454566262303,True,37.5,36.5,38.6,0.95,0.05,0.0,0.7,0.03,2,1784880767.9240189,True,True,True,True,1784880777.3282595,0,0,1,0,False
1784849457.3002179,20,1784880777.9028783,37.49179827573053,0.7315808346684978,37.06454566262303,True,37.5,36.5,38.6,0.95,0.05,0.0,0.7,0.03,2,1784880787.9344106,True,True,True,True,1784880777.3282595,0,0,1,0,False
1784849457.3002179,20,1784880797.908954,37.51850156404974,0.7315617608911269,37.053864347295345,True,37.5,36.5,38.6,0.95,0.05,0.0,0.7,0.03,2,1784880807.9360642,True,False,True,False,1784880777.3282595,0,False,0,0,False
1784849457.3002179,20,1784880817.9154892,37.53452353704128,0.7317524986648355,37.072556649118795,True,37.5,36.5,38.6,0.95,0.05,0.0,0.7,0.03,2,1784880827.943651,True,True,True,False,1784880777.3282595,0,False,0,0,False
1784849457.3002179,20,1784880837.9224894,37.526512550545505,0.7317143511100939,37.06454566262303,True,37.5,36.5,38.6,0.95,0.05,0.0,0.7,0.03,2,1784880847.9514894,True,True,True,False,1784880777.3282595,0,False,0,0,False
1784849457.3002179,20,1784880857.92879,37.49980926222629,0.7314473182269016,37.048523689631494,True,37.5,36.5,38.6,0.95,0.05,0.0,0.7,0.03,2,1784880867.9571934,True,True,True,False,1784880777.3282595,0,0,1,0,False
1784849457.3002179,20,1784880877.9358373,37.49446860456244,0.7318860151064317,37.067215991454944,True,37.5,36.5,38.6,0.95,0.05,0.0,0.7,0.03,2,1784880887.965021,True,True,True,False,1784880777.3282595,0,0,1,0,False
1784849457.3002179,20,1784880897.944115,37.51049057755398,0.7316189822232395,37.053864347295345,True,37.5,36.5,38.6,0.95,0.05,0.0,0.7,0.03,2,1784880907.972789,True,True,True,False,1784880777.3282595,0,False,0,0,False
1784849457.3002179,20,1784880917.9515793,37.49980926222629,0.7318669413290608,37.04585336079957,True,37.5,36.5,38.6,0.95,0.05,0.0,0.7,0.03,2,1784880927.9797924,True,True,True,False,1784880777.3282595,0,0,1,0,False
1784849457.3002179,20,1784880937.9580264,37.53452353704128,0.7317715724422065,37.06454566262303,True,37.5,36.5,38.6,0.95,0.05,0.0,0.7,0.03,2,1784880947.986839,True,True,True,True,1784880957.3282654,0,False,0,0,False
1784849457.3002179,20,1784880957.964266,37.50247959105822,0.7315045395590143,37.091248950942244,True,37.5,36.5,38.6,0.95,0.05,0.0,0.7,0.03,2,1784880967.991541,True,True,True,True,1784880957.3282654,0,False,0,0,False
1784849457.3002179,20,1784880977.970564,37.465094987411305,0.7314854657816434,37.03784237430381,True,37.5,36.5,38.6,0.95,0.05,0.0,0.7,0.03,2,1784880988.003671,True,False,True,False,1784880957.3282654,0,0,1,0,False
1784849457.3002179,20,1784880997.9772437,37.470435645075156,0.731542687113756,37.04318303196766,True,37.5,36.5,38.6,0.95,0.05,0.0,0.7,0.03,2,1784881008.0042663,True,True,True,False,1784880957.3282654,0,0,1,0,False
1784849457.3002179,20,1784881017.9836802,37.48645761806668,0.7318669413290608,37.05653467612726,True,37.5,36.5,38.6,0.95,0.05,0.0,0.7,0.03,2,1784881028.0107074,True,True,True,False,1784880957.3282654,0,0,1,0,False
1784849457.3002179,20,1784881037.9898112,37.49446860456244,0.7316380560006104,37.053864347295345,True,37.5,36.5,38.6,0.95,0.05,0.0,0.7,0.03,2,1784881048.0192394,True,True,True,False,1784880957.3282654,0,0,1,0,False
1784849457.3002179,20,1784881057.9961445,37.52117189288167,0.731828793774319,37.06454566262303,True,37.5,36.5,38.6,0.95,0.05,0.0,0.7,0.03,2,1784881068.023561,True,False,True,False,1784880957.3282654,0,False,0,0,False
1784849457.3002179,20,1784881078.0029316,37.53719386587319,0.7316571297779813,37.072556649118795,True,37.5,36.5,38.6,0.95,0.05,0.0,0.7,0.03,2,1784881088.0318646,True,False,True,False,1784880957.3282654,0,False,0,0,False
1784849457.3002179,20,1784881098.0093014,37.526512550545505,0.7320195315480278,37.07522697795072,True,37.5,36.5,38.6,0.95,0.05,0.0,0.7,0.03,2,1784881108.0363972,True,True,True,False,1784880957.3282654,0,False,0,0,False
1784849457.3002179,20,1784881118.0156198,37.47844663157092,0.7317143511100939,37.067215991454944,True,37.5,36.5,38.6,0.95,0.05,0.0,0.7,0.03,2,1784881128.0430856,True,True,True,True,1784881137.328274,0,0,1,0,False
1784849457.3002179,20,1784881138.0218475,37.45975432974747,0.731695277332723,37.03784237430381,True,37.5,36.5,38.6,0.95,0.05,0.0,0.7,0.03,2,1784881148.0494282,True,True,True,True,1784881137.328274,0,0,1,0,False
1784849457.3002179,20,1784881158.0282044,37.44373235675593,0.7319432364385443,37.03250171663997,True,37.5,36.5,38.6,0.95,0.05,0.0,0.7,0.03,2,1784881168.0557973,True,True,True,False,1784881137.328274,0,0,1,0,False
1784849457.3002179,20,1784881178.0346844,37.45975432974747,0.7317334248874647,37.02716105897612,True,37.5,36.5,38.6,0.95,0.05,0.0,0.7,0.03,2,1784881188.0620604,True,True,True,False,1784881137.328274,0,0,1,0,False
1784849457.3002179,20,1784881198.040837,37.45975432974747,0.7317143511100939,37.02716105897612,True,37.5,36.5,38.6,0.95,0.05,0.0,0.7,0.03,2,1784881208.0682178,True,True,True,False,1784881137.328274,0,0,1,0,False
1784849457.3002179,20,1784881218.0470304,37.52384222171359,0.7317524986648355,37.05119401846342,True,37.5,36.5,38.6,0.95,0.05,0.0,0.7,0.03,2,1784881228.074392,True,False,True,False,1784881137.328274,0,False,0,0,False
1784849457.3002179,20,1784881238.0532606,37.531853208209355,0.7322293430991074,37.06454566262303,True,37.5,36.5,38.6,0.95,0.05,0.0,0.7,0.03,2,1784881248.0801651,True,False,True,False,1784881137.328274,0,False,0,0,False
1784849457.3002179,20,1784881258.0595071,37.51583123521782,0.7318860151064317,37.07522697795072,True,37.5,36.5,38.6,0.95,0.05,0.0,0.7,0.03,2,1784881268.0868297,True,True,True,False,1784881137.328274,0,False,0,0,False
1784849457.3002179,20,1784881278.0657218,37.49980926222629,0.7320576791027694,37.08323796444648,True,37.5,36.5,38.6,0.95,0.05,0.0,0.7,0.03,2,1784881288.0930662,True,True,True,False,1784881137.328274,0,0,1,0,False
1784849457.3002179,20,1784881298.071877,37.47310597390707,0.7319050888838025,37.053864347295345,True,37.5,36.5,38.6,0.95,0.05,0.0,0.7,0.03,2,1784881308.0992389,True,True,True,True,1784881317.328306,0,0,1,0,False
1784849457.3002179,20,1784881318.078118,37.46776531624323,0.7319050888838025,37.029831387808045,True,37.5,36.5,38.6,0.95,0.05,0.0,0.7,0.03,2,1784881328.10497,True,True,True,True,1784881317.328306,0,0,1,0,False
1784849457.3002179,20,1784881338.084235,37.44907301441978,0.7319623102159152,37.011139085984595,True,37.5,36.5,38.6,0.95,0.05,0.0,0.7,0.03,2,1784881348.1118069,True,False,True,False,1784881317.328306,0,0,1,0,False
1784849457.3002179,20,1784881358.090599,37.48645761806668,0.7318669413290608,37.00045777065691,True,37.5,36.5,38.6,0.95,0.05,0.0,0.7,0.03,2,1784881368.1181946,True,True,True,False,1784881317.328306,0,0,1,0,False
1784849457.3002179,20,1784881378.0969336,37.49713893339437,0.7319623102159152,37.02716105897612,True,37.5,36.5,38.6,0.95,0.05,0.0,0.7,0.03,2,1784881388.1243298,True,True,True,False,1784881317.328306,0,0,1,0,False
1784849457.3002179,20,1784881398.1031861,37.513160906385906,0.7321149004348821,37.04318303196766,True,37.5,36.5,38.6,0.95,0.05,0.0,0.7,0.03,2,1784881408.130608,True,True,True,False,1784881317.328306,0,False,0,0,False
1784849457.3002179,20,1784881418.1097066,37.53986419470512,0.7319813839932859,37.07789730678263,True,37.5,36.5,38.6,0.95,0.05,0.0,0.7,0.03,2,1784881428.1373172,True,True,True,False,1784881317.328306,0,False,0,0,False
1784849457.3002179,20,1784881438.116261,37.56389715419242,0.7320576791027694,37.07522697795072,True,37.5,36.5,38.6,0.95,0.05,0.0,0.7,0.03,2,1784881448.1437132,True,True,True,False,1784881317.328306,0,False,0,0,False
1784849457.3002179,20,1784881458.1227098,37.51583123521782,0.7320386053253987,37.053864347295345,True,37.5,36.5,38.6,0.95,0.05,0.0,0.7,0.03,2,1784881468.1501071,True,False,True,False,1784881317.328306,0,False,0,0,False
1784849457.3002179,20,1784881478.1289618,37.49980926222629,0.7320576791027694,37.06187533379111,True,37.5,36.5,38.6,0.95,0.05,0.0,0.7,0.03,2,1784881488.1590385,True,True,True,True,1784881497.3283246,0,0,1,0,False
1784849457.3002179,20,1784881498.135444,37.47310597390707,0.731828793774319,37.02716105897612,True,37.5,36.5,38.6,0.95,0.05,0.0,0.7,0.03,2,1784881508.1621823,True,False,True,True,1784881497.3283246,0,0,1,0,False
1784849457.3002179,20,1784881518.1415837,37.46776531624323,0.7320004577706569,37.029831387808045,True,37.5,36.5,38.6,0.95,0.05,0.0,0.7,0.03,2,1784881528.169335,True,True,True,False,1784881497.3283246,0,0,1,0,False
1784849457.3002179,20,1784881538.1478255,37.47577630273899,0.7318097199969482,37.02182040131228,True,37.5,36.5,38.6,0.95,0.05,0.0,0.7,0.03,2,1784881548.1749206,True,False,True,False,1784881497.3283246,0,0,1,0,False
1784849457.3002179,20,1784881558.1539187,37.507820248722055,0.7320767528801404,37.048523689631494,True,37.5,36.5,38.6,0.95,0.05,0.0,0.7,0.03,2,1784881568.184263,True,False,True,False,1784881497.3283246,0,False,0,0,False
1784849457.3002179,20,1784881578.160639,37.52918287937743,0.731828793774319,37.06988632028687,True,37.5,36.5,38.6,0.95,0.05,0.0,0.7,0.03,2,1784881588.1880639,True,True,True,False,1784881497.3283246,0,False,0,0,False
1784849457.3002179,20,1784881598.1672778,37.53452353704128,0.7319432364385443,37.06454566262303,True,37.5,36.5,38.6,0.95,0.05,0.0,0.7,0.03,2,1784881608.196138,True,True,True,False,1784881497.3283246,0,False,0,0,False
1784849457.3002179,20,1784881618.1737583,37.51850156404974,0.7320386053253987,37.06187533379111,True,37.5,36.5,38.6,0.95,0.05,0.0,0.7,0.03,2,1784881628.2010665,True,True,True,False,1784881497.3283246,0,False,0,0,False
1784849457.3002179,20,1784881638.1799967,37.47844663157092,0.731828793774319,37.03784237430381,True,37.5,36.5,38.6,0.95,0.05,0.0,0.7,0.03,2,1784881648.2073324,True,True,True,False,1784881497.3283246,0,0,1,0,False
1784849457.3002179,20,1784881658.186888,37.45174334325169,0.731676203555352,37.02716105897612,True,37.5,36.5,38.6,0.95,0.05,0.0,0.7,0.03,2,1784881668.2151873,True,True,True,True,1784881677.328338,0,0,1,0,False
1784849457.3002179,20,1784881678.1939595,37.43572137026017,0.7317906462195773,37.01915007248036,True,37.5,36.5,38.6,0.95,0.05,0.0,0.7,0.03,2,1784881688.221301,True,True,True,True,1784881677.328338,0,0,1,0,False
1784849457.3002179,20,1784881698.2008853,37.43572137026017,0.731828793774319,37.011139085984595,True,37.5,36.5,38.6,0.95,0.05,0.0,0.7,0.03,2,1784881708.2284148,True,True,True,False,1784881677.328338,0,0,1,0,False
1784849457.3002179,20,1784881718.2076266,37.49446860456244,0.7321339742122529,37.01915007248036,True,37.5,36.5,38.6,0.95,0.05,0.0,0.7,0.03,2,1784881728.2348661,True,True,True,False,1784881677.328338,0,0,1,0,False
1784849457.3002179,20,1784881738.2137685,37.50247959105822,0.7321149004348821,37.02716105897612,True,37.5,36.5,38.6,0.95,0.05,0.0,0.7,0.03,2,1784881748.2405882,True,False,True,False,1784881677.328338,0,False,0,0,False
1784849457.3002179,20,1784881758.2200224,37.507820248722055,0.7319432364385443,37.04318303196766,True,37.5,36.5,38.6,0.95,0.05,0.0,0.7,0.03,2,1784881768.2482092,True,True,True,False,1784881677.328338,0,False,0,0,False
1784849457.3002179,20,1784881778.2265131,37.513160906385906,0.7320386053253987,37.06988632028687,True,37.5,36.5,38.6,0.95,0.05,0.0,0.7,0.03,2,1784881788.2587848,True,True,True,False,1784881677.328338,0,False,0,0,False
1784849457.3002179,20,1784881798.232787,37.507820248722055,0.7321911955443656,37.05920500495918,True,37.5,36.5,38.6,0.95,0.05,0.0,0.7,0.03,2,1784881808.2599533,True,True,True,False,1784881677.328338,0,False,0,0,False
1784849457.3002179,20,1784881818.2391765,37.48645761806668,0.7319241626611734,37.05653467612726,True,37.5,36.5,38.6,0.95,0.05,0.0,0.7,0.03,2,1784881828.2665813,True,True,True,False,1784881677.328338,0,0,1,0,False
1784849457.3002179,20,1784881838.2453284,37.47310597390707,0.7322674906538491,37.02716105897612,True,37.5,36.5,38.6,0.95,0.05,0.0,0.7,0.03,2,1784881848.2722325,True,True,True,True,1784881857.3283398,0,0,1,0,False
1784849457.3002179,20,1784881858.2516682,37.47310597390707,0.7321149004348821,37.005798428320745,True,37.5,36.5,38.6,0.95,0.05,0.0,0.7,0.03,2,1784881868.2793841,True,True,True,True,1784881857.3283398,0,0,1,0,False
1784849457.3002179,20,1784881878.2580578,37.47310597390707,0.7321339742122529,37.05653467612726,True,37.5,36.5,38.6,0.95,0.05,0.0,0.7,0.03,2,1784881888.2868838,True,False,True,False,1784881857.3283398,0,0,1,0,False
1784849457.3002179,20,1784881898.264201,37.51583123521782,0.7322293430991074,37.06454566262303,True,37.5,36.5,38.6,0.95,0.05,0.0,0.7,0.03,2,1784881908.291507,True,True,True,False,1784881857.3283398,0,False,0,0,False
1784849457.3002179,20,1784881918.2704458,37.54787518120088,0.7323247119859617,37.05119401846342,True,37.5,36.5,38.6,0.95,0.05,0.0,0.7,0.03,2,1784881928.2978334,True,True,True,False,1784881857.3283398,0,False,0,0,False
1784849457.3002179,20,1784881938.276739,37.52384222171359,0.732572671091783,37.053864347295345,True,37.5,36.5,38.6,0.95,0.05,0.0,0.7,0.03,2,1784881948.3040633,True,False,True,False,1784881857.3283398,0,False,0,0,False
1784849457.3002179,20,1784881958.2830675,37.481116960402844,0.7321339742122529,37.05920500495918,True,37.5,36.5,38.6,0.95,0.05,0.0,0.7,0.03,2,1784881968.3106153,True,True,True,False,1784881857.3283398,0,0,1,0,False
1784849457.3002179,20,1784881978.2892027,37.45441367208362,0.7319050888838025,37.04318303196766,True,37.5,36.5,38.6,0.95,0.05,0.0,0.7,0.03,2,1784881988.316583,True,True,True,False,1784881857.3283398,0,0,1,0,False
1784849457.3002179,20,1784881998.2954001,37.481116960402844,0.7320195315480278,37.02716105897612,True,37.5,36.5,38.6,0.95,0.05,0.0,0.7,0.03,2,1784882008.3227198,True,True,True,False,1784881857.3283398,0,0,1,0,False
1784849457.3002179,20,1784882018.3015196,37.49179827573053,0.7322484168764782,37.029831387808045,True,37.5,36.5,38.6,0.95,0.05,0.0,0.7,0.03,2,1784882028.3290431,True,True,True,True,1784882037.3283627,0,0,1,0,False
1784849457.3002179,20,1784882038.3088713,37.49980926222629,0.7321149004348821,37.048523689631494,True,37.5,36.5,38.6,0.95,0.05,0.0,0.7,0.03,2,1784882048.3494358,True,True,True,True,1784882037.3283627,0,0,1,0,False
1784849457.3002179,20,1784882058.3188112,37.51049057755398,0.7322674906538491,37.04318303196766,True,37.5,36.5,38.6,0.95,0.05,0.0,0.7,0.03,2,1784882068.3530295,True,False,True,False,1784882037.3283627,0,False,0,0,False
1784849457.3002179,20,1784882078.3293207,37.53719386587319,0.7319432364385443,37.05653467612726,True,37.5,36.5,38.6,0.95,0.05,0.0,0.7,0.03,2,1784882088.359723,True,False,True,False,1784882037.3283627,0,False,0,0,False
1784849457.3002179,20,1784882098.337568,37.49980926222629,0.7319623102159152,37.03250171663997,True,37.5,36.5,38.6,0.95,0.05,0.0,0.7,0.03,2,1784882108.3736112,True,False,True,False,1784882037.3283627,0,0,1,0,False
1784849457.3002179,20,1784882118.3465474,37.489127946898606,0.7321149004348821,37.01380941481651,True,37.5,36.5,38.6,0.95,0.05,0.0,0.7,0.03,2,1784882128.3768296,True,False,True,False,1784882037.3283627,0,0,1,0,False
1784849457.3002179,20,1784882138.3557868,37.47577630273899,0.7320958266575113,37.02182040131228,True,37.5,36.5,38.6,0.95,0.05,0.0,0.7,0.03,2,1784882148.3866885,True,True,True,False,1784882037.3283627,0,0,1,0,False
1784849457.3002179,20,1784882158.3648934,37.49713893339437,0.7322293430991074,37.03784237430381,True,37.5,36.5,38.6,0.95,0.05,0.0,0.7,0.03,2,1784882168.394771,True,False,True,False,1784882037.3283627,0,0,1,0,False
1784849457.3002179,20,1784882178.3734257,37.52384222171359,0.7323056382085908,37.048523689631494,True,37.5,36.5,38.6,0.95,0.05,0.0,0.7,0.03,2,1784882188.4030948,True,True,True,False,1784882037.3283627,0,False,0,0,False
1784849457.3002179,20,1784882198.3824444,37.54520485236897,0.7323247119859617,37.06454566262303,True,37.5,36.5,38.6,0.95,0.05,0.0,0.7,0.03,2,1784882208.4124472,True,True,True,True,1784882217.32839,0,False,0,0,False
1784849457.3002179,20,1784882218.3929389,37.507820248722055,0.7322102693217364,37.05653467612726,True,37.5,36.5,38.6,0.95,0.05,0.0,0.7,0.03,2,1784882228.424128,True,False,True,True,1784882217.32839,0,False,0,0,False
1784849457.3002179,20,1784882238.403181,37.50514991989013,0.7322674906538491,37.05920500495918,True,37.5,36.5,38.6,0.95,0.05,0.0,0.7,0.03,2,1784882248.4367907,True,False,True,False,1784882217.32839,0,False,0,0,False
1784849457.3002179,20,1784882258.4166503,37.47844663157092,0.7323628595407033,37.00045777065691,True,37.5,36.5,38.6,0.95,0.05,0.0,0.7,0.03,2,1784882268.4457886,True,True,True,False,1784882217.32839,0,0,1,0,False
1784849457.3002179,20,1784882278.4239295,37.47310597390707,0.7322102693217364,37.01915007248036,True,37.5,36.5,38.6,0.95,0.05,0.0,0.7,0.03,2,1784882288.4530282,True,True,True,False,1784882217.32839,0,0,1,0,False
1784849457.3002179,20,1784882298.430551,37.47844663157092,0.7322484168764782,36.99511711299306,True,37.5,36.5,38.6,0.95,0.05,0.0,0.7,0.03,2,1784882308.4575214,True,True,True,False,1784882217.32839,0,0,1,0,False
1784849457.3002179,20,1784882318.436651,37.49980926222629,0.7325917448691538,37.04051270313573,True,37.5,36.5,38.6,0.95,0.05,0.0,0.7,0.03,2,1784882328.4636416,True,True,True,False,1784882217.32839,0,0,1,0,False
1784849457.3002179,20,1784882338.4436915,37.52384222171359,0.7322293430991074,37.01647974364843,True,37.5,36.5,38.6,0.95,0.05,0.0,0.7,0.03,2,1784882348.4722927,True,True,True,False,1784882217.32839,0,False,0,0,False
1784849457.3002179,20,1784882358.4520829,37.50247959105822,0.7321149004348821,37.048523689631494,True,37.5,36.5,38.6,0.95,0.05,0.0,0.7,0.03,2,1784882368.480339,True,True,True,False,1784882217.32839,0,False,0,0,False
1784849457.3002179,20,1784882378.4605048,37.507820248722055,0.7324582284275578,37.04318303196766,True,37.5,36.5,38.6,0.95,0.05,0.0,0.7,0.03,2,1784882388.4896035,True,True,True,True,1784882397.3284295,0,False,0,0,False
1784849457.3002179,20,1784882398.4687529,37.465094987411305,0.7324773022049287,37.01647974364843,True,37.5,36.5,38.6,0.95,0.05,0.0,0.7,0.03,2,1784882408.4970303,True,True,True,True,1784882397.3284295,0,0,1,0,False
1784849457.3002179,20,1784882418.4760623,37.43305104142824,0.7323247119859617,37.01915007248036,True,37.5,36.5,38.6,0.95,0.05,0.0,0.7,0.03,2,1784882428.503546,True,True,True,False,1784882397.3284295,0,0,1,0,False
1784849457.3002179,20,1784882438.4823656,37.45708400091554,0.7321530479896239,37.011139085984595,True,37.5,36.5,38.6,0.95,0.05,0.0,0.7,0.03,2,1784882448.509127,True,True,True,False,1784882397.3284295,0,0,1,0,False
1784849457.3002179,20,1784882458.4884698,37.46242465857938,0.7324391546501868,37.011139085984595,True,37.5,36.5,38.6,0.95,0.05,0.0,0.7,0.03,2,1784882468.515882,True,True,True,False,1784882397.3284295,0,0,1,0,False
1784849457.3002179,20,1784882478.4946585,37.47844663157092,0.7321530479896239,37.024490730144194,True,37.5,36.5,38.6,0.95,0.05,0.0,0.7,0.03,2,1784882488.522068,True,False,True,False,1784882397.3284295,0,0,1,0,False
1784849457.3002179,20,1784882498.500757,37.526512550545505,0.7324200808728161,37.02716105897612,True,37.5,36.5,38.6,0.95,0.05,0.0,0.7,0.03,2,1784882508.5276642,True,True,True,False,1784882397.3284295,0,False,0,0,False
1784849457.3002179,20,1784882518.5070405,37.52117189288167,0.7325345235370413,37.04585336079957,True,37.5,36.5,38.6,0.95,0.05,0.0,0.7,0.03,2,1784882528.537661,True,True,True,False,1784882397.3284295,0,False,0,0,False
1784849457.3002179,20,1784882538.5145931,37.52384222171359,0.7324200808728161,37.053864347295345,True,37.5,36.5,38.6,0.95,0.05,0.0,0.7,0.03,2,1784882548.5426621,True,True,True,False,1784882397.3284295,0,False,0,0,False
1784849457.3002179,20,1784882558.5220408,37.51850156404974,0.7325917448691538,37.03250171663997,True,37.5,36.5,38.6,0.95,0.05,0.0,0.7,0.03,2,1784882568.5489874,True,True,True,True,1784882577.3284376,0,False,0,0,False
1784849457.3002179,20,1784882578.5319676,37.465094987411305,0.7324391546501868,37.011139085984595,True,37.5,36.5,38.6,0.95,0.05,0.0,0.7,0.03,2,1784882588.5633876,True,True,True,True,1784882577.3284376,0,0,1,0,False
1784849457.3002179,20,1784882598.5418181,37.45975432974747,0.7322865644312199,37.005798428320745,True,37.5,36.5,38.6,0.95,0.05,0.0,0.7,0.03,2,1784882608.5691674,True,True,True,False,1784882577.3284376,0,0,1,0,False
1784849457.3002179,20,1784882618.5480266,37.44907301441978,0.7324200808728161,37.01915007248036,True,37.5,36.5,38.6,0.95,0.05,0.0,0.7,0.03,2,1784882628.5753987,True,True,True,False,1784882577.3284376,0,0,1,0,False
1784849457.3002179,20,1784882638.5541718,37.47310597390707,0.732572671091783,37.02716105897612,True,37.5,36.5,38.6,0.95,0.05,0.0,0.7,0.03,2,1784882648.5821068,True,True,True,False,1784882577.3284376,0,0,1,0,False
1784849457.3002179,20,1784882658.5606322,37.49980926222629,0.7325345235370413,37.005798428320745,True,37.5,36.5,38.6,0.95,0.05,0.0,0.7,0.03,2,1784882668.5880551,True,True,True,False,1784882577.3284376,0,0,1,0,False
1784849457.3002179,20,1784882678.5670025,37.53719386587319,0.7323628595407033,37.04585336079957,True,37.5,36.5,38.6,0.95,0.05,0.0,0.7,0.03,2,1784882688.5949252,True,True,True,False,1784882577.3284376,0,False,0,0,False
1784849457.3002179,20,1784882698.5732956,37.51049057755398,0.7325345235370413,37.053864347295345,True,37.5,36.5,38.6,0.95,0.05,0.0,0.7,0.03,2,1784882708.5999775,True,True,True,False,1784882577.3284376,0,False,0,0,False
1784849457.3002179,20,1784882718.5804374,37.531853208209355,0.7326489662012665,37.04585336079957,True,37.5,36.5,38.6,0.95,0.05,0.0,0.7,0.03,2,1784882728.6089513,True,True,True,False,1784882577.3284376,0,False,0,0,False
1784849457.3002179,20,1784882738.5887449,37.48645761806668,0.7324582284275578,37.03784237430381,True,37.5,36.5,38.6,0.95,0.05,0.0,0.7,0.03,2,1784882748.618098,True,False,True,True,1784882757.3284452,0,0,1,0,False
1784849457.3002179,20,1784882758.5971944,37.470435645075156,0.7322674906538491,37.01647974364843,True,37.5,36.5,38.6,0.95,0.05,0.0,0.7,0.03,2,1784882768.625872,True,True,True,True,1784882757.3284452,0,0,1,0,False
1784849457.3002179,20,1784882778.6054635,37.45441367208362,0.7326108186465248,36.99511711299306,True,37.5,36.5,38.6,0.95,0.05,0.0,0.7,0.03,2,1784882788.6340625,True,True,True,False,1784882757.3284452,0,0,1,0,False
1784849457.3002179,20,1784882798.6135368,37.45975432974747,0.7325154497596703,37.011139085984595,True,37.5,36.5,38.6,0.95,0.05,0.0,0.7,0.03,2,1784882808.6435926,True,True,True,False,1784882757.3284452,0,0,1,0,False
1784849457.3002179,20,1784882818.6225631,37.45975432974747,0.7323247119859617,37.00312809948882,True,37.5,36.5,38.6,0.95,0.05,0.0,0.7,0.03,2,1784882828.6511645,True,True,True,False,1784882757.3284452,0,0,1,0,False
1784849457.3002179,20,1784882838.6298568,37.489127946898606,0.7324963759822996,37.011139085984595,True,37.5,36.5,38.6,0.95,0.05,0.0,0.7,0.03,2,1784882848.6594665,True,True,True,False,1784882757.3284452,0,0,1,0,False
1784849457.3002179,20,1784882858.6362376,37.49980926222629,0.7323819333180743,37.03784237430381,True,37.5,36.5,38.6,0.95,0.05,0.0,0.7,0.03,2,1784882868.6632435,True,True,True,False,1784882757.3284452,0,0,1,0,False
1784849457.3002179,20,1784882878.642368,37.53719386587319,0.7324391546501868,37.08323796444648,True,37.5,36.5,38.6,0.95,0.05,0.0,0.7,0.03,2,1784882888.669642,True,True,True,False,1784882757.3284452,0,False,0,0,False
1784849457.3002179,20,1784882898.6485362,37.53719386587319,0.7323628595407033,37.08056763561456,True,37.5,36.5,38.6,0.95,0.05,0.0,0.7,0.03,2,1784882908.6777587,True,True,True,False,1784882757.3284452,0,False,0,0,False
1784849457.3002179,20,1784882918.6547828,37.53719386587319,0.7328397039749752,37.067215991454944,True,37.5,36.5,38.6,0.95,0.05,0.0,0.7,0.03,2,1784882928.6821892,True,True,True,True,1784882937.3284683,0,False,0,0,False
1784849457.3002179,20,1784882938.661,37.48645761806668,0.7325345235370413,37.03784237430381,True,37.5,36.5,38.6,0.95,0.05,0.0,0.7,0.03,2,1784882948.6883452,True,False,True,True,1784882937.3284683,0,0,1,0,False
1784849457.3002179,20,1784882958.6671824,37.48645761806668,0.7325345235370413,37.02182040131228,True,37.5,36.5,38.6,0.95,0.05,0.0,0.7,0.03,2,1784882968.6942732,True,True,True,False,1784882937.3284683,0,0,1,0,False
1784849457.3002179,20,1784882978.6741302,37.465094987411305,0.7322484168764782,37.00045777065691,True,37.5,36.5,38.6,0.95,0.05,0.0,0.7,0.03,2,1784882988.701979,True,False,True,False,1784882937.3284683,0,0,1,0,False
1784849457.3002179,20,1784882998.6811895,37.470435645075156,0.7326680399786373,37.02182040131228,True,37.5,36.5,38.6,0.95,0.05,0.0,0.7,0.03,2,1784883008.708301,True,True,True,False,1784882937.3284683,0,0,1,0,False
1784849457.3002179,20,1784883018.6873062,37.47577630273899,0.7327443350881208,37.04051270313573,True,37.5,36.5,38.6,0.95,0.05,0.0,0.7,0.03,2,1784883028.7142897,True,True,True,False,1784882937.3284683,0,0,1,0,False
1784849457.3002179,20,1784883038.6934657,37.526512550545505,0.732572671091783,37.05920500495918,True,37.5,36.5,38.6,0.95,0.05,0.0,0.7,0.03,2,1784883048.720486,True,True,True,False,1784882937.3284683,0,False,0,0,False
1784849457.3002179,20,1784883058.6996973,37.51049057755398,0.7325345235370413,37.07522697795072,True,37.5,36.5,38.6,0.95,0.05,0.0,0.7,0.03,2,1784883068.727017,True,True,True,False,1784882937.3284683,0,False,0,0,False
1784849457.3002179,20,1784883078.7059584,37.54253452353704,0.7328015564202335,37.04585336079957,True,37.5,36.5,38.6,0.95,0.05,0.0,0.7,0.03,2,1784883088.7328637,True,True,True,False,1784882937.3284683,0,False,0,0,False
1784849457.3002179,20,1784883098.712175,37.49446860456244,0.7328397039749752,37.04318303196766,True,37.5,36.5,38.6,0.95,0.05,0.0,0.7,0.03,2,1784883108.73975,True,True,True,True,1784883117.3284826,0,0,1,0,False
1784849457.3002179,20,1784883118.718474,37.47310597390707,0.7324963759822996,37.024490730144194,True,37.5,36.5,38.6,0.95,0.05,0.0,0.7,0.03,2,1784883128.7472289,True,True,True,True,1784883117.3284826,0,0,1,0,False
1784849457.3002179,20,1784883138.7246566,37.48645761806668,0.7323437857633326,37.01647974364843,True,37.5,36.5,38.6,0.95,0.05,0.0,0.7,0.03,2,1784883148.751371,True,True,True,False,1784883117.3284826,0,0,1,0,False
1784849457.3002179,20,1784883158.730824,37.470435645075156,0.7322293430991074,37.02716105897612,True,37.5,36.5,38.6,0.95,0.05,0.0,0.7,0.03,2,1784883168.7581196,True,True,True,False,1784883117.3284826,0,0,1,0,False
1784849457.3002179,20,1784883178.7369382,37.507820248722055,0.732572671091783,37.03250171663997,True,37.5,36.5,38.6,0.95,0.05,0.0,0.7,0.03,2,1784883188.7638602,True,True,True,False,1784883117.3284826,0,False,0,0,False
1784849457.3002179,20,1784883198.7432735,37.52918287937743,0.7330304417486839,37.03784237430381,True,37.5,36.5,38.6,0.95,0.05,0.0,0.7,0.03,2,1784883208.7728257,True,True,True,False,1784883117.3284826,0,False,0,0,False
1784849457.3002179,20,1784883218.749494,37.53452353704128,0.7329350728618296,37.067215991454944,True,37.5,36.5,38.6,0.95,0.05,0.0,0.7,0.03,2,1784883228.783122,True,True,True,False,1784883117.3284826,0,False,0,0,False
1784849457.3002179,20,1784883238.7557776,37.51583123521782,0.7327061875333791,37.06454566262303,True,37.5,36.5,38.6,0.95,0.05,0.0,0.7,0.03,2,1784883248.7831557,True,True,True,False,1784883117.3284826,0,False,0,0,False
1784849457.3002179,20,1784883258.7621214,37.46242465857938,0.7329159990844587,37.03784237430381,True,37.5,36.5,38.6,0.95,0.05,0.0,0.7,0.03,2,1784883268.7904203,True,True,True,False,1784883117.3284826,0,0,1,0,False
1784849457.3002179,20,1784883278.768222,37.46242465857938,0.7327824826428626,37.01915007248036,True,37.5,36.5,38.6,0.95,0.05,0.0,0.7,0.03,2,1784883288.7959177,True,False,True,True,1784883297.3285153,0,0,1,0,False
1784849457.3002179,20,1784883298.774522,37.45708400091554,0.732877851529717,37.005798428320745,True,37.5,36.5,38.6,0.95,0.05,0.0,0.7,0.03,2,1784883308.8109443,True,True,True,True,1784883297.3285153,0,0,1,0,False
1784849457.3002179,20,1784883318.781038,37.446402685587856,0.7324773022049287,36.99778744182498,True,37.5,36.5,38.6,0.95,0.05,0.0,0.7,0.03,2,1784883328.808788,True,True,True,False,1784883297.3285153,0,0,1,0,False
1784849457.3002179,20,1784883338.7879386,37.45975432974747,0.7326489662012665,37.005798428320745,True,37.5,36.5,38.6,0.95,0.05,0.0,0.7,0.03,2,1784883348.8156106,True,True,True,False,1784883297.3285153,0,0,1,0,False
1784849457.3002179,20,1784883358.7949579,37.49713893339437,0.7324582284275578,37.02182040131228,True,37.5,36.5,38.6,0.95,0.05,0.0,0.7,0.03,2,1784883368.8225482,True,True,True,False,1784883297.3285153,0,0,1,0,False
1784849457.3002179,20,1784883378.80129,37.52384222171359,0.7329732204165712,37.02182040131228,True,37.5,36.5,38.6,0.95,0.05,0.0,0.7,0.03,2,1784883388.8304207,True,True,True,False,1784883297.3285153,0,False,0,0,False
1784849457.3002179,20,1784883398.8077643,37.53986419470512,0.7327443350881208,37.053864347295345,True,37.5,36.5,38.6,0.95,0.05,0.0,0.7,0.03,2,1784883408.8345306,True,True,True,False,1784883297.3285153,0,False,0,0,False
1784849457.3002179,20,1784883418.814045,37.49713893339437,0.732877851529717,37.05119401846342,True,37.5,36.5,38.6,0.95,0.05,0.0,0.7,0.03,2,1784883428.8427536,True,True,True,False,1784883297.3285153,0,0,1,0,False
1784849457.3002179,20,1784883438.8202183,37.526512550545505,0.7327061875333791,37.02716105897612,True,37.5,36.5,38.6,0.95,0.05,0.0,0.7,0.03,2,1784883448.8476968,True,True,True,False,1784883297.3285153,0,False,0,0,False
1784849457.3002179,20,1784883458.8265119,37.49980926222629,0.7327061875333791,37.048523689631494,True,37.5,36.5,38.6,0.95,0.05,0.0,0.7,0.03,2,1784883468.8582814,True,True,True,True,1784883477.3285236,0,0,1,0,False
1784849457.3002179,20,1784883478.8333666,37.47844663157092,0.7326680399786373,37.029831387808045,True,37.5,36.5,38.6,0.95,0.05,0.0,0.7,0.03,2,1784883488.8608134,True,True,True,True,1784883477.3285236,0,0,1,0,False
1784849457.3002179,20,1784883498.8401282,37.489127946898606,0.7326680399786373,37.03250171663997,True,37.5,36.5,38.6,0.95,0.05,0.0,0.7,0.03,2,1784883508.8690128,True,True,True,False,1784883477.3285236,0,0,1,0,False
1784849457.3002179,20,1784883518.847889,37.49446860456244,0.7328206301976042,37.01915007248036,True,37.5,36.5,38.6,0.95,0.05,0.0,0.7,0.03,2,1784883528.8785212,True,True,True,False,1784883477.3285236,0,0,1,0,False
1784849457.3002179,20,1784883538.8550997,37.52384222171359,0.73272526131075,37.053864347295345,True,37.5,36.5,38.6,0.95,0.05,0.0,0.7,0.03,2,1784883548.8822672,True,True,True,False,1784883477.3285236,0,False,0,0,False
1784849457.3002179,20,1784883558.8616836,37.507820248722055,0.7326489662012665,37.053864347295345,True,37.5,36.5,38.6,0.95,0.05,0.0,0.7,0.03,2,1784883568.889039,True,False,True,False,1784883477.3285236,0,False,0,0,False
1784849457.3002179,20,1784883578.8679805,37.53452353704128,0.7328969253070877,37.048523689631494,True,37.5,36.5,38.6,0.95,0.05,0.0,0.7,0.03,2,1784883588.8952646,True,True,True,False,1784883477.3285236,0,False,0,0,False
1784849457.3002179,20,1784883598.8741739,37.49713893339437,0.7325154497596703,37.06454566262303,True,37.5,36.5,38.6,0.95,0.05,0.0,0.7,0.03,2,1784883608.9015243,True,True,True,False,1784883477.3285236,0,0,1,0,False
1784849457.3002179,20,1784883618.8804955,37.45975432974747,0.7328397039749752,37.029831387808045,True,37.5,36.5,38.6,0.95,0.05,0.0,0.7,0.03,2,1784883628.9069493,False,True,True,False,1784883477.3285236,0,0,1,0,False
1784849457.3002179,20,1784883638.8864772,37.45174334325169,0.7327634088654917,37.01647974364843,True,37.5,36.5,38.6,0.95,0.05,0.0,0.7,0.03,2,1784883648.9136715,False,True,True,True,1784883657.3285456,0,0,1,0,False
1784849457.3002179,20,1784883658.89231,37.47310597390707,0.7326871137560083,37.048523689631494,True,37.5,36.5,38.6,0.95,0.05,0.0,0.7,0.03,2,1784883668.9195635,False,True,True,True,1784883657.3285456,0,0,1,0,False
1784849457.3002179,20,1784883678.898181,37.46242465857938,0.7329732204165712,37.024490730144194,True,37.5,36.5,38.6,0.95,0.05,0.0,0.7,0.03,2,1784883688.9253445,False,True,True,False,1784883657.3285456,0,0,1,0,False
1784849457.3002179,20,1784883698.9040203,37.47310597390707,0.7329159990844587,37.05920500495918,True,37.5,36.5,38.6,0.95,0.05,0.0,0.7,0.03,2,1784883708.931345,False,True,True,False,1784883657.3285456,0,0,1,0,False
1784849457.3002179,20,1784883718.9100251,37.52117189288167,0.732877851529717,37.067215991454944,True,37.5,36.5,38.6,0.95,0.05,0.0,0.7,0.03,2,1784883728.9367557,False,True,True,False,1784883657.3285456,0,False,0,0,False
1784849457.3002179,20,1784883738.9161015,37.51850156404974,0.7332211795223926,37.10193026626993,True,37.5,36.5,38.6,0.95,0.05,0.0,0.7,0.03,2,1784883748.94325,False,True,True,False,1784883657.3285456,0,False,0,0,False
1784849457.3002179,20,1784883758.9221363,37.51850156404974,0.7328969253070877,37.08590829327841,True,37.5,36.5,38.6,0.95,0.05,0.0,0.7,0.03,2,1784883768.9487777,False,True,True,False,1784883657.3285456,0,False,0,0,False
1784849457.3002179,20,1784883778.9281356,37.50247959105822,0.7328969253070877,37.10727092393378,True,37.5,36.5,38.6,0.95,0.05,0.0,0.7,0.03,2,1784883788.9553127,False,True,True,False,1784883657.3285456,0,False,0,0,False
1784849457.3002179,20,1784883798.934193,37.48645761806668,0.7326680399786373,37.06988632028687,True,37.5,36.5,38.6,0.95,0.05,0.0,0.7,0.03,2,1784883808.9613624,False,True,True,False,1784883657.3285456,0,0,1,0,False
1784849457.3002179,20,1784883818.9400537,37.45441367208362,0.73272526131075,37.072556649118795,True,37.5,36.5,38.6,0.95,0.05,0.0,0.7,0.03,2,1784883828.967096,False,True,True,True,1784883837.3285706,0,0,1,0,False
1784849457.3002179,20,1784883838.9461617,37.46242465857938,0.7325154497596703,37.06988632028687,True,37.5,36.5,38.6,0.95,0.05,0.0,0.7,0.03,2,1784883848.9734137,False,True,True,True,1784883837.3285706,0,0,1,0,False
1784849457.3002179,20,1784883858.952075,37.47310597390707,0.7329159990844587,37.06988632028687,True,37.5,36.5,38.6,0.95,0.05,0.0,0.7,0.03,2,1784883868.9795496,False,True,True,False,1784883837.3285706,0,0,1,0,False
1784849457.3002179,20,1784883878.9581907,37.47844663157092,0.7328969253070877,37.09391927977417,True,37.5,36.5,38.6,0.95,0.05,0.0,0.7,0.03,2,1784883888.985418,False,True,True,False,1784883837.3285706,0,0,1,0,False
1784849457.3002179,20,1784883898.964036,37.49980926222629,0.7328206301976042,37.11795223926147,True,37.5,36.5,38.6,0.95,0.05,0.0,0.7,0.03,2,1784883908.9912477,False,True,True,False,1784883837.3285706,0,0,1,0,False
1784849457.3002179,20,1784883918.9699287,37.53719386587319,0.7329732204165712,37.13130388342107,True,37.5,36.5,38.6,0.95,0.05,0.0,0.7,0.03,2,1784883928.9966094,False,True,True,False,1784883837.3285706,0,False,0,0,False
1784849457.3002179,20,1784883938.9759004,37.54520485236897,0.733011367971313,37.15533684290837,True,37.5,36.5,38.6,0.95,0.05,0.0,0.7,0.03,2,1784883949.0030363,False,True,True,False,1784883837.3285706,0,False,0,0,False
1784849457.3002179,20,1784883958.9817877,37.507820248722055,0.7330304417486839,37.139314869916845,True,37.5,36.5,38.6,0.95,0.05,0.0,0.7,0.03,2,1784883969.0088966,False,True,True,False,1784883837.3285706,0,False,0,0,False
1784849457.3002179,20,1784883978.9877634,37.49179827573053,0.7331448844129091,37.11795223926147,True,37.5,36.5,38.6,0.95,0.05,0.0,0.7,0.03,2,1784883989.0148919,False,True,True,False,1784883837.3285706,0,0,1,0,False
1784849457.3002179,20,1784883998.9936352,37.470435645075156,0.7330876630807965,37.091248950942244,True,37.5,36.5,38.6,0.95,0.05,0.0,0.7,0.03,2,1784884009.0210502,False,True,True,True,1784884017.3285892,0,0,1,0,False
1784849457.3002179,20,1784884018.9995172,37.45975432974747,0.732877851529717,37.07789730678263,True,37.5,36.5,38.6,0.95,0.05,0.0,0.7,0.03,2,1784884029.0266585,False,True,True,True,1784884017.3285892,0,0,1,0,False
1784849457.3002179,20,1784884039.0053551,37.46242465857938,0.7326489662012665,37.08056763561456,True,37.5,36.5,38.6,0.95,0.05,0.0,0.7,0.03,2,1784884049.0324874,False,True,True,False,1784884017.3285892,0,0,1,0,False
1784849457.3002179,20,1784884059.0112553,37.46242465857938,0.7328969253070877,37.08590829327841,True,37.5,36.5,38.6,0.95,0.05,0.0,0.7,0.03,2,1784884069.0384903,False,True,True,False,1784884017.3285892,0,0,1,0,False
1784849457.3002179,20,1784884079.0172095,37.49446860456244,0.7331258106355382,37.109941252765694,True,37.5,36.5,38.6,0.95,0.05,0.0,0.7,0.03,2,1784884089.0443552,False,True,True,False,1784884017.3285892,0,0,1,0,False
1784849457.3002179,20,1784884099.0231342,37.53719386587319,0.7331258106355382,37.12863355458916,True,37.5,36.5,38.6,0.95,0.05,0.0,0.7,0.03,2,1784884109.0502412,False,True,True,False,1784884017.3285892,0,False,0,0,False
1784849457.3002179,20,1784884119.0290654,37.52117189288167,0.7327824826428626,37.141985198748756,True,37.5,36.5,38.6,0.95,0.05,0.0,0.7,0.03,2,1784884129.055547,False,True,True,False,1784884017.3285892,0,False,0,0,False
1784849457.3002179,20,1784884139.0351074,37.53452353704128,0.733011367971313,37.139314869916845,True,37.5,36.5,38.6,0.95,0.05,0.0,0.7,0.03,2,1784884149.0622692,False,True,True,False,1784884017.3285892,0,False,0,0,False
1784849457.3002179,20,1784884159.0410523,37.53452353704128,0.733011367971313,37.133974212252994,True,37.5,36.5,38.6,0.95,0.05,0.0,0.7,0.03,2,1784884169.0676827,False,True,True,False,1784884017.3285892,0,False,0,0,False
1784849457.3002179,20,1784884179.0470386,37.49713893339437,0.7329922941939422,37.11795223926147,True,37.5,36.5,38.6,0.95,0.05,0.0,0.7,0.03,2,1784884189.0736256,False,True,True,True,1784884197.3285944,0,0,1,0,False
1784849457.3002179,20,1784884199.0528617,37.44373235675593,0.7330495155260547,37.07522697795072,True,37.5,36.5,38.6,0.95,0.05,0.0,0.7,0.03,2,1784884209.0795257,False,True,True,True,1784884197.3285944,0,0,1,0,False
1784849457.3002179,20,1784884219.0587575,37.44373235675593,0.7327824826428626,37.08857862211032,True,37.5,36.5,38.6,0.95,0.05,0.0,0.7,0.03,2,1784884229.0853937,False,True,True,False,1784884197.3285944,0,0,1,0,False
1784849457.3002179,20,1784884239.064556,37.46242465857938,0.7331448844129091,37.10727092393378,True,37.5,36.5,38.6,0.95,0.05,0.0,0.7,0.03,2,1784884249.0917635,False,True,True,False,1784884197.3285944,0,0,1,0,False
1784849457.3002179,20,1784884259.070444,37.49980926222629,0.7332211795223926,37.11795223926147,True,37.5,36.5,38.6,0.95,0.05,0.0,0.7,0.03,2,1784884269.0977015,False,True,True,False,1784884197.3285944,0,0,1,0,False
1784849457.3002179,20,1784884279.0763805,37.51049057755398,0.7333546959639886,37.13130388342107,True,37.5,36.5,38.6,0.95,0.05,0.0,0.7,0.03,2,1784884289.1034875,False,True,True,False,1784884197.3285944,0,False,0,0,False
1784849457.3002179,20,1784884299.0823889,37.52117189288167,0.7332021057450216,37.12863355458916,True,37.5,36.5,38.6,0.95,0.05,0.0,0.7,0.03,2,1784884309.1089907,False,True,True,False,1784884197.3285944,0,False,0,0,False
1784849457.3002179,20,1784884319.08833,37.49980926222629,0.7329350728618296,37.115281910429545,True,37.5,36.5,38.6,0.95,0.05,0.0,0.7,0.03,2,1784884329.1149244,False,True,True,False,1784884197.3285944,0,0,1,0,False
1784849457.3002179,20,1784884339.0941787,37.48645761806668,0.7332211795223926,37.11795223926147,True,37.5,36.5,38.6,0.95,0.05,0.0,0.7,0.03,2,1784884349.1208658,False,True,True,False,1784884197.3285944,0,0,1,0,False
1784849457.3002179,20,1784884359.1000571,37.470435645075156,0.7332021057450216,37.10727092393378,True,37.5,36.5,38.6,0.95,0.05,0.0,0.7,0.03,2,1784884369.1272898,False,True,True,True,1784884377.3286133,0,0,1,0,False
1784849457.3002179,20,1784884379.1059325,37.48645761806668,0.73316395819028,37.11795223926147,True,37.5,36.5,38.6,0.95,0.05,0.0,0.7,0.03,2,1784884389.132487,False,True,True,True,1784884377.3286133,0,0,1,0,False
1784849457.3002179,20,1784884399.111746,37.513160906385906,0.732877851529717,37.12863355458916,True,37.5,36.5,38.6,0.95,0.05,0.0,0.7,0.03,2,1784884409.1384165,False,True,True,False,1784884377.3286133,0,False,0,0,False
1784849457.3002179,20,1784884419.1177392,37.50247959105822,0.7331258106355382,37.12596322575723,True,37.5,36.5,38.6,0.95,0.05,0.0,0.7,0.03,2,1784884429.144992,False,True,True,False,1784884377.3286133,0,False,0,0,False
1784849457.3002179,20,1784884439.1238325,37.526512550545505,0.7333546959639886,37.133974212252994,True,37.5,36.5,38.6,0.95,0.05,0.0,0.7,0.03,2,1784884449.1509812,False,True,True,False,1784884377.3286133,0,False,0,0,False
1784849457.3002179,20,1784884459.1297936,37.526512550545505,0.7332021057450216,37.12863355458916,True,37.5,36.5,38.6,0.95,0.05,0.0,0.7,0.03,2,1784884469.1569471,False,True,True,False,1784884377.3286133,0,False,0,0,False
1784849457.3002179,20,1784884479.1357942,37.47844663157092,0.7332211795223926,37.12062256809338,True,37.5,36.5,38.6,0.95,0.05,0.0,0.7,0.03,2,1784884489.1625981,False,True,True,False,1784884377.3286133,0,0,1,0,False
1784849457.3002179,20,1784884499.1417427,37.47310597390707,0.7331258106355382,37.096589608606095,True,37.5,36.5,38.6,0.95,0.05,0.0,0.7,0.03,2,1784884509.16885,False,True,True,False,1784884377.3286133,0,0,1,0,False
1784849457.3002179,20,1784884519.1475792,37.47844663157092,0.7330304417486839,37.109941252765694,True,37.5,36.5,38.6,0.95,0.05,0.0,0.7,0.03,2,1784884529.1747222,False,True,True,False,1784884377.3286133,0,0,1,0,False
1784849457.3002179,20,1784884539.1534138,37.49179827573053,0.7333546959639886,37.10727092393378,True,37.5,36.5,38.6,0.95,0.05,0.0,0.7,0.03,2,1784884549.1805499,False,True,True,True,1784884557.3286238,0,0,1,0,False
1784849457.3002179,20,1784884559.1593509,37.507820248722055,0.733316548409247,37.12329289692531,True,37.5,36.5,38.6,0.95,0.05,0.0,0.7,0.03,2,1784884569.186541,False,True,True,True,1784884557.3286238,0,False,0,0,False
1784849457.3002179,20,1784884579.1653607,37.513160906385906,0.7334119172961013,37.133974212252994,True,37.5,36.5,38.6,0.95,0.05,0.0,0.7,0.03,2,1784884589.1925347,False,True,True,False,1784884557.3286238,0,False,0,0,False
1784849457.3002179,20,1784884599.171391,37.507820248722055,0.7332593270771344,37.12329289692531,True,37.5,36.5,38.6,0.95,0.05,0.0,0.7,0.03,2,1784884609.1986816,False,True,True,False,1784884557.3286238,0,False,0,0,False
1784849457.3002179,20,1784884619.1774669,37.481116960402844,0.7333356221866179,37.13130388342107,True,37.5,36.5,38.6,0.95,0.05,0.0,0.7,0.03,2,1784884629.20484,False,True,True,False,1784884557.3286238,0,0,1,0,False
1784849457.3002179,20,1784884639.1835856,37.483787289234755,0.7330685893034257,37.12863355458916,True,37.5,36.5,38.6,0.95,0.05,0.0,0.7,0.03,2,1784884649.210779,False,True,True,False,1784884557.3286238,0,0,1,0,False
1784849457.3002179,20,1784884659.189489,37.50514991989013,0.733316548409247,37.12329289692531,True,37.5,36.5,38.6,0.95,0.05,0.0,0.7,0.03,2,1784884669.2165842,False,True,True,False,1784884557.3286238,0,False,0,0,False
1784849457.3002179,20,1784884679.195436,37.49980926222629,0.7332211795223926,37.12062256809338,True,37.5,36.5,38.6,0.95,0.05,0.0,0.7,0.03,2,1784884689.2226331,False,True,True,False,1784884557.3286238,0,0,1,0,False
1784849457.3002179,20,1784884699.2012615,37.49980926222629,0.7332402532997635,37.10727092393378,True,37.5,36.5,38.6,0.95,0.05,0.0,0.7,0.03,2,1784884709.2285016,False,True,True,False,1784884557.3286238,0,0,1,0,False
1784849457.3002179,20,1784884719.207232,37.51583123521782,0.7332784008545051,37.152666514076444,True,37.5,36.5,38.6,0.95,0.05,0.0,0.7,0.03,2,1784884729.2345667,False,True,True,True,1784884737.3286452,0,False,0,0,False
1784849457.3002179,20,1784884739.2132716,37.53452353704128,0.7332593270771344,37.139314869916845,True,37.5,36.5,38.6,0.95,0.05,0.0,0.7,0.03,2,1784884749.2404633,False,True,True,True,1784884737.3286452,0,False,0,0,False
1784849457.3002179,20,1784884759.2193072,37.49179827573053,0.7331448844129091,37.12863355458916,True,37.5,36.5,38.6,0.95,0.05,0.0,0.7,0.03,2,1784884769.2464893,False,True,True,False,1784884737.3286452,0,0,1,0,False
1784849457.3002179,20,1784884779.2251687,37.48645761806668,0.7333546959639886,37.11795223926147,True,37.5,36.5,38.6,0.95,0.05,0.0,0.7,0.03,2,1784884789.2523522,False,True,True,False,1784884737.3286452,0,0,1,0,False
1784849457.3002179,20,1784884799.231056,37.481116960402844,0.7334119172961013,37.11261158159762,True,37.5,36.5,38.6,0.95,0.05,0.0,0.7,0.03,2,1784884809.2582357,False,True,True,False,1784884737.3286452,0,0,1,0,False
1784849457.3002179,20,1784884819.23693,37.50247959105822,0.733469138628214,37.13130388342107,True,37.5,36.5,38.6,0.95,0.05,0.0,0.7,0.03,2,1784884829.2640939,False,True,True,False,1784884737.3286452,0,False,0,0,False
1784849457.3002179,20,1784884839.2428734,37.50514991989013,0.7333356221866179,37.139314869916845,True,37.5,36.5,38.6,0.95,0.05,0.0,0.7,0.03,2,1784884849.270116,False,True,True,False,1784884737.3286452,0,False,0,0,False
1784849457.3002179,20,1784884859.248877,37.47310597390707,0.7331830319676509,37.11261158159762,True,37.5,36.5,38.6,0.95,0.05,0.0,0.7,0.03,2,1784884869.276112,False,True,True,False,1784884737.3286452,0,0,1,0,False
1784849457.3002179,20,1784884879.2548425,37.46776531624323,0.7333737697413596,37.12596322575723,True,37.5,36.5,38.6,0.95,0.05,0.0,0.7,0.03,2,1784884889.2821355,False,True,True,False,1784884737.3286452,0,0,1,0,False
1784849457.3002179,20,1784884899.2607913,37.49980926222629,0.7332593270771344,37.133974212252994,True,37.5,36.5,38.6,0.95,0.05,0.0,0.7,0.03,2,1784884909.287364,False,True,True,True,1784884917.3286765,0,0,1,0,False
1784849457.3002179,20,1784884919.2666643,37.489127946898606,0.7329732204165712,37.115281910429545,True,37.5,36.5,38.6,0.95,0.05,0.0,0.7,0.03,2,1784884929.2938573,False,True,True,True,1784884917.3286765,0,0,1,0,False
1784849457.3002179,20,1784884939.2725627,37.49713893339437,0.7333928435187305,37.12329289692531,True,37.5,36.5,38.6,0.95,0.05,0.0,0.7,0.03,2,1784884949.2991617,False,True,True,False,1784884917.3286765,0,0,1,0,False
1784849457.3002179,20,1784884959.2783926,37.513160906385906,0.7333737697413596,37.14999618524453,True,37.5,36.5,38.6,0.95,0.05,0.0,0.7,0.03,2,1784884969.3055823,False,True,True,False,1784884917.3286765,0,False,0,0,False
1784849457.3002179,20,1784884979.2843108,37.507820248722055,0.7334309910734721,37.16067750057222,True,37.5,36.5,38.6,0.95,0.05,0.0,0.7,0.03,2,1784884989.3116088,False,True,True,False,1784884917.3286765,0,False,0,0,False
1784849457.3002179,20,1784884999.2904584,37.50247959105822,0.7332402532997635,37.133974212252994,True,37.5,36.5,38.6,0.95,0.05,0.0,0.7,0.03,2,1784885009.3176172,False,True,True,False,1784884917.3286765,0,False,0,0,False
1784849457.3002179,20,1784885019.2963986,37.470435645075156,0.7334309910734721,37.13130388342107,True,37.5,36.5,38.6,0.95,0.05,0.0,0.7,0.03,2,1784885029.3235826,False,True,True,False,1784884917.3286765,0,0,1,0,False
1784849457.3002179,20,1784885039.3022776,37.46242465857938,0.7336217288471809,37.12329289692531,True,37.5,36.5,38.6,0.95,0.05,0.0,0.7,0.03,2,1784885049.3298428,False,True,True,False,1784884917.3286765,0,0,1,0,False
1784849457.3002179,20,1784885059.3081045,37.46776531624323,0.7333737697413596,37.11795223926147,True,37.5,36.5,38.6,0.95,0.05,0.0,0.7,0.03,2,1784885069.3353326,False,True,True,False,1784884917.3286765,0,0,1,0,False
1784849457.3002179,20,1784885079.3140452,37.51049057755398,0.7333546959639886,37.13130388342107,True,37.5,36.5,38.6,0.95,0.05,0.0,0.7,0.03,2,1784885089.3406599,False,True,True,True,1784885097.3286903,0,False,0,0,False
1784849457.3002179,20,1784885099.3199983,37.51049057755398,0.7336598764019225,37.12863355458916,True,37.5,36.5,38.6,0.95,0.05,0.0,0.7,0.03,2,1784885109.3471944,False,True,True,True,1784885097.3286903,0,False,0,0,False
1784849457.3002179,20,1784885119.3260326,37.51049057755398,0.7333928435187305,37.109941252765694,True,37.5,36.5,38.6,0.95,0.05,0.0,0.7,0.03,2,1784885129.3532152,False,True,True,False,1784885097.3286903,0,False,0,0,False
1784849457.3002179,20,1784885139.3320398,37.47577630273899,0.7333356221866179,37.11795223926147,True,37.5,36.5,38.6,0.95,0.05,0.0,0.7,0.03,2,1784885149.3593078,False,True,True,False,1784885097.3286903,0,0,1,0,False
1784849457.3002179,20,1784885159.3379292,37.470435645075156,0.7332974746318761,37.12329289692531,True,37.5,36.5,38.6,0.95,0.05,0.0,0.7,0.03,2,1784885169.3650866,False,True,True,False,1784885097.3286903,0,0,1,0,False
1784849457.3002179,20,1784885179.3438017,37.48645761806668,0.7332402532997635,37.096589608606095,True,37.5,36.5,38.6,0.95,0.05,0.0,0.7,0.03,2,1784885189.3709397,False,True,True,False,1784885097.3286903,0,0,1,0,False
1784849457.3002179,20,1784885199.349681,37.52384222171359,0.7333737697413596,37.12863355458916,True,37.5,36.5,38.6,0.95,0.05,0.0,0.7,0.03,2,1784885209.376947,False,True,True,False,1784885097.3286903,0,False,0,0,False
1784849457.3002179,20,1784885219.3557117,37.51850156404974,0.7336408026245518,37.16334782940413,True,37.5,36.5,38.6,0.95,0.05,0.0,0.7,0.03,2,1784885229.3828354,False,True,True,False,1784885097.3286903,0,False,0,0,False
1784849457.3002179,20,1784885239.3616233,37.51583123521782,0.7335645075150683,37.14465552758068,True,37.5,36.5,38.6,0.95,0.05,0.0,0.7,0.03,2,1784885249.3888788,False,True,True,False,1784885097.3286903,0,False,0,0,False
1784849457.3002179,20,1784885259.367738,37.526512550545505,0.7333928435187305,37.133974212252994,True,37.5,36.5,38.6,0.95,0.05,0.0,0.7,0.03,2,1784885269.394625,False,True,True,True,1784885277.3287132,0,False,0,0,False
1784849457.3002179,20,1784885279.3737721,37.47310597390707,0.7335263599603266,37.12062256809338,True,37.5,36.5,38.6,0.95,0.05,0.0,0.7,0.03,2,1784885289.4012845,False,True,True,True,1784885277.3287132,0,0,1,0,False
1784849457.3002179,20,1784885299.3798327,37.45174334325169,0.7334309910734721,37.08056763561456,True,37.5,36.5,38.6,0.95,0.05,0.0,0.7,0.03,2,1784885309.407117,False,True,True,False,1784885277.3287132,0,0,1,0,False
1784849457.3002179,20,1784885319.3856492,37.45708400091554,0.7334119172961013,37.10460059510186,True,37.5,36.5,38.6,0.95,0.05,0.0,0.7,0.03,2,1784885329.4129949,False,True,True,False,1784885277.3287132,0,0,1,0,False
1784849457.3002179,20,1784885339.3915713,37.44907301441978,0.73360265506981,37.10193026626993,True,37.5,36.5,38.6,0.95,0.05,0.0,0.7,0.03,2,1784885349.4188325,False,True,True,False,1784885277.3287132,0,0,1,0,False
1784849457.3002179,20,1784885359.3974254,37.465094987411305,0.7335263599603266,37.11795223926147,True,37.5,36.5,38.6,0.95,0.05,0.0,0.7,0.03,2,1784885369.42508,False,True,True,False,1784885277.3287132,0,0,1,0,False
1784849457.3002179,20,1784885379.4037812,37.49713893339437,0.7333356221866179,37.15533684290837,True,37.5,36.5,38.6,0.95,0.05,0.0,0.7,0.03,2,1784885389.430975,False,True,True,False,1784885277.3287132,0,0,1,0,False
1784849457.3002179,20,1784885399.4096625,37.513160906385906,0.733736171511406,37.14999618524453,True,37.5,36.5,38.6,0.95,0.05,0.0,0.7,0.03,2,1784885409.436476,False,True,True,False,1784885277.3287132,0,False,0,0,False
1784849457.3002179,20,1784885419.4158049,37.53452353704128,0.7335072861829556,37.17936980239567,True,37.5,36.5,38.6,0.95,0.05,0.0,0.7,0.03,2,1784885429.442962,False,True,True,False,1784885277.3287132,0,False,0,0,False
1784849457.3002179,20,1784885439.4217868,37.53719386587319,0.7337743190661479,37.15533684290837,True,37.5,36.5,38.6,0.95,0.05,0.0,0.7,0.03,2,1784885449.448962,False,True,True,True,1784885457.3287158,0,False,0,0,False
1784849457.3002179,20,1784885459.4278288,37.489127946898606,0.733736171511406,37.139314869916845,True,37.5,36.5,38.6,0.95,0.05,0.0,0.7,0.03,2,1784885469.4553082,False,True,True,True,1784885457.3287158,0,0,1,0,False
1784849457.3002179,20,1784885479.4337735,37.45174334325169,0.7337933928435187,37.099259937438006,True,37.5,36.5,38.6,0.95,0.05,0.0,0.7,0.03,2,1784885489.460387,False,True,True,False,1784885457.3287158,0,0,1,0,False
1784849457.3002179,20,1784885499.4398115,37.441062027924005,0.7333928435187305,37.091248950942244,True,37.5,36.5,38.6,0.95,0.05,0.0,0.7,0.03,2,1784885509.4669461,False,True,True,False,1784885457.3287158,0,0,1,0,False
1784849457.3002179,20,1784885519.4456663,37.45174334325169,0.7333928435187305,37.115281910429545,True,37.5,36.5,38.6,0.95,0.05,0.0,0.7,0.03,2,1784885529.473042,False,True,True,False,1784885457.3287158,0,0,1,0,False
1784849457.3002179,20,1784885539.4515796,37.49179827573053,0.7336789501792935,37.12863355458916,True,37.5,36.5,38.6,0.95,0.05,0.0,0.7,0.03,2,1784885549.4788656,False,True,True,False,1784885457.3287158,0,0,1,0,False
1784849457.3002179,20,1784885559.457551,37.507820248722055,0.733736171511406,37.14465552758068,True,37.5,36.5,38.6,0.95,0.05,0.0,0.7,0.03,2,1784885569.4848082,False,True,True,False,1784885457.3287158,0,False,0,0,False
1784849457.3002179,20,1784885579.4636416,37.53452353704128,0.7334119172961013,37.16067750057222,True,37.5,36.5,38.6,0.95,0.05,0.0,0.7,0.03,2,1784885589.490749,False,True,True,False,1784885457.3287158,0,False,0,0,False
1784849457.3002179,20,1784885599.4695833,37.51850156404974,0.7340032043945983,37.139314869916845,True,37.5,36.5,38.6,0.95,0.05,0.0,0.7,0.03,2,1784885609.4967422,False,True,True,False,1784885457.3287158,0,False,0,0,False
1784849457.3002179,20,1784885619.4756436,37.45975432974747,0.7335072861829556,37.12062256809338,True,37.5,36.5,38.6,0.95,0.05,0.0,0.7,0.03,2,1784885629.5029273,False,True,True,True,1784885637.3287358,0,0,1,0,False
1784849457.3002179,20,1784885639.481583,37.45174334325169,0.73316395819028,37.096589608606095,True,37.5,36.5,38.6,0.95,0.05,0.0,0.7,0.03,2,1784885649.509164,False,True,True,True,1784885637.3287358,0,0,1,0,False
1784849457.3002179,20,1784885659.487457,37.446402685587856,0.7336598764019225,37.091248950942244,True,37.5,36.5,38.6,0.95,0.05,0.0,0.7,0.03,2,1784885669.5143342,False,True,True,False,1784885637.3287358,0,0,1,0,False
1784849457.3002179,20,1784885679.493328,37.446402685587856,0.73360265506981,37.072556649118795,True,37.5,36.5,38.6,0.95,0.05,0.0,0.7,0.03,2,1784885689.5209694,False,True,True,False,1784885637.3287358,0,0,1,0,False
1784849457.3002179,20,1784885699.499293,37.47310597390707,0.7335835812924391,37.11261158159762,True,37.5,36.5,38.6,0.95,0.05,0.0,0.7,0.03,2,1784885709.5258155,False,True,True,False,1784885637.3287358,0,0,1,0,False
1784849457.3002179,20,1784885719.5050733,37.51049057755398,0.7336408026245518,37.13130388342107,True,37.5,36.5,38.6,0.95,0.05,0.0,0.7,0.03,2,1784885729.5318682,False,True,True,False,1784885637.3287358,0,False,0,0,False
1784849457.3002179,20,1784885739.5114133,37.507820248722055,0.73360265506981,37.14465552758068,True,37.5,36.5,38.6,0.95,0.05,0.0,0.7,0.03,2,1784885749.5380409,False,True,True,False,1784885637.3287358,0,False,0,0,False
1784849457.3002179,20,1784885759.5173714,37.49713893339437,0.7339269092851148,37.12863355458916,True,37.5,36.5,38.6,0.95,0.05,0.0,0.7,0.03,2,1784885769.5440035,False,True,True,False,1784885637.3287358,0,0,1,0,False
1784849457.3002179,20,1784885779.5233214,37.52384222171359,0.7337743190661479,37.11795223926147,True,37.5,36.5,38.6,0.95,0.05,0.0,0.7,0.03,2,1784885789.5499961,False,True,True,False,1784885637.3287358,0,False,0,0,False
1784849457.3002179,20,1784885799.5292647,37.507820248722055,0.7337743190661479,37.11795223926147,True,37.5,36.5,38.6,0.95,0.05,0.0,0.7,0.03,2,1784885809.5564797,False,True,True,True,1784885817.3287566,0,False,0,0,False
1784849457.3002179,20,1784885819.5353053,37.44907301441978,0.733755245288777,37.09391927977417,True,37.5,36.5,38.6,0.95,0.05,0.0,0.7,0.03,2,1784885829.5620236,False,True,True,True,1784885817.3287566,0,0,1,0,False
1784849457.3002179,20,1784885839.5412076,37.43572137026017,0.7335835812924391,37.091248950942244,True,37.5,36.5,38.6,0.95,0.05,0.0,0.7,0.03,2,1784885849.568363,False,True,True,False,1784885817.3287566,0,0,1,0,False
1784849457.3002179,20,1784885859.5471404,37.446402685587856,0.733736171511406,37.10727092393378,True,37.5,36.5,38.6,0.95,0.05,0.0,0.7,0.03,2,1784885869.5736787,False,True,True,False,1784885817.3287566,0,0,1,0,False
1784849457.3002179,20,1784885879.5529137,37.46242465857938,0.733736171511406,37.109941252765694,True,37.5,36.5,38.6,0.95,0.05,0.0,0.7,0.03,2,1784885889.5798962,False,True,True,False,1784885817.3287566,0,0,1,0,False
1784849457.3002179,20,1784885899.5588412,37.489127946898606,0.7337170977340353,37.133974212252994,True,37.5,36.5,38.6,0.95,0.05,0.0,0.7,0.03,2,1784885909.5854154,False,True,True,False,1784885817.3287566,0,0,1,0,False
1784849457.3002179,20,1784885919.564644,37.526512550545505,0.7338696879530022,37.16868848706798,True,37.5,36.5,38.6,0.95,0.05,0.0,0.7,0.03,2,1784885929.591899,False,True,True,False,1784885817.3287566,0,False,0,0,False
1784849457.3002179,20,1784885939.5707982,37.52918287937743,0.7336598764019225,37.16067750057222,True,37.5,36.5,38.6,0.95,0.05,0.0,0.7,0.03,2,1784885949.5972044,False,True,True,False,1784885817.3287566,0,False,0,0,False
1784849457.3002179,20,1784885959.5766592,37.513160906385906,0.7338506141756314,37.14465552758068,True,37.5,36.5,38.6,0.95,0.05,0.0,0.7,0.03,2,1784885969.603062,False,True,True,False,1784885817.3287566,0,False,0,0,False
1784849457.3002179,20,1784885979.5826373,37.48645761806668,0.7336408026245518,37.12329289692531,True,37.5,36.5,38.6,0.95,0.05,0.0,0.7,0.03,2,1784885989.6097193,False,True,True,True,1784885997.328773,0,0,1,0,False
1784849457.3002179,20,1784885999.5884635,37.44907301441978,0.733755245288777,37.10727092393378,True,37.5,36.5,38.6,0.95,0.05,0.0,0.7,0.03,2,1784886009.6156602,False,True,True,True,1784885997.328773,0,0,1,0,False
1784849457.3002179,20,1784886019.594448,37.465094987411305,0.7335454337376974,37.13130388342107,True,37.5,36.5,38.6,0.95,0.05,0.0,0.7,0.03,2,1784886029.6215525,False,True,True,False,1784885997.328773,0,0,1,0,False
1784849457.3002179,20,1784886039.6002915,37.489127946898606,0.7338315403982605,37.10727092393378,True,37.5,36.5,38.6,0.95,0.05,0.0,0.7,0.03,2,1784886049.6276102,False,True,True,False,1784885997.328773,0,0,1,0,False
1784849457.3002179,20,1784886059.6062868,37.51049057755398,0.7337743190661479,37.11795223926147,True,37.5,36.5,38.6,0.95,0.05,0.0,0.7,0.03,2,1784886069.6333182,False,True,True,False,1784885997.328773,0,False,0,0,False
1784849457.3002179,20,1784886079.6121686,37.53719386587319,0.7338315403982605,37.158007171740294,True,37.5,36.5,38.6,0.95,0.05,0.0,0.7,0.03,2,1784886089.6389155,False,True,True,False,1784885997.328773,0,False,0,0,False
1784849457.3002179,20,1784886099.618222,37.51583123521782,0.7339650568398565,37.16067750057222,True,37.5,36.5,38.6,0.95,0.05,0.0,0.7,0.03,2,1784886109.645264,False,True,True,False,1784885997.328773,0,False,0,0,False
1784849457.3002179,20,1784886119.624141,37.50514991989013,0.7338315403982605,37.14732585641261,True,37.5,36.5,38.6,0.95,0.05,0.0,0.7,0.03,2,1784886129.65131,False,True,True,False,1784885997.328773,0,False,0,0,False
1784849457.3002179,20,1784886139.630149,37.49179827573053,0.733755245288777,37.11795223926147,True,37.5,36.5,38.6,0.95,0.05,0.0,0.7,0.03,2,1784886149.657371,False,True,True,False,1784885997.328773,0,0,1,0,False
1784849457.3002179,20,1784886159.6360803,37.49713893339437,0.7338315403982605,37.12329289692531,True,37.5,36.5,38.6,0.95,0.05,0.0,0.7,0.03,2,1784886169.663331,False,True,True,True,1784886177.3287833,0,0,1,0,False
1784849457.3002179,20,1784886179.6420524,37.49179827573053,0.733907835507744,37.133974212252994,True,37.5,36.5,38.6,0.95,0.05,0.0,0.7,0.03,2,1784886189.6692214,False,True,True,True,1784886177.3287833,0,0,1,0,False
1784849457.3002179,20,1784886199.6479282,37.47577630273899,0.733736171511406,37.11795223926147,True,37.5,36.5,38.6,0.95,0.05,0.0,0.7,0.03,2,1784886209.6751308,False,True,True,False,1784886177.3287833,0,0,1,0,False
1784849457.3002179,20,1784886219.653825,37.48645761806668,0.733755245288777,37.13664454108492,True,37.5,36.5,38.6,0.95,0.05,0.0,0.7,0.03,2,1784886229.6809669,False,True,True,False,1784886177.3287833,0,0,1,0,False
1784849457.3002179,20,1784886239.6597135,37.54787518120088,0.7339841306172274,37.16067750057222,True,37.5,36.5,38.6,0.95,0.05,0.0,0.7,0.03,2,1784886249.6866283,False,True,True,False,1784886177.3287833,0,False,0,0,False
1784849457.3002179,20,1784886259.665771,37.531853208209355,0.7337743190661479,37.16067750057222,True,37.5,36.5,38.6,0.95,0.05,0.0,0.7,0.03,2,1784886269.6927001,False,True,True,False,1784886177.3287833,0,False,0,0,False
1784849457.3002179,20,1784886279.6718485,37.51049057755398,0.7338506141756314,37.158007171740294,True,37.5,36.5,38.6,0.95,0.05,0.0,0.7,0.03,2,1784886289.699078,False,True,True,False,1784886177.3287833,0,False,0,0,False
1784849457.3002179,20,1784886299.6778286,37.51049057755398,0.7340222781719692,37.12863355458916,True,37.5,36.5,38.6,0.95,0.05,0.0,0.7,0.03,2,1784886309.7049882,False,True,True,False,1784886177.3287833,0,False,0,0,False
1784849457.3002179,20,1784886319.6838837,37.45174334325169,0.733755245288777,37.12062256809338,True,37.5,36.5,38.6,0.95,0.05,0.0,0.7,0.03,2,1784886329.7111158,False,True,True,False,1784886177.3287833,0,0,1,0,False
1784849457.3002179,20,1784886339.690023,37.45441367208362,0.7337933928435187,37.10727092393378,True,37.5,36.5,38.6,0.95,0.05,0.0,0.7,0.03,2,1784886349.717152,False,True,True,True,1784886357.3287919,0,0,1,0,False
1784849457.3002179,20,1784886359.695836,37.465094987411305,0.7338696879530022,37.091248950942244,True,37.5,36.5,38.6,0.95,0.05,0.0,0.7,0.03,2,1784886369.7230976,False,True,True,True,1784886357.3287919,0,0,1,0,False
1784849457.3002179,20,1784886379.701703,37.44907301441978,0.7335645075150683,37.091248950942244,True,37.5,36.5,38.6,0.95,0.05,0.0,0.7,0.03,2,1784886389.728871,False,True,True,False,1784886357.3287919,0,0,1,0,False
1784849457.3002179,20,1784886399.7076838,37.470435645075156,0.7338315403982605,37.10193026626993,True,37.5,36.5,38.6,0.95,0.05,0.0,0.7,0.03,2,1784886409.7349174,False,True,True,False,1784886357.3287919,0,0,1,0,False
1784849457.3002179,20,1784886419.7135158,37.507820248722055,0.7340222781719692,37.13130388342107,True,37.5,36.5,38.6,0.95,0.05,0.0,0.7,0.03,2,1784886429.7402542,False,True,True,False,1784886357.3287919,0,False,0,0,False
1784849457.3002179,20,1784886439.7195985,37.51583123521782,0.733888761730373,37.14465552758068,True,37.5,36.5,38.6,0.95,0.05,0.0,0.7,0.03,2,1784886449.7461607,False,True,True,False,1784886357.3287919,0,False,0,0,False
1784849457.3002179,20,1784886459.725511,37.51583123521782,0.7339650568398565,37.182040131227595,True,37.5,36.5,38.6,0.95,0.05,0.0,0.7,0.03,2,1784886469.7526782,False,True,True,False,1784886357.3287919,0,False,0,0,False
1784849457.3002179,20,1784886479.7315712,37.49980926222629,0.7336980239566644,37.158007171740294,True,37.5,36.5,38.6,0.95,0.05,0.0,0.7,0.03,2,1784886489.7582622,False,True,True,False,1784886357.3287919,0,0,1,0,False
1784849457.3002179,20,1784886499.7374039,37.46242465857938,0.7341176470588234,37.14465552758068,True,37.5,36.5,38.6,0.95,0.05,0.0,0.7,0.03,2,1784886509.764019,False,True,True,False,1784886357.3287919,0,0,1,0,False
1784849457.3002179,20,1784886519.7432404,37.49446860456244,0.7340985732814527,37.109941252765694,True,37.5,36.5,38.6,0.95,0.05,0.0,0.7,0.03,2,1784886529.770467,False,True,True,True,1784886537.3288026,0,0,1,0,False
1784849457.3002179,20,1784886539.7491572,37.48645761806668,0.7340794995040818,37.12329289692531,True,37.5,36.5,38.6,0.95,0.05,0.0,0.7,0.03,2,1784886549.7763307,False,True,True,True,1784886537.3288026,0,0,1,0,False
1784849457.3002179,20,1784886559.7551272,37.470435645075156,0.7336598764019225,37.11795223926147,True,37.5,36.5,38.6,0.95,0.05,0.0,0.7,0.03,2,1784886569.7821758,False,True,True,False,1784886537.3288026,0,0,1,0,False
1784849457.3002179,20,1784886579.7609055,37.48645761806668,0.733907835507744,37.133974212252994,True,37.5,36.5,38.6,0.95,0.05,0.0,0.7,0.03,2,1784886589.7880523,False,True,True,False,1784886537.3288026,0,0,1,0,False
1784849457.3002179,20,1784886599.766822,37.49713893339437,0.7341176470588234,37.15533684290837,True,37.5,36.5,38.6,0.95,0.05,0.0,0.7,0.03,2,1784886609.7939267,False,True,True,False,1784886537.3288026,0,0,1,0,False
1784849457.3002179,20,1784886619.7726574,37.52384222171359,0.7338696879530022,37.17402914473182,True,37.5,36.5,38.6,0.95,0.05,0.0,0.7,0.03,2,1784886629.7997425,False,True,True,False,1784886537.3288026,0,False,0,0,False
1784849457.3002179,20,1784886639.7786431,37.51049057755398,0.7340985732814527,37.17135881589991,True,37.5,36.5,38.6,0.95,0.05,0.0,0.7,0.03,2,1784886649.8052356,False,True,True,False,1784886537.3288026,0,False,0,0,False
1784849457.3002179,20,1784886659.784677,37.51049057755398,0.7336980239566644,37.139314869916845,True,37.5,36.5,38.6,0.95,0.05,0.0,0.7,0.03,2,1784886669.8117557,False,True,True,False,1784886537.3288026,0,False,0,0,False
1784849457.3002179,20,1784886679.7906568,37.46776531624323,0.7339269092851148,37.12596322575723,True,37.5,36.5,38.6,0.95,0.05,0.0,0.7,0.03,2,1784886689.8178298,False,True,True,False,1784886537.3288026,0,0,1,0,False
1784849457.3002179,20,1784886699.7965245,37.46242465857938,0.7342320897230488,37.10727092393378,True,37.5,36.5,38.6,0.95,0.05,0.0,0.7,0.03,2,1784886709.8236656,False,True,True,True,1784886717.3288295,0,0,1,0,False
1784849457.3002179,20,1784886719.8024664,37.46242465857938,0.7337743190661479,37.12062256809338,True,37.5,36.5,38.6,0.95,0.05,0.0,0.7,0.03,2,1784886729.8289526,False,True,True,True,1784886717.3288295,0,0,1,0,False
1784849457.3002179,20,1784886739.8083413,37.45975432974747,0.7339269092851148,37.10193026626993,True,37.5,36.5,38.6,0.95,0.05,0.0,0.7,0.03,2,1784886749.8354626,False,True,True,False,1784886717.3288295,0,0,1,0,False
1784849457.3002179,20,1784886759.814268,37.465094987411305,0.7341939421683069,37.139314869916845,True,37.5,36.5,38.6,0.95,0.05,0.0,0.7,0.03,2,1784886769.8414464,False,True,True,False,1784886717.3288295,0,0,1,0,False
1784849457.3002179,20,1784886779.8201804,37.49713893339437,0.7340222781719692,37.15533684290837,True,37.5,36.5,38.6,0.95,0.05,0.0,0.7,0.03,2,1784886789.8472464,False,True,True,False,1784886717.3288295,0,0,1,0,False
1784849457.3002179,20,1784886799.8260844,37.50247959105822,0.7338315403982605,37.16601815823606,True,37.5,36.5,38.6,0.95,0.05,0.0,0.7,0.03,2,1784886809.8537328,False,True,True,False,1784886717.3288295,0,False,0,0,False
1784849457.3002179,20,1784886819.832375,37.50247959105822,0.7341748683909362,37.158007171740294,True,37.5,36.5,38.6,0.95,0.05,0.0,0.7,0.03,2,1784886829.859773,False,True,True,False,1784886717.3288295,0,False,0,0,False
1784849457.3002179,20,1784886839.8383706,37.51049057755398,0.73404135194934,37.12329289692531,True,37.5,36.5,38.6,0.95,0.05,0.0,0.7,0.03,2,1784886849.865445,False,True,True,False,1784886717.3288295,0,False,0,0,False
1784849457.3002179,20,1784886859.8443131,37.489127946898606,0.7340222781719692,37.12329289692531,True,37.5,36.5,38.6,0.95,0.05,0.0,0.7,0.03,2,1784886869.870883,False,True,True,False,1784886717.3288295,0,0,1,0,False
1784849457.3002179,20,1784886879.8502092,37.489127946898606,0.7342702372777904,37.12596322575723,True,37.5,36.5,38.6,0.95,0.05,0.0,0.7,0.03,2,1784886889.8774219,False,True,True,True,1784886897.328845,0,0,1,0,False
1784849457.3002179,20,1784886899.856078,37.46242465857938,0.7341557946135653,37.10727092393378,True,37.5,36.5,38.6,0.95,0.05,0.0,0.7,0.03,2,1784886909.8832476,False,True,True,True,1784886897.328845,0,0,1,0,False
1784849457.3002179,20,1784886919.86197,37.49446860456244,0.7340604257267109,37.13130388342107,True,37.5,36.5,38.6,0.95,0.05,0.0,0.7,0.03,2,1784886929.889077,False,True,True,False,1784886897.328845,0,0,1,0,False
1784849457.3002179,20,1784886939.8678617,37.49713893339437,0.7340222781719692,37.12863355458916,True,37.5,36.5,38.6,0.95,0.05,0.0,0.7,0.03,2,1784886949.895093,False,True,True,False,1784886897.328845,0,0,1,0,False
1784849457.3002179,20,1784886959.8738208,37.53452353704128,0.7341748683909362,37.14465552758068,True,37.5,36.5,38.6,0.95,0.05,0.0,0.7,0.03,2,1784886969.9009213,False,True,True,False,1784886897.328845,0,False,0,0,False
1784849457.3002179,20,1784886979.8798213,37.550545510032805,0.7342130159456779,37.16601815823606,True,37.5,36.5,38.6,0.95,0.05,0.0,0.7,0.03,2,1784886989.9064262,False,True,True,False,1784886897.328845,0,False,0,0,False
1784849457.3002179,20,1784886999.8857355,37.56656748302434,0.7343274586099031,37.15533684290837,True,37.5,36.5,38.6,0.95,0.05,0.0,0.7,0.03,2,1784887009.9130476,False,True,True,False,1784886897.328845,0,False,0,0,False
1784849457.3002179,20,1784887019.89173,37.507820248722055,0.734632639047837,37.158007171740294,True,37.5,36.5,38.6,0.95,0.05,0.0,0.7,0.03,2,1784887029.9188774,False,True,True,False,1784886897.328845,0,False,0,0,False
1784849457.3002179,20,1784887039.8977132,37.489127946898606,0.7340794995040818,37.12863355458916,True,37.5,36.5,38.6,0.95,0.05,0.0,0.7,0.03,2,1784887049.9248285,False,True,True,False,1784886897.328845,0,0,1,0,False
1784849457.3002179,20,1784887059.90359,37.46242465857938,0.7342893110551614,37.11795223926147,True,37.5,36.5,38.6,0.95,0.05,0.0,0.7,0.03,2,1784887069.9307337,False,True,True,True,1784887077.3288748,0,0,1,0,False
1784849457.3002179,20,1784887079.9094765,37.46242465857938,0.7341176470588234,37.12062256809338,True,37.5,36.5,38.6,0.95,0.05,0.0,0.7,0.03,2,1784887089.936214,False,True,True,True,1784887077.3288748,0,0,1,0,False
1784849457.3002179,20,1784887099.9153795,37.49446860456244,0.7343274586099031,37.11795223926147,True,37.5,36.5,38.6,0.95,0.05,0.0,0.7,0.03,2,1784887109.94201,False,True,True,False,1784887077.3288748,0,0,1,0,False
1784849457.3002179,20,1784887119.921163,37.49980926222629,0.7340794995040818,37.158007171740294,True,37.5,36.5,38.6,0.95,0.05,0.0,0.7,0.03,2,1784887129.9478858,False,True,True,False,1784887077.3288748,0,0,1,0,False
1784849457.3002179,20,1784887139.9270308,37.51850156404974,0.7343083848325322,37.16067750057222,True,37.5,36.5,38.6,0.95,0.05,0.0,0.7,0.03,2,1784887149.954138,False,True,True,False,1784887077.3288748,0,False,0,0,False
1784849457.3002179,20,1784887159.9329617,37.49713893339437,0.7342320897230488,37.182040131227595,True,37.5,36.5,38.6,0.95,0.05,0.0,0.7,0.03,2,1784887169.960046,False,True,True,False,1784887077.3288748,0,0,1,0,False
1784849457.3002179,20,1784887179.9388425,37.507820248722055,0.7343274586099031,37.15533684290837,True,37.5,36.5,38.6,0.95,0.05,0.0,0.7,0.03,2,1784887189.9659123,False,True,True,False,1784887077.3288748,0,False,0,0,False
1784849457.3002179,20,1784887199.9447277,37.51850156404974,0.7343083848325322,37.139314869916845,True,37.5,36.5,38.6,0.95,0.05,0.0,0.7,0.03,2,1784887209.9718256,False,True,True,False,1784887077.3288748,0,False,0,0,False
1784849457.3002179,20,1784887219.9506912,37.470435645075156,0.7342893110551614,37.13130388342107,True,37.5,36.5,38.6,0.95,0.05,0.0,0.7,0.03,2,1784887229.9778605,False,False,True,False,1784887077.3288748,0,0,1,0,False
1784849457.3002179,20,1784887239.9566941,37.483787289234755,0.7341939421683069,37.11795223926147,True,37.5,36.5,38.6,0.95,0.05,0.0,0.7,0.03,2,1784887249.9836354,True,True,True,True,1784887257.3289068,0,0,1,0,False
1784849457.3002179,20,1784887259.9628196,37.52117189288167,0.7343846799420157,37.12329289692531,True,37.5,36.5,38.6,0.95,0.05,0.0,0.7,0.03,2,1784887269.991714,True,True,True,True,1784887257.3289068,0,False,0,0,False
1784849457.3002179,20,1784887279.9710817,37.51049057755398,0.7344228274967574,37.109941252765694,True,37.5,36.5,38.6,0.95,0.05,0.0,0.7,0.03,2,1784887290.001651,True,True,True,False,1784887257.3289068,0,False,0,0,False
1784849457.3002179,20,1784887299.9802887,37.49446860456244,0.7338506141756314,37.10727092393378,True,37.5,36.5,38.6,0.95,0.05,0.0,0.7,0.03,2,1784887310.0071402,True,True,True,False,1784887257.3289068,0,0,1,0,False
1784849457.3002179,20,1784887319.9873996,37.483787289234755,0.7343274586099031,37.109941252765694,True,37.5,36.5,38.6,0.95,0.05,0.0,0.7,0.03,2,1784887330.0158288,True,True,True,False,1784887257.3289068,0,0,1,0,False
1784849457.3002179,20,1784887339.9946046,37.507820248722055,0.7344228274967574,37.11795223926147,True,37.5,36.5,38.6,0.95,0.05,0.0,0.7,0.03,2,1784887350.0246937,True,True,True,False,1784887257.3289068,0,False,0,0,False
1784849457.3002179,20,1784887360.0040746,37.507820248722055,0.7342320897230488,37.091248950942244,True,37.5,36.5,38.6,0.95,0.05,0.0,0.7,0.03,2,1784887370.0314558,True,True,True,False,1784887257.3289068,0,False,0,0,False
1784849457.3002179,20,1784887380.010364,37.47577630273899,0.7341939421683069,37.08590829327841,True,37.5,36.5,38.6,0.95,0.05,0.0,0.7,0.03,2,1784887390.0408337,True,True,True,False,1784887257.3289068,0,0,1,0,False
1784849457.3002179,20,1784887400.017232,37.48645761806668,0.7344800488288701,37.091248950942244,True,37.5,36.5,38.6,0.95,0.05,0.0,0.7,0.03,2,1784887410.0476162,True,True,True,False,1784887257.3289068,0,0,1,0,False
1784849457.3002179,20,1784887420.0251863,37.507820248722055,0.7343656061646449,37.09391927977417,True,37.5,36.5,38.6,0.95,0.05,0.0,0.7,0.03,2,1784887430.0546496,True,True,True,True,1784887437.3289518,0,False,0,0,False
1784849457.3002179,20,1784887440.033184,37.489127946898606,0.7343083848325322,37.06988632028687,True,37.5,36.5,38.6,0.95,0.05,0.0,0.7,0.03,2,1784887450.0623167,True,True,True,True,1784887437.3289518,0,0,1,0,False
1784849457.3002179,20,1784887460.0403447,37.51049057755398,0.7344609750514992,37.06454566262303,True,37.5,36.5,38.6,0.95,0.05,0.0,0.7,0.03,2,1784887470.0677392,True,True,True,False,1784887437.3289518,0,False,0,0,False
1784849457.3002179,20,1784887480.0467157,37.51049057755398,0.7345754177157243,37.067215991454944,True,37.5,36.5,38.6,0.95,0.05,0.0,0.7,0.03,2,1784887490.0740924,True,True,True,False,1784887437.3289518,0,False,0,0,False
1784849457.3002179,20,1784887500.0528865,37.50514991989013,0.7340604257267109,37.10727092393378,True,37.5,36.5,38.6,0.95,0.05,0.0,0.7,0.03,2,1784887510.0803022,True,True,True,False,1784887437.3289518,0,False,0,0,False
1784849457.3002179,20,1784887520.0591836,37.52117189288167,0.7342511635004196,37.072556649118795,True,37.5,36.5,38.6,0.95,0.05,0.0,0.7,0.03,2,1784887530.086567,True,True,True,False,1784887437.3289518,0,False,0,0,False
1784849457.3002179,20,1784887540.065412,37.481116960402844,0.7343274586099031,37.06454566262303,True,37.5,36.5,38.6,0.95,0.05,0.0,0.7,0.03,2,1784887550.0931442,True,True,True,False,1784887437.3289518,0,0,1,0,False
1784849457.3002179,20,1784887560.0718777,37.470435645075156,0.7344228274967574,37.048523689631494,True,37.5,36.5,38.6,0.95,0.05,0.0,0.7,0.03,2,1784887570.0992932,True,True,True,False,1784887437.3289518,0,0,1,0,False
1784849457.3002179,20,1784887580.0779808,37.45975432974747,0.7343656061646449,37.04318303196766,True,37.5,36.5,38.6,0.95,0.05,0.0,0.7,0.03,2,1784887590.1049337,True,True,True,False,1784887437.3289518,0,0,1,0,False
1784849457.3002179,20,1784887600.0849674,37.481116960402844,0.7344228274967574,37.06454566262303,True,37.5,36.5,38.6,0.95,0.05,0.0,0.7,0.03,2,1784887610.1128378,True,True,True,True,1784887617.3289907,0,0,1,0,False
1784849457.3002179,20,1784887620.0918496,37.49713893339437,0.7341557946135653,37.067215991454944,True,37.5,36.5,38.6,0.95,0.05,0.0,0.7,0.03,2,1784887630.119227,True,True,True,True,1784887617.3289907,0,0,1,0,False
1784849457.3002179,20,1784887640.0981078,37.51049057755398,0.7344991226062408,37.06988632028687,True,37.5,36.5,38.6,0.95,0.05,0.0,0.7,0.03,2,1784887650.125272,True,False,True,False,1784887617.3289907,0,False,0,0,False
1784849457.3002179,20,1784887660.1042268,37.531853208209355,0.7343656061646449,37.08056763561456,True,37.5,36.5,38.6,0.95,0.05,0.0,0.7,0.03,2,1784887670.1314542,True,True,True,False,1784887617.3289907,0,False,0,0,False
1784849457.3002179,20,1784887680.1105437,37.54253452353704,0.7344419012741283,37.072556649118795,True,37.5,36.5,38.6,0.95,0.05,0.0,0.7,0.03,2,1784887690.1380477,True,True,True,False,1784887617.3289907,0,False,0,0,False
1784849457.3002179,20,1784887700.1177323,37.52117189288167,0.7343846799420157,37.06988632028687,True,37.5,36.5,38.6,0.95,0.05,0.0,0.7,0.03,2,1784887710.1457152,True,True,True,False,1784887617.3289907,0,False,0,0,False
1784849457.3002179,20,1784887720.1250184,37.483787289234755,0.7344991226062408,37.04585336079957,True,37.5,36.5,38.6,0.95,0.05,0.0,0.7,0.03,2,1784887730.1529126,True,True,True,False,1784887617.3289907,0,0,1,0,False
1784849457.3002179,20,1784887740.1311746,37.470435645075156,0.7343083848325322,37.06454566262303,True,37.5,36.5,38.6,0.95,0.05,0.0,0.7,0.03,2,1784887750.1583097,True,True,True,False,1784887617.3289907,0,0,1,0,False
1784849457.3002179,20,1784887760.1372492,37.48645761806668,0.7343846799420157,37.048523689631494,True,37.5,36.5,38.6,0.95,0.05,0.0,0.7,0.03,2,1784887770.1641822,True,True,True,False,1784887617.3289907,0,0,1,0,False
1784849457.3002179,20,1784887780.1434517,37.49713893339437,0.734632639047837,37.06454566262303,True,37.5,36.5,38.6,0.95,0.05,0.0,0.7,0.03,2,1784887790.1708128,True,True,True,True,1784887797.3289993,0,0,1,0,False
1784849457.3002179,20,1784887800.1495793,37.50247959105822,0.7345754177157243,37.08056763561456,True,37.5,36.5,38.6,0.95,0.05,0.0,0.7,0.03,2,1784887810.1800678,True,False,True,True,1784887797.3289993,0,False,0,0,False
1784849457.3002179,20,1784887820.1568573,37.507820248722055,0.7344609750514992,37.08323796444648,True,37.5,36.5,38.6,0.95,0.05,0.0,0.7,0.03,2,1784887830.1854486,True,True,True,False,1784887797.3289993,0,False,0,0,False
1784849457.3002179,20,1784887840.1666715,37.54253452353704,0.7345372701609827,37.091248950942244,True,37.5,36.5,38.6,0.95,0.05,0.0,0.7,0.03,2,1784887850.1965218,True,True,True,False,1784887797.3289993,0,False,0,0,False
1784849457.3002179,20,1784887860.176264,37.52117189288167,0.7345754177157243,37.08590829327841,True,37.5,36.5,38.6,0.95,0.05,0.0,0.7,0.03,2,1784887870.2057738,True,False,True,False,1784887797.3289993,0,False,0,0,False
1784849457.3002179,20,1784887880.1845615,37.47310597390707,0.7342320897230488,37.05653467612726,True,37.5,36.5,38.6,0.95,0.05,0.0,0.7,0.03,2,1784887890.2122543,True,True,True,False,1784887797.3289993,0,0,1,0,False
1784849457.3002179,20,1784887900.191776,37.45174334325169,0.7343465323872739,37.053864347295345,True,37.5,36.5,38.6,0.95,0.05,0.0,0.7,0.03,2,1784887910.2211378,True,False,True,False,1784887797.3289993,0,0,1,0,False
1784849457.3002179,20,1784887920.1992757,37.47310597390707,0.7344800488288701,37.04585336079957,True,37.5,36.5,38.6,0.95,0.05,0.0,0.7,0.03,2,1784887930.2317333,True,True,True,False,1784887797.3289993,0,0,1,0,False
1784849457.3002179,20,1784887940.205379,37.50247959105822,0.7346135652704662,37.053864347295345,True,37.5,36.5,38.6,0.95,0.05,0.0,0.7,0.03,2,1784887950.2333493,True,True,True,False,1784887797.3289993,0,False,0,0,False
1784849457.3002179,20,1784887960.2116811,37.49179827573053,0.7342893110551614,37.06988632028687,True,37.5,36.5,38.6,0.95,0.05,0.0,0.7,0.03,2,1784887970.239211,True,False,True,True,1784887977.3290062,0,0,1,0,False
1784849457.3002179,20,1784887980.2180324,37.51850156404974,0.734785229266804,37.06454566262303,True,37.5,36.5,38.6,0.95,0.05,0.0,0.7,0.03,2,1784887990.2448905,True,True,True,True,1784887977.3290062,0,False,0,0,False
1784849457.3002179,20,1784888000.2242231,37.50247959105822,0.7345372701609827,37.04318303196766,True,37.5,36.5,38.6,0.95,0.05,0.0,0.7,0.03,2,1784888010.2512438,True,True,True,False,1784887977.3290062,0,False,0,0,False
1784849457.3002179,20,1784888020.2312562,37.45975432974747,0.7345563439383536,37.04585336079957,True,37.5,36.5,38.6,0.95,0.05,0.0,0.7,0.03,2,1784888030.2634993,True,True,True,False,1784887977.3290062,0,0,1,0,False
1784849457.3002179,20,1784888040.238728,37.483787289234755,0.7343274586099031,37.053864347295345,True,37.5,36.5,38.6,0.95,0.05,0.0,0.7,0.03,2,1784888050.2655494,True,True,True,False,1784887977.3290062,0,0,1,0,False
1784849457.3002179,20,1784888060.2454984,37.489127946898606,0.7343846799420157,37.048523689631494,True,37.5,36.5,38.6,0.95,0.05,0.0,0.7,0.03,2,1784888070.2737608,True,True,True,False,1784887977.3290062,0,0,1,0,False
1784849457.3002179,20,1784888080.2528632,37.49980926222629,0.7344228274967574,37.05119401846342,True,37.5,36.5,38.6,0.95,0.05,0.0,0.7,0.03,2,1784888090.2825365,True,True,True,False,1784887977.3290062,0,0,1,0,False
1784849457.3002179,20,1784888100.260183,37.49980926222629,0.7345181963836118,37.05920500495918,True,37.5,36.5,38.6,0.95,0.05,0.0,0.7,0.03,2,1784888110.2880213,True,True,True,False,1784887977.3290062,0,0,1,0,False
1784849457.3002179,20,1784888120.26739,37.51583123521782,0.7347280079346913,37.05119401846342,True,37.5,36.5,38.6,0.95,0.05,0.0,0.7,0.03,2,1784888130.2943616,True,True,True,False,1784887977.3290062,0,False,0,0,False
1784849457.3002179,20,1784888140.273494,37.53452353704128,0.7345754177157243,37.053864347295345,True,37.5,36.5,38.6,0.95,0.05,0.0,0.7,0.03,2,1784888150.3007953,True,True,True,True,1784888157.3290286,0,False,0,0,False
1784849457.3002179,20,1784888160.2799592,37.49179827573053,0.7344037537193866,37.06454566262303,True,37.5,36.5,38.6,0.95,0.05,0.0,0.7,0.03,2,1784888170.3078368,True,True,True,True,1784888157.3290286,0,0,1,0,False
1784849457.3002179,20,1784888180.287085,37.47577630273899,0.7344419012741283,37.03250171663997,True,37.5,36.5,38.6,0.95,0.05,0.0,0.7,0.03,2,1784888190.317981,True,True,True,False,1784888157.3290286,0,0,1,0,False
1784849457.3002179,20,1784888200.2945287,37.44373235675593,0.7345944914930953,37.03784237430381,True,37.5,36.5,38.6,0.95,0.05,0.0,0.7,0.03,2,1784888210.3214927,True,True,True,False,1784888157.3290286,0,0,1,0,False
1784849457.3002179,20,1784888220.300546,37.49713893339437,0.7345372701609827,37.03517204547188,True,37.5,36.5,38.6,0.95,0.05,0.0,0.7,0.03,2,1784888230.327525,True,True,True,False,1784888157.3290286,0,0,1,0,False
1784849457.3002179,20,1784888240.3069968,37.51049057755398,0.7345754177157243,37.03784237430381,True,37.5,36.5,38.6,0.95,0.05,0.0,0.7,0.03,2,1784888250.3344133,True,False,True,False,1784888157.3290286,0,False,0,0,False
1784849457.3002179,20,1784888260.3133962,37.49446860456244,0.7348043030441748,37.053864347295345,True,37.5,36.5,38.6,0.95,0.05,0.0,0.7,0.03,2,1784888270.341132,True,True,True,False,1784888157.3290286,0,0,1,0,False
1784849457.3002179,20,1784888280.3196714,37.49980926222629,0.734785229266804,37.05119401846342,True,37.5,36.5,38.6,0.95,0.05,0.0,0.7,0.03,2,1784888290.349604,True,False,True,False,1784888157.3290286,0,0,1,0,False
1784849457.3002179,20,1784888300.3260462,37.483787289234755,0.7346707866025788,37.03250171663997,True,37.5,36.5,38.6,0.95,0.05,0.0,0.7,0.03,2,1784888310.353517,True,True,True,False,1784888157.3290286,0,0,1,0,False
1784849457.3002179,20,1784888320.3330266,37.50514991989013,0.7349187457084001,37.05119401846342,True,37.5,36.5,38.6,0.95,0.05,0.0,0.7,0.03,2,1784888330.3691752,True,True,True,True,1784888337.3290393,0,False,0,0,False
1784849457.3002179,20,1784888340.340413,37.52918287937743,0.7348615243762875,37.05920500495918,True,37.5,36.5,38.6,0.95,0.05,0.0,0.7,0.03,2,1784888350.3678715,True,True,True,True,1784888337.3290393,0,False,0,0,False
1784849457.3002179,20,1784888360.346838,37.507820248722055,0.7345754177157243,37.04318303196766,True,37.5,36.5,38.6,0.95,0.05,0.0,0.7,0.03,2,1784888370.3738263,True,True,True,False,1784888337.3290393,0,False,0,0,False
1784849457.3002179,20,1784888380.353218,37.481116960402844,0.7346707866025788,37.03784237430381,True,37.5,36.5,38.6,0.95,0.05,0.0,0.7,0.03,2,1784888390.380194,True,True,True,False,1784888337.3290393,0,0,1,0,False
1784849457.3002179,20,1784888400.359343,37.465094987411305,0.7348233768215457,37.03250171663997,True,37.5,36.5,38.6,0.95,0.05,0.0,0.7,0.03,2,1784888410.3861392,True,True,True,False,1784888337.3290393,0,0,1,0,False
1784849457.3002179,20,1784888420.365367,37.470435645075156,0.7347661554894331,37.05653467612726,True,37.5,36.5,38.6,0.95,0.05,0.0,0.7,0.03,2,1784888430.3930526,True,False,True,False,1784888337.3290393,0,0,1,0,False
1784849457.3002179,20,1784888440.371541,37.52117189288167,0.7348424505989166,37.03784237430381,True,37.5,36.5,38.6,0.95,0.05,0.0,0.7,0.03,2,1784888450.401537,True,True,True,False,1784888337.3290393,0,False,0,0,False
1784849457.3002179,20,1784888460.3780267,37.50514991989013,0.7347089341573205,37.07522697795072,True,37.5,36.5,38.6,0.95,0.05,0.0,0.7,0.03,2,1784888470.4069471,True,True,True,False,1784888337.3290393,0,False,0,0,False
1784849457.3002179,20,1784888480.3861196,37.51049057755398,0.7347661554894331,37.08323796444648,True,37.5,36.5,38.6,0.95,0.05,0.0,0.7,0.03,2,1784888490.4144883,True,True,True,False,1784888337.3290393,0,False,0,0,False
1784849457.3002179,20,1784888500.3935015,37.49980926222629,0.7342320897230488,37.04318303196766,True,37.5,36.5,38.6,0.95,0.05,0.0,0.7,0.03,2,1784888510.4208944,True,True,True,True,1784888517.329048,0,0,1,0,False
1784849457.3002179,20,1784888520.39997,37.47844663157092,0.7347470817120623,37.029831387808045,True,37.5,36.5,38.6,0.95,0.05,0.0,0.7,0.03,2,1784888530.4275703,True,True,True,True,1784888517.329048,0,0,1,0,False
1784849457.3002179,20,1784888540.4064448,37.44373235675593,0.7344419012741283,37.00045777065691,True,37.5,36.5,38.6,0.95,0.05,0.0,0.7,0.03,2,1784888550.4333773,True,False,True,False,1784888517.329048,0,0,1,0,False
1784849457.3002179,20,1784888560.412586,37.45975432974747,0.7347470817120623,37.005798428320745,True,37.5,36.5,38.6,0.95,0.05,0.0,0.7,0.03,2,1784888570.4400918,True,True,True,False,1784888517.329048,0,0,1,0,False
1784849457.3002179,20,1784888580.4189339,37.49713893339437,0.7347470817120623,37.053864347295345,True,37.5,36.5,38.6,0.95,0.05,0.0,0.7,0.03,2,1784888590.4463387,True,True,True,False,1784888517.329048,0,0,1,0,False
1784849457.3002179,20,1784888600.425097,37.52384222171359,0.7346135652704662,37.048523689631494,True,37.5,36.5,38.6,0.95,0.05,0.0,0.7,0.03,2,1784888610.4528553,True,True,True,False,1784888517.329048,0,False,0,0,False
1784849457.3002179,20,1784888620.4317937,37.53452353704128,0.7348233768215457,37.067215991454944,True,37.5,36.5,38.6,0.95,0.05,0.0,0.7,0.03,2,1784888630.4612439,True,True,True,False,1784888517.329048,0,False,0,0,False
1784849457.3002179,20,1784888640.4380474,37.51049057755398,0.7348043030441748,37.05920500495918,True,37.5,36.5,38.6,0.95,0.05,0.0,0.7,0.03,2,1784888650.46594,True,True,True,False,1784888517.329048,0,False,0,0,False
1784849457.3002179,20,1784888660.4444063,37.526512550545505,0.7346517128252078,37.03784237430381,True,37.5,36.5,38.6,0.95,0.05,0.0,0.7,0.03,2,1784888670.4715133,True,True,True,False,1784888517.329048,0,False,0,0,False
1784849457.3002179,20,1784888680.4506855,37.489127946898606,0.7346135652704662,37.029831387808045,True,37.5,36.5,38.6,0.95,0.05,0.0,0.7,0.03,2,1784888690.4788432,True,False,True,True,1784888697.3290815,0,0,1,0,False
1784849457.3002179,20,1784888700.4569697,37.446402685587856,0.7346707866025788,37.01647974364843,True,37.5,36.5,38.6,0.95,0.05,0.0,0.7,0.03,2,1784888710.4844232,True,True,True,True,1784888697.3290815,0,0,1,0,False
1784849457.3002179,20,1784888720.463286,37.45708400091554,0.7346135652704662,37.00846875715267,True,37.5,36.5,38.6,0.95,0.05,0.0,0.7,0.03,2,1784888730.4902146,True,True,True,False,1784888697.3290815,0,0,1,0,False
1784849457.3002179,20,1784888740.4710798,37.47577630273899,0.7348615243762875,37.03250171663997,True,37.5,36.5,38.6,0.95,0.05,0.0,0.7,0.03,2,1784888750.5008137,True,True,True,False,1784888697.3290815,0,0,1,0,False
1784849457.3002179,20,1784888760.4797595,37.507820248722055,0.7348043030441748,37.01647974364843,True,37.5,36.5,38.6,0.95,0.05,0.0,0.7,0.03,2,1784888770.50826,True,False,True,False,1784888697.3290815,0,False,0,0,False
1784849457.3002179,20,1784888780.4882507,37.51850156404974,0.7351094834821087,37.048523689631494,True,37.5,36.5,38.6,0.95,0.05,0.0,0.7,0.03,2,1784888790.5176554,True,True,True,False,1784888697.3290815,0,False,0,0,False
1784849457.3002179,20,1784888800.495689,37.52384222171359,0.7348805981536582,37.04318303196766,True,37.5,36.5,38.6,0.95,0.05,0.0,0.7,0.03,2,1784888810.5231013,True,True,True,False,1784888697.3290815,0,False,0,0,False
1784849457.3002179,20,1784888820.5019314,37.48645761806668,0.7347470817120623,37.05653467612726,True,37.5,36.5,38.6,0.95,0.05,0.0,0.7,0.03,2,1784888830.5299742,True,False,True,False,1784888697.3290815,0,0,1,0,False
1784849457.3002179,20,1784888840.5081017,37.47310597390707,0.7349950408178836,37.02716105897612,True,37.5,36.5,38.6,0.95,0.05,0.0,0.7,0.03,2,1784888850.539703,True,True,True,False,1784888697.3290815,0,0,1,0,False
1784849457.3002179,20,1784888860.5143206,37.46776531624323,0.7345754177157243,37.02716105897612,True,37.5,36.5,38.6,0.95,0.05,0.0,0.7,0.03,2,1784888870.5422113,True,False,True,True,1784888877.3291063,0,0,1,0,False
1784849457.3002179,20,1784888880.5204475,37.49980926222629,0.7351857785915922,37.00846875715267,True,37.5,36.5,38.6,0.95,0.05,0.0,0.7,0.03,2,1784888890.5482104,True,True,True,True,1784888877.3291063,0,0,1,0,False
1784849457.3002179,20,1784888900.5267622,37.483787289234755,0.734937819485771,37.02182040131228,True,37.5,36.5,38.6,0.95,0.05,0.0,0.7,0.03,2,1784888910.5536904,True,False,True,False,1784888877.3291063,0,0,1,0,False
1784849457.3002179,20,1784888920.5330086,37.51049057755398,0.7350141145952545,37.03517204547188,True,37.5,36.5,38.6,0.95,0.05,0.0,0.7,0.03,2,1784888930.560388,True,False,True,False,1784888877.3291063,0,False,0,0,False
1784849457.3002179,20,1784888940.539377,37.52384222171359,0.7347280079346913,37.053864347295345,True,37.5,36.5,38.6,0.95,0.05,0.0,0.7,0.03,2,1784888950.5663645,True,False,True,False,1784888877.3291063,0,False,0,0,False
1784849457.3002179,20,1784888960.5456283,37.50247959105822,0.7349568932631417,37.053864347295345,True,37.5,36.5,38.6,0.95,0.05,0.0,0.7,0.03,2,1784888970.5761259,True,False,True,False,1784888877.3291063,0,False,0,0,False
1784849457.3002179,20,1784888980.552071,37.49179827573053,0.7348805981536582,37.04318303196766,True,37.5,36.5,38.6,0.95,0.05,0.0,0.7,0.03,2,1784888990.5816119,True,True,True,False,1784888877.3291063,0,0,1,0,False
1784849457.3002179,20,1784889000.5585783,37.481116960402844,0.734937819485771,37.03784237430381,True,37.5,36.5,38.6,0.95,0.05,0.0,0.7,0.03,2,1784889010.5865648,True,True,True,False,1784888877.3291063,0,0,1,0,False
1784849457.3002179,20,1784889020.5648181,37.481116960402844,0.7347470817120623,37.029831387808045,True,37.5,36.5,38.6,0.95,0.05,0.0,0.7,0.03,2,1784889030.5936832,True,False,True,False,1784888877.3291063,0,0,1,0,False
1784849457.3002179,20,1784889040.5711815,37.49980926222629,0.7349759670405127,37.04318303196766,True,37.5,36.5,38.6,0.95,0.05,0.0,0.7,0.03,2,1784889050.6069355,True,True,True,True,1784889057.3291268,0,0,1,0,False
1784849457.3002179,20,1784889060.5774083,37.52117189288167,0.7350522621499962,37.06454566262303,True,37.5,36.5,38.6,0.95,0.05,0.0,0.7,0.03,2,1784889070.6052535,True,True,True,True,1784889057.3291268,0,False,0,0,False
1784849457.3002179,20,1784889080.5836565,37.54787518120088,0.7349950408178836,37.067215991454944,True,37.5,36.5,38.6,0.95,0.05,0.0,0.7,0.03,2,1784889090.6114602,True,True,True,False,1784889057.3291268,0,False,0,0,False
1784849457.3002179,20,1784889100.590031,37.526512550545505,0.7350904097047379,37.053864347295345,True,37.5,36.5,38.6,0.95,0.05,0.0,0.7,0.03,2,1784889110.6177793,True,True,True,False,1784889057.3291268,0,False,0,0,False
1784849457.3002179,20,1784889120.5963964,37.49980926222629,0.7351285572594797,37.03517204547188,True,37.5,36.5,38.6,0.95,0.05,0.0,0.7,0.03,2,1784889130.623553,True,True,True,False,1784889057.3291268,0,0,1,0,False
1784849457.3002179,20,1784889140.6025965,37.470435645075156,0.7350331883726252,37.01647974364843,True,37.5,36.5,38.6,0.95,0.05,0.0,0.7,0.03,2,1784889150.6328337,True,True,True,False,1784889057.3291268,0,0,1,0,False
1784849457.3002179,20,1784889160.609048,37.45975432974747,0.7350522621499962,37.03250171663997,True,37.5,36.5,38.6,0.95,0.05,0.0,0.7,0.03,2,1784889170.637056,True,True,True,False,1784889057.3291268,0,0,1,0,False
1784849457.3002179,20,1784889180.6152596,37.49713893339437,0.7349568932631417,37.04318303196766,True,37.5,36.5,38.6,0.95,0.05,0.0,0.7,0.03,2,1784889190.641966,True,True,True,False,1784889057.3291268,0,0,1,0,False
1784849457.3002179,20,1784889200.6213832,37.513160906385906,0.7349759670405127,37.048523689631494,True,37.5,36.5,38.6,0.95,0.05,0.0,0.7,0.03,2,1784889210.6484804,True,True,True,False,1784889057.3291268,0,False,0,0,False
1784849457.3002179,20,1784889220.627779,37.53986419470512,0.7351667048142214,37.04585336079957,True,37.5,36.5,38.6,0.95,0.05,0.0,0.7,0.03,2,1784889230.6551313,True,True,True,True,1784889237.3291314,0,False,0,0,False
1784849457.3002179,20,1784889240.634174,37.50514991989013,0.7348424505989166,37.048523689631494,True,37.5,36.5,38.6,0.95,0.05,0.0,0.7,0.03,2,1784889250.6646025,True,True,True,True,1784889237.3291314,0,False,0,0,False
1784849457.3002179,20,1784889260.640349,37.46242465857938,0.7349950408178836,37.02716105897612,True,37.5,36.5,38.6,0.95,0.05,0.0,0.7,0.03,2,1784889270.6693354,True,False,True,False,1784889237.3291314,0,0,1,0,False
1784849457.3002179,20,1784889280.646522,37.446402685587856,0.7351476310368505,37.00312809948882,True,37.5,36.5,38.6,0.95,0.05,0.0,0.7,0.03,2,1784889290.674,True,False,True,False,1784889237.3291314,0,0,1,0,False
1784849457.3002179,20,1784889300.652696,37.46242465857938,0.7351094834821087,37.00045777065691,True,37.5,36.5,38.6,0.95,0.05,0.0,0.7,0.03,2,1784889310.6800928,True,True,True,False,1784889237.3291314,0,0,1,0,False
1784849457.3002179,20,1784889320.659045,37.46242465857938,0.7348805981536582,37.024490730144194,True,37.5,36.5,38.6,0.95,0.05,0.0,0.7,0.03,2,1784889330.6865003,True,True,True,False,1784889237.3291314,0,0,1,0,False
1784849457.3002179,20,1784889340.6652985,37.48645761806668,0.7348996719310292,37.02716105897612,True,37.5,36.5,38.6,0.95,0.05,0.0,0.7,0.03,2,1784889350.6926727,True,False,True,False,1784889237.3291314,0,0,1,0,False
1784849457.3002179,20,1784889360.67152,37.48645761806668,0.7348043030441748,37.02716105897612,True,37.5,36.5,38.6,0.95,0.05,0.0,0.7,0.03,2,1784889370.698965,True,True,True,False,1784889237.3291314,0,0,1,0,False
1784849457.3002179,20,1784889380.678878,37.513160906385906,0.7351667048142214,37.053864347295345,True,37.5,36.5,38.6,0.95,0.05,0.0,0.7,0.03,2,1784889390.7134538,True,False,True,False,1784889237.3291314,0,False,0,0,False
1784849457.3002179,20,1784889400.687195,37.52384222171359,0.7348233768215457,37.06454566262303,True,37.5,36.5,38.6,0.95,0.05,0.0,0.7,0.03,2,1784889410.716525,True,True,True,True,1784889417.3291457,0,False,0,0,False
1784849457.3002179,20,1784889420.6936255,37.51850156404974,0.7350904097047379,37.04051270313573,True,37.5,36.5,38.6,0.95,0.05,0.0,0.7,0.03,2,1784889430.7206287,True,True,True,True,1784889417.3291457,0,False,0,0,False
1784849457.3002179,20,1784889440.6999478,37.47310597390707,0.7348424505989166,37.04318303196766,True,37.5,36.5,38.6,0.95,0.05,0.0,0.7,0.03,2,1784889450.7269444,True,False,True,False,1784889417.3291457,0,0,1,0,False
1784849457.3002179,20,1784889460.7060816,37.46242465857938,0.7351857785915922,36.99511711299306,True,37.5,36.5,38.6,0.95,0.05,0.0,0.7,0.03,2,1784889470.7343984,True,False,True,False,1784889417.3291457,0,0,1,0,False
1784849457.3002179,20,1784889480.7122622,37.46242465857938,0.7350713359273671,37.00846875715267,True,37.5,36.5,38.6,0.95,0.05,0.0,0.7,0.03,2,1784889490.7396808,True,False,True,False,1784889417.3291457,0,0,1,0,False
1784849457.3002179,20,1784889500.7185068,37.47844663157092,0.7350522621499962,37.02182040131228,True,37.5,36.5,38.6,0.95,0.05,0.0,0.7,0.03,2,1784889510.7457337,True,True,True,False,1784889417.3291457,0,0,1,0,False
1784849457.3002179,20,1784889520.7246578,37.526512550545505,0.7351667048142214,37.03517204547188,True,37.5,36.5,38.6,0.95,0.05,0.0,0.7,0.03,2,1784889530.752078,True,False,True,False,1784889417.3291457,0,False,0,0,False
1784849457.3002179,20,1784889540.7310262,37.513160906385906,0.7354146639200426,37.03250171663997,True,37.5,36.5,38.6,0.95,0.05,0.0,0.7,0.03,2,1784889550.7582061,True,True,True,False,1784889417.3291457,0,False,0,0,False
1784849457.3002179,20,1784889560.7373874,37.513160906385906,0.7350522621499962,37.03250171663997,True,37.5,36.5,38.6,0.95,0.05,0.0,0.7,0.03,2,1784889570.7674165,True,True,True,False,1784889417.3291457,0,False,0,0,False
1784849457.3002179,20,1784889580.7437124,37.50247959105822,0.7352429999237049,37.02716105897612,True,37.5,36.5,38.6,0.95,0.05,0.0,0.7,0.03,2,1784889590.7710733,True,True,True,True,1784889597.329159,0,False,0,0,False
1784849457.3002179,20,1784889600.749979,37.470435645075156,0.7349950408178836,37.03784237430381,True,37.5,36.5,38.6,0.95,0.05,0.0,0.7,0.03,2,1784889610.776891,True,True,True,True,1784889597.329159,0,0,1,0,False
1784849457.3002179,20,1784889620.7561393,37.45441367208362,0.7350522621499962,37.00312809948882,True,37.5,36.5,38.6,0.95,0.05,0.0,0.7,0.03,2,1784889630.7838802,True,True,True,False,1784889597.329159,0,0,1,0,False
1784849457.3002179,20,1784889640.7639296,37.47844663157092,0.7353002212558175,36.989776455329206,True,37.5,36.5,38.6,0.95,0.05,0.0,0.7,0.03,2,1784889650.792599,True,True,True,False,1784889597.329159,0,0,1,0,False
1784849457.3002179,20,1784889660.7732959,37.483787289234755,0.7352620737010757,37.01647974364843,True,37.5,36.5,38.6,0.95,0.05,0.0,0.7,0.03,2,1784889670.8036118,True,False,True,False,1784889597.329159,0,0,1,0,False
1784849457.3002179,20,1784889680.7807734,37.51049057755398,0.7353002212558175,37.04585336079957,True,37.5,36.5,38.6,0.95,0.05,0.0,0.7,0.03,2,1784889690.8098135,True,True,True,False,1784889597.329159,0,False,0,0,False
1784849457.3002179,20,1784889700.787075,37.50514991989013,0.7349950408178836,37.03250171663997,True,37.5,36.5,38.6,0.95,0.05,0.0,0.7,0.03,2,1784889710.8142319,True,True,True,False,1784889597.329159,0,False,0,0,False
1784849457.3002179,20,1784889720.7933276,37.489127946898606,0.7352048523689632,37.04585336079957,True,37.5,36.5,38.6,0.95,0.05,0.0,0.7,0.03,2,1784889730.8207862,True,True,True,False,1784889597.329159,0,0,1,0,False
1784849457.3002179,20,1784889740.799587,37.48645761806668,0.7349568932631417,37.01647974364843,True,37.5,36.5,38.6,0.95,0.05,0.0,0.7,0.03,2,1784889750.828067,True,True,True,False,1784889597.329159,0,0,1,0,False
1784849457.3002179,20,1784889760.805865,37.49713893339437,0.7349759670405127,37.03250171663997,True,37.5,36.5,38.6,0.95,0.05,0.0,0.7,0.03,2,1784889770.8329084,True,True,True,True,1784889777.3291862,0,0,1,0,False
1784849457.3002179,20,1784889780.8119965,37.513160906385906,0.7352429999237049,37.03250171663997,True,37.5,36.5,38.6,0.95,0.05,0.0,0.7,0.03,2,1784889790.8398907,True,False,True,True,1784889777.3291862,0,False,0,0,False
1784849457.3002179,20,1784889800.8196487,37.507820248722055,0.7351094834821087,37.03784237430381,True,37.5,36.5,38.6,0.95,0.05,0.0,0.7,0.03,2,1784889810.8497896,True,True,True,False,1784889777.3291862,0,False,0,0,False
1784849457.3002179,20,1784889820.8283434,37.507820248722055,0.7352429999237049,37.04585336079957,True,37.5,36.5,38.6,0.95,0.05,0.0,0.7,0.03,2,1784889830.8565652,True,True,True,False,1784889777.3291862,0,False,0,0,False
1784849457.3002179,20,1784889840.8357813,37.49980926222629,0.7353192950331884,37.02716105897612,True,37.5,36.5,38.6,0.95,0.05,0.0,0.7,0.03,2,1784889850.8627715,True,True,True,False,1784889777.3291862,0,0,1,0,False
1784849457.3002179,20,1784889860.8418689,37.46242465857938,0.735223926146334,37.01647974364843,True,37.5,36.5,38.6,0.95,0.05,0.0,0.7,0.03,2,1784889870.87122,True,True,True,False,1784889777.3291862,0,0,1,0,False
1784849457.3002179,20,1784889880.8479981,37.51583123521782,0.7351667048142214,37.01915007248036,True,37.5,36.5,38.6,0.95,0.05,0.0,0.7,0.03,2,1784889890.8749092,True,True,True,False,1784889777.3291862,0,False,0,0,False
1784849457.3002179,20,1784889900.8551204,37.526512550545505,0.7353383688105591,37.02716105897612,True,37.5,36.5,38.6,0.95,0.05,0.0,0.7,0.03,2,1784889910.883326,True,True,True,False,1784889777.3291862,0,False,0,0,False
1784849457.3002179,20,1784889920.8623624,37.49446860456244,0.7352429999237049,37.01915007248036,True,37.5,36.5,38.6,0.95,0.05,0.0,0.7,0.03,2,1784889930.8896074,True,True,True,False,1784889777.3291862,0,0,1,0,False
1784849457.3002179,20,1784889940.868475,37.45975432974747,0.7351857785915922,37.03784237430381,True,37.5,36.5,38.6,0.95,0.05,0.0,0.7,0.03,2,1784889950.895808,True,False,True,True,1784889957.3292072,0,0,1,0,False
1784849457.3002179,20,1784889960.8747032,37.45975432974747,0.7351094834821087,37.00045777065691,True,37.5,36.5,38.6,0.95,0.05,0.0,0.7,0.03,2,1784889970.9014766,True,True,True,True,1784889957.3292072,0,0,1,0,False
1784849457.3002179,20,1784889980.880863,37.470435645075156,0.7352048523689632,37.02716105897612,True,37.5,36.5,38.6,0.95,0.05,0.0,0.7,0.03,2,1784889990.9079032,True,True,True,False,1784889957.3292072,0,0,1,0,False
1784849457.3002179,20,1784890000.887001,37.50247959105822,0.7351667048142214,37.00045777065691,True,37.5,36.5,38.6,0.95,0.05,0.0,0.7,0.03,2,1784890010.914526,True,True,True,False,1784889957.3292072,0,False,0,0,False
1784849457.3002179,20,1784890020.8945854,37.507820248722055,0.7353955901426719,37.03517204547188,True,37.5,36.5,38.6,0.95,0.05,0.0,0.7,0.03,2,1784890030.9243844,True,True,True,False,1784889957.3292072,0,False,0,0,False
1784849457.3002179,20,1784890040.9027154,37.52117189288167,0.7352429999237049,37.01647974364843,True,37.5,36.5,38.6,0.95,0.05,0.0,0.7,0.03,2,1784890050.9306078,True,True,True,False,1784889957.3292072,0,False,0,0,False
1784849457.3002179,20,1784890060.9090843,37.489127946898606,0.7351667048142214,37.04318303196766,True,37.5,36.5,38.6,0.95,0.05,0.0,0.7,0.03,2,1784890070.9359865,True,True,True,False,1784889957.3292072,0,0,1,0,False
1784849457.3002179,20,1784890080.9153655,37.49980926222629,0.7352620737010757,37.024490730144194,True,37.5,36.5,38.6,0.95,0.05,0.0,0.7,0.03,2,1784890090.9429536,True,True,True,False,1784889957.3292072,0,0,1,0,False
1784849457.3002179,20,1784890100.9215047,37.49980926222629,0.7357579919127184,37.01647974364843,True,37.5,36.5,38.6,0.95,0.05,0.0,0.7,0.03,2,1784890110.9487967,True,True,True,False,1784889957.3292072,0,0,1,0,False
1784849457.3002179,20,1784890120.9276836,37.483787289234755,0.735376516365301,37.029831387808045,True,37.5,36.5,38.6,0.95,0.05,0.0,0.7,0.03,2,1784890130.955134,True,True,True,True,1784890137.3292341,0,0,1,0,False
1784849457.3002179,20,1784890140.9339957,37.507820248722055,0.7353955901426719,37.03784237430381,True,37.5,36.5,38.6,0.95,0.05,0.0,0.7,0.03,2,1784890150.9606795,True,True,True,True,1784890137.3292341,0,False,0,0,False
1784849457.3002179,20,1784890160.9402635,37.51850156404974,0.7353574425879301,37.04318303196766,True,37.5,36.5,38.6,0.95,0.05,0.0,0.7,0.03,2,1784890170.9716747,True,True,True,False,1784890137.3292341,0,False,0,0,False
1784849457.3002179,20,1784890180.9465005,37.49713893339437,0.735376516365301,37.053864347295345,True,37.5,36.5,38.6,0.95,0.05,0.0,0.7,0.03,2,1784890190.9737027,True,False,True,False,1784890137.3292341,0,0,1,0,False
1784849457.3002179,20,1784890200.9526613,37.481116960402844,0.7353002212558175,37.011139085984595,True,37.5,36.5,38.6,0.95,0.05,0.0,0.7,0.03,2,1784890210.9799995,True,True,True,False,1784890137.3292341,0,0,1,0,False
1784849457.3002179,20,1784890220.9588304,37.470435645075156,0.7352048523689632,37.00312809948882,True,37.5,36.5,38.6,0.95,0.05,0.0,0.7,0.03,2,1784890230.9870687,True,True,True,False,1784890137.3292341,0,0,1,0,False
1784849457.3002179,20,1784890240.9649248,37.489127946898606,0.7355481803616388,37.01647974364843,True,37.5,36.5,38.6,0.95,0.05,0.0,0.7,0.03,2,1784890250.9918513,True,True,True,False,1784890137.3292341,0,0,1,0,False
1784849457.3002179,20,1784890260.9710584,37.51049057755398,0.7350904097047379,37.02716105897612,True,37.5,36.5,38.6,0.95,0.05,0.0,0.7,0.03,2,1784890270.9981992,True,False,True,False,1784890137.3292341,0,False,0,0,False
1784849457.3002179,20,1784890280.9773192,37.50514991989013,0.7350904097047379,37.029831387808045,True,37.5,36.5,38.6,0.95,0.05,0.0,0.7,0.03,2,1784890291.0046632,True,True,True,False,1784890137.3292341,0,False,0,0,False
1784849457.3002179,20,1784890300.9835944,37.526512550545505,0.735529106584268,37.02182040131228,True,37.5,36.5,38.6,0.95,0.05,0.0,0.7,0.03,2,1784890311.0109851,True,True,True,True,1784890317.329239,0,False,0,0,False
1784849457.3002179,20,1784890320.9899395,37.489127946898606,0.7353383688105591,37.024490730144194,True,37.5,36.5,38.6,0.95,0.05,0.0,0.7,0.03,2,1784890331.0167944,True,True,True,True,1784890317.329239,0,0,1,0,False
1784849457.3002179,20,1784890340.9960485,37.481116960402844,0.7350141145952545,37.005798428320745,True,37.5,36.5,38.6,0.95,0.05,0.0,0.7,0.03,2,1784890351.0233493,True,True,True,False,1784890317.329239,0,0,1,0,False
1784849457.3002179,20,1784890361.0023851,37.49179827573053,0.7353574425879301,37.01647974364843,True,37.5,36.5,38.6,0.95,0.05,0.0,0.7,0.03,2,1784890371.0316217,True,True,True,False,1784890317.329239,0,0,1,0,False
1784849457.3002179,20,1784890381.008898,37.49713893339437,0.7355672541390096,37.011139085984595,True,37.5,36.5,38.6,0.95,0.05,0.0,0.7,0.03,2,1784890391.039298,True,True,True,False,1784890317.329239,0,0,1,0,False
1784849457.3002179,20,1784890401.0181255,37.53452353704128,0.7354718852521553,37.02716105897612,True,37.5,36.5,38.6,0.95,0.05,0.0,0.7,0.03,2,1784890411.0453868,True,True,True,False,1784890317.329239,0,False,0,0,False
1784849457.3002179,20,1784890421.024364,37.53452353704128,0.7353383688105591,37.067215991454944,True,37.5,36.5,38.6,0.95,0.05,0.0,0.7,0.03,2,1784890431.0557108,True,False,True,False,1784890317.329239,0,False,0,0,False
1784849457.3002179,20,1784890441.0307417,37.55321583886473,0.7354528114747845,37.07522697795072,True,37.5,36.5,38.6,0.95,0.05,0.0,0.7,0.03,2,1784890451.0580783,True,False,True,False,1784890317.329239,0,False,0,0,False
1784849457.3002179,20,1784890461.0369458,37.53719386587319,0.7354718852521553,37.05920500495918,True,37.5,36.5,38.6,0.95,0.05,0.0,0.7,0.03,2,1784890471.0680974,True,True,True,False,1784890317.329239,0,False,0,0,False
1784849457.3002179,20,1784890481.044121,37.49446860456244,0.7353192950331884,37.01915007248036,True,37.5,36.5,38.6,0.95,0.05,0.0,0.7,0.03,2,1784890491.0761487,True,True,True,True,1784890497.3292692,0,0,1,0,False
1784849457.3002179,20,1784890501.0517604,37.43572137026017,0.7354337376974136,36.99511711299306,True,37.5,36.5,38.6,0.95,0.05,0.0,0.7,0.03,2,1784890511.0790994,True,True,True,True,1784890497.3292692,0,0,1,0,False
1784849457.3002179,20,1784890521.0578783,37.441062027924005,0.7352620737010757,36.99244678416113,True,37.5,36.5,38.6,0.95,0.05,0.0,0.7,0.03,2,1784890531.0853412,True,False,True,False,1784890497.3292692,0,0,1,0,False
1784849457.3002179,20,1784890541.0640216,37.45441367208362,0.7355672541390096,36.989776455329206,True,37.5,36.5,38.6,0.95,0.05,0.0,0.7,0.03,2,1784890551.091639,True,True,True,False,1784890497.3292692,0,0,1,0,False
1784849457.3002179,20,1784890561.0702195,37.48645761806668,0.7351857785915922,37.01647974364843,True,37.5,36.5,38.6,0.95,0.05,0.0,0.7,0.03,2,1784890571.0972836,True,True,True,False,1784890497.3292692,0,0,1,0,False
1784849457.3002179,20,1784890581.0773478,37.513160906385906,0.7354146639200426,37.03250171663997,True,37.5,36.5,38.6,0.95,0.05,0.0,0.7,0.03,2,1784890591.105835,True,True,True,False,1784890497.3292692,0,False,0,0,False
1784849457.3002179,20,1784890601.0845973,37.507820248722055,0.7354909590295261,37.048523689631494,True,37.5,36.5,38.6,0.95,0.05,0.0,0.7,0.03,2,1784890611.1121905,True,False,True,False,1784890497.3292692,0,False,0,0,False
1784849457.3002179,20,1784890621.0908365,37.49713893339437,0.7352048523689632,37.05119401846342,True,37.5,36.5,38.6,0.95,0.05,0.0,0.7,0.03,2,1784890631.1183145,True,True,True,False,1784890497.3292692,0,0,1,0,False
1784849457.3002179,20,1784890641.0969877,37.49980926222629,0.7354718852521553,37.03784237430381,True,37.5,36.5,38.6,0.95,0.05,0.0,0.7,0.03,2,1784890651.1241665,True,True,True,False,1784890497.3292692,0,0,1,0,False
1784849457.3002179,20,1784890661.1031067,37.50514991989013,0.7354718852521553,37.053864347295345,True,37.5,36.5,38.6,0.95,0.05,0.0,0.7,0.03,2,1784890671.1300416,True,True,True,True,1784890677.3292885,0,False,0,0,False
1784849457.3002179,20,1784890681.1093206,37.50514991989013,0.7355863279163806,37.01915007248036,True,37.5,36.5,38.6,0.95,0.05,0.0,0.7,0.03,2,1784890691.1366782,True,True,True,True,1784890677.3292885,0,False,0,0,False
1784849457.3002179,20,1784890701.1156588,37.489127946898606,0.7355481803616388,36.99511711299306,True,37.5,36.5,38.6,0.95,0.05,0.0,0.7,0.03,2,1784890711.1430953,True,True,True,False,1784890677.3292885,0,0,1,0,False
1784849457.3002179,20,1784890721.1218274,37.446402685587856,0.7354909590295261,37.00312809948882,True,37.5,36.5,38.6,0.95,0.05,0.0,0.7,0.03,2,1784890731.1487048,True,True,True,False,1784890677.3292885,0,0,1,0,False
1784849457.3002179,20,1784890741.12805,37.481116960402844,0.7357007705806058,36.99511711299306,True,37.5,36.5,38.6,0.95,0.05,0.0,0.7,0.03,2,1784890751.1549077,True,True,True,False,1784890677.3292885,0,0,1,0,False
1784849457.3002179,20,1784890761.1343586,37.49713893339437,0.7355481803616388,37.01647974364843,True,37.5,36.5,38.6,0.95,0.05,0.0,0.7,0.03,2,1784890771.1613371,True,False,True,False,1784890677.3292885,0,0,1,0,False
1784849457.3002179,20,1784890781.140604,37.507820248722055,0.7356816968032349,37.03784237430381,True,37.5,36.5,38.6,0.95,0.05,0.0,0.7,0.03,2,1784890791.167911,True,False,True,False,1784890677.3292885,0,False,0,0,False
1784849457.3002179,20,1784890801.1468441,37.53452353704128,0.7355672541390096,37.04318303196766,True,37.5,36.5,38.6,0.95,0.05,0.0,0.7,0.03,2,1784890811.1742077,False,True,True,False,1784890677.3292885,0,False,0,0,False
1784849457.3002179,20,1784890821.1531832,37.51850156404974,0.7356244754711223,37.024490730144194,True,37.5,36.5,38.6,0.95,0.05,0.0,0.7,0.03,2,1784890831.1805046,False,True,True,False,1784890677.3292885,0,False,0,0,False
1784849457.3002179,20,1784890841.159507,37.489127946898606,0.7354146639200426,37.048523689631494,True,37.5,36.5,38.6,0.95,0.05,0.0,0.7,0.03,2,1784890851.188503,False,True,True,True,1784890857.3293266,0,0,1,0,False
1784849457.3002179,20,1784890861.1665065,37.45174334325169,0.7354718852521553,37.01647974364843,True,37.5,36.5,38.6,0.95,0.05,0.0,0.7,0.03,2,1784890871.202878,False,False,True,True,1784890857.3293266,0,0,1,0,False
1784849457.3002179,20,1784890881.180243,37.46242465857938,0.7355863279163806,37.024490730144194,True,37.5,36.5,38.6,0.95,0.05,0.0,0.7,0.03,2,1784890891.208064,False,True,True,False,1784890857.3293266,0,0,1,0,False
1784849457.3002179,20,1784890901.1869264,37.47310597390707,0.7355100328068971,37.04318303196766,True,37.5,36.5,38.6,0.95,0.05,0.0,0.7,0.03,2,1784890911.2147048,False,True,True,False,1784890857.3293266,0,0,1,0,False
1784849457.3002179,20,1784890921.1934006,37.489127946898606,0.7352048523689632,37.03517204547188,True,37.5,36.5,38.6,0.95,0.05,0.0,0.7,0.03,2,1784890931.220815,False,False,True,False,1784890857.3293266,0,0,1,0,False
1784849457.3002179,20,1784890941.1995542,37.507820248722055,0.735662623025864,37.08590829327841,True,37.5,36.5,38.6,0.95,0.05,0.0,0.7,0.03,2,1784890951.2268956,False,True,True,False,1784890857.3293266,0,False,0,0,False
1784849457.3002179,20,1784890961.2058039,37.507820248722055,0.7357389181353475,37.091248950942244,True,37.5,36.5,38.6,0.95,0.05,0.0,0.7,0.03,2,1784890971.2331626,False,True,True,False,1784890857.3293266,0,False,0,0,False
1784849457.3002179,20,1784890981.2121258,37.507820248722055,0.7354909590295261,37.06988632028687,True,37.5,36.5,38.6,0.95,0.05,0.0,0.7,0.03,2,1784890991.239609,False,True,True,False,1784890857.3293266,0,False,0,0,False
1784849457.3002179,20,1784891001.218548,37.45975432974747,0.7354718852521553,37.06454566262303,True,37.5,36.5,38.6,0.95,0.05,0.0,0.7,0.03,2,1784891011.2458708,False,True,True,False,1784890857.3293266,0,0,1,0,False
1784849457.3002179,20,1784891021.224665,37.45441367208362,0.7355863279163806,37.04585336079957,True,37.5,36.5,38.6,0.95,0.05,0.0,0.7,0.03,2,1784891031.2520223,False,True,True,True,1784891037.3293543,0,0,1,0,False
1784849457.3002179,20,1784891041.2308667,37.46242465857938,0.7355863279163806,37.048523689631494,True,37.5,36.5,38.6,0.95,0.05,0.0,0.7,0.03,2,1784891051.2576606,False,True,True,True,1784891037.3293543,0,0,1,0,False
1784849457.3002179,20,1784891061.2369092,37.46242465857938,0.7355481803616388,37.048523689631494,True,37.5,36.5,38.6,0.95,0.05,0.0,0.7,0.03,2,1784891071.2642567,False,True,True,False,1784891037.3293543,0,0,1,0,False
1784849457.3002179,20,1784891081.243141,37.51049057755398,0.7355863279163806,37.08323796444648,True,37.5,36.5,38.6,0.95,0.05,0.0,0.7,0.03,2,1784891091.270467,False,True,True,False,1784891037.3293543,0,False,0,0,False
1784849457.3002179,20,1784891101.2493348,37.51583123521782,0.73579613946746,37.07522697795072,True,37.5,36.5,38.6,0.95,0.05,0.0,0.7,0.03,2,1784891111.276675,False,False,True,False,1784891037.3293543,0,False,0,0,False
1784849457.3002179,20,1784891121.257166,37.51583123521782,0.7358533607995728,37.12596322575723,True,37.5,36.5,38.6,0.95,0.05,0.0,0.7,0.03,2,1784891131.2852354,False,True,True,False,1784891037.3293543,0,False,0,0,False
1784849457.3002179,20,1784891141.2647343,37.48645761806668,0.7355481803616388,37.08056763561456,True,37.5,36.5,38.6,0.95,0.05,0.0,0.7,0.03,2,1784891151.2922363,False,True,True,False,1784891037.3293543,0,0,1,0,False
1784849457.3002179,20,1784891161.2721393,37.465094987411305,0.7354337376974136,37.06454566262303,True,37.5,36.5,38.6,0.95,0.05,0.0,0.7,0.03,2,1784891171.3001437,False,True,True,False,1784891037.3293543,0,0,1,0,False
1784849457.3002179,20,1784891181.2795177,37.465094987411305,0.735529106584268,37.091248950942244,True,37.5,36.5,38.6,0.95,0.05,0.0,0.7,0.03,2,1784891191.3069296,False,True,True,False,1784891037.3293543,0,0,1,0,False
1784849457.3002179,20,1784891201.2856743,37.49713893339437,0.7353002212558175,37.08056763561456,True,37.5,36.5,38.6,0.95,0.05,0.0,0.7,0.03,2,1784891211.315121,False,True,True,True,1784891217.3293908,0,0,1,0,False
1784849457.3002179,20,1784891221.2928019,37.48645761806668,0.7357198443579765,37.109941252765694,True,37.5,36.5,38.6,0.95,0.05,0.0,0.7,0.03,2,1784891231.3211334,False,True,True,True,1784891217.3293908,0,0,1,0,False
1784849457.3002179,20,1784891241.300327,37.51049057755398,0.7355863279163806,37.10727092393378,True,37.5,36.5,38.6,0.95,0.05,0.0,0.7,0.03,2,1784891251.3273163,False,True,True,False,1784891217.3293908,0,False,0,0,False
1784849457.3002179,20,1784891261.3074515,37.51583123521782,0.7356435492484931,37.11795223926147,True,37.5,36.5,38.6,0.95,0.05,0.0,0.7,0.03,2,1784891271.3361259,False,False,True,False,1784891217.3293908,0,False,0,0,False
1784849457.3002179,20,1784891281.3151922,37.52117189288167,0.7357198443579765,37.109941252765694,True,37.5,36.5,38.6,0.95,0.05,0.0,0.7,0.03,2,1784891291.343421,False,False,True,False,1784891217.3293908,0,False,0,0,False
1784849457.3002179,20,1784891301.3215592,37.49446860456244,0.7357389181353475,37.10193026626993,True,37.5,36.5,38.6,0.95,0.05,0.0,0.7,0.03,2,1784891311.3504102,False,False,True,False,1784891217.3293908,0,0,1,0,False
1784849457.3002179,20,1784891321.3279085,37.46242465857938,0.7358533607995728,37.08323796444648,True,37.5,36.5,38.6,0.95,0.05,0.0,0.7,0.03,2,1784891331.3549707,False,True,True,False,1784891217.3293908,0,0,1,0,False
1784849457.3002179,20,1784891341.3341155,37.45975432974747,0.7356816968032349,37.05920500495918,True,37.5,36.5,38.6,0.95,0.05,0.0,0.7,0.03,2,1784891351.3641708,False,False,True,False,1784891217.3293908,0,0,1,0,False
1784849457.3002179,20,1784891361.3405154,37.470435645075156,0.7355863279163806,37.06454566262303,True,37.5,36.5,38.6,0.95,0.05,0.0,0.7,0.03,2,1784891371.3707085,False,True,True,False,1784891217.3293908,0,0,1,0,False
1784849457.3002179,20,1784891381.3470562,37.507820248722055,0.7357389181353475,37.08056763561456,True,37.5,36.5,38.6,0.95,0.05,0.0,0.7,0.03,2,1784891391.3743923,False,True,True,True,1784891397.3294044,0,False,0,0,False
1784849457.3002179,20,1784891401.3537877,37.507820248722055,0.735662623025864,37.10727092393378,True,37.5,36.5,38.6,0.95,0.05,0.0,0.7,0.03,2,1784891411.381169,False,False,True,True,1784891397.3294044,0,False,0,0,False
1784849457.3002179,20,1784891421.3601546,37.513160906385906,0.736101319905394,37.109941252765694,True,37.5,36.5,38.6,0.95,0.05,0.0,0.7,0.03,2,1784891431.391246,False,True,True,False,1784891397.3294044,0,False,0,0,False
1784849457.3002179,20,1784891441.3664622,37.489127946898606,0.7358724345769435,37.10727092393378,True,37.5,36.5,38.6,0.95,0.05,0.0,0.7,0.03,2,1784891451.394456,False,False,True,False,1784891397.3294044,0,0,1,0,False
1784849457.3002179,20,1784891461.3726823,37.526512550545505,0.7355863279163806,37.10727092393378,True,37.5,36.5,38.6,0.95,0.05,0.0,0.7,0.03,2,1784891471.4010115,False,True,True,False,1784891397.3294044,0,False,0,0,False
1784849457.3002179,20,1784891481.3796246,37.49980926222629,0.7355672541390096,37.099259937438006,True,37.5,36.5,38.6,0.95,0.05,0.0,0.7,0.03,2,1784891491.406683,False,True,True,False,1784891397.3294044,0,0,1,0,False
1784849457.3002179,20,1784891501.3858192,37.46776531624323,0.7356435492484931,37.07522697795072,True,37.5,36.5,38.6,0.95,0.05,0.0,0.7,0.03,2,1784891511.4129386,False,True,True,False,1784891397.3294044,0,0,1,0,False
1784849457.3002179,20,1784891521.3920019,37.489127946898606,0.7354528114747845,37.09391927977417,True,37.5,36.5,38.6,0.95,0.05,0.0,0.7,0.03,2,1784891531.4195228,False,True,True,False,1784891397.3294044,0,0,1,0,False
1784849457.3002179,20,1784891541.3981926,37.52384222171359,0.7358533607995728,37.10727092393378,True,37.5,36.5,38.6,0.95,0.05,0.0,0.7,0.03,2,1784891551.426039,False,True,True,False,1784891397.3294044,0,False,0,0,False
1784849457.3002179,20,1784891561.4049296,37.52384222171359,0.735815213244831,37.14999618524453,True,37.5,36.5,38.6,0.95,0.05,0.0,0.7,0.03,2,1784891571.4325142,False,True,True,True,1784891577.3294082,0,False,0,0,False
1784849457.3002179,20,1784891581.4112074,37.52384222171359,0.73579613946746,37.139314869916845,True,37.5,36.5,38.6,0.95,0.05,0.0,0.7,0.03,2,1784891591.4382074,False,True,True,True,1784891577.3294082,0,False,0,0,False
1784849457.3002179,20,1784891601.4175353,37.51850156404974,0.7356435492484931,37.11795223926147,True,37.5,36.5,38.6,0.95,0.05,0.0,0.7,0.03,2,1784891611.4485734,False,False,True,False,1784891577.3294082,0,False,0,0,False
1784849457.3002179,20,1784891621.4242835,37.48645761806668,0.7358342870222019,37.10460059510186,True,37.5,36.5,38.6,0.95,0.05,0.0,0.7,0.03,2,1784891631.4534092,False,True,True,False,1784891577.3294082,0,0,1,0,False
1784849457.3002179,20,1784891641.4306316,37.46242465857938,0.7355863279163806,37.08056763561456,True,37.5,36.5,38.6,0.95,0.05,0.0,0.7,0.03,2,1784891651.4574764,False,True,True,False,1784891577.3294082,0,0,1,0,False
1784849457.3002179,20,1784891661.4367516,37.46242465857938,0.7357389181353475,37.091248950942244,True,37.5,36.5,38.6,0.95,0.05,0.0,0.7,0.03,2,1784891671.4647212,False,True,True,False,1784891577.3294082,0,0,1,0,False
1784849457.3002179,20,1784891681.443028,37.49980926222629,0.7358724345769435,37.12062256809338,True,37.5,36.5,38.6,0.95,0.05,0.0,0.7,0.03,2,1784891691.471457,False,True,True,False,1784891577.3294082,0,0,1,0,False
1784849457.3002179,20,1784891701.4492075,37.51049057755398,0.7358915083543145,37.10193026626993,True,37.5,36.5,38.6,0.95,0.05,0.0,0.7,0.03,2,1784891711.4794042,False,False,True,False,1784891577.3294082,0,False,0,0,False
1784849457.3002179,20,1784891721.4557943,37.526512550545505,0.73579613946746,37.12596322575723,True,37.5,36.5,38.6,0.95,0.05,0.0,0.7,0.03,2,1784891731.483287,False,True,True,False,1784891577.3294082,0,False,0,0,False
1784849457.3002179,20,1784891741.4622307,37.53452353704128,0.7358342870222019,37.133974212252994,True,37.5,36.5,38.6,0.95,0.05,0.0,0.7,0.03,2,1784891751.489992,False,False,True,True,1784891757.3294277,0,False,0,0,False
1784849457.3002179,20,1784891761.4685714,37.507820248722055,0.7354718852521553,37.12863355458916,True,37.5,36.5,38.6,0.95,0.05,0.0,0.7,0.03,2,1784891771.4994695,False,False,True,True,1784891757.3294277,0,False,0,0,False
1784849457.3002179,20,1784891781.4750667,37.47577630273899,0.7357770656900893,37.08590829327841,True,37.5,36.5,38.6,0.95,0.05,0.0,0.7,0.03,2,1784891791.5023897,False,False,True,False,1784891757.3294277,0,0,1,0,False
1784849457.3002179,20,1784891801.4812312,37.470435645075156,0.7356244754711223,37.07522697795072,True,37.5,36.5,38.6,0.95,0.05,0.0,0.7,0.03,2,1784891811.5085301,False,True,True,False,1784891757.3294277,0,0,1,0,False
1784849457.3002179,20,1784891821.4873962,37.47577630273899,0.7357770656900893,37.08857862211032,True,37.5,36.5,38.6,0.95,0.05,0.0,0.7,0.03,2,1784891831.5148075,False,True,True,False,1784891757.3294277,0,0,1,0,False
1784849457.3002179,20,1784891841.4936132,37.489127946898606,0.7360440985732815,37.08056763561456,True,37.5,36.5,38.6,0.95,0.05,0.0,0.7,0.03,2,1784891851.5206802,False,True,True,False,1784891757.3294277,0,0,1,0,False
1784849457.3002179,20,1784891861.4998856,37.52117189288167,0.7357579919127184,37.10193026626993,True,37.5,36.5,38.6,0.95,0.05,0.0,0.7,0.03,2,1784891871.5287654,False,True,True,False,1784891757.3294277,0,False,0,0,False
1784849457.3002179,20,1784891881.506293,37.531853208209355,0.7358533607995728,37.12062256809338,True,37.5,36.5,38.6,0.95,0.05,0.0,0.7,0.03,2,1784891891.5335674,False,False,True,False,1784891757.3294277,0,False,0,0,False
1784849457.3002179,20,1784891901.512704,37.526512550545505,0.7359296559090562,37.12863355458916,True,37.5,36.5,38.6,0.95,0.05,0.0,0.7,0.03,2,1784891911.539942,False,True,True,False,1784891757.3294277,0,False,0,0,False
1784849457.3002179,20,1784891921.519108,37.51049057755398,0.7358533607995728,37.13130388342107,True,37.5,36.5,38.6,0.95,0.05,0.0,0.7,0.03,2,1784891931.5479324,False,False,True,True,1784891937.3294575,0,False,0,0,False
1784849457.3002179,20,1784891941.5254252,37.470435645075156,0.7358342870222019,37.11795223926147,True,37.5,36.5,38.6,0.95,0.05,0.0,0.7,0.03,2,1784891951.553436,False,False,True,True,1784891937.3294575,0,0,1,0,False
1784849457.3002179,20,1784891961.5318565,37.465094987411305,0.735967803463798,37.06988632028687,True,37.5,36.5,38.6,0.95,0.05,0.0,0.7,0.03,2,1784891971.559338,False,True,True,False,1784891937.3294575,0,0,1,0,False
1784849457.3002179,20,1784891981.5380785,37.45441367208362,0.7358342870222019,37.06454566262303,True,37.5,36.5,38.6,0.95,0.05,0.0,0.7,0.03,2,1784891991.5650895,False,False,True,False,1784891937.3294575,0,0,1,0,False
1784849457.3002179,20,1784892001.5442622,37.49713893339437,0.7358533607995728,37.091248950942244,True,37.5,36.5,38.6,0.95,0.05,0.0,0.7,0.03,2,1784892011.5719612,False,True,True,False,1784891937.3294575,0,0,1,0,False
1784849457.3002179,20,1784892021.5507684,37.513160906385906,0.7358915083543145,37.109941252765694,True,37.5,36.5,38.6,0.95,0.05,0.0,0.7,0.03,2,1784892031.5776024,False,True,True,False,1784891937.3294575,0,False,0,0,False
1784849457.3002179,20,1784892041.5570714,37.51049057755398,0.7360822461280232,37.11261158159762,True,37.5,36.5,38.6,0.95,0.05,0.0,0.7,0.03,2,1784892051.5846264,False,False,True,False,1784891937.3294575,0,False,0,0,False
1784849457.3002179,20,1784892061.5633156,37.531853208209355,0.7360440985732815,37.12329289692531,True,37.5,36.5,38.6,0.95,0.05,0.0,0.7,0.03,2,1784892071.5907369,False,True,True,False,1784891937.3294575,0,False,0,0,False
1784849457.3002179,20,1784892081.5696373,37.49980926222629,0.735967803463798,37.12062256809338,True,37.5,36.5,38.6,0.95,0.05,0.0,0.7,0.03,2,1784892091.598628,False,True,True,False,1784891937.3294575,0,0,1,0,False
1784849457.3002179,20,1784892101.5758247,37.51049057755398,0.7357579919127184,37.10727092393378,True,37.5,36.5,38.6,0.95,0.05,0.0,0.7,0.03,2,1784892111.603515,False,True,True,True,1784892117.3294823,0,False,0,0,False
1784849457.3002179,20,1784892121.5824676,37.46776531624323,0.7358915083543145,37.099259937438006,True,37.5,36.5,38.6,0.95,0.05,0.0,0.7,0.03,2,1784892131.6097448,False,True,True,True,1784892117.3294823,0,0,1,0,False
1784849457.3002179,20,1784892141.588576,37.45975432974747,0.7360440985732815,37.06454566262303,True,37.5,36.5,38.6,0.95,0.05,0.0,0.7,0.03,2,1784892151.6163929,False,True,True,False,1784892117.3294823,0,0,1,0,False
1784849457.3002179,20,1784892161.5987675,37.470435645075156,0.7362920576791028,37.08056763561456,True,37.5,36.5,38.6,0.95,0.05,0.0,0.7,0.03,2,1784892171.6416667,False,True,True,False,1784892117.3294823,0,0,1,0,False
1784849457.3002179,20,1784892181.6183035,37.48645761806668,0.7360440985732815,37.08056763561456,True,37.5,36.5,38.6,0.95,0.05,0.0,0.7,0.03,2,1784892191.6456013,False,True,True,False,1784892117.3294823,0,0,1,0,False
1784849457.3002179,20,1784892201.6244156,37.52384222171359,0.7362157625696193,37.10727092393378,True,37.5,36.5,38.6,0.95,0.05,0.0,0.7,0.03,2,1784892211.657967,False,True,True,False,1784892117.3294823,0,False,0,0,False
1784849457.3002179,20,1784892221.6307766,37.52384222171359,0.7357389181353475,37.13130388342107,True,37.5,36.5,38.6,0.95,0.05,0.0,0.7,0.03,2,1784892231.6577418,False,True,True,False,1784892117.3294823,0,False,0,0,False
1784849457.3002179,20,1784892241.6370406,37.49446860456244,0.7358342870222019,37.10727092393378,True,37.5,36.5,38.6,0.95,0.05,0.0,0.7,0.03,2,1784892251.6640205,False,False,True,False,1784892117.3294823,0,0,1,0,False
1784849457.3002179,20,1784892261.643273,37.47310597390707,0.7358724345769435,37.10727092393378,True,37.5,36.5,38.6,0.95,0.05,0.0,0.7,0.03,2,1784892271.670623,False,True,True,False,1784892117.3294823,0,0,1,0,False
1784849457.3002179,20,1784892281.649415,37.47310597390707,0.7357389181353475,37.09391927977417,True,37.5,36.5,38.6,0.95,0.05,0.0,0.7,0.03,2,1784892291.6782024,False,True,True,True,1784892297.329518,0,0,1,0,False
1784849457.3002179,20,1784892301.6562831,37.489127946898606,0.7362348363469902,37.08056763561456,True,37.5,36.5,38.6,0.95,0.05,0.0,0.7,0.03,2,1784892311.6851466,False,False,True,True,1784892297.329518,0,0,1,0,False
1784849457.3002179,20,1784892321.6641245,37.46242465857938,0.7360631723506523,37.09391927977417,True,37.5,36.5,38.6,0.95,0.05,0.0,0.7,0.03,2,1784892331.6922905,False,True,True,False,1784892297.329518,0,0,1,0,False
1784849457.3002179,20,1784892341.671217,37.481116960402844,0.7358724345769435,37.096589608606095,True,37.5,36.5,38.6,0.95,0.05,0.0,0.7,0.03,2,1784892351.699643,False,True,True,False,1784892297.329518,0,0,1,0,False
1784849457.3002179,20,1784892361.6794207,37.52384222171359,0.736101319905394,37.11795223926147,True,37.5,36.5,38.6,0.95,0.05,0.0,0.7,0.03,2,1784892371.708513,False,True,True,False,1784892297.329518,0,False,0,0,False
1784849457.3002179,20,1784892381.6868303,37.51850156404974,0.735967803463798,37.14465552758068,True,37.5,36.5,38.6,0.95,0.05,0.0,0.7,0.03,2,1784892391.7141807,False,True,True,False,1784892297.329518,0,False,0,0,False
1784849457.3002179,20,1784892401.6940222,37.54520485236897,0.736101319905394,37.12863355458916,True,37.5,36.5,38.6,0.95,0.05,0.0,0.7,0.03,2,1784892411.7223096,False,True,True,False,1784892297.329518,0,False,0,0,False
1784849457.3002179,20,1784892421.7023308,37.49179827573053,0.7361394674601358,37.109941252765694,True,37.5,36.5,38.6,0.95,0.05,0.0,0.7,0.03,2,1784892431.7310612,False,False,True,False,1784892297.329518,0,0,1,0,False
1784849457.3002179,20,1784892441.7094865,37.47310597390707,0.7359105821316854,37.096589608606095,True,37.5,36.5,38.6,0.95,0.05,0.0,0.7,0.03,2,1784892451.7368686,False,True,True,False,1784892297.329518,0,0,1,0,False
1784849457.3002179,20,1784892461.7157407,37.47310597390707,0.736101319905394,37.091248950942244,True,37.5,36.5,38.6,0.95,0.05,0.0,0.7,0.03,2,1784892471.742835,False,False,True,True,1784892477.3295527,0,0,1,0,False
1784849457.3002179,20,1784892481.7229373,37.49980926222629,0.7359296559090562,37.109941252765694,True,37.5,36.5,38.6,0.95,0.05,0.0,0.7,0.03,2,1784892491.7553923,False,True,True,True,1784892477.3295527,0,0,1,0,False
1784849457.3002179,20,1784892501.730185,37.49980926222629,0.7361966887922484,37.11261158159762,True,37.5,36.5,38.6,0.95,0.05,0.0,0.7,0.03,2,1784892511.7592883,False,True,True,False,1784892477.3295527,0,0,1,0,False
1784849457.3002179,20,1784892521.736589,37.52117189288167,0.7362157625696193,37.12062256809338,True,37.5,36.5,38.6,0.95,0.05,0.0,0.7,0.03,2,1784892531.7663805,False,True,True,False,1784892477.3295527,0,False,0,0,False
1784849457.3002179,20,1784892541.7431803,37.53986419470512,0.7361394674601358,37.16601815823606,True,37.5,36.5,38.6,0.95,0.05,0.0,0.7,0.03,2,1784892551.7731576,False,True,True,False,1784892477.3295527,0,False,0,0,False
1784849457.3002179,20,1784892561.7497885,37.54520485236897,0.7362920576791028,37.14465552758068,True,37.5,36.5,38.6,0.95,0.05,0.0,0.7,0.03,2,1784892571.7777085,False,False,True,False,1784892477.3295527,0,False,0,0,False
1784849457.3002179,20,1784892581.7572846,37.49713893339437,0.7360440985732815,37.139314869916845,True,37.5,36.5,38.6,0.95,0.05,0.0,0.7,0.03,2,1784892591.7861857,False,False,True,False,1784892477.3295527,0,0,1,0,False
1784849457.3002179,20,1784892601.7652872,37.48645761806668,0.7360631723506523,37.11261158159762,True,37.5,36.5,38.6,0.95,0.05,0.0,0.7,0.03,2,1784892611.7926288,False,True,True,False,1784892477.3295527,0,0,1,0,False
1784849457.3002179,20,1784892621.7715836,37.47577630273899,0.7363683527885863,37.08323796444648,True,37.5,36.5,38.6,0.95,0.05,0.0,0.7,0.03,2,1784892631.7989473,False,True,True,False,1784892477.3295527,0,0,1,0,False
1784849457.3002179,20,1784892641.7777689,37.489127946898606,0.7360250247959105,37.10727092393378,True,37.5,36.5,38.6,0.95,0.05,0.0,0.7,0.03,2,1784892651.8051937,False,True,True,True,1784892657.3295796,0,0,1,0,False
1784849457.3002179,20,1784892661.7839992,37.47844663157092,0.735662623025864,37.10727092393378,True,37.5,36.5,38.6,0.95,0.05,0.0,0.7,0.03,2,1784892671.8113942,False,False,True,True,1784892657.3295796,0,0,1,0,False
1784849457.3002179,20,1784892681.7902296,37.49446860456244,0.7360822461280232,37.109941252765694,True,37.5,36.5,38.6,0.95,0.05,0.0,0.7,0.03,2,1784892691.8176122,False,True,True,False,1784892657.3295796,0,0,1,0,False
1784849457.3002179,20,1784892701.796424,37.531853208209355,0.7364255741206989,37.14999618524453,True,37.5,36.5,38.6,0.95,0.05,0.0,0.7,0.03,2,1784892711.8233032,False,True,True,False,1784892657.3295796,0,False,0,0,False
1784849457.3002179,20,1784892721.8029134,37.52117189288167,0.735967803463798,37.14732585641261,True,37.5,36.5,38.6,0.95,0.05,0.0,0.7,0.03,2,1784892731.8303916,False,True,True,False,1784892657.3295796,0,False,0,0,False
1784849457.3002179,20,1784892741.8092656,37.52384222171359,0.736101319905394,37.14465552758068,True,37.5,36.5,38.6,0.95,0.05,0.0,0.7,0.03,2,1784892751.8371997,False,False,True,False,1784892657.3295796,0,False,0,0,False
1784849457.3002179,20,1784892761.8156672,37.507820248722055,0.7364637216754406,37.11795223926147,True,37.5,36.5,38.6,0.95,0.05,0.0,0.7,0.03,2,1784892771.8454018,False,True,True,False,1784892657.3295796,0,False,0,0,False
1784849457.3002179,20,1784892781.823431,37.470435645075156,0.7359296559090562,37.091248950942244,True,37.5,36.5,38.6,0.95,0.05,0.0,0.7,0.03,2,1784892791.8556461,False,False,True,False,1784892657.3295796,0,0,1,0,False
1784849457.3002179,20,1784892801.8324502,37.44907301441978,0.7362157625696193,37.08590829327841,True,37.5,36.5,38.6,0.95,0.05,0.0,0.7,0.03,2,1784892811.8595333,False,True,True,False,1784892657.3295796,0,0,1,0,False
1784849457.3002179,20,1784892821.8387713,37.45441367208362,0.7360250247959105,37.09391927977417,True,37.5,36.5,38.6,0.95,0.05,0.0,0.7,0.03,2,1784892831.8658864,False,False,True,True,1784892837.3295848,0,0,1,0,False
1784849457.3002179,20,1784892841.844981,37.46242465857938,0.7363111314564736,37.06988632028687,True,37.5,36.5,38.6,0.95,0.05,0.0,0.7,0.03,2,1784892851.8723655,False,True,True,True,1784892837.3295848,0,0,1,0,False
1784849457.3002179,20,1784892861.8512232,37.45708400091554,0.7361394674601358,37.08056763561456,True,37.5,36.5,38.6,0.95,0.05,0.0,0.7,0.03,2,1784892871.8783102,False,True,True,False,1784892837.3295848,0,0,1,0,False
1784849457.3002179,20,1784892881.8573995,37.483787289234755,0.7361203936827649,37.10460059510186,True,37.5,36.5,38.6,0.95,0.05,0.0,0.7,0.03,2,1784892891.8858476,False,True,True,False,1784892837.3295848,0,0,1,0,False
1784849457.3002179,20,1784892901.8635757,37.526512550545505,0.7361966887922484,37.11795223926147,True,37.5,36.5,38.6,0.95,0.05,0.0,0.7,0.03,2,1784892911.890851,False,False,True,False,1784892837.3295848,0,False,0,0,False
1784849457.3002179,20,1784892921.8697922,37.51583123521782,0.7361203936827649,37.12596322575723,True,37.5,36.5,38.6,0.95,0.05,0.0,0.7,0.03,2,1784892931.8987057,False,True,True,False,1784892837.3295848,0,False,0,0,False
1784849457.3002179,20,1784892941.8761907,37.51850156404974,0.7360250247959105,37.14465552758068,True,37.5,36.5,38.6,0.95,0.05,0.0,0.7,0.03,2,1784892951.9068778,False,False,True,False,1784892837.3295848,0,False,0,0,False
1784849457.3002179,20,1784892961.8828316,37.52384222171359,0.7360250247959105,37.133974212252994,True,37.5,36.5,38.6,0.95,0.05,0.0,0.7,0.03,2,1784892971.9123018,False,False,True,False,1784892837.3295848,0,False,0,0,False
1784849457.3002179,20,1784892981.8893828,37.481116960402844,0.7362729839017319,37.10727092393378,True,37.5,36.5,38.6,0.95,0.05,0.0,0.7,0.03,2,1784892991.9185715,False,True,True,False,1784892837.3295848,0,0,1,0,False
1784849457.3002179,20,1784893001.8990228,37.465094987411305,0.7360250247959105,37.091248950942244,True,37.5,36.5,38.6,0.95,0.05,0.0,0.7,0.03,2,1784893011.9422157,False,True,True,True,1784893017.3296165,0,0,1,0,False
1784849457.3002179,20,1784893021.9105482,37.45975432974747,0.7362539101243609,37.10460059510186,True,37.5,36.5,38.6,0.95,0.05,0.0,0.7,0.03,2,1784893031.9380527,False,False,True,True,1784893017.3296165,0,0,1,0,False
1784849457.3002179,20,1784893041.9168274,37.46242465857938,0.7361203936827649,37.08056763561456,True,37.5,36.5,38.6,0.95,0.05,0.0,0.7,0.03,2,1784893051.943894,False,True,True,False,1784893017.3296165,0,0,1,0,False
1784849457.3002179,20,1784893061.923068,37.49446860456244,0.7361585412375067,37.12329289692531,True,37.5,36.5,38.6,0.95,0.05,0.0,0.7,0.03,2,1784893071.950631,False,True,True,False,1784893017.3296165,0,0,1,0,False
1784849457.3002179,20,1784893081.9303164,37.49980926222629,0.7362539101243609,37.13664454108492,True,37.5,36.5,38.6,0.95,0.05,0.0,0.7,0.03,2,1784893091.96054,False,True,True,False,1784893017.3296165,0,0,1,0,False
1784849457.3002179,20,1784893101.9403853,37.53719386587319,0.7365781643396658,37.15533684290837,True,37.5,36.5,38.6,0.95,0.05,0.0,0.7,0.03,2,1784893111.9697387,False,True,True,False,1784893017.3296165,0,False,0,0,False
1784849457.3002179,20,1784893121.9492538,37.52117189288167,0.7363492790112154,37.14732585641261,True,37.5,36.5,38.6,0.95,0.05,0.0,0.7,0.03,2,1784893131.980458,False,True,True,False,1784893017.3296165,0,False,0,0,False
1784849457.3002179,20,1784893141.9594958,37.50247959105822,0.7364255741206989,37.139314869916845,True,37.5,36.5,38.6,0.95,0.05,0.0,0.7,0.03,2,1784893151.9913046,False,False,True,False,1784893017.3296165,0,False,0,0,False
1784849457.3002179,20,1784893161.9718885,37.48645761806668,0.7360631723506523,37.12863355458916,True,37.5,36.5,38.6,0.95,0.05,0.0,0.7,0.03,2,1784893172.0022023,False,False,True,False,1784893017.3296165,0,0,1,0,False
1784849457.3002179,20,1784893181.9801352,37.45975432974747,0.7362729839017319,37.10193026626993,True,37.5,36.5,38.6,0.95,0.05,0.0,0.7,0.03,2,1784893192.0090528,False,True,True,True,1784893197.3296282,0,0,1,0,False
1784849457.3002179,20,1784893201.9867258,37.45975432974747,0.7364065003433279,37.08590829327841,True,37.5,36.5,38.6,0.95,0.05,0.0,0.7,0.03,2,1784893212.0145364,False,True,True,True,1784893197.3296282,0,0,1,0,False
1784849457.3002179,20,1784893221.9932256,37.47577630273899,0.7362348363469902,37.12062256809338,True,37.5,36.5,38.6,0.95,0.05,0.0,0.7,0.03,2,1784893232.0202975,False,True,True,False,1784893197.3296282,0,0,1,0,False
1784849457.3002179,20,1784893241.9996252,37.51049057755398,0.7362539101243609,37.12863355458916,True,37.5,36.5,38.6,0.95,0.05,0.0,0.7,0.03,2,1784893252.0273843,False,True,True,False,1784893197.3296282,0,False,0,0,False
1784849457.3002179,20,1784893262.0077603,37.51049057755398,0.7361776150148774,37.12863355458916,True,37.5,36.5,38.6,0.95,0.05,0.0,0.7,0.03,2,1784893272.039126,False,True,True,False,1784893197.3296282,0,False,0,0,False
1784849457.3002179,20,1784893282.0175843,37.53719386587319,0.7360822461280232,37.152666514076444,True,37.5,36.5,38.6,0.95,0.05,0.0,0.7,0.03,2,1784893292.04881,False,True,True,False,1784893197.3296282,0,False,0,0,False
1784849457.3002179,20,1784893302.0281067,37.51049057755398,0.7362920576791028,37.14999618524453,True,37.5,36.5,38.6,0.95,0.05,0.0,0.7,0.03,2,1784893312.0554433,False,True,True,False,1784893197.3296282,0,False,0,0,False
1784849457.3002179,20,1784893322.0343657,37.47310597390707,0.7364637216754406,37.099259937438006,True,37.5,36.5,38.6,0.95,0.05,0.0,0.7,0.03,2,1784893332.0628061,False,True,True,False,1784893197.3296282,0,0,1,0,False
1784849457.3002179,20,1784893342.0420363,37.47577630273899,0.7364827954528114,37.12863355458916,True,37.5,36.5,38.6,0.95,0.05,0.0,0.7,0.03,2,1784893352.0745533,False,True,True,False,1784893197.3296282,0,0,1,0,False
1784849457.3002179,20,1784893362.0494206,37.49179827573053,0.7361776150148774,37.11795223926147,True,37.5,36.5,38.6,0.95,0.05,0.0,0.7,0.03,2,1784893372.078035,False,True,True,True,1784893377.3296392,0,0,1,0,False
1784849457.3002179,20,1784893382.0569997,37.481116960402844,0.7361203936827649,37.10727092393378,True,37.5,36.5,38.6,0.95,0.05,0.0,0.7,0.03,2,1784893392.0873363,False,False,True,True,1784893377.3296392,0,0,1,0,False
1784849457.3002179,20,1784893402.066478,37.47577630273899,0.7362157625696193,37.12863355458916,True,37.5,36.5,38.6,0.95,0.05,0.0,0.7,0.03,2,1784893412.0937886,False,True,True,False,1784893377.3296392,0,0,1,0,False
1784849457.3002179,20,1784893422.0726857,37.50247959105822,0.7360631723506523,37.12596322575723,True,37.5,36.5,38.6,0.95,0.05,0.0,0.7,0.03,2,1784893432.1000345,False,True,True,False,1784893377.3296392,0,False,0,0,False
1784849457.3002179,20,1784893442.0790815,37.53719386587319,0.7365400167849241,37.14999618524453,True,37.5,36.5,38.6,0.95,0.05,0.0,0.7,0.03,2,1784893452.106482,False,False,True,False,1784893377.3296392,0,False,0,0,False
1784849457.3002179,20,1784893462.0855339,37.52117189288167,0.7364827954528114,37.139314869916845,True,37.5,36.5,38.6,0.95,0.05,0.0,0.7,0.03,2,1784893472.1165113,False,True,True,False,1784893377.3296392,0,False,0,0,False
1784849457.3002179,20,1784893482.093045,37.53719386587319,0.7363492790112154,37.14732585641261,True,37.5,36.5,38.6,0.95,0.05,0.0,0.7,0.03,2,1784893492.1217976,False,True,True,False,1784893377.3296392,0,False,0,0,False
1784849457.3002179,20,1784893502.10027,37.47310597390707,0.7362157625696193,37.10193026626993,True,37.5,36.5,38.6,0.95,0.05,0.0,0.7,0.03,2,1784893512.1277266,False,False,True,False,1784893377.3296392,0,0,1,0,False
1784849457.3002179,20,1784893522.1065643,37.47310597390707,0.7365209430075532,37.09391927977417,True,37.5,36.5,38.6,0.95,0.05,0.0,0.7,0.03,2,1784893532.1341522,False,True,True,False,1784893377.3296392,0,0,1,0,False
1784849457.3002179,20,1784893542.112901,37.47577630273899,0.7364446478980697,37.08590829327841,True,37.5,36.5,38.6,0.95,0.05,0.0,0.7,0.03,2,1784893552.143356,False,True,True,True,1784893557.3296485,0,0,1,0,False
1784849457.3002179,20,1784893562.1192057,37.48645761806668,0.7364446478980697,37.10727092393378,True,37.5,36.5,38.6,0.95,0.05,0.0,0.7,0.03,2,1784893572.147909,False,True,True,True,1784893557.3296485,0,0,1,0,False
1784849457.3002179,20,1784893582.1263137,37.49713893339437,0.7364637216754406,37.096589608606095,True,37.5,36.5,38.6,0.95,0.05,0.0,0.7,0.03,2,1784893592.1546721,False,True,True,False,1784893557.3296485,0,0,1,0,False
1784849457.3002179,20,1784893602.133246,37.48645761806668,0.7362920576791028,37.12863355458916,True,37.5,36.5,38.6,0.95,0.05,0.0,0.7,0.03,2,1784893612.160699,False,True,True,False,1784893557.3296485,0,0,1,0,False
1784849457.3002179,20,1784893622.139518,37.53452353704128,0.7365400167849241,37.14732585641261,True,37.5,36.5,38.6,0.95,0.05,0.0,0.7,0.03,2,1784893632.1668382,False,False,True,False,1784893557.3296485,0,False,0,0,False
1784849457.3002179,20,1784893642.145723,37.51049057755398,0.7364827954528114,37.14999618524453,True,37.5,36.5,38.6,0.95,0.05,0.0,0.7,0.03,2,1784893652.172966,False,True,True,False,1784893557.3296485,0,False,0,0,False
1784849457.3002179,20,1784893662.1520047,37.49980926222629,0.7364827954528114,37.12329289692531,True,37.5,36.5,38.6,0.95,0.05,0.0,0.7,0.03,2,1784893672.1820934,False,True,True,False,1784893557.3296485,0,0,1,0,False
1784849457.3002179,20,1784893682.158193,37.49980926222629,0.7365018692301823,37.12062256809338,True,37.5,36.5,38.6,0.95,0.05,0.0,0.7,0.03,2,1784893692.185708,False,True,True,False,1784893557.3296485,0,0,1,0,False
1784849457.3002179,20,1784893702.1643171,37.489127946898606,0.7364637216754406,37.10727092393378,True,37.5,36.5,38.6,0.95,0.05,0.0,0.7,0.03,2,1784893712.192368,False,False,True,False,1784893557.3296485,0,0,1,0,False
1784849457.3002179,20,1784893722.1705523,37.489127946898606,0.7362729839017319,37.12596322575723,True,37.5,36.5,38.6,0.95,0.05,0.0,0.7,0.03,2,1784893732.1985204,False,True,True,True,1784893737.3296504,0,0,1,0,False
1784849457.3002179,20,1784893742.1766934,37.513160906385906,0.7363874265659571,37.12863355458916,True,37.5,36.5,38.6,0.95,0.05,0.0,0.7,0.03,2,1784893752.2081585,False,True,True,True,1784893737.3296504,0,False,0,0,False
1784849457.3002179,20,1784893762.1829407,37.49179827573053,0.7365018692301823,37.11795223926147,True,37.5,36.5,38.6,0.95,0.05,0.0,0.7,0.03,2,1784893772.2129695,False,True,True,False,1784893737.3296504,0,0,1,0,False
1784849457.3002179,20,1784893782.1891325,37.48645761806668,0.7364827954528114,37.133974212252994,True,37.5,36.5,38.6,0.95,0.05,0.0,0.7,0.03,2,1784893792.2159374,False,True,True,False,1784893737.3296504,0,0,1,0,False
1784849457.3002179,20,1784893802.1953304,37.513160906385906,0.7368261234454871,37.11795223926147,True,37.5,36.5,38.6,0.95,0.05,0.0,0.7,0.03,2,1784893812.2226663,False,True,True,False,1784893737.3296504,0,False,0,0,False
1784849457.3002179,20,1784893822.201512,37.50247959105822,0.7364827954528114,37.109941252765694,True,37.5,36.5,38.6,0.95,0.05,0.0,0.7,0.03,2,1784893832.2303507,False,True,True,False,1784893737.3296504,0,False,0,0,False
1784849457.3002179,20,1784893842.2077687,37.47844663157092,0.7364446478980697,37.096589608606095,True,37.5,36.5,38.6,0.95,0.05,0.0,0.7,0.03,2,1784893852.2358701,False,False,True,False,1784893737.3296504,0,0,1,0,False
1784849457.3002179,20,1784893862.214165,37.489127946898606,0.7364255741206989,37.11261158159762,True,37.5,36.5,38.6,0.95,0.05,0.0,0.7,0.03,2,1784893872.2412224,False,False,True,False,1784893737.3296504,0,0,1,0,False
1784849457.3002179,20,1784893882.220433,37.51049057755398,0.7367879758907453,37.12062256809338,True,37.5,36.5,38.6,0.95,0.05,0.0,0.7,0.03,2,1784893892.247503,False,True,True,False,1784893737.3296504,0,False,0,0,False
1784849457.3002179,20,1784893902.226775,37.51049057755398,0.7362920576791028,37.10727092393378,True,37.5,36.5,38.6,0.95,0.05,0.0,0.7,0.03,2,1784893912.2541077,False,True,True,True,1784893917.3296533,0,False,0,0,False
1784849457.3002179,20,1784893922.2329867,37.489127946898606,0.7364827954528114,37.115281910429545,True,37.5,36.5,38.6,0.95,0.05,0.0,0.7,0.03,2,1784893932.2615614,False,True,True,True,1784893917.3296533,0,0,1,0,False
1784849457.3002179,20,1784893942.2392576,37.49713893339437,0.7365400167849241,37.12863355458916,True,37.5,36.5,38.6,0.95,0.05,0.0,0.7,0.03,2,1784893952.2665606,False,True,True,False,1784893917.3296533,0,0,1,0,False
1784849457.3002179,20,1784893962.2453594,37.49713893339437,0.7363492790112154,37.11261158159762,True,37.5,36.5,38.6,0.95,0.05,0.0,0.7,0.03,2,1784893972.2841594,False,True,True,False,1784893917.3296533,0,0,1,0,False
1784849457.3002179,20,1784893982.2516503,37.52384222171359,0.7364446478980697,37.10727092393378,True,37.5,36.5,38.6,0.95,0.05,0.0,0.7,0.03,2,1784893992.2795942,False,True,True,False,1784893917.3296533,0,False,0,0,False
1784849457.3002179,20,1784894002.2581933,37.49713893339437,0.7364255741206989,37.14465552758068,True,37.5,36.5,38.6,0.95,0.05,0.0,0.7,0.03,2,1784894012.2881505,False,True,True,False,1784893917.3296533,0,0,1,0,False
1784849457.3002179,20,1784894022.2643023,37.507820248722055,0.7364446478980697,37.12596322575723,True,37.5,36.5,38.6,0.95,0.05,0.0,0.7,0.03,2,1784894032.2916327,False,True,True,False,1784893917.3296533,0,False,0,0,False
1784849457.3002179,20,1784894042.2706513,37.50514991989013,0.7364637216754406,37.11795223926147,True,37.5,36.5,38.6,0.95,0.05,0.0,0.7,0.03,2,1784894052.2975955,False,True,True,False,1784893917.3296533,0,False,0,0,False
1784849457.3002179,20,1784894062.27692,37.47310597390707,0.7364637216754406,37.11261158159762,True,37.5,36.5,38.6,0.95,0.05,0.0,0.7,0.03,2,1784894072.303893,False,False,True,False,1784893917.3296533,0,0,1,0,False
1784849457.3002179,20,1784894082.2832034,37.46242465857938,0.7366544594491493,37.099259937438006,True,37.5,36.5,38.6,0.95,0.05,0.0,0.7,0.03,2,1784894092.3101184,False,True,True,True,1784894097.3296633,0,0,1,0,False
1784849457.3002179,20,1784894102.2905042,37.47310597390707,0.7364065003433279,37.10727092393378,True,37.5,36.5,38.6,0.95,0.05,0.0,0.7,0.03,2,1784894112.3184848,False,True,True,True,1784894097.3296633,0,0,1,0,False
1784849457.3002179,20,1784894122.2977562,37.49980926222629,0.7365209430075532,37.115281910429545,True,37.5,36.5,38.6,0.95,0.05,0.0,0.7,0.03,2,1784894132.328367,False,True,True,False,1784894097.3296633,0,0,1,0,False
1784849457.3002179,20,1784894142.3040504,37.51850156404974,0.7365018692301823,37.133974212252994,True,37.5,36.5,38.6,0.95,0.05,0.0,0.7,0.03,2,1784894152.335139,False,True,True,False,1784894097.3296633,0,False,0,0,False
1784849457.3002179,20,1784894162.3102825,37.52384222171359,0.7364827954528114,37.16067750057222,True,37.5,36.5,38.6,0.95,0.05,0.0,0.7,0.03,2,1784894172.3380454,False,True,True,False,1784894097.3296633,0,False,0,0,False
1784849457.3002179,20,1784894182.316538,37.52384222171359,0.7365781643396658,37.12863355458916,True,37.5,36.5,38.6,0.95,0.05,0.0,0.7,0.03,2,1784894192.3438861,False,True,True,False,1784894097.3296633,0,False,0,0,False
1784849457.3002179,20,1784894202.3228657,37.50247959105822,0.7368070496681163,37.12329289692531,True,37.5,36.5,38.6,0.95,0.05,0.0,0.7,0.03,2,1784894212.3498392,False,True,True,False,1784894097.3296633,0,False,0,0,False
1784849457.3002179,20,1784894222.3290677,37.470435645075156,0.7366353856717783,37.12062256809338,True,37.5,36.5,38.6,0.95,0.05,0.0,0.7,0.03,2,1784894232.356025,False,False,True,False,1784894097.3296633,0,0,1,0,False
1784849457.3002179,20,1784894242.3352182,37.45174334325169,0.7365018692301823,37.11261158159762,True,37.5,36.5,38.6,0.95,0.05,0.0,0.7,0.03,2,1784894252.3635252,False,True,True,False,1784894097.3296633,0,0,1,0,False
1784849457.3002179,20,1784894262.3424604,37.47310597390707,0.7367116807812618,37.091248950942244,True,37.5,36.5,38.6,0.95,0.05,0.0,0.7,0.03,2,1784894272.371766,False,False,True,True,1784894277.3296788,0,0,1,0,False
1784849457.3002179,20,1784894282.3507724,37.50514991989013,0.7365400167849241,37.10460059510186,True,37.5,36.5,38.6,0.95,0.05,0.0,0.7,0.03,2,1784894292.380224,False,True,True,True,1784894277.3296788,0,False,0,0,False
1784849457.3002179,20,1784894302.359578,37.49980926222629,0.7367116807812618,37.096589608606095,True,37.5,36.5,38.6,0.95,0.05,0.0,0.7,0.03,2,1784894312.3895907,False,False,True,False,1784894277.3296788,0,0,1,0,False
1784849457.3002179,20,1784894322.36776,37.49980926222629,0.7366353856717783,37.12062256809338,True,37.5,36.5,38.6,0.95,0.05,0.0,0.7,0.03,2,1784894332.3953228,False,True,True,False,1784894277.3296788,0,0,1,0,False
1784849457.3002179,20,1784894342.3754528,37.507820248722055,0.7366735332265202,37.11795223926147,True,37.5,36.5,38.6,0.95,0.05,0.0,0.7,0.03,2,1784894352.4049215,False,True,True,False,1784894277.3296788,0,False,0,0,False
1784849457.3002179,20,1784894362.3830802,37.507820248722055,0.7365209430075532,37.12329289692531,True,37.5,36.5,38.6,0.95,0.05,0.0,0.7,0.03,2,1784894372.4104762,False,False,True,False,1784894277.3296788,0,False,0,0,False
1784849457.3002179,20,1784894382.3893013,37.49179827573053,0.7367498283360037,37.12863355458916,True,37.5,36.5,38.6,0.95,0.05,0.0,0.7,0.03,2,1784894392.4166887,False,True,True,False,1784894277.3296788,0,0,1,0,False
1784849457.3002179,20,1784894402.396378,37.49179827573053,0.7367307545586328,37.096589608606095,True,37.5,36.5,38.6,0.95,0.05,0.0,0.7,0.03,2,1784894412.4261272,False,True,True,False,1784894277.3296788,0,0,1,0,False
1784849457.3002179,20,1784894422.4054713,37.48645761806668,0.7363302052338444,37.10460059510186,True,37.5,36.5,38.6,0.95,0.05,0.0,0.7,0.03,2,1784894432.4341278,False,False,True,False,1784894277.3296788,0,0,1,0,False
1784849457.3002179,20,1784894442.413755,37.489127946898606,0.7365781643396658,37.11261158159762,True,37.5,36.5,38.6,0.95,0.05,0.0,0.7,0.03,2,1784894452.4452727,False,True,True,True,1784894457.3297167,0,0,1,0,False
1784849457.3002179,20,1784894462.4213607,37.49446860456244,0.7366735332265202,37.091248950942244,True,37.5,36.5,38.6,0.95,0.05,0.0,0.7,0.03,2,1784894472.4483397,False,True,True,True,1784894457.3297167,0,0,1,0,False
1784849457.3002179,20,1784894482.4278371,37.49980926222629,0.7365972381170367,37.099259937438006,True,37.5,36.5,38.6,0.95,0.05,0.0,0.7,0.03,2,1784894492.4552455,False,True,True,False,1784894457.3297167,0,0,1,0,False
1784849457.3002179,20,1784894502.4341326,37.50514991989013,0.7364637216754406,37.12329289692531,True,37.5,36.5,38.6,0.95,0.05,0.0,0.7,0.03,2,1784894512.462458,False,True,True,False,1784894457.3297167,0,False,0,0,False
1784849457.3002179,20,1784894522.440467,37.51583123521782,0.7366353856717783,37.17402914473182,True,37.5,36.5,38.6,0.95,0.05,0.0,0.7,0.03,2,1784894532.4762843,False,False,True,False,1784894457.3297167,0,False,0,0,False
1784849457.3002179,20,1784894542.4482908,37.53986419470512,0.7365781643396658,37.15533684290837,True,37.5,36.5,38.6,0.95,0.05,0.0,0.7,0.03,2,1784894552.4779823,False,True,True,False,1784894457.3297167,0,False,0,0,False
1784849457.3002179,20,1784894562.4585326,37.555886167696656,0.7366163118944076,37.17135881589991,True,37.5,36.5,38.6,0.95,0.05,0.0,0.7,0.03,2,1784894572.4949663,True,True,True,False,1784894457.3297167,0,False,0,0,False
1784849457.3002179,20,1784894582.4682972,37.52918287937743,0.7369024185549706,37.12329289692531,True,37.5,36.5,38.6,0.95,0.05,0.0,0.7,0.03,2,1784894592.495584,True,False,True,False,1784894457.3297167,0,False,0,0,False
1784849457.3002179,20,1784894602.474541,37.507820248722055,0.7367307545586328,37.11795223926147,True,37.5,36.5,38.6,0.95,0.05,0.0,0.7,0.03,2,1784894612.5023992,True,False,True,False,1784894457.3297167,0,False,0,0,False
1784849457.3002179,20,1784894622.480743,37.465094987411305,0.7367498283360037,37.06187533379111,True,37.5,36.5,38.6,0.95,0.05,0.0,0.7,0.03,2,1784894632.5086284,True,True,True,True,1784894637.3297508,0,0,1,0,False
1784849457.3002179,20,1784894642.4873476,37.46242465857938,0.7367498283360037,37.053864347295345,True,37.5,36.5,38.6,0.95,0.05,0.0,0.7,0.03,2,1784894652.5151563,True,True,True,True,1784894637.3297508,0,0,1,0,False
1784849457.3002179,20,1784894662.4950254,37.46242465857938,0.7366353856717783,37.06454566262303,True,37.5,36.5,38.6,0.95,0.05,0.0,0.7,0.03,2,1784894672.5235293,True,True,True,False,1784894637.3297508,0,0,1,0,False
1784849457.3002179,20,1784894682.5022516,37.46242465857938,0.7365972381170367,37.072556649118795,True,37.5,36.5,38.6,0.95,0.05,0.0,0.7,0.03,2,1784894692.5295856,True,True,True,False,1784894637.3297508,0,0,1,0,False
1784849457.3002179,20,1784894702.5083282,37.51049057755398,0.7368642710002288,37.06454566262303,True,37.5,36.5,38.6,0.95,0.05,0.0,0.7,0.03,2,1784894712.5391498,True,True,True,False,1784894637.3297508,0,False,0,0,False
1784849457.3002179,20,1784894722.5151696,37.51049057755398,0.7368833447775998,37.09391927977417,True,37.5,36.5,38.6,0.95,0.05,0.0,0.7,0.03,2,1784894732.5423462,True,True,True,False,1784894637.3297508,0,False,0,0,False
1784849457.3002179,20,1784894742.5217462,37.513160906385906,0.7366353856717783,37.091248950942244,True,37.5,36.5,38.6,0.95,0.05,0.0,0.7,0.03,2,1784894752.5524132,True,True,True,False,1784894637.3297508,0,False,0,0,False
1784849457.3002179,20,1784894762.5282247,37.481116960402844,0.7365590905622948,37.08056763561456,True,37.5,36.5,38.6,0.95,0.05,0.0,0.7,0.03,2,1784894772.5551388,True,True,True,False,1784894637.3297508,0,0,1,0,False
1784849457.3002179,20,1784894782.5344439,37.48645761806668,0.7366163118944076,37.06988632028687,True,37.5,36.5,38.6,0.95,0.05,0.0,0.7,0.03,2,1784894792.5616455,True,True,True,False,1784894637.3297508,0,0,1,0,False
1784849457.3002179,20,1784894802.5406725,37.481116960402844,0.7366163118944076,37.03784237430381,True,37.5,36.5,38.6,0.95,0.05,0.0,0.7,0.03,2,1784894812.5680134,True,True,True,True,1784894817.3297822,0,0,1,0,False
1784849457.3002179,20,1784894822.5468416,37.50247959105822,0.7367689021133745,37.05653467612726,True,37.5,36.5,38.6,0.95,0.05,0.0,0.7,0.03,2,1784894832.5742023,True,True,True,True,1784894817.3297822,0,False,0,0,False
1784849457.3002179,20,1784894842.5532076,37.51049057755398,0.7369596398870832,37.053864347295345,True,37.5,36.5,38.6,0.95,0.05,0.0,0.7,0.03,2,1784894852.5800335,True,True,True,False,1784894817.3297822,0,False,0,0,False
1784849457.3002179,20,1784894862.5594528,37.49980926222629,0.7367689021133745,37.08590829327841,True,37.5,36.5,38.6,0.95,0.05,0.0,0.7,0.03,2,1784894872.5900247,True,True,True,False,1784894817.3297822,0,0,1,0,False
1784849457.3002179,20,1784894882.565621,37.49980926222629,0.7367879758907453,37.09391927977417,True,37.5,36.5,38.6,0.95,0.05,0.0,0.7,0.03,2,1784894892.5933855,True,True,True,False,1784894817.3297822,0,0,1,0,False
1784849457.3002179,20,1784894902.571816,37.526512550545505,0.7367307545586328,37.06454566262303,True,37.5,36.5,38.6,0.95,0.05,0.0,0.7,0.03,2,1784894912.5993545,True,True,True,False,1784894817.3297822,0,False,0,0,False
1784849457.3002179,20,1784894922.578937,37.51583123521782,0.7366353856717783,37.08323796444648,True,37.5,36.5,38.6,0.95,0.05,0.0,0.7,0.03,2,1784894932.6077127,True,True,True,False,1784894817.3297822,0,False,0,0,False
1784849457.3002179,20,1784894942.5861945,37.513160906385906,0.736692607003891,37.07522697795072,True,37.5,36.5,38.6,0.95,0.05,0.0,0.7,0.03,2,1784894952.6129305,True,True,True,False,1784894817.3297822,0,False,0,0,False
1784849457.3002179,20,1784894962.5923295,37.48645761806668,0.7367307545586328,37.06454566262303,True,37.5,36.5,38.6,0.95,0.05,0.0,0.7,0.03,2,1784894972.6196868,True,True,True,False,1784894817.3297822,0,0,1,0,False
1784849457.3002179,20,1784894982.5985477,37.49179827573053,0.7369405661097123,37.053864347295345,True,37.5,36.5,38.6,0.95,0.05,0.0,0.7,0.03,2,1784894992.6258652,True,True,True,True,1784894997.3298051,0,0,1,0,False
1784849457.3002179,20,1784895002.6054068,37.470435645075156,0.7367307545586328,37.03250171663997,True,37.5,36.5,38.6,0.95,0.05,0.0,0.7,0.03,2,1784895012.6330132,True,True,True,True,1784894997.3298051,0,0,1,0,False
1784849457.3002179,20,1784895022.6125042,37.48645761806668,0.736997787441825,37.05119401846342,True,37.5,36.5,38.6,0.95,0.05,0.0,0.7,0.03,2,1784895032.6403675,True,True,True,False,1784894997.3298051,0,0,1,0,False
1784849457.3002179,20,1784895042.6189854,37.49980926222629,0.7368261234454871,37.06454566262303,True,37.5,36.5,38.6,0.95,0.05,0.0,0.7,0.03,2,1784895052.6464436,True,True,True,False,1784894997.3298051,0,0,1,0,False
1784849457.3002179,20,1784895062.626173,37.53719386587319,0.7371313038834211,37.10193026626993,True,37.5,36.5,38.6,0.95,0.05,0.0,0.7,0.03,2,1784895072.656027,True,True,True,False,1784894997.3298051,0,False,0,0,False
1784849457.3002179,20,1784895082.6353607,37.55321583886473,0.7371694514381627,37.10460059510186,True,37.5,36.5,38.6,0.95,0.05,0.0,0.7,0.03,2,1784895092.6652074,True,True,True,False,1784894997.3298051,0,False,0,0,False
1784849457.3002179,20,1784895102.6442292,37.526512550545505,0.736997787441825,37.08590829327841,True,37.5,36.5,38.6,0.95,0.05,0.0,0.7,0.03,2,1784895112.6743317,True,True,True,False,1784894997.3298051,0,False,0,0,False
1784849457.3002179,20,1784895122.6550384,37.49446860456244,0.736845197222858,37.099259937438006,True,37.5,36.5,38.6,0.95,0.05,0.0,0.7,0.03,2,1784895132.6842985,True,False,True,False,1784894997.3298051,0,0,1,0,False
1784849457.3002179,20,1784895142.6638098,37.481116960402844,0.7370550087739376,37.053864347295345,True,37.5,36.5,38.6,0.95,0.05,0.0,0.7,0.03,2,1784895152.6928806,True,True,True,False,1784894997.3298051,0,0,1,0,False
1784849457.3002179,20,1784895162.6723084,37.44373235675593,0.7368261234454871,37.04318303196766,True,37.5,36.5,38.6,0.95,0.05,0.0,0.7,0.03,2,1784895172.700508,True,True,True,True,1784895177.329831,0,0,1,0,False
1784849457.3002179,20,1784895182.679751,37.47577630273899,0.7367498283360037,37.03784237430381,True,37.5,36.5,38.6,0.95,0.05,0.0,0.7,0.03,2,1784895192.7073584,True,True,True,True,1784895177.329831,0,0,1,0,False
1784849457.3002179,20,1784895202.6858633,37.470435645075156,0.7368070496681163,37.04318303196766,True,37.5,36.5,38.6,0.95,0.05,0.0,0.7,0.03,2,1784895212.7142074,True,True,True,False,1784895177.329831,0,0,1,0,False
1784849457.3002179,20,1784895222.693093,37.48645761806668,0.7368070496681163,37.04585336079957,True,37.5,36.5,38.6,0.95,0.05,0.0,0.7,0.03,2,1784895232.7227907,True,True,True,False,1784895177.329831,0,0,1,0,False
1784849457.3002179,20,1784895242.7022657,37.50514991989013,0.7370359349965667,37.053864347295345,True,37.5,36.5,38.6,0.95,0.05,0.0,0.7,0.03,2,1784895252.7323196,True,False,True,False,1784895177.329831,0,False,0,0,False
1784849457.3002179,20,1784895262.7113426,37.53719386587319,0.7370550087739376,37.08056763561456,True,37.5,36.5,38.6,0.95,0.05,0.0,0.7,0.03,2,1784895272.7408204,True,True,True,False,1784895177.329831,0,False,0,0,False
1784849457.3002179,20,1784895282.7204816,37.55321583886473,0.7369024185549706,37.08323796444648,True,37.5,36.5,38.6,0.95,0.05,0.0,0.7,0.03,2,1784895292.7497165,True,False,True,False,1784895177.329831,0,False,0,0,False
1784849457.3002179,20,1784895302.7288861,37.489127946898606,0.7368261234454871,37.05920500495918,True,37.5,36.5,38.6,0.95,0.05,0.0,0.7,0.03,2,1784895312.7582636,True,True,True,False,1784895177.329831,0,0,1,0,False
1784849457.3002179,20,1784895322.7370934,37.47310597390707,0.7367689021133745,37.024490730144194,True,37.5,36.5,38.6,0.95,0.05,0.0,0.7,0.03,2,1784895332.7666402,True,True,True,False,1784895177.329831,0,0,1,0,False
1784849457.3002179,20,1784895342.7454014,37.481116960402844,0.7369787136644541,37.04318303196766,True,37.5,36.5,38.6,0.95,0.05,0.0,0.7,0.03,2,1784895352.7748368,True,True,True,True,1784895357.3298488,0,0,1,0,False
1784849457.3002179,20,1784895362.7537746,37.49179827573053,0.736845197222858,37.02182040131228,True,37.5,36.5,38.6,0.95,0.05,0.0,0.7,0.03,2,1784895372.7825093,True,False,True,True,1784895357.3298488,0,0,1,0,False
1784849457.3002179,20,1784895382.7620428,37.49713893339437,0.7369787136644541,37.04318303196766,True,37.5,36.5,38.6,0.95,0.05,0.0,0.7,0.03,2,1784895392.790493,True,False,True,False,1784895357.3298488,0,0,1,0,False
1784849457.3002179,20,1784895402.7691126,37.507820248722055,0.7369214923323415,37.053864347295345,True,37.5,36.5,38.6,0.95,0.05,0.0,0.7,0.03,2,1784895412.7974231,True,True,True,False,1784895357.3298488,0,False,0,0,False
1784849457.3002179,20,1784895422.7754815,37.52384222171359,0.736997787441825,37.09391927977417,True,37.5,36.5,38.6,0.95,0.05,0.0,0.7,0.03,2,1784895432.8057892,True,True,True,False,1784895357.3298488,0,False,0,0,False
1784849457.3002179,20,1784895442.78166,37.526512550545505,0.7371503776607919,37.08590829327841,True,37.5,36.5,38.6,0.95,0.05,0.0,0.7,0.03,2,1784895452.8090045,True,True,True,False,1784895357.3298488,0,False,0,0,False
1784849457.3002179,20,1784895462.7878988,37.49980926222629,0.7367879758907453,37.053864347295345,True,37.5,36.5,38.6,0.95,0.05,0.0,0.7,0.03,2,1784895472.8153472,True,False,True,False,1784895357.3298488,0,0,1,0,False
1784849457.3002179,20,1784895482.7940862,37.489127946898606,0.7367116807812618,37.05653467612726,True,37.5,36.5,38.6,0.95,0.05,0.0,0.7,0.03,2,1784895492.8215163,True,True,True,False,1784895357.3298488,0,0,1,0,False
1784849457.3002179,20,1784895502.8001971,37.441062027924005,0.7368261234454871,37.04318303196766,True,37.5,36.5,38.6,0.95,0.05,0.0,0.7,0.03,2,1784895512.8275313,True,True,True,False,1784895357.3298488,0,0,1,0,False
1784849457.3002179,20,1784895522.8063908,37.47844663157092,0.7368642710002288,37.029831387808045,True,37.5,36.5,38.6,0.95,0.05,0.0,0.7,0.03,2,1784895532.8337293,True,True,True,True,1784895537.3298733,0,0,1,0,False
1784849457.3002179,20,1784895542.8125966,37.49179827573053,0.7370740825513085,37.03784237430381,True,37.5,36.5,38.6,0.95,0.05,0.0,0.7,0.03,2,1784895552.84014,True,True,True,True,1784895537.3298733,0,0,1,0,False
1784849457.3002179,20,1784895562.8188865,37.50247959105822,0.7372648203250172,37.04318303196766,True,37.5,36.5,38.6,0.95,0.05,0.0,0.7,0.03,2,1784895572.847031,True,True,True,False,1784895537.3298733,0,False,0,0,False
1784849457.3002179,20,1784895582.8251815,37.49713893339437,0.7371313038834211,37.04318303196766,True,37.5,36.5,38.6,0.95,0.05,0.0,0.7,0.03,2,1784895592.8525176,True,True,True,False,1784895537.3298733,0,0,1,0,False
1784849457.3002179,20,1784895602.832171,37.49179827573053,0.7370168612191957,37.04318303196766,True,37.5,36.5,38.6,0.95,0.05,0.0,0.7,0.03,2,1784895612.8598156,True,True,True,False,1784895537.3298733,0,0,1,0,False
1784849457.3002179,20,1784895622.8390949,37.513160906385906,0.7369787136644541,37.067215991454944,True,37.5,36.5,38.6,0.95,0.05,0.0,0.7,0.03,2,1784895632.8663738,True,True,True,False,1784895537.3298733,0,False,0,0,False
1784849457.3002179,20,1784895642.8453243,37.49980926222629,0.7370931563286792,37.053864347295345,True,37.5,36.5,38.6,0.95,0.05,0.0,0.7,0.03,2,1784895652.8747938,True,True,True,False,1784895537.3298733,0,0,1,0,False
1784849457.3002179,20,1784895662.8526118,37.52117189288167,0.7368070496681163,37.08056763561456,True,37.5,36.5,38.6,0.95,0.05,0.0,0.7,0.03,2,1784895672.880394,True,False,True,False,1784895537.3298733,0,False,0,0,False
1784849457.3002179,20,1784895682.8597877,37.489127946898606,0.7369024185549706,37.06187533379111,True,37.5,36.5,38.6,0.95,0.05,0.0,0.7,0.03,2,1784895692.8872187,True,True,True,False,1784895537.3298733,0,0,1,0,False
1784849457.3002179,20,1784895702.8660336,37.51049057755398,0.7370740825513085,37.07522697795072,True,37.5,36.5,38.6,0.95,0.05,0.0,0.7,0.03,2,1784895712.893312,True,True,True,True,1784895717.3298767,0,False,0,0,False
1784849457.3002179,20,1784895722.8723707,37.51583123521782,0.7370359349965667,37.04051270313573,True,37.5,36.5,38.6,0.95,0.05,0.0,0.7,0.03,2,1784895732.89956,True,True,True,True,1784895717.3298767,0,False,0,0,False
1784849457.3002179,20,1784895742.8793888,37.465094987411305,0.7370168612191957,37.03250171663997,True,37.5,36.5,38.6,0.95,0.05,0.0,0.7,0.03,2,1784895752.913772,True,True,True,False,1784895717.3298767,0,0,1,0,False
1784849457.3002179,20,1784895762.8865762,37.45975432974747,0.7369787136644541,37.03784237430381,True,37.5,36.5,38.6,0.95,0.05,0.0,0.7,0.03,2,1784895772.9156077,True,False,True,False,1784895717.3298767,0,0,1,0,False
1784849457.3002179,20,1784895782.8929741,37.470435645075156,0.736997787441825,37.01647974364843,True,37.5,36.5,38.6,0.95,0.05,0.0,0.7,0.03,2,1784895792.9204745,True,True,True,False,1784895717.3298767,0,0,1,0,False
1784849457.3002179,20,1784895802.89922,37.507820248722055,0.7372075989929046,37.048523689631494,True,37.5,36.5,38.6,0.95,0.05,0.0,0.7,0.03,2,1784895812.9280088,True,True,True,False,1784895717.3298767,0,False,0,0,False
1784849457.3002179,20,1784895822.9055133,37.513160906385906,0.7368642710002288,37.029831387808045,True,37.5,36.5,38.6,0.95,0.05,0.0,0.7,0.03,2,1784895832.9330082,True,True,True,False,1784895717.3298767,0,False,0,0,False
1784849457.3002179,20,1784895842.9119482,37.526512550545505,0.7371885252155337,37.048523689631494,True,37.5,36.5,38.6,0.95,0.05,0.0,0.7,0.03,2,1784895852.9398158,True,False,True,False,1784895717.3298767,0,False,0,0,False
1784849457.3002179,20,1784895862.9182703,37.49980926222629,0.7370550087739376,37.053864347295345,True,37.5,36.5,38.6,0.95,0.05,0.0,0.7,0.03,2,1784895872.9453173,True,False,True,False,1784895717.3298767,0,0,1,0,False
1784849457.3002179,20,1784895882.9254262,37.47844663157092,0.7371313038834211,37.01915007248036,True,37.5,36.5,38.6,0.95,0.05,0.0,0.7,0.03,2,1784895892.9540355,True,True,True,True,1784895897.3298836,0,0,1,0,False
1784849457.3002179,20,1784895902.9332595,37.46776531624323,0.7368833447775998,37.011139085984595,True,37.5,36.5,38.6,0.95,0.05,0.0,0.7,0.03,2,1784895912.9601562,True,True,True,True,1784895897.3298836,0,0,1,0,False
1784849457.3002179,20,1784895922.9393842,37.46242465857938,0.7371122301060502,37.01915007248036,True,37.5,36.5,38.6,0.95,0.05,0.0,0.7,0.03,2,1784895932.9668872,True,True,True,False,1784895897.3298836,0,0,1,0,False
1784849457.3002179,20,1784895942.945524,37.47577630273899,0.7370740825513085,37.02716105897612,True,37.5,36.5,38.6,0.95,0.05,0.0,0.7,0.03,2,1784895952.9723494,True,True,True,False,1784895897.3298836,0,0,1,0,False
1784849457.3002179,20,1784895962.9516551,37.507820248722055,0.7373220416571297,37.03250171663997,True,37.5,36.5,38.6,0.95,0.05,0.0,0.7,0.03,2,1784895972.979015,True,True,True,False,1784895897.3298836,0,False,0,0,False
1784849457.3002179,20,1784895982.9579415,37.507820248722055,0.7371885252155337,37.05920500495918,True,37.5,36.5,38.6,0.95,0.05,0.0,0.7,0.03,2,1784895992.9848566,True,False,True,False,1784895897.3298836,0,False,0,0,False
1784849457.3002179,20,1784896002.9642806,37.513160906385906,0.7369024185549706,37.053864347295345,True,37.5,36.5,38.6,0.95,0.05,0.0,0.7,0.03,2,1784896012.9913092,True,True,True,False,1784895897.3298836,0,False,0,0,False
1784849457.3002179,20,1784896022.9705172,37.49713893339437,0.7373792629892424,37.029831387808045,True,37.5,36.5,38.6,0.95,0.05,0.0,0.7,0.03,2,1784896032.9976084,True,True,True,False,1784895897.3298836,0,0,1,0,False
1784849457.3002179,20,1784896042.9766219,37.489127946898606,0.7373220416571297,37.03250171663997,True,37.5,36.5,38.6,0.95,0.05,0.0,0.7,0.03,2,1784896053.016602,True,True,True,False,1784895897.3298836,0,0,1,0,False
1784849457.3002179,20,1784896062.9828205,37.47310597390707,0.7373220416571297,37.005798428320745,True,37.5,36.5,38.6,0.95,0.05,0.0,0.7,0.03,2,1784896073.0100458,True,True,True,True,1784896077.3299203,0,0,1,0,False
1784849457.3002179,20,1784896082.989019,37.483787289234755,0.7372075989929046,37.01915007248036,True,37.5,36.5,38.6,0.95,0.05,0.0,0.7,0.03,2,1784896093.0168881,True,True,True,True,1784896077.3299203,0,0,1,0,False
1784849457.3002179,20,1784896102.9954677,37.49980926222629,0.7370168612191957,36.99511711299306,True,37.5,36.5,38.6,0.95,0.05,0.0,0.7,0.03,2,1784896113.0248237,True,True,True,False,1784896077.3299203,0,0,1,0,False
1784849457.3002179,20,1784896123.0017743,37.489127946898606,0.736845197222858,37.04585336079957,True,37.5,36.5,38.6,0.95,0.05,0.0,0.7,0.03,2,1784896133.029818,True,True,True,False,1784896077.3299203,0,0,1,0,False
1784849457.3002179,20,1784896143.0079637,37.51850156404974,0.7371694514381627,37.02182040131228,True,37.5,36.5,38.6,0.95,0.05,0.0,0.7,0.03,2,1784896153.0353713,True,True,True,False,1784896077.3299203,0,False,0,0,False
1784849457.3002179,20,1784896163.0143034,37.52384222171359,0.737283894102388,37.02716105897612,True,37.5,36.5,38.6,0.95,0.05,0.0,0.7,0.03,2,1784896173.0475054,True,True,True,False,1784896077.3299203,0,False,0,0,False
1784849457.3002179,20,1784896183.0220068,37.49179827573053,0.7371122301060502,37.03784237430381,True,37.5,36.5,38.6,0.95,0.05,0.0,0.7,0.03,2,1784896193.0553148,True,False,True,False,1784896077.3299203,0,0,1,0,False
1784849457.3002179,20,1784896203.0353272,37.47577630273899,0.7372266727702754,37.02182040131228,True,37.5,36.5,38.6,0.95,0.05,0.0,0.7,0.03,2,1784896213.064491,True,True,True,False,1784896077.3299203,0,0,1,0,False
1784849457.3002179,20,1784896223.0436044,37.470435645075156,0.7370740825513085,37.029831387808045,True,37.5,36.5,38.6,0.95,0.05,0.0,0.7,0.03,2,1784896233.0740354,True,False,True,False,1784896077.3299203,0,0,1,0,False
1784849457.3002179,20,1784896243.0536246,37.46776531624323,0.7370550087739376,37.011139085984595,True,37.5,36.5,38.6,0.95,0.05,0.0,0.7,0.03,2,1784896253.0826895,True,True,True,True,1784896257.329937,0,0,1,0,False
1784849457.3002179,20,1784896263.0623465,37.51049057755398,0.7371313038834211,37.03784237430381,True,37.5,36.5,38.6,0.95,0.05,0.0,0.7,0.03,2,1784896273.0914195,True,True,True,True,1784896257.329937,0,False,0,0,False
1784849457.3002179,20,1784896283.0696352,37.49980926222629,0.7370931563286792,37.01380941481651,True,37.5,36.5,38.6,0.95,0.05,0.0,0.7,0.03,2,1784896293.09713,True,True,True,False,1784896257.329937,0,0,1,0,False
1784849457.3002179,20,1784896303.0758498,37.51049057755398,0.7372648203250172,37.02182040131228,True,37.5,36.5,38.6,0.95,0.05,0.0,0.7,0.03,2,1784896313.1079528,True,False,True,False,1784896257.329937,0,False,0,0,False
1784849457.3002179,20,1784896323.0824418,37.489127946898606,0.7373029678797589,37.03517204547188,True,37.5,36.5,38.6,0.95,0.05,0.0,0.7,0.03,2,1784896333.110225,True,False,True,False,1784896257.329937,0,0,1,0,False
1784849457.3002179,20,1784896343.0888934,37.507820248722055,0.7371503776607919,37.02716105897612,True,37.5,36.5,38.6,0.95,0.05,0.0,0.7,0.03,2,1784896353.1159961,True,True,True,False,1784896257.329937,0,False,0,0,False
1784849457.3002179,20,1784896363.0952563,37.513160906385906,0.7372075989929046,37.02716105897612,True,37.5,36.5,38.6,0.95,0.05,0.0,0.7,0.03,2,1784896373.1227963,True,False,True,False,1784896257.329937,0,False,0,0,False
1784849457.3002179,20,1784896383.101557,37.50247959105822,0.737436484321355,37.02716105897612,True,37.5,36.5,38.6,0.95,0.05,0.0,0.7,0.03,2,1784896393.1289234,True,True,True,False,1784896257.329937,0,False,0,0,False
1784849457.3002179,20,1784896403.1079865,37.45975432974747,0.7373411154345006,37.02182040131228,True,37.5,36.5,38.6,0.95,0.05,0.0,0.7,0.03,2,1784896413.135041,True,False,True,False,1784896257.329937,0,0,1,0,False
1784849457.3002179,20,1784896423.1143143,37.48645761806668,0.7373601892118715,37.01915007248036,True,37.5,36.5,38.6,0.95,0.05,0.0,0.7,0.03,2,1784896433.1414437,True,True,True,True,1784896437.3299444,0,0,1,0,False
1784849457.3002179,20,1784896443.1206782,37.47310597390707,0.7371122301060502,37.00045777065691,True,37.5,36.5,38.6,0.95,0.05,0.0,0.7,0.03,2,1784896453.1498404,True,True,True,True,1784896437.3299444,0,0,1,0,False
1784849457.3002179,20,1784896463.1287339,37.489127946898606,0.7373029678797589,37.011139085984595,True,37.5,36.5,38.6,0.95,0.05,0.0,0.7,0.03,2,1784896473.15749,True,True,True,False,1784896437.3299444,0,0,1,0,False
1784849457.3002179,20,1784896483.1362538,37.49980926222629,0.7375700007629511,37.024490730144194,True,37.5,36.5,38.6,0.95,0.05,0.0,0.7,0.03,2,1784896493.1636143,True,True,True,False,1784896437.3299444,0,0,1,0,False
1784849457.3002179,20,1784896503.1424446,37.52117189288167,0.737283894102388,37.03250171663997,True,37.5,36.5,38.6,0.95,0.05,0.0,0.7,0.03,2,1784896513.169364,True,True,True,False,1784896437.3299444,0,False,0,0,False
1784849457.3002179,20,1784896523.1486688,37.54787518120088,0.7375700007629511,37.06187533379111,True,37.5,36.5,38.6,0.95,0.05,0.0,0.7,0.03,2,1784896533.176561,True,False,True,False,1784896437.3299444,0,False,0,0,False
1784849457.3002179,20,1784896543.1551573,37.513160906385906,0.7373411154345006,37.04318303196766,True,37.5,36.5,38.6,0.95,0.05,0.0,0.7,0.03,2,1784896553.1825802,True,True,True,False,1784896437.3299444,0,False,0,0,False
1784849457.3002179,20,1784896563.1614592,37.48645761806668,0.7373601892118715,37.03784237430381,True,37.5,36.5,38.6,0.95,0.05,0.0,0.7,0.03,2,1784896573.1888318,True,True,True,False,1784896437.3299444,0,0,1,0,False
1784849457.3002179,20,1784896583.1676633,37.481116960402844,0.7375700007629511,37.01647974364843,True,37.5,36.5,38.6,0.95,0.05,0.0,0.7,0.03,2,1784896593.1950464,True,True,True,False,1784896437.3299444,0,0,1,0,False
1784849457.3002179,20,1784896603.1739535,37.470435645075156,0.7373792629892424,37.01647974364843,True,37.5,36.5,38.6,0.95,0.05,0.0,0.7,0.03,2,1784896613.2014992,True,True,True,True,1784896617.329983,0,0,1,0,False
1784849457.3002179,20,1784896623.1802175,37.49713893339437,0.7374174105439841,37.01915007248036,True,37.5,36.5,38.6,0.95,0.05,0.0,0.7,0.03,2,1784896633.2084146,True,True,True,True,1784896617.329983,0,0,1,0,False
1784849457.3002179,20,1784896643.187701,37.483787289234755,0.7374174105439841,37.02716105897612,True,37.5,36.5,38.6,0.95,0.05,0.0,0.7,0.03,2,1784896653.2164428,True,True,True,False,1784896617.329983,0,0,1,0,False
1784849457.3002179,20,1784896663.1959746,37.51583123521782,0.7374174105439841,37.02716105897612,True,37.5,36.5,38.6,0.95,0.05,0.0,0.7,0.03,2,1784896673.224538,True,True,True,False,1784896617.329983,0,False,0,0,False
1784849457.3002179,20,1784896683.203585,37.52117189288167,0.7372648203250172,37.05119401846342,True,37.5,36.5,38.6,0.95,0.05,0.0,0.7,0.03,2,1784896693.2309556,True,True,True,False,1784896617.329983,0,False,0,0,False
1784849457.3002179,20,1784896703.2098558,37.49446860456244,0.7375127794308385,37.03784237430381,True,37.5,36.5,38.6,0.95,0.05,0.0,0.7,0.03,2,1784896713.2371707,True,True,True,False,1784896617.329983,0,0,1,0,False
1784849457.3002179,20,1784896723.216035,37.49980926222629,0.737436484321355,37.00846875715267,True,37.5,36.5,38.6,0.95,0.05,0.0,0.7,0.03,2,1784896733.2428808,True,False,True,False,1784896617.329983,0,0,1,0,False
1784849457.3002179,20,1784896743.222157,37.49713893339437,0.7374555580987259,37.03784237430381,True,37.5,36.5,38.6,0.95,0.05,0.0,0.7,0.03,2,1784896753.2496488,True,True,True,False,1784896617.329983,0,0,1,0,False
1784849457.3002179,20,1784896763.2283394,37.49713893339437,0.7372075989929046,37.04318303196766,True,37.5,36.5,38.6,0.95,0.05,0.0,0.7,0.03,2,1784896773.2556734,True,True,True,False,1784896617.329983,0,0,1,0,False
1784849457.3002179,20,1784896783.2345207,37.507820248722055,0.7371122301060502,37.04318303196766,True,37.5,36.5,38.6,0.95,0.05,0.0,0.7,0.03,2,1784896793.2612948,True,True,True,True,1784896797.3300047,0,False,0,0,False
1784849457.3002179,20,1784896803.2406528,37.49713893339437,0.7372266727702754,37.053864347295345,True,37.5,36.5,38.6,0.95,0.05,0.0,0.7,0.03,2,1784896813.2680058,True,True,True,True,1784896797.3300047,0,0,1,0,False
1784849457.3002179,20,1784896823.246851,37.49713893339437,0.7374174105439841,37.04585336079957,True,37.5,36.5,38.6,0.95,0.05,0.0,0.7,0.03,2,1784896833.2735977,True,True,True,False,1784896797.3300047,0,0,1,0,False
1784849457.3002179,20,1784896843.2537205,37.49446860456244,0.7375318532082094,37.02182040131228,True,37.5,36.5,38.6,0.95,0.05,0.0,0.7,0.03,2,1784896853.2844303,True,True,True,False,1784896797.3300047,0,0,1,0,False
1784849457.3002179,20,1784896863.261118,37.489127946898606,0.7377798123140306,37.04318303196766,True,37.5,36.5,38.6,0.95,0.05,0.0,0.7,0.03,2,1784896873.2892053,True,False,True,False,1784896797.3300047,0,0,1,0,False
1784849457.3002179,20,1784896883.2675045,37.52117189288167,0.7375700007629511,37.029831387808045,True,37.5,36.5,38.6,0.95,0.05,0.0,0.7,0.03,2,1784896893.2949705,True,True,True,False,1784896797.3300047,0,False,0,0,False
1784849457.3002179,20,1784896903.2739234,37.50514991989013,0.7373411154345006,37.053864347295345,True,37.5,36.5,38.6,0.95,0.05,0.0,0.7,0.03,2,1784896913.3014288,True,True,True,False,1784896797.3300047,0,False,0,0,False
1784849457.3002179,20,1784896923.2801287,37.49980926222629,0.737436484321355,37.04585336079957,True,37.5,36.5,38.6,0.95,0.05,0.0,0.7,0.03,2,1784896933.30715,True,True,True,False,1784896797.3300047,0,0,1,0,False
1784849457.3002179,20,1784896943.2862709,37.49179827573053,0.7373983367666131,37.02716105897612,True,37.5,36.5,38.6,0.95,0.05,0.0,0.7,0.03,2,1784896953.315992,True,True,True,False,1784896797.3300047,0,0,1,0,False
1784849457.3002179,20,1784896963.29356,37.481116960402844,0.7373983367666131,37.01647974364843,True,37.5,36.5,38.6,0.95,0.05,0.0,0.7,0.03,2,1784896973.3231053,True,True,True,True,1784896977.3300123,0,0,1,0,False
1784849457.3002179,20,1784896983.3009515,37.507820248722055,0.737436484321355,37.02716105897612,True,37.5,36.5,38.6,0.95,0.05,0.0,0.7,0.03,2,1784896993.3281102,True,True,True,True,1784896977.3300123,0,False,0,0,False
1784849457.3002179,20,1784897003.3074205,37.50247959105822,0.7373220416571297,37.02716105897612,True,37.5,36.5,38.6,0.95,0.05,0.0,0.7,0.03,2,1784897013.3362267,True,True,True,False,1784896977.3300123,0,False,0,0,False
1784849457.3002179,20,1784897023.3137546,37.513160906385906,0.7376462958724346,37.01915007248036,True,37.5,36.5,38.6,0.95,0.05,0.0,0.7,0.03,2,1784897033.3436007,True,True,True,False,1784896977.3300123,0,False,0,0,False
1784849457.3002179,20,1784897043.3210783,37.52117189288167,0.7373601892118715,37.01647974364843,True,37.5,36.5,38.6,0.95,0.05,0.0,0.7,0.03,2,1784897053.3496816,True,True,True,False,1784896977.3300123,0,False,0,0,False
1784849457.3002179,20,1784897063.328333,37.52117189288167,0.7375127794308385,37.03250171663997,True,37.5,36.5,38.6,0.95,0.05,0.0,0.7,0.03,2,1784897073.3556778,True,True,True,False,1784896977.3300123,0,False,0,0,False
1784849457.3002179,20,1784897083.3354194,37.47844663157092,0.7373411154345006,37.01915007248036,True,37.5,36.5,38.6,0.95,0.05,0.0,0.7,0.03,2,1784897093.3644533,True,True,True,False,1784896977.3300123,0,0,1,0,False
1784849457.3002179,20,1784897103.3426409,37.45174334325169,0.7375509269855801,36.99511711299306,True,37.5,36.5,38.6,0.95,0.05,0.0,0.7,0.03,2,1784897113.3701108,True,True,True,False,1784896977.3300123,0,0,1,0,False
1784849457.3002179,20,1784897123.3495247,37.441062027924005,0.7372266727702754,36.99778744182498,True,37.5,36.5,38.6,0.95,0.05,0.0,0.7,0.03,2,1784897133.377941,True,True,True,False,1784896977.3300123,0,0,1,0,False
1784849457.3002179,20,1784897143.3575444,37.438391699092094,0.7374746318760966,37.01647974364843,True,37.5,36.5,38.6,0.95,0.05,0.0,0.7,0.03,2,1784897153.3860328,True,True,True,True,1784897157.330038,0,0,1,0,False
1784849457.3002179,20,1784897163.364793,37.45441367208362,0.7375509269855801,37.005798428320745,True,37.5,36.5,38.6,0.95,0.05,0.0,0.7,0.03,2,1784897173.3924806,True,True,True,True,1784897157.330038,0,0,1,0,False
1784849457.3002179,20,1784897183.3710384,37.470435645075156,0.7375509269855801,37.011139085984595,True,37.5,36.5,38.6,0.95,0.05,0.0,0.7,0.03,2,1784897193.3984492,True,True,True,False,1784897157.330038,0,0,1,0,False
1784849457.3002179,20,1784897203.3772388,37.49713893339437,0.737436484321355,37.03784237430381,True,37.5,36.5,38.6,0.95,0.05,0.0,0.7,0.03,2,1784897213.4046922,True,True,True,False,1784897157.330038,0,0,1,0,False
1784849457.3002179,20,1784897223.3834708,37.52918287937743,0.7377225909819181,37.05119401846342,True,37.5,36.5,38.6,0.95,0.05,0.0,0.7,0.03,2,1784897233.4109387,True,True,True,False,1784897157.330038,0,False,0,0,False
1784849457.3002179,20,1784897243.3897371,37.526512550545505,0.7373029678797589,37.08056763561456,True,37.5,36.5,38.6,0.95,0.05,0.0,0.7,0.03,2,1784897253.41728,True,True,True,False,1784897157.330038,0,False,0,0,False
1784849457.3002179,20,1784897263.3961232,37.54253452353704,0.7376653696498054,37.053864347295345,True,37.5,36.5,38.6,0.95,0.05,0.0,0.7,0.03,2,1784897273.4237113,True,False,True,False,1784897157.330038,0,False,0,0,False
1784849457.3002179,20,1784897283.4027185,37.50514991989013,0.737589074540322,37.05653467612726,True,37.5,36.5,38.6,0.95,0.05,0.0,0.7,0.03,2,1784897293.4304717,True,True,True,False,1784897157.330038,0,False,0,0,False
1784849457.3002179,20,1784897303.4091127,37.49446860456244,0.7376653696498054,37.03784237430381,True,37.5,36.5,38.6,0.95,0.05,0.0,0.7,0.03,2,1784897313.4368792,True,True,True,False,1784897157.330038,0,0,1,0,False
1784849457.3002179,20,1784897323.415686,37.489127946898606,0.7375700007629511,37.00846875715267,True,37.5,36.5,38.6,0.95,0.05,0.0,0.7,0.03,2,1784897333.443302,True,True,True,True,1784897337.3300416,0,0,1,0,False
1784849457.3002179,20,1784897343.4220593,37.438391699092094,0.7374174105439841,37.00045777065691,True,37.5,36.5,38.6,0.95,0.05,0.0,0.7,0.03,2,1784897353.4493349,True,True,True,True,1784897337.3300416,0,0,1,0,False
1784849457.3002179,20,1784897363.428192,37.48645761806668,0.7373220416571297,37.005798428320745,True,37.5,36.5,38.6,0.95,0.05,0.0,0.7,0.03,2,1784897373.455529,True,True,True,False,1784897337.3300416,0,0,1,0,False
1784849457.3002179,20,1784897383.435296,37.49713893339437,0.737436484321355,37.005798428320745,True,37.5,36.5,38.6,0.95,0.05,0.0,0.7,0.03,2,1784897393.4636137,True,True,True,False,1784897337.3300416,0,0,1,0,False
1784849457.3002179,20,1784897403.4425163,37.52918287937743,0.7374937056534676,37.02182040131228,True,37.5,36.5,38.6,0.95,0.05,0.0,0.7,0.03,2,1784897413.469823,True,False,True,False,1784897337.3300416,0,False,0,0,False
1784849457.3002179,20,1784897423.448763,37.507820248722055,0.7373411154345006,37.01915007248036,True,37.5,36.5,38.6,0.95,0.05,0.0,0.7,0.03,2,1784897433.4761717,True,True,True,False,1784897337.3300416,0,False,0,0,False
1784849457.3002179,20,1784897443.4550304,37.526512550545505,0.7373601892118715,37.02716105897612,True,37.5,36.5,38.6,0.95,0.05,0.0,0.7,0.03,2,1784897453.4825695,True,False,True,False,1784897337.3300416,0,False,0,0,False
1784849457.3002179,20,1784897463.4613903,37.49446860456244,0.7375509269855801,37.04318303196766,True,37.5,36.5,38.6,0.95,0.05,0.0,0.7,0.03,2,1784897473.4894326,True,True,True,False,1784897337.3300416,0,0,1,0,False
1784849457.3002179,20,1784897483.4677434,37.45708400091554,0.7375127794308385,37.01915007248036,True,37.5,36.5,38.6,0.95,0.05,0.0,0.7,0.03,2,1784897493.4950655,True,True,True,False,1784897337.3300416,0,0,1,0,False
1784849457.3002179,20,1784897503.4739716,37.47310597390707,0.7376653696498054,37.011139085984595,True,37.5,36.5,38.6,0.95,0.05,0.0,0.7,0.03,2,1784897513.5012312,True,True,True,True,1784897517.3300536,0,0,1,0,False
1784849457.3002179,20,1784897523.480065,37.47310597390707,0.7374555580987259,37.00312809948882,True,37.5,36.5,38.6,0.95,0.05,0.0,0.7,0.03,2,1784897533.5071716,True,True,True,True,1784897517.3300536,0,0,1,0,False
1784849457.3002179,20,1784897543.4862397,37.47577630273899,0.7375318532082094,36.99511711299306,True,37.5,36.5,38.6,0.95,0.05,0.0,0.7,0.03,2,1784897553.5147846,True,False,True,False,1784897517.3300536,0,0,1,0,False
1784849457.3002179,20,1784897563.4924066,37.50247959105822,0.7377225909819181,37.005798428320745,True,37.5,36.5,38.6,0.95,0.05,0.0,0.7,0.03,2,1784897573.519823,True,True,True,False,1784897517.3300536,0,False,0,0,False
1784849457.3002179,20,1784897583.4988468,37.51850156404974,0.7376081483176928,37.04318303196766,True,37.5,36.5,38.6,0.95,0.05,0.0,0.7,0.03,2,1784897593.526225,True,True,True,False,1784897517.3300536,0,False,0,0,False
1784849457.3002179,20,1784897603.5051107,37.513160906385906,0.7374937056534676,37.02716105897612,True,37.5,36.5,38.6,0.95,0.05,0.0,0.7,0.03,2,1784897613.5324128,True,True,True,False,1784897517.3300536,0,False,0,0,False
1784849457.3002179,20,1784897623.5113618,37.49713893339437,0.7376462958724346,37.04585336079957,True,37.5,36.5,38.6,0.95,0.05,0.0,0.7,0.03,2,1784897633.5430782,True,True,True,False,1784897517.3300536,0,0,1,0,False
1784849457.3002179,20,1784897643.5175757,37.489127946898606,0.7376653696498054,37.01647974364843,True,37.5,36.5,38.6,0.95,0.05,0.0,0.7,0.03,2,1784897653.5454214,True,False,True,False,1784897517.3300536,0,0,1,0,False
1784849457.3002179,20,1784897663.5237615,37.483787289234755,0.737856107423514,37.02716105897612,True,37.5,36.5,38.6,0.95,0.05,0.0,0.7,0.03,2,1784897673.550819,True,True,True,False,1784897517.3300536,0,0,1,0,False
1784849457.3002179,20,1784897683.5300689,37.51049057755398,0.7376653696498054,37.01380941481651,True,37.5,36.5,38.6,0.95,0.05,0.0,0.7,0.03,2,1784897693.5575287,True,True,True,True,1784897697.3300796,0,False,0,0,False
1784849457.3002179,20,1784897703.536427,37.51049057755398,0.7376462958724346,37.02182040131228,True,37.5,36.5,38.6,0.95,0.05,0.0,0.7,0.03,2,1784897713.567677,True,True,True,True,1784897697.3300796,0,False,0,0,False
1784849457.3002179,20,1784897723.546383,37.49446860456244,0.7378942549782559,37.029831387808045,True,37.5,36.5,38.6,0.95,0.05,0.0,0.7,0.03,2,1784897733.5737584,True,True,True,False,1784897697.3300796,0,0,1,0,False
1784849457.3002179,20,1784897743.552531,37.49713893339437,0.737856107423514,37.03784237430381,True,37.5,36.5,38.6,0.95,0.05,0.0,0.7,0.03,2,1784897753.5799894,True,False,True,False,1784897697.3300796,0,0,1,0,False
1784849457.3002179,20,1784897763.5587475,37.513160906385906,0.7378370336461433,37.02716105897612,True,37.5,36.5,38.6,0.95,0.05,0.0,0.7,0.03,2,1784897773.5861084,True,True,True,False,1784897697.3300796,0,False,0,0,False
1784849457.3002179,20,1784897783.565001,37.49179827573053,0.7375127794308385,37.02716105897612,True,37.5,36.5,38.6,0.95,0.05,0.0,0.7,0.03,2,1784897793.5939622,True,True,True,False,1784897697.3300796,0,0,1,0,False
1784849457.3002179,20,1784897803.5712268,37.48645761806668,0.7374746318760966,37.03784237430381,True,37.5,36.5,38.6,0.95,0.05,0.0,0.7,0.03,2,1784897813.6013932,True,True,True,False,1784897697.3300796,0,0,1,0,False
1784849457.3002179,20,1784897823.5774465,37.507820248722055,0.7377607385366598,37.04585336079957,True,37.5,36.5,38.6,0.95,0.05,0.0,0.7,0.03,2,1784897833.606292,True,True,True,False,1784897697.3300796,0,False,0,0,False
1784849457.3002179,20,1784897843.5848982,37.51583123521782,0.7376462958724346,37.048523689631494,True,37.5,36.5,38.6,0.95,0.05,0.0,0.7,0.03,2,1784897853.617357,True,True,True,False,1784897697.3300796,0,False,0,0,False
1784849457.3002179,20,1784897863.594008,37.49980926222629,0.7377225909819181,37.03784237430381,True,37.5,36.5,38.6,0.95,0.05,0.0,0.7,0.03,2,1784897873.6226137,True,True,True,True,1784897877.3301263,0,0,1,0,False
1784849457.3002179,20,1784897883.6025226,37.49980926222629,0.7376081483176928,37.029831387808045,True,37.5,36.5,38.6,0.95,0.05,0.0,0.7,0.03,2,1784897893.6310105,True,True,True,True,1784897877.3301263,0,0,1,0,False
1784849457.3002179,20,1784897903.6099563,37.51049057755398,0.7376653696498054,37.01647974364843,True,37.5,36.5,38.6,0.95,0.05,0.0,0.7,0.03,2,1784897913.639206,True,True,True,False,1784897877.3301263,0,False,0,0,False
1784849457.3002179,20,1784897923.6163125,37.49446860456244,0.7378179598687724,37.00846875715267,True,37.5,36.5,38.6,0.95,0.05,0.0,0.7,0.03,2,1784897933.643769,True,False,True,False,1784897877.3301263,0,0,1,0,False
1784849457.3002179,20,1784897943.6225736,37.49713893339437,0.7377225909819181,37.03784237430381,True,37.5,36.5,38.6,0.95,0.05,0.0,0.7,0.03,2,1784897953.656424,True,False,True,False,1784897877.3301263,0,0,1,0,False
1784849457.3002179,20,1784897963.628667,37.52384222171359,0.7379514763103685,37.053864347295345,True,37.5,36.5,38.6,0.95,0.05,0.0,0.7,0.03,2,1784897973.6556418,True,False,True,False,1784897877.3301263,0,False,0,0,False
1784849457.3002179,20,1784897983.6348948,37.52384222171359,0.737589074540322,37.06454566262303,True,37.5,36.5,38.6,0.95,0.05,0.0,0.7,0.03,2,1784897993.6616552,True,True,True,False,1784897877.3301263,0,False,0,0,False
1784849457.3002179,20,1784898003.6410472,37.507820248722055,0.7376653696498054,37.04318303196766,True,37.5,36.5,38.6,0.95,0.05,0.0,0.7,0.03,2,1784898013.6683674,False,False,True,False,1784897877.3301263,0,False,0,0,False
1784849457.3002179,20,1784898023.6473324,37.465094987411305,0.7374555580987259,37.029831387808045,True,37.5,36.5,38.6,0.95,0.05,0.0,0.7,0.03,2,1784898033.6744096,False,True,True,False,1784897877.3301263,0,0,1,0,False
1784849457.3002179,20,1784898043.653544,37.446402685587856,0.7374937056534676,37.00045777065691,True,37.5,36.5,38.6,0.95,0.05,0.0,0.7,0.03,2,1784898053.6809828,False,False,True,True,1784898057.330149,0,0,1,0,False
1784849457.3002179,20,1784898063.6597354,37.46242465857938,0.7376081483176928,37.00045777065691,True,37.5,36.5,38.6,0.95,0.05,0.0,0.7,0.03,2,1784898073.6879637,False,True,True,True,1784898057.330149,0,0,1,0,False
1784849457.3002179,20,1784898083.6662245,37.489127946898606,0.7377416647592889,37.03517204547188,True,37.5,36.5,38.6,0.95,0.05,0.0,0.7,0.03,2,1784898093.6954038,False,True,True,False,1784898057.330149,0,0,1,0,False
1784849457.3002179,20,1784898103.6726356,37.47310597390707,0.7379133287556268,37.02716105897612,True,37.5,36.5,38.6,0.95,0.05,0.0,0.7,0.03,2,1784898113.702309,False,True,True,False,1784898057.330149,0,0,1,0,False
1784849457.3002179,20,1784898123.679085,37.526512550545505,0.7375127794308385,37.067215991454944,True,37.5,36.5,38.6,0.95,0.05,0.0,0.7,0.03,2,1784898133.7063603,False,True,True,False,1784898057.330149,0,False,0,0,False
1784849457.3002179,20,1784898143.6856148,37.52384222171359,0.7377798123140306,37.08056763561456,True,37.5,36.5,38.6,0.95,0.05,0.0,0.7,0.03,2,1784898153.7160017,False,True,True,False,1784898057.330149,0,False,0,0,False
1784849457.3002179,20,1784898163.691947,37.481116960402844,0.7377607385366598,37.096589608606095,True,37.5,36.5,38.6,0.95,0.05,0.0,0.7,0.03,2,1784898173.7191074,False,True,True,False,1784898057.330149,0,0,1,0,False
1784849457.3002179,20,1784898183.6990185,37.49713893339437,0.7377035172045471,37.08056763561456,True,37.5,36.5,38.6,0.95,0.05,0.0,0.7,0.03,2,1784898193.7285306,False,True,True,False,1784898057.330149,0,0,1,0,False
1784849457.3002179,20,1784898203.706546,37.507820248722055,0.7380468451972229,37.08590829327841,True,37.5,36.5,38.6,0.95,0.05,0.0,0.7,0.03,2,1784898213.7339504,False,True,True,False,1784898057.330149,0,False,0,0,False
1784849457.3002179,20,1784898223.7128851,37.52384222171359,0.7378942549782559,37.08323796444648,True,37.5,36.5,38.6,0.95,0.05,0.0,0.7,0.03,2,1784898233.7402732,False,True,True,True,1784898237.3301508,0,False,0,0,False
1784849457.3002179,20,1784898243.7192202,37.47310597390707,0.7377798123140306,37.053864347295345,True,37.5,36.5,38.6,0.95,0.05,0.0,0.7,0.03,2,1784898253.7468152,False,False,True,True,1784898237.3301508,0,0,1,0,False
1784849457.3002179,20,1784898263.7253854,37.43572137026017,0.7375318532082094,37.03784237430381,True,37.5,36.5,38.6,0.95,0.05,0.0,0.7,0.03,2,1784898273.7527604,False,True,True,False,1784898237.3301508,0,0,1,0,False
1784849457.3002179,20,1784898283.7316694,37.446402685587856,0.7374555580987259,37.04585336079957,True,37.5,36.5,38.6,0.95,0.05,0.0,0.7,0.03,2,1784898293.759157,False,True,True,False,1784898237.3301508,0,0,1,0,False
1784849457.3002179,20,1784898303.7379563,37.46242465857938,0.7379324025329975,37.04318303196766,True,37.5,36.5,38.6,0.95,0.05,0.0,0.7,0.03,2,1784898313.7652602,False,True,True,False,1784898237.3301508,0,0,1,0,False
1784849457.3002179,20,1784898323.744158,37.47310597390707,0.7377798123140306,37.067215991454944,True,37.5,36.5,38.6,0.95,0.05,0.0,0.7,0.03,2,1784898333.7715032,False,True,True,False,1784898237.3301508,0,0,1,0,False
1784849457.3002179,20,1784898343.7503808,37.49179827573053,0.7379324025329975,37.096589608606095,True,37.5,36.5,38.6,0.95,0.05,0.0,0.7,0.03,2,1784898353.7777677,False,True,True,False,1784898237.3301508,0,0,1,0,False
1784849457.3002179,20,1784898363.7565625,37.52384222171359,0.7378370336461433,37.08056763561456,True,37.5,36.5,38.6,0.95,0.05,0.0,0.7,0.03,2,1784898373.7841413,False,True,True,False,1784898237.3301508,0,False,0,0,False
1784849457.3002179,20,1784898383.763109,37.50247959105822,0.7376844434271763,37.11795223926147,True,37.5,36.5,38.6,0.95,0.05,0.0,0.7,0.03,2,1784898393.7904713,False,False,True,False,1784898237.3301508,0,False,0,0,False
1784849457.3002179,20,1784898403.7693553,37.49713893339437,0.7378942549782559,37.091248950942244,True,37.5,36.5,38.6,0.95,0.05,0.0,0.7,0.03,2,1784898413.7967634,False,True,True,True,1784898417.3301895,0,0,1,0,False
1784849457.3002179,20,1784898423.7755892,37.49713893339437,0.7378370336461433,37.109941252765694,True,37.5,36.5,38.6,0.95,0.05,0.0,0.7,0.03,2,1784898433.8029115,False,True,True,True,1784898417.3301895,0,0,1,0,False
1784849457.3002179,20,1784898443.7817006,37.446402685587856,0.7377225909819181,37.091248950942244,True,37.5,36.5,38.6,0.95,0.05,0.0,0.7,0.03,2,1784898453.8096707,False,True,True,False,1784898417.3301895,0,0,1,0,False
1784849457.3002179,20,1784898463.788029,37.47844663157092,0.7375509269855801,37.053864347295345,True,37.5,36.5,38.6,0.95,0.05,0.0,0.7,0.03,2,1784898473.816917,False,False,True,False,1784898417.3301895,0,0,1,0,False
1784849457.3002179,20,1784898483.7958534,37.47310597390707,0.7376653696498054,37.09391927977417,True,37.5,36.5,38.6,0.95,0.05,0.0,0.7,0.03,2,1784898493.8250682,False,False,True,False,1784898417.3301895,0,0,1,0,False
1784849457.3002179,20,1784898503.8033397,37.51049057755398,0.7382757305256733,37.10193026626993,True,37.5,36.5,38.6,0.95,0.05,0.0,0.7,0.03,2,1784898513.8306658,False,True,True,False,1784898417.3301895,0,False,0,0,False
1784849457.3002179,20,1784898523.8095737,37.52117189288167,0.738027771419852,37.08323796444648,True,37.5,36.5,38.6,0.95,0.05,0.0,0.7,0.03,2,1784898533.8385808,False,True,True,False,1784898417.3301895,0,False,0,0,False
1784849457.3002179,20,1784898543.8176916,37.50247959105822,0.7377798123140306,37.091248950942244,True,37.5,36.5,38.6,0.95,0.05,0.0,0.7,0.03,2,1784898553.8469062,False,True,True,False,1784898417.3301895,0,False,0,0,False
1784849457.3002179,20,1784898563.8295784,37.48645761806668,0.7376272220950636,37.08056763561456,True,37.5,36.5,38.6,0.95,0.05,0.0,0.7,0.03,2,1784898573.861459,False,True,True,False,1784898417.3301895,0,0,1,0,False
1784849457.3002179,20,1784898583.8407216,37.44373235675593,0.738027771419852,37.06454566262303,True,37.5,36.5,38.6,0.95,0.05,0.0,0.7,0.03,2,1784898593.8682125,False,True,True,True,1784898597.330197,0,0,1,0,False
1784849457.3002179,20,1784898603.8469698,37.45975432974747,0.7377225909819181,37.04318303196766,True,37.5,36.5,38.6,0.95,0.05,0.0,0.7,0.03,2,1784898613.8744023,False,False,True,True,1784898597.330197,0,0,1,0,False
1784849457.3002179,20,1784898623.8531852,37.465094987411305,0.7377416647592889,37.05653467612726,True,37.5,36.5,38.6,0.95,0.05,0.0,0.7,0.03,2,1784898633.8806064,False,False,True,False,1784898597.330197,0,0,1,0,False
1784849457.3002179,20,1784898643.8600855,37.483787289234755,0.7377607385366598,37.08056763561456,True,37.5,36.5,38.6,0.95,0.05,0.0,0.7,0.03,2,1784898653.8909314,False,True,True,False,1784898597.330197,0,0,1,0,False
1784849457.3002179,20,1784898663.867932,37.50514991989013,0.7377225909819181,37.10727092393378,True,37.5,36.5,38.6,0.95,0.05,0.0,0.7,0.03,2,1784898673.8950703,False,True,True,False,1784898597.330197,0,False,0,0,False
1784849457.3002179,20,1784898683.8742259,37.53719386587319,0.738027771419852,37.12596322575723,True,37.5,36.5,38.6,0.95,0.05,0.0,0.7,0.03,2,1784898693.9035294,False,True,True,False,1784898597.330197,0,False,0,0,False
1784849457.3002179,20,1784898703.880498,37.526512550545505,0.7378179598687724,37.11795223926147,True,37.5,36.5,38.6,0.95,0.05,0.0,0.7,0.03,2,1784898713.9114938,False,False,True,False,1784898597.330197,0,False,0,0,False
1784849457.3002179,20,1784898723.8869352,37.51049057755398,0.737856107423514,37.099259937438006,True,37.5,36.5,38.6,0.95,0.05,0.0,0.7,0.03,2,1784898733.9142654,False,False,True,False,1784898597.330197,0,False,0,0,False
1784849457.3002179,20,1784898743.89322,37.481116960402844,0.737856107423514,37.08590829327841,True,37.5,36.5,38.6,0.95,0.05,0.0,0.7,0.03,2,1784898753.9226067,False,False,True,False,1784898597.330197,0,0,1,0,False
1784849457.3002179,20,1784898763.899575,37.470435645075156,0.737589074540322,37.091248950942244,True,37.5,36.5,38.6,0.95,0.05,0.0,0.7,0.03,2,1784898773.9306428,False,False,True,True,1784898777.3302243,0,0,1,0,False
1784849457.3002179,20,1784898783.9061334,37.45975432974747,0.7377225909819181,37.08590829327841,True,37.5,36.5,38.6,0.95,0.05,0.0,0.7,0.03,2,1784898793.9355438,False,False,True,True,1784898777.3302243,0,0,1,0,False
1784849457.3002179,20,1784898803.9123101,37.470435645075156,0.7378942549782559,37.096589608606095,True,37.5,36.5,38.6,0.95,0.05,0.0,0.7,0.03,2,1784898813.9426494,False,False,True,False,1784898777.3302243,0,0,1,0,False
1784849457.3002179,20,1784898823.9185672,37.507820248722055,0.7377416647592889,37.08857862211032,True,37.5,36.5,38.6,0.95,0.05,0.0,0.7,0.03,2,1784898833.9460425,False,True,True,False,1784898777.3302243,0,False,0,0,False
1784849457.3002179,20,1784898843.9248636,37.51049057755398,0.738008697642481,37.091248950942244,True,37.5,36.5,38.6,0.95,0.05,0.0,0.7,0.03,2,1784898853.9523768,False,True,True,False,1784898777.3302243,0,False,0,0,False
1784849457.3002179,20,1784898863.9312818,37.51583123521782,0.7379133287556268,37.11795223926147,True,37.5,36.5,38.6,0.95,0.05,0.0,0.7,0.03,2,1784898873.9587584,False,True,True,False,1784898777.3302243,0,False,0,0,False
1784849457.3002179,20,1784898883.937763,37.49980926222629,0.737875181200885,37.13130388342107,True,37.5,36.5,38.6,0.95,0.05,0.0,0.7,0.03,2,1784898893.9645517,False,True,True,False,1784898777.3302243,0,0,1,0,False
1784849457.3002179,20,1784898903.944032,37.47844663157092,0.7380468451972229,37.10727092393378,True,37.5,36.5,38.6,0.95,0.05,0.0,0.7,0.03,2,1784898913.971523,False,True,True,False,1784898777.3302243,0,0,1,0,False
1784849457.3002179,20,1784898923.9503453,37.51049057755398,0.7382757305256733,37.109941252765694,True,37.5,36.5,38.6,0.95,0.05,0.0,0.7,0.03,2,1784898933.9794927,False,True,True,False,1784898777.3302243,0,False,0,0,False
1784849457.3002179,20,1784898943.9566076,37.49179827573053,0.7380849927519645,37.11795223926147,True,37.5,36.5,38.6,0.95,0.05,0.0,0.7,0.03,2,1784898953.9875252,False,True,True,True,1784898957.3302495,0,0,1,0,False
1784849457.3002179,20,1784898963.9628134,37.513160906385906,0.7379133287556268,37.10727092393378,True,37.5,36.5,38.6,0.95,0.05,0.0,0.7,0.03,2,1784898973.989844,False,True,True,True,1784898957.3302495,0,False,0,0,False
1784849457.3002179,20,1784898983.9693568,37.47577630273899,0.737856107423514,37.08590829327841,True,37.5,36.5,38.6,0.95,0.05,0.0,0.7,0.03,2,1784898993.998422,False,True,True,False,1784898957.3302495,0,0,1,0,False
1784849457.3002179,20,1784899003.9759254,37.49713893339437,0.7379705500877394,37.091248950942244,True,37.5,36.5,38.6,0.95,0.05,0.0,0.7,0.03,2,1784899014.002947,False,True,True,False,1784898957.3302495,0,0,1,0,False
1784849457.3002179,20,1784899023.9820724,37.513160906385906,0.7380468451972229,37.109941252765694,True,37.5,36.5,38.6,0.95,0.05,0.0,0.7,0.03,2,1784899034.0093408,False,True,True,False,1784898957.3302495,0,False,0,0,False
1784849457.3002179,20,1784899043.988422,37.51583123521782,0.7380659189745937,37.11261158159762,True,37.5,36.5,38.6,0.95,0.05,0.0,0.7,0.03,2,1784899054.016149,False,True,True,False,1784898957.3302495,0,False,0,0,False
1784849457.3002179,20,1784899063.9947999,37.50514991989013,0.7382185091935607,37.11795223926147,True,37.5,36.5,38.6,0.95,0.05,0.0,0.7,0.03,2,1784899074.0221894,False,False,True,False,1784898957.3302495,0,False,0,0,False
1784849457.3002179,20,1784899084.001176,37.49446860456244,0.738008697642481,37.13130388342107,True,37.5,36.5,38.6,0.95,0.05,0.0,0.7,0.03,2,1784899094.0286393,False,False,True,False,1784898957.3302495,0,0,1,0,False
1784849457.3002179,20,1784899104.0080469,37.49980926222629,0.7379705500877394,37.11795223926147,True,37.5,36.5,38.6,0.95,0.05,0.0,0.7,0.03,2,1784899114.035746,False,False,True,False,1784898957.3302495,0,0,1,0,False
1784849457.3002179,20,1784899124.0150492,37.51583123521782,0.7381994354161898,37.13664454108492,True,37.5,36.5,38.6,0.95,0.05,0.0,0.7,0.03,2,1784899134.0424674,False,True,True,True,1784899137.3302517,0,False,0,0,False
1784849457.3002179,20,1784899144.021359,37.52384222171359,0.738027771419852,37.139314869916845,True,37.5,36.5,38.6,0.95,0.05,0.0,0.7,0.03,2,1784899154.048724,False,True,True,True,1784899137.3302517,0,False,0,0,False
1784849457.3002179,20,1784899164.0283165,37.507820248722055,0.7379705500877394,37.11261158159762,True,37.5,36.5,38.6,0.95,0.05,0.0,0.7,0.03,2,1784899174.055867,False,True,True,False,1784899137.3302517,0,False,0,0,False
1784849457.3002179,20,1784899184.0354352,37.49179827573053,0.7380659189745937,37.11261158159762,True,37.5,36.5,38.6,0.95,0.05,0.0,0.7,0.03,2,1784899194.074678,False,True,True,False,1784899137.3302517,0,0,1,0,False
1784849457.3002179,20,1784899204.041742,37.481116960402844,0.738008697642481,37.06988632028687,True,37.5,36.5,38.6,0.95,0.05,0.0,0.7,0.03,2,1784899214.0692186,False,True,True,False,1784899137.3302517,0,0,1,0,False
1784849457.3002179,20,1784899224.0481482,37.465094987411305,0.7378370336461433,37.109941252765694,True,37.5,36.5,38.6,0.95,0.05,0.0,0.7,0.03,2,1784899234.0874517,False,True,True,False,1784899137.3302517,0,0,1,0,False
1784849457.3002179,20,1784899244.0546265,37.50514991989013,0.7381231403067063,37.11261158159762,True,37.5,36.5,38.6,0.95,0.05,0.0,0.7,0.03,2,1784899254.0824912,False,True,True,False,1784899137.3302517,0,False,0,0,False
1784849457.3002179,20,1784899264.06092,37.51583123521782,0.7381994354161898,37.10727092393378,True,37.5,36.5,38.6,0.95,0.05,0.0,0.7,0.03,2,1784899274.0883377,False,True,True,False,1784899137.3302517,0,False,0,0,False
1784849457.3002179,20,1784899284.0672975,37.526512550545505,0.7382757305256733,37.109941252765694,True,37.5,36.5,38.6,0.95,0.05,0.0,0.7,0.03,2,1784899294.0946712,False,True,True,False,1784899137.3302517,0,False,0,0,False
1784849457.3002179,20,1784899304.0737011,37.483787289234755,0.7381231403067063,37.10727092393378,True,37.5,36.5,38.6,0.95,0.05,0.0,0.7,0.03,2,1784899314.103978,False,True,True,True,1784899317.3302867,0,0,1,0,False
1784849457.3002179,20,1784899324.0799532,37.47310597390707,0.7382185091935607,37.09391927977417,True,37.5,36.5,38.6,0.95,0.05,0.0,0.7,0.03,2,1784899334.1072679,False,True,True,True,1784899317.3302867,0,0,1,0,False
1784849457.3002179,20,1784899344.0860913,37.470435645075156,0.7380849927519645,37.04318303196766,True,37.5,36.5,38.6,0.95,0.05,0.0,0.7,0.03,2,1784899354.1140666,False,False,True,False,1784899317.3302867,0,0,1,0,False
1784849457.3002179,20,1784899364.0922403,37.49179827573053,0.7380468451972229,37.08056763561456,True,37.5,36.5,38.6,0.95,0.05,0.0,0.7,0.03,2,1784899374.1218576,False,False,True,False,1784899317.3302867,0,0,1,0,False
1784849457.3002179,20,1784899384.0985904,37.49179827573053,0.738180361638819,37.091248950942244,True,37.5,36.5,38.6,0.95,0.05,0.0,0.7,0.03,2,1784899394.125689,False,True,True,False,1784899317.3302867,0,0,1,0,False
1784849457.3002179,20,1784899404.104849,37.50247959105822,0.7381422140840772,37.11795223926147,True,37.5,36.5,38.6,0.95,0.05,0.0,0.7,0.03,2,1784899414.1319103,False,True,True,False,1784899317.3302867,0,False,0,0,False
1784849457.3002179,20,1784899424.112,37.52384222171359,0.7379514763103685,37.141985198748756,True,37.5,36.5,38.6,0.95,0.05,0.0,0.7,0.03,2,1784899434.1404254,False,True,True,False,1784899317.3302867,0,False,0,0,False
1784849457.3002179,20,1784899444.1192055,37.54253452353704,0.7381422140840772,37.133974212252994,True,37.5,36.5,38.6,0.95,0.05,0.0,0.7,0.03,2,1784899454.146138,False,False,True,False,1784899317.3302867,0,False,0,0,False
1784849457.3002179,20,1784899464.1254601,37.51049057755398,0.7379324025329975,37.11795223926147,True,37.5,36.5,38.6,0.95,0.05,0.0,0.7,0.03,2,1784899474.1528301,False,False,True,False,1784899317.3302867,0,False,0,0,False
1784849457.3002179,20,1784899484.1318026,37.483787289234755,0.737875181200885,37.12062256809338,True,37.5,36.5,38.6,0.95,0.05,0.0,0.7,0.03,2,1784899494.163441,False,True,True,True,1784899497.3302927,0,0,1,0,False
1784849457.3002179,20,1784899504.1380723,37.46242465857938,0.7379705500877394,37.07522697795072,True,37.5,36.5,38.6,0.95,0.05,0.0,0.7,0.03,2,1784899514.1654422,False,True,True,True,1784899497.3302927,0,0,1,0,False
1784849457.3002179,20,1784899524.1442583,37.45708400091554,0.7382185091935607,37.06187533379111,True,37.5,36.5,38.6,0.95,0.05,0.0,0.7,0.03,2,1784899534.171572,False,False,True,False,1784899497.3302927,0,0,1,0,False
1784849457.3002179,20,1784899544.1510751,37.45441367208362,0.7377988860914015,37.08056763561456,True,37.5,36.5,38.6,0.95,0.05,0.0,0.7,0.03,2,1784899554.1791015,False,True,True,False,1784899497.3302927,0,0,1,0,False
1784849457.3002179,20,1784899564.1578655,37.49179827573053,0.7379896238651102,37.08056763561456,True,37.5,36.5,38.6,0.95,0.05,0.0,0.7,0.03,2,1784899574.186764,False,True,True,False,1784899497.3302927,0,0,1,0,False
1784849457.3002179,20,1784899584.1642952,37.49713893339437,0.7381994354161898,37.091248950942244,True,37.5,36.5,38.6,0.95,0.05,0.0,0.7,0.03,2,1784899594.1916592,False,True,True,False,1784899497.3302927,0,0,1,0,False
1784849457.3002179,20,1784899604.170584,37.49713893339437,0.7385046158541237,37.12329289692531,True,37.5,36.5,38.6,0.95,0.05,0.0,0.7,0.03,2,1784899614.1981812,False,False,True,False,1784899497.3302927,0,0,1,0,False
1784849457.3002179,20,1784899624.1774213,37.550545510032805,0.738008697642481,37.14732585641261,True,37.5,36.5,38.6,0.95,0.05,0.0,0.7,0.03,2,1784899634.2059615,False,True,True,False,1784899497.3302927,0,False,0,0,False
1784849457.3002179,20,1784899644.1850734,37.56389715419242,0.7384283207446403,37.16067750057222,True,37.5,36.5,38.6,0.95,0.05,0.0,0.7,0.03,2,1784899654.2137284,False,True,True,False,1784899497.3302927,0,False,0,0,False
1784849457.3002179,20,1784899664.1927924,37.569237811856254,0.738161287861448,37.15533684290837,True,37.5,36.5,38.6,0.95,0.05,0.0,0.7,0.03,2,1784899674.221386,False,True,True,True,1784899677.3303308,0,False,0,0,False
1784849457.3002179,20,1784899684.2005424,37.526512550545505,0.7386381322957198,37.13664454108492,True,37.5,36.5,38.6,0.95,0.05,0.0,0.7,0.03,2,1784899694.2284021,False,True,True,True,1784899677.3303308,0,False,0,0,False
1784849457.3002179,20,1784899704.2076824,37.47844663157092,0.7379705500877394,37.08590829327841,True,37.5,36.5,38.6,0.95,0.05,0.0,0.7,0.03,2,1784899714.2370353,False,False,True,False,1784899677.3303308,0,0,1,0,False
1784849457.3002179,20,1784899724.214518,37.46242465857938,0.7383520256351568,37.08323796444648,True,37.5,36.5,38.6,0.95,0.05,0.0,0.7,0.03,2,1784899734.2431626,False,True,True,False,1784899677.3303308,0,0,1,0,False
1784849457.3002179,20,1784899744.221392,37.45441367208362,0.7382185091935607,37.10193026626993,True,37.5,36.5,38.6,0.95,0.05,0.0,0.7,0.03,2,1784899754.249485,False,True,True,False,1784899677.3303308,0,0,1,0,False
1784849457.3002179,20,1784899764.2279007,37.470435645075156,0.7384473945220111,37.06988632028687,True,37.5,36.5,38.6,0.95,0.05,0.0,0.7,0.03,2,1784899774.2601225,False,True,True,False,1784899677.3303308,0,0,1,0,False
1784849457.3002179,20,1784899784.2349963,37.513160906385906,0.7381422140840772,37.11261158159762,True,37.5,36.5,38.6,0.95,0.05,0.0,0.7,0.03,2,1784899794.2638223,False,False,True,False,1784899677.3303308,0,False,0,0,False
1784849457.3002179,20,1784899804.2421172,37.49713893339437,0.7381040665293355,37.12329289692531,True,37.5,36.5,38.6,0.95,0.05,0.0,0.7,0.03,2,1784899814.2763717,False,True,True,False,1784899677.3303308,0,0,1,0,False
1784849457.3002179,20,1784899824.2483294,37.49713893339437,0.7380849927519645,37.14732585641261,True,37.5,36.5,38.6,0.95,0.05,0.0,0.7,0.03,2,1784899834.2820294,False,False,True,False,1784899677.3303308,0,0,1,0,False
1784849457.3002179,20,1784899844.2549915,37.54253452353704,0.7382948043030442,37.14465552758068,True,37.5,36.5,38.6,0.95,0.05,0.0,0.7,0.03,2,1784899854.2825131,False,True,True,True,1784899857.3303614,0,False,0,0,False
1784849457.3002179,20,1784899864.2615304,37.51049057755398,0.7382948043030442,37.14465552758068,True,37.5,36.5,38.6,0.95,0.05,0.0,0.7,0.03,2,1784899874.2901871,False,False,True,True,1784899857.3303614,0,False,0,0,False
1784849457.3002179,20,1784899884.2678773,37.47844663157092,0.7382757305256733,37.12062256809338,True,37.5,36.5,38.6,0.95,0.05,0.0,0.7,0.03,2,1784899894.2960205,False,True,True,False,1784899857.3303614,0,0,1,0,False
1784849457.3002179,20,1784899904.2741516,37.489127946898606,0.7380659189745937,37.10727092393378,True,37.5,36.5,38.6,0.95,0.05,0.0,0.7,0.03,2,1784899914.3019829,False,False,True,False,1784899857.3303614,0,0,1,0,False
1784849457.3002179,20,1784899924.280708,37.49980926222629,0.7382185091935607,37.109941252765694,True,37.5,36.5,38.6,0.95,0.05,0.0,0.7,0.03,2,1784899934.3086128,False,True,True,False,1784899857.3303614,0,0,1,0,False
1784849457.3002179,20,1784899944.2869499,37.51850156404974,0.7385427634088654,37.11795223926147,True,37.5,36.5,38.6,0.95,0.05,0.0,0.7,0.03,2,1784899954.3147602,False,False,True,False,1784899857.3303614,0,False,0,0,False
1784849457.3002179,20,1784899964.2933552,37.49179827573053,0.7383710994125277,37.133974212252994,True,37.5,36.5,38.6,0.95,0.05,0.0,0.7,0.03,2,1784899974.3208694,False,True,True,False,1784899857.3303614,0,0,1,0,False
1784849457.3002179,20,1784899984.2996228,37.49713893339437,0.7383710994125277,37.12863355458916,True,37.5,36.5,38.6,0.95,0.05,0.0,0.7,0.03,2,1784899994.3270187,False,False,True,False,1784899857.3303614,0,0,1,0,False
1784849457.3002179,20,1784900004.3058066,37.507820248722055,0.738027771419852,37.12863355458916,True,37.5,36.5,38.6,0.95,0.05,0.0,0.7,0.03,2,1784900014.3357916,False,True,True,False,1784899857.3303614,0,False,0,0,False
1784849457.3002179,20,1784900024.3122723,37.507820248722055,0.7382566567483024,37.12596322575723,True,37.5,36.5,38.6,0.95,0.05,0.0,0.7,0.03,2,1784900034.3422062,False,True,True,True,1784900037.330388,0,False,0,0,False
1784849457.3002179,20,1784900044.3189273,37.49446860456244,0.7385618371862364,37.11795223926147,True,37.5,36.5,38.6,0.95,0.05,0.0,0.7,0.03,2,1784900054.346618,False,False,True,True,1784900037.330388,0,0,1,0,False
1784849457.3002179,20,1784900064.3251445,37.446402685587856,0.738180361638819,37.08590829327841,True,37.5,36.5,38.6,0.95,0.05,0.0,0.7,0.03,2,1784900074.3526168,False,True,True,False,1784900037.330388,0,0,1,0,False
1784849457.3002179,20,1784900084.3314571,37.46242465857938,0.7382948043030442,37.08857862211032,True,37.5,36.5,38.6,0.95,0.05,0.0,0.7,0.03,2,1784900094.3617694,False,True,True,False,1784900037.330388,0,0,1,0,False
1784849457.3002179,20,1784900104.3380487,37.47310597390707,0.7380468451972229,37.091248950942244,True,37.5,36.5,38.6,0.95,0.05,0.0,0.7,0.03,2,1784900114.3677423,False,True,True,False,1784900037.330388,0,0,1,0,False
1784849457.3002179,20,1784900124.3445294,37.489127946898606,0.7382566567483024,37.115281910429545,True,37.5,36.5,38.6,0.95,0.05,0.0,0.7,0.03,2,1784900134.3726654,False,False,True,False,1784900037.330388,0,0,1,0,False
1784849457.3002179,20,1784900144.3507771,37.513160906385906,0.7383329518577859,37.139314869916845,True,37.5,36.5,38.6,0.95,0.05,0.0,0.7,0.03,2,1784900154.3781679,False,False,True,False,1784900037.330388,0,False,0,0,False
1784849457.3002179,20,1784900164.3571455,37.52384222171359,0.7382185091935607,37.15533684290837,True,37.5,36.5,38.6,0.95,0.05,0.0,0.7,0.03,2,1784900174.384538,False,False,True,False,1784900037.330388,0,False,0,0,False
1784849457.3002179,20,1784900184.363507,37.52918287937743,0.7382375829709314,37.14999618524453,True,37.5,36.5,38.6,0.95,0.05,0.0,0.7,0.03,2,1784900194.3909297,False,True,True,False,1784900037.330388,0,False,0,0,False
1784849457.3002179,20,1784900204.3698404,37.51850156404974,0.7382757305256733,37.11261158159762,True,37.5,36.5,38.6,0.95,0.05,0.0,0.7,0.03,2,1784900214.3972557,False,True,True,True,1784900217.3304007,0,False,0,0,False
1784849457.3002179,20,1784900224.3762395,37.48645761806668,0.7383710994125277,37.09391927977417,True,37.5,36.5,38.6,0.95,0.05,0.0,0.7,0.03,2,1784900234.4060328,False,True,True,True,1784900217.3304007,0,0,1,0,False
1784849457.3002179,20,1784900244.3825371,37.43572137026017,0.7381040665293355,37.05920500495918,True,37.5,36.5,38.6,0.95,0.05,0.0,0.7,0.03,2,1784900254.410431,False,False,True,False,1784900217.3304007,0,0,1,0,False
1784849457.3002179,20,1784900264.388751,37.46242465857938,0.7382948043030442,37.07522697795072,True,37.5,36.5,38.6,0.95,0.05,0.0,0.7,0.03,2,1784900274.4182239,False,True,True,False,1784900217.3304007,0,0,1,0,False
1784849457.3002179,20,1784900284.3952737,37.46776531624323,0.7383901731898984,37.08857862211032,True,37.5,36.5,38.6,0.95,0.05,0.0,0.7,0.03,2,1784900294.4227605,False,False,True,False,1784900217.3304007,0,0,1,0,False
1784849457.3002179,20,1784900304.4017463,37.49980926222629,0.7381422140840772,37.10193026626993,True,37.5,36.5,38.6,0.95,0.05,0.0,0.7,0.03,2,1784900314.429246,False,False,True,False,1784900217.3304007,0,0,1,0,False
1784849457.3002179,20,1784900324.4080095,37.49980926222629,0.7382375829709314,37.12062256809338,True,37.5,36.5,38.6,0.95,0.05,0.0,0.7,0.03,2,1784900334.4354439,False,True,True,False,1784900217.3304007,0,0,1,0,False
1784849457.3002179,20,1784900344.4145072,37.53452353704128,0.7384664682993819,37.14465552758068,True,37.5,36.5,38.6,0.95,0.05,0.0,0.7,0.03,2,1784900354.4417262,False,True,True,False,1784900217.3304007,0,False,0,0,False
1784849457.3002179,20,1784900364.4210806,37.57190814068818,0.7389433127336538,37.15533684290837,True,37.5,36.5,38.6,0.95,0.05,0.0,0.7,0.03,2,1784900374.4527185,False,True,True,False,1784900217.3304007,0,False,0,0,False
1784849457.3002179,20,1784900384.4284093,37.56122682536049,0.7382757305256733,37.14465552758068,True,37.5,36.5,38.6,0.95,0.05,0.0,0.7,0.03,2,1784900394.4570563,False,True,True,True,1784900397.3304317,0,False,0,0,False
1784849457.3002179,20,1784900404.4361238,37.507820248722055,0.7383329518577859,37.12863355458916,True,37.5,36.5,38.6,0.95,0.05,0.0,0.7,0.03,2,1784900414.4648135,False,True,True,True,1784900397.3304317,0,False,0,0,False
1784849457.3002179,20,1784900424.444021,37.44373235675593,0.7381231403067063,37.08857862211032,True,37.5,36.5,38.6,0.95,0.05,0.0,0.7,0.03,2,1784900434.4725218,False,False,True,False,1784900397.3304317,0,0,1,0,False
1784849457.3002179,20,1784900444.4516883,37.43572137026017,0.7382185091935607,37.04318303196766,True,37.5,36.5,38.6,0.95,0.05,0.0,0.7,0.03,2,1784900454.479614,False,True,True,False,1784900397.3304317,0,0,1,0,False
1784849457.3002179,20,1784900464.4586096,37.441062027924005,0.7381994354161898,37.05920500495918,True,37.5,36.5,38.6,0.95,0.05,0.0,0.7,0.03,2,1784900474.48653,False,False,True,False,1784900397.3304317,0,0,1,0,False
1784849457.3002179,20,1784900484.4648318,37.46242465857938,0.7384283207446403,37.109941252765694,True,37.5,36.5,38.6,0.95,0.05,0.0,0.7,0.03,2,1784900494.4947586,False,True,True,False,1784900397.3304317,0,0,1,0,False
1784849457.3002179,20,1784900504.4712389,37.50514991989013,0.7382948043030442,37.10193026626993,True,37.5,36.5,38.6,0.95,0.05,0.0,0.7,0.03,2,1784900514.4982517,False,True,True,False,1784900397.3304317,0,False,0,0,False
1784849457.3002179,20,1784900524.477586,37.53719386587319,0.7383901731898984,37.13130388342107,True,37.5,36.5,38.6,0.95,0.05,0.0,0.7,0.03,2,1784900534.5054102,False,False,True,False,1784900397.3304317,0,False,0,0,False
1784849457.3002179,20,1784900544.4844806,37.49179827573053,0.738180361638819,37.12329289692531,True,37.5,36.5,38.6,0.95,0.05,0.0,0.7,0.03,2,1784900554.5163045,False,True,True,False,1784900397.3304317,0,0,1,0,False
1784849457.3002179,20,1784900564.4920852,37.49713893339437,0.7385046158541237,37.096589608606095,True,37.5,36.5,38.6,0.95,0.05,0.0,0.7,0.03,2,1784900574.5273414,False,False,True,True,1784900577.3304405,0,0,1,0,False
1784849457.3002179,20,1784900584.5001097,37.48645761806668,0.7382948043030442,37.10193026626993,True,37.5,36.5,38.6,0.95,0.05,0.0,0.7,0.03,2,1784900594.5284526,False,True,True,True,1784900577.3304405,0,0,1,0,False
1784849457.3002179,20,1784900604.5072827,37.470435645075156,0.7383710994125277,37.08590829327841,True,37.5,36.5,38.6,0.95,0.05,0.0,0.7,0.03,2,1784900614.5395377,False,False,True,False,1784900577.3304405,0,0,1,0,False
1784849457.3002179,20,1784900624.5135164,37.49713893339437,0.7382757305256733,37.13130388342107,True,37.5,36.5,38.6,0.95,0.05,0.0,0.7,0.03,2,1784900634.5409064,False,False,True,False,1784900577.3304405,0,0,1,0,False
1784849457.3002179,20,1784900644.5197406,37.51049057755398,0.7384473945220111,37.11795223926147,True,37.5,36.5,38.6,0.95,0.05,0.0,0.7,0.03,2,1784900654.5502164,False,True,True,False,1784900577.3304405,0,False,0,0,False
1784849457.3002179,20,1784900664.526019,37.51049057755398,0.7384473945220111,37.11795223926147,True,37.5,36.5,38.6,0.95,0.05,0.0,0.7,0.03,2,1784900674.5533426,False,True,True,False,1784900577.3304405,0,False,0,0,False
1784849457.3002179,20,1784900684.5329723,37.49446860456244,0.7384092469672694,37.12596322575723,True,37.5,36.5,38.6,0.95,0.05,0.0,0.7,0.03,2,1784900694.5639944,False,True,True,False,1784900577.3304405,0,0,1,0,False
1784849457.3002179,20,1784900704.5406082,37.47310597390707,0.7383520256351568,37.091248950942244,True,37.5,36.5,38.6,0.95,0.05,0.0,0.7,0.03,2,1784900714.568576,False,True,True,False,1784900577.3304405,0,0,1,0,False
1784849457.3002179,20,1784900724.5476103,37.489127946898606,0.7385618371862364,37.109941252765694,True,37.5,36.5,38.6,0.95,0.05,0.0,0.7,0.03,2,1784900734.5747726,False,False,True,False,1784900577.3304405,0,0,1,0,False
1784849457.3002179,20,1784900744.5537932,37.48645761806668,0.7385236896314946,37.10727092393378,True,37.5,36.5,38.6,0.95,0.05,0.0,0.7,0.03,2,1784900754.5812144,False,True,True,True,1784900757.3304586,0,0,1,0,False
1784849457.3002179,20,1784900764.5600662,37.50247959105822,0.7382566567483024,37.12863355458916,True,37.5,36.5,38.6,0.95,0.05,0.0,0.7,0.03,2,1784900774.5871942,False,False,True,True,1784900757.3304586,0,False,0,0,False
1784849457.3002179,20,1784900784.5664568,37.52384222171359,0.7384092469672694,37.133974212252994,True,37.5,36.5,38.6,0.95,0.05,0.0,0.7,0.03,2,1784900794.593879,False,False,True,False,1784900757.3304586,0,False,0,0,False
1784849457.3002179,20,1784900804.5728166,37.52384222171359,0.7386190585183489,37.14999618524453,True,37.5,36.5,38.6,0.95,0.05,0.0,0.7,0.03,2,1784900814.6004148,False,True,True,False,1784900757.3304586,0,False,0,0,False
1784849457.3002179,20,1784900824.5828402,37.50247959105822,0.7387144274052033,37.12062256809338,True,37.5,36.5,38.6,0.95,0.05,0.0,0.7,0.03,2,1784900834.615561,False,True,True,False,1784900757.3304586,0,False,0,0,False
1784849457.3002179,20,1784900844.5942469,37.49446860456244,0.7384473945220111,37.10727092393378,True,37.5,36.5,38.6,0.95,0.05,0.0,0.7,0.03,2,1784900854.6226137,False,False,True,False,1784900757.3304586,0,0,1,0,False
1784849457.3002179,20,1784900864.6004035,37.446402685587856,0.7384664682993819,37.10727092393378,True,37.5,36.5,38.6,0.95,0.05,0.0,0.7,0.03,2,1784900874.635151,False,True,True,False,1784900757.3304586,0,0,1,0,False
1784849457.3002179,20,1784900884.6066763,37.46242465857938,0.7387144274052033,37.08323796444648,True,37.5,36.5,38.6,0.95,0.05,0.0,0.7,0.03,2,1784900894.634064,False,True,True,False,1784900757.3304586,0,0,1,0,False
1784849457.3002179,20,1784900904.6134605,37.46776531624323,0.7383329518577859,37.11795223926147,True,37.5,36.5,38.6,0.95,0.05,0.0,0.7,0.03,2,1784900914.653557,False,False,True,False,1784900757.3304586,0,0,1,0,False
1784849457.3002179,20,1784900924.621065,37.50514991989013,0.7385809109636072,37.141985198748756,True,37.5,36.5,38.6,0.95,0.05,0.0,0.7,0.03,2,1784900934.6556933,False,True,True,True,1784900937.3304777,0,False,0,0,False
1784849457.3002179,20,1784900944.6283221,37.49179827573053,0.7384473945220111,37.12863355458916,True,37.5,36.5,38.6,0.95,0.05,0.0,0.7,0.03,2,1784900954.6557283,False,True,True,True,1784900937.3304777,0,0,1,0,False
1784849457.3002179,20,1784900964.634569,37.48645761806668,0.7383520256351568,37.11795223926147,True,37.5,36.5,38.6,0.95,0.05,0.0,0.7,0.03,2,1784900974.6629622,False,True,True,False,1784900937.3304777,0,0,1,0,False
1784849457.3002179,20,1784900984.6415222,37.49713893339437,0.7384855420767529,37.10193026626993,True,37.5,36.5,38.6,0.95,0.05,0.0,0.7,0.03,2,1784900994.6700752,False,False,True,False,1784900937.3304777,0,0,1,0,False
1784849457.3002179,20,1784901004.6490405,37.507820248722055,0.7385046158541237,37.12329289692531,True,37.5,36.5,38.6,0.95,0.05,0.0,0.7,0.03,2,1784901014.6776578,False,False,True,False,1784900937.3304777,0,False,0,0,False
1784849457.3002179,20,1784901024.6567972,37.52384222171359,0.7386762798504616,37.14732585641261,True,37.5,36.5,38.6,0.95,0.05,0.0,0.7,0.03,2,1784901034.6853743,False,False,True,False,1784900937.3304777,0,False,0,0,False
1784849457.3002179,20,1784901044.6647537,37.49980926222629,0.7386762798504616,37.11795223926147,True,37.5,36.5,38.6,0.95,0.05,0.0,0.7,0.03,2,1784901054.6936533,False,True,True,False,1784900937.3304777,0,0,1,0,False
1784849457.3002179,20,1784901064.6716828,37.47844663157092,0.7385999847409781,37.10727092393378,True,37.5,36.5,38.6,0.95,0.05,0.0,0.7,0.03,2,1784901074.698637,False,True,True,False,1784900937.3304777,0,0,1,0,False
1784849457.3002179,20,1784901084.6785269,37.49980926222629,0.7384855420767529,37.12062256809338,True,37.5,36.5,38.6,0.95,0.05,0.0,0.7,0.03,2,1784901094.709766,False,True,True,False,1784900937.3304777,0,0,1,0,False
1784849457.3002179,20,1784901104.6855037,37.53719386587319,0.7386572060730907,37.14465552758068,True,37.5,36.5,38.6,0.95,0.05,0.0,0.7,0.03,2,1784901114.713959,False,False,True,True,1784901117.3304873,0,False,0,0,False
1784849457.3002179,20,1784901124.6921015,37.526512550545505,0.7384855420767529,37.12062256809338,True,37.5,36.5,38.6,0.95,0.05,0.0,0.7,0.03,2,1784901134.7211359,False,True,True,True,1784901117.3304873,0,False,0,0,False
1784849457.3002179,20,1784901144.6987987,37.49713893339437,0.7384283207446403,37.11261158159762,True,37.5,36.5,38.6,0.95,0.05,0.0,0.7,0.03,2,1784901154.726267,False,False,True,False,1784901117.3304873,0,0,1,0,False
1784849457.3002179,20,1784901164.7050507,37.49713893339437,0.7385046158541237,37.12329289692531,True,37.5,36.5,38.6,0.95,0.05,0.0,0.7,0.03,2,1784901174.7319276,False,True,True,False,1784901117.3304873,0,0,1,0,False
1784849457.3002179,20,1784901184.711387,37.48645761806668,0.7387335011825742,37.11795223926147,True,37.5,36.5,38.6,0.95,0.05,0.0,0.7,0.03,2,1784901194.7384365,False,True,True,False,1784901117.3304873,0,0,1,0,False
1784849457.3002179,20,1784901204.718005,37.52384222171359,0.7386762798504616,37.133974212252994,True,37.5,36.5,38.6,0.95,0.05,0.0,0.7,0.03,2,1784901214.7515175,False,False,True,False,1784901117.3304873,0,False,0,0,False
1784849457.3002179,20,1784901224.7243013,37.50247959105822,0.7385236896314946,37.14732585641261,True,37.5,36.5,38.6,0.95,0.05,0.0,0.7,0.03,2,1784901234.7607193,False,False,True,False,1784901117.3304873,0,False,0,0,False
1784849457.3002179,20,1784901244.731046,37.51049057755398,0.7388670176241703,37.12863355458916,True,37.5,36.5,38.6,0.95,0.05,0.0,0.7,0.03,2,1784901254.7695713,False,True,True,False,1784901117.3304873,0,False,0,0,False
1784849457.3002179,20,1784901264.737766,37.489127946898606,0.7384092469672694,37.10727092393378,True,37.5,36.5,38.6,0.95,0.05,0.0,0.7,0.03,2,1784901274.765985,False,True,True,False,1784901117.3304873,0,0,1,0,False
1784849457.3002179,20,1784901284.7441165,37.51049057755398,0.7386762798504616,37.12596322575723,True,37.5,36.5,38.6,0.95,0.05,0.0,0.7,0.03,2,1784901294.7715435,False,False,True,True,1784901297.3305144,0,False,0,0,False
1784849457.3002179,20,1784901304.7504902,37.47310597390707,0.7384283207446403,37.11795223926147,True,37.5,36.5,38.6,0.95,0.05,0.0,0.7,0.03,2,1784901314.7779503,False,True,True,True,1784901297.3305144,0,0,1,0,False
1784849457.3002179,20,1784901324.7566955,37.489127946898606,0.7386953536278323,37.07789730678263,True,37.5,36.5,38.6,0.95,0.05,0.0,0.7,0.03,2,1784901334.7841203,False,True,True,False,1784901297.3305144,0,0,1,0,False
1784849457.3002179,20,1784901344.7630036,37.47577630273899,0.7388670176241703,37.08056763561456,True,37.5,36.5,38.6,0.95,0.05,0.0,0.7,0.03,2,1784901354.7900124,False,False,True,False,1784901297.3305144,0,0,1,0,False
1784849457.3002179,20,1784901364.7692065,37.507820248722055,0.7384473945220111,37.10727092393378,True,37.5,36.5,38.6,0.95,0.05,0.0,0.7,0.03,2,1784901374.796613,False,True,True,False,1784901297.3305144,0,False,0,0,False
1784849457.3002179,20,1784901384.7762153,37.507820248722055,0.7385236896314946,37.14465552758068,True,37.5,36.5,38.6,0.95,0.05,0.0,0.7,0.03,2,1784901394.8055933,False,False,True,False,1784901297.3305144,0,False,0,0,False
1784849457.3002179,20,1784901404.7839248,37.51850156404974,0.7388479438467993,37.14465552758068,True,37.5,36.5,38.6,0.95,0.05,0.0,0.7,0.03,2,1784901414.8133,False,True,True,False,1784901297.3305144,0,False,0,0,False
1784849457.3002179,20,1784901424.7909777,37.49179827573053,0.7385618371862364,37.12062256809338,True,37.5,36.5,38.6,0.95,0.05,0.0,0.7,0.03,2,1784901434.8214326,False,False,True,False,1784901297.3305144,0,0,1,0,False
1784849457.3002179,20,1784901444.7974675,37.46776531624323,0.7383138780804149,37.11795223926147,True,37.5,36.5,38.6,0.95,0.05,0.0,0.7,0.03,2,1784901454.8255227,False,False,True,False,1784901297.3305144,0,0,1,0,False
1784849457.3002179,20,1784901464.8038383,37.489127946898606,0.7386572060730907,37.10193026626993,True,37.5,36.5,38.6,0.95,0.05,0.0,0.7,0.03,2,1784901474.831279,False,False,True,True,1784901477.330552,0,0,1,0,False
1784849457.3002179,20,1784901484.810141,37.47844663157092,0.7384664682993819,37.099259937438006,True,37.5,36.5,38.6,0.95,0.05,0.0,0.7,0.03,2,1784901494.8381305,False,True,True,True,1784901477.330552,0,0,1,0,False
1784849457.3002179,20,1784901504.817339,37.47844663157092,0.7384855420767529,37.11795223926147,True,37.5,36.5,38.6,0.95,0.05,0.0,0.7,0.03,2,1784901514.8455338,False,False,True,False,1784901477.330552,0,0,1,0,False
1784849457.3002179,20,1784901524.8242443,37.526512550545505,0.7387335011825742,37.13664454108492,True,37.5,36.5,38.6,0.95,0.05,0.0,0.7,0.03,2,1784901534.857493,False,False,True,False,1784901477.330552,0,False,0,0,False
1784849457.3002179,20,1784901544.8314533,37.54520485236897,0.7386381322957198,37.14465552758068,True,37.5,36.5,38.6,0.95,0.05,0.0,0.7,0.03,2,1784901554.8598893,False,False,True,False,1784901477.330552,0,False,0,0,False
1784849457.3002179,20,1784901564.8384924,37.52918287937743,0.7387525749599451,37.14999618524453,True,37.5,36.5,38.6,0.95,0.05,0.0,0.7,0.03,2,1784901574.865692,False,True,True,False,1784901477.330552,0,False,0,0,False
1784849457.3002179,20,1784901584.8448427,37.507820248722055,0.7385999847409781,37.14465552758068,True,37.5,36.5,38.6,0.95,0.05,0.0,0.7,0.03,2,1784901594.872252,False,True,True,False,1784901477.330552,0,False,0,0,False
1784849457.3002179,20,1784901604.8512335,37.48645761806668,0.7385618371862364,37.12329289692531,True,37.5,36.5,38.6,0.95,0.05,0.0,0.7,0.03,2,1784901614.8953211,False,False,True,False,1784901477.330552,0,0,1,0,False
1784849457.3002179,20,1784901624.8575659,37.470435645075156,0.7386190585183489,37.08857862211032,True,37.5,36.5,38.6,0.95,0.05,0.0,0.7,0.03,2,1784901634.885011,False,True,True,False,1784901477.330552,0,0,1,0,False
1784849457.3002179,20,1784901644.863861,37.47310597390707,0.7384473945220111,37.091248950942244,True,37.5,36.5,38.6,0.95,0.05,0.0,0.7,0.03,2,1784901654.891348,False,True,True,True,1784901657.3305547,0,0,1,0,False
1784849457.3002179,20,1784901664.8701432,37.46242465857938,0.7386190585183489,37.091248950942244,True,37.5,36.5,38.6,0.95,0.05,0.0,0.7,0.03,2,1784901674.8977935,False,False,True,True,1784901657.3305547,0,0,1,0,False
1784849457.3002179,20,1784901684.8769329,37.45708400091554,0.7384473945220111,37.099259937438006,True,37.5,36.5,38.6,0.95,0.05,0.0,0.7,0.03,2,1784901694.9078615,False,True,True,False,1784901657.3305547,0,0,1,0,False
1784849457.3002179,20,1784901704.8839324,37.49980926222629,0.7386190585183489,37.11795223926147,True,37.5,36.5,38.6,0.95,0.05,0.0,0.7,0.03,2,1784901714.917042,False,False,True,False,1784901657.3305547,0,0,1,0,False
1784849457.3002179,20,1784901724.8900583,37.531853208209355,0.7387907225146868,37.12596322575723,True,37.5,36.5,38.6,0.95,0.05,0.0,0.7,0.03,2,1784901734.9192204,False,False,True,False,1784901657.3305547,0,False,0,0,False
1784849457.3002179,20,1784901744.896435,37.513160906385906,0.7386190585183489,37.14999618524453,True,37.5,36.5,38.6,0.95,0.05,0.0,0.7,0.03,2,1784901754.9241593,False,False,True,False,1784901657.3305547,0,False,0,0,False
1784849457.3002179,20,1784901764.9033728,37.50247959105822,0.7386572060730907,37.14465552758068,True,37.5,36.5,38.6,0.95,0.05,0.0,0.7,0.03,2,1784901774.9323366,False,False,True,False,1784901657.3305547,0,False,0,0,False
1784849457.3002179,20,1784901784.9110696,37.470435645075156,0.7388860914015412,37.12863355458916,True,37.5,36.5,38.6,0.95,0.05,0.0,0.7,0.03,2,1784901794.9402254,False,True,True,False,1784901657.3305547,0,0,1,0,False
1784849457.3002179,20,1784901804.9187233,37.470435645075156,0.7388860914015412,37.11795223926147,True,37.5,36.5,38.6,0.95,0.05,0.0,0.7,0.03,2,1784901814.9464731,False,False,True,False,1784901657.3305547,0,0,1,0,False
1784849457.3002179,20,1784901824.9265924,37.49713893339437,0.7388860914015412,37.109941252765694,True,37.5,36.5,38.6,0.95,0.05,0.0,0.7,0.03,2,1784901834.9545329,False,True,True,True,1784901837.3305807,0,0,1,0,False
1784849457.3002179,20,1784901844.9341378,37.46776531624323,0.7386572060730907,37.096589608606095,True,37.5,36.5,38.6,0.95,0.05,0.0,0.7,0.03,2,1784901854.9655669,False,True,True,True,1784901837.3305807,0,0,1,0,False
1784849457.3002179,20,1784901864.9413102,37.489127946898606,0.7386572060730907,37.10727092393378,True,37.5,36.5,38.6,0.95,0.05,0.0,0.7,0.03,2,1784901874.9690878,False,False,True,False,1784901837.3305807,0,0,1,0,False
1784849457.3002179,20,1784901884.9478629,37.489127946898606,0.7386953536278323,37.12062256809338,True,37.5,36.5,38.6,0.95,0.05,0.0,0.7,0.03,2,1784901894.9765503,False,True,True,False,1784901837.3305807,0,0,1,0,False
1784849457.3002179,20,1784901904.9544318,37.54253452353704,0.7385809109636072,37.14999618524453,True,37.5,36.5,38.6,0.95,0.05,0.0,0.7,0.03,2,1784901914.9821389,False,True,True,False,1784901837.3305807,0,False,0,0,False
1784849457.3002179,20,1784901924.961056,37.53719386587319,0.7387525749599451,37.16868848706798,True,37.5,36.5,38.6,0.95,0.05,0.0,0.7,0.03,2,1784901934.9884968,False,False,True,False,1784901837.3305807,0,False,0,0,False
1784849457.3002179,20,1784901944.9681687,37.49713893339437,0.7386953536278323,37.16067750057222,True,37.5,36.5,38.6,0.95,0.05,0.0,0.7,0.03,2,1784901954.9996657,False,True,True,False,1784901837.3305807,0,0,1,0,False
1784849457.3002179,20,1784901964.9757972,37.50247959105822,0.7387716487373158,37.12863355458916,True,37.5,36.5,38.6,0.95,0.05,0.0,0.7,0.03,2,1784901975.0027137,False,True,True,False,1784901837.3305807,0,False,0,0,False
1784849457.3002179,20,1784901984.9820786,37.481116960402844,0.7388288700694285,37.11795223926147,True,37.5,36.5,38.6,0.95,0.05,0.0,0.7,0.03,2,1784901995.0094967,False,False,True,False,1784901837.3305807,0,0,1,0,False
1784849457.3002179,20,1784902004.9888804,37.49179827573053,0.7388670176241703,37.12863355458916,True,37.5,36.5,38.6,0.95,0.05,0.0,0.7,0.03,2,1784902015.017661,False,True,True,True,1784902017.330616,0,0,1,0,False
1784849457.3002179,20,1784902024.9958906,37.47577630273899,0.7385809109636072,37.12062256809338,True,37.5,36.5,38.6,0.95,0.05,0.0,0.7,0.03,2,1784902035.023491,False,True,True,True,1784902017.330616,0,0,1,0,False
1784849457.3002179,20,1784902045.0022302,37.47310597390707,0.7389433127336538,37.11795223926147,True,37.5,36.5,38.6,0.95,0.05,0.0,0.7,0.03,2,1784902055.0293064,False,False,True,False,1784902017.330616,0,0,1,0,False
1784849457.3002179,20,1784902065.0085049,37.489127946898606,0.7387716487373158,37.12863355458916,True,37.5,36.5,38.6,0.95,0.05,0.0,0.7,0.03,2,1784902075.035946,False,True,True,False,1784902017.330616,0,0,1,0,False
1784849457.3002179,20,1784902085.0148077,37.531853208209355,0.7388670176241703,37.141985198748756,True,37.5,36.5,38.6,0.95,0.05,0.0,0.7,0.03,2,1784902095.0422173,False,False,True,False,1784902017.330616,0,False,0,0,False
1784849457.3002179,20,1784902105.0211184,37.54253452353704,0.7387335011825742,37.17135881589991,True,37.5,36.5,38.6,0.95,0.05,0.0,0.7,0.03,2,1784902115.048604,False,True,True,False,1784902017.330616,0,False,0,0,False
1784849457.3002179,20,1784902125.0276558,37.50514991989013,0.7385999847409781,37.13664454108492,True,37.5,36.5,38.6,0.95,0.05,0.0,0.7,0.03,2,1784902135.0554125,False,True,True,False,1784902017.330616,0,False,0,0,False
1784849457.3002179,20,1784902145.034338,37.48645761806668,0.7387716487373158,37.11261158159762,True,37.5,36.5,38.6,0.95,0.05,0.0,0.7,0.03,2,1784902155.0618289,False,True,True,False,1784902017.330616,0,0,1,0,False
1784849457.3002179,20,1784902165.0405378,37.47577630273899,0.7387525749599451,37.08056763561456,True,37.5,36.5,38.6,0.95,0.05,0.0,0.7,0.03,2,1784902175.0678074,False,False,True,False,1784902017.330616,0,0,1,0,False
1784849457.3002179,20,1784902185.0467796,37.470435645075156,0.7390005340657663,37.08056763561456,True,37.5,36.5,38.6,0.95,0.05,0.0,0.7,0.03,2,1784902195.0876746,False,True,True,True,1784902197.330647,0,0,1,0,False
1784849457.3002179,20,1784902205.0533333,37.465094987411305,0.739057755397879,37.11261158159762,True,37.5,36.5,38.6,0.95,0.05,0.0,0.7,0.03,2,1784902215.091364,False,True,True,True,1784902197.330647,0,0,1,0,False
1784849457.3002179,20,1784902225.0599039,37.470435645075156,0.7385236896314946,37.109941252765694,True,37.5,36.5,38.6,0.95,0.05,0.0,0.7,0.03,2,1784902235.0874658,False,True,True,False,1784902197.330647,0,0,1,0,False
1784849457.3002179,20,1784902245.0662923,37.49980926222629,0.7387907225146868,37.139314869916845,True,37.5,36.5,38.6,0.95,0.05,0.0,0.7,0.03,2,1784902255.0937626,False,False,True,False,1784902197.330647,0,0,1,0,False
1784849457.3002179,20,1784902265.0724623,37.53719386587319,0.7388860914015412,37.14465552758068,True,37.5,36.5,38.6,0.95,0.05,0.0,0.7,0.03,2,1784902275.099817,False,True,True,False,1784902197.330647,0,False,0,0,False
1784849457.3002179,20,1784902285.0788176,37.526512550545505,0.7387716487373158,37.14732585641261,True,37.5,36.5,38.6,0.95,0.05,0.0,0.7,0.03,2,1784902295.1063714,False,False,True,False,1784902197.330647,0,False,0,0,False
1784849457.3002179,20,1784902305.0857596,37.531853208209355,0.738905165178912,37.15533684290837,True,37.5,36.5,38.6,0.95,0.05,0.0,0.7,0.03,2,1784902315.1134868,False,True,True,False,1784902197.330647,0,False,0,0,False
1784849457.3002179,20,1784902325.0934603,37.49980926222629,0.7391531242847332,37.141985198748756,True,37.5,36.5,38.6,0.95,0.05,0.0,0.7,0.03,2,1784902335.121512,False,False,True,False,1784902197.330647,0,0,1,0,False
1784849457.3002179,20,1784902345.1003706,37.470435645075156,0.7390386816205081,37.10727092393378,True,37.5,36.5,38.6,0.95,0.05,0.0,0.7,0.03,2,1784902355.127914,False,False,True,False,1784902197.330647,0,0,1,0,False
1784849457.3002179,20,1784902365.106806,37.48645761806668,0.7388860914015412,37.11795223926147,True,37.5,36.5,38.6,0.95,0.05,0.0,0.7,0.03,2,1784902375.135935,False,True,True,True,1784902377.3306837,0,0,1,0,False
1784849457.3002179,20,1784902385.113138,37.48645761806668,0.7391340505073625,37.11795223926147,True,37.5,36.5,38.6,0.95,0.05,0.0,0.7,0.03,2,1784902395.143897,False,True,True,True,1784902377.3306837,0,0,1,0,False
1784849457.3002179,20,1784902405.120002,37.481116960402844,0.7386190585183489,37.11795223926147,True,37.5,36.5,38.6,0.95,0.05,0.0,0.7,0.03,2,1784902415.148516,False,False,True,False,1784902377.3306837,0,0,1,0,False
1784849457.3002179,20,1784902425.1269133,37.507820248722055,0.7389242389562828,37.14732585641261,True,37.5,36.5,38.6,0.95,0.05,0.0,0.7,0.03,2,1784902435.1544118,False,False,True,False,1784902377.3306837,0,False,0,0,False
1784849457.3002179,20,1784902445.1332223,37.56389715419242,0.739057755397879,37.133974212252994,True,37.5,36.5,38.6,0.95,0.05,0.0,0.7,0.03,2,1784902455.160638,False,False,True,False,1784902377.3306837,0,False,0,0,False
1784849457.3002179,20,1784902465.1396635,37.53719386587319,0.739057755397879,37.14465552758068,True,37.5,36.5,38.6,0.95,0.05,0.0,0.7,0.03,2,1784902475.1671324,False,False,True,False,1784902377.3306837,0,False,0,0,False
1784849457.3002179,20,1784902485.1461313,37.51049057755398,0.7390196078431372,37.17402914473182,True,37.5,36.5,38.6,0.95,0.05,0.0,0.7,0.03,2,1784902495.1753733,False,False,True,False,1784902377.3306837,0,False,0,0,False
1784849457.3002179,20,1784902505.1524274,37.51049057755398,0.7386953536278323,37.12863355458916,True,37.5,36.5,38.6,0.95,0.05,0.0,0.7,0.03,2,1784902515.179851,False,False,True,False,1784902377.3306837,0,False,0,0,False
1784849457.3002179,20,1784902525.1594167,37.46242465857938,0.7387335011825742,37.08857862211032,True,37.5,36.5,38.6,0.95,0.05,0.0,0.7,0.03,2,1784902535.1882262,False,True,True,False,1784902377.3306837,0,0,1,0,False
1784849457.3002179,20,1784902545.1670527,37.427710383764406,0.738905165178912,37.053864347295345,True,37.5,36.5,38.6,0.95,0.05,0.0,0.7,0.03,2,1784902555.1955125,False,True,True,True,1784902557.3306973,0,0,1,0,False
1784849457.3002179,20,1784902565.1744561,37.465094987411305,0.7389814602883955,37.08056763561456,True,37.5,36.5,38.6,0.95,0.05,0.0,0.7,0.03,2,1784902575.2024527,False,False,True,True,1784902557.3306973,0,0,1,0,False
1784849457.3002179,20,1784902585.1819286,37.470435645075156,0.7388860914015412,37.08056763561456,True,37.5,36.5,38.6,0.95,0.05,0.0,0.7,0.03,2,1784902595.2125802,False,False,True,False,1784902557.3306973,0,0,1,0,False
1784849457.3002179,20,1784902605.1894202,37.45975432974747,0.7388860914015412,37.11795223926147,True,37.5,36.5,38.6,0.95,0.05,0.0,0.7,0.03,2,1784902615.2228646,False,False,True,False,1784902557.3306973,0,0,1,0,False
1784849457.3002179,20,1784902625.196613,37.49713893339437,0.7390196078431372,37.115281910429545,True,37.5,36.5,38.6,0.95,0.05,0.0,0.7,0.03,2,1784902635.223737,False,False,True,False,1784902557.3306973,0,0,1,0,False
1784849457.3002179,20,1784902645.2029166,37.54253452353704,0.738905165178912,37.133974212252994,True,37.5,36.5,38.6,0.95,0.05,0.0,0.7,0.03,2,1784902655.230335,False,False,True,False,1784902557.3306973,0,False,0,0,False
1784849457.3002179,20,1784902665.2092144,37.54787518120088,0.7390386816205081,37.15533684290837,True,37.5,36.5,38.6,0.95,0.05,0.0,0.7,0.03,2,1784902675.2366254,False,True,True,False,1784902557.3306973,0,False,0,0,False
1784849457.3002179,20,1784902685.2155824,37.531853208209355,0.7386762798504616,37.152666514076444,True,37.5,36.5,38.6,0.95,0.05,0.0,0.7,0.03,2,1784902695.2428708,False,False,True,False,1784902557.3306973,0,False,0,0,False
1784849457.3002179,20,1784902705.2219644,37.51049057755398,0.7390959029526207,37.11795223926147,True,37.5,36.5,38.6,0.95,0.05,0.0,0.7,0.03,2,1784902715.2508917,False,True,True,False,1784902557.3306973,0,False,0,0,False
1784849457.3002179,20,1784902725.2283428,37.46776531624323,0.7387907225146868,37.099259937438006,True,37.5,36.5,38.6,0.95,0.05,0.0,0.7,0.03,2,1784902735.2586813,False,True,True,True,1784902737.330733,0,0,1,0,False
1784849457.3002179,20,1784902745.2349386,37.44907301441978,0.7387716487373158,37.08056763561456,True,37.5,36.5,38.6,0.95,0.05,0.0,0.7,0.03,2,1784902755.262781,False,False,True,True,1784902737.330733,0,0,1,0,False
1784849457.3002179,20,1784902765.2413216,37.44907301441978,0.7386953536278323,37.08590829327841,True,37.5,36.5,38.6,0.95,0.05,0.0,0.7,0.03,2,1784902775.2701588,False,True,True,False,1784902737.330733,0,0,1,0,False
1784849457.3002179,20,1784902785.2477012,37.465094987411305,0.7391912718394751,37.08056763561456,True,37.5,36.5,38.6,0.95,0.05,0.0,0.7,0.03,2,1784902795.2760262,False,False,True,False,1784902737.330733,0,0,1,0,False
1784849457.3002179,20,1784902805.2546656,37.49713893339437,0.7388288700694285,37.11261158159762,True,37.5,36.5,38.6,0.95,0.05,0.0,0.7,0.03,2,1784902815.2832186,False,False,True,False,1784902737.330733,0,0,1,0,False
1784849457.3002179,20,1784902825.262616,37.52384222171359,0.7391149767299916,37.12062256809338,True,37.5,36.5,38.6,0.95,0.05,0.0,0.7,0.03,2,1784902835.2912574,False,False,True,False,1784902737.330733,0,False,0,0,False
1784849457.3002179,20,1784902845.2696679,37.53719386587319,0.7391340505073625,37.16601815823606,True,37.5,36.5,38.6,0.95,0.05,0.0,0.7,0.03,2,1784902855.2988424,False,True,True,False,1784902737.330733,0,False,0,0,False
1784849457.3002179,20,1784902865.2761269,37.56389715419242,0.7392294193942167,37.14465552758068,True,37.5,36.5,38.6,0.95,0.05,0.0,0.7,0.03,2,1784902875.3035111,False,False,True,False,1784902737.330733,0,False,0,0,False
1784849457.3002179,20,1784902885.2825243,37.49980926222629,0.7390005340657663,37.14732585641261,True,37.5,36.5,38.6,0.95,0.05,0.0,0.7,0.03,2,1784902895.310288,False,False,True,False,1784902737.330733,0,0,1,0,False
1784849457.3002179,20,1784902905.2893803,37.49980926222629,0.7389623865110246,37.12329289692531,True,37.5,36.5,38.6,0.95,0.05,0.0,0.7,0.03,2,1784902915.317425,False,True,True,True,1784902917.3307676,0,0,1,0,False
1784849457.3002179,20,1784902925.2962966,37.51583123521782,0.7390196078431372,37.13130388342107,True,37.5,36.5,38.6,0.95,0.05,0.0,0.7,0.03,2,1784902935.3232706,False,True,True,True,1784902917.3307676,0,False,0,0,False
1784849457.3002179,20,1784902945.3025966,37.48645761806668,0.7390005340657663,37.12863355458916,True,37.5,36.5,38.6,0.95,0.05,0.0,0.7,0.03,2,1784902955.3300438,True,True,True,False,1784902917.3307676,0,0,1,0,False
1784849457.3002179,20,1784902965.3087995,37.51850156404974,0.7389623865110246,37.12863355458916,True,37.5,36.5,38.6,0.95,0.05,0.0,0.7,0.03,2,1784902975.3387341,True,False,True,False,1784902917.3307676,0,False,0,0,False
1784849457.3002179,20,1784902985.3153334,37.51850156404974,0.7390386816205081,37.12329289692531,True,37.5,36.5,38.6,0.95,0.05,0.0,0.7,0.03,2,1784902995.342362,True,False,True,False,1784902917.3307676,0,False,0,0,False
1784849457.3002179,20,1784903005.3219597,37.507820248722055,0.7391340505073625,37.10727092393378,True,37.5,36.5,38.6,0.95,0.05,0.0,0.7,0.03,2,1784903015.3582327,True,True,True,False,1784902917.3307676,0,False,0,0,False
1784849457.3002179,20,1784903025.3294487,37.507820248722055,0.7390768291752497,37.08323796444648,True,37.5,36.5,38.6,0.95,0.05,0.0,0.7,0.03,2,1784903035.3583372,True,True,True,False,1784902917.3307676,0,False,0,0,False
1784849457.3002179,20,1784903045.336894,37.47310597390707,0.7390768291752497,37.091248950942244,True,37.5,36.5,38.6,0.95,0.05,0.0,0.7,0.03,2,1784903055.364292,True,True,True,False,1784902917.3307676,0,0,1,0,False
1784849457.3002179,20,1784903065.3431027,37.45708400091554,0.7388479438467993,37.05920500495918,True,37.5,36.5,38.6,0.95,0.05,0.0,0.7,0.03,2,1784903075.3706887,True,True,True,False,1784902917.3307676,0,0,1,0,False
1784849457.3002179,20,1784903085.3493855,37.46242465857938,0.7390959029526207,37.04585336079957,True,37.5,36.5,38.6,0.95,0.05,0.0,0.7,0.03,2,1784903095.3769405,True,True,True,True,1784903097.3309996,0,0,1,0,False
1784849457.3002179,20,1784903105.35626,37.47310597390707,0.7391912718394751,37.053864347295345,True,37.5,36.5,38.6,0.95,0.05,0.0,0.7,0.03,2,1784903115.385276,True,True,True,True,1784903097.3309996,0,0,1,0,False
1784849457.3002179,20,1784903125.364138,37.483787289234755,0.7390386816205081,37.067215991454944,True,37.5,36.5,38.6,0.95,0.05,0.0,0.7,0.03,2,1784903135.3923857,True,True,True,False,1784903097.3309996,0,0,1,0,False
1784849457.3002179,20,1784903145.3718092,37.48645761806668,0.7389623865110246,37.08056763561456,True,37.5,36.5,38.6,0.95,0.05,0.0,0.7,0.03,2,1784903155.4001951,True,True,True,False,1784903097.3309996,0,0,1,0,False
1784849457.3002179,20,1784903165.3792896,37.550545510032805,0.7391340505073625,37.10193026626993,True,37.5,36.5,38.6,0.95,0.05,0.0,0.7,0.03,2,1784903175.4084036,True,True,True,False,1784903097.3309996,0,False,0,0,False
1784849457.3002179,20,1784903185.3856854,37.58793011367972,0.7392866407263294,37.11261158159762,True,37.5,36.5,38.6,0.95,0.05,0.0,0.7,0.03,2,1784903195.4133394,True,True,True,False,1784903097.3309996,0,False,0,0,False
1784849457.3002179,20,1784903205.393861,37.555886167696656,0.7394773785000381,37.091248950942244,True,37.5,36.5,38.6,0.95,0.05,0.0,0.7,0.03,2,1784903215.4236379,True,False,True,False,1784903097.3309996,0,False,0,0,False
1784849457.3002179,20,1784903225.4031143,37.53452353704128,0.7392675669489586,37.08857862211032,True,37.5,36.5,38.6,0.95,0.05,0.0,0.7,0.03,2,1784903235.4359188,True,True,True,False,1784903097.3309996,0,False,0,0,False
1784849457.3002179,20,1784903245.4122155,37.49980926222629,0.7392675669489586,37.06988632028687,True,37.5,36.5,38.6,0.95,0.05,0.0,0.7,0.03,2,1784903255.4472935,True,True,True,False,1784903097.3309996,0,0,1,0,False
1784849457.3002179,20,1784903265.4205441,37.49446860456244,0.7390768291752497,37.04318303196766,True,37.5,36.5,38.6,0.95,0.05,0.0,0.7,0.03,2,1784903275.450455,True,False,True,True,1784903277.3310373,0,0,1,0,False
1784849457.3002179,20,1784903285.428873,37.45708400091554,0.7390768291752497,37.04585336079957,True,37.5,36.5,38.6,0.95,0.05,0.0,0.7,0.03,2,1784903295.457035,True,True,True,True,1784903277.3310373,0,0,1,0,False
1784849457.3002179,20,1784903305.4358456,37.47310597390707,0.7390005340657663,37.04318303196766,True,37.5,36.5,38.6,0.95,0.05,0.0,0.7,0.03,2,1784903315.46284,True,True,True,False,1784903277.3310373,0,0,1,0,False
1784849457.3002179,20,1784903325.4420354,37.489127946898606,0.7390386816205081,37.04585336079957,True,37.5,36.5,38.6,0.95,0.05,0.0,0.7,0.03,2,1784903335.469553,True,True,True,False,1784903277.3310373,0,0,1,0,False
1784849457.3002179,20,1784903345.4483724,37.48645761806668,0.7390768291752497,37.06454566262303,True,37.5,36.5,38.6,0.95,0.05,0.0,0.7,0.03,2,1784903355.4758565,True,False,True,False,1784903277.3310373,0,0,1,0,False
1784849457.3002179,20,1784903365.4546206,37.53452353704128,0.7391340505073625,37.06454566262303,True,37.5,36.5,38.6,0.95,0.05,0.0,0.7,0.03,2,1784903375.4820752,True,False,True,False,1784903277.3310373,0,False,0,0,False
1784849457.3002179,20,1784903385.460967,37.56122682536049,0.7392675669489586,37.10193026626993,True,37.5,36.5,38.6,0.95,0.05,0.0,0.7,0.03,2,1784903395.4884353,True,True,True,False,1784903277.3310373,0,False,0,0,False
1784849457.3002179,20,1784903405.4674525,37.53986419470512,0.7390768291752497,37.091248950942244,True,37.5,36.5,38.6,0.95,0.05,0.0,0.7,0.03,2,1784903415.494899,True,True,True,False,1784903277.3310373,0,False,0,0,False
1784849457.3002179,20,1784903425.4738178,37.52918287937743,0.7392675669489586,37.09391927977417,True,37.5,36.5,38.6,0.95,0.05,0.0,0.7,0.03,2,1784903435.5012248,True,False,True,False,1784903277.3310373,0,False,0,0,False
1784849457.3002179,20,1784903445.4801712,37.52117189288167,0.7389623865110246,37.08590829327841,True,37.5,36.5,38.6,0.95,0.05,0.0,0.7,0.03,2,1784903455.5076256,True,False,True,True,1784903457.331069,0,False,0,0,False
1784849457.3002179,20,1784903465.4865856,37.46776531624323,0.7391149767299916,37.05920500495918,True,37.5,36.5,38.6,0.95,0.05,0.0,0.7,0.03,2,1784903475.5139878,True,True,True,True,1784903457.331069,0,0,1,0,False
1784849457.3002179,20,1784903485.4934714,37.446402685587856,0.7391721980621042,37.04585336079957,True,37.5,36.5,38.6,0.95,0.05,0.0,0.7,0.03,2,1784903495.5214407,True,True,True,False,1784903457.331069,0,0,1,0,False
1784849457.3002179,20,1784903505.5003335,37.446402685587856,0.738905165178912,37.03250171663997,True,37.5,36.5,38.6,0.95,0.05,0.0,0.7,0.03,2,1784903515.5279922,True,False,True,False,1784903457.331069,0,0,1,0,False
1784849457.3002179,20,1784903525.5072007,37.489127946898606,0.7390386816205081,37.05119401846342,True,37.5,36.5,38.6,0.95,0.05,0.0,0.7,0.03,2,1784903535.5409162,True,True,True,False,1784903457.331069,0,0,1,0,False
1784849457.3002179,20,1784903545.5141778,37.507820248722055,0.7394201571679255,37.06988632028687,True,37.5,36.5,38.6,0.95,0.05,0.0,0.7,0.03,2,1784903555.5425656,True,False,True,False,1784903457.331069,0,False,0,0,False
1784849457.3002179,20,1784903565.521178,37.53452353704128,0.7390005340657663,37.053864347295345,True,37.5,36.5,38.6,0.95,0.05,0.0,0.7,0.03,2,1784903575.55142,True,False,True,False,1784903457.331069,0,False,0,0,False
1784849457.3002179,20,1784903585.5288765,37.52384222171359,0.7393629358358129,37.08056763561456,True,37.5,36.5,38.6,0.95,0.05,0.0,0.7,0.03,2,1784903595.5575392,True,True,True,False,1784903457.331069,0,False,0,0,False
1784849457.3002179,20,1784903605.5366635,37.51850156404974,0.7393247882810712,37.053864347295345,True,37.5,36.5,38.6,0.95,0.05,0.0,0.7,0.03,2,1784903615.565232,True,False,True,False,1784903457.331069,0,False,0,0,False
1784849457.3002179,20,1784903625.5443273,37.465094987411305,0.7391149767299916,37.05653467612726,True,37.5,36.5,38.6,0.95,0.05,0.0,0.7,0.03,2,1784903635.5720615,True,True,True,True,1784903637.331109,0,0,1,0,False
1784849457.3002179,20,1784903645.551882,37.446402685587856,0.7390959029526207,37.01647974364843,True,37.5,36.5,38.6,0.95,0.05,0.0,0.7,0.03,2,1784903655.5801258,True,False,True,True,1784903637.331109,0,0,1,0,False
1784849457.3002179,20,1784903665.5590854,37.46242465857938,0.7391531242847332,37.011139085984595,True,37.5,36.5,38.6,0.95,0.05,0.0,0.7,0.03,2,1784903675.5871744,True,True,True,False,1784903637.331109,0,0,1,0,False
1784849457.3002179,20,1784903685.5653427,37.483787289234755,0.7390386816205081,37.04585336079957,True,37.5,36.5,38.6,0.95,0.05,0.0,0.7,0.03,2,1784903695.5925388,True,True,True,False,1784903637.331109,0,0,1,0,False
1784849457.3002179,20,1784903705.571526,37.49980926222629,0.7394010833905547,37.053864347295345,True,37.5,36.5,38.6,0.95,0.05,0.0,0.7,0.03,2,1784903715.6015794,True,False,True,False,1784903637.331109,0,0,1,0,False
1784849457.3002179,20,1784903725.5779457,37.52117189288167,0.738905165178912,37.04051270313573,True,37.5,36.5,38.6,0.95,0.05,0.0,0.7,0.03,2,1784903735.6073375,True,False,True,False,1784903637.331109,0,False,0,0,False
1784849457.3002179,20,1784903745.5843732,37.550545510032805,0.7395536736095216,37.07522697795072,True,37.5,36.5,38.6,0.95,0.05,0.0,0.7,0.03,2,1784903755.6120079,True,False,True,False,1784903637.331109,0,False,0,0,False
1784849457.3002179,20,1784903765.590983,37.513160906385906,0.7392484931715877,37.08590829327841,True,37.5,36.5,38.6,0.95,0.05,0.0,0.7,0.03,2,1784903775.6183891,True,True,True,False,1784903637.331109,0,False,0,0,False
1784849457.3002179,20,1784903785.5973165,37.49713893339437,0.739057755397879,37.04318303196766,True,37.5,36.5,38.6,0.95,0.05,0.0,0.7,0.03,2,1784903795.6247547,True,False,True,False,1784903637.331109,0,0,1,0,False
1784849457.3002179,20,1784903805.603577,37.49713893339437,0.739210345616846,37.05920500495918,True,37.5,36.5,38.6,0.95,0.05,0.0,0.7,0.03,2,1784903815.6338687,True,True,True,True,1784903817.3311255,0,0,1,0,False
1784849457.3002179,20,1784903825.6099544,37.470435645075156,0.7391149767299916,37.04585336079957,True,37.5,36.5,38.6,0.95,0.05,0.0,0.7,0.03,2,1784903835.6370373,True,False,True,True,1784903817.3311255,0,0,1,0,False
1784849457.3002179,20,1784903845.6162775,37.483787289234755,0.7391340505073625,37.04318303196766,True,37.5,36.5,38.6,0.95,0.05,0.0,0.7,0.03,2,1784903855.6451561,True,True,True,False,1784903817.3311255,0,0,1,0,False
1784849457.3002179,20,1784903865.6224933,37.49980926222629,0.739057755397879,37.053864347295345,True,37.5,36.5,38.6,0.95,0.05,0.0,0.7,0.03,2,1784903875.650743,True,True,True,False,1784903817.3311255,0,0,1,0,False
1784849457.3002179,20,1784903885.6294794,37.55855649652857,0.7394773785000381,37.067215991454944,True,37.5,36.5,38.6,0.95,0.05,0.0,0.7,0.03,2,1784903895.6579962,True,True,True,False,1784903817.3311255,0,False,0,0,False
1784849457.3002179,20,1784903905.6371226,37.55321583886473,0.7391721980621042,37.053864347295345,True,37.5,36.5,38.6,0.95,0.05,0.0,0.7,0.03,2,1784903915.6654143,True,False,True,False,1784903817.3311255,0,False,0,0,False
1784849457.3002179,20,1784903925.6447833,37.53719386587319,0.7395536736095216,37.05653467612726,True,37.5,36.5,38.6,0.95,0.05,0.0,0.7,0.03,2,1784903935.6721752,True,False,True,False,1784903817.3311255,0,False,0,0,False
1784849457.3002179,20,1784903945.6517825,37.48645761806668,0.7394392309452964,37.048523689631494,True,37.5,36.5,38.6,0.95,0.05,0.0,0.7,0.03,2,1784903955.6792262,True,True,True,False,1784903817.3311255,0,0,1,0,False
1784849457.3002179,20,1784903965.6580222,37.470435645075156,0.7391912718394751,37.02716105897612,True,37.5,36.5,38.6,0.95,0.05,0.0,0.7,0.03,2,1784903975.6880243,True,False,True,False,1784903817.3311255,0,0,1,0,False
1784849457.3002179,20,1784903985.664835,37.49713893339437,0.739210345616846,37.02182040131228,True,37.5,36.5,38.6,0.95,0.05,0.0,0.7,0.03,2,1784903995.696346,True,False,True,True,1784903997.3311343,0,0,1,0,False
1784849457.3002179,20,1784904005.6718762,37.49179827573053,0.7393057145037002,37.01647974364843,True,37.5,36.5,38.6,0.95,0.05,0.0,0.7,0.03,2,1784904015.714343,True,False,True,True,1784903997.3311343,0,0,1,0,False
1784849457.3002179,20,1784904025.6780732,37.470435645075156,0.7388670176241703,37.01915007248036,True,37.5,36.5,38.6,0.95,0.05,0.0,0.7,0.03,2,1784904035.7051454,True,False,True,False,1784903997.3311343,0,0,1,0,False
1784849457.3002179,20,1784904045.6843219,37.51049057755398,0.7391912718394751,37.053864347295345,True,37.5,36.5,38.6,0.95,0.05,0.0,0.7,0.03,2,1784904055.7117867,True,False,True,False,1784903997.3311343,0,False,0,0,False
1784849457.3002179,20,1784904065.6906588,37.531853208209355,0.7393057145037002,37.06454566262303,True,37.5,36.5,38.6,0.95,0.05,0.0,0.7,0.03,2,1784904075.718391,True,False,True,False,1784903997.3311343,0,False,0,0,False
1784849457.3002179,20,1784904085.697275,37.526512550545505,0.7392294193942167,37.067215991454944,True,37.5,36.5,38.6,0.95,0.05,0.0,0.7,0.03,2,1784904095.7247307,True,True,True,False,1784903997.3311343,0,False,0,0,False
1784849457.3002179,20,1784904105.7037017,37.49980926222629,0.7390959029526207,37.04318303196766,True,37.5,36.5,38.6,0.95,0.05,0.0,0.7,0.03,2,1784904115.7312076,True,True,True,False,1784903997.3311343,0,0,1,0,False
1784849457.3002179,20,1784904125.7104821,37.47310597390707,0.7390196078431372,37.04051270313573,True,37.5,36.5,38.6,0.95,0.05,0.0,0.7,0.03,2,1784904135.7383747,True,True,True,False,1784903997.3311343,0,0,1,0,False
1784849457.3002179,20,1784904145.7180252,37.47577630273899,0.7391340505073625,37.04318303196766,True,37.5,36.5,38.6,0.95,0.05,0.0,0.7,0.03,2,1784904155.7488766,True,True,True,False,1784903997.3311343,0,0,1,0,False
1784849457.3002179,20,1784904165.7253215,37.507820248722055,0.7393629358358129,37.03250171663997,True,37.5,36.5,38.6,0.95,0.05,0.0,0.7,0.03,2,1784904175.7528193,True,True,True,True,1784904177.33117,0,False,0,0,False
1784849457.3002179,20,1784904185.7317305,37.49713893339437,0.7394773785000381,37.02182040131228,True,37.5,36.5,38.6,0.95,0.05,0.0,0.7,0.03,2,1784904195.7641444,True,True,True,True,1784904177.33117,0,0,1,0,False
1784849457.3002179,20,1784904205.7379425,37.49713893339437,0.739057755397879,37.03250171663997,True,37.5,36.5,38.6,0.95,0.05,0.0,0.7,0.03,2,1784904215.7673256,True,True,True,False,1784904177.33117,0,0,1,0,False
1784849457.3002179,20,1784904225.744332,37.52384222171359,0.739343862058442,37.06187533379111,True,37.5,36.5,38.6,0.95,0.05,0.0,0.7,0.03,2,1784904235.7717533,True,True,True,False,1784904177.33117,0,False,0,0,False
1784849457.3002179,20,1784904245.7507038,37.526512550545505,0.739343862058442,37.053864347295345,True,37.5,36.5,38.6,0.95,0.05,0.0,0.7,0.03,2,1784904255.7782624,True,True,True,False,1784904177.33117,0,False,0,0,False
1784849457.3002179,20,1784904265.7570598,37.49980926222629,0.739210345616846,37.03784237430381,True,37.5,36.5,38.6,0.95,0.05,0.0,0.7,0.03,2,1784904275.7838907,True,True,True,False,1784904177.33117,0,0,1,0,False
1784849457.3002179,20,1784904285.7633393,37.483787289234755,0.7391340505073625,37.024490730144194,True,37.5,36.5,38.6,0.95,0.05,0.0,0.7,0.03,2,1784904295.7906656,True,True,True,False,1784904177.33117,0,0,1,0,False
1784849457.3002179,20,1784904305.7694938,37.46242465857938,0.7391912718394751,37.02182040131228,True,37.5,36.5,38.6,0.95,0.05,0.0,0.7,0.03,2,1784904315.796956,True,False,True,False,1784904177.33117,0,0,1,0,False
1784849457.3002179,20,1784904325.7757912,37.47310597390707,0.7391912718394751,37.029831387808045,True,37.5,36.5,38.6,0.95,0.05,0.0,0.7,0.03,2,1784904335.80348,True,False,True,False,1784904177.33117,0,0,1,0,False
1784849457.3002179,20,1784904345.7822921,37.48645761806668,0.7395536736095216,37.00045777065691,True,37.5,36.5,38.6,0.95,0.05,0.0,0.7,0.03,2,1784904355.812544,True,True,True,True,1784904357.3311894,0,0,1,0,False
1784849457.3002179,20,1784904365.7892978,37.513160906385906,0.7394583047226672,37.01647974364843,True,37.5,36.5,38.6,0.95,0.05,0.0,0.7,0.03,2,1784904375.8180854,True,False,True,True,1784904357.3311894,0,False,0,0,False
1784849457.3002179,20,1784904385.7964306,37.52384222171359,0.7395918211642634,37.03250171663997,True,37.5,36.5,38.6,0.95,0.05,0.0,0.7,0.03,2,1784904395.8238964,True,True,True,False,1784904357.3311894,0,False,0,0,False
1784849457.3002179,20,1784904405.80365,37.507820248722055,0.7396108949416341,37.02716105897612,True,37.5,36.5,38.6,0.95,0.05,0.0,0.7,0.03,2,1784904415.8313725,True,True,True,False,1784904357.3311894,0,False,0,0,False
1784849457.3002179,20,1784904425.8108182,37.49713893339437,0.7395155260547799,37.04585336079957,True,37.5,36.5,38.6,0.95,0.05,0.0,0.7,0.03,2,1784904435.838705,True,False,True,False,1784904357.3311894,0,0,1,0,False
1784849457.3002179,20,1784904445.8173234,37.47310597390707,0.7390768291752497,37.03784237430381,True,37.5,36.5,38.6,0.95,0.05,0.0,0.7,0.03,2,1784904455.8465552,True,False,True,False,1784904357.3311894,0,0,1,0,False
1784849457.3002179,20,1784904465.8237495,37.49980926222629,0.7393247882810712,37.03250171663997,True,37.5,36.5,38.6,0.95,0.05,0.0,0.7,0.03,2,1784904475.8509085,True,False,True,False,1784904357.3311894,0,0,1,0,False
1784849457.3002179,20,1784904485.8300104,37.49980926222629,0.7395918211642634,36.99778744182498,True,37.5,36.5,38.6,0.95,0.05,0.0,0.7,0.03,2,1784904495.8575006,True,True,True,False,1784904357.3311894,0,0,1,0,False
1784849457.3002179,20,1784904505.8361862,37.489127946898606,0.7394583047226672,37.005798428320745,True,37.5,36.5,38.6,0.95,0.05,0.0,0.7,0.03,2,1784904515.8676276,True,True,True,False,1784904357.3311894,0,0,1,0,False
1784849457.3002179,20,1784904525.8428073,37.49980926222629,0.7394773785000381,37.04585336079957,True,37.5,36.5,38.6,0.95,0.05,0.0,0.7,0.03,2,1784904535.8753526,True,True,True,True,1784904537.3311985,0,0,1,0,False
1784849457.3002179,20,1784904545.8494725,37.50247959105822,0.7392294193942167,37.04318303196766,True,37.5,36.5,38.6,0.95,0.05,0.0,0.7,0.03,2,1784904555.8764327,True,True,True,True,1784904537.3311985,0,False,0,0,False
1784849457.3002179,20,1784904565.8564951,37.52918287937743,0.7395155260547799,37.053864347295345,True,37.5,36.5,38.6,0.95,0.05,0.0,0.7,0.03,2,1784904575.8841352,True,True,True,False,1784904537.3311985,0,False,0,0,False
1784849457.3002179,20,1784904585.863473,37.52918287937743,0.7395155260547799,37.03784237430381,True,37.5,36.5,38.6,0.95,0.05,0.0,0.7,0.03,2,1784904595.8904827,True,True,True,False,1784904537.3311985,0,False,0,0,False
1784849457.3002179,20,1784904605.8700094,37.507820248722055,0.739210345616846,37.04318303196766,True,37.5,36.5,38.6,0.95,0.05,0.0,0.7,0.03,2,1784904615.897341,True,False,True,False,1784904537.3311985,0,False,0,0,False
1784849457.3002179,20,1784904625.8763115,37.49713893339437,0.7394773785000381,37.04585336079957,True,37.5,36.5,38.6,0.95,0.05,0.0,0.7,0.03,2,1784904635.903029,True,False,True,False,1784904537.3311985,0,0,1,0,False
1784849457.3002179,20,1784904645.8825283,37.489127946898606,0.7393057145037002,37.02716105897612,True,37.5,36.5,38.6,0.95,0.05,0.0,0.7,0.03,2,1784904655.9156106,True,True,True,False,1784904537.3311985,0,0,1,0,False
1784849457.3002179,20,1784904665.88874,37.49980926222629,0.7396871900511176,37.02182040131228,True,37.5,36.5,38.6,0.95,0.05,0.0,0.7,0.03,2,1784904675.9287457,True,False,True,False,1784904537.3311985,0,0,1,0,False
1784849457.3002179,20,1784904685.8950894,37.52117189288167,0.7396871900511176,37.029831387808045,True,37.5,36.5,38.6,0.95,0.05,0.0,0.7,0.03,2,1784904695.922538,True,False,True,False,1784904537.3311985,0,False,0,0,False
1784849457.3002179,20,1784904705.9013958,37.51049057755398,0.7395918211642634,37.04318303196766,True,37.5,36.5,38.6,0.95,0.05,0.0,0.7,0.03,2,1784904715.9284568,True,False,True,True,1784904717.331231,0,False,0,0,False
1784849457.3002179,20,1784904725.9078207,37.483787289234755,0.7390959029526207,37.04585336079957,True,37.5,36.5,38.6,0.95,0.05,0.0,0.7,0.03,2,1784904735.9352942,True,False,True,True,1784904717.331231,0,0,1,0,False
1784849457.3002179,20,1784904745.9141302,37.45975432974747,0.7393820096131837,37.02716105897612,True,37.5,36.5,38.6,0.95,0.05,0.0,0.7,0.03,2,1784904755.9488685,True,True,True,False,1784904717.331231,0,0,1,0,False
1784849457.3002179,20,1784904765.9212618,37.49179827573053,0.7393247882810712,37.03784237430381,True,37.5,36.5,38.6,0.95,0.05,0.0,0.7,0.03,2,1784904775.9493918,True,True,True,False,1784904717.331231,0,0,1,0,False
1784849457.3002179,20,1784904785.9283297,37.52918287937743,0.739343862058442,37.04318303196766,True,37.5,36.5,38.6,0.95,0.05,0.0,0.7,0.03,2,1784904795.9560997,True,True,True,False,1784904717.331231,0,False,0,0,False
1784849457.3002179,20,1784904805.9350893,37.52384222171359,0.7394010833905547,37.053864347295345,True,37.5,36.5,38.6,0.95,0.05,0.0,0.7,0.03,2,1784904815.96261,True,True,True,False,1784904717.331231,0,False,0,0,False
1784849457.3002179,20,1784904825.9414754,37.513160906385906,0.7395155260547799,37.029831387808045,True,37.5,36.5,38.6,0.95,0.05,0.0,0.7,0.03,2,1784904835.9759133,True,True,True,False,1784904717.331231,0,False,0,0,False
1784849457.3002179,20,1784904845.9478424,37.47310597390707,0.7392675669489586,37.02716105897612,True,37.5,36.5,38.6,0.95,0.05,0.0,0.7,0.03,2,1784904855.977495,True,False,True,False,1784904717.331231,0,0,1,0,False
1784849457.3002179,20,1784904865.954464,37.489127946898606,0.739343862058442,37.02716105897612,True,37.5,36.5,38.6,0.95,0.05,0.0,0.7,0.03,2,1784904875.9816906,True,False,True,False,1784904717.331231,0,0,1,0,False
1784849457.3002179,20,1784904885.9608865,37.489127946898606,0.7394392309452964,37.03517204547188,True,37.5,36.5,38.6,0.95,0.05,0.0,0.7,0.03,2,1784904895.9885921,True,True,True,True,1784904897.3312669,0,0,1,0,False
1784849457.3002179,20,1784904905.9673023,37.49446860456244,0.7393057145037002,37.01647974364843,True,37.5,36.5,38.6,0.95,0.05,0.0,0.7,0.03,2,1784904915.9947414,True,True,True,True,1784904897.3312669,0,0,1,0,False
1784849457.3002179,20,1784904925.973566,37.49980926222629,0.7396108949416341,37.04051270313573,True,37.5,36.5,38.6,0.95,0.05,0.0,0.7,0.03,2,1784904936.015265,True,True,True,False,1784904897.3312669,0,0,1,0,False
1784849457.3002179,20,1784904945.979851,37.53452353704128,0.7396108949416341,37.048523689631494,True,37.5,36.5,38.6,0.95,0.05,0.0,0.7,0.03,2,1784904956.0072198,True,False,True,False,1784904897.3312669,0,False,0,0,False
1784849457.3002179,20,1784904965.986241,37.50247959105822,0.739496452277409,37.08056763561456,True,37.5,36.5,38.6,0.95,0.05,0.0,0.7,0.03,2,1784904976.0179408,True,False,True,False,1784904897.3312669,0,False,0,0,False
1784849457.3002179,20,1784904985.992771,37.52384222171359,0.7393247882810712,37.05920500495918,True,37.5,36.5,38.6,0.95,0.05,0.0,0.7,0.03,2,1784904996.0200686,True,True,True,False,1784904897.3312669,0,False,0,0,False
1784849457.3002179,20,1784905005.9990547,37.507820248722055,0.7397253376058595,37.03250171663997,True,37.5,36.5,38.6,0.95,0.05,0.0,0.7,0.03,2,1784905016.0260224,True,True,True,False,1784904897.3312669,0,False,0,0,False
1784849457.3002179,20,1784905026.005345,37.45975432974747,0.7393820096131837,37.024490730144194,True,37.5,36.5,38.6,0.95,0.05,0.0,0.7,0.03,2,1784905036.0325518,True,False,True,False,1784904897.3312669,0,0,1,0,False
1784849457.3002179,20,1784905046.0116265,37.47310597390707,0.7398016327153429,36.989776455329206,True,37.5,36.5,38.6,0.95,0.05,0.0,0.7,0.03,2,1784905056.039073,True,True,True,False,1784904897.3312669,0,0,1,0,False
1784849457.3002179,20,1784905066.0179632,37.46242465857938,0.7396681162737468,37.011139085984595,True,37.5,36.5,38.6,0.95,0.05,0.0,0.7,0.03,2,1784905076.04564,True,True,True,True,1784905077.3312798,0,0,1,0,False
1784849457.3002179,20,1784905086.0242248,37.46776531624323,0.7392675669489586,37.01915007248036,True,37.5,36.5,38.6,0.95,0.05,0.0,0.7,0.03,2,1784905096.0520077,True,True,True,True,1784905077.3312798,0,0,1,0,False
1784849457.3002179,20,1784905106.03115,37.489127946898606,0.739343862058442,37.011139085984595,True,37.5,36.5,38.6,0.95,0.05,0.0,0.7,0.03,2,1784905116.0588436,True,True,True,False,1784905077.3312798,0,0,1,0,False
1784849457.3002179,20,1784905126.0380595,37.531853208209355,0.7397253376058595,37.01915007248036,True,37.5,36.5,38.6,0.95,0.05,0.0,0.7,0.03,2,1784905136.0653863,True,True,True,False,1784905077.3312798,0,False,0,0,False
1784849457.3002179,20,1784905146.0443642,37.52384222171359,0.7395918211642634,37.03250171663997,True,37.5,36.5,38.6,0.95,0.05,0.0,0.7,0.03,2,1784905156.0753124,True,True,True,False,1784905077.3312798,0,False,0,0,False
1784849457.3002179,20,1784905166.0509458,37.507820248722055,0.7392294193942167,37.04318303196766,True,37.5,36.5,38.6,0.95,0.05,0.0,0.7,0.03,2,1784905176.0813413,True,False,True,False,1784905077.3312798,0,False,0,0,False
1784849457.3002179,20,1784905186.057871,37.49713893339437,0.7394773785000381,37.02716105897612,True,37.5,36.5,38.6,0.95,0.05,0.0,0.7,0.03,2,1784905196.086629,True,True,True,False,1784905077.3312798,0,0,1,0,False
1784849457.3002179,20,1784905206.065404,37.49713893339437,0.7394583047226672,37.01647974364843,True,37.5,36.5,38.6,0.95,0.05,0.0,0.7,0.03,2,1784905216.094283,False,True,True,False,1784905077.3312798,0,0,1,0,False
1784849457.3002179,20,1784905226.0728405,37.47577630273899,0.739496452277409,37.03517204547188,True,37.5,36.5,38.6,0.95,0.05,0.0,0.7,0.03,2,1784905236.1013896,False,True,True,False,1784905077.3312798,0,0,1,0,False
1784849457.3002179,20,1784905246.080366,37.483787289234755,0.7395727473868925,37.02716105897612,True,37.5,36.5,38.6,0.95,0.05,0.0,0.7,0.03,2,1784905256.110349,False,True,True,True,1784905257.3313255,0,0,1,0,False
1784849457.3002179,20,1784905266.0888274,37.49446860456244,0.7397634851606011,37.053864347295345,True,37.5,36.5,38.6,0.95,0.05,0.0,0.7,0.03,2,1784905276.1169438,False,False,True,True,1784905257.3313255,0,0,1,0,False
1784849457.3002179,20,1784905286.0963454,37.51049057755398,0.7396108949416341,37.067215991454944,True,37.5,36.5,38.6,0.95,0.05,0.0,0.7,0.03,2,1784905296.1243565,False,False,True,False,1784905257.3313255,0,False,0,0,False
1784849457.3002179,20,1784905306.103456,37.53719386587319,0.7396871900511176,37.08056763561456,True,37.5,36.5,38.6,0.95,0.05,0.0,0.7,0.03,2,1784905316.1326733,False,False,True,False,1784905257.3313255,0,False,0,0,False
1784849457.3002179,20,1784905326.1099665,37.51049057755398,0.7392294193942167,37.08323796444648,True,37.5,36.5,38.6,0.95,0.05,0.0,0.7,0.03,2,1784905336.1373582,False,False,True,False,1784905257.3313255,0,False,0,0,False
1784849457.3002179,20,1784905346.1162987,37.507820248722055,0.7396871900511176,37.05920500495918,True,37.5,36.5,38.6,0.95,0.05,0.0,0.7,0.03,2,1784905356.1437635,False,False,True,False,1784905257.3313255,0,False,0,0,False
1784849457.3002179,20,1784905366.1260738,37.48645761806668,0.7394392309452964,37.053864347295345,True,37.5,36.5,38.6,0.95,0.05,0.0,0.7,0.03,2,1784905376.1571393,False,False,True,False,1784905257.3313255,0,0,1,0,False
1784849457.3002179,20,1784905386.1365895,37.45975432974747,0.739343862058442,37.03250171663997,True,37.5,36.5,38.6,0.95,0.05,0.0,0.7,0.03,2,1784905396.164592,False,True,True,False,1784905257.3313255,0,0,1,0,False
1784849457.3002179,20,1784905406.143542,37.438391699092094,0.7394583047226672,37.06454566262303,True,37.5,36.5,38.6,0.95,0.05,0.0,0.7,0.03,2,1784905416.1708999,False,False,True,False,1784905257.3313255,0,0,1,0,False
1784849457.3002179,20,1784905426.1497538,37.45975432974747,0.739496452277409,37.067215991454944,True,37.5,36.5,38.6,0.95,0.05,0.0,0.7,0.03,2,1784905436.177236,False,False,True,True,1784905437.3313448,0,0,1,0,False
1784849457.3002179,20,1784905446.1565707,37.46242465857938,0.739496452277409,37.06988632028687,True,37.5,36.5,38.6,0.95,0.05,0.0,0.7,0.03,2,1784905456.1845825,False,False,True,True,1784905437.3313448,0,0,1,0,False
1784849457.3002179,20,1784905466.1640809,37.51049057755398,0.7396871900511176,37.08056763561456,True,37.5,36.5,38.6,0.95,0.05,0.0,0.7,0.03,2,1784905476.1926658,False,True,True,False,1784905437.3313448,0,False,0,0,False
1784849457.3002179,20,1784905486.1718802,37.51049057755398,0.739496452277409,37.09391927977417,True,37.5,36.5,38.6,0.95,0.05,0.0,0.7,0.03,2,1784905496.2028751,False,True,True,False,1784905437.3313448,0,False,0,0,False
1784849457.3002179,20,1784905506.1790187,37.53719386587319,0.7394201571679255,37.091248950942244,True,37.5,36.5,38.6,0.95,0.05,0.0,0.7,0.03,2,1784905516.2057788,False,True,True,False,1784905437.3313448,0,False,0,0,False
1784849457.3002179,20,1784905526.1855164,37.51583123521782,0.7397825589379721,37.067215991454944,True,37.5,36.5,38.6,0.95,0.05,0.0,0.7,0.03,2,1784905536.2193344,False,True,True,False,1784905437.3313448,0,False,0,0,False
1784849457.3002179,20,1784905546.1920311,37.470435645075156,0.739343862058442,37.048523689631494,True,37.5,36.5,38.6,0.95,0.05,0.0,0.7,0.03,2,1784905556.2203233,False,False,True,False,1784905437.3313448,0,0,1,0,False
1784849457.3002179,20,1784905566.1983209,37.45975432974747,0.739649042496376,37.04318303196766,True,37.5,36.5,38.6,0.95,0.05,0.0,0.7,0.03,2,1784905576.2261658,False,True,True,False,1784905437.3313448,0,0,1,0,False
1784849457.3002179,20,1784905586.2046523,37.45975432974747,0.7395727473868925,37.08056763561456,True,37.5,36.5,38.6,0.95,0.05,0.0,0.7,0.03,2,1784905596.232107,False,False,True,False,1784905437.3313448,0,0,1,0,False
1784849457.3002179,20,1784905606.2109003,37.45975432974747,0.7395727473868925,37.06988632028687,True,37.5,36.5,38.6,0.95,0.05,0.0,0.7,0.03,2,1784905616.2406554,False,False,True,True,1784905617.3313613,0,0,1,0,False
1784849457.3002179,20,1784905626.2172217,37.465094987411305,0.7394392309452964,37.10460059510186,True,37.5,36.5,38.6,0.95,0.05,0.0,0.7,0.03,2,1784905636.2448063,False,False,True,True,1784905617.3313613,0,0,1,0,False
1784849457.3002179,20,1784905646.2236457,37.49980926222629,0.739496452277409,37.12863355458916,True,37.5,36.5,38.6,0.95,0.05,0.0,0.7,0.03,2,1784905656.2510538,False,True,True,False,1784905617.3313613,0,0,1,0,False
1784849457.3002179,20,1784905666.229925,37.526512550545505,0.7396681162737468,37.12863355458916,True,37.5,36.5,38.6,0.95,0.05,0.0,0.7,0.03,2,1784905676.2599282,False,False,True,False,1784905617.3313613,0,False,0,0,False
1784849457.3002179,20,1784905686.236352,37.531853208209355,0.739496452277409,37.141985198748756,True,37.5,36.5,38.6,0.95,0.05,0.0,0.7,0.03,2,1784905696.2638872,False,True,True,False,1784905617.3313613,0,False,0,0,False
1784849457.3002179,20,1784905706.2428262,37.526512550545505,0.7395345998321506,37.12329289692531,True,37.5,36.5,38.6,0.95,0.05,0.0,0.7,0.03,2,1784905716.2703435,False,True,True,False,1784905617.3313613,0,False,0,0,False
1784849457.3002179,20,1784905726.249166,37.50514991989013,0.7392866407263294,37.10460059510186,True,37.5,36.5,38.6,0.95,0.05,0.0,0.7,0.03,2,1784905736.277458,False,False,True,False,1784905617.3313613,0,False,0,0,False
1784849457.3002179,20,1784905746.2555914,37.481116960402844,0.7396299687190051,37.091248950942244,True,37.5,36.5,38.6,0.95,0.05,0.0,0.7,0.03,2,1784905756.2828739,False,False,True,False,1784905617.3313613,0,0,1,0,False
1784849457.3002179,20,1784905766.2624397,37.47577630273899,0.7397634851606011,37.091248950942244,True,37.5,36.5,38.6,0.95,0.05,0.0,0.7,0.03,2,1784905776.2928379,False,True,True,False,1784905617.3313613,0,0,1,0,False
1784849457.3002179,20,1784905786.2703164,37.49713893339437,0.7394773785000381,37.08590829327841,True,37.5,36.5,38.6,0.95,0.05,0.0,0.7,0.03,2,1784905796.2989993,False,True,True,True,1784905797.3313968,0,0,1,0,False
1784849457.3002179,20,1784905806.2778609,37.481116960402844,0.7397253376058595,37.06988632028687,True,37.5,36.5,38.6,0.95,0.05,0.0,0.7,0.03,2,1784905816.3055928,False,False,True,True,1784905797.3313968,0,0,1,0,False
1784849457.3002179,20,1784905826.285436,37.47577630273899,0.7397825589379721,37.099259937438006,True,37.5,36.5,38.6,0.95,0.05,0.0,0.7,0.03,2,1784905836.3136187,False,False,True,False,1784905797.3313968,0,0,1,0,False
1784849457.3002179,20,1784905846.2924178,37.49980926222629,0.7398397802700846,37.096589608606095,True,37.5,36.5,38.6,0.95,0.05,0.0,0.7,0.03,2,1784905856.3203175,False,False,True,False,1784905797.3313968,0,0,1,0,False
1784849457.3002179,20,1784905866.2987123,37.54253452353704,0.7398970016021973,37.133974212252994,True,37.5,36.5,38.6,0.95,0.05,0.0,0.7,0.03,2,1784905876.3266346,False,True,True,False,1784905797.3313968,0,False,0,0,False
1784849457.3002179,20,1784905886.3049908,37.56389715419242,0.740087739375906,37.14732585641261,True,37.5,36.5,38.6,0.95,0.05,0.0,0.7,0.03,2,1784905896.332412,False,True,True,False,1784905797.3313968,0,False,0,0,False
1784849457.3002179,20,1784905906.3113647,37.51583123521782,0.739649042496376,37.11795223926147,True,37.5,36.5,38.6,0.95,0.05,0.0,0.7,0.03,2,1784905916.3388348,False,False,True,False,1784905797.3313968,0,False,0,0,False
1784849457.3002179,20,1784905926.3184102,37.489127946898606,0.7395918211642634,37.12062256809338,True,37.5,36.5,38.6,0.95,0.05,0.0,0.7,0.03,2,1784905936.3461087,False,False,True,False,1784905797.3313968,0,0,1,0,False
1784849457.3002179,20,1784905946.3260489,37.47577630273899,0.7400114442664225,37.10727092393378,True,37.5,36.5,38.6,0.95,0.05,0.0,0.7,0.03,2,1784905956.3538644,False,False,True,False,1784905797.3313968,0,0,1,0,False
1784849457.3002179,20,1784905966.3330734,37.470435645075156,0.7397825589379721,37.08590829327841,True,37.5,36.5,38.6,0.95,0.05,0.0,0.7,0.03,2,1784905976.359933,False,True,True,True,1784905977.3314369,0,0,1,0,False
1784849457.3002179,20,1784905986.339941,37.481116960402844,0.7397253376058595,37.10193026626993,True,37.5,36.5,38.6,0.95,0.05,0.0,0.7,0.03,2,1784905996.3702152,False,False,True,True,1784905977.3314369,0,0,1,0,False
1784849457.3002179,20,1784906006.3470576,37.470435645075156,0.7398016327153429,37.11795223926147,True,37.5,36.5,38.6,0.95,0.05,0.0,0.7,0.03,2,1784906016.3741848,False,True,True,False,1784905977.3314369,0,0,1,0,False
1784849457.3002179,20,1784906026.3532374,37.507820248722055,0.7398016327153429,37.12062256809338,True,37.5,36.5,38.6,0.95,0.05,0.0,0.7,0.03,2,1784906036.380336,False,False,True,False,1784905977.3314369,0,False,0,0,False
1784849457.3002179,20,1784906046.3596687,37.55321583886473,0.739935149156939,37.12863355458916,True,37.5,36.5,38.6,0.95,0.05,0.0,0.7,0.03,2,1784906056.3890631,False,False,True,False,1784905977.3314369,0,False,0,0,False
1784849457.3002179,20,1784906066.3661711,37.51583123521782,0.7397825589379721,37.14999618524453,True,37.5,36.5,38.6,0.95,0.05,0.0,0.7,0.03,2,1784906076.3935285,False,False,True,False,1784905977.3314369,0,False,0,0,False
1784849457.3002179,20,1784906086.3724582,37.50514991989013,0.7398588540474555,37.115281910429545,True,37.5,36.5,38.6,0.95,0.05,0.0,0.7,0.03,2,1784906096.4021022,False,True,True,False,1784905977.3314369,0,False,0,0,False
1784849457.3002179,20,1784906106.3789628,37.47310597390707,0.7396299687190051,37.096589608606095,True,37.5,36.5,38.6,0.95,0.05,0.0,0.7,0.03,2,1784906116.4065423,False,False,True,False,1784905977.3314369,0,0,1,0,False
1784849457.3002179,20,1784906126.385266,37.47310597390707,0.7397062638284886,37.09391927977417,True,37.5,36.5,38.6,0.95,0.05,0.0,0.7,0.03,2,1784906136.412825,False,False,True,False,1784905977.3314369,0,0,1,0,False
1784849457.3002179,20,1784906146.3915694,37.470435645075156,0.7395155260547799,37.08056763561456,True,37.5,36.5,38.6,0.95,0.05,0.0,0.7,0.03,2,1784906156.4189022,False,False,True,True,1784906157.3314517,0,0,1,0,False
1784849457.3002179,20,1784906166.397796,37.481116960402844,0.7398016327153429,37.11795223926147,True,37.5,36.5,38.6,0.95,0.05,0.0,0.7,0.03,2,1784906176.4254866,False,False,True,True,1784906157.3314517,0,0,1,0,False
1784849457.3002179,20,1784906186.4045932,37.48645761806668,0.7397444113832303,37.11795223926147,True,37.5,36.5,38.6,0.95,0.05,0.0,0.7,0.03,2,1784906196.4316313,False,False,True,False,1784906157.3314517,0,0,1,0,False
1784849457.3002179,20,1784906206.4109182,37.513160906385906,0.7397062638284886,37.11795223926147,True,37.5,36.5,38.6,0.95,0.05,0.0,0.7,0.03,2,1784906216.4385808,False,True,True,False,1784906157.3314517,0,False,0,0,False
1784849457.3002179,20,1784906226.4173608,37.51850156404974,0.7397634851606011,37.13664454108492,True,37.5,36.5,38.6,0.95,0.05,0.0,0.7,0.03,2,1784906236.444801,False,False,True,False,1784906157.3314517,0,False,0,0,False
1784849457.3002179,20,1784906246.4244215,37.51583123521782,0.7399923704890515,37.12863355458916,True,37.5,36.5,38.6,0.95,0.05,0.0,0.7,0.03,2,1784906256.452907,False,False,True,False,1784906157.3314517,0,False,0,0,False
1784849457.3002179,20,1784906266.4321344,37.49980926222629,0.7398779278248264,37.096589608606095,True,37.5,36.5,38.6,0.95,0.05,0.0,0.7,0.03,2,1784906276.4632094,False,True,True,False,1784906157.3314517,0,0,1,0,False
1784849457.3002179,20,1784906286.4393115,37.49446860456244,0.7397062638284886,37.12062256809338,True,37.5,36.5,38.6,0.95,0.05,0.0,0.7,0.03,2,1784906296.4663393,False,False,True,False,1784906157.3314517,0,0,1,0,False
1784849457.3002179,20,1784906306.4455574,37.49446860456244,0.7397444113832303,37.096589608606095,True,37.5,36.5,38.6,0.95,0.05,0.0,0.7,0.03,2,1784906316.4729729,False,False,True,False,1784906157.3314517,0,0,1,0,False
1784849457.3002179,20,1784906326.4517984,37.483787289234755,0.7398016327153429,37.067215991454944,True,37.5,36.5,38.6,0.95,0.05,0.0,0.7,0.03,2,1784906336.4811459,False,False,True,True,1784906337.331454,0,0,1,0,False
1784849457.3002179,20,1784906346.4586926,37.50247959105822,0.7398588540474555,37.07522697795072,True,37.5,36.5,38.6,0.95,0.05,0.0,0.7,0.03,2,1784906356.487558,False,False,True,True,1784906337.331454,0,False,0,0,False
1784849457.3002179,20,1784906366.4657362,37.48645761806668,0.7399542229343099,37.091248950942244,True,37.5,36.5,38.6,0.95,0.05,0.0,0.7,0.03,2,1784906376.4931948,False,False,True,False,1784906337.331454,0,0,1,0,False
1784849457.3002179,20,1784906386.472117,37.513160906385906,0.7396108949416341,37.091248950942244,True,37.5,36.5,38.6,0.95,0.05,0.0,0.7,0.03,2,1784906396.5054588,False,True,True,False,1784906337.331454,0,False,0,0,False
1784849457.3002179,20,1784906406.478577,37.507820248722055,0.7399732967116808,37.11261158159762,True,37.5,36.5,38.6,0.95,0.05,0.0,0.7,0.03,2,1784906416.510123,False,True,True,False,1784906337.331454,0,False,0,0,False
1784849457.3002179,20,1784906426.4860969,37.48645761806668,0.7397444113832303,37.109941252765694,True,37.5,36.5,38.6,0.95,0.05,0.0,0.7,0.03,2,1784906436.515136,False,False,True,False,1784906337.331454,0,0,1,0,False
1784849457.3002179,20,1784906446.4930382,37.49446860456244,0.7397444113832303,37.10193026626993,True,37.5,36.5,38.6,0.95,0.05,0.0,0.7,0.03,2,1784906456.5222273,False,True,True,False,1784906337.331454,0,0,1,0,False
1784849457.3002179,20,1784906466.4992301,37.49980926222629,0.7397634851606011,37.139314869916845,True,37.5,36.5,38.6,0.95,0.05,0.0,0.7,0.03,2,1784906476.5265234,False,True,True,False,1784906337.331454,0,0,1,0,False
1784849457.3002179,20,1784906486.505542,37.489127946898606,0.7398779278248264,37.109941252765694,True,37.5,36.5,38.6,0.95,0.05,0.0,0.7,0.03,2,1784906496.536492,False,False,True,False,1784906337.331454,0,0,1,0,False
1784849457.3002179,20,1784906506.511797,37.49980926222629,0.7398207064927138,37.091248950942244,True,37.5,36.5,38.6,0.95,0.05,0.0,0.7,0.03,2,1784906516.5413098,False,False,True,True,1784906517.3314857,0,0,1,0,False
1784849457.3002179,20,1784906526.5181637,37.52117189288167,0.7397634851606011,37.12596322575723,True,37.5,36.5,38.6,0.95,0.05,0.0,0.7,0.03,2,1784906536.5498765,False,True,True,True,1784906517.3314857,0,False,0,0,False
1784849457.3002179,20,1784906546.5244706,37.51850156404974,0.7399542229343099,37.12863355458916,True,37.5,36.5,38.6,0.95,0.05,0.0,0.7,0.03,2,1784906556.5520468,False,True,True,False,1784906517.3314857,0,False,0,0,False
1784849457.3002179,20,1784906566.5309184,37.49179827573053,0.7396871900511176,37.10727092393378,True,37.5,36.5,38.6,0.95,0.05,0.0,0.7,0.03,2,1784906576.5584784,False,True,True,False,1784906517.3314857,0,0,1,0,False
1784849457.3002179,20,1784906586.5378218,37.49179827573053,0.7401068131532769,37.11795223926147,True,37.5,36.5,38.6,0.95,0.05,0.0,0.7,0.03,2,1784906596.5663636,False,True,True,False,1784906517.3314857,0,0,1,0,False
1784849457.3002179,20,1784906606.545556,37.49713893339437,0.7398207064927138,37.11795223926147,True,37.5,36.5,38.6,0.95,0.05,0.0,0.7,0.03,2,1784906616.5741987,False,True,True,False,1784906517.3314857,0,0,1,0,False
1784849457.3002179,20,1784906626.5533218,37.49713893339437,0.739916075379568,37.12062256809338,True,37.5,36.5,38.6,0.95,0.05,0.0,0.7,0.03,2,1784906636.581532,False,True,True,False,1784906517.3314857,0,0,1,0,False
1784849457.3002179,20,1784906646.5608773,37.531853208209355,0.7397634851606011,37.12863355458916,True,37.5,36.5,38.6,0.95,0.05,0.0,0.7,0.03,2,1784906656.588947,False,True,True,False,1784906517.3314857,0,False,0,0,False
1784849457.3002179,20,1784906666.5678866,37.489127946898606,0.7397444113832303,37.096589608606095,True,37.5,36.5,38.6,0.95,0.05,0.0,0.7,0.03,2,1784906676.598382,False,True,True,False,1784906517.3314857,0,0,1,0,False
1784849457.3002179,20,1784906686.5742602,37.49980926222629,0.739935149156939,37.109941252765694,True,37.5,36.5,38.6,0.95,0.05,0.0,0.7,0.03,2,1784906696.6017404,False,False,True,True,1784906697.3315063,0,0,1,0,False
1784849457.3002179,20,1784906706.5804784,37.49980926222629,0.7401831082627603,37.10727092393378,True,37.5,36.5,38.6,0.95,0.05,0.0,0.7,0.03,2,1784906716.607973,False,False,True,True,1784906697.3315063,0,0,1,0,False
1784849457.3002179,20,1784906726.586856,37.52117189288167,0.7398016327153429,37.12062256809338,True,37.5,36.5,38.6,0.95,0.05,0.0,0.7,0.03,2,1784906736.6143003,False,True,True,False,1784906697.3315063,0,False,0,0,False
1784849457.3002179,20,1784906746.5931976,37.507820248722055,0.7398016327153429,37.10193026626993,True,37.5,36.5,38.6,0.95,0.05,0.0,0.7,0.03,2,1784906756.6199522,False,True,True,False,1784906697.3315063,0,False,0,0,False
1784849457.3002179,20,1784906766.599525,37.49713893339437,0.7399923704890515,37.11795223926147,True,37.5,36.5,38.6,0.95,0.05,0.0,0.7,0.03,2,1784906776.6269732,False,True,True,False,1784906697.3315063,0,0,1,0,False
1784849457.3002179,20,1784906786.6058176,37.49713893339437,0.7397634851606011,37.11795223926147,True,37.5,36.5,38.6,0.95,0.05,0.0,0.7,0.03,2,1784906796.6332846,False,True,True,False,1784906697.3315063,0,0,1,0,False
1784849457.3002179,20,1784906806.6121557,37.470435645075156,0.7398970016021973,37.096589608606095,True,37.5,36.5,38.6,0.95,0.05,0.0,0.7,0.03,2,1784906816.6471603,False,True,True,False,1784906697.3315063,0,0,1,0,False
1784849457.3002179,20,1784906826.6217992,37.49179827573053,0.739935149156939,37.109941252765694,True,37.5,36.5,38.6,0.95,0.05,0.0,0.7,0.03,2,1784906836.6494846,False,True,True,False,1784906697.3315063,0,0,1,0,False
1784849457.3002179,20,1784906846.6283376,37.50514991989013,0.7398970016021973,37.12863355458916,True,37.5,36.5,38.6,0.95,0.05,0.0,0.7,0.03,2,1784906856.655891,False,True,True,False,1784906697.3315063,0,False,0,0,False
1784849457.3002179,20,1784906866.6347096,37.489127946898606,0.739935149156939,37.133974212252994,True,37.5,36.5,38.6,0.95,0.05,0.0,0.7,0.03,2,1784906876.6637926,False,True,True,True,1784906877.3315248,0,0,1,0,False
1784849457.3002179,20,1784906886.6409776,37.51049057755398,0.7400114442664225,37.12062256809338,True,37.5,36.5,38.6,0.95,0.05,0.0,0.7,0.03,2,1784906896.6707551,False,True,True,True,1784906877.3315248,0,False,0,0,False
1784849457.3002179,20,1784906906.650564,37.47310597390707,0.7397062638284886,37.091248950942244,True,37.5,36.5,38.6,0.95,0.05,0.0,0.7,0.03,2,1784906916.6840687,False,False,True,False,1784906877.3315248,0,0,1,0,False
1784849457.3002179,20,1784906926.6585708,37.47310597390707,0.7398207064927138,37.109941252765694,True,37.5,36.5,38.6,0.95,0.05,0.0,0.7,0.03,2,1784906936.6895652,False,True,True,False,1784906877.3315248,0,0,1,0,False
1784849457.3002179,20,1784906946.6648557,37.48645761806668,0.7399923704890515,37.11261158159762,True,37.5,36.5,38.6,0.95,0.05,0.0,0.7,0.03,2,1784906956.692104,False,False,True,False,1784906877.3315248,0,0,1,0,False
1784849457.3002179,20,1784906966.67114,37.49713893339437,0.739935149156939,37.11795223926147,True,37.5,36.5,38.6,0.95,0.05,0.0,0.7,0.03,2,1784906976.6985805,False,False,True,False,1784906877.3315248,0,0,1,0,False
1784849457.3002179,20,1784906986.6774008,37.513160906385906,0.7401258869306477,37.139314869916845,True,37.5,36.5,38.6,0.95,0.05,0.0,0.7,0.03,2,1784906996.7045133,False,True,True,False,1784906877.3315248,0,False,0,0,False
1784849457.3002179,20,1784907006.6836956,37.52384222171359,0.7398207064927138,37.14999618524453,True,37.5,36.5,38.6,0.95,0.05,0.0,0.7,0.03,2,1784907016.711052,False,False,True,False,1784906877.3315248,0,False,0,0,False
1784849457.3002179,20,1784907026.6899786,37.507820248722055,0.7401449607080187,37.12596322575723,True,37.5,36.5,38.6,0.95,0.05,0.0,0.7,0.03,2,1784907036.7206326,False,True,True,False,1784906877.3315248,0,False,0,0,False
1784849457.3002179,20,1784907046.696678,37.489127946898606,0.7401831082627603,37.11261158159762,True,37.5,36.5,38.6,0.95,0.05,0.0,0.7,0.03,2,1784907056.725792,False,False,True,True,1784907057.3315337,0,0,1,0,False
1784849457.3002179,20,1784907066.7030547,37.46242465857938,0.7398016327153429,37.08590829327841,True,37.5,36.5,38.6,0.95,0.05,0.0,0.7,0.03,2,1784907076.7298799,False,False,True,True,1784907057.3315337,0,0,1,0,False
1784849457.3002179,20,1784907086.7093008,37.46242465857938,0.739935149156939,37.08323796444648,True,37.5,36.5,38.6,0.95,0.05,0.0,0.7,0.03,2,1784907096.7402885,False,False,True,False,1784907057.3315337,0,0,1,0,False
1784849457.3002179,20,1784907106.715591,37.46776531624323,0.7398779278248264,37.10193026626993,True,37.5,36.5,38.6,0.95,0.05,0.0,0.7,0.03,2,1784907116.751538,False,False,True,False,1784907057.3315337,0,0,1,0,False
1784849457.3002179,20,1784907126.7218819,37.51049057755398,0.7400114442664225,37.115281910429545,True,37.5,36.5,38.6,0.95,0.05,0.0,0.7,0.03,2,1784907136.7508173,False,False,True,False,1784907057.3315337,0,False,0,0,False
1784849457.3002179,20,1784907146.7281744,37.52384222171359,0.7401068131532769,37.15533684290837,True,37.5,36.5,38.6,0.95,0.05,0.0,0.7,0.03,2,1784907156.755737,False,False,True,False,1784907057.3315337,0,False,0,0,False
1784849457.3002179,20,1784907166.7347245,37.52384222171359,0.7397825589379721,37.133974212252994,True,37.5,36.5,38.6,0.95,0.05,0.0,0.7,0.03,2,1784907176.7644274,False,False,True,False,1784907057.3315337,0,False,0,0,False
1784849457.3002179,20,1784907186.7412694,37.507820248722055,0.7400114442664225,37.133974212252994,True,37.5,36.5,38.6,0.95,0.05,0.0,0.7,0.03,2,1784907196.7717154,False,True,True,False,1784907057.3315337,0,False,0,0,False
1784849457.3002179,20,1784907206.7484314,37.470435645075156,0.740087739375906,37.10193026626993,True,37.5,36.5,38.6,0.95,0.05,0.0,0.7,0.03,2,1784907216.7763238,False,True,True,False,1784907057.3315337,0,0,1,0,False
1784849457.3002179,20,1784907226.756021,37.45975432974747,0.7398016327153429,37.109941252765694,True,37.5,36.5,38.6,0.95,0.05,0.0,0.7,0.03,2,1784907236.784838,False,True,True,True,1784907237.3315406,0,0,1,0,False
1784849457.3002179,20,1784907246.763024,37.446402685587856,0.7398016327153429,37.06988632028687,True,37.5,36.5,38.6,0.95,0.05,0.0,0.7,0.03,2,1784907256.7918427,False,True,True,True,1784907237.3315406,0,0,1,0,False
1784849457.3002179,20,1784907266.7697525,37.45708400091554,0.7400114442664225,37.08056763561456,True,37.5,36.5,38.6,0.95,0.05,0.0,0.7,0.03,2,1784907276.797116,False,False,True,False,1784907237.3315406,0,0,1,0,False
1784849457.3002179,20,1784907286.7759948,37.46242465857938,0.7398588540474555,37.08323796444648,True,37.5,36.5,38.6,0.95,0.05,0.0,0.7,0.03,2,1784907296.8036103,False,True,True,False,1784907237.3315406,0,0,1,0,False
1784849457.3002179,20,1784907306.7824183,37.51583123521782,0.7399542229343099,37.091248950942244,True,37.5,36.5,38.6,0.95,0.05,0.0,0.7,0.03,2,1784907316.8095515,False,True,True,False,1784907237.3315406,0,False,0,0,False
1784849457.3002179,20,1784907326.7886624,37.49446860456244,0.7400495918211643,37.13130388342107,True,37.5,36.5,38.6,0.95,0.05,0.0,0.7,0.03,2,1784907336.8161068,False,True,True,False,1784907237.3315406,0,0,1,0,False
1784849457.3002179,20,1784907346.7949588,37.513160906385906,0.7399732967116808,37.14465552758068,True,37.5,36.5,38.6,0.95,0.05,0.0,0.7,0.03,2,1784907356.822928,False,True,True,False,1784907237.3315406,0,False,0,0,False
1784849457.3002179,20,1784907366.8013473,37.507820248722055,0.7399732967116808,37.14465552758068,True,37.5,36.5,38.6,0.95,0.05,0.0,0.7,0.03,2,1784907376.829288,False,True,True,False,1784907237.3315406,0,False,0,0,False
1784849457.3002179,20,1784907386.807792,37.49179827573053,0.7401258869306477,37.12863355458916,True,37.5,36.5,38.6,0.95,0.05,0.0,0.7,0.03,2,1784907396.8351495,False,False,True,False,1784907237.3315406,0,0,1,0,False
1784849457.3002179,20,1784907406.8146834,37.47577630273899,0.7397634851606011,37.10727092393378,True,37.5,36.5,38.6,0.95,0.05,0.0,0.7,0.03,2,1784907416.8425195,False,True,True,True,1784907417.331567,0,0,1,0,False
1784849457.3002179,20,1784907426.8215673,37.49713893339437,0.7399923704890515,37.109941252765694,True,37.5,36.5,38.6,0.95,0.05,0.0,0.7,0.03,2,1784907436.8497496,False,False,True,True,1784907417.331567,0,0,1,0,False
1784849457.3002179,20,1784907446.8278377,37.49980926222629,0.739916075379568,37.11795223926147,True,37.5,36.5,38.6,0.95,0.05,0.0,0.7,0.03,2,1784907456.856502,False,False,True,False,1784907417.331567,0,0,1,0,False
1784849457.3002179,20,1784907466.8342202,37.53719386587319,0.7401831082627603,37.11795223926147,True,37.5,36.5,38.6,0.95,0.05,0.0,0.7,0.03,2,1784907476.8620262,False,True,True,False,1784907417.331567,0,False,0,0,False
1784849457.3002179,20,1784907486.8406475,37.55321583886473,0.7401640344853895,37.13130388342107,True,37.5,36.5,38.6,0.95,0.05,0.0,0.7,0.03,2,1784907496.870539,False,True,True,False,1784907417.331567,0,False,0,0,False
1784849457.3002179,20,1784907506.847714,37.51583123521782,0.7399732967116808,37.14465552758068,True,37.5,36.5,38.6,0.95,0.05,0.0,0.7,0.03,2,1784907516.875287,False,True,True,False,1784907417.331567,0,False,0,0,False
1784849457.3002179,20,1784907526.854221,37.49446860456244,0.7400495918211643,37.12062256809338,True,37.5,36.5,38.6,0.95,0.05,0.0,0.7,0.03,2,1784907536.8817198,False,False,True,False,1784907417.331567,0,0,1,0,False
1784849457.3002179,20,1784907546.8604155,37.45975432974747,0.7397253376058595,37.10727092393378,True,37.5,36.5,38.6,0.95,0.05,0.0,0.7,0.03,2,1784907556.8880894,False,True,True,False,1784907417.331567,0,0,1,0,False
1784849457.3002179,20,1784907566.866938,37.45975432974747,0.739935149156939,37.096589608606095,True,37.5,36.5,38.6,0.95,0.05,0.0,0.7,0.03,2,1784907576.8944762,False,False,True,False,1784907417.331567,0,0,1,0,False
1784849457.3002179,20,1784907586.8732436,37.45441367208362,0.7401068131532769,37.096589608606095,True,37.5,36.5,38.6,0.95,0.05,0.0,0.7,0.03,2,1784907596.9000382,False,False,True,True,1784907597.3315704,0,0,1,0,False
1784849457.3002179,20,1784907606.8795466,37.470435645075156,0.7399923704890515,37.139314869916845,True,37.5,36.5,38.6,0.95,0.05,0.0,0.7,0.03,2,1784907616.907037,False,True,True,True,1784907597.3315704,0,0,1,0,False
1784849457.3002179,20,1784907626.8857799,37.481116960402844,0.739916075379568,37.13130388342107,True,37.5,36.5,38.6,0.95,0.05,0.0,0.7,0.03,2,1784907636.9179811,False,False,True,False,1784907597.3315704,0,0,1,0,False
1784849457.3002179,20,1784907646.8926914,37.52117189288167,0.7399923704890515,37.14465552758068,True,37.5,36.5,38.6,0.95,0.05,0.0,0.7,0.03,2,1784907656.9234073,False,True,True,False,1784907597.3315704,0,False,0,0,False
1784849457.3002179,20,1784907666.8996012,37.54787518120088,0.7399732967116808,37.15533684290837,True,37.5,36.5,38.6,0.95,0.05,0.0,0.7,0.03,2,1784907676.9270701,False,False,True,False,1784907597.3315704,0,False,0,0,False
1784849457.3002179,20,1784907686.9060469,37.49980926222629,0.7398779278248264,37.12596322575723,True,37.5,36.5,38.6,0.95,0.05,0.0,0.7,0.03,2,1784907696.9358804,False,True,True,False,1784907597.3315704,0,0,1,0,False
1784849457.3002179,20,1784907706.912277,37.50514991989013,0.7401449607080187,37.10727092393378,True,37.5,36.5,38.6,0.95,0.05,0.0,0.7,0.03,2,1784907716.9407418,False,False,True,False,1784907597.3315704,0,False,0,0,False
1784849457.3002179,20,1784907726.9187071,37.50514991989013,0.740087739375906,37.141985198748756,True,37.5,36.5,38.6,0.95,0.05,0.0,0.7,0.03,2,1784907736.9462492,False,False,True,False,1784907597.3315704,0,False,0,0,False
1784849457.3002179,20,1784907746.9251387,37.481116960402844,0.7398397802700846,37.10193026626993,True,37.5,36.5,38.6,0.95,0.05,0.0,0.7,0.03,2,1784907756.9522276,False,True,True,False,1784907597.3315704,0,0,1,0,False
1784849457.3002179,20,1784907766.931376,37.48645761806668,0.7399732967116808,37.12329289692531,True,37.5,36.5,38.6,0.95,0.05,0.0,0.7,0.03,2,1784907776.9588137,False,True,True,True,1784907777.3315804,0,0,1,0,False
1784849457.3002179,20,1784907786.9382472,37.48645761806668,0.7399923704890515,37.11261158159762,True,37.5,36.5,38.6,0.95,0.05,0.0,0.7,0.03,2,1784907796.967609,False,False,True,True,1784907777.3315804,0,0,1,0,False
1784849457.3002179,20,1784907806.9451997,37.48645761806668,0.7400305180437934,37.12329289692531,True,37.5,36.5,38.6,0.95,0.05,0.0,0.7,0.03,2,1784907816.9731975,False,True,True,False,1784907777.3315804,0,0,1,0,False
1784849457.3002179,20,1784907826.9549563,37.52384222171359,0.7401831082627603,37.13664454108492,True,37.5,36.5,38.6,0.95,0.05,0.0,0.7,0.03,2,1784907836.9870744,False,False,True,False,1784907777.3315804,0,False,0,0,False
1784849457.3002179,20,1784907846.9657083,37.52117189288167,0.739916075379568,37.133974212252994,True,37.5,36.5,38.6,0.95,0.05,0.0,0.7,0.03,2,1784907856.9978256,False,True,True,False,1784907777.3315804,0,False,0,0,False
1784849457.3002179,20,1784907866.9737403,37.53719386587319,0.7402594033722438,37.14465552758068,True,37.5,36.5,38.6,0.95,0.05,0.0,0.7,0.03,2,1784907877.002517,False,True,True,False,1784907777.3315804,0,False,0,0,False
1784849457.3002179,20,1784907886.9816294,37.51049057755398,0.7402021820401312,37.13664454108492,True,37.5,36.5,38.6,0.95,0.05,0.0,0.7,0.03,2,1784907897.0098689,False,False,True,False,1784907777.3315804,0,False,0,0,False
1784849457.3002179,20,1784907906.9893637,37.49446860456244,0.7399732967116808,37.096589608606095,True,37.5,36.5,38.6,0.95,0.05,0.0,0.7,0.03,2,1784907917.0217977,False,False,True,False,1784907777.3315804,0,0,1,0,False
1784849457.3002179,20,1784907926.9972894,37.47310597390707,0.7398207064927138,37.072556649118795,True,37.5,36.5,38.6,0.95,0.05,0.0,0.7,0.03,2,1784907937.0287502,False,False,True,False,1784907777.3315804,0,0,1,0,False
1784849457.3002179,20,1784907947.0052042,37.48645761806668,0.7403356984817273,37.11795223926147,True,37.5,36.5,38.6,0.95,0.05,0.0,0.7,0.03,2,1784907957.0390058,False,False,True,True,1784907957.331603,0,0,1,0,False
1784849457.3002179,20,1784907967.0183866,37.49713893339437,0.7402784771496147,37.11261158159762,True,37.5,36.5,38.6,0.95,0.05,0.0,0.7,0.03,2,1784907977.0457792,False,False,True,True,1784907957.331603,0,0,1,0,False
1784849457.3002179,20,1784907987.024587,37.49179827573053,0.740240329594873,37.10193026626993,True,37.5,36.5,38.6,0.95,0.05,0.0,0.7,0.03,2,1784907997.05209,False,True,True,False,1784907957.331603,0,0,1,0,False
1784849457.3002179,20,1784908007.0309489,37.53452353704128,0.7399542229343099,37.139314869916845,True,37.5,36.5,38.6,0.95,0.05,0.0,0.7,0.03,2,1784908017.0587368,False,True,True,False,1784907957.331603,0,False,0,0,False
1784849457.3002179,20,1784908027.0378857,37.513160906385906,0.740240329594873,37.141985198748756,True,37.5,36.5,38.6,0.95,0.05,0.0,0.7,0.03,2,1784908037.0677288,False,False,True,False,1784907957.331603,0,False,0,0,False
1784849457.3002179,20,1784908047.0450013,37.526512550545505,0.7403738460364692,37.14465552758068,True,37.5,36.5,38.6,0.95,0.05,0.0,0.7,0.03,2,1784908057.0738354,False,True,True,False,1784907957.331603,0,False,0,0,False
1784849457.3002179,20,1784908067.0514848,37.47844663157092,0.7400114442664225,37.12863355458916,True,37.5,36.5,38.6,0.95,0.05,0.0,0.7,0.03,2,1784908077.0801823,False,True,True,False,1784907957.331603,0,0,1,0,False
1784849457.3002179,20,1784908087.0577018,37.47310597390707,0.7399923704890515,37.09391927977417,True,37.5,36.5,38.6,0.95,0.05,0.0,0.7,0.03,2,1784908097.0864327,False,False,True,False,1784907957.331603,0,0,1,0,False
1784849457.3002179,20,1784908107.063971,37.47310597390707,0.740087739375906,37.096589608606095,True,37.5,36.5,38.6,0.95,0.05,0.0,0.7,0.03,2,1784908117.0965264,False,False,True,False,1784907957.331603,0,0,1,0,False
1784849457.3002179,20,1784908127.0704303,37.47844663157092,0.7403738460364692,37.12062256809338,True,37.5,36.5,38.6,0.95,0.05,0.0,0.7,0.03,2,1784908137.0974197,False,False,True,True,1784908137.3316875,0,0,1,0,False
1784849457.3002179,20,1784908147.0766544,37.48645761806668,0.7400495918211643,37.11795223926147,True,37.5,36.5,38.6,0.95,0.05,0.0,0.7,0.03,2,1784908157.1075072,False,True,True,True,1784908137.3316875,0,0,1,0,False
1784849457.3002179,20,1784908167.0828757,37.507820248722055,0.7403356984817273,37.11261158159762,True,37.5,36.5,38.6,0.95,0.05,0.0,0.7,0.03,2,1784908177.1105752,False,True,True,False,1784908137.3316875,0,False,0,0,False
1784849457.3002179,20,1784908187.0891154,37.53452353704128,0.7401831082627603,37.14465552758068,True,37.5,36.5,38.6,0.95,0.05,0.0,0.7,0.03,2,1784908197.118652,False,True,True,False,1784908137.3316875,0,False,0,0,False
1784849457.3002179,20,1784908207.0954409,37.53452353704128,0.7400495918211643,37.176699473563744,True,37.5,36.5,38.6,0.95,0.05,0.0,0.7,0.03,2,1784908217.1243374,False,False,True,False,1784908137.3316875,0,False,0,0,False
1784849457.3002179,20,1784908227.1017497,37.513160906385906,0.7402975509269857,37.13664454108492,True,37.5,36.5,38.6,0.95,0.05,0.0,0.7,0.03,2,1784908237.1293614,False,False,True,False,1784908137.3316875,0,False,0,0,False
1784849457.3002179,20,1784908247.1081023,37.49980926222629,0.7401449607080187,37.12863355458916,True,37.5,36.5,38.6,0.95,0.05,0.0,0.7,0.03,2,1784908257.1349378,False,False,True,False,1784908137.3316875,0,0,1,0,False
1784849457.3002179,20,1784908267.114347,37.483787289234755,0.7403166247043564,37.096589608606095,True,37.5,36.5,38.6,0.95,0.05,0.0,0.7,0.03,2,1784908277.14224,False,False,True,False,1784908137.3316875,0,0,1,0,False
1784849457.3002179,20,1784908287.1205363,37.47310597390707,0.7401068131532769,37.13130388342107,True,37.5,36.5,38.6,0.95,0.05,0.0,0.7,0.03,2,1784908297.1482,False,True,True,False,1784908137.3316875,0,0,1,0,False
1784849457.3002179,20,1784908307.1275601,37.51583123521782,0.7400495918211643,37.133974212252994,True,37.5,36.5,38.6,0.95,0.05,0.0,0.7,0.03,2,1784908317.1563947,False,True,True,True,1784908317.3317368,0,False,0,0,False
1784849457.3002179,20,1784908327.1352432,37.49980926222629,0.7401449607080187,37.12596322575723,True,37.5,36.5,38.6,0.95,0.05,0.0,0.7,0.03,2,1784908337.1629777,False,True,True,True,1784908317.3317368,0,0,1,0,False
1784849457.3002179,20,1784908347.142764,37.507820248722055,0.7403738460364692,37.14465552758068,True,37.5,36.5,38.6,0.95,0.05,0.0,0.7,0.03,2,1784908357.1706717,False,False,True,False,1784908317.3317368,0,False,0,0,False
1784849457.3002179,20,1784908367.1500127,37.51850156404974,0.739916075379568,37.15533684290837,True,37.5,36.5,38.6,0.95,0.05,0.0,0.7,0.03,2,1784908377.1775284,False,False,True,False,1784908317.3317368,0,False,0,0,False
1784849457.3002179,20,1784908387.1563714,37.52384222171359,0.7401831082627603,37.14999618524453,True,37.5,36.5,38.6,0.95,0.05,0.0,0.7,0.03,2,1784908397.1839633,False,True,True,False,1784908317.3317368,0,False,0,0,False
1784849457.3002179,20,1784908407.1629858,37.53986419470512,0.740240329594873,37.12329289692531,True,37.5,36.5,38.6,0.95,0.05,0.0,0.7,0.03,2,1784908417.1972985,False,False,True,False,1784908317.3317368,0,False,0,0,False
1784849457.3002179,20,1784908427.169323,37.49713893339437,0.7401449607080187,37.14732585641261,True,37.5,36.5,38.6,0.95,0.05,0.0,0.7,0.03,2,1784908437.1967223,False,True,True,False,1784908317.3317368,0,0,1,0,False
1784849457.3002179,20,1784908447.176187,37.49980926222629,0.7401831082627603,37.11795223926147,True,37.5,36.5,38.6,0.95,0.05,0.0,0.7,0.03,2,1784908457.21028,False,True,True,False,1784908317.3317368,0,0,1,0,False
1784849457.3002179,20,1784908467.1832287,37.49446860456244,0.7403166247043564,37.133974212252994,True,37.5,36.5,38.6,0.95,0.05,0.0,0.7,0.03,2,1784908477.2111628,False,False,True,False,1784908317.3317368,0,0,1,0,False
1784849457.3002179,20,1784908487.1896703,37.51583123521782,0.7401640344853895,37.09391927977417,True,37.5,36.5,38.6,0.95,0.05,0.0,0.7,0.03,2,1784908497.2169857,False,False,True,True,1784908497.3317506,0,False,0,0,False
1784849457.3002179,20,1784908507.1959796,37.51049057755398,0.7400686655985352,37.12863355458916,True,37.5,36.5,38.6,0.95,0.05,0.0,0.7,0.03,2,1784908517.223423,False,False,True,True,1784908497.3317506,0,False,0,0,False
1784849457.3002179,20,1784908527.2029724,37.489127946898606,0.7400686655985352,37.12062256809338,True,37.5,36.5,38.6,0.95,0.05,0.0,0.7,0.03,2,1784908537.2326586,False,True,True,False,1784908497.3317506,0,0,1,0,False
1784849457.3002179,20,1784908547.2106245,37.470435645075156,0.7403166247043564,37.10727092393378,True,37.5,36.5,38.6,0.95,0.05,0.0,0.7,0.03,2,1784908557.243322,False,True,True,False,1784908497.3317506,0,0,1,0,False
1784849457.3002179,20,1784908567.2186575,37.470435645075156,0.7401258869306477,37.11795223926147,True,37.5,36.5,38.6,0.95,0.05,0.0,0.7,0.03,2,1784908577.2513604,False,True,True,False,1784908497.3317506,0,0,1,0,False
1784849457.3002179,20,1784908587.2255542,37.49713893339437,0.7403547722590982,37.11795223926147,True,37.5,36.5,38.6,0.95,0.05,0.0,0.7,0.03,2,1784908597.252952,False,False,True,False,1784908497.3317506,0,0,1,0,False
1784849457.3002179,20,1784908607.2318618,37.52918287937743,0.7401640344853895,37.12863355458916,True,37.5,36.5,38.6,0.95,0.05,0.0,0.7,0.03,2,1784908617.2593973,False,False,True,False,1784908497.3317506,0,False,0,0,False
1784849457.3002179,20,1784908627.23823,37.50247959105822,0.7402975509269857,37.13130388342107,True,37.5,36.5,38.6,0.95,0.05,0.0,0.7,0.03,2,1784908637.2670825,False,True,True,False,1784908497.3317506,0,False,0,0,False
1784849457.3002179,20,1784908647.2446797,37.49980926222629,0.7401449607080187,37.11795223926147,True,37.5,36.5,38.6,0.95,0.05,0.0,0.7,0.03,2,1784908657.2745354,False,True,True,False,1784908497.3317506,0,0,1,0,False
1784849457.3002179,20,1784908667.2512534,37.49446860456244,0.7403547722590982,37.10727092393378,True,37.5,36.5,38.6,0.95,0.05,0.0,0.7,0.03,2,1784908677.2797,False,True,True,True,1784908677.3317869,0,0,1,0,False
1784849457.3002179,20,1784908687.257822,37.47844663157092,0.7403547722590982,37.12062256809338,True,37.5,36.5,38.6,0.95,0.05,0.0,0.7,0.03,2,1784908697.2853653,False,True,True,True,1784908677.3317869,0,0,1,0,False
1784849457.3002179,20,1784908707.2642298,37.50514991989013,0.7404119935912108,37.10727092393378,True,37.5,36.5,38.6,0.95,0.05,0.0,0.7,0.03,2,1784908717.2916236,False,False,True,False,1784908677.3317869,0,False,0,0,False
1784849457.3002179,20,1784908727.270585,37.49980926222629,0.7399923704890515,37.12062256809338,True,37.5,36.5,38.6,0.95,0.05,0.0,0.7,0.03,2,1784908737.2979987,False,True,True,False,1784908677.3317869,0,0,1,0,False
1784849457.3002179,20,1784908747.2767274,37.49179827573053,0.7402784771496147,37.14465552758068,True,37.5,36.5,38.6,0.95,0.05,0.0,0.7,0.03,2,1784908757.3075001,False,False,True,False,1784908677.3317869,0,0,1,0,False
1784849457.3002179,20,1784908767.2831664,37.49713893339437,0.7401449607080187,37.11795223926147,True,37.5,36.5,38.6,0.95,0.05,0.0,0.7,0.03,2,1784908777.3141937,False,False,True,False,1784908677.3317869,0,0,1,0,False
1784849457.3002179,20,1784908787.290169,37.49713893339437,0.7404310673685817,37.14465552758068,True,37.5,36.5,38.6,0.95,0.05,0.0,0.7,0.03,2,1784908797.3196979,False,True,True,False,1784908677.3317869,0,0,1,0,False
1784849457.3002179,20,1784908807.2973127,37.513160906385906,0.7404692149233234,37.14465552758068,True,37.5,36.5,38.6,0.95,0.05,0.0,0.7,0.03,2,1784908817.32614,False,False,True,False,1784908677.3317869,0,False,0,0,False
1784849457.3002179,20,1784908827.3043835,37.507820248722055,0.7403547722590982,37.152666514076444,True,37.5,36.5,38.6,0.95,0.05,0.0,0.7,0.03,2,1784908837.3327606,False,True,True,False,1784908677.3317869,0,False,0,0,False
1784849457.3002179,20,1784908847.3116856,37.489127946898606,0.740240329594873,37.12329289692531,True,37.5,36.5,38.6,0.95,0.05,0.0,0.7,0.03,2,1784908857.340836,False,True,True,True,1784908857.3409998,0,0,1,0,False
1784849457.3002179,20,1784908867.3179207,37.49980926222629,0.7404310673685817,37.096589608606095,True,37.5,36.5,38.6,0.95,0.05,0.0,0.7,0.03,2,1784908877.347502,False,True,True,True,1784908857.3409998,0,0,1,0,False
1784849457.3002179,20,1784908887.3242846,37.483787289234755,0.7402212558175022,37.115281910429545,True,37.5,36.5,38.6,0.95,0.05,0.0,0.7,0.03,2,1784908897.3516984,False,True,True,False,1784908857.3409998,0,0,1,0,False
1784849457.3002179,20,1784908907.3305311,37.489127946898606,0.7403166247043564,37.11795223926147,True,37.5,36.5,38.6,0.95,0.05,0.0,0.7,0.03,2,1784908917.3605962,False,False,True,False,1784908857.3409998,0,0,1,0,False
1784849457.3002179,20,1784908927.3368683,37.49980926222629,0.7405264362554361,37.152666514076444,True,37.5,36.5,38.6,0.95,0.05,0.0,0.7,0.03,2,1784908937.3643756,False,True,True,False,1784908857.3409998,0,0,1,0,False
1784849457.3002179,20,1784908947.3432393,37.52918287937743,0.7403929198138399,37.14465552758068,True,37.5,36.5,38.6,0.95,0.05,0.0,0.7,0.03,2,1784908957.3721442,False,True,True,False,1784908857.3409998,0,False,0,0,False
1784849457.3002179,20,1784908967.3495781,37.507820248722055,0.7402021820401312,37.133974212252994,True,37.5,36.5,38.6,0.95,0.05,0.0,0.7,0.03,2,1784908977.378429,False,True,True,False,1784908857.3409998,0,False,0,0,False
1784849457.3002179,20,1784908987.3560326,37.49713893339437,0.7406027313649196,37.12329289692531,True,37.5,36.5,38.6,0.95,0.05,0.0,0.7,0.03,2,1784908997.384062,False,True,True,False,1784908857.3409998,0,0,1,0,False
1784849457.3002179,20,1784909007.3624494,37.50247959105822,0.7404882887006943,37.12329289692531,True,37.5,36.5,38.6,0.95,0.05,0.0,0.7,0.03,2,1784909017.3923144,True,True,True,False,1784908857.3409998,0,False,0,0,False
1784849457.3002179,20,1784909027.3697019,37.50247959105822,0.7404119935912108,37.12062256809338,True,37.5,36.5,38.6,0.95,0.05,0.0,0.7,0.03,2,1784909037.3977075,True,True,True,True,1784909037.3410277,0,False,0,0,False
1784849457.3002179,20,1784909047.3766923,37.51049057755398,0.7402594033722438,37.10727092393378,True,37.5,36.5,38.6,0.95,0.05,0.0,0.7,0.03,2,1784909057.4041803,True,False,True,False,1784909037.3410277,0,False,0,0,False
1784849457.3002179,20,1784909067.3830447,37.47844663157092,0.7401258869306477,37.07522697795072,True,37.5,36.5,38.6,0.95,0.05,0.0,0.7,0.03,2,1784909077.4126058,True,False,True,False,1784909037.3410277,0,0,1,0,False
1784849457.3002179,20,1784909087.3905468,37.47310597390707,0.7404119935912108,37.08323796444648,True,37.5,36.5,38.6,0.95,0.05,0.0,0.7,0.03,2,1784909097.4188297,True,True,True,False,1784909037.3410277,0,0,1,0,False
1784849457.3002179,20,1784909107.3981483,37.49446860456244,0.7405264362554361,37.06988632028687,True,37.5,36.5,38.6,0.95,0.05,0.0,0.7,0.03,2,1784909117.4278257,True,False,True,False,1784909037.3410277,0,0,1,0,False
1784849457.3002179,20,1784909127.40666,37.51583123521782,0.7405073624780651,37.08323796444648,True,37.5,36.5,38.6,0.95,0.05,0.0,0.7,0.03,2,1784909137.4363155,True,True,True,False,1784909037.3410277,0,False,0,0,False
1784849457.3002179,20,1784909147.4156792,37.53986419470512,0.7402212558175022,37.10193026626993,True,37.5,36.5,38.6,0.95,0.05,0.0,0.7,0.03,2,1784909157.4452355,True,False,True,False,1784909037.3410277,0,False,0,0,False
1784849457.3002179,20,1784909167.4238615,37.52384222171359,0.7403738460364692,37.11261158159762,True,37.5,36.5,38.6,0.95,0.05,0.0,0.7,0.03,2,1784909177.4527996,True,False,True,False,1784909037.3410277,0,False,0,0,False
1784849457.3002179,20,1784909187.4318926,37.507820248722055,0.7402594033722438,37.10727092393378,True,37.5,36.5,38.6,0.95,0.05,0.0,0.7,0.03,2,1784909197.4606712,True,False,True,False,1784909037.3410277,0,False,0,0,False
1784849457.3002179,20,1784909207.439082,37.50247959105822,0.7405645838101778,37.08056763561456,True,37.5,36.5,38.6,0.95,0.05,0.0,0.7,0.03,2,1784909217.4668646,True,True,True,True,1784909217.3410296,0,False,0,0,False
1784849457.3002179,20,1784909227.4454215,37.470435645075156,0.7405264362554361,37.04585336079957,True,37.5,36.5,38.6,0.95,0.05,0.0,0.7,0.03,2,1784909237.4744246,True,True,True,False,1784909217.3410296,0,0,1,0,False
1784849457.3002179,20,1784909247.4517238,37.45174334325169,0.7402594033722438,37.03250171663997,True,37.5,36.5,38.6,0.95,0.05,0.0,0.7,0.03,2,1784909257.479123,True,True,True,False,1784909217.3410296,0,0,1,0,False
1784849457.3002179,20,1784909267.4580457,37.45708400091554,0.7404119935912108,37.02182040131228,True,37.5,36.5,38.6,0.95,0.05,0.0,0.7,0.03,2,1784909277.4854302,True,True,True,False,1784909217.3410296,0,0,1,0,False
1784849457.3002179,20,1784909287.4642413,37.47310597390707,0.7400686655985352,37.029831387808045,True,37.5,36.5,38.6,0.95,0.05,0.0,0.7,0.03,2,1784909297.4913342,True,True,True,False,1784909217.3410296,0,0,1,0,False
1784849457.3002179,20,1784909307.4704814,37.47310597390707,0.7403929198138399,37.05920500495918,True,37.5,36.5,38.6,0.95,0.05,0.0,0.7,0.03,2,1784909317.4974365,True,True,True,False,1784909217.3410296,0,0,1,0,False
1784849457.3002179,20,1784909327.4766746,37.526512550545505,0.7402594033722438,37.072556649118795,True,37.5,36.5,38.6,0.95,0.05,0.0,0.7,0.03,2,1784909337.5037413,True,False,True,False,1784909217.3410296,0,False,0,0,False
1784849457.3002179,20,1784909347.483045,37.507820248722055,0.7403547722590982,37.08590829327841,True,37.5,36.5,38.6,0.95,0.05,0.0,0.7,0.03,2,1784909357.5100482,True,True,True,False,1784909217.3410296,0,False,0,0,False
1784849457.3002179,20,1784909367.4893372,37.51850156404974,0.7403356984817273,37.06988632028687,True,37.5,36.5,38.6,0.95,0.05,0.0,0.7,0.03,2,1784909377.5169556,True,False,True,False,1784909217.3410296,0,False,0,0,False
1784849457.3002179,20,1784909387.4956932,37.49179827573053,0.7400305180437934,37.053864347295345,True,37.5,36.5,38.6,0.95,0.05,0.0,0.7,0.03,2,1784909397.5231493,True,False,True,True,1784909397.3410373,0,0,1,0,False
1784849457.3002179,20,1784909407.5026731,37.45441367208362,0.740087739375906,37.048523689631494,True,37.5,36.5,38.6,0.95,0.05,0.0,0.7,0.03,2,1784909417.5320296,True,True,True,False,1784909397.3410373,0,0,1,0,False
1784849457.3002179,20,1784909427.5107229,37.44373235675593,0.740240329594873,37.029831387808045,True,37.5,36.5,38.6,0.95,0.05,0.0,0.7,0.03,2,1784909437.538722,True,True,True,False,1784909397.3410373,0,0,1,0,False
1784849457.3002179,20,1784909447.5179517,37.47844663157092,0.7403929198138399,37.04318303196766,True,37.5,36.5,38.6,0.95,0.05,0.0,0.7,0.03,2,1784909457.5499983,True,False,True,False,1784909397.3410373,0,0,1,0,False
1784849457.3002179,20,1784909467.5242565,37.49980926222629,0.7403547722590982,37.053864347295345,True,37.5,36.5,38.6,0.95,0.05,0.0,0.7,0.03,2,1784909477.55444,True,True,True,False,1784909397.3410373,0,0,1,0,False
1784849457.3002179,20,1784909487.5308754,37.51049057755398,0.7404119935912108,37.09391927977417,True,37.5,36.5,38.6,0.95,0.05,0.0,0.7,0.03,2,1784909497.5611386,True,True,True,False,1784909397.3410373,0,False,0,0,False
1784849457.3002179,20,1784909507.5374472,37.526512550545505,0.7403929198138399,37.08056763561456,True,37.5,36.5,38.6,0.95,0.05,0.0,0.7,0.03,2,1784909517.5649848,True,True,True,False,1784909397.3410373,0,False,0,0,False
1784849457.3002179,20,1784909527.5439572,37.51049057755398,0.7405645838101778,37.09391927977417,True,37.5,36.5,38.6,0.95,0.05,0.0,0.7,0.03,2,1784909537.5715072,True,True,True,False,1784909397.3410373,0,False,0,0,False
1784849457.3002179,20,1784909547.550327,37.507820248722055,0.7405645838101778,37.053864347295345,True,37.5,36.5,38.6,0.95,0.05,0.0,0.7,0.03,2,1784909557.5774302,True,False,True,False,1784909397.3410373,0,False,0,0,False
1784849457.3002179,20,1784909567.5568378,37.470435645075156,0.7404501411459526,37.04318303196766,True,37.5,36.5,38.6,0.95,0.05,0.0,0.7,0.03,2,1784909577.5839934,True,True,True,True,1784909577.3410587,0,0,1,0,False
1784849457.3002179,20,1784909587.563097,37.41702906843672,0.7404501411459526,37.02182040131228,True,37.5,36.5,38.6,0.95,0.05,0.0,0.7,0.03,2,1784909597.5900655,True,True,True,False,1784909577.3410587,0,0,1,0,False
1784849457.3002179,20,1784909607.5693073,37.43305104142824,0.7402975509269857,37.01647974364843,True,37.5,36.5,38.6,0.95,0.05,0.0,0.7,0.03,2,1784909617.5968122,True,True,True,False,1784909577.3410587,0,0,1,0,False
1784849457.3002179,20,1784909627.575547,37.470435645075156,0.7401068131532769,37.00312809948882,True,37.5,36.5,38.6,0.95,0.05,0.0,0.7,0.03,2,1784909637.603276,True,False,True,False,1784909577.3410587,0,0,1,0,False
1784849457.3002179,20,1784909647.5818732,37.47310597390707,0.7405455100328069,37.03250171663997,True,37.5,36.5,38.6,0.95,0.05,0.0,0.7,0.03,2,1784909657.608973,True,True,True,False,1784909577.3410587,0,0,1,0,False
1784849457.3002179,20,1784909667.588172,37.49446860456244,0.7406790264744031,37.04318303196766,True,37.5,36.5,38.6,0.95,0.05,0.0,0.7,0.03,2,1784909677.6155434,True,True,True,False,1784909577.3410587,0,0,1,0,False
1784849457.3002179,20,1784909687.5944088,37.526512550545505,0.7405264362554361,37.05653467612726,True,37.5,36.5,38.6,0.95,0.05,0.0,0.7,0.03,2,1784909697.6218626,True,True,True,False,1784909577.3410587,0,False,0,0,False
1784849457.3002179,20,1784909707.6007197,37.53719386587319,0.7403929198138399,37.091248950942244,True,37.5,36.5,38.6,0.95,0.05,0.0,0.7,0.03,2,1784909717.6300402,True,True,True,False,1784909577.3410587,0,False,0,0,False
1784849457.3002179,20,1784909727.6082542,37.54253452353704,0.7403738460364692,37.067215991454944,True,37.5,36.5,38.6,0.95,0.05,0.0,0.7,0.03,2,1784909737.6377747,True,True,True,False,1784909577.3410587,0,False,0,0,False
1784849457.3002179,20,1784909747.6168108,37.53986419470512,0.7406027313649196,37.05920500495918,True,37.5,36.5,38.6,0.95,0.05,0.0,0.7,0.03,2,1784909757.6451008,True,True,True,True,1784909757.341095,0,False,0,0,False
1784849457.3002179,20,1784909767.6249413,37.49179827573053,0.7404882887006943,37.03784237430381,True,37.5,36.5,38.6,0.95,0.05,0.0,0.7,0.03,2,1784909777.6598392,True,True,True,False,1784909757.341095,0,0,1,0,False
1784849457.3002179,20,1784909787.6333895,37.47577630273899,0.7403929198138399,37.03784237430381,True,37.5,36.5,38.6,0.95,0.05,0.0,0.7,0.03,2,1784909797.6619983,True,True,True,False,1784909757.341095,0,0,1,0,False
1784849457.3002179,20,1784909807.641344,37.438391699092094,0.7404119935912108,37.01647974364843,True,37.5,36.5,38.6,0.95,0.05,0.0,0.7,0.03,2,1784909817.6688352,True,True,True,False,1784909757.341095,0,0,1,0,False
1784849457.3002179,20,1784909827.6476667,37.45441367208362,0.740240329594873,37.04051270313573,True,37.5,36.5,38.6,0.95,0.05,0.0,0.7,0.03,2,1784909837.6795795,True,True,True,False,1784909757.341095,0,0,1,0,False
1784849457.3002179,20,1784909847.6538544,37.47310597390707,0.7404882887006943,37.03784237430381,True,37.5,36.5,38.6,0.95,0.05,0.0,0.7,0.03,2,1784909857.6825457,True,True,True,False,1784909757.341095,0,0,1,0,False
1784849457.3002179,20,1784909867.660759,37.49980926222629,0.7407171740291447,37.048523689631494,True,37.5,36.5,38.6,0.95,0.05,0.0,0.7,0.03,2,1784909877.6891613,True,True,True,False,1784909757.341095,0,0,1,0,False
1784849457.3002179,20,1784909887.6678984,37.526512550545505,0.7406027313649196,37.072556649118795,True,37.5,36.5,38.6,0.95,0.05,0.0,0.7,0.03,2,1784909897.6949232,True,False,True,False,1784909757.341095,0,False,0,0,False
1784849457.3002179,20,1784909907.6742325,37.54253452353704,0.7406408789196612,37.08056763561456,True,37.5,36.5,38.6,0.95,0.05,0.0,0.7,0.03,2,1784909917.7015803,True,True,True,False,1784909757.341095,0,False,0,0,False
1784849457.3002179,20,1784909927.6805136,37.526512550545505,0.7406790264744031,37.072556649118795,True,37.5,36.5,38.6,0.95,0.05,0.0,0.7,0.03,2,1784909937.7122676,True,True,True,True,1784909937.3411245,0,False,0,0,False
1784849457.3002179,20,1784909947.6869218,37.49179827573053,0.7405264362554361,37.04318303196766,True,37.5,36.5,38.6,0.95,0.05,0.0,0.7,0.03,2,1784909957.716065,True,True,True,False,1784909937.3411245,0,0,1,0,False
1784849457.3002179,20,1784909967.6933177,37.44373235675593,0.7405073624780651,37.005798428320745,True,37.5,36.5,38.6,0.95,0.05,0.0,0.7,0.03,2,1784909977.722601,True,True,True,False,1784909937.3411245,0,0,1,0,False
1784849457.3002179,20,1784909987.6999836,37.470435645075156,0.7406027313649196,37.03250171663997,True,37.5,36.5,38.6,0.95,0.05,0.0,0.7,0.03,2,1784909997.7302554,True,True,True,False,1784909937.3411245,0,0,1,0,False
1784849457.3002179,20,1784910007.7072299,37.481116960402844,0.7405836575875486,37.03250171663997,True,37.5,36.5,38.6,0.95,0.05,0.0,0.7,0.03,2,1784910017.7349997,True,True,True,False,1784909937.3411245,0,0,1,0,False
1784849457.3002179,20,1784910027.7145016,37.50247959105822,0.7401831082627603,37.04051270313573,True,37.5,36.5,38.6,0.95,0.05,0.0,0.7,0.03,2,1784910037.7444274,True,False,True,False,1784909937.3411245,0,False,0,0,False
1784849457.3002179,20,1784910047.721,37.526512550545505,0.7406790264744031,37.04318303196766,True,37.5,36.5,38.6,0.95,0.05,0.0,0.7,0.03,2,1784910057.7552567,True,True,True,False,1784909937.3411245,0,False,0,0,False
1784849457.3002179,20,1784910067.7276282,37.531853208209355,0.7405073624780651,37.053864347295345,True,37.5,36.5,38.6,0.95,0.05,0.0,0.7,0.03,2,1784910077.7595541,True,True,True,False,1784909937.3411245,0,False,0,0,False
1784849457.3002179,20,1784910087.7342048,37.531853208209355,0.7406408789196612,37.04585336079957,True,37.5,36.5,38.6,0.95,0.05,0.0,0.7,0.03,2,1784910097.7636197,True,True,True,False,1784909937.3411245,0,False,0,0,False
1784849457.3002179,20,1784910107.7415168,37.47310597390707,0.7402784771496147,37.03784237430381,True,37.5,36.5,38.6,0.95,0.05,0.0,0.7,0.03,2,1784910117.7704296,True,True,True,True,1784910117.3411348,0,0,1,0,False
1784849457.3002179,20,1784910127.7491686,37.46776531624323,0.7406599526970321,37.00312809948882,True,37.5,36.5,38.6,0.95,0.05,0.0,0.7,0.03,2,1784910137.7770536,True,False,True,False,1784910117.3411348,0,0,1,0,False
1784849457.3002179,20,1784910147.7564242,37.44907301441978,0.7402212558175022,37.005798428320745,True,37.5,36.5,38.6,0.95,0.05,0.0,0.7,0.03,2,1784910157.786761,True,False,True,False,1784910117.3411348,0,0,1,0,False
1784849457.3002179,20,1784910167.765624,37.43305104142824,0.7403929198138399,37.00045777065691,True,37.5,36.5,38.6,0.95,0.05,0.0,0.7,0.03,2,1784910177.7947102,True,False,True,False,1784910117.3411348,0,0,1,0,False
1784849457.3002179,20,1784910187.776987,37.470435645075156,0.7403738460364692,37.01647974364843,True,37.5,36.5,38.6,0.95,0.05,0.0,0.7,0.03,2,1784910197.8095667,True,False,True,False,1784910117.3411348,0,0,1,0,False
1784849457.3002179,20,1784910207.7881775,37.507820248722055,0.7406790264744031,37.053864347295345,True,37.5,36.5,38.6,0.95,0.05,0.0,0.7,0.03,2,1784910217.8158164,True,False,True,False,1784910117.3411348,0,False,0,0,False
1784849457.3002179,20,1784910227.794451,37.51850156404974,0.7403738460364692,37.05119401846342,True,37.5,36.5,38.6,0.95,0.05,0.0,0.7,0.03,2,1784910237.8223162,True,True,True,False,1784910117.3411348,0,False,0,0,False
1784849457.3002179,20,1784910247.8007154,37.51049057755398,0.7405836575875486,37.07522697795072,True,37.5,36.5,38.6,0.95,0.05,0.0,0.7,0.03,2,1784910257.8335102,True,False,True,False,1784910117.3411348,0,False,0,0,False
1784849457.3002179,20,1784910267.8080075,37.51583123521782,0.7405836575875486,37.048523689631494,True,37.5,36.5,38.6,0.95,0.05,0.0,0.7,0.03,2,1784910277.8534086,True,True,True,False,1784910117.3411348,0,False,0,0,False
1784849457.3002179,20,1784910287.8154545,37.49446860456244,0.7407171740291447,37.03517204547188,True,37.5,36.5,38.6,0.95,0.05,0.0,0.7,0.03,2,1784910297.8430629,True,False,True,True,1784910297.3411694,0,0,1,0,False
1784849457.3002179,20,1784910307.8216903,37.446402685587856,0.7404310673685817,37.011139085984595,True,37.5,36.5,38.6,0.95,0.05,0.0,0.7,0.03,2,1784910317.8509834,True,False,True,False,1784910297.3411694,0,0,1,0,False
1784849457.3002179,20,1784910327.8291943,37.43038071259632,0.7403166247043564,37.00312809948882,True,37.5,36.5,38.6,0.95,0.05,0.0,0.7,0.03,2,1784910337.8592882,True,False,True,False,1784910297.3411694,0,0,1,0,False
1784849457.3002179,20,1784910347.8379762,37.44373235675593,0.7406599526970321,36.989776455329206,True,37.5,36.5,38.6,0.95,0.05,0.0,0.7,0.03,2,1784910357.869798,True,False,True,False,1784910297.3411694,0,0,1,0,False
1784849457.3002179,20,1784910367.8450844,37.470435645075156,0.7405645838101778,37.005798428320745,True,37.5,36.5,38.6,0.95,0.05,0.0,0.7,0.03,2,1784910377.8724985,True,True,True,False,1784910297.3411694,0,0,1,0,False
1784849457.3002179,20,1784910387.8513618,37.49179827573053,0.7408888380254826,37.02716105897612,True,37.5,36.5,38.6,0.95,0.05,0.0,0.7,0.03,2,1784910397.878979,True,True,True,False,1784910297.3411694,0,0,1,0,False
1784849457.3002179,20,1784910407.8577528,37.50247959105822,0.7403547722590982,37.048523689631494,True,37.5,36.5,38.6,0.95,0.05,0.0,0.7,0.03,2,1784910417.884759,True,True,True,False,1784910297.3411694,0,False,0,0,False
1784849457.3002179,20,1784910427.8641088,37.53452353704128,0.7405264362554361,37.08323796444648,True,37.5,36.5,38.6,0.95,0.05,0.0,0.7,0.03,2,1784910437.891429,True,True,True,False,1784910297.3411694,0,False,0,0,False
1784849457.3002179,20,1784910447.8704088,37.526512550545505,0.7406790264744031,37.053864347295345,True,37.5,36.5,38.6,0.95,0.05,0.0,0.7,0.03,2,1784910457.8977945,True,True,True,False,1784910297.3411694,0,False,0,0,False
1784849457.3002179,20,1784910467.8767285,37.51049057755398,0.7405645838101778,37.048523689631494,True,37.5,36.5,38.6,0.95,0.05,0.0,0.7,0.03,2,1784910477.9041648,True,True,True,True,1784910477.3411994,0,False,0,0,False
1784849457.3002179,20,1784910487.8831432,37.489127946898606,0.7405264362554361,37.01915007248036,True,37.5,36.5,38.6,0.95,0.05,0.0,0.7,0.03,2,1784910497.9178486,True,True,True,False,1784910477.3411994,0,0,1,0,False
1784849457.3002179,20,1784910507.889303,37.46776531624323,0.7406599526970321,37.00045777065691,True,37.5,36.5,38.6,0.95,0.05,0.0,0.7,0.03,2,1784910517.9165773,True,True,True,False,1784910477.3411994,0,0,1,0,False
1784849457.3002179,20,1784910527.8961692,37.446402685587856,0.7405073624780651,37.024490730144194,True,37.5,36.5,38.6,0.95,0.05,0.0,0.7,0.03,2,1784910537.933074,True,True,True,False,1784910477.3411994,0,0,1,0,False
1784849457.3002179,20,1784910547.9037013,37.470435645075156,0.7406599526970321,37.04318303196766,True,37.5,36.5,38.6,0.95,0.05,0.0,0.7,0.03,2,1784910557.931064,True,True,True,False,1784910477.3411994,0,0,1,0,False
1784849457.3002179,20,1784910567.909945,37.48645761806668,0.7406790264744031,37.02182040131228,True,37.5,36.5,38.6,0.95,0.05,0.0,0.7,0.03,2,1784910577.9376066,True,True,True,False,1784910477.3411994,0,0,1,0,False
1784849457.3002179,20,1784910587.9162245,37.513160906385906,0.7406408789196612,37.03250171663997,True,37.5,36.5,38.6,0.95,0.05,0.0,0.7,0.03,2,1784910597.9454756,True,True,True,False,1784910477.3411994,0,False,0,0,False
1784849457.3002179,20,1784910607.9228141,37.52384222171359,0.7410223544670786,37.048523689631494,True,37.5,36.5,38.6,0.95,0.05,0.0,0.7,0.03,2,1784910617.9583988,True,False,True,False,1784910477.3411994,0,False,0,0,False
1784849457.3002179,20,1784910627.937198,37.52918287937743,0.7407171740291447,37.04585336079957,True,37.5,36.5,38.6,0.95,0.05,0.0,0.7,0.03,2,1784910637.9644918,True,True,True,False,1784910477.3411994,0,False,0,0,False
1784849457.3002179,20,1784910647.9435716,37.50514991989013,0.7406408789196612,37.04318303196766,True,37.5,36.5,38.6,0.95,0.05,0.0,0.7,0.03,2,1784910657.9825964,True,True,True,True,1784910657.341203,0,False,0,0,False
1784849457.3002179,20,1784910667.949953,37.489127946898606,0.7404501411459526,37.005798428320745,True,37.5,36.5,38.6,0.95,0.05,0.0,0.7,0.03,2,1784910677.9776812,True,False,True,False,1784910657.341203,0,0,1,0,False
1784849457.3002179,20,1784910687.9562416,37.46776531624323,0.7403738460364692,37.01915007248036,True,37.5,36.5,38.6,0.95,0.05,0.0,0.7,0.03,2,1784910697.9836285,True,True,True,False,1784910657.341203,0,0,1,0,False
1784849457.3002179,20,1784910707.9624572,37.446402685587856,0.7406790264744031,37.01647974364843,True,37.5,36.5,38.6,0.95,0.05,0.0,0.7,0.03,2,1784910717.989766,True,True,True,False,1784910657.341203,0,0,1,0,False
1784849457.3002179,20,1784910727.9685552,37.47310597390707,0.7404119935912108,37.029831387808045,True,37.5,36.5,38.6,0.95,0.05,0.0,0.7,0.03,2,1784910737.9958954,True,True,True,False,1784910657.341203,0,0,1,0,False
1784849457.3002179,20,1784910747.974851,37.51850156404974,0.7406981002517738,37.02716105897612,True,37.5,36.5,38.6,0.95,0.05,0.0,0.7,0.03,2,1784910758.0017278,True,True,True,False,1784910657.341203,0,False,0,0,False
1784849457.3002179,20,1784910767.9810565,37.53452353704128,0.7405836575875486,37.03784237430381,True,37.5,36.5,38.6,0.95,0.05,0.0,0.7,0.03,2,1784910778.0115151,True,True,True,False,1784910657.341203,0,False,0,0,False
1784849457.3002179,20,1784910787.9891512,37.53986419470512,0.74083161669337,37.02716105897612,True,37.5,36.5,38.6,0.95,0.05,0.0,0.7,0.03,2,1784910798.0192094,True,True,True,False,1784910657.341203,0,False,0,0,False
1784849457.3002179,20,1784910807.9982142,37.50247959105822,0.7408697642481117,37.04318303196766,True,37.5,36.5,38.6,0.95,0.05,0.0,0.7,0.03,2,1784910818.0283828,True,True,True,False,1784910657.341203,0,False,0,0,False
1784849457.3002179,20,1784910828.007001,37.470435645075156,0.7407934691386282,37.029831387808045,True,37.5,36.5,38.6,0.95,0.05,0.0,0.7,0.03,2,1784910838.0371084,True,True,True,True,1784910837.3412137,0,0,1,0,False
1784849457.3002179,20,1784910848.0162735,37.46242465857938,0.7403547722590982,37.011139085984595,True,37.5,36.5,38.6,0.95,0.05,0.0,0.7,0.03,2,1784910858.04593,True,True,True,False,1784910837.3412137,0,0,1,0,False
1784849457.3002179,20,1784910868.0248387,37.47310597390707,0.7409269855802243,37.005798428320745,True,37.5,36.5,38.6,0.95,0.05,0.0,0.7,0.03,2,1784910878.0546315,True,True,True,False,1784910837.3412137,0,0,1,0,False
1784849457.3002179,20,1784910888.0337026,37.45708400091554,0.7404501411459526,37.01380941481651,True,37.5,36.5,38.6,0.95,0.05,0.0,0.7,0.03,2,1784910898.0632937,True,True,True,False,1784910837.3412137,0,0,1,0,False
1784849457.3002179,20,1784910908.0412061,37.49980926222629,0.7404310673685817,37.04318303196766,True,37.5,36.5,38.6,0.95,0.05,0.0,0.7,0.03,2,1784910918.0686178,True,False,True,False,1784910837.3412137,0,0,1,0,False
1784849457.3002179,20,1784910928.0474873,37.50514991989013,0.741117723353933,37.029831387808045,True,37.5,36.5,38.6,0.95,0.05,0.0,0.7,0.03,2,1784910938.0753345,True,True,True,False,1784910837.3412137,0,False,0,0,False
1784849457.3002179,20,1784910948.053755,37.54520485236897,0.7405455100328069,37.053864347295345,True,37.5,36.5,38.6,0.95,0.05,0.0,0.7,0.03,2,1784910958.08082,True,True,True,False,1784910837.3412137,0,False,0,0,False
1784849457.3002179,20,1784910968.0600908,37.53452353704128,0.7408506904707408,37.053864347295345,True,37.5,36.5,38.6,0.95,0.05,0.0,0.7,0.03,2,1784910978.0880208,True,True,True,False,1784910837.3412137,0,False,0,0,False
1784849457.3002179,20,1784910988.067313,37.50247959105822,0.7408506904707408,37.06454566262303,True,37.5,36.5,38.6,0.95,0.05,0.0,0.7,0.03,2,1784910998.0957835,True,False,True,False,1784910837.3412137,0,False,0,0,False
1784849457.3002179,20,1784911008.0745761,37.481116960402844,0.7408125429159991,37.02716105897612,True,37.5,36.5,38.6,0.95,0.05,0.0,0.7,0.03,2,1784911018.1057026,True,True,True,True,1784911017.341222,0,0,1,0,False
1784849457.3002179,20,1784911028.0810165,37.45975432974747,0.7406408789196612,37.01380941481651,True,37.5,36.5,38.6,0.95,0.05,0.0,0.7,0.03,2,1784911038.1115057,True,False,True,False,1784911017.341222,0,0,1,0,False
1784849457.3002179,20,1784911048.0877764,37.46242465857938,0.7405836575875486,37.02716105897612,True,37.5,36.5,38.6,0.95,0.05,0.0,0.7,0.03,2,1784911058.1149015,True,True,True,False,1784911017.341222,0,0,1,0,False
1784849457.3002179,20,1784911068.0940583,37.489127946898606,0.7409269855802243,37.01647974364843,True,37.5,36.5,38.6,0.95,0.05,0.0,0.7,0.03,2,1784911078.1214397,True,True,True,False,1784911017.341222,0,0,1,0,False
1784849457.3002179,20,1784911088.100339,37.51049057755398,0.7408697642481117,37.01915007248036,True,37.5,36.5,38.6,0.95,0.05,0.0,0.7,0.03,2,1784911098.1285582,True,True,True,False,1784911017.341222,0,False,0,0,False
1784849457.3002179,20,1784911108.1067533,37.55321583886473,0.7407362478065156,37.053864347295345,True,37.5,36.5,38.6,0.95,0.05,0.0,0.7,0.03,2,1784911118.1419559,True,True,True,False,1784911017.341222,0,False,0,0,False
1784849457.3002179,20,1784911128.113406,37.54787518120088,0.7407934691386282,37.029831387808045,True,37.5,36.5,38.6,0.95,0.05,0.0,0.7,0.03,2,1784911138.142891,True,False,True,False,1784911017.341222,0,False,0,0,False
1784849457.3002179,20,1784911148.1199365,37.513160906385906,0.7409079118028535,37.053864347295345,True,37.5,36.5,38.6,0.95,0.05,0.0,0.7,0.03,2,1784911158.147893,True,True,True,False,1784911017.341222,0,False,0,0,False
1784849457.3002179,20,1784911168.1263468,37.507820248722055,0.7407171740291447,37.04318303196766,True,37.5,36.5,38.6,0.95,0.05,0.0,0.7,0.03,2,1784911178.155956,True,False,True,False,1784911017.341222,0,False,0,0,False
1784849457.3002179,20,1784911188.1331651,37.470435645075156,0.7406408789196612,37.03250171663997,True,37.5,36.5,38.6,0.95,0.05,0.0,0.7,0.03,2,1784911198.1605468,True,True,True,True,1784911197.341241,0,0,1,0,False
1784849457.3002179,20,1784911208.1394343,37.47577630273899,0.7407553215838866,37.01647974364843,True,37.5,36.5,38.6,0.95,0.05,0.0,0.7,0.03,2,1784911218.1674187,True,False,True,False,1784911197.341241,0,0,1,0,False
1784849457.3002179,20,1784911228.1457045,37.470435645075156,0.7408697642481117,37.00312809948882,True,37.5,36.5,38.6,0.95,0.05,0.0,0.7,0.03,2,1784911238.1738741,True,False,True,False,1784911197.341241,0,0,1,0,False
1784849457.3002179,20,1784911248.1527383,37.47844663157092,0.7408125429159991,37.00045777065691,True,37.5,36.5,38.6,0.95,0.05,0.0,0.7,0.03,2,1784911258.1820855,True,True,True,False,1784911197.341241,0,0,1,0,False
1784849457.3002179,20,1784911268.1598973,37.49980926222629,0.7407171740291447,37.02716105897612,True,37.5,36.5,38.6,0.95,0.05,0.0,0.7,0.03,2,1784911278.1873147,True,True,True,False,1784911197.341241,0,0,1,0,False
1784849457.3002179,20,1784911288.1661074,37.54253452353704,0.7407934691386282,37.04585336079957,True,37.5,36.5,38.6,0.95,0.05,0.0,0.7,0.03,2,1784911298.1935294,True,True,True,False,1784911197.341241,0,False,0,0,False
1784849457.3002179,20,1784911308.172408,37.526512550545505,0.7408506904707408,37.053864347295345,True,37.5,36.5,38.6,0.95,0.05,0.0,0.7,0.03,2,1784911318.1997867,True,True,True,False,1784911197.341241,0,False,0,0,False
1784849457.3002179,20,1784911328.178764,37.51049057755398,0.7408506904707408,37.06187533379111,True,37.5,36.5,38.6,0.95,0.05,0.0,0.7,0.03,2,1784911338.2065446,True,True,True,False,1784911197.341241,0,False,0,0,False
1784849457.3002179,20,1784911348.1851807,37.48645761806668,0.7406981002517738,37.04318303196766,True,37.5,36.5,38.6,0.95,0.05,0.0,0.7,0.03,2,1784911358.2132032,True,True,True,False,1784911197.341241,0,0,1,0,False
1784849457.3002179,20,1784911368.1914506,37.49713893339437,0.7406599526970321,37.03250171663997,True,37.5,36.5,38.6,0.95,0.05,0.0,0.7,0.03,2,1784911378.2230031,True,True,True,True,1784911377.3412488,0,0,1,0,False
1784849457.3002179,20,1784911388.1979628,37.49179827573053,0.7407934691386282,37.04318303196766,True,37.5,36.5,38.6,0.95,0.05,0.0,0.7,0.03,2,1784911398.2253325,True,True,True,False,1784911377.3412488,0,0,1,0,False
1784849457.3002179,20,1784911408.2041645,37.48645761806668,0.7408888380254826,37.011139085984595,True,37.5,36.5,38.6,0.95,0.05,0.0,0.7,0.03,2,1784911418.2316468,True,True,True,False,1784911377.3412488,0,0,1,0,False
1784849457.3002179,20,1784911428.2104783,37.49713893339437,0.740984206912337,37.01915007248036,True,37.5,36.5,38.6,0.95,0.05,0.0,0.7,0.03,2,1784911438.2381985,True,False,True,False,1784911377.3412488,0,0,1,0,False
1784849457.3002179,20,1784911448.2166622,37.51049057755398,0.7408697642481117,37.053864347295345,True,37.5,36.5,38.6,0.95,0.05,0.0,0.7,0.03,2,1784911458.2446222,True,True,True,False,1784911377.3412488,0,False,0,0,False
1784849457.3002179,20,1784911468.223156,37.55855649652857,0.740965133134966,37.048523689631494,True,37.5,36.5,38.6,0.95,0.05,0.0,0.7,0.03,2,1784911478.2532,True,True,True,False,1784911377.3412488,0,False,0,0,False
1784849457.3002179,20,1784911488.2297144,37.526512550545505,0.7408506904707408,37.04585336079957,True,37.5,36.5,38.6,0.95,0.05,0.0,0.7,0.03,2,1784911498.2571356,True,False,True,False,1784911377.3412488,0,False,0,0,False
1784849457.3002179,20,1784911508.2373788,37.489127946898606,0.7408125429159991,37.02182040131228,True,37.5,36.5,38.6,0.95,0.05,0.0,0.7,0.03,2,1784911518.267488,True,True,True,False,1784911377.3412488,0,0,1,0,False
1784849457.3002179,20,1784911528.2460172,37.43572137026017,0.7406981002517738,37.029831387808045,True,37.5,36.5,38.6,0.95,0.05,0.0,0.7,0.03,2,1784911538.2731779,True,True,True,False,1784911377.3412488,0,0,1,0,False
1784849457.3002179,20,1784911548.2522132,37.44907301441978,0.7407743953612573,37.00045777065691,True,37.5,36.5,38.6,0.95,0.05,0.0,0.7,0.03,2,1784911558.2802112,True,True,True,True,1784911557.341264,0,0,1,0,False
1784849457.3002179,20,1784911568.2619398,37.465094987411305,0.7408506904707408,37.01647974364843,True,37.5,36.5,38.6,0.95,0.05,0.0,0.7,0.03,2,1784911578.2915637,True,True,True,False,1784911557.341264,0,0,1,0,False
1784849457.3002179,20,1784911588.2746317,37.470435645075156,0.7407934691386282,37.00045777065691,True,37.5,36.5,38.6,0.95,0.05,0.0,0.7,0.03,2,1784911598.3661904,True,True,True,False,1784911557.341264,0,0,1,0,False
1784849457.3002179,20,1784911608.3459573,37.50247959105822,0.740965133134966,37.01647974364843,True,37.5,36.5,38.6,0.95,0.05,0.0,0.7,0.03,2,1784911618.375398,True,False,True,False,1784911557.341264,0,False,0,0,False
1784849457.3002179,20,1784911628.3535163,37.513160906385906,0.7408888380254826,37.03517204547188,True,37.5,36.5,38.6,0.95,0.05,0.0,0.7,0.03,2,1784911638.3808763,True,True,True,False,1784911557.341264,0,False,0,0,False
1784849457.3002179,20,1784911648.359815,37.52117189288167,0.7411558709086747,37.053864347295345,True,37.5,36.5,38.6,0.95,0.05,0.0,0.7,0.03,2,1784911658.3873906,True,True,True,False,1784911557.341264,0,False,0,0,False
1784849457.3002179,20,1784911668.3661497,37.52117189288167,0.7405073624780651,37.053864347295345,True,37.5,36.5,38.6,0.95,0.05,0.0,0.7,0.03,2,1784911678.3934186,True,True,True,False,1784911557.341264,0,False,0,0,False
1784849457.3002179,20,1784911688.3723576,37.47310597390707,0.7411940184634165,37.03517204547188,True,37.5,36.5,38.6,0.95,0.05,0.0,0.7,0.03,2,1784911698.4014595,True,False,True,False,1784911557.341264,0,0,1,0,False
1784849457.3002179,20,1784911708.378648,37.45174334325169,0.7410795757991913,37.011139085984595,True,37.5,36.5,38.6,0.95,0.05,0.0,0.7,0.03,2,1784911718.406551,True,False,True,False,1784911557.341264,0,0,1,0,False
1784849457.3002179,20,1784911728.384785,37.43038071259632,0.740965133134966,37.024490730144194,True,37.5,36.5,38.6,0.95,0.05,0.0,0.7,0.03,2,1784911738.414426,True,True,True,True,1784911737.3412948,0,0,1,0,False
1784849457.3002179,20,1784911748.3910089,37.44373235675593,0.7409269855802243,37.00045777065691,True,37.5,36.5,38.6,0.95,0.05,0.0,0.7,0.03,2,1784911758.4178283,True,False,True,False,1784911737.3412948,0,0,1,0,False
1784849457.3002179,20,1784911768.3982263,37.45975432974747,0.7407553215838866,37.011139085984595,True,37.5,36.5,38.6,0.95,0.05,0.0,0.7,0.03,2,1784911778.4320643,True,False,True,False,1784911737.3412948,0,0,1,0,False
1784849457.3002179,20,1784911788.4061782,37.49713893339437,0.74083161669337,37.02182040131228,True,37.5,36.5,38.6,0.95,0.05,0.0,0.7,0.03,2,1784911798.4333742,True,True,True,False,1784911737.3412948,0,0,1,0,False
1784849457.3002179,20,1784911808.4124122,37.50247959105822,0.7407362478065156,37.04318303196766,True,37.5,36.5,38.6,0.95,0.05,0.0,0.7,0.03,2,1784911818.439848,True,True,True,False,1784911737.3412948,0,False,0,0,False
1784849457.3002179,20,1784911828.4188073,37.53452353704128,0.7408888380254826,37.06187533379111,True,37.5,36.5,38.6,0.95,0.05,0.0,0.7,0.03,2,1784911838.446199,True,True,True,False,1784911737.3412948,0,False,0,0,False
1784849457.3002179,20,1784911848.4251196,37.54253452353704,0.7410795757991913,37.053864347295345,True,37.5,36.5,38.6,0.95,0.05,0.0,0.7,0.03,2,1784911858.4537902,True,True,True,False,1784911737.3412948,0,False,0,0,False
1784849457.3002179,20,1784911868.4339452,37.489127946898606,0.7405645838101778,37.02716105897612,True,37.5,36.5,38.6,0.95,0.05,0.0,0.7,0.03,2,1784911878.4626663,True,True,True,False,1784911737.3412948,0,0,1,0,False
1784849457.3002179,20,1784911888.4415238,37.47844663157092,0.7410605020218205,37.01915007248036,True,37.5,36.5,38.6,0.95,0.05,0.0,0.7,0.03,2,1784911898.469492,True,True,True,False,1784911737.3412948,0,0,1,0,False
1784849457.3002179,20,1784911908.4477124,37.47310597390707,0.7410032806897078,36.97909514000152,True,37.5,36.5,38.6,0.95,0.05,0.0,0.7,0.03,2,1784911918.4752247,True,False,True,True,1784911917.3413067,0,0,1,0,False
1784849457.3002179,20,1784911928.4549017,37.49446860456244,0.7407171740291447,37.029831387808045,True,37.5,36.5,38.6,0.95,0.05,0.0,0.7,0.03,2,1784911938.4843044,True,True,True,False,1784911917.3413067,0,0,1,0,False
1784849457.3002179,20,1784911948.466099,37.49713893339437,0.7409079118028535,37.02716105897612,True,37.5,36.5,38.6,0.95,0.05,0.0,0.7,0.03,2,1784911958.4974737,True,True,True,False,1784911917.3413067,0,0,1,0,False
1784849457.3002179,20,1784911968.4765615,37.52384222171359,0.7410414282444495,37.02716105897612,True,37.5,36.5,38.6,0.95,0.05,0.0,0.7,0.03,2,1784911978.5070946,True,True,True,False,1784911917.3413067,0,False,0,0,False
1784849457.3002179,20,1784911988.4829996,37.507820248722055,0.7408697642481117,37.04318303196766,True,37.5,36.5,38.6,0.95,0.05,0.0,0.7,0.03,2,1784911998.511261,True,True,True,False,1784911917.3413067,0,False,0,0,False
1784849457.3002179,20,1784912008.4904208,37.513160906385906,0.7411749446860456,37.03250171663997,True,37.5,36.5,38.6,0.95,0.05,0.0,0.7,0.03,2,1784912018.5287333,True,True,True,False,1784911917.3413067,0,False,0,0,False
1784849457.3002179,20,1784912028.504008,37.49713893339437,0.740984206912337,37.067215991454944,True,37.5,36.5,38.6,0.95,0.05,0.0,0.7,0.03,2,1784912038.53634,True,False,True,False,1784911917.3413067,0,0,1,0,False
1784849457.3002179,20,1784912048.5128198,37.49980926222629,0.740965133134966,37.03784237430381,True,37.5,36.5,38.6,0.95,0.05,0.0,0.7,0.03,2,1784912058.5416205,True,True,True,False,1784911917.3413067,0,0,1,0,False
1784849457.3002179,20,1784912068.5192456,37.47310597390707,0.740965133134966,37.02716105897612,True,37.5,36.5,38.6,0.95,0.05,0.0,0.7,0.03,2,1784912078.5468078,True,False,True,False,1784911917.3413067,0,0,1,0,False
1784849457.3002179,20,1784912088.5253563,37.49446860456244,0.7409460593575952,37.04051270313573,True,37.5,36.5,38.6,0.95,0.05,0.0,0.7,0.03,2,1784912098.5531266,True,True,True,True,1784912097.3413365,0,0,1,0,False
1784849457.3002179,20,1784912108.5322962,37.489127946898606,0.7410986495765621,37.03784237430381,True,37.5,36.5,38.6,0.95,0.05,0.0,0.7,0.03,2,1784912118.5607815,True,True,True,False,1784912097.3413365,0,0,1,0,False
1784849457.3002179,20,1784912128.5398052,37.526512550545505,0.7408888380254826,37.029831387808045,True,37.5,36.5,38.6,0.95,0.05,0.0,0.7,0.03,2,1784912138.5710888,True,True,True,False,1784912097.3413365,0,False,0,0,False
1784849457.3002179,20,1784912148.5497522,37.49713893339437,0.7406218051422904,37.02716105897612,True,37.5,36.5,38.6,0.95,0.05,0.0,0.7,0.03,2,1784912158.5783825,True,True,True,False,1784912097.3413365,0,0,1,0,False
1784849457.3002179,20,1784912168.5560992,37.50247959105822,0.7408506904707408,37.005798428320745,True,37.5,36.5,38.6,0.95,0.05,0.0,0.7,0.03,2,1784912178.5845933,True,True,True,False,1784912097.3413365,0,False,0,0,False
1784849457.3002179,20,1784912188.5625136,37.49713893339437,0.7410986495765621,37.03250171663997,True,37.5,36.5,38.6,0.95,0.05,0.0,0.7,0.03,2,1784912198.5899227,True,False,True,False,1784912097.3413365,0,0,1,0,False
1784849457.3002179,20,1784912208.5687337,37.49713893339437,0.7407934691386282,37.03784237430381,True,37.5,36.5,38.6,0.95,0.05,0.0,0.7,0.03,2,1784912218.596185,True,True,True,False,1784912097.3413365,0,0,1,0,False
1784849457.3002179,20,1784912228.5751286,37.49179827573053,0.7407934691386282,37.01915007248036,True,37.5,36.5,38.6,0.95,0.05,0.0,0.7,0.03,2,1784912238.6025598,True,True,True,False,1784912097.3413365,0,0,1,0,False
1784849457.3002179,20,1784912248.5821123,37.53719386587319,0.7410032806897078,37.04318303196766,True,37.5,36.5,38.6,0.95,0.05,0.0,0.7,0.03,2,1784912258.6187444,True,False,True,False,1784912097.3413365,0,False,0,0,False
1784849457.3002179,20,1784912268.5945768,37.53719386587319,0.7410414282444495,37.04318303196766,True,37.5,36.5,38.6,0.95,0.05,0.0,0.7,0.03,2,1784912278.6226676,True,False,True,True,1784912277.341376,0,False,0,0,False
1784849457.3002179,20,1784912288.6008687,37.51583123521782,0.7410986495765621,37.04585336079957,True,37.5,36.5,38.6,0.95,0.05,0.0,0.7,0.03,2,1784912298.6311045,True,True,True,False,1784912277.341376,0,False,0,0,False
1784849457.3002179,20,1784912308.6075075,37.47310597390707,0.7410414282444495,37.01647974364843,True,37.5,36.5,38.6,0.95,0.05,0.0,0.7,0.03,2,1784912318.6355224,True,True,True,False,1784912277.341376,0,0,1,0,False
1784849457.3002179,20,1784912328.6140716,37.489127946898606,0.7409079118028535,37.01915007248036,True,37.5,36.5,38.6,0.95,0.05,0.0,0.7,0.03,2,1784912338.642841,True,True,True,False,1784912277.341376,0,0,1,0,False
1784849457.3002179,20,1784912348.6246166,37.48645761806668,0.7412321660181582,37.01647974364843,True,37.5,36.5,38.6,0.95,0.05,0.0,0.7,0.03,2,1784912358.6578598,True,True,True,False,1784912277.341376,0,0,1,0,False
1784849457.3002179,20,1784912368.636796,37.50247959105822,0.7410414282444495,37.04318303196766,True,37.5,36.5,38.6,0.95,0.05,0.0,0.7,0.03,2,1784912378.66373,True,True,True,False,1784912277.341376,0,False,0,0,False
1784849457.3002179,20,1784912388.643081,37.52384222171359,0.7409079118028535,37.053864347295345,True,37.5,36.5,38.6,0.95,0.05,0.0,0.7,0.03,2,1784912398.6710124,True,True,True,False,1784912277.341376,0,False,0,0,False
1784849457.3002179,20,1784912408.650504,37.49713893339437,0.7408697642481117,37.04318303196766,True,37.5,36.5,38.6,0.95,0.05,0.0,0.7,0.03,2,1784912418.6797462,False,False,True,False,1784912277.341376,0,0,1,0,False
1784849457.3002179,20,1784912428.65872,37.48645761806668,0.7413847562371252,37.029831387808045,True,37.5,36.5,38.6,0.95,0.05,0.0,0.7,0.03,2,1784912438.6877818,False,True,True,False,1784912277.341376,0,0,1,0,False
1784849457.3002179,20,1784912448.667175,37.47844663157092,0.7411749446860456,37.02716105897612,True,37.5,36.5,38.6,0.95,0.05,0.0,0.7,0.03,2,1784912458.696292,False,False,True,True,1784912457.3413928,0,0,1,0,False
1784849457.3002179,20,1784912468.6748374,37.46242465857938,0.7408697642481117,37.02716105897612,True,37.5,36.5,38.6,0.95,0.05,0.0,0.7,0.03,2,1784912478.7079065,False,True,True,False,1784912457.3413928,0,0,1,0,False
1784849457.3002179,20,1784912488.6812236,37.483787289234755,0.7411749446860456,37.03517204547188,True,37.5,36.5,38.6,0.95,0.05,0.0,0.7,0.03,2,1784912498.7109373,False,False,True,False,1784912457.3413928,0,0,1,0,False
1784849457.3002179,20,1784912508.6882207,37.51049057755398,0.7410605020218205,37.07522697795072,True,37.5,36.5,38.6,0.95,0.05,0.0,0.7,0.03,2,1784912518.7225149,False,False,True,False,1784912457.3413928,0,False,0,0,False
1784849457.3002179,20,1784912528.696248,37.51049057755398,0.740984206912337,37.072556649118795,True,37.5,36.5,38.6,0.95,0.05,0.0,0.7,0.03,2,1784912538.7254038,False,False,True,False,1784912457.3413928,0,False,0,0,False
1784849457.3002179,20,1784912548.70374,37.507820248722055,0.7410986495765621,37.08056763561456,True,37.5,36.5,38.6,0.95,0.05,0.0,0.7,0.03,2,1784912558.7312121,False,True,True,False,1784912457.3413928,0,False,0,0,False
1784849457.3002179,20,1784912568.7101042,37.47577630273899,0.7411558709086747,37.08590829327841,True,37.5,36.5,38.6,0.95,0.05,0.0,0.7,0.03,2,1784912578.7379482,False,True,True,False,1784912457.3413928,0,0,1,0,False
1784849457.3002179,20,1784912588.716494,37.470435645075156,0.7409079118028535,37.07522697795072,True,37.5,36.5,38.6,0.95,0.05,0.0,0.7,0.03,2,1784912598.7433944,False,True,True,False,1784912457.3413928,0,0,1,0,False
1784849457.3002179,20,1784912608.722712,37.43305104142824,0.7410414282444495,37.053864347295345,True,37.5,36.5,38.6,0.95,0.05,0.0,0.7,0.03,2,1784912618.7511506,False,False,True,False,1784912457.3413928,0,0,1,0,False
1784849457.3002179,20,1784912628.7301245,37.48645761806668,0.7411558709086747,37.08323796444648,True,37.5,36.5,38.6,0.95,0.05,0.0,0.7,0.03,2,1784912638.758277,False,False,True,True,1784912637.341421,0,0,1,0,False
1784849457.3002179,20,1784912648.7371469,37.51583123521782,0.7409460593575952,37.06454566262303,True,37.5,36.5,38.6,0.95,0.05,0.0,0.7,0.03,2,1784912658.7654889,False,True,True,False,1784912637.341421,0,False,0,0,False
1784849457.3002179,20,1784912668.7437809,37.50514991989013,0.7410414282444495,37.091248950942244,True,37.5,36.5,38.6,0.95,0.05,0.0,0.7,0.03,2,1784912678.7728455,False,False,True,False,1784912637.341421,0,False,0,0,False
1784849457.3002179,20,1784912688.7503257,37.49980926222629,0.7407743953612573,37.09391927977417,True,37.5,36.5,38.6,0.95,0.05,0.0,0.7,0.03,2,1784912698.7782593,False,True,True,False,1784912637.341421,0,0,1,0,False
1784849457.3002179,20,1784912708.7569795,37.49980926222629,0.7409079118028535,37.08056763561456,True,37.5,36.5,38.6,0.95,0.05,0.0,0.7,0.03,2,1784912718.788084,False,False,True,False,1784912637.341421,0,0,1,0,False
1784849457.3002179,20,1784912728.7632728,37.50514991989013,0.741289387350271,37.08857862211032,True,37.5,36.5,38.6,0.95,0.05,0.0,0.7,0.03,2,1784912738.7907872,False,False,True,False,1784912637.341421,0,False,0,0,False
1784849457.3002179,20,1784912748.770698,37.507820248722055,0.7410986495765621,37.11261158159762,True,37.5,36.5,38.6,0.95,0.05,0.0,0.7,0.03,2,1784912758.8007264,False,False,True,False,1784912637.341421,0,False,0,0,False
1784849457.3002179,20,1784912768.7792578,37.507820248722055,0.7410032806897078,37.10727092393378,True,37.5,36.5,38.6,0.95,0.05,0.0,0.7,0.03,2,1784912778.8079865,False,False,True,False,1784912637.341421,0,False,0,0,False
1784849457.3002179,20,1784912788.7867937,37.48645761806668,0.7410414282444495,37.08056763561456,True,37.5,36.5,38.6,0.95,0.05,0.0,0.7,0.03,2,1784912798.8144035,False,False,True,False,1784912637.341421,0,0,1,0,False
1784849457.3002179,20,1784912808.7929718,37.45975432974747,0.7409269855802243,37.06454566262303,True,37.5,36.5,38.6,0.95,0.05,0.0,0.7,0.03,2,1784912818.8267307,False,True,True,True,1784912817.3414235,0,0,1,0,False
1784849457.3002179,20,1784912828.799857,37.470435645075156,0.7413466086823834,37.09391927977417,True,37.5,36.5,38.6,0.95,0.05,0.0,0.7,0.03,2,1784912838.8319814,False,True,True,False,1784912817.3414235,0,0,1,0,False
1784849457.3002179,20,1784912848.807157,37.47844663157092,0.7410223544670786,37.091248950942244,True,37.5,36.5,38.6,0.95,0.05,0.0,0.7,0.03,2,1784912858.8345993,False,False,True,False,1784912817.3414235,0,0,1,0,False
1784849457.3002179,20,1784912868.8133886,37.49980926222629,0.7409269855802243,37.11261158159762,True,37.5,36.5,38.6,0.95,0.05,0.0,0.7,0.03,2,1784912878.8408086,False,False,True,False,1784912817.3414235,0,0,1,0,False
1784849457.3002179,20,1784912888.819656,37.54253452353704,0.7410032806897078,37.13664454108492,True,37.5,36.5,38.6,0.95,0.05,0.0,0.7,0.03,2,1784912898.8470597,False,True,True,False,1784912817.3414235,0,False,0,0,False
1784849457.3002179,20,1784912908.8260164,37.53719386587319,0.7410605020218205,37.12329289692531,True,37.5,36.5,38.6,0.95,0.05,0.0,0.7,0.03,2,1784912918.8533466,False,True,True,False,1784912817.3414235,0,False,0,0,False
1784849457.3002179,20,1784912928.8322706,37.526512550545505,0.7407743953612573,37.13130388342107,True,37.5,36.5,38.6,0.95,0.05,0.0,0.7,0.03,2,1784912938.8597002,False,True,True,False,1784912817.3414235,0,False,0,0,False
1784849457.3002179,20,1784912948.8386214,37.50247959105822,0.7415945677882049,37.11795223926147,True,37.5,36.5,38.6,0.95,0.05,0.0,0.7,0.03,2,1784912958.87059,False,False,True,False,1784912817.3414235,0,False,0,0,False
1784849457.3002179,20,1784912968.8456962,37.48645761806668,0.7410414282444495,37.08590829327841,True,37.5,36.5,38.6,0.95,0.05,0.0,0.7,0.03,2,1784912978.8737507,False,False,True,False,1784912817.3414235,0,0,1,0,False
1784849457.3002179,20,1784912988.8531928,37.45975432974747,0.7410223544670786,37.05920500495918,True,37.5,36.5,38.6,0.95,0.05,0.0,0.7,0.03,2,1784912998.8897042,False,False,True,True,1784912997.341456,0,0,1,0,False
1784849457.3002179,20,1784913008.8600748,37.465094987411305,0.7412512397955291,37.06454566262303,True,37.5,36.5,38.6,0.95,0.05,0.0,0.7,0.03,2,1784913018.8878129,False,True,True,False,1784912997.341456,0,0,1,0,False
1784849457.3002179,20,1784913028.8672497,37.481116960402844,0.741136797131304,37.09391927977417,True,37.5,36.5,38.6,0.95,0.05,0.0,0.7,0.03,2,1784913038.8949716,False,False,True,False,1784912997.341456,0,0,1,0,False
1784849457.3002179,20,1784913048.8741014,37.47844663157092,0.7411558709086747,37.11261158159762,True,37.5,36.5,38.6,0.95,0.05,0.0,0.7,0.03,2,1784913058.9051437,False,False,True,False,1784912997.341456,0,0,1,0,False
1784849457.3002179,20,1784913068.8803596,37.526512550545505,0.7411940184634165,37.10727092393378,True,37.5,36.5,38.6,0.95,0.05,0.0,0.7,0.03,2,1784913078.9133918,False,False,True,False,1784912997.341456,0,False,0,0,False
1784849457.3002179,20,1784913088.8869908,37.53719386587319,0.7410414282444495,37.12596322575723,True,37.5,36.5,38.6,0.95,0.05,0.0,0.7,0.03,2,1784913098.9144967,False,True,True,False,1784912997.341456,0,False,0,0,False
1784849457.3002179,20,1784913108.893335,37.49446860456244,0.7410795757991913,37.11795223926147,True,37.5,36.5,38.6,0.95,0.05,0.0,0.7,0.03,2,1784913118.9206781,False,True,True,False,1784912997.341456,0,0,1,0,False
1784849457.3002179,20,1784913128.8996017,37.51583123521782,0.7412512397955291,37.09391927977417,True,37.5,36.5,38.6,0.95,0.05,0.0,0.7,0.03,2,1784913138.9263952,False,False,True,False,1784912997.341456,0,False,0,0,False
1784849457.3002179,20,1784913148.9059849,37.48645761806668,0.7411940184634165,37.10727092393378,True,37.5,36.5,38.6,0.95,0.05,0.0,0.7,0.03,2,1784913158.9333804,False,False,True,False,1784912997.341456,0,0,1,0,False
1784849457.3002179,20,1784913168.91217,37.470435645075156,0.7411558709086747,37.10727092393378,True,37.5,36.5,38.6,0.95,0.05,0.0,0.7,0.03,2,1784913178.9396877,False,True,True,True,1784913177.3414779,0,0,1,0,False
1784849457.3002179,20,1784913188.9185395,37.48645761806668,0.7410795757991913,37.10193026626993,True,37.5,36.5,38.6,0.95,0.05,0.0,0.7,0.03,2,1784913198.951514,False,False,True,False,1784913177.3414779,0,0,1,0,False
1784849457.3002179,20,1784913208.92483,37.49713893339437,0.7412130922407875,37.10193026626993,True,37.5,36.5,38.6,0.95,0.05,0.0,0.7,0.03,2,1784913218.9594839,False,True,True,False,1784913177.3414779,0,0,1,0,False
1784849457.3002179,20,1784913228.9310768,37.51850156404974,0.7410223544670786,37.12062256809338,True,37.5,36.5,38.6,0.95,0.05,0.0,0.7,0.03,2,1784913238.958962,False,False,True,False,1784913177.3414779,0,False,0,0,False
1784849457.3002179,20,1784913248.9374075,37.53719386587319,0.7411558709086747,37.15533684290837,True,37.5,36.5,38.6,0.95,0.05,0.0,0.7,0.03,2,1784913258.9645643,False,True,True,False,1784913177.3414779,0,False,0,0,False
1784849457.3002179,20,1784913268.9438055,37.526512550545505,0.7412512397955291,37.12329289692531,True,37.5,36.5,38.6,0.95,0.05,0.0,0.7,0.03,2,1784913278.9734643,False,True,True,False,1784913177.3414779,0,False,0,0,False
1784849457.3002179,20,1784913288.950141,37.51049057755398,0.7413847562371252,37.13130388342107,True,37.5,36.5,38.6,0.95,0.05,0.0,0.7,0.03,2,1784913298.9779837,False,True,True,False,1784913177.3414779,0,False,0,0,False
1784849457.3002179,20,1784913308.9566836,37.47310597390707,0.7413466086823834,37.07522697795072,True,37.5,36.5,38.6,0.95,0.05,0.0,0.7,0.03,2,1784913318.9840717,False,False,True,False,1784913177.3414779,0,0,1,0,False
1784849457.3002179,20,1784913328.9630206,37.42504005493248,0.7408697642481117,37.09391927977417,True,37.5,36.5,38.6,0.95,0.05,0.0,0.7,0.03,2,1784913338.9926505,False,False,True,False,1784913177.3414779,0,0,1,0,False
1784849457.3002179,20,1784913348.969858,37.427710383764406,0.740984206912337,37.08590829327841,True,37.5,36.5,38.6,0.95,0.05,0.0,0.7,0.03,2,1784913358.9995375,False,True,True,True,1784913357.3414812,0,0,1,0,False
1784849457.3002179,20,1784913368.9775622,37.44907301441978,0.7410032806897078,37.05920500495918,True,37.5,36.5,38.6,0.95,0.05,0.0,0.7,0.03,2,1784913379.005606,False,False,True,False,1784913357.3414812,0,0,1,0,False
1784849457.3002179,20,1784913388.9846003,37.44907301441978,0.7410986495765621,37.08056763561456,True,37.5,36.5,38.6,0.95,0.05,0.0,0.7,0.03,2,1784913399.016563,False,False,True,False,1784913357.3414812,0,0,1,0,False
1784849457.3002179,20,1784913408.990998,37.49713893339437,0.740965133134966,37.096589608606095,True,37.5,36.5,38.6,0.95,0.05,0.0,0.7,0.03,2,1784913419.022042,False,False,True,False,1784913357.3414812,0,0,1,0,False
1784849457.3002179,20,1784913428.9974575,37.53452353704128,0.7412512397955291,37.12062256809338,True,37.5,36.5,38.6,0.95,0.05,0.0,0.7,0.03,2,1784913439.0251112,False,True,True,False,1784913357.3414812,0,False,0,0,False
1784849457.3002179,20,1784913449.0076563,37.52117189288167,0.7414038300144961,37.133974212252994,True,37.5,36.5,38.6,0.95,0.05,0.0,0.7,0.03,2,1784913459.0397847,False,False,True,False,1784913357.3414812,0,False,0,0,False
1784849457.3002179,20,1784913469.0187917,37.54787518120088,0.7414610513466087,37.139314869916845,True,37.5,36.5,38.6,0.95,0.05,0.0,0.7,0.03,2,1784913479.047054,False,False,True,False,1784913357.3414812,0,False,0,0,False
1784849457.3002179,20,1784913489.025783,37.526512550545505,0.7414229037918669,37.115281910429545,True,37.5,36.5,38.6,0.95,0.05,0.0,0.7,0.03,2,1784913499.0531821,False,False,True,False,1784913357.3414812,0,False,0,0,False
1784849457.3002179,20,1784913509.0321634,37.49980926222629,0.741136797131304,37.11795223926147,True,37.5,36.5,38.6,0.95,0.05,0.0,0.7,0.03,2,1784913519.0623698,False,True,True,False,1784913357.3414812,0,0,1,0,False
1784849457.3002179,20,1784913529.038708,37.47844663157092,0.7413275349050126,37.12596322575723,True,37.5,36.5,38.6,0.95,0.05,0.0,0.7,0.03,2,1784913539.065822,False,False,True,True,1784913537.341503,0,0,1,0,False
1784849457.3002179,20,1784913549.0449717,37.470435645075156,0.7411558709086747,37.11261158159762,True,37.5,36.5,38.6,0.95,0.05,0.0,0.7,0.03,2,1784913559.0723867,False,True,True,False,1784913537.341503,0,0,1,0,False
1784849457.3002179,20,1784913569.0513022,37.49179827573053,0.7413466086823834,37.091248950942244,True,37.5,36.5,38.6,0.95,0.05,0.0,0.7,0.03,2,1784913579.0788856,False,True,True,False,1784913537.341503,0,0,1,0,False
1784849457.3002179,20,1784913589.0577781,37.481116960402844,0.7414610513466087,37.12329289692531,True,37.5,36.5,38.6,0.95,0.05,0.0,0.7,0.03,2,1784913599.0852547,False,True,True,False,1784913537.341503,0,0,1,0,False
1784849457.3002179,20,1784913609.0640264,37.52384222171359,0.741289387350271,37.14465552758068,True,37.5,36.5,38.6,0.95,0.05,0.0,0.7,0.03,2,1784913619.0915322,False,False,True,False,1784913537.341503,0,False,0,0,False
1784849457.3002179,20,1784913629.0704064,37.53986419470512,0.7410032806897078,37.158007171740294,True,37.5,36.5,38.6,0.95,0.05,0.0,0.7,0.03,2,1784913639.0978842,False,True,True,False,1784913537.341503,0,False,0,0,False
1784849457.3002179,20,1784913649.0767202,37.531853208209355,0.7413847562371252,37.133974212252994,True,37.5,36.5,38.6,0.95,0.05,0.0,0.7,0.03,2,1784913659.104137,False,True,True,False,1784913537.341503,0,False,0,0,False
1784849457.3002179,20,1784913669.0830846,37.51049057755398,0.7412321660181582,37.12863355458916,True,37.5,36.5,38.6,0.95,0.05,0.0,0.7,0.03,2,1784913679.1105256,False,True,True,False,1784913537.341503,0,False,0,0,False
1784849457.3002179,20,1784913689.0894127,37.446402685587856,0.7407171740291447,37.099259937438006,True,37.5,36.5,38.6,0.95,0.05,0.0,0.7,0.03,2,1784913699.1169567,False,True,True,False,1784913537.341503,0,0,1,0,False
1784849457.3002179,20,1784913709.095738,37.46776531624323,0.7412512397955291,37.07522697795072,True,37.5,36.5,38.6,0.95,0.05,0.0,0.7,0.03,2,1784913719.1232157,False,True,True,True,1784913717.341518,0,0,1,0,False
1784849457.3002179,20,1784913729.1020203,37.46242465857938,0.741136797131304,37.09391927977417,True,37.5,36.5,38.6,0.95,0.05,0.0,0.7,0.03,2,1784913739.1297216,False,True,True,False,1784913717.341518,0,0,1,0,False
1784849457.3002179,20,1784913749.1085536,37.470435645075156,0.7413084611276417,37.10193026626993,True,37.5,36.5,38.6,0.95,0.05,0.0,0.7,0.03,2,1784913759.1382444,False,True,True,False,1784913717.341518,0,0,1,0,False
1784849457.3002179,20,1784913769.115047,37.48645761806668,0.7413275349050126,37.11795223926147,True,37.5,36.5,38.6,0.95,0.05,0.0,0.7,0.03,2,1784913779.1426125,False,False,True,False,1784913717.341518,0,0,1,0,False
1784849457.3002179,20,1784913789.121319,37.507820248722055,0.7413466086823834,37.12863355458916,True,37.5,36.5,38.6,0.95,0.05,0.0,0.7,0.03,2,1784913799.1485558,False,False,True,False,1784913717.341518,0,False,0,0,False
1784849457.3002179,20,1784913809.1276586,37.52918287937743,0.7413847562371252,37.14999618524453,True,37.5,36.5,38.6,0.95,0.05,0.0,0.7,0.03,2,1784913819.155516,False,True,True,False,1784913717.341518,0,False,0,0,False
1784849457.3002179,20,1784913829.1340177,37.52918287937743,0.7411749446860456,37.13130388342107,True,37.5,36.5,38.6,0.95,0.05,0.0,0.7,0.03,2,1784913839.1614141,False,False,True,False,1784913717.341518,0,False,0,0,False
1784849457.3002179,20,1784913849.140419,37.47844663157092,0.7410605020218205,37.12329289692531,True,37.5,36.5,38.6,0.95,0.05,0.0,0.7,0.03,2,1784913859.1717072,False,True,True,False,1784913717.341518,0,0,1,0,False
1784849457.3002179,20,1784913869.1467512,37.46242465857938,0.7410986495765621,37.10193026626993,True,37.5,36.5,38.6,0.95,0.05,0.0,0.7,0.03,2,1784913879.1743069,False,False,True,False,1784913717.341518,0,0,1,0,False
1784849457.3002179,20,1784913889.1531267,37.47310597390707,0.7412703135729,37.08323796444648,True,37.5,36.5,38.6,0.95,0.05,0.0,0.7,0.03,2,1784913899.1811793,False,True,True,True,1784913897.3415258,0,0,1,0,False
1784849457.3002179,20,1784913909.1595693,37.45708400091554,0.7411940184634165,37.10727092393378,True,37.5,36.5,38.6,0.95,0.05,0.0,0.7,0.03,2,1784913919.1866467,False,True,True,False,1784913897.3415258,0,0,1,0,False
1784849457.3002179,20,1784913929.1658187,37.483787289234755,0.740984206912337,37.10460059510186,True,37.5,36.5,38.6,0.95,0.05,0.0,0.7,0.03,2,1784913939.193414,False,True,True,False,1784913897.3415258,0,0,1,0,False
1784849457.3002179,20,1784913949.1720867,37.50247959105822,0.7412130922407875,37.11795223926147,True,37.5,36.5,38.6,0.95,0.05,0.0,0.7,0.03,2,1784913959.200337,False,True,True,False,1784913897.3415258,0,False,0,0,False
1784849457.3002179,20,1784913969.178594,37.53452353704128,0.7411749446860456,37.12329289692531,True,37.5,36.5,38.6,0.95,0.05,0.0,0.7,0.03,2,1784913979.2059753,False,False,True,False,1784913897.3415258,0,False,0,0,False
1784849457.3002179,20,1784913989.1856194,37.513160906385906,0.741136797131304,37.15533684290837,True,37.5,36.5,38.6,0.95,0.05,0.0,0.7,0.03,2,1784913999.213739,False,False,True,False,1784913897.3415258,0,False,0,0,False
1784849457.3002179,20,1784914009.1932428,37.48645761806668,0.7413084611276417,37.11795223926147,True,37.5,36.5,38.6,0.95,0.05,0.0,0.7,0.03,2,1784914019.221076,False,False,True,False,1784913897.3415258,0,0,1,0,False
1784849457.3002179,20,1784914029.2001214,37.507820248722055,0.7412321660181582,37.12062256809338,True,37.5,36.5,38.6,0.95,0.05,0.0,0.7,0.03,2,1784914039.227681,False,True,True,False,1784913897.3415258,0,False,0,0,False
1784849457.3002179,20,1784914049.2065482,37.49446860456244,0.7410032806897078,37.12329289692531,True,37.5,36.5,38.6,0.95,0.05,0.0,0.7,0.03,2,1784914059.233952,False,False,True,False,1784913897.3415258,0,0,1,0,False
1784849457.3002179,20,1784914069.2127655,37.489127946898606,0.7414801251239795,37.11795223926147,True,37.5,36.5,38.6,0.95,0.05,0.0,0.7,0.03,2,1784914079.2402244,False,True,True,True,1784914077.341562,0,0,1,0,False
1784849457.3002179,20,1784914089.2190495,37.483787289234755,0.7414038300144961,37.115281910429545,True,37.5,36.5,38.6,0.95,0.05,0.0,0.7,0.03,2,1784914099.246489,False,False,True,False,1784914077.341562,0,0,1,0,False
1784849457.3002179,20,1784914109.2253027,37.489127946898606,0.7411940184634165,37.10727092393378,True,37.5,36.5,38.6,0.95,0.05,0.0,0.7,0.03,2,1784914119.252705,False,True,True,False,1784914077.341562,0,0,1,0,False
1784849457.3002179,20,1784914129.2315176,37.489127946898606,0.741117723353933,37.109941252765694,True,37.5,36.5,38.6,0.95,0.05,0.0,0.7,0.03,2,1784914139.258993,False,False,True,False,1784914077.341562,0,0,1,0,False
1784849457.3002179,20,1784914149.237743,37.49179827573053,0.7412321660181582,37.12329289692531,True,37.5,36.5,38.6,0.95,0.05,0.0,0.7,0.03,2,1784914159.2651913,False,False,True,False,1784914077.341562,0,0,1,0,False
1784849457.3002179,20,1784914169.2440765,37.50247959105822,0.7411940184634165,37.139314869916845,True,37.5,36.5,38.6,0.95,0.05,0.0,0.7,0.03,2,1784914179.271154,False,True,True,False,1784914077.341562,0,False,0,0,False
1784849457.3002179,20,1784914189.25153,37.50247959105822,0.7411558709086747,37.133974212252994,True,37.5,36.5,38.6,0.95,0.05,0.0,0.7,0.03,2,1784914199.281503,False,True,True,False,1784914077.341562,0,False,0,0,False
1784849457.3002179,20,1784914209.259031,37.47577630273899,0.7412130922407875,37.12329289692531,True,37.5,36.5,38.6,0.95,0.05,0.0,0.7,0.03,2,1784914219.2865136,False,True,True,False,1784914077.341562,0,0,1,0,False
1784849457.3002179,20,1784914229.2651947,37.44373235675593,0.7410605020218205,37.08857862211032,True,37.5,36.5,38.6,0.95,0.05,0.0,0.7,0.03,2,1784914239.292519,False,False,True,False,1784914077.341562,0,0,1,0,False
1784849457.3002179,20,1784914249.2721794,37.446402685587856,0.7411940184634165,37.08056763561456,True,37.5,36.5,38.6,0.95,0.05,0.0,0.7,0.03,2,1784914259.3025167,False,True,True,True,1784914257.3415964,0,0,1,0,False
1784849457.3002179,20,1784914269.279284,37.47310597390707,0.7413466086823834,37.11795223926147,True,37.5,36.5,38.6,0.95,0.05,0.0,0.7,0.03,2,1784914279.3067682,False,True,True,False,1784914257.3415964,0,0,1,0,False
1784849457.3002179,20,1784914289.2854168,37.47310597390707,0.741117723353933,37.115281910429545,True,37.5,36.5,38.6,0.95,0.05,0.0,0.7,0.03,2,1784914299.31299,False,False,True,False,1784914257.3415964,0,0,1,0,False
1784849457.3002179,20,1784914309.292715,37.526512550545505,0.7410414282444495,37.12863355458916,True,37.5,36.5,38.6,0.95,0.05,0.0,0.7,0.03,2,1784914319.3233044,False,True,True,False,1784914257.3415964,0,False,0,0,False
1784849457.3002179,20,1784914329.302318,37.526512550545505,0.741289387350271,37.14732585641261,True,37.5,36.5,38.6,0.95,0.05,0.0,0.7,0.03,2,1784914339.3317337,False,True,True,False,1784914257.3415964,0,False,0,0,False
1784849457.3002179,20,1784914349.3103385,37.51850156404974,0.741556420233463,37.11795223926147,True,37.5,36.5,38.6,0.95,0.05,0.0,0.7,0.03,2,1784914359.3394086,False,False,True,False,1784914257.3415964,0,False,0,0,False
1784849457.3002179,20,1784914369.3186488,37.507820248722055,0.7415373464560922,37.10727092393378,True,37.5,36.5,38.6,0.95,0.05,0.0,0.7,0.03,2,1784914379.3476596,False,False,True,False,1784914257.3415964,0,False,0,0,False
1784849457.3002179,20,1784914389.326023,37.470435645075156,0.7412703135729,37.10727092393378,True,37.5,36.5,38.6,0.95,0.05,0.0,0.7,0.03,2,1784914399.355918,False,True,True,False,1784914257.3415964,0,0,1,0,False
1784849457.3002179,20,1784914409.3323617,37.47577630273899,0.7413656824597544,37.08590829327841,True,37.5,36.5,38.6,0.95,0.05,0.0,0.7,0.03,2,1784914419.359658,False,True,True,False,1784914257.3415964,0,0,1,0,False
1784849457.3002179,20,1784914429.3385236,37.48645761806668,0.7415945677882049,37.10460059510186,True,37.5,36.5,38.6,0.95,0.05,0.0,0.7,0.03,2,1784914439.3662333,False,True,True,True,1784914437.3416016,0,0,1,0,False
1784849457.3002179,20,1784914449.3478723,37.49980926222629,0.7410605020218205,37.12329289692531,True,37.5,36.5,38.6,0.95,0.05,0.0,0.7,0.03,2,1784914459.380397,False,True,True,False,1784914437.3416016,0,0,1,0,False
1784849457.3002179,20,1784914469.3576994,37.51049057755398,0.7412512397955291,37.12329289692531,True,37.5,36.5,38.6,0.95,0.05,0.0,0.7,0.03,2,1784914479.3880513,False,False,True,False,1784914437.3416016,0,False,0,0,False
1784849457.3002179,20,1784914489.3644414,37.526512550545505,0.7411940184634165,37.152666514076444,True,37.5,36.5,38.6,0.95,0.05,0.0,0.7,0.03,2,1784914499.397871,False,True,True,False,1784914437.3416016,0,False,0,0,False
1784849457.3002179,20,1784914509.3708086,37.53719386587319,0.7414801251239795,37.139314869916845,True,37.5,36.5,38.6,0.95,0.05,0.0,0.7,0.03,2,1784914519.4013865,False,True,True,False,1784914437.3416016,0,False,0,0,False
1784849457.3002179,20,1784914529.3780155,37.52117189288167,0.7412703135729,37.16334782940413,True,37.5,36.5,38.6,0.95,0.05,0.0,0.7,0.03,2,1784914539.4065063,False,False,True,False,1784914437.3416016,0,False,0,0,False
1784849457.3002179,20,1784914549.3849676,37.49713893339437,0.7413847562371252,37.10193026626993,True,37.5,36.5,38.6,0.95,0.05,0.0,0.7,0.03,2,1784914559.4124227,False,True,True,False,1784914437.3416016,0,0,1,0,False
1784849457.3002179,20,1784914569.3911822,37.465094987411305,0.7411749446860456,37.096589608606095,True,37.5,36.5,38.6,0.95,0.05,0.0,0.7,0.03,2,1784914579.4188046,False,True,True,False,1784914437.3416016,0,0,1,0,False
1784849457.3002179,20,1784914589.3974867,37.45975432974747,0.7414991989013504,37.10193026626993,True,37.5,36.5,38.6,0.95,0.05,0.0,0.7,0.03,2,1784914599.425435,False,False,True,False,1784914437.3416016,0,0,1,0,False
1784849457.3002179,20,1784914609.4047961,37.49713893339437,0.7413084611276417,37.12329289692531,True,37.5,36.5,38.6,0.95,0.05,0.0,0.7,0.03,2,1784914619.4336762,False,True,True,True,1784914617.3416424,0,0,1,0,False
1784849457.3002179,20,1784914629.4123845,37.507820248722055,0.7414229037918669,37.12596322575723,True,37.5,36.5,38.6,0.95,0.05,0.0,0.7,0.03,2,1784914639.4409318,False,False,True,False,1784914617.3416424,0,False,0,0,False
1784849457.3002179,20,1784914649.4194887,37.489127946898606,0.741289387350271,37.14465552758068,True,37.5,36.5,38.6,0.95,0.05,0.0,0.7,0.03,2,1784914659.447996,False,True,True,False,1784914617.3416424,0,0,1,0,False
1784849457.3002179,20,1784914669.4274173,37.49446860456244,0.7415373464560922,37.11795223926147,True,37.5,36.5,38.6,0.95,0.05,0.0,0.7,0.03,2,1784914679.455984,False,True,True,False,1784914617.3416424,0,0,1,0,False
1784849457.3002179,20,1784914689.434478,37.47844663157092,0.7410605020218205,37.13664454108492,True,37.5,36.5,38.6,0.95,0.05,0.0,0.7,0.03,2,1784914699.4635592,False,False,True,False,1784914617.3416424,0,0,1,0,False
1784849457.3002179,20,1784914709.4413655,37.51049057755398,0.7412703135729,37.133974212252994,True,37.5,36.5,38.6,0.95,0.05,0.0,0.7,0.03,2,1784914719.4711363,False,True,True,False,1784914617.3416424,0,False,0,0,False
1784849457.3002179,20,1784914729.4479694,37.531853208209355,0.7414991989013504,37.14732585641261,True,37.5,36.5,38.6,0.95,0.05,0.0,0.7,0.03,2,1784914739.4810865,False,True,True,False,1784914617.3416424,0,False,0,0,False
1784849457.3002179,20,1784914749.454567,37.49713893339437,0.7415373464560922,37.10727092393378,True,37.5,36.5,38.6,0.95,0.05,0.0,0.7,0.03,2,1784914759.4817145,False,True,True,False,1784914617.3416424,0,0,1,0,False
1784849457.3002179,20,1784914769.4608374,37.48645761806668,0.7411940184634165,37.11795223926147,True,37.5,36.5,38.6,0.95,0.05,0.0,0.7,0.03,2,1784914779.4898355,False,True,True,False,1784914617.3416424,0,0,1,0,False
1784849457.3002179,20,1784914789.4672015,37.481116960402844,0.7418043793392843,37.11795223926147,True,37.5,36.5,38.6,0.95,0.05,0.0,0.7,0.03,2,1784914799.4965532,False,True,True,True,1784914797.34165,0,0,1,0,False
1784849457.3002179,20,1784914809.4736702,37.48645761806668,0.7413084611276417,37.139314869916845,True,37.5,36.5,38.6,0.95,0.05,0.0,0.7,0.03,2,1784914819.5012949,False,True,True,False,1784914797.34165,0,0,1,0,False
1784849457.3002179,20,1784914829.480088,37.50247959105822,0.7412703135729,37.109941252765694,True,37.5,36.5,38.6,0.95,0.05,0.0,0.7,0.03,2,1784914839.5075097,False,False,True,False,1784914797.34165,0,False,0,0,False
1784849457.3002179,20,1784914849.486454,37.526512550545505,0.7413656824597544,37.12329289692531,True,37.5,36.5,38.6,0.95,0.05,0.0,0.7,0.03,2,1784914859.5142267,False,True,True,False,1784914797.34165,0,False,0,0,False
1784849457.3002179,20,1784914869.493676,37.51583123521782,0.7414801251239795,37.133974212252994,True,37.5,36.5,38.6,0.95,0.05,0.0,0.7,0.03,2,1784914879.522234,False,True,True,False,1784914797.34165,0,False,0,0,False
1784849457.3002179,20,1784914889.5009654,37.489127946898606,0.7413847562371252,37.109941252765694,True,37.5,36.5,38.6,0.95,0.05,0.0,0.7,0.03,2,1784914899.5287883,False,False,True,False,1784914797.34165,0,0,1,0,False
1784849457.3002179,20,1784914909.507479,37.46776531624323,0.7415945677882049,37.10727092393378,True,37.5,36.5,38.6,0.95,0.05,0.0,0.7,0.03,2,1784914919.5347552,False,False,True,False,1784914797.34165,0,0,1,0,False
1784849457.3002179,20,1784914929.5137198,37.47310597390707,0.7414801251239795,37.12062256809338,True,37.5,36.5,38.6,0.95,0.05,0.0,0.7,0.03,2,1784914939.5430646,False,True,True,False,1784914797.34165,0,0,1,0,False
1784849457.3002179,20,1784914949.5208385,37.48645761806668,0.7414801251239795,37.11261158159762,True,37.5,36.5,38.6,0.95,0.05,0.0,0.7,0.03,2,1784914959.5494223,False,True,True,False,1784914797.34165,0,0,1,0,False
1784849457.3002179,20,1784914969.5277727,37.507820248722055,0.7415373464560922,37.12863355458916,True,37.5,36.5,38.6,0.95,0.05,0.0,0.7,0.03,2,1784914979.5552337,False,True,True,True,1784914977.3416786,0,False,0,0,False
1784849457.3002179,20,1784914989.5342073,37.507820248722055,0.7413466086823834,37.133974212252994,True,37.5,36.5,38.6,0.95,0.05,0.0,0.7,0.03,2,1784914999.5617735,False,True,True,False,1784914977.3416786,0,False,0,0,False
1784849457.3002179,20,1784915009.5447843,37.50247959105822,0.7412321660181582,37.12863355458916,True,37.5,36.5,38.6,0.95,0.05,0.0,0.7,0.03,2,1784915019.5767837,False,True,True,False,1784914977.3416786,0,False,0,0,False
1784849457.3002179,20,1784915029.5548532,37.513160906385906,0.7414801251239795,37.13130388342107,True,37.5,36.5,38.6,0.95,0.05,0.0,0.7,0.03,2,1784915039.5822947,False,True,True,False,1784914977.3416786,0,False,0,0,False
1784849457.3002179,20,1784915049.5617826,37.49980926222629,0.7410986495765621,37.12863355458916,True,37.5,36.5,38.6,0.95,0.05,0.0,0.7,0.03,2,1784915059.5906017,False,False,True,False,1784914977.3416786,0,0,1,0,False
1784849457.3002179,20,1784915069.568681,37.489127946898606,0.7415945677882049,37.11795223926147,True,37.5,36.5,38.6,0.95,0.05,0.0,0.7,0.03,2,1784915079.5961552,False,True,True,False,1784914977.3416786,0,0,1,0,False
1784849457.3002179,20,1784915089.574984,37.50514991989013,0.7411558709086747,37.12596322575723,True,37.5,36.5,38.6,0.95,0.05,0.0,0.7,0.03,2,1784915099.6025105,False,True,True,False,1784914977.3416786,0,False,0,0,False
1784849457.3002179,20,1784915109.5813806,37.49446860456244,0.7414801251239795,37.11795223926147,True,37.5,36.5,38.6,0.95,0.05,0.0,0.7,0.03,2,1784915119.608882,False,True,True,False,1784914977.3416786,0,0,1,0,False
1784849457.3002179,20,1784915129.5877132,37.489127946898606,0.7413466086823834,37.08323796444648,True,37.5,36.5,38.6,0.95,0.05,0.0,0.7,0.03,2,1784915139.6151893,False,True,True,False,1784914977.3416786,0,0,1,0,False
1784849457.3002179,20,1784915149.5940676,37.513160906385906,0.7417471580071718,37.10193026626993,True,37.5,36.5,38.6,0.95,0.05,0.0,0.7,0.03,2,1784915159.621492,False,True,True,True,1784915157.3416853,0,False,0,0,False
1784849457.3002179,20,1784915169.6005094,37.49713893339437,0.7414419775692379,37.096589608606095,True,37.5,36.5,38.6,0.95,0.05,0.0,0.7,0.03,2,1784915179.6291466,False,True,True,False,1784915157.3416853,0,0,1,0,False
1784849457.3002179,20,1784915189.606797,37.49713893339437,0.7413656824597544,37.091248950942244,True,37.5,36.5,38.6,0.95,0.05,0.0,0.7,0.03,2,1784915199.6363587,False,True,True,False,1784915157.3416853,0,0,1,0,False
1784849457.3002179,20,1784915209.6133618,37.51850156404974,0.7413656824597544,37.08056763561456,True,37.5,36.5,38.6,0.95,0.05,0.0,0.7,0.03,2,1784915219.6431575,False,True,True,False,1784915157.3416853,0,False,0,0,False
1784849457.3002179,20,1784915229.6200776,37.52384222171359,0.7415182726787214,37.072556649118795,True,37.5,36.5,38.6,0.95,0.05,0.0,0.7,0.03,2,1784915239.6504176,False,False,True,False,1784915157.3416853,0,False,0,0,False
1784849457.3002179,20,1784915249.626804,37.526512550545505,0.741556420233463,37.053864347295345,True,37.5,36.5,38.6,0.95,0.05,0.0,0.7,0.03,2,1784915259.6622624,False,True,True,False,1784915157.3416853,0,False,0,0,False
1784849457.3002179,20,1784915269.6349502,37.483787289234755,0.7412512397955291,37.03250171663997,True,37.5,36.5,38.6,0.95,0.05,0.0,0.7,0.03,2,1784915279.6639302,False,False,True,False,1784915157.3416853,0,0,1,0,False
1784849457.3002179,20,1784915289.6427774,37.46242465857938,0.7416517891203174,37.01915007248036,True,37.5,36.5,38.6,0.95,0.05,0.0,0.7,0.03,2,1784915299.6717014,False,True,True,False,1784915157.3416853,0,0,1,0,False
1784849457.3002179,20,1784915309.6506767,37.51049057755398,0.7415182726787214,37.005798428320745,True,37.5,36.5,38.6,0.95,0.05,0.0,0.7,0.03,2,1784915319.6796026,False,True,True,False,1784915157.3416853,0,False,0,0,False
1784849457.3002179,20,1784915329.6585705,37.49980926222629,0.741556420233463,37.04585336079957,True,37.5,36.5,38.6,0.95,0.05,0.0,0.7,0.03,2,1784915339.687254,False,True,True,True,1784915337.3417306,0,0,1,0,False
1784849457.3002179,20,1784915349.6655946,37.465094987411305,0.7414229037918669,37.053864347295345,True,37.5,36.5,38.6,0.95,0.05,0.0,0.7,0.03,2,1784915359.692991,False,False,True,False,1784915337.3417306,0,0,1,0,False
1784849457.3002179,20,1784915369.6718762,37.507820248722055,0.7415373464560922,37.053864347295345,True,37.5,36.5,38.6,0.95,0.05,0.0,0.7,0.03,2,1784915379.6993148,False,True,True,False,1784915337.3417306,0,False,0,0,False
1784849457.3002179,20,1784915389.678245,37.50247959105822,0.7415945677882049,37.08056763561456,True,37.5,36.5,38.6,0.95,0.05,0.0,0.7,0.03,2,1784915399.7056012,False,False,True,False,1784915337.3417306,0,False,0,0,False
1784849457.3002179,20,1784915409.6845572,37.49713893339437,0.741556420233463,37.08590829327841,True,37.5,36.5,38.6,0.95,0.05,0.0,0.7,0.03,2,1784915419.714084,False,False,True,False,1784915337.3417306,0,0,1,0,False
1784849457.3002179,20,1784915429.6914036,37.49713893339437,0.7414991989013504,37.09391927977417,True,37.5,36.5,38.6,0.95,0.05,0.0,0.7,0.03,2,1784915439.7233012,False,False,True,False,1784915337.3417306,0,0,1,0,False
1784849457.3002179,20,1784915449.6991422,37.50514991989013,0.7413847562371252,37.06454566262303,True,37.5,36.5,38.6,0.95,0.05,0.0,0.7,0.03,2,1784915459.727335,False,False,True,False,1784915337.3417306,0,False,0,0,False
1784849457.3002179,20,1784915469.7068198,37.51049057755398,0.7414991989013504,37.08056763561456,True,37.5,36.5,38.6,0.95,0.05,0.0,0.7,0.03,2,1784915479.734976,False,True,True,False,1784915337.3417306,0,False,0,0,False
1784849457.3002179,20,1784915489.713965,37.50514991989013,0.7415182726787214,37.08857862211032,True,37.5,36.5,38.6,0.95,0.05,0.0,0.7,0.03,2,1784915499.7461934,False,False,True,False,1784915337.3417306,0,False,0,0,False
1784849457.3002179,20,1784915509.7203248,37.489127946898606,0.7414229037918669,37.07522697795072,True,37.5,36.5,38.6,0.95,0.05,0.0,0.7,0.03,2,1784915519.7476816,False,True,True,True,1784915517.3417697,0,0,1,0,False
1784849457.3002179,20,1784915529.726749,37.483787289234755,0.7415754940108339,37.072556649118795,True,37.5,36.5,38.6,0.95,0.05,0.0,0.7,0.03,2,1784915539.7543495,False,True,True,False,1784915517.3417697,0,0,1,0,False
1784849457.3002179,20,1784915549.7331946,37.49179827573053,0.7413084611276417,37.06454566262303,True,37.5,36.5,38.6,0.95,0.05,0.0,0.7,0.03,2,1784915559.7606475,False,False,True,False,1784915517.3417697,0,0,1,0,False
1784849457.3002179,20,1784915569.7394814,37.513160906385906,0.7416899366750591,37.08590829327841,True,37.5,36.5,38.6,0.95,0.05,0.0,0.7,0.03,2,1784915579.7673306,False,True,True,False,1784915517.3417697,0,False,0,0,False
1784849457.3002179,20,1784915589.745798,37.513160906385906,0.7414991989013504,37.10193026626993,True,37.5,36.5,38.6,0.95,0.05,0.0,0.7,0.03,2,1784915599.7761414,False,True,True,False,1784915517.3417697,0,False,0,0,False
1784849457.3002179,20,1784915609.7524824,37.53452353704128,0.74170901045243,37.091248950942244,True,37.5,36.5,38.6,0.95,0.05,0.0,0.7,0.03,2,1784915619.7816923,False,True,True,False,1784915517.3417697,0,False,0,0,False
1784849457.3002179,20,1784915629.7591534,37.507820248722055,0.7415373464560922,37.09391927977417,True,37.5,36.5,38.6,0.95,0.05,0.0,0.7,0.03,2,1784915639.7893925,False,True,True,False,1784915517.3417697,0,False,0,0,False
1784849457.3002179,20,1784915649.765785,37.489127946898606,0.7416327153429465,37.05920500495918,True,37.5,36.5,38.6,0.95,0.05,0.0,0.7,0.03,2,1784915659.7933881,False,True,True,False,1784915517.3417697,0,0,1,0,False
1784849457.3002179,20,1784915669.772236,37.46776531624323,0.741556420233463,37.08056763561456,True,37.5,36.5,38.6,0.95,0.05,0.0,0.7,0.03,2,1784915679.7996786,False,True,True,False,1784915517.3417697,0,0,1,0,False
1784849457.3002179,20,1784915689.778593,37.489127946898606,0.7413466086823834,37.072556649118795,True,37.5,36.5,38.6,0.95,0.05,0.0,0.7,0.03,2,1784915699.8056996,False,False,True,True,1784915697.3418014,0,0,1,0,False
1784849457.3002179,20,1784915709.78487,37.49980926222629,0.7416136415655756,37.048523689631494,True,37.5,36.5,38.6,0.95,0.05,0.0,0.7,0.03,2,1784915719.8142643,False,False,True,False,1784915697.3418014,0,0,1,0,False
1784849457.3002179,20,1784915729.7911117,37.49446860456244,0.7415373464560922,37.09391927977417,True,37.5,36.5,38.6,0.95,0.05,0.0,0.7,0.03,2,1784915739.8198771,False,True,True,False,1784915697.3418014,0,0,1,0,False
1784849457.3002179,20,1784915749.7982106,37.48645761806668,0.7414419775692379,37.10727092393378,True,37.5,36.5,38.6,0.95,0.05,0.0,0.7,0.03,2,1784915759.828538,False,False,True,False,1784915697.3418014,0,0,1,0,False
1784849457.3002179,20,1784915769.8081343,37.550545510032805,0.7416136415655756,37.096589608606095,True,37.5,36.5,38.6,0.95,0.05,0.0,0.7,0.03,2,1784915779.8513439,False,True,True,False,1784915697.3418014,0,False,0,0,False
1784849457.3002179,20,1784915789.8186204,37.56122682536049,0.7416899366750591,37.091248950942244,True,37.5,36.5,38.6,0.95,0.05,0.0,0.7,0.03,2,1784915799.8454854,False,False,True,False,1784915697.3418014,0,False,0,0,False
1784849457.3002179,20,1784915809.8250544,37.53452353704128,0.7415182726787214,37.11795223926147,True,37.5,36.5,38.6,0.95,0.05,0.0,0.7,0.03,2,1784915819.8521671,False,False,True,False,1784915697.3418014,0,False,0,0,False
1784849457.3002179,20,1784915829.831474,37.507820248722055,0.7414229037918669,37.08323796444648,True,37.5,36.5,38.6,0.95,0.05,0.0,0.7,0.03,2,1784915839.8589814,False,True,True,False,1784915697.3418014,0,False,0,0,False
1784849457.3002179,20,1784915849.8377626,37.46242465857938,0.7415373464560922,37.053864347295345,True,37.5,36.5,38.6,0.95,0.05,0.0,0.7,0.03,2,1784915859.8652024,False,True,True,False,1784915697.3418014,0,0,1,0,False
1784849457.3002179,20,1784915869.844134,37.446402685587856,0.74170901045243,37.053864347295345,True,37.5,36.5,38.6,0.95,0.05,0.0,0.7,0.03,2,1784915879.871667,False,False,True,True,1784915877.3418245,0,0,1,0,False
1784849457.3002179,20,1784915889.8505068,37.45174334325169,0.7417471580071718,37.03517204547188,True,37.5,36.5,38.6,0.95,0.05,0.0,0.7,0.03,2,1784915899.8785334,False,False,True,False,1784915877.3418245,0,0,1,0,False
1784849457.3002179,20,1784915909.8568084,37.47310597390707,0.7417471580071718,37.04318303196766,True,37.5,36.5,38.6,0.95,0.05,0.0,0.7,0.03,2,1784915919.885717,False,True,True,False,1784915877.3418245,0,0,1,0,False
1784849457.3002179,20,1784915929.863102,37.50514991989013,0.7415945677882049,37.08323796444648,True,37.5,36.5,38.6,0.95,0.05,0.0,0.7,0.03,2,1784915939.8905857,False,False,True,False,1784915877.3418245,0,False,0,0,False
1784849457.3002179,20,1784915949.8695273,37.49713893339437,0.7413656824597544,37.10727092393378,True,37.5,36.5,38.6,0.95,0.05,0.0,0.7,0.03,2,1784915959.8995447,False,True,True,False,1784915877.3418245,0,0,1,0,False
1784849457.3002179,20,1784915969.875914,37.507820248722055,0.7414991989013504,37.096589608606095,True,37.5,36.5,38.6,0.95,0.05,0.0,0.7,0.03,2,1784915979.9032583,False,False,True,False,1784915877.3418245,0,False,0,0,False
1784849457.3002179,20,1784915989.8822522,37.50247959105822,0.7417853055619135,37.08590829327841,True,37.5,36.5,38.6,0.95,0.05,0.0,0.7,0.03,2,1784915999.9121435,False,True,True,False,1784915877.3418245,0,False,0,0,False
1784849457.3002179,20,1784916009.8890445,37.53986419470512,0.7412321660181582,37.091248950942244,True,37.5,36.5,38.6,0.95,0.05,0.0,0.7,0.03,2,1784916019.915787,False,False,True,False,1784915877.3418245,0,False,0,0,False
1784849457.3002179,20,1784916029.8954256,37.52384222171359,0.741556420233463,37.09391927977417,True,37.5,36.5,38.6,0.95,0.05,0.0,0.7,0.03,2,1784916039.9242053,True,True,True,False,1784915877.3418245,0,False,0,0,False
1784849457.3002179,20,1784916049.9018154,37.49980926222629,0.7416517891203174,37.06454566262303,True,37.5,36.5,38.6,0.95,0.05,0.0,0.7,0.03,2,1784916059.9320917,True,True,True,True,1784916057.3418515,0,0,1,0,False
1784849457.3002179,20,1784916069.908128,37.489127946898606,0.7414801251239795,37.06454566262303,True,37.5,36.5,38.6,0.95,0.05,0.0,0.7,0.03,2,1784916079.9350407,True,False,True,False,1784916057.3418515,0,0,1,0,False
1784849457.3002179,20,1784916089.9143226,37.489127946898606,0.7416136415655756,37.05119401846342,True,37.5,36.5,38.6,0.95,0.05,0.0,0.7,0.03,2,1784916099.9417112,True,True,True,False,1784916057.3418515,0,0,1,0,False
1784849457.3002179,20,1784916109.920573,37.51049057755398,0.7415373464560922,37.03784237430381,True,37.5,36.5,38.6,0.95,0.05,0.0,0.7,0.03,2,1784916119.9480762,True,True,True,False,1784916057.3418515,0,False,0,0,False
1784849457.3002179,20,1784916129.9271376,37.53719386587319,0.7416899366750591,37.05653467612726,True,37.5,36.5,38.6,0.95,0.05,0.0,0.7,0.03,2,1784916139.9546049,True,False,True,False,1784916057.3418515,0,False,0,0,False
1784849457.3002179,20,1784916149.9334002,37.513160906385906,0.7417471580071718,37.03250171663997,True,37.5,36.5,38.6,0.95,0.05,0.0,0.7,0.03,2,1784916159.9609525,True,True,True,False,1784916057.3418515,0,False,0,0,False
1784849457.3002179,20,1784916169.9397268,37.49179827573053,0.7416136415655756,37.005798428320745,True,37.5,36.5,38.6,0.95,0.05,0.0,0.7,0.03,2,1784916179.9672098,True,False,True,False,1784916057.3418515,0,0,1,0,False
1784849457.3002179,20,1784916189.9458356,37.48645761806668,0.741556420233463,37.048523689631494,True,37.5,36.5,38.6,0.95,0.05,0.0,0.7,0.03,2,1784916199.978304,True,True,True,False,1784916057.3418515,0,0,1,0,False
1784849457.3002179,20,1784916209.9530878,37.48645761806668,0.7415945677882049,37.02716105897612,True,37.5,36.5,38.6,0.95,0.05,0.0,0.7,0.03,2,1784916219.9846132,True,True,True,False,1784916057.3418515,0,0,1,0,False
1784849457.3002179,20,1784916229.9614904,37.513160906385906,0.7417280842298009,37.03517204547188,True,37.5,36.5,38.6,0.95,0.05,0.0,0.7,0.03,2,1784916239.9904828,True,False,True,True,1784916237.341894,0,False,0,0,False
1784849457.3002179,20,1784916249.9689548,37.50514991989013,0.7415182726787214,37.03784237430381,True,37.5,36.5,38.6,0.95,0.05,0.0,0.7,0.03,2,1784916259.9978187,True,True,True,False,1784916237.341894,0,False,0,0,False
1784849457.3002179,20,1784916269.9776661,37.50514991989013,0.741556420233463,37.04318303196766,True,37.5,36.5,38.6,0.95,0.05,0.0,0.7,0.03,2,1784916280.0106194,True,False,True,False,1784916237.341894,0,False,0,0,False
1784849457.3002179,20,1784916289.986443,37.526512550545505,0.7416899366750591,37.03517204547188,True,37.5,36.5,38.6,0.95,0.05,0.0,0.7,0.03,2,1784916300.0241654,True,False,True,False,1784916237.341894,0,False,0,0,False
1784849457.3002179,20,1784916309.9947174,37.49980926222629,0.7416899366750591,37.02716105897612,True,37.5,36.5,38.6,0.95,0.05,0.0,0.7,0.03,2,1784916320.0223327,True,True,True,False,1784916237.341894,0,0,1,0,False
1784849457.3002179,20,1784916330.0011,37.489127946898606,0.74170901045243,37.00312809948882,True,37.5,36.5,38.6,0.95,0.05,0.0,0.7,0.03,2,1784916340.0289063,True,True,True,False,1784916237.341894,0,0,1,0,False
1784849457.3002179,20,1784916350.00743,37.481116960402844,0.7415945677882049,36.989776455329206,True,37.5,36.5,38.6,0.95,0.05,0.0,0.7,0.03,2,1784916360.0354755,True,False,True,False,1784916237.341894,0,0,1,0,False
1784849457.3002179,20,1784916370.0153794,37.49179827573053,0.7415754940108339,37.00045777065691,True,37.5,36.5,38.6,0.95,0.05,0.0,0.7,0.03,2,1784916380.045409,True,True,True,False,1784916237.341894,0,0,1,0,False
1784849457.3002179,20,1784916390.0251055,37.51850156404974,0.7415373464560922,37.03784237430381,True,37.5,36.5,38.6,0.95,0.05,0.0,0.7,0.03,2,1784916400.053604,True,True,True,False,1784916237.341894,0,False,0,0,False
1784849457.3002179,20,1784916410.0325413,37.52384222171359,0.7418234531166553,37.00045777065691,True,37.5,36.5,38.6,0.95,0.05,0.0,0.7,0.03,2,1784916420.0654778,True,True,True,True,1784916417.3419018,0,False,0,0,False
1784849457.3002179,20,1784916430.0393958,37.53986419470512,0.74170901045243,37.029831387808045,True,37.5,36.5,38.6,0.95,0.05,0.0,0.7,0.03,2,1784916440.0687864,True,True,True,False,1784916417.3419018,0,False,0,0,False
1784849457.3002179,20,1784916450.0461,37.489127946898606,0.7415945677882049,37.01647974364843,True,37.5,36.5,38.6,0.95,0.05,0.0,0.7,0.03,2,1784916460.073534,True,True,True,False,1784916417.3419018,0,0,1,0,False
1784849457.3002179,20,1784916470.052394,37.46242465857938,0.7415754940108339,36.963073167009995,True,37.5,36.5,38.6,0.95,0.05,0.0,0.7,0.03,2,1784916480.0797722,True,True,True,False,1784916417.3419018,0,0,1,0,False
1784849457.3002179,20,1784916490.058663,37.489127946898606,0.7418997482261388,36.99778744182498,True,37.5,36.5,38.6,0.95,0.05,0.0,0.7,0.03,2,1784916500.0901005,True,False,True,False,1784916417.3419018,0,0,1,0,False
1784849457.3002179,20,1784916510.0648925,37.51583123521782,0.7419378957808804,36.99511711299306,True,37.5,36.5,38.6,0.95,0.05,0.0,0.7,0.03,2,1784916520.0950844,True,False,True,False,1784916417.3419018,0,False,0,0,False
1784849457.3002179,20,1784916530.0715923,37.51049057755398,0.7416517891203174,37.00846875715267,True,37.5,36.5,38.6,0.95,0.05,0.0,0.7,0.03,2,1784916540.1032944,True,True,True,False,1784916417.3419018,0,False,0,0,False
1784849457.3002179,20,1784916550.0779338,37.507820248722055,0.7414419775692379,37.02716105897612,True,37.5,36.5,38.6,0.95,0.05,0.0,0.7,0.03,2,1784916560.1049094,True,False,True,False,1784916417.3419018,0,False,0,0,False
1784849457.3002179,20,1784916570.084296,37.51850156404974,0.7421095597772183,37.01647974364843,True,37.5,36.5,38.6,0.95,0.05,0.0,0.7,0.03,2,1784916580.1117003,True,True,True,False,1784916417.3419018,0,False,0,0,False
1784849457.3002179,20,1784916590.090619,37.481116960402844,0.7415373464560922,37.03250171663997,True,37.5,36.5,38.6,0.95,0.05,0.0,0.7,0.03,2,1784916600.1180725,True,True,True,True,1784916597.341935,0,0,1,0,False
1784849457.3002179,20,1784916610.096802,37.45441367208362,0.7413466086823834,36.989776455329206,True,37.5,36.5,38.6,0.95,0.05,0.0,0.7,0.03,2,1784916620.127104,True,True,True,False,1784916597.341935,0,0,1,0,False
1784849457.3002179,20,1784916630.103255,37.481116960402844,0.741861600671397,36.981765468833444,True,37.5,36.5,38.6,0.95,0.05,0.0,0.7,0.03,2,1784916640.1307704,True,False,True,False,1784916597.341935,0,0,1,0,False
1784849457.3002179,20,1784916650.1096492,37.489127946898606,0.7416136415655756,37.00045777065691,True,37.5,36.5,38.6,0.95,0.05,0.0,0.7,0.03,2,1784916660.1401815,True,True,True,False,1784916597.341935,0,0,1,0,False
1784849457.3002179,20,1784916670.1193678,37.51049057755398,0.7414038300144961,36.99511711299306,True,37.5,36.5,38.6,0.95,0.05,0.0,0.7,0.03,2,1784916680.1468139,True,False,True,False,1784916597.341935,0,False,0,0,False
1784849457.3002179,20,1784916690.1257188,37.526512550545505,0.7419378957808804,37.01380941481651,True,37.5,36.5,38.6,0.95,0.05,0.0,0.7,0.03,2,1784916700.153078,True,False,True,False,1784916597.341935,0,False,0,0,False
1784849457.3002179,20,1784916710.1321492,37.52117189288167,0.74170901045243,37.01647974364843,True,37.5,36.5,38.6,0.95,0.05,0.0,0.7,0.03,2,1784916720.159555,True,True,True,False,1784916597.341935,0,False,0,0,False
1784849457.3002179,20,1784916730.138605,37.489127946898606,0.7415373464560922,36.99778744182498,True,37.5,36.5,38.6,0.95,0.05,0.0,0.7,0.03,2,1784916740.1655998,True,True,True,False,1784916597.341935,0,0,1,0,False
1784849457.3002179,20,1784916750.1448262,37.470435645075156,0.7416327153429465,36.98443579766537,True,37.5,36.5,38.6,0.95,0.05,0.0,0.7,0.03,2,1784916760.1723764,True,False,True,False,1784916597.341935,0,0,1,0,False
1784849457.3002179,20,1784916770.151243,37.49713893339437,0.7418043793392843,36.98443579766537,True,37.5,36.5,38.6,0.95,0.05,0.0,0.7,0.03,2,1784916780.1785986,True,True,True,True,1784916777.3419564,0,0,1,0,False
1784849457.3002179,20,1784916790.1589246,37.507820248722055,0.74170901045243,36.97909514000152,True,37.5,36.5,38.6,0.95,0.05,0.0,0.7,0.03,2,1784916800.1881433,True,True,True,False,1784916777.3419564,0,False,0,0,False
1784849457.3002179,20,1784916810.167092,37.48645761806668,0.7414801251239795,37.00045777065691,True,37.5,36.5,38.6,0.95,0.05,0.0,0.7,0.03,2,1784916820.194657,True,False,True,False,1784916777.3419564,0,0,1,0,False
1784849457.3002179,20,1784916830.1734242,37.51850156404974,0.7418043793392843,36.99778744182498,True,37.5,36.5,38.6,0.95,0.05,0.0,0.7,0.03,2,1784916840.200822,True,False,True,False,1784916777.3419564,0,False,0,0,False
1784849457.3002179,20,1784916850.1798375,37.526512550545505,0.7418234531166553,36.99511711299306,True,37.5,36.5,38.6,0.95,0.05,0.0,0.7,0.03,2,1784916860.2074897,True,True,True,False,1784916777.3419564,0,False,0,0,False
1784849457.3002179,20,1784916870.1865718,37.49980926222629,0.7416517891203174,37.005798428320745,True,37.5,36.5,38.6,0.95,0.05,0.0,0.7,0.03,2,1784916880.214337,True,True,True,False,1784916777.3419564,0,0,1,0,False
1784849457.3002179,20,1784916890.1929367,37.50514991989013,0.7418234531166553,37.00312809948882,True,37.5,36.5,38.6,0.95,0.05,0.0,0.7,0.03,2,1784916900.2210145,True,True,True,False,1784916777.3419564,0,False,0,0,False
1784849457.3002179,20,1784916910.2004557,37.483787289234755,0.7416136415655756,36.989776455329206,True,37.5,36.5,38.6,0.95,0.05,0.0,0.7,0.03,2,1784916920.2318478,True,True,True,False,1784916777.3419564,0,0,1,0,False
1784849457.3002179,20,1784916930.2085543,37.483787289234755,0.7415754940108339,36.981765468833444,True,37.5,36.5,38.6,0.95,0.05,0.0,0.7,0.03,2,1784916940.2379336,True,True,True,False,1784916777.3419564,0,0,1,0,False
1784849457.3002179,20,1784916950.2158182,37.49179827573053,0.7416899366750591,37.00045777065691,True,37.5,36.5,38.6,0.95,0.05,0.0,0.7,0.03,2,1784916960.2479675,True,True,True,True,1784916957.341962,0,0,1,0,False
1784849457.3002179,20,1784916970.222326,37.48645761806668,0.7416708628976884,36.989776455329206,True,37.5,36.5,38.6,0.95,0.05,0.0,0.7,0.03,2,1784916980.2494652,True,True,True,False,1784916957.341962,0,0,1,0,False
1784849457.3002179,20,1784916990.2284715,37.53452353704128,0.7418425268940261,36.989776455329206,True,37.5,36.5,38.6,0.95,0.05,0.0,0.7,0.03,2,1784917000.2558594,True,False,True,False,1784916957.341962,0,False,0,0,False
1784849457.3002179,20,1784917010.2348585,37.550545510032805,0.7418425268940261,37.02716105897612,True,37.5,36.5,38.6,0.95,0.05,0.0,0.7,0.03,2,1784917020.261828,True,False,True,False,1784916957.341962,0,False,0,0,False
1784849457.3002179,20,1784917030.2411482,37.52384222171359,0.741861600671397,37.01380941481651,True,37.5,36.5,38.6,0.95,0.05,0.0,0.7,0.03,2,1784917040.2682204,True,False,True,False,1784916957.341962,0,False,0,0,False
1784849457.3002179,20,1784917050.247693,37.51049057755398,0.7416327153429465,37.00045777065691,True,37.5,36.5,38.6,0.95,0.05,0.0,0.7,0.03,2,1784917060.2750876,True,True,True,False,1784916957.341962,0,False,0,0,False
1784849457.3002179,20,1784917070.2539244,37.446402685587856,0.7416136415655756,37.00045777065691,True,37.5,36.5,38.6,0.95,0.05,0.0,0.7,0.03,2,1784917080.2814028,True,False,True,False,1784916957.341962,0,0,1,0,False
1784849457.3002179,20,1784917090.260015,37.47844663157092,0.7417471580071718,36.944380865186545,True,37.5,36.5,38.6,0.95,0.05,0.0,0.7,0.03,2,1784917100.2924485,True,False,True,False,1784916957.341962,0,0,1,0,False
1784849457.3002179,20,1784917110.2673893,37.483787289234755,0.7415182726787214,36.957732509346144,True,37.5,36.5,38.6,0.95,0.05,0.0,0.7,0.03,2,1784917120.2964923,True,True,True,False,1784916957.341962,0,0,1,0,False
1784849457.3002179,20,1784917130.2756717,37.50514991989013,0.7418997482261388,36.981765468833444,True,37.5,36.5,38.6,0.95,0.05,0.0,0.7,0.03,2,1784917140.3064647,True,False,True,True,1784917137.341992,0,False,0,0,False
1784849457.3002179,20,1784917150.2835732,37.481116960402844,0.7420714122224765,36.99511711299306,True,37.5,36.5,38.6,0.95,0.05,0.0,0.7,0.03,2,1784917160.311169,True,False,True,False,1784917137.341992,0,0,1,0,False
1784849457.3002179,20,1784917170.289942,37.49179827573053,0.741861600671397,37.00045777065691,True,37.5,36.5,38.6,0.95,0.05,0.0,0.7,0.03,2,1784917180.3175955,True,True,True,False,1784917137.341992,0,0,1,0,False
1784849457.3002179,20,1784917190.2961538,37.49179827573053,0.7419760433356223,36.989776455329206,True,37.5,36.5,38.6,0.95,0.05,0.0,0.7,0.03,2,1784917200.323933,True,False,True,False,1784917137.341992,0,0,1,0,False
1784849457.3002179,20,1784917210.302405,37.550545510032805,0.7419569695582513,36.989776455329206,True,37.5,36.5,38.6,0.95,0.05,0.0,0.7,0.03,2,1784917220.3298109,True,True,True,False,1784917137.341992,0,False,0,0,False
1784849457.3002179,20,1784917230.308669,37.555886167696656,0.7417280842298009,37.03517204547188,True,37.5,36.5,38.6,0.95,0.05,0.0,0.7,0.03,2,1784917240.3364096,True,False,True,False,1784917137.341992,0,False,0,0,False
1784849457.3002179,20,1784917250.3151715,37.531853208209355,0.7416899366750591,37.02182040131228,True,37.5,36.5,38.6,0.95,0.05,0.0,0.7,0.03,2,1784917260.3452516,True,True,True,False,1784917137.341992,0,False,0,0,False
1784849457.3002179,20,1784917270.3217776,37.50514991989013,0.741556420233463,37.005798428320745,True,37.5,36.5,38.6,0.95,0.05,0.0,0.7,0.03,2,1784917280.3498828,True,True,True,False,1784917137.341992,0,False,0,0,False
1784849457.3002179,20,1784917290.3284473,37.49980926222629,0.7419569695582513,37.01380941481651,True,37.5,36.5,38.6,0.95,0.05,0.0,0.7,0.03,2,1784917300.356758,True,True,True,False,1784917137.341992,0,0,1,0,False
1784849457.3002179,20,1784917310.3348253,37.46776531624323,0.741556420233463,36.957732509346144,True,37.5,36.5,38.6,0.95,0.05,0.0,0.7,0.03,2,1784917320.36988,True,True,True,True,1784917317.3419957,0,0,1,0,False
1784849457.3002179,20,1784917330.3411155,37.46242465857938,0.7416517891203174,36.939040207522694,True,37.5,36.5,38.6,0.95,0.05,0.0,0.7,0.03,2,1784917340.370965,True,True,True,False,1784917317.3419957,0,0,1,0,False
1784849457.3002179,20,1784917350.3484564,37.44373235675593,0.7419378957808804,36.96841382467383,True,37.5,36.5,38.6,0.95,0.05,0.0,0.7,0.03,2,1784917360.37859,True,False,True,False,1784917317.3419957,0,0,1,0,False
1784849457.3002179,20,1784917370.3569949,37.470435645075156,0.7415182726787214,36.957732509346144,True,37.5,36.5,38.6,0.95,0.05,0.0,0.7,0.03,2,1784917380.3860247,True,True,True,False,1784917317.3419957,0,0,1,0,False
1784849457.3002179,20,1784917390.3639488,37.48645761806668,0.7414801251239795,36.97909514000152,True,37.5,36.5,38.6,0.95,0.05,0.0,0.7,0.03,2,1784917400.398107,True,False,True,False,1784917317.3419957,0,0,1,0,False
1784849457.3002179,20,1784917410.3702786,37.50247959105822,0.7418234531166553,37.01647974364843,True,37.5,36.5,38.6,0.95,0.05,0.0,0.7,0.03,2,1784917420.3980532,True,True,True,False,1784917317.3419957,0,False,0,0,False
1784849457.3002179,20,1784917430.376791,37.52384222171359,0.7419760433356223,36.99244678416113,True,37.5,36.5,38.6,0.95,0.05,0.0,0.7,0.03,2,1784917440.4065113,True,False,True,False,1784917317.3419957,0,False,0,0,False
1784849457.3002179,20,1784917450.3856964,37.50514991989013,0.7417471580071718,37.00045777065691,True,37.5,36.5,38.6,0.95,0.05,0.0,0.7,0.03,2,1784917460.413145,True,True,True,False,1784917317.3419957,0,False,0,0,False
1784849457.3002179,20,1784917470.3919678,37.483787289234755,0.7418043793392843,36.97909514000152,True,37.5,36.5,38.6,0.95,0.05,0.0,0.7,0.03,2,1784917480.4202335,True,True,True,False,1784917317.3419957,0,0,1,0,False
1784849457.3002179,20,1784917490.3985767,37.46776531624323,0.7418234531166553,36.96574349584192,True,37.5,36.5,38.6,0.95,0.05,0.0,0.7,0.03,2,1784917500.4314666,True,True,True,True,1784917497.3420274,0,0,1,0,False
1784849457.3002179,20,1784917510.40802,37.47844663157092,0.7418425268940261,36.963073167009995,True,37.5,36.5,38.6,0.95,0.05,0.0,0.7,0.03,2,1784917520.4376361,True,True,True,False,1784917497.3420274,0,0,1,0,False
1784849457.3002179,20,1784917530.4166532,37.489127946898606,0.741861600671397,36.939040207522694,True,37.5,36.5,38.6,0.95,0.05,0.0,0.7,0.03,2,1784917540.4471169,True,False,True,False,1784917497.3420274,0,0,1,0,False
1784849457.3002179,20,1784917550.4240527,37.507820248722055,0.741861600671397,36.97909514000152,True,37.5,36.5,38.6,0.95,0.05,0.0,0.7,0.03,2,1784917560.4513965,True,True,True,False,1784917497.3420274,0,False,0,0,False
1784849457.3002179,20,1784917570.430506,37.52384222171359,0.741861600671397,37.00045777065691,True,37.5,36.5,38.6,0.95,0.05,0.0,0.7,0.03,2,1784917580.4582036,True,True,True,False,1784917497.3420274,0,False,0,0,False
1784849457.3002179,20,1784917590.438455,37.513160906385906,0.7419569695582513,37.011139085984595,True,37.5,36.5,38.6,0.95,0.05,0.0,0.7,0.03,2,1784917600.4672124,True,True,True,False,1784917497.3420274,0,False,0,0,False
1784849457.3002179,20,1784917610.4459639,37.51850156404974,0.7420332646677348,36.989776455329206,True,37.5,36.5,38.6,0.95,0.05,0.0,0.7,0.03,2,1784917620.4744122,True,True,True,False,1784917497.3420274,0,False,0,0,False
1784849457.3002179,20,1784917630.452207,37.45975432974747,0.7419188220035096,36.99244678416113,True,37.5,36.5,38.6,0.95,0.05,0.0,0.7,0.03,2,1784917640.4795294,True,True,True,False,1784917497.3420274,0,0,1,0,False
1784849457.3002179,20,1784917650.4584494,37.446402685587856,0.7416517891203174,36.97909514000152,True,37.5,36.5,38.6,0.95,0.05,0.0,0.7,0.03,2,1784917660.4860492,True,True,True,False,1784917497.3420274,0,0,1,0,False
1784849457.3002179,20,1784917670.4656208,37.446402685587856,0.7417853055619135,36.963073167009995,True,37.5,36.5,38.6,0.95,0.05,0.0,0.7,0.03,2,1784917680.4938486,True,False,True,True,1784917677.3420496,0,0,1,0,False
1784849457.3002179,20,1784917690.4728417,37.45708400091554,0.7417280842298009,36.96574349584192,True,37.5,36.5,38.6,0.95,0.05,0.0,0.7,0.03,2,1784917700.500518,True,True,True,False,1784917677.3420496,0,0,1,0,False
1784849457.3002179,20,1784917710.4790568,37.46776531624323,0.7418425268940261,36.94171053635462,True,37.5,36.5,38.6,0.95,0.05,0.0,0.7,0.03,2,1784917720.5064049,True,False,True,False,1784917677.3420496,0,0,1,0,False
1784849457.3002179,20,1784917730.4852176,37.49980926222629,0.7418806744487678,36.981765468833444,True,37.5,36.5,38.6,0.95,0.05,0.0,0.7,0.03,2,1784917740.5123448,True,True,True,False,1784917677.3420496,0,0,1,0,False
1784849457.3002179,20,1784917750.49144,37.52918287937743,0.7418234531166553,37.00045777065691,True,37.5,36.5,38.6,0.95,0.05,0.0,0.7,0.03,2,1784917760.518764,True,True,True,False,1784917677.3420496,0,False,0,0,False
1784849457.3002179,20,1784917770.4994419,37.550545510032805,0.7417280842298009,37.02182040131228,True,37.5,36.5,38.6,0.95,0.05,0.0,0.7,0.03,2,1784917780.5290427,True,False,True,False,1784917677.3420496,0,False,0,0,False
1784849457.3002179,20,1784917790.5084052,37.53452353704128,0.7420714122224765,37.011139085984595,True,37.5,36.5,38.6,0.95,0.05,0.0,0.7,0.03,2,1784917800.5385816,True,False,True,False,1784917677.3420496,0,False,0,0,False
1784849457.3002179,20,1784917810.517759,37.52918287937743,0.7421667811093309,37.02182040131228,True,37.5,36.5,38.6,0.95,0.05,0.0,0.7,0.03,2,1784917820.5473864,True,True,True,False,1784917677.3420496,0,False,0,0,False
1784849457.3002179,20,1784917830.527235,37.470435645075156,0.7418425268940261,36.99244678416113,True,37.5,36.5,38.6,0.95,0.05,0.0,0.7,0.03,2,1784917840.5590916,True,True,True,False,1784917677.3420496,0,0,1,0,False
1784849457.3002179,20,1784917850.5350556,37.46776531624323,0.7418234531166553,36.96841382467383,True,37.5,36.5,38.6,0.95,0.05,0.0,0.7,0.03,2,1784917860.5626328,True,True,True,True,1784917857.342084,0,0,1,0,False
1784849457.3002179,20,1784917870.5411768,37.47310597390707,0.74170901045243,36.963073167009995,True,37.5,36.5,38.6,0.95,0.05,0.0,0.7,0.03,2,1784917880.5683103,True,True,True,False,1784917857.342084,0,0,1,0,False
1784849457.3002179,20,1784917890.5473804,37.47310597390707,0.7418997482261388,36.97108415350576,True,37.5,36.5,38.6,0.95,0.05,0.0,0.7,0.03,2,1784917900.5743492,True,True,True,False,1784917857.342084,0,0,1,0,False
1784849457.3002179,20,1784917910.554476,37.47844663157092,0.7422049286640727,37.005798428320745,True,37.5,36.5,38.6,0.95,0.05,0.0,0.7,0.03,2,1784917920.5831656,True,False,True,False,1784917857.342084,0,0,1,0,False
1784849457.3002179,20,1784917930.5618794,37.49980926222629,0.7418806744487678,36.99778744182498,True,37.5,36.5,38.6,0.95,0.05,0.0,0.7,0.03,2,1784917940.5894804,True,True,True,False,1784917857.342084,0,0,1,0,False
1784849457.3002179,20,1784917950.5680318,37.507820248722055,0.7416899366750591,37.01647974364843,True,37.5,36.5,38.6,0.95,0.05,0.0,0.7,0.03,2,1784917960.600869,True,True,True,False,1784917857.342084,0,False,0,0,False
1784849457.3002179,20,1784917970.575315,37.52384222171359,0.7421095597772183,36.99511711299306,True,37.5,36.5,38.6,0.95,0.05,0.0,0.7,0.03,2,1784917980.6145797,True,True,True,False,1784917857.342084,0,False,0,0,False
1784849457.3002179,20,1784917990.584349,37.513160906385906,0.7415373464560922,37.00045777065691,True,37.5,36.5,38.6,0.95,0.05,0.0,0.7,0.03,2,1784918000.614207,True,True,True,False,1784917857.342084,0,False,0,0,False
1784849457.3002179,20,1784918010.592793,37.507820248722055,0.7419569695582513,37.00045777065691,True,37.5,36.5,38.6,0.95,0.05,0.0,0.7,0.03,2,1784918020.6196768,True,True,True,False,1784917857.342084,0,False,0,0,False
1784849457.3002179,20,1784918030.5990813,37.44373235675593,0.74170901045243,36.99778744182498,True,37.5,36.5,38.6,0.95,0.05,0.0,0.7,0.03,2,1784918040.6264703,True,True,True,True,1784918037.3421192,0,0,1,0,False
1784849457.3002179,20,1784918050.6058378,37.46776531624323,0.7419569695582513,36.963073167009995,True,37.5,36.5,38.6,0.95,0.05,0.0,0.7,0.03,2,1784918060.634361,True,False,True,False,1784918037.3421192,0,0,1,0,False
1784849457.3002179,20,1784918070.6128411,37.46242465857938,0.7420714122224765,36.96841382467383,True,37.5,36.5,38.6,0.95,0.05,0.0,0.7,0.03,2,1784918080.6429963,True,True,True,False,1784918037.3421192,0,0,1,0,False
1784849457.3002179,20,1784918090.620047,37.47310597390707,0.7421095597772183,36.96040283817807,True,37.5,36.5,38.6,0.95,0.05,0.0,0.7,0.03,2,1784918100.6488152,True,True,True,False,1784918037.3421192,0,0,1,0,False
1784849457.3002179,20,1784918110.6277454,37.483787289234755,0.7420332646677348,36.97909514000152,True,37.5,36.5,38.6,0.95,0.05,0.0,0.7,0.03,2,1784918120.6563876,True,False,True,False,1784918037.3421192,0,0,1,0,False
1784849457.3002179,20,1784918130.6356258,37.51583123521782,0.7417662317845426,36.99778744182498,True,37.5,36.5,38.6,0.95,0.05,0.0,0.7,0.03,2,1784918140.6650887,True,True,True,False,1784918037.3421192,0,False,0,0,False
1784849457.3002179,20,1784918150.6442194,37.53452353704128,0.7419760433356223,37.011139085984595,True,37.5,36.5,38.6,0.95,0.05,0.0,0.7,0.03,2,1784918160.6728885,True,True,True,False,1784918037.3421192,0,False,0,0,False
1784849457.3002179,20,1784918170.6517987,37.550545510032805,0.7418043793392843,37.02716105897612,True,37.5,36.5,38.6,0.95,0.05,0.0,0.7,0.03,2,1784918180.6798341,True,True,True,False,1784918037.3421192,0,False,0,0,False
1784849457.3002179,20,1784918190.659197,37.49713893339437,0.7421858548867017,37.00045777065691,True,37.5,36.5,38.6,0.95,0.05,0.0,0.7,0.03,2,1784918200.6919513,True,True,True,False,1784918037.3421192,0,0,1,0,False
1784849457.3002179,20,1784918210.6686065,37.49713893339437,0.7419569695582513,37.00045777065691,True,37.5,36.5,38.6,0.95,0.05,0.0,0.7,0.03,2,1784918220.7078834,True,True,True,True,1784918217.3421698,0,0,1,0,False
1784849457.3002179,20,1784918230.6771717,37.45975432974747,0.7419569695582513,36.987106126497295,True,37.5,36.5,38.6,0.95,0.05,0.0,0.7,0.03,2,1784918240.709769,True,True,True,False,1784918217.3421698,0,0,1,0,False
1784849457.3002179,20,1784918250.6835077,37.489127946898606,0.7418234531166553,37.00045777065691,True,37.5,36.5,38.6,0.95,0.05,0.0,0.7,0.03,2,1784918260.7120829,True,True,True,False,1784918217.3421698,0,0,1,0,False
1784849457.3002179,20,1784918270.6898096,37.49980926222629,0.7418043793392843,36.989776455329206,True,37.5,36.5,38.6,0.95,0.05,0.0,0.7,0.03,2,1784918280.7176163,True,False,True,False,1784918217.3421698,0,0,1,0,False
1784849457.3002179,20,1784918290.6961122,37.52117189288167,0.7419378957808804,36.99778744182498,True,37.5,36.5,38.6,0.95,0.05,0.0,0.7,0.03,2,1784918300.7234151,True,False,True,False,1784918217.3421698,0,False,0,0,False
1784849457.3002179,20,1784918310.7023323,37.53719386587319,0.7420714122224765,37.02716105897612,True,37.5,36.5,38.6,0.95,0.05,0.0,0.7,0.03,2,1784918320.729598,True,True,True,False,1784918217.3421698,0,False,0,0,False
1784849457.3002179,20,1784918330.7085238,37.526512550545505,0.7417853055619135,37.00846875715267,True,37.5,36.5,38.6,0.95,0.05,0.0,0.7,0.03,2,1784918340.7359204,True,False,True,False,1784918217.3421698,0,False,0,0,False
1784849457.3002179,20,1784918350.7148952,37.507820248722055,0.7419188220035096,37.01647974364843,True,37.5,36.5,38.6,0.95,0.05,0.0,0.7,0.03,2,1784918360.7416484,True,True,True,False,1784918217.3421698,0,False,0,0,False
1784849457.3002179,20,1784918370.7212055,37.49179827573053,0.7421667811093309,37.00045777065691,True,37.5,36.5,38.6,0.95,0.05,0.0,0.7,0.03,2,1784918380.7485173,True,True,True,False,1784918217.3421698,0,0,1,0,False
1784849457.3002179,20,1784918390.7273567,37.470435645075156,0.7420332646677348,36.989776455329206,True,37.5,36.5,38.6,0.95,0.05,0.0,0.7,0.03,2,1784918400.754726,True,True,True,True,1784918397.3421884,0,0,1,0,False
1784849457.3002179,20,1784918410.7335076,37.470435645075156,0.7420332646677348,36.989776455329206,True,37.5,36.5,38.6,0.95,0.05,0.0,0.7,0.03,2,1784918420.761242,True,False,True,False,1784918397.3421884,0,0,1,0,False
1784849457.3002179,20,1784918430.7397099,37.49179827573053,0.7418806744487678,36.981765468833444,True,37.5,36.5,38.6,0.95,0.05,0.0,0.7,0.03,2,1784918440.7671108,True,True,True,False,1784918397.3421884,0,0,1,0,False
1784849457.3002179,20,1784918450.7459333,37.49980926222629,0.7418806744487678,37.00045777065691,True,37.5,36.5,38.6,0.95,0.05,0.0,0.7,0.03,2,1784918460.7733312,True,True,True,False,1784918397.3421884,0,0,1,0,False
1784849457.3002179,20,1784918470.7520738,37.54253452353704,0.741861600671397,37.01647974364843,True,37.5,36.5,38.6,0.95,0.05,0.0,0.7,0.03,2,1784918480.779402,True,False,True,False,1784918397.3421884,0,False,0,0,False
1784849457.3002179,20,1784918490.758358,37.53719386587319,0.7421858548867017,37.04585336079957,True,37.5,36.5,38.6,0.95,0.05,0.0,0.7,0.03,2,1784918500.786008,True,False,True,False,1784918397.3421884,0,False,0,0,False
1784849457.3002179,20,1784918510.7646022,37.54787518120088,0.7420523384451058,37.02716105897612,True,37.5,36.5,38.6,0.95,0.05,0.0,0.7,0.03,2,1784918520.7920194,True,True,True,False,1784918397.3421884,0,False,0,0,False
1784849457.3002179,20,1784918530.770968,37.51049057755398,0.741861600671397,37.03517204547188,True,37.5,36.5,38.6,0.95,0.05,0.0,0.7,0.03,2,1784918540.798365,True,True,True,False,1784918397.3421884,0,False,0,0,False
1784849457.3002179,20,1784918550.7783911,37.48645761806668,0.7420332646677348,37.02716105897612,True,37.5,36.5,38.6,0.95,0.05,0.0,0.7,0.03,2,1784918560.808113,True,False,True,False,1784918397.3421884,0,0,1,0,False
1784849457.3002179,20,1784918570.7857528,37.465094987411305,0.7419569695582513,36.989776455329206,True,37.5,36.5,38.6,0.95,0.05,0.0,0.7,0.03,2,1784918580.8195076,True,True,True,True,1784918577.3422024,0,0,1,0,False
1784849457.3002179,20,1784918590.792002,37.43305104142824,0.7419760433356223,36.97375448233768,True,37.5,36.5,38.6,0.95,0.05,0.0,0.7,0.03,2,1784918600.8217275,True,False,True,False,1784918577.3422024,0,0,1,0,False
1784849457.3002179,20,1784918610.7985337,37.45441367208362,0.7417471580071718,37.011139085984595,True,37.5,36.5,38.6,0.95,0.05,0.0,0.7,0.03,2,1784918620.8336139,True,True,True,False,1784918577.3422024,0,0,1,0,False
1784849457.3002179,20,1784918630.8056555,37.470435645075156,0.7418425268940261,37.01380941481651,True,37.5,36.5,38.6,0.95,0.05,0.0,0.7,0.03,2,1784918640.8343425,True,False,True,False,1784918577.3422024,0,0,1,0,False
1784849457.3002179,20,1784918650.8126535,37.49980926222629,0.7421095597772183,37.005798428320745,True,37.5,36.5,38.6,0.95,0.05,0.0,0.7,0.03,2,1784918660.840162,True,False,True,False,1784918577.3422024,0,0,1,0,False
1784849457.3002179,20,1784918670.8194754,37.52117189288167,0.7421858548867017,37.053864347295345,True,37.5,36.5,38.6,0.95,0.05,0.0,0.7,0.03,2,1784918680.8474865,True,False,True,False,1784918577.3422024,0,False,0,0,False
1784849457.3002179,20,1784918690.8267403,37.526512550545505,0.7419760433356223,37.05653467612726,True,37.5,36.5,38.6,0.95,0.05,0.0,0.7,0.03,2,1784918700.8545663,True,False,True,False,1784918577.3422024,0,False,0,0,False
1784849457.3002179,20,1784918710.8330958,37.526512550545505,0.7417853055619135,37.04318303196766,True,37.5,36.5,38.6,0.95,0.05,0.0,0.7,0.03,2,1784918720.860002,True,True,True,False,1784918577.3422024,0,False,0,0,False
1784849457.3002179,20,1784918730.8393943,37.50514991989013,0.741861600671397,37.024490730144194,True,37.5,36.5,38.6,0.95,0.05,0.0,0.7,0.03,2,1784918740.8668036,True,False,True,False,1784918577.3422024,0,False,0,0,False
1784849457.3002179,20,1784918750.845693,37.470435645075156,0.7417471580071718,37.005798428320745,True,37.5,36.5,38.6,0.95,0.05,0.0,0.7,0.03,2,1784918760.8734393,True,True,True,True,1784918757.3422282,0,0,1,0,False
1784849457.3002179,20,1784918770.85212,37.44373235675593,0.741861600671397,37.011139085984595,True,37.5,36.5,38.6,0.95,0.05,0.0,0.7,0.03,2,1784918780.8794994,True,True,True,False,1784918757.3422282,0,0,1,0,False
1784849457.3002179,20,1784918790.8583188,37.465094987411305,0.7416899366750591,36.989776455329206,True,37.5,36.5,38.6,0.95,0.05,0.0,0.7,0.03,2,1784918800.8856974,True,True,True,False,1784918757.3422282,0,0,1,0,False
1784849457.3002179,20,1784918810.8645065,37.470435645075156,0.741861600671397,37.011139085984595,True,37.5,36.5,38.6,0.95,0.05,0.0,0.7,0.03,2,1784918820.896857,True,False,True,False,1784918757.3422282,0,0,1,0,False
1784849457.3002179,20,1784918830.8709643,37.48645761806668,0.7422049286640727,37.00846875715267,True,37.5,36.5,38.6,0.95,0.05,0.0,0.7,0.03,2,1784918840.9011805,True,False,True,False,1784918757.3422282,0,0,1,0,False
1784849457.3002179,20,1784918850.8775377,37.531853208209355,0.741995117112993,37.053864347295345,True,37.5,36.5,38.6,0.95,0.05,0.0,0.7,0.03,2,1784918860.904897,True,True,True,False,1784918757.3422282,0,False,0,0,False
1784849457.3002179,20,1784918870.8838954,37.52117189288167,0.7418043793392843,37.053864347295345,True,37.5,36.5,38.6,0.95,0.05,0.0,0.7,0.03,2,1784918880.9113085,True,True,True,False,1784918757.3422282,0,False,0,0,False
1784849457.3002179,20,1784918890.8902676,37.52117189288167,0.7419760433356223,37.04585336079957,True,37.5,36.5,38.6,0.95,0.05,0.0,0.7,0.03,2,1784918900.9177544,True,False,True,False,1784918757.3422282,0,False,0,0,False
1784849457.3002179,20,1784918910.8973184,37.489127946898606,0.7420714122224765,37.04318303196766,True,37.5,36.5,38.6,0.95,0.05,0.0,0.7,0.03,2,1784918920.9257157,True,True,True,False,1784918757.3422282,0,0,1,0,False
1784849457.3002179,20,1784918930.9045653,37.489127946898606,0.7421667811093309,37.029831387808045,True,37.5,36.5,38.6,0.95,0.05,0.0,0.7,0.03,2,1784918940.9316654,True,True,True,True,1784918937.3422418,0,0,1,0,False
1784849457.3002179,20,1784918950.9108474,37.470435645075156,0.7419188220035096,36.98443579766537,True,37.5,36.5,38.6,0.95,0.05,0.0,0.7,0.03,2,1784918960.9535096,True,True,True,False,1784918937.3422418,0,0,1,0,False
1784849457.3002179,20,1784918970.9339683,37.48645761806668,0.7420141908903639,37.00045777065691,True,37.5,36.5,38.6,0.95,0.05,0.0,0.7,0.03,2,1784918980.9628577,True,True,True,False,1784918937.3422418,0,0,1,0,False
1784849457.3002179,20,1784918990.9431615,37.48645761806668,0.7419760433356223,37.00045777065691,True,37.5,36.5,38.6,0.95,0.05,0.0,0.7,0.03,2,1784919000.9711611,True,True,True,False,1784918937.3422418,0,0,1,0,False
1784849457.3002179,20,1784919010.9527278,37.507820248722055,0.741861600671397,37.03250171663997,True,37.5,36.5,38.6,0.95,0.05,0.0,0.7,0.03,2,1784919020.982718,True,True,True,False,1784918937.3422418,0,False,0,0,False
1784849457.3002179,20,1784919030.961142,37.51850156404974,0.7419378957808804,37.029831387808045,True,37.5,36.5,38.6,0.95,0.05,0.0,0.7,0.03,2,1784919040.9890492,True,False,True,False,1784918937.3422418,0,False,0,0,False
1784849457.3002179,20,1784919050.9675806,37.52117189288167,0.7421286335545892,37.03250171663997,True,37.5,36.5,38.6,0.95,0.05,0.0,0.7,0.03,2,1784919060.9946296,True,True,True,False,1784918937.3422418,0,False,0,0,False
1784849457.3002179,20,1784919070.9738104,37.49980926222629,0.7420714122224765,37.03250171663997,True,37.5,36.5,38.6,0.95,0.05,0.0,0.7,0.03,2,1784919081.000645,True,True,True,False,1784918937.3422418,0,0,1,0,False
1784849457.3002179,20,1784919090.9799564,37.483787289234755,0.7418806744487678,37.01915007248036,True,37.5,36.5,38.6,0.95,0.05,0.0,0.7,0.03,2,1784919101.0074065,True,False,True,False,1784918937.3422418,0,0,1,0,False
1784849457.3002179,20,1784919110.9862285,37.49980926222629,0.7420904859998474,37.053864347295345,True,37.5,36.5,38.6,0.95,0.05,0.0,0.7,0.03,2,1784919121.013582,True,True,True,True,1784919117.3422647,0,0,1,0,False
1784849457.3002179,20,1784919130.9924061,37.51049057755398,0.7422049286640727,37.04051270313573,True,37.5,36.5,38.6,0.95,0.05,0.0,0.7,0.03,2,1784919141.0203662,True,False,True,False,1784919117.3422647,0,False,0,0,False
1784849457.3002179,20,1784919150.9986806,37.50247959105822,0.7421286335545892,37.02716105897612,True,37.5,36.5,38.6,0.95,0.05,0.0,0.7,0.03,2,1784919161.0274634,True,True,True,False,1784919117.3422647,0,False,0,0,False
1784849457.3002179,20,1784919171.0050066,37.507820248722055,0.7421286335545892,37.048523689631494,True,37.5,36.5,38.6,0.95,0.05,0.0,0.7,0.03,2,1784919181.034897,True,True,True,False,1784919117.3422647,0,False,0,0,False
1784849457.3002179,20,1784919191.0122895,37.507820248722055,0.7420332646677348,37.02716105897612,True,37.5,36.5,38.6,0.95,0.05,0.0,0.7,0.03,2,1784919201.0452557,True,True,True,False,1784919117.3422647,0,False,0,0,False
1784849457.3002179,20,1784919211.021011,37.44373235675593,0.7420523384451058,37.00045777065691,True,37.5,36.5,38.6,0.95,0.05,0.0,0.7,0.03,2,1784919221.0521739,True,False,True,False,1784919117.3422647,0,0,1,0,False
1784849457.3002179,20,1784919231.0284045,37.45441367208362,0.7420523384451058,36.99244678416113,True,37.5,36.5,38.6,0.95,0.05,0.0,0.7,0.03,2,1784919241.05912,True,True,True,False,1784919117.3422647,0,0,1,0,False
1784849457.3002179,20,1784919251.0346622,37.446402685587856,0.7418806744487678,37.00045777065691,True,37.5,36.5,38.6,0.95,0.05,0.0,0.7,0.03,2,1784919261.0638604,True,True,True,False,1784919117.3422647,0,0,1,0,False
1784849457.3002179,20,1784919271.041127,37.47310597390707,0.7420141908903639,36.99511711299306,True,37.5,36.5,38.6,0.95,0.05,0.0,0.7,0.03,2,1784919281.0704837,True,False,True,False,1784919117.3422647,0,0,1,0,False
1784849457.3002179,20,1784919291.047675,37.489127946898606,0.7418806744487678,37.029831387808045,True,37.5,36.5,38.6,0.95,0.05,0.0,0.7,0.03,2,1784919301.077877,True,False,True,True,1784919297.3422916,0,0,1,0,False
1784849457.3002179,20,1784919311.0542185,37.50514991989013,0.7423384451056687,37.048523689631494,True,37.5,36.5,38.6,0.95,0.05,0.0,0.7,0.03,2,1784919321.0838075,True,False,True,False,1784919297.3422916,0,False,0,0,False
1784849457.3002179,20,1784919331.0608249,37.52117189288167,0.7421858548867017,37.04585336079957,True,37.5,36.5,38.6,0.95,0.05,0.0,0.7,0.03,2,1784919341.0902226,True,True,True,False,1784919297.3422916,0,False,0,0,False
1784849457.3002179,20,1784919351.0674927,37.52384222171359,0.7418997482261388,37.053864347295345,True,37.5,36.5,38.6,0.95,0.05,0.0,0.7,0.03,2,1784919361.0948935,True,True,True,False,1784919297.3422916,0,False,0,0,False
1784849457.3002179,20,1784919371.0738251,37.507820248722055,0.7423193713282978,37.02716105897612,True,37.5,36.5,38.6,0.95,0.05,0.0,0.7,0.03,2,1784919381.102405,True,False,True,False,1784919297.3422916,0,False,0,0,False
1784849457.3002179,20,1784919391.0802076,37.50247959105822,0.7421858548867017,37.03784237430381,True,37.5,36.5,38.6,0.95,0.05,0.0,0.7,0.03,2,1784919401.1081038,True,True,True,False,1784919297.3422916,0,False,0,0,False
1784849457.3002179,20,1784919411.0869668,37.44373235675593,0.7417853055619135,37.01647974364843,True,37.5,36.5,38.6,0.95,0.05,0.0,0.7,0.03,2,1784919421.1156247,True,True,True,False,1784919297.3422916,0,0,1,0,False
1784849457.3002179,20,1784919431.0932426,37.422369726100555,0.7419378957808804,36.99244678416113,True,37.5,36.5,38.6,0.95,0.05,0.0,0.7,0.03,2,1784919441.1245973,True,False,True,False,1784919297.3422916,0,0,1,0,False
1784849457.3002179,20,1784919451.1003988,37.446402685587856,0.7419188220035096,36.98443579766537,True,37.5,36.5,38.6,0.95,0.05,0.0,0.7,0.03,2,1784919461.1291482,True,False,True,False,1784919297.3422916,0,0,1,0,False
1784849457.3002179,20,1784919471.1079028,37.43572137026017,0.7419760433356223,37.005798428320745,True,37.5,36.5,38.6,0.95,0.05,0.0,0.7,0.03,2,1784919481.1366248,True,False,True,True,1784919477.3423395,0,0,1,0,False
1784849457.3002179,20,1784919491.1154463,37.441062027924005,0.7420904859998474,37.00312809948882,True,37.5,36.5,38.6,0.95,0.05,0.0,0.7,0.03,2,1784919501.144062,True,True,True,False,1784919477.3423395,0,0,1,0,False
1784849457.3002179,20,1784919511.1224785,37.45708400091554,0.7420904859998474,37.011139085984595,True,37.5,36.5,38.6,0.95,0.05,0.0,0.7,0.03,2,1784919521.1505141,True,True,True,False,1784919477.3423395,0,0,1,0,False
1784849457.3002179,20,1784919531.1288433,37.51049057755398,0.7422049286640727,37.01380941481651,True,37.5,36.5,38.6,0.95,0.05,0.0,0.7,0.03,2,1784919541.1561127,True,True,True,False,1784919477.3423395,0,False,0,0,False
1784849457.3002179,20,1784919551.1359365,37.507820248722055,0.7419760433356223,37.06454566262303,True,37.5,36.5,38.6,0.95,0.05,0.0,0.7,0.03,2,1784919561.1636634,True,False,True,False,1784919477.3423395,0,False,0,0,False
1784849457.3002179,20,1784919571.143051,37.54520485236897,0.7421286335545892,37.04318303196766,True,37.5,36.5,38.6,0.95,0.05,0.0,0.7,0.03,2,1784919581.1720152,True,False,True,False,1784919477.3423395,0,False,0,0,False
1784849457.3002179,20,1784919591.1494827,37.507820248722055,0.7423575188830397,37.02716105897612,True,37.5,36.5,38.6,0.95,0.05,0.0,0.7,0.03,2,1784919601.179686,True,False,True,False,1784919477.3423395,0,False,0,0,False
1784849457.3002179,20,1784919611.156166,37.48645761806668,0.7419760433356223,37.01647974364843,True,37.5,36.5,38.6,0.95,0.05,0.0,0.7,0.03,2,1784919621.1835778,False,False,True,False,1784919477.3423395,0,0,1,0,False
1784849457.3002179,20,1784919631.1625488,37.438391699092094,0.7422430762188144,36.99244678416113,True,37.5,36.5,38.6,0.95,0.05,0.0,0.7,0.03,2,1784919641.195481,False,True,True,False,1784919477.3423395,0,0,1,0,False
1784849457.3002179,20,1784919651.1691384,37.446402685587856,0.7420523384451058,37.00045777065691,True,37.5,36.5,38.6,0.95,0.05,0.0,0.7,0.03,2,1784919661.196735,False,False,True,True,1784919657.3423464,0,0,1,0,False
1784849457.3002179,20,1784919671.1757827,37.446402685587856,0.7421095597772183,37.011139085984595,True,37.5,36.5,38.6,0.95,0.05,0.0,0.7,0.03,2,1784919681.2051544,False,True,True,False,1784919657.3423464,0,0,1,0,False
1784849457.3002179,20,1784919691.1822426,37.446402685587856,0.7420714122224765,37.04051270313573,True,37.5,36.5,38.6,0.95,0.05,0.0,0.7,0.03,2,1784919701.2097378,False,True,True,False,1784919657.3423464,0,0,1,0,False
1784849457.3002179,20,1784919711.188674,37.46242465857938,0.7418425268940261,37.04318303196766,True,37.5,36.5,38.6,0.95,0.05,0.0,0.7,0.03,2,1784919721.21828,False,True,True,False,1784919657.3423464,0,0,1,0,False
1784849457.3002179,20,1784919731.1958094,37.49446860456244,0.7420141908903639,37.067215991454944,True,37.5,36.5,38.6,0.95,0.05,0.0,0.7,0.03,2,1784919741.2238755,False,True,True,False,1784919657.3423464,0,0,1,0,False
1784849457.3002179,20,1784919751.2033799,37.53986419470512,0.7422049286640727,37.091248950942244,True,37.5,36.5,38.6,0.95,0.05,0.0,0.7,0.03,2,1784919761.2321231,False,False,True,False,1784919657.3423464,0,False,0,0,False
1784849457.3002179,20,1784919771.2110531,37.53452353704128,0.7424528877698939,37.12329289692531,True,37.5,36.5,38.6,0.95,0.05,0.0,0.7,0.03,2,1784919781.2399063,False,True,True,False,1784919657.3423464,0,False,0,0,False
1784849457.3002179,20,1784919791.2188485,37.53452353704128,0.7425482566567483,37.08590829327841,True,37.5,36.5,38.6,0.95,0.05,0.0,0.7,0.03,2,1784919801.2474232,False,True,True,False,1784919657.3423464,0,False,0,0,False
1784849457.3002179,20,1784919811.2258599,37.48645761806668,0.7422049286640727,37.08590829327841,True,37.5,36.5,38.6,0.95,0.05,0.0,0.7,0.03,2,1784919821.253611,False,True,True,False,1784919657.3423464,0,0,1,0,False
1784849457.3002179,20,1784919831.2326205,37.45441367208362,0.7421286335545892,37.08323796444648,True,37.5,36.5,38.6,0.95,0.05,0.0,0.7,0.03,2,1784919841.260048,False,True,True,True,1784919837.342355,0,0,1,0,False
1784849457.3002179,20,1784919851.2389262,37.45174334325169,0.7420904859998474,37.048523689631494,True,37.5,36.5,38.6,0.95,0.05,0.0,0.7,0.03,2,1784919861.2696419,False,False,True,False,1784919837.342355,0,0,1,0,False
1784849457.3002179,20,1784919871.2453392,37.46242465857938,0.7424910353246357,37.048523689631494,True,37.5,36.5,38.6,0.95,0.05,0.0,0.7,0.03,2,1784919881.2766573,False,True,True,False,1784919837.342355,0,0,1,0,False
1784849457.3002179,20,1784919891.2517235,37.49980926222629,0.741995117112993,37.08323796444648,True,37.5,36.5,38.6,0.95,0.05,0.0,0.7,0.03,2,1784919901.2791963,False,True,True,False,1784919837.342355,0,0,1,0,False
1784849457.3002179,20,1784919911.2579405,37.51049057755398,0.7421095597772183,37.11795223926147,True,37.5,36.5,38.6,0.95,0.05,0.0,0.7,0.03,2,1784919921.291212,False,False,True,False,1784919837.342355,0,False,0,0,False
1784849457.3002179,20,1784919931.264279,37.531853208209355,0.7422812237735562,37.12596322575723,True,37.5,36.5,38.6,0.95,0.05,0.0,0.7,0.03,2,1784919941.2917287,False,False,True,False,1784919837.342355,0,False,0,0,False
1784849457.3002179,20,1784919951.271214,37.513160906385906,0.7421286335545892,37.11795223926147,True,37.5,36.5,38.6,0.95,0.05,0.0,0.7,0.03,2,1784919961.3054645,False,False,True,False,1784919837.342355,0,False,0,0,False
1784849457.3002179,20,1784919971.2788124,37.53452353704128,0.7422621499961852,37.08056763561456,True,37.5,36.5,38.6,0.95,0.05,0.0,0.7,0.03,2,1784919981.306344,False,True,True,False,1784919837.342355,0,False,0,0,False
1784849457.3002179,20,1784919991.286397,37.513160906385906,0.7421286335545892,37.096589608606095,True,37.5,36.5,38.6,0.95,0.05,0.0,0.7,0.03,2,1784920001.3211095,False,True,True,False,1784919837.342355,0,False,0,0,False
1784849457.3002179,20,1784920011.293341,37.44373235675593,0.7422430762188144,37.053864347295345,True,37.5,36.5,38.6,0.95,0.05,0.0,0.7,0.03,2,1784920021.321032,False,True,True,True,1784920017.3423684,0,0,1,0,False
1784849457.3002179,20,1784920031.2997925,37.395666437781344,0.7419569695582513,37.029831387808045,True,37.5,36.5,38.6,0.95,0.05,0.0,0.7,0.03,2,1784920041.327129,False,False,True,False,1784920017.3423684,0,0,1,0,False
1784849457.3002179,20,1784920051.3060942,37.43572137026017,0.7420141908903639,37.03250171663997,True,37.5,36.5,38.6,0.95,0.05,0.0,0.7,0.03,2,1784920061.3385208,False,False,True,False,1784920017.3423684,0,0,1,0,False
1784849457.3002179,20,1784920071.3123984,37.41969939726863,0.741995117112993,37.06988632028687,True,37.5,36.5,38.6,0.95,0.05,0.0,0.7,0.03,2,1784920081.3413746,False,True,True,False,1784920017.3423684,0,0,1,0,False
1784849457.3002179,20,1784920091.3186963,37.45708400091554,0.7420714122224765,37.05653467612726,True,37.5,36.5,38.6,0.95,0.05,0.0,0.7,0.03,2,1784920101.3496954,False,True,True,False,1784920017.3423684,0,0,1,0,False
1784849457.3002179,20,1784920111.3251987,37.51049057755398,0.7422621499961852,37.08590829327841,True,37.5,36.5,38.6,0.95,0.05,0.0,0.7,0.03,2,1784920121.352584,False,True,True,False,1784920017.3423684,0,False,0,0,False
1784849457.3002179,20,1784920131.331525,37.55321583886473,0.74214770733196,37.12062256809338,True,37.5,36.5,38.6,0.95,0.05,0.0,0.7,0.03,2,1784920141.3593073,False,True,True,False,1784920017.3423684,0,False,0,0,False
1784849457.3002179,20,1784920151.3378718,37.53986419470512,0.7425864042114901,37.11795223926147,True,37.5,36.5,38.6,0.95,0.05,0.0,0.7,0.03,2,1784920161.3680913,False,False,True,False,1784920017.3423684,0,False,0,0,False
1784849457.3002179,20,1784920171.34531,37.49713893339437,0.7421667811093309,37.11261158159762,True,37.5,36.5,38.6,0.95,0.05,0.0,0.7,0.03,2,1784920181.372751,False,True,True,False,1784920017.3423684,0,0,1,0,False
1784849457.3002179,20,1784920191.3515818,37.50247959105822,0.7422049286640727,37.10727092393378,True,37.5,36.5,38.6,0.95,0.05,0.0,0.7,0.03,2,1784920201.3792667,False,False,True,True,1784920197.3423784,0,False,0,0,False
1784849457.3002179,20,1784920211.3580627,37.50247959105822,0.7422049286640727,37.08056763561456,True,37.5,36.5,38.6,0.95,0.05,0.0,0.7,0.03,2,1784920221.385548,False,False,True,False,1784920197.3423784,0,False,0,0,False
1784849457.3002179,20,1784920231.3644242,37.48645761806668,0.7419378957808804,37.072556649118795,True,37.5,36.5,38.6,0.95,0.05,0.0,0.7,0.03,2,1784920241.3962798,False,False,True,False,1784920197.3423784,0,0,1,0,False
1784849457.3002179,20,1784920251.370862,37.49446860456244,0.7422812237735562,37.10193026626993,True,37.5,36.5,38.6,0.95,0.05,0.0,0.7,0.03,2,1784920261.398311,False,False,True,False,1784920197.3423784,0,0,1,0,False
1784849457.3002179,20,1784920271.3770735,37.50514991989013,0.7423193713282978,37.10727092393378,True,37.5,36.5,38.6,0.95,0.05,0.0,0.7,0.03,2,1784920281.404612,False,True,True,False,1784920197.3423784,0,False,0,0,False
1784849457.3002179,20,1784920291.3835008,37.50514991989013,0.7421858548867017,37.115281910429545,True,37.5,36.5,38.6,0.95,0.05,0.0,0.7,0.03,2,1784920301.411805,False,True,True,False,1784920197.3423784,0,False,0,0,False
1784849457.3002179,20,1784920311.389811,37.52117189288167,0.7423384451056687,37.10193026626993,True,37.5,36.5,38.6,0.95,0.05,0.0,0.7,0.03,2,1784920321.4166098,False,True,True,False,1784920197.3423784,0,False,0,0,False
1784849457.3002179,20,1784920331.3961563,37.489127946898606,0.74214770733196,37.07789730678263,True,37.5,36.5,38.6,0.95,0.05,0.0,0.7,0.03,2,1784920341.4239392,False,True,True,False,1784920197.3423784,0,0,1,0,False
1784849457.3002179,20,1784920351.4026895,37.44907301441978,0.7420904859998474,37.08056763561456,True,37.5,36.5,38.6,0.95,0.05,0.0,0.7,0.03,2,1784920361.4302208,False,True,True,False,1784920197.3423784,0,0,1,0,False
1784849457.3002179,20,1784920371.4089541,37.44373235675593,0.7423956664377813,37.11261158159762,True,37.5,36.5,38.6,0.95,0.05,0.0,0.7,0.03,2,1784920381.4366708,False,True,True,True,1784920377.3424177,0,0,1,0,False
1784849457.3002179,20,1784920391.415369,37.45975432974747,0.7419569695582513,37.091248950942244,True,37.5,36.5,38.6,0.95,0.05,0.0,0.7,0.03,2,1784920401.4451811,False,True,True,False,1784920377.3424177,0,0,1,0,False
1784849457.3002179,20,1784920411.4218197,37.47577630273899,0.741995117112993,37.11795223926147,True,37.5,36.5,38.6,0.95,0.05,0.0,0.7,0.03,2,1784920421.4523556,False,True,True,False,1784920377.3424177,0,0,1,0,False
1784849457.3002179,20,1784920431.4286528,37.513160906385906,0.7423193713282978,37.12062256809338,True,37.5,36.5,38.6,0.95,0.05,0.0,0.7,0.03,2,1784920441.4577425,False,True,True,False,1784920377.3424177,0,False,0,0,False
1784849457.3002179,20,1784920451.4361064,37.52117189288167,0.7423193713282978,37.14999618524453,True,37.5,36.5,38.6,0.95,0.05,0.0,0.7,0.03,2,1784920461.4638062,False,False,True,False,1784920377.3424177,0,False,0,0,False
1784849457.3002179,20,1784920471.4425013,37.50514991989013,0.7420523384451058,37.11795223926147,True,37.5,36.5,38.6,0.95,0.05,0.0,0.7,0.03,2,1784920481.47,False,True,True,False,1784920377.3424177,0,False,0,0,False
1784849457.3002179,20,1784920491.448808,37.51049057755398,0.7421667811093309,37.12596322575723,True,37.5,36.5,38.6,0.95,0.05,0.0,0.7,0.03,2,1784920501.4784582,False,False,True,False,1784920377.3424177,0,False,0,0,False
1784849457.3002179,20,1784920511.4555352,37.483787289234755,0.7418806744487678,37.10727092393378,True,37.5,36.5,38.6,0.95,0.05,0.0,0.7,0.03,2,1784920521.4848037,False,False,True,False,1784920377.3424177,0,0,1,0,False
1784849457.3002179,20,1784920531.4619167,37.50514991989013,0.7424910353246357,37.09391927977417,True,37.5,36.5,38.6,0.95,0.05,0.0,0.7,0.03,2,1784920541.4891446,False,False,True,False,1784920377.3424177,0,False,0,0,False
1784849457.3002179,20,1784920551.4701014,37.470435645075156,0.7421667811093309,37.11261158159762,True,37.5,36.5,38.6,0.95,0.05,0.0,0.7,0.03,2,1784920561.4983783,False,False,True,True,1784920557.3424394,0,0,1,0,False
1784849457.3002179,20,1784920571.4770489,37.47577630273899,0.7422049286640727,37.091248950942244,True,37.5,36.5,38.6,0.95,0.05,0.0,0.7,0.03,2,1784920581.5049553,False,True,True,False,1784920557.3424394,0,0,1,0,False
1784849457.3002179,20,1784920591.483369,37.47577630273899,0.741995117112993,37.11261158159762,True,37.5,36.5,38.6,0.95,0.05,0.0,0.7,0.03,2,1784920601.5128756,False,True,True,False,1784920557.3424394,0,0,1,0,False
1784849457.3002179,20,1784920611.490483,37.49179827573053,0.7422430762188144,37.11795223926147,True,37.5,36.5,38.6,0.95,0.05,0.0,0.7,0.03,2,1784920621.5216968,False,False,True,False,1784920557.3424394,0,0,1,0,False
1784849457.3002179,20,1784920631.497338,37.52384222171359,0.7422812237735562,37.13664454108492,True,37.5,36.5,38.6,0.95,0.05,0.0,0.7,0.03,2,1784920641.5248427,False,False,True,False,1784920557.3424394,0,False,0,0,False
1784849457.3002179,20,1784920651.5036714,37.51049057755398,0.7421286335545892,37.14465552758068,True,37.5,36.5,38.6,0.95,0.05,0.0,0.7,0.03,2,1784920661.531227,False,False,True,False,1784920557.3424394,0,False,0,0,False
1784849457.3002179,20,1784920671.5106597,37.526512550545505,0.7422049286640727,37.12863355458916,True,37.5,36.5,38.6,0.95,0.05,0.0,0.7,0.03,2,1784920681.5387459,False,True,True,False,1784920557.3424394,0,False,0,0,False
1784849457.3002179,20,1784920691.5183012,37.52117189288167,0.7422240024414435,37.115281910429545,True,37.5,36.5,38.6,0.95,0.05,0.0,0.7,0.03,2,1784920701.54707,False,False,True,False,1784920557.3424394,0,False,0,0,False
1784849457.3002179,20,1784920711.5255606,37.47310597390707,0.7421095597772183,37.091248950942244,True,37.5,36.5,38.6,0.95,0.05,0.0,0.7,0.03,2,1784920721.5530078,False,True,True,False,1784920557.3424394,0,0,1,0,False
1784849457.3002179,20,1784920731.532525,37.46242465857938,0.7422812237735562,37.09391927977417,True,37.5,36.5,38.6,0.95,0.05,0.0,0.7,0.03,2,1784920741.5632734,False,False,True,True,1784920737.3424754,0,0,1,0,False
1784849457.3002179,20,1784920751.5395272,37.45975432974747,0.74214770733196,37.091248950942244,True,37.5,36.5,38.6,0.95,0.05,0.0,0.7,0.03,2,1784920761.5682683,False,True,True,False,1784920737.3424754,0,0,1,0,False
1784849457.3002179,20,1784920771.545782,37.48645761806668,0.7424147402151522,37.091248950942244,True,37.5,36.5,38.6,0.95,0.05,0.0,0.7,0.03,2,1784920781.5733345,False,True,True,False,1784920737.3424754,0,0,1,0,False
1784849457.3002179,20,1784920791.5525951,37.49713893339437,0.7421095597772183,37.11795223926147,True,37.5,36.5,38.6,0.95,0.05,0.0,0.7,0.03,2,1784920801.5811987,False,False,True,False,1784920737.3424754,0,0,1,0,False
1784849457.3002179,20,1784920811.5601943,37.53452353704128,0.74214770733196,37.14465552758068,True,37.5,36.5,38.6,0.95,0.05,0.0,0.7,0.03,2,1784920821.5891583,False,False,True,False,1784920737.3424754,0,False,0,0,False
1784849457.3002179,20,1784920831.5682642,37.53452353704128,0.7421667811093309,37.13664454108492,True,37.5,36.5,38.6,0.95,0.05,0.0,0.7,0.03,2,1784920841.596972,False,True,True,False,1784920737.3424754,0,False,0,0,False
1784849457.3002179,20,1784920851.5754907,37.54253452353704,0.7421858548867017,37.17135881589991,True,37.5,36.5,38.6,0.95,0.05,0.0,0.7,0.03,2,1784920861.6029499,False,True,True,False,1784920737.3424754,0,False,0,0,False
1784849457.3002179,20,1784920871.581819,37.51049057755398,0.7423956664377813,37.139314869916845,True,37.5,36.5,38.6,0.95,0.05,0.0,0.7,0.03,2,1784920881.6087103,False,False,True,False,1784920737.3424754,0,False,0,0,False
1784849457.3002179,20,1784920891.5882201,37.49446860456244,0.7420523384451058,37.099259937438006,True,37.5,36.5,38.6,0.95,0.05,0.0,0.7,0.03,2,1784920901.6157246,False,True,True,False,1784920737.3424754,0,0,1,0,False
1784849457.3002179,20,1784920911.594769,37.46242465857938,0.7420904859998474,37.11795223926147,True,37.5,36.5,38.6,0.95,0.05,0.0,0.7,0.03,2,1784920921.6216156,False,True,True,True,1784920917.342497,0,0,1,0,False
1784849457.3002179,20,1784920931.6009564,37.47310597390707,0.7419378957808804,37.09391927977417,True,37.5,36.5,38.6,0.95,0.05,0.0,0.7,0.03,2,1784920941.6283252,False,False,True,False,1784920917.342497,0,0,1,0,False
1784849457.3002179,20,1784920951.6071746,37.465094987411305,0.7425291828793774,37.091248950942244,True,37.5,36.5,38.6,0.95,0.05,0.0,0.7,0.03,2,1784920961.6345825,False,False,True,False,1784920917.342497,0,0,1,0,False
1784849457.3002179,20,1784920971.6133604,37.48645761806668,0.7420332646677348,37.096589608606095,True,37.5,36.5,38.6,0.95,0.05,0.0,0.7,0.03,2,1784920981.641265,False,True,True,False,1784920917.342497,0,0,1,0,False
1784849457.3002179,20,1784920991.6200507,37.513160906385906,0.7425101091020067,37.12863355458916,True,37.5,36.5,38.6,0.95,0.05,0.0,0.7,0.03,2,1784921001.6499345,False,True,True,False,1784920917.342497,0,False,0,0,False
1784849457.3002179,20,1784921011.6264272,37.49713893339437,0.7421667811093309,37.11261158159762,True,37.5,36.5,38.6,0.95,0.05,0.0,0.7,0.03,2,1784921021.6533637,False,True,True,False,1784920917.342497,0,0,1,0,False
1784849457.3002179,20,1784921031.632615,37.48645761806668,0.7423384451056687,37.115281910429545,True,37.5,36.5,38.6,0.95,0.05,0.0,0.7,0.03,2,1784921041.6659434,False,True,True,False,1784920917.342497,0,0,1,0,False
1784849457.3002179,20,1784921051.6388133,37.50514991989013,0.7423384451056687,37.12863355458916,True,37.5,36.5,38.6,0.95,0.05,0.0,0.7,0.03,2,1784921061.6679926,False,True,True,False,1784920917.342497,0,False,0,0,False
1784849457.3002179,20,1784921071.6458786,37.52117189288167,0.742300297550927,37.133974212252994,True,37.5,36.5,38.6,0.95,0.05,0.0,0.7,0.03,2,1784921081.675003,False,False,True,False,1784920917.342497,0,False,0,0,False
1784849457.3002179,20,1784921091.6529856,37.51049057755398,0.7421858548867017,37.158007171740294,True,37.5,36.5,38.6,0.95,0.05,0.0,0.7,0.03,2,1784921101.6803477,False,True,True,True,1784921097.3425205,0,False,0,0,False
1784849457.3002179,20,1784921111.6593359,37.47310597390707,0.7422621499961852,37.11795223926147,True,37.5,36.5,38.6,0.95,0.05,0.0,0.7,0.03,2,1784921121.6911578,False,True,True,False,1784921097.3425205,0,0,1,0,False
1784849457.3002179,20,1784921131.6654649,37.46242465857938,0.7422812237735562,37.09391927977417,True,37.5,36.5,38.6,0.95,0.05,0.0,0.7,0.03,2,1784921141.693509,False,True,True,False,1784921097.3425205,0,0,1,0,False
1784849457.3002179,20,1784921151.6717744,37.44373235675593,0.74214770733196,37.10193026626993,True,37.5,36.5,38.6,0.95,0.05,0.0,0.7,0.03,2,1784921161.6991453,False,True,True,False,1784921097.3425205,0,0,1,0,False
1784849457.3002179,20,1784921171.6779547,37.48645761806668,0.7423956664377813,37.133974212252994,True,37.5,36.5,38.6,0.95,0.05,0.0,0.7,0.03,2,1784921181.7065494,False,True,True,False,1784921097.3425205,0,0,1,0,False
1784849457.3002179,20,1784921191.6847916,37.481116960402844,0.7424338139925232,37.11795223926147,True,37.5,36.5,38.6,0.95,0.05,0.0,0.7,0.03,2,1784921201.7169495,False,False,True,False,1784921097.3425205,0,0,1,0,False
1784849457.3002179,20,1784921211.6914203,37.53452353704128,0.7422240024414435,37.133974212252994,True,37.5,36.5,38.6,0.95,0.05,0.0,0.7,0.03,2,1784921221.7186022,False,False,True,False,1784921097.3425205,0,False,0,0,False
1784849457.3002179,20,1784921231.6976333,37.53452353704128,0.7424147402151522,37.158007171740294,True,37.5,36.5,38.6,0.95,0.05,0.0,0.7,0.03,2,1784921241.7255993,False,False,True,False,1784921097.3425205,0,False,0,0,False
1784849457.3002179,20,1784921251.7040024,37.531853208209355,0.7423956664377813,37.14465552758068,True,37.5,36.5,38.6,0.95,0.05,0.0,0.7,0.03,2,1784921261.7312398,False,True,True,False,1784921097.3425205,0,False,0,0,False
1784849457.3002179,20,1784921271.710302,37.50514991989013,0.7422049286640727,37.11795223926147,True,37.5,36.5,38.6,0.95,0.05,0.0,0.7,0.03,2,1784921281.7416048,False,True,True,True,1784921277.342533,0,False,0,0,False
1784849457.3002179,20,1784921291.7173822,37.45708400091554,0.7424528877698939,37.10460059510186,True,37.5,36.5,38.6,0.95,0.05,0.0,0.7,0.03,2,1784921301.7454677,False,False,True,False,1784921277.342533,0,0,1,0,False
1784849457.3002179,20,1784921311.7249408,37.441062027924005,0.7419760433356223,37.11795223926147,True,37.5,36.5,38.6,0.95,0.05,0.0,0.7,0.03,2,1784921321.7545948,False,True,True,False,1784921277.342533,0,0,1,0,False
1784849457.3002179,20,1784921331.731972,37.46776531624323,0.7425291828793774,37.10460059510186,True,37.5,36.5,38.6,0.95,0.05,0.0,0.7,0.03,2,1784921341.7596638,False,True,True,False,1784921277.342533,0,0,1,0,False
1784849457.3002179,20,1784921351.7389028,37.48645761806668,0.7424910353246357,37.133974212252994,True,37.5,36.5,38.6,0.95,0.05,0.0,0.7,0.03,2,1784921361.767425,False,False,True,False,1784921277.342533,0,0,1,0,False
1784849457.3002179,20,1784921371.746398,37.52918287937743,0.7421286335545892,37.133974212252994,True,37.5,36.5,38.6,0.95,0.05,0.0,0.7,0.03,2,1784921381.7750034,False,False,True,False,1784921277.342533,0,False,0,0,False
1784849457.3002179,20,1784921391.7541008,37.52918287937743,0.7424338139925232,37.16601815823606,True,37.5,36.5,38.6,0.95,0.05,0.0,0.7,0.03,2,1784921401.7823644,False,True,True,False,1784921277.342533,0,False,0,0,False
1784849457.3002179,20,1784921411.7617245,37.53986419470512,0.7423765926604105,37.14465552758068,True,37.5,36.5,38.6,0.95,0.05,0.0,0.7,0.03,2,1784921421.7903736,False,True,True,False,1784921277.342533,0,False,0,0,False
1784849457.3002179,20,1784921431.7694175,37.49179827573053,0.7426436255436026,37.12596322575723,True,37.5,36.5,38.6,0.95,0.05,0.0,0.7,0.03,2,1784921441.7985284,False,True,True,False,1784921277.342533,0,0,1,0,False
1784849457.3002179,20,1784921451.7769885,37.49446860456244,0.7423193713282978,37.10727092393378,True,37.5,36.5,38.6,0.95,0.05,0.0,0.7,0.03,2,1784921461.8170197,False,True,True,True,1784921457.342553,0,0,1,0,False
1784849457.3002179,20,1784921471.7953033,37.47844663157092,0.7421858548867017,37.08056763561456,True,37.5,36.5,38.6,0.95,0.05,0.0,0.7,0.03,2,1784921481.8226016,False,False,True,False,1784921457.342553,0,0,1,0,False
1784849457.3002179,20,1784921491.8021853,37.46242465857938,0.7422812237735562,37.099259937438006,True,37.5,36.5,38.6,0.95,0.05,0.0,0.7,0.03,2,1784921501.8309927,False,True,True,False,1784921457.342553,0,0,1,0,False
1784849457.3002179,20,1784921511.8097663,37.49980926222629,0.7424719615472648,37.11795223926147,True,37.5,36.5,38.6,0.95,0.05,0.0,0.7,0.03,2,1784921521.8383772,False,True,True,False,1784921457.342553,0,0,1,0,False
1784849457.3002179,20,1784921531.8169882,37.51583123521782,0.7423575188830397,37.141985198748756,True,37.5,36.5,38.6,0.95,0.05,0.0,0.7,0.03,2,1784921541.8465574,False,True,True,False,1784921457.342553,0,False,0,0,False
1784849457.3002179,20,1784921551.8233764,37.53452353704128,0.7425291828793774,37.14999618524453,True,37.5,36.5,38.6,0.95,0.05,0.0,0.7,0.03,2,1784921561.8508573,False,True,True,False,1784921457.342553,0,False,0,0,False
1784849457.3002179,20,1784921571.8307784,37.53452353704128,0.7423384451056687,37.17135881589991,True,37.5,36.5,38.6,0.95,0.05,0.0,0.7,0.03,2,1784921581.8585865,False,True,True,False,1784921457.342553,0,False,0,0,False
1784849457.3002179,20,1784921591.837448,37.53452353704128,0.7424338139925232,37.139314869916845,True,37.5,36.5,38.6,0.95,0.05,0.0,0.7,0.03,2,1784921601.8648963,False,True,True,False,1784921457.342553,0,False,0,0,False
1784849457.3002179,20,1784921611.8437896,37.49713893339437,0.7423765926604105,37.15533684290837,True,37.5,36.5,38.6,0.95,0.05,0.0,0.7,0.03,2,1784921621.870824,False,True,True,False,1784921457.342553,0,0,1,0,False
1784849457.3002179,20,1784921631.8499873,37.49713893339437,0.7423193713282978,37.12596322575723,True,37.5,36.5,38.6,0.95,0.05,0.0,0.7,0.03,2,1784921641.878848,False,True,True,True,1784921637.3425648,0,0,1,0,False
1784849457.3002179,20,1784921651.856221,37.45708400091554,0.7422621499961852,37.12329289692531,True,37.5,36.5,38.6,0.95,0.05,0.0,0.7,0.03,2,1784921661.8838258,False,False,True,False,1784921637.3425648,0,0,1,0,False
1784849457.3002179,20,1784921671.863566,37.489127946898606,0.7426054779888609,37.091248950942244,True,37.5,36.5,38.6,0.95,0.05,0.0,0.7,0.03,2,1784921681.8938017,False,False,True,False,1784921637.3425648,0,0,1,0,False
1784849457.3002179,20,1784921691.8723905,37.49980926222629,0.7421858548867017,37.09391927977417,True,37.5,36.5,38.6,0.95,0.05,0.0,0.7,0.03,2,1784921701.9010022,False,False,True,False,1784921637.3425648,0,0,1,0,False
1784849457.3002179,20,1784921711.8799696,37.526512550545505,0.7425291828793774,37.133974212252994,True,37.5,36.5,38.6,0.95,0.05,0.0,0.7,0.03,2,1784921721.912517,False,False,True,False,1784921637.3425648,0,False,0,0,False
1784849457.3002179,20,1784921731.8871176,37.52117189288167,0.7423384451056687,37.14732585641261,True,37.5,36.5,38.6,0.95,0.05,0.0,0.7,0.03,2,1784921741.9170804,False,False,True,False,1784921637.3425648,0,False,0,0,False
1784849457.3002179,20,1784921751.8937829,37.513160906385906,0.7424147402151522,37.14465552758068,True,37.5,36.5,38.6,0.95,0.05,0.0,0.7,0.03,2,1784921761.9217322,False,False,True,False,1784921637.3425648,0,False,0,0,False
1784849457.3002179,20,1784921771.9004104,37.50247959105822,0.7426436255436026,37.12863355458916,True,37.5,36.5,38.6,0.95,0.05,0.0,0.7,0.03,2,1784921781.9281983,False,True,True,False,1784921637.3425648,0,False,0,0,False
1784849457.3002179,20,1784921791.9070733,37.470435645075156,0.7424528877698939,37.12863355458916,True,37.5,36.5,38.6,0.95,0.05,0.0,0.7,0.03,2,1784921801.9345243,False,False,True,False,1784921637.3425648,0,0,1,0,False
1784849457.3002179,20,1784921811.9133291,37.45975432974747,0.7421286335545892,37.10727092393378,True,37.5,36.5,38.6,0.95,0.05,0.0,0.7,0.03,2,1784921821.9409432,False,True,True,True,1784921817.342569,0,0,1,0,False
1784849457.3002179,20,1784921831.919658,37.45441367208362,0.74214770733196,37.09391927977417,True,37.5,36.5,38.6,0.95,0.05,0.0,0.7,0.03,2,1784921841.9494762,False,True,True,False,1784921817.342569,0,0,1,0,False
1784849457.3002179,20,1784921851.9258833,37.47844663157092,0.7424338139925232,37.10193026626993,True,37.5,36.5,38.6,0.95,0.05,0.0,0.7,0.03,2,1784921861.95363,False,True,True,False,1784921817.342569,0,0,1,0,False
1784849457.3002179,20,1784921871.9320683,37.49980926222629,0.7426626993209736,37.096589608606095,True,37.5,36.5,38.6,0.95,0.05,0.0,0.7,0.03,2,1784921881.9629211,False,True,True,False,1784921817.342569,0,0,1,0,False
1784849457.3002179,20,1784921891.9382887,37.51049057755398,0.7421858548867017,37.16868848706798,True,37.5,36.5,38.6,0.95,0.05,0.0,0.7,0.03,2,1784921901.9661787,False,False,True,False,1784921817.342569,0,False,0,0,False
1784849457.3002179,20,1784921911.9445496,37.531853208209355,0.7423193713282978,37.15533684290837,True,37.5,36.5,38.6,0.95,0.05,0.0,0.7,0.03,2,1784921921.973633,False,False,True,False,1784921817.342569,0,False,0,0,False
1784849457.3002179,20,1784921931.9511225,37.49980926222629,0.7424719615472648,37.158007171740294,True,37.5,36.5,38.6,0.95,0.05,0.0,0.7,0.03,2,1784921941.9797585,False,True,True,False,1784921817.342569,0,0,1,0,False
1784849457.3002179,20,1784921951.95746,37.507820248722055,0.7423193713282978,37.14465552758068,True,37.5,36.5,38.6,0.95,0.05,0.0,0.7,0.03,2,1784921961.9848752,False,True,True,False,1784921817.342569,0,False,0,0,False
1784849457.3002179,20,1784921971.9638422,37.50247959105822,0.7424147402151522,37.12863355458916,True,37.5,36.5,38.6,0.95,0.05,0.0,0.7,0.03,2,1784921981.9912224,False,True,True,False,1784921817.342569,0,False,0,0,False
1784849457.3002179,20,1784921991.9701734,37.45975432974747,0.7424719615472648,37.10727092393378,True,37.5,36.5,38.6,0.95,0.05,0.0,0.7,0.03,2,1784922002.0186725,False,True,True,True,1784921997.3425949,0,0,1,0,False
1784849457.3002179,20,1784922011.9765065,37.44373235675593,0.742300297550927,37.091248950942244,True,37.5,36.5,38.6,0.95,0.05,0.0,0.7,0.03,2,1784922022.0039444,False,True,True,False,1784921997.3425949,0,0,1,0,False
1784849457.3002179,20,1784922031.982785,37.44373235675593,0.7423575188830397,37.109941252765694,True,37.5,36.5,38.6,0.95,0.05,0.0,0.7,0.03,2,1784922042.0106406,False,False,True,False,1784921997.3425949,0,0,1,0,False
1784849457.3002179,20,1784922051.9890068,37.47310597390707,0.7422240024414435,37.12863355458916,True,37.5,36.5,38.6,0.95,0.05,0.0,0.7,0.03,2,1784922062.0194235,False,True,True,False,1784921997.3425949,0,0,1,0,False
1784849457.3002179,20,1784922071.9953094,37.51049057755398,0.7423193713282978,37.14999618524453,True,37.5,36.5,38.6,0.95,0.05,0.0,0.7,0.03,2,1784922082.023163,False,True,True,False,1784921997.3425949,0,False,0,0,False
1784849457.3002179,20,1784922092.001539,37.52117189288167,0.7424910353246357,37.14732585641261,True,37.5,36.5,38.6,0.95,0.05,0.0,0.7,0.03,2,1784922102.028884,False,True,True,False,1784921997.3425949,0,False,0,0,False
1784849457.3002179,20,1784922112.0078404,37.531853208209355,0.7423956664377813,37.16067750057222,True,37.5,36.5,38.6,0.95,0.05,0.0,0.7,0.03,2,1784922122.0357454,False,False,True,False,1784921997.3425949,0,False,0,0,False
1784849457.3002179,20,1784922132.0151842,37.52117189288167,0.7423765926604105,37.17936980239567,True,37.5,36.5,38.6,0.95,0.05,0.0,0.7,0.03,2,1784922142.0440319,False,True,True,False,1784921997.3425949,0,False,0,0,False
1784849457.3002179,20,1784922152.0245693,37.50247959105822,0.7427199206530861,37.14999618524453,True,37.5,36.5,38.6,0.95,0.05,0.0,0.7,0.03,2,1784922162.053005,False,True,True,False,1784921997.3425949,0,False,0,0,False
1784849457.3002179,20,1784922172.0322251,37.45975432974747,0.7422049286640727,37.12863355458916,True,37.5,36.5,38.6,0.95,0.05,0.0,0.7,0.03,2,1784922182.0637538,False,True,True,True,1784922177.3426342,0,0,1,0,False
1784849457.3002179,20,1784922192.0391653,37.44373235675593,0.74214770733196,37.10727092393378,True,37.5,36.5,38.6,0.95,0.05,0.0,0.7,0.03,2,1784922202.070013,False,False,True,False,1784922177.3426342,0,0,1,0,False
1784849457.3002179,20,1784922212.046617,37.45441367208362,0.7421858548867017,37.096589608606095,True,37.5,36.5,38.6,0.95,0.05,0.0,0.7,0.03,2,1784922222.075524,False,False,True,False,1784922177.3426342,0,0,1,0,False
1784849457.3002179,20,1784922232.053364,37.470435645075156,0.7427962157625696,37.12062256809338,True,37.5,36.5,38.6,0.95,0.05,0.0,0.7,0.03,2,1784922242.0811086,False,False,True,False,1784922177.3426342,0,0,1,0,False
1784849457.3002179,20,1784922252.0608509,37.50514991989013,0.7425291828793774,37.133974212252994,True,37.5,36.5,38.6,0.95,0.05,0.0,0.7,0.03,2,1784922262.0913067,False,True,True,False,1784922177.3426342,0,False,0,0,False
1784849457.3002179,20,1784922272.06808,37.526512550545505,0.7424147402151522,37.139314869916845,True,37.5,36.5,38.6,0.95,0.05,0.0,0.7,0.03,2,1784922282.09545,False,True,True,False,1784922177.3426342,0,False,0,0,False
1784849457.3002179,20,1784922292.0743756,37.526512550545505,0.7423384451056687,37.152666514076444,True,37.5,36.5,38.6,0.95,0.05,0.0,0.7,0.03,2,1784922302.1017818,False,True,True,False,1784922177.3426342,0,False,0,0,False
1784849457.3002179,20,1784922312.0806167,37.51583123521782,0.7424719615472648,37.15533684290837,True,37.5,36.5,38.6,0.95,0.05,0.0,0.7,0.03,2,1784922322.108682,False,False,True,False,1784922177.3426342,0,False,0,0,False
1784849457.3002179,20,1784922332.0877192,37.49980926222629,0.7424910353246357,37.12062256809338,True,37.5,36.5,38.6,0.95,0.05,0.0,0.7,0.03,2,1784922342.1163275,False,False,True,False,1784922177.3426342,0,0,1,0,False
1784849457.3002179,20,1784922352.0953066,37.48645761806668,0.7421667811093309,37.12863355458916,True,37.5,36.5,38.6,0.95,0.05,0.0,0.7,0.03,2,1784922362.1241045,False,True,True,True,1784922357.3426566,0,0,1,0,False
1784849457.3002179,20,1784922372.102921,37.507820248722055,0.7423956664377813,37.11261158159762,True,37.5,36.5,38.6,0.95,0.05,0.0,0.7,0.03,2,1784922382.1308951,False,True,True,False,1784922357.3426566,0,False,0,0,False
1784849457.3002179,20,1784922392.110923,37.470435645075156,0.7425291828793774,37.10193026626993,True,37.5,36.5,38.6,0.95,0.05,0.0,0.7,0.03,2,1784922402.139215,False,False,True,False,1784922357.3426566,0,0,1,0,False
1784849457.3002179,20,1784922412.1186547,37.507820248722055,0.7426054779888609,37.12863355458916,True,37.5,36.5,38.6,0.95,0.05,0.0,0.7,0.03,2,1784922422.1546268,False,True,True,False,1784922357.3426566,0,False,0,0,False
1784849457.3002179,20,1784922432.125747,37.507820248722055,0.7425482566567483,37.14732585641261,True,37.5,36.5,38.6,0.95,0.05,0.0,0.7,0.03,2,1784922442.1526127,False,False,True,False,1784922357.3426566,0,False,0,0,False
1784849457.3002179,20,1784922452.1321225,37.51583123521782,0.7423956664377813,37.15533684290837,True,37.5,36.5,38.6,0.95,0.05,0.0,0.7,0.03,2,1784922462.1592867,False,False,True,False,1784922357.3426566,0,False,0,0,False
1784849457.3002179,20,1784922472.1384761,37.52117189288167,0.7425864042114901,37.16067750057222,True,37.5,36.5,38.6,0.95,0.05,0.0,0.7,0.03,2,1784922482.165441,False,False,True,False,1784922357.3426566,0,False,0,0,False
1784849457.3002179,20,1784922492.144768,37.526512550545505,0.7424147402151522,37.12062256809338,True,37.5,36.5,38.6,0.95,0.05,0.0,0.7,0.03,2,1784922502.1745691,False,True,True,False,1784922357.3426566,0,False,0,0,False
1784849457.3002179,20,1784922512.151418,37.47310597390707,0.742300297550927,37.139314869916845,True,37.5,36.5,38.6,0.95,0.05,0.0,0.7,0.03,2,1784922522.1824503,False,True,True,False,1784922357.3426566,0,0,1,0,False
1784849457.3002179,20,1784922532.158069,37.47844663157092,0.7425101091020067,37.109941252765694,True,37.5,36.5,38.6,0.95,0.05,0.0,0.7,0.03,2,1784922542.188727,False,True,True,True,1784922537.3426952,0,0,1,0,False
1784849457.3002179,20,1784922552.165076,37.465094987411305,0.7421858548867017,37.10193026626993,True,37.5,36.5,38.6,0.95,0.05,0.0,0.7,0.03,2,1784922562.1968162,False,True,True,False,1784922537.3426952,0,0,1,0,False
1784849457.3002179,20,1784922572.1734278,37.48645761806668,0.7425291828793774,37.11261158159762,True,37.5,36.5,38.6,0.95,0.05,0.0,0.7,0.03,2,1784922582.2036345,False,False,True,False,1784922537.3426952,0,0,1,0,False
1784849457.3002179,20,1784922592.1805215,37.49713893339437,0.7424338139925232,37.11795223926147,True,37.5,36.5,38.6,0.95,0.05,0.0,0.7,0.03,2,1784922602.2080574,False,True,True,False,1784922537.3426952,0,0,1,0,False
1784849457.3002179,20,1784922612.1869292,37.507820248722055,0.7423956664377813,37.14999618524453,True,37.5,36.5,38.6,0.95,0.05,0.0,0.7,0.03,2,1784922622.214368,False,True,True,False,1784922537.3426952,0,False,0,0,False
1784849457.3002179,20,1784922632.193262,37.52384222171359,0.7428343633173113,37.17936980239567,True,37.5,36.5,38.6,0.95,0.05,0.0,0.7,0.03,2,1784922642.2233977,False,False,True,False,1784922537.3426952,0,False,0,0,False
1784849457.3002179,20,1784922652.1997972,37.54787518120088,0.7427580682078279,37.15533684290837,True,37.5,36.5,38.6,0.95,0.05,0.0,0.7,0.03,2,1784922662.230803,False,False,True,False,1784922537.3426952,0,False,0,0,False
1784849457.3002179,20,1784922672.2064786,37.526512550545505,0.7426436255436026,37.16601815823606,True,37.5,36.5,38.6,0.95,0.05,0.0,0.7,0.03,2,1784922682.2365813,False,True,True,False,1784922537.3426952,0,False,0,0,False
1784849457.3002179,20,1784922692.2132983,37.49446860456244,0.7426626993209736,37.16334782940413,True,37.5,36.5,38.6,0.95,0.05,0.0,0.7,0.03,2,1784922702.2435708,False,True,True,False,1784922537.3426952,0,0,1,0,False
1784849457.3002179,20,1784922712.2199454,37.49980926222629,0.7425482566567483,37.10193026626993,True,37.5,36.5,38.6,0.95,0.05,0.0,0.7,0.03,2,1784922722.2485118,False,False,True,True,1784922717.3427143,0,0,1,0,False
1784849457.3002179,20,1784922732.2269688,37.49446860456244,0.7425291828793774,37.10460059510186,True,37.5,36.5,38.6,0.95,0.05,0.0,0.7,0.03,2,1784922742.2550604,False,True,True,False,1784922717.3427143,0,0,1,0,False
1784849457.3002179,20,1784922752.2339866,37.470435645075156,0.7424910353246357,37.096589608606095,True,37.5,36.5,38.6,0.95,0.05,0.0,0.7,0.03,2,1784922762.2618575,False,False,True,False,1784922717.3427143,0,0,1,0,False
1784849457.3002179,20,1784922772.2402892,37.48645761806668,0.7424910353246357,37.14465552758068,True,37.5,36.5,38.6,0.95,0.05,0.0,0.7,0.03,2,1784922782.267739,False,True,True,False,1784922717.3427143,0,0,1,0,False
1784849457.3002179,20,1784922792.2474358,37.52918287937743,0.7425482566567483,37.15533684290837,True,37.5,36.5,38.6,0.95,0.05,0.0,0.7,0.03,2,1784922802.2788987,False,False,True,False,1784922717.3427143,0,False,0,0,False
1784849457.3002179,20,1784922812.2554417,37.51850156404974,0.7423765926604105,37.15533684290837,True,37.5,36.5,38.6,0.95,0.05,0.0,0.7,0.03,2,1784922822.290264,False,False,True,False,1784922717.3427143,0,False,0,0,False
1784849457.3002179,20,1784922832.262409,37.52384222171359,0.7427199206530861,37.17402914473182,True,37.5,36.5,38.6,0.95,0.05,0.0,0.7,0.03,2,1784922842.2906835,False,False,True,False,1784922717.3427143,0,False,0,0,False
1784849457.3002179,20,1784922852.2686193,37.51049057755398,0.7424719615472648,37.14465552758068,True,37.5,36.5,38.6,0.95,0.05,0.0,0.7,0.03,2,1784922862.2959874,False,False,True,False,1784922717.3427143,0,False,0,0,False
1784849457.3002179,20,1784922872.2750754,37.483787289234755,0.7421858548867017,37.12329289692531,True,37.5,36.5,38.6,0.95,0.05,0.0,0.7,0.03,2,1784922882.302602,False,True,True,False,1784922717.3427143,0,0,1,0,False
1784849457.3002179,20,1784922892.2813382,37.47310597390707,0.7424147402151522,37.115281910429545,True,37.5,36.5,38.6,0.95,0.05,0.0,0.7,0.03,2,1784922902.3089738,False,False,True,True,1784922897.3427408,0,0,1,0,False
1784849457.3002179,20,1784922912.2876039,37.446402685587856,0.7425864042114901,37.091248950942244,True,37.5,36.5,38.6,0.95,0.05,0.0,0.7,0.03,2,1784922922.3143327,False,False,True,False,1784922897.3427408,0,0,1,0,False
1784849457.3002179,20,1784922932.2937574,37.47310597390707,0.7423575188830397,37.109941252765694,True,37.5,36.5,38.6,0.95,0.05,0.0,0.7,0.03,2,1784922942.3217716,False,False,True,False,1784922897.3427408,0,0,1,0,False
1784849457.3002179,20,1784922952.3007839,37.48645761806668,0.7424528877698939,37.139314869916845,True,37.5,36.5,38.6,0.95,0.05,0.0,0.7,0.03,2,1784922962.329619,False,True,True,False,1784922897.3427408,0,0,1,0,False
1784849457.3002179,20,1784922972.3083658,37.54520485236897,0.7428725108720531,37.14465552758068,True,37.5,36.5,38.6,0.95,0.05,0.0,0.7,0.03,2,1784922982.3363585,False,True,True,False,1784922897.3427408,0,False,0,0,False
1784849457.3002179,20,1784922992.3159823,37.53986419470512,0.7426436255436026,37.16601815823606,True,37.5,36.5,38.6,0.95,0.05,0.0,0.7,0.03,2,1784923002.3440156,False,True,True,False,1784922897.3427408,0,False,0,0,False
1784849457.3002179,20,1784923012.323637,37.51850156404974,0.7425101091020067,37.15533684290837,True,37.5,36.5,38.6,0.95,0.05,0.0,0.7,0.03,2,1784923022.3522627,False,False,True,False,1784922897.3427408,0,False,0,0,False
1784849457.3002179,20,1784923032.3314288,37.49179827573053,0.7425864042114901,37.13664454108492,True,37.5,36.5,38.6,0.95,0.05,0.0,0.7,0.03,2,1784923042.35925,False,False,True,False,1784922897.3427408,0,0,1,0,False
1784849457.3002179,20,1784923052.3383112,37.49980926222629,0.7426626993209736,37.12863355458916,True,37.5,36.5,38.6,0.95,0.05,0.0,0.7,0.03,2,1784923062.3657167,False,False,True,False,1784922897.3427408,0,0,1,0,False
1784849457.3002179,20,1784923072.344514,37.51049057755398,0.7426054779888609,37.12863355458916,True,37.5,36.5,38.6,0.95,0.05,0.0,0.7,0.03,2,1784923082.3715274,False,True,True,True,1784923077.342777,0,False,0,0,False
1784849457.3002179,20,1784923092.3509266,37.489127946898606,0.7427008468757152,37.12596322575723,True,37.5,36.5,38.6,0.95,0.05,0.0,0.7,0.03,2,1784923102.378317,False,False,True,False,1784923077.342777,0,0,1,0,False
1784849457.3002179,20,1784923112.3571274,37.489127946898606,0.7424910353246357,37.12329289692531,True,37.5,36.5,38.6,0.95,0.05,0.0,0.7,0.03,2,1784923122.3845184,False,True,True,False,1784923077.342777,0,0,1,0,False
1784849457.3002179,20,1784923132.363428,37.49980926222629,0.7424719615472648,37.158007171740294,True,37.5,36.5,38.6,0.95,0.05,0.0,0.7,0.03,2,1784923142.392097,False,False,True,False,1784923077.342777,0,0,1,0,False
1784849457.3002179,20,1784923152.369585,37.52384222171359,0.7422240024414435,37.15533684290837,True,37.5,36.5,38.6,0.95,0.05,0.0,0.7,0.03,2,1784923162.3969798,False,True,True,False,1784923077.342777,0,False,0,0,False
1784849457.3002179,20,1784923172.3759618,37.54520485236897,0.7425101091020067,37.182040131227595,True,37.5,36.5,38.6,0.95,0.05,0.0,0.7,0.03,2,1784923182.403464,False,True,True,False,1784923077.342777,0,False,0,0,False
1784849457.3002179,20,1784923192.3823695,37.53452353704128,0.7426626993209736,37.182040131227595,True,37.5,36.5,38.6,0.95,0.05,0.0,0.7,0.03,2,1784923202.4135878,False,True,True,False,1784923077.342777,0,False,0,0,False
1784849457.3002179,20,1784923212.3931484,37.507820248722055,0.7425482566567483,37.14465552758068,True,37.5,36.5,38.6,0.95,0.05,0.0,0.7,0.03,2,1784923222.4368927,True,False,True,False,1784923077.342777,0,False,0,0,False
1784849457.3002179,20,1784923232.410557,37.507820248722055,0.7426054779888609,37.13664454108492,True,37.5,36.5,38.6,0.95,0.05,0.0,0.7,0.03,2,1784923242.4411979,True,True,True,False,1784923077.342777,0,False,0,0,False
1784849457.3002179,20,1784923252.4174867,37.49980926222629,0.7426817730983444,37.11261158159762,True,37.5,36.5,38.6,0.95,0.05,0.0,0.7,0.03,2,1784923262.4443064,True,True,True,True,1784923257.3427799,0,0,1,0,False
1784849457.3002179,20,1784923272.424388,37.49446860456244,0.7425291828793774,37.096589608606095,True,37.5,36.5,38.6,0.95,0.05,0.0,0.7,0.03,2,1784923282.4524662,True,True,True,False,1784923257.3427799,0,0,1,0,False
1784849457.3002179,20,1784923292.4323978,37.483787289234755,0.7423765926604105,37.09391927977417,True,37.5,36.5,38.6,0.95,0.05,0.0,0.7,0.03,2,1784923302.4608014,True,True,True,False,1784923257.3427799,0,0,1,0,False
1784849457.3002179,20,1784923312.439996,37.51049057755398,0.7425673304341192,37.08590829327841,True,37.5,36.5,38.6,0.95,0.05,0.0,0.7,0.03,2,1784923322.4673085,True,False,True,False,1784923257.3427799,0,False,0,0,False
1784849457.3002179,20,1784923332.4464011,37.52117189288167,0.7425673304341192,37.09391927977417,True,37.5,36.5,38.6,0.95,0.05,0.0,0.7,0.03,2,1784923342.47387,True,True,True,False,1784923257.3427799,0,False,0,0,False
1784849457.3002179,20,1784923352.4527283,37.51850156404974,0.7426245517662318,37.11261158159762,True,37.5,36.5,38.6,0.95,0.05,0.0,0.7,0.03,2,1784923362.4801145,True,True,True,False,1784923257.3427799,0,False,0,0,False
1784849457.3002179,20,1784923372.4590554,37.51850156404974,0.7427771419851987,37.11795223926147,True,37.5,36.5,38.6,0.95,0.05,0.0,0.7,0.03,2,1784923382.486603,True,True,True,False,1784923257.3427799,0,False,0,0,False
1784849457.3002179,20,1784923392.465341,37.48645761806668,0.7426817730983444,37.10193026626993,True,37.5,36.5,38.6,0.95,0.05,0.0,0.7,0.03,2,1784923402.4927127,True,True,True,False,1784923257.3427799,0,0,1,0,False
1784849457.3002179,20,1784923412.4734602,37.50247959105822,0.7425673304341192,37.091248950942244,True,37.5,36.5,38.6,0.95,0.05,0.0,0.7,0.03,2,1784923422.5037117,True,True,True,False,1784923257.3427799,0,False,0,0,False
1784849457.3002179,20,1784923432.481513,37.48645761806668,0.7426054779888609,37.08323796444648,True,37.5,36.5,38.6,0.95,0.05,0.0,0.7,0.03,2,1784923442.5144012,True,True,True,True,1784923437.342812,0,0,1,0,False
1784849457.3002179,20,1784923452.4878662,37.47844663157092,0.7425101091020067,37.06454566262303,True,37.5,36.5,38.6,0.95,0.05,0.0,0.7,0.03,2,1784923462.51493,True,False,True,False,1784923437.342812,0,0,1,0,False
1784849457.3002179,20,1784923472.494863,37.49980926222629,0.7425864042114901,37.06988632028687,True,37.5,36.5,38.6,0.95,0.05,0.0,0.7,0.03,2,1784923482.5238218,True,True,True,False,1784923437.342812,0,0,1,0,False
1784849457.3002179,20,1784923492.503514,37.53719386587319,0.7425864042114901,37.12062256809338,True,37.5,36.5,38.6,0.95,0.05,0.0,0.7,0.03,2,1784923502.5371938,True,True,True,False,1784923437.342812,0,False,0,0,False
1784849457.3002179,20,1784923512.5134213,37.53719386587319,0.7427580682078279,37.11795223926147,True,37.5,36.5,38.6,0.95,0.05,0.0,0.7,0.03,2,1784923522.5408196,True,False,True,False,1784923437.342812,0,False,0,0,False
1784849457.3002179,20,1784923532.5197659,37.526512550545505,0.7425673304341192,37.099259937438006,True,37.5,36.5,38.6,0.95,0.05,0.0,0.7,0.03,2,1784923542.5468254,True,True,True,False,1784923437.342812,0,False,0,0,False
1784849457.3002179,20,1784923552.5261161,37.507820248722055,0.7428343633173113,37.091248950942244,True,37.5,36.5,38.6,0.95,0.05,0.0,0.7,0.03,2,1784923562.5542843,True,True,True,False,1784923437.342812,0,False,0,0,False
1784849457.3002179,20,1784923572.5328164,37.48645761806668,0.7427389944304571,37.06988632028687,True,37.5,36.5,38.6,0.95,0.05,0.0,0.7,0.03,2,1784923582.5598946,True,True,True,False,1784923437.342812,0,0,1,0,False
1784849457.3002179,20,1784923592.539093,37.470435645075156,0.7426817730983444,37.06454566262303,True,37.5,36.5,38.6,0.95,0.05,0.0,0.7,0.03,2,1784923602.5665154,True,True,True,False,1784923437.342812,0,0,1,0,False
1784849457.3002179,20,1784923612.5452943,37.465094987411305,0.7426245517662318,37.03784237430381,True,37.5,36.5,38.6,0.95,0.05,0.0,0.7,0.03,2,1784923622.5732148,True,False,True,True,1784923617.3428495,0,0,1,0,False
1784849457.3002179,20,1784923632.5515087,37.49713893339437,0.7426817730983444,37.067215991454944,True,37.5,36.5,38.6,0.95,0.05,0.0,0.7,0.03,2,1784923642.5795379,True,True,True,False,1784923617.3428495,0,0,1,0,False
1784849457.3002179,20,1784923652.557745,37.531853208209355,0.7425482566567483,37.08590829327841,True,37.5,36.5,38.6,0.95,0.05,0.0,0.7,0.03,2,1784923662.5866172,True,False,True,False,1784923617.3428495,0,False,0,0,False
1784849457.3002179,20,1784923672.5640779,37.53719386587319,0.7427389944304571,37.08056763561456,True,37.5,36.5,38.6,0.95,0.05,0.0,0.7,0.03,2,1784923682.5918589,True,True,True,False,1784923617.3428495,0,False,0,0,False
1784849457.3002179,20,1784923692.5703785,37.526512550545505,0.7427580682078279,37.05653467612726,True,37.5,36.5,38.6,0.95,0.05,0.0,0.7,0.03,2,1784923702.5976665,True,True,True,False,1784923617.3428495,0,False,0,0,False
1784849457.3002179,20,1784923712.5766432,37.51583123521782,0.7424719615472648,37.04318303196766,True,37.5,36.5,38.6,0.95,0.05,0.0,0.7,0.03,2,1784923722.6040354,True,True,True,False,1784923617.3428495,0,False,0,0,False
1784849457.3002179,20,1784923732.5829942,37.489127946898606,0.7424719615472648,37.05653467612726,True,37.5,36.5,38.6,0.95,0.05,0.0,0.7,0.03,2,1784923742.611628,True,True,True,False,1784923617.3428495,0,0,1,0,False
1784849457.3002179,20,1784923752.5892386,37.48645761806668,0.7427389944304571,37.053864347295345,True,37.5,36.5,38.6,0.95,0.05,0.0,0.7,0.03,2,1784923762.6177313,True,True,True,False,1784923617.3428495,0,0,1,0,False
1784849457.3002179,20,1784923772.5959933,37.51850156404974,0.7427008468757152,37.08056763561456,True,37.5,36.5,38.6,0.95,0.05,0.0,0.7,0.03,2,1784923782.6238098,True,True,True,False,1784923617.3428495,0,False,0,0,False
1784849457.3002179,20,1784923792.6023824,37.513160906385906,0.7426245517662318,37.06454566262303,True,37.5,36.5,38.6,0.95,0.05,0.0,0.7,0.03,2,1784923802.6308682,True,False,True,True,1784923797.3428948,0,False,0,0,False
1784849457.3002179,20,1784923812.609927,37.51850156404974,0.7424528877698939,37.048523689631494,True,37.5,36.5,38.6,0.95,0.05,0.0,0.7,0.03,2,1784923822.6398382,True,False,True,False,1784923797.3428948,0,False,0,0,False
1784849457.3002179,20,1784923832.618823,37.49179827573053,0.7428343633173113,37.04585336079957,True,37.5,36.5,38.6,0.95,0.05,0.0,0.7,0.03,2,1784923842.6531627,True,False,True,False,1784923797.3428948,0,0,1,0,False
1784849457.3002179,20,1784923852.6257966,37.47310597390707,0.7426245517662318,37.053864347295345,True,37.5,36.5,38.6,0.95,0.05,0.0,0.7,0.03,2,1784923862.6536903,True,False,True,False,1784923797.3428948,0,0,1,0,False
1784849457.3002179,20,1784923872.632768,37.49446860456244,0.7426436255436026,37.053864347295345,True,37.5,36.5,38.6,0.95,0.05,0.0,0.7,0.03,2,1784923882.6634243,True,True,True,False,1784923797.3428948,0,0,1,0,False
1784849457.3002179,20,1784923892.6422255,37.51049057755398,0.7427008468757152,37.072556649118795,True,37.5,36.5,38.6,0.95,0.05,0.0,0.7,0.03,2,1784923902.6692283,True,False,True,False,1784923797.3428948,0,False,0,0,False
1784849457.3002179,20,1784923912.6486104,37.51049057755398,0.7427199206530861,37.08056763561456,True,37.5,36.5,38.6,0.95,0.05,0.0,0.7,0.03,2,1784923922.6764297,True,True,True,False,1784923797.3428948,0,False,0,0,False
1784849457.3002179,20,1784923932.6553624,37.526512550545505,0.7426817730983444,37.08323796444648,True,37.5,36.5,38.6,0.95,0.05,0.0,0.7,0.03,2,1784923942.6828706,True,True,True,False,1784923797.3428948,0,False,0,0,False
1784849457.3002179,20,1784923952.6616101,37.49713893339437,0.7424910353246357,37.053864347295345,True,37.5,36.5,38.6,0.95,0.05,0.0,0.7,0.03,2,1784923962.6889904,True,False,True,False,1784923797.3428948,0,0,1,0,False
1784849457.3002179,20,1784923972.6678586,37.481116960402844,0.7426626993209736,37.04318303196766,True,37.5,36.5,38.6,0.95,0.05,0.0,0.7,0.03,2,1784923982.698144,True,False,True,True,1784923977.342916,0,0,1,0,False
1784849457.3002179,20,1784923992.674084,37.470435645075156,0.7427199206530861,37.03784237430381,True,37.5,36.5,38.6,0.95,0.05,0.0,0.7,0.03,2,1784924002.702232,True,False,True,False,1784923977.342916,0,0,1,0,False
1784849457.3002179,20,1784924012.6803105,37.507820248722055,0.7426817730983444,37.048523689631494,True,37.5,36.5,38.6,0.95,0.05,0.0,0.7,0.03,2,1784924022.707382,True,True,True,False,1784923977.342916,0,False,0,0,False
1784849457.3002179,20,1784924032.6867235,37.51850156404974,0.7426626993209736,37.05653467612726,True,37.5,36.5,38.6,0.95,0.05,0.0,0.7,0.03,2,1784924042.7143645,True,True,True,False,1784923977.342916,0,False,0,0,False
1784849457.3002179,20,1784924052.6929827,37.51583123521782,0.7425482566567483,37.06454566262303,True,37.5,36.5,38.6,0.95,0.05,0.0,0.7,0.03,2,1784924062.7206426,True,True,True,False,1784923977.342916,0,False,0,0,False
1784849457.3002179,20,1784924072.6994948,37.49980926222629,0.7426054779888609,37.091248950942244,True,37.5,36.5,38.6,0.95,0.05,0.0,0.7,0.03,2,1784924082.7270012,True,False,True,False,1784923977.342916,0,0,1,0,False
1784849457.3002179,20,1784924092.7057776,37.51049057755398,0.7426817730983444,37.05119401846342,True,37.5,36.5,38.6,0.95,0.05,0.0,0.7,0.03,2,1784924102.7326913,True,True,True,False,1784923977.342916,0,False,0,0,False
1784849457.3002179,20,1784924112.71206,37.52117189288167,0.7427771419851987,37.06454566262303,True,37.5,36.5,38.6,0.95,0.05,0.0,0.7,0.03,2,1784924122.7395053,True,True,True,False,1784923977.342916,0,False,0,0,False
1784849457.3002179,20,1784924132.7184913,37.50514991989013,0.7427199206530861,37.04585336079957,True,37.5,36.5,38.6,0.95,0.05,0.0,0.7,0.03,2,1784924142.7459667,True,True,True,False,1784923977.342916,0,False,0,0,False
1784849457.3002179,20,1784924152.7248557,37.49713893339437,0.7427771419851987,37.053864347295345,True,37.5,36.5,38.6,0.95,0.05,0.0,0.7,0.03,2,1784924162.754143,True,True,True,True,1784924157.3429322,0,0,1,0,False
1784849457.3002179,20,1784924172.7311153,37.481116960402844,0.7427199206530861,37.02716105897612,True,37.5,36.5,38.6,0.95,0.05,0.0,0.7,0.03,2,1784924182.761159,True,True,True,False,1784924157.3429322,0,0,1,0,False
1784849457.3002179,20,1784924192.7385862,37.481116960402844,0.7425864042114901,37.04318303196766,True,37.5,36.5,38.6,0.95,0.05,0.0,0.7,0.03,2,1784924202.7666936,True,True,True,False,1784924157.3429322,0,0,1,0,False
1784849457.3002179,20,1784924212.747002,37.507820248722055,0.7426817730983444,37.06454566262303,True,37.5,36.5,38.6,0.95,0.05,0.0,0.7,0.03,2,1784924222.7772038,True,False,True,False,1784924157.3429322,0,False,0,0,False
1784849457.3002179,20,1784924232.754804,37.513160906385906,0.7428152895399406,37.05653467612726,True,37.5,36.5,38.6,0.95,0.05,0.0,0.7,0.03,2,1784924242.7854433,True,True,True,False,1784924157.3429322,0,False,0,0,False
1784849457.3002179,20,1784924252.762545,37.50514991989013,0.7426436255436026,37.06454566262303,True,37.5,36.5,38.6,0.95,0.05,0.0,0.7,0.03,2,1784924262.7920256,True,True,True,False,1784924157.3429322,0,False,0,0,False
1784849457.3002179,20,1784924272.7714906,37.52117189288167,0.7427199206530861,37.06454566262303,True,37.5,36.5,38.6,0.95,0.05,0.0,0.7,0.03,2,1784924282.802213,True,True,True,False,1784924157.3429322,0,False,0,0,False
1784849457.3002179,20,1784924292.7802033,37.51049057755398,0.7427199206530861,37.05119401846342,True,37.5,36.5,38.6,0.95,0.05,0.0,0.7,0.03,2,1784924302.8142903,True,True,True,False,1784924157.3429322,0,False,0,0,False
1784849457.3002179,20,1784924312.7870595,37.46242465857938,0.7427389944304571,37.053864347295345,True,37.5,36.5,38.6,0.95,0.05,0.0,0.7,0.03,2,1784924322.8183584,True,True,True,False,1784924157.3429322,0,0,1,0,False
1784849457.3002179,20,1784924332.7934585,37.49446860456244,0.7425864042114901,37.04585336079957,True,37.5,36.5,38.6,0.95,0.05,0.0,0.7,0.03,2,1784924342.8208776,True,True,True,True,1784924337.342958,0,0,1,0,False
1784849457.3002179,20,1784924352.7996464,37.47577630273899,0.7426054779888609,37.03250171663997,True,37.5,36.5,38.6,0.95,0.05,0.0,0.7,0.03,2,1784924362.8293118,True,True,True,False,1784924337.342958,0,0,1,0,False
1784849457.3002179,20,1784924372.806124,37.49713893339437,0.7426817730983444,37.06454566262303,True,37.5,36.5,38.6,0.95,0.05,0.0,0.7,0.03,2,1784924382.8362143,True,True,True,False,1784924337.342958,0,0,1,0,False
1784849457.3002179,20,1784924392.8126109,37.507820248722055,0.7426817730983444,37.096589608606095,True,37.5,36.5,38.6,0.95,0.05,0.0,0.7,0.03,2,1784924402.8417292,True,True,True,False,1784924337.342958,0,False,0,0,False
1784849457.3002179,20,1784924412.8192494,37.53986419470512,0.7428534370946822,37.091248950942244,True,37.5,36.5,38.6,0.95,0.05,0.0,0.7,0.03,2,1784924422.846599,True,True,True,False,1784924337.342958,0,False,0,0,False
1784849457.3002179,20,1784924432.8255236,37.50247959105822,0.7425291828793774,37.09391927977417,True,37.5,36.5,38.6,0.95,0.05,0.0,0.7,0.03,2,1784924442.8529093,True,True,True,False,1784924337.342958,0,False,0,0,False
1784849457.3002179,20,1784924452.8318515,37.49980926222629,0.7429297322041657,37.07522697795072,True,37.5,36.5,38.6,0.95,0.05,0.0,0.7,0.03,2,1784924462.8593516,True,True,True,False,1784924337.342958,0,0,1,0,False
1784849457.3002179,20,1784924472.8382044,37.489127946898606,0.7428343633173113,37.04318303196766,True,37.5,36.5,38.6,0.95,0.05,0.0,0.7,0.03,2,1784924482.866073,True,True,True,False,1784924337.342958,0,0,1,0,False
1784849457.3002179,20,1784924492.8443987,37.49446860456244,0.7428343633173113,37.05653467612726,True,37.5,36.5,38.6,0.95,0.05,0.0,0.7,0.03,2,1784924502.872186,True,True,True,False,1784924337.342958,0,0,1,0,False
1784849457.3002179,20,1784924512.8505292,37.51049057755398,0.7429106584267948,37.06454566262303,True,37.5,36.5,38.6,0.95,0.05,0.0,0.7,0.03,2,1784924522.8778622,True,False,True,True,1784924517.342979,0,False,0,0,False
1784849457.3002179,20,1784924532.856804,37.526512550545505,0.7428343633173113,37.05119401846342,True,37.5,36.5,38.6,0.95,0.05,0.0,0.7,0.03,2,1784924542.8841288,True,False,True,False,1784924517.342979,0,False,0,0,False
1784849457.3002179,20,1784924552.8631184,37.47577630273899,0.7428534370946822,37.04318303196766,True,37.5,36.5,38.6,0.95,0.05,0.0,0.7,0.03,2,1784924562.890589,True,False,True,False,1784924517.342979,0,0,1,0,False
1784849457.3002179,20,1784924572.8693347,37.470435645075156,0.7427580682078279,37.03250171663997,True,37.5,36.5,38.6,0.95,0.05,0.0,0.7,0.03,2,1784924582.9043264,True,True,True,False,1784924517.342979,0,0,1,0,False
1784849457.3002179,20,1784924592.8767514,37.49713893339437,0.7426054779888609,37.03784237430381,True,37.5,36.5,38.6,0.95,0.05,0.0,0.7,0.03,2,1784924602.9063709,True,False,True,False,1784924517.342979,0,0,1,0,False
1784849457.3002179,20,1784924612.88545,37.48645761806668,0.7427008468757152,37.04318303196766,True,37.5,36.5,38.6,0.95,0.05,0.0,0.7,0.03,2,1784924622.915818,True,True,True,False,1784924517.342979,0,0,1,0,False
1784849457.3002179,20,1784924632.8957772,37.507820248722055,0.7428152895399406,37.04585336079957,True,37.5,36.5,38.6,0.95,0.05,0.0,0.7,0.03,2,1784924642.9248488,True,True,True,False,1784924517.342979,0,False,0,0,False
1784849457.3002179,20,1784924652.9055593,37.53719386587319,0.7428152895399406,37.096589608606095,True,37.5,36.5,38.6,0.95,0.05,0.0,0.7,0.03,2,1784924662.9351218,True,False,True,False,1784924517.342979,0,False,0,0,False
1784849457.3002179,20,1784924672.9132314,37.53719386587319,0.7428915846494241,37.07522697795072,True,37.5,36.5,38.6,0.95,0.05,0.0,0.7,0.03,2,1784924682.9408033,True,False,True,False,1784924517.342979,0,False,0,0,False
1784849457.3002179,20,1784924692.919599,37.51583123521782,0.7428534370946822,37.109941252765694,True,37.5,36.5,38.6,0.95,0.05,0.0,0.7,0.03,2,1784924702.9465072,True,True,True,True,1784924697.3430076,0,False,0,0,False
1784849457.3002179,20,1784924712.9259365,37.489127946898606,0.7424719615472648,37.05920500495918,True,37.5,36.5,38.6,0.95,0.05,0.0,0.7,0.03,2,1784924722.956335,True,True,True,False,1784924697.3430076,0,0,1,0,False
1784849457.3002179,20,1784924732.9323516,37.47310597390707,0.7426054779888609,37.05653467612726,True,37.5,36.5,38.6,0.95,0.05,0.0,0.7,0.03,2,1784924742.9598782,True,True,True,False,1784924697.3430076,0,0,1,0,False
1784849457.3002179,20,1784924752.9387422,37.481116960402844,0.7427389944304571,37.04318303196766,True,37.5,36.5,38.6,0.95,0.05,0.0,0.7,0.03,2,1784924762.9661129,True,True,True,False,1784924697.3430076,0,0,1,0,False
1784849457.3002179,20,1784924772.9448757,37.49713893339437,0.7426817730983444,37.04318303196766,True,37.5,36.5,38.6,0.95,0.05,0.0,0.7,0.03,2,1784924782.9722688,True,False,True,False,1784924697.3430076,0,0,1,0,False
1784849457.3002179,20,1784924792.9517787,37.53986419470512,0.7431204699778745,37.08056763561456,True,37.5,36.5,38.6,0.95,0.05,0.0,0.7,0.03,2,1784924802.9810936,True,False,True,False,1784924697.3430076,0,False,0,0,False
1784849457.3002179,20,1784924812.9594839,37.52918287937743,0.7429106584267948,37.091248950942244,True,37.5,36.5,38.6,0.95,0.05,0.0,0.7,0.03,2,1784924822.9887705,True,True,True,False,1784924697.3430076,0,False,0,0,False
1784849457.3002179,20,1784924832.9664037,37.53452353704128,0.7426626993209736,37.072556649118795,True,37.5,36.5,38.6,0.95,0.05,0.0,0.7,0.03,2,1784924842.9933143,True,True,True,False,1784924697.3430076,0,False,0,0,False
1784849457.3002179,20,1784924852.9726744,37.51049057755398,0.7425673304341192,37.048523689631494,True,37.5,36.5,38.6,0.95,0.05,0.0,0.7,0.03,2,1784924863.0000508,True,False,True,False,1784924697.3430076,0,False,0,0,False
1784849457.3002179,20,1784924872.979151,37.50514991989013,0.7427962157625696,37.03250171663997,True,37.5,36.5,38.6,0.95,0.05,0.0,0.7,0.03,2,1784924883.0067115,True,False,True,True,1784924877.3430204,0,False,0,0,False
1784849457.3002179,20,1784924892.9856646,37.46776531624323,0.7426054779888609,37.029831387808045,True,37.5,36.5,38.6,0.95,0.05,0.0,0.7,0.03,2,1784924903.0240533,True,True,True,False,1784924877.3430204,0,0,1,0,False
1784849457.3002179,20,1784924912.9930873,37.43572137026017,0.7427008468757152,37.01647974364843,True,37.5,36.5,38.6,0.95,0.05,0.0,0.7,0.03,2,1784924923.0253758,True,True,True,False,1784924877.3430204,0,0,1,0,False
1784849457.3002179,20,1784924933.0012555,37.446402685587856,0.7427389944304571,37.01915007248036,True,37.5,36.5,38.6,0.95,0.05,0.0,0.7,0.03,2,1784924943.0291615,True,True,True,False,1784924877.3430204,0,0,1,0,False
1784849457.3002179,20,1784924953.0074635,37.47577630273899,0.7427771419851987,37.00045777065691,True,37.5,36.5,38.6,0.95,0.05,0.0,0.7,0.03,2,1784924963.034281,True,True,True,False,1784924877.3430204,0,0,1,0,False
1784849457.3002179,20,1784924973.0137236,37.49179827573053,0.7426817730983444,37.04318303196766,True,37.5,36.5,38.6,0.95,0.05,0.0,0.7,0.03,2,1784924983.041375,True,True,True,False,1784924877.3430204,0,0,1,0,False
1784849457.3002179,20,1784924993.0199547,37.507820248722055,0.7425673304341192,37.04318303196766,True,37.5,36.5,38.6,0.95,0.05,0.0,0.7,0.03,2,1784925003.0474834,True,True,True,False,1784924877.3430204,0,False,0,0,False
1784849457.3002179,20,1784925013.026283,37.52384222171359,0.7426054779888609,37.05920500495918,True,37.5,36.5,38.6,0.95,0.05,0.0,0.7,0.03,2,1784925023.0542576,True,False,True,False,1784924877.3430204,0,False,0,0,False
1784849457.3002179,20,1784925033.0326993,37.52384222171359,0.7428725108720531,37.05653467612726,True,37.5,36.5,38.6,0.95,0.05,0.0,0.7,0.03,2,1784925043.0599403,True,True,True,False,1784924877.3430204,0,False,0,0,False
1784849457.3002179,20,1784925053.0389576,37.50514991989013,0.7427771419851987,37.05920500495918,True,37.5,36.5,38.6,0.95,0.05,0.0,0.7,0.03,2,1784925063.0663202,True,True,True,True,1784925057.343034,0,False,0,0,False
1784849457.3002179,20,1784925073.046495,37.46242465857938,0.7427771419851987,37.005798428320745,True,37.5,36.5,38.6,0.95,0.05,0.0,0.7,0.03,2,1784925083.0757675,True,True,True,False,1784925057.343034,0,0,1,0,False
1784849457.3002179,20,1784925093.054545,37.446402685587856,0.7427771419851987,37.00846875715267,True,37.5,36.5,38.6,0.95,0.05,0.0,0.7,0.03,2,1784925103.0865333,True,True,True,False,1784925057.343034,0,0,1,0,False
1784849457.3002179,20,1784925113.0624974,37.45708400091554,0.7426436255436026,37.02182040131228,True,37.5,36.5,38.6,0.95,0.05,0.0,0.7,0.03,2,1784925123.0947707,True,False,True,False,1784925057.343034,0,0,1,0,False
1784849457.3002179,20,1784925133.0728111,37.489127946898606,0.7427008468757152,37.029831387808045,True,37.5,36.5,38.6,0.95,0.05,0.0,0.7,0.03,2,1784925143.1037667,True,False,True,False,1784925057.343034,0,0,1,0,False
1784849457.3002179,20,1784925153.0804634,37.507820248722055,0.7426436255436026,37.08056763561456,True,37.5,36.5,38.6,0.95,0.05,0.0,0.7,0.03,2,1784925163.1080549,True,True,True,False,1784925057.343034,0,False,0,0,False
1784849457.3002179,20,1784925173.087053,37.52918287937743,0.743177691309987,37.06988632028687,True,37.5,36.5,38.6,0.95,0.05,0.0,0.7,0.03,2,1784925183.114753,True,True,True,False,1784925057.343034,0,False,0,0,False
1784849457.3002179,20,1784925193.0935867,37.52384222171359,0.7428343633173113,37.053864347295345,True,37.5,36.5,38.6,0.95,0.05,0.0,0.7,0.03,2,1784925203.1209295,True,False,True,False,1784925057.343034,0,False,0,0,False
1784849457.3002179,20,1784925213.099911,37.50247959105822,0.7428343633173113,37.04318303196766,True,37.5,36.5,38.6,0.95,0.05,0.0,0.7,0.03,2,1784925223.127237,True,True,True,False,1784925057.343034,0,False,0,0,False
1784849457.3002179,20,1784925233.1061726,37.45441367208362,0.7428534370946822,37.03517204547188,True,37.5,36.5,38.6,0.95,0.05,0.0,0.7,0.03,2,1784925243.133369,True,True,True,True,1784925237.3430455,0,0,1,0,False
1784849457.3002179,20,1784925253.112317,37.46242465857938,0.7427008468757152,37.01647974364843,True,37.5,36.5,38.6,0.95,0.05,0.0,0.7,0.03,2,1784925263.139738,True,True,True,False,1784925237.3430455,0,0,1,0,False
1784849457.3002179,20,1784925273.1185708,37.45708400091554,0.7428534370946822,37.005798428320745,True,37.5,36.5,38.6,0.95,0.05,0.0,0.7,0.03,2,1784925283.1461084,True,True,True,False,1784925237.3430455,0,0,1,0,False
1784849457.3002179,20,1784925293.1247883,37.47310597390707,0.7427199206530861,37.01915007248036,True,37.5,36.5,38.6,0.95,0.05,0.0,0.7,0.03,2,1784925303.1522286,True,True,True,False,1784925237.3430455,0,0,1,0,False
1784849457.3002179,20,1784925313.131041,37.489127946898606,0.7426817730983444,37.02716105897612,True,37.5,36.5,38.6,0.95,0.05,0.0,0.7,0.03,2,1784925323.1584077,True,True,True,False,1784925237.3430455,0,0,1,0,False
1784849457.3002179,20,1784925333.1373332,37.54253452353704,0.7428343633173113,37.04585336079957,True,37.5,36.5,38.6,0.95,0.05,0.0,0.7,0.03,2,1784925343.1644197,True,False,True,False,1784925237.3430455,0,False,0,0,False
1784849457.3002179,20,1784925353.143676,37.53452353704128,0.7427580682078279,37.07522697795072,True,37.5,36.5,38.6,0.95,0.05,0.0,0.7,0.03,2,1784925363.174362,True,True,True,False,1784925237.3430455,0,False,0,0,False
1784849457.3002179,20,1784925373.1500573,37.53452353704128,0.7429678797589075,37.07522697795072,True,37.5,36.5,38.6,0.95,0.05,0.0,0.7,0.03,2,1784925383.1800396,True,True,True,False,1784925237.3430455,0,False,0,0,False
1784849457.3002179,20,1784925393.156606,37.507820248722055,0.7428343633173113,37.06454566262303,True,37.5,36.5,38.6,0.95,0.05,0.0,0.7,0.03,2,1784925403.198057,True,False,True,False,1784925237.3430455,0,False,0,0,False
1784849457.3002179,20,1784925413.166283,37.50247959105822,0.7424528877698939,37.02182040131228,True,37.5,36.5,38.6,0.95,0.05,0.0,0.7,0.03,2,1784925423.1938832,True,True,True,True,1784925417.3430662,0,False,0,0,False
1784849457.3002179,20,1784925433.172762,37.44373235675593,0.7428343633173113,37.00312809948882,True,37.5,36.5,38.6,0.95,0.05,0.0,0.7,0.03,2,1784925443.2003238,True,True,True,False,1784925417.3430662,0,0,1,0,False
1784849457.3002179,20,1784925453.1791623,37.42504005493248,0.7427580682078279,36.989776455329206,True,37.5,36.5,38.6,0.95,0.05,0.0,0.7,0.03,2,1784925463.207465,True,True,True,False,1784925417.3430662,0,0,1,0,False
1784849457.3002179,20,1784925473.1853209,37.43572137026017,0.7424338139925232,37.011139085984595,True,37.5,36.5,38.6,0.95,0.05,0.0,0.7,0.03,2,1784925483.2125947,True,False,True,False,1784925417.3430662,0,0,1,0,False
1784849457.3002179,20,1784925493.1916099,37.46242465857938,0.7428343633173113,37.029831387808045,True,37.5,36.5,38.6,0.95,0.05,0.0,0.7,0.03,2,1784925503.2190104,True,True,True,False,1784925417.3430662,0,0,1,0,False
1784849457.3002179,20,1784925513.1977808,37.489127946898606,0.7427962157625696,37.02716105897612,True,37.5,36.5,38.6,0.95,0.05,0.0,0.7,0.03,2,1784925523.2251892,True,True,True,False,1784925417.3430662,0,0,1,0,False
1784849457.3002179,20,1784925533.204,37.49980926222629,0.7428152895399406,37.029831387808045,True,37.5,36.5,38.6,0.95,0.05,0.0,0.7,0.03,2,1784925543.233367,True,False,True,False,1784925417.3430662,0,0,1,0,False
1784849457.3002179,20,1784925553.2102416,37.52384222171359,0.7429488059815366,37.04318303196766,True,37.5,36.5,38.6,0.95,0.05,0.0,0.7,0.03,2,1784925563.2404885,True,True,True,False,1784925417.3430662,0,False,0,0,False
1784849457.3002179,20,1784925573.2168922,37.52384222171359,0.7428725108720531,37.06988632028687,True,37.5,36.5,38.6,0.95,0.05,0.0,0.7,0.03,2,1784925583.2440999,True,False,True,False,1784925417.3430662,0,False,0,0,False
1784849457.3002179,20,1784925593.2234106,37.52384222171359,0.7428725108720531,37.06454566262303,True,37.5,36.5,38.6,0.95,0.05,0.0,0.7,0.03,2,1784925603.2501822,True,False,True,True,1784925597.3430707,0,False,0,0,False
1784849457.3002179,20,1784925613.229737,37.470435645075156,0.7426436255436026,37.053864347295345,True,37.5,36.5,38.6,0.95,0.05,0.0,0.7,0.03,2,1784925623.2567906,True,True,True,False,1784925597.3430707,0,0,1,0,False
1784849457.3002179,20,1784925633.2359219,37.49713893339437,0.7429488059815366,37.03517204547188,True,37.5,36.5,38.6,0.95,0.05,0.0,0.7,0.03,2,1784925643.2632108,True,True,True,False,1784925597.3430707,0,0,1,0,False
1784849457.3002179,20,1784925653.2420766,37.46242465857938,0.7427580682078279,37.053864347295345,True,37.5,36.5,38.6,0.95,0.05,0.0,0.7,0.03,2,1784925663.2694528,True,True,True,False,1784925597.3430707,0,0,1,0,False
1784849457.3002179,20,1784925673.248135,37.47310597390707,0.7428343633173113,37.02716105897612,True,37.5,36.5,38.6,0.95,0.05,0.0,0.7,0.03,2,1784925683.2755415,True,False,True,False,1784925597.3430707,0,0,1,0,False
1784849457.3002179,20,1784925693.2554343,37.49980926222629,0.7426054779888609,37.03517204547188,True,37.5,36.5,38.6,0.95,0.05,0.0,0.7,0.03,2,1784925703.286549,True,True,True,False,1784925597.3430707,0,0,1,0,False
1784849457.3002179,20,1784925713.2642553,37.53719386587319,0.7431586175326161,37.03784237430381,True,37.5,36.5,38.6,0.95,0.05,0.0,0.7,0.03,2,1784925723.294514,True,True,True,False,1784925597.3430707,0,False,0,0,False
1784849457.3002179,20,1784925733.2716658,37.53719386587319,0.7429297322041657,37.08323796444648,True,37.5,36.5,38.6,0.95,0.05,0.0,0.7,0.03,2,1784925743.300204,True,True,True,False,1784925597.3430707,0,False,0,0,False
1784849457.3002179,20,1784925753.2800012,37.53986419470512,0.7427199206530861,37.06454566262303,True,37.5,36.5,38.6,0.95,0.05,0.0,0.7,0.03,2,1784925763.3075693,True,True,True,False,1784925597.3430707,0,False,0,0,False
1784849457.3002179,20,1784925773.2865305,37.507820248722055,0.7429869535362783,37.06454566262303,True,37.5,36.5,38.6,0.95,0.05,0.0,0.7,0.03,2,1784925783.322031,True,True,True,True,1784925777.3430781,0,False,0,0,False
1784849457.3002179,20,1784925793.2937374,37.47577630273899,0.74302510109102,37.02182040131228,True,37.5,36.5,38.6,0.95,0.05,0.0,0.7,0.03,2,1784925803.3228323,True,False,True,False,1784925777.3430781,0,0,1,0,False
1784849457.3002179,20,1784925813.3007708,37.45975432974747,0.7426817730983444,36.99511711299306,True,37.5,36.5,38.6,0.95,0.05,0.0,0.7,0.03,2,1784925823.3320599,True,False,True,False,1784925777.3430781,0,0,1,0,False
1784849457.3002179,20,1784925833.3107543,37.44907301441978,0.7426245517662318,37.00312809948882,True,37.5,36.5,38.6,0.95,0.05,0.0,0.7,0.03,2,1784925843.3416345,True,True,True,False,1784925777.3430781,0,0,1,0,False
1784849457.3002179,20,1784925853.321211,37.446402685587856,0.7429488059815366,37.00045777065691,True,37.5,36.5,38.6,0.95,0.05,0.0,0.7,0.03,2,1784925863.3524697,True,False,True,False,1784925777.3430781,0,0,1,0,False
1784849457.3002179,20,1784925873.3315475,37.489127946898606,0.7427389944304571,37.048523689631494,True,37.5,36.5,38.6,0.95,0.05,0.0,0.7,0.03,2,1784925883.361929,True,True,True,False,1784925777.3430781,0,0,1,0,False
1784849457.3002179,20,1784925893.3415208,37.526512550545505,0.7427580682078279,37.05119401846342,True,37.5,36.5,38.6,0.95,0.05,0.0,0.7,0.03,2,1784925903.3718503,True,False,True,False,1784925777.3430781,0,False,0,0,False
1784849457.3002179,20,1784925913.3512363,37.526512550545505,0.7428343633173113,37.07522697795072,True,37.5,36.5,38.6,0.95,0.05,0.0,0.7,0.03,2,1784925923.379707,True,True,True,False,1784925777.3430781,0,False,0,0,False
1784849457.3002179,20,1784925933.3588448,37.54787518120088,0.7427580682078279,37.05653467612726,True,37.5,36.5,38.6,0.95,0.05,0.0,0.7,0.03,2,1784925943.385664,True,True,True,False,1784925777.3430781,0,False,0,0,False
1784849457.3002179,20,1784925953.3650415,37.513160906385906,0.7430060273136492,37.06988632028687,True,37.5,36.5,38.6,0.95,0.05,0.0,0.7,0.03,2,1784925963.3923793,True,True,True,True,1784925957.343113,0,False,0,0,False
1784849457.3002179,20,1784925973.3714268,37.48645761806668,0.7429678797589075,37.053864347295345,True,37.5,36.5,38.6,0.95,0.05,0.0,0.7,0.03,2,1784925983.4152727,True,False,True,False,1784925957.343113,0,0,1,0,False
1784849457.3002179,20,1784925993.3811507,37.44907301441978,0.7426626993209736,37.02182040131228,True,37.5,36.5,38.6,0.95,0.05,0.0,0.7,0.03,2,1784926003.413392,True,False,True,False,1784925957.343113,0,0,1,0,False
1784849457.3002179,20,1784926013.392667,37.481116960402844,0.7431013962005035,37.04318303196766,True,37.5,36.5,38.6,0.95,0.05,0.0,0.7,0.03,2,1784926023.4243488,True,True,True,False,1784925957.343113,0,0,1,0,False
1784849457.3002179,20,1784926033.399234,37.507820248722055,0.7430632486457618,37.029831387808045,True,37.5,36.5,38.6,0.95,0.05,0.0,0.7,0.03,2,1784926043.4324856,True,False,True,False,1784925957.343113,0,False,0,0,False
1784849457.3002179,20,1784926053.4061887,37.531853208209355,0.74302510109102,37.02716105897612,True,37.5,36.5,38.6,0.95,0.05,0.0,0.7,0.03,2,1784926063.4337862,True,True,True,False,1784925957.343113,0,False,0,0,False
1784849457.3002179,20,1784926073.4126062,37.52117189288167,0.7429106584267948,37.053864347295345,True,37.5,36.5,38.6,0.95,0.05,0.0,0.7,0.03,2,1784926083.4401822,True,True,True,False,1784925957.343113,0,False,0,0,False
1784849457.3002179,20,1784926093.4191039,37.51049057755398,0.7431013962005035,37.05653467612726,True,37.5,36.5,38.6,0.95,0.05,0.0,0.7,0.03,2,1784926103.4465156,True,False,True,False,1784925957.343113,0,False,0,0,False
1784849457.3002179,20,1784926113.4254787,37.483787289234755,0.7427389944304571,37.02716105897612,True,37.5,36.5,38.6,0.95,0.05,0.0,0.7,0.03,2,1784926123.4531956,True,True,True,False,1784925957.343113,0,0,1,0,False
1784849457.3002179,20,1784926133.4317863,37.46242465857938,0.7429488059815366,36.99778744182498,True,37.5,36.5,38.6,0.95,0.05,0.0,0.7,0.03,2,1784926143.4593759,True,False,True,True,1784926137.3431473,0,0,1,0,False
1784849457.3002179,20,1784926153.4381344,37.44907301441978,0.7428915846494241,37.005798428320745,True,37.5,36.5,38.6,0.95,0.05,0.0,0.7,0.03,2,1784926163.4663055,True,True,True,False,1784926137.3431473,0,0,1,0,False
1784849457.3002179,20,1784926173.444494,37.45441367208362,0.7429297322041657,36.99511711299306,True,37.5,36.5,38.6,0.95,0.05,0.0,0.7,0.03,2,1784926183.4719577,True,True,True,False,1784926137.3431473,0,0,1,0,False
1784849457.3002179,20,1784926193.450743,37.48645761806668,0.7429106584267948,37.03250171663997,True,37.5,36.5,38.6,0.95,0.05,0.0,0.7,0.03,2,1784926203.4797463,True,False,True,False,1784926137.3431473,0,0,1,0,False
1784849457.3002179,20,1784926213.4569259,37.513160906385906,0.7430060273136492,37.04318303196766,True,37.5,36.5,38.6,0.95,0.05,0.0,0.7,0.03,2,1784926223.4842722,True,False,True,False,1784926137.3431473,0,False,0,0,False
1784849457.3002179,20,1784926233.4635284,37.51850156404974,0.7431013962005035,37.067215991454944,True,37.5,36.5,38.6,0.95,0.05,0.0,0.7,0.03,2,1784926243.4933655,True,True,True,False,1784926137.3431473,0,False,0,0,False
1784849457.3002179,20,1784926253.4702377,37.526512550545505,0.7430632486457618,37.05920500495918,True,37.5,36.5,38.6,0.95,0.05,0.0,0.7,0.03,2,1784926263.4979823,True,True,True,False,1784926137.3431473,0,False,0,0,False
1784849457.3002179,20,1784926273.4768155,37.51583123521782,0.7431013962005035,37.04318303196766,True,37.5,36.5,38.6,0.95,0.05,0.0,0.7,0.03,2,1784926283.504166,True,True,True,False,1784926137.3431473,0,False,0,0,False
1784849457.3002179,20,1784926293.483158,37.489127946898606,0.7431586175326161,37.04585336079957,True,37.5,36.5,38.6,0.95,0.05,0.0,0.7,0.03,2,1784926303.5106008,True,True,True,False,1784926137.3431473,0,0,1,0,False
1784849457.3002179,20,1784926313.4893324,37.49980926222629,0.7428915846494241,37.011139085984595,True,37.5,36.5,38.6,0.95,0.05,0.0,0.7,0.03,2,1784926323.5187235,True,True,True,True,1784926317.3431835,0,0,1,0,False
1784849457.3002179,20,1784926333.4954586,37.47310597390707,0.7427199206530861,37.029831387808045,True,37.5,36.5,38.6,0.95,0.05,0.0,0.7,0.03,2,1784926343.5228393,True,True,True,False,1784926317.3431835,0,0,1,0,False
1784849457.3002179,20,1784926353.501674,37.48645761806668,0.7428915846494241,37.02182040131228,True,37.5,36.5,38.6,0.95,0.05,0.0,0.7,0.03,2,1784926363.52922,True,True,True,False,1784926317.3431835,0,0,1,0,False
1784849457.3002179,20,1784926373.5078728,37.50247959105822,0.7429106584267948,37.005798428320745,True,37.5,36.5,38.6,0.95,0.05,0.0,0.7,0.03,2,1784926383.534989,True,True,True,False,1784926317.3431835,0,False,0,0,False
1784849457.3002179,20,1784926393.5141602,37.507820248722055,0.7429106584267948,37.04318303196766,True,37.5,36.5,38.6,0.95,0.05,0.0,0.7,0.03,2,1784926403.541495,True,True,True,False,1784926317.3431835,0,False,0,0,False
1784849457.3002179,20,1784926413.5204258,37.48645761806668,0.7431395437552453,37.048523689631494,True,37.5,36.5,38.6,0.95,0.05,0.0,0.7,0.03,2,1784926423.549597,True,True,True,False,1784926317.3431835,0,0,1,0,False
1784849457.3002179,20,1784926433.5267646,37.48645761806668,0.7428343633173113,37.05119401846342,True,37.5,36.5,38.6,0.95,0.05,0.0,0.7,0.03,2,1784926443.5547018,True,True,True,False,1784926317.3431835,0,0,1,0,False
1784849457.3002179,20,1784926453.5334756,37.52117189288167,0.7429678797589075,37.04318303196766,True,37.5,36.5,38.6,0.95,0.05,0.0,0.7,0.03,2,1784926463.56028,True,True,True,False,1784926317.3431835,0,False,0,0,False
1784849457.3002179,20,1784926473.5397222,37.52117189288167,0.743044174868391,37.02716105897612,True,37.5,36.5,38.6,0.95,0.05,0.0,0.7,0.03,2,1784926483.5671735,True,True,True,False,1784926317.3431835,0,False,0,0,False
1784849457.3002179,20,1784926493.5472968,37.47844663157092,0.7428534370946822,37.01915007248036,True,37.5,36.5,38.6,0.95,0.05,0.0,0.7,0.03,2,1784926503.5782633,True,False,True,True,1784926497.3431919,0,0,1,0,False
1784849457.3002179,20,1784926513.5570326,37.489127946898606,0.7426817730983444,37.01647974364843,True,37.5,36.5,38.6,0.95,0.05,0.0,0.7,0.03,2,1784926523.5878074,True,True,True,False,1784926497.3431919,0,0,1,0,False
1784849457.3002179,20,1784926533.5651903,37.46242465857938,0.7428534370946822,37.024490730144194,True,37.5,36.5,38.6,0.95,0.05,0.0,0.7,0.03,2,1784926543.592523,True,True,True,False,1784926497.3431919,0,0,1,0,False
1784849457.3002179,20,1784926553.5714004,37.49179827573053,0.743044174868391,37.03784237430381,True,37.5,36.5,38.6,0.95,0.05,0.0,0.7,0.03,2,1784926563.5987236,True,True,True,False,1784926497.3431919,0,0,1,0,False
1784849457.3002179,20,1784926573.5774972,37.52384222171359,0.7428725108720531,37.053864347295345,True,37.5,36.5,38.6,0.95,0.05,0.0,0.7,0.03,2,1784926583.6048896,True,True,True,False,1784926497.3431919,0,False,0,0,False
1784849457.3002179,20,1784926593.5838196,37.51850156404974,0.7429297322041657,37.048523689631494,True,37.5,36.5,38.6,0.95,0.05,0.0,0.7,0.03,2,1784926603.61066,True,False,True,False,1784926497.3431919,0,False,0,0,False
1784849457.3002179,20,1784926613.591143,37.53452353704128,0.7431395437552453,37.05920500495918,True,37.5,36.5,38.6,0.95,0.05,0.0,0.7,0.03,2,1784926623.627872,True,True,True,False,1784926497.3431919,0,False,0,0,False
1784849457.3002179,20,1784926633.6007893,37.513160906385906,0.7431013962005035,37.05653467612726,True,37.5,36.5,38.6,0.95,0.05,0.0,0.7,0.03,2,1784926643.6288776,True,True,True,False,1784926497.3431919,0,False,0,0,False
1784849457.3002179,20,1784926653.6082525,37.47844663157092,0.7430632486457618,37.053864347295345,True,37.5,36.5,38.6,0.95,0.05,0.0,0.7,0.03,2,1784926663.6355488,True,False,True,False,1784926497.3431919,0,0,1,0,False
1784849457.3002179,20,1784926673.614388,37.46242465857938,0.7429297322041657,37.04318303196766,True,37.5,36.5,38.6,0.95,0.05,0.0,0.7,0.03,2,1784926683.6417267,True,True,True,True,1784926677.343198,0,0,1,0,False
1784849457.3002179,20,1784926693.6206033,37.46242465857938,0.7427771419851987,37.00846875715267,True,37.5,36.5,38.6,0.95,0.05,0.0,0.7,0.03,2,1784926703.6480708,True,True,True,False,1784926677.343198,0,0,1,0,False
1784849457.3002179,20,1784926713.6269453,37.47310597390707,0.7427962157625696,37.01647974364843,True,37.5,36.5,38.6,0.95,0.05,0.0,0.7,0.03,2,1784926723.6543355,True,True,True,False,1784926677.343198,0,0,1,0,False
1784849457.3002179,20,1784926733.6331224,37.51049057755398,0.7429869535362783,37.03517204547188,True,37.5,36.5,38.6,0.95,0.05,0.0,0.7,0.03,2,1784926743.6612334,True,False,True,False,1784926677.343198,0,False,0,0,False
1784849457.3002179,20,1784926753.6395807,37.507820248722055,0.7426817730983444,37.053864347295345,True,37.5,36.5,38.6,0.95,0.05,0.0,0.7,0.03,2,1784926763.6673388,True,True,True,False,1784926677.343198,0,False,0,0,False
1784849457.3002179,20,1784926773.6458156,37.52918287937743,0.7428343633173113,37.06988632028687,True,37.5,36.5,38.6,0.95,0.05,0.0,0.7,0.03,2,1784926783.6731386,True,True,True,False,1784926677.343198,0,False,0,0,False
1784849457.3002179,20,1784926793.6521993,37.507820248722055,0.7430823224231327,37.06454566262303,True,37.5,36.5,38.6,0.95,0.05,0.0,0.7,0.03,2,1784926803.6795845,True,True,True,False,1784926677.343198,0,False,0,0,False
1784849457.3002179,20,1784926813.6585643,37.49713893339437,0.7430823224231327,37.04318303196766,True,37.5,36.5,38.6,0.95,0.05,0.0,0.7,0.03,2,1784926823.6860683,False,False,True,False,1784926677.343198,0,0,1,0,False
1784849457.3002179,20,1784926833.6647332,37.470435645075156,0.7429106584267948,37.01915007248036,True,37.5,36.5,38.6,0.95,0.05,0.0,0.7,0.03,2,1784926843.694386,False,True,True,False,1784926677.343198,0,0,1,0,False
1784849457.3002179,20,1784926853.6712782,37.441062027924005,0.7427389944304571,37.04318303196766,True,37.5,36.5,38.6,0.95,0.05,0.0,0.7,0.03,2,1784926863.6985567,False,True,True,True,1784926857.3432329,0,0,1,0,False
1784849457.3002179,20,1784926873.6775663,37.46242465857938,0.7429488059815366,37.01647974364843,True,37.5,36.5,38.6,0.95,0.05,0.0,0.7,0.03,2,1784926883.708315,False,True,True,False,1784926857.3432329,0,0,1,0,False
1784849457.3002179,20,1784926893.6838644,37.46242465857938,0.7427580682078279,37.05653467612726,True,37.5,36.5,38.6,0.95,0.05,0.0,0.7,0.03,2,1784926903.7159166,False,True,True,False,1784926857.3432329,0,0,1,0,False
1784849457.3002179,20,1784926913.690844,37.51049057755398,0.7432158388647288,37.08056763561456,True,37.5,36.5,38.6,0.95,0.05,0.0,0.7,0.03,2,1784926923.7234213,False,False,True,False,1784926857.3432329,0,False,0,0,False
1784849457.3002179,20,1784926933.7015007,37.526512550545505,0.74302510109102,37.12062256809338,True,37.5,36.5,38.6,0.95,0.05,0.0,0.7,0.03,2,1784926943.734379,False,True,True,False,1784926857.3432329,0,False,0,0,False
1784849457.3002179,20,1784926953.7087216,37.507820248722055,0.7429869535362783,37.12329289692531,True,37.5,36.5,38.6,0.95,0.05,0.0,0.7,0.03,2,1784926963.735893,False,True,True,False,1784926857.3432329,0,False,0,0,False
1784849457.3002179,20,1784926973.7151737,37.52384222171359,0.7429106584267948,37.096589608606095,True,37.5,36.5,38.6,0.95,0.05,0.0,0.7,0.03,2,1784926983.7439952,False,False,True,False,1784926857.3432329,0,False,0,0,False
1784849457.3002179,20,1784926993.721467,37.49713893339437,0.7430060273136492,37.091248950942244,True,37.5,36.5,38.6,0.95,0.05,0.0,0.7,0.03,2,1784927003.7492492,False,False,True,False,1784926857.3432329,0,0,1,0,False
1784849457.3002179,20,1784927013.7278414,37.470435645075156,0.7427199206530861,37.08056763561456,True,37.5,36.5,38.6,0.95,0.05,0.0,0.7,0.03,2,1784927023.7548296,False,True,True,False,1784926857.3432329,0,0,1,0,False
1784849457.3002179,20,1784927033.7342846,37.49713893339437,0.7430823224231327,37.09391927977417,True,37.5,36.5,38.6,0.95,0.05,0.0,0.7,0.03,2,1784927043.7616382,False,False,True,True,1784927037.3432646,0,0,1,0,False
1784849457.3002179,20,1784927053.740426,37.49980926222629,0.7430823224231327,37.08056763561456,True,37.5,36.5,38.6,0.95,0.05,0.0,0.7,0.03,2,1784927063.771115,False,True,True,False,1784927037.3432646,0,0,1,0,False
1784849457.3002179,20,1784927073.74664,37.49980926222629,0.7429488059815366,37.10193026626993,True,37.5,36.5,38.6,0.95,0.05,0.0,0.7,0.03,2,1784927083.7769513,False,False,True,False,1784927037.3432646,0,0,1,0,False
1784849457.3002179,20,1784927093.7529037,37.53719386587319,0.7431395437552453,37.09391927977417,True,37.5,36.5,38.6,0.95,0.05,0.0,0.7,0.03,2,1784927103.7806702,False,True,True,False,1784927037.3432646,0,False,0,0,False
1784849457.3002179,20,1784927113.759246,37.49980926222629,0.7430632486457618,37.11261158159762,True,37.5,36.5,38.6,0.95,0.05,0.0,0.7,0.03,2,1784927123.786726,False,True,True,False,1784927037.3432646,0,0,1,0,False
1784849457.3002179,20,1784927133.7654994,37.51049057755398,0.7431395437552453,37.109941252765694,True,37.5,36.5,38.6,0.95,0.05,0.0,0.7,0.03,2,1784927143.7929735,False,False,True,False,1784927037.3432646,0,False,0,0,False
1784849457.3002179,20,1784927153.7719877,37.45975432974747,0.7427771419851987,37.08056763561456,True,37.5,36.5,38.6,0.95,0.05,0.0,0.7,0.03,2,1784927163.8004165,False,True,True,False,1784927037.3432646,0,0,1,0,False
1784849457.3002179,20,1784927173.7784324,37.47577630273899,0.7427962157625696,37.10727092393378,True,37.5,36.5,38.6,0.95,0.05,0.0,0.7,0.03,2,1784927183.8057482,False,False,True,False,1784927037.3432646,0,0,1,0,False
1784849457.3002179,20,1784927193.7851965,37.49713893339437,0.7428152895399406,37.096589608606095,True,37.5,36.5,38.6,0.95,0.05,0.0,0.7,0.03,2,1784927203.8128905,False,True,True,False,1784927037.3432646,0,0,1,0,False
1784849457.3002179,20,1784927213.792107,37.52384222171359,0.7430632486457618,37.133974212252994,True,37.5,36.5,38.6,0.95,0.05,0.0,0.7,0.03,2,1784927223.819351,False,False,True,True,1784927217.3433027,0,False,0,0,False
1784849457.3002179,20,1784927233.79851,37.507820248722055,0.743330281528954,37.12062256809338,True,37.5,36.5,38.6,0.95,0.05,0.0,0.7,0.03,2,1784927243.8260043,False,False,True,False,1784927217.3433027,0,False,0,0,False
1784849457.3002179,20,1784927253.8048675,37.49980926222629,0.7429488059815366,37.133974212252994,True,37.5,36.5,38.6,0.95,0.05,0.0,0.7,0.03,2,1784927263.8323092,False,False,True,False,1784927217.3433027,0,0,1,0,False
1784849457.3002179,20,1784927273.8111415,37.52117189288167,0.7431204699778745,37.10727092393378,True,37.5,36.5,38.6,0.95,0.05,0.0,0.7,0.03,2,1784927283.8387558,False,True,True,False,1784927217.3433027,0,False,0,0,False
1784849457.3002179,20,1784927293.8176646,37.489127946898606,0.7431204699778745,37.09391927977417,True,37.5,36.5,38.6,0.95,0.05,0.0,0.7,0.03,2,1784927303.8459842,False,True,True,False,1784927217.3433027,0,0,1,0,False
1784849457.3002179,20,1784927313.8242471,37.51049057755398,0.74302510109102,37.091248950942244,True,37.5,36.5,38.6,0.95,0.05,0.0,0.7,0.03,2,1784927323.8515868,False,True,True,False,1784927217.3433027,0,False,0,0,False
1784849457.3002179,20,1784927333.83054,37.483787289234755,0.7430632486457618,37.10460059510186,True,37.5,36.5,38.6,0.95,0.05,0.0,0.7,0.03,2,1784927343.8583965,False,False,True,False,1784927217.3433027,0,0,1,0,False
1784849457.3002179,20,1784927353.8368683,37.470435645075156,0.7429488059815366,37.096589608606095,True,37.5,36.5,38.6,0.95,0.05,0.0,0.7,0.03,2,1784927363.8638854,False,True,True,False,1784927217.3433027,0,0,1,0,False
1784849457.3002179,20,1784927373.843106,37.49713893339437,0.7428152895399406,37.11261158159762,True,37.5,36.5,38.6,0.95,0.05,0.0,0.7,0.03,2,1784927383.8705497,False,True,True,False,1784927217.3433027,0,0,1,0,False
1784849457.3002179,20,1784927393.8493395,37.49713893339437,0.74302510109102,37.11795223926147,True,37.5,36.5,38.6,0.95,0.05,0.0,0.7,0.03,2,1784927403.8795364,False,True,True,True,1784927397.3433063,0,0,1,0,False
1784849457.3002179,20,1784927413.8555784,37.507820248722055,0.7428725108720531,37.091248950942244,True,37.5,36.5,38.6,0.95,0.05,0.0,0.7,0.03,2,1784927423.8838515,False,False,True,False,1784927397.3433063,0,False,0,0,False
1784849457.3002179,20,1784927433.8618782,37.49179827573053,0.74302510109102,37.12596322575723,True,37.5,36.5,38.6,0.95,0.05,0.0,0.7,0.03,2,1784927443.8888988,False,True,True,False,1784927397.3433063,0,0,1,0,False
1784849457.3002179,20,1784927453.8680649,37.489127946898606,0.7431586175326161,37.11261158159762,True,37.5,36.5,38.6,0.95,0.05,0.0,0.7,0.03,2,1784927463.897483,False,False,True,False,1784927397.3433063,0,0,1,0,False
1784849457.3002179,20,1784927473.8754478,37.489127946898606,0.7430823224231327,37.10193026626993,True,37.5,36.5,38.6,0.95,0.05,0.0,0.7,0.03,2,1784927483.9072998,False,True,True,False,1784927397.3433063,0,0,1,0,False
1784849457.3002179,20,1784927493.886418,37.53719386587319,0.7432349126420996,37.158007171740294,True,37.5,36.5,38.6,0.95,0.05,0.0,0.7,0.03,2,1784927503.91555,False,True,True,False,1784927397.3433063,0,False,0,0,False
1784849457.3002179,20,1784927513.8953137,37.50514991989013,0.7429678797589075,37.14999618524453,True,37.5,36.5,38.6,0.95,0.05,0.0,0.7,0.03,2,1784927523.9271822,False,True,True,False,1784927397.3433063,0,False,0,0,False
1784849457.3002179,20,1784927533.9046118,37.51049057755398,0.7430823224231327,37.12596322575723,True,37.5,36.5,38.6,0.95,0.05,0.0,0.7,0.03,2,1784927543.9368432,False,False,True,False,1784927397.3433063,0,False,0,0,False
1784849457.3002179,20,1784927553.9151728,37.49179827573053,0.74302510109102,37.11795223926147,True,37.5,36.5,38.6,0.95,0.05,0.0,0.7,0.03,2,1784927563.9452136,False,True,True,False,1784927397.3433063,0,0,1,0,False
1784849457.3002179,20,1784927573.9242578,37.470435645075156,0.743044174868391,37.10193026626993,True,37.5,36.5,38.6,0.95,0.05,0.0,0.7,0.03,2,1784927583.9534397,False,True,True,True,1784927577.34332,0,0,1,0,False
1784849457.3002179,20,1784927593.9323893,37.470435645075156,0.7430823224231327,37.091248950942244,True,37.5,36.5,38.6,0.95,0.05,0.0,0.7,0.03,2,1784927603.960303,False,False,True,False,1784927577.34332,0,0,1,0,False
1784849457.3002179,20,1784927613.9398239,37.49713893339437,0.7432158388647288,37.10193026626993,True,37.5,36.5,38.6,0.95,0.05,0.0,0.7,0.03,2,1784927623.9678,False,False,True,False,1784927577.34332,0,0,1,0,False
1784849457.3002179,20,1784927633.9473057,37.49713893339437,0.7430823224231327,37.12062256809338,True,37.5,36.5,38.6,0.95,0.05,0.0,0.7,0.03,2,1784927643.975267,False,True,True,False,1784927577.34332,0,0,1,0,False
1784849457.3002179,20,1784927653.9541945,37.53719386587319,0.743044174868391,37.15533684290837,True,37.5,36.5,38.6,0.95,0.05,0.0,0.7,0.03,2,1784927663.9820585,False,False,True,False,1784927577.34332,0,False,0,0,False
1784849457.3002179,20,1784927673.9604685,37.526512550545505,0.7433112077515831,37.16067750057222,True,37.5,36.5,38.6,0.95,0.05,0.0,0.7,0.03,2,1784927683.9878135,False,True,True,False,1784927577.34332,0,False,0,0,False
1784849457.3002179,20,1784927693.9667559,37.54787518120088,0.7431395437552453,37.14732585641261,True,37.5,36.5,38.6,0.95,0.05,0.0,0.7,0.03,2,1784927703.994787,False,False,True,False,1784927577.34332,0,False,0,0,False
1784849457.3002179,20,1784927713.9737139,37.531853208209355,0.7431395437552453,37.14465552758068,True,37.5,36.5,38.6,0.95,0.05,0.0,0.7,0.03,2,1784927724.0112169,False,True,True,False,1784927577.34332,0,False,0,0,False
1784849457.3002179,20,1784927733.981216,37.49980926222629,0.7430060273136492,37.13130388342107,True,37.5,36.5,38.6,0.95,0.05,0.0,0.7,0.03,2,1784927744.008611,False,True,True,False,1784927577.34332,0,0,1,0,False
1784849457.3002179,20,1784927753.987483,37.470435645075156,0.7429678797589075,37.11261158159762,True,37.5,36.5,38.6,0.95,0.05,0.0,0.7,0.03,2,1784927764.014786,False,False,True,True,1784927757.3433478,0,0,1,0,False
1784849457.3002179,20,1784927773.9936922,37.470435645075156,0.7430060273136492,37.10727092393378,True,37.5,36.5,38.6,0.95,0.05,0.0,0.7,0.03,2,1784927784.0209887,False,False,True,False,1784927757.3433478,0,0,1,0,False
1784849457.3002179,20,1784927794.0006735,37.49179827573053,0.7431013962005035,37.12863355458916,True,37.5,36.5,38.6,0.95,0.05,0.0,0.7,0.03,2,1784927804.0315354,False,True,True,False,1784927757.3433478,0,0,1,0,False
1784849457.3002179,20,1784927814.0075994,37.513160906385906,0.7429678797589075,37.12329289692531,True,37.5,36.5,38.6,0.95,0.05,0.0,0.7,0.03,2,1784927824.0345376,False,False,True,False,1784927757.3433478,0,False,0,0,False
1784849457.3002179,20,1784927834.0139225,37.52384222171359,0.7429869535362783,37.14732585641261,True,37.5,36.5,38.6,0.95,0.05,0.0,0.7,0.03,2,1784927844.0414312,False,False,True,False,1784927757.3433478,0,False,0,0,False
1784849457.3002179,20,1784927854.0202324,37.53719386587319,0.7431586175326161,37.14465552758068,True,37.5,36.5,38.6,0.95,0.05,0.0,0.7,0.03,2,1784927864.0476034,False,True,True,False,1784927757.3433478,0,False,0,0,False
1784849457.3002179,20,1784927874.026566,37.49980926222629,0.7432539864194705,37.11795223926147,True,37.5,36.5,38.6,0.95,0.05,0.0,0.7,0.03,2,1784927884.0557187,False,True,True,False,1784927757.3433478,0,0,1,0,False
1784849457.3002179,20,1784927894.0333412,37.489127946898606,0.7431204699778745,37.10460059510186,True,37.5,36.5,38.6,0.95,0.05,0.0,0.7,0.03,2,1784927904.0617142,False,True,True,False,1784927757.3433478,0,0,1,0,False
1784849457.3002179,20,1784927914.0408523,37.489127946898606,0.7433112077515831,37.11261158159762,True,37.5,36.5,38.6,0.95,0.05,0.0,0.7,0.03,2,1784927924.0690482,False,True,True,False,1784927757.3433478,0,0,1,0,False
1784849457.3002179,20,1784927934.0477822,37.49446860456244,0.743177691309987,37.109941252765694,True,37.5,36.5,38.6,0.95,0.05,0.0,0.7,0.03,2,1784927944.0777357,False,False,True,True,1784927937.344222,0,0,1,0,False
1784849457.3002179,20,1784927954.0541556,37.48645761806668,0.7430823224231327,37.10727092393378,True,37.5,36.5,38.6,0.95,0.05,0.0,0.7,0.03,2,1784927964.083522,False,False,True,False,1784927937.344222,0,0,1,0,False
1784849457.3002179,20,1784927974.060495,37.470435645075156,0.7431586175326161,37.12329289692531,True,37.5,36.5,38.6,0.95,0.05,0.0,0.7,0.03,2,1784927984.0878406,False,True,True,False,1784927937.344222,0,0,1,0,False
1784849457.3002179,20,1784927994.0666995,37.513160906385906,0.7432158388647288,37.14465552758068,True,37.5,36.5,38.6,0.95,0.05,0.0,0.7,0.03,2,1784928004.093636,False,False,True,False,1784927937.344222,0,False,0,0,False
1784849457.3002179,20,1784928014.0739396,37.56122682536049,0.7430823224231327,37.16601815823606,True,37.5,36.5,38.6,0.95,0.05,0.0,0.7,0.03,2,1784928024.1031368,False,True,True,False,1784927937.344222,0,False,0,0,False
1784849457.3002179,20,1784928034.0822377,37.56122682536049,0.743196765087358,37.17936980239567,True,37.5,36.5,38.6,0.95,0.05,0.0,0.7,0.03,2,1784928044.1115856,False,False,True,False,1784927937.344222,0,False,0,0,False
1784849457.3002179,20,1784928054.090513,37.526512550545505,0.7430632486457618,37.139314869916845,True,37.5,36.5,38.6,0.95,0.05,0.0,0.7,0.03,2,1784928064.1204967,False,True,True,False,1784927937.344222,0,False,0,0,False
1784849457.3002179,20,1784928074.098419,37.51049057755398,0.7429678797589075,37.139314869916845,True,37.5,36.5,38.6,0.95,0.05,0.0,0.7,0.03,2,1784928084.1281774,False,True,True,False,1784927937.344222,0,False,0,0,False
1784849457.3002179,20,1784928094.106031,37.47310597390707,0.7429678797589075,37.12062256809338,True,37.5,36.5,38.6,0.95,0.05,0.0,0.7,0.03,2,1784928104.139639,False,True,True,False,1784927937.344222,0,0,1,0,False
1784849457.3002179,20,1784928114.1122456,37.441062027924005,0.74302510109102,37.096589608606095,True,37.5,36.5,38.6,0.95,0.05,0.0,0.7,0.03,2,1784928124.1396952,False,True,True,True,1784928117.3442397,0,0,1,0,False
1784849457.3002179,20,1784928134.1191747,37.441062027924005,0.743196765087358,37.10460059510186,True,37.5,36.5,38.6,0.95,0.05,0.0,0.7,0.03,2,1784928144.1478047,False,True,True,False,1784928117.3442397,0,0,1,0,False
1784849457.3002179,20,1784928154.1267672,37.465094987411305,0.7431204699778745,37.10193026626993,True,37.5,36.5,38.6,0.95,0.05,0.0,0.7,0.03,2,1784928164.1583395,False,True,True,False,1784928117.3442397,0,0,1,0,False
1784849457.3002179,20,1784928174.1343904,37.48645761806668,0.7430060273136492,37.12863355458916,True,37.5,36.5,38.6,0.95,0.05,0.0,0.7,0.03,2,1784928184.167445,False,True,True,False,1784928117.3442397,0,0,1,0,False
1784849457.3002179,20,1784928194.1416507,37.52384222171359,0.7428725108720531,37.17135881589991,True,37.5,36.5,38.6,0.95,0.05,0.0,0.7,0.03,2,1784928204.1726058,False,False,True,False,1784928117.3442397,0,False,0,0,False
1784849457.3002179,20,1784928214.1490045,37.550545510032805,0.7431395437552453,37.16601815823606,True,37.5,36.5,38.6,0.95,0.05,0.0,0.7,0.03,2,1784928224.1771462,False,False,True,False,1784928117.3442397,0,False,0,0,False
1784849457.3002179,20,1784928234.157342,37.53452353704128,0.743616388189517,37.17402914473182,True,37.5,36.5,38.6,0.95,0.05,0.0,0.7,0.03,2,1784928244.186265,False,True,True,False,1784928117.3442397,0,False,0,0,False
1784849457.3002179,20,1784928254.164458,37.50514991989013,0.743349355306325,37.16067750057222,True,37.5,36.5,38.6,0.95,0.05,0.0,0.7,0.03,2,1784928264.1914654,False,True,True,False,1784928117.3442397,0,False,0,0,False
1784849457.3002179,20,1784928274.1706753,37.483787289234755,0.7428534370946822,37.12329289692531,True,37.5,36.5,38.6,0.95,0.05,0.0,0.7,0.03,2,1784928284.1980908,False,True,True,False,1784928117.3442397,0,0,1,0,False
1784849457.3002179,20,1784928294.1769574,37.47310597390707,0.7430632486457618,37.09391927977417,True,37.5,36.5,38.6,0.95,0.05,0.0,0.7,0.03,2,1784928304.2040606,False,True,True,True,1784928297.3442633,0,0,1,0,False
1784849457.3002179,20,1784928314.1832385,37.46776531624323,0.7426245517662318,37.10193026626993,True,37.5,36.5,38.6,0.95,0.05,0.0,0.7,0.03,2,1784928324.2106175,False,False,True,False,1784928297.3442633,0,0,1,0,False
1784849457.3002179,20,1784928334.189532,37.51049057755398,0.7428725108720531,37.13130388342107,True,37.5,36.5,38.6,0.95,0.05,0.0,0.7,0.03,2,1784928344.2189045,False,True,True,False,1784928297.3442633,0,False,0,0,False
1784849457.3002179,20,1784928354.1958241,37.51850156404974,0.7432921339742122,37.139314869916845,True,37.5,36.5,38.6,0.95,0.05,0.0,0.7,0.03,2,1784928364.225041,False,True,True,False,1784928297.3442633,0,False,0,0,False
1784849457.3002179,20,1784928374.2024577,37.53986419470512,0.7432349126420996,37.14465552758068,True,37.5,36.5,38.6,0.95,0.05,0.0,0.7,0.03,2,1784928384.2318606,False,True,True,False,1784928297.3442633,0,False,0,0,False
1784849457.3002179,20,1784928394.2090707,37.49713893339437,0.7430060273136492,37.14999618524453,True,37.5,36.5,38.6,0.95,0.05,0.0,0.7,0.03,2,1784928404.2373087,False,False,True,False,1784928297.3442633,0,0,1,0,False
1784849457.3002179,20,1784928414.215543,37.49179827573053,0.7428534370946822,37.12863355458916,True,37.5,36.5,38.6,0.95,0.05,0.0,0.7,0.03,2,1784928424.2483482,False,True,True,False,1784928297.3442633,0,0,1,0,False
1784849457.3002179,20,1784928434.2219663,37.513160906385906,0.7431204699778745,37.13130388342107,True,37.5,36.5,38.6,0.95,0.05,0.0,0.7,0.03,2,1784928444.249362,False,True,True,False,1784928297.3442633,0,False,0,0,False
1784849457.3002179,20,1784928454.2282765,37.51049057755398,0.7429869535362783,37.12863355458916,True,37.5,36.5,38.6,0.95,0.05,0.0,0.7,0.03,2,1784928464.2553985,False,True,True,False,1784928297.3442633,0,False,0,0,False
1784849457.3002179,20,1784928474.2346082,37.47844663157092,0.74302510109102,37.10727092393378,True,37.5,36.5,38.6,0.95,0.05,0.0,0.7,0.03,2,1784928484.2628353,False,False,True,True,1784928477.3442993,0,0,1,0,False
1784849457.3002179,20,1784928494.2410367,37.46242465857938,0.7429869535362783,37.109941252765694,True,37.5,36.5,38.6,0.95,0.05,0.0,0.7,0.03,2,1784928504.268826,False,True,True,False,1784928477.3442993,0,0,1,0,False
1784849457.3002179,20,1784928514.248153,37.45708400091554,0.7430060273136492,37.091248950942244,True,37.5,36.5,38.6,0.95,0.05,0.0,0.7,0.03,2,1784928524.276823,False,False,True,False,1784928477.3442993,0,0,1,0,False
1784849457.3002179,20,1784928534.255739,37.47310597390707,0.7428915846494241,37.09391927977417,True,37.5,36.5,38.6,0.95,0.05,0.0,0.7,0.03,2,1784928544.2902238,False,True,True,False,1784928477.3442993,0,0,1,0,False
1784849457.3002179,20,1784928554.2627306,37.481116960402844,0.7427771419851987,37.14465552758068,True,37.5,36.5,38.6,0.95,0.05,0.0,0.7,0.03,2,1784928564.2902193,False,False,True,False,1784928477.3442993,0,0,1,0,False
1784849457.3002179,20,1784928574.2689624,37.52918287937743,0.74302510109102,37.15533684290837,True,37.5,36.5,38.6,0.95,0.05,0.0,0.7,0.03,2,1784928584.2963908,False,False,True,False,1784928477.3442993,0,False,0,0,False
1784849457.3002179,20,1784928594.2753785,37.53452353704128,0.7431395437552453,37.17135881589991,True,37.5,36.5,38.6,0.95,0.05,0.0,0.7,0.03,2,1784928604.3023357,False,True,True,False,1784928477.3442993,0,False,0,0,False
1784849457.3002179,20,1784928614.2823884,37.53452353704128,0.7431586175326161,37.14999618524453,True,37.5,36.5,38.6,0.95,0.05,0.0,0.7,0.03,2,1784928624.3153067,False,False,True,False,1784928477.3442993,0,False,0,0,False
1784849457.3002179,20,1784928634.2893975,37.507820248722055,0.7431395437552453,37.141985198748756,True,37.5,36.5,38.6,0.95,0.05,0.0,0.7,0.03,2,1784928644.319138,False,False,True,False,1784928477.3442993,0,False,0,0,False
1784849457.3002179,20,1784928654.2957265,37.47310597390707,0.7432730601968415,37.11795223926147,True,37.5,36.5,38.6,0.95,0.05,0.0,0.7,0.03,2,1784928664.3264554,False,True,True,True,1784928657.3443265,0,0,1,0,False
1784849457.3002179,20,1784928674.3022914,37.43572137026017,0.743044174868391,37.096589608606095,True,37.5,36.5,38.6,0.95,0.05,0.0,0.7,0.03,2,1784928684.3296342,False,True,True,False,1784928657.3443265,0,0,1,0,False
1784849457.3002179,20,1784928694.3084502,37.446402685587856,0.7431395437552453,37.08323796444648,True,37.5,36.5,38.6,0.95,0.05,0.0,0.7,0.03,2,1784928704.335599,False,True,True,False,1784928657.3443265,0,0,1,0,False
1784849457.3002179,20,1784928714.3147671,37.46242465857938,0.7430060273136492,37.08590829327841,True,37.5,36.5,38.6,0.95,0.05,0.0,0.7,0.03,2,1784928724.34186,False,False,True,False,1784928657.3443265,0,0,1,0,False
1784849457.3002179,20,1784928734.3209655,37.489127946898606,0.743044174868391,37.13130388342107,True,37.5,36.5,38.6,0.95,0.05,0.0,0.7,0.03,2,1784928744.348417,False,True,True,False,1784928657.3443265,0,0,1,0,False
1784849457.3002179,20,1784928754.32723,37.52384222171359,0.7433112077515831,37.133974212252994,True,37.5,36.5,38.6,0.95,0.05,0.0,0.7,0.03,2,1784928764.3571434,False,False,True,False,1784928657.3443265,0,False,0,0,False
1784849457.3002179,20,1784928774.333629,37.54520485236897,0.7431013962005035,37.15533684290837,True,37.5,36.5,38.6,0.95,0.05,0.0,0.7,0.03,2,1784928784.363922,False,False,True,False,1784928657.3443265,0,False,0,0,False
1784849457.3002179,20,1784928794.3402796,37.52384222171359,0.743349355306325,37.16067750057222,True,37.5,36.5,38.6,0.95,0.05,0.0,0.7,0.03,2,1784928804.3704026,False,True,True,False,1784928657.3443265,0,False,0,0,False
1784849457.3002179,20,1784928814.3469396,37.49713893339437,0.7431013962005035,37.14465552758068,True,37.5,36.5,38.6,0.95,0.05,0.0,0.7,0.03,2,1784928824.3764372,False,True,True,False,1784928657.3443265,0,0,1,0,False
1784849457.3002179,20,1784928834.3535178,37.470435645075156,0.743044174868391,37.12596322575723,True,37.5,36.5,38.6,0.95,0.05,0.0,0.7,0.03,2,1784928844.3818536,False,True,True,True,1784928837.3443553,0,0,1,0,False
1784849457.3002179,20,1784928854.3598533,37.46242465857938,0.7429869535362783,37.10193026626993,True,37.5,36.5,38.6,0.95,0.05,0.0,0.7,0.03,2,1784928864.3873265,False,True,True,False,1784928837.3443553,0,0,1,0,False
1784849457.3002179,20,1784928874.3661075,37.446402685587856,0.7430823224231327,37.10727092393378,True,37.5,36.5,38.6,0.95,0.05,0.0,0.7,0.03,2,1784928884.3957481,False,True,True,False,1784928837.3443553,0,0,1,0,False
1784849457.3002179,20,1784928894.3723292,37.47310597390707,0.743044174868391,37.13664454108492,True,37.5,36.5,38.6,0.95,0.05,0.0,0.7,0.03,2,1784928904.401186,False,False,True,False,1784928837.3443553,0,0,1,0,False
1784849457.3002179,20,1784928914.3786836,37.489127946898606,0.7430060273136492,37.139314869916845,True,37.5,36.5,38.6,0.95,0.05,0.0,0.7,0.03,2,1784928924.4145045,False,True,True,False,1784928837.3443553,0,0,1,0,False
1784849457.3002179,20,1784928934.390686,37.54787518120088,0.7431013962005035,37.158007171740294,True,37.5,36.5,38.6,0.95,0.05,0.0,0.7,0.03,2,1784928944.4181576,False,True,True,False,1784928837.3443553,0,False,0,0,False
1784849457.3002179,20,1784928954.3970287,37.57190814068818,0.74302510109102,37.17135881589991,True,37.5,36.5,38.6,0.95,0.05,0.0,0.7,0.03,2,1784928964.42449,False,True,True,False,1784928837.3443553,0,False,0,0,False
1784849457.3002179,20,1784928974.4038954,37.53452353704128,0.743196765087358,37.16601815823606,True,37.5,36.5,38.6,0.95,0.05,0.0,0.7,0.03,2,1784928984.4309552,False,True,True,False,1784928837.3443553,0,False,0,0,False
1784849457.3002179,20,1784928994.4103343,37.49713893339437,0.7428152895399406,37.16067750057222,True,37.5,36.5,38.6,0.95,0.05,0.0,0.7,0.03,2,1784929004.4377277,False,False,True,False,1784928837.3443553,0,0,1,0,False
1784849457.3002179,20,1784929014.4167197,37.49179827573053,0.7432349126420996,37.133974212252994,True,37.5,36.5,38.6,0.95,0.05,0.0,0.7,0.03,2,1784929024.4442284,False,True,True,True,1784929017.3443692,0,0,1,0,False
1784849457.3002179,20,1784929034.4230084,37.45975432974747,0.7430632486457618,37.109941252765694,True,37.5,36.5,38.6,0.95,0.05,0.0,0.7,0.03,2,1784929044.4511385,False,False,True,False,1784929017.3443692,0,0,1,0,False
1784849457.3002179,20,1784929054.430891,37.49980926222629,0.7431395437552453,37.11795223926147,True,37.5,36.5,38.6,0.95,0.05,0.0,0.7,0.03,2,1784929064.4685838,False,True,True,False,1784929017.3443692,0,0,1,0,False
1784849457.3002179,20,1784929074.438591,37.49980926222629,0.7434065766384375,37.12329289692531,True,37.5,36.5,38.6,0.95,0.05,0.0,0.7,0.03,2,1784929084.4657216,False,False,True,False,1784929017.3443692,0,0,1,0,False
1784849457.3002179,20,1784929094.4447837,37.52117189288167,0.7431586175326161,37.152666514076444,True,37.5,36.5,38.6,0.95,0.05,0.0,0.7,0.03,2,1784929104.4722164,False,True,True,False,1784929017.3443692,0,False,0,0,False
1784849457.3002179,20,1784929114.4511752,37.51583123521782,0.7431395437552453,37.16601815823606,True,37.5,36.5,38.6,0.95,0.05,0.0,0.7,0.03,2,1784929124.478606,False,True,True,False,1784929017.3443692,0,False,0,0,False
1784849457.3002179,20,1784929134.4575,37.53719386587319,0.7435400930800335,37.16334782940413,True,37.5,36.5,38.6,0.95,0.05,0.0,0.7,0.03,2,1784929144.484943,False,False,True,False,1784929017.3443692,0,False,0,0,False
1784849457.3002179,20,1784929154.4638236,37.50247959105822,0.7431013962005035,37.133974212252994,True,37.5,36.5,38.6,0.95,0.05,0.0,0.7,0.03,2,1784929164.4961474,False,True,True,False,1784929017.3443692,0,False,0,0,False
1784849457.3002179,20,1784929174.4703522,37.48645761806668,0.7429678797589075,37.133974212252994,True,37.5,36.5,38.6,0.95,0.05,0.0,0.7,0.03,2,1784929184.498296,False,True,True,False,1784929017.3443692,0,0,1,0,False
1784849457.3002179,20,1784929194.4765303,37.49713893339437,0.7431395437552453,37.11795223926147,True,37.5,36.5,38.6,0.95,0.05,0.0,0.7,0.03,2,1784929204.5061274,False,True,True,True,1784929197.344396,0,0,1,0,False
1784849457.3002179,20,1784929214.4828098,37.47577630273899,0.7432158388647288,37.11795223926147,True,37.5,36.5,38.6,0.95,0.05,0.0,0.7,0.03,2,1784929224.5113833,False,True,True,False,1784929197.344396,0,0,1,0,False
1784849457.3002179,20,1784929234.4890373,37.48645761806668,0.7434256504158084,37.14732585641261,True,37.5,36.5,38.6,0.95,0.05,0.0,0.7,0.03,2,1784929244.5193906,False,True,True,False,1784929197.344396,0,0,1,0,False
1784849457.3002179,20,1784929254.4955175,37.526512550545505,0.7432158388647288,37.15533684290837,True,37.5,36.5,38.6,0.95,0.05,0.0,0.7,0.03,2,1784929264.5320446,False,False,True,False,1784929197.344396,0,False,0,0,False
1784849457.3002179,20,1784929274.5020583,37.54253452353704,0.7432349126420996,37.17135881589991,True,37.5,36.5,38.6,0.95,0.05,0.0,0.7,0.03,2,1784929284.5304396,False,True,True,False,1784929197.344396,0,False,0,0,False
1784849457.3002179,20,1784929294.509311,37.54787518120088,0.7436545357442589,37.158007171740294,True,37.5,36.5,38.6,0.95,0.05,0.0,0.7,0.03,2,1784929304.537633,False,True,True,False,1784929197.344396,0,False,0,0,False
1784849457.3002179,20,1784929314.51663,37.52117189288167,0.743330281528954,37.16601815823606,True,37.5,36.5,38.6,0.95,0.05,0.0,0.7,0.03,2,1784929324.5436535,False,False,True,False,1784929197.344396,0,False,0,0,False
1784849457.3002179,20,1784929334.5229867,37.489127946898606,0.7430823224231327,37.12596322575723,True,37.5,36.5,38.6,0.95,0.05,0.0,0.7,0.03,2,1784929344.5499864,False,True,True,False,1784929197.344396,0,0,1,0,False
1784849457.3002179,20,1784929354.5293756,37.470435645075156,0.7430823224231327,37.10727092393378,True,37.5,36.5,38.6,0.95,0.05,0.0,0.7,0.03,2,1784929364.556383,False,True,True,False,1784929197.344396,0,0,1,0,False
1784849457.3002179,20,1784929374.5356138,37.48645761806668,0.743196765087358,37.11795223926147,True,37.5,36.5,38.6,0.95,0.05,0.0,0.7,0.03,2,1784929384.5653758,False,False,True,True,1784929377.3444216,0,0,1,0,False
1784849457.3002179,20,1784929394.5418634,37.50247959105822,0.7431013962005035,37.139314869916845,True,37.5,36.5,38.6,0.95,0.05,0.0,0.7,0.03,2,1784929404.569981,False,False,True,False,1784929377.3444216,0,False,0,0,False
1784849457.3002179,20,1784929414.5483835,37.49713893339437,0.7431204699778745,37.133974212252994,True,37.5,36.5,38.6,0.95,0.05,0.0,0.7,0.03,2,1784929424.5753677,False,False,True,False,1784929377.3444216,0,0,1,0,False
1784849457.3002179,20,1784929434.5546632,37.52384222171359,0.743196765087358,37.141985198748756,True,37.5,36.5,38.6,0.95,0.05,0.0,0.7,0.03,2,1784929444.5820837,False,False,True,False,1784929377.3444216,0,False,0,0,False
1784849457.3002179,20,1784929454.5610142,37.526512550545505,0.7432158388647288,37.14999618524453,True,37.5,36.5,38.6,0.95,0.05,0.0,0.7,0.03,2,1784929464.5882459,False,False,True,False,1784929377.3444216,0,False,0,0,False
1784849457.3002179,20,1784929474.5674136,37.49980926222629,0.7431586175326161,37.15533684290837,True,37.5,36.5,38.6,0.95,0.05,0.0,0.7,0.03,2,1784929484.597361,False,False,True,False,1784929377.3444216,0,0,1,0,False
1784849457.3002179,20,1784929494.5740094,37.51049057755398,0.7432730601968415,37.13130388342107,True,37.5,36.5,38.6,0.95,0.05,0.0,0.7,0.03,2,1784929504.6021087,False,True,True,False,1784929377.3444216,0,False,0,0,False
1784849457.3002179,20,1784929514.580535,37.489127946898606,0.743196765087358,37.15533684290837,True,37.5,36.5,38.6,0.95,0.05,0.0,0.7,0.03,2,1784929524.6130178,False,False,True,False,1784929377.3444216,0,0,1,0,False
1784849457.3002179,20,1784929534.5869946,37.51049057755398,0.7433875028610666,37.14732585641261,True,37.5,36.5,38.6,0.95,0.05,0.0,0.7,0.03,2,1784929544.617102,False,False,True,False,1784929377.3444216,0,False,0,0,False
1784849457.3002179,20,1784929554.5933936,37.48645761806668,0.7429297322041657,37.139314869916845,True,37.5,36.5,38.6,0.95,0.05,0.0,0.7,0.03,2,1784929564.6209426,False,False,True,True,1784929557.3444483,0,0,1,0,False
1784849457.3002179,20,1784929574.6003368,37.481116960402844,0.743330281528954,37.14465552758068,True,37.5,36.5,38.6,0.95,0.05,0.0,0.7,0.03,2,1784929584.6295252,False,True,True,False,1784929557.3444483,0,0,1,0,False
1784849457.3002179,20,1784929594.6074548,37.470435645075156,0.7432730601968415,37.15533684290837,True,37.5,36.5,38.6,0.95,0.05,0.0,0.7,0.03,2,1784929604.6351683,False,False,True,False,1784929557.3444483,0,0,1,0,False
1784849457.3002179,20,1784929614.614714,37.49713893339437,0.7433684290836957,37.14465552758068,True,37.5,36.5,38.6,0.95,0.05,0.0,0.7,0.03,2,1784929624.6433382,False,False,True,False,1784929557.3444483,0,0,1,0,False
1784849457.3002179,20,1784929634.622281,37.52384222171359,0.7431586175326161,37.158007171740294,True,37.5,36.5,38.6,0.95,0.05,0.0,0.7,0.03,2,1784929644.65096,False,True,True,False,1784929557.3444483,0,False,0,0,False
1784849457.3002179,20,1784929654.6299264,37.526512550545505,0.743177691309987,37.14465552758068,True,37.5,36.5,38.6,0.95,0.05,0.0,0.7,0.03,2,1784929664.658326,False,False,True,False,1784929557.3444483,0,False,0,0,False
1784849457.3002179,20,1784929674.6370754,37.53719386587319,0.7431586175326161,37.15533684290837,True,37.5,36.5,38.6,0.95,0.05,0.0,0.7,0.03,2,1784929684.6662412,False,True,True,False,1784929557.3444483,0,False,0,0,False
1784849457.3002179,20,1784929694.6441264,37.49446860456244,0.74302510109102,37.152666514076444,True,37.5,36.5,38.6,0.95,0.05,0.0,0.7,0.03,2,1784929704.673866,False,True,True,False,1784929557.3444483,0,0,1,0,False
1784849457.3002179,20,1784929714.6511567,37.46776531624323,0.7431395437552453,37.11795223926147,True,37.5,36.5,38.6,0.95,0.05,0.0,0.7,0.03,2,1784929724.6785572,False,True,True,False,1784929557.3444483,0,0,1,0,False
1784849457.3002179,20,1784929734.657407,37.489127946898606,0.7429678797589075,37.12062256809338,True,37.5,36.5,38.6,0.95,0.05,0.0,0.7,0.03,2,1784929744.6845517,False,True,True,True,1784929737.3444767,0,0,1,0,False
1784849457.3002179,20,1784929754.663734,37.48645761806668,0.743196765087358,37.12329289692531,True,37.5,36.5,38.6,0.95,0.05,0.0,0.7,0.03,2,1784929764.695331,False,False,True,False,1784929737.3444767,0,0,1,0,False
1784849457.3002179,20,1784929774.6701534,37.52918287937743,0.7432158388647288,37.17135881589991,True,37.5,36.5,38.6,0.95,0.05,0.0,0.7,0.03,2,1784929784.6974094,False,False,True,False,1784929737.3444767,0,False,0,0,False
1784849457.3002179,20,1784929794.676466,37.56122682536049,0.7431395437552453,37.18738078889143,True,37.5,36.5,38.6,0.95,0.05,0.0,0.7,0.03,2,1784929804.703796,False,False,True,False,1784929737.3444767,0,False,0,0,False
1784849457.3002179,20,1784929814.6827714,37.550545510032805,0.7430060273136492,37.18738078889143,True,37.5,36.5,38.6,0.95,0.05,0.0,0.7,0.03,2,1784929824.7128892,False,False,True,False,1784929737.3444767,0,False,0,0,False
1784849457.3002179,20,1784929834.6892354,37.53986419470512,0.7432349126420996,37.158007171740294,True,37.5,36.5,38.6,0.95,0.05,0.0,0.7,0.03,2,1784929844.7194378,False,True,True,False,1784929737.3444767,0,False,0,0,False
1784849457.3002179,20,1784929854.6958857,37.483787289234755,0.7433684290836957,37.15533684290837,True,37.5,36.5,38.6,0.95,0.05,0.0,0.7,0.03,2,1784929864.7238138,False,True,True,False,1784929737.3444767,0,0,1,0,False
1784849457.3002179,20,1784929874.702409,37.483787289234755,0.7431013962005035,37.12863355458916,True,37.5,36.5,38.6,0.95,0.05,0.0,0.7,0.03,2,1784929884.7319348,False,False,True,False,1784929737.3444767,0,0,1,0,False
1784849457.3002179,20,1784929894.7088418,37.46242465857938,0.7434828717479209,37.13130388342107,True,37.5,36.5,38.6,0.95,0.05,0.0,0.7,0.03,2,1784929904.7381139,False,True,True,False,1784929737.3444767,0,0,1,0,False
1784849457.3002179,20,1784929914.7154312,37.46242465857938,0.7432730601968415,37.12863355458916,True,37.5,36.5,38.6,0.95,0.05,0.0,0.7,0.03,2,1784929924.7466216,False,False,True,True,1784929917.344511,0,0,1,0,False
1784849457.3002179,20,1784929934.7255309,37.47844663157092,0.7431395437552453,37.13664454108492,True,37.5,36.5,38.6,0.95,0.05,0.0,0.7,0.03,2,1784929944.7548597,False,True,True,False,1784929917.344511,0,0,1,0,False
1784849457.3002179,20,1784929954.732834,37.49713893339437,0.7434637979705501,37.16067750057222,True,37.5,36.5,38.6,0.95,0.05,0.0,0.7,0.03,2,1784929964.7602677,False,True,True,False,1784929917.344511,0,0,1,0,False
1784849457.3002179,20,1784929974.7390711,37.52918287937743,0.7432539864194705,37.17135881589991,True,37.5,36.5,38.6,0.95,0.05,0.0,0.7,0.03,2,1784929984.7677922,False,False,True,False,1784929917.344511,0,False,0,0,False
1784849457.3002179,20,1784929994.7454486,37.56122682536049,0.743616388189517,37.182040131227595,True,37.5,36.5,38.6,0.95,0.05,0.0,0.7,0.03,2,1784930004.775812,False,True,True,False,1784929917.344511,0,False,0,0,False
1784849457.3002179,20,1784930014.7517915,37.53986419470512,0.7433875028610666,37.17135881589991,True,37.5,36.5,38.6,0.95,0.05,0.0,0.7,0.03,2,1784930024.7815025,False,False,True,False,1784929917.344511,0,False,0,0,False
1784849457.3002179,20,1784930034.7581403,37.49713893339437,0.743196765087358,37.16334782940413,True,37.5,36.5,38.6,0.95,0.05,0.0,0.7,0.03,2,1784930044.7847838,False,False,True,False,1784929917.344511,0,0,1,0,False
1784849457.3002179,20,1784930054.764246,37.51049057755398,0.7434637979705501,37.16601815823606,True,37.5,36.5,38.6,0.95,0.05,0.0,0.7,0.03,2,1784930064.791073,False,False,True,False,1784929917.344511,0,False,0,0,False
1784849457.3002179,20,1784930074.771218,37.483787289234755,0.7432349126420996,37.12863355458916,True,37.5,36.5,38.6,0.95,0.05,0.0,0.7,0.03,2,1784930084.799524,False,True,True,False,1784929917.344511,0,0,1,0,False
1784849457.3002179,20,1784930094.778363,37.47310597390707,0.7434256504158084,37.141985198748756,True,37.5,36.5,38.6,0.95,0.05,0.0,0.7,0.03,2,1784930104.8091257,False,True,True,True,1784930097.344541,0,0,1,0,False
1784849457.3002179,20,1784930114.784582,37.49980926222629,0.7431395437552453,37.133974212252994,True,37.5,36.5,38.6,0.95,0.05,0.0,0.7,0.03,2,1784930124.8120074,False,True,True,False,1784930097.344541,0,0,1,0,False
1784849457.3002179,20,1784930134.7908425,37.47310597390707,0.7433112077515831,37.152666514076444,True,37.5,36.5,38.6,0.95,0.05,0.0,0.7,0.03,2,1784930144.8183374,False,True,True,False,1784930097.344541,0,0,1,0,False
1784849457.3002179,20,1784930154.7970252,37.52384222171359,0.7432539864194705,37.17135881589991,True,37.5,36.5,38.6,0.95,0.05,0.0,0.7,0.03,2,1784930164.8242958,False,True,True,False,1784930097.344541,0,False,0,0,False
1784849457.3002179,20,1784930174.8034132,37.53452353704128,0.7435210193026627,37.176699473563744,True,37.5,36.5,38.6,0.95,0.05,0.0,0.7,0.03,2,1784930184.8385475,False,False,True,False,1784930097.344541,0,False,0,0,False
1784849457.3002179,20,1784930194.8102846,37.53452353704128,0.7432730601968415,37.17135881589991,True,37.5,36.5,38.6,0.95,0.05,0.0,0.7,0.03,2,1784930204.8390865,False,True,True,False,1784930097.344541,0,False,0,0,False
1784849457.3002179,20,1784930214.8175633,37.52384222171359,0.743330281528954,37.14465552758068,True,37.5,36.5,38.6,0.95,0.05,0.0,0.7,0.03,2,1784930224.8475237,False,True,True,False,1784930097.344541,0,False,0,0,False
1784849457.3002179,20,1784930234.8252592,37.481116960402844,0.7432921339742122,37.14732585641261,True,37.5,36.5,38.6,0.95,0.05,0.0,0.7,0.03,2,1784930244.8523953,False,True,True,False,1784930097.344541,0,0,1,0,False
1784849457.3002179,20,1784930254.8315582,37.489127946898606,0.7433875028610666,37.11795223926147,True,37.5,36.5,38.6,0.95,0.05,0.0,0.7,0.03,2,1784930264.8584304,False,False,True,False,1784930097.344541,0,0,1,0,False
1784849457.3002179,20,1784930274.8376825,37.47310597390707,0.7432730601968415,37.11795223926147,True,37.5,36.5,38.6,0.95,0.05,0.0,0.7,0.03,2,1784930284.8651319,False,True,True,True,1784930277.3445687,0,0,1,0,False
1784849457.3002179,20,1784930294.8439777,37.489127946898606,0.7431395437552453,37.13130388342107,True,37.5,36.5,38.6,0.95,0.05,0.0,0.7,0.03,2,1784930304.8716373,False,True,True,False,1784930277.3445687,0,0,1,0,False
1784849457.3002179,20,1784930314.8502145,37.49980926222629,0.7435400930800335,37.139314869916845,True,37.5,36.5,38.6,0.95,0.05,0.0,0.7,0.03,2,1784930324.877009,False,True,True,False,1784930277.3445687,0,0,1,0,False
1784849457.3002179,20,1784930334.857144,37.53719386587319,0.7431586175326161,37.17402914473182,True,37.5,36.5,38.6,0.95,0.05,0.0,0.7,0.03,2,1784930344.8866782,False,True,True,False,1784930277.3445687,0,False,0,0,False
1784849457.3002179,20,1784930354.8651562,37.555886167696656,0.7432730601968415,37.19806210421912,True,37.5,36.5,38.6,0.95,0.05,0.0,0.7,0.03,2,1784930364.8942811,False,True,True,False,1784930277.3445687,0,False,0,0,False
1784849457.3002179,20,1784930374.8731005,37.57190814068818,0.7437117570763714,37.18738078889143,True,37.5,36.5,38.6,0.95,0.05,0.0,0.7,0.03,2,1784930384.9010844,False,False,True,False,1784930277.3445687,0,False,0,0,False
1784849457.3002179,20,1784930394.8809733,37.57724879835203,0.7434256504158084,37.19272144655528,True,37.5,36.5,38.6,0.95,0.05,0.0,0.7,0.03,2,1784930404.9093087,False,False,True,False,1784930277.3445687,0,False,0,0,False
1784849457.3002179,20,1784930414.8880599,37.555886167696656,0.7434256504158084,37.17135881589991,True,37.5,36.5,38.6,0.95,0.05,0.0,0.7,0.03,2,1784930424.9188666,True,True,True,False,1784930277.3445687,0,False,0,0,False
1784849457.3002179,20,1784930434.8948529,37.51850156404974,0.743330281528954,37.12596322575723,True,37.5,36.5,38.6,0.95,0.05,0.0,0.7,0.03,2,1784930444.9225454,True,True,True,False,1784930277.3445687,0,False,0,0,False
1784849457.3002179,20,1784930454.9011042,37.51049057755398,0.7433112077515831,37.10193026626993,True,37.5,36.5,38.6,0.95,0.05,0.0,0.7,0.03,2,1784930464.9307866,True,False,True,True,1784930457.3446133,0,False,0,0,False
1784849457.3002179,20,1784930474.9090705,37.45708400091554,0.7432730601968415,37.091248950942244,True,37.5,36.5,38.6,0.95,0.05,0.0,0.7,0.03,2,1784930484.9387004,True,False,True,False,1784930457.3446133,0,0,1,0,False
1784849457.3002179,20,1784930494.9176502,37.43572137026017,0.7434065766384375,37.08323796444648,True,37.5,36.5,38.6,0.95,0.05,0.0,0.7,0.03,2,1784930504.9478488,True,True,True,False,1784930457.3446133,0,0,1,0,False
1784849457.3002179,20,1784930514.9241831,37.46242465857938,0.743349355306325,37.096589608606095,True,37.5,36.5,38.6,0.95,0.05,0.0,0.7,0.03,2,1784930524.952363,True,False,True,False,1784930457.3446133,0,0,1,0,False
1784849457.3002179,20,1784930534.930644,37.51583123521782,0.7432539864194705,37.07789730678263,True,37.5,36.5,38.6,0.95,0.05,0.0,0.7,0.03,2,1784930544.959389,True,False,True,False,1784930457.3446133,0,False,0,0,False
1784849457.3002179,20,1784930554.9383612,37.513160906385906,0.7433112077515831,37.12329289692531,True,37.5,36.5,38.6,0.95,0.05,0.0,0.7,0.03,2,1784930564.9681506,True,False,True,False,1784930457.3446133,0,False,0,0,False
1784849457.3002179,20,1784930574.9459789,37.513160906385906,0.7432158388647288,37.10193026626993,True,37.5,36.5,38.6,0.95,0.05,0.0,0.7,0.03,2,1784930584.9743714,True,True,True,False,1784930457.3446133,0,False,0,0,False
1784849457.3002179,20,1784930594.952448,37.49713893339437,0.7432539864194705,37.10193026626993,True,37.5,36.5,38.6,0.95,0.05,0.0,0.7,0.03,2,1784930604.979899,True,True,True,False,1784930457.3446133,0,0,1,0,False
1784849457.3002179,20,1784930614.958899,37.49179827573053,0.74302510109102,37.10727092393378,True,37.5,36.5,38.6,0.95,0.05,0.0,0.7,0.03,2,1784930624.986189,True,True,True,False,1784930457.3446133,0,0,1,0,False
1784849457.3002179,20,1784930634.9653194,37.507820248722055,0.7432921339742122,37.12062256809338,True,37.5,36.5,38.6,0.95,0.05,0.0,0.7,0.03,2,1784930644.9926612,True,True,True,True,1784930637.3446412,0,False,0,0,False
1784849457.3002179,20,1784930654.9716048,37.51049057755398,0.743616388189517,37.091248950942244,True,37.5,36.5,38.6,0.95,0.05,0.0,0.7,0.03,2,1784930665.001674,True,True,True,False,1784930637.3446412,0,False,0,0,False
1784849457.3002179,20,1784930674.9781375,37.50514991989013,0.7435591668574044,37.10193026626993,True,37.5,36.5,38.6,0.95,0.05,0.0,0.7,0.03,2,1784930685.005721,True,False,True,False,1784930637.3446412,0,False,0,0,False
1784849457.3002179,20,1784930694.984749,37.489127946898606,0.743330281528954,37.10460059510186,True,37.5,36.5,38.6,0.95,0.05,0.0,0.7,0.03,2,1784930705.0152833,True,True,True,False,1784930637.3446412,0,0,1,0,False
1784849457.3002179,20,1784930714.9910927,37.49980926222629,0.7434828717479209,37.08056763561456,True,37.5,36.5,38.6,0.95,0.05,0.0,0.7,0.03,2,1784930725.0194187,True,True,True,False,1784930637.3446412,0,0,1,0,False
1784849457.3002179,20,1784930734.9974203,37.47844663157092,0.7431395437552453,37.072556649118795,True,37.5,36.5,38.6,0.95,0.05,0.0,0.7,0.03,2,1784930745.0248053,True,False,True,False,1784930637.3446412,0,0,1,0,False
1784849457.3002179,20,1784930755.0036528,37.507820248722055,0.7435400930800335,37.08590829327841,True,37.5,36.5,38.6,0.95,0.05,0.0,0.7,0.03,2,1784930765.03178,True,False,True,False,1784930637.3446412,0,False,0,0,False
1784849457.3002179,20,1784930775.0115824,37.53452353704128,0.7431586175326161,37.091248950942244,True,37.5,36.5,38.6,0.95,0.05,0.0,0.7,0.03,2,1784930785.04361,True,True,True,False,1784930637.3446412,0,False,0,0,False
1784849457.3002179,20,1784930795.0192375,37.550545510032805,0.7434447241931792,37.10193026626993,True,37.5,36.5,38.6,0.95,0.05,0.0,0.7,0.03,2,1784930805.0487554,True,True,True,False,1784930637.3446412,0,False,0,0,False
1784849457.3002179,20,1784930815.0255876,37.507820248722055,0.7433875028610666,37.08056763561456,True,37.5,36.5,38.6,0.95,0.05,0.0,0.7,0.03,2,1784930825.054666,True,False,True,True,1784930817.3446734,0,False,0,0,False
1784849457.3002179,20,1784930835.0334349,37.470435645075156,0.7432349126420996,37.067215991454944,True,37.5,36.5,38.6,0.95,0.05,0.0,0.7,0.03,2,1784930845.0712464,True,True,True,False,1784930817.3446734,0,0,1,0,False
1784849457.3002179,20,1784930855.041957,37.446402685587856,0.7432349126420996,37.048523689631494,True,37.5,36.5,38.6,0.95,0.05,0.0,0.7,0.03,2,1784930865.0712478,True,True,True,False,1784930817.3446734,0,0,1,0,False
1784849457.3002179,20,1784930875.0481288,37.47844663157092,0.743177691309987,37.053864347295345,True,37.5,36.5,38.6,0.95,0.05,0.0,0.7,0.03,2,1784930885.0757077,True,True,True,False,1784930817.3446734,0,0,1,0,False
1784849457.3002179,20,1784930895.054551,37.489127946898606,0.7432349126420996,37.067215991454944,True,37.5,36.5,38.6,0.95,0.05,0.0,0.7,0.03,2,1784930905.082044,True,True,True,False,1784930817.3446734,0,0,1,0,False
1784849457.3002179,20,1784930915.0618205,37.526512550545505,0.7434828717479209,37.07522697795072,True,37.5,36.5,38.6,0.95,0.05,0.0,0.7,0.03,2,1784930925.0903473,True,True,True,False,1784930817.3446734,0,False,0,0,False
1784849457.3002179,20,1784930935.0693073,37.569237811856254,0.7436736095216296,37.09391927977417,True,37.5,36.5,38.6,0.95,0.05,0.0,0.7,0.03,2,1784930945.0986025,True,True,True,False,1784930817.3446734,0,False,0,0,False
1784849457.3002179,20,1784930955.075713,37.54520485236897,0.7435782406347754,37.091248950942244,True,37.5,36.5,38.6,0.95,0.05,0.0,0.7,0.03,2,1784930965.1026816,True,True,True,False,1784930817.3446734,0,False,0,0,False
1784849457.3002179,20,1784930975.082064,37.51850156404974,0.7434447241931792,37.08590829327841,True,37.5,36.5,38.6,0.95,0.05,0.0,0.7,0.03,2,1784930985.1103516,True,True,True,False,1784930817.3446734,0,False,0,0,False
1784849457.3002179,20,1784930995.0883296,37.481116960402844,0.7432921339742122,37.06454566262303,True,37.5,36.5,38.6,0.95,0.05,0.0,0.7,0.03,2,1784931005.1161127,True,False,True,True,1784930997.344681,0,0,1,0,False
1784849457.3002179,20,1784931015.0948327,37.45975432974747,0.743330281528954,37.053864347295345,True,37.5,36.5,38.6,0.95,0.05,0.0,0.7,0.03,2,1784931025.1274402,True,True,True,False,1784930997.344681,0,0,1,0,False
1784849457.3002179,20,1784931035.1012974,37.470435645075156,0.743349355306325,37.05653467612726,True,37.5,36.5,38.6,0.95,0.05,0.0,0.7,0.03,2,1784931045.1287367,True,False,True,False,1784930997.344681,0,0,1,0,False
1784849457.3002179,20,1784931055.1076016,37.489127946898606,0.743616388189517,37.06454566262303,True,37.5,36.5,38.6,0.95,0.05,0.0,0.7,0.03,2,1784931065.139488,True,True,True,False,1784930997.344681,0,0,1,0,False
1784849457.3002179,20,1784931075.1173723,37.52117189288167,0.7434256504158084,37.06454566262303,True,37.5,36.5,38.6,0.95,0.05,0.0,0.7,0.03,2,1784931085.1447623,True,True,True,False,1784930997.344681,0,False,0,0,False
1784849457.3002179,20,1784931095.1237245,37.526512550545505,0.7435782406347754,37.08323796444648,True,37.5,36.5,38.6,0.95,0.05,0.0,0.7,0.03,2,1784931105.150967,True,True,True,False,1784930997.344681,0,False,0,0,False
1784849457.3002179,20,1784931115.1298804,37.531853208209355,0.7433875028610666,37.08056763561456,True,37.5,36.5,38.6,0.95,0.05,0.0,0.7,0.03,2,1784931125.1571689,True,False,True,False,1784930997.344681,0,False,0,0,False
1784849457.3002179,20,1784931135.1362221,37.51049057755398,0.7434637979705501,37.067215991454944,True,37.5,36.5,38.6,0.95,0.05,0.0,0.7,0.03,2,1784931145.16359,True,True,True,False,1784930997.344681,0,False,0,0,False
1784849457.3002179,20,1784931155.142509,37.470435645075156,0.7434828717479209,37.05920500495918,True,37.5,36.5,38.6,0.95,0.05,0.0,0.7,0.03,2,1784931165.1699488,True,False,True,False,1784930997.344681,0,0,1,0,False
1784849457.3002179,20,1784931175.1486897,37.470435645075156,0.7434256504158084,37.03784237430381,True,37.5,36.5,38.6,0.95,0.05,0.0,0.7,0.03,2,1784931185.1775975,True,True,True,True,1784931177.344706,0,0,1,0,False
1784849457.3002179,20,1784931195.156608,37.45975432974747,0.743349355306325,37.01647974364843,True,37.5,36.5,38.6,0.95,0.05,0.0,0.7,0.03,2,1784931205.184892,True,False,True,False,1784931177.344706,0,0,1,0,False
1784849457.3002179,20,1784931215.1637294,37.52384222171359,0.7434065766384375,37.05920500495918,True,37.5,36.5,38.6,0.95,0.05,0.0,0.7,0.03,2,1784931225.191128,True,False,True,False,1784931177.344706,0,False,0,0,False
1784849457.3002179,20,1784931235.1710591,37.53452353704128,0.7435591668574044,37.067215991454944,True,37.5,36.5,38.6,0.95,0.05,0.0,0.7,0.03,2,1784931245.2006984,True,False,True,False,1784931177.344706,0,False,0,0,False
1784849457.3002179,20,1784931255.1787734,37.51583123521782,0.7432921339742122,37.06988632028687,True,37.5,36.5,38.6,0.95,0.05,0.0,0.7,0.03,2,1784931265.2066216,True,False,True,False,1784931177.344706,0,False,0,0,False
1784849457.3002179,20,1784931275.1863642,37.49980926222629,0.7435400930800335,37.06454566262303,True,37.5,36.5,38.6,0.95,0.05,0.0,0.7,0.03,2,1784931285.2149289,True,False,True,False,1784931177.344706,0,0,1,0,False
1784849457.3002179,20,1784931295.193245,37.489127946898606,0.7434828717479209,37.05653467612726,True,37.5,36.5,38.6,0.95,0.05,0.0,0.7,0.03,2,1784931305.2209022,True,False,True,False,1784931177.344706,0,0,1,0,False
1784849457.3002179,20,1784931315.1996043,37.47844663157092,0.7435400930800335,37.053864347295345,True,37.5,36.5,38.6,0.95,0.05,0.0,0.7,0.03,2,1784931325.2269788,True,False,True,False,1784931177.344706,0,0,1,0,False
1784849457.3002179,20,1784931335.2057924,37.489127946898606,0.7433875028610666,37.01915007248036,True,37.5,36.5,38.6,0.95,0.05,0.0,0.7,0.03,2,1784931345.23318,True,False,True,False,1784931177.344706,0,0,1,0,False
1784849457.3002179,20,1784931355.2120254,37.51850156404974,0.7434256504158084,37.06988632028687,True,37.5,36.5,38.6,0.95,0.05,0.0,0.7,0.03,2,1784931365.239493,True,True,True,True,1784931357.3447108,0,False,0,0,False
1784849457.3002179,20,1784931375.2184863,37.50247959105822,0.743349355306325,37.091248950942244,True,37.5,36.5,38.6,0.95,0.05,0.0,0.7,0.03,2,1784931385.2524652,True,True,True,False,1784931357.3447108,0,False,0,0,False
1784849457.3002179,20,1784931395.2247887,37.50247959105822,0.7433112077515831,37.08590829327841,True,37.5,36.5,38.6,0.95,0.05,0.0,0.7,0.03,2,1784931405.255743,True,True,True,False,1784931357.3447108,0,False,0,0,False
1784849457.3002179,20,1784931415.2312198,37.50247959105822,0.7433684290836957,37.08056763561456,True,37.5,36.5,38.6,0.95,0.05,0.0,0.7,0.03,2,1784931425.2639704,True,True,True,False,1784931357.3447108,0,False,0,0,False
1784849457.3002179,20,1784931435.238241,37.470435645075156,0.7434256504158084,37.05653467612726,True,37.5,36.5,38.6,0.95,0.05,0.0,0.7,0.03,2,1784931445.2680542,True,True,True,False,1784931357.3447108,0,0,1,0,False
1784849457.3002179,20,1784931455.2445104,37.51583123521782,0.7433684290836957,37.05920500495918,True,37.5,36.5,38.6,0.95,0.05,0.0,0.7,0.03,2,1784931465.272263,True,False,True,False,1784931357.3447108,0,False,0,0,False
1784849457.3002179,20,1784931475.2528882,37.52117189288167,0.7433112077515831,37.06988632028687,True,37.5,36.5,38.6,0.95,0.05,0.0,0.7,0.03,2,1784931485.282147,True,True,True,False,1784931357.3447108,0,False,0,0,False
1784849457.3002179,20,1784931495.2608123,37.52117189288167,0.7435973144121462,37.08323796444648,True,37.5,36.5,38.6,0.95,0.05,0.0,0.7,0.03,2,1784931505.288439,True,False,True,False,1784931357.3447108,0,False,0,0,False
1784849457.3002179,20,1784931515.2670984,37.53719386587319,0.7435591668574044,37.06454566262303,True,37.5,36.5,38.6,0.95,0.05,0.0,0.7,0.03,2,1784931525.294549,True,True,True,False,1784931357.3447108,0,False,0,0,False
1784849457.3002179,20,1784931535.273513,37.51049057755398,0.7433112077515831,37.04585336079957,True,37.5,36.5,38.6,0.95,0.05,0.0,0.7,0.03,2,1784931545.3009212,True,True,True,True,1784931537.3447328,0,False,0,0,False
1784849457.3002179,20,1784931555.2798479,37.465094987411305,0.7435591668574044,37.03784237430381,True,37.5,36.5,38.6,0.95,0.05,0.0,0.7,0.03,2,1784931565.3078897,True,True,True,False,1784931537.3447328,0,0,1,0,False
1784849457.3002179,20,1784931575.2861032,37.45975432974747,0.7434637979705501,37.02716105897612,True,37.5,36.5,38.6,0.95,0.05,0.0,0.7,0.03,2,1784931585.3151553,True,True,True,False,1784931537.3447328,0,0,1,0,False
1784849457.3002179,20,1784931595.292925,37.45975432974747,0.7432921339742122,37.00045777065691,True,37.5,36.5,38.6,0.95,0.05,0.0,0.7,0.03,2,1784931605.3214023,True,True,True,False,1784931537.3447328,0,0,1,0,False
1784849457.3002179,20,1784931615.299975,37.48645761806668,0.7432539864194705,37.04318303196766,True,37.5,36.5,38.6,0.95,0.05,0.0,0.7,0.03,2,1784931625.3277314,True,True,True,False,1784931537.3447328,0,0,1,0,False
1784849457.3002179,20,1784931635.3068354,37.507820248722055,0.7435019455252919,37.067215991454944,True,37.5,36.5,38.6,0.95,0.05,0.0,0.7,0.03,2,1784931645.335518,True,False,True,False,1784931537.3447328,0,False,0,0,False
1784849457.3002179,20,1784931655.314223,37.53719386587319,0.7434447241931792,37.08590829327841,True,37.5,36.5,38.6,0.95,0.05,0.0,0.7,0.03,2,1784931665.342053,True,True,True,False,1784931537.3447328,0,False,0,0,False
1784849457.3002179,20,1784931675.3215744,37.526512550545505,0.7435019455252919,37.06454566262303,True,37.5,36.5,38.6,0.95,0.05,0.0,0.7,0.03,2,1784931685.3516161,True,True,True,False,1784931537.3447328,0,False,0,0,False
1784849457.3002179,20,1784931695.3286088,37.489127946898606,0.7435019455252919,37.06187533379111,True,37.5,36.5,38.6,0.95,0.05,0.0,0.7,0.03,2,1784931705.3565488,True,False,True,False,1784931537.3447328,0,0,1,0,False
1784849457.3002179,20,1784931715.3348877,37.49446860456244,0.7434447241931792,37.06454566262303,True,37.5,36.5,38.6,0.95,0.05,0.0,0.7,0.03,2,1784931725.363579,True,True,True,True,1784931717.3447416,0,0,1,0,False
1784849457.3002179,20,1784931735.3410392,37.489127946898606,0.7434256504158084,37.06187533379111,True,37.5,36.5,38.6,0.95,0.05,0.0,0.7,0.03,2,1784931745.3681805,True,False,True,False,1784931717.3447416,0,0,1,0,False
1784849457.3002179,20,1784931755.347253,37.51850156404974,0.7434828717479209,37.04318303196766,True,37.5,36.5,38.6,0.95,0.05,0.0,0.7,0.03,2,1784931765.374004,True,True,True,False,1784931717.3447416,0,False,0,0,False
1784849457.3002179,20,1784931775.3535259,37.52384222171359,0.743349355306325,37.08056763561456,True,37.5,36.5,38.6,0.95,0.05,0.0,0.7,0.03,2,1784931785.3824039,True,False,True,False,1784931717.3447416,0,False,0,0,False
1784849457.3002179,20,1784931795.3608255,37.49179827573053,0.7433684290836957,37.07522697795072,True,37.5,36.5,38.6,0.95,0.05,0.0,0.7,0.03,2,1784931805.3905716,True,False,True,False,1784931717.3447416,0,0,1,0,False
1784849457.3002179,20,1784931815.3702302,37.52384222171359,0.7436545357442589,37.091248950942244,True,37.5,36.5,38.6,0.95,0.05,0.0,0.7,0.03,2,1784931825.399495,True,False,True,False,1784931717.3447416,0,False,0,0,False
1784849457.3002179,20,1784931835.3788812,37.48645761806668,0.7434637979705501,37.05119401846342,True,37.5,36.5,38.6,0.95,0.05,0.0,0.7,0.03,2,1784931845.4096441,True,True,True,False,1784931717.3447416,0,0,1,0,False
1784849457.3002179,20,1784931855.3862653,37.47310597390707,0.7436926832990005,37.04318303196766,True,37.5,36.5,38.6,0.95,0.05,0.0,0.7,0.03,2,1784931865.413486,True,False,True,False,1784931717.3447416,0,0,1,0,False
1784849457.3002179,20,1784931875.3933227,37.49446860456244,0.7432539864194705,37.06454566262303,True,37.5,36.5,38.6,0.95,0.05,0.0,0.7,0.03,2,1784931885.425296,True,True,True,False,1784931717.3447416,0,0,1,0,False
1784849457.3002179,20,1784931895.4008734,37.51049057755398,0.743177691309987,37.05653467612726,True,37.5,36.5,38.6,0.95,0.05,0.0,0.7,0.03,2,1784931905.4306543,True,True,True,True,1784931897.3447475,0,False,0,0,False
1784849457.3002179,20,1784931915.4073582,37.49980926222629,0.7432158388647288,37.07522697795072,True,37.5,36.5,38.6,0.95,0.05,0.0,0.7,0.03,2,1784931925.4363115,True,True,True,False,1784931897.3447475,0,0,1,0,False
1784849457.3002179,20,1784931935.413597,37.50514991989013,0.743349355306325,37.072556649118795,True,37.5,36.5,38.6,0.95,0.05,0.0,0.7,0.03,2,1784931945.4455402,True,True,True,False,1784931897.3447475,0,False,0,0,False
1784849457.3002179,20,1784931955.4200146,37.513160906385906,0.7435591668574044,37.06988632028687,True,37.5,36.5,38.6,0.95,0.05,0.0,0.7,0.03,2,1784931965.447496,True,False,True,False,1784931897.3447475,0,False,0,0,False
1784849457.3002179,20,1784931975.4264107,37.51850156404974,0.7434828717479209,37.04318303196766,True,37.5,36.5,38.6,0.95,0.05,0.0,0.7,0.03,2,1784931985.4551258,True,False,True,False,1784931897.3447475,0,False,0,0,False
1784849457.3002179,20,1784931995.43336,37.48645761806668,0.7434256504158084,37.04318303196766,True,37.5,36.5,38.6,0.95,0.05,0.0,0.7,0.03,2,1784932005.462594,True,True,True,False,1784931897.3447475,0,0,1,0,False
1784849457.3002179,20,1784932015.440422,37.50247959105822,0.7435782406347754,37.053864347295345,True,37.5,36.5,38.6,0.95,0.05,0.0,0.7,0.03,2,1784932025.4681866,True,True,True,False,1784931897.3447475,0,False,0,0,False
1784849457.3002179,20,1784932035.4471111,37.50247959105822,0.7433875028610666,37.05653467612726,True,37.5,36.5,38.6,0.95,0.05,0.0,0.7,0.03,2,1784932045.4745698,True,True,True,False,1784931897.3447475,0,False,0,0,False
1784849457.3002179,20,1784932055.454637,37.49980926222629,0.7436354619668879,37.07522697795072,True,37.5,36.5,38.6,0.95,0.05,0.0,0.7,0.03,2,1784932065.4827383,True,True,True,False,1784931897.3447475,0,0,1,0,False
1784849457.3002179,20,1784932075.4624853,37.483787289234755,0.7433684290836957,37.03784237430381,True,37.5,36.5,38.6,0.95,0.05,0.0,0.7,0.03,2,1784932085.4922025,True,False,True,True,1784932077.344754,0,0,1,0,False
1784849457.3002179,20,1784932095.4698327,37.483787289234755,0.7435591668574044,37.03517204547188,True,37.5,36.5,38.6,0.95,0.05,0.0,0.7,0.03,2,1784932105.497885,True,True,True,False,1784932077.344754,0,0,1,0,False
1784849457.3002179,20,1784932115.4760284,37.51583123521782,0.7434828717479209,37.053864347295345,True,37.5,36.5,38.6,0.95,0.05,0.0,0.7,0.03,2,1784932125.5032983,True,True,True,False,1784932077.344754,0,False,0,0,False
1784849457.3002179,20,1784932135.482292,37.50514991989013,0.7432349126420996,37.06187533379111,True,37.5,36.5,38.6,0.95,0.05,0.0,0.7,0.03,2,1784932145.5098603,True,False,True,False,1784932077.344754,0,False,0,0,False
1784849457.3002179,20,1784932155.488742,37.513160906385906,0.7432158388647288,37.03784237430381,True,37.5,36.5,38.6,0.95,0.05,0.0,0.7,0.03,2,1784932165.5182605,True,False,True,False,1784932077.344754,0,False,0,0,False
1784849457.3002179,20,1784932175.4952428,37.470435645075156,0.743349355306325,37.04318303196766,True,37.5,36.5,38.6,0.95,0.05,0.0,0.7,0.03,2,1784932185.5228193,True,False,True,False,1784932077.344754,0,0,1,0,False
1784849457.3002179,20,1784932195.5016036,37.470435645075156,0.7435400930800335,37.04318303196766,True,37.5,36.5,38.6,0.95,0.05,0.0,0.7,0.03,2,1784932205.5367568,True,True,True,False,1784932077.344754,0,0,1,0,False
1784849457.3002179,20,1784932215.5083406,37.49713893339437,0.7435210193026627,37.03784237430381,True,37.5,36.5,38.6,0.95,0.05,0.0,0.7,0.03,2,1784932225.5388026,True,False,True,False,1784932077.344754,0,0,1,0,False
1784849457.3002179,20,1784932235.515922,37.51850156404974,0.7435973144121462,37.05119401846342,True,37.5,36.5,38.6,0.95,0.05,0.0,0.7,0.03,2,1784932245.5481608,True,True,True,False,1784932077.344754,0,False,0,0,False
1784849457.3002179,20,1784932255.5235977,37.55321583886473,0.7435782406347754,37.06988632028687,True,37.5,36.5,38.6,0.95,0.05,0.0,0.7,0.03,2,1784932265.5550218,True,True,True,True,1784932257.3447824,0,False,0,0,False
1784849457.3002179,20,1784932275.5298436,37.49446860456244,0.7434637979705501,37.08056763561456,True,37.5,36.5,38.6,0.95,0.05,0.0,0.7,0.03,2,1784932285.5575483,True,False,True,False,1784932257.3447824,0,0,1,0,False
1784849457.3002179,20,1784932295.5360599,37.489127946898606,0.7432921339742122,37.067215991454944,True,37.5,36.5,38.6,0.95,0.05,0.0,0.7,0.03,2,1784932305.5633957,True,True,True,False,1784932257.3447824,0,0,1,0,False
1784849457.3002179,20,1784932315.5421982,37.50514991989013,0.7433684290836957,37.05920500495918,True,37.5,36.5,38.6,0.95,0.05,0.0,0.7,0.03,2,1784932325.569677,True,True,True,False,1784932257.3447824,0,False,0,0,False
1784849457.3002179,20,1784932335.5498786,37.51583123521782,0.7434447241931792,37.06187533379111,True,37.5,36.5,38.6,0.95,0.05,0.0,0.7,0.03,2,1784932345.5835564,True,True,True,False,1784932257.3447824,0,False,0,0,False
1784849457.3002179,20,1784932355.5585988,37.507820248722055,0.7433875028610666,37.08056763561456,True,37.5,36.5,38.6,0.95,0.05,0.0,0.7,0.03,2,1784932365.5858696,True,True,True,False,1784932257.3447824,0,False,0,0,False
1784849457.3002179,20,1784932375.5647922,37.48645761806668,0.7435973144121462,37.053864347295345,True,37.5,36.5,38.6,0.95,0.05,0.0,0.7,0.03,2,1784932385.5931554,True,False,True,False,1784932257.3447824,0,0,1,0,False
1784849457.3002179,20,1784932395.5712745,37.49713893339437,0.7432921339742122,37.04318303196766,True,37.5,36.5,38.6,0.95,0.05,0.0,0.7,0.03,2,1784932405.5982435,True,True,True,False,1784932257.3447824,0,0,1,0,False
1784849457.3002179,20,1784932415.5773773,37.47577630273899,0.7434447241931792,37.06454566262303,True,37.5,36.5,38.6,0.95,0.05,0.0,0.7,0.03,2,1784932425.6112802,True,False,True,False,1784932257.3447824,0,0,1,0,False
1784849457.3002179,20,1784932435.5837302,37.507820248722055,0.7432730601968415,37.05119401846342,True,37.5,36.5,38.6,0.95,0.05,0.0,0.7,0.03,2,1784932445.6230836,True,True,True,True,1784932437.3448207,0,False,0,0,False
1784849457.3002179,20,1784932455.5904331,37.49980926222629,0.7435210193026627,37.048523689631494,True,37.5,36.5,38.6,0.95,0.05,0.0,0.7,0.03,2,1784932465.619306,True,False,True,False,1784932437.3448207,0,0,1,0,False
1784849457.3002179,20,1784932475.597668,37.483787289234755,0.7432921339742122,37.04318303196766,True,37.5,36.5,38.6,0.95,0.05,0.0,0.7,0.03,2,1784932485.6279235,True,True,True,False,1784932437.3448207,0,0,1,0,False
1784849457.3002179,20,1784932495.6084068,37.51049057755398,0.7433875028610666,37.05653467612726,True,37.5,36.5,38.6,0.95,0.05,0.0,0.7,0.03,2,1784932505.6384254,True,True,True,False,1784932437.3448207,0,False,0,0,False
1784849457.3002179,20,1784932515.6185217,37.52117189288167,0.743196765087358,37.06454566262303,True,37.5,36.5,38.6,0.95,0.05,0.0,0.7,0.03,2,1784932525.6479232,True,True,True,False,1784932437.3448207,0,False,0,0,False
1784849457.3002179,20,1784932535.6277378,37.53719386587319,0.7435210193026627,37.05653467612726,True,37.5,36.5,38.6,0.95,0.05,0.0,0.7,0.03,2,1784932545.6570303,True,True,True,False,1784932437.3448207,0,False,0,0,False
1784849457.3002179,20,1784932555.6363795,37.507820248722055,0.7434637979705501,37.05920500495918,True,37.5,36.5,38.6,0.95,0.05,0.0,0.7,0.03,2,1784932565.6664743,True,False,True,False,1784932437.3448207,0,False,0,0,False
1784849457.3002179,20,1784932575.646442,37.481116960402844,0.7434065766384375,37.04318303196766,True,37.5,36.5,38.6,0.95,0.05,0.0,0.7,0.03,2,1784932585.677241,True,True,True,False,1784932437.3448207,0,0,1,0,False
1784849457.3002179,20,1784932595.6553574,37.45441367208362,0.7435019455252919,37.04318303196766,True,37.5,36.5,38.6,0.95,0.05,0.0,0.7,0.03,2,1784932605.6918132,True,True,True,False,1784932437.3448207,0,0,1,0,False
1784849457.3002179,20,1784932615.6615417,37.481116960402844,0.7431586175326161,37.053864347295345,True,37.5,36.5,38.6,0.95,0.05,0.0,0.7,0.03,2,1784932625.688905,True,True,True,True,1784932617.344841,0,0,1,0,False
1784849457.3002179,20,1784932635.6677313,37.481116960402844,0.7436354619668879,37.05653467612726,True,37.5,36.5,38.6,0.95,0.05,0.0,0.7,0.03,2,1784932645.695171,True,True,True,False,1784932617.344841,0,0,1,0,False
1784849457.3002179,20,1784932655.6739745,37.50514991989013,0.7436545357442589,37.06454566262303,True,37.5,36.5,38.6,0.95,0.05,0.0,0.7,0.03,2,1784932665.7013352,True,True,True,False,1784932617.344841,0,False,0,0,False
1784849457.3002179,20,1784932675.6803107,37.53719386587319,0.7435591668574044,37.053864347295345,True,37.5,36.5,38.6,0.95,0.05,0.0,0.7,0.03,2,1784932685.7149816,True,True,True,False,1784932617.344841,0,False,0,0,False
1784849457.3002179,20,1784932695.6877909,37.51583123521782,0.7436354619668879,37.07789730678263,True,37.5,36.5,38.6,0.95,0.05,0.0,0.7,0.03,2,1784932705.717148,True,True,True,False,1784932617.344841,0,False,0,0,False
1784849457.3002179,20,1784932715.6954556,37.52117189288167,0.7436736095216296,37.048523689631494,True,37.5,36.5,38.6,0.95,0.05,0.0,0.7,0.03,2,1784932725.7230291,True,True,True,False,1784932617.344841,0,False,0,0,False
1784849457.3002179,20,1784932735.7017064,37.489127946898606,0.7434828717479209,37.04585336079957,True,37.5,36.5,38.6,0.95,0.05,0.0,0.7,0.03,2,1784932745.731745,True,False,True,False,1784932617.344841,0,0,1,0,False
1784849457.3002179,20,1784932755.7078946,37.470435645075156,0.7433875028610666,37.02716105897612,True,37.5,36.5,38.6,0.95,0.05,0.0,0.7,0.03,2,1784932765.7392235,True,True,True,False,1784932617.344841,0,0,1,0,False
1784849457.3002179,20,1784932775.714195,37.44373235675593,0.7432921339742122,37.01647974364843,True,37.5,36.5,38.6,0.95,0.05,0.0,0.7,0.03,2,1784932785.7461722,True,False,True,False,1784932617.344841,0,0,1,0,False
1784849457.3002179,20,1784932795.7220197,37.481116960402844,0.7435782406347754,37.02716105897612,True,37.5,36.5,38.6,0.95,0.05,0.0,0.7,0.03,2,1784932805.7509377,True,False,True,True,1784932797.3448699,0,0,1,0,False
1784849457.3002179,20,1784932815.732556,37.49713893339437,0.7435210193026627,37.005798428320745,True,37.5,36.5,38.6,0.95,0.05,0.0,0.7,0.03,2,1784932825.7651706,True,False,True,False,1784932797.3448699,0,0,1,0,False
1784849457.3002179,20,1784932835.743288,37.52918287937743,0.7438071259632258,37.04051270313573,True,37.5,36.5,38.6,0.95,0.05,0.0,0.7,0.03,2,1784932845.7706048,True,True,True,False,1784932797.3448699,0,False,0,0,False
1784849457.3002179,20,1784932855.7498536,37.54787518120088,0.7436545357442589,37.05920500495918,True,37.5,36.5,38.6,0.95,0.05,0.0,0.7,0.03,2,1784932865.7773397,True,True,True,False,1784932797.3448699,0,False,0,0,False
1784849457.3002179,20,1784932875.756259,37.531853208209355,0.7435782406347754,37.053864347295345,True,37.5,36.5,38.6,0.95,0.05,0.0,0.7,0.03,2,1784932885.7836294,True,False,True,False,1784932797.3448699,0,False,0,0,False
1784849457.3002179,20,1784932895.7625763,37.51049057755398,0.7435591668574044,37.06187533379111,True,37.5,36.5,38.6,0.95,0.05,0.0,0.7,0.03,2,1784932905.7897315,True,True,True,False,1784932797.3448699,0,False,0,0,False
1784849457.3002179,20,1784932915.7688758,37.489127946898606,0.7433875028610666,37.04318303196766,True,37.5,36.5,38.6,0.95,0.05,0.0,0.7,0.03,2,1784932925.7963724,True,True,True,False,1784932797.3448699,0,0,1,0,False
1784849457.3002179,20,1784932935.7750568,37.47310597390707,0.7434637979705501,37.029831387808045,True,37.5,36.5,38.6,0.95,0.05,0.0,0.7,0.03,2,1784932945.8074908,True,True,True,False,1784932797.3448699,0,0,1,0,False
1784849457.3002179,20,1784932955.7815697,37.470435645075156,0.7433112077515831,37.011139085984595,True,37.5,36.5,38.6,0.95,0.05,0.0,0.7,0.03,2,1784932965.8087142,True,False,True,False,1784932797.3448699,0,0,1,0,False
1784849457.3002179,20,1784932975.7880917,37.49179827573053,0.7435019455252919,37.048523689631494,True,37.5,36.5,38.6,0.95,0.05,0.0,0.7,0.03,2,1784932985.8160353,True,True,True,True,1784932977.3448822,0,0,1,0,False
1784849457.3002179,20,1784932995.7958949,37.50247959105822,0.7433875028610666,37.06454566262303,True,37.5,36.5,38.6,0.95,0.05,0.0,0.7,0.03,2,1784933005.8262825,True,False,True,False,1784932977.3448822,0,False,0,0,False
1784849457.3002179,20,1784933015.8054678,37.49179827573053,0.7435400930800335,37.048523689631494,True,37.5,36.5,38.6,0.95,0.05,0.0,0.7,0.03,2,1784933025.8337421,True,False,True,False,1784932977.3448822,0,0,1,0,False
1784849457.3002179,20,1784933035.8131053,37.52918287937743,0.7434447241931792,37.07789730678263,True,37.5,36.5,38.6,0.95,0.05,0.0,0.7,0.03,2,1784933045.840591,True,True,True,False,1784932977.3448822,0,False,0,0,False
1784849457.3002179,20,1784933055.8197532,37.51583123521782,0.7435591668574044,37.06454566262303,True,37.5,36.5,38.6,0.95,0.05,0.0,0.7,0.03,2,1784933065.847428,True,False,True,False,1784932977.3448822,0,False,0,0,False
1784849457.3002179,20,1784933075.8260748,37.51049057755398,0.7431204699778745,37.05920500495918,True,37.5,36.5,38.6,0.95,0.05,0.0,0.7,0.03,2,1784933085.8536286,True,True,True,False,1784932977.3448822,0,False,0,0,False
1784849457.3002179,20,1784933095.8323016,37.49980926222629,0.7436354619668879,37.04585336079957,True,37.5,36.5,38.6,0.95,0.05,0.0,0.7,0.03,2,1784933105.8592193,True,True,True,False,1784932977.3448822,0,0,1,0,False
1784849457.3002179,20,1784933115.838488,37.47310597390707,0.7434065766384375,37.011139085984595,True,37.5,36.5,38.6,0.95,0.05,0.0,0.7,0.03,2,1784933125.865471,True,False,True,False,1784932977.3448822,0,0,1,0,False
1784849457.3002179,20,1784933135.8445883,37.483787289234755,0.7434447241931792,37.029831387808045,True,37.5,36.5,38.6,0.95,0.05,0.0,0.7,0.03,2,1784933145.8719227,True,False,True,False,1784932977.3448822,0,0,1,0,False
1784849457.3002179,20,1784933155.8507288,37.49713893339437,0.7434828717479209,37.02716105897612,True,37.5,36.5,38.6,0.95,0.05,0.0,0.7,0.03,2,1784933165.8780909,True,False,True,True,1784933157.3448858,0,0,1,0,False
1784849457.3002179,20,1784933175.8569148,37.52384222171359,0.7431586175326161,37.048523689631494,True,37.5,36.5,38.6,0.95,0.05,0.0,0.7,0.03,2,1784933185.8842232,True,True,True,False,1784933157.3448858,0,False,0,0,False
1784849457.3002179,20,1784933195.8633113,37.52918287937743,0.7433875028610666,37.07522697795072,True,37.5,36.5,38.6,0.95,0.05,0.0,0.7,0.03,2,1784933205.8994994,True,True,True,False,1784933157.3448858,0,False,0,0,False
1784849457.3002179,20,1784933215.8696585,37.52384222171359,0.743616388189517,37.05920500495918,True,37.5,36.5,38.6,0.95,0.05,0.0,0.7,0.03,2,1784933225.8994243,True,True,True,False,1784933157.3448858,0,False,0,0,False
1784849457.3002179,20,1784933235.8762388,37.53452353704128,0.7436354619668879,37.067215991454944,True,37.5,36.5,38.6,0.95,0.05,0.0,0.7,0.03,2,1784933245.903202,True,True,True,False,1784933157.3448858,0,False,0,0,False
1784849457.3002179,20,1784933255.8828309,37.51049057755398,0.743616388189517,37.053864347295345,True,37.5,36.5,38.6,0.95,0.05,0.0,0.7,0.03,2,1784933265.9128532,True,True,True,False,1784933157.3448858,0,False,0,0,False
1784849457.3002179,20,1784933275.8894663,37.46242465857938,0.7436926832990005,37.02716105897612,True,37.5,36.5,38.6,0.95,0.05,0.0,0.7,0.03,2,1784933285.9169824,True,True,True,False,1784933157.3448858,0,0,1,0,False
1784849457.3002179,20,1784933295.896688,37.46776531624323,0.7435210193026627,37.00312809948882,True,37.5,36.5,38.6,0.95,0.05,0.0,0.7,0.03,2,1784933305.9249253,True,True,True,False,1784933157.3448858,0,0,1,0,False
1784849457.3002179,20,1784933315.9040358,37.46242465857938,0.744055085069047,37.01647974364843,True,37.5,36.5,38.6,0.95,0.05,0.0,0.7,0.03,2,1784933325.931438,True,False,True,False,1784933157.3448858,0,0,1,0,False
1784849457.3002179,20,1784933335.9102392,37.489127946898606,0.7434256504158084,37.01915007248036,True,37.5,36.5,38.6,0.95,0.05,0.0,0.7,0.03,2,1784933345.9372416,True,True,True,True,1784933337.344906,0,0,1,0,False
1784849457.3002179,20,1784933355.9164886,37.49713893339437,0.7435210193026627,37.04318303196766,True,37.5,36.5,38.6,0.95,0.05,0.0,0.7,0.03,2,1784933365.9433048,True,True,True,False,1784933337.344906,0,0,1,0,False
1784849457.3002179,20,1784933375.9226432,37.507820248722055,0.7436545357442589,37.06988632028687,True,37.5,36.5,38.6,0.95,0.05,0.0,0.7,0.03,2,1784933385.9502718,True,True,True,False,1784933337.344906,0,False,0,0,False
1784849457.3002179,20,1784933395.9288492,37.550545510032805,0.7435591668574044,37.08056763561456,True,37.5,36.5,38.6,0.95,0.05,0.0,0.7,0.03,2,1784933405.956276,True,True,True,False,1784933337.344906,0,False,0,0,False
1784849457.3002179,20,1784933415.9352171,37.52384222171359,0.7435400930800335,37.08056763561456,True,37.5,36.5,38.6,0.95,0.05,0.0,0.7,0.03,2,1784933425.962457,True,True,True,False,1784933337.344906,0,False,0,0,False
1784849457.3002179,20,1784933435.9414716,37.513160906385906,0.7435210193026627,37.05653467612726,True,37.5,36.5,38.6,0.95,0.05,0.0,0.7,0.03,2,1784933445.9692667,True,True,True,False,1784933337.344906,0,False,0,0,False
1784849457.3002179,20,1784933455.9477558,37.49980926222629,0.7435210193026627,37.06988632028687,True,37.5,36.5,38.6,0.95,0.05,0.0,0.7,0.03,2,1784933465.9748726,True,True,True,False,1784933337.344906,0,0,1,0,False
1784849457.3002179,20,1784933475.9540167,37.489127946898606,0.7437499046311131,37.048523689631494,True,37.5,36.5,38.6,0.95,0.05,0.0,0.7,0.03,2,1784933485.9816658,True,True,True,False,1784933337.344906,0,0,1,0,False
1784849457.3002179,20,1784933495.9601717,37.52117189288167,0.743768978408484,37.04051270313573,True,37.5,36.5,38.6,0.95,0.05,0.0,0.7,0.03,2,1784933505.9871974,True,False,True,False,1784933337.344906,0,False,0,0,False
1784849457.3002179,20,1784933515.966446,37.489127946898606,0.743330281528954,37.03784237430381,True,37.5,36.5,38.6,0.95,0.05,0.0,0.7,0.03,2,1784933525.9937444,True,False,True,True,1784933517.3449166,0,0,1,0,False
1784849457.3002179,20,1784933535.9725544,37.50514991989013,0.7435973144121462,37.05119401846342,True,37.5,36.5,38.6,0.95,0.05,0.0,0.7,0.03,2,1784933545.9999259,True,True,True,False,1784933517.3449166,0,False,0,0,False
1784849457.3002179,20,1784933555.9788523,37.507820248722055,0.7432921339742122,37.06454566262303,True,37.5,36.5,38.6,0.95,0.05,0.0,0.7,0.03,2,1784933566.0065324,True,True,True,False,1784933517.3449166,0,False,0,0,False
1784849457.3002179,20,1784933575.9851723,37.53452353704128,0.7434828717479209,37.048523689631494,True,37.5,36.5,38.6,0.95,0.05,0.0,0.7,0.03,2,1784933586.012589,True,True,True,False,1784933517.3449166,0,False,0,0,False
1784849457.3002179,20,1784933595.9914865,37.53452353704128,0.7436926832990005,37.08056763561456,True,37.5,36.5,38.6,0.95,0.05,0.0,0.7,0.03,2,1784933606.0228903,True,True,True,False,1784933517.3449166,0,False,0,0,False
1784849457.3002179,20,1784933615.9977565,37.50247959105822,0.7435591668574044,37.06454566262303,True,37.5,36.5,38.6,0.95,0.05,0.0,0.7,0.03,2,1784933626.0263445,True,True,True,False,1784933517.3449166,0,False,0,0,False
1784849457.3002179,20,1784933636.004578,37.48645761806668,0.7437499046311131,37.05119401846342,True,37.5,36.5,38.6,0.95,0.05,0.0,0.7,0.03,2,1784933646.0315907,True,True,True,False,1784933517.3449166,0,0,1,0,False
1784849457.3002179,20,1784933656.0107536,37.483787289234755,0.7434065766384375,37.01647974364843,True,37.5,36.5,38.6,0.95,0.05,0.0,0.7,0.03,2,1784933666.0376759,True,False,True,False,1784933517.3449166,0,0,1,0,False
1784849457.3002179,20,1784933676.0169232,37.47310597390707,0.743196765087358,37.04318303196766,True,37.5,36.5,38.6,0.95,0.05,0.0,0.7,0.03,2,1784933686.0442812,True,True,True,False,1784933517.3449166,0,0,1,0,False
1784849457.3002179,20,1784933696.0231469,37.49980926222629,0.7434828717479209,37.05119401846342,True,37.5,36.5,38.6,0.95,0.05,0.0,0.7,0.03,2,1784933706.0507326,True,True,True,True,1784933697.3449206,0,0,1,0,False
1784849457.3002179,20,1784933716.0294409,37.49980926222629,0.743330281528954,37.048523689631494,True,37.5,36.5,38.6,0.95,0.05,0.0,0.7,0.03,2,1784933726.0570228,True,True,True,False,1784933697.3449206,0,0,1,0,False
1784849457.3002179,20,1784933736.035941,37.50514991989013,0.7436926832990005,37.04051270313573,True,37.5,36.5,38.6,0.95,0.05,0.0,0.7,0.03,2,1784933746.0628464,True,True,True,False,1784933697.3449206,0,False,0,0,False
1784849457.3002179,20,1784933756.0422719,37.51850156404974,0.7436354619668879,37.02716105897612,True,37.5,36.5,38.6,0.95,0.05,0.0,0.7,0.03,2,1784933766.0699925,True,True,True,False,1784933697.3449206,0,False,0,0,False
1784849457.3002179,20,1784933776.0484486,37.507820248722055,0.7435019455252919,37.02716105897612,True,37.5,36.5,38.6,0.95,0.05,0.0,0.7,0.03,2,1784933786.0758288,True,True,True,False,1784933697.3449206,0,False,0,0,False
1784849457.3002179,20,1784933796.054816,37.481116960402844,0.7435591668574044,37.03784237430381,True,37.5,36.5,38.6,0.95,0.05,0.0,0.7,0.03,2,1784933806.0822418,True,True,True,False,1784933697.3449206,0,0,1,0,False
1784849457.3002179,20,1784933816.060991,37.470435645075156,0.7435782406347754,37.01647974364843,True,37.5,36.5,38.6,0.95,0.05,0.0,0.7,0.03,2,1784933826.087953,True,True,True,False,1784933697.3449206,0,0,1,0,False
1784849457.3002179,20,1784933836.0671895,37.49713893339437,0.7436926832990005,37.04585336079957,True,37.5,36.5,38.6,0.95,0.05,0.0,0.7,0.03,2,1784933846.0941532,True,True,True,False,1784933697.3449206,0,0,1,0,False
1784849457.3002179,20,1784933856.0733182,37.55321583886473,0.7434065766384375,37.06454566262303,True,37.5,36.5,38.6,0.95,0.05,0.0,0.7,0.03,2,1784933866.1010828,True,True,True,False,1784933697.3449206,0,False,0,0,False
1784849457.3002179,20,1784933876.0796478,37.53719386587319,0.7437117570763714,37.04318303196766,True,37.5,36.5,38.6,0.95,0.05,0.0,0.7,0.03,2,1784933886.1115046,True,False,True,True,1784933877.3449554,0,False,0,0,False
1784849457.3002179,20,1784933896.0860524,37.49980926222629,0.7435210193026627,37.05119401846342,True,37.5,36.5,38.6,0.95,0.05,0.0,0.7,0.03,2,1784933906.119256,True,True,True,False,1784933877.3449554,0,0,1,0,False
1784849457.3002179,20,1784933916.0922468,37.49980926222629,0.7435973144121462,37.02716105897612,True,37.5,36.5,38.6,0.95,0.05,0.0,0.7,0.03,2,1784933926.1289215,True,True,True,False,1784933877.3449554,0,0,1,0,False
1784849457.3002179,20,1784933936.1006906,37.49446860456244,0.7435782406347754,37.067215991454944,True,37.5,36.5,38.6,0.95,0.05,0.0,0.7,0.03,2,1784933946.1325376,True,False,True,False,1784933877.3449554,0,0,1,0,False
1784849457.3002179,20,1784933956.1088066,37.507820248722055,0.7437499046311131,37.04318303196766,True,37.5,36.5,38.6,0.95,0.05,0.0,0.7,0.03,2,1784933966.1357143,True,True,True,False,1784933877.3449554,0,False,0,0,False
1784849457.3002179,20,1784933976.1152666,37.54520485236897,0.7438261997405966,37.04318303196766,True,37.5,36.5,38.6,0.95,0.05,0.0,0.7,0.03,2,1784933986.1423075,True,True,True,False,1784933877.3449554,0,False,0,0,False
1784849457.3002179,20,1784933996.12162,37.53452353704128,0.7437499046311131,37.053864347295345,True,37.5,36.5,38.6,0.95,0.05,0.0,0.7,0.03,2,1784934006.1485922,True,False,True,False,1784933877.3449554,0,False,0,0,False
1784849457.3002179,20,1784934016.1287656,37.49713893339437,0.7435210193026627,37.04318303196766,True,37.5,36.5,38.6,0.95,0.05,0.0,0.7,0.03,2,1784934026.1578863,False,True,True,False,1784933877.3449554,0,0,1,0,False
1784849457.3002179,20,1784934036.1373963,37.48645761806668,0.7437117570763714,37.067215991454944,True,37.5,36.5,38.6,0.95,0.05,0.0,0.7,0.03,2,1784934046.168591,False,True,True,False,1784933877.3449554,0,0,1,0,False
1784849457.3002179,20,1784934056.1444237,37.49980926222629,0.7435973144121462,37.08056763561456,True,37.5,36.5,38.6,0.95,0.05,0.0,0.7,0.03,2,1784934066.1737032,False,False,True,True,1784934057.3449667,0,0,1,0,False
1784849457.3002179,20,1784934076.151115,37.49446860456244,0.7435019455252919,37.091248950942244,True,37.5,36.5,38.6,0.95,0.05,0.0,0.7,0.03,2,1784934086.1787016,False,True,True,False,1784934057.3449667,0,0,1,0,False
1784849457.3002179,20,1784934096.1573844,37.51583123521782,0.7435973144121462,37.09391927977417,True,37.5,36.5,38.6,0.95,0.05,0.0,0.7,0.03,2,1784934106.188217,False,False,True,False,1784934057.3449667,0,False,0,0,False
1784849457.3002179,20,1784934116.1683474,37.53719386587319,0.7434828717479209,37.12329289692531,True,37.5,36.5,38.6,0.95,0.05,0.0,0.7,0.03,2,1784934126.1965005,False,False,True,False,1784934057.3449667,0,False,0,0,False
1784849457.3002179,20,1784934136.1757934,37.55321583886473,0.7436736095216296,37.13130388342107,True,37.5,36.5,38.6,0.95,0.05,0.0,0.7,0.03,2,1784934146.2062476,False,False,True,False,1784934057.3449667,0,False,0,0,False
1784849457.3002179,20,1784934156.183578,37.53452353704128,0.7434447241931792,37.139314869916845,True,37.5,36.5,38.6,0.95,0.05,0.0,0.7,0.03,2,1784934166.213538,False,True,True,False,1784934057.3449667,0,False,0,0,False
1784849457.3002179,20,1784934176.1912076,37.49713893339437,0.7435210193026627,37.091248950942244,True,37.5,36.5,38.6,0.95,0.05,0.0,0.7,0.03,2,1784934186.2188036,False,False,True,False,1784934057.3449667,0,0,1,0,False
1784849457.3002179,20,1784934196.1974301,37.48645761806668,0.7435591668574044,37.091248950942244,True,37.5,36.5,38.6,0.95,0.05,0.0,0.7,0.03,2,1784934206.2331831,False,True,True,False,1784934057.3449667,0,0,1,0,False
1784849457.3002179,20,1784934216.2038822,37.45975432974747,0.7433684290836957,37.091248950942244,True,37.5,36.5,38.6,0.95,0.05,0.0,0.7,0.03,2,1784934226.2318978,False,True,True,False,1784934057.3449667,0,0,1,0,False
1784849457.3002179,20,1784934236.2105136,37.49179827573053,0.7433112077515831,37.12062256809338,True,37.5,36.5,38.6,0.95,0.05,0.0,0.7,0.03,2,1784934246.241005,False,False,True,True,1784934237.3450046,0,0,1,0,False
1784849457.3002179,20,1784934256.2170064,37.49980926222629,0.7437308308537424,37.10727092393378,True,37.5,36.5,38.6,0.95,0.05,0.0,0.7,0.03,2,1784934266.2444637,False,True,True,False,1784934237.3450046,0,0,1,0,False
1784849457.3002179,20,1784934276.2232606,37.51583123521782,0.743921568627451,37.11795223926147,True,37.5,36.5,38.6,0.95,0.05,0.0,0.7,0.03,2,1784934286.2506385,False,True,True,False,1784934237.3450046,0,False,0,0,False
1784849457.3002179,20,1784934296.2307272,37.51583123521782,0.7436545357442589,37.141985198748756,True,37.5,36.5,38.6,0.95,0.05,0.0,0.7,0.03,2,1784934306.2594855,False,True,True,False,1784934237.3450046,0,False,0,0,False
1784849457.3002179,20,1784934316.2383714,37.55321583886473,0.7438261997405966,37.139314869916845,True,37.5,36.5,38.6,0.95,0.05,0.0,0.7,0.03,2,1784934326.2656898,False,True,True,False,1784934237.3450046,0,False,0,0,False
1784849457.3002179,20,1784934336.2446935,37.52117189288167,0.7436354619668879,37.12596322575723,True,37.5,36.5,38.6,0.95,0.05,0.0,0.7,0.03,2,1784934346.2736447,False,False,True,False,1784934237.3450046,0,False,0,0,False
1784849457.3002179,20,1784934356.2511365,37.48645761806668,0.7437880521858549,37.12329289692531,True,37.5,36.5,38.6,0.95,0.05,0.0,0.7,0.03,2,1784934366.285162,False,True,True,False,1784934237.3450046,0,0,1,0,False
1784849457.3002179,20,1784934376.257322,37.45975432974747,0.7435210193026627,37.10727092393378,True,37.5,36.5,38.6,0.95,0.05,0.0,0.7,0.03,2,1784934386.2848456,False,True,True,False,1784934237.3450046,0,0,1,0,False
1784849457.3002179,20,1784934396.2635329,37.47577630273899,0.743330281528954,37.08056763561456,True,37.5,36.5,38.6,0.95,0.05,0.0,0.7,0.03,2,1784934406.29072,False,True,True,False,1784934237.3450046,0,0,1,0,False
1784849457.3002179,20,1784934416.2732043,37.470435645075156,0.7436545357442589,37.12863355458916,True,37.5,36.5,38.6,0.95,0.05,0.0,0.7,0.03,2,1784934426.3065085,False,True,True,True,1784934417.3450303,0,0,1,0,False
1784849457.3002179,20,1784934436.285124,37.513160906385906,0.7436736095216296,37.115281910429545,True,37.5,36.5,38.6,0.95,0.05,0.0,0.7,0.03,2,1784934446.3139389,False,False,True,False,1784934417.3450303,0,False,0,0,False
1784849457.3002179,20,1784934456.2929733,37.49980926222629,0.7436354619668879,37.096589608606095,True,37.5,36.5,38.6,0.95,0.05,0.0,0.7,0.03,2,1784934466.3221576,False,False,True,False,1784934417.3450303,0,0,1,0,False
1784849457.3002179,20,1784934476.3008423,37.51049057755398,0.7432921339742122,37.12329289692531,True,37.5,36.5,38.6,0.95,0.05,0.0,0.7,0.03,2,1784934486.3295598,False,False,True,False,1784934417.3450303,0,False,0,0,False
1784849457.3002179,20,1784934496.308754,37.52117189288167,0.7437499046311131,37.152666514076444,True,37.5,36.5,38.6,0.95,0.05,0.0,0.7,0.03,2,1784934506.3369946,False,True,True,False,1784934417.3450303,0,False,0,0,False
1784849457.3002179,20,1784934516.31643,37.489127946898606,0.7435019455252919,37.12863355458916,True,37.5,36.5,38.6,0.95,0.05,0.0,0.7,0.03,2,1784934526.345377,False,False,True,False,1784934417.3450303,0,0,1,0,False
1784849457.3002179,20,1784934536.3242202,37.51583123521782,0.743921568627451,37.12596322575723,True,37.5,36.5,38.6,0.95,0.05,0.0,0.7,0.03,2,1784934546.352582,False,False,True,False,1784934417.3450303,0,False,0,0,False
1784849457.3002179,20,1784934556.3315134,37.49179827573053,0.7440360112916763,37.11795223926147,True,37.5,36.5,38.6,0.95,0.05,0.0,0.7,0.03,2,1784934566.3589888,False,True,True,False,1784934417.3450303,0,0,1,0,False
1784849457.3002179,20,1784934576.3378315,37.49179827573053,0.7436545357442589,37.11261158159762,True,37.5,36.5,38.6,0.95,0.05,0.0,0.7,0.03,2,1784934586.3662627,False,False,True,False,1784934417.3450303,0,0,1,0,False
1784849457.3002179,20,1784934596.3441818,37.470435645075156,0.7434637979705501,37.11795223926147,True,37.5,36.5,38.6,0.95,0.05,0.0,0.7,0.03,2,1784934606.3722672,False,True,True,True,1784934597.3450687,0,0,1,0,False
1784849457.3002179,20,1784934616.350493,37.48645761806668,0.7435973144121462,37.12329289692531,True,37.5,36.5,38.6,0.95,0.05,0.0,0.7,0.03,2,1784934626.3771975,False,False,True,False,1784934597.3450687,0,0,1,0,False
1784849457.3002179,20,1784934636.3583014,37.513160906385906,0.7435973144121462,37.12062256809338,True,37.5,36.5,38.6,0.95,0.05,0.0,0.7,0.03,2,1784934646.3880389,False,False,True,False,1784934597.3450687,0,False,0,0,False
1784849457.3002179,20,1784934656.3670018,37.53719386587319,0.7436354619668879,37.14465552758068,True,37.5,36.5,38.6,0.95,0.05,0.0,0.7,0.03,2,1784934666.404021,False,True,True,False,1784934597.3450687,0,False,0,0,False
1784849457.3002179,20,1784934676.3742366,37.53719386587319,0.7438261997405966,37.14999618524453,True,37.5,36.5,38.6,0.95,0.05,0.0,0.7,0.03,2,1784934686.403677,False,True,True,False,1784934597.3450687,0,False,0,0,False
1784849457.3002179,20,1784934696.3826582,37.49980926222629,0.7436736095216296,37.14732585641261,True,37.5,36.5,38.6,0.95,0.05,0.0,0.7,0.03,2,1784934706.4118788,False,True,True,False,1784934597.3450687,0,0,1,0,False
1784849457.3002179,20,1784934716.390489,37.49980926222629,0.7439978637369344,37.091248950942244,True,37.5,36.5,38.6,0.95,0.05,0.0,0.7,0.03,2,1784934726.4197083,False,True,True,False,1784934597.3450687,0,0,1,0,False
1784849457.3002179,20,1784934736.398403,37.49446860456244,0.7437308308537424,37.109941252765694,True,37.5,36.5,38.6,0.95,0.05,0.0,0.7,0.03,2,1784934746.4280481,False,True,True,False,1784934597.3450687,0,0,1,0,False
1784849457.3002179,20,1784934756.4071717,37.48645761806668,0.7437117570763714,37.08590829327841,True,37.5,36.5,38.6,0.95,0.05,0.0,0.7,0.03,2,1784934766.4361088,False,True,True,False,1784934597.3450687,0,0,1,0,False
1784849457.3002179,20,1784934776.4152868,37.507820248722055,0.7436354619668879,37.10727092393378,True,37.5,36.5,38.6,0.95,0.05,0.0,0.7,0.03,2,1784934786.4440417,False,True,True,True,1784934777.3450835,0,False,0,0,False
1784849457.3002179,20,1784934796.4422529,37.49713893339437,0.7436736095216296,37.11795223926147,True,37.5,36.5,38.6,0.95,0.05,0.0,0.7,0.03,2,1784934806.5029516,False,True,True,False,1784934777.3450835,0,0,1,0,False
1784849457.3002179,20,1784934816.4814734,37.48645761806668,0.7437880521858549,37.096589608606095,True,37.5,36.5,38.6,0.95,0.05,0.0,0.7,0.03,2,1784934826.508665,False,False,True,False,1784934777.3450835,0,0,1,0,False
1784849457.3002179,20,1784934836.487705,37.49713893339437,0.7437880521858549,37.13130388342107,True,37.5,36.5,38.6,0.95,0.05,0.0,0.7,0.03,2,1784934846.515224,False,False,True,False,1784934777.3450835,0,0,1,0,False
1784849457.3002179,20,1784934856.494014,37.51583123521782,0.7436545357442589,37.14465552758068,True,37.5,36.5,38.6,0.95,0.05,0.0,0.7,0.03,2,1784934866.5222645,False,True,True,False,1784934777.3450835,0,False,0,0,False
1784849457.3002179,20,1784934876.5010092,37.50514991989013,0.7436545357442589,37.139314869916845,True,37.5,36.5,38.6,0.95,0.05,0.0,0.7,0.03,2,1784934886.5298865,False,False,True,False,1784934777.3450835,0,False,0,0,False
1784849457.3002179,20,1784934896.5089173,37.49446860456244,0.7435019455252919,37.13130388342107,True,37.5,36.5,38.6,0.95,0.05,0.0,0.7,0.03,2,1784934906.537546,False,True,True,False,1784934777.3450835,0,0,1,0,False
1784849457.3002179,20,1784934916.5165877,37.49980926222629,0.743616388189517,37.11795223926147,True,37.5,36.5,38.6,0.95,0.05,0.0,0.7,0.03,2,1784934926.544637,False,False,True,False,1784934777.3450835,0,0,1,0,False
1784849457.3002179,20,1784934936.523628,37.49446860456244,0.7438261997405966,37.12062256809338,True,37.5,36.5,38.6,0.95,0.05,0.0,0.7,0.03,2,1784934946.5559452,False,True,True,False,1784934777.3450835,0,0,1,0,False
1784849457.3002179,20,1784934956.5302162,37.50247959105822,0.7437117570763714,37.12329289692531,True,37.5,36.5,38.6,0.95,0.05,0.0,0.7,0.03,2,1784934966.5577557,False,True,True,True,1784934957.3450992,0,False,0,0,False
1784849457.3002179,20,1784934976.540369,37.513160906385906,0.7435591668574044,37.133974212252994,True,37.5,36.5,38.6,0.95,0.05,0.0,0.7,0.03,2,1784934986.5793557,False,False,True,False,1784934957.3450992,0,False,0,0,False
1784849457.3002179,20,1784934996.5518742,37.49713893339437,0.7438071259632258,37.11261158159762,True,37.5,36.5,38.6,0.95,0.05,0.0,0.7,0.03,2,1784935006.5828397,False,False,True,False,1784934957.3450992,0,0,1,0,False
1784849457.3002179,20,1784935016.5596786,37.513160906385906,0.7435591668574044,37.133974212252994,True,37.5,36.5,38.6,0.95,0.05,0.0,0.7,0.03,2,1784935026.5876791,False,True,True,False,1784934957.3450992,0,False,0,0,False
1784849457.3002179,20,1784935036.5679758,37.49713893339437,0.7437308308537424,37.12596322575723,True,37.5,36.5,38.6,0.95,0.05,0.0,0.7,0.03,2,1784935046.5956626,False,False,True,False,1784934957.3450992,0,0,1,0,False
1784849457.3002179,20,1784935056.5749764,37.50514991989013,0.7435973144121462,37.11261158159762,True,37.5,36.5,38.6,0.95,0.05,0.0,0.7,0.03,2,1784935066.601775,False,False,True,False,1784934957.3450992,0,False,0,0,False
1784849457.3002179,20,1784935076.5813763,37.489127946898606,0.7438643472953383,37.12329289692531,True,37.5,36.5,38.6,0.95,0.05,0.0,0.7,0.03,2,1784935086.6108692,False,True,True,False,1784934957.3450992,0,0,1,0,False
1784849457.3002179,20,1784935096.5876179,37.489127946898606,0.7437880521858549,37.115281910429545,True,37.5,36.5,38.6,0.95,0.05,0.0,0.7,0.03,2,1784935106.6145794,False,True,True,False,1784934957.3450992,0,0,1,0,False
1784849457.3002179,20,1784935116.5937397,37.52117189288167,0.7436354619668879,37.133974212252994,True,37.5,36.5,38.6,0.95,0.05,0.0,0.7,0.03,2,1784935126.621164,False,False,True,False,1784934957.3450992,0,False,0,0,False
1784849457.3002179,20,1784935136.6001031,37.50514991989013,0.7435973144121462,37.12062256809338,True,37.5,36.5,38.6,0.95,0.05,0.0,0.7,0.03,2,1784935146.6298008,False,True,True,True,1784935137.3451252,0,False,0,0,False
1784849457.3002179,20,1784935156.6065595,37.465094987411305,0.7437117570763714,37.08056763561456,True,37.5,36.5,38.6,0.95,0.05,0.0,0.7,0.03,2,1784935166.6342826,False,True,True,False,1784935137.3451252,0,0,1,0,False
1784849457.3002179,20,1784935176.6127343,37.465094987411305,0.7433875028610666,37.11261158159762,True,37.5,36.5,38.6,0.95,0.05,0.0,0.7,0.03,2,1784935186.6401448,False,False,True,False,1784935137.3451252,0,0,1,0,False
1784849457.3002179,20,1784935196.6189833,37.47577630273899,0.7438071259632258,37.096589608606095,True,37.5,36.5,38.6,0.95,0.05,0.0,0.7,0.03,2,1784935206.6500235,False,False,True,False,1784935137.3451252,0,0,1,0,False
1784849457.3002179,20,1784935216.6286802,37.47577630273899,0.7437117570763714,37.10727092393378,True,37.5,36.5,38.6,0.95,0.05,0.0,0.7,0.03,2,1784935226.6565528,False,False,True,False,1784935137.3451252,0,0,1,0,False
1784849457.3002179,20,1784935236.6349647,37.550545510032805,0.7439978637369344,37.14732585641261,True,37.5,36.5,38.6,0.95,0.05,0.0,0.7,0.03,2,1784935246.6623347,False,True,True,False,1784935137.3451252,0,False,0,0,False
1784849457.3002179,20,1784935256.6412318,37.54253452353704,0.743768978408484,37.133974212252994,True,37.5,36.5,38.6,0.95,0.05,0.0,0.7,0.03,2,1784935266.6692362,False,True,True,False,1784935137.3451252,0,False,0,0,False
1784849457.3002179,20,1784935276.647622,37.531853208209355,0.7436354619668879,37.133974212252994,True,37.5,36.5,38.6,0.95,0.05,0.0,0.7,0.03,2,1784935286.675171,False,False,True,False,1784935137.3451252,0,False,0,0,False
1784849457.3002179,20,1784935296.6542692,37.489127946898606,0.7437117570763714,37.12062256809338,True,37.5,36.5,38.6,0.95,0.05,0.0,0.7,0.03,2,1784935306.6816902,False,True,True,False,1784935137.3451252,0,0,1,0,False
1784849457.3002179,20,1784935316.6605074,37.483787289234755,0.7437499046311131,37.12863355458916,True,37.5,36.5,38.6,0.95,0.05,0.0,0.7,0.03,2,1784935326.6871855,False,False,True,True,1784935317.3451405,0,0,1,0,False
1784849457.3002179,20,1784935336.6667237,37.49446860456244,0.7434637979705501,37.13130388342107,True,37.5,36.5,38.6,0.95,0.05,0.0,0.7,0.03,2,1784935346.693834,False,False,True,False,1784935317.3451405,0,0,1,0,False
1784849457.3002179,20,1784935356.6728923,37.513160906385906,0.7438071259632258,37.12863355458916,True,37.5,36.5,38.6,0.95,0.05,0.0,0.7,0.03,2,1784935366.7003777,False,False,True,False,1784935317.3451405,0,False,0,0,False
1784849457.3002179,20,1784935376.6798418,37.513160906385906,0.7432539864194705,37.17135881589991,True,37.5,36.5,38.6,0.95,0.05,0.0,0.7,0.03,2,1784935386.7098734,False,False,True,False,1784935317.3451405,0,False,0,0,False
1784849457.3002179,20,1784935396.686956,37.52384222171359,0.7435973144121462,37.17135881589991,True,37.5,36.5,38.6,0.95,0.05,0.0,0.7,0.03,2,1784935406.7161138,False,False,True,False,1784935317.3451405,0,False,0,0,False
1784849457.3002179,20,1784935416.6935148,37.54520485236897,0.7440169375143053,37.11261158159762,True,37.5,36.5,38.6,0.95,0.05,0.0,0.7,0.03,2,1784935426.7206337,False,False,True,False,1784935317.3451405,0,False,0,0,False
1784849457.3002179,20,1784935436.6998334,37.49179827573053,0.7435400930800335,37.13664454108492,True,37.5,36.5,38.6,0.95,0.05,0.0,0.7,0.03,2,1784935446.727194,False,False,True,False,1784935317.3451405,0,0,1,0,False
1784849457.3002179,20,1784935456.7059646,37.47310597390707,0.7436736095216296,37.12329289692531,True,37.5,36.5,38.6,0.95,0.05,0.0,0.7,0.03,2,1784935466.7333355,False,True,True,False,1784935317.3451405,0,0,1,0,False
1784849457.3002179,20,1784935476.712786,37.46776531624323,0.7437308308537424,37.11261158159762,True,37.5,36.5,38.6,0.95,0.05,0.0,0.7,0.03,2,1784935486.7436726,False,True,True,False,1784935317.3451405,0,0,1,0,False
1784849457.3002179,20,1784935496.7202876,37.489127946898606,0.7438452735179675,37.109941252765694,True,37.5,36.5,38.6,0.95,0.05,0.0,0.7,0.03,2,1784935506.7486742,False,True,True,True,1784935497.3451693,0,0,1,0,False
1784849457.3002179,20,1784935516.7271967,37.49980926222629,0.7437880521858549,37.11795223926147,True,37.5,36.5,38.6,0.95,0.05,0.0,0.7,0.03,2,1784935526.7543755,False,True,True,False,1784935497.3451693,0,0,1,0,False
1784849457.3002179,20,1784935536.7333524,37.51583123521782,0.7437880521858549,37.13130388342107,True,37.5,36.5,38.6,0.95,0.05,0.0,0.7,0.03,2,1784935546.7604718,False,True,True,False,1784935497.3451693,0,False,0,0,False
1784849457.3002179,20,1784935556.7396743,37.53452353704128,0.7436926832990005,37.16067750057222,True,37.5,36.5,38.6,0.95,0.05,0.0,0.7,0.03,2,1784935566.7670102,False,True,True,False,1784935497.3451693,0,False,0,0,False
1784849457.3002179,20,1784935576.745996,37.513160906385906,0.7436545357442589,37.16067750057222,True,37.5,36.5,38.6,0.95,0.05,0.0,0.7,0.03,2,1784935586.773445,False,False,True,False,1784935497.3451693,0,False,0,0,False
1784849457.3002179,20,1784935596.7523203,37.481116960402844,0.743768978408484,37.133974212252994,True,37.5,36.5,38.6,0.95,0.05,0.0,0.7,0.03,2,1784935606.782505,False,True,True,False,1784935497.3451693,0,0,1,0,False
1784849457.3002179,20,1784935616.7587147,37.47577630273899,0.7436354619668879,37.14465552758068,True,37.5,36.5,38.6,0.95,0.05,0.0,0.7,0.03,2,1784935626.7931325,False,False,True,False,1784935497.3451693,0,0,1,0,False
1784849457.3002179,20,1784935636.768506,37.49713893339437,0.7439787899595636,37.152666514076444,True,37.5,36.5,38.6,0.95,0.05,0.0,0.7,0.03,2,1784935646.7956076,False,False,True,False,1784935497.3451693,0,0,1,0,False
1784849457.3002179,20,1784935656.7750347,37.50514991989013,0.7434637979705501,37.15533684290837,True,37.5,36.5,38.6,0.95,0.05,0.0,0.7,0.03,2,1784935666.8024943,False,False,True,False,1784935497.3451693,0,False,0,0,False
1784849457.3002179,20,1784935676.7814069,37.526512550545505,0.7437308308537424,37.182040131227595,True,37.5,36.5,38.6,0.95,0.05,0.0,0.7,0.03,2,1784935686.8192956,False,False,True,True,1784935677.3452048,0,False,0,0,False
1784849457.3002179,20,1784935696.78783,37.526512550545505,0.7435973144121462,37.14732585641261,True,37.5,36.5,38.6,0.95,0.05,0.0,0.7,0.03,2,1784935706.815268,False,False,True,False,1784935677.3452048,0,False,0,0,False
1784849457.3002179,20,1784935716.7942345,37.489127946898606,0.7437117570763714,37.14465552758068,True,37.5,36.5,38.6,0.95,0.05,0.0,0.7,0.03,2,1784935726.8216074,False,True,True,False,1784935677.3452048,0,0,1,0,False
1784849457.3002179,20,1784935736.8004465,37.49980926222629,0.7438452735179675,37.13664454108492,True,37.5,36.5,38.6,0.95,0.05,0.0,0.7,0.03,2,1784935746.8280103,False,False,True,False,1784935677.3452048,0,0,1,0,False
1784849457.3002179,20,1784935756.8067875,37.48645761806668,0.7437880521858549,37.139314869916845,True,37.5,36.5,38.6,0.95,0.05,0.0,0.7,0.03,2,1784935766.8342023,False,False,True,False,1784935677.3452048,0,0,1,0,False
1784849457.3002179,20,1784935776.8131437,37.52384222171359,0.7438643472953383,37.17135881589991,True,37.5,36.5,38.6,0.95,0.05,0.0,0.7,0.03,2,1784935786.8417172,False,True,True,False,1784935677.3452048,0,False,0,0,False
1784849457.3002179,20,1784935796.8202627,37.507820248722055,0.7438643472953383,37.15533684290837,True,37.5,36.5,38.6,0.95,0.05,0.0,0.7,0.03,2,1784935806.848987,False,False,True,False,1784935677.3452048,0,False,0,0,False
1784849457.3002179,20,1784935816.8285086,37.49713893339437,0.743921568627451,37.14465552758068,True,37.5,36.5,38.6,0.95,0.05,0.0,0.7,0.03,2,1784935826.8581905,False,False,True,False,1784935677.3452048,0,0,1,0,False
1784849457.3002179,20,1784935836.8366437,37.49179827573053,0.7439024948500801,37.13130388342107,True,37.5,36.5,38.6,0.95,0.05,0.0,0.7,0.03,2,1784935846.868755,False,True,True,False,1784935677.3452048,0,0,1,0,False
1784849457.3002179,20,1784935856.8441796,37.489127946898606,0.7437499046311131,37.14465552758068,True,37.5,36.5,38.6,0.95,0.05,0.0,0.7,0.03,2,1784935866.8729868,False,True,True,True,1784935857.345223,0,0,1,0,False
1784849457.3002179,20,1784935876.8511906,37.49980926222629,0.7436354619668879,37.12863355458916,True,37.5,36.5,38.6,0.95,0.05,0.0,0.7,0.03,2,1784935886.8786442,False,False,True,False,1784935857.345223,0,0,1,0,False
1784849457.3002179,20,1784935896.8573415,37.49980926222629,0.7435400930800335,37.13130388342107,True,37.5,36.5,38.6,0.95,0.05,0.0,0.7,0.03,2,1784935906.884703,False,True,True,False,1784935857.345223,0,0,1,0,False
1784849457.3002179,20,1784935916.8636396,37.49980926222629,0.7436736095216296,37.14465552758068,True,37.5,36.5,38.6,0.95,0.05,0.0,0.7,0.03,2,1784935926.8924787,False,True,True,False,1784935857.345223,0,0,1,0,False
1784849457.3002179,20,1784935936.869873,37.531853208209355,0.7439597161821928,37.152666514076444,True,37.5,36.5,38.6,0.95,0.05,0.0,0.7,0.03,2,1784935946.8968947,False,False,True,False,1784935857.345223,0,False,0,0,False
1784849457.3002179,20,1784935956.876218,37.53452353704128,0.743616388189517,37.14465552758068,True,37.5,36.5,38.6,0.95,0.05,0.0,0.7,0.03,2,1784935966.9035897,False,False,True,False,1784935857.345223,0,False,0,0,False
1784849457.3002179,20,1784935976.8833516,37.507820248722055,0.743768978408484,37.133974212252994,True,37.5,36.5,38.6,0.95,0.05,0.0,0.7,0.03,2,1784935986.9122202,False,True,True,False,1784935857.345223,0,False,0,0,False
1784849457.3002179,20,1784935996.8911974,37.470435645075156,0.7437880521858549,37.11795223926147,True,37.5,36.5,38.6,0.95,0.05,0.0,0.7,0.03,2,1784936006.920019,False,True,True,False,1784935857.345223,0,0,1,0,False
1784849457.3002179,20,1784936016.8983083,37.481116960402844,0.7438261997405966,37.12329289692531,True,37.5,36.5,38.6,0.95,0.05,0.0,0.7,0.03,2,1784936026.925998,False,False,True,False,1784935857.345223,0,0,1,0,False
1784849457.3002179,20,1784936036.9045067,37.48645761806668,0.7435591668574044,37.14732585641261,True,37.5,36.5,38.6,0.95,0.05,0.0,0.7,0.03,2,1784936046.9319384,False,True,True,True,1784936037.3452625,0,0,1,0,False
1784849457.3002179,20,1784936056.9113004,37.489127946898606,0.7437880521858549,37.12329289692531,True,37.5,36.5,38.6,0.95,0.05,0.0,0.7,0.03,2,1784936066.9392824,False,False,True,False,1784936037.3452625,0,0,1,0,False
1784849457.3002179,20,1784936076.9216754,37.50514991989013,0.7437499046311131,37.12863355458916,True,37.5,36.5,38.6,0.95,0.05,0.0,0.7,0.03,2,1784936086.9606783,False,False,True,False,1784936037.3452625,0,False,0,0,False
1784849457.3002179,20,1784936096.9322283,37.53719386587319,0.7437499046311131,37.158007171740294,True,37.5,36.5,38.6,0.95,0.05,0.0,0.7,0.03,2,1784936106.9597087,False,False,True,False,1784936037.3452625,0,False,0,0,False
1784849457.3002179,20,1784936116.9386744,37.55321583886473,0.7437499046311131,37.15533684290837,True,37.5,36.5,38.6,0.95,0.05,0.0,0.7,0.03,2,1784936126.9685764,False,True,True,False,1784936037.3452625,0,False,0,0,False
1784849457.3002179,20,1784936136.9451902,37.51049057755398,0.7435591668574044,37.158007171740294,True,37.5,36.5,38.6,0.95,0.05,0.0,0.7,0.03,2,1784936146.972373,False,True,True,False,1784936037.3452625,0,False,0,0,False
1784849457.3002179,20,1784936156.9515796,37.49179827573053,0.7437880521858549,37.14465552758068,True,37.5,36.5,38.6,0.95,0.05,0.0,0.7,0.03,2,1784936166.978989,False,True,True,False,1784936037.3452625,0,0,1,0,False
1784849457.3002179,20,1784936176.957814,37.48645761806668,0.7437499046311131,37.12329289692531,True,37.5,36.5,38.6,0.95,0.05,0.0,0.7,0.03,2,1784936186.9860454,False,True,True,False,1784936037.3452625,0,0,1,0,False
1784849457.3002179,20,1784936196.9640832,37.48645761806668,0.7437308308537424,37.12863355458916,True,37.5,36.5,38.6,0.95,0.05,0.0,0.7,0.03,2,1784936206.9921331,False,False,True,False,1784936037.3452625,0,0,1,0,False
1784849457.3002179,20,1784936216.970957,37.49713893339437,0.7438643472953383,37.133974212252994,True,37.5,36.5,38.6,0.95,0.05,0.0,0.7,0.03,2,1784936226.9998825,False,False,True,True,1784936217.345274,0,0,1,0,False
1784849457.3002179,20,1784936236.9784925,37.513160906385906,0.7438071259632258,37.152666514076444,True,37.5,36.5,38.6,0.95,0.05,0.0,0.7,0.03,2,1784936247.007146,False,True,True,False,1784936217.345274,0,False,0,0,False
1784849457.3002179,20,1784936256.9855304,37.526512550545505,0.7439406424048218,37.139314869916845,True,37.5,36.5,38.6,0.95,0.05,0.0,0.7,0.03,2,1784936267.0125325,False,False,True,False,1784936217.345274,0,False,0,0,False
1784849457.3002179,20,1784936276.992579,37.526512550545505,0.7438643472953383,37.16601815823606,True,37.5,36.5,38.6,0.95,0.05,0.0,0.7,0.03,2,1784936287.0206487,False,False,True,False,1784936217.345274,0,False,0,0,False
1784849457.3002179,20,1784936296.999633,37.531853208209355,0.7439978637369344,37.158007171740294,True,37.5,36.5,38.6,0.95,0.05,0.0,0.7,0.03,2,1784936307.0312748,False,False,True,False,1784936217.345274,0,False,0,0,False
1784849457.3002179,20,1784936317.0063007,37.47310597390707,0.7435400930800335,37.12863355458916,True,37.5,36.5,38.6,0.95,0.05,0.0,0.7,0.03,2,1784936327.0336642,False,False,True,False,1784936217.345274,0,0,1,0,False
1784849457.3002179,20,1784936337.0124671,37.47310597390707,0.7438261997405966,37.109941252765694,True,37.5,36.5,38.6,0.95,0.05,0.0,0.7,0.03,2,1784936347.040033,False,True,True,False,1784936217.345274,0,0,1,0,False
1784849457.3002179,20,1784936357.0194778,37.481116960402844,0.7436354619668879,37.14465552758068,True,37.5,36.5,38.6,0.95,0.05,0.0,0.7,0.03,2,1784936367.0480988,False,False,True,False,1784936217.345274,0,0,1,0,False
1784849457.3002179,20,1784936377.027093,37.52384222171359,0.7436926832990005,37.12863355458916,True,37.5,36.5,38.6,0.95,0.05,0.0,0.7,0.03,2,1784936387.0552213,False,False,True,False,1784936217.345274,0,False,0,0,False
1784849457.3002179,20,1784936397.034466,37.49713893339437,0.743921568627451,37.15533684290837,True,37.5,36.5,38.6,0.95,0.05,0.0,0.7,0.03,2,1784936407.0621703,False,True,True,True,1784936397.3452907,0,0,1,0,False
1784849457.3002179,20,1784936417.0405855,37.48645761806668,0.7438643472953383,37.12329289692531,True,37.5,36.5,38.6,0.95,0.05,0.0,0.7,0.03,2,1784936427.068039,False,False,True,False,1784936397.3452907,0,0,1,0,False
1784849457.3002179,20,1784936437.0474942,37.52384222171359,0.7436926832990005,37.115281910429545,True,37.5,36.5,38.6,0.95,0.05,0.0,0.7,0.03,2,1784936447.0755458,False,False,True,False,1784936397.3452907,0,False,0,0,False
1784849457.3002179,20,1784936457.055121,37.526512550545505,0.743616388189517,37.14999618524453,True,37.5,36.5,38.6,0.95,0.05,0.0,0.7,0.03,2,1784936467.0870502,False,False,True,False,1784936397.3452907,0,False,0,0,False
1784849457.3002179,20,1784936477.0622475,37.51049057755398,0.7438261997405966,37.14999618524453,True,37.5,36.5,38.6,0.95,0.05,0.0,0.7,0.03,2,1784936487.08983,False,False,True,False,1784936397.3452907,0,False,0,0,False
1784849457.3002179,20,1784936497.0689385,37.50514991989013,0.7435973144121462,37.12596322575723,True,37.5,36.5,38.6,0.95,0.05,0.0,0.7,0.03,2,1784936507.0982084,False,False,True,False,1784936397.3452907,0,False,0,0,False
1784849457.3002179,20,1784936517.075286,37.47844663157092,0.7437117570763714,37.12863355458916,True,37.5,36.5,38.6,0.95,0.05,0.0,0.7,0.03,2,1784936527.10276,False,False,True,False,1784936397.3452907,0,0,1,0,False
1784849457.3002179,20,1784936537.0814884,37.46776531624323,0.7438261997405966,37.13130388342107,True,37.5,36.5,38.6,0.95,0.05,0.0,0.7,0.03,2,1784936547.1113358,False,False,True,False,1784936397.3452907,0,0,1,0,False
1784849457.3002179,20,1784936557.0884328,37.48645761806668,0.7437308308537424,37.14465552758068,True,37.5,36.5,38.6,0.95,0.05,0.0,0.7,0.03,2,1784936567.1171458,False,True,True,False,1784936397.3452907,0,0,1,0,False
1784849457.3002179,20,1784936577.0960155,37.49713893339437,0.7439406424048218,37.12863355458916,True,37.5,36.5,38.6,0.95,0.05,0.0,0.7,0.03,2,1784936587.1238365,False,False,True,True,1784936577.3452988,0,0,1,0,False
1784849457.3002179,20,1784936597.1032436,37.52384222171359,0.7435973144121462,37.14465552758068,True,37.5,36.5,38.6,0.95,0.05,0.0,0.7,0.03,2,1784936607.131055,False,False,True,False,1784936577.3452988,0,False,0,0,False
1784849457.3002179,20,1784936617.1096787,37.50247959105822,0.7435591668574044,37.12863355458916,True,37.5,36.5,38.6,0.95,0.05,0.0,0.7,0.03,2,1784936627.141999,False,True,True,False,1784936577.3452988,0,False,0,0,False
1784849457.3002179,20,1784936637.1168292,37.50247959105822,0.7437117570763714,37.13130388342107,True,37.5,36.5,38.6,0.95,0.05,0.0,0.7,0.03,2,1784936647.1447554,False,False,True,False,1784936577.3452988,0,False,0,0,False
1784849457.3002179,20,1784936657.1234732,37.489127946898606,0.7436545357442589,37.11795223926147,True,37.5,36.5,38.6,0.95,0.05,0.0,0.7,0.03,2,1784936667.1507738,False,True,True,False,1784936577.3452988,0,0,1,0,False
1784849457.3002179,20,1784936677.130292,37.47310597390707,0.7439406424048218,37.12329289692531,True,37.5,36.5,38.6,0.95,0.05,0.0,0.7,0.03,2,1784936687.1588404,False,True,True,False,1784936577.3452988,0,0,1,0,False
1784849457.3002179,20,1784936697.1378505,37.51583123521782,0.7438834210727093,37.14732585641261,True,37.5,36.5,38.6,0.95,0.05,0.0,0.7,0.03,2,1784936707.1664133,False,False,True,False,1784936577.3452988,0,False,0,0,False
1784849457.3002179,20,1784936717.1449354,37.526512550545505,0.7436926832990005,37.16067750057222,True,37.5,36.5,38.6,0.95,0.05,0.0,0.7,0.03,2,1784936727.174047,False,False,True,False,1784936577.3452988,0,False,0,0,False
1784849457.3002179,20,1784936737.1513436,37.526512550545505,0.743616388189517,37.152666514076444,True,37.5,36.5,38.6,0.95,0.05,0.0,0.7,0.03,2,1784936747.1809778,False,True,True,False,1784936577.3452988,0,False,0,0,False
1784849457.3002179,20,1784936757.1579611,37.47577630273899,0.7438834210727093,37.14465552758068,True,37.5,36.5,38.6,0.95,0.05,0.0,0.7,0.03,2,1784936767.1854556,False,False,True,True,1784936757.3453357,0,0,1,0,False
1784849457.3002179,20,1784936777.1648848,37.470435645075156,0.7439406424048218,37.14465552758068,True,37.5,36.5,38.6,0.95,0.05,0.0,0.7,0.03,2,1784936787.1942909,False,False,True,False,1784936757.3453357,0,0,1,0,False
1784849457.3002179,20,1784936797.1717606,37.49713893339437,0.7437499046311131,37.14465552758068,True,37.5,36.5,38.6,0.95,0.05,0.0,0.7,0.03,2,1784936807.1988785,False,True,True,False,1784936757.3453357,0,0,1,0,False
1784849457.3002179,20,1784936817.178251,37.54520485236897,0.7438834210727093,37.14465552758068,True,37.5,36.5,38.6,0.95,0.05,0.0,0.7,0.03,2,1784936827.2056718,False,True,True,False,1784936757.3453357,0,False,0,0,False
1784849457.3002179,20,1784936837.1845305,37.50247959105822,0.7438261997405966,37.16868848706798,True,37.5,36.5,38.6,0.95,0.05,0.0,0.7,0.03,2,1784936847.211832,False,True,True,False,1784936757.3453357,0,False,0,0,False
1784849457.3002179,20,1784936857.190908,37.49980926222629,0.7438834210727093,37.15533684290837,True,37.5,36.5,38.6,0.95,0.05,0.0,0.7,0.03,2,1784936867.217778,False,False,True,False,1784936757.3453357,0,0,1,0,False
1784849457.3002179,20,1784936877.197138,37.51583123521782,0.7436545357442589,37.17135881589991,True,37.5,36.5,38.6,0.95,0.05,0.0,0.7,0.03,2,1784936887.2270467,False,False,True,False,1784936757.3453357,0,False,0,0,False
1784849457.3002179,20,1784936897.2036033,37.49980926222629,0.7437308308537424,37.14732585641261,True,37.5,36.5,38.6,0.95,0.05,0.0,0.7,0.03,2,1784936907.2332156,False,False,True,False,1784936757.3453357,0,0,1,0,False
1784849457.3002179,20,1784936917.2101738,37.51049057755398,0.7439406424048218,37.16067750057222,True,37.5,36.5,38.6,0.95,0.05,0.0,0.7,0.03,2,1784936927.242379,False,True,True,False,1784936757.3453357,0,False,0,0,False
1784849457.3002179,20,1784936937.2167604,37.489127946898606,0.7436545357442589,37.12596322575723,True,37.5,36.5,38.6,0.95,0.05,0.0,0.7,0.03,2,1784936947.2460535,False,True,True,True,1784936937.3453553,0,0,1,0,False
1784849457.3002179,20,1784936957.2234123,37.470435645075156,0.7436926832990005,37.133974212252994,True,37.5,36.5,38.6,0.95,0.05,0.0,0.7,0.03,2,1784936967.2509727,False,False,True,False,1784936937.3453553,0,0,1,0,False
1784849457.3002179,20,1784936977.2297802,37.48645761806668,0.7438643472953383,37.11795223926147,True,37.5,36.5,38.6,0.95,0.05,0.0,0.7,0.03,2,1784936987.2617254,False,True,True,False,1784936937.3453553,0,0,1,0,False
1784849457.3002179,20,1784936997.2363548,37.48645761806668,0.7436354619668879,37.139314869916845,True,37.5,36.5,38.6,0.95,0.05,0.0,0.7,0.03,2,1784937007.2635407,False,True,True,False,1784936937.3453553,0,0,1,0,False
1784849457.3002179,20,1784937017.2427392,37.51850156404974,0.7437499046311131,37.14465552758068,True,37.5,36.5,38.6,0.95,0.05,0.0,0.7,0.03,2,1784937027.2715857,False,True,True,False,1784936937.3453553,0,False,0,0,False
1784849457.3002179,20,1784937037.2490551,37.54520485236897,0.7439978637369344,37.158007171740294,True,37.5,36.5,38.6,0.95,0.05,0.0,0.7,0.03,2,1784937047.2765315,False,False,True,False,1784936937.3453553,0,False,0,0,False
1784849457.3002179,20,1784937057.256113,37.54253452353704,0.7438452735179675,37.182040131227595,True,37.5,36.5,38.6,0.95,0.05,0.0,0.7,0.03,2,1784937067.2853131,False,False,True,False,1784936937.3453553,0,False,0,0,False
1784849457.3002179,20,1784937077.2638755,37.49980926222629,0.7437499046311131,37.15533684290837,True,37.5,36.5,38.6,0.95,0.05,0.0,0.7,0.03,2,1784937087.2913415,False,False,True,False,1784936937.3453553,0,0,1,0,False
1784849457.3002179,20,1784937097.2708669,37.489127946898606,0.7437880521858549,37.109941252765694,True,37.5,36.5,38.6,0.95,0.05,0.0,0.7,0.03,2,1784937107.298835,False,True,True,False,1784936937.3453553,0,0,1,0,False
1784849457.3002179,20,1784937117.2777994,37.47310597390707,0.7437117570763714,37.11261158159762,True,37.5,36.5,38.6,0.95,0.05,0.0,0.7,0.03,2,1784937127.3058438,False,True,True,True,1784937117.3454032,0,0,1,0,False
1784849457.3002179,20,1784937137.2847571,37.46242465857938,0.7437308308537424,37.12062256809338,True,37.5,36.5,38.6,0.95,0.05,0.0,0.7,0.03,2,1784937147.317613,False,False,True,False,1784937117.3454032,0,0,1,0,False
1784849457.3002179,20,1784937157.2952125,37.481116960402844,0.7438261997405966,37.11795223926147,True,37.5,36.5,38.6,0.95,0.05,0.0,0.7,0.03,2,1784937167.3236144,False,False,True,False,1784937117.3454032,0,0,1,0,False
1784849457.3002179,20,1784937177.3021235,37.49179827573053,0.7440932326237888,37.14465552758068,True,37.5,36.5,38.6,0.95,0.05,0.0,0.7,0.03,2,1784937187.3301477,False,True,True,False,1784937117.3454032,0,0,1,0,False
1784849457.3002179,20,1784937197.3083463,37.52384222171359,0.743768978408484,37.17135881589991,True,37.5,36.5,38.6,0.95,0.05,0.0,0.7,0.03,2,1784937207.335759,False,False,True,False,1784937117.3454032,0,False,0,0,False
1784849457.3002179,20,1784937217.3147435,37.53452353704128,0.7439597161821928,37.16601815823606,True,37.5,36.5,38.6,0.95,0.05,0.0,0.7,0.03,2,1784937227.3421168,False,False,True,False,1784937117.3454032,0,False,0,0,False
1784849457.3002179,20,1784937237.3210344,37.53452353704128,0.7439978637369344,37.17402914473182,True,37.5,36.5,38.6,0.95,0.05,0.0,0.7,0.03,2,1784937247.348418,False,True,True,False,1784937117.3454032,0,False,0,0,False
1784849457.3002179,20,1784937257.3274076,37.51049057755398,0.7436736095216296,37.15533684290837,True,37.5,36.5,38.6,0.95,0.05,0.0,0.7,0.03,2,1784937267.3548152,False,True,True,False,1784937117.3454032,0,False,0,0,False
1784849457.3002179,20,1784937277.3337493,37.47844663157092,0.7438452735179675,37.139314869916845,True,37.5,36.5,38.6,0.95,0.05,0.0,0.7,0.03,2,1784937287.3686643,False,False,True,False,1784937117.3454032,0,0,1,0,False
1784849457.3002179,20,1784937297.3399568,37.45174334325169,0.743921568627451,37.13664454108492,True,37.5,36.5,38.6,0.95,0.05,0.0,0.7,0.03,2,1784937307.367234,False,False,True,True,1784937297.367458,0,0,1,0,False
1784849457.3002179,20,1784937317.3461866,37.41969939726863,0.7435591668574044,37.11261158159762,True,37.5,36.5,38.6,0.95,0.05,0.0,0.7,0.03,2,1784937327.37602,False,True,True,False,1784937297.367458,0,0,1,0,False
1784849457.3002179,20,1784937337.352645,37.45708400091554,0.7436354619668879,37.12062256809338,True,37.5,36.5,38.6,0.95,0.05,0.0,0.7,0.03,2,1784937347.3798635,False,True,True,False,1784937297.367458,0,0,1,0,False
1784849457.3002179,20,1784937357.3590024,37.49713893339437,0.7436354619668879,37.12863355458916,True,37.5,36.5,38.6,0.95,0.05,0.0,0.7,0.03,2,1784937367.3871245,False,False,True,False,1784937297.367458,0,0,1,0,False
1784849457.3002179,20,1784937377.3653884,37.49713893339437,0.7436736095216296,37.14465552758068,True,37.5,36.5,38.6,0.95,0.05,0.0,0.7,0.03,2,1784937387.3928347,False,True,True,False,1784937297.367458,0,0,1,0,False
1784849457.3002179,20,1784937397.3716416,37.53452353704128,0.7438261997405966,37.17135881589991,True,37.5,36.5,38.6,0.95,0.05,0.0,0.7,0.03,2,1784937407.3999536,False,True,True,False,1784937297.367458,0,False,0,0,False
1784849457.3002179,20,1784937417.3780735,37.54520485236897,0.7437308308537424,37.17135881589991,True,37.5,36.5,38.6,0.95,0.05,0.0,0.7,0.03,2,1784937427.4066634,False,True,True,False,1784937297.367458,0,False,0,0,False
1784849457.3002179,20,1784937437.3843803,37.52384222171359,0.7436926832990005,37.158007171740294,True,37.5,36.5,38.6,0.95,0.05,0.0,0.7,0.03,2,1784937447.412808,False,True,True,False,1784937297.367458,0,False,0,0,False
1784849457.3002179,20,1784937457.3913982,37.49446860456244,0.743921568627451,37.15533684290837,True,37.5,36.5,38.6,0.95,0.05,0.0,0.7,0.03,2,1784937467.420366,False,False,True,True,1784937477.3674994,0,0,1,0,False
1784849457.3002179,20,1784937477.3991046,37.46776531624323,0.743921568627451,37.12863355458916,True,37.5,36.5,38.6,0.95,0.05,0.0,0.7,0.03,2,1784937487.4283805,False,False,True,True,1784937477.3674994,0,0,1,0,False
1784849457.3002179,20,1784937497.407031,37.46242465857938,0.743616388189517,37.115281910429545,True,37.5,36.5,38.6,0.95,0.05,0.0,0.7,0.03,2,1784937507.4357815,False,True,True,False,1784937477.3674994,0,0,1,0,False
1784849457.3002179,20,1784937517.4146442,37.47310597390707,0.7437499046311131,37.10727092393378,True,37.5,36.5,38.6,0.95,0.05,0.0,0.7,0.03,2,1784937527.4427822,False,True,True,False,1784937477.3674994,0,0,1,0,False
1784849457.3002179,20,1784937537.421931,37.49980926222629,0.7436354619668879,37.141985198748756,True,37.5,36.5,38.6,0.95,0.05,0.0,0.7,0.03,2,1784937547.449163,False,False,True,False,1784937477.3674994,0,0,1,0,False
1784849457.3002179,20,1784937557.4287937,37.54520485236897,0.7440360112916763,37.14465552758068,True,37.5,36.5,38.6,0.95,0.05,0.0,0.7,0.03,2,1784937567.4569776,False,True,True,False,1784937477.3674994,0,False,0,0,False
1784849457.3002179,20,1784937577.4360003,37.53986419470512,0.7438452735179675,37.18738078889143,True,37.5,36.5,38.6,0.95,0.05,0.0,0.7,0.03,2,1784937587.4636536,False,False,True,False,1784937477.3674994,0,False,0,0,False
1784849457.3002179,20,1784937597.442587,37.52384222171359,0.743768978408484,37.15533684290837,True,37.5,36.5,38.6,0.95,0.05,0.0,0.7,0.03,2,1784937607.4703228,False,False,True,False,1784937477.3674994,0,False,0,0,False
1784849457.3002179,20,1784937617.4495845,37.507820248722055,0.7437499046311131,37.16601815823606,True,37.5,36.5,38.6,0.95,0.05,0.0,0.7,0.03,2,1784937627.4797218,True,True,True,False,1784937477.3674994,0,False,0,0,False
1784849457.3002179,20,1784937637.4581969,37.49179827573053,0.7436926832990005,37.14732585641261,True,37.5,36.5,38.6,0.95,0.05,0.0,0.7,0.03,2,1784937647.4875178,True,True,True,True,1784937657.367531,0,0,1,0,False
1784849457.3002179,20,1784937657.470375,37.47310597390707,0.743616388189517,37.10193026626993,True,37.5,36.5,38.6,0.95,0.05,0.0,0.7,0.03,2,1784937667.5027132,True,False,True,True,1784937657.367531,0,0,1,0,False
1784849457.3002179,20,1784937677.4783223,37.51049057755398,0.743768978408484,37.10193026626993,True,37.5,36.5,38.6,0.95,0.05,0.0,0.7,0.03,2,1784937687.5055826,True,True,True,False,1784937657.367531,0,False,0,0,False
1784849457.3002179,20,1784937697.4845865,37.50514991989013,0.7436545357442589,37.12596322575723,True,37.5,36.5,38.6,0.95,0.05,0.0,0.7,0.03,2,1784937707.5180767,True,True,True,False,1784937657.367531,0,False,0,0,False
1784849457.3002179,20,1784937717.4909487,37.52117189288167,0.7440360112916763,37.091248950942244,True,37.5,36.5,38.6,0.95,0.05,0.0,0.7,0.03,2,1784937727.5187902,True,False,True,False,1784937657.367531,0,False,0,0,False
1784849457.3002179,20,1784937737.4972355,37.50514991989013,0.7436545357442589,37.099259937438006,True,37.5,36.5,38.6,0.95,0.05,0.0,0.7,0.03,2,1784937747.5274775,True,True,True,False,1784937657.367531,0,False,0,0,False
1784849457.3002179,20,1784937757.5052829,37.49179827573053,0.7439024948500801,37.11261158159762,True,37.5,36.5,38.6,0.95,0.05,0.0,0.7,0.03,2,1784937767.534717,True,True,True,False,1784937657.367531,0,0,1,0,False
1784849457.3002179,20,1784937777.5136745,37.507820248722055,0.7438452735179675,37.091248950942244,True,37.5,36.5,38.6,0.95,0.05,0.0,0.7,0.03,2,1784937787.5445087,True,False,True,False,1784937657.367531,0,False,0,0,False
1784849457.3002179,20,1784937797.5218446,37.52384222171359,0.743616388189517,37.10193026626993,True,37.5,36.5,38.6,0.95,0.05,0.0,0.7,0.03,2,1784937807.5490294,True,True,True,False,1784937657.367531,0,False,0,0,False
1784849457.3002179,20,1784937817.5295818,37.49179827573053,0.7438452735179675,37.06988632028687,True,37.5,36.5,38.6,0.95,0.05,0.0,0.7,0.03,2,1784937827.5582082,True,True,True,True,1784937837.3675535,0,0,1,0,False
1784849457.3002179,20,1784937837.536881,37.49713893339437,0.7439406424048218,37.09391927977417,True,37.5,36.5,38.6,0.95,0.05,0.0,0.7,0.03,2,1784937847.5637221,True,False,True,True,1784937837.3675535,0,0,1,0,False
1784849457.3002179,20,1784937857.5430765,37.46242465857938,0.7435973144121462,37.06454566262303,True,37.5,36.5,38.6,0.95,0.05,0.0,0.7,0.03,2,1784937867.5720236,True,True,True,False,1784937837.3675535,0,0,1,0,False
1784849457.3002179,20,1784937877.5498538,37.489127946898606,0.7439978637369344,37.06988632028687,True,37.5,36.5,38.6,0.95,0.05,0.0,0.7,0.03,2,1784937887.5767348,True,False,True,False,1784937837.3675535,0,0,1,0,False
1784849457.3002179,20,1784937897.5560446,37.49980926222629,0.7436354619668879,37.09391927977417,True,37.5,36.5,38.6,0.95,0.05,0.0,0.7,0.03,2,1784937907.5830688,True,True,True,False,1784937837.3675535,0,0,1,0,False
1784849457.3002179,20,1784937917.5622966,37.52117189288167,0.7439597161821928,37.10727092393378,True,37.5,36.5,38.6,0.95,0.05,0.0,0.7,0.03,2,1784937927.5900207,True,True,True,False,1784937837.3675535,0,False,0,0,False
1784849457.3002179,20,1784937937.5685985,37.53719386587319,0.7440169375143053,37.109941252765694,True,37.5,36.5,38.6,0.95,0.05,0.0,0.7,0.03,2,1784937947.5960486,True,True,True,False,1784937837.3675535,0,False,0,0,False
1784849457.3002179,20,1784937957.574998,37.555886167696656,0.7439406424048218,37.08590829327841,True,37.5,36.5,38.6,0.95,0.05,0.0,0.7,0.03,2,1784937967.607334,True,False,True,False,1784937837.3675535,0,False,0,0,False
1784849457.3002179,20,1784937977.584358,37.507820248722055,0.7440169375143053,37.091248950942244,True,37.5,36.5,38.6,0.95,0.05,0.0,0.7,0.03,2,1784937987.6140196,True,True,True,False,1784937837.3675535,0,False,0,0,False
1784849457.3002179,20,1784937997.5929031,37.49179827573053,0.743921568627451,37.07522697795072,True,37.5,36.5,38.6,0.95,0.05,0.0,0.7,0.03,2,1784938007.620399,True,True,True,True,1784938017.3675854,0,0,1,0,False
1784849457.3002179,20,1784938017.5992491,37.45975432974747,0.7438452735179675,37.053864347295345,True,37.5,36.5,38.6,0.95,0.05,0.0,0.7,0.03,2,1784938027.6295438,True,True,True,True,1784938017.3675854,0,0,1,0,False
1784849457.3002179,20,1784938037.6057053,37.44373235675593,0.7438071259632258,37.04051270313573,True,37.5,36.5,38.6,0.95,0.05,0.0,0.7,0.03,2,1784938047.634693,True,True,True,False,1784938017.3675854,0,0,1,0,False
1784849457.3002179,20,1784938057.611961,37.46242465857938,0.7436545357442589,37.05920500495918,True,37.5,36.5,38.6,0.95,0.05,0.0,0.7,0.03,2,1784938067.6400735,True,True,True,False,1784938017.3675854,0,0,1,0,False
1784849457.3002179,20,1784938077.6183808,37.489127946898606,0.7436736095216296,37.06988632028687,True,37.5,36.5,38.6,0.95,0.05,0.0,0.7,0.03,2,1784938087.64539,True,False,True,False,1784938017.3675854,0,0,1,0,False
1784849457.3002179,20,1784938097.6244845,37.531853208209355,0.7438071259632258,37.09391927977417,True,37.5,36.5,38.6,0.95,0.05,0.0,0.7,0.03,2,1784938107.6518307,True,False,True,False,1784938017.3675854,0,False,0,0,False
1784849457.3002179,20,1784938117.6307948,37.53719386587319,0.7440360112916763,37.10727092393378,True,37.5,36.5,38.6,0.95,0.05,0.0,0.7,0.03,2,1784938127.6574783,True,True,True,False,1784938017.3675854,0,False,0,0,False
1784849457.3002179,20,1784938137.637083,37.55321583886473,0.7437880521858549,37.12062256809338,True,37.5,36.5,38.6,0.95,0.05,0.0,0.7,0.03,2,1784938147.664505,True,True,True,False,1784938017.3675854,0,False,0,0,False
1784849457.3002179,20,1784938157.6434577,37.52918287937743,0.743768978408484,37.10727092393378,True,37.5,36.5,38.6,0.95,0.05,0.0,0.7,0.03,2,1784938167.6708167,True,False,True,False,1784938017.3675854,0,False,0,0,False
1784849457.3002179,20,1784938177.6497123,37.49713893339437,0.7437499046311131,37.08056763561456,True,37.5,36.5,38.6,0.95,0.05,0.0,0.7,0.03,2,1784938187.6765325,True,True,True,True,1784938197.367611,0,0,1,0,False
1784849457.3002179,20,1784938197.6560133,37.481116960402844,0.7440169375143053,37.053864347295345,True,37.5,36.5,38.6,0.95,0.05,0.0,0.7,0.03,2,1784938207.6833994,True,False,True,True,1784938197.367611,0,0,1,0,False
1784849457.3002179,20,1784938217.6622415,37.465094987411305,0.7436736095216296,37.053864347295345,True,37.5,36.5,38.6,0.95,0.05,0.0,0.7,0.03,2,1784938227.689728,True,True,True,False,1784938197.367611,0,0,1,0,False
1784849457.3002179,20,1784938237.668395,37.470435645075156,0.7436736095216296,37.072556649118795,True,37.5,36.5,38.6,0.95,0.05,0.0,0.7,0.03,2,1784938247.695875,True,True,True,False,1784938197.367611,0,0,1,0,False
1784849457.3002179,20,1784938257.6747012,37.483787289234755,0.743768978408484,37.06454566262303,True,37.5,36.5,38.6,0.95,0.05,0.0,0.7,0.03,2,1784938267.7021415,True,False,True,False,1784938197.367611,0,0,1,0,False
1784849457.3002179,20,1784938277.6809294,37.51583123521782,0.7438834210727093,37.08056763561456,True,37.5,36.5,38.6,0.95,0.05,0.0,0.7,0.03,2,1784938287.7083373,True,True,True,False,1784938197.367611,0,False,0,0,False
1784849457.3002179,20,1784938297.6872923,37.51583123521782,0.7437880521858549,37.09391927977417,True,37.5,36.5,38.6,0.95,0.05,0.0,0.7,0.03,2,1784938307.7162642,True,True,True,False,1784938197.367611,0,False,0,0,False
1784849457.3002179,20,1784938317.6948533,37.51049057755398,0.7438834210727093,37.06988632028687,True,37.5,36.5,38.6,0.95,0.05,0.0,0.7,0.03,2,1784938327.7259448,True,True,True,False,1784938197.367611,0,False,0,0,False
1784849457.3002179,20,1784938337.7043655,37.489127946898606,0.7435591668574044,37.08323796444648,True,37.5,36.5,38.6,0.95,0.05,0.0,0.7,0.03,2,1784938347.7317407,True,True,True,False,1784938197.367611,0,0,1,0,False
1784849457.3002179,20,1784938357.7105832,37.49713893339437,0.7438071259632258,37.053864347295345,True,37.5,36.5,38.6,0.95,0.05,0.0,0.7,0.03,2,1784938367.7406297,True,True,True,True,1784938377.367615,0,0,1,0,False
1784849457.3002179,20,1784938377.7169864,37.50247959105822,0.7436354619668879,37.053864347295345,True,37.5,36.5,38.6,0.95,0.05,0.0,0.7,0.03,2,1784938387.74658,True,True,True,True,1784938377.367615,0,False,0,0,False
1784849457.3002179,20,1784938397.7236323,37.49179827573053,0.743921568627451,37.048523689631494,True,37.5,36.5,38.6,0.95,0.05,0.0,0.7,0.03,2,1784938407.7538042,True,True,True,False,1784938377.367615,0,0,1,0,False
1784849457.3002179,20,1784938417.7301111,37.470435645075156,0.7436926832990005,37.06988632028687,True,37.5,36.5,38.6,0.95,0.05,0.0,0.7,0.03,2,1784938427.757771,True,True,True,False,1784938377.367615,0,0,1,0,False
1784849457.3002179,20,1784938437.7365363,37.507820248722055,0.7438071259632258,37.072556649118795,True,37.5,36.5,38.6,0.95,0.05,0.0,0.7,0.03,2,1784938447.7640653,True,True,True,False,1784938377.367615,0,False,0,0,False
1784849457.3002179,20,1784938457.7432072,37.52117189288167,0.7439406424048218,37.08056763561456,True,37.5,36.5,38.6,0.95,0.05,0.0,0.7,0.03,2,1784938467.770641,True,True,True,False,1784938377.367615,0,False,0,0,False
1784849457.3002179,20,1784938477.7495375,37.526512550545505,0.7439978637369344,37.06454566262303,True,37.5,36.5,38.6,0.95,0.05,0.0,0.7,0.03,2,1784938487.7769642,True,False,True,False,1784938377.367615,0,False,0,0,False
1784849457.3002179,20,1784938497.7559311,37.51049057755398,0.7440932326237888,37.067215991454944,True,37.5,36.5,38.6,0.95,0.05,0.0,0.7,0.03,2,1784938507.7977302,True,True,True,False,1784938377.367615,0,False,0,0,False
1784849457.3002179,20,1784938517.7627816,37.47310597390707,0.744055085069047,37.04318303196766,True,37.5,36.5,38.6,0.95,0.05,0.0,0.7,0.03,2,1784938527.7900782,True,True,True,False,1784938377.367615,0,0,1,0,False
1784849457.3002179,20,1784938537.7689157,37.483787289234755,0.7439024948500801,37.029831387808045,True,37.5,36.5,38.6,0.95,0.05,0.0,0.7,0.03,2,1784938547.79981,True,True,True,True,1784938557.3676186,0,0,1,0,False
1784849457.3002179,20,1784938557.77514,37.47577630273899,0.7439024948500801,37.048523689631494,True,37.5,36.5,38.6,0.95,0.05,0.0,0.7,0.03,2,1784938567.802492,True,True,True,True,1784938557.3676186,0,0,1,0,False
1784849457.3002179,20,1784938577.78125,37.481116960402844,0.7441123064011598,37.053864347295345,True,37.5,36.5,38.6,0.95,0.05,0.0,0.7,0.03,2,1784938587.813063,True,True,True,False,1784938557.3676186,0,0,1,0,False
1784849457.3002179,20,1784938597.7875118,37.513160906385906,0.743768978408484,37.06454566262303,True,37.5,36.5,38.6,0.95,0.05,0.0,0.7,0.03,2,1784938607.8146558,True,True,True,False,1784938557.3676186,0,False,0,0,False
1784849457.3002179,20,1784938617.7938116,37.507820248722055,0.7438071259632258,37.06454566262303,True,37.5,36.5,38.6,0.95,0.05,0.0,0.7,0.03,2,1784938627.8234565,True,False,True,False,1784938557.3676186,0,False,0,0,False
1784849457.3002179,20,1784938637.8009024,37.507820248722055,0.7439597161821928,37.08857862211032,True,37.5,36.5,38.6,0.95,0.05,0.0,0.7,0.03,2,1784938647.8297133,True,True,True,False,1784938557.3676186,0,False,0,0,False
1784849457.3002179,20,1784938657.8080406,37.49446860456244,0.7441313801785305,37.06454566262303,True,37.5,36.5,38.6,0.95,0.05,0.0,0.7,0.03,2,1784938667.8407495,True,False,True,False,1784938557.3676186,0,0,1,0,False
1784849457.3002179,20,1784938677.8179748,37.49980926222629,0.744055085069047,37.04318303196766,True,37.5,36.5,38.6,0.95,0.05,0.0,0.7,0.03,2,1784938687.846123,True,False,True,False,1784938557.3676186,0,0,1,0,False
1784849457.3002179,20,1784938697.8248663,37.526512550545505,0.7439787899595636,37.05653467612726,True,37.5,36.5,38.6,0.95,0.05,0.0,0.7,0.03,2,1784938707.8547137,True,True,True,False,1784938557.3676186,0,False,0,0,False
1784849457.3002179,20,1784938717.831315,37.49446860456244,0.743768978408484,37.06454566262303,True,37.5,36.5,38.6,0.95,0.05,0.0,0.7,0.03,2,1784938727.8631527,True,True,True,True,1784938737.3676207,0,0,1,0,False
1784849457.3002179,20,1784938737.8375082,37.49980926222629,0.743768978408484,37.09391927977417,True,37.5,36.5,38.6,0.95,0.05,0.0,0.7,0.03,2,1784938747.8700378,True,False,True,True,1784938737.3676207,0,0,1,0,False
1784849457.3002179,20,1784938757.8439248,37.51850156404974,0.7440169375143053,37.03250171663997,True,37.5,36.5,38.6,0.95,0.05,0.0,0.7,0.03,2,1784938767.8712995,True,True,True,False,1784938737.3676207,0,False,0,0,False
1784849457.3002179,20,1784938777.85029,37.49179827573053,0.7439597161821928,37.053864347295345,True,37.5,36.5,38.6,0.95,0.05,0.0,0.7,0.03,2,1784938787.8828287,True,True,True,False,1784938737.3676207,0,0,1,0,False
1784849457.3002179,20,1784938797.856478,37.48645761806668,0.7441313801785305,37.03784237430381,True,37.5,36.5,38.6,0.95,0.05,0.0,0.7,0.03,2,1784938807.8843307,True,False,True,False,1784938737.3676207,0,0,1,0,False
1784849457.3002179,20,1784938817.862739,37.48645761806668,0.7438452735179675,37.04318303196766,True,37.5,36.5,38.6,0.95,0.05,0.0,0.7,0.03,2,1784938827.8901565,True,True,True,False,1784938737.3676207,0,0,1,0,False
1784849457.3002179,20,1784938837.8688745,37.507820248722055,0.7440169375143053,37.06187533379111,True,37.5,36.5,38.6,0.95,0.05,0.0,0.7,0.03,2,1784938847.8964007,True,True,True,False,1784938737.3676207,0,False,0,0,False
1784849457.3002179,20,1784938857.8752806,37.52117189288167,0.7439787899595636,37.053864347295345,True,37.5,36.5,38.6,0.95,0.05,0.0,0.7,0.03,2,1784938867.907414,True,False,True,False,1784938737.3676207,0,False,0,0,False
1784849457.3002179,20,1784938877.8818743,37.50514991989013,0.7438643472953383,37.08056763561456,True,37.5,36.5,38.6,0.95,0.05,0.0,0.7,0.03,2,1784938887.909311,True,True,True,False,1784938737.3676207,0,False,0,0,False
1784849457.3002179,20,1784938897.888169,37.49980926222629,0.7439406424048218,37.05119401846342,True,37.5,36.5,38.6,0.95,0.05,0.0,0.7,0.03,2,1784938907.9267304,True,True,True,True,1784938917.3676326,0,0,1,0,False
1784849457.3002179,20,1784938917.8950346,37.489127946898606,0.7437499046311131,37.04318303196766,True,37.5,36.5,38.6,0.95,0.05,0.0,0.7,0.03,2,1784938927.9220562,True,True,True,True,1784938917.3676326,0,0,1,0,False
1784849457.3002179,20,1784938937.9011478,37.483787289234755,0.7436736095216296,37.05119401846342,True,37.5,36.5,38.6,0.95,0.05,0.0,0.7,0.03,2,1784938947.9285936,True,False,True,False,1784938917.3676326,0,0,1,0,False
1784849457.3002179,20,1784938957.9074168,37.470435645075156,0.7439406424048218,37.01647974364843,True,37.5,36.5,38.6,0.95,0.05,0.0,0.7,0.03,2,1784938967.9350824,True,True,True,False,1784938917.3676326,0,0,1,0,False
1784849457.3002179,20,1784938977.9152262,37.50247959105822,0.7441504539559014,37.048523689631494,True,37.5,36.5,38.6,0.95,0.05,0.0,0.7,0.03,2,1784938987.9446528,True,True,True,False,1784938917.3676326,0,False,0,0,False
1784849457.3002179,20,1784938997.923788,37.53452353704128,0.7441504539559014,37.06454566262303,True,37.5,36.5,38.6,0.95,0.05,0.0,0.7,0.03,2,1784939007.952973,True,True,True,False,1784938917.3676326,0,False,0,0,False
1784849457.3002179,20,1784939017.9324458,37.550545510032805,0.7440360112916763,37.08590829327841,True,37.5,36.5,38.6,0.95,0.05,0.0,0.7,0.03,2,1784939027.9617772,True,True,True,False,1784938917.3676326,0,False,0,0,False
1784849457.3002179,20,1784939037.9405856,37.507820248722055,0.7439024948500801,37.08323796444648,True,37.5,36.5,38.6,0.95,0.05,0.0,0.7,0.03,2,1784939047.9676049,True,True,True,False,1784938917.3676326,0,False,0,0,False
1784849457.3002179,20,1784939057.946972,37.489127946898606,0.7439787899595636,37.04318303196766,True,37.5,36.5,38.6,0.95,0.05,0.0,0.7,0.03,2,1784939067.9752247,True,True,True,False,1784938917.3676326,0,0,1,0,False
1784849457.3002179,20,1784939077.9531767,37.46776531624323,0.7441123064011598,37.03250171663997,True,37.5,36.5,38.6,0.95,0.05,0.0,0.7,0.03,2,1784939087.9805627,True,True,True,True,1784939097.367672,0,0,1,0,False
1784849457.3002179,20,1784939097.9593484,37.47844663157092,0.7440360112916763,37.029831387808045,True,37.5,36.5,38.6,0.95,0.05,0.0,0.7,0.03,2,1784939107.9883595,True,False,True,True,1784939097.367672,0,0,1,0,False
1784849457.3002179,20,1784939117.9655807,37.45708400091554,0.7440360112916763,37.02716105897612,True,37.5,36.5,38.6,0.95,0.05,0.0,0.7,0.03,2,1784939127.992552,True,True,True,False,1784939097.367672,0,0,1,0,False
1784849457.3002179,20,1784939137.9719715,37.47310597390707,0.7438071259632258,37.03517204547188,True,37.5,36.5,38.6,0.95,0.05,0.0,0.7,0.03,2,1784939147.9988678,True,True,True,False,1784939097.367672,0,0,1,0,False
1784849457.3002179,20,1784939157.9781206,37.49179827573053,0.7440360112916763,37.06454566262303,True,37.5,36.5,38.6,0.95,0.05,0.0,0.7,0.03,2,1784939168.0086727,True,True,True,False,1784939097.367672,0,0,1,0,False
1784849457.3002179,20,1784939177.9846113,37.52384222171359,0.7441695277332723,37.04318303196766,True,37.5,36.5,38.6,0.95,0.05,0.0,0.7,0.03,2,1784939188.015188,True,False,True,False,1784939097.367672,0,False,0,0,False
1784849457.3002179,20,1784939197.9910004,37.53452353704128,0.7438261997405966,37.10193026626993,True,37.5,36.5,38.6,0.95,0.05,0.0,0.7,0.03,2,1784939208.0224125,True,False,True,False,1784939097.367672,0,False,0,0,False
1784849457.3002179,20,1784939217.9974172,37.51850156404974,0.7439597161821928,37.05920500495918,True,37.5,36.5,38.6,0.95,0.05,0.0,0.7,0.03,2,1784939228.0247989,True,True,True,False,1784939097.367672,0,False,0,0,False
1784849457.3002179,20,1784939238.0037613,37.49713893339437,0.7436354619668879,37.067215991454944,True,37.5,36.5,38.6,0.95,0.05,0.0,0.7,0.03,2,1784939248.0314295,True,False,True,False,1784939097.367672,0,0,1,0,False
1784849457.3002179,20,1784939258.0098672,37.489127946898606,0.7439024948500801,37.03784237430381,True,37.5,36.5,38.6,0.95,0.05,0.0,0.7,0.03,2,1784939268.0376275,True,False,True,True,1784939277.3676882,0,0,1,0,False
1784849457.3002179,20,1784939278.0167465,37.49980926222629,0.7437880521858549,37.04318303196766,True,37.5,36.5,38.6,0.95,0.05,0.0,0.7,0.03,2,1784939288.0448134,True,True,True,True,1784939277.3676882,0,0,1,0,False
1784849457.3002179,20,1784939298.0236268,37.47310597390707,0.7437880521858549,37.05119401846342,True,37.5,36.5,38.6,0.95,0.05,0.0,0.7,0.03,2,1784939308.0580192,True,True,True,False,1784939277.3676882,0,0,1,0,False
1784849457.3002179,20,1784939318.0306284,37.51583123521782,0.7437117570763714,37.05920500495918,True,37.5,36.5,38.6,0.95,0.05,0.0,0.7,0.03,2,1784939328.058745,True,False,True,False,1784939277.3676882,0,False,0,0,False
1784849457.3002179,20,1784939338.0384436,37.52117189288167,0.7437117570763714,37.067215991454944,True,37.5,36.5,38.6,0.95,0.05,0.0,0.7,0.03,2,1784939348.0705936,True,False,True,False,1784939277.3676882,0,False,0,0,False
1784849457.3002179,20,1784939358.046326,37.53452353704128,0.7438834210727093,37.06454566262303,True,37.5,36.5,38.6,0.95,0.05,0.0,0.7,0.03,2,1784939368.075729,True,False,True,False,1784939277.3676882,0,False,0,0,False
1784849457.3002179,20,1784939378.0527046,37.507820248722055,0.7440932326237888,37.06454566262303,True,37.5,36.5,38.6,0.95,0.05,0.0,0.7,0.03,2,1784939388.081297,True,True,True,False,1784939277.3676882,0,False,0,0,False
1784849457.3002179,20,1784939398.0590847,37.470435645075156,0.7439787899595636,37.03250171663997,True,37.5,36.5,38.6,0.95,0.05,0.0,0.7,0.03,2,1784939408.0865874,True,True,True,False,1784939277.3676882,0,0,1,0,False
1784849457.3002179,20,1784939418.0653682,37.481116960402844,0.7435782406347754,37.02716105897612,True,37.5,36.5,38.6,0.95,0.05,0.0,0.7,0.03,2,1784939428.0953243,True,True,True,False,1784939277.3676882,0,0,1,0,False
1784849457.3002179,20,1784939438.0719066,37.49713893339437,0.7440360112916763,37.029831387808045,True,37.5,36.5,38.6,0.95,0.05,0.0,0.7,0.03,2,1784939448.0992503,True,True,True,True,1784939457.3676963,0,0,1,0,False
1784849457.3002179,20,1784939458.0780811,37.49980926222629,0.7441313801785305,37.02182040131228,True,37.5,36.5,38.6,0.95,0.05,0.0,0.7,0.03,2,1784939468.1064813,True,True,True,True,1784939457.3676963,0,0,1,0,False
1784849457.3002179,20,1784939478.0842998,37.49980926222629,0.7438452735179675,37.01647974364843,True,37.5,36.5,38.6,0.95,0.05,0.0,0.7,0.03,2,1784939488.111593,True,False,True,False,1784939457.3676963,0,0,1,0,False
1784849457.3002179,20,1784939498.09054,37.51583123521782,0.7439597161821928,37.072556649118795,True,37.5,36.5,38.6,0.95,0.05,0.0,0.7,0.03,2,1784939508.1180542,True,True,True,False,1784939457.3676963,0,False,0,0,False
1784849457.3002179,20,1784939518.096958,37.54253452353704,0.743616388189517,37.05920500495918,True,37.5,36.5,38.6,0.95,0.05,0.0,0.7,0.03,2,1784939528.1242883,True,False,True,False,1784939457.3676963,0,False,0,0,False
1784849457.3002179,20,1784939538.10323,37.526512550545505,0.7441886015106433,37.08323796444648,True,37.5,36.5,38.6,0.95,0.05,0.0,0.7,0.03,2,1784939548.1332715,True,True,True,False,1784939457.3676963,0,False,0,0,False
1784849457.3002179,20,1784939558.1096473,37.53452353704128,0.7438261997405966,37.06454566262303,True,37.5,36.5,38.6,0.95,0.05,0.0,0.7,0.03,2,1784939568.1398218,True,False,True,False,1784939457.3676963,0,False,0,0,False
1784849457.3002179,20,1784939578.1162322,37.48645761806668,0.7441123064011598,37.048523689631494,True,37.5,36.5,38.6,0.95,0.05,0.0,0.7,0.03,2,1784939588.145599,True,True,True,False,1784939457.3676963,0,0,1,0,False
1784849457.3002179,20,1784939598.122832,37.49179827573053,0.7435782406347754,37.02716105897612,True,37.5,36.5,38.6,0.95,0.05,0.0,0.7,0.03,2,1784939608.153103,True,False,True,False,1784939457.3676963,0,0,1,0,False
1784849457.3002179,20,1784939618.1300924,37.49179827573053,0.7438834210727093,37.02716105897612,True,37.5,36.5,38.6,0.95,0.05,0.0,0.7,0.03,2,1784939628.1587465,True,True,True,True,1784939637.3677413,0,0,1,0,False
1784849457.3002179,20,1784939638.1378002,37.49713893339437,0.744055085069047,37.029831387808045,True,37.5,36.5,38.6,0.95,0.05,0.0,0.7,0.03,2,1784939648.180951,True,True,True,True,1784939637.3677413,0,0,1,0,False
1784849457.3002179,20,1784939658.1453903,37.49446860456244,0.7439787899595636,37.02716105897612,True,37.5,36.5,38.6,0.95,0.05,0.0,0.7,0.03,2,1784939668.1746476,True,True,True,False,1784939637.3677413,0,0,1,0,False
1784849457.3002179,20,1784939678.1518137,37.52117189288167,0.7439406424048218,37.05920500495918,True,37.5,36.5,38.6,0.95,0.05,0.0,0.7,0.03,2,1784939688.1796157,True,True,True,False,1784939637.3677413,0,False,0,0,False
1784849457.3002179,20,1784939698.1581228,37.53719386587319,0.7440169375143053,37.08323796444648,True,37.5,36.5,38.6,0.95,0.05,0.0,0.7,0.03,2,1784939708.186084,True,True,True,False,1784939637.3677413,0,False,0,0,False
1784849457.3002179,20,1784939718.1644135,37.526512550545505,0.7437308308537424,37.06454566262303,True,37.5,36.5,38.6,0.95,0.05,0.0,0.7,0.03,2,1784939728.1941545,True,False,True,False,1784939637.3677413,0,False,0,0,False
1784849457.3002179,20,1784939738.1707296,37.51049057755398,0.7438834210727093,37.04051270313573,True,37.5,36.5,38.6,0.95,0.05,0.0,0.7,0.03,2,1784939748.20469,True,True,True,False,1784939637.3677413,0,False,0,0,False
1784849457.3002179,20,1784939758.1772237,37.481116960402844,0.7439978637369344,37.03784237430381,True,37.5,36.5,38.6,0.95,0.05,0.0,0.7,0.03,2,1784939768.2046921,True,True,True,False,1784939637.3677413,0,0,1,0,False
1784849457.3002179,20,1784939778.183671,37.48645761806668,0.7438643472953383,37.04318303196766,True,37.5,36.5,38.6,0.95,0.05,0.0,0.7,0.03,2,1784939788.2110283,True,True,True,False,1784939637.3677413,0,0,1,0,False
1784849457.3002179,20,1784939798.1897826,37.465094987411305,0.7439024948500801,37.053864347295345,True,37.5,36.5,38.6,0.95,0.05,0.0,0.7,0.03,2,1784939808.220911,True,True,True,True,1784939817.3677795,0,0,1,0,False
1784849457.3002179,20,1784939818.1960082,37.50247959105822,0.7439406424048218,37.03250171663997,True,37.5,36.5,38.6,0.95,0.05,0.0,0.7,0.03,2,1784939828.2234836,True,False,True,True,1784939817.3677795,0,False,0,0,False
1784849457.3002179,20,1784939838.202342,37.48645761806668,0.7438643472953383,37.04585336079957,True,37.5,36.5,38.6,0.95,0.05,0.0,0.7,0.03,2,1784939848.229738,True,True,True,False,1784939817.3677795,0,0,1,0,False
1784849457.3002179,20,1784939858.2085578,37.51049057755398,0.7439406424048218,37.053864347295345,True,37.5,36.5,38.6,0.95,0.05,0.0,0.7,0.03,2,1784939868.2356553,True,True,True,False,1784939817.3677795,0,False,0,0,False
1784849457.3002179,20,1784939878.2160244,37.526512550545505,0.743921568627451,37.06454566262303,True,37.5,36.5,38.6,0.95,0.05,0.0,0.7,0.03,2,1784939888.2456691,True,False,True,False,1784939817.3677795,0,False,0,0,False
1784849457.3002179,20,1784939898.2243004,37.52117189288167,0.7439787899595636,37.04585336079957,True,37.5,36.5,38.6,0.95,0.05,0.0,0.7,0.03,2,1784939908.2520206,True,False,True,False,1784939817.3677795,0,False,0,0,False
1784849457.3002179,20,1784939918.2306585,37.489127946898606,0.7441313801785305,37.03784237430381,True,37.5,36.5,38.6,0.95,0.05,0.0,0.7,0.03,2,1784939928.2582386,True,False,True,False,1784939817.3677795,0,0,1,0,False
1784849457.3002179,20,1784939938.2368608,37.46776531624323,0.743768978408484,37.029831387808045,True,37.5,36.5,38.6,0.95,0.05,0.0,0.7,0.03,2,1784939948.2659256,True,True,True,False,1784939817.3677795,0,0,1,0,False
1784849457.3002179,20,1784939958.2430334,37.481116960402844,0.7441886015106433,37.02716105897612,True,37.5,36.5,38.6,0.95,0.05,0.0,0.7,0.03,2,1784939968.2703524,True,True,True,False,1784939817.3677795,0,0,1,0,False
1784849457.3002179,20,1784939978.249126,37.48645761806668,0.7439024948500801,37.01647974364843,True,37.5,36.5,38.6,0.95,0.05,0.0,0.7,0.03,2,1784939988.2764537,True,True,True,True,1784939997.367793,0,0,1,0,False
1784849457.3002179,20,1784939998.25759,37.47577630273899,0.7441123064011598,37.03784237430381,True,37.5,36.5,38.6,0.95,0.05,0.0,0.7,0.03,2,1784940008.2872953,True,True,True,True,1784939997.367793,0,0,1,0,False
1784849457.3002179,20,1784940018.2661302,37.507820248722055,0.7441313801785305,37.02716105897612,True,37.5,36.5,38.6,0.95,0.05,0.0,0.7,0.03,2,1784940028.2934387,True,True,True,False,1784939997.367793,0,False,0,0,False
1784849457.3002179,20,1784940038.2726536,37.52384222171359,0.7437880521858549,37.067215991454944,True,37.5,36.5,38.6,0.95,0.05,0.0,0.7,0.03,2,1784940048.308608,True,True,True,False,1784939997.367793,0,False,0,0,False
1784849457.3002179,20,1784940058.2797863,37.49446860456244,0.7442839703974975,37.048523689631494,True,37.5,36.5,38.6,0.95,0.05,0.0,0.7,0.03,2,1784940068.3143725,True,True,True,False,1784939997.367793,0,0,1,0,False
1784849457.3002179,20,1784940078.287332,37.51583123521782,0.7439024948500801,37.04318303196766,True,37.5,36.5,38.6,0.95,0.05,0.0,0.7,0.03,2,1784940088.3160026,True,False,True,False,1784939997.367793,0,False,0,0,False
1784849457.3002179,20,1784940098.2950025,37.489127946898606,0.7439406424048218,37.04051270313573,True,37.5,36.5,38.6,0.95,0.05,0.0,0.7,0.03,2,1784940108.3238084,True,True,True,False,1784939997.367793,0,0,1,0,False
1784849457.3002179,20,1784940118.3026488,37.47844663157092,0.7438834210727093,37.02716105897612,True,37.5,36.5,38.6,0.95,0.05,0.0,0.7,0.03,2,1784940128.3303187,True,True,True,False,1784939997.367793,0,0,1,0,False
1784849457.3002179,20,1784940138.309528,37.49980926222629,0.7439787899595636,37.04585336079957,True,37.5,36.5,38.6,0.95,0.05,0.0,0.7,0.03,2,1784940148.3380206,True,True,True,False,1784939997.367793,0,0,1,0,False
1784849457.3002179,20,1784940158.3157892,37.507820248722055,0.7440932326237888,37.06454566262303,True,37.5,36.5,38.6,0.95,0.05,0.0,0.7,0.03,2,1784940168.344801,True,False,True,True,1784940177.3678164,0,False,0,0,False
1784849457.3002179,20,1784940178.322202,37.52384222171359,0.744055085069047,37.05920500495918,True,37.5,36.5,38.6,0.95,0.05,0.0,0.7,0.03,2,1784940188.3524053,True,True,True,True,1784940177.3678164,0,False,0,0,False
1784849457.3002179,20,1784940198.332765,37.48645761806668,0.7441123064011598,37.053864347295345,True,37.5,36.5,38.6,0.95,0.05,0.0,0.7,0.03,2,1784940208.3621101,True,False,True,False,1784940177.3678164,0,0,1,0,False
1784849457.3002179,20,1784940218.3403084,37.470435645075156,0.7440169375143053,37.03250171663997,True,37.5,36.5,38.6,0.95,0.05,0.0,0.7,0.03,2,1784940228.3682215,True,False,True,False,1784940177.3678164,0,0,1,0,False
1784849457.3002179,20,1784940238.346633,37.470435645075156,0.7439406424048218,37.029831387808045,True,37.5,36.5,38.6,0.95,0.05,0.0,0.7,0.03,2,1784940248.3734605,True,True,True,False,1784940177.3678164,0,0,1,0,False
1784849457.3002179,20,1784940258.3533676,37.50514991989013,0.7441504539559014,37.03784237430381,True,37.5,36.5,38.6,0.95,0.05,0.0,0.7,0.03,2,1784940268.3826234,True,True,True,False,1784940177.3678164,0,False,0,0,False
1784849457.3002179,20,1784940278.3605754,37.51583123521782,0.7439978637369344,37.08056763561456,True,37.5,36.5,38.6,0.95,0.05,0.0,0.7,0.03,2,1784940288.3879724,True,True,True,False,1784940177.3678164,0,False,0,0,False
1784849457.3002179,20,1784940298.3676825,37.483787289234755,0.7438452735179675,37.029831387808045,True,37.5,36.5,38.6,0.95,0.05,0.0,0.7,0.03,2,1784940308.395726,True,False,True,False,1784940177.3678164,0,0,1,0,False
1784849457.3002179,20,1784940318.375597,37.47844663157092,0.7438452735179675,37.02182040131228,True,37.5,36.5,38.6,0.95,0.05,0.0,0.7,0.03,2,1784940328.4049435,True,False,True,False,1784940177.3678164,0,0,1,0,False
1784849457.3002179,20,1784940338.382944,37.483787289234755,0.7440360112916763,37.04585336079957,True,37.5,36.5,38.6,0.95,0.05,0.0,0.7,0.03,2,1784940348.425162,True,True,True,True,1784940357.367849,0,0,1,0,False
1784849457.3002179,20,1784940358.3896842,37.49713893339437,0.7439978637369344,37.03784237430381,True,37.5,36.5,38.6,0.95,0.05,0.0,0.7,0.03,2,1784940368.417126,True,True,True,True,1784940357.367849,0,0,1,0,False
1784849457.3002179,20,1784940378.3959458,37.507820248722055,0.7440741588464179,37.03784237430381,True,37.5,36.5,38.6,0.95,0.05,0.0,0.7,0.03,2,1784940388.4236348,True,False,True,False,1784940357.367849,0,False,0,0,False
1784849457.3002179,20,1784940398.402702,37.53452353704128,0.7440169375143053,37.053864347295345,True,37.5,36.5,38.6,0.95,0.05,0.0,0.7,0.03,2,1784940408.4314086,True,False,True,False,1784940357.367849,0,False,0,0,False
1784849457.3002179,20,1784940418.409018,37.51850156404974,0.7441123064011598,37.05920500495918,True,37.5,36.5,38.6,0.95,0.05,0.0,0.7,0.03,2,1784940428.4384573,True,False,True,False,1784940357.367849,0,False,0,0,False
1784849457.3002179,20,1784940438.4154487,37.507820248722055,0.7441504539559014,37.05653467612726,True,37.5,36.5,38.6,0.95,0.05,0.0,0.7,0.03,2,1784940448.4424272,True,False,True,False,1784940357.367849,0,False,0,0,False
1784849457.3002179,20,1784940458.4218347,37.50514991989013,0.7438643472953383,37.02716105897612,True,37.5,36.5,38.6,0.95,0.05,0.0,0.7,0.03,2,1784940468.4493918,True,False,True,False,1784940357.367849,0,False,0,0,False
1784849457.3002179,20,1784940478.4291193,37.47844663157092,0.743921568627451,37.00045777065691,True,37.5,36.5,38.6,0.95,0.05,0.0,0.7,0.03,2,1784940488.45722,True,True,True,False,1784940357.367849,0,0,1,0,False
1784849457.3002179,20,1784940498.4363046,37.49446860456244,0.7436926832990005,37.00312809948882,True,37.5,36.5,38.6,0.95,0.05,0.0,0.7,0.03,2,1784940508.4654973,True,False,True,False,1784940357.367849,0,0,1,0,False
1784849457.3002179,20,1784940518.442609,37.47844663157092,0.744055085069047,37.04318303196766,True,37.5,36.5,38.6,0.95,0.05,0.0,0.7,0.03,2,1784940528.4696188,True,True,True,True,1784940537.367877,0,0,1,0,False
1784849457.3002179,20,1784940538.4488037,37.49980926222629,0.7441123064011598,37.029831387808045,True,37.5,36.5,38.6,0.95,0.05,0.0,0.7,0.03,2,1784940548.4775183,True,False,True,True,1784940537.367877,0,0,1,0,False
1784849457.3002179,20,1784940558.4551904,37.52384222171359,0.7440932326237888,37.053864347295345,True,37.5,36.5,38.6,0.95,0.05,0.0,0.7,0.03,2,1784940568.4890032,True,True,True,False,1784940537.367877,0,False,0,0,False
1784849457.3002179,20,1784940578.461454,37.52384222171359,0.743616388189517,37.04318303196766,True,37.5,36.5,38.6,0.95,0.05,0.0,0.7,0.03,2,1784940588.4890327,True,True,True,False,1784940537.367877,0,False,0,0,False
1784849457.3002179,20,1784940598.4678426,37.49713893339437,0.7438452735179675,37.053864347295345,True,37.5,36.5,38.6,0.95,0.05,0.0,0.7,0.03,2,1784940608.4953408,True,True,True,False,1784940537.367877,0,0,1,0,False
1784849457.3002179,20,1784940618.4740794,37.50247959105822,0.7441504539559014,37.06988632028687,True,37.5,36.5,38.6,0.95,0.05,0.0,0.7,0.03,2,1784940628.5043101,True,False,True,False,1784940537.367877,0,False,0,0,False
1784849457.3002179,20,1784940638.4805624,37.507820248722055,0.7438834210727093,37.05653467612726,True,37.5,36.5,38.6,0.95,0.05,0.0,0.7,0.03,2,1784940648.509671,True,False,True,False,1784940537.367877,0,False,0,0,False
1784849457.3002179,20,1784940658.4870098,37.46242465857938,0.7439978637369344,37.02716105897612,True,37.5,36.5,38.6,0.95,0.05,0.0,0.7,0.03,2,1784940668.5144875,True,True,True,False,1784940537.367877,0,0,1,0,False
1784849457.3002179,20,1784940678.4938164,37.483787289234755,0.7438261997405966,37.02716105897612,True,37.5,36.5,38.6,0.95,0.05,0.0,0.7,0.03,2,1784940688.5241687,True,True,True,False,1784940537.367877,0,0,1,0,False
1784849457.3002179,20,1784940698.5010939,37.51049057755398,0.7439597161821928,37.05119401846342,True,37.5,36.5,38.6,0.95,0.05,0.0,0.7,0.03,2,1784940708.5281112,True,True,True,True,1784940717.3678887,0,False,0,0,False
1784849457.3002179,20,1784940718.5074348,37.49980926222629,0.7438834210727093,37.06454566262303,True,37.5,36.5,38.6,0.95,0.05,0.0,0.7,0.03,2,1784940728.535063,True,False,True,True,1784940717.3678887,0,0,1,0,False
1784849457.3002179,20,1784940738.5138218,37.51049057755398,0.7438261997405966,37.05653467612726,True,37.5,36.5,38.6,0.95,0.05,0.0,0.7,0.03,2,1784940748.541257,True,True,True,False,1784940717.3678887,0,False,0,0,False
1784849457.3002179,20,1784940758.5201457,37.52384222171359,0.743921568627451,37.07522697795072,True,37.5,36.5,38.6,0.95,0.05,0.0,0.7,0.03,2,1784940768.5473776,True,False,True,False,1784940717.3678887,0,False,0,0,False
1784849457.3002179,20,1784940778.5264883,37.44373235675593,0.7440360112916763,37.04318303196766,True,37.5,36.5,38.6,0.95,0.05,0.0,0.7,0.03,2,1784940788.5534296,True,False,True,False,1784940717.3678887,0,0,1,0,False
1784849457.3002179,20,1784940798.533349,37.39032578011749,0.7439787899595636,37.05920500495918,True,37.5,36.5,38.6,0.95,0.05,0.0,0.7,0.03,2,1784940808.5617428,True,False,True,False,1784940717.3678887,0,0,1,0,False
1784849457.3002179,20,1784940818.540525,37.352941176470594,0.7438261997405966,37.03784237430381,True,37.5,36.5,38.6,0.95,0.05,0.0,0.7,0.03,2,1784940828.5689154,True,True,True,False,1784940717.3678887,0,0,1,0,False
1784849457.3002179,20,1784940838.5467513,37.34225986114291,0.7435973144121462,37.01915007248036,True,37.5,36.5,38.6,0.95,0.05,0.0,0.7,0.03,2,1784940848.5767188,True,True,True,False,1784940717.3678887,0,0,1,0,False
1784849457.3002179,20,1784940858.5530488,36.96574349584192,0.7434828717479209,37.06454566262303,True,37.5,36.5,38.6,0.95,0.05,0.0,0.7,0.03,2,1784940868.580476,True,True,True,False,1784940717.3678887,0,0,1,0,False
1784849457.3002179,20,1784940878.5593302,36.86961165789273,0.7430632486457618,37.096589608606095,True,37.5,36.5,38.6,0.95,0.05,0.0,0.7,0.03,2,1784940888.5861282,True,False,True,True,1784940897.3679268,0,0,1,0,False
1784849457.3002179,20,1784940898.5655932,36.84824902723736,0.7433112077515831,37.109941252765694,True,37.5,36.5,38.6,0.95,0.05,0.0,0.7,0.03,2,1784940908.6022215,True,True,True,True,1784940897.3679268,0,0,1,0,False
1784849457.3002179,20,1784940918.5721588,36.84824902723736,0.7431586175326161,37.10193026626993,True,37.5,36.5,38.6,0.95,0.05,0.0,0.7,0.03,2,1784940928.5996935,True,True,True,False,1784940897.3679268,0,0,1,0,False
1784849457.3002179,20,1784940938.578472,36.853589684901195,0.7434256504158084,37.14732585641261,True,37.5,36.5,38.6,0.95,0.05,0.0,0.7,0.03,2,1784940948.6077313,True,True,True,False,1784940897.3679268,0,0,1,0,False
1784849457.3002179,20,1784940958.5847862,36.84557869840543,0.7431204699778745,37.139314869916845,True,37.5,36.5,38.6,0.95,0.05,0.0,0.7,0.03,2,1784940968.612177,True,False,True,False,1784940897.3679268,0,0,1,0,False
1784849457.3002179,20,1784940978.5917878,36.86694132906081,0.743349355306325,37.176699473563744,True,37.5,36.5,38.6,0.95,0.05,0.0,0.7,0.03,2,1784940988.6274424,True,True,True,False,1784940897.3679268,0,0,1,0,False
1784849457.3002179,20,1784940998.599031,36.90432593270771,0.743177691309987,37.176699473563744,True,37.5,36.5,38.6,0.95,0.05,0.0,0.7,0.03,2,1784941008.6261733,True,True,True,False,1784940897.3679268,0,0,1,0,False
1784849457.3002179,20,1784941018.6053338,36.920347905699245,0.7431204699778745,37.208743419546806,True,37.5,36.5,38.6,0.95,0.05,0.0,0.7,0.03,2,1784941028.6346693,True,False,True,False,1784940897.3679268,0,0,1,0,False
1784849457.3002179,20,1784941038.6116483,36.93636987869077,0.743616388189517,37.22209506370642,True,37.5,36.5,38.6,0.95,0.05,0.0,0.7,0.03,2,1784941048.6420352,True,True,True,False,1784940897.3679268,0,0,1,0,False
1784849457.3002179,20,1784941058.6182592,36.97642481116961,0.7432539864194705,37.219424734874494,True,37.5,36.5,38.6,0.95,0.05,0.0,0.7,0.03,2,1784941068.6466737,True,False,True,True,1784941077.3679736,0,0,1,0,False
1784849457.3002179,20,1784941078.625141,36.987106126497295,0.7437117570763714,37.262149996185244,True,37.5,36.5,38.6,0.95,0.05,0.0,0.7,0.03,2,1784941088.6574404,True,True,True,True,1784941077.3679736,0,0,1,0,False
1784849457.3002179,20,1784941098.632291,36.987106126497295,0.7436545357442589,37.25413900968948,True,37.5,36.5,38.6,0.95,0.05,0.0,0.7,0.03,2,1784941108.6596782,True,False,True,False,1784941077.3679736,0,0,1,0,False
1784849457.3002179,20,1784941118.639138,37.01380941481651,0.7435400930800335,37.24612802319372,True,37.5,36.5,38.6,0.95,0.05,0.0,0.7,0.03,2,1784941128.6682003,True,True,True,False,1784941077.3679736,0,0,1,0,False
1784849457.3002179,20,1784941138.6460164,37.01380941481651,0.7436545357442589,37.29686427100023,True,37.5,36.5,38.6,0.95,0.05,0.0,0.7,0.03,2,1784941148.6729755,True,True,True,False,1784941077.3679736,0,0,1,0,False
1784849457.3002179,20,1784941158.6522603,37.02182040131228,0.7435019455252919,37.28885328450447,True,37.5,36.5,38.6,0.95,0.05,0.0,0.7,0.03,2,1784941168.6796649,True,True,True,False,1784941077.3679736,0,0,1,0,False
1784849457.3002179,20,1784941178.6584854,37.053864347295345,0.7435400930800335,37.30487525749599,True,37.5,36.5,38.6,0.95,0.05,0.0,0.7,0.03,2,1784941188.6858582,True,False,True,False,1784941077.3679736,0,0,1,0,False
1784849457.3002179,20,1784941198.6646361,37.06454566262303,0.743768978408484,37.32089723048753,True,37.5,36.5,38.6,0.95,0.05,0.0,0.7,0.03,2,1784941208.6940176,True,True,True,False,1784941077.3679736,0,0,1,0,False
1784849457.3002179,20,1784941218.6708283,37.07522697795072,0.7436545357442589,37.34760051880674,True,37.5,36.5,38.6,0.95,0.05,0.0,0.7,0.03,2,1784941228.697974,False,True,True,False,1784941077.3679736,0,0,1,0,False
1784849457.3002179,20,1784941238.6767225,37.08590829327841,0.7437880521858549,37.36629282063019,True,37.5,36.5,38.6,0.95,0.05,0.0,0.7,0.03,2,1784941248.7038567,False,True,True,True,1784941257.367977,0,0,1,0,False
1784849457.3002179,20,1784941258.6826506,37.09391927977417,0.743616388189517,37.39032578011749,True,37.5,36.5,38.6,0.95,0.05,0.0,0.7,0.03,2,1784941268.7135243,False,True,True,True,1784941257.367977,0,0,1,0,False
1784849457.3002179,20,1784941278.688743,37.10460059510186,0.7437117570763714,37.39032578011749,True,37.5,36.5,38.6,0.95,0.05,0.0,0.7,0.03,2,1784941288.7159357,False,True,True,False,1784941257.367977,0,0,1,0,False
1784849457.3002179,20,1784941298.69465,37.115281910429545,0.7441123064011598,37.42504005493248,True,37.5,36.5,38.6,0.95,0.05,0.0,0.7,0.03,2,1784941308.7219987,False,True,True,False,1784941257.367977,0,0,1,0,False
1784849457.3002179,20,1784941318.700479,37.13664454108492,0.7436926832990005,37.45441367208362,True,37.5,36.5,38.6,0.95,0.05,0.0,0.7,0.03,2,1784941328.727802,False,True,True,False,1784941257.367977,0,0,1,0,False
1784849457.3002179,20,1784941338.7065434,37.141985198748756,0.7435210193026627,37.45174334325169,True,37.5,36.5,38.6,0.95,0.05,0.0,0.7,0.03,2,1784941348.733634,False,True,True,False,1784941257.367977,0,0,1,0,False
1784849457.3002179,20,1784941358.712383,37.139314869916845,0.7438643472953383,37.465094987411305,True,37.5,36.5,38.6,0.95,0.05,0.0,0.7,0.03,2,1784941368.739586,False,True,True,False,1784941257.367977,0,0,1,0,False
1784849457.3002179,20,1784941378.7184784,37.15533684290837,0.7440360112916763,37.48645761806668,True,37.5,36.5,38.6,0.95,0.05,0.0,0.7,0.03,2,1784941388.746046,False,True,True,False,1784941257.367977,0,0,1,0,False
1784849457.3002179,20,1784941398.7243557,37.176699473563744,0.743768978408484,37.47577630273899,True,37.5,36.5,38.6,0.95,0.05,0.0,0.7,0.03,2,1784941408.751469,False,True,True,False,1784941257.367977,0,0,1,0,False
1784849457.3002179,20,1784941418.7302163,37.19272144655528,0.7436354619668879,37.51850156404974,True,37.5,36.5,38.6,0.95,0.05,0.0,0.7,0.03,2,1784941428.7573588,False,True,True,True,1784941437.3680055,0,0,1,0,False
1784849457.3002179,20,1784941438.7360537,37.19272144655528,0.7437308308537424,37.526512550545505,True,37.5,36.5,38.6,0.95,0.05,0.0,0.7,0.03,2,1784941448.7633142,False,True,True,True,1784941437.3680055,0,0,1,0,False
1784849457.3002179,20,1784941458.7419624,37.21141374837873,0.7441695277332723,37.513160906385906,True,37.5,36.5,38.6,0.95,0.05,0.0,0.7,0.03,2,1784941468.7683945,False,True,True,False,1784941437.3680055,0,0,1,0,False
1784849457.3002179,20,1784941478.7478108,37.20607309071488,0.7437880521858549,37.53452353704128,True,37.5,36.5,38.6,0.95,0.05,0.0,0.7,0.03,2,1784941488.7749584,False,True,True,False,1784941437.3680055,0,0,1,0,False
1784849457.3002179,20,1784941498.7536287,37.243457694361794,0.7438643472953383,37.55321583886473,True,37.5,36.5,38.6,0.95,0.05,0.0,0.7,0.03,2,1784941508.7809417,False,True,True,False,1784941437.3680055,0,0,1,0,False
1784849457.3002179,20,1784941518.7595565,37.25413900968948,0.7435782406347754,37.54520485236897,True,37.5,36.5,38.6,0.95,0.05,0.0,0.7,0.03,2,1784941528.786749,False,True,True,False,1784941437.3680055,0,0,1,0,False
1784849457.3002179,20,1784941538.765399,37.25413900968948,0.7437308308537424,37.58525978484779,True,37.5,36.5,38.6,0.95,0.05,0.0,0.7,0.03,2,1784941548.792565,False,True,True,False,1784941437.3680055,0,0,1,0,False
1784849457.3002179,20,1784941558.7712939,37.24078736552987,0.7436926832990005,37.593270771343555,True,37.5,36.5,38.6,0.95,0.05,0.0,0.7,0.03,2,1784941568.7984142,False,True,True,False,1784941437.3680055,0,0,1,0,False
1784849457.3002179,20,1784941578.7770705,37.27817196917678,0.7439787899595636,37.61997405966278,True,37.5,36.5,38.6,0.95,0.05,0.0,0.7,0.03,2,1784941588.8036683,False,True,True,False,1784941437.3680055,0,0,1,0,False
1784849457.3002179,20,1784941598.7829943,37.33157854581522,0.7438643472953383,37.593270771343555,True,37.5,36.5,38.6,0.95,0.05,0.0,0.7,0.03,2,1784941608.8101323,False,True,True,True,1784941617.3680098,0,0,1,0,False
1784849457.3002179,20,1784941618.788855,37.352941176470594,0.7443221179522392,37.60395208667124,True,37.5,36.5,38.6,0.95,0.05,0.0,0.7,0.03,2,1784941628.816065,False,True,True,True,1784941617.3680098,0,0,1,0,False
1784849457.3002179,20,1784941638.7947366,37.352941176470594,0.7438643472953383,37.63332570382238,True,37.5,36.5,38.6,0.95,0.05,0.0,0.7,0.03,2,1784941648.8213258,False,True,True,False,1784941617.3680098,0,0,1,0,False
1784849457.3002179,20,1784941658.8005269,37.38231479362173,0.7439787899595636,37.63065537499047,True,37.5,36.5,38.6,0.95,0.05,0.0,0.7,0.03,2,1784941668.8276372,False,True,True,False,1784941617.3680098,0,0,1,0,False
1784849457.3002179,20,1784941678.806443,37.371633478294044,0.7438834210727093,37.641336690318155,True,37.5,36.5,38.6,0.95,0.05,0.0,0.7,0.03,2,1784941688.8336277,False,True,True,False,1784941617.3680098,0,0,1,0,False
1784849457.3002179,20,1784941698.8123415,37.40901808194094,0.7440360112916763,37.66536964980544,True,37.5,36.5,38.6,0.95,0.05,0.0,0.7,0.03,2,1784941708.8395288,False,True,True,False,1784941617.3680098,0,0,1,0,False
1784849457.3002179,20,1784941718.8182795,37.441062027924005,0.744207675288014,37.66803997863737,True,37.5,36.5,38.6,0.95,0.05,0.0,0.7,0.03,2,1784941728.8448656,False,True,True,False,1784941617.3680098,0,0,1,0,False
1784849457.3002179,20,1784941738.8241212,37.41435873960479,0.7441504539559014,37.67605096513313,True,37.5,36.5,38.6,0.95,0.05,0.0,0.7,0.03,2,1784941748.8513253,False,True,True,False,1784941617.3680098,0,0,1,0,False
1784849457.3002179,20,1784941758.8301358,37.438391699092094,0.7439597161821928,37.68940260929274,True,37.5,36.5,38.6,0.95,0.05,0.0,0.7,0.03,2,1784941768.857271,False,True,True,False,1784941617.3680098,0,0,1,0,False
1784849457.3002179,20,1784941778.8360436,37.45975432974747,0.7441123064011598,37.70542458228428,True,37.5,36.5,38.6,0.95,0.05,0.0,0.7,0.03,2,1784941788.8632236,False,True,True,True,1784941797.3680477,0,0,1,0,False
1784849457.3002179,20,1784941798.8419583,37.45975432974747,0.7438643472953383,37.70542458228428,True,37.5,36.5,38.6,0.95,0.05,0.0,0.7,0.03,2,1784941808.869038,False,True,True,True,1784941797.3680477,0,0,1,0,False
1784849457.3002179,20,1784941818.8478322,37.45975432974747,0.744360265506981,37.721446555275804,True,37.5,36.5,38.6,0.95,0.05,0.0,0.7,0.03,2,1784941828.8744407,False,True,True,False,1784941797.3680477,0,0,1,0,False
1784849457.3002179,20,1784941838.8536289,37.48645761806668,0.7443030441748684,37.745479514763105,True,37.5,36.5,38.6,0.95,0.05,0.0,0.7,0.03,2,1784941848.8802762,False,True,True,False,1784941797.3680477,0,0,1,0,False
1784849457.3002179,20,1784941858.85951,37.49446860456244,0.7442458228427558,37.75883115892272,True,37.5,36.5,38.6,0.95,0.05,0.0,0.7,0.03,2,1784941868.8862755,False,True,True,False,1784941797.3680477,0,0,1,0,False
1784849457.3002179,20,1784941878.8653836,37.49980926222629,0.7442648966201267,37.74814984359503,True,37.5,36.5,38.6,0.95,0.05,0.0,0.7,0.03,2,1784941888.8926136,False,True,True,False,1784941797.3680477,0,0,1,0,False
1784849457.3002179,20,1784941898.8714867,37.526512550545505,0.7439978637369344,37.75616083009079,True,37.5,36.5,38.6,0.95,0.05,0.0,0.7,0.03,2,1784941908.8984947,False,True,True,False,1784941797.3680477,0,False,0,0,False
1784849457.3002179,20,1784941918.8776796,37.51583123521782,0.7442458228427558,37.74280918593118,True,37.5,36.5,38.6,0.95,0.05,0.0,0.7,0.03,2,1784941928.9047585,False,True,True,False,1784941797.3680477,0,False,0,0,False
1784849457.3002179,20,1784941938.8836303,37.49446860456244,0.7441313801785305,37.75082017242694,True,37.5,36.5,38.6,0.95,0.05,0.0,0.7,0.03,2,1784941948.9108288,False,True,True,False,1784941797.3680477,0,0,1,0,False
1784849457.3002179,20,1784941958.8895144,37.45975432974747,0.7443411917296102,37.71076523994812,True,37.5,36.5,38.6,0.95,0.05,0.0,0.7,0.03,2,1784941968.9167135,False,True,True,True,1784941977.36805,0,0,1,0,False
1784849457.3002179,20,1784941978.8954785,37.44907301441978,0.7440360112916763,37.721446555275804,True,37.5,36.5,38.6,0.95,0.05,0.0,0.7,0.03,2,1784941988.9226487,False,True,True,True,1784941977.36805,0,0,1,0,False
1784849457.3002179,20,1784941998.9013302,37.43305104142824,0.7440169375143053,37.69474326695659,True,37.5,36.5,38.6,0.95,0.05,0.0,0.7,0.03,2,1784942008.928492,False,True,True,False,1784941977.36805,0,0,1,0,False
1784849457.3002179,20,1784942018.9072282,37.48645761806668,0.7443411917296102,37.74280918593118,True,37.5,36.5,38.6,0.95,0.05,0.0,0.7,0.03,2,1784942028.934488,False,True,True,False,1784941977.36805,0,0,1,0,False
1784849457.3002179,20,1784942038.9131937,37.47577630273899,0.7442458228427558,37.71343556878004,True,37.5,36.5,38.6,0.95,0.05,0.0,0.7,0.03,2,1784942048.9411368,False,True,True,False,1784941977.36805,0,0,1,0,False
1784849457.3002179,20,1784942058.9193223,37.51049057755398,0.7440932326237888,37.74280918593118,True,37.5,36.5,38.6,0.95,0.05,0.0,0.7,0.03,2,1784942068.9465332,False,True,True,False,1784941977.36805,0,False,0,0,False
1784849457.3002179,20,1784942078.925322,37.526512550545505,0.7443793392843518,37.78019378957809,True,37.5,36.5,38.6,0.95,0.05,0.0,0.7,0.03,2,1784942088.9524915,False,True,True,False,1784941977.36805,0,False,0,0,False
1784849457.3002179,20,1784942098.9313405,37.53719386587319,0.7441504539559014,37.745479514763105,True,37.5,36.5,38.6,0.95,0.05,0.0,0.7,0.03,2,1784942108.9584613,False,True,True,False,1784941977.36805,0,False,0,0,False
1784849457.3002179,20,1784942118.9374092,37.50514991989013,0.7439406424048218,37.73746852826734,True,37.5,36.5,38.6,0.95,0.05,0.0,0.7,0.03,2,1784942128.9645615,False,True,True,False,1784941977.36805,0,False,0,0,False
1784849457.3002179,20,1784942138.9434447,37.46242465857938,0.744055085069047,37.729457541771566,True,37.5,36.5,38.6,0.95,0.05,0.0,0.7,0.03,2,1784942148.971045,False,True,True,True,1784942157.3680768,0,0,1,0,False
1784849457.3002179,20,1784942158.949403,37.45975432974747,0.7438071259632258,37.71610589761197,True,37.5,36.5,38.6,0.95,0.05,0.0,0.7,0.03,2,1784942168.9774902,False,True,True,True,1784942157.3680768,0,0,1,0,False
1784849457.3002179,20,1784942178.955743,37.44373235675593,0.7440360112916763,37.678721293965054,True,37.5,36.5,38.6,0.95,0.05,0.0,0.7,0.03,2,1784942188.9826016,False,True,True,False,1784942157.3680768,0,0,1,0,False
1784849457.3002179,20,1784942198.9617534,37.465094987411305,0.7439978637369344,37.69474326695659,True,37.5,36.5,38.6,0.95,0.05,0.0,0.7,0.03,2,1784942208.9889226,False,True,True,False,1784942157.3680768,0,0,1,0,False
1784849457.3002179,20,1784942218.9676242,37.48645761806668,0.7439406424048218,37.71076523994812,True,37.5,36.5,38.6,0.95,0.05,0.0,0.7,0.03,2,1784942228.9965453,False,True,True,False,1784942157.3680768,0,0,1,0,False
1784849457.3002179,20,1784942238.9738798,37.52384222171359,0.7442648966201267,37.702754253452355,True,37.5,36.5,38.6,0.95,0.05,0.0,0.7,0.03,2,1784942249.0011055,False,True,True,False,1784942157.3680768,0,False,0,0,False
1784849457.3002179,20,1784942258.979857,37.56389715419242,0.743921568627451,37.721446555275804,True,37.5,36.5,38.6,0.95,0.05,0.0,0.7,0.03,2,1784942269.007003,False,True,True,False,1784942157.3680768,0,False,0,0,False
1784849457.3002179,20,1784942278.9858365,37.55321583886473,0.7438452735179675,37.73212787060349,True,37.5,36.5,38.6,0.95,0.05,0.0,0.7,0.03,2,1784942289.0129435,False,True,True,False,1784942157.3680768,0,False,0,0,False
1784849457.3002179,20,1784942298.9918764,37.55321583886473,0.7440360112916763,37.70809491111619,True,37.5,36.5,38.6,0.95,0.05,0.0,0.7,0.03,2,1784942309.0189898,False,True,True,False,1784942157.3680768,0,False,0,0,False
1784849457.3002179,20,1784942318.9978378,37.531853208209355,0.7439597161821928,37.68940260929274,True,37.5,36.5,38.6,0.95,0.05,0.0,0.7,0.03,2,1784942329.024992,False,True,True,True,1784942337.3681107,0,False,0,0,False
1784849457.3002179,20,1784942339.003872,37.55321583886473,0.7442267490653849,37.67071030746929,True,37.5,36.5,38.6,0.95,0.05,0.0,0.7,0.03,2,1784942349.0305362,False,True,True,True,1784942337.3681107,0,False,0,0,False
1784849457.3002179,20,1784942359.0097902,37.52384222171359,0.7441695277332723,37.60929274433509,True,37.5,36.5,38.6,0.95,0.05,0.0,0.7,0.03,2,1784942369.0364487,False,True,True,False,1784942337.3681107,0,False,0,0,False
1784849457.3002179,20,1784942379.0157733,37.54520485236897,0.7440741588464179,37.598611429007406,True,37.5,36.5,38.6,0.95,0.05,0.0,0.7,0.03,2,1784942389.0422363,False,True,True,False,1784942337.3681107,0,False,0,0,False
1784849457.3002179,20,1784942399.0217118,37.53452353704128,0.7441123064011598,37.57190814068818,True,37.5,36.5,38.6,0.95,0.05,0.0,0.7,0.03,2,1784942409.0490196,False,True,True,False,1784942337.3681107,0,False,0,0,False
1784849457.3002179,20,1784942419.027845,37.54520485236897,0.7440741588464179,37.53452353704128,True,37.5,36.5,38.6,0.95,0.05,0.0,0.7,0.03,2,1784942429.0550623,False,True,True,False,1784942337.3681107,0,False,0,0,False
1784849457.3002179,20,1784942439.0338438,37.51850156404974,0.7439024948500801,37.52117189288167,True,37.5,36.5,38.6,0.95,0.05,0.0,0.7,0.03,2,1784942449.060946,False,True,True,False,1784942337.3681107,0,False,0,0,False
1784849457.3002179,20,1784942459.0398045,37.531853208209355,0.7441695277332723,37.49179827573053,True,37.5,36.5,38.6,0.95,0.05,0.0,0.7,0.03,2,1784942469.066955,False,True,True,False,1784942337.3681107,0,False,0,0,False
1784849457.3002179,20,1784942479.0457287,37.51049057755398,0.7440741588464179,37.470435645075156,True,37.5,36.5,38.6,0.95,0.05,0.0,0.7,0.03,2,1784942489.0728652,False,True,True,False,1784942337.3681107,0,False,0,0,False
1784849457.3002179,20,1784942499.0517147,37.49980926222629,0.7441313801785305,37.42504005493248,True,37.5,36.5,38.6,0.95,0.05,0.0,0.7,0.03,2,1784942509.078926,False,True,True,True,1784942517.3681126,0,0,1,0,False
1784849457.3002179,20,1784942519.0576186,37.51049057755398,0.7441313801785305,37.41702906843672,True,37.5,36.5,38.6,0.95,0.05,0.0,0.7,0.03,2,1784942529.0847416,False,True,True,True,1784942517.3681126,0,False,0,0,False
1784849457.3002179,20,1784942539.063661,37.489127946898606,0.7438071259632258,37.403677424277106,True,37.5,36.5,38.6,0.95,0.05,0.0,0.7,0.03,2,1784942549.0908837,False,True,True,False,1784942517.3681126,0,0,1,0,False
1784849457.3002179,20,1784942559.06955,37.48645761806668,0.7441123064011598,37.41168841077287,True,37.5,36.5,38.6,0.95,0.05,0.0,0.7,0.03,2,1784942569.0967221,False,True,True,False,1784942517.3681126,0,0,1,0,False
1784849457.3002179,20,1784942579.0754821,37.54520485236897,0.7440360112916763,37.41168841077287,True,37.5,36.5,38.6,0.95,0.05,0.0,0.7,0.03,2,1784942589.1026614,False,True,True,False,1784942517.3681126,0,False,0,0,False
1784849457.3002179,20,1784942599.0813994,37.57724879835203,0.7441695277332723,37.43305104142824,True,37.5,36.5,38.6,0.95,0.05,0.0,0.7,0.03,2,1784942609.1085236,False,True,True,False,1784942517.3681126,0,False,0,0,False
1784849457.3002179,20,1784942619.0873945,37.61463340199893,0.7444365606164645,37.422369726100555,True,37.5,36.5,38.6,0.95,0.05,0.0,0.7,0.03,2,1784942629.1145346,False,True,True,False,1784942517.3681126,0,False,0,0,False
1784849457.3002179,20,1784942639.0932977,37.60395208667124,0.7443411917296102,37.39299610894942,True,37.5,36.5,38.6,0.95,0.05,0.0,0.7,0.03,2,1784942649.120458,False,True,True,False,1784942517.3681126,0,False,0,0,False
1784849457.3002179,20,1784942659.0992725,37.62798504615854,0.7439406424048218,37.38498512245366,True,37.5,36.5,38.6,0.95,0.05,0.0,0.7,0.03,2,1784942669.126383,False,True,True,False,1784942517.3681126,0,False,0,0,False
1784849457.3002179,20,1784942679.1052017,37.574578469520105,0.7443221179522392,37.35828183413443,True,37.5,36.5,38.6,0.95,0.05,0.0,0.7,0.03,2,1784942689.1323497,False,True,True,True,1784942697.3681512,0,False,0,0,False
1784849457.3002179,20,1784942699.1112523,37.569237811856254,0.7442839703974975,37.355611505302505,True,37.5,36.5,38.6,0.95,0.05,0.0,0.7,0.03,2,1784942709.1386201,False,True,True,True,1784942697.3681512,0,False,0,0,False
1784849457.3002179,20,1784942719.1173284,37.55855649652857,0.7440169375143053,37.31555657282368,True,37.5,36.5,38.6,0.95,0.05,0.0,0.7,0.03,2,1784942729.1440277,False,True,True,False,1784942697.3681512,0,False,0,0,False
1784849457.3002179,20,1784942739.1233234,37.56389715419242,0.7440169375143053,37.286182955672544,True,37.5,36.5,38.6,0.95,0.05,0.0,0.7,0.03,2,1784942749.1498327,False,True,True,False,1784942697.3681512,0,False,0,0,False
1784849457.3002179,20,1784942759.1292293,37.51850156404974,0.7440360112916763,37.262149996185244,True,37.5,36.5,38.6,0.95,0.05,0.0,0.7,0.03,2,1784942769.1563923,False,True,True,False,1784942697.3681512,0,False,0,0,False
1784849457.3002179,20,1784942779.1352792,37.507820248722055,0.7443411917296102,37.25680933852141,True,37.5,36.5,38.6,0.95,0.05,0.0,0.7,0.03,2,1784942789.1623037,False,True,True,False,1784942697.3681512,0,False,0,0,False
1784849457.3002179,20,1784942799.1411483,37.49179827573053,0.7440169375143053,37.219424734874494,True,37.5,36.5,38.6,0.95,0.05,0.0,0.7,0.03,2,1784942809.1683033,False,True,True,False,1784942697.3681512,0,0,1,0,False
1784849457.3002179,20,1784942819.147061,37.481116960402844,0.7440932326237888,37.219424734874494,True,37.5,36.5,38.6,0.95,0.05,0.0,0.7,0.03,2,1784942829.1741662,False,True,True,False,1784942697.3681512,0,0,1,0,False
1784849457.3002179,20,1784942839.152917,37.507820248722055,0.7441695277332723,37.20607309071488,True,37.5,36.5,38.6,0.95,0.05,0.0,0.7,0.03,2,1784942849.18012,False,True,True,False,1784942697.3681512,0,False,0,0,False
1784849457.3002179,20,1784942859.1590075,37.53719386587319,0.7440360112916763,37.251468680857556,True,37.5,36.5,38.6,0.95,0.05,0.0,0.7,0.03,2,1784942869.185549,False,True,True,True,1784942877.3681579,0,False,0,0,False
1784849457.3002179,20,1784942879.1648722,37.52117189288167,0.7441504539559014,37.23544670786603,True,37.5,36.5,38.6,0.95,0.05,0.0,0.7,0.03,2,1784942889.192046,False,True,True,True,1784942877.3681579,0,False,0,0,False
1784849457.3002179,20,1784942899.1709588,37.526512550545505,0.7445891508354314,37.23811703669794,True,37.5,36.5,38.6,0.95,0.05,0.0,0.7,0.03,2,1784942909.1980567,False,True,True,False,1784942877.3681579,0,False,0,0,False
1784849457.3002179,20,1784942919.176843,37.51049057755398,0.7443411917296102,37.219424734874494,True,37.5,36.5,38.6,0.95,0.05,0.0,0.7,0.03,2,1784942929.2084818,False,True,True,False,1784942877.3681579,0,False,0,0,False
1784849457.3002179,20,1784942939.1873004,37.489127946898606,0.7441313801785305,37.21675440604257,True,37.5,36.5,38.6,0.95,0.05,0.0,0.7,0.03,2,1784942949.2157667,False,True,True,False,1784942877.3681579,0,0,1,0,False
1784849457.3002179,20,1784942959.1931202,37.481116960402844,0.7441886015106433,37.19806210421912,True,37.5,36.5,38.6,0.95,0.05,0.0,0.7,0.03,2,1784942969.222262,False,True,True,False,1784942877.3681579,0,0,1,0,False
1784849457.3002179,20,1784942979.1992877,37.49713893339437,0.7441886015106433,37.208743419546806,True,37.5,36.5,38.6,0.95,0.05,0.0,0.7,0.03,2,1784942989.2292655,False,True,True,False,1784942877.3681579,0,0,1,0,False
1784849457.3002179,20,1784942999.2054002,37.52384222171359,0.7440360112916763,37.219424734874494,True,37.5,36.5,38.6,0.95,0.05,0.0,0.7,0.03,2,1784943009.2353582,False,True,True,False,1784942877.3681579,0,False,0,0,False
1784849457.3002179,20,1784943019.2116766,37.53452353704128,0.744055085069047,37.24612802319372,True,37.5,36.5,38.6,0.95,0.05,0.0,0.7,0.03,2,1784943029.2410772,False,True,True,False,1784942877.3681579,0,False,0,0,False
1784849457.3002179,20,1784943039.2180257,37.52918287937743,0.7442267490653849,37.25413900968948,True,37.5,36.5,38.6,0.95,0.05,0.0,0.7,0.03,2,1784943049.2452755,False,True,True,True,1784943057.3681927,0,False,0,0,False
1784849457.3002179,20,1784943059.224117,37.51049057755398,0.7442839703974975,37.23544670786603,True,37.5,36.5,38.6,0.95,0.05,0.0,0.7,0.03,2,1784943069.2512703,False,True,True,True,1784943057.3681927,0,False,0,0,False
1784849457.3002179,20,1784943079.23013,37.50514991989013,0.7441695277332723,37.19806210421912,True,37.5,36.5,38.6,0.95,0.05,0.0,0.7,0.03,2,1784943089.256792,False,True,True,False,1784943057.3681927,0,False,0,0,False
1784849457.3002179,20,1784943099.2361374,37.47310597390707,0.7439978637369344,37.184710460059506,True,37.5,36.5,38.6,0.95,0.05,0.0,0.7,0.03,2,1784943109.2633493,False,True,True,False,1784943057.3681927,0,0,1,0,False
1784849457.3002179,20,1784943119.2420993,37.49980926222629,0.743768978408484,37.182040131227595,True,37.5,36.5,38.6,0.95,0.05,0.0,0.7,0.03,2,1784943129.2691681,False,True,True,False,1784943057.3681927,0,0,1,0,False
1784849457.3002179,20,1784943139.2479558,37.51583123521782,0.7445510032806897,37.200732433051044,True,37.5,36.5,38.6,0.95,0.05,0.0,0.7,0.03,2,1784943149.2750826,False,True,True,False,1784943057.3681927,0,False,0,0,False
1784849457.3002179,20,1784943159.253938,37.513160906385906,0.7440360112916763,37.19806210421912,True,37.5,36.5,38.6,0.95,0.05,0.0,0.7,0.03,2,1784943169.2807276,False,True,True,False,1784943057.3681927,0,False,0,0,False
1784849457.3002179,20,1784943179.2599,37.52384222171359,0.744360265506981,37.19806210421912,True,37.5,36.5,38.6,0.95,0.05,0.0,0.7,0.03,2,1784943189.2870708,False,True,True,False,1784943057.3681927,0,False,0,0,False
1784849457.3002179,20,1784943199.2658622,37.52384222171359,0.7440932326237888,37.18738078889143,True,37.5,36.5,38.6,0.95,0.05,0.0,0.7,0.03,2,1784943209.2930837,False,True,True,False,1784943057.3681927,0,False,0,0,False
1784849457.3002179,20,1784943219.2719662,37.470435645075156,0.7441313801785305,37.17135881589991,True,37.5,36.5,38.6,0.95,0.05,0.0,0.7,0.03,2,1784943229.2990785,False,True,True,True,1784943237.368227,0,0,1,0,False
1784849457.3002179,20,1784943239.2778416,37.470435645075156,0.7441313801785305,37.14732585641261,True,37.5,36.5,38.6,0.95,0.05,0.0,0.7,0.03,2,1784943249.3051164,False,True,True,True,1784943237.368227,0,0,1,0,False
1784849457.3002179,20,1784943259.283852,37.483787289234755,0.7441886015106433,37.15533684290837,True,37.5,36.5,38.6,0.95,0.05,0.0,0.7,0.03,2,1784943269.3110526,False,True,True,False,1784943237.368227,0,0,1,0,False
1784849457.3002179,20,1784943279.2897854,37.489127946898606,0.7441123064011598,37.182040131227595,True,37.5,36.5,38.6,0.95,0.05,0.0,0.7,0.03,2,1784943289.3169158,False,True,True,False,1784943237.368227,0,0,1,0,False
1784849457.3002179,20,1784943299.2956786,37.489127946898606,0.7440169375143053,37.21141374837873,True,37.5,36.5,38.6,0.95,0.05,0.0,0.7,0.03,2,1784943309.3229737,False,True,True,False,1784943237.368227,0,0,1,0,False
1784849457.3002179,20,1784943319.301477,37.54253452353704,0.7443984130617227,37.23010605020218,True,37.5,36.5,38.6,0.95,0.05,0.0,0.7,0.03,2,1784943329.3285975,False,True,True,False,1784943237.368227,0,False,0,0,False
1784849457.3002179,20,1784943339.307494,37.55855649652857,0.7441504539559014,37.20607309071488,True,37.5,36.5,38.6,0.95,0.05,0.0,0.7,0.03,2,1784943349.334803,False,True,True,False,1784943237.368227,0,False,0,0,False
1784849457.3002179,20,1784943359.313608,37.56656748302434,0.7441886015106433,37.23010605020218,True,37.5,36.5,38.6,0.95,0.05,0.0,0.7,0.03,2,1784943369.3408237,False,True,True,False,1784943237.368227,0,False,0,0,False
1784849457.3002179,20,1784943379.3196669,37.52918287937743,0.744360265506981,37.21408407721066,True,37.5,36.5,38.6,0.95,0.05,0.0,0.7,0.03,2,1784943389.3468935,False,True,True,False,1784943237.368227,0,False,0,0,False
1784849457.3002179,20,1784943399.3256557,37.50247959105822,0.7440932326237888,37.182040131227595,True,37.5,36.5,38.6,0.95,0.05,0.0,0.7,0.03,2,1784943409.3527708,False,True,True,True,1784943417.3682573,0,False,0,0,False
1784849457.3002179,20,1784943419.331622,37.481116960402844,0.7441886015106433,37.15533684290837,True,37.5,36.5,38.6,0.95,0.05,0.0,0.7,0.03,2,1784943429.3588057,False,True,True,True,1784943417.3682573,0,0,1,0,False
1784849457.3002179,20,1784943439.3374798,37.44907301441978,0.7439978637369344,37.14732585641261,True,37.5,36.5,38.6,0.95,0.05,0.0,0.7,0.03,2,1784943449.3640356,False,True,True,False,1784943417.3682573,0,0,1,0,False
1784849457.3002179,20,1784943459.3433666,37.47844663157092,0.7441886015106433,37.133974212252994,True,37.5,36.5,38.6,0.95,0.05,0.0,0.7,0.03,2,1784943469.3700395,False,True,True,False,1784943417.3682573,0,0,1,0,False
1784849457.3002179,20,1784943479.3491368,37.47310597390707,0.7437880521858549,37.12863355458916,True,37.5,36.5,38.6,0.95,0.05,0.0,0.7,0.03,2,1784943489.3762817,False,True,True,False,1784943417.3682573,0,0,1,0,False
1784849457.3002179,20,1784943499.355013,37.51049057755398,0.7441504539559014,37.16334782940413,True,37.5,36.5,38.6,0.95,0.05,0.0,0.7,0.03,2,1784943509.381526,False,True,True,False,1784943417.3682573,0,False,0,0,False
1784849457.3002179,20,1784943519.3608916,37.531853208209355,0.7440360112916763,37.19806210421912,True,37.5,36.5,38.6,0.95,0.05,0.0,0.7,0.03,2,1784943529.3880353,False,True,True,False,1784943417.3682573,0,False,0,0,False
1784849457.3002179,20,1784943539.3668942,37.526512550545505,0.7441123064011598,37.19005111772336,True,37.5,36.5,38.6,0.95,0.05,0.0,0.7,0.03,2,1784943549.3940897,False,True,True,False,1784943417.3682573,0,False,0,0,False
1784849457.3002179,20,1784943559.3727727,37.52384222171359,0.7439406424048218,37.182040131227595,True,37.5,36.5,38.6,0.95,0.05,0.0,0.7,0.03,2,1784943569.3993032,False,True,True,False,1784943417.3682573,0,False,0,0,False
1784849457.3002179,20,1784943579.3786943,37.49713893339437,0.7440360112916763,37.18738078889143,True,37.5,36.5,38.6,0.95,0.05,0.0,0.7,0.03,2,1784943589.4059944,False,True,True,True,1784943597.3682718,0,0,1,0,False
1784849457.3002179,20,1784943599.3846269,37.48645761806668,0.7439787899595636,37.14465552758068,True,37.5,36.5,38.6,0.95,0.05,0.0,0.7,0.03,2,1784943609.411969,False,True,True,True,1784943597.3682718,0,0,1,0,False
1784849457.3002179,20,1784943619.390534,37.438391699092094,0.7441313801785305,37.12863355458916,True,37.5,36.5,38.6,0.95,0.05,0.0,0.7,0.03,2,1784943629.4172966,False,True,True,False,1784943597.3682718,0,0,1,0,False
1784849457.3002179,20,1784943639.3963943,37.47577630273899,0.7439787899595636,37.13130388342107,True,37.5,36.5,38.6,0.95,0.05,0.0,0.7,0.03,2,1784943649.4238753,False,True,True,False,1784943597.3682718,0,0,1,0,False
1784849457.3002179,20,1784943659.4026344,37.50514991989013,0.7442458228427558,37.176699473563744,True,37.5,36.5,38.6,0.95,0.05,0.0,0.7,0.03,2,1784943669.429774,False,True,True,False,1784943597.3682718,0,False,0,0,False
1784849457.3002179,20,1784943679.4085534,37.54253452353704,0.7441313801785305,37.182040131227595,True,37.5,36.5,38.6,0.95,0.05,0.0,0.7,0.03,2,1784943689.4356918,False,True,True,False,1784943597.3682718,0,False,0,0,False
1784849457.3002179,20,1784943699.414594,37.54253452353704,0.7444174868390937,37.17936980239567,True,37.5,36.5,38.6,0.95,0.05,0.0,0.7,0.03,2,1784943709.4411812,False,True,True,False,1784943597.3682718,0,False,0,0,False
1784849457.3002179,20,1784943719.4205015,37.51049057755398,0.7442458228427558,37.19806210421912,True,37.5,36.5,38.6,0.95,0.05,0.0,0.7,0.03,2,1784943729.447875,False,True,True,False,1784943597.3682718,0,False,0,0,False
1784849457.3002179,20,1784943739.4267552,37.51583123521782,0.7443030441748684,37.200732433051044,True,37.5,36.5,38.6,0.95,0.05,0.0,0.7,0.03,2,1784943749.4538856,False,True,True,False,1784943597.3682718,0,False,0,0,False
1784849457.3002179,20,1784943759.4327211,37.48645761806668,0.7441123064011598,37.139314869916845,True,37.5,36.5,38.6,0.95,0.05,0.0,0.7,0.03,2,1784943769.4598243,False,True,True,True,1784943777.3682754,0,0,1,0,False
1784849457.3002179,20,1784943779.4385912,37.44373235675593,0.7439406424048218,37.14999618524453,True,37.5,36.5,38.6,0.95,0.05,0.0,0.7,0.03,2,1784943789.4657485,False,True,True,True,1784943777.3682754,0,0,1,0,False
1784849457.3002179,20,1784943799.4444687,37.465094987411305,0.7440360112916763,37.14465552758068,True,37.5,36.5,38.6,0.95,0.05,0.0,0.7,0.03,2,1784943809.471569,False,True,True,False,1784943777.3682754,0,0,1,0,False
1784849457.3002179,20,1784943819.4503562,37.481116960402844,0.7441886015106433,37.14465552758068,True,37.5,36.5,38.6,0.95,0.05,0.0,0.7,0.03,2,1784943829.477471,False,True,True,False,1784943777.3682754,0,0,1,0,False
1784849457.3002179,20,1784943839.4561973,37.48645761806668,0.7438452735179675,37.184710460059506,True,37.5,36.5,38.6,0.95,0.05,0.0,0.7,0.03,2,1784943849.4834063,False,True,True,False,1784943777.3682754,0,0,1,0,False
1784849457.3002179,20,1784943859.4621239,37.53719386587319,0.7442458228427558,37.182040131227595,True,37.5,36.5,38.6,0.95,0.05,0.0,0.7,0.03,2,1784943869.48919,False,True,True,False,1784943777.3682754,0,False,0,0,False
1784849457.3002179,20,1784943879.4681506,37.53719386587319,0.7442648966201267,37.19806210421912,True,37.5,36.5,38.6,0.95,0.05,0.0,0.7,0.03,2,1784943889.4958801,False,True,True,False,1784943777.3682754,0,False,0,0,False
1784849457.3002179,20,1784943899.4747596,37.51583123521782,0.7441695277332723,37.17402914473182,True,37.5,36.5,38.6,0.95,0.05,0.0,0.7,0.03,2,1784943909.5018544,False,True,True,False,1784943777.3682754,0,False,0,0,False
1784849457.3002179,20,1784943919.4806807,37.50514991989013,0.7442839703974975,37.182040131227595,True,37.5,36.5,38.6,0.95,0.05,0.0,0.7,0.03,2,1784943929.507715,False,True,True,False,1784943777.3682754,0,False,0,0,False
1784849457.3002179,20,1784943939.4866922,37.489127946898606,0.744207675288014,37.16868848706798,True,37.5,36.5,38.6,0.95,0.05,0.0,0.7,0.03,2,1784943949.5131712,False,True,True,True,1784943957.3682861,0,0,1,0,False
1784849457.3002179,20,1784943959.4925578,37.470435645075156,0.7441695277332723,37.15533684290837,True,37.5,36.5,38.6,0.95,0.05,0.0,0.7,0.03,2,1784943969.5224087,False,True,True,True,1784943957.3682861,0,0,1,0,False
1784849457.3002179,20,1784943979.5011375,37.45441367208362,0.7440932326237888,37.15533684290837,True,37.5,36.5,38.6,0.95,0.05,0.0,0.7,0.03,2,1784943989.5282543,False,True,True,False,1784943957.3682861,0,0,1,0,False
1784849457.3002179,20,1784943999.5070012,37.49179827573053,0.7439787899595636,37.15533684290837,True,37.5,36.5,38.6,0.95,0.05,0.0,0.7,0.03,2,1784944009.5341456,False,True,True,False,1784943957.3682861,0,0,1,0,False
1784849457.3002179,20,1784944019.5128741,37.50247959105822,0.744055085069047,37.182040131227595,True,37.5,36.5,38.6,0.95,0.05,0.0,0.7,0.03,2,1784944029.5401082,False,True,True,False,1784943957.3682861,0,False,0,0,False
1784849457.3002179,20,1784944039.5190008,37.53452353704128,0.7444556343938353,37.17402914473182,True,37.5,36.5,38.6,0.95,0.05,0.0,0.7,0.03,2,1784944049.5455182,False,True,True,False,1784943957.3682861,0,False,0,0,False
1784849457.3002179,20,1784944059.524856,37.49980926222629,0.7441123064011598,37.19272144655528,True,37.5,36.5,38.6,0.95,0.05,0.0,0.7,0.03,2,1784944069.5520167,False,True,True,False,1784943957.3682861,0,0,1,0,False
1784849457.3002179,20,1784944079.5307586,37.50514991989013,0.7441504539559014,37.176699473563744,True,37.5,36.5,38.6,0.95,0.05,0.0,0.7,0.03,2,1784944089.5573053,False,True,True,False,1784943957.3682861,0,False,0,0,False
1784849457.3002179,20,1784944099.5368035,37.51049057755398,0.7440932326237888,37.17402914473182,True,37.5,36.5,38.6,0.95,0.05,0.0,0.7,0.03,2,1784944109.5639782,False,True,True,False,1784943957.3682861,0,False,0,0,False
1784849457.3002179,20,1784944119.542818,37.489127946898606,0.7443030441748684,37.176699473563744,True,37.5,36.5,38.6,0.95,0.05,0.0,0.7,0.03,2,1784944129.569398,False,True,True,True,1784944137.3683078,0,0,1,0,False
1784849457.3002179,20,1784944139.5485942,37.47844663157092,0.744055085069047,37.184710460059506,True,37.5,36.5,38.6,0.95,0.05,0.0,0.7,0.03,2,1784944149.5757198,False,True,True,True,1784944137.3683078,0,0,1,0,False
1784849457.3002179,20,1784944159.554454,37.49179827573053,0.7439024948500801,37.176699473563744,True,37.5,36.5,38.6,0.95,0.05,0.0,0.7,0.03,2,1784944169.5815945,False,True,True,False,1784944137.3683078,0,0,1,0,False
1784849457.3002179,20,1784944179.560324,37.52384222171359,0.744055085069047,37.16067750057222,True,37.5,36.5,38.6,0.95,0.05,0.0,0.7,0.03,2,1784944189.5873978,False,True,True,False,1784944137.3683078,0,False,0,0,False
1784849457.3002179,20,1784944199.5662436,37.550545510032805,0.7444937819485772,37.19272144655528,True,37.5,36.5,38.6,0.95,0.05,0.0,0.7,0.03,2,1784944209.59329,False,True,True,False,1784944137.3683078,0,False,0,0,False
1784849457.3002179,20,1784944219.5721436,37.52384222171359,0.744055085069047,37.19806210421912,True,37.5,36.5,38.6,0.95,0.05,0.0,0.7,0.03,2,1784944229.5993464,False,True,True,False,1784944137.3683078,0,False,0,0,False
1784849457.3002179,20,1784944239.578201,37.507820248722055,0.7443984130617227,37.184710460059506,True,37.5,36.5,38.6,0.95,0.05,0.0,0.7,0.03,2,1784944249.6053255,False,True,True,False,1784944137.3683078,0,False,0,0,False
1784849457.3002179,20,1784944259.5841975,37.489127946898606,0.7441886015106433,37.14465552758068,True,37.5,36.5,38.6,0.95,0.05,0.0,0.7,0.03,2,1784944269.6114106,False,True,True,False,1784944137.3683078,0,0,1,0,False
1784849457.3002179,20,1784944279.5901043,37.47310597390707,0.7439787899595636,37.14465552758068,True,37.5,36.5,38.6,0.95,0.05,0.0,0.7,0.03,2,1784944289.6167982,False,True,True,False,1784944137.3683078,0,0,1,0,False
1784849457.3002179,20,1784944299.5959573,37.489127946898606,0.7443030441748684,37.13130388342107,True,37.5,36.5,38.6,0.95,0.05,0.0,0.7,0.03,2,1784944309.6230247,False,True,True,True,1784944317.3683279,0,0,1,0,False
1784849457.3002179,20,1784944319.60174,37.50514991989013,0.7439787899595636,37.15533684290837,True,37.5,36.5,38.6,0.95,0.05,0.0,0.7,0.03,2,1784944329.6288729,False,True,True,True,1784944317.3683279,0,False,0,0,False
1784849457.3002179,20,1784944339.60771,37.489127946898606,0.7438261997405966,37.16334782940413,True,37.5,36.5,38.6,0.95,0.05,0.0,0.7,0.03,2,1784944349.6348622,False,True,True,False,1784944317.3683279,0,0,1,0,False
1784849457.3002179,20,1784944359.6135893,37.53452353704128,0.7443030441748684,37.182040131227595,True,37.5,36.5,38.6,0.95,0.05,0.0,0.7,0.03,2,1784944369.6407745,False,True,True,False,1784944317.3683279,0,False,0,0,False
1784849457.3002179,20,1784944379.6196725,37.507820248722055,0.7438643472953383,37.182040131227595,True,37.5,36.5,38.6,0.95,0.05,0.0,0.7,0.03,2,1784944389.6469328,False,True,True,False,1784944317.3683279,0,False,0,0,False
1784849457.3002179,20,1784944399.6256406,37.507820248722055,0.7439978637369344,37.182040131227595,True,37.5,36.5,38.6,0.95,0.05,0.0,0.7,0.03,2,1784944409.6528137,False,True,True,False,1784944317.3683279,0,False,0,0,False
1784849457.3002179,20,1784944419.6316595,37.470435645075156,0.7442648966201267,37.139314869916845,True,37.5,36.5,38.6,0.95,0.05,0.0,0.7,0.03,2,1784944429.6587925,False,True,True,False,1784944317.3683279,0,0,1,0,False
1784849457.3002179,20,1784944439.6375947,37.470435645075156,0.7441695277332723,37.158007171740294,True,37.5,36.5,38.6,0.95,0.05,0.0,0.7,0.03,2,1784944449.6642709,False,True,True,False,1784944317.3683279,0,0,1,0,False
1784849457.3002179,20,1784944459.643718,37.483787289234755,0.7442839703974975,37.14999618524453,True,37.5,36.5,38.6,0.95,0.05,0.0,0.7,0.03,2,1784944469.670901,False,True,True,False,1784944317.3683279,0,0,1,0,False
1784849457.3002179,20,1784944479.649655,37.47844663157092,0.7442458228427558,37.176699473563744,True,37.5,36.5,38.6,0.95,0.05,0.0,0.7,0.03,2,1784944489.6766973,False,True,True,True,1784944497.3683374,0,0,1,0,False
1784849457.3002179,20,1784944499.6556232,37.51583123521782,0.744360265506981,37.200732433051044,True,37.5,36.5,38.6,0.95,0.05,0.0,0.7,0.03,2,1784944509.6833491,False,True,True,True,1784944497.3683374,0,False,0,0,False
1784849457.3002179,20,1784944519.6618142,37.51049057755398,0.7443221179522392,37.176699473563744,True,37.5,36.5,38.6,0.95,0.05,0.0,0.7,0.03,2,1784944529.6890395,False,True,True,False,1784944497.3683374,0,False,0,0,False
1784849457.3002179,20,1784944539.6678088,37.53719386587319,0.7442648966201267,37.16868848706798,True,37.5,36.5,38.6,0.95,0.05,0.0,0.7,0.03,2,1784944549.6948593,False,True,True,False,1784944497.3683374,0,False,0,0,False
1784849457.3002179,20,1784944559.6736724,37.50247959105822,0.7440932326237888,37.16601815823606,True,37.5,36.5,38.6,0.95,0.05,0.0,0.7,0.03,2,1784944569.7008295,False,True,True,False,1784944497.3683374,0,False,0,0,False
1784849457.3002179,20,1784944579.6797168,37.49179827573053,0.7440169375143053,37.16601815823606,True,37.5,36.5,38.6,0.95,0.05,0.0,0.7,0.03,2,1784944589.7068515,False,True,True,False,1784944497.3683374,0,0,1,0,False
1784849457.3002179,20,1784944599.6855369,37.48645761806668,0.7441123064011598,37.15533684290837,True,37.5,36.5,38.6,0.95,0.05,0.0,0.7,0.03,2,1784944609.7126863,False,True,True,False,1784944497.3683374,0,0,1,0,False
1784849457.3002179,20,1784944619.6914437,37.49713893339437,0.7441504539559014,37.16067750057222,True,37.5,36.5,38.6,0.95,0.05,0.0,0.7,0.03,2,1784944629.7186813,False,True,True,False,1784944497.3683374,0,0,1,0,False
1784849457.3002179,20,1784944639.69727,37.513160906385906,0.7440741588464179,37.14732585641261,True,37.5,36.5,38.6,0.95,0.05,0.0,0.7,0.03,2,1784944649.724475,False,True,True,False,1784944497.3683374,0,False,0,0,False
1784849457.3002179,20,1784944659.7033622,37.52117189288167,0.7440932326237888,37.176699473563744,True,37.5,36.5,38.6,0.95,0.05,0.0,0.7,0.03,2,1784944669.7301528,False,True,True,True,1784944677.3683531,0,False,0,0,False
1784849457.3002179,20,1784944679.7093003,37.51049057755398,0.7442839703974975,37.17135881589991,True,37.5,36.5,38.6,0.95,0.05,0.0,0.7,0.03,2,1784944689.7364788,False,True,True,True,1784944677.3683531,0,False,0,0,False
1784849457.3002179,20,1784944699.7153583,37.47310597390707,0.7441695277332723,37.13664454108492,True,37.5,36.5,38.6,0.95,0.05,0.0,0.7,0.03,2,1784944709.742481,False,True,True,False,1784944677.3683531,0,0,1,0,False
1784849457.3002179,20,1784944719.721194,37.46776531624323,0.7440360112916763,37.11795223926147,True,37.5,36.5,38.6,0.95,0.05,0.0,0.7,0.03,2,1784944729.7484386,False,True,True,False,1784944677.3683531,0,0,1,0,False
1784849457.3002179,20,1784944739.727179,37.47844663157092,0.7441695277332723,37.141985198748756,True,37.5,36.5,38.6,0.95,0.05,0.0,0.7,0.03,2,1784944749.7537205,False,True,True,False,1784944677.3683531,0,0,1,0,False
1784849457.3002179,20,1784944759.732911,37.48645761806668,0.7442839703974975,37.14465552758068,True,37.5,36.5,38.6,0.95,0.05,0.0,0.7,0.03,2,1784944769.7595515,False,True,True,False,1784944677.3683531,0,0,1,0,False
1784849457.3002179,20,1784944779.738765,37.507820248722055,0.744207675288014,37.176699473563744,True,37.5,36.5,38.6,0.95,0.05,0.0,0.7,0.03,2,1784944789.7653766,False,True,True,False,1784944677.3683531,0,False,0,0,False
1784849457.3002179,20,1784944799.7446675,37.51850156404974,0.7443030441748684,37.19806210421912,True,37.5,36.5,38.6,0.95,0.05,0.0,0.7,0.03,2,1784944809.7717793,False,True,True,False,1784944677.3683531,0,False,0,0,False
1784849457.3002179,20,1784944819.7507756,37.54520485236897,0.744207675288014,37.19806210421912,True,37.5,36.5,38.6,0.95,0.05,0.0,0.7,0.03,2,1784944829.7781687,True,True,True,False,1784944677.3683531,0,False,0,0,False
1784849457.3002179,20,1784944839.7570488,37.555886167696656,0.7441695277332723,37.184710460059506,True,37.5,36.5,38.6,0.95,0.05,0.0,0.7,0.03,2,1784944849.7844179,True,False,True,True,1784944857.3683608,0,False,0,0,False
1784849457.3002179,20,1784944859.763492,37.53719386587319,0.7441886015106433,37.17135881589991,True,37.5,36.5,38.6,0.95,0.05,0.0,0.7,0.03,2,1784944869.7909489,True,False,True,True,1784944857.3683608,0,False,0,0,False
1784849457.3002179,20,1784944879.7697802,37.49980926222629,0.7442267490653849,37.11795223926147,True,37.5,36.5,38.6,0.95,0.05,0.0,0.7,0.03,2,1784944889.7998185,True,False,True,False,1784944857.3683608,0,0,1,0,False
1784849457.3002179,20,1784944899.7761414,37.47844663157092,0.7441886015106433,37.115281910429545,True,37.5,36.5,38.6,0.95,0.05,0.0,0.7,0.03,2,1784944909.8051999,True,False,True,False,1784944857.3683608,0,0,1,0,False
1784849457.3002179,20,1784944919.782338,37.489127946898606,0.7441695277332723,37.11261158159762,True,37.5,36.5,38.6,0.95,0.05,0.0,0.7,0.03,2,1784944929.8098586,True,True,True,False,1784944857.3683608,0,0,1,0,False
1784849457.3002179,20,1784944939.7885168,37.51049057755398,0.7442839703974975,37.109941252765694,True,37.5,36.5,38.6,0.95,0.05,0.0,0.7,0.03,2,1784944949.8163815,True,True,True,False,1784944857.3683608,0,False,0,0,False
1784849457.3002179,20,1784944959.7950299,37.52918287937743,0.7444937819485772,37.14465552758068,True,37.5,36.5,38.6,0.95,0.05,0.0,0.7,0.03,2,1784944969.8225596,True,False,True,False,1784944857.3683608,0,False,0,0,False
1784849457.3002179,20,1784944979.801365,37.53452353704128,0.7441886015106433,37.139314869916845,True,37.5,36.5,38.6,0.95,0.05,0.0,0.7,0.03,2,1784944989.8290172,True,True,True,False,1784944857.3683608,0,False,0,0,False
1784849457.3002179,20,1784944999.8078854,37.52384222171359,0.7445128557259479,37.12329289692531,True,37.5,36.5,38.6,0.95,0.05,0.0,0.7,0.03,2,1784945009.8355248,True,False,True,False,1784944857.3683608,0,False,0,0,False
1784849457.3002179,20,1784945019.8142366,37.49179827573053,0.7443984130617227,37.096589608606095,True,37.5,36.5,38.6,0.95,0.05,0.0,0.7,0.03,2,1784945029.843338,True,True,True,True,1784945037.3683763,0,0,1,0,False
1784849457.3002179,20,1784945039.8206108,37.470435645075156,0.7443221179522392,37.07789730678263,True,37.5,36.5,38.6,0.95,0.05,0.0,0.7,0.03,2,1784945049.848114,True,True,True,True,1784945037.3683763,0,0,1,0,False
1784849457.3002179,20,1784945059.827029,37.489127946898606,0.7443793392843518,37.08056763561456,True,37.5,36.5,38.6,0.95,0.05,0.0,0.7,0.03,2,1784945069.8541431,True,True,True,False,1784945037.3683763,0,0,1,0,False
1784849457.3002179,20,1784945079.8332841,37.49446860456244,0.744360265506981,37.07522697795072,True,37.5,36.5,38.6,0.95,0.05,0.0,0.7,0.03,2,1784945089.8635247,True,True,True,False,1784945037.3683763,0,0,1,0,False
1784849457.3002179,20,1784945099.8423767,37.51049057755398,0.744360265506981,37.099259937438006,True,37.5,36.5,38.6,0.95,0.05,0.0,0.7,0.03,2,1784945109.8747725,True,True,True,False,1784945037.3683763,0,False,0,0,False
1784849457.3002179,20,1784945119.849044,37.51049057755398,0.7440741588464179,37.10193026626993,True,37.5,36.5,38.6,0.95,0.05,0.0,0.7,0.03,2,1784945129.8794222,True,True,True,False,1784945037.3683763,0,False,0,0,False
1784849457.3002179,20,1784945139.8557048,37.53719386587319,0.744055085069047,37.12062256809338,True,37.5,36.5,38.6,0.95,0.05,0.0,0.7,0.03,2,1784945149.8833578,True,True,True,False,1784945037.3683763,0,False,0,0,False
1784849457.3002179,20,1784945159.8622546,37.52918287937743,0.744360265506981,37.091248950942244,True,37.5,36.5,38.6,0.95,0.05,0.0,0.7,0.03,2,1784945169.8931763,True,False,True,False,1784945037.3683763,0,False,0,0,False
1784849457.3002179,20,1784945179.8702595,37.52384222171359,0.7443221179522392,37.10193026626993,True,37.5,36.5,38.6,0.95,0.05,0.0,0.7,0.03,2,1784945189.900336,True,False,True,False,1784945037.3683763,0,False,0,0,False
1784849457.3002179,20,1784945199.8783708,37.48645761806668,0.7442458228427558,37.091248950942244,True,37.5,36.5,38.6,0.95,0.05,0.0,0.7,0.03,2,1784945209.9058552,True,False,True,True,1784945217.3683813,0,0,1,0,False
1784849457.3002179,20,1784945219.8845215,37.45975432974747,0.7441313801785305,37.06454566262303,True,37.5,36.5,38.6,0.95,0.05,0.0,0.7,0.03,2,1784945229.9137952,True,True,True,True,1784945217.3683813,0,0,1,0,False
1784849457.3002179,20,1784945239.8908653,37.45441367208362,0.7439406424048218,37.05653467612726,True,37.5,36.5,38.6,0.95,0.05,0.0,0.7,0.03,2,1784945249.9189734,True,True,True,False,1784945217.3683813,0,0,1,0,False
1784849457.3002179,20,1784945259.8972023,37.49980926222629,0.7443411917296102,37.06988632028687,True,37.5,36.5,38.6,0.95,0.05,0.0,0.7,0.03,2,1784945269.9263117,True,True,True,False,1784945217.3683813,0,0,1,0,False
1784849457.3002179,20,1784945279.903479,37.51049057755398,0.7441695277332723,37.06454566262303,True,37.5,36.5,38.6,0.95,0.05,0.0,0.7,0.03,2,1784945289.9308555,True,False,True,False,1784945217.3683813,0,False,0,0,False
1784849457.3002179,20,1784945299.9097803,37.531853208209355,0.744207675288014,37.115281910429545,True,37.5,36.5,38.6,0.95,0.05,0.0,0.7,0.03,2,1784945309.937284,True,True,True,False,1784945217.3683813,0,False,0,0,False
1784849457.3002179,20,1784945319.9162304,37.526512550545505,0.744207675288014,37.08590829327841,True,37.5,36.5,38.6,0.95,0.05,0.0,0.7,0.03,2,1784945329.9436347,True,True,True,False,1784945217.3683813,0,False,0,0,False
1784849457.3002179,20,1784945339.9225862,37.50514991989013,0.7442458228427558,37.09391927977417,True,37.5,36.5,38.6,0.95,0.05,0.0,0.7,0.03,2,1784945349.9516969,True,True,True,False,1784945217.3683813,0,False,0,0,False
1784849457.3002179,20,1784945359.9288971,37.470435645075156,0.7441313801785305,37.05920500495918,True,37.5,36.5,38.6,0.95,0.05,0.0,0.7,0.03,2,1784945369.9588668,True,True,True,False,1784945217.3683813,0,0,1,0,False
1784849457.3002179,20,1784945379.9354746,37.48645761806668,0.7441695277332723,37.048523689631494,True,37.5,36.5,38.6,0.95,0.05,0.0,0.7,0.03,2,1784945389.965789,True,False,True,True,1784945397.368408,0,0,1,0,False
1784849457.3002179,20,1784945399.9420483,37.48645761806668,0.7442839703974975,37.05920500495918,True,37.5,36.5,38.6,0.95,0.05,0.0,0.7,0.03,2,1784945409.9722328,True,False,True,True,1784945397.368408,0,0,1,0,False
1784849457.3002179,20,1784945419.9485438,37.49713893339437,0.7442648966201267,37.06988632028687,True,37.5,36.5,38.6,0.95,0.05,0.0,0.7,0.03,2,1784945429.9777238,True,False,True,False,1784945397.368408,0,0,1,0,False
1784849457.3002179,20,1784945439.9550529,37.50247959105822,0.7442267490653849,37.067215991454944,True,37.5,36.5,38.6,0.95,0.05,0.0,0.7,0.03,2,1784945449.9831743,True,False,True,False,1784945397.368408,0,False,0,0,False
1784849457.3002179,20,1784945459.961776,37.526512550545505,0.7441123064011598,37.091248950942244,True,37.5,36.5,38.6,0.95,0.05,0.0,0.7,0.03,2,1784945469.99937,True,True,True,False,1784945397.368408,0,False,0,0,False
1784849457.3002179,20,1784945479.968267,37.55321583886473,0.7442267490653849,37.10193026626993,True,37.5,36.5,38.6,0.95,0.05,0.0,0.7,0.03,2,1784945489.9972038,True,False,True,False,1784945397.368408,0,False,0,0,False
1784849457.3002179,20,1784945499.9757555,37.531853208209355,0.7439978637369344,37.109941252765694,True,37.5,36.5,38.6,0.95,0.05,0.0,0.7,0.03,2,1784945510.009987,True,True,True,False,1784945397.368408,0,False,0,0,False
1784849457.3002179,20,1784945519.9839752,37.51049057755398,0.744207675288014,37.08590829327841,True,37.5,36.5,38.6,0.95,0.05,0.0,0.7,0.03,2,1784945530.0145664,True,False,True,False,1784945397.368408,0,False,0,0,False
1784849457.3002179,20,1784945539.990461,37.49446860456244,0.7442267490653849,37.067215991454944,True,37.5,36.5,38.6,0.95,0.05,0.0,0.7,0.03,2,1784945550.0217078,True,False,True,False,1784945397.368408,0,0,1,0,False
1784849457.3002179,20,1784945559.9967403,37.481116960402844,0.7439597161821928,37.05920500495918,True,37.5,36.5,38.6,0.95,0.05,0.0,0.7,0.03,2,1784945570.0253048,True,True,True,True,1784945577.368432,0,0,1,0,False
1784849457.3002179,20,1784945580.0031183,37.481116960402844,0.7440932326237888,37.06988632028687,True,37.5,36.5,38.6,0.95,0.05,0.0,0.7,0.03,2,1784945590.031154,True,True,True,True,1784945577.368432,0,0,1,0,False
1784849457.3002179,20,1784945600.0093553,37.513160906385906,0.7443411917296102,37.053864347295345,True,37.5,36.5,38.6,0.95,0.05,0.0,0.7,0.03,2,1784945610.0373569,True,True,True,False,1784945577.368432,0,False,0,0,False
1784849457.3002179,20,1784945620.0157187,37.49713893339437,0.7442267490653849,37.05920500495918,True,37.5,36.5,38.6,0.95,0.05,0.0,0.7,0.03,2,1784945630.0440047,True,False,True,False,1784945577.368432,0,0,1,0,False
1784849457.3002179,20,1784945640.0219464,37.48645761806668,0.7440932326237888,37.05653467612726,True,37.5,36.5,38.6,0.95,0.05,0.0,0.7,0.03,2,1784945650.0487876,True,True,True,False,1784945577.368432,0,0,1,0,False
1784849457.3002179,20,1784945660.0282261,37.49980926222629,0.7442267490653849,37.053864347295345,True,37.5,36.5,38.6,0.95,0.05,0.0,0.7,0.03,2,1784945670.0551863,True,True,True,False,1784945577.368432,0,0,1,0,False
1784849457.3002179,20,1784945680.034371,37.52117189288167,0.7443411917296102,37.08056763561456,True,37.5,36.5,38.6,0.95,0.05,0.0,0.7,0.03,2,1784945690.061697,True,True,True,False,1784945577.368432,0,False,0,0,False
1784849457.3002179,20,1784945700.0406535,37.52117189288167,0.7441886015106433,37.08857862211032,True,37.5,36.5,38.6,0.95,0.05,0.0,0.7,0.03,2,1784945710.069552,True,False,True,False,1784945577.368432,0,False,0,0,False
1784849457.3002179,20,1784945720.047062,37.51583123521782,0.7444174868390937,37.091248950942244,True,37.5,36.5,38.6,0.95,0.05,0.0,0.7,0.03,2,1784945730.0745103,True,False,True,False,1784945577.368432,0,False,0,0,False
1784849457.3002179,20,1784945740.0534012,37.49980926222629,0.7441886015106433,37.09391927977417,True,37.5,36.5,38.6,0.95,0.05,0.0,0.7,0.03,2,1784945750.0807338,True,True,True,True,1784945757.3684502,0,0,1,0,False
1784849457.3002179,20,1784945760.0596344,37.49179827573053,0.7442267490653849,37.06454566262303,True,37.5,36.5,38.6,0.95,0.05,0.0,0.7,0.03,2,1784945770.0870414,True,True,True,True,1784945757.3684502,0,0,1,0,False
1784849457.3002179,20,1784945780.0658329,37.465094987411305,0.7445700770580607,37.053864347295345,True,37.5,36.5,38.6,0.95,0.05,0.0,0.7,0.03,2,1784945790.0931797,True,True,True,False,1784945757.3684502,0,0,1,0,False
1784849457.3002179,20,1784945800.072778,37.48645761806668,0.744055085069047,37.053864347295345,True,37.5,36.5,38.6,0.95,0.05,0.0,0.7,0.03,2,1784945810.1063993,True,True,True,False,1784945757.3684502,0,0,1,0,False
1784849457.3002179,20,1784945820.0850072,37.507820248722055,0.7442648966201267,37.06454566262303,True,37.5,36.5,38.6,0.95,0.05,0.0,0.7,0.03,2,1784945830.1129897,True,False,True,False,1784945757.3684502,0,False,0,0,False
1784849457.3002179,20,1784945840.0916033,37.513160906385906,0.7439787899595636,37.08323796444648,True,37.5,36.5,38.6,0.95,0.05,0.0,0.7,0.03,2,1784945850.1190102,True,False,True,False,1784945757.3684502,0,False,0,0,False
1784849457.3002179,20,1784945860.0979588,37.51049057755398,0.7441695277332723,37.06454566262303,True,37.5,36.5,38.6,0.95,0.05,0.0,0.7,0.03,2,1784945870.1254876,True,False,True,False,1784945757.3684502,0,False,0,0,False
1784849457.3002179,20,1784945880.1042547,37.489127946898606,0.744207675288014,37.08590829327841,True,37.5,36.5,38.6,0.95,0.05,0.0,0.7,0.03,2,1784945890.1316495,True,False,True,False,1784945757.3684502,0,0,1,0,False
1784849457.3002179,20,1784945900.1105285,37.49446860456244,0.7446082246128023,37.024490730144194,True,37.5,36.5,38.6,0.95,0.05,0.0,0.7,0.03,2,1784945910.1379623,True,True,True,False,1784945757.3684502,0,0,1,0,False
1784849457.3002179,20,1784945920.1167448,37.51049057755398,0.7442458228427558,37.04318303196766,True,37.5,36.5,38.6,0.95,0.05,0.0,0.7,0.03,2,1784945930.1441717,True,False,True,True,1784945937.3684664,0,False,0,0,False
1784849457.3002179,20,1784945940.123112,37.52117189288167,0.744360265506981,37.05653467612726,True,37.5,36.5,38.6,0.95,0.05,0.0,0.7,0.03,2,1784945950.1505744,True,True,True,True,1784945937.3684664,0,False,0,0,False
1784849457.3002179,20,1784945960.1294236,37.49713893339437,0.7443793392843518,37.05920500495918,True,37.5,36.5,38.6,0.95,0.05,0.0,0.7,0.03,2,1784945970.1568494,True,False,True,False,1784945937.3684664,0,0,1,0,False
1784849457.3002179,20,1784945980.1356766,37.50247959105822,0.7442839703974975,37.05920500495918,True,37.5,36.5,38.6,0.95,0.05,0.0,0.7,0.03,2,1784945990.1657572,True,True,True,False,1784945937.3684664,0,False,0,0,False
1784849457.3002179,20,1784946000.1419458,37.49713893339437,0.7441504539559014,37.04318303196766,True,37.5,36.5,38.6,0.95,0.05,0.0,0.7,0.03,2,1784946010.1713905,True,True,True,False,1784945937.3684664,0,0,1,0,False
1784849457.3002179,20,1784946020.1482906,37.49713893339437,0.7441123064011598,37.05920500495918,True,37.5,36.5,38.6,0.95,0.05,0.0,0.7,0.03,2,1784946030.1757016,True,True,True,False,1784945937.3684664,0,0,1,0,False
1784849457.3002179,20,1784946040.1545339,37.48645761806668,0.7443030441748684,37.05119401846342,True,37.5,36.5,38.6,0.95,0.05,0.0,0.7,0.03,2,1784946050.1817496,True,False,True,False,1784945937.3684664,0,0,1,0,False
1784849457.3002179,20,1784946060.1614149,37.50514991989013,0.7442267490653849,37.06454566262303,True,37.5,36.5,38.6,0.95,0.05,0.0,0.7,0.03,2,1784946070.1936545,True,True,True,False,1784945937.3684664,0,False,0,0,False
1784849457.3002179,20,1784946080.1695042,37.51049057755398,0.7442648966201267,37.06988632028687,True,37.5,36.5,38.6,0.95,0.05,0.0,0.7,0.03,2,1784946090.1971273,True,False,True,False,1784945937.3684664,0,False,0,0,False
1784849457.3002179,20,1784946100.1764505,37.49980926222629,0.7443984130617227,37.04585336079957,True,37.5,36.5,38.6,0.95,0.05,0.0,0.7,0.03,2,1784946110.2038484,True,True,True,True,1784946117.36847,0,0,1,0,False
1784849457.3002179,20,1784946120.1827028,37.45708400091554,0.744055085069047,37.04318303196766,True,37.5,36.5,38.6,0.95,0.05,0.0,0.7,0.03,2,1784946130.2101421,True,False,True,True,1784946117.36847,0,0,1,0,False
1784849457.3002179,20,1784946140.188969,37.45174334325169,0.7439406424048218,37.029831387808045,True,37.5,36.5,38.6,0.95,0.05,0.0,0.7,0.03,2,1784946150.2163513,True,True,True,False,1784946117.36847,0,0,1,0,False
1784849457.3002179,20,1784946160.1952226,37.48645761806668,0.7441886015106433,37.03250171663997,True,37.5,36.5,38.6,0.95,0.05,0.0,0.7,0.03,2,1784946170.2226589,True,False,True,False,1784946117.36847,0,0,1,0,False
1784849457.3002179,20,1784946180.201424,37.50247959105822,0.7440169375143053,37.048523689631494,True,37.5,36.5,38.6,0.95,0.05,0.0,0.7,0.03,2,1784946190.2288713,True,True,True,False,1784946117.36847,0,False,0,0,False
1784849457.3002179,20,1784946200.207761,37.52918287937743,0.7441504539559014,37.06454566262303,True,37.5,36.5,38.6,0.95,0.05,0.0,0.7,0.03,2,1784946210.2351787,True,False,True,False,1784946117.36847,0,False,0,0,False
1784849457.3002179,20,1784946220.2142026,37.53452353704128,0.7443030441748684,37.053864347295345,True,37.5,36.5,38.6,0.95,0.05,0.0,0.7,0.03,2,1784946230.2428775,True,True,True,False,1784946117.36847,0,False,0,0,False
1784849457.3002179,20,1784946240.2205186,37.51850156404974,0.7440932326237888,37.072556649118795,True,37.5,36.5,38.6,0.95,0.05,0.0,0.7,0.03,2,1784946250.2483742,True,False,True,False,1784946117.36847,0,False,0,0,False
1784849457.3002179,20,1784946260.2275963,37.51049057755398,0.7440932326237888,37.04318303196766,True,37.5,36.5,38.6,0.95,0.05,0.0,0.7,0.03,2,1784946270.2563405,True,True,True,False,1784946117.36847,0,False,0,0,False
1784849457.3002179,20,1784946280.2355218,37.45174334325169,0.744055085069047,37.01647974364843,True,37.5,36.5,38.6,0.95,0.05,0.0,0.7,0.03,2,1784946290.2644691,True,True,True,True,1784946297.3684955,0,0,1,0,False
1784849457.3002179,20,1784946300.2443902,37.45708400091554,0.7441695277332723,37.029831387808045,True,37.5,36.5,38.6,0.95,0.05,0.0,0.7,0.03,2,1784946310.2740602,True,False,True,True,1784946297.3684955,0,0,1,0,False
1784849457.3002179,20,1784946320.2527018,37.43572137026017,0.7443030441748684,37.04318303196766,True,37.5,36.5,38.6,0.95,0.05,0.0,0.7,0.03,2,1784946330.2827978,True,False,True,False,1784946297.3684955,0,0,1,0,False
1784849457.3002179,20,1784946340.2618654,37.46242465857938,0.7444365606164645,37.01915007248036,True,37.5,36.5,38.6,0.95,0.05,0.0,0.7,0.03,2,1784946350.2898278,True,False,True,False,1784946297.3684955,0,0,1,0,False
1784849457.3002179,20,1784946360.2690237,37.48645761806668,0.7442458228427558,37.011139085984595,True,37.5,36.5,38.6,0.95,0.05,0.0,0.7,0.03,2,1784946370.2961416,True,False,True,False,1784946297.3684955,0,0,1,0,False
1784849457.3002179,20,1784946380.2753239,37.52384222171359,0.7445128557259479,37.053864347295345,True,37.5,36.5,38.6,0.95,0.05,0.0,0.7,0.03,2,1784946390.3027577,True,True,True,False,1784946297.3684955,0,False,0,0,False
1784849457.3002179,20,1784946400.2816217,37.507820248722055,0.7440741588464179,37.06988632028687,True,37.5,36.5,38.6,0.95,0.05,0.0,0.7,0.03,2,1784946410.308639,True,True,True,False,1784946297.3684955,0,False,0,0,False
1784849457.3002179,20,1784946420.287939,37.52918287937743,0.7444174868390937,37.08056763561456,True,37.5,36.5,38.6,0.95,0.05,0.0,0.7,0.03,2,1784946430.3282504,True,True,True,False,1784946297.3684955,0,False,0,0,False
1784849457.3002179,20,1784946440.2942655,37.52384222171359,0.7442648966201267,37.05653467612726,True,37.5,36.5,38.6,0.95,0.05,0.0,0.7,0.03,2,1784946450.3213937,True,True,True,False,1784946297.3684955,0,False,0,0,False
1784849457.3002179,20,1784946460.3017867,37.489127946898606,0.744360265506981,37.04318303196766,True,37.5,36.5,38.6,0.95,0.05,0.0,0.7,0.03,2,1784946470.3305793,True,True,True,True,1784946477.3684976,0,0,1,0,False
1784849457.3002179,20,1784946480.309428,37.483787289234755,0.7443030441748684,37.03250171663997,True,37.5,36.5,38.6,0.95,0.05,0.0,0.7,0.03,2,1784946490.3369198,True,True,True,True,1784946477.3684976,0,0,1,0,False
1784849457.3002179,20,1784946500.3157291,37.47310597390707,0.7441695277332723,37.029831387808045,True,37.5,36.5,38.6,0.95,0.05,0.0,0.7,0.03,2,1784946510.3433096,True,True,True,False,1784946477.3684976,0,0,1,0,False
1784849457.3002179,20,1784946520.3219922,37.46242465857938,0.7442648966201267,37.01647974364843,True,37.5,36.5,38.6,0.95,0.05,0.0,0.7,0.03,2,1784946530.3501153,True,True,True,False,1784946477.3684976,0,0,1,0,False
1784849457.3002179,20,1784946540.3284767,37.49980926222629,0.7443793392843518,37.01915007248036,True,37.5,36.5,38.6,0.95,0.05,0.0,0.7,0.03,2,1784946550.3558207,True,False,True,False,1784946477.3684976,0,0,1,0,False
1784849457.3002179,20,1784946560.33499,37.513160906385906,0.7445128557259479,37.04318303196766,True,37.5,36.5,38.6,0.95,0.05,0.0,0.7,0.03,2,1784946570.3652163,True,False,True,False,1784946477.3684976,0,False,0,0,False
1784849457.3002179,20,1784946580.341561,37.53986419470512,0.7443030441748684,37.05920500495918,True,37.5,36.5,38.6,0.95,0.05,0.0,0.7,0.03,2,1784946590.3718858,True,True,True,False,1784946477.3684976,0,False,0,0,False
1784849457.3002179,20,1784946600.3481977,37.550545510032805,0.7444365606164645,37.06454566262303,True,37.5,36.5,38.6,0.95,0.05,0.0,0.7,0.03,2,1784946610.3808374,True,False,True,False,1784946477.3684976,0,False,0,0,False
1784849457.3002179,20,1784946620.3581023,37.52918287937743,0.7443984130617227,37.05920500495918,True,37.5,36.5,38.6,0.95,0.05,0.0,0.7,0.03,2,1784946630.3855028,True,True,True,False,1784946477.3684976,0,False,0,0,False
1784849457.3002179,20,1784946640.3645587,37.49179827573053,0.7442458228427558,37.06187533379111,True,37.5,36.5,38.6,0.95,0.05,0.0,0.7,0.03,2,1784946650.3920174,True,False,True,True,1784946657.3685296,0,0,1,0,False
1784849457.3002179,20,1784946660.370845,37.46776531624323,0.7441886015106433,37.04318303196766,True,37.5,36.5,38.6,0.95,0.05,0.0,0.7,0.03,2,1784946670.3983865,True,True,True,True,1784946657.3685296,0,0,1,0,False
1784849457.3002179,20,1784946680.3769884,37.46242465857938,0.7441886015106433,37.01647974364843,True,37.5,36.5,38.6,0.95,0.05,0.0,0.7,0.03,2,1784946690.4051466,True,False,True,False,1784946657.3685296,0,0,1,0,False
1784849457.3002179,20,1784946700.3842216,37.489127946898606,0.7441695277332723,37.01915007248036,True,37.5,36.5,38.6,0.95,0.05,0.0,0.7,0.03,2,1784946710.4131253,True,True,True,False,1784946657.3685296,0,0,1,0,False
1784849457.3002179,20,1784946720.3912432,37.49446860456244,0.7443221179522392,37.02716105897612,True,37.5,36.5,38.6,0.95,0.05,0.0,0.7,0.03,2,1784946730.418891,True,True,True,False,1784946657.3685296,0,0,1,0,False
1784849457.3002179,20,1784946740.3974693,37.54787518120088,0.7443411917296102,37.05653467612726,True,37.5,36.5,38.6,0.95,0.05,0.0,0.7,0.03,2,1784946750.4251592,True,True,True,False,1784946657.3685296,0,False,0,0,False
1784849457.3002179,20,1784946760.4042556,37.53986419470512,0.7443030441748684,37.08056763561456,True,37.5,36.5,38.6,0.95,0.05,0.0,0.7,0.03,2,1784946770.4316275,True,True,True,False,1784946657.3685296,0,False,0,0,False
1784849457.3002179,20,1784946780.4106057,37.550545510032805,0.7443984130617227,37.07522697795072,True,37.5,36.5,38.6,0.95,0.05,0.0,0.7,0.03,2,1784946790.4384625,True,True,True,False,1784946657.3685296,0,False,0,0,False
1784849457.3002179,20,1784946800.4170187,37.50247959105822,0.7442839703974975,37.06454566262303,True,37.5,36.5,38.6,0.95,0.05,0.0,0.7,0.03,2,1784946810.445556,True,True,True,False,1784946657.3685296,0,False,0,0,False
1784849457.3002179,20,1784946820.4243016,37.48645761806668,0.744055085069047,37.02182040131228,True,37.5,36.5,38.6,0.95,0.05,0.0,0.7,0.03,2,1784946830.45243,True,True,True,True,1784946837.3685632,0,0,1,0,False
1784849457.3002179,20,1784946840.4317079,37.45975432974747,0.7442839703974975,37.01380941481651,True,37.5,36.5,38.6,0.95,0.05,0.0,0.7,0.03,2,1784946850.4618275,True,True,True,True,1784946837.3685632,0,0,1,0,False
1784849457.3002179,20,1784946860.4382203,37.483787289234755,0.7442839703974975,37.00045777065691,True,37.5,36.5,38.6,0.95,0.05,0.0,0.7,0.03,2,1784946870.468339,True,True,True,False,1784946837.3685632,0,0,1,0,False
1784849457.3002179,20,1784946880.4446507,37.46242465857938,0.7442648966201267,37.011139085984595,True,37.5,36.5,38.6,0.95,0.05,0.0,0.7,0.03,2,1784946890.4728816,True,False,True,False,1784946837.3685632,0,0,1,0,False
1784849457.3002179,20,1784946900.4512038,37.51049057755398,0.7441886015106433,37.03517204547188,True,37.5,36.5,38.6,0.95,0.05,0.0,0.7,0.03,2,1784946910.480779,True,False,True,False,1784946837.3685632,0,False,0,0,False
1784849457.3002179,20,1784946920.4586422,37.51583123521782,0.7444937819485772,37.04318303196766,True,37.5,36.5,38.6,0.95,0.05,0.0,0.7,0.03,2,1784946930.4863853,True,False,True,False,1784946837.3685632,0,False,0,0,False
1784849457.3002179,20,1784946940.4656448,37.531853208209355,0.7441695277332723,37.072556649118795,True,37.5,36.5,38.6,0.95,0.05,0.0,0.7,0.03,2,1784946950.493036,True,True,True,False,1784946837.3685632,0,False,0,0,False
1784849457.3002179,20,1784946960.4720407,37.513160906385906,0.7444556343938353,37.04318303196766,True,37.5,36.5,38.6,0.95,0.05,0.0,0.7,0.03,2,1784946970.4994574,True,True,True,False,1784946837.3685632,0,False,0,0,False
1784849457.3002179,20,1784946980.4784267,37.47577630273899,0.7439024948500801,37.04318303196766,True,37.5,36.5,38.6,0.95,0.05,0.0,0.7,0.03,2,1784946990.5062325,True,True,True,False,1784946837.3685632,0,0,1,0,False
1784849457.3002179,20,1784947000.4846482,37.48645761806668,0.7439978637369344,37.02182040131228,True,37.5,36.5,38.6,0.95,0.05,0.0,0.7,0.03,2,1784947010.5148916,True,True,True,True,1784947017.368605,0,0,1,0,False
1784849457.3002179,20,1784947020.491863,37.45975432974747,0.7440360112916763,37.01647974364843,True,37.5,36.5,38.6,0.95,0.05,0.0,0.7,0.03,2,1784947030.520076,True,True,True,True,1784947017.368605,0,0,1,0,False
1784849457.3002179,20,1784947040.499843,37.47577630273899,0.7442267490653849,37.04051270313573,True,37.5,36.5,38.6,0.95,0.05,0.0,0.7,0.03,2,1784947050.5293717,True,False,True,False,1784947017.368605,0,0,1,0,False
1784849457.3002179,20,1784947060.509123,37.531853208209355,0.7444747081712062,37.03784237430381,True,37.5,36.5,38.6,0.95,0.05,0.0,0.7,0.03,2,1784947070.5380476,True,False,True,False,1784947017.368605,0,False,0,0,False
1784849457.3002179,20,1784947080.5173256,37.526512550545505,0.7439978637369344,37.053864347295345,True,37.5,36.5,38.6,0.95,0.05,0.0,0.7,0.03,2,1784947090.5462592,True,True,True,False,1784947017.368605,0,False,0,0,False
1784849457.3002179,20,1784947100.5252516,37.50514991989013,0.7444747081712062,37.067215991454944,True,37.5,36.5,38.6,0.95,0.05,0.0,0.7,0.03,2,1784947110.554566,True,False,True,False,1784947017.368605,0,False,0,0,False
1784849457.3002179,20,1784947120.5323763,37.50514991989013,0.7447226672770276,37.05920500495918,True,37.5,36.5,38.6,0.95,0.05,0.0,0.7,0.03,2,1784947130.5598776,True,False,True,False,1784947017.368605,0,False,0,0,False
1784849457.3002179,20,1784947140.5387492,37.489127946898606,0.7441123064011598,37.04585336079957,True,37.5,36.5,38.6,0.95,0.05,0.0,0.7,0.03,2,1784947150.5669308,True,True,True,False,1784947017.368605,0,0,1,0,False
1784849457.3002179,20,1784947160.54495,37.470435645075156,0.7442648966201267,37.03784237430381,True,37.5,36.5,38.6,0.95,0.05,0.0,0.7,0.03,2,1784947170.5752885,True,True,True,False,1784947017.368605,0,0,1,0,False
1784849457.3002179,20,1784947180.5511944,37.48645761806668,0.744207675288014,37.04318303196766,True,37.5,36.5,38.6,0.95,0.05,0.0,0.7,0.03,2,1784947190.5792987,True,True,True,True,1784947197.368638,0,0,1,0,False
1784849457.3002179,20,1784947200.5577073,37.49713893339437,0.7442648966201267,37.048523689631494,True,37.5,36.5,38.6,0.95,0.05,0.0,0.7,0.03,2,1784947210.585626,True,False,True,True,1784947197.368638,0,0,1,0,False
1784849457.3002179,20,1784947220.5640042,37.48645761806668,0.7443984130617227,37.053864347295345,True,37.5,36.5,38.6,0.95,0.05,0.0,0.7,0.03,2,1784947230.591169,True,False,True,False,1784947197.368638,0,0,1,0,False
1784849457.3002179,20,1784947240.5702708,37.54520485236897,0.7443221179522392,37.06187533379111,True,37.5,36.5,38.6,0.95,0.05,0.0,0.7,0.03,2,1784947250.5978358,True,False,True,False,1784947197.368638,0,False,0,0,False
1784849457.3002179,20,1784947260.5765586,37.56389715419242,0.7443984130617227,37.091248950942244,True,37.5,36.5,38.6,0.95,0.05,0.0,0.7,0.03,2,1784947270.6075037,True,True,True,False,1784947197.368638,0,False,0,0,False
1784849457.3002179,20,1784947280.5828946,37.56389715419242,0.7443221179522392,37.091248950942244,True,37.5,36.5,38.6,0.95,0.05,0.0,0.7,0.03,2,1784947290.61036,True,True,True,False,1784947197.368638,0,False,0,0,False
1784849457.3002179,20,1784947300.5893435,37.53719386587319,0.7441504539559014,37.08323796444648,True,37.5,36.5,38.6,0.95,0.05,0.0,0.7,0.03,2,1784947310.6166031,True,True,True,False,1784947197.368638,0,False,0,0,False
1784849457.3002179,20,1784947320.5956492,37.531853208209355,0.7443221179522392,37.06454566262303,True,37.5,36.5,38.6,0.95,0.05,0.0,0.7,0.03,2,1784947330.623065,True,True,True,False,1784947197.368638,0,False,0,0,False
1784849457.3002179,20,1784947340.6019986,37.47310597390707,0.7440932326237888,37.05653467612726,True,37.5,36.5,38.6,0.95,0.05,0.0,0.7,0.03,2,1784947350.6292787,True,False,True,False,1784947197.368638,0,0,1,0,False
1784849457.3002179,20,1784947360.6084256,37.45441367208362,0.7441123064011598,37.048523689631494,True,37.5,36.5,38.6,0.95,0.05,0.0,0.7,0.03,2,1784947370.6358669,True,False,True,True,1784947377.3686502,0,0,1,0,False
1784849457.3002179,20,1784947380.614796,37.470435645075156,0.7442648966201267,37.048523689631494,True,37.5,36.5,38.6,0.95,0.05,0.0,0.7,0.03,2,1784947390.6422975,True,True,True,True,1784947377.3686502,0,0,1,0,False
1784849457.3002179,20,1784947400.6210992,37.49713893339437,0.7441886015106433,37.03784237430381,True,37.5,36.5,38.6,0.95,0.05,0.0,0.7,0.03,2,1784947410.656352,True,False,True,False,1784947377.3686502,0,0,1,0,False
1784849457.3002179,20,1784947420.6273422,37.513160906385906,0.7440741588464179,37.04318303196766,True,37.5,36.5,38.6,0.95,0.05,0.0,0.7,0.03,2,1784947430.6573718,True,False,True,False,1784947377.3686502,0,False,0,0,False
1784849457.3002179,20,1784947440.6465526,37.53452353704128,0.7445891508354314,37.067215991454944,True,37.5,36.5,38.6,0.95,0.05,0.0,0.7,0.03,2,1784947450.679317,True,False,True,False,1784947377.3686502,0,False,0,0,False
1784849457.3002179,20,1784947460.657134,37.52117189288167,0.7443411917296102,37.053864347295345,True,37.5,36.5,38.6,0.95,0.05,0.0,0.7,0.03,2,1784947470.687348,True,True,True,False,1784947377.3686502,0,False,0,0,False
1784849457.3002179,20,1784947480.6635213,37.49446860456244,0.7443030441748684,37.04318303196766,True,37.5,36.5,38.6,0.95,0.05,0.0,0.7,0.03,2,1784947490.6915693,True,True,True,False,1784947377.3686502,0,0,1,0,False
1784849457.3002179,20,1784947500.6704884,37.47310597390707,0.7440932326237888,37.01915007248036,True,37.5,36.5,38.6,0.95,0.05,0.0,0.7,0.03,2,1784947510.6999917,True,True,True,False,1784947377.3686502,0,0,1,0,False
1784849457.3002179,20,1784947520.6780674,37.47844663157092,0.7443030441748684,37.03250171663997,True,37.5,36.5,38.6,0.95,0.05,0.0,0.7,0.03,2,1784947530.7070107,True,True,True,False,1784947377.3686502,0,0,1,0,False
1784849457.3002179,20,1784947540.6850402,37.489127946898606,0.7444556343938353,37.05119401846342,True,37.5,36.5,38.6,0.95,0.05,0.0,0.7,0.03,2,1784947550.7141206,True,False,True,True,1784947557.3686678,0,0,1,0,False
1784849457.3002179,20,1784947560.6913607,37.48645761806668,0.7442458228427558,37.053864347295345,True,37.5,36.5,38.6,0.95,0.05,0.0,0.7,0.03,2,1784947570.718684,True,True,True,True,1784947557.3686678,0,0,1,0,False
1784849457.3002179,20,1784947580.6975408,37.52918287937743,0.7444174868390937,37.04318303196766,True,37.5,36.5,38.6,0.95,0.05,0.0,0.7,0.03,2,1784947590.7243073,True,True,True,False,1784947557.3686678,0,False,0,0,False
1784849457.3002179,20,1784947600.703909,37.507820248722055,0.744055085069047,37.06454566262303,True,37.5,36.5,38.6,0.95,0.05,0.0,0.7,0.03,2,1784947610.732267,True,True,True,False,1784947557.3686678,0,False,0,0,False
1784849457.3002179,20,1784947620.7104077,37.51850156404974,0.7442648966201267,37.03250171663997,True,37.5,36.5,38.6,0.95,0.05,0.0,0.7,0.03,2,1784947630.750642,True,True,True,False,1784947557.3686678,0,False,0,0,False
1784849457.3002179,20,1784947640.716892,37.49713893339437,0.7444556343938353,37.05119401846342,True,37.5,36.5,38.6,0.95,0.05,0.0,0.7,0.03,2,1784947650.7462635,True,True,True,False,1784947557.3686678,0,0,1,0,False
1784849457.3002179,20,1784947660.7231584,37.489127946898606,0.7441695277332723,37.011139085984595,True,37.5,36.5,38.6,0.95,0.05,0.0,0.7,0.03,2,1784947670.750574,True,True,True,False,1784947557.3686678,0,0,1,0,False
1784849457.3002179,20,1784947680.729386,37.47310597390707,0.7443221179522392,37.00045777065691,True,37.5,36.5,38.6,0.95,0.05,0.0,0.7,0.03,2,1784947690.7567446,True,True,True,False,1784947557.3686678,0,0,1,0,False
1784849457.3002179,20,1784947700.735627,37.50514991989013,0.7443793392843518,37.029831387808045,True,37.5,36.5,38.6,0.95,0.05,0.0,0.7,0.03,2,1784947710.7628574,True,False,True,False,1784947557.3686678,0,False,0,0,False
1784849457.3002179,20,1784947720.7463412,37.51583123521782,0.7443411917296102,37.03250171663997,True,37.5,36.5,38.6,0.95,0.05,0.0,0.7,0.03,2,1784947730.7787902,True,False,True,True,1784947737.3687027,0,False,0,0,False
1784849457.3002179,20,1784947740.7574744,37.49446860456244,0.7442267490653849,37.029831387808045,True,37.5,36.5,38.6,0.95,0.05,0.0,0.7,0.03,2,1784947750.7845957,True,False,True,True,1784947737.3687027,0,0,1,0,False
1784849457.3002179,20,1784947760.7637107,37.481116960402844,0.7442839703974975,37.02716105897612,True,37.5,36.5,38.6,0.95,0.05,0.0,0.7,0.03,2,1784947770.7906713,True,False,True,False,1784947737.3687027,0,0,1,0,False
1784849457.3002179,20,1784947780.7698264,37.481116960402844,0.7441886015106433,37.00045777065691,True,37.5,36.5,38.6,0.95,0.05,0.0,0.7,0.03,2,1784947790.7971997,True,True,True,False,1784947737.3687027,0,0,1,0,False
1784849457.3002179,20,1784947800.776084,37.49713893339437,0.7442267490653849,37.02182040131228,True,37.5,36.5,38.6,0.95,0.05,0.0,0.7,0.03,2,1784947810.802912,True,True,True,False,1784947737.3687027,0,0,1,0,False
1784849457.3002179,20,1784947820.7823484,37.49179827573053,0.7443984130617227,37.03250171663997,True,37.5,36.5,38.6,0.95,0.05,0.0,0.7,0.03,2,1784947830.8096974,True,True,True,False,1784947737.3687027,0,0,1,0,False
1784849457.3002179,20,1784947840.788553,37.507820248722055,0.7440932326237888,37.072556649118795,True,37.5,36.5,38.6,0.95,0.05,0.0,0.7,0.03,2,1784947850.8169804,True,False,True,False,1784947737.3687027,0,False,0,0,False
1784849457.3002179,20,1784947860.7953498,37.489127946898606,0.7445128557259479,37.03250171663997,True,37.5,36.5,38.6,0.95,0.05,0.0,0.7,0.03,2,1784947870.8232112,True,True,True,False,1784947737.3687027,0,0,1,0,False
1784849457.3002179,20,1784947880.8015816,37.49980926222629,0.7443221179522392,37.04318303196766,True,37.5,36.5,38.6,0.95,0.05,0.0,0.7,0.03,2,1784947890.829067,True,False,True,False,1784947737.3687027,0,0,1,0,False
1784849457.3002179,20,1784947900.8078465,37.489127946898606,0.7444556343938353,37.029831387808045,True,37.5,36.5,38.6,0.95,0.05,0.0,0.7,0.03,2,1784947910.83485,True,False,True,True,1784947917.3687172,0,0,1,0,False
1784849457.3002179,20,1784947920.8141637,37.489127946898606,0.7443411917296102,37.00045777065691,True,37.5,36.5,38.6,0.95,0.05,0.0,0.7,0.03,2,1784947930.8429966,True,True,True,True,1784947917.3687172,0,0,1,0,False
1784849457.3002179,20,1784947940.8203988,37.483787289234755,0.7443030441748684,37.01915007248036,True,37.5,36.5,38.6,0.95,0.05,0.0,0.7,0.03,2,1784947950.8475225,True,False,True,False,1784947917.3687172,0,0,1,0,False
1784849457.3002179,20,1784947960.8268251,37.481116960402844,0.7444174868390937,37.01647974364843,True,37.5,36.5,38.6,0.95,0.05,0.0,0.7,0.03,2,1784947970.8542676,True,True,True,False,1784947917.3687172,0,0,1,0,False
1784849457.3002179,20,1784947980.8330557,37.513160906385906,0.7441695277332723,37.03250171663997,True,37.5,36.5,38.6,0.95,0.05,0.0,0.7,0.03,2,1784947990.860482,True,False,True,False,1784947917.3687172,0,False,0,0,False
1784849457.3002179,20,1784948000.840105,37.507820248722055,0.7441504539559014,37.005798428320745,True,37.5,36.5,38.6,0.95,0.05,0.0,0.7,0.03,2,1784948010.8686175,True,True,True,False,1784947917.3687172,0,False,0,0,False
1784849457.3002179,20,1784948020.8479326,37.52384222171359,0.7447798886091401,37.02716105897612,True,37.5,36.5,38.6,0.95,0.05,0.0,0.7,0.03,2,1784948030.879619,True,True,True,False,1784947917.3687172,0,False,0,0,False
1784849457.3002179,20,1784948040.8555362,37.49713893339437,0.7442648966201267,37.05653467612726,True,37.5,36.5,38.6,0.95,0.05,0.0,0.7,0.03,2,1784948050.8831122,True,False,True,False,1784947917.3687172,0,0,1,0,False
1784849457.3002179,20,1784948060.8625093,37.47310597390707,0.7443984130617227,37.00045777065691,True,37.5,36.5,38.6,0.95,0.05,0.0,0.7,0.03,2,1784948070.891504,True,False,True,False,1784947917.3687172,0,0,1,0,False
1784849457.3002179,20,1784948080.868775,37.47310597390707,0.7442267490653849,37.03784237430381,True,37.5,36.5,38.6,0.95,0.05,0.0,0.7,0.03,2,1784948090.9030905,True,True,True,True,1784948097.368724,0,0,1,0,False
1784849457.3002179,20,1784948100.8752353,37.46776531624323,0.7440741588464179,37.029831387808045,True,37.5,36.5,38.6,0.95,0.05,0.0,0.7,0.03,2,1784948110.9034963,True,False,True,True,1784948097.368724,0,0,1,0,False
1784849457.3002179,20,1784948120.881486,37.526512550545505,0.7442648966201267,37.02182040131228,True,37.5,36.5,38.6,0.95,0.05,0.0,0.7,0.03,2,1784948130.9088664,True,True,True,False,1784948097.368724,0,False,0,0,False
1784849457.3002179,20,1784948140.887837,37.52117189288167,0.7443793392843518,37.05653467612726,True,37.5,36.5,38.6,0.95,0.05,0.0,0.7,0.03,2,1784948150.9152067,True,True,True,False,1784948097.368724,0,False,0,0,False
1784849457.3002179,20,1784948160.894185,37.53452353704128,0.7441886015106433,37.04318303196766,True,37.5,36.5,38.6,0.95,0.05,0.0,0.7,0.03,2,1784948170.9215083,True,True,True,False,1784948097.368724,0,False,0,0,False
1784849457.3002179,20,1784948180.900441,37.49713893339437,0.7442267490653849,37.053864347295345,True,37.5,36.5,38.6,0.95,0.05,0.0,0.7,0.03,2,1784948190.9277449,True,True,True,False,1784948097.368724,0,0,1,0,False
1784849457.3002179,20,1784948200.9066052,37.48645761806668,0.744207675288014,37.03784237430381,True,37.5,36.5,38.6,0.95,0.05,0.0,0.7,0.03,2,1784948210.9361384,True,True,True,False,1784948097.368724,0,0,1,0,False
1784849457.3002179,20,1784948220.9128804,37.50247959105822,0.7444747081712062,37.02182040131228,True,37.5,36.5,38.6,0.95,0.05,0.0,0.7,0.03,2,1784948230.9396985,True,True,True,False,1784948097.368724,0,False,0,0,False
1784849457.3002179,20,1784948240.9193547,37.48645761806668,0.7441695277332723,37.03517204547188,True,37.5,36.5,38.6,0.95,0.05,0.0,0.7,0.03,2,1784948250.9479702,True,True,True,False,1784948097.368724,0,0,1,0,False
1784849457.3002179,20,1784948260.9266524,37.49980926222629,0.7443221179522392,37.01647974364843,True,37.5,36.5,38.6,0.95,0.05,0.0,0.7,0.03,2,1784948270.9579623,True,False,True,True,1784948277.3687818,0,0,1,0,False
1784849457.3002179,20,1784948280.9351096,37.52117189288167,0.7443411917296102,37.02182040131228,True,37.5,36.5,38.6,0.95,0.05,0.0,0.7,0.03,2,1784948290.9683592,True,True,True,True,1784948277.3687818,0,False,0,0,False
1784849457.3002179,20,1784948300.9427552,37.49446860456244,0.7443030441748684,37.04585336079957,True,37.5,36.5,38.6,0.95,0.05,0.0,0.7,0.03,2,1784948310.9704628,True,False,True,False,1784948277.3687818,0,0,1,0,False
1784849457.3002179,20,1784948320.9492512,37.49980926222629,0.7441313801785305,37.03250171663997,True,37.5,36.5,38.6,0.95,0.05,0.0,0.7,0.03,2,1784948330.9765925,True,True,True,False,1784948277.3687818,0,0,1,0,False
1784849457.3002179,20,1784948340.9554656,37.49980926222629,0.7443221179522392,37.01915007248036,True,37.5,36.5,38.6,0.95,0.05,0.0,0.7,0.03,2,1784948350.9863727,True,True,True,False,1784948277.3687818,0,0,1,0,False
1784849457.3002179,20,1784948360.9615786,37.513160906385906,0.7442458228427558,37.02716105897612,True,37.5,36.5,38.6,0.95,0.05,0.0,0.7,0.03,2,1784948370.9900815,True,True,True,False,1784948277.3687818,0,False,0,0,False
