experiment_state_timestamp,save_interval_secs,last_save_timestamp,temperature_1_C,humidity_1,temperature_2_C,egg_turning_on,target_temperature,boost_temperature,cooling_start_temperature,heating_proportional_Cf,heating_integral_Cf,heating_derivitive_Cf,target_humidity,range_humidity,control_change_minimum_secs,last_control_change_timestamp,front_turn_switch,rear_turn_switch,top_switch,venting_state,last_venting_timestamp,exhaust_on,humidifyer_on,heater_on,boost_on,fan_on
1784849457.3002179,20,1784948380.9689715,37.53986419470512,0.7446463721675441,37.053864347295345,True,37.5,36.5,38.6,0.95,0.05,0.0,0.7,0.03,2,1784948390.9976938,True,True,True,False,1784948277.3687818,0,False,0,0,False
1784849457.3002179,20,1784948400.9763606,37.507820248722055,0.7441695277332723,37.053864347295345,True,37.5,36.5,38.6,0.95,0.05,0.0,0.7,0.03,2,1784948411.0145986,False,True,True,False,1784948277.3687818,0,False,0,0,False
1784849457.3002179,20,1784948420.989944,37.48645761806668,0.7443793392843518,37.053864347295345,True,37.5,36.5,38.6,0.95,0.05,0.0,0.7,0.03,2,1784948431.0171893,False,False,True,False,1784948277.3687818,0,0,1,0,False
1784849457.3002179,20,1784948440.9961529,37.470435645075156,0.744360265506981,37.029831387808045,True,37.5,36.5,38.6,0.95,0.05,0.0,0.7,0.03,2,1784948451.0240142,False,True,True,True,1784948457.368815,0,0,1,0,False
1784849457.3002179,20,1784948461.002323,37.489127946898606,0.7441695277332723,37.04318303196766,True,37.5,36.5,38.6,0.95,0.05,0.0,0.7,0.03,2,1784948471.0297275,False,True,True,True,1784948457.368815,0,0,1,0,False
1784849457.3002179,20,1784948481.0084848,37.49446860456244,0.7444365606164645,37.03784237430381,True,37.5,36.5,38.6,0.95,0.05,0.0,0.7,0.03,2,1784948491.0355735,False,True,True,False,1784948457.368815,0,0,1,0,False
1784849457.3002179,20,1784948501.0148935,37.50514991989013,0.7443411917296102,37.08323796444648,True,37.5,36.5,38.6,0.95,0.05,0.0,0.7,0.03,2,1784948511.0425942,False,True,True,False,1784948457.368815,0,False,0,0,False
1784849457.3002179,20,1784948521.0211425,37.50514991989013,0.7442839703974975,37.10727092393378,True,37.5,36.5,38.6,0.95,0.05,0.0,0.7,0.03,2,1784948531.05112,False,False,True,False,1784948457.368815,0,False,0,0,False
1784849457.3002179,20,1784948541.0301218,37.526512550545505,0.7442839703974975,37.067215991454944,True,37.5,36.5,38.6,0.95,0.05,0.0,0.7,0.03,2,1784948551.0624871,False,False,True,False,1784948457.368815,0,False,0,0,False
1784849457.3002179,20,1784948561.036403,37.52384222171359,0.7442839703974975,37.10727092393378,True,37.5,36.5,38.6,0.95,0.05,0.0,0.7,0.03,2,1784948571.0644355,False,True,True,False,1784948457.368815,0,False,0,0,False
1784849457.3002179,20,1784948581.042787,37.507820248722055,0.7445891508354314,37.08056763561456,True,37.5,36.5,38.6,0.95,0.05,0.0,0.7,0.03,2,1784948591.070302,False,False,True,False,1784948457.368815,0,False,0,0,False
1784849457.3002179,20,1784948601.049162,37.470435645075156,0.7442648966201267,37.06988632028687,True,37.5,36.5,38.6,0.95,0.05,0.0,0.7,0.03,2,1784948611.0766199,False,True,True,False,1784948457.368815,0,0,1,0,False
1784849457.3002179,20,1784948621.055452,37.44907301441978,0.7443221179522392,37.07522697795072,True,37.5,36.5,38.6,0.95,0.05,0.0,0.7,0.03,2,1784948631.0828536,False,False,True,True,1784948637.368834,0,0,1,0,False
1784849457.3002179,20,1784948641.0616436,37.44907301441978,0.7442648966201267,37.08323796444648,True,37.5,36.5,38.6,0.95,0.05,0.0,0.7,0.03,2,1784948651.08911,False,False,True,True,1784948637.368834,0,0,1,0,False
1784849457.3002179,20,1784948661.0678692,37.45174334325169,0.7444365606164645,37.06988632028687,True,37.5,36.5,38.6,0.95,0.05,0.0,0.7,0.03,2,1784948671.0956705,False,True,True,False,1784948637.368834,0,0,1,0,False
1784849457.3002179,20,1784948681.0743861,37.47310597390707,0.7443984130617227,37.091248950942244,True,37.5,36.5,38.6,0.95,0.05,0.0,0.7,0.03,2,1784948691.1013095,False,False,True,False,1784948637.368834,0,0,1,0,False
1784849457.3002179,20,1784948701.080767,37.51049057755398,0.7443221179522392,37.10460059510186,True,37.5,36.5,38.6,0.95,0.05,0.0,0.7,0.03,2,1784948711.10814,False,False,True,False,1784948637.368834,0,False,0,0,False
1784849457.3002179,20,1784948721.0872056,37.51049057755398,0.7442839703974975,37.11261158159762,True,37.5,36.5,38.6,0.95,0.05,0.0,0.7,0.03,2,1784948731.1178763,False,False,True,False,1784948637.368834,0,False,0,0,False
1784849457.3002179,20,1784948741.0936053,37.49980926222629,0.7441886015106433,37.099259937438006,True,37.5,36.5,38.6,0.95,0.05,0.0,0.7,0.03,2,1784948751.1236358,False,True,True,False,1784948637.368834,0,0,1,0,False
1784849457.3002179,20,1784948761.099989,37.48645761806668,0.7444556343938353,37.091248950942244,True,37.5,36.5,38.6,0.95,0.05,0.0,0.7,0.03,2,1784948771.1275256,False,False,True,False,1784948637.368834,0,0,1,0,False
1784849457.3002179,20,1784948781.1063666,37.48645761806668,0.7442839703974975,37.11261158159762,True,37.5,36.5,38.6,0.95,0.05,0.0,0.7,0.03,2,1784948791.1338205,False,True,True,False,1784948637.368834,0,0,1,0,False
1784849457.3002179,20,1784948801.112591,37.507820248722055,0.7443221179522392,37.10727092393378,True,37.5,36.5,38.6,0.95,0.05,0.0,0.7,0.03,2,1784948811.140132,False,False,True,True,1784948817.3688602,0,False,0,0,False
1784849457.3002179,20,1784948821.119053,37.513160906385906,0.7444174868390937,37.12329289692531,True,37.5,36.5,38.6,0.95,0.05,0.0,0.7,0.03,2,1784948831.14647,False,False,True,True,1784948817.3688602,0,False,0,0,False
1784849457.3002179,20,1784948841.125357,37.507820248722055,0.7441313801785305,37.10460059510186,True,37.5,36.5,38.6,0.95,0.05,0.0,0.7,0.03,2,1784948851.152852,False,True,True,False,1784948817.3688602,0,False,0,0,False
1784849457.3002179,20,1784948861.1317632,37.49446860456244,0.7440169375143053,37.11261158159762,True,37.5,36.5,38.6,0.95,0.05,0.0,0.7,0.03,2,1784948871.1593447,False,True,True,False,1784948817.3688602,0,0,1,0,False
1784849457.3002179,20,1784948881.1381521,37.50514991989013,0.7444174868390937,37.08590829327841,True,37.5,36.5,38.6,0.95,0.05,0.0,0.7,0.03,2,1784948891.1657615,False,False,True,False,1784948817.3688602,0,False,0,0,False
1784849457.3002179,20,1784948901.1447005,37.46776531624323,0.7443411917296102,37.08857862211032,True,37.5,36.5,38.6,0.95,0.05,0.0,0.7,0.03,2,1784948911.1726205,False,True,True,False,1784948817.3688602,0,0,1,0,False
1784849457.3002179,20,1784948921.151117,37.49446860456244,0.7442839703974975,37.091248950942244,True,37.5,36.5,38.6,0.95,0.05,0.0,0.7,0.03,2,1784948931.1786015,False,False,True,False,1784948817.3688602,0,0,1,0,False
1784849457.3002179,20,1784948941.1573067,37.49446860456244,0.7443030441748684,37.12062256809338,True,37.5,36.5,38.6,0.95,0.05,0.0,0.7,0.03,2,1784948951.184519,False,False,True,False,1784948817.3688602,0,0,1,0,False
1784849457.3002179,20,1784948961.1636157,37.513160906385906,0.7444556343938353,37.12863355458916,True,37.5,36.5,38.6,0.95,0.05,0.0,0.7,0.03,2,1784948971.1910322,False,True,True,False,1784948817.3688602,0,False,0,0,False
1784849457.3002179,20,1784948981.1699362,37.513160906385906,0.7443030441748684,37.11795223926147,True,37.5,36.5,38.6,0.95,0.05,0.0,0.7,0.03,2,1784948991.1980257,False,False,True,True,1784948997.3688781,0,False,0,0,False
1784849457.3002179,20,1784949001.17632,37.470435645075156,0.7441695277332723,37.10727092393378,True,37.5,36.5,38.6,0.95,0.05,0.0,0.7,0.03,2,1784949011.2053132,False,True,True,True,1784948997.3688781,0,0,1,0,False
1784849457.3002179,20,1784949021.1825247,37.44373235675593,0.7442839703974975,37.10727092393378,True,37.5,36.5,38.6,0.95,0.05,0.0,0.7,0.03,2,1784949031.212437,False,True,True,False,1784948997.3688781,0,0,1,0,False
1784849457.3002179,20,1784949041.188926,37.43305104142824,0.7442267490653849,37.072556649118795,True,37.5,36.5,38.6,0.95,0.05,0.0,0.7,0.03,2,1784949051.219535,False,True,True,False,1784948997.3688781,0,0,1,0,False
1784849457.3002179,20,1784949061.195179,37.47310597390707,0.7442648966201267,37.096589608606095,True,37.5,36.5,38.6,0.95,0.05,0.0,0.7,0.03,2,1784949071.2225838,False,True,True,False,1784948997.3688781,0,0,1,0,False
1784849457.3002179,20,1784949081.2013054,37.49446860456244,0.7443030441748684,37.096589608606095,True,37.5,36.5,38.6,0.95,0.05,0.0,0.7,0.03,2,1784949091.228639,False,False,True,False,1784948997.3688781,0,0,1,0,False
1784849457.3002179,20,1784949101.2075896,37.50514991989013,0.744207675288014,37.115281910429545,True,37.5,36.5,38.6,0.95,0.05,0.0,0.7,0.03,2,1784949111.2429788,False,True,True,False,1784948997.3688781,0,False,0,0,False
1784849457.3002179,20,1784949121.2142649,37.531853208209355,0.7444365606164645,37.14465552758068,True,37.5,36.5,38.6,0.95,0.05,0.0,0.7,0.03,2,1784949131.2415936,False,True,True,False,1784948997.3688781,0,False,0,0,False
1784849457.3002179,20,1784949141.2205105,37.53719386587319,0.7441313801785305,37.141985198748756,True,37.5,36.5,38.6,0.95,0.05,0.0,0.7,0.03,2,1784949151.2478888,False,False,True,False,1784948997.3688781,0,False,0,0,False
1784849457.3002179,20,1784949161.2268822,37.507820248722055,0.7442458228427558,37.11795223926147,True,37.5,36.5,38.6,0.95,0.05,0.0,0.7,0.03,2,1784949171.2536652,False,True,True,True,1784949177.3689091,0,False,0,0,False
1784849457.3002179,20,1784949181.2376397,37.45975432974747,0.7442839703974975,37.091248950942244,True,37.5,36.5,38.6,0.95,0.05,0.0,0.7,0.03,2,1784949191.2932498,False,False,True,True,1784949177.3689091,0,0,1,0,False
1784849457.3002179,20,1784949201.271225,37.43305104142824,0.7443221179522392,37.06454566262303,True,37.5,36.5,38.6,0.95,0.05,0.0,0.7,0.03,2,1784949211.2986362,False,True,True,False,1784949177.3689091,0,0,1,0,False
1784849457.3002179,20,1784949221.2774403,37.44373235675593,0.7441123064011598,37.07522697795072,True,37.5,36.5,38.6,0.95,0.05,0.0,0.7,0.03,2,1784949231.306389,False,False,True,False,1784949177.3689091,0,0,1,0,False
1784849457.3002179,20,1784949241.2837884,37.44373235675593,0.7442839703974975,37.09391927977417,True,37.5,36.5,38.6,0.95,0.05,0.0,0.7,0.03,2,1784949251.310706,False,False,True,False,1784949177.3689091,0,0,1,0,False
1784849457.3002179,20,1784949261.290028,37.52117189288167,0.7444556343938353,37.12329289692531,True,37.5,36.5,38.6,0.95,0.05,0.0,0.7,0.03,2,1784949271.3178244,False,True,True,False,1784949177.3689091,0,False,0,0,False
1784849457.3002179,20,1784949281.2963006,37.526512550545505,0.7446463721675441,37.12863355458916,True,37.5,36.5,38.6,0.95,0.05,0.0,0.7,0.03,2,1784949291.323112,False,True,True,False,1784949177.3689091,0,False,0,0,False
1784849457.3002179,20,1784949301.3032527,37.49446860456244,0.7445128557259479,37.115281910429545,True,37.5,36.5,38.6,0.95,0.05,0.0,0.7,0.03,2,1784949311.3312633,False,True,True,False,1784949177.3689091,0,0,1,0,False
1784849457.3002179,20,1784949321.3102894,37.50514991989013,0.744360265506981,37.10727092393378,True,37.5,36.5,38.6,0.95,0.05,0.0,0.7,0.03,2,1784949331.3395138,False,True,True,False,1784949177.3689091,0,False,0,0,False
1784849457.3002179,20,1784949341.3166687,37.49980926222629,0.7444556343938353,37.13130388342107,True,37.5,36.5,38.6,0.95,0.05,0.0,0.7,0.03,2,1784949351.344518,False,False,True,True,1784949357.3689218,0,0,1,0,False
1784849457.3002179,20,1784949361.322921,37.48645761806668,0.7444937819485772,37.10727092393378,True,37.5,36.5,38.6,0.95,0.05,0.0,0.7,0.03,2,1784949371.350801,False,True,True,True,1784949357.3689218,0,0,1,0,False
1784849457.3002179,20,1784949381.3291297,37.465094987411305,0.7442648966201267,37.096589608606095,True,37.5,36.5,38.6,0.95,0.05,0.0,0.7,0.03,2,1784949391.3561702,False,False,True,False,1784949357.3689218,0,0,1,0,False
1784849457.3002179,20,1784949401.3353796,37.48645761806668,0.7443221179522392,37.11261158159762,True,37.5,36.5,38.6,0.95,0.05,0.0,0.7,0.03,2,1784949411.3625696,False,True,True,False,1784949357.3689218,0,0,1,0,False
1784849457.3002179,20,1784949421.341739,37.52384222171359,0.7445128557259479,37.12863355458916,True,37.5,36.5,38.6,0.95,0.05,0.0,0.7,0.03,2,1784949431.3690982,False,True,True,False,1784949357.3689218,0,False,0,0,False
1784849457.3002179,20,1784949441.3481224,37.52384222171359,0.7444365606164645,37.14732585641261,True,37.5,36.5,38.6,0.95,0.05,0.0,0.7,0.03,2,1784949451.3769894,False,True,True,False,1784949357.3689218,0,False,0,0,False
1784849457.3002179,20,1784949461.354485,37.526512550545505,0.7441886015106433,37.15533684290837,True,37.5,36.5,38.6,0.95,0.05,0.0,0.7,0.03,2,1784949471.381849,False,False,True,False,1784949357.3689218,0,False,0,0,False
1784849457.3002179,20,1784949481.360796,37.52117189288167,0.7444174868390937,37.139314869916845,True,37.5,36.5,38.6,0.95,0.05,0.0,0.7,0.03,2,1784949491.3883212,False,False,True,False,1784949357.3689218,0,False,0,0,False
1784849457.3002179,20,1784949501.3672774,37.54253452353704,0.7444937819485772,37.12062256809338,True,37.5,36.5,38.6,0.95,0.05,0.0,0.7,0.03,2,1784949511.395514,False,True,True,False,1784949357.3689218,0,False,0,0,False
1784849457.3002179,20,1784949521.3735614,37.47310597390707,0.744360265506981,37.11261158159762,True,37.5,36.5,38.6,0.95,0.05,0.0,0.7,0.03,2,1784949531.4011323,False,False,True,True,1784949537.3689396,0,0,1,0,False
1784849457.3002179,20,1784949541.379849,37.46242465857938,0.7444365606164645,37.07789730678263,True,37.5,36.5,38.6,0.95,0.05,0.0,0.7,0.03,2,1784949551.4074104,False,False,True,True,1784949537.3689396,0,0,1,0,False
1784849457.3002179,20,1784949561.3860958,37.44373235675593,0.7443411917296102,37.08056763561456,True,37.5,36.5,38.6,0.95,0.05,0.0,0.7,0.03,2,1784949571.4142685,False,True,True,False,1784949537.3689396,0,0,1,0,False
1784849457.3002179,20,1784949581.3924637,37.45975432974747,0.7441886015106433,37.091248950942244,True,37.5,36.5,38.6,0.95,0.05,0.0,0.7,0.03,2,1784949591.428072,False,False,True,False,1784949537.3689396,0,0,1,0,False
1784849457.3002179,20,1784949601.3988113,37.49713893339437,0.7444174868390937,37.10727092393378,True,37.5,36.5,38.6,0.95,0.05,0.0,0.7,0.03,2,1784949611.4273942,False,False,True,False,1784949537.3689396,0,0,1,0,False
1784849457.3002179,20,1784949621.4062004,37.48645761806668,0.7444556343938353,37.11795223926147,True,37.5,36.5,38.6,0.95,0.05,0.0,0.7,0.03,2,1784949631.435467,False,True,True,False,1784949537.3689396,0,0,1,0,False
1784849457.3002179,20,1784949641.41342,37.52384222171359,0.7445700770580607,37.13130388342107,True,37.5,36.5,38.6,0.95,0.05,0.0,0.7,0.03,2,1784949651.4408486,False,False,True,False,1784949537.3689396,0,False,0,0,False
1784849457.3002179,20,1784949661.4198282,37.526512550545505,0.7442458228427558,37.14999618524453,True,37.5,36.5,38.6,0.95,0.05,0.0,0.7,0.03,2,1784949671.4474306,False,True,True,False,1784949537.3689396,0,False,0,0,False
1784849457.3002179,20,1784949681.4268734,37.49980926222629,0.7443984130617227,37.12863355458916,True,37.5,36.5,38.6,0.95,0.05,0.0,0.7,0.03,2,1784949691.4550147,False,True,True,False,1784949537.3689396,0,0,1,0,False
1784849457.3002179,20,1784949701.433853,37.49980926222629,0.7445510032806897,37.12062256809338,True,37.5,36.5,38.6,0.95,0.05,0.0,0.7,0.03,2,1784949711.4618785,False,True,True,True,1784949717.3689694,0,0,1,0,False
1784849457.3002179,20,1784949721.440141,37.49980926222629,0.7442267490653849,37.11795223926147,True,37.5,36.5,38.6,0.95,0.05,0.0,0.7,0.03,2,1784949731.4678562,False,False,True,True,1784949717.3689694,0,0,1,0,False
1784849457.3002179,20,1784949741.4464116,37.51583123521782,0.7443030441748684,37.109941252765694,True,37.5,36.5,38.6,0.95,0.05,0.0,0.7,0.03,2,1784949751.473999,False,True,True,False,1784949717.3689694,0,False,0,0,False
1784849457.3002179,20,1784949761.4533901,37.49179827573053,0.7446082246128023,37.12863355458916,True,37.5,36.5,38.6,0.95,0.05,0.0,0.7,0.03,2,1784949771.4822743,False,True,True,False,1784949717.3689694,0,0,1,0,False
1784849457.3002179,20,1784949781.4608815,37.507820248722055,0.7442839703974975,37.15533684290837,True,37.5,36.5,38.6,0.95,0.05,0.0,0.7,0.03,2,1784949791.4894145,False,True,True,False,1784949717.3689694,0,False,0,0,False
1784849457.3002179,20,1784949801.467998,37.53452353704128,0.7444174868390937,37.139314869916845,True,37.5,36.5,38.6,0.95,0.05,0.0,0.7,0.03,2,1784949811.4965556,False,False,True,False,1784949717.3689694,0,False,0,0,False
1784849457.3002179,20,1784949821.4744115,37.52384222171359,0.7445510032806897,37.15533684290837,True,37.5,36.5,38.6,0.95,0.05,0.0,0.7,0.03,2,1784949831.5020888,False,False,True,False,1784949717.3689694,0,False,0,0,False
1784849457.3002179,20,1784949841.4809725,37.51850156404974,0.7441886015106433,37.158007171740294,True,37.5,36.5,38.6,0.95,0.05,0.0,0.7,0.03,2,1784949851.5092807,False,True,True,False,1784949717.3689694,0,False,0,0,False
1784849457.3002179,20,1784949861.487446,37.46776531624323,0.7441695277332723,37.12863355458916,True,37.5,36.5,38.6,0.95,0.05,0.0,0.7,0.03,2,1784949871.5145125,False,False,True,False,1784949717.3689694,0,0,1,0,False
1784849457.3002179,20,1784949881.4937072,37.47310597390707,0.7442267490653849,37.10727092393378,True,37.5,36.5,38.6,0.95,0.05,0.0,0.7,0.03,2,1784949891.5227375,False,True,True,True,1784949897.3689897,0,0,1,0,False
1784849457.3002179,20,1784949901.500064,37.46242465857938,0.7445128557259479,37.09391927977417,True,37.5,36.5,38.6,0.95,0.05,0.0,0.7,0.03,2,1784949911.5273554,False,False,True,True,1784949897.3689897,0,0,1,0,False
1784849457.3002179,20,1784949921.5062618,37.45708400091554,0.7444174868390937,37.08590829327841,True,37.5,36.5,38.6,0.95,0.05,0.0,0.7,0.03,2,1784949931.5345418,False,True,True,False,1784949897.3689897,0,0,1,0,False
1784849457.3002179,20,1784949941.5131335,37.489127946898606,0.7443221179522392,37.09391927977417,True,37.5,36.5,38.6,0.95,0.05,0.0,0.7,0.03,2,1784949951.5412364,False,True,True,False,1784949897.3689897,0,0,1,0,False
1784849457.3002179,20,1784949961.520289,37.49713893339437,0.7444937819485772,37.12329289692531,True,37.5,36.5,38.6,0.95,0.05,0.0,0.7,0.03,2,1784949971.5508513,False,False,True,False,1784949897.3689897,0,0,1,0,False
1784849457.3002179,20,1784949981.527179,37.52384222171359,0.7444747081712062,37.133974212252994,True,37.5,36.5,38.6,0.95,0.05,0.0,0.7,0.03,2,1784949991.5573497,False,False,True,False,1784949897.3689897,0,False,0,0,False
1784849457.3002179,20,1784950001.5337923,37.54520485236897,0.7446272983901732,37.176699473563744,True,37.5,36.5,38.6,0.95,0.05,0.0,0.7,0.03,2,1784950011.5631015,False,True,True,False,1784949897.3689897,0,False,0,0,False
1784849457.3002179,20,1784950021.5407522,37.53452353704128,0.7444174868390937,37.15533684290837,True,37.5,36.5,38.6,0.95,0.05,0.0,0.7,0.03,2,1784950031.5735788,False,False,True,False,1784949897.3689897,0,False,0,0,False
1784849457.3002179,20,1784950041.5473933,37.52384222171359,0.7441313801785305,37.12062256809338,True,37.5,36.5,38.6,0.95,0.05,0.0,0.7,0.03,2,1784950051.5748672,False,False,True,False,1784949897.3689897,0,False,0,0,False
1784849457.3002179,20,1784950061.553729,37.47310597390707,0.7442839703974975,37.12863355458916,True,37.5,36.5,38.6,0.95,0.05,0.0,0.7,0.03,2,1784950071.5856051,False,True,True,True,1784950077.3690083,0,0,1,0,False
1784849457.3002179,20,1784950081.5606065,37.45708400091554,0.744055085069047,37.096589608606095,True,37.5,36.5,38.6,0.95,0.05,0.0,0.7,0.03,2,1784950091.5892951,False,False,True,True,1784950077.3690083,0,0,1,0,False
1784849457.3002179,20,1784950101.568265,37.43572137026017,0.7441504539559014,37.067215991454944,True,37.5,36.5,38.6,0.95,0.05,0.0,0.7,0.03,2,1784950111.596953,False,True,True,False,1784950077.3690083,0,0,1,0,False
1784849457.3002179,20,1784950121.575229,37.45708400091554,0.7442839703974975,37.096589608606095,True,37.5,36.5,38.6,0.95,0.05,0.0,0.7,0.03,2,1784950131.60446,False,False,True,False,1784950077.3690083,0,0,1,0,False
1784849457.3002179,20,1784950141.5815814,37.47310597390707,0.7445891508354314,37.10460059510186,True,37.5,36.5,38.6,0.95,0.05,0.0,0.7,0.03,2,1784950151.6106331,False,True,True,False,1784950077.3690083,0,0,1,0,False
1784849457.3002179,20,1784950161.5877824,37.48645761806668,0.7443030441748684,37.12329289692531,True,37.5,36.5,38.6,0.95,0.05,0.0,0.7,0.03,2,1784950171.6149557,False,False,True,False,1784950077.3690083,0,0,1,0,False
1784849457.3002179,20,1784950181.5946934,37.52384222171359,0.7445128557259479,37.15533684290837,True,37.5,36.5,38.6,0.95,0.05,0.0,0.7,0.03,2,1784950191.6226342,False,False,True,False,1784950077.3690083,0,False,0,0,False
1784849457.3002179,20,1784950201.6016119,37.51850156404974,0.7446082246128023,37.16067750057222,True,37.5,36.5,38.6,0.95,0.05,0.0,0.7,0.03,2,1784950211.6367333,False,True,True,False,1784950077.3690083,0,False,0,0,False
1784849457.3002179,20,1784950221.608199,37.52384222171359,0.7442458228427558,37.14465552758068,True,37.5,36.5,38.6,0.95,0.05,0.0,0.7,0.03,2,1784950231.6356447,False,False,True,False,1784950077.3690083,0,False,0,0,False
1784849457.3002179,20,1784950241.6146212,37.50247959105822,0.7443030441748684,37.13130388342107,True,37.5,36.5,38.6,0.95,0.05,0.0,0.7,0.03,2,1784950251.6418583,False,False,True,True,1784950257.3690405,0,False,0,0,False
1784849457.3002179,20,1784950261.6210117,37.46242465857938,0.7443030441748684,37.12863355458916,True,37.5,36.5,38.6,0.95,0.05,0.0,0.7,0.03,2,1784950271.647983,False,True,True,True,1784950257.3690405,0,0,1,0,False
1784849457.3002179,20,1784950281.627356,37.46242465857938,0.7441504539559014,37.06454566262303,True,37.5,36.5,38.6,0.95,0.05,0.0,0.7,0.03,2,1784950291.6569602,False,True,True,False,1784950257.3690405,0,0,1,0,False
1784849457.3002179,20,1784950301.6337624,37.46242465857938,0.7442458228427558,37.109941252765694,True,37.5,36.5,38.6,0.95,0.05,0.0,0.7,0.03,2,1784950311.661643,False,True,True,False,1784950257.3690405,0,0,1,0,False
1784849457.3002179,20,1784950321.6406708,37.489127946898606,0.7444937819485772,37.11795223926147,True,37.5,36.5,38.6,0.95,0.05,0.0,0.7,0.03,2,1784950331.6705651,False,True,True,False,1784950257.3690405,0,0,1,0,False
1784849457.3002179,20,1784950341.6478915,37.489127946898606,0.7440741588464179,37.158007171740294,True,37.5,36.5,38.6,0.95,0.05,0.0,0.7,0.03,2,1784950351.67988,False,True,True,False,1784950257.3690405,0,0,1,0,False
1784849457.3002179,20,1784950361.6541808,37.507820248722055,0.7442458228427558,37.16067750057222,True,37.5,36.5,38.6,0.95,0.05,0.0,0.7,0.03,2,1784950371.6814938,False,False,True,False,1784950257.3690405,0,False,0,0,False
1784849457.3002179,20,1784950381.6604323,37.56122682536049,0.744360265506981,37.16067750057222,True,37.5,36.5,38.6,0.95,0.05,0.0,0.7,0.03,2,1784950391.6879697,False,False,True,False,1784950257.3690405,0,False,0,0,False
1784849457.3002179,20,1784950401.6668305,37.507820248722055,0.7444937819485772,37.15533684290837,True,37.5,36.5,38.6,0.95,0.05,0.0,0.7,0.03,2,1784950411.6943338,False,True,True,False,1784950257.3690405,0,False,0,0,False
1784849457.3002179,20,1784950421.6737618,37.49179827573053,0.7443030441748684,37.14465552758068,True,37.5,36.5,38.6,0.95,0.05,0.0,0.7,0.03,2,1784950431.7058473,False,True,True,True,1784950437.3690836,0,0,1,0,False
1784849457.3002179,20,1784950441.6813154,37.470435645075156,0.7442839703974975,37.12596322575723,True,37.5,36.5,38.6,0.95,0.05,0.0,0.7,0.03,2,1784950451.708993,False,False,True,True,1784950437.3690836,0,0,1,0,False
1784849457.3002179,20,1784950461.6882198,37.45174334325169,0.7441313801785305,37.10193026626993,True,37.5,36.5,38.6,0.95,0.05,0.0,0.7,0.03,2,1784950471.715677,False,False,True,False,1784950437.3690836,0,0,1,0,False
1784849457.3002179,20,1784950481.6945562,37.46776531624323,0.7442267490653849,37.12329289692531,True,37.5,36.5,38.6,0.95,0.05,0.0,0.7,0.03,2,1784950491.7219448,False,True,True,False,1784950437.3690836,0,0,1,0,False
1784849457.3002179,20,1784950501.7007577,37.49446860456244,0.7444747081712062,37.141985198748756,True,37.5,36.5,38.6,0.95,0.05,0.0,0.7,0.03,2,1784950511.7300806,False,False,True,False,1784950437.3690836,0,0,1,0,False
1784849457.3002179,20,1784950521.706984,37.51583123521782,0.7443030441748684,37.14465552758068,True,37.5,36.5,38.6,0.95,0.05,0.0,0.7,0.03,2,1784950531.734763,False,True,True,False,1784950437.3690836,0,False,0,0,False
1784849457.3002179,20,1784950541.7139826,37.52117189288167,0.7445700770580607,37.184710460059506,True,37.5,36.5,38.6,0.95,0.05,0.0,0.7,0.03,2,1784950551.7418675,False,False,True,False,1784950437.3690836,0,False,0,0,False
1784849457.3002179,20,1784950561.721563,37.507820248722055,0.7444365606164645,37.16067750057222,True,37.5,36.5,38.6,0.95,0.05,0.0,0.7,0.03,2,1784950571.7496483,False,False,True,False,1784950437.3690836,0,False,0,0,False
1784849457.3002179,20,1784950581.7285807,37.48645761806668,0.7444556343938353,37.139314869916845,True,37.5,36.5,38.6,0.95,0.05,0.0,0.7,0.03,2,1784950591.7562232,False,False,True,False,1784950437.3690836,0,0,1,0,False
1784849457.3002179,20,1784950601.735491,37.465094987411305,0.7444365606164645,37.11795223926147,True,37.5,36.5,38.6,0.95,0.05,0.0,0.7,0.03,2,1784950611.7643988,False,True,True,True,1784950617.369094,0,0,1,0,False
1784849457.3002179,20,1784950621.743192,37.470435645075156,0.744055085069047,37.10193026626993,True,37.5,36.5,38.6,0.95,0.05,0.0,0.7,0.03,2,1784950631.7731993,False,True,True,True,1784950617.369094,0,0,1,0,False
1784849457.3002179,20,1784950641.7502177,37.481116960402844,0.7443793392843518,37.099259937438006,True,37.5,36.5,38.6,0.95,0.05,0.0,0.7,0.03,2,1784950651.7791843,False,True,True,False,1784950617.369094,0,0,1,0,False
1784849457.3002179,20,1784950661.7565377,37.49980926222629,0.7442267490653849,37.12863355458916,True,37.5,36.5,38.6,0.95,0.05,0.0,0.7,0.03,2,1784950671.7839906,False,True,True,False,1784950617.369094,0,0,1,0,False
1784849457.3002179,20,1784950681.7630093,37.51049057755398,0.7443411917296102,37.16067750057222,True,37.5,36.5,38.6,0.95,0.05,0.0,0.7,0.03,2,1784950691.790003,False,True,True,False,1784950617.369094,0,False,0,0,False
1784849457.3002179,20,1784950701.7693594,37.55321583886473,0.7445128557259479,37.158007171740294,True,37.5,36.5,38.6,0.95,0.05,0.0,0.7,0.03,2,1784950711.798207,False,False,True,False,1784950617.369094,0,False,0,0,False
1784849457.3002179,20,1784950721.7757378,37.526512550545505,0.7446845197222858,37.15533684290837,True,37.5,36.5,38.6,0.95,0.05,0.0,0.7,0.03,2,1784950731.8031287,False,True,True,False,1784950617.369094,0,False,0,0,False
1784849457.3002179,20,1784950741.7820926,37.50514991989013,0.744207675288014,37.12596322575723,True,37.5,36.5,38.6,0.95,0.05,0.0,0.7,0.03,2,1784950751.8112168,False,True,True,False,1784950617.369094,0,False,0,0,False
1784849457.3002179,20,1784950761.7884057,37.470435645075156,0.7442839703974975,37.11795223926147,True,37.5,36.5,38.6,0.95,0.05,0.0,0.7,0.03,2,1784950771.8195918,False,False,True,False,1784950617.369094,0,0,1,0,False
1784849457.3002179,20,1784950781.7953749,37.45441367208362,0.744360265506981,37.10727092393378,True,37.5,36.5,38.6,0.95,0.05,0.0,0.7,0.03,2,1784950791.824067,False,True,True,True,1784950797.369115,0,0,1,0,False
1784849457.3002179,20,1784950801.8029997,37.43305104142824,0.7440169375143053,37.11795223926147,True,37.5,36.5,38.6,0.95,0.05,0.0,0.7,0.03,2,1784950811.8316891,False,True,True,True,1784950797.369115,0,0,1,0,False
1784849457.3002179,20,1784950821.8105316,37.47577630273899,0.7442458228427558,37.10193026626993,True,37.5,36.5,38.6,0.95,0.05,0.0,0.7,0.03,2,1784950831.8392656,False,True,True,False,1784950797.369115,0,0,1,0,False
1784849457.3002179,20,1784950841.8182259,37.507820248722055,0.744360265506981,37.13130388342107,True,37.5,36.5,38.6,0.95,0.05,0.0,0.7,0.03,2,1784950851.846783,False,False,True,False,1784950797.369115,0,False,0,0,False
1784849457.3002179,20,1784950861.8258717,37.526512550545505,0.7441695277332723,37.15533684290837,True,37.5,36.5,38.6,0.95,0.05,0.0,0.7,0.03,2,1784950871.854443,False,True,True,False,1784950797.369115,0,False,0,0,False
1784849457.3002179,20,1784950881.8334785,37.53719386587319,0.7445700770580607,37.139314869916845,True,37.5,36.5,38.6,0.95,0.05,0.0,0.7,0.03,2,1784950891.8614457,False,False,True,False,1784950797.369115,0,False,0,0,False
1784849457.3002179,20,1784950901.8411176,37.49980926222629,0.7445510032806897,37.14732585641261,True,37.5,36.5,38.6,0.95,0.05,0.0,0.7,0.03,2,1784950911.8699162,False,True,True,False,1784950797.369115,0,0,1,0,False
1784849457.3002179,20,1784950921.8480608,37.47310597390707,0.7442648966201267,37.11795223926147,True,37.5,36.5,38.6,0.95,0.05,0.0,0.7,0.03,2,1784950931.874901,False,True,True,False,1784950797.369115,0,0,1,0,False
1784849457.3002179,20,1784950941.8543873,37.45174334325169,0.7446845197222858,37.115281910429545,True,37.5,36.5,38.6,0.95,0.05,0.0,0.7,0.03,2,1784950951.8946064,False,True,True,False,1784950797.369115,0,0,1,0,False
1784849457.3002179,20,1784950961.8612409,37.481116960402844,0.7442839703974975,37.091248950942244,True,37.5,36.5,38.6,0.95,0.05,0.0,0.7,0.03,2,1784950971.89066,False,False,True,True,1784950977.369153,0,0,1,0,False
1784849457.3002179,20,1784950981.8681502,37.47577630273899,0.7442839703974975,37.11795223926147,True,37.5,36.5,38.6,0.95,0.05,0.0,0.7,0.03,2,1784950991.8962739,False,True,True,True,1784950977.369153,0,0,1,0,False
1784849457.3002179,20,1784951001.8750956,37.50247959105822,0.7443030441748684,37.11795223926147,True,37.5,36.5,38.6,0.95,0.05,0.0,0.7,0.03,2,1784951011.9025753,False,False,True,False,1784950977.369153,0,False,0,0,False
1784849457.3002179,20,1784951021.8814645,37.48645761806668,0.7441886015106433,37.14999618524453,True,37.5,36.5,38.6,0.95,0.05,0.0,0.7,0.03,2,1784951031.9090297,False,True,True,False,1784950977.369153,0,0,1,0,False
1784849457.3002179,20,1784951041.8877394,37.49713893339437,0.7445700770580607,37.14732585641261,True,37.5,36.5,38.6,0.95,0.05,0.0,0.7,0.03,2,1784951051.9152253,False,True,True,False,1784950977.369153,0,0,1,0,False
1784849457.3002179,20,1784951061.8971558,37.52117189288167,0.7441886015106433,37.14999618524453,True,37.5,36.5,38.6,0.95,0.05,0.0,0.7,0.03,2,1784951071.92688,False,False,True,False,1784950977.369153,0,False,0,0,False
1784849457.3002179,20,1784951081.9040465,37.52117189288167,0.7444556343938353,37.16067750057222,True,37.5,36.5,38.6,0.95,0.05,0.0,0.7,0.03,2,1784951091.9319851,False,True,True,False,1784950977.369153,0,False,0,0,False
1784849457.3002179,20,1784951101.91055,37.489127946898606,0.7441504539559014,37.141985198748756,True,37.5,36.5,38.6,0.95,0.05,0.0,0.7,0.03,2,1784951111.9383225,False,True,True,False,1784950977.369153,0,0,1,0,False
1784849457.3002179,20,1784951121.9174814,37.49446860456244,0.7442839703974975,37.12329289692531,True,37.5,36.5,38.6,0.95,0.05,0.0,0.7,0.03,2,1784951131.9464316,False,True,True,False,1784950977.369153,0,0,1,0,False
1784849457.3002179,20,1784951141.9251225,37.46776531624323,0.7442648966201267,37.13130388342107,True,37.5,36.5,38.6,0.95,0.05,0.0,0.7,0.03,2,1784951151.9560504,False,True,True,True,1784951157.3691885,0,0,1,0,False
1784849457.3002179,20,1784951161.9321713,37.470435645075156,0.7439406424048218,37.12329289692531,True,37.5,36.5,38.6,0.95,0.05,0.0,0.7,0.03,2,1784951171.961327,False,True,True,True,1784951157.3691885,0,0,1,0,False
1784849457.3002179,20,1784951181.938519,37.49713893339437,0.7445891508354314,37.14465552758068,True,37.5,36.5,38.6,0.95,0.05,0.0,0.7,0.03,2,1784951191.96556,False,True,True,False,1784951157.3691885,0,0,1,0,False
1784849457.3002179,20,1784951201.944715,37.513160906385906,0.7445510032806897,37.14465552758068,True,37.5,36.5,38.6,0.95,0.05,0.0,0.7,0.03,2,1784951211.9861372,False,True,True,False,1784951157.3691885,0,False,0,0,False
1784849457.3002179,20,1784951221.9510517,37.49713893339437,0.7447798886091401,37.14465552758068,True,37.5,36.5,38.6,0.95,0.05,0.0,0.7,0.03,2,1784951231.9782457,False,True,True,False,1784951157.3691885,0,0,1,0,False
1784849457.3002179,20,1784951241.957183,37.49713893339437,0.7445891508354314,37.158007171740294,True,37.5,36.5,38.6,0.95,0.05,0.0,0.7,0.03,2,1784951251.984427,False,True,True,False,1784951157.3691885,0,0,1,0,False
1784849457.3002179,20,1784951261.9639585,37.55321583886473,0.7443411917296102,37.16601815823606,True,37.5,36.5,38.6,0.95,0.05,0.0,0.7,0.03,2,1784951271.9919577,False,False,True,False,1784951157.3691885,0,False,0,0,False
1784849457.3002179,20,1784951281.970965,37.531853208209355,0.744360265506981,37.176699473563744,True,37.5,36.5,38.6,0.95,0.05,0.0,0.7,0.03,2,1784951291.998418,False,False,True,False,1784951157.3691885,0,False,0,0,False
1784849457.3002179,20,1784951301.9773014,37.51049057755398,0.744360265506981,37.158007171740294,True,37.5,36.5,38.6,0.95,0.05,0.0,0.7,0.03,2,1784951312.0046937,False,False,True,False,1784951157.3691885,0,False,0,0,False
1784849457.3002179,20,1784951321.9836674,37.47844663157092,0.7443793392843518,37.12329289692531,True,37.5,36.5,38.6,0.95,0.05,0.0,0.7,0.03,2,1784951332.010702,False,True,True,True,1784951337.3692036,0,0,1,0,False
1784849457.3002179,20,1784951341.9898782,37.46776531624323,0.7443030441748684,37.10460059510186,True,37.5,36.5,38.6,0.95,0.05,0.0,0.7,0.03,2,1784951352.0212297,False,False,True,True,1784951337.3692036,0,0,1,0,False
1784849457.3002179,20,1784951361.996354,37.45975432974747,0.744207675288014,37.11795223926147,True,37.5,36.5,38.6,0.95,0.05,0.0,0.7,0.03,2,1784951372.0240595,False,True,True,False,1784951337.3692036,0,0,1,0,False
1784849457.3002179,20,1784951382.0027585,37.481116960402844,0.744360265506981,37.12863355458916,True,37.5,36.5,38.6,0.95,0.05,0.0,0.7,0.03,2,1784951392.0305583,False,True,True,False,1784951337.3692036,0,0,1,0,False
1784849457.3002179,20,1784951402.0097246,37.49713893339437,0.7443793392843518,37.11795223926147,True,37.5,36.5,38.6,0.95,0.05,0.0,0.7,0.03,2,1784951412.037278,False,True,True,False,1784951337.3692036,0,0,1,0,False
1784849457.3002179,20,1784951422.016719,37.53452353704128,0.7444174868390937,37.17135881589991,True,37.5,36.5,38.6,0.95,0.05,0.0,0.7,0.03,2,1784951432.044505,False,True,True,False,1784951337.3692036,0,False,0,0,False
1784849457.3002179,20,1784951442.0230706,37.555886167696656,0.7443411917296102,37.17402914473182,True,37.5,36.5,38.6,0.95,0.05,0.0,0.7,0.03,2,1784951452.0501256,False,True,True,False,1784951337.3692036,0,False,0,0,False
1784849457.3002179,20,1784951462.029312,37.531853208209355,0.7443221179522392,37.16067750057222,True,37.5,36.5,38.6,0.95,0.05,0.0,0.7,0.03,2,1784951472.0744352,False,True,True,False,1784951337.3692036,0,False,0,0,False
1784849457.3002179,20,1784951482.0356915,37.51583123521782,0.7443793392843518,37.14999618524453,True,37.5,36.5,38.6,0.95,0.05,0.0,0.7,0.03,2,1784951492.0645134,False,False,True,False,1784951337.3692036,0,False,0,0,False
1784849457.3002179,20,1784951502.0421133,37.47310597390707,0.7444747081712062,37.12596322575723,True,37.5,36.5,38.6,0.95,0.05,0.0,0.7,0.03,2,1784951512.0709069,False,True,True,True,1784951517.3692348,0,0,1,0,False
1784849457.3002179,20,1784951522.0483198,37.46776531624323,0.7443411917296102,37.096589608606095,True,37.5,36.5,38.6,0.95,0.05,0.0,0.7,0.03,2,1784951532.0763233,False,False,True,True,1784951517.3692348,0,0,1,0,False
1784849457.3002179,20,1784951542.0553083,37.43572137026017,0.7443411917296102,37.099259937438006,True,37.5,36.5,38.6,0.95,0.05,0.0,0.7,0.03,2,1784951552.0834117,False,True,True,False,1784951517.3692348,0,0,1,0,False
1784849457.3002179,20,1784951562.0622067,37.470435645075156,0.7445128557259479,37.11261158159762,True,37.5,36.5,38.6,0.95,0.05,0.0,0.7,0.03,2,1784951572.0922046,False,False,True,False,1784951517.3692348,0,0,1,0,False
1784849457.3002179,20,1784951582.0710893,37.470435645075156,0.7443411917296102,37.12863355458916,True,37.5,36.5,38.6,0.95,0.05,0.0,0.7,0.03,2,1784951592.098389,False,False,True,False,1784951517.3692348,0,0,1,0,False
1784849457.3002179,20,1784951602.0779545,37.49713893339437,0.7444174868390937,37.12863355458916,True,37.5,36.5,38.6,0.95,0.05,0.0,0.7,0.03,2,1784951612.1060102,False,True,True,False,1784951517.3692348,0,0,1,0,False
1784849457.3002179,20,1784951622.0848336,37.513160906385906,0.7445891508354314,37.15533684290837,True,37.5,36.5,38.6,0.95,0.05,0.0,0.7,0.03,2,1784951632.1118665,False,True,True,False,1784951517.3692348,0,False,0,0,False
1784849457.3002179,20,1784951642.0918763,37.52918287937743,0.7445128557259479,37.17402914473182,True,37.5,36.5,38.6,0.95,0.05,0.0,0.7,0.03,2,1784951652.1203134,False,False,True,False,1784951517.3692348,0,False,0,0,False
1784849457.3002179,20,1784951662.0989237,37.526512550545505,0.7444747081712062,37.15533684290837,True,37.5,36.5,38.6,0.95,0.05,0.0,0.7,0.03,2,1784951672.1265006,False,False,True,False,1784951517.3692348,0,False,0,0,False
1784849457.3002179,20,1784951682.105432,37.52117189288167,0.744360265506981,37.12863355458916,True,37.5,36.5,38.6,0.95,0.05,0.0,0.7,0.03,2,1784951692.1329403,False,True,True,True,1784951697.3692424,0,False,0,0,False
1784849457.3002179,20,1784951702.1119428,37.49446860456244,0.7443221179522392,37.14732585641261,True,37.5,36.5,38.6,0.95,0.05,0.0,0.7,0.03,2,1784951712.1391714,False,True,True,True,1784951697.3692424,0,0,1,0,False
1784849457.3002179,20,1784951722.118288,37.47310597390707,0.7443221179522392,37.11795223926147,True,37.5,36.5,38.6,0.95,0.05,0.0,0.7,0.03,2,1784951732.1474822,False,False,True,False,1784951697.3692424,0,0,1,0,False
1784849457.3002179,20,1784951742.124558,37.489127946898606,0.7444937819485772,37.13130388342107,True,37.5,36.5,38.6,0.95,0.05,0.0,0.7,0.03,2,1784951752.1519015,False,True,True,False,1784951697.3692424,0,0,1,0,False
1784849457.3002179,20,1784951762.1307821,37.507820248722055,0.7442839703974975,37.14465552758068,True,37.5,36.5,38.6,0.95,0.05,0.0,0.7,0.03,2,1784951772.1581945,False,False,True,False,1784951697.3692424,0,False,0,0,False
1784849457.3002179,20,1784951782.1371126,37.52918287937743,0.7445128557259479,37.16601815823606,True,37.5,36.5,38.6,0.95,0.05,0.0,0.7,0.03,2,1784951792.1645186,False,True,True,False,1784951697.3692424,0,False,0,0,False
1784849457.3002179,20,1784951802.1434782,37.50247959105822,0.7444365606164645,37.17135881589991,True,37.5,36.5,38.6,0.95,0.05,0.0,0.7,0.03,2,1784951812.1710765,False,True,True,False,1784951697.3692424,0,False,0,0,False
1784849457.3002179,20,1784951822.149795,37.49713893339437,0.7445128557259479,37.14999618524453,True,37.5,36.5,38.6,0.95,0.05,0.0,0.7,0.03,2,1784951832.1776936,False,True,True,False,1784951697.3692424,0,0,1,0,False
1784849457.3002179,20,1784951842.1560912,37.481116960402844,0.7444174868390937,37.12062256809338,True,37.5,36.5,38.6,0.95,0.05,0.0,0.7,0.03,2,1784951852.186872,False,False,True,False,1784951697.3692424,0,0,1,0,False
1784849457.3002179,20,1784951862.1623206,37.46242465857938,0.7446272983901732,37.12863355458916,True,37.5,36.5,38.6,0.95,0.05,0.0,0.7,0.03,2,1784951872.189681,False,True,True,True,1784951877.369256,0,0,1,0,False
1784849457.3002179,20,1784951882.1684866,37.47844663157092,0.744360265506981,37.11261158159762,True,37.5,36.5,38.6,0.95,0.05,0.0,0.7,0.03,2,1784951892.1958961,False,True,True,True,1784951877.369256,0,0,1,0,False
1784849457.3002179,20,1784951902.174731,37.489127946898606,0.7443030441748684,37.12062256809338,True,37.5,36.5,38.6,0.95,0.05,0.0,0.7,0.03,2,1784951912.204773,False,False,True,False,1784951877.369256,0,0,1,0,False
1784849457.3002179,20,1784951922.1818058,37.49980926222629,0.7441504539559014,37.139314869916845,True,37.5,36.5,38.6,0.95,0.05,0.0,0.7,0.03,2,1784951932.2117279,False,False,True,False,1784951877.369256,0,0,1,0,False
1784849457.3002179,20,1784951942.189209,37.51583123521782,0.7446654459449149,37.16868848706798,True,37.5,36.5,38.6,0.95,0.05,0.0,0.7,0.03,2,1784951952.2185395,False,True,True,False,1784951877.369256,0,False,0,0,False
1784849457.3002179,20,1784951962.1964047,37.53452353704128,0.7444556343938353,37.176699473563744,True,37.5,36.5,38.6,0.95,0.05,0.0,0.7,0.03,2,1784951972.2254276,False,False,True,False,1784951877.369256,0,False,0,0,False
1784849457.3002179,20,1784951982.2037365,37.550545510032805,0.7441695277332723,37.15533684290837,True,37.5,36.5,38.6,0.95,0.05,0.0,0.7,0.03,2,1784951992.2312233,False,True,True,False,1784951877.369256,0,False,0,0,False
1784849457.3002179,20,1784952002.210085,37.51850156404974,0.7442839703974975,37.14999618524453,True,37.5,36.5,38.6,0.95,0.05,0.0,0.7,0.03,2,1784952012.239684,True,True,True,False,1784951877.369256,0,False,0,0,False
1784849457.3002179,20,1784952022.216511,37.507820248722055,0.7443221179522392,37.11795223926147,True,37.5,36.5,38.6,0.95,0.05,0.0,0.7,0.03,2,1784952032.2438421,True,True,True,False,1784951877.369256,0,False,0,0,False
1784849457.3002179,20,1784952042.2228656,37.49713893339437,0.7443984130617227,37.10460059510186,True,37.5,36.5,38.6,0.95,0.05,0.0,0.7,0.03,2,1784952052.272314,True,False,True,True,1784952057.369291,0,0,1,0,False
1784849457.3002179,20,1784952062.2348483,37.45708400091554,0.7441313801785305,37.08056763561456,True,37.5,36.5,38.6,0.95,0.05,0.0,0.7,0.03,2,1784952072.2624917,True,False,True,True,1784952057.369291,0,0,1,0,False
1784849457.3002179,20,1784952082.2409437,37.446402685587856,0.7444174868390937,37.06454566262303,True,37.5,36.5,38.6,0.95,0.05,0.0,0.7,0.03,2,1784952092.2683306,True,True,True,False,1784952057.369291,0,0,1,0,False
1784849457.3002179,20,1784952102.2471442,37.45708400091554,0.7441695277332723,37.05653467612726,True,37.5,36.5,38.6,0.95,0.05,0.0,0.7,0.03,2,1784952112.2750132,True,True,True,False,1784952057.369291,0,0,1,0,False
1784849457.3002179,20,1784952122.2537057,37.489127946898606,0.7441695277332723,37.08056763561456,True,37.5,36.5,38.6,0.95,0.05,0.0,0.7,0.03,2,1784952132.2816145,True,False,True,False,1784952057.369291,0,0,1,0,False
1784849457.3002179,20,1784952142.259952,37.526512550545505,0.744207675288014,37.09391927977417,True,37.5,36.5,38.6,0.95,0.05,0.0,0.7,0.03,2,1784952152.2873778,True,True,True,False,1784952057.369291,0,False,0,0,False
1784849457.3002179,20,1784952162.2662675,37.56122682536049,0.7446272983901732,37.12863355458916,True,37.5,36.5,38.6,0.95,0.05,0.0,0.7,0.03,2,1784952172.2931025,True,True,True,False,1784952057.369291,0,False,0,0,False
1784849457.3002179,20,1784952182.2724824,37.56122682536049,0.7446463721675441,37.091248950942244,True,37.5,36.5,38.6,0.95,0.05,0.0,0.7,0.03,2,1784952192.300341,True,True,True,False,1784952057.369291,0,False,0,0,False
1784849457.3002179,20,1784952202.278898,37.52918287937743,0.7444174868390937,37.11261158159762,True,37.5,36.5,38.6,0.95,0.05,0.0,0.7,0.03,2,1784952212.3065653,True,True,True,False,1784952057.369291,0,False,0,0,False
1784849457.3002179,20,1784952222.2854495,37.49713893339437,0.7441886015106433,37.06988632028687,True,37.5,36.5,38.6,0.95,0.05,0.0,0.7,0.03,2,1784952232.3128333,True,True,True,True,1784952237.3693275,0,0,1,0,False
1784849457.3002179,20,1784952242.2916038,37.49179827573053,0.7446082246128023,37.07789730678263,True,37.5,36.5,38.6,0.95,0.05,0.0,0.7,0.03,2,1784952252.3215287,True,True,True,True,1784952237.3693275,0,0,1,0,False
1784849457.3002179,20,1784952262.2977507,37.49446860456244,0.7444937819485772,37.048523689631494,True,37.5,36.5,38.6,0.95,0.05,0.0,0.7,0.03,2,1784952272.325068,True,True,True,False,1784952237.3693275,0,0,1,0,False
1784849457.3002179,20,1784952282.3038852,37.489127946898606,0.744360265506981,37.04318303196766,True,37.5,36.5,38.6,0.95,0.05,0.0,0.7,0.03,2,1784952292.3315082,True,False,True,False,1784952237.3693275,0,0,1,0,False
1784849457.3002179,20,1784952302.3103714,37.531853208209355,0.7444747081712062,37.067215991454944,True,37.5,36.5,38.6,0.95,0.05,0.0,0.7,0.03,2,1784952312.337833,True,True,True,False,1784952237.3693275,0,False,0,0,False
1784849457.3002179,20,1784952322.3211176,37.51583123521782,0.7443793392843518,37.053864347295345,True,37.5,36.5,38.6,0.95,0.05,0.0,0.7,0.03,2,1784952332.3497794,True,False,True,False,1784952237.3693275,0,False,0,0,False
1784849457.3002179,20,1784952342.3291605,37.51583123521782,0.7443793392843518,37.067215991454944,True,37.5,36.5,38.6,0.95,0.05,0.0,0.7,0.03,2,1784952352.355974,True,True,True,False,1784952237.3693275,0,False,0,0,False
1784849457.3002179,20,1784952362.335396,37.48645761806668,0.7443411917296102,37.048523689631494,True,37.5,36.5,38.6,0.95,0.05,0.0,0.7,0.03,2,1784952372.3628922,True,True,True,False,1784952237.3693275,0,0,1,0,False
1784849457.3002179,20,1784952382.3426476,37.481116960402844,0.7444747081712062,37.053864347295345,True,37.5,36.5,38.6,0.95,0.05,0.0,0.7,0.03,2,1784952392.3718128,True,True,True,False,1784952237.3693275,0,0,1,0,False
1784849457.3002179,20,1784952402.3502548,37.481116960402844,0.7440932326237888,37.06454566262303,True,37.5,36.5,38.6,0.95,0.05,0.0,0.7,0.03,2,1784952412.3836956,True,True,True,True,1784952417.369338,0,0,1,0,False
1784849457.3002179,20,1784952422.356918,37.49713893339437,0.7441504539559014,37.053864347295345,True,37.5,36.5,38.6,0.95,0.05,0.0,0.7,0.03,2,1784952432.3851485,True,True,True,True,1784952417.369338,0,0,1,0,False
1784849457.3002179,20,1784952442.3639493,37.507820248722055,0.7442648966201267,37.07789730678263,True,37.5,36.5,38.6,0.95,0.05,0.0,0.7,0.03,2,1784952452.3929079,True,True,True,False,1784952417.369338,0,False,0,0,False
1784849457.3002179,20,1784952462.3724587,37.54787518120088,0.7443984130617227,37.053864347295345,True,37.5,36.5,38.6,0.95,0.05,0.0,0.7,0.03,2,1784952472.3993952,True,True,True,False,1784952417.369338,0,False,0,0,False
1784849457.3002179,20,1784952482.378665,37.52117189288167,0.744360265506981,37.08056763561456,True,37.5,36.5,38.6,0.95,0.05,0.0,0.7,0.03,2,1784952492.4060524,True,True,True,False,1784952417.369338,0,False,0,0,False
1784849457.3002179,20,1784952502.3848617,37.526512550545505,0.7442839703974975,37.072556649118795,True,37.5,36.5,38.6,0.95,0.05,0.0,0.7,0.03,2,1784952512.4125938,True,True,True,False,1784952417.369338,0,False,0,0,False
1784849457.3002179,20,1784952522.3911152,37.49980926222629,0.7442267490653849,37.06454566262303,True,37.5,36.5,38.6,0.95,0.05,0.0,0.7,0.03,2,1784952532.4186046,True,False,True,False,1784952417.369338,0,0,1,0,False
1784849457.3002179,20,1784952542.3972769,37.483787289234755,0.744360265506981,37.06187533379111,True,37.5,36.5,38.6,0.95,0.05,0.0,0.7,0.03,2,1784952552.4254503,True,False,True,False,1784952417.369338,0,0,1,0,False
1784849457.3002179,20,1784952562.403863,37.49713893339437,0.744055085069047,37.02716105897612,True,37.5,36.5,38.6,0.95,0.05,0.0,0.7,0.03,2,1784952572.4348216,True,False,True,False,1784952417.369338,0,0,1,0,False
1784849457.3002179,20,1784952582.4109607,37.49713893339437,0.7442648966201267,37.048523689631494,True,37.5,36.5,38.6,0.95,0.05,0.0,0.7,0.03,2,1784952592.4392724,True,False,True,True,1784952597.3693535,0,0,1,0,False
1784849457.3002179,20,1784952602.4192696,37.507820248722055,0.7445891508354314,37.053864347295345,True,37.5,36.5,38.6,0.95,0.05,0.0,0.7,0.03,2,1784952612.4515843,True,False,True,True,1784952597.3693535,0,False,0,0,False
1784849457.3002179,20,1784952622.4265952,37.49713893339437,0.7442648966201267,37.05920500495918,True,37.5,36.5,38.6,0.95,0.05,0.0,0.7,0.03,2,1784952632.459098,True,True,True,False,1784952597.3693535,0,0,1,0,False
1784849457.3002179,20,1784952642.433255,37.50247959105822,0.7443411917296102,37.072556649118795,True,37.5,36.5,38.6,0.95,0.05,0.0,0.7,0.03,2,1784952652.4602745,True,False,True,False,1784952597.3693535,0,False,0,0,False
1784849457.3002179,20,1784952662.4395747,37.531853208209355,0.7446654459449149,37.08056763561456,True,37.5,36.5,38.6,0.95,0.05,0.0,0.7,0.03,2,1784952672.4673185,True,True,True,False,1784952597.3693535,0,False,0,0,False
1784849457.3002179,20,1784952682.4469738,37.52117189288167,0.7443030441748684,37.07522697795072,True,37.5,36.5,38.6,0.95,0.05,0.0,0.7,0.03,2,1784952692.4767253,True,False,True,False,1784952597.3693535,0,False,0,0,False
1784849457.3002179,20,1784952702.4555137,37.49980926222629,0.7442267490653849,37.05119401846342,True,37.5,36.5,38.6,0.95,0.05,0.0,0.7,0.03,2,1784952712.482334,True,True,True,False,1784952597.3693535,0,0,1,0,False
1784849457.3002179,20,1784952722.4615805,37.47844663157092,0.7444937819485772,37.03784237430381,True,37.5,36.5,38.6,0.95,0.05,0.0,0.7,0.03,2,1784952732.488473,True,True,True,False,1784952597.3693535,0,0,1,0,False
1784849457.3002179,20,1784952742.4677417,37.47310597390707,0.7445700770580607,37.04051270313573,True,37.5,36.5,38.6,0.95,0.05,0.0,0.7,0.03,2,1784952752.4961743,True,True,True,False,1784952597.3693535,0,0,1,0,False
1784849457.3002179,20,1784952762.474009,37.513160906385906,0.7443793392843518,37.06454566262303,True,37.5,36.5,38.6,0.95,0.05,0.0,0.7,0.03,2,1784952772.5073044,True,True,True,True,1784952777.3693914,0,False,0,0,False
1784849457.3002179,20,1784952782.4812663,37.52384222171359,0.7444747081712062,37.08056763561456,True,37.5,36.5,38.6,0.95,0.05,0.0,0.7,0.03,2,1784952792.5115643,True,False,True,True,1784952777.3693914,0,False,0,0,False
1784849457.3002179,20,1784952802.4875515,37.50247959105822,0.7443411917296102,37.053864347295345,True,37.5,36.5,38.6,0.95,0.05,0.0,0.7,0.03,2,1784952812.5165877,True,True,True,False,1784952777.3693914,0,False,0,0,False
1784849457.3002179,20,1784952822.4940953,37.49713893339437,0.7445891508354314,37.053864347295345,True,37.5,36.5,38.6,0.95,0.05,0.0,0.7,0.03,2,1784952832.5213056,True,False,True,False,1784952777.3693914,0,0,1,0,False
1784849457.3002179,20,1784952842.5003738,37.48645761806668,0.7445128557259479,37.067215991454944,True,37.5,36.5,38.6,0.95,0.05,0.0,0.7,0.03,2,1784952852.5272458,True,True,True,False,1784952777.3693914,0,0,1,0,False
1784849457.3002179,20,1784952862.5065708,37.47310597390707,0.7444937819485772,37.04318303196766,True,37.5,36.5,38.6,0.95,0.05,0.0,0.7,0.03,2,1784952872.5339346,True,True,True,False,1784952777.3693914,0,0,1,0,False
1784849457.3002179,20,1784952882.5127232,37.51049057755398,0.744360265506981,37.07522697795072,True,37.5,36.5,38.6,0.95,0.05,0.0,0.7,0.03,2,1784952892.5401566,True,False,True,False,1784952777.3693914,0,False,0,0,False
1784849457.3002179,20,1784952902.5191014,37.53719386587319,0.7444174868390937,37.067215991454944,True,37.5,36.5,38.6,0.95,0.05,0.0,0.7,0.03,2,1784952912.5469768,True,True,True,False,1784952777.3693914,0,False,0,0,False
1784849457.3002179,20,1784952922.525572,37.526512550545505,0.7444747081712062,37.053864347295345,True,37.5,36.5,38.6,0.95,0.05,0.0,0.7,0.03,2,1784952932.552424,True,False,True,False,1784952777.3693914,0,False,0,0,False
1784849457.3002179,20,1784952942.533969,37.531853208209355,0.7442267490653849,37.06187533379111,True,37.5,36.5,38.6,0.95,0.05,0.0,0.7,0.03,2,1784952952.564971,True,False,True,True,1784952957.369423,0,False,0,0,False
1784849457.3002179,20,1784952962.5436294,37.49179827573053,0.7444937819485772,37.04318303196766,True,37.5,36.5,38.6,0.95,0.05,0.0,0.7,0.03,2,1784952972.5721297,True,True,True,True,1784952957.369423,0,0,1,0,False
1784849457.3002179,20,1784952982.5515983,37.45975432974747,0.7444365606164645,37.02182040131228,True,37.5,36.5,38.6,0.95,0.05,0.0,0.7,0.03,2,1784952992.5793483,True,True,True,False,1784952957.369423,0,0,1,0,False
1784849457.3002179,20,1784953002.5577629,37.438391699092094,0.7444365606164645,37.03250171663997,True,37.5,36.5,38.6,0.95,0.05,0.0,0.7,0.03,2,1784953012.5851233,True,True,True,False,1784952957.369423,0,0,1,0,False
1784849457.3002179,20,1784953022.563961,37.44373235675593,0.7444747081712062,37.01647974364843,True,37.5,36.5,38.6,0.95,0.05,0.0,0.7,0.03,2,1784953032.6002681,True,True,True,False,1784952957.369423,0,0,1,0,False
1784849457.3002179,20,1784953042.5702214,37.481116960402844,0.7444365606164645,37.029831387808045,True,37.5,36.5,38.6,0.95,0.05,0.0,0.7,0.03,2,1784953052.5980682,True,True,True,False,1784952957.369423,0,0,1,0,False
1784849457.3002179,20,1784953062.5763643,37.51049057755398,0.7444365606164645,37.06454566262303,True,37.5,36.5,38.6,0.95,0.05,0.0,0.7,0.03,2,1784953072.6037025,True,True,True,False,1784952957.369423,0,False,0,0,False
1784849457.3002179,20,1784953082.5826728,37.53719386587319,0.7443221179522392,37.06988632028687,True,37.5,36.5,38.6,0.95,0.05,0.0,0.7,0.03,2,1784953092.6385682,True,True,True,False,1784952957.369423,0,False,0,0,False
1784849457.3002179,20,1784953102.6164503,37.54253452353704,0.7444937819485772,37.072556649118795,True,37.5,36.5,38.6,0.95,0.05,0.0,0.7,0.03,2,1784953112.643165,True,True,True,False,1784952957.369423,0,False,0,0,False
1784849457.3002179,20,1784953122.62279,37.531853208209355,0.7442839703974975,37.06988632028687,True,37.5,36.5,38.6,0.95,0.05,0.0,0.7,0.03,2,1784953132.6494694,True,True,True,True,1784953137.3694513,0,False,0,0,False
1784849457.3002179,20,1784953142.6290212,37.489127946898606,0.7444174868390937,37.04051270313573,True,37.5,36.5,38.6,0.95,0.05,0.0,0.7,0.03,2,1784953152.6564507,True,False,True,True,1784953137.3694513,0,0,1,0,False
1784849457.3002179,20,1784953162.635205,37.47577630273899,0.7446654459449149,37.01647974364843,True,37.5,36.5,38.6,0.95,0.05,0.0,0.7,0.03,2,1784953172.6622193,True,True,True,False,1784953137.3694513,0,0,1,0,False
1784849457.3002179,20,1784953182.6416261,37.45441367208362,0.7444365606164645,37.005798428320745,True,37.5,36.5,38.6,0.95,0.05,0.0,0.7,0.03,2,1784953192.671768,True,True,True,False,1784953137.3694513,0,0,1,0,False
1784849457.3002179,20,1784953202.6481154,37.481116960402844,0.7444747081712062,37.01647974364843,True,37.5,36.5,38.6,0.95,0.05,0.0,0.7,0.03,2,1784953212.6755037,True,True,True,False,1784953137.3694513,0,0,1,0,False
1784849457.3002179,20,1784953222.6543138,37.48645761806668,0.7440741588464179,37.04318303196766,True,37.5,36.5,38.6,0.95,0.05,0.0,0.7,0.03,2,1784953232.6851034,True,True,True,False,1784953137.3694513,0,0,1,0,False
1784849457.3002179,20,1784953242.661065,37.513160906385906,0.7445700770580607,37.072556649118795,True,37.5,36.5,38.6,0.95,0.05,0.0,0.7,0.03,2,1784953252.6900485,True,True,True,False,1784953137.3694513,0,False,0,0,False
1784849457.3002179,20,1784953262.668185,37.526512550545505,0.7443411917296102,37.06454566262303,True,37.5,36.5,38.6,0.95,0.05,0.0,0.7,0.03,2,1784953272.6963756,True,True,True,False,1784953137.3694513,0,False,0,0,False
1784849457.3002179,20,1784953282.674891,37.526512550545505,0.7444556343938353,37.04318303196766,True,37.5,36.5,38.6,0.95,0.05,0.0,0.7,0.03,2,1784953292.702415,True,True,True,False,1784953137.3694513,0,False,0,0,False
1784849457.3002179,20,1784953302.6812952,37.49980926222629,0.7445891508354314,37.04585336079957,True,37.5,36.5,38.6,0.95,0.05,0.0,0.7,0.03,2,1784953312.7121248,True,True,True,True,1784953317.3694835,0,0,1,0,False
1784849457.3002179,20,1784953322.6876113,37.46776531624323,0.7444937819485772,37.011139085984595,True,37.5,36.5,38.6,0.95,0.05,0.0,0.7,0.03,2,1784953332.7145257,True,True,True,True,1784953317.3694835,0,0,1,0,False
1784849457.3002179,20,1784953342.6937692,37.46776531624323,0.7443030441748684,36.99244678416113,True,37.5,36.5,38.6,0.95,0.05,0.0,0.7,0.03,2,1784953352.7215083,True,False,True,False,1784953317.3694835,0,0,1,0,False
1784849457.3002179,20,1784953362.7000456,37.45975432974747,0.7444556343938353,37.02182040131228,True,37.5,36.5,38.6,0.95,0.05,0.0,0.7,0.03,2,1784953372.7275589,True,True,True,False,1784953317.3694835,0,0,1,0,False
1784849457.3002179,20,1784953382.7064035,37.48645761806668,0.7443984130617227,37.03784237430381,True,37.5,36.5,38.6,0.95,0.05,0.0,0.7,0.03,2,1784953392.734459,True,True,True,False,1784953317.3694835,0,0,1,0,False
1784849457.3002179,20,1784953402.7126803,37.481116960402844,0.7446845197222858,37.053864347295345,True,37.5,36.5,38.6,0.95,0.05,0.0,0.7,0.03,2,1784953412.7402978,True,True,True,False,1784953317.3694835,0,0,1,0,False
1784849457.3002179,20,1784953422.7190688,37.507820248722055,0.7443984130617227,37.06454566262303,True,37.5,36.5,38.6,0.95,0.05,0.0,0.7,0.03,2,1784953432.7467277,True,True,True,False,1784953317.3694835,0,False,0,0,False
1784849457.3002179,20,1784953442.725329,37.52918287937743,0.7447035934996566,37.05653467612726,True,37.5,36.5,38.6,0.95,0.05,0.0,0.7,0.03,2,1784953452.7526987,True,True,True,False,1784953317.3694835,0,False,0,0,False
1784849457.3002179,20,1784953462.7316759,37.51049057755398,0.7443221179522392,37.053864347295345,True,37.5,36.5,38.6,0.95,0.05,0.0,0.7,0.03,2,1784953472.7591913,True,True,True,False,1784953317.3694835,0,False,0,0,False
1784849457.3002179,20,1784953482.7382052,37.49446860456244,0.7444747081712062,37.02716105897612,True,37.5,36.5,38.6,0.95,0.05,0.0,0.7,0.03,2,1784953492.7663064,True,True,True,True,1784953497.369489,0,0,1,0,False
1784849457.3002179,20,1784953502.744416,37.47844663157092,0.7443030441748684,37.04585336079957,True,37.5,36.5,38.6,0.95,0.05,0.0,0.7,0.03,2,1784953512.7714427,True,True,True,True,1784953497.369489,0,0,1,0,False
1784849457.3002179,20,1784953522.7506514,37.46242465857938,0.744055085069047,36.97909514000152,True,37.5,36.5,38.6,0.95,0.05,0.0,0.7,0.03,2,1784953532.7784648,True,True,True,False,1784953497.369489,0,0,1,0,False
1784849457.3002179,20,1784953542.756793,37.45708400091554,0.7440932326237888,37.029831387808045,True,37.5,36.5,38.6,0.95,0.05,0.0,0.7,0.03,2,1784953552.7837725,True,False,True,False,1784953497.369489,0,0,1,0,False
1784849457.3002179,20,1784953562.7630053,37.48645761806668,0.7443221179522392,37.02716105897612,True,37.5,36.5,38.6,0.95,0.05,0.0,0.7,0.03,2,1784953572.790611,True,True,True,False,1784953497.369489,0,0,1,0,False
1784849457.3002179,20,1784953582.7692587,37.51850156404974,0.7446272983901732,37.048523689631494,True,37.5,36.5,38.6,0.95,0.05,0.0,0.7,0.03,2,1784953592.7966304,True,True,True,False,1784953497.369489,0,False,0,0,False
1784849457.3002179,20,1784953602.7755847,37.52384222171359,0.7446463721675441,37.06988632028687,True,37.5,36.5,38.6,0.95,0.05,0.0,0.7,0.03,2,1784953612.8028705,True,True,True,False,1784953497.369489,0,False,0,0,False
1784849457.3002179,20,1784953622.7819247,37.49713893339437,0.7444556343938353,37.04318303196766,True,37.5,36.5,38.6,0.95,0.05,0.0,0.7,0.03,2,1784953632.8096845,True,True,True,False,1784953497.369489,0,0,1,0,False
1784849457.3002179,20,1784953642.7881062,37.49713893339437,0.7444556343938353,37.04585336079957,True,37.5,36.5,38.6,0.95,0.05,0.0,0.7,0.03,2,1784953652.8153772,True,True,True,False,1784953497.369489,0,0,1,0,False
1784849457.3002179,20,1784953662.7943466,37.489127946898606,0.7447035934996566,37.02182040131228,True,37.5,36.5,38.6,0.95,0.05,0.0,0.7,0.03,2,1784953672.8217723,True,True,True,True,1784953677.3695161,0,0,1,0,False
1784849457.3002179,20,1784953682.8005936,37.483787289234755,0.7443030441748684,37.01647974364843,True,37.5,36.5,38.6,0.95,0.05,0.0,0.7,0.03,2,1784953692.8309057,True,True,True,True,1784953677.3695161,0,0,1,0,False
1784849457.3002179,20,1784953702.809502,37.51049057755398,0.7444747081712062,37.01380941481651,True,37.5,36.5,38.6,0.95,0.05,0.0,0.7,0.03,2,1784953712.8446286,True,True,True,False,1784953677.3695161,0,False,0,0,False
1784849457.3002179,20,1784953722.8234499,37.49446860456244,0.744360265506981,37.04318303196766,True,37.5,36.5,38.6,0.95,0.05,0.0,0.7,0.03,2,1784953732.8513558,True,False,True,False,1784953677.3695161,0,0,1,0,False
1784849457.3002179,20,1784953742.8296995,37.50514991989013,0.7443793392843518,37.04585336079957,True,37.5,36.5,38.6,0.95,0.05,0.0,0.7,0.03,2,1784953752.857295,True,True,True,False,1784953677.3695161,0,False,0,0,False
1784849457.3002179,20,1784953762.8360782,37.49713893339437,0.7444937819485772,37.053864347295345,True,37.5,36.5,38.6,0.95,0.05,0.0,0.7,0.03,2,1784953772.863484,True,True,True,False,1784953677.3695161,0,0,1,0,False
1784849457.3002179,20,1784953782.8423164,37.507820248722055,0.7442839703974975,37.048523689631494,True,37.5,36.5,38.6,0.95,0.05,0.0,0.7,0.03,2,1784953792.8692427,True,True,True,False,1784953677.3695161,0,False,0,0,False
1784849457.3002179,20,1784953802.8485446,37.49713893339437,0.7444556343938353,37.048523689631494,True,37.5,36.5,38.6,0.95,0.05,0.0,0.7,0.03,2,1784953812.8758955,True,False,True,False,1784953677.3695161,0,0,1,0,False
1784849457.3002179,20,1784953822.8548524,37.507820248722055,0.7447798886091401,37.02716105897612,True,37.5,36.5,38.6,0.95,0.05,0.0,0.7,0.03,2,1784953832.882341,True,False,True,False,1784953677.3695161,0,False,0,0,False
1784849457.3002179,20,1784953842.8612254,37.481116960402844,0.7442839703974975,37.04585336079957,True,37.5,36.5,38.6,0.95,0.05,0.0,0.7,0.03,2,1784953852.8883092,True,True,True,True,1784953857.369541,0,0,1,0,False
1784849457.3002179,20,1784953862.8675003,37.47844663157092,0.7444937819485772,37.02716105897612,True,37.5,36.5,38.6,0.95,0.05,0.0,0.7,0.03,2,1784953872.8953335,True,True,True,True,1784953857.369541,0,0,1,0,False
1784849457.3002179,20,1784953882.8739207,37.46776531624323,0.7442458228427558,37.01647974364843,True,37.5,36.5,38.6,0.95,0.05,0.0,0.7,0.03,2,1784953892.9010942,True,False,True,False,1784953857.369541,0,0,1,0,False
1784849457.3002179,20,1784953902.8841794,37.49980926222629,0.7444937819485772,37.05653467612726,True,37.5,36.5,38.6,0.95,0.05,0.0,0.7,0.03,2,1784953912.9192317,True,True,True,False,1784953857.369541,0,0,1,0,False
1784849457.3002179,20,1784953922.8980572,37.51583123521782,0.744360265506981,37.04318303196766,True,37.5,36.5,38.6,0.95,0.05,0.0,0.7,0.03,2,1784953932.9259439,True,False,True,False,1784953857.369541,0,False,0,0,False
1784849457.3002179,20,1784953942.9043882,37.52117189288167,0.744360265506981,37.04585336079957,True,37.5,36.5,38.6,0.95,0.05,0.0,0.7,0.03,2,1784953952.9316175,True,True,True,False,1784953857.369541,0,False,0,0,False
1784849457.3002179,20,1784953962.910614,37.52384222171359,0.7443793392843518,37.06454566262303,True,37.5,36.5,38.6,0.95,0.05,0.0,0.7,0.03,2,1784953972.9380026,True,True,True,False,1784953857.369541,0,False,0,0,False
1784849457.3002179,20,1784953982.9168823,37.513160906385906,0.7442267490653849,37.04318303196766,True,37.5,36.5,38.6,0.95,0.05,0.0,0.7,0.03,2,1784953992.9442425,True,True,True,False,1784953857.369541,0,False,0,0,False
1784849457.3002179,20,1784954002.923167,37.49713893339437,0.7443793392843518,37.02716105897612,True,37.5,36.5,38.6,0.95,0.05,0.0,0.7,0.03,2,1784954012.9502904,True,True,True,False,1784953857.369541,0,0,1,0,False
1784849457.3002179,20,1784954022.930349,37.44373235675593,0.7444174868390937,37.01647974364843,True,37.5,36.5,38.6,0.95,0.05,0.0,0.7,0.03,2,1784954032.9630666,True,False,True,True,1784954037.369578,0,0,1,0,False
1784849457.3002179,20,1784954042.9397216,37.481116960402844,0.7441886015106433,36.981765468833444,True,37.5,36.5,38.6,0.95,0.05,0.0,0.7,0.03,2,1784954052.9685879,True,False,True,True,1784954037.369578,0,0,1,0,False
1784849457.3002179,20,1784954062.9471776,37.47310597390707,0.7444174868390937,37.011139085984595,True,37.5,36.5,38.6,0.95,0.05,0.0,0.7,0.03,2,1784954072.974596,True,True,True,False,1784954037.369578,0,0,1,0,False
1784849457.3002179,20,1784954082.953313,37.49980926222629,0.7445128557259479,36.989776455329206,True,37.5,36.5,38.6,0.95,0.05,0.0,0.7,0.03,2,1784954092.9806948,True,True,True,False,1784954037.369578,0,0,1,0,False
1784849457.3002179,20,1784954102.9595764,37.526512550545505,0.7443221179522392,37.04051270313573,True,37.5,36.5,38.6,0.95,0.05,0.0,0.7,0.03,2,1784954112.9891727,True,True,True,False,1784954037.369578,0,False,0,0,False
1784849457.3002179,20,1784954122.9659157,37.51049057755398,0.7444937819485772,37.053864347295345,True,37.5,36.5,38.6,0.95,0.05,0.0,0.7,0.03,2,1784954132.998542,True,True,True,False,1784954037.369578,0,False,0,0,False
1784849457.3002179,20,1784954142.972229,37.50514991989013,0.7443030441748684,37.04585336079957,True,37.5,36.5,38.6,0.95,0.05,0.0,0.7,0.03,2,1784954153.0003529,True,False,True,False,1784954037.369578,0,False,0,0,False
1784849457.3002179,20,1784954162.9786453,37.481116960402844,0.7442267490653849,37.01647974364843,True,37.5,36.5,38.6,0.95,0.05,0.0,0.7,0.03,2,1784954173.00584,True,False,True,False,1784954037.369578,0,0,1,0,False
1784849457.3002179,20,1784954182.9848363,37.481116960402844,0.7442839703974975,37.005798428320745,True,37.5,36.5,38.6,0.95,0.05,0.0,0.7,0.03,2,1784954193.0122726,True,False,True,False,1784954037.369578,0,0,1,0,False
1784849457.3002179,20,1784954202.9911442,37.49179827573053,0.7447417410543984,37.02182040131228,True,37.5,36.5,38.6,0.95,0.05,0.0,0.7,0.03,2,1784954213.0183465,True,True,True,True,1784954217.3695939,0,0,1,0,False
1784849457.3002179,20,1784954222.9973614,37.48645761806668,0.7443221179522392,37.02182040131228,True,37.5,36.5,38.6,0.95,0.05,0.0,0.7,0.03,2,1784954233.02525,True,False,True,True,1784954217.3695939,0,0,1,0,False
1784849457.3002179,20,1784954243.0042062,37.48645761806668,0.7443030441748684,37.01915007248036,True,37.5,36.5,38.6,0.95,0.05,0.0,0.7,0.03,2,1784954253.032055,True,False,True,False,1784954217.3695939,0,0,1,0,False
1784849457.3002179,20,1784954263.0111325,37.55321583886473,0.7447417410543984,37.053864347295345,True,37.5,36.5,38.6,0.95,0.05,0.0,0.7,0.03,2,1784954273.0386465,True,True,True,False,1784954217.3695939,0,False,0,0,False
1784849457.3002179,20,1784954283.0175345,37.55321583886473,0.7444365606164645,37.048523689631494,True,37.5,36.5,38.6,0.95,0.05,0.0,0.7,0.03,2,1784954293.0449514,True,False,True,False,1784954217.3695939,0,False,0,0,False
1784849457.3002179,20,1784954303.0239098,37.526512550545505,0.7443221179522392,37.05653467612726,True,37.5,36.5,38.6,0.95,0.05,0.0,0.7,0.03,2,1784954313.0513275,True,True,True,False,1784954217.3695939,0,False,0,0,False
1784849457.3002179,20,1784954323.030242,37.531853208209355,0.7447035934996566,37.03784237430381,True,37.5,36.5,38.6,0.95,0.05,0.0,0.7,0.03,2,1784954333.0582995,True,False,True,False,1784954217.3695939,0,False,0,0,False
1784849457.3002179,20,1784954343.0366292,37.49446860456244,0.7444937819485772,37.01915007248036,True,37.5,36.5,38.6,0.95,0.05,0.0,0.7,0.03,2,1784954353.0669658,True,True,True,False,1784954217.3695939,0,0,1,0,False
1784849457.3002179,20,1784954363.0432944,37.48645761806668,0.7444937819485772,37.011139085984595,True,37.5,36.5,38.6,0.95,0.05,0.0,0.7,0.03,2,1784954373.0707595,True,True,True,False,1784954217.3695939,0,0,1,0,False
1784849457.3002179,20,1784954383.0495422,37.48645761806668,0.744360265506981,37.02716105897612,True,37.5,36.5,38.6,0.95,0.05,0.0,0.7,0.03,2,1784954393.0788796,True,True,True,True,1784954397.3696375,0,0,1,0,False
1784849457.3002179,20,1784954403.0558777,37.48645761806668,0.7444556343938353,37.005798428320745,True,37.5,36.5,38.6,0.95,0.05,0.0,0.7,0.03,2,1784954413.0833228,True,False,True,True,1784954397.3696375,0,0,1,0,False
1784849457.3002179,20,1784954423.0621297,37.48645761806668,0.7443793392843518,37.02182040131228,True,37.5,36.5,38.6,0.95,0.05,0.0,0.7,0.03,2,1784954433.0895066,True,False,True,False,1784954397.3696375,0,0,1,0,False
1784849457.3002179,20,1784954443.0683389,37.53452353704128,0.7446082246128023,37.04585336079957,True,37.5,36.5,38.6,0.95,0.05,0.0,0.7,0.03,2,1784954453.095726,True,True,True,False,1784954397.3696375,0,False,0,0,False
1784849457.3002179,20,1784954463.0746627,37.55321583886473,0.7446272983901732,37.06454566262303,True,37.5,36.5,38.6,0.95,0.05,0.0,0.7,0.03,2,1784954473.103072,True,True,True,False,1784954397.3696375,0,False,0,0,False
1784849457.3002179,20,1784954483.0809855,37.54253452353704,0.7445128557259479,37.053864347295345,True,37.5,36.5,38.6,0.95,0.05,0.0,0.7,0.03,2,1784954493.108517,True,False,True,False,1784954397.3696375,0,False,0,0,False
1784849457.3002179,20,1784954503.0873365,37.52117189288167,0.7443411917296102,37.05653467612726,True,37.5,36.5,38.6,0.95,0.05,0.0,0.7,0.03,2,1784954513.1171248,True,False,True,False,1784954397.3696375,0,False,0,0,False
1784849457.3002179,20,1784954523.0955656,37.483787289234755,0.7443411917296102,37.03250171663997,True,37.5,36.5,38.6,0.95,0.05,0.0,0.7,0.03,2,1784954533.1289494,True,True,True,False,1784954397.3696375,0,0,1,0,False
1784849457.3002179,20,1784954543.1055267,37.47310597390707,0.7442648966201267,37.01915007248036,True,37.5,36.5,38.6,0.95,0.05,0.0,0.7,0.03,2,1784954553.1333902,True,True,True,False,1784954397.3696375,0,0,1,0,False
1784849457.3002179,20,1784954563.1118822,37.47577630273899,0.7445510032806897,37.01647974364843,True,37.5,36.5,38.6,0.95,0.05,0.0,0.7,0.03,2,1784954573.140654,True,True,True,True,1784954577.369639,0,0,1,0,False
1784849457.3002179,20,1784954583.1182551,37.470435645075156,0.7445319295033188,36.989776455329206,True,37.5,36.5,38.6,0.95,0.05,0.0,0.7,0.03,2,1784954593.1502512,True,True,True,True,1784954577.369639,0,0,1,0,False
1784849457.3002179,20,1784954603.124636,37.49179827573053,0.7443984130617227,37.011139085984595,True,37.5,36.5,38.6,0.95,0.05,0.0,0.7,0.03,2,1784954613.1565845,True,False,True,False,1784954577.369639,0,0,1,0,False
1784849457.3002179,20,1784954623.134085,37.48645761806668,0.7444937819485772,37.04318303196766,True,37.5,36.5,38.6,0.95,0.05,0.0,0.7,0.03,2,1784954633.1619313,True,False,True,False,1784954577.369639,0,0,1,0,False
1784849457.3002179,20,1784954643.1404421,37.507820248722055,0.744207675288014,37.04051270313573,True,37.5,36.5,38.6,0.95,0.05,0.0,0.7,0.03,2,1784954653.1685774,True,False,True,False,1784954577.369639,0,False,0,0,False
1784849457.3002179,20,1784954663.1474261,37.55321583886473,0.7447608148317693,37.05920500495918,True,37.5,36.5,38.6,0.95,0.05,0.0,0.7,0.03,2,1784954673.1762004,True,False,True,False,1784954577.369639,0,False,0,0,False
1784849457.3002179,20,1784954683.1547215,37.53719386587319,0.7443030441748684,37.06988632028687,True,37.5,36.5,38.6,0.95,0.05,0.0,0.7,0.03,2,1784954693.1819901,True,True,True,False,1784954577.369639,0,False,0,0,False
1784849457.3002179,20,1784954703.1610987,37.526512550545505,0.7443984130617227,37.04585336079957,True,37.5,36.5,38.6,0.95,0.05,0.0,0.7,0.03,2,1784954713.1885438,True,False,True,False,1784954577.369639,0,False,0,0,False
1784849457.3002179,20,1784954723.167563,37.49980926222629,0.7443984130617227,37.02182040131228,True,37.5,36.5,38.6,0.95,0.05,0.0,0.7,0.03,2,1784954733.1948211,True,True,True,False,1784954577.369639,0,0,1,0,False
1784849457.3002179,20,1784954743.1737902,37.46242465857938,0.7444747081712062,37.01915007248036,True,37.5,36.5,38.6,0.95,0.05,0.0,0.7,0.03,2,1784954753.2014992,True,False,True,True,1784954757.369649,0,0,1,0,False
1784849457.3002179,20,1784954763.1799867,37.48645761806668,0.7443411917296102,37.01647974364843,True,37.5,36.5,38.6,0.95,0.05,0.0,0.7,0.03,2,1784954773.20732,True,True,True,True,1784954757.369649,0,0,1,0,False
1784849457.3002179,20,1784954783.1861758,37.465094987411305,0.7444937819485772,37.03784237430381,True,37.5,36.5,38.6,0.95,0.05,0.0,0.7,0.03,2,1784954793.2134542,True,True,True,False,1784954757.369649,0,0,1,0,False
1784849457.3002179,20,1784954803.192301,37.50247959105822,0.7444937819485772,37.03784237430381,True,37.5,36.5,38.6,0.95,0.05,0.0,0.7,0.03,2,1784954813.219367,True,True,True,False,1784954757.369649,0,False,0,0,False
1784849457.3002179,20,1784954823.198628,37.52384222171359,0.744207675288014,37.04318303196766,True,37.5,36.5,38.6,0.95,0.05,0.0,0.7,0.03,2,1784954833.2266314,True,True,True,False,1784954757.369649,0,False,0,0,False
1784849457.3002179,20,1784954843.2060688,37.507820248722055,0.7445319295033188,37.04051270313573,True,37.5,36.5,38.6,0.95,0.05,0.0,0.7,0.03,2,1784954853.2396538,True,True,True,False,1784954757.369649,0,False,0,0,False
1784849457.3002179,20,1784954863.2157733,37.47844663157092,0.7441886015106433,37.02716105897612,True,37.5,36.5,38.6,0.95,0.05,0.0,0.7,0.03,2,1784954873.2431524,True,True,True,False,1784954757.369649,0,0,1,0,False
1784849457.3002179,20,1784954883.2220347,37.47310597390707,0.7444556343938353,37.00045777065691,True,37.5,36.5,38.6,0.95,0.05,0.0,0.7,0.03,2,1784954893.2494621,True,False,True,False,1784954757.369649,0,0,1,0,False
1784849457.3002179,20,1784954903.2282655,37.46242465857938,0.7444365606164645,37.01915007248036,True,37.5,36.5,38.6,0.95,0.05,0.0,0.7,0.03,2,1784954913.258159,True,True,True,False,1784954757.369649,0,0,1,0,False
1784849457.3002179,20,1784954923.2345636,37.483787289234755,0.7445510032806897,37.01647974364843,True,37.5,36.5,38.6,0.95,0.05,0.0,0.7,0.03,2,1784954933.2613974,True,True,True,True,1784954937.3696527,0,0,1,0,False
1784849457.3002179,20,1784954943.2406335,37.50514991989013,0.7443030441748684,37.05119401846342,True,37.5,36.5,38.6,0.95,0.05,0.0,0.7,0.03,2,1784954953.2680702,True,True,True,True,1784954937.3696527,0,False,0,0,False
1784849457.3002179,20,1784954963.247014,37.50247959105822,0.7445700770580607,37.02716105897612,True,37.5,36.5,38.6,0.95,0.05,0.0,0.7,0.03,2,1784954973.2743363,True,True,True,False,1784954937.3696527,0,False,0,0,False
1784849457.3002179,20,1784954983.253258,37.470435645075156,0.7443411917296102,37.01647974364843,True,37.5,36.5,38.6,0.95,0.05,0.0,0.7,0.03,2,1784954993.288169,True,False,True,False,1784954937.3696527,0,0,1,0,False
1784849457.3002179,20,1784955003.2595024,37.470435645075156,0.744207675288014,37.00045777065691,True,37.5,36.5,38.6,0.95,0.05,0.0,0.7,0.03,2,1784955013.2868829,True,True,True,False,1784954937.3696527,0,0,1,0,False
1784849457.3002179,20,1784955023.265656,37.49713893339437,0.7446272983901732,37.03784237430381,True,37.5,36.5,38.6,0.95,0.05,0.0,0.7,0.03,2,1784955033.292987,True,True,True,False,1784954937.3696527,0,0,1,0,False
1784849457.3002179,20,1784955043.2718217,37.50247959105822,0.7444937819485772,37.04051270313573,True,37.5,36.5,38.6,0.95,0.05,0.0,0.7,0.03,2,1784955053.299149,True,True,True,False,1784954937.3696527,0,False,0,0,False
1784849457.3002179,20,1784955063.2781277,37.489127946898606,0.7445891508354314,37.02716105897612,True,37.5,36.5,38.6,0.95,0.05,0.0,0.7,0.03,2,1784955073.3059225,True,True,True,False,1784954937.3696527,0,0,1,0,False
1784849457.3002179,20,1784955083.2871149,37.52117189288167,0.7446654459449149,37.03250171663997,True,37.5,36.5,38.6,0.95,0.05,0.0,0.7,0.03,2,1784955093.319542,True,True,True,False,1784954937.3696527,0,False,0,0,False
1784849457.3002179,20,1784955103.2982683,37.53719386587319,0.7442267490653849,37.05653467612726,True,37.5,36.5,38.6,0.95,0.05,0.0,0.7,0.03,2,1784955113.3276355,True,True,True,True,1784955117.3696847,0,False,0,0,False
1784849457.3002179,20,1784955123.3046086,37.49980926222629,0.7443984130617227,37.02716105897612,True,37.5,36.5,38.6,0.95,0.05,0.0,0.7,0.03,2,1784955133.3324215,True,True,True,True,1784955117.3696847,0,0,1,0,False
1784849457.3002179,20,1784955143.3123145,37.45708400091554,0.7441695277332723,37.00312809948882,True,37.5,36.5,38.6,0.95,0.05,0.0,0.7,0.03,2,1784955153.343804,True,True,True,False,1784955117.3696847,0,0,1,0,False
1784849457.3002179,20,1784955163.3218668,37.44907301441978,0.7443793392843518,37.011139085984595,True,37.5,36.5,38.6,0.95,0.05,0.0,0.7,0.03,2,1784955173.3513434,True,False,True,False,1784955117.3696847,0,0,1,0,False
1784849457.3002179,20,1784955183.3295748,37.50247959105822,0.7447608148317693,37.005798428320745,True,37.5,36.5,38.6,0.95,0.05,0.0,0.7,0.03,2,1784955193.359815,True,True,True,False,1784955117.3696847,0,False,0,0,False
1784849457.3002179,20,1784955203.3358717,37.48645761806668,0.7447989623865111,37.01647974364843,True,37.5,36.5,38.6,0.95,0.05,0.0,0.7,0.03,2,1784955213.3666773,True,True,True,False,1784955117.3696847,0,0,1,0,False
1784849457.3002179,20,1784955223.3420713,37.513160906385906,0.7445700770580607,37.02716105897612,True,37.5,36.5,38.6,0.95,0.05,0.0,0.7,0.03,2,1784955233.3698754,True,True,True,False,1784955117.3696847,0,False,0,0,False
1784849457.3002179,20,1784955243.3496463,37.52384222171359,0.744360265506981,37.03517204547188,True,37.5,36.5,38.6,0.95,0.05,0.0,0.7,0.03,2,1784955253.379685,True,True,True,False,1784955117.3696847,0,False,0,0,False
1784849457.3002179,20,1784955263.359627,37.526512550545505,0.7444747081712062,37.04318303196766,True,37.5,36.5,38.6,0.95,0.05,0.0,0.7,0.03,2,1784955273.393028,True,False,True,False,1784955117.3696847,0,False,0,0,False
1784849457.3002179,20,1784955283.3684134,37.49980926222629,0.7443984130617227,37.02182040131228,True,37.5,36.5,38.6,0.95,0.05,0.0,0.7,0.03,2,1784955293.397928,True,True,True,True,1784955297.3699448,0,0,1,0,False
1784849457.3002179,20,1784955303.3758733,37.483787289234755,0.7445319295033188,37.029831387808045,True,37.5,36.5,38.6,0.95,0.05,0.0,0.7,0.03,2,1784955313.4054081,True,True,True,True,1784955297.3699448,0,0,1,0,False
1784849457.3002179,20,1784955323.3820539,37.47310597390707,0.7447989623865111,36.989776455329206,True,37.5,36.5,38.6,0.95,0.05,0.0,0.7,0.03,2,1784955333.4109833,True,True,True,False,1784955297.3699448,0,0,1,0,False
1784849457.3002179,20,1784955343.3894188,37.489127946898606,0.7444937819485772,37.01380941481651,True,37.5,36.5,38.6,0.95,0.05,0.0,0.7,0.03,2,1784955353.4181075,True,True,True,False,1784955297.3699448,0,0,1,0,False
1784849457.3002179,20,1784955363.3969107,37.50247959105822,0.7443030441748684,37.005798428320745,True,37.5,36.5,38.6,0.95,0.05,0.0,0.7,0.03,2,1784955373.4248557,True,True,True,False,1784955297.3699448,0,False,0,0,False
1784849457.3002179,20,1784955383.4035897,37.550545510032805,0.7447417410543984,37.03250171663997,True,37.5,36.5,38.6,0.95,0.05,0.0,0.7,0.03,2,1784955393.4309952,True,False,True,False,1784955297.3699448,0,False,0,0,False
1784849457.3002179,20,1784955403.4098527,37.51850156404974,0.7445319295033188,37.01647974364843,True,37.5,36.5,38.6,0.95,0.05,0.0,0.7,0.03,2,1784955413.4375045,True,True,True,False,1784955297.3699448,0,False,0,0,False
1784849457.3002179,20,1784955423.4161854,37.48645761806668,0.7441886015106433,37.03784237430381,True,37.5,36.5,38.6,0.95,0.05,0.0,0.7,0.03,2,1784955433.444372,True,False,True,False,1784955297.3699448,0,0,1,0,False
1784849457.3002179,20,1784955443.4224486,37.49179827573053,0.7443984130617227,37.01915007248036,True,37.5,36.5,38.6,0.95,0.05,0.0,0.7,0.03,2,1784955453.4497657,True,False,True,False,1784955297.3699448,0,0,1,0,False
1784849457.3002179,20,1784955463.4285252,37.49980926222629,0.7445319295033188,37.03784237430381,True,37.5,36.5,38.6,0.95,0.05,0.0,0.7,0.03,2,1784955473.4563951,True,False,True,True,1784955477.369983,0,0,1,0,False
1784849457.3002179,20,1784955483.4347239,37.49980926222629,0.7442648966201267,37.02182040131228,True,37.5,36.5,38.6,0.95,0.05,0.0,0.7,0.03,2,1784955493.4620738,True,True,True,True,1784955477.369983,0,0,1,0,False
1784849457.3002179,20,1784955503.4408529,37.49980926222629,0.7444747081712062,37.04585336079957,True,37.5,36.5,38.6,0.95,0.05,0.0,0.7,0.03,2,1784955513.4702404,True,False,True,False,1784955477.369983,0,0,1,0,False
1784849457.3002179,20,1784955523.4471042,37.526512550545505,0.7446082246128023,37.02716105897612,True,37.5,36.5,38.6,0.95,0.05,0.0,0.7,0.03,2,1784955533.4744265,True,True,True,False,1784955477.369983,0,False,0,0,False
1784849457.3002179,20,1784955543.4533389,37.51583123521782,0.7444365606164645,37.04585336079957,True,37.5,36.5,38.6,0.95,0.05,0.0,0.7,0.03,2,1784955553.4802873,True,True,True,False,1784955477.369983,0,False,0,0,False
1784849457.3002179,20,1784955563.4597278,37.49179827573053,0.744207675288014,37.02716105897612,True,37.5,36.5,38.6,0.95,0.05,0.0,0.7,0.03,2,1784955573.4875238,True,True,True,False,1784955477.369983,0,0,1,0,False
1784849457.3002179,20,1784955583.4661312,37.507820248722055,0.7445319295033188,37.02716105897612,True,37.5,36.5,38.6,0.95,0.05,0.0,0.7,0.03,2,1784955593.4942312,True,True,True,False,1784955477.369983,0,False,0,0,False
1784849457.3002179,20,1784955603.472307,37.49179827573053,0.7443984130617227,37.02716105897612,True,37.5,36.5,38.6,0.95,0.05,0.0,0.7,0.03,2,1784955613.499674,False,True,True,False,1784955477.369983,0,0,1,0,False
1784849457.3002179,20,1784955623.4784636,37.48645761806668,0.7445700770580607,37.04318303196766,True,37.5,36.5,38.6,0.95,0.05,0.0,0.7,0.03,2,1784955633.5050554,False,True,True,False,1784955477.369983,0,0,1,0,False
1784849457.3002179,20,1784955643.4842649,37.49713893339437,0.7443221179522392,37.067215991454944,True,37.5,36.5,38.6,0.95,0.05,0.0,0.7,0.03,2,1784955653.5110197,False,True,True,True,1784955657.3699934,0,0,1,0,False
1784849457.3002179,20,1784955663.4902184,37.489127946898606,0.7443030441748684,37.04318303196766,True,37.5,36.5,38.6,0.95,0.05,0.0,0.7,0.03,2,1784955673.517292,False,True,True,True,1784955657.3699934,0,0,1,0,False
1784849457.3002179,20,1784955683.496349,37.489127946898606,0.7446082246128023,37.06454566262303,True,37.5,36.5,38.6,0.95,0.05,0.0,0.7,0.03,2,1784955693.523586,False,True,True,False,1784955657.3699934,0,0,1,0,False
1784849457.3002179,20,1784955703.502347,37.49446860456244,0.7443221179522392,37.07789730678263,True,37.5,36.5,38.6,0.95,0.05,0.0,0.7,0.03,2,1784955713.5296214,False,True,True,False,1784955657.3699934,0,0,1,0,False
1784849457.3002179,20,1784955723.5082512,37.51049057755398,0.7444747081712062,37.091248950942244,True,37.5,36.5,38.6,0.95,0.05,0.0,0.7,0.03,2,1784955733.5360084,False,True,True,False,1784955657.3699934,0,False,0,0,False
1784849457.3002179,20,1784955743.5142775,37.54253452353704,0.7446082246128023,37.12062256809338,True,37.5,36.5,38.6,0.95,0.05,0.0,0.7,0.03,2,1784955753.5413728,False,True,True,False,1784955657.3699934,0,False,0,0,False
1784849457.3002179,20,1784955763.5202205,37.50247959105822,0.7443411917296102,37.091248950942244,True,37.5,36.5,38.6,0.95,0.05,0.0,0.7,0.03,2,1784955773.5468912,False,True,True,False,1784955657.3699934,0,False,0,0,False
1784849457.3002179,20,1784955783.5263295,37.470435645075156,0.7440932326237888,37.08056763561456,True,37.5,36.5,38.6,0.95,0.05,0.0,0.7,0.03,2,1784955793.5538497,False,True,True,False,1784955657.3699934,0,0,1,0,False
1784849457.3002179,20,1784955803.532253,37.45441367208362,0.744360265506981,37.08056763561456,True,37.5,36.5,38.6,0.95,0.05,0.0,0.7,0.03,2,1784955813.5601196,False,True,True,False,1784955657.3699934,0,0,1,0,False
1784849457.3002179,20,1784955823.538147,37.465094987411305,0.7445891508354314,37.07522697795072,True,37.5,36.5,38.6,0.95,0.05,0.0,0.7,0.03,2,1784955833.5655296,False,True,True,True,1784955837.3700128,0,0,1,0,False
1784849457.3002179,20,1784955843.5439851,37.45441367208362,0.7443793392843518,37.109941252765694,True,37.5,36.5,38.6,0.95,0.05,0.0,0.7,0.03,2,1784955853.5706763,False,True,True,True,1784955837.3700128,0,0,1,0,False
1784849457.3002179,20,1784955863.5498788,37.45708400091554,0.7442267490653849,37.08590829327841,True,37.5,36.5,38.6,0.95,0.05,0.0,0.7,0.03,2,1784955873.5765796,False,True,True,False,1784955837.3700128,0,0,1,0,False
1784849457.3002179,20,1784955883.5558012,37.51049057755398,0.7444747081712062,37.10727092393378,True,37.5,36.5,38.6,0.95,0.05,0.0,0.7,0.03,2,1784955893.5829468,False,True,True,False,1784955837.3700128,0,False,0,0,False
1784849457.3002179,20,1784955903.561749,37.52117189288167,0.7446082246128023,37.12062256809338,True,37.5,36.5,38.6,0.95,0.05,0.0,0.7,0.03,2,1784955913.5889025,False,True,True,False,1784955837.3700128,0,False,0,0,False
1784849457.3002179,20,1784955923.5677032,37.51583123521782,0.7445891508354314,37.11795223926147,True,37.5,36.5,38.6,0.95,0.05,0.0,0.7,0.03,2,1784955933.5948193,False,True,True,False,1784955837.3700128,0,False,0,0,False
1784849457.3002179,20,1784955943.573715,37.489127946898606,0.7443221179522392,37.13130388342107,True,37.5,36.5,38.6,0.95,0.05,0.0,0.7,0.03,2,1784955953.6008732,False,True,True,False,1784955837.3700128,0,0,1,0,False
1784849457.3002179,20,1784955963.5796502,37.45975432974747,0.7442458228427558,37.091248950942244,True,37.5,36.5,38.6,0.95,0.05,0.0,0.7,0.03,2,1784955973.606767,False,True,True,False,1784955837.3700128,0,0,1,0,False
1784849457.3002179,20,1784955983.5854762,37.465094987411305,0.7445891508354314,37.10727092393378,True,37.5,36.5,38.6,0.95,0.05,0.0,0.7,0.03,2,1784955993.612688,False,True,True,False,1784955837.3700128,0,0,1,0,False
1784849457.3002179,20,1784956003.5913942,37.470435645075156,0.7444365606164645,37.096589608606095,True,37.5,36.5,38.6,0.95,0.05,0.0,0.7,0.03,2,1784956013.6185749,False,True,True,True,1784956017.3700275,0,0,1,0,False
1784849457.3002179,20,1784956023.5972764,37.481116960402844,0.7444365606164645,37.12863355458916,True,37.5,36.5,38.6,0.95,0.05,0.0,0.7,0.03,2,1784956033.624465,False,True,True,True,1784956017.3700275,0,0,1,0,False
1784849457.3002179,20,1784956043.6031945,37.49713893339437,0.7446272983901732,37.109941252765694,True,37.5,36.5,38.6,0.95,0.05,0.0,0.7,0.03,2,1784956053.6303658,False,True,True,False,1784956017.3700275,0,0,1,0,False
1784849457.3002179,20,1784956063.6090271,37.531853208209355,0.7447608148317693,37.12863355458916,True,37.5,36.5,38.6,0.95,0.05,0.0,0.7,0.03,2,1784956073.6361995,False,True,True,False,1784956017.3700275,0,False,0,0,False
1784849457.3002179,20,1784956083.6150084,37.54787518120088,0.7449134050507362,37.133974212252994,True,37.5,36.5,38.6,0.95,0.05,0.0,0.7,0.03,2,1784956093.641927,False,True,True,False,1784956017.3700275,0,False,0,0,False
1784849457.3002179,20,1784956103.6210048,37.51583123521782,0.7443793392843518,37.152666514076444,True,37.5,36.5,38.6,0.95,0.05,0.0,0.7,0.03,2,1784956113.6481254,False,True,True,False,1784956017.3700275,0,False,0,0,False
1784849457.3002179,20,1784956123.6269686,37.51049057755398,0.7444747081712062,37.15533684290837,True,37.5,36.5,38.6,0.95,0.05,0.0,0.7,0.03,2,1784956133.6541264,False,True,True,False,1784956017.3700275,0,False,0,0,False
1784849457.3002179,20,1784956143.632911,37.47310597390707,0.744207675288014,37.13130388342107,True,37.5,36.5,38.6,0.95,0.05,0.0,0.7,0.03,2,1784956153.6600676,False,True,True,False,1784956017.3700275,0,0,1,0,False
1784849457.3002179,20,1784956163.638855,37.465094987411305,0.7443030441748684,37.096589608606095,True,37.5,36.5,38.6,0.95,0.05,0.0,0.7,0.03,2,1784956173.666019,False,True,True,False,1784956017.3700275,0,0,1,0,False
1784849457.3002179,20,1784956183.6446998,37.43305104142824,0.7443793392843518,37.10193026626993,True,37.5,36.5,38.6,0.95,0.05,0.0,0.7,0.03,2,1784956193.6718366,False,True,True,True,1784956197.3700507,0,0,1,0,False
1784849457.3002179,20,1784956203.6505656,37.49179827573053,0.7443984130617227,37.11795223926147,True,37.5,36.5,38.6,0.95,0.05,0.0,0.7,0.03,2,1784956213.6777523,False,True,True,True,1784956197.3700507,0,0,1,0,False
1784849457.3002179,20,1784956223.6564627,37.49713893339437,0.7443411917296102,37.12329289692531,True,37.5,36.5,38.6,0.95,0.05,0.0,0.7,0.03,2,1784956233.6836367,False,True,True,False,1784956197.3700507,0,0,1,0,False
1784849457.3002179,20,1784956243.6623852,37.52918287937743,0.744207675288014,37.13130388342107,True,37.5,36.5,38.6,0.95,0.05,0.0,0.7,0.03,2,1784956253.6894388,False,True,True,False,1784956197.3700507,0,False,0,0,False
1784849457.3002179,20,1784956263.6683235,37.54787518120088,0.7444747081712062,37.16601815823606,True,37.5,36.5,38.6,0.95,0.05,0.0,0.7,0.03,2,1784956273.6955073,False,True,True,False,1784956197.3700507,0,False,0,0,False
1784849457.3002179,20,1784956283.674334,37.53719386587319,0.7445128557259479,37.15533684290837,True,37.5,36.5,38.6,0.95,0.05,0.0,0.7,0.03,2,1784956293.7014766,False,True,True,False,1784956197.3700507,0,False,0,0,False
1784849457.3002179,20,1784956303.680246,37.51583123521782,0.7445891508354314,37.141985198748756,True,37.5,36.5,38.6,0.95,0.05,0.0,0.7,0.03,2,1784956313.7073455,False,True,True,False,1784956197.3700507,0,False,0,0,False
1784849457.3002179,20,1784956323.68622,37.51049057755398,0.7443221179522392,37.12329289692531,True,37.5,36.5,38.6,0.95,0.05,0.0,0.7,0.03,2,1784956333.7133152,False,True,True,False,1784956197.3700507,0,False,0,0,False
1784849457.3002179,20,1784956343.6921985,37.47310597390707,0.7441695277332723,37.109941252765694,True,37.5,36.5,38.6,0.95,0.05,0.0,0.7,0.03,2,1784956353.71951,False,True,True,False,1784956197.3700507,0,0,1,0,False
1784849457.3002179,20,1784956363.6982312,37.44907301441978,0.7443411917296102,37.05920500495918,True,37.5,36.5,38.6,0.95,0.05,0.0,0.7,0.03,2,1784956373.7253194,False,True,True,True,1784956377.370087,0,0,1,0,False
1784849457.3002179,20,1784956383.7040622,37.45441367208362,0.7444937819485772,37.05920500495918,True,37.5,36.5,38.6,0.95,0.05,0.0,0.7,0.03,2,1784956393.731297,False,True,True,True,1784956377.370087,0,0,1,0,False
1784849457.3002179,20,1784956403.709943,37.43305104142824,0.744207675288014,37.07522697795072,True,37.5,36.5,38.6,0.95,0.05,0.0,0.7,0.03,2,1784956413.7370732,False,True,True,False,1784956377.370087,0,0,1,0,False
1784849457.3002179,20,1784956423.7158434,37.470435645075156,0.7444365606164645,37.091248950942244,True,37.5,36.5,38.6,0.95,0.05,0.0,0.7,0.03,2,1784956433.7429712,False,True,True,False,1784956377.370087,0,0,1,0,False
1784849457.3002179,20,1784956443.7217734,37.470435645075156,0.7442648966201267,37.10460059510186,True,37.5,36.5,38.6,0.95,0.05,0.0,0.7,0.03,2,1784956453.748949,False,True,True,False,1784956377.370087,0,0,1,0,False
1784849457.3002179,20,1784956463.727774,37.526512550545505,0.7444365606164645,37.14465552758068,True,37.5,36.5,38.6,0.95,0.05,0.0,0.7,0.03,2,1784956473.7549615,False,True,True,False,1784956377.370087,0,False,0,0,False
1784849457.3002179,20,1784956483.7338161,37.53719386587319,0.7441886015106433,37.17135881589991,True,37.5,36.5,38.6,0.95,0.05,0.0,0.7,0.03,2,1784956493.7604363,False,True,True,False,1784956377.370087,0,False,0,0,False
1784849457.3002179,20,1784956503.7398605,37.53719386587319,0.7444937819485772,37.17402914473182,True,37.5,36.5,38.6,0.95,0.05,0.0,0.7,0.03,2,1784956513.767031,False,True,True,False,1784956377.370087,0,False,0,0,False
1784849457.3002179,20,1784956523.7458332,37.526512550545505,0.7443984130617227,37.133974212252994,True,37.5,36.5,38.6,0.95,0.05,0.0,0.7,0.03,2,1784956533.7726066,False,True,True,False,1784956377.370087,0,False,0,0,False
1784849457.3002179,20,1784956543.7518518,37.49980926222629,0.7445891508354314,37.12596322575723,True,37.5,36.5,38.6,0.95,0.05,0.0,0.7,0.03,2,1784956553.7789443,False,True,True,True,1784956557.3701136,0,0,1,0,False
1784849457.3002179,20,1784956563.7576778,37.470435645075156,0.7443411917296102,37.08590829327841,True,37.5,36.5,38.6,0.95,0.05,0.0,0.7,0.03,2,1784956573.7847676,False,True,True,True,1784956557.3701136,0,0,1,0,False
1784849457.3002179,20,1784956583.7636027,37.43305104142824,0.7441886015106433,37.06454566262303,True,37.5,36.5,38.6,0.95,0.05,0.0,0.7,0.03,2,1784956593.7902825,False,True,True,False,1784956557.3701136,0,0,1,0,False
1784849457.3002179,20,1784956603.7694302,37.48645761806668,0.7445700770580607,37.091248950942244,True,37.5,36.5,38.6,0.95,0.05,0.0,0.7,0.03,2,1784956613.7965546,False,True,True,False,1784956557.3701136,0,0,1,0,False
1784849457.3002179,20,1784956623.7753167,37.45975432974747,0.7445510032806897,37.11795223926147,True,37.5,36.5,38.6,0.95,0.05,0.0,0.7,0.03,2,1784956633.8027685,False,True,True,False,1784956557.3701136,0,0,1,0,False
1784849457.3002179,20,1784956643.7811255,37.48645761806668,0.7444174868390937,37.109941252765694,True,37.5,36.5,38.6,0.95,0.05,0.0,0.7,0.03,2,1784956653.8083248,False,True,True,False,1784956557.3701136,0,0,1,0,False
1784849457.3002179,20,1784956663.7871017,37.51583123521782,0.7444556343938353,37.133974212252994,True,37.5,36.5,38.6,0.95,0.05,0.0,0.7,0.03,2,1784956673.813719,False,True,True,False,1784956557.3701136,0,False,0,0,False
1784849457.3002179,20,1784956683.793017,37.54253452353704,0.7443984130617227,37.15533684290837,True,37.5,36.5,38.6,0.95,0.05,0.0,0.7,0.03,2,1784956693.8195145,False,True,True,False,1784956557.3701136,0,False,0,0,False
1784849457.3002179,20,1784956703.7989538,37.51583123521782,0.7444365606164645,37.141985198748756,True,37.5,36.5,38.6,0.95,0.05,0.0,0.7,0.03,2,1784956713.8253984,False,True,True,False,1784956557.3701136,0,False,0,0,False
1784849457.3002179,20,1784956723.8049092,37.51049057755398,0.7444747081712062,37.133974212252994,True,37.5,36.5,38.6,0.95,0.05,0.0,0.7,0.03,2,1784956733.8315537,False,True,True,True,1784956737.370117,0,False,0,0,False
1784849457.3002179,20,1784956743.8108978,37.43038071259632,0.7443793392843518,37.08857862211032,True,37.5,36.5,38.6,0.95,0.05,0.0,0.7,0.03,2,1784956753.8381965,False,True,True,True,1784956737.370117,0,0,1,0,False
1784849457.3002179,20,1784956763.8168373,37.422369726100555,0.7442648966201267,37.08590829327841,True,37.5,36.5,38.6,0.95,0.05,0.0,0.7,0.03,2,1784956773.8439977,False,True,True,False,1784956737.370117,0,0,1,0,False
1784849457.3002179,20,1784956783.8228183,37.44373235675593,0.7438834210727093,37.06454566262303,True,37.5,36.5,38.6,0.95,0.05,0.0,0.7,0.03,2,1784956793.8499482,False,True,True,False,1784956737.370117,0,0,1,0,False
1784849457.3002179,20,1784956803.828735,37.47577630273899,0.7443984130617227,37.08590829327841,True,37.5,36.5,38.6,0.95,0.05,0.0,0.7,0.03,2,1784956813.8559618,False,True,True,False,1784956737.370117,0,0,1,0,False
1784849457.3002179,20,1784956823.8347352,37.49179827573053,0.7443984130617227,37.11795223926147,True,37.5,36.5,38.6,0.95,0.05,0.0,0.7,0.03,2,1784956833.8618515,False,True,True,False,1784956737.370117,0,0,1,0,False
1784849457.3002179,20,1784956843.8407035,37.49713893339437,0.7443221179522392,37.152666514076444,True,37.5,36.5,38.6,0.95,0.05,0.0,0.7,0.03,2,1784956853.868313,False,True,True,False,1784956737.370117,0,0,1,0,False
1784849457.3002179,20,1784956863.847029,37.531853208209355,0.744055085069047,37.14465552758068,True,37.5,36.5,38.6,0.95,0.05,0.0,0.7,0.03,2,1784956873.8742807,False,True,True,False,1784956737.370117,0,False,0,0,False
1784849457.3002179,20,1784956883.8529518,37.531853208209355,0.7441695277332723,37.133974212252994,True,37.5,36.5,38.6,0.95,0.05,0.0,0.7,0.03,2,1784956893.8794997,False,True,True,False,1784956737.370117,0,False,0,0,False
1784849457.3002179,20,1784956903.8589144,37.49980926222629,0.7443984130617227,37.13130388342107,True,37.5,36.5,38.6,0.95,0.05,0.0,0.7,0.03,2,1784956913.8854322,False,True,True,True,1784956917.3701196,0,0,1,0,False
1784849457.3002179,20,1784956923.8647134,37.47310597390707,0.7444747081712062,37.11795223926147,True,37.5,36.5,38.6,0.95,0.05,0.0,0.7,0.03,2,1784956933.891842,False,True,True,True,1784956917.3701196,0,0,1,0,False
1784849457.3002179,20,1784956943.870633,37.43572137026017,0.7443411917296102,37.09391927977417,True,37.5,36.5,38.6,0.95,0.05,0.0,0.7,0.03,2,1784956953.897415,False,True,True,False,1784956917.3701196,0,0,1,0,False
1784849457.3002179,20,1784956963.8765445,37.44907301441978,0.7443793392843518,37.091248950942244,True,37.5,36.5,38.6,0.95,0.05,0.0,0.7,0.03,2,1784956973.9032166,False,True,True,False,1784956917.3701196,0,0,1,0,False
1784849457.3002179,20,1784956983.8824146,37.47577630273899,0.7445700770580607,37.096589608606095,True,37.5,36.5,38.6,0.95,0.05,0.0,0.7,0.03,2,1784956993.9095693,False,True,True,False,1784956917.3701196,0,0,1,0,False
1784849457.3002179,20,1784957003.8882823,37.48645761806668,0.7445319295033188,37.133974212252994,True,37.5,36.5,38.6,0.95,0.05,0.0,0.7,0.03,2,1784957013.9154925,False,True,True,False,1784956917.3701196,0,0,1,0,False
1784849457.3002179,20,1784957023.8942108,37.507820248722055,0.7445510032806897,37.15533684290837,True,37.5,36.5,38.6,0.95,0.05,0.0,0.7,0.03,2,1784957033.9212935,False,True,True,False,1784956917.3701196,0,False,0,0,False
1784849457.3002179,20,1784957043.9001405,37.550545510032805,0.7445128557259479,37.158007171740294,True,37.5,36.5,38.6,0.95,0.05,0.0,0.7,0.03,2,1784957053.9267638,False,True,True,False,1784956917.3701196,0,False,0,0,False
1784849457.3002179,20,1784957063.9061127,37.53719386587319,0.7443793392843518,37.16067750057222,True,37.5,36.5,38.6,0.95,0.05,0.0,0.7,0.03,2,1784957073.9333062,False,True,True,False,1784956917.3701196,0,False,0,0,False
1784849457.3002179,20,1784957083.912141,37.51049057755398,0.7445128557259479,37.14465552758068,True,37.5,36.5,38.6,0.95,0.05,0.0,0.7,0.03,2,1784957093.9394073,False,True,True,True,1784957097.370128,0,False,0,0,False
1784849457.3002179,20,1784957103.9182708,37.45708400091554,0.7442267490653849,37.12062256809338,True,37.5,36.5,38.6,0.95,0.05,0.0,0.7,0.03,2,1784957113.945393,False,True,True,True,1784957097.370128,0,0,1,0,False
1784849457.3002179,20,1784957123.9240878,37.46242465857938,0.7442839703974975,37.07522697795072,True,37.5,36.5,38.6,0.95,0.05,0.0,0.7,0.03,2,1784957133.9512708,False,True,True,False,1784957097.370128,0,0,1,0,False
1784849457.3002179,20,1784957143.930049,37.46776531624323,0.7443793392843518,37.10460059510186,True,37.5,36.5,38.6,0.95,0.05,0.0,0.7,0.03,2,1784957153.9571364,False,True,True,False,1784957097.370128,0,0,1,0,False
1784849457.3002179,20,1784957163.9358678,37.481116960402844,0.7442267490653849,37.10727092393378,True,37.5,36.5,38.6,0.95,0.05,0.0,0.7,0.03,2,1784957173.9630108,False,True,True,False,1784957097.370128,0,0,1,0,False
1784849457.3002179,20,1784957183.9417317,37.48645761806668,0.7443984130617227,37.14465552758068,True,37.5,36.5,38.6,0.95,0.05,0.0,0.7,0.03,2,1784957193.9688778,False,True,True,False,1784957097.370128,0,0,1,0,False
1784849457.3002179,20,1784957203.9476285,37.53986419470512,0.7447989623865111,37.14999618524453,True,37.5,36.5,38.6,0.95,0.05,0.0,0.7,0.03,2,1784957213.975199,False,True,True,False,1784957097.370128,0,False,0,0,False
1784849457.3002179,20,1784957223.9536715,37.52918287937743,0.7444747081712062,37.176699473563744,True,37.5,36.5,38.6,0.95,0.05,0.0,0.7,0.03,2,1784957233.9809363,False,True,True,False,1784957097.370128,0,False,0,0,False
1784849457.3002179,20,1784957243.959663,37.52918287937743,0.7444174868390937,37.158007171740294,True,37.5,36.5,38.6,0.95,0.05,0.0,0.7,0.03,2,1784957253.986773,False,True,True,False,1784957097.370128,0,False,0,0,False
1784849457.3002179,20,1784957263.9655902,37.483787289234755,0.7442648966201267,37.14465552758068,True,37.5,36.5,38.6,0.95,0.05,0.0,0.7,0.03,2,1784957273.9927,False,True,True,True,1784957277.3701587,0,0,1,0,False
1784849457.3002179,20,1784957283.971517,37.46242465857938,0.744360265506981,37.12863355458916,True,37.5,36.5,38.6,0.95,0.05,0.0,0.7,0.03,2,1784957293.998723,False,True,True,True,1784957277.3701587,0,0,1,0,False
1784849457.3002179,20,1784957303.9774015,37.46242465857938,0.7445319295033188,37.115281910429545,True,37.5,36.5,38.6,0.95,0.05,0.0,0.7,0.03,2,1784957314.0038671,False,True,True,False,1784957277.3701587,0,0,1,0,False
1784849457.3002179,20,1784957323.9832768,37.49446860456244,0.7445128557259479,37.11261158159762,True,37.5,36.5,38.6,0.95,0.05,0.0,0.7,0.03,2,1784957334.0106306,False,True,True,False,1784957277.3701587,0,0,1,0,False
1784849457.3002179,20,1784957343.9891515,37.51049057755398,0.7443221179522392,37.13130388342107,True,37.5,36.5,38.6,0.95,0.05,0.0,0.7,0.03,2,1784957354.0185041,False,True,True,False,1784957277.3701587,0,False,0,0,False
1784849457.3002179,20,1784957363.995192,37.51850156404974,0.7444556343938353,37.17135881589991,True,37.5,36.5,38.6,0.95,0.05,0.0,0.7,0.03,2,1784957374.022005,False,True,True,False,1784957277.3701587,0,False,0,0,False
1784849457.3002179,20,1784957384.0011382,37.52384222171359,0.7445891508354314,37.14465552758068,True,37.5,36.5,38.6,0.95,0.05,0.0,0.7,0.03,2,1784957394.0282822,False,True,True,False,1784957277.3701587,0,False,0,0,False
1784849457.3002179,20,1784957404.007112,37.49713893339437,0.7443030441748684,37.139314869916845,True,37.5,36.5,38.6,0.95,0.05,0.0,0.7,0.03,2,1784957414.03429,False,True,True,False,1784957277.3701587,0,0,1,0,False
1784849457.3002179,20,1784957424.0130088,37.45441367208362,0.7442267490653849,37.133974212252994,True,37.5,36.5,38.6,0.95,0.05,0.0,0.7,0.03,2,1784957434.0406866,False,True,True,False,1784957277.3701587,0,0,1,0,False
1784849457.3002179,20,1784957444.0189865,37.45975432974747,0.7446082246128023,37.115281910429545,True,37.5,36.5,38.6,0.95,0.05,0.0,0.7,0.03,2,1784957454.0461419,False,True,True,True,1784957457.3701766,0,0,1,0,False
1784849457.3002179,20,1784957464.0248032,37.46776531624323,0.7442648966201267,37.11795223926147,True,37.5,36.5,38.6,0.95,0.05,0.0,0.7,0.03,2,1784957474.051546,False,True,True,True,1784957457.3701766,0,0,1,0,False
1784849457.3002179,20,1784957484.0307376,37.46242465857938,0.7445510032806897,37.12329289692531,True,37.5,36.5,38.6,0.95,0.05,0.0,0.7,0.03,2,1784957494.057968,False,True,True,False,1784957457.3701766,0,0,1,0,False
1784849457.3002179,20,1784957504.0366573,37.489127946898606,0.7443411917296102,37.13664454108492,True,37.5,36.5,38.6,0.95,0.05,0.0,0.7,0.03,2,1784957514.0638776,False,True,True,False,1784957457.3701766,0,0,1,0,False
1784849457.3002179,20,1784957524.042588,37.52117189288167,0.7441886015106433,37.14999618524453,True,37.5,36.5,38.6,0.95,0.05,0.0,0.7,0.03,2,1784957534.0697093,False,True,True,False,1784957457.3701766,0,False,0,0,False
1784849457.3002179,20,1784957544.0485034,37.531853208209355,0.7445510032806897,37.158007171740294,True,37.5,36.5,38.6,0.95,0.05,0.0,0.7,0.03,2,1784957554.0751,False,True,True,False,1784957457.3701766,0,False,0,0,False
1784849457.3002179,20,1784957564.054581,37.53452353704128,0.7446082246128023,37.14999618524453,True,37.5,36.5,38.6,0.95,0.05,0.0,0.7,0.03,2,1784957574.0817244,False,True,True,False,1784957457.3701766,0,False,0,0,False
1784849457.3002179,20,1784957584.0605607,37.49179827573053,0.7444747081712062,37.16067750057222,True,37.5,36.5,38.6,0.95,0.05,0.0,0.7,0.03,2,1784957594.0877771,False,True,True,False,1784957457.3701766,0,0,1,0,False
1784849457.3002179,20,1784957604.066468,37.47577630273899,0.7443030441748684,37.14465552758068,True,37.5,36.5,38.6,0.95,0.05,0.0,0.7,0.03,2,1784957614.0935795,False,True,True,False,1784957457.3701766,0,0,1,0,False
1784849457.3002179,20,1784957624.0723467,37.481116960402844,0.7446654459449149,37.12863355458916,True,37.5,36.5,38.6,0.95,0.05,0.0,0.7,0.03,2,1784957634.0995097,False,True,True,True,1784957637.3702111,0,0,1,0,False
1784849457.3002179,20,1784957644.0783062,37.50247959105822,0.7444174868390937,37.115281910429545,True,37.5,36.5,38.6,0.95,0.05,0.0,0.7,0.03,2,1784957654.1054304,False,True,True,True,1784957637.3702111,0,False,0,0,False
1784849457.3002179,20,1784957664.0842805,37.49980926222629,0.7442267490653849,37.12863355458916,True,37.5,36.5,38.6,0.95,0.05,0.0,0.7,0.03,2,1784957674.1114445,False,True,True,False,1784957637.3702111,0,0,1,0,False
1784849457.3002179,20,1784957684.0901623,37.51049057755398,0.7441886015106433,37.15533684290837,True,37.5,36.5,38.6,0.95,0.05,0.0,0.7,0.03,2,1784957694.1172547,False,True,True,False,1784957637.3702111,0,False,0,0,False
1784849457.3002179,20,1784957704.0961359,37.52117189288167,0.7444174868390937,37.158007171740294,True,37.5,36.5,38.6,0.95,0.05,0.0,0.7,0.03,2,1784957714.1228302,False,True,True,False,1784957637.3702111,0,False,0,0,False
1784849457.3002179,20,1784957724.1022162,37.52117189288167,0.7444937819485772,37.14465552758068,True,37.5,36.5,38.6,0.95,0.05,0.0,0.7,0.03,2,1784957734.129259,False,True,True,False,1784957637.3702111,0,False,0,0,False
1784849457.3002179,20,1784957744.1081445,37.489127946898606,0.7444365606164645,37.12062256809338,True,37.5,36.5,38.6,0.95,0.05,0.0,0.7,0.03,2,1784957754.1353042,False,True,True,False,1784957637.3702111,0,0,1,0,False
1784849457.3002179,20,1784957764.1141143,37.45975432974747,0.7445128557259479,37.10193026626993,True,37.5,36.5,38.6,0.95,0.05,0.0,0.7,0.03,2,1784957774.141314,False,True,True,False,1784957637.3702111,0,0,1,0,False
1784849457.3002179,20,1784957784.1200776,37.44907301441978,0.7444937819485772,37.10727092393378,True,37.5,36.5,38.6,0.95,0.05,0.0,0.7,0.03,2,1784957794.1473167,False,True,True,False,1784957637.3702111,0,0,1,0,False
1784849457.3002179,20,1784957804.1260595,37.481116960402844,0.7443411917296102,37.10727092393378,True,37.5,36.5,38.6,0.95,0.05,0.0,0.7,0.03,2,1784957814.1531591,False,True,True,True,1784957817.3702242,0,0,1,0,False
1784849457.3002179,20,1784957824.1319094,37.49713893339437,0.7445128557259479,37.133974212252994,True,37.5,36.5,38.6,0.95,0.05,0.0,0.7,0.03,2,1784957834.1591778,False,True,True,True,1784957817.3702242,0,0,1,0,False
1784849457.3002179,20,1784957844.1377945,37.507820248722055,0.744360265506981,37.16334782940413,True,37.5,36.5,38.6,0.95,0.05,0.0,0.7,0.03,2,1784957854.164949,False,True,True,False,1784957817.3702242,0,False,0,0,False
1784849457.3002179,20,1784957864.14382,37.55321583886473,0.7445319295033188,37.16601815823606,True,37.5,36.5,38.6,0.95,0.05,0.0,0.7,0.03,2,1784957874.1709335,False,True,True,False,1784957817.3702242,0,False,0,0,False
1784849457.3002179,20,1784957884.1497571,37.531853208209355,0.7445128557259479,37.176699473563744,True,37.5,36.5,38.6,0.95,0.05,0.0,0.7,0.03,2,1784957894.1764596,False,True,True,False,1784957817.3702242,0,False,0,0,False
1784849457.3002179,20,1784957904.155773,37.51049057755398,0.744207675288014,37.158007171740294,True,37.5,36.5,38.6,0.95,0.05,0.0,0.7,0.03,2,1784957914.1829662,False,True,True,False,1784957817.3702242,0,False,0,0,False
1784849457.3002179,20,1784957924.1618195,37.489127946898606,0.7443984130617227,37.14999618524453,True,37.5,36.5,38.6,0.95,0.05,0.0,0.7,0.03,2,1784957934.1889954,False,True,True,False,1784957817.3702242,0,0,1,0,False
1784849457.3002179,20,1784957944.1677506,37.47310597390707,0.7446654459449149,37.12062256809338,True,37.5,36.5,38.6,0.95,0.05,0.0,0.7,0.03,2,1784957954.1952972,False,True,True,False,1784957817.3702242,0,0,1,0,False
1784849457.3002179,20,1784957964.1736386,37.465094987411305,0.7442648966201267,37.11795223926147,True,37.5,36.5,38.6,0.95,0.05,0.0,0.7,0.03,2,1784957974.2008536,False,True,True,False,1784957817.3702242,0,0,1,0,False
1784849457.3002179,20,1784957984.1795673,37.49713893339437,0.7441123064011598,37.12863355458916,True,37.5,36.5,38.6,0.95,0.05,0.0,0.7,0.03,2,1784957994.2067738,False,True,True,True,1784957997.3702488,0,0,1,0,False
1784849457.3002179,20,1784958004.1854599,37.49713893339437,0.7441886015106433,37.14999618524453,True,37.5,36.5,38.6,0.95,0.05,0.0,0.7,0.03,2,1784958014.2126305,False,True,True,True,1784957997.3702488,0,0,1,0,False
1784849457.3002179,20,1784958024.1913538,37.52384222171359,0.7440932326237888,37.15533684290837,True,37.5,36.5,38.6,0.95,0.05,0.0,0.7,0.03,2,1784958034.2185571,False,True,True,False,1784957997.3702488,0,False,0,0,False
1784849457.3002179,20,1784958044.1975253,37.48645761806668,0.7442839703974975,37.14732585641261,True,37.5,36.5,38.6,0.95,0.05,0.0,0.7,0.03,2,1784958054.224381,False,True,True,False,1784957997.3702488,0,0,1,0,False
1784849457.3002179,20,1784958064.203564,37.489127946898606,0.7445700770580607,37.15533684290837,True,37.5,36.5,38.6,0.95,0.05,0.0,0.7,0.03,2,1784958074.2302673,False,True,True,False,1784957997.3702488,0,0,1,0,False
1784849457.3002179,20,1784958084.209313,37.46242465857938,0.7445510032806897,37.14465552758068,True,37.5,36.5,38.6,0.95,0.05,0.0,0.7,0.03,2,1784958094.2364774,False,True,True,False,1784957997.3702488,0,0,1,0,False
1784849457.3002179,20,1784958104.215218,37.49980926222629,0.7444747081712062,37.12596322575723,True,37.5,36.5,38.6,0.95,0.05,0.0,0.7,0.03,2,1784958114.2424064,False,True,True,False,1784957997.3702488,0,0,1,0,False
1784849457.3002179,20,1784958124.2210343,37.53719386587319,0.7445128557259479,37.12863355458916,True,37.5,36.5,38.6,0.95,0.05,0.0,0.7,0.03,2,1784958134.2482002,False,True,True,False,1784957997.3702488,0,False,0,0,False
1784849457.3002179,20,1784958144.227029,37.51583123521782,0.744360265506981,37.158007171740294,True,37.5,36.5,38.6,0.95,0.05,0.0,0.7,0.03,2,1784958154.2536309,False,True,True,False,1784957997.3702488,0,False,0,0,False
1784849457.3002179,20,1784958164.2329607,37.48645761806668,0.7441695277332723,37.15533684290837,True,37.5,36.5,38.6,0.95,0.05,0.0,0.7,0.03,2,1784958174.2601101,False,True,True,True,1784958177.3702853,0,0,1,0,False
1784849457.3002179,20,1784958184.2389047,37.481116960402844,0.7441886015106433,37.12329289692531,True,37.5,36.5,38.6,0.95,0.05,0.0,0.7,0.03,2,1784958194.26642,False,True,True,True,1784958177.3702853,0,0,1,0,False
1784849457.3002179,20,1784958204.2448468,37.465094987411305,0.7441504539559014,37.12863355458916,True,37.5,36.5,38.6,0.95,0.05,0.0,0.7,0.03,2,1784958214.2719562,False,True,True,False,1784958177.3702853,0,0,1,0,False
1784849457.3002179,20,1784958224.2507513,37.48645761806668,0.7445319295033188,37.12863355458916,True,37.5,36.5,38.6,0.95,0.05,0.0,0.7,0.03,2,1784958234.2780814,False,True,True,False,1784958177.3702853,0,0,1,0,False
1784849457.3002179,20,1784958244.2566502,37.507820248722055,0.7446463721675441,37.14732585641261,True,37.5,36.5,38.6,0.95,0.05,0.0,0.7,0.03,2,1784958254.2839444,False,True,True,False,1784958177.3702853,0,False,0,0,False
1784849457.3002179,20,1784958264.262819,37.531853208209355,0.7444937819485772,37.17135881589991,True,37.5,36.5,38.6,0.95,0.05,0.0,0.7,0.03,2,1784958274.2895741,False,True,True,False,1784958177.3702853,0,False,0,0,False
1784849457.3002179,20,1784958284.2688067,37.50514991989013,0.7445510032806897,37.16601815823606,True,37.5,36.5,38.6,0.95,0.05,0.0,0.7,0.03,2,1784958294.2959137,False,True,True,False,1784958177.3702853,0,False,0,0,False
1784849457.3002179,20,1784958304.2748015,37.49980926222629,0.7443411917296102,37.152666514076444,True,37.5,36.5,38.6,0.95,0.05,0.0,0.7,0.03,2,1784958314.3020163,False,True,True,False,1784958177.3702853,0,0,1,0,False
1784849457.3002179,20,1784958324.2807283,37.47310597390707,0.7443221179522392,37.15533684290837,True,37.5,36.5,38.6,0.95,0.05,0.0,0.7,0.03,2,1784958334.3078456,False,True,True,False,1784958177.3702853,0,0,1,0,False
1784849457.3002179,20,1784958344.286694,37.51583123521782,0.7444556343938353,37.141985198748756,True,37.5,36.5,38.6,0.95,0.05,0.0,0.7,0.03,2,1784958354.313813,False,True,True,True,1784958357.3703222,0,False,0,0,False
1784849457.3002179,20,1784958364.2926927,37.50247959105822,0.7443030441748684,37.139314869916845,True,37.5,36.5,38.6,0.95,0.05,0.0,0.7,0.03,2,1784958374.3198574,False,True,True,True,1784958357.3703222,0,False,0,0,False
1784849457.3002179,20,1784958384.2987382,37.465094987411305,0.7443411917296102,37.139314869916845,True,37.5,36.5,38.6,0.95,0.05,0.0,0.7,0.03,2,1784958394.325926,False,True,True,False,1784958357.3703222,0,0,1,0,False
1784849457.3002179,20,1784958404.3045962,37.470435645075156,0.7439406424048218,37.14465552758068,True,37.5,36.5,38.6,0.95,0.05,0.0,0.7,0.03,2,1784958414.3317475,False,True,True,False,1784958357.3703222,0,0,1,0,False
1784849457.3002179,20,1784958424.3105438,37.48645761806668,0.7445319295033188,37.15533684290837,True,37.5,36.5,38.6,0.95,0.05,0.0,0.7,0.03,2,1784958434.3386135,False,True,True,False,1784958357.3703222,0,0,1,0,False
1784849457.3002179,20,1784958444.3164883,37.53452353704128,0.7444174868390937,37.17936980239567,True,37.5,36.5,38.6,0.95,0.05,0.0,0.7,0.03,2,1784958454.343654,False,True,True,False,1784958357.3703222,0,False,0,0,False
1784849457.3002179,20,1784958464.322567,37.526512550545505,0.7444556343938353,37.19806210421912,True,37.5,36.5,38.6,0.95,0.05,0.0,0.7,0.03,2,1784958474.3507915,False,True,True,False,1784958357.3703222,0,False,0,0,False
1784849457.3002179,20,1784958484.3285398,37.51049057755398,0.7445319295033188,37.16601815823606,True,37.5,36.5,38.6,0.95,0.05,0.0,0.7,0.03,2,1784958494.355669,False,True,True,False,1784958357.3703222,0,False,0,0,False
1784849457.3002179,20,1784958504.3345687,37.51049057755398,0.744360265506981,37.14732585641261,True,37.5,36.5,38.6,0.95,0.05,0.0,0.7,0.03,2,1784958514.361612,False,True,True,False,1784958357.3703222,0,False,0,0,False
1784849457.3002179,20,1784958524.3404627,37.446402685587856,0.7442648966201267,37.12329289692531,True,37.5,36.5,38.6,0.95,0.05,0.0,0.7,0.03,2,1784958534.3675938,False,True,True,True,1784958537.370328,0,0,1,0,False
1784849457.3002179,20,1784958544.3464015,37.45174334325169,0.7444937819485772,37.12062256809338,True,37.5,36.5,38.6,0.95,0.05,0.0,0.7,0.03,2,1784958554.3735397,False,True,True,True,1784958537.370328,0,0,1,0,False
1784849457.3002179,20,1784958564.352274,37.44373235675593,0.7442267490653849,37.11261158159762,True,37.5,36.5,38.6,0.95,0.05,0.0,0.7,0.03,2,1784958574.379881,False,True,True,False,1784958537.370328,0,0,1,0,False
1784849457.3002179,20,1784958584.3581784,37.45975432974747,0.7441313801785305,37.096589608606095,True,37.5,36.5,38.6,0.95,0.05,0.0,0.7,0.03,2,1784958594.3851292,False,True,True,False,1784958537.370328,0,0,1,0,False
1784849457.3002179,20,1784958604.364091,37.48645761806668,0.7441886015106433,37.12863355458916,True,37.5,36.5,38.6,0.95,0.05,0.0,0.7,0.03,2,1784958614.3912506,False,True,True,False,1784958537.370328,0,0,1,0,False
1784849457.3002179,20,1784958624.3699555,37.507820248722055,0.7441313801785305,37.14999618524453,True,37.5,36.5,38.6,0.95,0.05,0.0,0.7,0.03,2,1784958634.3971066,False,True,True,False,1784958537.370328,0,False,0,0,False
1784849457.3002179,20,1784958644.3759332,37.52384222171359,0.7443793392843518,37.158007171740294,True,37.5,36.5,38.6,0.95,0.05,0.0,0.7,0.03,2,1784958654.4032032,False,True,True,False,1784958537.370328,0,False,0,0,False
1784849457.3002179,20,1784958664.3818755,37.49980926222629,0.7444174868390937,37.15533684290837,True,37.5,36.5,38.6,0.95,0.05,0.0,0.7,0.03,2,1784958674.4091794,False,True,True,False,1784958537.370328,0,0,1,0,False
1784849457.3002179,20,1784958684.3878255,37.51049057755398,0.7442839703974975,37.139314869916845,True,37.5,36.5,38.6,0.95,0.05,0.0,0.7,0.03,2,1784958694.4150863,False,True,True,False,1784958537.370328,0,False,0,0,False
1784849457.3002179,20,1784958704.3938222,37.483787289234755,0.7441886015106433,37.12062256809338,True,37.5,36.5,38.6,0.95,0.05,0.0,0.7,0.03,2,1784958714.4205387,False,True,True,True,1784958717.3703458,0,0,1,0,False
1784849457.3002179,20,1784958724.3999348,37.47844663157092,0.7443793392843518,37.11795223926147,True,37.5,36.5,38.6,0.95,0.05,0.0,0.7,0.03,2,1784958734.4267297,False,True,True,True,1784958717.3703458,0,0,1,0,False
1784849457.3002179,20,1784958744.4059734,37.49446860456244,0.7445128557259479,37.13130388342107,True,37.5,36.5,38.6,0.95,0.05,0.0,0.7,0.03,2,1784958754.433149,False,True,True,False,1784958717.3703458,0,0,1,0,False
1784849457.3002179,20,1784958764.411839,37.49713893339437,0.7445700770580607,37.12863355458916,True,37.5,36.5,38.6,0.95,0.05,0.0,0.7,0.03,2,1784958774.4391518,False,True,True,False,1784958717.3703458,0,0,1,0,False
1784849457.3002179,20,1784958784.4178581,37.52384222171359,0.744360265506981,37.17135881589991,True,37.5,36.5,38.6,0.95,0.05,0.0,0.7,0.03,2,1784958794.4450526,False,True,True,False,1784958717.3703458,0,False,0,0,False
1784849457.3002179,20,1784958804.423886,37.51850156404974,0.7445510032806897,37.176699473563744,True,37.5,36.5,38.6,0.95,0.05,0.0,0.7,0.03,2,1784958814.4510877,False,True,True,False,1784958717.3703458,0,False,0,0,False
1784849457.3002179,20,1784958824.4299152,37.52384222171359,0.7443984130617227,37.182040131227595,True,37.5,36.5,38.6,0.95,0.05,0.0,0.7,0.03,2,1784958834.4570785,False,True,True,False,1784958717.3703458,0,False,0,0,False
1784849457.3002179,20,1784958844.4359007,37.48645761806668,0.7443221179522392,37.158007171740294,True,37.5,36.5,38.6,0.95,0.05,0.0,0.7,0.03,2,1784958854.4631279,False,True,True,False,1784958717.3703458,0,0,1,0,False
1784849457.3002179,20,1784958864.4417944,37.47310597390707,0.7445700770580607,37.12863355458916,True,37.5,36.5,38.6,0.95,0.05,0.0,0.7,0.03,2,1784958874.468989,False,True,True,False,1784958717.3703458,0,0,1,0,False
1784849457.3002179,20,1784958884.447719,37.47310597390707,0.7442648966201267,37.11795223926147,True,37.5,36.5,38.6,0.95,0.05,0.0,0.7,0.03,2,1784958894.4750752,False,True,True,True,1784958897.370383,0,0,1,0,False
1784849457.3002179,20,1784958904.4536765,37.489127946898606,0.7443221179522392,37.13130388342107,True,37.5,36.5,38.6,0.95,0.05,0.0,0.7,0.03,2,1784958914.4809582,False,True,True,True,1784958897.370383,0,0,1,0,False
1784849457.3002179,20,1784958924.4595375,37.49980926222629,0.7442267490653849,37.12863355458916,True,37.5,36.5,38.6,0.95,0.05,0.0,0.7,0.03,2,1784958934.4867544,False,True,True,False,1784958897.370383,0,0,1,0,False
1784849457.3002179,20,1784958944.4654257,37.51583123521782,0.7446272983901732,37.152666514076444,True,37.5,36.5,38.6,0.95,0.05,0.0,0.7,0.03,2,1784958954.4926147,False,True,True,False,1784958897.370383,0,False,0,0,False
1784849457.3002179,20,1784958964.4714525,37.52384222171359,0.7446463721675441,37.17135881589991,True,37.5,36.5,38.6,0.95,0.05,0.0,0.7,0.03,2,1784958974.498918,False,True,True,False,1784958897.370383,0,False,0,0,False
1784849457.3002179,20,1784958984.4776957,37.49713893339437,0.7443221179522392,37.139314869916845,True,37.5,36.5,38.6,0.95,0.05,0.0,0.7,0.03,2,1784958994.5048509,False,True,True,False,1784958897.370383,0,0,1,0,False
1784849457.3002179,20,1784959004.4835792,37.49713893339437,0.7442839703974975,37.139314869916845,True,37.5,36.5,38.6,0.95,0.05,0.0,0.7,0.03,2,1784959014.5108588,False,True,True,False,1784958897.370383,0,0,1,0,False
1784849457.3002179,20,1784959024.4894452,37.48645761806668,0.7442458228427558,37.14465552758068,True,37.5,36.5,38.6,0.95,0.05,0.0,0.7,0.03,2,1784959034.5167747,False,True,True,False,1784958897.370383,0,0,1,0,False
1784849457.3002179,20,1784959044.4953547,37.513160906385906,0.7443793392843518,37.14732585641261,True,37.5,36.5,38.6,0.95,0.05,0.0,0.7,0.03,2,1784959054.5225868,False,True,True,False,1784958897.370383,0,False,0,0,False
1784849457.3002179,20,1784959064.5013194,37.49980926222629,0.7442267490653849,37.139314869916845,True,37.5,36.5,38.6,0.95,0.05,0.0,0.7,0.03,2,1784959074.5280774,False,True,True,True,1784959077.3703947,0,0,1,0,False
1784849457.3002179,20,1784959084.5072217,37.489127946898606,0.7443030441748684,37.12863355458916,True,37.5,36.5,38.6,0.95,0.05,0.0,0.7,0.03,2,1784959094.534456,False,True,True,True,1784959077.3703947,0,0,1,0,False
1784849457.3002179,20,1784959104.5131636,37.49446860456244,0.7445700770580607,37.14732585641261,True,37.5,36.5,38.6,0.95,0.05,0.0,0.7,0.03,2,1784959114.5404284,False,True,True,False,1784959077.3703947,0,0,1,0,False
1784849457.3002179,20,1784959124.5191016,37.489127946898606,0.7444174868390937,37.14465552758068,True,37.5,36.5,38.6,0.95,0.05,0.0,0.7,0.03,2,1784959134.546704,False,True,True,False,1784959077.3703947,0,0,1,0,False
1784849457.3002179,20,1784959144.5249984,37.526512550545505,0.7443793392843518,37.14732585641261,True,37.5,36.5,38.6,0.95,0.05,0.0,0.7,0.03,2,1784959154.5516963,False,True,True,False,1784959077.3703947,0,False,0,0,False
1784849457.3002179,20,1784959164.5310245,37.54520485236897,0.7445128557259479,37.139314869916845,True,37.5,36.5,38.6,0.95,0.05,0.0,0.7,0.03,2,1784959174.5575101,False,True,True,False,1784959077.3703947,0,False,0,0,False
1784849457.3002179,20,1784959184.5369928,37.507820248722055,0.7442648966201267,37.15533684290837,True,37.5,36.5,38.6,0.95,0.05,0.0,0.7,0.03,2,1784959194.5641818,False,True,True,False,1784959077.3703947,0,False,0,0,False
1784849457.3002179,20,1784959204.5431647,37.49713893339437,0.7446272983901732,37.15533684290837,True,37.5,36.5,38.6,0.95,0.05,0.0,0.7,0.03,2,1784959214.5723581,False,False,True,False,1784959077.3703947,0,0,1,0,False
1784849457.3002179,20,1784959224.5500169,37.50247959105822,0.7444174868390937,37.14465552758068,True,37.5,36.5,38.6,0.95,0.05,0.0,0.7,0.03,2,1784959234.5800993,True,False,True,False,1784959077.3703947,0,False,0,0,False
1784849457.3002179,20,1784959244.5579998,37.52384222171359,0.744207675288014,37.141985198748756,True,37.5,36.5,38.6,0.95,0.05,0.0,0.7,0.03,2,1784959254.5890713,True,True,True,True,1784959257.3704083,0,False,0,0,False
1784849457.3002179,20,1784959264.5654187,37.51049057755398,0.7442458228427558,37.10727092393378,True,37.5,36.5,38.6,0.95,0.05,0.0,0.7,0.03,2,1784959274.5929317,True,True,True,True,1784959257.3704083,0,False,0,0,False
1784849457.3002179,20,1784959284.5717258,37.47844663157092,0.7443221179522392,37.096589608606095,True,37.5,36.5,38.6,0.95,0.05,0.0,0.7,0.03,2,1784959294.5997524,True,False,True,False,1784959257.3704083,0,0,1,0,False
1784849457.3002179,20,1784959304.578795,37.46242465857938,0.7442839703974975,37.099259937438006,True,37.5,36.5,38.6,0.95,0.05,0.0,0.7,0.03,2,1784959314.6102567,True,True,True,False,1784959257.3704083,0,0,1,0,False
1784849457.3002179,20,1784959324.5859413,37.483787289234755,0.7443793392843518,37.091248950942244,True,37.5,36.5,38.6,0.95,0.05,0.0,0.7,0.03,2,1784959334.6151867,True,True,True,False,1784959257.3704083,0,0,1,0,False
1784849457.3002179,20,1784959344.592215,37.49446860456244,0.7441313801785305,37.10460059510186,True,37.5,36.5,38.6,0.95,0.05,0.0,0.7,0.03,2,1784959354.619798,True,False,True,False,1784959257.3704083,0,0,1,0,False
1784849457.3002179,20,1784959364.5996554,37.53452353704128,0.7445891508354314,37.10193026626993,True,37.5,36.5,38.6,0.95,0.05,0.0,0.7,0.03,2,1784959374.6317196,True,False,True,False,1784959257.3704083,0,False,0,0,False
1784849457.3002179,20,1784959384.6077025,37.56656748302434,0.7447417410543984,37.11795223926147,True,37.5,36.5,38.6,0.95,0.05,0.0,0.7,0.03,2,1784959394.638828,True,True,True,False,1784959257.3704083,0,False,0,0,False
1784849457.3002179,20,1784959404.6146307,37.53986419470512,0.7444365606164645,37.11795223926147,True,37.5,36.5,38.6,0.95,0.05,0.0,0.7,0.03,2,1784959414.6436434,True,True,True,False,1784959257.3704083,0,False,0,0,False
1784849457.3002179,20,1784959424.6210449,37.51850156404974,0.7444937819485772,37.10193026626993,True,37.5,36.5,38.6,0.95,0.05,0.0,0.7,0.03,2,1784959434.648011,True,False,True,True,1784959437.3704157,0,False,0,0,False
1784849457.3002179,20,1784959444.6274447,37.48645761806668,0.7445891508354314,37.08857862211032,True,37.5,36.5,38.6,0.95,0.05,0.0,0.7,0.03,2,1784959454.654853,True,True,True,True,1784959437.3704157,0,0,1,0,False
1784849457.3002179,20,1784959464.6336443,37.46776531624323,0.7441886015106433,37.053864347295345,True,37.5,36.5,38.6,0.95,0.05,0.0,0.7,0.03,2,1784959474.661078,True,True,True,False,1784959437.3704157,0,0,1,0,False
1784849457.3002179,20,1784959484.6399646,37.46776531624323,0.7445510032806897,37.03784237430381,True,37.5,36.5,38.6,0.95,0.05,0.0,0.7,0.03,2,1784959494.6675076,True,True,True,False,1784959437.3704157,0,0,1,0,False
1784849457.3002179,20,1784959504.6462772,37.49980926222629,0.7444174868390937,37.05119401846342,True,37.5,36.5,38.6,0.95,0.05,0.0,0.7,0.03,2,1784959514.6736155,True,True,True,False,1784959437.3704157,0,0,1,0,False
1784849457.3002179,20,1784959524.652429,37.51049057755398,0.7442458228427558,37.05920500495918,True,37.5,36.5,38.6,0.95,0.05,0.0,0.7,0.03,2,1784959534.6798897,True,False,True,False,1784959437.3704157,0,False,0,0,False
1784849457.3002179,20,1784959544.658752,37.531853208209355,0.7444937819485772,37.06187533379111,True,37.5,36.5,38.6,0.95,0.05,0.0,0.7,0.03,2,1784959554.6861954,True,False,True,False,1784959437.3704157,0,False,0,0,False
1784849457.3002179,20,1784959564.6651049,37.50247959105822,0.7442458228427558,37.08056763561456,True,37.5,36.5,38.6,0.95,0.05,0.0,0.7,0.03,2,1784959574.6932762,True,False,True,False,1784959437.3704157,0,False,0,0,False
1784849457.3002179,20,1784959584.6746795,37.49713893339437,0.7443411917296102,37.08056763561456,True,37.5,36.5,38.6,0.95,0.05,0.0,0.7,0.03,2,1784959594.7024875,True,False,True,False,1784959437.3704157,0,0,1,0,False
1784849457.3002179,20,1784959604.680827,37.507820248722055,0.7444365606164645,37.06454566262303,True,37.5,36.5,38.6,0.95,0.05,0.0,0.7,0.03,2,1784959614.7100017,True,False,True,True,1784959617.3704395,0,False,0,0,False
1784849457.3002179,20,1784959624.688624,37.50247959105822,0.7444937819485772,37.053864347295345,True,37.5,36.5,38.6,0.95,0.05,0.0,0.7,0.03,2,1784959634.7178311,True,True,True,True,1784959617.3704395,0,False,0,0,False
1784849457.3002179,20,1784959644.6980865,37.44907301441978,0.7442648966201267,37.03517204547188,True,37.5,36.5,38.6,0.95,0.05,0.0,0.7,0.03,2,1784959654.7306015,True,True,True,False,1784959617.3704395,0,0,1,0,False
1784849457.3002179,20,1784959664.7076921,37.441062027924005,0.7443030441748684,37.00045777065691,True,37.5,36.5,38.6,0.95,0.05,0.0,0.7,0.03,2,1784959674.7407777,True,True,True,False,1784959617.3704395,0,0,1,0,False
1784849457.3002179,20,1784959684.7166326,37.47310597390707,0.744360265506981,37.01647974364843,True,37.5,36.5,38.6,0.95,0.05,0.0,0.7,0.03,2,1784959694.7464492,True,True,True,False,1784959617.3704395,0,0,1,0,False
1784849457.3002179,20,1784959704.725132,37.483787289234755,0.7442648966201267,37.04585336079957,True,37.5,36.5,38.6,0.95,0.05,0.0,0.7,0.03,2,1784959714.753969,True,True,True,False,1784959617.3704395,0,0,1,0,False
1784849457.3002179,20,1784959724.7326202,37.526512550545505,0.7445891508354314,37.06454566262303,True,37.5,36.5,38.6,0.95,0.05,0.0,0.7,0.03,2,1784959734.760092,True,True,True,False,1784959617.3704395,0,False,0,0,False
1784849457.3002179,20,1784959744.7390628,37.526512550545505,0.7444556343938353,37.07789730678263,True,37.5,36.5,38.6,0.95,0.05,0.0,0.7,0.03,2,1784959754.765814,True,True,True,False,1784959617.3704395,0,False,0,0,False
1784849457.3002179,20,1784959764.7453659,37.550545510032805,0.7444556343938353,37.07522697795072,True,37.5,36.5,38.6,0.95,0.05,0.0,0.7,0.03,2,1784959774.7727654,True,False,True,False,1784959617.3704395,0,False,0,0,False
1784849457.3002179,20,1784959784.751739,37.51850156404974,0.7441504539559014,37.048523689631494,True,37.5,36.5,38.6,0.95,0.05,0.0,0.7,0.03,2,1784959794.7791255,True,True,True,True,1784959797.3704498,0,False,0,0,False
1784849457.3002179,20,1784959804.7580526,37.481116960402844,0.7443411917296102,37.08590829327841,True,37.5,36.5,38.6,0.95,0.05,0.0,0.7,0.03,2,1784959814.785361,True,True,True,True,1784959797.3704498,0,0,1,0,False
1784849457.3002179,20,1784959824.7642496,37.45975432974747,0.7443411917296102,37.053864347295345,True,37.5,36.5,38.6,0.95,0.05,0.0,0.7,0.03,2,1784959834.791877,True,False,True,False,1784959797.3704498,0,0,1,0,False
1784849457.3002179,20,1784959844.770527,37.481116960402844,0.7445319295033188,37.05119401846342,True,37.5,36.5,38.6,0.95,0.05,0.0,0.7,0.03,2,1784959854.7979376,True,True,True,False,1784959797.3704498,0,0,1,0,False
1784849457.3002179,20,1784959864.7767403,37.489127946898606,0.744207675288014,37.05920500495918,True,37.5,36.5,38.6,0.95,0.05,0.0,0.7,0.03,2,1784959874.8043075,True,False,True,False,1784959797.3704498,0,0,1,0,False
1784849457.3002179,20,1784959884.7830284,37.52117189288167,0.7444556343938353,37.053864347295345,True,37.5,36.5,38.6,0.95,0.05,0.0,0.7,0.03,2,1784959894.8104389,True,True,True,False,1784959797.3704498,0,False,0,0,False
1784849457.3002179,20,1784959904.7900178,37.49980926222629,0.7441886015106433,37.06187533379111,True,37.5,36.5,38.6,0.95,0.05,0.0,0.7,0.03,2,1784959914.8198984,True,True,True,False,1784959797.3704498,0,0,1,0,False
1784849457.3002179,20,1784959924.7969747,37.51049057755398,0.7444747081712062,37.06988632028687,True,37.5,36.5,38.6,0.95,0.05,0.0,0.7,0.03,2,1784959934.8272803,True,False,True,False,1784959797.3704498,0,False,0,0,False
1784849457.3002179,20,1784959944.8033335,37.54253452353704,0.7443030441748684,37.06187533379111,True,37.5,36.5,38.6,0.95,0.05,0.0,0.7,0.03,2,1784959954.830728,True,True,True,False,1784959797.3704498,0,False,0,0,False
1784849457.3002179,20,1784959964.8096476,37.48645761806668,0.7442458228427558,37.02716105897612,True,37.5,36.5,38.6,0.95,0.05,0.0,0.7,0.03,2,1784959974.8368847,True,False,True,True,1784959977.3704853,0,0,1,0,False
1784849457.3002179,20,1784959984.815997,37.48645761806668,0.7443221179522392,37.05920500495918,True,37.5,36.5,38.6,0.95,0.05,0.0,0.7,0.03,2,1784959994.849843,True,True,True,True,1784959977.3704853,0,0,1,0,False
1784849457.3002179,20,1784960004.8225405,37.47577630273899,0.7444747081712062,37.03250171663997,True,37.5,36.5,38.6,0.95,0.05,0.0,0.7,0.03,2,1784960014.8493798,True,True,True,False,1784959977.3704853,0,0,1,0,False
1784849457.3002179,20,1784960024.8286834,37.507820248722055,0.7444365606164645,37.06454566262303,True,37.5,36.5,38.6,0.95,0.05,0.0,0.7,0.03,2,1784960034.859162,True,True,True,False,1784959977.3704853,0,False,0,0,False
1784849457.3002179,20,1784960044.8350282,37.52384222171359,0.7444747081712062,37.067215991454944,True,37.5,36.5,38.6,0.95,0.05,0.0,0.7,0.03,2,1784960054.8620126,True,True,True,False,1784959977.3704853,0,False,0,0,False
1784849457.3002179,20,1784960064.84126,37.531853208209355,0.7445510032806897,37.07522697795072,True,37.5,36.5,38.6,0.95,0.05,0.0,0.7,0.03,2,1784960074.8686588,True,False,True,False,1784959977.3704853,0,False,0,0,False
1784849457.3002179,20,1784960084.8476748,37.51049057755398,0.7442458228427558,37.06988632028687,True,37.5,36.5,38.6,0.95,0.05,0.0,0.7,0.03,2,1784960094.8752446,True,True,True,False,1784959977.3704853,0,False,0,0,False
1784849457.3002179,20,1784960104.854182,37.49446860456244,0.7443984130617227,37.067215991454944,True,37.5,36.5,38.6,0.95,0.05,0.0,0.7,0.03,2,1784960114.8819833,True,False,True,False,1784959977.3704853,0,0,1,0,False
1784849457.3002179,20,1784960124.8604274,37.49446860456244,0.7445510032806897,37.04318303196766,True,37.5,36.5,38.6,0.95,0.05,0.0,0.7,0.03,2,1784960134.8918417,True,True,True,False,1784959977.3704853,0,0,1,0,False
1784849457.3002179,20,1784960144.867326,37.46242465857938,0.7445128557259479,37.00846875715267,True,37.5,36.5,38.6,0.95,0.05,0.0,0.7,0.03,2,1784960154.895853,True,True,True,True,1784960157.3705223,0,0,1,0,False
1784849457.3002179,20,1784960164.8742285,37.470435645075156,0.7443221179522392,37.02716105897612,True,37.5,36.5,38.6,0.95,0.05,0.0,0.7,0.03,2,1784960174.9032671,True,False,True,True,1784960157.3705223,0,0,1,0,False
1784849457.3002179,20,1784960184.880383,37.49713893339437,0.7443030441748684,37.02716105897612,True,37.5,36.5,38.6,0.95,0.05,0.0,0.7,0.03,2,1784960194.907772,True,True,True,False,1784960157.3705223,0,0,1,0,False
1784849457.3002179,20,1784960204.886626,37.52918287937743,0.7444937819485772,37.04318303196766,True,37.5,36.5,38.6,0.95,0.05,0.0,0.7,0.03,2,1784960214.9139783,True,True,True,False,1784960157.3705223,0,False,0,0,False
1784849457.3002179,20,1784960224.8937895,37.53452353704128,0.7444174868390937,37.04318303196766,True,37.5,36.5,38.6,0.95,0.05,0.0,0.7,0.03,2,1784960234.9481986,True,False,True,False,1784960157.3705223,0,False,0,0,False
1784849457.3002179,20,1784960244.9010923,37.50247959105822,0.7445510032806897,37.067215991454944,True,37.5,36.5,38.6,0.95,0.05,0.0,0.7,0.03,2,1784960254.9287887,True,True,True,False,1784960157.3705223,0,False,0,0,False
1784849457.3002179,20,1784960264.9078221,37.51049057755398,0.7440932326237888,37.02182040131228,True,37.5,36.5,38.6,0.95,0.05,0.0,0.7,0.03,2,1784960274.9353178,True,True,True,False,1784960157.3705223,0,False,0,0,False
1784849457.3002179,20,1784960284.9143007,37.483787289234755,0.7444174868390937,37.02182040131228,True,37.5,36.5,38.6,0.95,0.05,0.0,0.7,0.03,2,1784960294.9425247,True,True,True,False,1784960157.3705223,0,0,1,0,False
1784849457.3002179,20,1784960304.9214842,37.47310597390707,0.7441695277332723,37.029831387808045,True,37.5,36.5,38.6,0.95,0.05,0.0,0.7,0.03,2,1784960314.9505584,True,False,True,False,1784960157.3705223,0,0,1,0,False
1784849457.3002179,20,1784960324.9294758,37.446402685587856,0.7440741588464179,37.02182040131228,True,37.5,36.5,38.6,0.95,0.05,0.0,0.7,0.03,2,1784960334.9584448,True,False,True,True,1784960337.3705502,0,0,1,0,False
1784849457.3002179,20,1784960344.9365036,37.489127946898606,0.7444937819485772,37.024490730144194,True,37.5,36.5,38.6,0.95,0.05,0.0,0.7,0.03,2,1784960354.9706094,True,True,True,True,1784960337.3705502,0,0,1,0,False
1784849457.3002179,20,1784960364.9447017,37.49713893339437,0.7444556343938353,37.03250171663997,True,37.5,36.5,38.6,0.95,0.05,0.0,0.7,0.03,2,1784960374.976523,True,True,True,False,1784960337.3705502,0,0,1,0,False
1784849457.3002179,20,1784960384.952133,37.53452353704128,0.7441886015106433,37.05920500495918,True,37.5,36.5,38.6,0.95,0.05,0.0,0.7,0.03,2,1784960394.9797955,True,True,True,False,1784960337.3705502,0,False,0,0,False
1784849457.3002179,20,1784960404.9592993,37.54520485236897,0.7444365606164645,37.06454566262303,True,37.5,36.5,38.6,0.95,0.05,0.0,0.7,0.03,2,1784960414.9882035,True,True,True,False,1784960337.3705502,0,False,0,0,False
1784849457.3002179,20,1784960424.9675388,37.53452353704128,0.7445319295033188,37.048523689631494,True,37.5,36.5,38.6,0.95,0.05,0.0,0.7,0.03,2,1784960434.9993467,True,True,True,False,1784960337.3705502,0,False,0,0,False
1784849457.3002179,20,1784960444.9761147,37.51850156404974,0.7441886015106433,37.05119401846342,True,37.5,36.5,38.6,0.95,0.05,0.0,0.7,0.03,2,1784960455.0045943,True,True,True,False,1784960337.3705502,0,False,0,0,False
1784849457.3002179,20,1784960464.9833708,37.489127946898606,0.7446463721675441,37.03250171663997,True,37.5,36.5,38.6,0.95,0.05,0.0,0.7,0.03,2,1784960475.0108416,True,False,True,False,1784960337.3705502,0,0,1,0,False
1784849457.3002179,20,1784960484.9895866,37.47844663157092,0.7443221179522392,37.01647974364843,True,37.5,36.5,38.6,0.95,0.05,0.0,0.7,0.03,2,1784960495.017138,True,True,True,False,1784960337.3705502,0,0,1,0,False
1784849457.3002179,20,1784960504.9958777,37.46776531624323,0.7443411917296102,37.00846875715267,True,37.5,36.5,38.6,0.95,0.05,0.0,0.7,0.03,2,1784960515.025482,True,True,True,True,1784960517.3705719,0,0,1,0,False
1784849457.3002179,20,1784960525.0034056,37.47844663157092,0.7441886015106433,37.01647974364843,True,37.5,36.5,38.6,0.95,0.05,0.0,0.7,0.03,2,1784960535.0330658,True,True,True,True,1784960517.3705719,0,0,1,0,False
1784849457.3002179,20,1784960545.011234,37.489127946898606,0.7443984130617227,37.029831387808045,True,37.5,36.5,38.6,0.95,0.05,0.0,0.7,0.03,2,1784960555.0393727,True,True,True,False,1784960517.3705719,0,0,1,0,False
1784849457.3002179,20,1784960565.0181155,37.50247959105822,0.7444937819485772,37.03784237430381,True,37.5,36.5,38.6,0.95,0.05,0.0,0.7,0.03,2,1784960575.0454879,True,True,True,False,1784960517.3705719,0,False,0,0,False
1784849457.3002179,20,1784960585.0244098,37.52384222171359,0.7444747081712062,37.06454566262303,True,37.5,36.5,38.6,0.95,0.05,0.0,0.7,0.03,2,1784960595.0513597,True,True,True,False,1784960517.3705719,0,False,0,0,False
1784849457.3002179,20,1784960605.0307846,37.52384222171359,0.7443984130617227,37.04318303196766,True,37.5,36.5,38.6,0.95,0.05,0.0,0.7,0.03,2,1784960615.064709,True,False,True,False,1784960517.3705719,0,False,0,0,False
1784849457.3002179,20,1784960625.0422697,37.507820248722055,0.7444174868390937,37.053864347295345,True,37.5,36.5,38.6,0.95,0.05,0.0,0.7,0.03,2,1784960635.0769675,True,True,True,False,1784960517.3705719,0,False,0,0,False
1784849457.3002179,20,1784960645.055007,37.49713893339437,0.7444747081712062,37.029831387808045,True,37.5,36.5,38.6,0.95,0.05,0.0,0.7,0.03,2,1784960655.093591,True,True,True,False,1784960517.3705719,0,0,1,0,False
1784849457.3002179,20,1784960665.0654407,37.45174334325169,0.7444556343938353,37.011139085984595,True,37.5,36.5,38.6,0.95,0.05,0.0,0.7,0.03,2,1784960675.0928063,True,False,True,False,1784960517.3705719,0,0,1,0,False
1784849457.3002179,20,1784960685.0716796,37.46242465857938,0.7442648966201267,37.01647974364843,True,37.5,36.5,38.6,0.95,0.05,0.0,0.7,0.03,2,1784960695.0989048,True,True,True,True,1784960697.370596,0,0,1,0,False
1784849457.3002179,20,1784960705.078653,37.47310597390707,0.7442648966201267,37.01915007248036,True,37.5,36.5,38.6,0.95,0.05,0.0,0.7,0.03,2,1784960715.1079705,True,True,True,True,1784960697.370596,0,0,1,0,False
1784849457.3002179,20,1784960725.0874395,37.489127946898606,0.7443411917296102,36.989776455329206,True,37.5,36.5,38.6,0.95,0.05,0.0,0.7,0.03,2,1784960735.1160765,True,True,True,False,1784960697.370596,0,0,1,0,False
1784849457.3002179,20,1784960745.0950794,37.50514991989013,0.7445510032806897,37.01380941481651,True,37.5,36.5,38.6,0.95,0.05,0.0,0.7,0.03,2,1784960755.122961,True,True,True,False,1784960697.370596,0,False,0,0,False
1784849457.3002179,20,1784960765.1020885,37.53452353704128,0.7442648966201267,37.053864347295345,True,37.5,36.5,38.6,0.95,0.05,0.0,0.7,0.03,2,1784960775.129442,True,False,True,False,1784960697.370596,0,False,0,0,False
1784849457.3002179,20,1784960785.1083822,37.52384222171359,0.744207675288014,37.06454566262303,True,37.5,36.5,38.6,0.95,0.05,0.0,0.7,0.03,2,1784960795.1354434,True,False,True,False,1784960697.370596,0,False,0,0,False
1784849457.3002179,20,1784960805.1148217,37.52384222171359,0.7446463721675441,37.053864347295345,True,37.5,36.5,38.6,0.95,0.05,0.0,0.7,0.03,2,1784960815.1419675,True,True,True,False,1784960697.370596,0,False,0,0,False
1784849457.3002179,20,1784960825.121171,37.48645761806668,0.7443221179522392,37.02716105897612,True,37.5,36.5,38.6,0.95,0.05,0.0,0.7,0.03,2,1784960835.1492057,True,True,True,False,1784960697.370596,0,0,1,0,False
1784849457.3002179,20,1784960845.1274061,37.45441367208362,0.7443221179522392,37.01915007248036,True,37.5,36.5,38.6,0.95,0.05,0.0,0.7,0.03,2,1784960855.1554203,True,False,True,False,1784960697.370596,0,0,1,0,False
1784849457.3002179,20,1784960865.1336715,37.446402685587856,0.7442839703974975,37.011139085984595,True,37.5,36.5,38.6,0.95,0.05,0.0,0.7,0.03,2,1784960875.1617947,True,False,True,True,1784960877.3706152,0,0,1,0,False
1784849457.3002179,20,1784960885.1400335,37.446402685587856,0.7443793392843518,37.00045777065691,True,37.5,36.5,38.6,0.95,0.05,0.0,0.7,0.03,2,1784960895.1674724,True,True,True,True,1784960877.3706152,0,0,1,0,False
1784849457.3002179,20,1784960905.1462355,37.483787289234755,0.7444174868390937,37.00312809948882,True,37.5,36.5,38.6,0.95,0.05,0.0,0.7,0.03,2,1784960915.173148,True,False,True,False,1784960877.3706152,0,0,1,0,False
1784849457.3002179,20,1784960925.1523886,37.489127946898606,0.7441886015106433,37.02182040131228,True,37.5,36.5,38.6,0.95,0.05,0.0,0.7,0.03,2,1784960935.1801949,True,False,True,False,1784960877.3706152,0,0,1,0,False
1784849457.3002179,20,1784960945.1586764,37.51049057755398,0.7441695277332723,37.03517204547188,True,37.5,36.5,38.6,0.95,0.05,0.0,0.7,0.03,2,1784960955.1861386,True,True,True,False,1784960877.3706152,0,False,0,0,False
1784849457.3002179,20,1784960965.1650374,37.52384222171359,0.7444556343938353,37.04318303196766,True,37.5,36.5,38.6,0.95,0.05,0.0,0.7,0.03,2,1784960975.1925998,True,False,True,False,1784960877.3706152,0,False,0,0,False
1784849457.3002179,20,1784960985.171503,37.507820248722055,0.7443221179522392,37.05920500495918,True,37.5,36.5,38.6,0.95,0.05,0.0,0.7,0.03,2,1784960995.1988814,True,False,True,False,1784960877.3706152,0,False,0,0,False
1784849457.3002179,20,1784961005.1785078,37.49713893339437,0.7442648966201267,37.02182040131228,True,37.5,36.5,38.6,0.95,0.05,0.0,0.7,0.03,2,1784961015.2070754,True,True,True,False,1784960877.3706152,0,0,1,0,False
1784849457.3002179,20,1784961025.18603,37.465094987411305,0.7441695277332723,37.02716105897612,True,37.5,36.5,38.6,0.95,0.05,0.0,0.7,0.03,2,1784961035.2148442,True,True,True,False,1784960877.3706152,0,0,1,0,False
1784849457.3002179,20,1784961045.1935894,37.47577630273899,0.7442267490653849,37.01915007248036,True,37.5,36.5,38.6,0.95,0.05,0.0,0.7,0.03,2,1784961055.2244914,True,True,True,True,1784961057.3706408,0,0,1,0,False
1784849457.3002179,20,1784961065.205787,37.47310597390707,0.7443411917296102,37.02716105897612,True,37.5,36.5,38.6,0.95,0.05,0.0,0.7,0.03,2,1784961075.2378342,True,False,True,True,1784961057.3706408,0,0,1,0,False
1784849457.3002179,20,1784961085.2168088,37.489127946898606,0.744360265506981,37.00045777065691,True,37.5,36.5,38.6,0.95,0.05,0.0,0.7,0.03,2,1784961095.2479618,True,False,True,False,1784961057.3706408,0,0,1,0,False
1784849457.3002179,20,1784961105.2237895,37.51049057755398,0.7441886015106433,37.05119401846342,True,37.5,36.5,38.6,0.95,0.05,0.0,0.7,0.03,2,1784961115.2620513,True,True,True,False,1784961057.3706408,0,False,0,0,False
1784849457.3002179,20,1784961125.2300847,37.52117189288167,0.7442648966201267,37.02716105897612,True,37.5,36.5,38.6,0.95,0.05,0.0,0.7,0.03,2,1784961135.261282,True,True,True,False,1784961057.3706408,0,False,0,0,False
1784849457.3002179,20,1784961145.237171,37.54253452353704,0.7441313801785305,37.05653467612726,True,37.5,36.5,38.6,0.95,0.05,0.0,0.7,0.03,2,1784961155.2709906,True,True,True,False,1784961057.3706408,0,False,0,0,False
1784849457.3002179,20,1784961165.2445812,37.513160906385906,0.7444365606164645,37.04318303196766,True,37.5,36.5,38.6,0.95,0.05,0.0,0.7,0.03,2,1784961175.2713168,True,False,True,False,1784961057.3706408,0,False,0,0,False
1784849457.3002179,20,1784961185.2509184,37.470435645075156,0.7444747081712062,37.02716105897612,True,37.5,36.5,38.6,0.95,0.05,0.0,0.7,0.03,2,1784961195.2783654,True,True,True,False,1784961057.3706408,0,0,1,0,False
1784849457.3002179,20,1784961205.2571154,37.470435645075156,0.744360265506981,37.02716105897612,True,37.5,36.5,38.6,0.95,0.05,0.0,0.7,0.03,2,1784961215.284548,True,True,True,False,1784961057.3706408,0,0,1,0,False
1784849457.3002179,20,1784961225.2633736,37.470435645075156,0.7443984130617227,37.011139085984595,True,37.5,36.5,38.6,0.95,0.05,0.0,0.7,0.03,2,1784961235.2907896,True,True,True,True,1784961237.3706748,0,0,1,0,False
1784849457.3002179,20,1784961245.2695765,37.481116960402844,0.7441886015106433,37.00312809948882,True,37.5,36.5,38.6,0.95,0.05,0.0,0.7,0.03,2,1784961255.2995672,True,False,True,True,1784961237.3706748,0,0,1,0,False
1784849457.3002179,20,1784961265.276674,37.50514991989013,0.7441504539559014,37.02716105897612,True,37.5,36.5,38.6,0.95,0.05,0.0,0.7,0.03,2,1784961275.304921,True,False,True,False,1784961237.3706748,0,False,0,0,False
1784849457.3002179,20,1784961285.283666,37.52117189288167,0.7441886015106433,37.048523689631494,True,37.5,36.5,38.6,0.95,0.05,0.0,0.7,0.03,2,1784961295.3136063,True,False,True,False,1784961237.3706748,0,False,0,0,False
1784849457.3002179,20,1784961305.290711,37.54253452353704,0.7446463721675441,37.067215991454944,True,37.5,36.5,38.6,0.95,0.05,0.0,0.7,0.03,2,1784961315.318905,True,False,True,False,1784961237.3706748,0,False,0,0,False
1784849457.3002179,20,1784961325.2978072,37.51583123521782,0.7444174868390937,37.04318303196766,True,37.5,36.5,38.6,0.95,0.05,0.0,0.7,0.03,2,1784961335.3287365,True,False,True,False,1784961237.3706748,0,False,0,0,False
1784849457.3002179,20,1784961345.3049154,37.483787289234755,0.7440360112916763,37.05119401846342,True,37.5,36.5,38.6,0.95,0.05,0.0,0.7,0.03,2,1784961355.3323379,True,True,True,False,1784961237.3706748,0,0,1,0,False
1784849457.3002179,20,1784961365.311184,37.45975432974747,0.7441313801785305,37.02182040131228,True,37.5,36.5,38.6,0.95,0.05,0.0,0.7,0.03,2,1784961375.3393276,True,False,True,False,1784961237.3706748,0,0,1,0,False
1784849457.3002179,20,1784961385.3182588,37.481116960402844,0.7444365606164645,37.02182040131228,True,37.5,36.5,38.6,0.95,0.05,0.0,0.7,0.03,2,1784961395.346929,True,True,True,False,1784961237.3706748,0,0,1,0,False
1784849457.3002179,20,1784961405.3258393,37.48645761806668,0.7443221179522392,37.01647974364843,True,37.5,36.5,38.6,0.95,0.05,0.0,0.7,0.03,2,1784961415.3560016,True,False,True,True,1784961417.3706903,0,0,1,0,False
1784849457.3002179,20,1784961425.3327174,37.49713893339437,0.7445319295033188,37.011139085984595,True,37.5,36.5,38.6,0.95,0.05,0.0,0.7,0.03,2,1784961435.360047,True,False,True,True,1784961417.3706903,0,0,1,0,False
1784849457.3002179,20,1784961445.3389332,37.470435645075156,0.7443221179522392,37.024490730144194,True,37.5,36.5,38.6,0.95,0.05,0.0,0.7,0.03,2,1784961455.3663557,True,False,True,False,1784961417.3706903,0,0,1,0,False
1784849457.3002179,20,1784961465.3451798,37.526512550545505,0.7443221179522392,37.02716105897612,True,37.5,36.5,38.6,0.95,0.05,0.0,0.7,0.03,2,1784961475.3729029,True,False,True,False,1784961417.3706903,0,False,0,0,False
1784849457.3002179,20,1784961485.3519034,37.53719386587319,0.7443411917296102,37.03250171663997,True,37.5,36.5,38.6,0.95,0.05,0.0,0.7,0.03,2,1784961495.3793478,True,False,True,False,1784961417.3706903,0,False,0,0,False
1784849457.3002179,20,1784961505.3583567,37.52117189288167,0.7443411917296102,37.04585336079957,True,37.5,36.5,38.6,0.95,0.05,0.0,0.7,0.03,2,1784961515.3865342,True,True,True,False,1784961417.3706903,0,False,0,0,False
1784849457.3002179,20,1784961525.3648338,37.483787289234755,0.7443030441748684,37.011139085984595,True,37.5,36.5,38.6,0.95,0.05,0.0,0.7,0.03,2,1784961535.3945777,True,True,True,False,1784961417.3706903,0,0,1,0,False
1784849457.3002179,20,1784961545.3712592,37.46776531624323,0.7442648966201267,37.01380941481651,True,37.5,36.5,38.6,0.95,0.05,0.0,0.7,0.03,2,1784961555.3986683,True,True,True,False,1784961417.3706903,0,0,1,0,False
1784849457.3002179,20,1784961565.377428,37.50247959105822,0.7445319295033188,37.00045777065691,True,37.5,36.5,38.6,0.95,0.05,0.0,0.7,0.03,2,1784961575.4074225,True,True,True,False,1784961417.3706903,0,False,0,0,False
1784849457.3002179,20,1784961585.3848603,37.50247959105822,0.7443030441748684,37.005798428320745,True,37.5,36.5,38.6,0.95,0.05,0.0,0.7,0.03,2,1784961595.4130614,True,False,True,True,1784961597.3707168,0,False,0,0,False
1784849457.3002179,20,1784961605.3919172,37.513160906385906,0.7445700770580607,37.01647974364843,True,37.5,36.5,38.6,0.95,0.05,0.0,0.7,0.03,2,1784961615.419409,True,False,True,True,1784961597.3707168,0,False,0,0,False
1784849457.3002179,20,1784961625.398296,37.48645761806668,0.7443984130617227,37.00045777065691,True,37.5,36.5,38.6,0.95,0.05,0.0,0.7,0.03,2,1784961635.426216,True,True,True,False,1784961597.3707168,0,0,1,0,False
1784849457.3002179,20,1784961645.4049892,37.49179827573053,0.7442458228427558,37.00312809948882,True,37.5,36.5,38.6,0.95,0.05,0.0,0.7,0.03,2,1784961655.4324949,True,True,True,False,1784961597.3707168,0,0,1,0,False
1784849457.3002179,20,1784961665.411386,37.51583123521782,0.7440360112916763,37.02716105897612,True,37.5,36.5,38.6,0.95,0.05,0.0,0.7,0.03,2,1784961675.4410112,True,True,True,False,1784961597.3707168,0,False,0,0,False
1784849457.3002179,20,1784961685.4179573,37.51049057755398,0.7441504539559014,37.04318303196766,True,37.5,36.5,38.6,0.95,0.05,0.0,0.7,0.03,2,1784961695.4456203,True,True,True,False,1784961597.3707168,0,False,0,0,False
1784849457.3002179,20,1784961705.4244592,37.49446860456244,0.7442839703974975,37.01915007248036,True,37.5,36.5,38.6,0.95,0.05,0.0,0.7,0.03,2,1784961715.4519525,True,False,True,False,1784961597.3707168,0,0,1,0,False
1784849457.3002179,20,1784961725.4310231,37.47310597390707,0.7442839703974975,37.00045777065691,True,37.5,36.5,38.6,0.95,0.05,0.0,0.7,0.03,2,1784961735.4610217,True,True,True,False,1784961597.3707168,0,0,1,0,False
1784849457.3002179,20,1784961745.4375877,37.489127946898606,0.7446082246128023,37.00846875715267,True,37.5,36.5,38.6,0.95,0.05,0.0,0.7,0.03,2,1784961755.4650512,True,True,True,False,1784961597.3707168,0,0,1,0,False
1784849457.3002179,20,1784961765.4438696,37.49179827573053,0.7444747081712062,37.01647974364843,True,37.5,36.5,38.6,0.95,0.05,0.0,0.7,0.03,2,1784961775.4736567,True,True,True,True,1784961777.3707507,0,0,1,0,False
1784849457.3002179,20,1784961785.4501739,37.48645761806668,0.7446082246128023,37.04318303196766,True,37.5,36.5,38.6,0.95,0.05,0.0,0.7,0.03,2,1784961795.4774506,True,False,True,True,1784961777.3707507,0,0,1,0,False
1784849457.3002179,20,1784961805.4563193,37.49713893339437,0.7443221179522392,37.048523689631494,True,37.5,36.5,38.6,0.95,0.05,0.0,0.7,0.03,2,1784961815.4855554,True,False,True,False,1784961777.3707507,0,0,1,0,False
1784849457.3002179,20,1784961825.4629827,37.52384222171359,0.7446272983901732,37.02182040131228,True,37.5,36.5,38.6,0.95,0.05,0.0,0.7,0.03,2,1784961835.4907236,True,False,True,False,1784961777.3707507,0,False,0,0,False
1784849457.3002179,20,1784961845.469853,37.52384222171359,0.7443793392843518,37.04585336079957,True,37.5,36.5,38.6,0.95,0.05,0.0,0.7,0.03,2,1784961855.5000975,True,True,True,False,1784961777.3707507,0,False,0,0,False
1784849457.3002179,20,1784961865.4762495,37.53719386587319,0.7444556343938353,37.02716105897612,True,37.5,36.5,38.6,0.95,0.05,0.0,0.7,0.03,2,1784961875.5040586,True,True,True,False,1784961777.3707507,0,False,0,0,False
1784849457.3002179,20,1784961885.4825656,37.49980926222629,0.7443221179522392,37.02716105897612,True,37.5,36.5,38.6,0.95,0.05,0.0,0.7,0.03,2,1784961895.511432,True,True,True,False,1784961777.3707507,0,0,1,0,False
1784849457.3002179,20,1784961905.4887927,37.489127946898606,0.7444174868390937,37.01915007248036,True,37.5,36.5,38.6,0.95,0.05,0.0,0.7,0.03,2,1784961915.5163307,True,True,True,False,1784961777.3707507,0,0,1,0,False
1784849457.3002179,20,1784961925.4951599,37.489127946898606,0.7444365606164645,37.03250171663997,True,37.5,36.5,38.6,0.95,0.05,0.0,0.7,0.03,2,1784961935.522481,True,True,True,False,1784961777.3707507,0,0,1,0,False
1784849457.3002179,20,1784961945.5015075,37.531853208209355,0.7444174868390937,37.01915007248036,True,37.5,36.5,38.6,0.95,0.05,0.0,0.7,0.03,2,1784961955.5290656,True,False,True,True,1784961957.3707633,0,False,0,0,False
1784849457.3002179,20,1784961965.5078404,37.53452353704128,0.7444174868390937,37.04318303196766,True,37.5,36.5,38.6,0.95,0.05,0.0,0.7,0.03,2,1784961975.541047,True,False,True,True,1784961957.3707633,0,False,0,0,False
1784849457.3002179,20,1784961985.517299,37.50247959105822,0.7445700770580607,37.02716105897612,True,37.5,36.5,38.6,0.95,0.05,0.0,0.7,0.03,2,1784961995.5479515,True,True,True,False,1784961957.3707633,0,False,0,0,False
1784849457.3002179,20,1784962005.5236208,37.507820248722055,0.7441886015106433,37.04318303196766,True,37.5,36.5,38.6,0.95,0.05,0.0,0.7,0.03,2,1784962015.551305,True,True,True,False,1784961957.3707633,0,False,0,0,False
1784849457.3002179,20,1784962025.5301359,37.507820248722055,0.7442839703974975,37.01647974364843,True,37.5,36.5,38.6,0.95,0.05,0.0,0.7,0.03,2,1784962035.5598433,True,True,True,False,1784961957.3707633,0,False,0,0,False
1784849457.3002179,20,1784962045.536656,37.47577630273899,0.7443793392843518,37.01915007248036,True,37.5,36.5,38.6,0.95,0.05,0.0,0.7,0.03,2,1784962055.5649362,True,True,True,False,1784961957.3707633,0,0,1,0,False
1784849457.3002179,20,1784962065.5436175,37.489127946898606,0.7443984130617227,36.99511711299306,True,37.5,36.5,38.6,0.95,0.05,0.0,0.7,0.03,2,1784962075.5710387,True,False,True,False,1784961957.3707633,0,0,1,0,False
1784849457.3002179,20,1784962085.5498412,37.489127946898606,0.7446082246128023,37.01647974364843,True,37.5,36.5,38.6,0.95,0.05,0.0,0.7,0.03,2,1784962095.5788352,True,True,True,False,1784961957.3707633,0,0,1,0,False
1784849457.3002179,20,1784962105.5562367,37.49446860456244,0.7440360112916763,37.029831387808045,True,37.5,36.5,38.6,0.95,0.05,0.0,0.7,0.03,2,1784962115.5831616,True,True,True,False,1784961957.3707633,0,0,1,0,False
1784849457.3002179,20,1784962125.565616,37.531853208209355,0.7443984130617227,37.03250171663997,True,37.5,36.5,38.6,0.95,0.05,0.0,0.7,0.03,2,1784962135.5995781,True,True,True,True,1784962137.3707838,0,False,0,0,False
1784849457.3002179,20,1784962145.5806484,37.51049057755398,0.7444747081712062,37.03517204547188,True,37.5,36.5,38.6,0.95,0.05,0.0,0.7,0.03,2,1784962155.6108289,True,False,True,True,1784962137.3707838,0,False,0,0,False
1784849457.3002179,20,1784962165.5883348,37.481116960402844,0.7442648966201267,37.02716105897612,True,37.5,36.5,38.6,0.95,0.05,0.0,0.7,0.03,2,1784962175.6185257,True,False,True,False,1784962137.3707838,0,0,1,0,False
1784849457.3002179,20,1784962185.5972695,37.507820248722055,0.7443984130617227,37.01647974364843,True,37.5,36.5,38.6,0.95,0.05,0.0,0.7,0.03,2,1784962195.6247337,True,True,True,False,1784962137.3707838,0,False,0,0,False
1784849457.3002179,20,1784962205.603598,37.465094987411305,0.7443411917296102,37.01647974364843,True,37.5,36.5,38.6,0.95,0.05,0.0,0.7,0.03,2,1784962215.630528,True,True,True,False,1784962137.3707838,0,0,1,0,False
1784849457.3002179,20,1784962225.6097796,37.49713893339437,0.7442267490653849,37.02716105897612,True,37.5,36.5,38.6,0.95,0.05,0.0,0.7,0.03,2,1784962235.6372616,True,True,True,False,1784962137.3707838,0,0,1,0,False
1784849457.3002179,20,1784962245.616031,37.49179827573053,0.7444937819485772,37.029831387808045,True,37.5,36.5,38.6,0.95,0.05,0.0,0.7,0.03,2,1784962255.6435416,True,True,True,False,1784962137.3707838,0,0,1,0,False
1784849457.3002179,20,1784962265.6223917,37.51049057755398,0.7445510032806897,37.01647974364843,True,37.5,36.5,38.6,0.95,0.05,0.0,0.7,0.03,2,1784962275.6497824,True,True,True,False,1784962137.3707838,0,False,0,0,False
1784849457.3002179,20,1784962285.6286879,37.49980926222629,0.7444937819485772,37.02182040131228,True,37.5,36.5,38.6,0.95,0.05,0.0,0.7,0.03,2,1784962295.6556695,True,True,True,False,1784962137.3707838,0,0,1,0,False
1784849457.3002179,20,1784962305.6349168,37.50514991989013,0.7443411917296102,37.04585336079957,True,37.5,36.5,38.6,0.95,0.05,0.0,0.7,0.03,2,1784962315.6618228,True,True,True,True,1784962317.3708024,0,False,0,0,False
1784849457.3002179,20,1784962325.6412823,37.526512550545505,0.744207675288014,37.01647974364843,True,37.5,36.5,38.6,0.95,0.05,0.0,0.7,0.03,2,1784962335.668691,True,False,True,True,1784962317.3708024,0,False,0,0,False
1784849457.3002179,20,1784962345.6477892,37.51583123521782,0.7445510032806897,37.029831387808045,True,37.5,36.5,38.6,0.95,0.05,0.0,0.7,0.03,2,1784962355.6747963,True,True,True,False,1784962317.3708024,0,False,0,0,False
1784849457.3002179,20,1784962365.6541994,37.470435645075156,0.7443411917296102,37.02716105897612,True,37.5,36.5,38.6,0.95,0.05,0.0,0.7,0.03,2,1784962375.6817715,True,True,True,False,1784962317.3708024,0,0,1,0,False
1784849457.3002179,20,1784962385.6603973,37.49179827573053,0.744207675288014,37.011139085984595,True,37.5,36.5,38.6,0.95,0.05,0.0,0.7,0.03,2,1784962395.687982,True,True,True,False,1784962317.3708024,0,0,1,0,False
1784849457.3002179,20,1784962405.6666965,37.507820248722055,0.7443984130617227,37.02182040131228,True,37.5,36.5,38.6,0.95,0.05,0.0,0.7,0.03,2,1784962415.694049,True,True,True,False,1784962317.3708024,0,False,0,0,False
1784849457.3002179,20,1784962425.6745694,37.51850156404974,0.7440169375143053,37.02182040131228,True,37.5,36.5,38.6,0.95,0.05,0.0,0.7,0.03,2,1784962435.703565,True,True,True,False,1784962317.3708024,0,False,0,0,False
1784849457.3002179,20,1784962445.6825426,37.513160906385906,0.7444365606164645,37.04051270313573,True,37.5,36.5,38.6,0.95,0.05,0.0,0.7,0.03,2,1784962455.712065,True,False,True,False,1784962317.3708024,0,False,0,0,False
1784849457.3002179,20,1784962465.6888268,37.483787289234755,0.744360265506981,37.011139085984595,True,37.5,36.5,38.6,0.95,0.05,0.0,0.7,0.03,2,1784962475.7171082,True,True,True,False,1784962317.3708024,0,0,1,0,False
1784849457.3002179,20,1784962485.695194,37.489127946898606,0.7441123064011598,37.00045777065691,True,37.5,36.5,38.6,0.95,0.05,0.0,0.7,0.03,2,1784962495.7223368,True,False,True,True,1784962497.3708093,0,0,1,0,False
1784849457.3002179,20,1784962505.701335,37.47310597390707,0.744360265506981,36.99244678416113,True,37.5,36.5,38.6,0.95,0.05,0.0,0.7,0.03,2,1784962515.7288628,True,True,True,True,1784962497.3708093,0,0,1,0,False
1784849457.3002179,20,1784962525.7075763,37.45174334325169,0.7444174868390937,37.005798428320745,True,37.5,36.5,38.6,0.95,0.05,0.0,0.7,0.03,2,1784962535.735177,True,True,True,False,1784962497.3708093,0,0,1,0,False
1784849457.3002179,20,1784962545.713946,37.489127946898606,0.7442458228427558,36.99244678416113,True,37.5,36.5,38.6,0.95,0.05,0.0,0.7,0.03,2,1784962555.7415907,True,False,True,False,1784962497.3708093,0,0,1,0,False
1784849457.3002179,20,1784962565.720224,37.49713893339437,0.7442267490653849,37.00045777065691,True,37.5,36.5,38.6,0.95,0.05,0.0,0.7,0.03,2,1784962575.7476816,True,True,True,False,1784962497.3708093,0,0,1,0,False
1784849457.3002179,20,1784962585.7265277,37.53452353704128,0.7444556343938353,37.02716105897612,True,37.5,36.5,38.6,0.95,0.05,0.0,0.7,0.03,2,1784962595.7546911,True,False,True,False,1784962497.3708093,0,False,0,0,False
1784849457.3002179,20,1784962605.7328312,37.52384222171359,0.7441123064011598,37.048523689631494,True,37.5,36.5,38.6,0.95,0.05,0.0,0.7,0.03,2,1784962615.760687,True,False,True,False,1784962497.3708093,0,False,0,0,False
1784849457.3002179,20,1784962625.7391434,37.51850156404974,0.7444556343938353,37.02716105897612,True,37.5,36.5,38.6,0.95,0.05,0.0,0.7,0.03,2,1784962635.7669148,True,True,True,False,1784962497.3708093,0,False,0,0,False
1784849457.3002179,20,1784962645.7456315,37.47577630273899,0.7441695277332723,37.04585336079957,True,37.5,36.5,38.6,0.95,0.05,0.0,0.7,0.03,2,1784962655.7734523,True,False,True,False,1784962497.3708093,0,0,1,0,False
1784849457.3002179,20,1784962665.7526512,37.46242465857938,0.7440741588464179,37.011139085984595,True,37.5,36.5,38.6,0.95,0.05,0.0,0.7,0.03,2,1784962675.781323,True,True,True,True,1784962677.3708262,0,0,1,0,False
1784849457.3002179,20,1784962685.7608216,37.47844663157092,0.7443030441748684,37.005798428320745,True,37.5,36.5,38.6,0.95,0.05,0.0,0.7,0.03,2,1784962695.7907107,True,True,True,True,1784962677.3708262,0,0,1,0,False
1784849457.3002179,20,1784962705.768989,37.47310597390707,0.7442839703974975,37.00846875715267,True,37.5,36.5,38.6,0.95,0.05,0.0,0.7,0.03,2,1784962715.7964187,True,True,True,False,1784962677.3708262,0,0,1,0,False
1784849457.3002179,20,1784962725.7752092,37.49980926222629,0.7441504539559014,37.00045777065691,True,37.5,36.5,38.6,0.95,0.05,0.0,0.7,0.03,2,1784962735.8025932,True,True,True,False,1784962677.3708262,0,0,1,0,False
1784849457.3002179,20,1784962745.7813516,37.531853208209355,0.744360265506981,37.01915007248036,True,37.5,36.5,38.6,0.95,0.05,0.0,0.7,0.03,2,1784962755.8090553,True,False,True,False,1784962677.3708262,0,False,0,0,False
1784849457.3002179,20,1784962765.7876992,37.52384222171359,0.7445128557259479,37.01647974364843,True,37.5,36.5,38.6,0.95,0.05,0.0,0.7,0.03,2,1784962775.8180397,True,True,True,False,1784962677.3708262,0,False,0,0,False
1784849457.3002179,20,1784962785.7943966,37.48645761806668,0.7441504539559014,37.048523689631494,True,37.5,36.5,38.6,0.95,0.05,0.0,0.7,0.03,2,1784962795.8239574,True,True,True,False,1784962677.3708262,0,0,1,0,False
1784849457.3002179,20,1784962805.8008482,37.48645761806668,0.7441123064011598,37.01647974364843,True,37.5,36.5,38.6,0.95,0.05,0.0,0.7,0.03,2,1784962815.8283043,False,True,True,False,1784962677.3708262,0,0,1,0,False
1784849457.3002179,20,1784962825.807196,37.481116960402844,0.7446082246128023,37.02716105897612,True,37.5,36.5,38.6,0.95,0.05,0.0,0.7,0.03,2,1784962835.8346443,False,True,True,False,1784962677.3708262,0,0,1,0,False
1784849457.3002179,20,1784962845.813446,37.44373235675593,0.744360265506981,37.029831387808045,True,37.5,36.5,38.6,0.95,0.05,0.0,0.7,0.03,2,1784962855.8414345,False,False,True,True,1784962857.3708498,0,0,1,0,False
1784849457.3002179,20,1784962865.820321,37.483787289234755,0.7442648966201267,37.04318303196766,True,37.5,36.5,38.6,0.95,0.05,0.0,0.7,0.03,2,1784962875.8504894,False,False,True,True,1784962857.3708498,0,0,1,0,False
1784849457.3002179,20,1784962885.8280048,37.47310597390707,0.7443221179522392,37.03250171663997,True,37.5,36.5,38.6,0.95,0.05,0.0,0.7,0.03,2,1784962895.8571172,False,False,True,False,1784962857.3708498,0,0,1,0,False
1784849457.3002179,20,1784962905.8351886,37.489127946898606,0.7443030441748684,37.067215991454944,True,37.5,36.5,38.6,0.95,0.05,0.0,0.7,0.03,2,1784962915.8627243,False,False,True,False,1784962857.3708498,0,0,1,0,False
1784849457.3002179,20,1784962925.8419857,37.526512550545505,0.7446463721675441,37.08056763561456,True,37.5,36.5,38.6,0.95,0.05,0.0,0.7,0.03,2,1784962935.870631,False,True,True,False,1784962857.3708498,0,False,0,0,False
1784849457.3002179,20,1784962945.8496313,37.52117189288167,0.7444556343938353,37.09391927977417,True,37.5,36.5,38.6,0.95,0.05,0.0,0.7,0.03,2,1784962955.8777208,False,True,True,False,1784962857.3708498,0,False,0,0,False
1784849457.3002179,20,1784962965.8601542,37.49713893339437,0.7443221179522392,37.096589608606095,True,37.5,36.5,38.6,0.95,0.05,0.0,0.7,0.03,2,1784962975.8940163,False,False,True,False,1784962857.3708498,0,0,1,0,False
1784849457.3002179,20,1784962985.870983,37.507820248722055,0.7442458228427558,37.06988632028687,True,37.5,36.5,38.6,0.95,0.05,0.0,0.7,0.03,2,1784962995.9109275,False,True,True,False,1784962857.3708498,0,False,0,0,False
1784849457.3002179,20,1784963005.8776515,37.470435645075156,0.7443221179522392,37.06988632028687,True,37.5,36.5,38.6,0.95,0.05,0.0,0.7,0.03,2,1784963015.9085157,False,False,True,False,1784962857.3708498,0,0,1,0,False
1784849457.3002179,20,1784963025.8841646,37.49179827573053,0.7444747081712062,37.06454566262303,True,37.5,36.5,38.6,0.95,0.05,0.0,0.7,0.03,2,1784963035.9121835,False,False,True,True,1784963037.3708968,0,0,1,0,False
1784849457.3002179,20,1784963045.8910687,37.49713893339437,0.7443793392843518,37.067215991454944,True,37.5,36.5,38.6,0.95,0.05,0.0,0.7,0.03,2,1784963055.9196198,False,False,True,True,1784963037.3708968,0,0,1,0,False
1784849457.3002179,20,1784963065.8981352,37.50514991989013,0.7445319295033188,37.06988632028687,True,37.5,36.5,38.6,0.95,0.05,0.0,0.7,0.03,2,1784963075.9264824,False,True,True,False,1784963037.3708968,0,False,0,0,False
1784849457.3002179,20,1784963085.9052374,37.49980926222629,0.7444556343938353,37.08056763561456,True,37.5,36.5,38.6,0.95,0.05,0.0,0.7,0.03,2,1784963095.9332798,False,True,True,False,1784963037.3708968,0,0,1,0,False
1784849457.3002179,20,1784963105.9121895,37.47844663157092,0.7441504539559014,37.10460059510186,True,37.5,36.5,38.6,0.95,0.05,0.0,0.7,0.03,2,1784963115.939912,False,True,True,False,1784963037.3708968,0,0,1,0,False
1784849457.3002179,20,1784963125.9184644,37.489127946898606,0.744360265506981,37.091248950942244,True,37.5,36.5,38.6,0.95,0.05,0.0,0.7,0.03,2,1784963135.9455175,False,True,True,False,1784963037.3708968,0,0,1,0,False
1784849457.3002179,20,1784963145.9246972,37.49980926222629,0.7442648966201267,37.067215991454944,True,37.5,36.5,38.6,0.95,0.05,0.0,0.7,0.03,2,1784963155.9530578,False,True,True,False,1784963037.3708968,0,0,1,0,False
1784849457.3002179,20,1784963165.93109,37.507820248722055,0.7443411917296102,37.10727092393378,True,37.5,36.5,38.6,0.95,0.05,0.0,0.7,0.03,2,1784963175.9580376,False,False,True,False,1784963037.3708968,0,False,0,0,False
1784849457.3002179,20,1784963185.9373214,37.52384222171359,0.7445700770580607,37.133974212252994,True,37.5,36.5,38.6,0.95,0.05,0.0,0.7,0.03,2,1784963195.964654,False,True,True,False,1784963037.3708968,0,False,0,0,False
1784849457.3002179,20,1784963205.9436543,37.507820248722055,0.7444937819485772,37.10727092393378,True,37.5,36.5,38.6,0.95,0.05,0.0,0.7,0.03,2,1784963215.975553,False,True,True,True,1784963217.3709128,0,False,0,0,False
1784849457.3002179,20,1784963225.9500668,37.481116960402844,0.744360265506981,37.08056763561456,True,37.5,36.5,38.6,0.95,0.05,0.0,0.7,0.03,2,1784963235.9775293,False,True,True,True,1784963217.3709128,0,0,1,0,False
1784849457.3002179,20,1784963245.9563534,37.45975432974747,0.7439978637369344,37.08323796444648,True,37.5,36.5,38.6,0.95,0.05,0.0,0.7,0.03,2,1784963255.9837177,False,False,True,False,1784963217.3709128,0,0,1,0,False
1784849457.3002179,20,1784963265.962625,37.47844663157092,0.7439787899595636,37.08056763561456,True,37.5,36.5,38.6,0.95,0.05,0.0,0.7,0.03,2,1784963275.990011,False,False,True,False,1784963217.3709128,0,0,1,0,False
1784849457.3002179,20,1784963285.9688544,37.489127946898606,0.7441886015106433,37.10727092393378,True,37.5,36.5,38.6,0.95,0.05,0.0,0.7,0.03,2,1784963295.996244,False,False,True,False,1784963217.3709128,0,0,1,0,False
1784849457.3002179,20,1784963305.975226,37.526512550545505,0.7442648966201267,37.109941252765694,True,37.5,36.5,38.6,0.95,0.05,0.0,0.7,0.03,2,1784963316.0047271,False,True,True,False,1784963217.3709128,0,False,0,0,False
1784849457.3002179,20,1784963325.9815514,37.49980926222629,0.7444556343938353,37.10193026626993,True,37.5,36.5,38.6,0.95,0.05,0.0,0.7,0.03,2,1784963336.0090513,False,False,True,False,1784963217.3709128,0,0,1,0,False
1784849457.3002179,20,1784963345.9879005,37.46776531624323,0.7440741588464179,37.109941252765694,True,37.5,36.5,38.6,0.95,0.05,0.0,0.7,0.03,2,1784963356.0161765,False,True,True,False,1784963217.3709128,0,0,1,0,False
1784849457.3002179,20,1784963365.9941437,37.470435645075156,0.7441695277332723,37.08056763561456,True,37.5,36.5,38.6,0.95,0.05,0.0,0.7,0.03,2,1784963376.0214963,False,True,True,False,1784963217.3709128,0,0,1,0,False
1784849457.3002179,20,1784963386.0003114,37.50247959105822,0.7441313801785305,37.091248950942244,True,37.5,36.5,38.6,0.95,0.05,0.0,0.7,0.03,2,1784963396.027419,False,False,True,True,1784963397.370927,0,False,0,0,False
1784849457.3002179,20,1784963406.006603,37.49179827573053,0.7443030441748684,37.10727092393378,True,37.5,36.5,38.6,0.95,0.05,0.0,0.7,0.03,2,1784963416.0342987,False,True,True,True,1784963397.370927,0,0,1,0,False
1784849457.3002179,20,1784963426.0128486,37.49179827573053,0.7442267490653849,37.10727092393378,True,37.5,36.5,38.6,0.95,0.05,0.0,0.7,0.03,2,1784963436.0404892,False,False,True,False,1784963397.370927,0,0,1,0,False
1784849457.3002179,20,1784963446.0192912,37.507820248722055,0.744207675288014,37.109941252765694,True,37.5,36.5,38.6,0.95,0.05,0.0,0.7,0.03,2,1784963456.0466955,False,False,True,False,1784963397.370927,0,False,0,0,False
1784849457.3002179,20,1784963466.025618,37.51049057755398,0.744207675288014,37.133974212252994,True,37.5,36.5,38.6,0.95,0.05,0.0,0.7,0.03,2,1784963476.0535727,False,True,True,False,1784963397.370927,0,False,0,0,False
1784849457.3002179,20,1784963486.0321267,37.51049057755398,0.744360265506981,37.12863355458916,True,37.5,36.5,38.6,0.95,0.05,0.0,0.7,0.03,2,1784963496.0637238,False,False,True,False,1784963397.370927,0,False,0,0,False
1784849457.3002179,20,1784963506.0384908,37.483787289234755,0.743921568627451,37.109941252765694,True,37.5,36.5,38.6,0.95,0.05,0.0,0.7,0.03,2,1784963516.0658736,False,False,True,False,1784963397.370927,0,0,1,0,False
1784849457.3002179,20,1784963526.0483103,37.47310597390707,0.7444747081712062,37.091248950942244,True,37.5,36.5,38.6,0.95,0.05,0.0,0.7,0.03,2,1784963536.0835528,False,True,True,False,1784963397.370927,0,0,1,0,False
1784849457.3002179,20,1784963546.058892,37.47310597390707,0.7441695277332723,37.07789730678263,True,37.5,36.5,38.6,0.95,0.05,0.0,0.7,0.03,2,1784963556.087074,False,True,True,False,1784963397.370927,0,0,1,0,False
1784849457.3002179,20,1784963566.0660536,37.49179827573053,0.7443221179522392,37.091248950942244,True,37.5,36.5,38.6,0.95,0.05,0.0,0.7,0.03,2,1784963576.0950816,False,True,True,True,1784963577.3709295,0,0,1,0,False
1784849457.3002179,20,1784963586.0730345,37.49713893339437,0.7443984130617227,37.096589608606095,True,37.5,36.5,38.6,0.95,0.05,0.0,0.7,0.03,2,1784963596.100474,False,True,True,True,1784963577.3709295,0,0,1,0,False
1784849457.3002179,20,1784963606.0792296,37.48645761806668,0.7444937819485772,37.096589608606095,True,37.5,36.5,38.6,0.95,0.05,0.0,0.7,0.03,2,1784963616.1060338,False,False,True,False,1784963577.3709295,0,0,1,0,False
1784849457.3002179,20,1784963626.0859895,37.50247959105822,0.7442839703974975,37.096589608606095,True,37.5,36.5,38.6,0.95,0.05,0.0,0.7,0.03,2,1784963636.1139572,False,False,True,False,1784963577.3709295,0,False,0,0,False
1784849457.3002179,20,1784963646.093199,37.51850156404974,0.7442267490653849,37.12062256809338,True,37.5,36.5,38.6,0.95,0.05,0.0,0.7,0.03,2,1784963656.120476,False,True,True,False,1784963577.3709295,0,False,0,0,False
1784849457.3002179,20,1784963666.099545,37.49980926222629,0.7442267490653849,37.096589608606095,True,37.5,36.5,38.6,0.95,0.05,0.0,0.7,0.03,2,1784963676.126654,False,True,True,False,1784963577.3709295,0,0,1,0,False
1784849457.3002179,20,1784963686.1058276,37.47310597390707,0.7439787899595636,37.10193026626993,True,37.5,36.5,38.6,0.95,0.05,0.0,0.7,0.03,2,1784963696.1400945,False,False,True,False,1784963577.3709295,0,0,1,0,False
1784849457.3002179,20,1784963706.1120965,37.49980926222629,0.7443411917296102,37.13130388342107,True,37.5,36.5,38.6,0.95,0.05,0.0,0.7,0.03,2,1784963716.1472597,False,True,True,False,1784963577.3709295,0,0,1,0,False
1784849457.3002179,20,1784963726.1184785,37.50514991989013,0.7442458228427558,37.096589608606095,True,37.5,36.5,38.6,0.95,0.05,0.0,0.7,0.03,2,1784963736.155304,False,False,True,False,1784963577.3709295,0,False,0,0,False
1784849457.3002179,20,1784963746.1254666,37.49980926222629,0.7443793392843518,37.115281910429545,True,37.5,36.5,38.6,0.95,0.05,0.0,0.7,0.03,2,1784963756.1536317,False,True,True,True,1784963757.3709471,0,0,1,0,False
1784849457.3002179,20,1784963766.1325133,37.507820248722055,0.7444365606164645,37.11795223926147,True,37.5,36.5,38.6,0.95,0.05,0.0,0.7,0.03,2,1784963776.1603446,False,False,True,True,1784963757.3709471,0,False,0,0,False
1784849457.3002179,20,1784963786.1387975,37.50247959105822,0.7443030441748684,37.10727092393378,True,37.5,36.5,38.6,0.95,0.05,0.0,0.7,0.03,2,1784963796.1669817,False,True,True,False,1784963757.3709471,0,False,0,0,False
1784849457.3002179,20,1784963806.1451614,37.49713893339437,0.7443984130617227,37.10727092393378,True,37.5,36.5,38.6,0.95,0.05,0.0,0.7,0.03,2,1784963816.17398,False,True,True,False,1784963757.3709471,0,0,1,0,False
1784849457.3002179,20,1784963826.1513555,37.48645761806668,0.7439978637369344,37.091248950942244,True,37.5,36.5,38.6,0.95,0.05,0.0,0.7,0.03,2,1784963836.1789505,False,False,True,False,1784963757.3709471,0,0,1,0,False
1784849457.3002179,20,1784963846.157589,37.50247959105822,0.7444174868390937,37.109941252765694,True,37.5,36.5,38.6,0.95,0.05,0.0,0.7,0.03,2,1784963856.1849413,False,True,True,False,1784963757.3709471,0,False,0,0,False
1784849457.3002179,20,1784963866.1639118,37.489127946898606,0.7443221179522392,37.12863355458916,True,37.5,36.5,38.6,0.95,0.05,0.0,0.7,0.03,2,1784963876.192282,False,True,True,False,1784963757.3709471,0,0,1,0,False
1784849457.3002179,20,1784963886.170209,37.51583123521782,0.7442648966201267,37.12863355458916,True,37.5,36.5,38.6,0.95,0.05,0.0,0.7,0.03,2,1784963896.1976094,False,False,True,False,1784963757.3709471,0,False,0,0,False
1784849457.3002179,20,1784963906.1765678,37.526512550545505,0.7442458228427558,37.14732585641261,True,37.5,36.5,38.6,0.95,0.05,0.0,0.7,0.03,2,1784963916.2042735,False,False,True,False,1784963757.3709471,0,False,0,0,False
1784849457.3002179,20,1784963926.1830099,37.49980926222629,0.7442267490653849,37.11795223926147,True,37.5,36.5,38.6,0.95,0.05,0.0,0.7,0.03,2,1784963936.2098675,False,True,True,True,1784963937.3709512,0,0,1,0,False
1784849457.3002179,20,1784963946.1892953,37.46776531624323,0.7440741588464179,37.10460059510186,True,37.5,36.5,38.6,0.95,0.05,0.0,0.7,0.03,2,1784963956.2218378,False,True,True,True,1784963937.3709512,0,0,1,0,False
1784849457.3002179,20,1784963966.1961274,37.43305104142824,0.7443793392843518,37.07522697795072,True,37.5,36.5,38.6,0.95,0.05,0.0,0.7,0.03,2,1784963976.2260957,False,True,True,False,1784963937.3709512,0,0,1,0,False
1784849457.3002179,20,1784963986.203216,37.45975432974747,0.7443984130617227,37.096589608606095,True,37.5,36.5,38.6,0.95,0.05,0.0,0.7,0.03,2,1784963996.2306852,False,False,True,False,1784963937.3709512,0,0,1,0,False
1784849457.3002179,20,1784964006.2094276,37.481116960402844,0.7442839703974975,37.091248950942244,True,37.5,36.5,38.6,0.95,0.05,0.0,0.7,0.03,2,1784964016.2374027,False,True,True,False,1784963937.3709512,0,0,1,0,False
1784849457.3002179,20,1784964026.2157269,37.507820248722055,0.7443221179522392,37.11795223926147,True,37.5,36.5,38.6,0.95,0.05,0.0,0.7,0.03,2,1784964036.2468007,False,True,True,False,1784963937.3709512,0,False,0,0,False
1784849457.3002179,20,1784964046.222216,37.54520485236897,0.7444365606164645,37.13664454108492,True,37.5,36.5,38.6,0.95,0.05,0.0,0.7,0.03,2,1784964056.2515798,False,False,True,False,1784963937.3709512,0,False,0,0,False
1784849457.3002179,20,1784964066.228896,37.51049057755398,0.7443221179522392,37.12863355458916,True,37.5,36.5,38.6,0.95,0.05,0.0,0.7,0.03,2,1784964076.2589397,False,False,True,False,1784963937.3709512,0,False,0,0,False
1784849457.3002179,20,1784964086.2355247,37.51049057755398,0.7441886015106433,37.10193026626993,True,37.5,36.5,38.6,0.95,0.05,0.0,0.7,0.03,2,1784964096.2689774,False,True,True,False,1784963937.3709512,0,False,0,0,False
1784849457.3002179,20,1784964106.2454512,37.47310597390707,0.744207675288014,37.09391927977417,True,37.5,36.5,38.6,0.95,0.05,0.0,0.7,0.03,2,1784964116.2730176,False,True,True,True,1784964117.370976,0,0,1,0,False
1784849457.3002179,20,1784964126.2518353,37.441062027924005,0.7445510032806897,37.07522697795072,True,37.5,36.5,38.6,0.95,0.05,0.0,0.7,0.03,2,1784964136.2786791,False,False,True,True,1784964117.370976,0,0,1,0,False
1784849457.3002179,20,1784964146.2581208,37.446402685587856,0.7442458228427558,37.05653467612726,True,37.5,36.5,38.6,0.95,0.05,0.0,0.7,0.03,2,1784964156.2866786,False,False,True,False,1784964117.370976,0,0,1,0,False
1784849457.3002179,20,1784964166.2643,37.44373235675593,0.7444556343938353,37.091248950942244,True,37.5,36.5,38.6,0.95,0.05,0.0,0.7,0.03,2,1784964176.2916768,False,True,True,False,1784964117.370976,0,0,1,0,False
1784849457.3002179,20,1784964186.2705674,37.481116960402844,0.7446082246128023,37.10193026626993,True,37.5,36.5,38.6,0.95,0.05,0.0,0.7,0.03,2,1784964196.298717,False,True,True,False,1784964117.370976,0,0,1,0,False
1784849457.3002179,20,1784964206.276815,37.513160906385906,0.7438834210727093,37.12863355458916,True,37.5,36.5,38.6,0.95,0.05,0.0,0.7,0.03,2,1784964216.3042648,False,True,True,False,1784964117.370976,0,False,0,0,False
1784849457.3002179,20,1784964226.2832797,37.50247959105822,0.7441695277332723,37.139314869916845,True,37.5,36.5,38.6,0.95,0.05,0.0,0.7,0.03,2,1784964236.310677,False,True,True,False,1784964117.370976,0,False,0,0,False
1784849457.3002179,20,1784964246.2895775,37.507820248722055,0.7441313801785305,37.13130388342107,True,37.5,36.5,38.6,0.95,0.05,0.0,0.7,0.03,2,1784964256.3169668,False,True,True,False,1784964117.370976,0,False,0,0,False
1784849457.3002179,20,1784964266.2959394,37.49980926222629,0.7441504539559014,37.10193026626993,True,37.5,36.5,38.6,0.95,0.05,0.0,0.7,0.03,2,1784964276.3234017,False,True,True,False,1784964117.370976,0,0,1,0,False
1784849457.3002179,20,1784964286.3022242,37.46776531624323,0.7441886015106433,37.091248950942244,True,37.5,36.5,38.6,0.95,0.05,0.0,0.7,0.03,2,1784964296.329658,False,True,True,True,1784964297.370989,0,0,1,0,False
1784849457.3002179,20,1784964306.3084545,37.46242465857938,0.7442648966201267,37.07789730678263,True,37.5,36.5,38.6,0.95,0.05,0.0,0.7,0.03,2,1784964316.3358493,False,True,True,True,1784964297.370989,0,0,1,0,False
1784849457.3002179,20,1784964326.3147175,37.46242465857938,0.7440932326237888,37.08056763561456,True,37.5,36.5,38.6,0.95,0.05,0.0,0.7,0.03,2,1784964336.3481958,False,True,True,False,1784964297.370989,0,0,1,0,False
1784849457.3002179,20,1784964346.3217523,37.483787289234755,0.7439024948500801,37.09391927977417,True,37.5,36.5,38.6,0.95,0.05,0.0,0.7,0.03,2,1784964356.350333,False,False,True,False,1784964297.370989,0,0,1,0,False
1784849457.3002179,20,1784964366.3286455,37.49713893339437,0.7440360112916763,37.11795223926147,True,37.5,36.5,38.6,0.95,0.05,0.0,0.7,0.03,2,1784964376.3563118,False,True,True,False,1784964297.370989,0,0,1,0,False
1784849457.3002179,20,1784964386.3349142,37.51850156404974,0.744360265506981,37.12863355458916,True,37.5,36.5,38.6,0.95,0.05,0.0,0.7,0.03,2,1784964396.3633099,False,True,True,False,1784964297.370989,0,False,0,0,False
1784849457.3002179,20,1784964406.3413148,37.52384222171359,0.7443984130617227,37.14465552758068,True,37.5,36.5,38.6,0.95,0.05,0.0,0.7,0.03,2,1784964416.3697896,False,True,True,False,1784964297.370989,0,False,0,0,False
1784849457.3002179,20,1784964426.3484442,37.507820248722055,0.7441504539559014,37.139314869916845,True,37.5,36.5,38.6,0.95,0.05,0.0,0.7,0.03,2,1784964436.376707,False,True,True,False,1784964297.370989,0,False,0,0,False
1784849457.3002179,20,1784964446.3557,37.49713893339437,0.7443984130617227,37.10460059510186,True,37.5,36.5,38.6,0.95,0.05,0.0,0.7,0.03,2,1784964456.383294,False,True,True,False,1784964297.370989,0,0,1,0,False
1784849457.3002179,20,1784964466.3625784,37.47310597390707,0.7440932326237888,37.091248950942244,True,37.5,36.5,38.6,0.95,0.05,0.0,0.7,0.03,2,1784964476.3923962,False,True,True,True,1784964477.3710177,0,0,1,0,False
1784849457.3002179,20,1784964486.3695543,37.46242465857938,0.7441504539559014,37.091248950942244,True,37.5,36.5,38.6,0.95,0.05,0.0,0.7,0.03,2,1784964496.4018488,False,True,True,True,1784964477.3710177,0,0,1,0,False
1784849457.3002179,20,1784964506.3761263,37.46242465857938,0.744055085069047,37.08857862211032,True,37.5,36.5,38.6,0.95,0.05,0.0,0.7,0.03,2,1784964516.410108,False,False,True,False,1784964477.3710177,0,0,1,0,False
1784849457.3002179,20,1784964526.3836372,37.489127946898606,0.7441886015106433,37.096589608606095,True,37.5,36.5,38.6,0.95,0.05,0.0,0.7,0.03,2,1784964536.4150312,False,True,True,False,1784964477.3710177,0,0,1,0,False
1784849457.3002179,20,1784964546.39064,37.51583123521782,0.7439787899595636,37.115281910429545,True,37.5,36.5,38.6,0.95,0.05,0.0,0.7,0.03,2,1784964556.419925,False,False,True,False,1784964477.3710177,0,False,0,0,False
1784849457.3002179,20,1784964566.3971157,37.52384222171359,0.7443984130617227,37.133974212252994,True,37.5,36.5,38.6,0.95,0.05,0.0,0.7,0.03,2,1784964576.42462,False,False,True,False,1784964477.3710177,0,False,0,0,False
1784849457.3002179,20,1784964586.4038513,37.48645761806668,0.7440169375143053,37.11795223926147,True,37.5,36.5,38.6,0.95,0.05,0.0,0.7,0.03,2,1784964596.4373467,False,True,True,False,1784964477.3710177,0,0,1,0,False
1784849457.3002179,20,1784964606.4103868,37.49179827573053,0.7442458228427558,37.12329289692531,True,37.5,36.5,38.6,0.95,0.05,0.0,0.7,0.03,2,1784964616.4389305,False,True,True,False,1784964477.3710177,0,0,1,0,False
1784849457.3002179,20,1784964626.4173775,37.470435645075156,0.7442648966201267,37.07522697795072,True,37.5,36.5,38.6,0.95,0.05,0.0,0.7,0.03,2,1784964636.446155,False,False,True,False,1784964477.3710177,0,0,1,0,False
1784849457.3002179,20,1784964646.4245276,37.47577630273899,0.7441123064011598,37.09391927977417,True,37.5,36.5,38.6,0.95,0.05,0.0,0.7,0.03,2,1784964656.4519203,False,False,True,True,1784964657.3710542,0,0,1,0,False
1784849457.3002179,20,1784964666.4307632,37.49446860456244,0.7440169375143053,37.10193026626993,True,37.5,36.5,38.6,0.95,0.05,0.0,0.7,0.03,2,1784964676.4588258,False,False,True,True,1784964657.3710542,0,0,1,0,False
1784849457.3002179,20,1784964686.437023,37.50514991989013,0.7444365606164645,37.11795223926147,True,37.5,36.5,38.6,0.95,0.05,0.0,0.7,0.03,2,1784964696.4662933,False,True,True,False,1784964657.3710542,0,False,0,0,False
1784849457.3002179,20,1784964706.44334,37.49980926222629,0.7441504539559014,37.13664454108492,True,37.5,36.5,38.6,0.95,0.05,0.0,0.7,0.03,2,1784964716.470797,False,False,True,False,1784964657.3710542,0,0,1,0,False
1784849457.3002179,20,1784964726.449648,37.49446860456244,0.7441313801785305,37.14465552758068,True,37.5,36.5,38.6,0.95,0.05,0.0,0.7,0.03,2,1784964736.4772463,False,False,True,False,1784964657.3710542,0,0,1,0,False
1784849457.3002179,20,1784964746.4560723,37.50514991989013,0.7441313801785305,37.158007171740294,True,37.5,36.5,38.6,0.95,0.05,0.0,0.7,0.03,2,1784964756.4832783,False,True,True,False,1784964657.3710542,0,False,0,0,False
1784849457.3002179,20,1784964766.462387,37.53452353704128,0.7443793392843518,37.14465552758068,True,37.5,36.5,38.6,0.95,0.05,0.0,0.7,0.03,2,1784964776.495816,False,False,True,False,1784964657.3710542,0,False,0,0,False
1784849457.3002179,20,1784964786.4687667,37.513160906385906,0.7445510032806897,37.14465552758068,True,37.5,36.5,38.6,0.95,0.05,0.0,0.7,0.03,2,1784964796.4985986,False,True,True,False,1784964657.3710542,0,False,0,0,False
1784849457.3002179,20,1784964806.4752874,37.481116960402844,0.7444937819485772,37.12329289692531,True,37.5,36.5,38.6,0.95,0.05,0.0,0.7,0.03,2,1784964816.5032573,False,True,True,False,1784964657.3710542,0,0,1,0,False
1784849457.3002179,20,1784964826.4814873,37.43305104142824,0.7443221179522392,37.10727092393378,True,37.5,36.5,38.6,0.95,0.05,0.0,0.7,0.03,2,1784964836.5091918,False,True,True,True,1784964837.3710737,0,0,1,0,False
1784849457.3002179,20,1784964846.4879563,37.43305104142824,0.7443793392843518,37.109941252765694,True,37.5,36.5,38.6,0.95,0.05,0.0,0.7,0.03,2,1784964856.51508,False,False,True,True,1784964837.3710737,0,0,1,0,False
1784849457.3002179,20,1784964866.4942815,37.47844663157092,0.7441695277332723,37.08056763561456,True,37.5,36.5,38.6,0.95,0.05,0.0,0.7,0.03,2,1784964876.5216672,False,False,True,False,1784964837.3710737,0,0,1,0,False
1784849457.3002179,20,1784964886.5004334,37.51049057755398,0.7443221179522392,37.12863355458916,True,37.5,36.5,38.6,0.95,0.05,0.0,0.7,0.03,2,1784964896.531003,False,False,True,False,1784964837.3710737,0,False,0,0,False
1784849457.3002179,20,1784964906.5075526,37.52117189288167,0.7443411917296102,37.12062256809338,True,37.5,36.5,38.6,0.95,0.05,0.0,0.7,0.03,2,1784964916.5361614,False,False,True,False,1784964837.3710737,0,False,0,0,False
1784849457.3002179,20,1784964926.5149064,37.526512550545505,0.7443793392843518,37.12863355458916,True,37.5,36.5,38.6,0.95,0.05,0.0,0.7,0.03,2,1784964936.5424473,False,True,True,False,1784964837.3710737,0,False,0,0,False
1784849457.3002179,20,1784964946.5213106,37.50514991989013,0.7441313801785305,37.13664454108492,True,37.5,36.5,38.6,0.95,0.05,0.0,0.7,0.03,2,1784964956.5522292,False,False,True,False,1784964837.3710737,0,False,0,0,False
1784849457.3002179,20,1784964966.5282865,37.48645761806668,0.7441886015106433,37.096589608606095,True,37.5,36.5,38.6,0.95,0.05,0.0,0.7,0.03,2,1784964976.5579112,False,False,True,False,1784964837.3710737,0,0,1,0,False
1784849457.3002179,20,1784964986.534493,37.44907301441978,0.7442458228427558,37.091248950942244,True,37.5,36.5,38.6,0.95,0.05,0.0,0.7,0.03,2,1784964996.5629272,False,True,True,False,1784964837.3710737,0,0,1,0,False
1784849457.3002179,20,1784965006.540756,37.45975432974747,0.7443221179522392,37.10727092393378,True,37.5,36.5,38.6,0.95,0.05,0.0,0.7,0.03,2,1784965016.5704737,False,False,True,True,1784965017.37109,0,0,1,0,False
1784849457.3002179,20,1784965026.5471568,37.470435645075156,0.744055085069047,37.10727092393378,True,37.5,36.5,38.6,0.95,0.05,0.0,0.7,0.03,2,1784965036.5759776,False,True,True,True,1784965017.37109,0,0,1,0,False
1784849457.3002179,20,1784965046.5533874,37.48645761806668,0.7442458228427558,37.12596322575723,True,37.5,36.5,38.6,0.95,0.05,0.0,0.7,0.03,2,1784965056.5847852,False,False,True,False,1784965017.37109,0,0,1,0,False
1784849457.3002179,20,1784965066.5601263,37.526512550545505,0.7444556343938353,37.11795223926147,True,37.5,36.5,38.6,0.95,0.05,0.0,0.7,0.03,2,1784965076.591344,False,False,True,False,1784965017.37109,0,False,0,0,False
1784849457.3002179,20,1784965086.5668557,37.51583123521782,0.7441695277332723,37.14465552758068,True,37.5,36.5,38.6,0.95,0.05,0.0,0.7,0.03,2,1784965096.5942552,False,False,True,False,1784965017.37109,0,False,0,0,False
1784849457.3002179,20,1784965106.5738358,37.531853208209355,0.7442458228427558,37.152666514076444,True,37.5,36.5,38.6,0.95,0.05,0.0,0.7,0.03,2,1784965116.602582,False,False,True,False,1784965017.37109,0,False,0,0,False
1784849457.3002179,20,1784965126.5815418,37.52117189288167,0.7441886015106433,37.139314869916845,True,37.5,36.5,38.6,0.95,0.05,0.0,0.7,0.03,2,1784965136.6096377,False,False,True,False,1784965017.37109,0,False,0,0,False
1784849457.3002179,20,1784965146.5885918,37.46242465857938,0.7442648966201267,37.099259937438006,True,37.5,36.5,38.6,0.95,0.05,0.0,0.7,0.03,2,1784965156.6167276,False,True,True,False,1784965017.37109,0,0,1,0,False
1784849457.3002179,20,1784965166.5948257,37.470435645075156,0.7438261997405966,37.12863355458916,True,37.5,36.5,38.6,0.95,0.05,0.0,0.7,0.03,2,1784965176.622329,False,True,True,False,1784965017.37109,0,0,1,0,False
1784849457.3002179,20,1784965186.601127,37.48645761806668,0.7442458228427558,37.091248950942244,True,37.5,36.5,38.6,0.95,0.05,0.0,0.7,0.03,2,1784965196.6285198,False,True,True,True,1784965197.3711119,0,0,1,0,False
1784849457.3002179,20,1784965206.6074147,37.48645761806668,0.7441504539559014,37.12863355458916,True,37.5,36.5,38.6,0.95,0.05,0.0,0.7,0.03,2,1784965216.634851,False,True,True,True,1784965197.3711119,0,0,1,0,False
1784849457.3002179,20,1784965226.6136222,37.49179827573053,0.7442839703974975,37.10727092393378,True,37.5,36.5,38.6,0.95,0.05,0.0,0.7,0.03,2,1784965236.643527,False,True,True,False,1784965197.3711119,0,0,1,0,False
1784849457.3002179,20,1784965246.6200306,37.513160906385906,0.7444556343938353,37.14732585641261,True,37.5,36.5,38.6,0.95,0.05,0.0,0.7,0.03,2,1784965256.6501613,False,True,True,False,1784965197.3711119,0,False,0,0,False
1784849457.3002179,20,1784965266.626746,37.51583123521782,0.7444556343938353,37.14999618524453,True,37.5,36.5,38.6,0.95,0.05,0.0,0.7,0.03,2,1784965276.6539881,False,False,True,False,1784965197.3711119,0,False,0,0,False
1784849457.3002179,20,1784965286.6333156,37.526512550545505,0.7443984130617227,37.14465552758068,True,37.5,36.5,38.6,0.95,0.05,0.0,0.7,0.03,2,1784965296.6613238,False,False,True,False,1784965197.3711119,0,False,0,0,False
1784849457.3002179,20,1784965306.6398191,37.47310597390707,0.744207675288014,37.141985198748756,True,37.5,36.5,38.6,0.95,0.05,0.0,0.7,0.03,2,1784965316.675662,False,True,True,False,1784965197.3711119,0,0,1,0,False
1784849457.3002179,20,1784965326.646227,37.489127946898606,0.7441695277332723,37.10727092393378,True,37.5,36.5,38.6,0.95,0.05,0.0,0.7,0.03,2,1784965336.6736925,False,False,True,False,1784965197.3711119,0,0,1,0,False
1784849457.3002179,20,1784965346.652549,37.46242465857938,0.7439406424048218,37.109941252765694,True,37.5,36.5,38.6,0.95,0.05,0.0,0.7,0.03,2,1784965356.6815474,False,True,True,False,1784965197.3711119,0,0,1,0,False
1784849457.3002179,20,1784965366.658836,37.47577630273899,0.7442458228427558,37.10727092393378,True,37.5,36.5,38.6,0.95,0.05,0.0,0.7,0.03,2,1784965376.6897259,False,False,True,True,1784965377.3711236,0,0,1,0,False
1784849457.3002179,20,1784965386.665368,37.507820248722055,0.7446082246128023,37.11795223926147,True,37.5,36.5,38.6,0.95,0.05,0.0,0.7,0.03,2,1784965396.6928322,False,True,True,True,1784965377.3711236,0,False,0,0,False
1784849457.3002179,20,1784965406.6755226,37.49179827573053,0.7441313801785305,37.11795223926147,True,37.5,36.5,38.6,0.95,0.05,0.0,0.7,0.03,2,1784965416.7104664,False,False,True,False,1784965377.3711236,0,0,1,0,False
1784849457.3002179,20,1784965426.6861446,37.52918287937743,0.7441695277332723,37.14465552758068,True,37.5,36.5,38.6,0.95,0.05,0.0,0.7,0.03,2,1784965436.713496,False,True,True,False,1784965377.3711236,0,False,0,0,False
1784849457.3002179,20,1784965446.6924572,37.507820248722055,0.744207675288014,37.14732585641261,True,37.5,36.5,38.6,0.95,0.05,0.0,0.7,0.03,2,1784965456.7229886,False,True,True,False,1784965377.3711236,0,False,0,0,False
1784849457.3002179,20,1784965466.6994045,37.526512550545505,0.7442458228427558,37.17135881589991,True,37.5,36.5,38.6,0.95,0.05,0.0,0.7,0.03,2,1784965476.7289011,False,True,True,False,1784965377.3711236,0,False,0,0,False
1784849457.3002179,20,1784965486.706476,37.52117189288167,0.7440932326237888,37.139314869916845,True,37.5,36.5,38.6,0.95,0.05,0.0,0.7,0.03,2,1784965496.736155,False,True,True,False,1784965377.3711236,0,False,0,0,False
1784849457.3002179,20,1784965506.7131798,37.483787289234755,0.7440169375143053,37.12062256809338,True,37.5,36.5,38.6,0.95,0.05,0.0,0.7,0.03,2,1784965516.7429345,False,True,True,False,1784965377.3711236,0,0,1,0,False
1784849457.3002179,20,1784965526.719729,37.51049057755398,0.7441313801785305,37.10193026626993,True,37.5,36.5,38.6,0.95,0.05,0.0,0.7,0.03,2,1784965536.7471905,False,True,True,False,1784965377.3711236,0,False,0,0,False
1784849457.3002179,20,1784965546.7261102,37.49980926222629,0.7440360112916763,37.109941252765694,True,37.5,36.5,38.6,0.95,0.05,0.0,0.7,0.03,2,1784965556.7535152,False,False,True,True,1784965557.37114,0,0,1,0,False
1784849457.3002179,20,1784965566.732385,37.48645761806668,0.7443793392843518,37.12863355458916,True,37.5,36.5,38.6,0.95,0.05,0.0,0.7,0.03,2,1784965576.7597659,False,False,True,True,1784965557.37114,0,0,1,0,False
1784849457.3002179,20,1784965586.7418578,37.481116960402844,0.7439024948500801,37.12863355458916,True,37.5,36.5,38.6,0.95,0.05,0.0,0.7,0.03,2,1784965596.772587,False,False,True,False,1784965557.37114,0,0,1,0,False
1784849457.3002179,20,1784965606.7514799,37.53452353704128,0.7442458228427558,37.14999618524453,True,37.5,36.5,38.6,0.95,0.05,0.0,0.7,0.03,2,1784965616.7785828,False,False,True,False,1784965557.37114,0,False,0,0,False
1784849457.3002179,20,1784965626.7578542,37.53452353704128,0.7441313801785305,37.12863355458916,True,37.5,36.5,38.6,0.95,0.05,0.0,0.7,0.03,2,1784965636.7856817,False,False,True,False,1784965557.37114,0,False,0,0,False
1784849457.3002179,20,1784965646.7642117,37.507820248722055,0.7443221179522392,37.141985198748756,True,37.5,36.5,38.6,0.95,0.05,0.0,0.7,0.03,2,1784965656.7918634,False,True,True,False,1784965557.37114,0,False,0,0,False
1784849457.3002179,20,1784965666.7705998,37.51049057755398,0.7441695277332723,37.12863355458916,True,37.5,36.5,38.6,0.95,0.05,0.0,0.7,0.03,2,1784965676.7980776,False,False,True,False,1784965557.37114,0,False,0,0,False
1784849457.3002179,20,1784965686.7769167,37.46242465857938,0.7443221179522392,37.11795223926147,True,37.5,36.5,38.6,0.95,0.05,0.0,0.7,0.03,2,1784965696.8058743,False,True,True,False,1784965557.37114,0,0,1,0,False
1784849457.3002179,20,1784965706.7832742,37.47310597390707,0.7440932326237888,37.115281910429545,True,37.5,36.5,38.6,0.95,0.05,0.0,0.7,0.03,2,1784965716.812438,False,True,True,False,1784965557.37114,0,0,1,0,False
1784849457.3002179,20,1784965726.7902572,37.46776531624323,0.7440741588464179,37.11795223926147,True,37.5,36.5,38.6,0.95,0.05,0.0,0.7,0.03,2,1784965736.8220646,False,True,True,True,1784965737.3711705,0,0,1,0,False
1784849457.3002179,20,1784965746.7981005,37.49446860456244,0.7442839703974975,37.13664454108492,True,37.5,36.5,38.6,0.95,0.05,0.0,0.7,0.03,2,1784965756.8260036,False,False,True,True,1784965737.3711705,0,0,1,0,False
1784849457.3002179,20,1784965766.8058605,37.507820248722055,0.744055085069047,37.11795223926147,True,37.5,36.5,38.6,0.95,0.05,0.0,0.7,0.03,2,1784965776.8338609,False,True,True,False,1784965737.3711705,0,False,0,0,False
1784849457.3002179,20,1784965786.812966,37.507820248722055,0.7444556343938353,37.182040131227595,True,37.5,36.5,38.6,0.95,0.05,0.0,0.7,0.03,2,1784965796.8464186,False,False,True,False,1784965737.3711705,0,False,0,0,False
1784849457.3002179,20,1784965806.8199685,37.53452353704128,0.7443984130617227,37.14999618524453,True,37.5,36.5,38.6,0.95,0.05,0.0,0.7,0.03,2,1784965816.8488002,False,True,True,False,1784965737.3711705,0,False,0,0,False
1784849457.3002179,20,1784965826.8276355,37.50247959105822,0.744207675288014,37.14465552758068,True,37.5,36.5,38.6,0.95,0.05,0.0,0.7,0.03,2,1784965836.8555934,False,True,True,False,1784965737.3711705,0,False,0,0,False
1784849457.3002179,20,1784965846.8352876,37.470435645075156,0.7441695277332723,37.13664454108492,True,37.5,36.5,38.6,0.95,0.05,0.0,0.7,0.03,2,1784965856.864092,False,True,True,False,1784965737.3711705,0,0,1,0,False
1784849457.3002179,20,1784965866.8429186,37.47310597390707,0.7443221179522392,37.11795223926147,True,37.5,36.5,38.6,0.95,0.05,0.0,0.7,0.03,2,1784965876.8718593,False,True,True,False,1784965737.3711705,0,0,1,0,False
1784849457.3002179,20,1784965886.85055,37.483787289234755,0.7441886015106433,37.10727092393378,True,37.5,36.5,38.6,0.95,0.05,0.0,0.7,0.03,2,1784965896.8795922,False,True,True,False,1784965737.3711705,0,0,1,0,False
1784849457.3002179,20,1784965906.8583665,37.489127946898606,0.7441313801785305,37.12062256809338,True,37.5,36.5,38.6,0.95,0.05,0.0,0.7,0.03,2,1784965916.8869586,False,True,True,True,1784965917.371214,0,0,1,0,False
1784849457.3002179,20,1784965926.8659618,37.483787289234755,0.743921568627451,37.12329289692531,True,37.5,36.5,38.6,0.95,0.05,0.0,0.7,0.03,2,1784965936.8945825,False,True,True,True,1784965917.371214,0,0,1,0,False
1784849457.3002179,20,1784965946.8734999,37.50514991989013,0.7441695277332723,37.12596322575723,True,37.5,36.5,38.6,0.95,0.05,0.0,0.7,0.03,2,1784965956.902432,False,True,True,False,1784965917.371214,0,False,0,0,False
1784849457.3002179,20,1784965966.881377,37.51850156404974,0.7443030441748684,37.12863355458916,True,37.5,36.5,38.6,0.95,0.05,0.0,0.7,0.03,2,1784965976.9109387,False,True,True,False,1784965917.371214,0,False,0,0,False
1784849457.3002179,20,1784965986.8890588,37.507820248722055,0.7440741588464179,37.139314869916845,True,37.5,36.5,38.6,0.95,0.05,0.0,0.7,0.03,2,1784965996.9206302,False,True,True,False,1784965917.371214,0,False,0,0,False
1784849457.3002179,20,1784966006.896931,37.49713893339437,0.7440360112916763,37.12863355458916,True,37.5,36.5,38.6,0.95,0.05,0.0,0.7,0.03,2,1784966016.9282453,False,True,True,False,1784965917.371214,0,0,1,0,False
1784849457.3002179,20,1784966026.904911,37.481116960402844,0.7443030441748684,37.11795223926147,True,37.5,36.5,38.6,0.95,0.05,0.0,0.7,0.03,2,1784966036.9326854,False,False,True,False,1784965917.371214,0,0,1,0,False
1784849457.3002179,20,1784966046.9117818,37.465094987411305,0.7441695277332723,37.13130388342107,True,37.5,36.5,38.6,0.95,0.05,0.0,0.7,0.03,2,1784966056.9392922,False,True,True,False,1784965917.371214,0,0,1,0,False
1784849457.3002179,20,1784966066.9181197,37.50514991989013,0.7441695277332723,37.10727092393378,True,37.5,36.5,38.6,0.95,0.05,0.0,0.7,0.03,2,1784966076.9522283,False,True,True,False,1784965917.371214,0,False,0,0,False
1784849457.3002179,20,1784966086.924395,37.51049057755398,0.7442648966201267,37.12329289692531,True,37.5,36.5,38.6,0.95,0.05,0.0,0.7,0.03,2,1784966096.953278,False,False,True,True,1784966097.3712506,0,False,0,0,False
1784849457.3002179,20,1784966106.9307425,37.49980926222629,0.7441313801785305,37.12062256809338,True,37.5,36.5,38.6,0.95,0.05,0.0,0.7,0.03,2,1784966116.9582038,False,True,True,True,1784966097.3712506,0,0,1,0,False
1784849457.3002179,20,1784966126.936952,37.47310597390707,0.7440741588464179,37.091248950942244,True,37.5,36.5,38.6,0.95,0.05,0.0,0.7,0.03,2,1784966136.9644156,False,False,True,False,1784966097.3712506,0,0,1,0,False
1784849457.3002179,20,1784966146.9432957,37.46776531624323,0.7443411917296102,37.10460059510186,True,37.5,36.5,38.6,0.95,0.05,0.0,0.7,0.03,2,1784966156.9704452,False,False,True,False,1784966097.3712506,0,0,1,0,False
1784849457.3002179,20,1784966166.9494762,37.49179827573053,0.7442458228427558,37.12329289692531,True,37.5,36.5,38.6,0.95,0.05,0.0,0.7,0.03,2,1784966176.9768968,False,False,True,False,1784966097.3712506,0,0,1,0,False
1784849457.3002179,20,1784966186.9557543,37.52384222171359,0.7442839703974975,37.139314869916845,True,37.5,36.5,38.6,0.95,0.05,0.0,0.7,0.03,2,1784966196.9849856,False,False,True,False,1784966097.3712506,0,False,0,0,False
1784849457.3002179,20,1784966206.9622228,37.52384222171359,0.7441123064011598,37.14465552758068,True,37.5,36.5,38.6,0.95,0.05,0.0,0.7,0.03,2,1784966216.990373,False,False,True,False,1784966097.3712506,0,False,0,0,False
1784849457.3002179,20,1784966226.9685955,37.53452353704128,0.7439787899595636,37.15533684290837,True,37.5,36.5,38.6,0.95,0.05,0.0,0.7,0.03,2,1784966237.0003374,False,False,True,False,1784966097.3712506,0,False,0,0,False
1784849457.3002179,20,1784966246.975663,37.513160906385906,0.7442458228427558,37.14732585641261,True,37.5,36.5,38.6,0.95,0.05,0.0,0.7,0.03,2,1784966257.0037239,False,True,True,False,1784966097.3712506,0,False,0,0,False
1784849457.3002179,20,1784966266.9827118,37.489127946898606,0.7441695277332723,37.14465552758068,True,37.5,36.5,38.6,0.95,0.05,0.0,0.7,0.03,2,1784966277.01047,False,False,True,True,1784966277.3712683,0,0,1,0,False
1784849457.3002179,20,1784966286.9889088,37.46242465857938,0.7440360112916763,37.10727092393378,True,37.5,36.5,38.6,0.95,0.05,0.0,0.7,0.03,2,1784966297.0179424,False,False,True,True,1784966277.3712683,0,0,1,0,False
1784849457.3002179,20,1784966306.9954317,37.47310597390707,0.7443984130617227,37.109941252765694,True,37.5,36.5,38.6,0.95,0.05,0.0,0.7,0.03,2,1784966317.0229309,False,True,True,False,1784966277.3712683,0,0,1,0,False
1784849457.3002179,20,1784966327.0016572,37.489127946898606,0.744055085069047,37.10727092393378,True,37.5,36.5,38.6,0.95,0.05,0.0,0.7,0.03,2,1784966337.029197,False,False,True,False,1784966277.3712683,0,0,1,0,False
1784849457.3002179,20,1784966347.0078964,37.51049057755398,0.7441504539559014,37.109941252765694,True,37.5,36.5,38.6,0.95,0.05,0.0,0.7,0.03,2,1784966357.0361123,False,False,True,False,1784966277.3712683,0,False,0,0,False
1784849457.3002179,20,1784966367.014334,37.507820248722055,0.7440932326237888,37.12863355458916,True,37.5,36.5,38.6,0.95,0.05,0.0,0.7,0.03,2,1784966377.0433059,False,False,True,False,1784966277.3712683,0,False,0,0,False
1784849457.3002179,20,1784966387.0214195,37.51850156404974,0.7443793392843518,37.17135881589991,True,37.5,36.5,38.6,0.95,0.05,0.0,0.7,0.03,2,1784966397.0490823,False,True,True,False,1784966277.3712683,0,False,0,0,False
1784849457.3002179,20,1784966407.0284328,37.52918287937743,0.7443221179522392,37.14465552758068,True,37.5,36.5,38.6,0.95,0.05,0.0,0.7,0.03,2,1784966417.055447,True,True,True,False,1784966277.3712683,0,False,0,0,False
1784849457.3002179,20,1784966427.0357435,37.54520485236897,0.7441504539559014,37.133974212252994,True,37.5,36.5,38.6,0.95,0.05,0.0,0.7,0.03,2,1784966437.072,True,True,True,False,1784966277.3712683,0,False,0,0,False
1784849457.3002179,20,1784966447.0434818,37.49713893339437,0.7443984130617227,37.115281910429545,True,37.5,36.5,38.6,0.95,0.05,0.0,0.7,0.03,2,1784966457.0708828,True,False,True,True,1784966457.3712797,0,0,1,0,False
1784849457.3002179,20,1784966467.0497217,37.489127946898606,0.7443030441748684,37.091248950942244,True,37.5,36.5,38.6,0.95,0.05,0.0,0.7,0.03,2,1784966477.077917,True,True,True,True,1784966457.3712797,0,0,1,0,False
1784849457.3002179,20,1784966487.0567458,37.49980926222629,0.7442648966201267,37.08056763561456,True,37.5,36.5,38.6,0.95,0.05,0.0,0.7,0.03,2,1784966497.0843654,True,True,True,False,1784966457.3712797,0,0,1,0,False
1784849457.3002179,20,1784966507.0637984,37.49980926222629,0.7444174868390937,37.05653467612726,True,37.5,36.5,38.6,0.95,0.05,0.0,0.7,0.03,2,1784966517.0911777,True,True,True,False,1784966457.3712797,0,0,1,0,False
1784849457.3002179,20,1784966527.0700085,37.49446860456244,0.7441313801785305,37.091248950942244,True,37.5,36.5,38.6,0.95,0.05,0.0,0.7,0.03,2,1784966537.096983,True,True,True,False,1784966457.3712797,0,0,1,0,False
1784849457.3002179,20,1784966547.076396,37.526512550545505,0.7444556343938353,37.09391927977417,True,37.5,36.5,38.6,0.95,0.05,0.0,0.7,0.03,2,1784966557.1037452,True,True,True,False,1784966457.3712797,0,False,0,0,False
1784849457.3002179,20,1784966567.0827544,37.52384222171359,0.7441695277332723,37.12329289692531,True,37.5,36.5,38.6,0.95,0.05,0.0,0.7,0.03,2,1784966577.110228,True,True,True,False,1784966457.3712797,0,False,0,0,False
1784849457.3002179,20,1784966587.0891223,37.53452353704128,0.7444556343938353,37.091248950942244,True,37.5,36.5,38.6,0.95,0.05,0.0,0.7,0.03,2,1784966597.1166215,True,True,True,False,1784966457.3712797,0,False,0,0,False
1784849457.3002179,20,1784966607.0955772,37.49713893339437,0.7441123064011598,37.091248950942244,True,37.5,36.5,38.6,0.95,0.05,0.0,0.7,0.03,2,1784966617.1229863,True,True,True,False,1784966457.3712797,0,0,1,0,False
1784849457.3002179,20,1784966627.10176,37.47577630273899,0.7441123064011598,37.06454566262303,True,37.5,36.5,38.6,0.95,0.05,0.0,0.7,0.03,2,1784966637.1291578,True,True,True,True,1784966637.371308,0,0,1,0,False
1784849457.3002179,20,1784966647.108027,37.48645761806668,0.7443793392843518,37.05119401846342,True,37.5,36.5,38.6,0.95,0.05,0.0,0.7,0.03,2,1784966657.1354618,True,False,True,True,1784966637.371308,0,0,1,0,False
1784849457.3002179,20,1784966667.1143177,37.49446860456244,0.744207675288014,37.053864347295345,True,37.5,36.5,38.6,0.95,0.05,0.0,0.7,0.03,2,1784966677.141655,True,False,True,False,1784966637.371308,0,0,1,0,False
1784849457.3002179,20,1784966687.12049,37.51049057755398,0.7443411917296102,37.053864347295345,True,37.5,36.5,38.6,0.95,0.05,0.0,0.7,0.03,2,1784966697.1486626,True,False,True,False,1784966637.371308,0,False,0,0,False
1784849457.3002179,20,1784966707.1268213,37.526512550545505,0.7441695277332723,37.07789730678263,True,37.5,36.5,38.6,0.95,0.05,0.0,0.7,0.03,2,1784966717.155522,True,True,True,False,1784966637.371308,0,False,0,0,False
1784849457.3002179,20,1784966727.1330779,37.51049057755398,0.7439406424048218,37.06454566262303,True,37.5,36.5,38.6,0.95,0.05,0.0,0.7,0.03,2,1784966737.1633813,True,True,True,False,1784966637.371308,0,False,0,0,False
1784849457.3002179,20,1784966747.13949,37.489127946898606,0.7439406424048218,37.05119401846342,True,37.5,36.5,38.6,0.95,0.05,0.0,0.7,0.03,2,1784966757.1713812,True,False,True,False,1784966637.371308,0,0,1,0,False
1784849457.3002179,20,1784966767.1458304,37.47577630273899,0.7440932326237888,37.06454566262303,True,37.5,36.5,38.6,0.95,0.05,0.0,0.7,0.03,2,1784966777.1732392,True,True,True,False,1784966637.371308,0,0,1,0,False
1784849457.3002179,20,1784966787.1520858,37.47577630273899,0.7435973144121462,37.03250171663997,True,37.5,36.5,38.6,0.95,0.05,0.0,0.7,0.03,2,1784966797.179279,True,True,True,False,1784966637.371308,0,0,1,0,False
1784849457.3002179,20,1784966807.1583364,37.47577630273899,0.7441123064011598,37.053864347295345,True,37.5,36.5,38.6,0.95,0.05,0.0,0.7,0.03,2,1784966817.1852798,True,True,True,True,1784966817.3713434,0,0,1,0,False
1784849457.3002179,20,1784966827.164437,37.47577630273899,0.7441886015106433,37.04318303196766,True,37.5,36.5,38.6,0.95,0.05,0.0,0.7,0.03,2,1784966837.1918857,True,False,True,True,1784966817.3713434,0,0,1,0,False
1784849457.3002179,20,1784966847.1707106,37.507820248722055,0.7440741588464179,37.05653467612726,True,37.5,36.5,38.6,0.95,0.05,0.0,0.7,0.03,2,1784966857.1991546,True,True,True,False,1784966817.3713434,0,False,0,0,False
1784849457.3002179,20,1784966867.1771204,37.50514991989013,0.7442267490653849,37.08056763561456,True,37.5,36.5,38.6,0.95,0.05,0.0,0.7,0.03,2,1784966877.2071073,True,False,True,False,1784966817.3713434,0,False,0,0,False
1784849457.3002179,20,1784966887.1835375,37.51583123521782,0.7441504539559014,37.05920500495918,True,37.5,36.5,38.6,0.95,0.05,0.0,0.7,0.03,2,1784966897.2115214,True,False,True,False,1784966817.3713434,0,False,0,0,False
1784849457.3002179,20,1784966907.1906903,37.489127946898606,0.7441504539559014,37.04051270313573,True,37.5,36.5,38.6,0.95,0.05,0.0,0.7,0.03,2,1784966917.219397,True,True,True,False,1784966817.3713434,0,0,1,0,False
1784849457.3002179,20,1784966927.1984491,37.47310597390707,0.7442839703974975,37.04318303196766,True,37.5,36.5,38.6,0.95,0.05,0.0,0.7,0.03,2,1784966937.2272153,True,True,True,False,1784966817.3713434,0,0,1,0,False
1784849457.3002179,20,1784966947.2064295,37.46242465857938,0.7440932326237888,37.01915007248036,True,37.5,36.5,38.6,0.95,0.05,0.0,0.7,0.03,2,1784966957.2356615,True,True,True,False,1784966817.3713434,0,0,1,0,False
1784849457.3002179,20,1784966967.2144954,37.45975432974747,0.7441313801785305,37.02716105897612,True,37.5,36.5,38.6,0.95,0.05,0.0,0.7,0.03,2,1784966977.242993,True,False,True,False,1784966817.3713434,0,0,1,0,False
1784849457.3002179,20,1784966987.2215078,37.507820248722055,0.7441695277332723,37.03250171663997,True,37.5,36.5,38.6,0.95,0.05,0.0,0.7,0.03,2,1784966997.2497313,True,True,True,True,1784966997.371346,0,False,0,0,False
1784849457.3002179,20,1784967007.2280862,37.48645761806668,0.744207675288014,37.02716105897612,True,37.5,36.5,38.6,0.95,0.05,0.0,0.7,0.03,2,1784967017.2555013,True,True,True,True,1784966997.371346,0,0,1,0,False
1784849457.3002179,20,1784967027.2344763,37.50247959105822,0.7441313801785305,37.04318303196766,True,37.5,36.5,38.6,0.95,0.05,0.0,0.7,0.03,2,1784967037.2616532,True,False,True,False,1784966997.371346,0,False,0,0,False
1784849457.3002179,20,1784967047.240765,37.49713893339437,0.7442267490653849,37.024490730144194,True,37.5,36.5,38.6,0.95,0.05,0.0,0.7,0.03,2,1784967057.2682245,True,False,True,False,1784966997.371346,0,0,1,0,False
1784849457.3002179,20,1784967067.2470188,37.489127946898606,0.744207675288014,37.03250171663997,True,37.5,36.5,38.6,0.95,0.05,0.0,0.7,0.03,2,1784967077.2791688,True,True,True,False,1784966997.371346,0,0,1,0,False
1784849457.3002179,20,1784967087.2535627,37.49980926222629,0.7439978637369344,37.02716105897612,True,37.5,36.5,38.6,0.95,0.05,0.0,0.7,0.03,2,1784967097.2806807,True,False,True,False,1784966997.371346,0,0,1,0,False
1784849457.3002179,20,1784967107.2597733,37.526512550545505,0.7443984130617227,37.04585336079957,True,37.5,36.5,38.6,0.95,0.05,0.0,0.7,0.03,2,1784967117.2873476,True,False,True,False,1784966997.371346,0,False,0,0,False
1784849457.3002179,20,1784967127.2660742,37.53719386587319,0.7441313801785305,37.06454566262303,True,37.5,36.5,38.6,0.95,0.05,0.0,0.7,0.03,2,1784967137.297822,True,False,True,False,1784966997.371346,0,False,0,0,False
1784849457.3002179,20,1784967147.2753747,37.526512550545505,0.7439406424048218,37.07789730678263,True,37.5,36.5,38.6,0.95,0.05,0.0,0.7,0.03,2,1784967157.303061,True,True,True,False,1784966997.371346,0,False,0,0,False
1784849457.3002179,20,1784967167.2817984,37.49713893339437,0.7441886015106433,37.06454566262303,True,37.5,36.5,38.6,0.95,0.05,0.0,0.7,0.03,2,1784967177.3092084,True,True,True,True,1784967177.3713644,0,0,1,0,False
1784849457.3002179,20,1784967187.2880082,37.481116960402844,0.7440169375143053,37.053864347295345,True,37.5,36.5,38.6,0.95,0.05,0.0,0.7,0.03,2,1784967197.3153572,True,False,True,True,1784967177.3713644,0,0,1,0,False
1784849457.3002179,20,1784967207.2942464,37.48645761806668,0.7441504539559014,37.01647974364843,True,37.5,36.5,38.6,0.95,0.05,0.0,0.7,0.03,2,1784967217.323125,True,True,True,False,1784967177.3713644,0,0,1,0,False
1784849457.3002179,20,1784967227.3004115,37.49713893339437,0.7438834210727093,37.02716105897612,True,37.5,36.5,38.6,0.95,0.05,0.0,0.7,0.03,2,1784967237.3289008,True,False,True,False,1784967177.3713644,0,0,1,0,False
1784849457.3002179,20,1784967247.306658,37.513160906385906,0.7442648966201267,37.024490730144194,True,37.5,36.5,38.6,0.95,0.05,0.0,0.7,0.03,2,1784967257.3341062,True,True,True,False,1784967177.3713644,0,False,0,0,False
1784849457.3002179,20,1784967267.3129976,37.526512550545505,0.7438643472953383,37.07522697795072,True,37.5,36.5,38.6,0.95,0.05,0.0,0.7,0.03,2,1784967277.3405921,True,True,True,False,1784967177.3713644,0,False,0,0,False
1784849457.3002179,20,1784967287.319446,37.49980926222629,0.7442267490653849,37.03784237430381,True,37.5,36.5,38.6,0.95,0.05,0.0,0.7,0.03,2,1784967297.3473725,True,True,True,False,1784967177.3713644,0,0,1,0,False
1784849457.3002179,20,1784967307.327249,37.49446860456244,0.744055085069047,37.029831387808045,True,37.5,36.5,38.6,0.95,0.05,0.0,0.7,0.03,2,1784967317.3563364,True,True,True,False,1784967177.3713644,0,0,1,0,False
1784849457.3002179,20,1784967327.3344488,37.49446860456244,0.7439787899595636,37.04318303196766,True,37.5,36.5,38.6,0.95,0.05,0.0,0.7,0.03,2,1784967337.3615956,True,True,True,False,1784967177.3713644,0,0,1,0,False
1784849457.3002179,20,1784967347.3405743,37.483787289234755,0.7441504539559014,37.04051270313573,True,37.5,36.5,38.6,0.95,0.05,0.0,0.7,0.03,2,1784967357.3733366,True,True,True,True,1784967357.373497,0,0,1,0,False
1784849457.3002179,20,1784967367.3472924,37.470435645075156,0.7439406424048218,37.03784237430381,True,37.5,36.5,38.6,0.95,0.05,0.0,0.7,0.03,2,1784967377.3744192,True,True,True,True,1784967357.373497,0,0,1,0,False
1784849457.3002179,20,1784967387.3536103,37.49179827573053,0.7440932326237888,37.04318303196766,True,37.5,36.5,38.6,0.95,0.05,0.0,0.7,0.03,2,1784967397.381009,True,False,True,False,1784967357.373497,0,0,1,0,False
1784849457.3002179,20,1784967407.3597934,37.507820248722055,0.7443411917296102,37.03784237430381,True,37.5,36.5,38.6,0.95,0.05,0.0,0.7,0.03,2,1784967417.3888538,True,True,True,False,1784967357.373497,0,False,0,0,False
1784849457.3002179,20,1784967427.366223,37.53452353704128,0.7439978637369344,37.06988632028687,True,37.5,36.5,38.6,0.95,0.05,0.0,0.7,0.03,2,1784967437.3952756,True,True,True,False,1784967357.373497,0,False,0,0,False
1784849457.3002179,20,1784967447.3726335,37.53452353704128,0.743921568627451,37.08323796444648,True,37.5,36.5,38.6,0.95,0.05,0.0,0.7,0.03,2,1784967457.4050598,True,True,True,False,1784967357.373497,0,False,0,0,False
1784849457.3002179,20,1784967467.3836892,37.51049057755398,0.7438834210727093,37.053864347295345,True,37.5,36.5,38.6,0.95,0.05,0.0,0.7,0.03,2,1784967477.411975,True,True,True,False,1784967357.373497,0,False,0,0,False
1784849457.3002179,20,1784967487.3900445,37.49980926222629,0.7439978637369344,37.04318303196766,True,37.5,36.5,38.6,0.95,0.05,0.0,0.7,0.03,2,1784967497.418286,True,True,True,False,1784967357.373497,0,0,1,0,False
1784849457.3002179,20,1784967507.3964107,37.489127946898606,0.7439787899595636,37.01380941481651,True,37.5,36.5,38.6,0.95,0.05,0.0,0.7,0.03,2,1784967517.424148,True,True,True,False,1784967357.373497,0,0,1,0,False
1784849457.3002179,20,1784967527.4036546,37.49980926222629,0.7443030441748684,37.04318303196766,True,37.5,36.5,38.6,0.95,0.05,0.0,0.7,0.03,2,1784967537.4324899,True,False,True,True,1784967537.3735256,0,0,1,0,False
1784849457.3002179,20,1784967547.411209,37.483787289234755,0.7441886015106433,37.01380941481651,True,37.5,36.5,38.6,0.95,0.05,0.0,0.7,0.03,2,1784967557.4444478,True,True,True,False,1784967537.3735256,0,0,1,0,False
1784849457.3002179,20,1784967567.4192505,37.51850156404974,0.7442267490653849,37.03250171663997,True,37.5,36.5,38.6,0.95,0.05,0.0,0.7,0.03,2,1784967577.4482942,True,False,True,False,1784967537.3735256,0,False,0,0,False
1784849457.3002179,20,1784967587.4274342,37.52384222171359,0.7441313801785305,37.053864347295345,True,37.5,36.5,38.6,0.95,0.05,0.0,0.7,0.03,2,1784967597.4559345,True,True,True,False,1784967537.3735256,0,False,0,0,False
1784849457.3002179,20,1784967607.4350886,37.507820248722055,0.7439978637369344,37.03250171663997,True,37.5,36.5,38.6,0.95,0.05,0.0,0.7,0.03,2,1784967617.4637034,True,False,True,False,1784967537.3735256,0,False,0,0,False
1784849457.3002179,20,1784967627.4429772,37.513160906385906,0.7437880521858549,37.02716105897612,True,37.5,36.5,38.6,0.95,0.05,0.0,0.7,0.03,2,1784967637.4718826,True,True,True,False,1784967537.3735256,0,False,0,0,False
1784849457.3002179,20,1784967647.45104,37.45975432974747,0.7437308308537424,37.024490730144194,True,37.5,36.5,38.6,0.95,0.05,0.0,0.7,0.03,2,1784967657.4797497,True,True,True,False,1784967537.3735256,0,0,1,0,False
1784849457.3002179,20,1784967667.458599,37.45708400091554,0.744360265506981,37.011139085984595,True,37.5,36.5,38.6,0.95,0.05,0.0,0.7,0.03,2,1784967677.4890234,True,False,True,False,1784967537.3735256,0,0,1,0,False
1784849457.3002179,20,1784967687.465745,37.489127946898606,0.7440169375143053,37.03250171663997,True,37.5,36.5,38.6,0.95,0.05,0.0,0.7,0.03,2,1784967697.4944675,True,False,True,False,1784967537.3735256,0,0,1,0,False
1784849457.3002179,20,1784967707.473492,37.483787289234755,0.7441123064011598,37.01915007248036,True,37.5,36.5,38.6,0.95,0.05,0.0,0.7,0.03,2,1784967717.5013897,True,False,True,True,1784967717.3735495,0,0,1,0,False
1784849457.3002179,20,1784967727.4804184,37.50514991989013,0.7441695277332723,37.011139085984595,True,37.5,36.5,38.6,0.95,0.05,0.0,0.7,0.03,2,1784967737.5111082,True,True,True,False,1784967717.3735495,0,False,0,0,False
1784849457.3002179,20,1784967747.4885614,37.526512550545505,0.744055085069047,37.067215991454944,True,37.5,36.5,38.6,0.95,0.05,0.0,0.7,0.03,2,1784967757.5167754,True,True,True,False,1784967717.3735495,0,False,0,0,False
1784849457.3002179,20,1784967767.4967124,37.513160906385906,0.7438452735179675,37.03250171663997,True,37.5,36.5,38.6,0.95,0.05,0.0,0.7,0.03,2,1784967777.525182,True,True,True,False,1784967717.3735495,0,False,0,0,False
1784849457.3002179,20,1784967787.5037796,37.507820248722055,0.7441313801785305,37.03784237430381,True,37.5,36.5,38.6,0.95,0.05,0.0,0.7,0.03,2,1784967797.5365145,True,False,True,False,1784967717.3735495,0,False,0,0,False
1784849457.3002179,20,1784967807.5114274,37.49179827573053,0.7441313801785305,36.989776455329206,True,37.5,36.5,38.6,0.95,0.05,0.0,0.7,0.03,2,1784967817.5424912,True,False,True,False,1784967717.3735495,0,0,1,0,False
1784849457.3002179,20,1784967827.519277,37.45975432974747,0.743921568627451,36.989776455329206,True,37.5,36.5,38.6,0.95,0.05,0.0,0.7,0.03,2,1784967837.5479224,True,True,True,False,1784967717.3735495,0,0,1,0,False
1784849457.3002179,20,1784967847.52686,37.470435645075156,0.7441695277332723,37.00312809948882,True,37.5,36.5,38.6,0.95,0.05,0.0,0.7,0.03,2,1784967857.5557985,True,True,True,False,1784967717.3735495,0,0,1,0,False
1784849457.3002179,20,1784967867.5344253,37.483787289234755,0.7440741588464179,37.005798428320745,True,37.5,36.5,38.6,0.95,0.05,0.0,0.7,0.03,2,1784967877.5625627,True,False,True,False,1784967717.3735495,0,0,1,0,False
1784849457.3002179,20,1784967887.5419645,37.51049057755398,0.7440932326237888,37.011139085984595,True,37.5,36.5,38.6,0.95,0.05,0.0,0.7,0.03,2,1784967897.5755873,True,False,True,True,1784967897.3735793,0,False,0,0,False
1784849457.3002179,20,1784967907.5489535,37.526512550545505,0.7442839703974975,37.029831387808045,True,37.5,36.5,38.6,0.95,0.05,0.0,0.7,0.03,2,1784967917.5790126,True,True,True,False,1784967897.3735793,0,False,0,0,False
1784849457.3002179,20,1784967927.5554557,37.489127946898606,0.7442458228427558,37.04318303196766,True,37.5,36.5,38.6,0.95,0.05,0.0,0.7,0.03,2,1784967937.5832324,True,False,True,False,1784967897.3735793,0,0,1,0,False
1784849457.3002179,20,1784967947.5616622,37.51049057755398,0.7440932326237888,37.04051270313573,True,37.5,36.5,38.6,0.95,0.05,0.0,0.7,0.03,2,1784967957.5896285,True,True,True,False,1784967897.3735793,0,False,0,0,False
1784849457.3002179,20,1784967967.568605,37.49713893339437,0.7441504539559014,37.04318303196766,True,37.5,36.5,38.6,0.95,0.05,0.0,0.7,0.03,2,1784967977.6032326,True,True,True,False,1784967897.3735793,0,0,1,0,False
1784849457.3002179,20,1784967987.5756376,37.507820248722055,0.7440932326237888,37.03250171663997,True,37.5,36.5,38.6,0.95,0.05,0.0,0.7,0.03,2,1784967997.6044118,True,True,True,False,1784967897.3735793,0,False,0,0,False
1784849457.3002179,20,1784968007.582128,37.48645761806668,0.7441313801785305,37.01647974364843,True,37.5,36.5,38.6,0.95,0.05,0.0,0.7,0.03,2,1784968017.6106062,True,False,True,False,1784967897.3735793,0,0,1,0,False
1784849457.3002179,20,1784968027.59128,37.44373235675593,0.7438452735179675,37.01647974364843,True,37.5,36.5,38.6,0.95,0.05,0.0,0.7,0.03,2,1784968037.6231184,True,False,True,False,1784967897.3735793,0,0,1,0,False
1784849457.3002179,20,1784968047.6010463,37.470435645075156,0.7440932326237888,37.01380941481651,True,37.5,36.5,38.6,0.95,0.05,0.0,0.7,0.03,2,1784968057.6307058,True,True,True,False,1784967897.3735793,0,0,1,0,False
1784849457.3002179,20,1784968067.6073058,37.50514991989013,0.7436354619668879,37.01647974364843,True,37.5,36.5,38.6,0.95,0.05,0.0,0.7,0.03,2,1784968077.63945,True,True,True,True,1784968077.3736057,0,False,0,0,False
1784849457.3002179,20,1784968087.613781,37.526512550545505,0.7438261997405966,37.02716105897612,True,37.5,36.5,38.6,0.95,0.05,0.0,0.7,0.03,2,1784968097.6471121,True,True,True,False,1784968077.3736057,0,False,0,0,False
1784849457.3002179,20,1784968107.6202683,37.49980926222629,0.7441123064011598,37.00846875715267,True,37.5,36.5,38.6,0.95,0.05,0.0,0.7,0.03,2,1784968117.6492789,True,False,True,False,1784968077.3736057,0,0,1,0,False
1784849457.3002179,20,1784968127.627309,37.483787289234755,0.7440360112916763,37.005798428320745,True,37.5,36.5,38.6,0.95,0.05,0.0,0.7,0.03,2,1784968137.656915,True,False,True,False,1784968077.3736057,0,0,1,0,False
1784849457.3002179,20,1784968147.6342168,37.46242465857938,0.7439597161821928,36.99244678416113,True,37.5,36.5,38.6,0.95,0.05,0.0,0.7,0.03,2,1784968157.6610146,True,True,True,False,1784968077.3736057,0,0,1,0,False
1784849457.3002179,20,1784968167.6404786,37.507820248722055,0.7440932326237888,37.01647974364843,True,37.5,36.5,38.6,0.95,0.05,0.0,0.7,0.03,2,1784968177.6684349,True,False,True,False,1784968077.3736057,0,False,0,0,False
1784849457.3002179,20,1784968187.64697,37.52384222171359,0.744207675288014,37.011139085984595,True,37.5,36.5,38.6,0.95,0.05,0.0,0.7,0.03,2,1784968197.6798751,True,True,True,False,1784968077.3736057,0,False,0,0,False
1784849457.3002179,20,1784968207.6537783,37.52918287937743,0.744207675288014,37.01647974364843,True,37.5,36.5,38.6,0.95,0.05,0.0,0.7,0.03,2,1784968217.6813035,True,True,True,False,1784968077.3736057,0,False,0,0,False
1784849457.3002179,20,1784968227.6602607,37.513160906385906,0.7442267490653849,37.03784237430381,True,37.5,36.5,38.6,0.95,0.05,0.0,0.7,0.03,2,1784968237.6876473,True,True,True,False,1784968077.3736057,0,False,0,0,False
1784849457.3002179,20,1784968247.6665988,37.49179827573053,0.7440932326237888,37.01915007248036,True,37.5,36.5,38.6,0.95,0.05,0.0,0.7,0.03,2,1784968257.6941543,True,True,True,True,1784968257.373625,0,0,1,0,False
1784849457.3002179,20,1784968267.673558,37.46242465857938,0.7439978637369344,36.989776455329206,True,37.5,36.5,38.6,0.95,0.05,0.0,0.7,0.03,2,1784968277.7024803,True,True,True,False,1784968257.373625,0,0,1,0,False
1784849457.3002179,20,1784968287.6811383,37.47310597390707,0.7437499046311131,36.97909514000152,True,37.5,36.5,38.6,0.95,0.05,0.0,0.7,0.03,2,1784968297.7100067,True,True,True,False,1784968257.373625,0,0,1,0,False
1784849457.3002179,20,1784968307.6886768,37.47310597390707,0.7440932326237888,36.99778744182498,True,37.5,36.5,38.6,0.95,0.05,0.0,0.7,0.03,2,1784968317.7175984,True,False,True,False,1784968257.373625,0,0,1,0,False
1784849457.3002179,20,1784968327.696415,37.51049057755398,0.7438071259632258,36.99511711299306,True,37.5,36.5,38.6,0.95,0.05,0.0,0.7,0.03,2,1784968337.7242546,True,True,True,False,1784968257.373625,0,False,0,0,False
1784849457.3002179,20,1784968347.7040906,37.50514991989013,0.7441695277332723,37.01915007248036,True,37.5,36.5,38.6,0.95,0.05,0.0,0.7,0.03,2,1784968357.733164,True,True,True,False,1784968257.373625,0,False,0,0,False
1784849457.3002179,20,1784968367.7113423,37.507820248722055,0.7442458228427558,37.01647974364843,True,37.5,36.5,38.6,0.95,0.05,0.0,0.7,0.03,2,1784968377.7388642,True,False,True,False,1784968257.373625,0,False,0,0,False
1784849457.3002179,20,1784968387.7177348,37.481116960402844,0.7442267490653849,37.011139085984595,True,37.5,36.5,38.6,0.95,0.05,0.0,0.7,0.03,2,1784968397.7447827,True,True,True,False,1784968257.373625,0,0,1,0,False
1784849457.3002179,20,1784968407.7240505,37.45441367208362,0.7441695277332723,37.00045777065691,True,37.5,36.5,38.6,0.95,0.05,0.0,0.7,0.03,2,1784968417.7559164,True,False,True,False,1784968257.373625,0,0,1,0,False
1784849457.3002179,20,1784968427.7303104,37.465094987411305,0.7440741588464179,37.00045777065691,True,37.5,36.5,38.6,0.95,0.05,0.0,0.7,0.03,2,1784968437.7576935,True,True,True,True,1784968437.3736615,0,0,1,0,False
1784849457.3002179,20,1784968447.7365117,37.470435645075156,0.7440741588464179,36.99778744182498,True,37.5,36.5,38.6,0.95,0.05,0.0,0.7,0.03,2,1784968457.767348,True,False,True,False,1784968437.3736615,0,0,1,0,False
1784849457.3002179,20,1784968467.7428954,37.51049057755398,0.7440932326237888,36.99511711299306,True,37.5,36.5,38.6,0.95,0.05,0.0,0.7,0.03,2,1784968477.770343,True,False,True,False,1784968437.3736615,0,False,0,0,False
1784849457.3002179,20,1784968487.749328,37.50514991989013,0.7441695277332723,36.99511711299306,True,37.5,36.5,38.6,0.95,0.05,0.0,0.7,0.03,2,1784968497.7767606,True,True,True,False,1784968437.3736615,0,False,0,0,False
1784849457.3002179,20,1784968507.7557192,37.52117189288167,0.7444174868390937,37.00312809948882,True,37.5,36.5,38.6,0.95,0.05,0.0,0.7,0.03,2,1784968517.7861483,True,True,True,False,1784968437.3736615,0,False,0,0,False
1784849457.3002179,20,1784968527.7620988,37.52117189288167,0.7440932326237888,37.02182040131228,True,37.5,36.5,38.6,0.95,0.05,0.0,0.7,0.03,2,1784968537.7894356,True,False,True,False,1784968437.3736615,0,False,0,0,False
1784849457.3002179,20,1784968547.7692378,37.50514991989013,0.744207675288014,37.00312809948882,True,37.5,36.5,38.6,0.95,0.05,0.0,0.7,0.03,2,1784968557.7974305,True,True,True,False,1784968437.3736615,0,False,0,0,False
1784849457.3002179,20,1784968567.7767618,37.48645761806668,0.7441886015106433,37.00045777065691,True,37.5,36.5,38.6,0.95,0.05,0.0,0.7,0.03,2,1784968577.8037663,True,True,True,False,1784968437.3736615,0,0,1,0,False
1784849457.3002179,20,1784968587.7830746,37.45975432974747,0.7439978637369344,36.989776455329206,True,37.5,36.5,38.6,0.95,0.05,0.0,0.7,0.03,2,1784968597.8109987,True,True,True,False,1784968437.3736615,0,0,1,0,False
1784849457.3002179,20,1784968607.7894557,37.44373235675593,0.7440169375143053,36.98443579766537,True,37.5,36.5,38.6,0.95,0.05,0.0,0.7,0.03,2,1784968617.8196523,True,True,True,True,1784968617.3736653,0,0,1,0,False
1784849457.3002179,20,1784968627.7957165,37.43305104142824,0.7436736095216296,36.97909514000152,True,37.5,36.5,38.6,0.95,0.05,0.0,0.7,0.03,2,1784968637.8314972,True,False,True,False,1784968617.3736653,0,0,1,0,False
1784849457.3002179,20,1784968647.801983,37.470435645075156,0.7439787899595636,37.00312809948882,True,37.5,36.5,38.6,0.95,0.05,0.0,0.7,0.03,2,1784968657.8296962,True,True,True,False,1784968617.3736653,0,0,1,0,False
1784849457.3002179,20,1784968667.808819,37.50514991989013,0.744207675288014,37.02716105897612,True,37.5,36.5,38.6,0.95,0.05,0.0,0.7,0.03,2,1784968677.836644,True,True,True,False,1784968617.3736653,0,False,0,0,False
1784849457.3002179,20,1784968687.8159678,37.53719386587319,0.7439787899595636,37.04318303196766,True,37.5,36.5,38.6,0.95,0.05,0.0,0.7,0.03,2,1784968697.8434749,True,False,True,False,1784968617.3736653,0,False,0,0,False
1784849457.3002179,20,1784968707.8224053,37.54253452353704,0.7440169375143053,37.01915007248036,True,37.5,36.5,38.6,0.95,0.05,0.0,0.7,0.03,2,1784968717.84923,True,True,True,False,1784968617.3736653,0,False,0,0,False
1784849457.3002179,20,1784968727.8287487,37.49980926222629,0.7440360112916763,37.01647974364843,True,37.5,36.5,38.6,0.95,0.05,0.0,0.7,0.03,2,1784968737.856146,True,True,True,False,1784968617.3736653,0,0,1,0,False
1784849457.3002179,20,1784968747.8350985,37.46776531624323,0.743921568627451,37.01915007248036,True,37.5,36.5,38.6,0.95,0.05,0.0,0.7,0.03,2,1784968757.8626826,True,False,True,False,1784968617.3736653,0,0,1,0,False
1784849457.3002179,20,1784968767.8413048,37.465094987411305,0.7440741588464179,36.989776455329206,True,37.5,36.5,38.6,0.95,0.05,0.0,0.7,0.03,2,1784968777.8692453,True,False,True,False,1784968617.3736653,0,0,1,0,False
1784849457.3002179,20,1784968787.8481367,37.470435645075156,0.7438643472953383,37.005798428320745,True,37.5,36.5,38.6,0.95,0.05,0.0,0.7,0.03,2,1784968797.8769526,True,False,True,True,1784968797.3737087,0,0,1,0,False
1784849457.3002179,20,1784968807.856045,37.507820248722055,0.7440169375143053,37.03250171663997,True,37.5,36.5,38.6,0.95,0.05,0.0,0.7,0.03,2,1784968817.8858833,True,True,True,False,1784968797.3737087,0,False,0,0,False
1784849457.3002179,20,1784968827.8646815,37.507820248722055,0.744207675288014,37.02182040131228,True,37.5,36.5,38.6,0.95,0.05,0.0,0.7,0.03,2,1784968837.8940496,True,False,True,False,1784968797.3737087,0,False,0,0,False
1784849457.3002179,20,1784968847.8734274,37.49713893339437,0.7439406424048218,37.00846875715267,True,37.5,36.5,38.6,0.95,0.05,0.0,0.7,0.03,2,1784968857.90224,True,True,True,False,1784968797.3737087,0,0,1,0,False
1784849457.3002179,20,1784968867.8819284,37.51583123521782,0.7441695277332723,37.005798428320745,True,37.5,36.5,38.6,0.95,0.05,0.0,0.7,0.03,2,1784968877.9116662,True,True,True,False,1784968797.3737087,0,False,0,0,False
1784849457.3002179,20,1784968887.8909628,37.51583123521782,0.7439597161821928,37.02182040131228,True,37.5,36.5,38.6,0.95,0.05,0.0,0.7,0.03,2,1784968897.9201128,True,True,True,False,1784968797.3737087,0,False,0,0,False
1784849457.3002179,20,1784968907.8985634,37.489127946898606,0.744055085069047,36.99778744182498,True,37.5,36.5,38.6,0.95,0.05,0.0,0.7,0.03,2,1784968917.9259987,True,True,True,False,1784968797.3737087,0,0,1,0,False
1784849457.3002179,20,1784968927.9047873,37.47844663157092,0.7438834210727093,37.011139085984595,True,37.5,36.5,38.6,0.95,0.05,0.0,0.7,0.03,2,1784968937.9315634,True,False,True,False,1784968797.3737087,0,0,1,0,False
1784849457.3002179,20,1784968947.911013,37.483787289234755,0.7438071259632258,37.00312809948882,True,37.5,36.5,38.6,0.95,0.05,0.0,0.7,0.03,2,1784968957.9385302,True,False,True,False,1784968797.3737087,0,0,1,0,False
1784849457.3002179,20,1784968967.9172888,37.481116960402844,0.7439024948500801,36.989776455329206,True,37.5,36.5,38.6,0.95,0.05,0.0,0.7,0.03,2,1784968977.9455636,True,False,True,True,1784968977.3737147,0,0,1,0,False
1784849457.3002179,20,1784968987.92368,37.50247959105822,0.744207675288014,37.02716105897612,True,37.5,36.5,38.6,0.95,0.05,0.0,0.7,0.03,2,1784968997.9511933,True,True,True,False,1784968977.3737147,0,False,0,0,False
1784849457.3002179,20,1784969007.9301152,37.52384222171359,0.744055085069047,37.00045777065691,True,37.5,36.5,38.6,0.95,0.05,0.0,0.7,0.03,2,1784969017.9592123,True,False,True,False,1784968977.3737147,0,False,0,0,False
1784849457.3002179,20,1784969027.9371252,37.49713893339437,0.7439787899595636,37.03784237430381,True,37.5,36.5,38.6,0.95,0.05,0.0,0.7,0.03,2,1784969037.9652667,True,False,True,False,1784968977.3737147,0,0,1,0,False
1784849457.3002179,20,1784969047.9440236,37.470435645075156,0.7438261997405966,37.01915007248036,True,37.5,36.5,38.6,0.95,0.05,0.0,0.7,0.03,2,1784969057.972528,True,True,True,False,1784968977.3737147,0,0,1,0,False
1784849457.3002179,20,1784969067.950231,37.47310597390707,0.7435782406347754,37.011139085984595,True,37.5,36.5,38.6,0.95,0.05,0.0,0.7,0.03,2,1784969077.9815383,True,False,True,False,1784968977.3737147,0,0,1,0,False
1784849457.3002179,20,1784969087.9571826,37.45708400091554,0.7439406424048218,36.963073167009995,True,37.5,36.5,38.6,0.95,0.05,0.0,0.7,0.03,2,1784969097.985269,True,False,True,False,1784968977.3737147,0,0,1,0,False
1784849457.3002179,20,1784969107.96482,37.47310597390707,0.7440169375143053,37.01380941481651,True,37.5,36.5,38.6,0.95,0.05,0.0,0.7,0.03,2,1784969118.0027776,True,True,True,False,1784968977.3737147,0,0,1,0,False
1784849457.3002179,20,1784969127.971701,37.50514991989013,0.7441313801785305,37.02716105897612,True,37.5,36.5,38.6,0.95,0.05,0.0,0.7,0.03,2,1784969138.002219,True,False,True,False,1784968977.3737147,0,False,0,0,False
1784849457.3002179,20,1784969147.9779592,37.526512550545505,0.7439787899595636,37.01915007248036,True,37.5,36.5,38.6,0.95,0.05,0.0,0.7,0.03,2,1784969158.0080078,True,True,True,True,1784969157.3737304,0,False,0,0,False
1784849457.3002179,20,1784969167.9844475,37.513160906385906,0.7442458228427558,37.011139085984595,True,37.5,36.5,38.6,0.95,0.05,0.0,0.7,0.03,2,1784969178.0143678,True,False,True,False,1784969157.3737304,0,False,0,0,False
1784849457.3002179,20,1784969187.9911427,37.470435645075156,0.7438643472953383,36.989776455329206,True,37.5,36.5,38.6,0.95,0.05,0.0,0.7,0.03,2,1784969198.0185602,True,True,True,False,1784969157.3737304,0,0,1,0,False
1784849457.3002179,20,1784969207.997681,37.43305104142824,0.7436736095216296,36.98443579766537,True,37.5,36.5,38.6,0.95,0.05,0.0,0.7,0.03,2,1784969218.0260925,True,True,True,False,1784969157.3737304,0,0,1,0,False
1784849457.3002179,20,1784969228.0041587,37.45441367208362,0.7440169375143053,37.00045777065691,True,37.5,36.5,38.6,0.95,0.05,0.0,0.7,0.03,2,1784969238.033327,True,False,True,False,1784969157.3737304,0,0,1,0,False
1784849457.3002179,20,1784969248.0106893,37.470435645075156,0.7437117570763714,36.987106126497295,True,37.5,36.5,38.6,0.95,0.05,0.0,0.7,0.03,2,1784969258.039842,True,False,True,False,1784969157.3737304,0,0,1,0,False
1784849457.3002179,20,1784969268.0170856,37.483787289234755,0.743921568627451,37.005798428320745,True,37.5,36.5,38.6,0.95,0.05,0.0,0.7,0.03,2,1784969278.0445557,True,False,True,False,1784969157.3737304,0,0,1,0,False
1784849457.3002179,20,1784969288.0234585,37.489127946898606,0.7441123064011598,37.011139085984595,True,37.5,36.5,38.6,0.95,0.05,0.0,0.7,0.03,2,1784969298.0504687,True,False,True,False,1784969157.3737304,0,0,1,0,False
1784849457.3002179,20,1784969308.0303273,37.526512550545505,0.744207675288014,37.01915007248036,True,37.5,36.5,38.6,0.95,0.05,0.0,0.7,0.03,2,1784969318.0591936,True,True,True,False,1784969157.3737304,0,False,0,0,False
1784849457.3002179,20,1784969328.0372887,37.51583123521782,0.743768978408484,37.005798428320745,True,37.5,36.5,38.6,0.95,0.05,0.0,0.7,0.03,2,1784969338.0683885,True,False,True,True,1784969337.3737402,0,False,0,0,False
1784849457.3002179,20,1784969348.043647,37.526512550545505,0.7442458228427558,37.04585336079957,True,37.5,36.5,38.6,0.95,0.05,0.0,0.7,0.03,2,1784969358.0727596,True,True,True,False,1784969337.3737402,0,False,0,0,False
1784849457.3002179,20,1784969368.0510952,37.470435645075156,0.7437499046311131,36.97909514000152,True,37.5,36.5,38.6,0.95,0.05,0.0,0.7,0.03,2,1784969378.0815175,True,False,True,False,1784969337.3737402,0,0,1,0,False
1784849457.3002179,20,1784969388.0589607,37.470435645075156,0.7440932326237888,37.00045777065691,True,37.5,36.5,38.6,0.95,0.05,0.0,0.7,0.03,2,1784969398.087185,True,False,True,False,1784969337.3737402,0,0,1,0,False
1784849457.3002179,20,1784969408.0668447,37.481116960402844,0.7440360112916763,36.989776455329206,True,37.5,36.5,38.6,0.95,0.05,0.0,0.7,0.03,2,1784969418.0956335,True,True,True,False,1784969337.3737402,0,0,1,0,False
1784849457.3002179,20,1784969428.074704,37.49179827573053,0.7440932326237888,37.00045777065691,True,37.5,36.5,38.6,0.95,0.05,0.0,0.7,0.03,2,1784969438.1038516,True,True,True,False,1784969337.3737402,0,0,1,0,False
1784849457.3002179,20,1784969448.0821028,37.52918287937743,0.7441504539559014,37.00846875715267,True,37.5,36.5,38.6,0.95,0.05,0.0,0.7,0.03,2,1784969458.1107566,True,True,True,False,1784969337.3737402,0,False,0,0,False
1784849457.3002179,20,1784969468.0895576,37.52117189288167,0.7441123064011598,37.048523689631494,True,37.5,36.5,38.6,0.95,0.05,0.0,0.7,0.03,2,1784969478.1224055,True,True,True,False,1784969337.3737402,0,False,0,0,False
1784849457.3002179,20,1784969488.097566,37.49980926222629,0.743921568627451,37.02182040131228,True,37.5,36.5,38.6,0.95,0.05,0.0,0.7,0.03,2,1784969498.126494,True,True,True,False,1784969337.3737402,0,0,1,0,False
1784849457.3002179,20,1784969508.1046815,37.49446860456244,0.7438834210727093,37.01915007248036,True,37.5,36.5,38.6,0.95,0.05,0.0,0.7,0.03,2,1784969518.131732,True,False,True,True,1784969517.3737423,0,0,1,0,False
1784849457.3002179,20,1784969528.110922,37.50514991989013,0.7439597161821928,36.98443579766537,True,37.5,36.5,38.6,0.95,0.05,0.0,0.7,0.03,2,1784969538.1383836,True,True,True,False,1784969517.3737423,0,False,0,0,False
1784849457.3002179,20,1784969548.1179368,37.46776531624323,0.7439787899595636,36.981765468833444,True,37.5,36.5,38.6,0.95,0.05,0.0,0.7,0.03,2,1784969558.1466112,True,True,True,False,1784969517.3737423,0,0,1,0,False
1784849457.3002179,20,1784969568.1248605,37.481116960402844,0.7439597161821928,37.00045777065691,True,37.5,36.5,38.6,0.95,0.05,0.0,0.7,0.03,2,1784969578.1526806,True,True,True,False,1784969517.3737423,0,0,1,0,False
1784849457.3002179,20,1784969588.1311078,37.465094987411305,0.7438261997405966,36.99511711299306,True,37.5,36.5,38.6,0.95,0.05,0.0,0.7,0.03,2,1784969598.1587293,True,True,True,False,1784969517.3737423,0,0,1,0,False
1784849457.3002179,20,1784969608.1380029,37.507820248722055,0.743768978408484,37.01647974364843,True,37.5,36.5,38.6,0.95,0.05,0.0,0.7,0.03,2,1784969618.1661232,True,False,True,False,1784969517.3737423,0,False,0,0,False
1784849457.3002179,20,1784969628.1449726,37.52918287937743,0.744207675288014,37.04318303196766,True,37.5,36.5,38.6,0.95,0.05,0.0,0.7,0.03,2,1784969638.172069,True,False,True,False,1784969517.3737423,0,False,0,0,False
1784849457.3002179,20,1784969648.1514623,37.513160906385906,0.7441504539559014,37.029831387808045,True,37.5,36.5,38.6,0.95,0.05,0.0,0.7,0.03,2,1784969658.178496,True,False,True,False,1784969517.3737423,0,False,0,0,False
1784849457.3002179,20,1784969668.15777,37.49980926222629,0.7438834210727093,37.00045777065691,True,37.5,36.5,38.6,0.95,0.05,0.0,0.7,0.03,2,1784969678.1894848,True,False,True,False,1784969517.3737423,0,0,1,0,False
1784849457.3002179,20,1784969688.1645727,37.50514991989013,0.7440932326237888,37.00045777065691,True,37.5,36.5,38.6,0.95,0.05,0.0,0.7,0.03,2,1784969698.1939394,True,False,True,True,1784969697.3737593,0,False,0,0,False
1784849457.3002179,20,1784969708.1721904,37.46242465857938,0.744055085069047,37.01380941481651,True,37.5,36.5,38.6,0.95,0.05,0.0,0.7,0.03,2,1784969718.2010696,True,False,True,False,1784969697.3737593,0,0,1,0,False
1784849457.3002179,20,1784969728.1792498,37.46242465857938,0.743921568627451,36.97909514000152,True,37.5,36.5,38.6,0.95,0.05,0.0,0.7,0.03,2,1784969738.206339,True,False,True,False,1784969697.3737593,0,0,1,0,False
1784849457.3002179,20,1784969748.1861768,37.47310597390707,0.7439787899595636,36.99778744182498,True,37.5,36.5,38.6,0.95,0.05,0.0,0.7,0.03,2,1784969758.2190113,True,False,True,False,1784969697.3737593,0,0,1,0,False
1784849457.3002179,20,1784969768.1974545,37.48645761806668,0.7440169375143053,37.00045777065691,True,37.5,36.5,38.6,0.95,0.05,0.0,0.7,0.03,2,1784969778.2248132,True,True,True,False,1784969697.3737593,0,0,1,0,False
1784849457.3002179,20,1784969788.2037184,37.52384222171359,0.7441695277332723,37.00045777065691,True,37.5,36.5,38.6,0.95,0.05,0.0,0.7,0.03,2,1784969798.2311935,True,False,True,False,1784969697.3737593,0,False,0,0,False
1784849457.3002179,20,1784969808.210069,37.513160906385906,0.7440741588464179,37.02716105897612,True,37.5,36.5,38.6,0.95,0.05,0.0,0.7,0.03,2,1784969818.2414799,True,False,True,False,1784969697.3737593,0,False,0,0,False
1784849457.3002179,20,1784969828.216499,37.49713893339437,0.7442267490653849,37.01647974364843,True,37.5,36.5,38.6,0.95,0.05,0.0,0.7,0.03,2,1784969838.2443247,True,True,True,False,1784969697.3737593,0,0,1,0,False
1784849457.3002179,20,1784969848.22332,37.48645761806668,0.7439406424048218,36.99778744182498,True,37.5,36.5,38.6,0.95,0.05,0.0,0.7,0.03,2,1784969858.2513363,True,True,True,False,1784969697.3737593,0,0,1,0,False
1784849457.3002179,20,1784969868.2309165,37.47844663157092,0.7439787899595636,37.00045777065691,True,37.5,36.5,38.6,0.95,0.05,0.0,0.7,0.03,2,1784969878.2596123,True,False,True,True,1784969877.3737898,0,0,1,0,False
1784849457.3002179,20,1784969888.238492,37.47844663157092,0.7440360112916763,36.989776455329206,True,37.5,36.5,38.6,0.95,0.05,0.0,0.7,0.03,2,1784969898.267295,True,False,True,False,1784969877.3737898,0,0,1,0,False
1784849457.3002179,20,1784969908.2460148,37.483787289234755,0.7441123064011598,36.987106126497295,True,37.5,36.5,38.6,0.95,0.05,0.0,0.7,0.03,2,1784969918.2746983,True,True,True,False,1784969877.3737898,0,0,1,0,False
1784849457.3002179,20,1784969928.2535725,37.51583123521782,0.7440741588464179,37.005798428320745,True,37.5,36.5,38.6,0.95,0.05,0.0,0.7,0.03,2,1784969938.2813945,True,True,True,False,1784969877.3737898,0,False,0,0,False
1784849457.3002179,20,1784969948.260582,37.526512550545505,0.7439978637369344,37.00846875715267,True,37.5,36.5,38.6,0.95,0.05,0.0,0.7,0.03,2,1784969958.288713,True,True,True,False,1784969877.3737898,0,False,0,0,False
1784849457.3002179,20,1784969968.2669356,37.52384222171359,0.744055085069047,37.02716105897612,True,37.5,36.5,38.6,0.95,0.05,0.0,0.7,0.03,2,1784969978.300688,True,True,True,False,1784969877.3737898,0,False,0,0,False
1784849457.3002179,20,1784969988.2733548,37.513160906385906,0.7440741588464179,37.02182040131228,True,37.5,36.5,38.6,0.95,0.05,0.0,0.7,0.03,2,1784969998.300484,True,True,True,False,1784969877.3737898,0,False,0,0,False
1784849457.3002179,20,1784970008.2797945,37.481116960402844,0.7439978637369344,37.00045777065691,True,37.5,36.5,38.6,0.95,0.05,0.0,0.7,0.03,2,1784970018.3072824,False,True,True,False,1784969877.3737898,0,0,1,0,False
1784849457.3002179,20,1784970028.2867262,37.45975432974747,0.7437880521858549,36.989776455329206,True,37.5,36.5,38.6,0.95,0.05,0.0,0.7,0.03,2,1784970038.329187,False,True,True,False,1784969877.3737898,0,0,1,0,False
1784849457.3002179,20,1784970048.2943504,37.438391699092094,0.7438071259632258,37.00846875715267,True,37.5,36.5,38.6,0.95,0.05,0.0,0.7,0.03,2,1784970058.3230774,False,False,True,True,1784970057.373798,0,0,1,0,False
1784849457.3002179,20,1784970068.3012774,37.46242465857938,0.7440932326237888,37.01647974364843,True,37.5,36.5,38.6,0.95,0.05,0.0,0.7,0.03,2,1784970078.329154,False,True,True,False,1784970057.373798,0,0,1,0,False
1784849457.3002179,20,1784970088.3081362,37.489127946898606,0.7440169375143053,37.03784237430381,True,37.5,36.5,38.6,0.95,0.05,0.0,0.7,0.03,2,1784970098.3358583,False,False,True,False,1784970057.373798,0,0,1,0,False
1784849457.3002179,20,1784970108.3150802,37.47844663157092,0.7436545357442589,37.04051270313573,True,37.5,36.5,38.6,0.95,0.05,0.0,0.7,0.03,2,1784970118.3425803,False,False,True,False,1784970057.373798,0,0,1,0,False
1784849457.3002179,20,1784970128.321451,37.526512550545505,0.7441313801785305,37.08056763561456,True,37.5,36.5,38.6,0.95,0.05,0.0,0.7,0.03,2,1784970138.3490047,False,True,True,False,1784970057.373798,0,False,0,0,False
1784849457.3002179,20,1784970148.327788,37.51049057755398,0.7439978637369344,37.08323796444648,True,37.5,36.5,38.6,0.95,0.05,0.0,0.7,0.03,2,1784970158.358128,False,True,True,False,1784970057.373798,0,False,0,0,False
1784849457.3002179,20,1784970168.3345006,37.507820248722055,0.7439787899595636,37.08056763561456,True,37.5,36.5,38.6,0.95,0.05,0.0,0.7,0.03,2,1784970178.3648932,False,False,True,False,1784970057.373798,0,False,0,0,False
1784849457.3002179,20,1784970188.341207,37.48645761806668,0.7437499046311131,37.06988632028687,True,37.5,36.5,38.6,0.95,0.05,0.0,0.7,0.03,2,1784970198.3687913,False,True,True,False,1784970057.373798,0,0,1,0,False
1784849457.3002179,20,1784970208.347768,37.470435645075156,0.7441695277332723,37.07522697795072,True,37.5,36.5,38.6,0.95,0.05,0.0,0.7,0.03,2,1784970218.3744912,False,True,True,False,1784970057.373798,0,0,1,0,False
1784849457.3002179,20,1784970228.353931,37.470435645075156,0.7440932326237888,37.04318303196766,True,37.5,36.5,38.6,0.95,0.05,0.0,0.7,0.03,2,1784970238.3817093,False,True,True,True,1784970237.3738084,0,0,1,0,False
1784849457.3002179,20,1784970248.3607063,37.48645761806668,0.7438071259632258,37.067215991454944,True,37.5,36.5,38.6,0.95,0.05,0.0,0.7,0.03,2,1784970258.3890018,False,True,True,False,1784970237.3738084,0,0,1,0,False
1784849457.3002179,20,1784970268.3676314,37.47844663157092,0.7438452735179675,37.08056763561456,True,37.5,36.5,38.6,0.95,0.05,0.0,0.7,0.03,2,1784970278.397361,False,True,True,False,1784970237.3738084,0,0,1,0,False
1784849457.3002179,20,1784970288.3738844,37.526512550545505,0.7440932326237888,37.08056763561456,True,37.5,36.5,38.6,0.95,0.05,0.0,0.7,0.03,2,1784970298.407961,False,False,True,False,1784970237.3738084,0,False,0,0,False
1784849457.3002179,20,1784970308.3804398,37.50514991989013,0.7437880521858549,37.099259937438006,True,37.5,36.5,38.6,0.95,0.05,0.0,0.7,0.03,2,1784970318.4079692,False,False,True,False,1784970237.3738084,0,False,0,0,False
1784849457.3002179,20,1784970328.387419,37.49980926222629,0.7441123064011598,37.08056763561456,True,37.5,36.5,38.6,0.95,0.05,0.0,0.7,0.03,2,1784970338.4158685,False,False,True,False,1784970237.3738084,0,0,1,0,False
1784849457.3002179,20,1784970348.3948464,37.49446860456244,0.7438261997405966,37.08857862211032,True,37.5,36.5,38.6,0.95,0.05,0.0,0.7,0.03,2,1784970358.425059,False,False,True,False,1784970237.3738084,0,0,1,0,False
1784849457.3002179,20,1784970368.4022293,37.51850156404974,0.7441886015106433,37.08590829327841,True,37.5,36.5,38.6,0.95,0.05,0.0,0.7,0.03,2,1784970378.4345324,False,False,True,False,1784970237.3738084,0,False,0,0,False
1784849457.3002179,20,1784970388.4085383,37.45975432974747,0.7441313801785305,37.08590829327841,True,37.5,36.5,38.6,0.95,0.05,0.0,0.7,0.03,2,1784970398.435808,False,True,True,False,1784970237.3738084,0,0,1,0,False
1784849457.3002179,20,1784970408.415073,37.49179827573053,0.7439597161821928,37.091248950942244,True,37.5,36.5,38.6,0.95,0.05,0.0,0.7,0.03,2,1784970418.442195,False,False,True,True,1784970417.3738492,0,0,1,0,False
1784849457.3002179,20,1784970428.42123,37.50247959105822,0.7440360112916763,37.091248950942244,True,37.5,36.5,38.6,0.95,0.05,0.0,0.7,0.03,2,1784970438.4486678,False,True,True,False,1784970417.3738492,0,False,0,0,False
1784849457.3002179,20,1784970448.4275827,37.45975432974747,0.7436926832990005,37.08857862211032,True,37.5,36.5,38.6,0.95,0.05,0.0,0.7,0.03,2,1784970458.4558823,False,True,True,False,1784970417.3738492,0,0,1,0,False
1784849457.3002179,20,1784970468.4345887,37.483787289234755,0.7441886015106433,37.096589608606095,True,37.5,36.5,38.6,0.95,0.05,0.0,0.7,0.03,2,1784970478.4625483,False,False,True,False,1784970417.3738492,0,0,1,0,False
1784849457.3002179,20,1784970488.4416215,37.51049057755398,0.743921568627451,37.091248950942244,True,37.5,36.5,38.6,0.95,0.05,0.0,0.7,0.03,2,1784970498.4719179,False,True,True,False,1784970417.3738492,0,False,0,0,False
1784849457.3002179,20,1784970508.4480414,37.49446860456244,0.7437308308537424,37.109941252765694,True,37.5,36.5,38.6,0.95,0.05,0.0,0.7,0.03,2,1784970518.475536,False,False,True,False,1784970417.3738492,0,0,1,0,False
1784849457.3002179,20,1784970528.4542794,37.51583123521782,0.7440741588464179,37.08056763561456,True,37.5,36.5,38.6,0.95,0.05,0.0,0.7,0.03,2,1784970538.4820569,False,True,True,False,1784970417.3738492,0,False,0,0,False
1784849457.3002179,20,1784970548.4608583,37.51049057755398,0.7436926832990005,37.09391927977417,True,37.5,36.5,38.6,0.95,0.05,0.0,0.7,0.03,2,1784970558.4892218,False,False,True,False,1784970417.3738492,0,False,0,0,False
1784849457.3002179,20,1784970568.4672148,37.48645761806668,0.7436736095216296,37.08056763561456,True,37.5,36.5,38.6,0.95,0.05,0.0,0.7,0.03,2,1784970578.4949439,False,True,True,False,1784970417.3738492,0,0,1,0,False
1784849457.3002179,20,1784970588.4740224,37.45441367208362,0.7436354619668879,37.05920500495918,True,37.5,36.5,38.6,0.95,0.05,0.0,0.7,0.03,2,1784970598.5019531,False,True,True,True,1784970597.3738701,0,0,1,0,False
1784849457.3002179,20,1784970608.4814475,37.45441367208362,0.7439406424048218,37.06454566262303,True,37.5,36.5,38.6,0.95,0.05,0.0,0.7,0.03,2,1784970618.5143456,False,False,True,False,1784970597.3738701,0,0,1,0,False
1784849457.3002179,20,1784970628.4883802,37.465094987411305,0.7439024948500801,37.06454566262303,True,37.5,36.5,38.6,0.95,0.05,0.0,0.7,0.03,2,1784970638.515649,False,True,True,False,1784970597.3738701,0,0,1,0,False
1784849457.3002179,20,1784970648.4946234,37.50247959105822,0.7442267490653849,37.08323796444648,True,37.5,36.5,38.6,0.95,0.05,0.0,0.7,0.03,2,1784970658.5265493,False,True,True,False,1784970597.3738701,0,False,0,0,False
1784849457.3002179,20,1784970668.5013745,37.51583123521782,0.743921568627451,37.10193026626993,True,37.5,36.5,38.6,0.95,0.05,0.0,0.7,0.03,2,1784970678.529108,False,False,True,False,1784970597.3738701,0,False,0,0,False
1784849457.3002179,20,1784970688.5077386,37.49446860456244,0.7440169375143053,37.096589608606095,True,37.5,36.5,38.6,0.95,0.05,0.0,0.7,0.03,2,1784970698.5385878,False,True,True,False,1784970597.3738701,0,0,1,0,False
1784849457.3002179,20,1784970708.514141,37.489127946898606,0.7440932326237888,37.109941252765694,True,37.5,36.5,38.6,0.95,0.05,0.0,0.7,0.03,2,1784970718.5433598,False,False,True,False,1784970597.3738701,0,0,1,0,False
1784849457.3002179,20,1784970728.5206187,37.483787289234755,0.7439597161821928,37.10727092393378,True,37.5,36.5,38.6,0.95,0.05,0.0,0.7,0.03,2,1784970738.5509174,False,False,True,False,1784970597.3738701,0,0,1,0,False
1784849457.3002179,20,1784970748.527213,37.489127946898606,0.7438452735179675,37.13130388342107,True,37.5,36.5,38.6,0.95,0.05,0.0,0.7,0.03,2,1784970758.5569158,False,True,True,False,1784970597.3738701,0,0,1,0,False
1784849457.3002179,20,1784970768.5337505,37.52918287937743,0.744207675288014,37.12329289692531,True,37.5,36.5,38.6,0.95,0.05,0.0,0.7,0.03,2,1784970778.5629313,False,False,True,True,1784970777.3739166,0,False,0,0,False
1784849457.3002179,20,1784970788.540803,37.513160906385906,0.7439024948500801,37.10727092393378,True,37.5,36.5,38.6,0.95,0.05,0.0,0.7,0.03,2,1784970798.569484,False,True,True,False,1784970777.3739166,0,False,0,0,False
1784849457.3002179,20,1784970808.548427,37.48645761806668,0.7439787899595636,37.10727092393378,True,37.5,36.5,38.6,0.95,0.05,0.0,0.7,0.03,2,1784970818.5765574,False,False,True,False,1784970777.3739166,0,0,1,0,False
1784849457.3002179,20,1784970828.5559828,37.481116960402844,0.7439978637369344,37.08056763561456,True,37.5,36.5,38.6,0.95,0.05,0.0,0.7,0.03,2,1784970838.587241,False,True,True,False,1784970777.3739166,0,0,1,0,False
1784849457.3002179,20,1784970848.5635724,37.470435645075156,0.7437880521858549,37.08323796444648,True,37.5,36.5,38.6,0.95,0.05,0.0,0.7,0.03,2,1784970858.5917876,False,True,True,False,1784970777.3739166,0,0,1,0,False
1784849457.3002179,20,1784970868.5706887,37.46776531624323,0.7439597161821928,37.091248950942244,True,37.5,36.5,38.6,0.95,0.05,0.0,0.7,0.03,2,1784970878.598183,False,False,True,False,1784970777.3739166,0,0,1,0,False
1784849457.3002179,20,1784970888.5769713,37.49980926222629,0.7440360112916763,37.11795223926147,True,37.5,36.5,38.6,0.95,0.05,0.0,0.7,0.03,2,1784970898.6043327,False,True,True,False,1784970777.3739166,0,0,1,0,False
1784849457.3002179,20,1784970908.5832117,37.53719386587319,0.7440169375143053,37.12596322575723,True,37.5,36.5,38.6,0.95,0.05,0.0,0.7,0.03,2,1784970918.6102934,False,False,True,False,1784970777.3739166,0,False,0,0,False
1784849457.3002179,20,1784970928.5894992,37.54253452353704,0.743768978408484,37.10727092393378,True,37.5,36.5,38.6,0.95,0.05,0.0,0.7,0.03,2,1784970938.6174653,False,True,True,False,1784970777.3739166,0,False,0,0,False
1784849457.3002179,20,1784970948.5959241,37.49980926222629,0.7439406424048218,37.115281910429545,True,37.5,36.5,38.6,0.95,0.05,0.0,0.7,0.03,2,1784970958.6233568,False,True,True,True,1784970957.3739464,0,0,1,0,False
1784849457.3002179,20,1784970968.6022398,37.49713893339437,0.7438452735179675,37.091248950942244,True,37.5,36.5,38.6,0.95,0.05,0.0,0.7,0.03,2,1784970978.629662,False,True,True,False,1784970957.3739464,0,0,1,0,False
1784849457.3002179,20,1784970988.6084678,37.470435645075156,0.7437499046311131,37.08590829327841,True,37.5,36.5,38.6,0.95,0.05,0.0,0.7,0.03,2,1784970998.6370687,False,False,True,False,1784970957.3739464,0,0,1,0,False
1784849457.3002179,20,1784971008.615459,37.470435645075156,0.743921568627451,37.091248950942244,True,37.5,36.5,38.6,0.95,0.05,0.0,0.7,0.03,2,1784971018.6462266,False,False,True,False,1784970957.3739464,0,0,1,0,False
1784849457.3002179,20,1784971028.6232023,37.48645761806668,0.7438071259632258,37.096589608606095,True,37.5,36.5,38.6,0.95,0.05,0.0,0.7,0.03,2,1784971038.6524162,False,True,True,False,1784970957.3739464,0,0,1,0,False
1784849457.3002179,20,1784971048.6310003,37.507820248722055,0.7438261997405966,37.12062256809338,True,37.5,36.5,38.6,0.95,0.05,0.0,0.7,0.03,2,1784971058.6598938,False,True,True,False,1784970957.3739464,0,False,0,0,False
1784849457.3002179,20,1784971068.638178,37.54253452353704,0.7438261997405966,37.10727092393378,True,37.5,36.5,38.6,0.95,0.05,0.0,0.7,0.03,2,1784971078.6737928,False,True,True,False,1784970957.3739464,0,False,0,0,False
1784849457.3002179,20,1784971088.6453447,37.49980926222629,0.7438834210727093,37.12863355458916,True,37.5,36.5,38.6,0.95,0.05,0.0,0.7,0.03,2,1784971098.6739128,False,True,True,False,1784970957.3739464,0,0,1,0,False
1784849457.3002179,20,1784971108.6522744,37.46242465857938,0.7435591668574044,37.099259937438006,True,37.5,36.5,38.6,0.95,0.05,0.0,0.7,0.03,2,1784971118.680444,False,False,True,False,1784970957.3739464,0,0,1,0,False
1784849457.3002179,20,1784971128.6584952,37.47844663157092,0.744055085069047,37.10193026626993,True,37.5,36.5,38.6,0.95,0.05,0.0,0.7,0.03,2,1784971138.6859653,False,True,True,True,1784971137.373966,0,0,1,0,False
1784849457.3002179,20,1784971148.6647751,37.489127946898606,0.7435973144121462,37.10460059510186,True,37.5,36.5,38.6,0.95,0.05,0.0,0.7,0.03,2,1784971158.6948295,False,False,True,False,1784971137.373966,0,0,1,0,False
1784849457.3002179,20,1784971168.6710472,37.49713893339437,0.7438834210727093,37.091248950942244,True,37.5,36.5,38.6,0.95,0.05,0.0,0.7,0.03,2,1784971178.6984339,False,False,True,False,1784971137.373966,0,0,1,0,False
1784849457.3002179,20,1784971188.6772838,37.513160906385906,0.7438071259632258,37.139314869916845,True,37.5,36.5,38.6,0.95,0.05,0.0,0.7,0.03,2,1784971198.7046702,False,True,True,False,1784971137.373966,0,False,0,0,False
1784849457.3002179,20,1784971208.6836941,37.53986419470512,0.7438452735179675,37.14999618524453,True,37.5,36.5,38.6,0.95,0.05,0.0,0.7,0.03,2,1784971218.711072,False,True,True,False,1784971137.373966,0,False,0,0,False
1784849457.3002179,20,1784971228.6901367,37.52384222171359,0.7439787899595636,37.12863355458916,True,37.5,36.5,38.6,0.95,0.05,0.0,0.7,0.03,2,1784971238.7198231,False,True,True,False,1784971137.373966,0,False,0,0,False
1784849457.3002179,20,1784971248.6972687,37.49713893339437,0.743921568627451,37.10460059510186,True,37.5,36.5,38.6,0.95,0.05,0.0,0.7,0.03,2,1784971258.7261286,False,True,True,False,1784971137.373966,0,0,1,0,False
1784849457.3002179,20,1784971268.7047963,37.49980926222629,0.7438643472953383,37.091248950942244,True,37.5,36.5,38.6,0.95,0.05,0.0,0.7,0.03,2,1784971278.7366989,False,False,True,False,1784971137.373966,0,0,1,0,False
1784849457.3002179,20,1784971288.7152603,37.47310597390707,0.7436545357442589,37.08056763561456,True,37.5,36.5,38.6,0.95,0.05,0.0,0.7,0.03,2,1784971298.743191,False,False,True,False,1784971137.373966,0,0,1,0,False
1784849457.3002179,20,1784971308.7222183,37.489127946898606,0.7439787899595636,37.07789730678263,True,37.5,36.5,38.6,0.95,0.05,0.0,0.7,0.03,2,1784971318.7515514,False,False,True,True,1784971317.3740025,0,0,1,0,False
1784849457.3002179,20,1784971328.7287438,37.489127946898606,0.7439024948500801,37.10727092393378,True,37.5,36.5,38.6,0.95,0.05,0.0,0.7,0.03,2,1784971338.7588327,False,False,True,False,1784971317.3740025,0,0,1,0,False
1784849457.3002179,20,1784971348.7350461,37.51049057755398,0.7439597161821928,37.12596322575723,True,37.5,36.5,38.6,0.95,0.05,0.0,0.7,0.03,2,1784971358.7622237,False,False,True,False,1784971317.3740025,0,False,0,0,False
1784849457.3002179,20,1784971368.7420986,37.53452353704128,0.7439597161821928,37.14465552758068,True,37.5,36.5,38.6,0.95,0.05,0.0,0.7,0.03,2,1784971378.7705584,False,False,True,False,1784971317.3740025,0,False,0,0,False
1784849457.3002179,20,1784971388.7490587,37.51850156404974,0.7439597161821928,37.12329289692531,True,37.5,36.5,38.6,0.95,0.05,0.0,0.7,0.03,2,1784971398.776591,False,True,True,False,1784971317.3740025,0,False,0,0,False
1784849457.3002179,20,1784971408.7554533,37.507820248722055,0.7438834210727093,37.12329289692531,True,37.5,36.5,38.6,0.95,0.05,0.0,0.7,0.03,2,1784971418.7829065,False,False,True,False,1784971317.3740025,0,False,0,0,False
1784849457.3002179,20,1784971428.7618012,37.470435645075156,0.7439406424048218,37.10193026626993,True,37.5,36.5,38.6,0.95,0.05,0.0,0.7,0.03,2,1784971438.7894652,False,False,True,False,1784971317.3740025,0,0,1,0,False
1784849457.3002179,20,1784971448.7687488,37.45441367208362,0.7438261997405966,37.109941252765694,True,37.5,36.5,38.6,0.95,0.05,0.0,0.7,0.03,2,1784971458.796469,False,False,True,False,1784971317.3740025,0,0,1,0,False
1784849457.3002179,20,1784971468.7755902,37.47310597390707,0.7440932326237888,37.07522697795072,True,37.5,36.5,38.6,0.95,0.05,0.0,0.7,0.03,2,1784971478.8065853,False,True,True,False,1784971317.3740025,0,0,1,0,False
1784849457.3002179,20,1784971488.7819843,37.46776531624323,0.7438452735179675,37.10193026626993,True,37.5,36.5,38.6,0.95,0.05,0.0,0.7,0.03,2,1784971498.809865,False,False,True,True,1784971497.37404,0,0,1,0,False
1784849457.3002179,20,1784971508.7882588,37.49446860456244,0.7439787899595636,37.09391927977417,True,37.5,36.5,38.6,0.95,0.05,0.0,0.7,0.03,2,1784971518.8257196,False,False,True,False,1784971497.37404,0,0,1,0,False
1784849457.3002179,20,1784971528.7945251,37.51049057755398,0.7440741588464179,37.12863355458916,True,37.5,36.5,38.6,0.95,0.05,0.0,0.7,0.03,2,1784971538.823963,False,True,True,False,1784971497.37404,0,False,0,0,False
1784849457.3002179,20,1784971548.8019626,37.531853208209355,0.7440360112916763,37.13664454108492,True,37.5,36.5,38.6,0.95,0.05,0.0,0.7,0.03,2,1784971558.8312771,False,True,True,False,1784971497.37404,0,False,0,0,False
1784849457.3002179,20,1784971568.8089359,37.507820248722055,0.7440741588464179,37.12329289692531,True,37.5,36.5,38.6,0.95,0.05,0.0,0.7,0.03,2,1784971578.8371515,False,False,True,False,1784971497.37404,0,False,0,0,False
1784849457.3002179,20,1784971588.8160982,37.48645761806668,0.7435782406347754,37.091248950942244,True,37.5,36.5,38.6,0.95,0.05,0.0,0.7,0.03,2,1784971598.844888,False,False,True,False,1784971497.37404,0,0,1,0,False
1784849457.3002179,20,1784971608.8233252,37.45975432974747,0.7438834210727093,37.07522697795072,True,37.5,36.5,38.6,0.95,0.05,0.0,0.7,0.03,2,1784971618.8507993,False,False,True,False,1784971497.37404,0,0,1,0,False
1784849457.3002179,20,1784971628.8296404,37.470435645075156,0.7438071259632258,37.08590829327841,True,37.5,36.5,38.6,0.95,0.05,0.0,0.7,0.03,2,1784971638.8567793,False,True,True,False,1784971497.37404,0,0,1,0,False
1784849457.3002179,20,1784971648.8359072,37.45975432974747,0.7437499046311131,37.09391927977417,True,37.5,36.5,38.6,0.95,0.05,0.0,0.7,0.03,2,1784971658.8637722,False,False,True,False,1784971497.37404,0,0,1,0,False
1784849457.3002179,20,1784971668.8420744,37.49980926222629,0.7437499046311131,37.10727092393378,True,37.5,36.5,38.6,0.95,0.05,0.0,0.7,0.03,2,1784971678.8702564,False,False,True,True,1784971677.3740678,0,0,1,0,False
1784849457.3002179,20,1784971688.848404,37.50514991989013,0.7440932326237888,37.12329289692531,True,37.5,36.5,38.6,0.95,0.05,0.0,0.7,0.03,2,1784971698.875943,False,False,True,False,1784971677.3740678,0,False,0,0,False
1784849457.3002179,20,1784971708.8549516,37.51049057755398,0.7439406424048218,37.13130388342107,True,37.5,36.5,38.6,0.95,0.05,0.0,0.7,0.03,2,1784971718.883214,False,True,True,False,1784971677.3740678,0,False,0,0,False
1784849457.3002179,20,1784971728.8612254,37.53719386587319,0.7438643472953383,37.12863355458916,True,37.5,36.5,38.6,0.95,0.05,0.0,0.7,0.03,2,1784971738.8884006,False,True,True,False,1784971677.3740678,0,False,0,0,False
1784849457.3002179,20,1784971748.867552,37.51049057755398,0.743768978408484,37.12062256809338,True,37.5,36.5,38.6,0.95,0.05,0.0,0.7,0.03,2,1784971758.8944352,False,False,True,False,1784971677.3740678,0,False,0,0,False
1784849457.3002179,20,1784971768.8738549,37.50247959105822,0.7439597161821928,37.11795223926147,True,37.5,36.5,38.6,0.95,0.05,0.0,0.7,0.03,2,1784971778.9012365,False,False,True,False,1784971677.3740678,0,False,0,0,False
1784849457.3002179,20,1784971788.8802705,37.465094987411305,0.7437880521858549,37.08056763561456,True,37.5,36.5,38.6,0.95,0.05,0.0,0.7,0.03,2,1784971798.907491,False,True,True,False,1784971677.3740678,0,0,1,0,False
1784849457.3002179,20,1784971808.8864331,37.44373235675593,0.7435019455252919,37.08590829327841,True,37.5,36.5,38.6,0.95,0.05,0.0,0.7,0.03,2,1784971818.9139194,False,False,True,False,1784971677.3740678,0,0,1,0,False
1784849457.3002179,20,1784971828.8933043,37.45975432974747,0.7438643472953383,37.08056763561456,True,37.5,36.5,38.6,0.95,0.05,0.0,0.7,0.03,2,1784971838.9230635,False,False,True,False,1784971677.3740678,0,0,1,0,False
1784849457.3002179,20,1784971848.9002976,37.481116960402844,0.7440741588464179,37.08323796444648,True,37.5,36.5,38.6,0.95,0.05,0.0,0.7,0.03,2,1784971858.9276638,False,True,True,True,1784971857.374087,0,0,1,0,False
1784849457.3002179,20,1784971868.906516,37.489127946898606,0.7438452735179675,37.11261158159762,True,37.5,36.5,38.6,0.95,0.05,0.0,0.7,0.03,2,1784971878.9357975,False,True,True,False,1784971857.374087,0,0,1,0,False
1784849457.3002179,20,1784971888.9129539,37.51049057755398,0.7438071259632258,37.11261158159762,True,37.5,36.5,38.6,0.95,0.05,0.0,0.7,0.03,2,1784971898.94073,False,True,True,False,1784971857.374087,0,False,0,0,False
1784849457.3002179,20,1784971908.9199538,37.54787518120088,0.7439597161821928,37.158007171740294,True,37.5,36.5,38.6,0.95,0.05,0.0,0.7,0.03,2,1784971918.9475217,False,False,True,False,1784971857.374087,0,False,0,0,False
1784849457.3002179,20,1784971928.9271424,37.51049057755398,0.7439024948500801,37.15533684290837,True,37.5,36.5,38.6,0.95,0.05,0.0,0.7,0.03,2,1784971938.954643,False,False,True,False,1784971857.374087,0,False,0,0,False
1784849457.3002179,20,1784971948.9335175,37.52117189288167,0.7440932326237888,37.13130388342107,True,37.5,36.5,38.6,0.95,0.05,0.0,0.7,0.03,2,1784971958.9612527,False,True,True,False,1784971857.374087,0,False,0,0,False
1784849457.3002179,20,1784971968.9398906,37.481116960402844,0.7438834210727093,37.091248950942244,True,37.5,36.5,38.6,0.95,0.05,0.0,0.7,0.03,2,1784971978.968293,False,True,True,False,1784971857.374087,0,0,1,0,False
1784849457.3002179,20,1784971988.94667,37.44907301441978,0.7437117570763714,37.11795223926147,True,37.5,36.5,38.6,0.95,0.05,0.0,0.7,0.03,2,1784971998.974314,False,True,True,False,1784971857.374087,0,0,1,0,False
1784849457.3002179,20,1784972008.953449,37.47577630273899,0.7438071259632258,37.10193026626993,True,37.5,36.5,38.6,0.95,0.05,0.0,0.7,0.03,2,1784972018.9804435,False,False,True,False,1784971857.374087,0,0,1,0,False
1784849457.3002179,20,1784972028.9603426,37.49713893339437,0.744055085069047,37.10727092393378,True,37.5,36.5,38.6,0.95,0.05,0.0,0.7,0.03,2,1784972038.9891152,False,True,True,True,1784972037.3740928,0,0,1,0,False
1784849457.3002179,20,1784972048.9678934,37.49179827573053,0.743921568627451,37.13664454108492,True,37.5,36.5,38.6,0.95,0.05,0.0,0.7,0.03,2,1784972058.996383,False,True,True,False,1784972037.3740928,0,0,1,0,False
1784849457.3002179,20,1784972068.9753733,37.49980926222629,0.7438071259632258,37.11795223926147,True,37.5,36.5,38.6,0.95,0.05,0.0,0.7,0.03,2,1784972079.0042446,False,False,True,False,1784972037.3740928,0,0,1,0,False
1784849457.3002179,20,1784972088.9823298,37.53719386587319,0.7437117570763714,37.16067750057222,True,37.5,36.5,38.6,0.95,0.05,0.0,0.7,0.03,2,1784972099.0097046,False,False,True,False,1784972037.3740928,0,False,0,0,False
1784849457.3002179,20,1784972108.9886727,37.526512550545505,0.743616388189517,37.158007171740294,True,37.5,36.5,38.6,0.95,0.05,0.0,0.7,0.03,2,1784972119.0161622,False,True,True,False,1784972037.3740928,0,False,0,0,False
1784849457.3002179,20,1784972128.9951801,37.54253452353704,0.7439024948500801,37.139314869916845,True,37.5,36.5,38.6,0.95,0.05,0.0,0.7,0.03,2,1784972139.022506,False,True,True,False,1784972037.3740928,0,False,0,0,False
1784849457.3002179,20,1784972149.0014496,37.51049057755398,0.743768978408484,37.13664454108492,True,37.5,36.5,38.6,0.95,0.05,0.0,0.7,0.03,2,1784972159.0288868,False,True,True,False,1784972037.3740928,0,False,0,0,False
1784849457.3002179,20,1784972169.0078063,37.49179827573053,0.7438261997405966,37.096589608606095,True,37.5,36.5,38.6,0.95,0.05,0.0,0.7,0.03,2,1784972179.0352814,False,True,True,False,1784972037.3740928,0,0,1,0,False
1784849457.3002179,20,1784972189.0141902,37.45975432974747,0.743768978408484,37.08056763561456,True,37.5,36.5,38.6,0.95,0.05,0.0,0.7,0.03,2,1784972199.0429811,False,True,True,False,1784972037.3740928,0,0,1,0,False
1784849457.3002179,20,1784972209.0203876,37.45975432974747,0.7434828717479209,37.10193026626993,True,37.5,36.5,38.6,0.95,0.05,0.0,0.7,0.03,2,1784972219.0478024,False,False,True,True,1784972217.3741238,0,0,1,0,False
1784849457.3002179,20,1784972229.0266569,37.470435645075156,0.7441313801785305,37.11795223926147,True,37.5,36.5,38.6,0.95,0.05,0.0,0.7,0.03,2,1784972239.0565944,False,True,True,False,1784972217.3741238,0,0,1,0,False
1784849457.3002179,20,1784972249.0329204,37.47577630273899,0.7440360112916763,37.10460059510186,True,37.5,36.5,38.6,0.95,0.05,0.0,0.7,0.03,2,1784972259.0619352,False,False,True,False,1784972217.3741238,0,0,1,0,False
1784849457.3002179,20,1784972269.039821,37.51049057755398,0.7439406424048218,37.12863355458916,True,37.5,36.5,38.6,0.95,0.05,0.0,0.7,0.03,2,1784972279.0712008,False,False,True,False,1784972217.3741238,0,False,0,0,False
1784849457.3002179,20,1784972289.046881,37.51583123521782,0.7439597161821928,37.14465552758068,True,37.5,36.5,38.6,0.95,0.05,0.0,0.7,0.03,2,1784972299.0745707,False,False,True,False,1784972217.3741238,0,False,0,0,False
1784849457.3002179,20,1784972309.0534053,37.50514991989013,0.7435591668574044,37.13130388342107,True,37.5,36.5,38.6,0.95,0.05,0.0,0.7,0.03,2,1784972319.0807874,False,False,True,False,1784972217.3741238,0,False,0,0,False
1784849457.3002179,20,1784972329.0597382,37.49980926222629,0.7441504539559014,37.12863355458916,True,37.5,36.5,38.6,0.95,0.05,0.0,0.7,0.03,2,1784972339.088912,False,False,True,False,1784972217.3741238,0,0,1,0,False
1784849457.3002179,20,1784972349.0658696,37.47310597390707,0.7438643472953383,37.115281910429545,True,37.5,36.5,38.6,0.95,0.05,0.0,0.7,0.03,2,1784972359.0943723,False,True,True,False,1784972217.3741238,0,0,1,0,False
1784849457.3002179,20,1784972369.072168,37.481116960402844,0.7439024948500801,37.11795223926147,True,37.5,36.5,38.6,0.95,0.05,0.0,0.7,0.03,2,1784972379.0996513,False,True,True,False,1784972217.3741238,0,0,1,0,False
1784849457.3002179,20,1784972389.0785036,37.49713893339437,0.7437880521858549,37.10727092393378,True,37.5,36.5,38.6,0.95,0.05,0.0,0.7,0.03,2,1784972399.11528,False,True,True,True,1784972397.3741426,0,0,1,0,False
1784849457.3002179,20,1784972409.0847652,37.52384222171359,0.7436926832990005,37.12329289692531,True,37.5,36.5,38.6,0.95,0.05,0.0,0.7,0.03,2,1784972419.115061,False,False,True,False,1784972397.3741426,0,False,0,0,False
1784849457.3002179,20,1784972429.0911286,37.50247959105822,0.7438643472953383,37.11795223926147,True,37.5,36.5,38.6,0.95,0.05,0.0,0.7,0.03,2,1784972439.118727,False,True,True,False,1784972397.3741426,0,False,0,0,False
1784849457.3002179,20,1784972449.0976393,37.50247959105822,0.7439787899595636,37.12062256809338,True,37.5,36.5,38.6,0.95,0.05,0.0,0.7,0.03,2,1784972459.1251268,False,False,True,False,1784972397.3741426,0,False,0,0,False
1784849457.3002179,20,1784972469.1040354,37.489127946898606,0.7437880521858549,37.096589608606095,True,37.5,36.5,38.6,0.95,0.05,0.0,0.7,0.03,2,1784972479.1398501,False,False,True,False,1784972397.3741426,0,0,1,0,False
1784849457.3002179,20,1784972489.1110563,37.489127946898606,0.7435973144121462,37.11261158159762,True,37.5,36.5,38.6,0.95,0.05,0.0,0.7,0.03,2,1784972499.1445217,False,False,True,False,1784972397.3741426,0,0,1,0,False
1784849457.3002179,20,1784972509.1187391,37.50514991989013,0.7437117570763714,37.12062256809338,True,37.5,36.5,38.6,0.95,0.05,0.0,0.7,0.03,2,1784972519.1543906,False,True,True,False,1784972397.3741426,0,False,0,0,False
1784849457.3002179,20,1784972529.125821,37.53719386587319,0.7439978637369344,37.11795223926147,True,37.5,36.5,38.6,0.95,0.05,0.0,0.7,0.03,2,1784972539.153419,False,False,True,False,1784972397.3741426,0,False,0,0,False
1784849457.3002179,20,1784972549.1323123,37.51049057755398,0.7437308308537424,37.10460059510186,True,37.5,36.5,38.6,0.95,0.05,0.0,0.7,0.03,2,1784972559.1606495,False,True,True,False,1784972397.3741426,0,False,0,0,False
1784849457.3002179,20,1784972569.138668,37.50247959105822,0.7437880521858549,37.11261158159762,True,37.5,36.5,38.6,0.95,0.05,0.0,0.7,0.03,2,1784972579.1656709,False,True,True,True,1784972577.3741727,0,False,0,0,False
1784849457.3002179,20,1784972589.1458368,37.49179827573053,0.743616388189517,37.12863355458916,True,37.5,36.5,38.6,0.95,0.05,0.0,0.7,0.03,2,1784972599.1741767,False,True,True,False,1784972577.3741727,0,0,1,0,False
1784849457.3002179,20,1784972609.1528296,37.45975432974747,0.7434637979705501,37.08056763561456,True,37.5,36.5,38.6,0.95,0.05,0.0,0.7,0.03,2,1784972619.1803226,False,False,True,False,1784972577.3741727,0,0,1,0,False
1784849457.3002179,20,1784972629.1590848,37.47577630273899,0.743768978408484,37.11261158159762,True,37.5,36.5,38.6,0.95,0.05,0.0,0.7,0.03,2,1784972639.186517,False,True,True,False,1784972577.3741727,0,0,1,0,False
1784849457.3002179,20,1784972649.1662567,37.507820248722055,0.7439978637369344,37.13664454108492,True,37.5,36.5,38.6,0.95,0.05,0.0,0.7,0.03,2,1784972659.1947794,False,True,True,False,1784972577.3741727,0,False,0,0,False
1784849457.3002179,20,1784972669.1737933,37.51049057755398,0.7436545357442589,37.139314869916845,True,37.5,36.5,38.6,0.95,0.05,0.0,0.7,0.03,2,1784972679.2015946,False,False,True,False,1784972577.3741727,0,False,0,0,False
1784849457.3002179,20,1784972689.180791,37.49446860456244,0.7438452735179675,37.12863355458916,True,37.5,36.5,38.6,0.95,0.05,0.0,0.7,0.03,2,1784972699.208229,False,True,True,False,1784972577.3741727,0,0,1,0,False
1784849457.3002179,20,1784972709.1871867,37.50514991989013,0.7437117570763714,37.141985198748756,True,37.5,36.5,38.6,0.95,0.05,0.0,0.7,0.03,2,1784972719.2149994,False,True,True,False,1784972577.3741727,0,False,0,0,False
1784849457.3002179,20,1784972729.1942325,37.46242465857938,0.7435591668574044,37.11261158159762,True,37.5,36.5,38.6,0.95,0.05,0.0,0.7,0.03,2,1784972739.2227163,False,True,True,False,1784972577.3741727,0,0,1,0,False
1784849457.3002179,20,1784972749.2013612,37.483787289234755,0.743768978408484,37.09391927977417,True,37.5,36.5,38.6,0.95,0.05,0.0,0.7,0.03,2,1784972759.228781,False,False,True,True,1784972757.3742013,0,0,1,0,False
1784849457.3002179,20,1784972769.2077696,37.49179827573053,0.7437308308537424,37.08056763561456,True,37.5,36.5,38.6,0.95,0.05,0.0,0.7,0.03,2,1784972779.2442064,False,True,True,False,1784972757.3742013,0,0,1,0,False
1784849457.3002179,20,1784972789.2142284,37.48645761806668,0.7438643472953383,37.096589608606095,True,37.5,36.5,38.6,0.95,0.05,0.0,0.7,0.03,2,1784972799.2415755,False,True,True,False,1784972757.3742013,0,0,1,0,False
1784849457.3002179,20,1784972809.2241428,37.513160906385906,0.7439978637369344,37.139314869916845,True,37.5,36.5,38.6,0.95,0.05,0.0,0.7,0.03,2,1784972819.2566667,False,False,True,False,1784972757.3742013,0,False,0,0,False
1784849457.3002179,20,1784972829.2352045,37.54520485236897,0.743768978408484,37.139314869916845,True,37.5,36.5,38.6,0.95,0.05,0.0,0.7,0.03,2,1784972839.2654705,False,False,True,False,1784972757.3742013,0,False,0,0,False
1784849457.3002179,20,1784972849.2429614,37.52384222171359,0.7438643472953383,37.115281910429545,True,37.5,36.5,38.6,0.95,0.05,0.0,0.7,0.03,2,1784972859.2710264,False,False,True,False,1784972757.3742013,0,False,0,0,False
1784849457.3002179,20,1784972869.2499533,37.489127946898606,0.7439787899595636,37.133974212252994,True,37.5,36.5,38.6,0.95,0.05,0.0,0.7,0.03,2,1784972879.2802112,False,False,True,False,1784972757.3742013,0,0,1,0,False
1784849457.3002179,20,1784972889.2563944,37.51049057755398,0.7438071259632258,37.11795223926147,True,37.5,36.5,38.6,0.95,0.05,0.0,0.7,0.03,2,1784972899.2842858,False,True,True,False,1784972757.3742013,0,False,0,0,False
1784849457.3002179,20,1784972909.2634122,37.483787289234755,0.7435210193026627,37.13130388342107,True,37.5,36.5,38.6,0.95,0.05,0.0,0.7,0.03,2,1784972919.292979,False,True,True,False,1784972757.3742013,0,0,1,0,False
1784849457.3002179,20,1784972929.2702804,37.526512550545505,0.7434828717479209,37.10727092393378,True,37.5,36.5,38.6,0.95,0.05,0.0,0.7,0.03,2,1784972939.2980635,False,True,True,True,1784972937.374232,0,False,0,0,False
1784849457.3002179,20,1784972949.2797494,37.51049057755398,0.7435400930800335,37.115281910429545,True,37.5,36.5,38.6,0.95,0.05,0.0,0.7,0.03,2,1784972959.310359,False,False,True,False,1784972937.374232,0,False,0,0,False
1784849457.3002179,20,1784972969.2898195,37.470435645075156,0.743921568627451,37.11261158159762,True,37.5,36.5,38.6,0.95,0.05,0.0,0.7,0.03,2,1784972979.3177423,False,False,True,False,1784972937.374232,0,0,1,0,False
1784849457.3002179,20,1784972989.297042,37.47577630273899,0.7439597161821928,37.06988632028687,True,37.5,36.5,38.6,0.95,0.05,0.0,0.7,0.03,2,1784972999.3325639,False,True,True,False,1784972937.374232,0,0,1,0,False
1784849457.3002179,20,1784973009.3033152,37.47577630273899,0.7435782406347754,37.06454566262303,True,37.5,36.5,38.6,0.95,0.05,0.0,0.7,0.03,2,1784973019.3336246,False,True,True,False,1784972937.374232,0,0,1,0,False
1784849457.3002179,20,1784973029.3096147,37.50247959105822,0.7439597161821928,37.11795223926147,True,37.5,36.5,38.6,0.95,0.05,0.0,0.7,0.03,2,1784973039.336577,False,False,True,False,1784972937.374232,0,False,0,0,False
1784849457.3002179,20,1784973049.3159804,37.513160906385906,0.7438834210727093,37.12062256809338,True,37.5,36.5,38.6,0.95,0.05,0.0,0.7,0.03,2,1784973059.3439102,False,False,True,False,1784972937.374232,0,False,0,0,False
1784849457.3002179,20,1784973069.3225312,37.51049057755398,0.7437308308537424,37.15533684290837,True,37.5,36.5,38.6,0.95,0.05,0.0,0.7,0.03,2,1784973079.34957,False,True,True,False,1784972937.374232,0,False,0,0,False
1784849457.3002179,20,1784973089.3289104,37.489127946898606,0.7438452735179675,37.12863355458916,True,37.5,36.5,38.6,0.95,0.05,0.0,0.7,0.03,2,1784973099.3558931,False,False,True,False,1784972937.374232,0,0,1,0,False
1784849457.3002179,20,1784973109.335198,37.50514991989013,0.7437117570763714,37.12596322575723,True,37.5,36.5,38.6,0.95,0.05,0.0,0.7,0.03,2,1784973119.3643503,False,False,True,True,1784973117.3742468,0,False,0,0,False
1784849457.3002179,20,1784973129.3414981,37.46242465857938,0.743616388189517,37.10727092393378,True,37.5,36.5,38.6,0.95,0.05,0.0,0.7,0.03,2,1784973139.3687458,False,False,True,False,1784973117.3742468,0,0,1,0,False
1784849457.3002179,20,1784973149.3483806,37.47310597390707,0.7437880521858549,37.099259937438006,True,37.5,36.5,38.6,0.95,0.05,0.0,0.7,0.03,2,1784973159.3770344,False,True,True,False,1784973117.3742468,0,0,1,0,False
1784849457.3002179,20,1784973169.355966,37.48645761806668,0.7435210193026627,37.091248950942244,True,37.5,36.5,38.6,0.95,0.05,0.0,0.7,0.03,2,1784973179.3846655,False,False,True,False,1784973117.3742468,0,0,1,0,False
1784849457.3002179,20,1784973189.3630297,37.48645761806668,0.7438261997405966,37.133974212252994,True,37.5,36.5,38.6,0.95,0.05,0.0,0.7,0.03,2,1784973199.394694,False,False,True,False,1784973117.3742468,0,0,1,0,False
1784849457.3002179,20,1784973209.369232,37.507820248722055,0.7439597161821928,37.16067750057222,True,37.5,36.5,38.6,0.95,0.05,0.0,0.7,0.03,2,1784973219.3969095,False,False,True,False,1784973117.3742468,0,False,0,0,False
1784849457.3002179,20,1784973229.3755956,37.52918287937743,0.7436545357442589,37.16601815823606,True,37.5,36.5,38.6,0.95,0.05,0.0,0.7,0.03,2,1784973239.4027991,False,False,True,False,1784973117.3742468,0,False,0,0,False
1784849457.3002179,20,1784973249.381947,37.507820248722055,0.7438452735179675,37.14732585641261,True,37.5,36.5,38.6,0.95,0.05,0.0,0.7,0.03,2,1784973259.4093614,False,False,True,False,1784973117.3742468,0,False,0,0,False
1784849457.3002179,20,1784973269.3882537,37.489127946898606,0.7439978637369344,37.12863355458916,True,37.5,36.5,38.6,0.95,0.05,0.0,0.7,0.03,2,1784973279.4153605,False,True,True,False,1784973117.3742468,0,0,1,0,False
1784849457.3002179,20,1784973289.3944519,37.49980926222629,0.7438071259632258,37.11795223926147,True,37.5,36.5,38.6,0.95,0.05,0.0,0.7,0.03,2,1784973299.4214902,False,True,True,True,1784973297.3742738,0,0,1,0,False
1784849457.3002179,20,1784973309.4008908,37.46776531624323,0.7437880521858549,37.08857862211032,True,37.5,36.5,38.6,0.95,0.05,0.0,0.7,0.03,2,1784973319.4323733,False,False,True,False,1784973297.3742738,0,0,1,0,False
1784849457.3002179,20,1784973329.407431,37.46776531624323,0.7438643472953383,37.096589608606095,True,37.5,36.5,38.6,0.95,0.05,0.0,0.7,0.03,2,1784973339.4357963,False,True,True,False,1784973297.3742738,0,0,1,0,False
1784849457.3002179,20,1784973349.4139633,37.49980926222629,0.743768978408484,37.12062256809338,True,37.5,36.5,38.6,0.95,0.05,0.0,0.7,0.03,2,1784973359.4416087,False,False,True,False,1784973297.3742738,0,0,1,0,False
1784849457.3002179,20,1784973369.420233,37.49713893339437,0.7438643472953383,37.11795223926147,True,37.5,36.5,38.6,0.95,0.05,0.0,0.7,0.03,2,1784973379.4472067,False,True,True,False,1784973297.3742738,0,0,1,0,False
1784849457.3002179,20,1784973389.426487,37.53986419470512,0.743768978408484,37.139314869916845,True,37.5,36.5,38.6,0.95,0.05,0.0,0.7,0.03,2,1784973399.4537277,False,True,True,False,1784973297.3742738,0,False,0,0,False
1784849457.3002179,20,1784973409.432855,37.52384222171359,0.7438643472953383,37.15533684290837,True,37.5,36.5,38.6,0.95,0.05,0.0,0.7,0.03,2,1784973419.4658363,False,False,True,False,1784973297.3742738,0,False,0,0,False
1784849457.3002179,20,1784973429.4408014,37.52384222171359,0.7436736095216296,37.14465552758068,True,37.5,36.5,38.6,0.95,0.05,0.0,0.7,0.03,2,1784973439.472319,False,False,True,False,1784973297.3742738,0,False,0,0,False
1784849457.3002179,20,1784973449.448205,37.51850156404974,0.743768978408484,37.13130388342107,True,37.5,36.5,38.6,0.95,0.05,0.0,0.7,0.03,2,1784973459.4757001,False,True,True,False,1784973297.3742738,0,False,0,0,False
1784849457.3002179,20,1784973469.4545395,37.47844663157092,0.7437117570763714,37.096589608606095,True,37.5,36.5,38.6,0.95,0.05,0.0,0.7,0.03,2,1784973479.4870834,False,True,True,True,1784973477.3742802,0,0,1,0,False
1784849457.3002179,20,1784973489.4608035,37.446402685587856,0.7435591668574044,37.096589608606095,True,37.5,36.5,38.6,0.95,0.05,0.0,0.7,0.03,2,1784973499.4904788,False,True,True,False,1784973477.3742802,0,0,1,0,False
1784849457.3002179,20,1784973509.4672318,37.446402685587856,0.743616388189517,37.099259937438006,True,37.5,36.5,38.6,0.95,0.05,0.0,0.7,0.03,2,1784973519.494354,False,True,True,False,1784973477.3742802,0,0,1,0,False
1784849457.3002179,20,1784973529.4774513,37.46776531624323,0.7438452735179675,37.08590829327841,True,37.5,36.5,38.6,0.95,0.05,0.0,0.7,0.03,2,1784973539.5118518,False,True,True,False,1784973477.3742802,0,0,1,0,False
1784849457.3002179,20,1784973549.4903564,37.49446860456244,0.7440169375143053,37.109941252765694,True,37.5,36.5,38.6,0.95,0.05,0.0,0.7,0.03,2,1784973559.5184176,False,True,True,False,1784973477.3742802,0,0,1,0,False
1784849457.3002179,20,1784973569.4973645,37.507820248722055,0.743768978408484,37.12863355458916,True,37.5,36.5,38.6,0.95,0.05,0.0,0.7,0.03,2,1784973579.5250573,False,False,True,False,1784973477.3742802,0,False,0,0,False
1784849457.3002179,20,1784973589.5079503,37.513160906385906,0.7437308308537424,37.14465552758068,True,37.5,36.5,38.6,0.95,0.05,0.0,0.7,0.03,2,1784973599.5434651,False,True,True,False,1784973477.3742802,0,False,0,0,False
1784849457.3002179,20,1784973609.5213094,37.49179827573053,0.7436545357442589,37.14465552758068,True,37.5,36.5,38.6,0.95,0.05,0.0,0.7,0.03,2,1784973619.5484116,True,True,True,False,1784973477.3742802,0,0,1,0,False
1784849457.3002179,20,1784973629.5275562,37.50247959105822,0.7435591668574044,37.133974212252994,True,37.5,36.5,38.6,0.95,0.05,0.0,0.7,0.03,2,1784973639.5547945,True,True,True,False,1784973477.3742802,0,False,0,0,False
1784849457.3002179,20,1784973649.5349474,37.507820248722055,0.7435400930800335,37.109941252765694,True,37.5,36.5,38.6,0.95,0.05,0.0,0.7,0.03,2,1784973659.5744598,True,True,True,True,1784973657.374302,0,False,0,0,False
1784849457.3002179,20,1784973669.5426493,37.47844663157092,0.7439787899595636,37.10727092393378,True,37.5,36.5,38.6,0.95,0.05,0.0,0.7,0.03,2,1784973679.5696838,True,True,True,False,1784973657.374302,0,0,1,0,False
1784849457.3002179,20,1784973689.548822,37.483787289234755,0.7435973144121462,37.06454566262303,True,37.5,36.5,38.6,0.95,0.05,0.0,0.7,0.03,2,1784973699.5814211,True,True,True,False,1784973657.374302,0,0,1,0,False
1784849457.3002179,20,1784973709.555515,37.47310597390707,0.7435400930800335,37.05653467612726,True,37.5,36.5,38.6,0.95,0.05,0.0,0.7,0.03,2,1784973719.588976,True,False,True,False,1784973657.374302,0,0,1,0,False
1784849457.3002179,20,1784973729.5618377,37.489127946898606,0.7435019455252919,37.06988632028687,True,37.5,36.5,38.6,0.95,0.05,0.0,0.7,0.03,2,1784973739.5912085,True,False,True,False,1784973657.374302,0,0,1,0,False
1784849457.3002179,20,1784973749.5682843,37.51049057755398,0.7438071259632258,37.07789730678263,True,37.5,36.5,38.6,0.95,0.05,0.0,0.7,0.03,2,1784973759.5972662,True,False,True,False,1784973657.374302,0,False,0,0,False
1784849457.3002179,20,1784973769.5747638,37.52384222171359,0.7439978637369344,37.05920500495918,True,37.5,36.5,38.6,0.95,0.05,0.0,0.7,0.03,2,1784973779.6022449,True,True,True,False,1784973657.374302,0,False,0,0,False
1784849457.3002179,20,1784973789.5812001,37.52384222171359,0.7435782406347754,37.06454566262303,True,37.5,36.5,38.6,0.95,0.05,0.0,0.7,0.03,2,1784973799.6082094,True,True,True,False,1784973657.374302,0,False,0,0,False
1784849457.3002179,20,1784973809.587564,37.50247959105822,0.7439597161821928,37.06454566262303,True,37.5,36.5,38.6,0.95,0.05,0.0,0.7,0.03,2,1784973819.6150007,True,True,True,False,1784973657.374302,0,False,0,0,False
1784849457.3002179,20,1784973829.5938814,37.49179827573053,0.7434447241931792,37.05920500495918,True,37.5,36.5,38.6,0.95,0.05,0.0,0.7,0.03,2,1784973839.6213827,True,False,True,True,1784973837.3743234,0,0,1,0,False
1784849457.3002179,20,1784973849.6001422,37.45975432974747,0.7436926832990005,37.01915007248036,True,37.5,36.5,38.6,0.95,0.05,0.0,0.7,0.03,2,1784973859.627055,True,True,True,False,1784973837.3743234,0,0,1,0,False
1784849457.3002179,20,1784973869.6062768,37.43572137026017,0.7434828717479209,37.02716105897612,True,37.5,36.5,38.6,0.95,0.05,0.0,0.7,0.03,2,1784973879.6336424,True,True,True,False,1784973837.3743234,0,0,1,0,False
1784849457.3002179,20,1784973889.6124778,37.46776531624323,0.7435591668574044,37.03250171663997,True,37.5,36.5,38.6,0.95,0.05,0.0,0.7,0.03,2,1784973899.642097,True,True,True,False,1784973837.3743234,0,0,1,0,False
1784849457.3002179,20,1784973909.6191604,37.50514991989013,0.743768978408484,37.029831387808045,True,37.5,36.5,38.6,0.95,0.05,0.0,0.7,0.03,2,1784973919.6489155,True,True,True,False,1784973837.3743234,0,False,0,0,False
1784849457.3002179,20,1784973929.6256177,37.51583123521782,0.7437308308537424,37.03784237430381,True,37.5,36.5,38.6,0.95,0.05,0.0,0.7,0.03,2,1784973939.6627903,True,True,True,False,1784973837.3743234,0,False,0,0,False
1784849457.3002179,20,1784973949.632072,37.51049057755398,0.7439597161821928,37.067215991454944,True,37.5,36.5,38.6,0.95,0.05,0.0,0.7,0.03,2,1784973959.6598623,True,True,True,False,1784973837.3743234,0,False,0,0,False
1784849457.3002179,20,1784973969.638501,37.507820248722055,0.7438834210727093,37.053864347295345,True,37.5,36.5,38.6,0.95,0.05,0.0,0.7,0.03,2,1784973979.666154,True,True,True,False,1784973837.3743234,0,False,0,0,False
1784849457.3002179,20,1784973989.646015,37.481116960402844,0.7435973144121462,37.04318303196766,True,37.5,36.5,38.6,0.95,0.05,0.0,0.7,0.03,2,1784973999.6753426,True,False,True,False,1784973837.3743234,0,0,1,0,False
1784849457.3002179,20,1784974009.6540465,37.481116960402844,0.7436354619668879,37.048523689631494,True,37.5,36.5,38.6,0.95,0.05,0.0,0.7,0.03,2,1784974019.6839097,True,False,True,True,1784974017.374327,0,0,1,0,False
1784849457.3002179,20,1784974029.662412,37.465094987411305,0.743921568627451,37.02716105897612,True,37.5,36.5,38.6,0.95,0.05,0.0,0.7,0.03,2,1784974039.6913705,True,True,True,False,1784974017.374327,0,0,1,0,False
1784849457.3002179,20,1784974049.6697116,37.49179827573053,0.7436926832990005,37.03517204547188,True,37.5,36.5,38.6,0.95,0.05,0.0,0.7,0.03,2,1784974059.6966949,True,True,True,False,1784974017.374327,0,0,1,0,False
1784849457.3002179,20,1784974069.6759057,37.49980926222629,0.7435400930800335,37.06988632028687,True,37.5,36.5,38.6,0.95,0.05,0.0,0.7,0.03,2,1784974079.7033095,True,False,True,False,1784974017.374327,0,0,1,0,False
1784849457.3002179,20,1784974089.6853302,37.526512550545505,0.7435019455252919,37.04318303196766,True,37.5,36.5,38.6,0.95,0.05,0.0,0.7,0.03,2,1784974099.7181468,True,True,True,False,1784974017.374327,0,False,0,0,False
1784849457.3002179,20,1784974109.6967967,37.51049057755398,0.743616388189517,37.08323796444648,True,37.5,36.5,38.6,0.95,0.05,0.0,0.7,0.03,2,1784974119.7275155,True,True,True,False,1784974017.374327,0,False,0,0,False
1784849457.3002179,20,1784974129.7055387,37.53719386587319,0.7436926832990005,37.08056763561456,True,37.5,36.5,38.6,0.95,0.05,0.0,0.7,0.03,2,1784974139.7451377,True,False,True,False,1784974017.374327,0,False,0,0,False
1784849457.3002179,20,1784974149.713436,37.51049057755398,0.743616388189517,37.067215991454944,True,37.5,36.5,38.6,0.95,0.05,0.0,0.7,0.03,2,1784974159.7459064,True,True,True,False,1784974017.374327,0,False,0,0,False
1784849457.3002179,20,1784974169.7209792,37.481116960402844,0.7435019455252919,37.048523689631494,True,37.5,36.5,38.6,0.95,0.05,0.0,0.7,0.03,2,1784974179.7525148,True,True,True,False,1784974017.374327,0,0,1,0,False
1784849457.3002179,20,1784974189.731364,37.470435645075156,0.7439024948500801,37.03250171663997,True,37.5,36.5,38.6,0.95,0.05,0.0,0.7,0.03,2,1784974199.7607784,True,True,True,True,1784974197.3743458,0,0,1,0,False
1784849457.3002179,20,1784974209.738874,37.48645761806668,0.7438261997405966,37.04318303196766,True,37.5,36.5,38.6,0.95,0.05,0.0,0.7,0.03,2,1784974219.7661176,True,True,True,False,1784974197.3743458,0,0,1,0,False
1784849457.3002179,20,1784974229.7450385,37.50247959105822,0.7439024948500801,37.03250171663997,True,37.5,36.5,38.6,0.95,0.05,0.0,0.7,0.03,2,1784974239.7717886,True,True,True,False,1784974197.3743458,0,False,0,0,False
1784849457.3002179,20,1784974249.75145,37.49179827573053,0.7435019455252919,37.024490730144194,True,37.5,36.5,38.6,0.95,0.05,0.0,0.7,0.03,2,1784974259.7789333,True,False,True,False,1784974197.3743458,0,0,1,0,False
1784849457.3002179,20,1784974269.7578378,37.51049057755398,0.7439406424048218,37.02716105897612,True,37.5,36.5,38.6,0.95,0.05,0.0,0.7,0.03,2,1784974279.785203,True,True,True,False,1784974197.3743458,0,False,0,0,False
1784849457.3002179,20,1784974289.7642002,37.51049057755398,0.743768978408484,37.053864347295345,True,37.5,36.5,38.6,0.95,0.05,0.0,0.7,0.03,2,1784974299.7943723,True,True,True,False,1784974197.3743458,0,False,0,0,False
1784849457.3002179,20,1784974309.7705352,37.49446860456244,0.7435782406347754,37.04585336079957,True,37.5,36.5,38.6,0.95,0.05,0.0,0.7,0.03,2,1784974319.7988153,True,True,True,False,1784974197.3743458,0,0,1,0,False
1784849457.3002179,20,1784974329.7767572,37.47844663157092,0.7436545357442589,37.02182040131228,True,37.5,36.5,38.6,0.95,0.05,0.0,0.7,0.03,2,1784974339.8049917,True,True,True,False,1784974197.3743458,0,0,1,0,False
1784849457.3002179,20,1784974349.7830436,37.47844663157092,0.7436545357442589,37.01915007248036,True,37.5,36.5,38.6,0.95,0.05,0.0,0.7,0.03,2,1784974359.8101017,True,False,True,False,1784974197.3743458,0,0,1,0,False
1784849457.3002179,20,1784974369.789248,37.50247959105822,0.7439024948500801,37.04318303196766,True,37.5,36.5,38.6,0.95,0.05,0.0,0.7,0.03,2,1784974379.816692,True,True,True,True,1784974377.3743668,0,False,0,0,False
1784849457.3002179,20,1784974389.7962873,37.45441367208362,0.7435782406347754,37.02716105897612,True,37.5,36.5,38.6,0.95,0.05,0.0,0.7,0.03,2,1784974399.827807,True,False,True,False,1784974377.3743668,0,0,1,0,False
1784849457.3002179,20,1784974409.8034222,37.470435645075156,0.7438261997405966,37.02182040131228,True,37.5,36.5,38.6,0.95,0.05,0.0,0.7,0.03,2,1784974419.830167,True,False,True,False,1784974377.3743668,0,0,1,0,False
1784849457.3002179,20,1784974429.8096178,37.48645761806668,0.7438261997405966,37.03250171663997,True,37.5,36.5,38.6,0.95,0.05,0.0,0.7,0.03,2,1784974439.8386965,True,True,True,False,1784974377.3743668,0,0,1,0,False
1784849457.3002179,20,1784974449.8159728,37.49713893339437,0.7435400930800335,37.029831387808045,True,37.5,36.5,38.6,0.95,0.05,0.0,0.7,0.03,2,1784974459.8461757,True,True,True,False,1784974377.3743668,0,0,1,0,False
1784849457.3002179,20,1784974469.822569,37.526512550545505,0.7437308308537424,37.04318303196766,True,37.5,36.5,38.6,0.95,0.05,0.0,0.7,0.03,2,1784974479.8500419,True,True,True,False,1784974377.3743668,0,False,0,0,False
1784849457.3002179,20,1784974489.8289576,37.53719386587319,0.7439787899595636,37.05920500495918,True,37.5,36.5,38.6,0.95,0.05,0.0,0.7,0.03,2,1784974499.8559477,True,True,True,False,1784974377.3743668,0,False,0,0,False
1784849457.3002179,20,1784974509.835328,37.51583123521782,0.7436354619668879,37.03517204547188,True,37.5,36.5,38.6,0.95,0.05,0.0,0.7,0.03,2,1784974519.8648224,True,False,True,False,1784974377.3743668,0,False,0,0,False
1784849457.3002179,20,1784974529.8417022,37.489127946898606,0.7435400930800335,37.02716105897612,True,37.5,36.5,38.6,0.95,0.05,0.0,0.7,0.03,2,1784974539.8698587,True,False,True,False,1784974377.3743668,0,0,1,0,False
1784849457.3002179,20,1784974549.847951,37.483787289234755,0.7435973144121462,37.024490730144194,True,37.5,36.5,38.6,0.95,0.05,0.0,0.7,0.03,2,1784974559.8781745,True,True,True,True,1784974557.3744028,0,0,1,0,False
1784849457.3002179,20,1784974569.8542984,37.481116960402844,0.7436736095216296,37.011139085984595,True,37.5,36.5,38.6,0.95,0.05,0.0,0.7,0.03,2,1784974579.88138,True,False,True,False,1784974557.3744028,0,0,1,0,False
1784849457.3002179,20,1784974589.8605425,37.49179827573053,0.7437117570763714,37.00045777065691,True,37.5,36.5,38.6,0.95,0.05,0.0,0.7,0.03,2,1784974599.8879204,True,True,True,False,1784974557.3744028,0,0,1,0,False
1784849457.3002179,20,1784974609.866807,37.48645761806668,0.7436736095216296,37.04318303196766,True,37.5,36.5,38.6,0.95,0.05,0.0,0.7,0.03,2,1784974619.8982344,True,True,True,False,1784974557.3744028,0,0,1,0,False
1784849457.3002179,20,1784974629.8732405,37.52384222171359,0.7436926832990005,37.04318303196766,True,37.5,36.5,38.6,0.95,0.05,0.0,0.7,0.03,2,1784974639.9002492,True,True,True,False,1784974557.3744028,0,False,0,0,False
1784849457.3002179,20,1784974649.879627,37.52918287937743,0.743616388189517,37.05653467612726,True,37.5,36.5,38.6,0.95,0.05,0.0,0.7,0.03,2,1784974659.9074962,True,True,True,False,1784974557.3744028,0,False,0,0,False
1784849457.3002179,20,1784974669.8868735,37.531853208209355,0.7435782406347754,37.05920500495918,True,37.5,36.5,38.6,0.95,0.05,0.0,0.7,0.03,2,1784974679.9166093,True,True,True,False,1784974557.3744028,0,False,0,0,False
1784849457.3002179,20,1784974689.8957927,37.51583123521782,0.7437117570763714,37.05920500495918,True,37.5,36.5,38.6,0.95,0.05,0.0,0.7,0.03,2,1784974699.9252272,True,False,True,False,1784974557.3744028,0,False,0,0,False
1784849457.3002179,20,1784974709.9037542,37.47310597390707,0.7437880521858549,37.04585336079957,True,37.5,36.5,38.6,0.95,0.05,0.0,0.7,0.03,2,1784974719.933777,True,True,True,False,1784974557.3744028,0,0,1,0,False
1784849457.3002179,20,1784974729.9110267,37.47310597390707,0.7435782406347754,37.02716105897612,True,37.5,36.5,38.6,0.95,0.05,0.0,0.7,0.03,2,1784974739.939217,True,False,True,True,1784974737.3744082,0,0,1,0,False
1784849457.3002179,20,1784974749.9180474,37.46242465857938,0.7435591668574044,36.99778744182498,True,37.5,36.5,38.6,0.95,0.05,0.0,0.7,0.03,2,1784974759.9468365,True,True,True,False,1784974737.3744082,0,0,1,0,False
1784849457.3002179,20,1784974769.9257176,37.45975432974747,0.7434828717479209,37.011139085984595,True,37.5,36.5,38.6,0.95,0.05,0.0,0.7,0.03,2,1784974779.954672,True,False,True,False,1784974737.3744082,0,0,1,0,False
1784849457.3002179,20,1784974789.9347162,37.49713893339437,0.7439978637369344,37.01647974364843,True,37.5,36.5,38.6,0.95,0.05,0.0,0.7,0.03,2,1784974799.9628165,True,False,True,False,1784974737.3744082,0,0,1,0,False
1784849457.3002179,20,1784974809.9428725,37.513160906385906,0.7436545357442589,37.04318303196766,True,37.5,36.5,38.6,0.95,0.05,0.0,0.7,0.03,2,1784974819.9714122,True,True,True,False,1784974737.3744082,0,False,0,0,False
1784849457.3002179,20,1784974829.9498405,37.52918287937743,0.7436926832990005,37.02182040131228,True,37.5,36.5,38.6,0.95,0.05,0.0,0.7,0.03,2,1784974839.9775567,True,True,True,False,1784974737.3744082,0,False,0,0,False
1784849457.3002179,20,1784974849.9565594,37.52918287937743,0.7437117570763714,37.029831387808045,True,37.5,36.5,38.6,0.95,0.05,0.0,0.7,0.03,2,1784974859.9849567,True,False,True,False,1784974737.3744082,0,False,0,0,False
1784849457.3002179,20,1784974869.9668617,37.50514991989013,0.7435210193026627,37.02716105897612,True,37.5,36.5,38.6,0.95,0.05,0.0,0.7,0.03,2,1784974880.001747,True,True,True,False,1784974737.3744082,0,False,0,0,False
1784849457.3002179,20,1784974889.977355,37.49446860456244,0.7433112077515831,37.03250171663997,True,37.5,36.5,38.6,0.95,0.05,0.0,0.7,0.03,2,1784974900.0066772,True,True,True,False,1784974737.3744082,0,0,1,0,False
1784849457.3002179,20,1784974909.9841626,37.47844663157092,0.7438071259632258,37.00846875715267,True,37.5,36.5,38.6,0.95,0.05,0.0,0.7,0.03,2,1784974920.0128665,True,False,True,True,1784974917.374434,0,0,1,0,False
1784849457.3002179,20,1784974929.9932241,37.46776531624323,0.7435591668574044,36.989776455329206,True,37.5,36.5,38.6,0.95,0.05,0.0,0.7,0.03,2,1784974940.0257204,True,True,True,False,1784974917.374434,0,0,1,0,False
1784849457.3002179,20,1784974950.0043924,37.46242465857938,0.743616388189517,36.96574349584192,True,37.5,36.5,38.6,0.95,0.05,0.0,0.7,0.03,2,1784974960.0316122,True,False,True,False,1784974917.374434,0,0,1,0,False
1784849457.3002179,20,1784974970.0115364,37.48645761806668,0.7435210193026627,37.01647974364843,True,37.5,36.5,38.6,0.95,0.05,0.0,0.7,0.03,2,1784974980.040607,True,True,True,False,1784974917.374434,0,0,1,0,False
1784849457.3002179,20,1784974990.0198236,37.507820248722055,0.7435591668574044,37.04318303196766,True,37.5,36.5,38.6,0.95,0.05,0.0,0.7,0.03,2,1784975000.0488882,True,True,True,False,1784974917.374434,0,False,0,0,False
1784849457.3002179,20,1784975010.0280352,37.53452353704128,0.7436926832990005,37.02716105897612,True,37.5,36.5,38.6,0.95,0.05,0.0,0.7,0.03,2,1784975020.0569317,True,True,True,False,1784974917.374434,0,False,0,0,False
1784849457.3002179,20,1784975030.0354002,37.50247959105822,0.7436926832990005,37.04318303196766,True,37.5,36.5,38.6,0.95,0.05,0.0,0.7,0.03,2,1784975040.0629165,True,True,True,False,1784974917.374434,0,False,0,0,False
1784849457.3002179,20,1784975050.0420418,37.49179827573053,0.7435782406347754,37.01380941481651,True,37.5,36.5,38.6,0.95,0.05,0.0,0.7,0.03,2,1784975060.0692544,True,True,True,False,1784974917.374434,0,0,1,0,False
1784849457.3002179,20,1784975070.0486424,37.46776531624323,0.7435591668574044,37.02182040131228,True,37.5,36.5,38.6,0.95,0.05,0.0,0.7,0.03,2,1784975080.0764332,True,False,True,False,1784974917.374434,0,0,1,0,False
1784849457.3002179,20,1784975090.0552046,37.47844663157092,0.7434065766384375,36.99511711299306,True,37.5,36.5,38.6,0.95,0.05,0.0,0.7,0.03,2,1784975100.0828109,True,False,True,True,1784975097.374461,0,0,1,0,False
1784849457.3002179,20,1784975110.061493,37.46776531624323,0.7439978637369344,37.00312809948882,True,37.5,36.5,38.6,0.95,0.05,0.0,0.7,0.03,2,1784975120.0910747,True,True,True,False,1784975097.374461,0,0,1,0,False
1784849457.3002179,20,1784975130.0678177,37.47844663157092,0.7436926832990005,37.00045777065691,True,37.5,36.5,38.6,0.95,0.05,0.0,0.7,0.03,2,1784975140.1012692,True,False,True,False,1784975097.374461,0,0,1,0,False
1784849457.3002179,20,1784975150.075374,37.51049057755398,0.7437499046311131,37.00312809948882,True,37.5,36.5,38.6,0.95,0.05,0.0,0.7,0.03,2,1784975160.106518,True,False,True,False,1784975097.374461,0,False,0,0,False
1784849457.3002179,20,1784975170.0832136,37.50247959105822,0.743768978408484,37.03784237430381,True,37.5,36.5,38.6,0.95,0.05,0.0,0.7,0.03,2,1784975180.1130846,True,False,True,False,1784975097.374461,0,False,0,0,False
1784849457.3002179,20,1784975190.0910625,37.507820248722055,0.7439597161821928,37.02716105897612,True,37.5,36.5,38.6,0.95,0.05,0.0,0.7,0.03,2,1784975200.119262,True,True,True,False,1784975097.374461,0,False,0,0,False
1784849457.3002179,20,1784975210.0988154,37.49713893339437,0.7435973144121462,37.005798428320745,True,37.5,36.5,38.6,0.95,0.05,0.0,0.7,0.03,2,1784975220.1279411,True,False,True,False,1784975097.374461,0,0,1,0,False
1784849457.3002179,20,1784975230.1059384,37.49179827573053,0.7434637979705501,37.01647974364843,True,37.5,36.5,38.6,0.95,0.05,0.0,0.7,0.03,2,1784975240.1339693,True,False,True,False,1784975097.374461,0,0,1,0,False
1784849457.3002179,20,1784975250.11293,37.50247959105822,0.7438261997405966,37.024490730144194,True,37.5,36.5,38.6,0.95,0.05,0.0,0.7,0.03,2,1784975260.1424131,True,True,True,False,1784975097.374461,0,False,0,0,False
1784849457.3002179,20,1784975270.1202161,37.51049057755398,0.7436926832990005,37.02716105897612,True,37.5,36.5,38.6,0.95,0.05,0.0,0.7,0.03,2,1784975280.1476114,True,False,True,True,1784975277.3744822,0,False,0,0,False
1784849457.3002179,20,1784975290.1266217,37.50514991989013,0.7438261997405966,37.04318303196766,True,37.5,36.5,38.6,0.95,0.05,0.0,0.7,0.03,2,1784975300.1641772,True,True,True,False,1784975277.3744822,0,False,0,0,False
1784849457.3002179,20,1784975310.1329854,37.489127946898606,0.7435591668574044,36.99244678416113,True,37.5,36.5,38.6,0.95,0.05,0.0,0.7,0.03,2,1784975320.1606877,True,False,True,False,1784975277.3744822,0,0,1,0,False
1784849457.3002179,20,1784975330.1398973,37.47310597390707,0.7435400930800335,36.989776455329206,True,37.5,36.5,38.6,0.95,0.05,0.0,0.7,0.03,2,1784975340.1673543,True,False,True,False,1784975277.3744822,0,0,1,0,False
1784849457.3002179,20,1784975350.146109,37.51583123521782,0.7437308308537424,37.00846875715267,True,37.5,36.5,38.6,0.95,0.05,0.0,0.7,0.03,2,1784975360.1796544,True,True,True,False,1784975277.3744822,0,False,0,0,False
1784849457.3002179,20,1784975370.1524422,37.470435645075156,0.7434828717479209,37.02182040131228,True,37.5,36.5,38.6,0.95,0.05,0.0,0.7,0.03,2,1784975380.179605,True,False,True,False,1784975277.3744822,0,0,1,0,False
1784849457.3002179,20,1784975390.1587021,37.52384222171359,0.7437499046311131,37.03784237430381,True,37.5,36.5,38.6,0.95,0.05,0.0,0.7,0.03,2,1784975400.1859896,True,False,True,False,1784975277.3744822,0,False,0,0,False
1784849457.3002179,20,1784975410.165033,37.49713893339437,0.7438071259632258,37.01647974364843,True,37.5,36.5,38.6,0.95,0.05,0.0,0.7,0.03,2,1784975420.1923306,True,False,True,False,1784975277.3744822,0,0,1,0,False
1784849457.3002179,20,1784975430.1714005,37.48645761806668,0.7435973144121462,37.02716105897612,True,37.5,36.5,38.6,0.95,0.05,0.0,0.7,0.03,2,1784975440.2023695,True,False,True,False,1784975277.3744822,0,0,1,0,False
1784849457.3002179,20,1784975450.177614,37.50247959105822,0.7438643472953383,37.01380941481651,True,37.5,36.5,38.6,0.95,0.05,0.0,0.7,0.03,2,1784975460.2053287,True,False,True,True,1784975457.3744924,0,False,0,0,False
1784849457.3002179,20,1784975470.184,37.489127946898606,0.7434637979705501,37.011139085984595,True,37.5,36.5,38.6,0.95,0.05,0.0,0.7,0.03,2,1784975480.211675,True,True,True,False,1784975457.3744924,0,0,1,0,False
1784849457.3002179,20,1784975490.1911807,37.49446860456244,0.7434637979705501,37.02716105897612,True,37.5,36.5,38.6,0.95,0.05,0.0,0.7,0.03,2,1784975500.2227592,True,True,True,False,1784975457.3744924,0,0,1,0,False
1784849457.3002179,20,1784975510.1983144,37.47844663157092,0.7434637979705501,37.01380941481651,True,37.5,36.5,38.6,0.95,0.05,0.0,0.7,0.03,2,1784975520.225351,True,True,True,False,1784975457.3744924,0,0,1,0,False
1784849457.3002179,20,1784975530.2044747,37.52117189288167,0.7436354619668879,37.04318303196766,True,37.5,36.5,38.6,0.95,0.05,0.0,0.7,0.03,2,1784975540.2318726,True,True,True,False,1784975457.3744924,0,False,0,0,False
1784849457.3002179,20,1784975550.2108583,37.526512550545505,0.7436545357442589,37.024490730144194,True,37.5,36.5,38.6,0.95,0.05,0.0,0.7,0.03,2,1784975560.2402747,True,True,True,False,1784975457.3744924,0,False,0,0,False
1784849457.3002179,20,1784975570.2173884,37.507820248722055,0.7436545357442589,37.011139085984595,True,37.5,36.5,38.6,0.95,0.05,0.0,0.7,0.03,2,1784975580.244219,True,True,True,False,1784975457.3744924,0,False,0,0,False
1784849457.3002179,20,1784975590.2238548,37.48645761806668,0.7437499046311131,36.99511711299306,True,37.5,36.5,38.6,0.95,0.05,0.0,0.7,0.03,2,1784975600.2513416,True,True,True,False,1784975457.3744924,0,0,1,0,False
1784849457.3002179,20,1784975610.2301497,37.470435645075156,0.7436545357442589,36.99511711299306,True,37.5,36.5,38.6,0.95,0.05,0.0,0.7,0.03,2,1784975620.257468,True,True,True,False,1784975457.3744924,0,0,1,0,False
1784849457.3002179,20,1784975630.2363245,37.45975432974747,0.7434828717479209,37.00045777065691,True,37.5,36.5,38.6,0.95,0.05,0.0,0.7,0.03,2,1784975640.2636817,True,True,True,True,1784975637.3745255,0,0,1,0,False
1784849457.3002179,20,1784975650.2451603,37.47577630273899,0.7436926832990005,36.99244678416113,True,37.5,36.5,38.6,0.95,0.05,0.0,0.7,0.03,2,1784975660.2943223,True,True,True,False,1784975637.3745255,0,0,1,0,False
1784849457.3002179,20,1784975670.2540307,37.51049057755398,0.7435782406347754,36.99511711299306,True,37.5,36.5,38.6,0.95,0.05,0.0,0.7,0.03,2,1784975680.2837307,True,True,True,False,1784975637.3745255,0,False,0,0,False
1784849457.3002179,20,1784975690.2603042,37.51049057755398,0.743768978408484,37.03250171663997,True,37.5,36.5,38.6,0.95,0.05,0.0,0.7,0.03,2,1784975700.2870057,True,False,True,False,1784975637.3745255,0,False,0,0,False
1784849457.3002179,20,1784975710.2666187,37.531853208209355,0.7437308308537424,37.029831387808045,True,37.5,36.5,38.6,0.95,0.05,0.0,0.7,0.03,2,1784975720.2940388,True,True,True,False,1784975637.3745255,0,False,0,0,False
1784849457.3002179,20,1784975730.2728868,37.51049057755398,0.743921568627451,37.01647974364843,True,37.5,36.5,38.6,0.95,0.05,0.0,0.7,0.03,2,1784975740.2998908,True,False,True,False,1784975637.3745255,0,False,0,0,False
1784849457.3002179,20,1784975750.2791996,37.47310597390707,0.743616388189517,36.981765468833444,True,37.5,36.5,38.6,0.95,0.05,0.0,0.7,0.03,2,1784975760.307504,True,True,True,False,1784975637.3745255,0,0,1,0,False
1784849457.3002179,20,1784975770.2853882,37.45441367208362,0.7435019455252919,36.97909514000152,True,37.5,36.5,38.6,0.95,0.05,0.0,0.7,0.03,2,1784975780.3128304,True,True,True,False,1784975637.3745255,0,0,1,0,False
1784849457.3002179,20,1784975790.2917113,37.45975432974747,0.743616388189517,36.97909514000152,True,37.5,36.5,38.6,0.95,0.05,0.0,0.7,0.03,2,1784975800.3191817,True,True,True,False,1784975637.3745255,0,0,1,0,False
1784849457.3002179,20,1784975810.2980254,37.465094987411305,0.7435591668574044,37.005798428320745,True,37.5,36.5,38.6,0.95,0.05,0.0,0.7,0.03,2,1784975820.3253682,True,True,True,True,1784975817.3745282,0,0,1,0,False
1784849457.3002179,20,1784975830.304202,37.49713893339437,0.7436354619668879,36.989776455329206,True,37.5,36.5,38.6,0.95,0.05,0.0,0.7,0.03,2,1784975840.3318882,True,True,True,False,1784975817.3745282,0,0,1,0,False
1784849457.3002179,20,1784975850.3107204,37.52384222171359,0.7436736095216296,37.01380941481651,True,37.5,36.5,38.6,0.95,0.05,0.0,0.7,0.03,2,1784975860.3481743,True,True,True,False,1784975817.3745282,0,False,0,0,False
1784849457.3002179,20,1784975870.3185456,37.526512550545505,0.743196765087358,37.02716105897612,True,37.5,36.5,38.6,0.95,0.05,0.0,0.7,0.03,2,1784975880.3470118,True,True,True,False,1784975817.3745282,0,False,0,0,False
1784849457.3002179,20,1784975890.3264313,37.53719386587319,0.743921568627451,37.03250171663997,True,37.5,36.5,38.6,0.95,0.05,0.0,0.7,0.03,2,1784975900.3542354,True,False,True,False,1784975817.3745282,0,False,0,0,False
1784849457.3002179,20,1784975910.332621,37.52117189288167,0.7435019455252919,37.01380941481651,True,37.5,36.5,38.6,0.95,0.05,0.0,0.7,0.03,2,1784975920.3599627,True,True,True,False,1784975817.3745282,0,False,0,0,False
1784849457.3002179,20,1784975930.3389442,37.49446860456244,0.7434256504158084,37.005798428320745,True,37.5,36.5,38.6,0.95,0.05,0.0,0.7,0.03,2,1784975940.3665287,True,False,True,False,1784975817.3745282,0,0,1,0,False
1784849457.3002179,20,1784975950.3451102,37.47310597390707,0.7434637979705501,36.99244678416113,True,37.5,36.5,38.6,0.95,0.05,0.0,0.7,0.03,2,1784975960.3726075,True,False,True,False,1784975817.3745282,0,0,1,0,False
1784849457.3002179,20,1784975970.351434,37.45975432974747,0.7436926832990005,36.989776455329206,True,37.5,36.5,38.6,0.95,0.05,0.0,0.7,0.03,2,1784975980.3788934,True,False,True,False,1784975817.3745282,0,0,1,0,False
1784849457.3002179,20,1784975990.3576622,37.507820248722055,0.7434256504158084,37.005798428320745,True,37.5,36.5,38.6,0.95,0.05,0.0,0.7,0.03,2,1784976000.3856163,True,True,True,True,1784975997.3745306,0,False,0,0,False
1784849457.3002179,20,1784976010.3640785,37.48645761806668,0.7435019455252919,37.00045777065691,True,37.5,36.5,38.6,0.95,0.05,0.0,0.7,0.03,2,1784976020.396684,True,False,True,False,1784975997.3745306,0,0,1,0,False
1784849457.3002179,20,1784976030.3710024,37.49713893339437,0.7434828717479209,37.011139085984595,True,37.5,36.5,38.6,0.95,0.05,0.0,0.7,0.03,2,1784976040.3997083,True,False,True,False,1784975997.3745306,0,0,1,0,False
1784849457.3002179,20,1784976050.3773217,37.49713893339437,0.7437499046311131,36.99778744182498,True,37.5,36.5,38.6,0.95,0.05,0.0,0.7,0.03,2,1784976060.4075239,True,False,True,False,1784975997.3745306,0,0,1,0,False
1784849457.3002179,20,1784976070.3841598,37.531853208209355,0.7437117570763714,37.011139085984595,True,37.5,36.5,38.6,0.95,0.05,0.0,0.7,0.03,2,1784976080.4132397,True,True,True,False,1784975997.3745306,0,False,0,0,False
1784849457.3002179,20,1784976090.3924031,37.51049057755398,0.7434256504158084,37.02716105897612,True,37.5,36.5,38.6,0.95,0.05,0.0,0.7,0.03,2,1784976100.4217818,True,True,True,False,1784975997.3745306,0,False,0,0,False
1784849457.3002179,20,1784976110.4020863,37.49446860456244,0.7432539864194705,37.01915007248036,True,37.5,36.5,38.6,0.95,0.05,0.0,0.7,0.03,2,1784976120.4326344,True,True,True,False,1784975997.3745306,0,0,1,0,False
1784849457.3002179,20,1784976130.4110703,37.489127946898606,0.7436736095216296,37.011139085984595,True,37.5,36.5,38.6,0.95,0.05,0.0,0.7,0.03,2,1784976140.4405868,True,True,True,False,1784975997.3745306,0,0,1,0,False
1784849457.3002179,20,1784976150.420053,37.51049057755398,0.7438261997405966,37.01380941481651,True,37.5,36.5,38.6,0.95,0.05,0.0,0.7,0.03,2,1784976160.4506385,True,False,True,False,1784975997.3745306,0,False,0,0,False
1784849457.3002179,20,1784976170.4289439,37.49713893339437,0.7437499046311131,37.00045777065691,True,37.5,36.5,38.6,0.95,0.05,0.0,0.7,0.03,2,1784976180.4595585,True,True,True,True,1784976177.3745441,0,0,1,0,False
1784849457.3002179,20,1784976190.4374588,37.49713893339437,0.7434447241931792,37.00045777065691,True,37.5,36.5,38.6,0.95,0.05,0.0,0.7,0.03,2,1784976200.4678972,True,False,True,False,1784976177.3745441,0,0,1,0,False
1784849457.3002179,20,1784976210.4473152,37.48645761806668,0.7434828717479209,36.989776455329206,True,37.5,36.5,38.6,0.95,0.05,0.0,0.7,0.03,2,1784976220.4778423,True,True,True,False,1784976177.3745441,0,0,1,0,False
1784849457.3002179,20,1784976230.458366,37.48645761806668,0.743616388189517,37.02716105897612,True,37.5,36.5,38.6,0.95,0.05,0.0,0.7,0.03,2,1784976240.4886189,True,True,True,False,1784976177.3745441,0,0,1,0,False
1784849457.3002179,20,1784976250.4676602,37.50247959105822,0.7435973144121462,37.01915007248036,True,37.5,36.5,38.6,0.95,0.05,0.0,0.7,0.03,2,1784976260.497163,True,True,True,False,1784976177.3745441,0,False,0,0,False
1784849457.3002179,20,1784976270.4775105,37.53719386587319,0.7435973144121462,37.04318303196766,True,37.5,36.5,38.6,0.95,0.05,0.0,0.7,0.03,2,1784976280.5072405,True,True,True,False,1784976177.3745441,0,False,0,0,False
1784849457.3002179,20,1784976290.4863868,37.51049057755398,0.7435400930800335,37.053864347295345,True,37.5,36.5,38.6,0.95,0.05,0.0,0.7,0.03,2,1784976300.5155392,True,True,True,False,1784976177.3745441,0,False,0,0,False
1784849457.3002179,20,1784976310.495238,37.47310597390707,0.7438261997405966,37.01380941481651,True,37.5,36.5,38.6,0.95,0.05,0.0,0.7,0.03,2,1784976320.525539,True,False,True,False,1784976177.3745441,0,0,1,0,False
1784849457.3002179,20,1784976330.5036428,37.45174334325169,0.7435400930800335,37.011139085984595,True,37.5,36.5,38.6,0.95,0.05,0.0,0.7,0.03,2,1784976340.5309591,True,True,True,False,1784976177.3745441,0,0,1,0,False
1784849457.3002179,20,1784976350.509746,37.46242465857938,0.7435400930800335,36.987106126497295,True,37.5,36.5,38.6,0.95,0.05,0.0,0.7,0.03,2,1784976360.5371606,True,True,True,True,1784976357.3745527,0,0,1,0,False
1784849457.3002179,20,1784976370.515996,37.44907301441978,0.7436354619668879,36.97375448233768,True,37.5,36.5,38.6,0.95,0.05,0.0,0.7,0.03,2,1784976380.5433743,True,True,True,False,1784976357.3745527,0,0,1,0,False
1784849457.3002179,20,1784976390.522215,37.465094987411305,0.7436736095216296,37.00045777065691,True,37.5,36.5,38.6,0.95,0.05,0.0,0.7,0.03,2,1784976400.5495381,True,True,True,False,1784976357.3745527,0,0,1,0,False
1784849457.3002179,20,1784976410.5283458,37.48645761806668,0.743349355306325,37.02182040131228,True,37.5,36.5,38.6,0.95,0.05,0.0,0.7,0.03,2,1784976420.5635087,True,True,True,False,1784976357.3745527,0,0,1,0,False
1784849457.3002179,20,1784976430.5346994,37.52384222171359,0.7434256504158084,37.011139085984595,True,37.5,36.5,38.6,0.95,0.05,0.0,0.7,0.03,2,1784976440.5648444,True,False,True,False,1784976357.3745527,0,False,0,0,False
1784849457.3002179,20,1784976450.5422995,37.53452353704128,0.7436354619668879,37.01915007248036,True,37.5,36.5,38.6,0.95,0.05,0.0,0.7,0.03,2,1784976460.5732818,True,False,True,False,1784976357.3745527,0,False,0,0,False
1784849457.3002179,20,1784976470.5526464,37.531853208209355,0.7434637979705501,37.04318303196766,True,37.5,36.5,38.6,0.95,0.05,0.0,0.7,0.03,2,1784976480.5827727,True,False,True,False,1784976357.3745527,0,False,0,0,False
1784849457.3002179,20,1784976490.5620346,37.49446860456244,0.7433684290836957,37.03784237430381,True,37.5,36.5,38.6,0.95,0.05,0.0,0.7,0.03,2,1784976500.5918474,True,True,True,False,1784976357.3745527,0,0,1,0,False
1784849457.3002179,20,1784976510.5710921,37.489127946898606,0.7434828717479209,37.01915007248036,True,37.5,36.5,38.6,0.95,0.05,0.0,0.7,0.03,2,1784976520.600134,True,False,True,False,1784976357.3745527,0,0,1,0,False
1784849457.3002179,20,1784976530.579859,37.49446860456244,0.743349355306325,37.00045777065691,True,37.5,36.5,38.6,0.95,0.05,0.0,0.7,0.03,2,1784976540.608612,True,True,True,True,1784976537.3745608,0,0,1,0,False
1784849457.3002179,20,1784976550.588097,37.49446860456244,0.7433684290836957,37.01915007248036,True,37.5,36.5,38.6,0.95,0.05,0.0,0.7,0.03,2,1784976560.617418,True,False,True,False,1784976537.3745608,0,0,1,0,False
1784849457.3002179,20,1784976570.5944746,37.49179827573053,0.7435400930800335,37.01647974364843,True,37.5,36.5,38.6,0.95,0.05,0.0,0.7,0.03,2,1784976580.621414,True,False,True,False,1784976537.3745608,0,0,1,0,False
1784849457.3002179,20,1784976590.6006892,37.507820248722055,0.7435591668574044,37.01647974364843,True,37.5,36.5,38.6,0.95,0.05,0.0,0.7,0.03,2,1784976600.6285617,True,True,True,False,1784976537.3745608,0,False,0,0,False
1784849457.3002179,20,1784976610.607135,37.507820248722055,0.743616388189517,37.011139085984595,True,37.5,36.5,38.6,0.95,0.05,0.0,0.7,0.03,2,1784976620.6346755,True,False,True,False,1784976537.3745608,0,False,0,0,False
1784849457.3002179,20,1784976630.613418,37.507820248722055,0.7436545357442589,37.01647974364843,True,37.5,36.5,38.6,0.95,0.05,0.0,0.7,0.03,2,1784976640.6450984,True,False,True,False,1784976537.3745608,0,False,0,0,False
1784849457.3002179,20,1784976650.6199255,37.49713893339437,0.7435210193026627,37.01380941481651,True,37.5,36.5,38.6,0.95,0.05,0.0,0.7,0.03,2,1784976660.6473725,True,True,True,False,1784976537.3745608,0,0,1,0,False
1784849457.3002179,20,1784976670.6262033,37.47310597390707,0.7435400930800335,37.02716105897612,True,37.5,36.5,38.6,0.95,0.05,0.0,0.7,0.03,2,1784976680.653794,True,True,True,False,1784976537.3745608,0,0,1,0,False
1784849457.3002179,20,1784976690.632347,37.489127946898606,0.7434637979705501,36.97375448233768,True,37.5,36.5,38.6,0.95,0.05,0.0,0.7,0.03,2,1784976700.6602225,True,True,True,False,1784976537.3745608,0,0,1,0,False
1784849457.3002179,20,1784976710.638588,37.47844663157092,0.7434447241931792,36.97642481116961,True,37.5,36.5,38.6,0.95,0.05,0.0,0.7,0.03,2,1784976720.6799417,True,True,True,True,1784976717.3745666,0,0,1,0,False
1784849457.3002179,20,1784976730.646441,37.51583123521782,0.7435591668574044,37.00045777065691,True,37.5,36.5,38.6,0.95,0.05,0.0,0.7,0.03,2,1784976740.678558,True,True,True,False,1784976717.3745666,0,False,0,0,False
1784849457.3002179,20,1784976750.6581714,37.50514991989013,0.7434447241931792,37.00846875715267,True,37.5,36.5,38.6,0.95,0.05,0.0,0.7,0.03,2,1784976760.6885884,True,False,True,False,1784976717.3745666,0,False,0,0,False
1784849457.3002179,20,1784976770.667494,37.52384222171359,0.7435973144121462,37.01647974364843,True,37.5,36.5,38.6,0.95,0.05,0.0,0.7,0.03,2,1784976780.6950634,True,False,True,False,1784976717.3745666,0,False,0,0,False
1784849457.3002179,20,1784976790.6744368,37.52384222171359,0.743768978408484,37.01647974364843,True,37.5,36.5,38.6,0.95,0.05,0.0,0.7,0.03,2,1784976800.701994,True,True,True,False,1784976717.3745666,0,False,0,0,False
1784849457.3002179,20,1784976810.6808093,37.47577630273899,0.7434637979705501,37.02182040131228,True,37.5,36.5,38.6,0.95,0.05,0.0,0.7,0.03,2,1784976820.7099092,True,True,True,False,1784976717.3745666,0,0,1,0,False
1784849457.3002179,20,1784976830.6871016,37.470435645075156,0.7434637979705501,36.989776455329206,True,37.5,36.5,38.6,0.95,0.05,0.0,0.7,0.03,2,1784976840.7168598,True,True,True,False,1784976717.3745666,0,0,1,0,False
1784849457.3002179,20,1784976850.693481,37.45975432974747,0.743921568627451,36.99778744182498,True,37.5,36.5,38.6,0.95,0.05,0.0,0.7,0.03,2,1784976860.7247727,True,False,True,False,1784976717.3745666,0,0,1,0,False
1784849457.3002179,20,1784976870.6999946,37.49980926222629,0.7435973144121462,37.01647974364843,True,37.5,36.5,38.6,0.95,0.05,0.0,0.7,0.03,2,1784976880.7275813,True,True,True,False,1784976717.3745666,0,0,1,0,False
1784849457.3002179,20,1784976890.706519,37.51049057755398,0.7434637979705501,37.005798428320745,True,37.5,36.5,38.6,0.95,0.05,0.0,0.7,0.03,2,1784976900.7339606,True,True,True,True,1784976897.3746054,0,False,0,0,False
1784849457.3002179,20,1784976910.7129612,37.531853208209355,0.7436545357442589,37.01915007248036,True,37.5,36.5,38.6,0.95,0.05,0.0,0.7,0.03,2,1784976920.741397,True,True,True,False,1784976897.3746054,0,False,0,0,False
1784849457.3002179,20,1784976930.7193108,37.49980926222629,0.7438071259632258,36.989776455329206,True,37.5,36.5,38.6,0.95,0.05,0.0,0.7,0.03,2,1784976940.7516298,True,True,True,False,1784976897.3746054,0,0,1,0,False
1784849457.3002179,20,1784976950.7266896,37.50514991989013,0.7433875028610666,37.01915007248036,True,37.5,36.5,38.6,0.95,0.05,0.0,0.7,0.03,2,1784976960.7558959,True,True,True,False,1784976897.3746054,0,False,0,0,False
1784849457.3002179,20,1784976970.734439,37.49179827573053,0.7434637979705501,37.01647974364843,True,37.5,36.5,38.6,0.95,0.05,0.0,0.7,0.03,2,1784976980.7674804,True,True,True,False,1784976897.3746054,0,0,1,0,False
1784849457.3002179,20,1784976990.7413788,37.507820248722055,0.7434256504158084,37.011139085984595,True,37.5,36.5,38.6,0.95,0.05,0.0,0.7,0.03,2,1784977000.7729201,True,True,True,False,1784976897.3746054,0,False,0,0,False
1784849457.3002179,20,1784977010.7483015,37.51850156404974,0.7434065766384375,37.00045777065691,True,37.5,36.5,38.6,0.95,0.05,0.0,0.7,0.03,2,1784977020.776274,True,True,True,False,1784976897.3746054,0,False,0,0,False
1784849457.3002179,20,1784977030.7552028,37.48645761806668,0.7432730601968415,37.005798428320745,True,37.5,36.5,38.6,0.95,0.05,0.0,0.7,0.03,2,1784977040.788476,True,False,True,False,1784976897.3746054,0,0,1,0,False
1784849457.3002179,20,1784977050.7621546,37.48645761806668,0.7437117570763714,37.00312809948882,True,37.5,36.5,38.6,0.95,0.05,0.0,0.7,0.03,2,1784977060.7893536,True,False,True,False,1784976897.3746054,0,0,1,0,False
1784849457.3002179,20,1784977070.7686644,37.49446860456244,0.7436545357442589,37.01647974364843,True,37.5,36.5,38.6,0.95,0.05,0.0,0.7,0.03,2,1784977080.7962232,True,True,True,True,1784977077.3746336,0,0,1,0,False
1784849457.3002179,20,1784977090.7750795,37.47844663157092,0.7434065766384375,37.00045777065691,True,37.5,36.5,38.6,0.95,0.05,0.0,0.7,0.03,2,1784977100.8025277,True,True,True,False,1784977077.3746336,0,0,1,0,False
1784849457.3002179,20,1784977110.7813265,37.51049057755398,0.7436736095216296,37.029831387808045,True,37.5,36.5,38.6,0.95,0.05,0.0,0.7,0.03,2,1784977120.8092752,True,False,True,False,1784977077.3746336,0,False,0,0,False
1784849457.3002179,20,1784977130.7884493,37.53719386587319,0.7435973144121462,37.01647974364843,True,37.5,36.5,38.6,0.95,0.05,0.0,0.7,0.03,2,1784977140.819251,True,True,True,False,1784977077.3746336,0,False,0,0,False
1784849457.3002179,20,1784977150.7967904,37.526512550545505,0.743616388189517,37.024490730144194,True,37.5,36.5,38.6,0.95,0.05,0.0,0.7,0.03,2,1784977160.82509,True,True,True,False,1784977077.3746336,0,False,0,0,False
1784849457.3002179,20,1784977170.8042352,37.513160906385906,0.7436354619668879,37.02716105897612,True,37.5,36.5,38.6,0.95,0.05,0.0,0.7,0.03,2,1784977180.8316307,True,True,True,False,1784977077.3746336,0,False,0,0,False
1784849457.3002179,20,1784977190.8105676,37.481116960402844,0.7436926832990005,37.00045777065691,True,37.5,36.5,38.6,0.95,0.05,0.0,0.7,0.03,2,1784977200.8380508,True,True,True,False,1784977077.3746336,0,0,1,0,False
1784849457.3002179,20,1784977210.816716,37.45441367208362,0.7435019455252919,36.97375448233768,True,37.5,36.5,38.6,0.95,0.05,0.0,0.7,0.03,2,1784977220.8433316,False,True,True,False,1784977077.3746336,0,0,1,0,False
1784849457.3002179,20,1784977230.8226092,37.43305104142824,0.7432158388647288,36.97909514000152,True,37.5,36.5,38.6,0.95,0.05,0.0,0.7,0.03,2,1784977240.8496826,False,True,True,False,1784977077.3746336,0,0,1,0,False
1784849457.3002179,20,1784977250.8284345,37.427710383764406,0.7434828717479209,36.987106126497295,True,37.5,36.5,38.6,0.95,0.05,0.0,0.7,0.03,2,1784977260.8555667,False,True,True,True,1784977257.3746605,0,0,1,0,False
1784849457.3002179,20,1784977270.8343303,37.45174334325169,0.7434447241931792,36.97909514000152,True,37.5,36.5,38.6,0.95,0.05,0.0,0.7,0.03,2,1784977280.862858,False,True,True,False,1784977257.3746605,0,0,1,0,False
1784849457.3002179,20,1784977290.8415825,37.446402685587856,0.7432921339742122,37.02716105897612,True,37.5,36.5,38.6,0.95,0.05,0.0,0.7,0.03,2,1784977300.869056,False,True,True,False,1784977257.3746605,0,0,1,0,False
1784849457.3002179,20,1784977310.8477957,37.46776531624323,0.7435591668574044,37.04051270313573,True,37.5,36.5,38.6,0.95,0.05,0.0,0.7,0.03,2,1784977320.8752003,False,True,True,False,1784977257.3746605,0,0,1,0,False
1784849457.3002179,20,1784977330.8539717,37.483787289234755,0.7433684290836957,37.05920500495918,True,37.5,36.5,38.6,0.95,0.05,0.0,0.7,0.03,2,1784977340.8810945,False,True,True,False,1784977257.3746605,0,0,1,0,False
1784849457.3002179,20,1784977350.8598955,37.489127946898606,0.7435782406347754,37.067215991454944,True,37.5,36.5,38.6,0.95,0.05,0.0,0.7,0.03,2,1784977360.8871212,False,True,True,False,1784977257.3746605,0,0,1,0,False
1784849457.3002179,20,1784977370.8658462,37.555886167696656,0.7435019455252919,37.091248950942244,True,37.5,36.5,38.6,0.95,0.05,0.0,0.7,0.03,2,1784977380.8929381,False,True,True,False,1784977257.3746605,0,False,0,0,False
1784849457.3002179,20,1784977390.8718157,37.53986419470512,0.7433875028610666,37.12863355458916,True,37.5,36.5,38.6,0.95,0.05,0.0,0.7,0.03,2,1784977400.8992662,False,True,True,False,1784977257.3746605,0,False,0,0,False
1784849457.3002179,20,1784977410.877754,37.53452353704128,0.7432921339742122,37.11261158159762,True,37.5,36.5,38.6,0.95,0.05,0.0,0.7,0.03,2,1784977420.9045815,False,True,True,False,1784977257.3746605,0,False,0,0,False
1784849457.3002179,20,1784977430.8838077,37.49713893339437,0.7434828717479209,37.10727092393378,True,37.5,36.5,38.6,0.95,0.05,0.0,0.7,0.03,2,1784977440.9110935,False,True,True,True,1784977437.374694,0,0,1,0,False
1784849457.3002179,20,1784977450.8896844,37.45975432974747,0.7434065766384375,37.09391927977417,True,37.5,36.5,38.6,0.95,0.05,0.0,0.7,0.03,2,1784977460.916799,False,True,True,False,1784977437.374694,0,0,1,0,False
1784849457.3002179,20,1784977470.895578,37.446402685587856,0.7432539864194705,37.053864347295345,True,37.5,36.5,38.6,0.95,0.05,0.0,0.7,0.03,2,1784977480.9226854,False,True,True,False,1784977437.374694,0,0,1,0,False
1784849457.3002179,20,1784977490.9013739,37.47310597390707,0.7434256504158084,37.04318303196766,True,37.5,36.5,38.6,0.95,0.05,0.0,0.7,0.03,2,1784977500.9284678,False,True,True,False,1784977437.374694,0,0,1,0,False
1784849457.3002179,20,1784977510.9072568,37.47844663157092,0.7436545357442589,37.09391927977417,True,37.5,36.5,38.6,0.95,0.05,0.0,0.7,0.03,2,1784977520.933938,False,True,True,False,1784977437.374694,0,0,1,0,False
1784849457.3002179,20,1784977530.91308,37.51049057755398,0.7434637979705501,37.096589608606095,True,37.5,36.5,38.6,0.95,0.05,0.0,0.7,0.03,2,1784977540.9407353,False,True,True,False,1784977437.374694,0,False,0,0,False
1784849457.3002179,20,1784977550.919376,37.51049057755398,0.7435782406347754,37.12596322575723,True,37.5,36.5,38.6,0.95,0.05,0.0,0.7,0.03,2,1784977560.9480894,False,True,True,False,1784977437.374694,0,False,0,0,False
1784849457.3002179,20,1784977570.9262056,37.52918287937743,0.7435591668574044,37.11261158159762,True,37.5,36.5,38.6,0.95,0.05,0.0,0.7,0.03,2,1784977580.9534345,False,True,True,False,1784977437.374694,0,False,0,0,False
1784849457.3002179,20,1784977590.932374,37.49179827573053,0.7432349126420996,37.091248950942244,True,37.5,36.5,38.6,0.95,0.05,0.0,0.7,0.03,2,1784977600.9595363,False,True,True,False,1784977437.374694,0,0,1,0,False
1784849457.3002179,20,1784977610.9383137,37.47577630273899,0.7432539864194705,37.08056763561456,True,37.5,36.5,38.6,0.95,0.05,0.0,0.7,0.03,2,1784977620.965201,False,True,True,True,1784977617.3746977,0,0,1,0,False
1784849457.3002179,20,1784977630.9441288,37.470435645075156,0.7434256504158084,37.06454566262303,True,37.5,36.5,38.6,0.95,0.05,0.0,0.7,0.03,2,1784977640.971173,False,True,True,False,1784977617.3746977,0,0,1,0,False
1784849457.3002179,20,1784977650.9501226,37.465094987411305,0.7433684290836957,37.067215991454944,True,37.5,36.5,38.6,0.95,0.05,0.0,0.7,0.03,2,1784977660.976736,False,True,True,False,1784977617.3746977,0,0,1,0,False
1784849457.3002179,20,1784977670.9559567,37.489127946898606,0.743349355306325,37.08056763561456,True,37.5,36.5,38.6,0.95,0.05,0.0,0.7,0.03,2,1784977680.9830716,False,True,True,False,1784977617.3746977,0,0,1,0,False
1784849457.3002179,20,1784977690.9617827,37.49446860456244,0.743616388189517,37.10727092393378,True,37.5,36.5,38.6,0.95,0.05,0.0,0.7,0.03,2,1784977700.9884005,False,True,True,False,1784977617.3746977,0,0,1,0,False
1784849457.3002179,20,1784977710.9676504,37.50514991989013,0.7433684290836957,37.115281910429545,True,37.5,36.5,38.6,0.95,0.05,0.0,0.7,0.03,2,1784977720.9941082,False,True,True,False,1784977617.3746977,0,False,0,0,False
1784849457.3002179,20,1784977730.9735987,37.55321583886473,0.7434637979705501,37.11795223926147,True,37.5,36.5,38.6,0.95,0.05,0.0,0.7,0.03,2,1784977741.0002236,False,True,True,False,1784977617.3746977,0,False,0,0,False
1784849457.3002179,20,1784977750.9796093,37.54787518120088,0.7437308308537424,37.109941252765694,True,37.5,36.5,38.6,0.95,0.05,0.0,0.7,0.03,2,1784977761.0069,False,True,True,False,1784977617.3746977,0,False,0,0,False
1784849457.3002179,20,1784977770.9855883,37.52384222171359,0.7432158388647288,37.14465552758068,True,37.5,36.5,38.6,0.95,0.05,0.0,0.7,0.03,2,1784977781.0127327,False,True,True,False,1784977617.3746977,0,False,0,0,False
1784849457.3002179,20,1784977790.9916046,37.507820248722055,0.743616388189517,37.11795223926147,True,37.5,36.5,38.6,0.95,0.05,0.0,0.7,0.03,2,1784977801.0188167,False,True,True,True,1784977797.3747363,0,False,0,0,False
1784849457.3002179,20,1784977810.9975803,37.470435645075156,0.743196765087358,37.06454566262303,True,37.5,36.5,38.6,0.95,0.05,0.0,0.7,0.03,2,1784977821.0248077,False,True,True,False,1784977797.3747363,0,0,1,0,False
1784849457.3002179,20,1784977831.0034747,37.41702906843672,0.7435591668574044,37.06454566262303,True,37.5,36.5,38.6,0.95,0.05,0.0,0.7,0.03,2,1784977841.0306213,False,True,True,False,1784977797.3747363,0,0,1,0,False
1784849457.3002179,20,1784977851.0093114,37.438391699092094,0.7432730601968415,37.067215991454944,True,37.5,36.5,38.6,0.95,0.05,0.0,0.7,0.03,2,1784977861.0365143,False,True,True,False,1784977797.3747363,0,0,1,0,False
1784849457.3002179,20,1784977871.0152464,37.45174334325169,0.743349355306325,37.07522697795072,True,37.5,36.5,38.6,0.95,0.05,0.0,0.7,0.03,2,1784977881.0418706,False,True,True,False,1784977797.3747363,0,0,1,0,False
1784849457.3002179,20,1784977891.0210762,37.47310597390707,0.7431204699778745,37.08056763561456,True,37.5,36.5,38.6,0.95,0.05,0.0,0.7,0.03,2,1784977901.0483158,False,True,True,False,1784977797.3747363,0,0,1,0,False
1784849457.3002179,20,1784977911.0270157,37.51049057755398,0.7435400930800335,37.12596322575723,True,37.5,36.5,38.6,0.95,0.05,0.0,0.7,0.03,2,1784977921.053731,False,True,True,False,1784977797.3747363,0,False,0,0,False
1784849457.3002179,20,1784977931.0329983,37.53719386587319,0.7436354619668879,37.12863355458916,True,37.5,36.5,38.6,0.95,0.05,0.0,0.7,0.03,2,1784977941.0597208,False,True,True,False,1784977797.3747363,0,False,0,0,False
1784849457.3002179,20,1784977951.0391016,37.51583123521782,0.7434447241931792,37.13130388342107,True,37.5,36.5,38.6,0.95,0.05,0.0,0.7,0.03,2,1784977961.0656765,False,True,True,False,1784977797.3747363,0,False,0,0,False
1784849457.3002179,20,1784977971.0450077,37.49179827573053,0.7433112077515831,37.10193026626993,True,37.5,36.5,38.6,0.95,0.05,0.0,0.7,0.03,2,1784977981.0721824,False,True,True,True,1784977977.374743,0,0,1,0,False
1784849457.3002179,20,1784977991.0509293,37.44907301441978,0.7431586175326161,37.08590829327841,True,37.5,36.5,38.6,0.95,0.05,0.0,0.7,0.03,2,1784978001.078152,False,True,True,False,1784977977.374743,0,0,1,0,False
1784849457.3002179,20,1784978011.0568604,37.45441367208362,0.7432349126420996,37.05920500495918,True,37.5,36.5,38.6,0.95,0.05,0.0,0.7,0.03,2,1784978021.084106,False,True,True,False,1784977977.374743,0,0,1,0,False
1784849457.3002179,20,1784978031.0628765,37.470435645075156,0.7435782406347754,37.08590829327841,True,37.5,36.5,38.6,0.95,0.05,0.0,0.7,0.03,2,1784978041.0900533,False,True,True,False,1784977977.374743,0,0,1,0,False
1784849457.3002179,20,1784978051.0687313,37.48645761806668,0.7433875028610666,37.099259937438006,True,37.5,36.5,38.6,0.95,0.05,0.0,0.7,0.03,2,1784978061.0954063,False,True,True,False,1784977977.374743,0,0,1,0,False
1784849457.3002179,20,1784978071.0746458,37.49980926222629,0.7435210193026627,37.11795223926147,True,37.5,36.5,38.6,0.95,0.05,0.0,0.7,0.03,2,1784978081.1011136,False,True,True,False,1784977977.374743,0,0,1,0,False
1784849457.3002179,20,1784978091.080515,37.526512550545505,0.7435019455252919,37.139314869916845,True,37.5,36.5,38.6,0.95,0.05,0.0,0.7,0.03,2,1784978101.1076252,False,True,True,False,1784977977.374743,0,False,0,0,False
1784849457.3002179,20,1784978111.0865562,37.526512550545505,0.743349355306325,37.14732585641261,True,37.5,36.5,38.6,0.95,0.05,0.0,0.7,0.03,2,1784978121.1142132,False,True,True,False,1784977977.374743,0,False,0,0,False
1784849457.3002179,20,1784978131.0924838,37.526512550545505,0.743349355306325,37.139314869916845,True,37.5,36.5,38.6,0.95,0.05,0.0,0.7,0.03,2,1784978141.1195977,False,True,True,False,1784977977.374743,0,False,0,0,False
1784849457.3002179,20,1784978151.0984945,37.49980926222629,0.7434637979705501,37.109941252765694,True,37.5,36.5,38.6,0.95,0.05,0.0,0.7,0.03,2,1784978161.125685,False,True,True,True,1784978157.3747556,0,0,1,0,False
1784849457.3002179,20,1784978171.1044037,37.465094987411305,0.7432158388647288,37.08056763561456,True,37.5,36.5,38.6,0.95,0.05,0.0,0.7,0.03,2,1784978181.1315362,False,True,True,False,1784978157.3747556,0,0,1,0,False
1784849457.3002179,20,1784978191.1102805,37.470435645075156,0.7432921339742122,37.08056763561456,True,37.5,36.5,38.6,0.95,0.05,0.0,0.7,0.03,2,1784978201.1374807,False,True,True,False,1784978157.3747556,0,0,1,0,False
1784849457.3002179,20,1784978211.1161811,37.470435645075156,0.743349355306325,37.10727092393378,True,37.5,36.5,38.6,0.95,0.05,0.0,0.7,0.03,2,1784978221.142959,False,True,True,False,1784978157.3747556,0,0,1,0,False
1784849457.3002179,20,1784978231.1223752,37.49179827573053,0.7436545357442589,37.12329289692531,True,37.5,36.5,38.6,0.95,0.05,0.0,0.7,0.03,2,1784978241.1495876,False,True,True,False,1784978157.3747556,0,0,1,0,False
1784849457.3002179,20,1784978251.128292,37.50247959105822,0.7433112077515831,37.14732585641261,True,37.5,36.5,38.6,0.95,0.05,0.0,0.7,0.03,2,1784978261.155411,False,True,True,False,1784978157.3747556,0,False,0,0,False
1784849457.3002179,20,1784978271.1342893,37.51583123521782,0.7434065766384375,37.139314869916845,True,37.5,36.5,38.6,0.95,0.05,0.0,0.7,0.03,2,1784978281.1622016,False,True,True,False,1784978157.3747556,0,False,0,0,False
1784849457.3002179,20,1784978291.1402571,37.51049057755398,0.7437308308537424,37.139314869916845,True,37.5,36.5,38.6,0.95,0.05,0.0,0.7,0.03,2,1784978301.1674306,False,True,True,False,1784978157.3747556,0,False,0,0,False
1784849457.3002179,20,1784978311.1462905,37.489127946898606,0.7432730601968415,37.13130388342107,True,37.5,36.5,38.6,0.95,0.05,0.0,0.7,0.03,2,1784978321.1745074,False,True,True,False,1784978157.3747556,0,0,1,0,False
1784849457.3002179,20,1784978331.1521678,37.45174334325169,0.7433875028610666,37.08590829327841,True,37.5,36.5,38.6,0.95,0.05,0.0,0.7,0.03,2,1784978341.1793125,False,True,True,True,1784978337.3747594,0,0,1,0,False
1784849457.3002179,20,1784978351.1580338,37.43572137026017,0.7432349126420996,37.08323796444648,True,37.5,36.5,38.6,0.95,0.05,0.0,0.7,0.03,2,1784978361.185271,False,True,True,False,1784978337.3747594,0,0,1,0,False
1784849457.3002179,20,1784978371.1639094,37.45441367208362,0.743349355306325,37.05920500495918,True,37.5,36.5,38.6,0.95,0.05,0.0,0.7,0.03,2,1784978381.1906161,False,True,True,False,1784978337.3747594,0,0,1,0,False
1784849457.3002179,20,1784978391.1697438,37.470435645075156,0.7434065766384375,37.11795223926147,True,37.5,36.5,38.6,0.95,0.05,0.0,0.7,0.03,2,1784978401.196917,False,True,True,False,1784978337.3747594,0,0,1,0,False
1784849457.3002179,20,1784978411.1756268,37.48645761806668,0.7435400930800335,37.12863355458916,True,37.5,36.5,38.6,0.95,0.05,0.0,0.7,0.03,2,1784978421.2028825,False,True,True,False,1784978337.3747594,0,0,1,0,False
1784849457.3002179,20,1784978431.1815002,37.507820248722055,0.7433875028610666,37.12863355458916,True,37.5,36.5,38.6,0.95,0.05,0.0,0.7,0.03,2,1784978441.2085586,False,True,True,False,1784978337.3747594,0,False,0,0,False
1784849457.3002179,20,1784978451.187448,37.513160906385906,0.743330281528954,37.158007171740294,True,37.5,36.5,38.6,0.95,0.05,0.0,0.7,0.03,2,1784978461.214133,False,True,True,False,1784978337.3747594,0,False,0,0,False
1784849457.3002179,20,1784978471.193333,37.51049057755398,0.743349355306325,37.12863355458916,True,37.5,36.5,38.6,0.95,0.05,0.0,0.7,0.03,2,1784978481.220538,False,True,True,False,1784978337.3747594,0,False,0,0,False
1784849457.3002179,20,1784978491.1993563,37.46242465857938,0.7432730601968415,37.096589608606095,True,37.5,36.5,38.6,0.95,0.05,0.0,0.7,0.03,2,1784978501.2262769,False,True,True,False,1784978337.3747594,0,0,1,0,False
1784849457.3002179,20,1784978511.2055001,37.46242465857938,0.7430823224231327,37.109941252765694,True,37.5,36.5,38.6,0.95,0.05,0.0,0.7,0.03,2,1784978521.2322006,False,True,True,True,1784978517.374773,0,0,1,0,False
1784849457.3002179,20,1784978531.211443,37.45708400091554,0.743349355306325,37.091248950942244,True,37.5,36.5,38.6,0.95,0.05,0.0,0.7,0.03,2,1784978541.238741,False,True,True,False,1784978517.374773,0,0,1,0,False
1784849457.3002179,20,1784978551.217384,37.446402685587856,0.7431013962005035,37.07789730678263,True,37.5,36.5,38.6,0.95,0.05,0.0,0.7,0.03,2,1784978561.2440336,False,True,True,False,1784978517.374773,0,0,1,0,False
1784849457.3002179,20,1784978571.223302,37.465094987411305,0.743196765087358,37.096589608606095,True,37.5,36.5,38.6,0.95,0.05,0.0,0.7,0.03,2,1784978581.2505226,False,True,True,False,1784978517.374773,0,0,1,0,False
1784849457.3002179,20,1784978591.229242,37.49713893339437,0.7432730601968415,37.096589608606095,True,37.5,36.5,38.6,0.95,0.05,0.0,0.7,0.03,2,1784978601.2565193,False,True,True,False,1784978517.374773,0,0,1,0,False
1784849457.3002179,20,1784978611.2351906,37.513160906385906,0.7432539864194705,37.14465552758068,True,37.5,36.5,38.6,0.95,0.05,0.0,0.7,0.03,2,1784978621.2623305,False,True,True,False,1784978517.374773,0,False,0,0,False
1784849457.3002179,20,1784978631.2411213,37.52384222171359,0.7435973144121462,37.16067750057222,True,37.5,36.5,38.6,0.95,0.05,0.0,0.7,0.03,2,1784978641.268292,False,True,True,False,1784978517.374773,0,False,0,0,False
1784849457.3002179,20,1784978651.2471173,37.513160906385906,0.743177691309987,37.13664454108492,True,37.5,36.5,38.6,0.95,0.05,0.0,0.7,0.03,2,1784978661.2744417,False,True,True,False,1784978517.374773,0,False,0,0,False
1784849457.3002179,20,1784978671.2532027,37.489127946898606,0.743349355306325,37.12863355458916,True,37.5,36.5,38.6,0.95,0.05,0.0,0.7,0.03,2,1784978681.2810216,False,True,True,False,1784978517.374773,0,0,1,0,False
1784849457.3002179,20,1784978691.2591395,37.47310597390707,0.743349355306325,37.091248950942244,True,37.5,36.5,38.6,0.95,0.05,0.0,0.7,0.03,2,1784978701.2857618,False,True,True,True,1784978697.3748012,0,0,1,0,False
1784849457.3002179,20,1784978711.2650256,37.41969939726863,0.7429297322041657,37.08323796444648,True,37.5,36.5,38.6,0.95,0.05,0.0,0.7,0.03,2,1784978721.2918108,False,True,True,False,1784978697.3748012,0,0,1,0,False
1784849457.3002179,20,1784978731.2711666,37.45708400091554,0.7432730601968415,37.096589608606095,True,37.5,36.5,38.6,0.95,0.05,0.0,0.7,0.03,2,1784978741.2978585,False,True,True,False,1784978697.3748012,0,0,1,0,False
1784849457.3002179,20,1784978751.2770414,37.483787289234755,0.7435591668574044,37.109941252765694,True,37.5,36.5,38.6,0.95,0.05,0.0,0.7,0.03,2,1784978761.3041637,False,True,True,False,1784978697.3748012,0,0,1,0,False
1784849457.3002179,20,1784978771.2829518,37.48645761806668,0.7433875028610666,37.12329289692531,True,37.5,36.5,38.6,0.95,0.05,0.0,0.7,0.03,2,1784978781.310034,False,True,True,False,1784978697.3748012,0,0,1,0,False
1784849457.3002179,20,1784978791.2887716,37.52384222171359,0.7430823224231327,37.12863355458916,True,37.5,36.5,38.6,0.95,0.05,0.0,0.7,0.03,2,1784978801.3159578,False,True,True,False,1784978697.3748012,0,False,0,0,False
1784849457.3002179,20,1784978811.294889,37.51850156404974,0.7432921339742122,37.16601815823606,True,37.5,36.5,38.6,0.95,0.05,0.0,0.7,0.03,2,1784978821.3220863,False,True,True,False,1784978697.3748012,0,False,0,0,False
1784849457.3002179,20,1784978831.300885,37.513160906385906,0.7432921339742122,37.14999618524453,True,37.5,36.5,38.6,0.95,0.05,0.0,0.7,0.03,2,1784978841.3276007,False,True,True,False,1784978697.3748012,0,False,0,0,False
1784849457.3002179,20,1784978851.3068705,37.49713893339437,0.743330281528954,37.12062256809338,True,37.5,36.5,38.6,0.95,0.05,0.0,0.7,0.03,2,1784978861.3339767,False,True,True,False,1784978697.3748012,0,0,1,0,False
1784849457.3002179,20,1784978871.3126903,37.47310597390707,0.7430823224231327,37.10727092393378,True,37.5,36.5,38.6,0.95,0.05,0.0,0.7,0.03,2,1784978881.3393848,False,True,True,True,1784978877.374809,0,0,1,0,False
1784849457.3002179,20,1784978891.3186042,37.46242465857938,0.7432730601968415,37.08056763561456,True,37.5,36.5,38.6,0.95,0.05,0.0,0.7,0.03,2,1784978901.345169,False,True,True,False,1784978877.374809,0,0,1,0,False
1784849457.3002179,20,1784978911.3243828,37.42504005493248,0.7432921339742122,37.09391927977417,True,37.5,36.5,38.6,0.95,0.05,0.0,0.7,0.03,2,1784978921.3514836,False,True,True,False,1784978877.374809,0,0,1,0,False
1784849457.3002179,20,1784978931.330261,37.446402685587856,0.7432158388647288,37.10193026626993,True,37.5,36.5,38.6,0.95,0.05,0.0,0.7,0.03,2,1784978941.3575578,False,True,True,False,1784978877.374809,0,0,1,0,False
1784849457.3002179,20,1784978951.3362606,37.49980926222629,0.7434447241931792,37.12062256809338,True,37.5,36.5,38.6,0.95,0.05,0.0,0.7,0.03,2,1784978961.3634145,False,True,True,False,1784978877.374809,0,0,1,0,False
1784849457.3002179,20,1784978971.3421388,37.52384222171359,0.7434828717479209,37.139314869916845,True,37.5,36.5,38.6,0.95,0.05,0.0,0.7,0.03,2,1784978981.3692055,False,True,True,False,1784978877.374809,0,False,0,0,False
1784849457.3002179,20,1784978991.3480544,37.507820248722055,0.743349355306325,37.16067750057222,True,37.5,36.5,38.6,0.95,0.05,0.0,0.7,0.03,2,1784979001.3752074,False,True,True,False,1784978877.374809,0,False,0,0,False
1784849457.3002179,20,1784979011.3541076,37.50247959105822,0.7434447241931792,37.14999618524453,True,37.5,36.5,38.6,0.95,0.05,0.0,0.7,0.03,2,1784979021.3810647,False,True,True,False,1784978877.374809,0,False,0,0,False
1784849457.3002179,20,1784979031.3601673,37.48645761806668,0.7431204699778745,37.091248950942244,True,37.5,36.5,38.6,0.95,0.05,0.0,0.7,0.03,2,1784979041.386729,False,True,True,False,1784978877.374809,0,0,1,0,False
1784849457.3002179,20,1784979051.365995,37.45975432974747,0.7432921339742122,37.109941252765694,True,37.5,36.5,38.6,0.95,0.05,0.0,0.7,0.03,2,1784979061.393052,False,True,True,True,1784979057.3748262,0,0,1,0,False
1784849457.3002179,20,1784979071.371844,37.45708400091554,0.7435210193026627,37.08056763561456,True,37.5,36.5,38.6,0.95,0.05,0.0,0.7,0.03,2,1784979081.3990898,False,True,True,False,1784979057.3748262,0,0,1,0,False
1784849457.3002179,20,1784979091.3777947,37.43572137026017,0.7434065766384375,37.096589608606095,True,37.5,36.5,38.6,0.95,0.05,0.0,0.7,0.03,2,1784979101.4050753,False,True,True,False,1784979057.3748262,0,0,1,0,False
1784849457.3002179,20,1784979111.3837228,37.489127946898606,0.7433875028610666,37.10460059510186,True,37.5,36.5,38.6,0.95,0.05,0.0,0.7,0.03,2,1784979121.4109187,False,True,True,False,1784979057.3748262,0,0,1,0,False
1784849457.3002179,20,1784979131.3895113,37.47844663157092,0.743044174868391,37.12863355458916,True,37.5,36.5,38.6,0.95,0.05,0.0,0.7,0.03,2,1784979141.416726,False,True,True,False,1784979057.3748262,0,0,1,0,False
1784849457.3002179,20,1784979151.395392,37.51049057755398,0.7430632486457618,37.13130388342107,True,37.5,36.5,38.6,0.95,0.05,0.0,0.7,0.03,2,1784979161.4226117,False,True,True,False,1784979057.3748262,0,False,0,0,False
1784849457.3002179,20,1784979171.4016573,37.507820248722055,0.7431013962005035,37.14465552758068,True,37.5,36.5,38.6,0.95,0.05,0.0,0.7,0.03,2,1784979181.428825,False,True,True,False,1784979057.3748262,0,False,0,0,False
1784849457.3002179,20,1784979191.4077785,37.49713893339437,0.7435210193026627,37.12863355458916,True,37.5,36.5,38.6,0.95,0.05,0.0,0.7,0.03,2,1784979201.4349337,False,True,True,False,1784979057.3748262,0,0,1,0,False
1784849457.3002179,20,1784979211.4136515,37.507820248722055,0.7432921339742122,37.12863355458916,True,37.5,36.5,38.6,0.95,0.05,0.0,0.7,0.03,2,1784979221.4408054,False,True,True,False,1784979057.3748262,0,False,0,0,False
1784849457.3002179,20,1784979231.4196713,37.45441367208362,0.7432349126420996,37.11795223926147,True,37.5,36.5,38.6,0.95,0.05,0.0,0.7,0.03,2,1784979241.4469178,False,True,True,True,1784979237.3748353,0,0,1,0,False
1784849457.3002179,20,1784979251.4256349,37.438391699092094,0.7432730601968415,37.109941252765694,True,37.5,36.5,38.6,0.95,0.05,0.0,0.7,0.03,2,1784979261.4527764,False,True,True,False,1784979237.3748353,0,0,1,0,False
1784849457.3002179,20,1784979271.431531,37.441062027924005,0.7432730601968415,37.10727092393378,True,37.5,36.5,38.6,0.95,0.05,0.0,0.7,0.03,2,1784979281.4581382,False,True,True,False,1784979237.3748353,0,0,1,0,False
1784849457.3002179,20,1784979291.4373147,37.45174334325169,0.7429297322041657,37.10193026626993,True,37.5,36.5,38.6,0.95,0.05,0.0,0.7,0.03,2,1784979301.4640121,False,True,True,False,1784979237.3748353,0,0,1,0,False
1784849457.3002179,20,1784979311.443261,37.483787289234755,0.7435019455252919,37.13664454108492,True,37.5,36.5,38.6,0.95,0.05,0.0,0.7,0.03,2,1784979321.4699614,False,True,True,False,1784979237.3748353,0,0,1,0,False
1784849457.3002179,20,1784979331.4490592,37.51583123521782,0.743177691309987,37.12863355458916,True,37.5,36.5,38.6,0.95,0.05,0.0,0.7,0.03,2,1784979341.4762015,False,True,True,False,1784979237.3748353,0,False,0,0,False
1784849457.3002179,20,1784979351.4550598,37.55321583886473,0.7435591668574044,37.14732585641261,True,37.5,36.5,38.6,0.95,0.05,0.0,0.7,0.03,2,1784979361.4822457,False,True,True,False,1784979237.3748353,0,False,0,0,False
1784849457.3002179,20,1784979371.4610698,37.54520485236897,0.7433112077515831,37.176699473563744,True,37.5,36.5,38.6,0.95,0.05,0.0,0.7,0.03,2,1784979381.488421,False,True,True,False,1784979237.3748353,0,False,0,0,False
1784849457.3002179,20,1784979391.4672306,37.507820248722055,0.743177691309987,37.14465552758068,True,37.5,36.5,38.6,0.95,0.05,0.0,0.7,0.03,2,1784979401.4937134,False,True,True,False,1784979237.3748353,0,False,0,0,False
1784849457.3002179,20,1784979411.473095,37.47577630273899,0.7433684290836957,37.15533684290837,True,37.5,36.5,38.6,0.95,0.05,0.0,0.7,0.03,2,1784979421.500236,False,True,True,True,1784979417.3748667,0,0,1,0,False
1784849457.3002179,20,1784979431.4790134,37.45975432974747,0.7432730601968415,37.10727092393378,True,37.5,36.5,38.6,0.95,0.05,0.0,0.7,0.03,2,1784979441.5057628,False,True,True,False,1784979417.3748667,0,0,1,0,False
1784849457.3002179,20,1784979451.4848442,37.45441367208362,0.7433112077515831,37.09391927977417,True,37.5,36.5,38.6,0.95,0.05,0.0,0.7,0.03,2,1784979461.5115082,False,True,True,False,1784979417.3748667,0,0,1,0,False
1784849457.3002179,20,1784979471.4907598,37.441062027924005,0.74302510109102,37.10727092393378,True,37.5,36.5,38.6,0.95,0.05,0.0,0.7,0.03,2,1784979481.5173545,False,True,True,False,1784979417.3748667,0,0,1,0,False
1784849457.3002179,20,1784979491.4965887,37.50514991989013,0.7432730601968415,37.11795223926147,True,37.5,36.5,38.6,0.95,0.05,0.0,0.7,0.03,2,1784979501.523154,False,True,True,False,1784979417.3748667,0,False,0,0,False
1784849457.3002179,20,1784979511.5024645,37.49446860456244,0.7433875028610666,37.13130388342107,True,37.5,36.5,38.6,0.95,0.05,0.0,0.7,0.03,2,1784979521.5295439,False,True,True,False,1784979417.3748667,0,0,1,0,False
1784849457.3002179,20,1784979531.508288,37.49446860456244,0.7435782406347754,37.15533684290837,True,37.5,36.5,38.6,0.95,0.05,0.0,0.7,0.03,2,1784979541.5355303,False,True,True,False,1784979417.3748667,0,0,1,0,False
1784849457.3002179,20,1784979551.51425,37.526512550545505,0.7431395437552453,37.13130388342107,True,37.5,36.5,38.6,0.95,0.05,0.0,0.7,0.03,2,1784979561.5409648,False,True,True,False,1784979417.3748667,0,False,0,0,False
1784849457.3002179,20,1784979571.5202088,37.50247959105822,0.7435973144121462,37.11795223926147,True,37.5,36.5,38.6,0.95,0.05,0.0,0.7,0.03,2,1784979581.5473247,False,True,True,False,1784979417.3748667,0,False,0,0,False
1784849457.3002179,20,1784979591.5261648,37.465094987411305,0.7431395437552453,37.10727092393378,True,37.5,36.5,38.6,0.95,0.05,0.0,0.7,0.03,2,1784979601.5533512,False,True,True,True,1784979597.374877,0,0,1,0,False
1784849457.3002179,20,1784979611.5320365,37.470435645075156,0.7431586175326161,37.08056763561456,True,37.5,36.5,38.6,0.95,0.05,0.0,0.7,0.03,2,1784979621.5592155,False,True,True,False,1784979597.374877,0,0,1,0,False
1784849457.3002179,20,1784979631.5379353,37.44373235675593,0.7432539864194705,37.10727092393378,True,37.5,36.5,38.6,0.95,0.05,0.0,0.7,0.03,2,1784979641.5650744,False,True,True,False,1784979597.374877,0,0,1,0,False
1784849457.3002179,20,1784979651.5437624,37.45441367208362,0.7429106584267948,37.109941252765694,True,37.5,36.5,38.6,0.95,0.05,0.0,0.7,0.03,2,1784979661.5710025,False,True,True,False,1784979597.374877,0,0,1,0,False
1784849457.3002179,20,1784979671.5497634,37.489127946898606,0.7429488059815366,37.11795223926147,True,37.5,36.5,38.6,0.95,0.05,0.0,0.7,0.03,2,1784979681.5765254,False,True,True,False,1784979597.374877,0,0,1,0,False
1784849457.3002179,20,1784979691.5556939,37.531853208209355,0.7433684290836957,37.14465552758068,True,37.5,36.5,38.6,0.95,0.05,0.0,0.7,0.03,2,1784979701.5828185,False,True,True,False,1784979597.374877,0,False,0,0,False
1784849457.3002179,20,1784979711.5616238,37.53719386587319,0.7435973144121462,37.16334782940413,True,37.5,36.5,38.6,0.95,0.05,0.0,0.7,0.03,2,1784979721.588763,False,True,True,False,1784979597.374877,0,False,0,0,False
1784849457.3002179,20,1784979731.5675924,37.531853208209355,0.743196765087358,37.16601815823606,True,37.5,36.5,38.6,0.95,0.05,0.0,0.7,0.03,2,1784979741.5947173,False,True,True,False,1784979597.374877,0,False,0,0,False
1784849457.3002179,20,1784979751.5735028,37.526512550545505,0.7432349126420996,37.13664454108492,True,37.5,36.5,38.6,0.95,0.05,0.0,0.7,0.03,2,1784979761.6005304,False,True,True,False,1784979597.374877,0,False,0,0,False
1784849457.3002179,20,1784979771.5795028,37.48645761806668,0.7434256504158084,37.12863355458916,True,37.5,36.5,38.6,0.95,0.05,0.0,0.7,0.03,2,1784979781.6066244,False,True,True,True,1784979777.3749042,0,0,1,0,False
1784849457.3002179,20,1784979791.585336,37.45441367208362,0.7431204699778745,37.10727092393378,True,37.5,36.5,38.6,0.95,0.05,0.0,0.7,0.03,2,1784979801.6120455,False,True,True,False,1784979777.3749042,0,0,1,0,False
1784849457.3002179,20,1784979811.5913048,37.45975432974747,0.7431586175326161,37.10727092393378,True,37.5,36.5,38.6,0.95,0.05,0.0,0.7,0.03,2,1784979821.61847,False,True,True,False,1784979777.3749042,0,0,1,0,False
1784849457.3002179,20,1784979831.5971498,37.470435645075156,0.7434256504158084,37.11261158159762,True,37.5,36.5,38.6,0.95,0.05,0.0,0.7,0.03,2,1784979841.6243658,False,True,True,False,1784979777.3749042,0,0,1,0,False
1784849457.3002179,20,1784979851.6031306,37.507820248722055,0.7434065766384375,37.13130388342107,True,37.5,36.5,38.6,0.95,0.05,0.0,0.7,0.03,2,1784979861.6304338,False,True,True,False,1784979777.3749042,0,False,0,0,False
1784849457.3002179,20,1784979871.6091833,37.53719386587319,0.7435591668574044,37.12863355458916,True,37.5,36.5,38.6,0.95,0.05,0.0,0.7,0.03,2,1784979881.6363952,False,True,True,False,1784979777.3749042,0,False,0,0,False
1784849457.3002179,20,1784979891.615286,37.526512550545505,0.7432730601968415,37.15533684290837,True,37.5,36.5,38.6,0.95,0.05,0.0,0.7,0.03,2,1784979901.6428127,False,True,True,False,1784979777.3749042,0,False,0,0,False
1784849457.3002179,20,1784979911.6215835,37.51049057755398,0.74302510109102,37.14732585641261,True,37.5,36.5,38.6,0.95,0.05,0.0,0.7,0.03,2,1784979921.6488364,False,True,True,False,1784979777.3749042,0,False,0,0,False
1784849457.3002179,20,1784979931.6276631,37.49446860456244,0.7431013962005035,37.11261158159762,True,37.5,36.5,38.6,0.95,0.05,0.0,0.7,0.03,2,1784979941.6548903,False,True,True,False,1784979777.3749042,0,0,1,0,False
1784849457.3002179,20,1784979951.6336055,37.51049057755398,0.743330281528954,37.12062256809338,True,37.5,36.5,38.6,0.95,0.05,0.0,0.7,0.03,2,1784979961.660734,False,True,True,True,1784979957.374915,0,False,0,0,False
1784849457.3002179,20,1784979971.639603,37.507820248722055,0.7430823224231327,37.12329289692531,True,37.5,36.5,38.6,0.95,0.05,0.0,0.7,0.03,2,1784979981.6662302,False,True,True,False,1784979957.374915,0,False,0,0,False
1784849457.3002179,20,1784979991.6455476,37.470435645075156,0.7430060273136492,37.12329289692531,True,37.5,36.5,38.6,0.95,0.05,0.0,0.7,0.03,2,1784980001.6727128,False,True,True,False,1784979957.374915,0,0,1,0,False
1784849457.3002179,20,1784980011.6514554,37.45975432974747,0.7434828717479209,37.10727092393378,True,37.5,36.5,38.6,0.95,0.05,0.0,0.7,0.03,2,1784980021.6786165,False,True,True,False,1784979957.374915,0,0,1,0,False
1784849457.3002179,20,1784980031.6573105,37.470435645075156,0.743196765087358,37.10727092393378,True,37.5,36.5,38.6,0.95,0.05,0.0,0.7,0.03,2,1784980041.6844993,False,True,True,False,1784979957.374915,0,0,1,0,False
1784849457.3002179,20,1784980051.6632195,37.52384222171359,0.743349355306325,37.141985198748756,True,37.5,36.5,38.6,0.95,0.05,0.0,0.7,0.03,2,1784980061.6903512,False,True,True,False,1784979957.374915,0,False,0,0,False
1784849457.3002179,20,1784980071.6692228,37.526512550545505,0.7432539864194705,37.14465552758068,True,37.5,36.5,38.6,0.95,0.05,0.0,0.7,0.03,2,1784980081.6964226,False,True,True,False,1784979957.374915,0,False,0,0,False
1784849457.3002179,20,1784980091.6753232,37.52117189288167,0.7430823224231327,37.14465552758068,True,37.5,36.5,38.6,0.95,0.05,0.0,0.7,0.03,2,1784980101.7024689,False,True,True,False,1784979957.374915,0,False,0,0,False
1784849457.3002179,20,1784980111.681297,37.47844663157092,0.7432921339742122,37.115281910429545,True,37.5,36.5,38.6,0.95,0.05,0.0,0.7,0.03,2,1784980121.7084076,False,True,True,False,1784979957.374915,0,0,1,0,False
1784849457.3002179,20,1784980131.68717,37.46776531624323,0.743177691309987,37.11795223926147,True,37.5,36.5,38.6,0.95,0.05,0.0,0.7,0.03,2,1784980141.7142868,False,True,True,True,1784980137.3749282,0,0,1,0,False
1784849457.3002179,20,1784980151.6929963,37.446402685587856,0.74302510109102,37.099259937438006,True,37.5,36.5,38.6,0.95,0.05,0.0,0.7,0.03,2,1784980161.7197714,False,True,True,False,1784980137.3749282,0,0,1,0,False
1784849457.3002179,20,1784980171.6989357,37.438391699092094,0.743177691309987,37.10727092393378,True,37.5,36.5,38.6,0.95,0.05,0.0,0.7,0.03,2,1784980181.7254226,False,True,True,False,1784980137.3749282,0,0,1,0,False
1784849457.3002179,20,1784980191.7047658,37.465094987411305,0.743177691309987,37.11795223926147,True,37.5,36.5,38.6,0.95,0.05,0.0,0.7,0.03,2,1784980201.7318897,False,True,True,False,1784980137.3749282,0,0,1,0,False
1784849457.3002179,20,1784980211.7106287,37.48645761806668,0.7432730601968415,37.14465552758068,True,37.5,36.5,38.6,0.95,0.05,0.0,0.7,0.03,2,1784980221.737921,False,True,True,False,1784980137.3749282,0,0,1,0,False
1784849457.3002179,20,1784980231.7166727,37.51850156404974,0.7431013962005035,37.17135881589991,True,37.5,36.5,38.6,0.95,0.05,0.0,0.7,0.03,2,1784980241.743762,False,True,True,False,1784980137.3749282,0,False,0,0,False
1784849457.3002179,20,1784980251.722659,37.53452353704128,0.743044174868391,37.17402914473182,True,37.5,36.5,38.6,0.95,0.05,0.0,0.7,0.03,2,1784980261.7492359,False,True,True,False,1784980137.3749282,0,False,0,0,False
1784849457.3002179,20,1784980271.728554,37.526512550545505,0.7432730601968415,37.14999618524453,True,37.5,36.5,38.6,0.95,0.05,0.0,0.7,0.03,2,1784980281.7556822,False,True,True,False,1784980137.3749282,0,False,0,0,False
1784849457.3002179,20,1784980291.734508,37.49446860456244,0.7433684290836957,37.133974212252994,True,37.5,36.5,38.6,0.95,0.05,0.0,0.7,0.03,2,1784980301.761656,False,True,True,False,1784980137.3749282,0,0,1,0,False
1784849457.3002179,20,1784980311.7403812,37.489127946898606,0.743349355306325,37.109941252765694,True,37.5,36.5,38.6,0.95,0.05,0.0,0.7,0.03,2,1784980321.7675152,False,True,True,True,1784980317.3749473,0,0,1,0,False
1784849457.3002179,20,1784980331.7462697,37.47310597390707,0.7430823224231327,37.091248950942244,True,37.5,36.5,38.6,0.95,0.05,0.0,0.7,0.03,2,1784980341.7728903,False,True,True,False,1784980317.3749473,0,0,1,0,False
1784849457.3002179,20,1784980351.75212,37.45174334325169,0.7431586175326161,37.109941252765694,True,37.5,36.5,38.6,0.95,0.05,0.0,0.7,0.03,2,1784980361.7792706,False,True,True,False,1784980317.3749473,0,0,1,0,False
1784849457.3002179,20,1784980371.758096,37.481116960402844,0.74302510109102,37.12863355458916,True,37.5,36.5,38.6,0.95,0.05,0.0,0.7,0.03,2,1784980381.785172,False,True,True,False,1784980317.3749473,0,0,1,0,False
1784849457.3002179,20,1784980391.7639272,37.49713893339437,0.7432921339742122,37.12863355458916,True,37.5,36.5,38.6,0.95,0.05,0.0,0.7,0.03,2,1784980401.791094,False,True,True,False,1784980317.3749473,0,0,1,0,False
1784849457.3002179,20,1784980411.7697783,37.53452353704128,0.743349355306325,37.14465552758068,True,37.5,36.5,38.6,0.95,0.05,0.0,0.7,0.03,2,1784980421.7968934,False,True,True,False,1784980317.3749473,0,False,0,0,False
1784849457.3002179,20,1784980431.7757611,37.53986419470512,0.7433875028610666,37.15533684290837,True,37.5,36.5,38.6,0.95,0.05,0.0,0.7,0.03,2,1784980441.8029077,False,True,True,False,1784980317.3749473,0,False,0,0,False
1784849457.3002179,20,1784980451.7817304,37.53452353704128,0.7431204699778745,37.158007171740294,True,37.5,36.5,38.6,0.95,0.05,0.0,0.7,0.03,2,1784980461.8088713,False,True,True,False,1784980317.3749473,0,False,0,0,False
1784849457.3002179,20,1784980471.7877147,37.51583123521782,0.7430060273136492,37.12863355458916,True,37.5,36.5,38.6,0.95,0.05,0.0,0.7,0.03,2,1784980481.8148189,False,True,True,False,1784980317.3749473,0,False,0,0,False
1784849457.3002179,20,1784980491.7936623,37.46242465857938,0.7431013962005035,37.11795223926147,True,37.5,36.5,38.6,0.95,0.05,0.0,0.7,0.03,2,1784980501.8209498,False,True,True,True,1784980497.3749652,0,0,1,0,False
1784849457.3002179,20,1784980511.7997112,37.446402685587856,0.7432539864194705,37.09391927977417,True,37.5,36.5,38.6,0.95,0.05,0.0,0.7,0.03,2,1784980521.826409,False,True,True,False,1784980497.3749652,0,0,1,0,False
1784849457.3002179,20,1784980531.8055227,37.42504005493248,0.743177691309987,37.08056763561456,True,37.5,36.5,38.6,0.95,0.05,0.0,0.7,0.03,2,1784980541.8321967,False,True,True,False,1784980497.3749652,0,0,1,0,False
1784849457.3002179,20,1784980551.8113463,37.43572137026017,0.7430060273136492,37.08857862211032,True,37.5,36.5,38.6,0.95,0.05,0.0,0.7,0.03,2,1784980561.8379343,False,True,True,False,1784980497.3749652,0,0,1,0,False
1784849457.3002179,20,1784980571.817276,37.48645761806668,0.7432921339742122,37.10727092393378,True,37.5,36.5,38.6,0.95,0.05,0.0,0.7,0.03,2,1784980581.8444571,False,True,True,False,1784980497.3749652,0,0,1,0,False
1784849457.3002179,20,1784980591.8232205,37.50247959105822,0.7430823224231327,37.12863355458916,True,37.5,36.5,38.6,0.95,0.05,0.0,0.7,0.03,2,1784980601.8504937,False,True,True,False,1784980497.3749652,0,False,0,0,False
1784849457.3002179,20,1784980611.8292382,37.51850156404974,0.743044174868391,37.14999618524453,True,37.5,36.5,38.6,0.95,0.05,0.0,0.7,0.03,2,1784980621.8564055,False,True,True,False,1784980497.3749652,0,False,0,0,False
1784849457.3002179,20,1784980631.8352945,37.513160906385906,0.7430632486457618,37.14465552758068,True,37.5,36.5,38.6,0.95,0.05,0.0,0.7,0.03,2,1784980641.8624601,False,True,True,False,1784980497.3749652,0,False,0,0,False
1784849457.3002179,20,1784980651.8412654,37.47577630273899,0.7431204699778745,37.14732585641261,True,37.5,36.5,38.6,0.95,0.05,0.0,0.7,0.03,2,1784980661.867871,False,True,True,False,1784980497.3749652,0,0,1,0,False
1784849457.3002179,20,1784980671.8471124,37.483787289234755,0.7432921339742122,37.12863355458916,True,37.5,36.5,38.6,0.95,0.05,0.0,0.7,0.03,2,1784980681.8736942,False,True,True,True,1784980677.3750005,0,0,1,0,False
1784849457.3002179,20,1784980691.8529084,37.45708400091554,0.7430060273136492,37.10727092393378,True,37.5,36.5,38.6,0.95,0.05,0.0,0.7,0.03,2,1784980701.8800507,False,True,True,False,1784980677.3750005,0,0,1,0,False
1784849457.3002179,20,1784980711.858795,37.46242465857938,0.7431013962005035,37.115281910429545,True,37.5,36.5,38.6,0.95,0.05,0.0,0.7,0.03,2,1784980721.8859608,False,True,True,False,1784980677.3750005,0,0,1,0,False
1784849457.3002179,20,1784980731.864625,37.49980926222629,0.7431013962005035,37.11795223926147,True,37.5,36.5,38.6,0.95,0.05,0.0,0.7,0.03,2,1784980741.8920088,False,True,True,False,1784980677.3750005,0,0,1,0,False
1784849457.3002179,20,1784980751.870698,37.531853208209355,0.7432539864194705,37.158007171740294,True,37.5,36.5,38.6,0.95,0.05,0.0,0.7,0.03,2,1784980761.8973935,False,True,True,False,1784980677.3750005,0,False,0,0,False
1784849457.3002179,20,1784980771.876667,37.52918287937743,0.7432158388647288,37.15533684290837,True,37.5,36.5,38.6,0.95,0.05,0.0,0.7,0.03,2,1784980781.9038541,False,True,True,False,1784980677.3750005,0,False,0,0,False
1784849457.3002179,20,1784980791.882755,37.52918287937743,0.7433875028610666,37.14999618524453,True,37.5,36.5,38.6,0.95,0.05,0.0,0.7,0.03,2,1784980801.9093227,False,True,True,False,1784980677.3750005,0,False,0,0,False
1784849457.3002179,20,1784980811.888787,37.513160906385906,0.7433112077515831,37.14465552758068,True,37.5,36.5,38.6,0.95,0.05,0.0,0.7,0.03,2,1784980821.916417,True,True,True,False,1784980677.3750005,0,False,0,0,False
1784849457.3002179,20,1784980831.8957846,37.49179827573053,0.7429488059815366,37.11795223926147,True,37.5,36.5,38.6,0.95,0.05,0.0,0.7,0.03,2,1784980841.9283433,True,True,True,False,1784980677.3750005,0,0,1,0,False
1784849457.3002179,20,1784980851.9023988,37.48645761806668,0.7430823224231327,37.109941252765694,True,37.5,36.5,38.6,0.95,0.05,0.0,0.7,0.03,2,1784980861.9313474,True,True,True,True,1784980857.3750377,0,0,1,0,False
1784849457.3002179,20,1784980871.9085777,37.47310597390707,0.743044174868391,37.08056763561456,True,37.5,36.5,38.6,0.95,0.05,0.0,0.7,0.03,2,1784980881.9364645,True,False,True,False,1784980857.3750377,0,0,1,0,False
1784849457.3002179,20,1784980891.9150288,37.50514991989013,0.7429297322041657,37.08056763561456,True,37.5,36.5,38.6,0.95,0.05,0.0,0.7,0.03,2,1784980901.941782,True,False,True,False,1784980857.3750377,0,False,0,0,False
1784849457.3002179,20,1784980911.921349,37.51049057755398,0.7429869535362783,37.115281910429545,True,37.5,36.5,38.6,0.95,0.05,0.0,0.7,0.03,2,1784980921.9486952,True,True,True,False,1784980857.3750377,0,False,0,0,False
1784849457.3002179,20,1784980931.9283013,37.49980926222629,0.7431204699778745,37.096589608606095,True,37.5,36.5,38.6,0.95,0.05,0.0,0.7,0.03,2,1784980941.957314,True,False,True,False,1784980857.3750377,0,0,1,0,False
1784849457.3002179,20,1784980951.9352443,37.49980926222629,0.7430632486457618,37.08857862211032,True,37.5,36.5,38.6,0.95,0.05,0.0,0.7,0.03,2,1784980961.9626834,True,True,True,False,1784980857.3750377,0,0,1,0,False
1784849457.3002179,20,1784980971.941468,37.507820248722055,0.743044174868391,37.091248950942244,True,37.5,36.5,38.6,0.95,0.05,0.0,0.7,0.03,2,1784980981.9716034,True,False,True,False,1784980857.3750377,0,False,0,0,False
1784849457.3002179,20,1784980991.9479797,37.52384222171359,0.7429106584267948,37.11261158159762,True,37.5,36.5,38.6,0.95,0.05,0.0,0.7,0.03,2,1784981001.9771647,True,True,True,False,1784980857.3750377,0,False,0,0,False
1784849457.3002179,20,1784981011.9547822,37.49713893339437,0.7432158388647288,37.06454566262303,True,37.5,36.5,38.6,0.95,0.05,0.0,0.7,0.03,2,1784981021.9822042,True,True,True,False,1784980857.3750377,0,0,1,0,False
1784849457.3002179,20,1784981031.960991,37.50247959105822,0.7432539864194705,37.048523689631494,True,37.5,36.5,38.6,0.95,0.05,0.0,0.7,0.03,2,1784981041.9878023,True,True,True,True,1784981037.3750403,0,False,0,0,False
1784849457.3002179,20,1784981051.9674,37.470435645075156,0.7429678797589075,37.03517204547188,True,37.5,36.5,38.6,0.95,0.05,0.0,0.7,0.03,2,1784981061.994904,True,True,True,False,1784981037.3750403,0,0,1,0,False
1784849457.3002179,20,1784981071.9736834,37.489127946898606,0.743044174868391,37.02716105897612,True,37.5,36.5,38.6,0.95,0.05,0.0,0.7,0.03,2,1784981082.007346,True,True,True,False,1784981037.3750403,0,0,1,0,False
1784849457.3002179,20,1784981091.9801576,37.489127946898606,0.7432730601968415,37.04318303196766,True,37.5,36.5,38.6,0.95,0.05,0.0,0.7,0.03,2,1784981102.007743,True,True,True,False,1784981037.3750403,0,0,1,0,False
1784849457.3002179,20,1784981111.9866443,37.49980926222629,0.74302510109102,37.08323796444648,True,37.5,36.5,38.6,0.95,0.05,0.0,0.7,0.03,2,1784981122.0141573,True,False,True,False,1784981037.3750403,0,0,1,0,False
1784849457.3002179,20,1784981131.992863,37.526512550545505,0.7432730601968415,37.07522697795072,True,37.5,36.5,38.6,0.95,0.05,0.0,0.7,0.03,2,1784981142.0204344,True,True,True,False,1784981037.3750403,0,False,0,0,False
1784849457.3002179,20,1784981151.9993494,37.55321583886473,0.7432158388647288,37.09391927977417,True,37.5,36.5,38.6,0.95,0.05,0.0,0.7,0.03,2,1784981162.0268483,True,False,True,False,1784981037.3750403,0,False,0,0,False
1784849457.3002179,20,1784981172.0057132,37.53452353704128,0.7431395437552453,37.08590829327841,True,37.5,36.5,38.6,0.95,0.05,0.0,0.7,0.03,2,1784981182.0324588,True,True,True,False,1784981037.3750403,0,False,0,0,False
1784849457.3002179,20,1784981192.0121734,37.507820248722055,0.7431013962005035,37.096589608606095,True,37.5,36.5,38.6,0.95,0.05,0.0,0.7,0.03,2,1784981202.0409856,True,False,True,False,1784981037.3750403,0,False,0,0,False
1784849457.3002179,20,1784981212.0185783,37.48645761806668,0.7429106584267948,37.053864347295345,True,37.5,36.5,38.6,0.95,0.05,0.0,0.7,0.03,2,1784981222.0482492,True,True,True,True,1784981217.375067,0,0,1,0,False
1784849457.3002179,20,1784981232.025006,37.45441367208362,0.743044174868391,37.03784237430381,True,37.5,36.5,38.6,0.95,0.05,0.0,0.7,0.03,2,1784981242.055231,True,True,True,False,1784981217.375067,0,0,1,0,False
1784849457.3002179,20,1784981252.0315208,37.44907301441978,0.7429678797589075,37.00312809948882,True,37.5,36.5,38.6,0.95,0.05,0.0,0.7,0.03,2,1784981262.0589027,True,False,True,False,1784981217.375067,0,0,1,0,False
1784849457.3002179,20,1784981272.0378723,37.46242465857938,0.7430823224231327,37.02716105897612,True,37.5,36.5,38.6,0.95,0.05,0.0,0.7,0.03,2,1784981282.0653303,True,True,True,False,1784981217.375067,0,0,1,0,False
1784849457.3002179,20,1784981292.0441225,37.489127946898606,0.7430823224231327,37.01647974364843,True,37.5,36.5,38.6,0.95,0.05,0.0,0.7,0.03,2,1784981302.0715575,True,True,True,False,1784981217.375067,0,0,1,0,False
1784849457.3002179,20,1784981312.05036,37.52117189288167,0.743177691309987,37.05119401846342,True,37.5,36.5,38.6,0.95,0.05,0.0,0.7,0.03,2,1784981322.0773714,True,False,True,False,1784981217.375067,0,False,0,0,False
1784849457.3002179,20,1784981332.0566015,37.526512550545505,0.743196765087358,37.06988632028687,True,37.5,36.5,38.6,0.95,0.05,0.0,0.7,0.03,2,1784981342.0839295,True,False,True,False,1784981217.375067,0,False,0,0,False
1784849457.3002179,20,1784981352.0629163,37.51583123521782,0.7430632486457618,37.067215991454944,True,37.5,36.5,38.6,0.95,0.05,0.0,0.7,0.03,2,1784981362.0904126,True,False,True,False,1784981217.375067,0,False,0,0,False
1784849457.3002179,20,1784981372.0692334,37.49713893339437,0.7429678797589075,37.04318303196766,True,37.5,36.5,38.6,0.95,0.05,0.0,0.7,0.03,2,1784981382.096665,True,False,True,False,1784981217.375067,0,0,1,0,False
1784849457.3002179,20,1784981392.075475,37.47577630273899,0.7429488059815366,37.011139085984595,True,37.5,36.5,38.6,0.95,0.05,0.0,0.7,0.03,2,1784981402.1026094,True,True,True,True,1784981397.375086,0,0,1,0,False
1784849457.3002179,20,1784981412.08236,37.48645761806668,0.743044174868391,37.04318303196766,True,37.5,36.5,38.6,0.95,0.05,0.0,0.7,0.03,2,1784981422.1103857,True,True,True,False,1784981397.375086,0,0,1,0,False
1784849457.3002179,20,1784981432.0892336,37.49713893339437,0.7431586175326161,37.02716105897612,True,37.5,36.5,38.6,0.95,0.05,0.0,0.7,0.03,2,1784981442.1162467,True,False,True,False,1784981397.375086,0,0,1,0,False
1784849457.3002179,20,1784981452.095517,37.49713893339437,0.7430632486457618,37.05653467612726,True,37.5,36.5,38.6,0.95,0.05,0.0,0.7,0.03,2,1784981462.1234,True,True,True,False,1784981397.375086,0,0,1,0,False
1784849457.3002179,20,1784981472.1017041,37.55321583886473,0.7432539864194705,37.06454566262303,True,37.5,36.5,38.6,0.95,0.05,0.0,0.7,0.03,2,1784981482.1288168,True,False,True,False,1784981397.375086,0,False,0,0,False
1784849457.3002179,20,1784981492.1081004,37.54253452353704,0.7428725108720531,37.06454566262303,True,37.5,36.5,38.6,0.95,0.05,0.0,0.7,0.03,2,1784981502.1360643,True,False,True,False,1784981397.375086,0,False,0,0,False
1784849457.3002179,20,1784981512.1146555,37.53719386587319,0.7432730601968415,37.05119401846342,True,37.5,36.5,38.6,0.95,0.05,0.0,0.7,0.03,2,1784981522.142196,True,True,True,False,1784981397.375086,0,False,0,0,False
1784849457.3002179,20,1784981532.1210198,37.50514991989013,0.743196765087358,37.06454566262303,True,37.5,36.5,38.6,0.95,0.05,0.0,0.7,0.03,2,1784981542.1484292,True,False,True,False,1784981397.375086,0,False,0,0,False
1784849457.3002179,20,1784981552.1279838,37.47310597390707,0.7428343633173113,37.03517204547188,True,37.5,36.5,38.6,0.95,0.05,0.0,0.7,0.03,2,1784981562.1566846,True,False,True,False,1784981397.375086,0,0,1,0,False
1784849457.3002179,20,1784981572.135607,37.470435645075156,0.7429106584267948,37.011139085984595,True,37.5,36.5,38.6,0.95,0.05,0.0,0.7,0.03,2,1784981582.1732614,True,True,True,True,1784981577.3751054,0,0,1,0,False
1784849457.3002179,20,1784981592.142501,37.470435645075156,0.7428915846494241,37.01647974364843,True,37.5,36.5,38.6,0.95,0.05,0.0,0.7,0.03,2,1784981602.169942,True,False,True,False,1784981577.3751054,0,0,1,0,False
1784849457.3002179,20,1784981612.1487458,37.48645761806668,0.7431395437552453,37.011139085984595,True,37.5,36.5,38.6,0.95,0.05,0.0,0.7,0.03,2,1784981622.1765761,True,False,True,False,1784981577.3751054,0,0,1,0,False
1784849457.3002179,20,1784981632.154994,37.48645761806668,0.7429678797589075,37.02182040131228,True,37.5,36.5,38.6,0.95,0.05,0.0,0.7,0.03,2,1784981642.1832361,True,True,True,False,1784981577.3751054,0,0,1,0,False
1784849457.3002179,20,1784981652.162087,37.507820248722055,0.74302510109102,37.067215991454944,True,37.5,36.5,38.6,0.95,0.05,0.0,0.7,0.03,2,1784981662.1899781,True,True,True,False,1784981577.3751054,0,False,0,0,False
1784849457.3002179,20,1784981672.1696308,37.526512550545505,0.7430823224231327,37.06988632028687,True,37.5,36.5,38.6,0.95,0.05,0.0,0.7,0.03,2,1784981682.200615,True,True,True,False,1784981577.3751054,0,False,0,0,False
1784849457.3002179,20,1784981692.177378,37.51583123521782,0.743044174868391,37.05920500495918,True,37.5,36.5,38.6,0.95,0.05,0.0,0.7,0.03,2,1784981702.2089512,True,False,True,False,1784981577.3751054,0,False,0,0,False
1784849457.3002179,20,1784981712.1848278,37.51049057755398,0.743177691309987,37.04585336079957,True,37.5,36.5,38.6,0.95,0.05,0.0,0.7,0.03,2,1784981722.215039,True,False,True,False,1784981577.3751054,0,False,0,0,False
1784849457.3002179,20,1784981732.1911871,37.46242465857938,0.7431586175326161,37.01647974364843,True,37.5,36.5,38.6,0.95,0.05,0.0,0.7,0.03,2,1784981742.2185009,True,False,True,False,1784981577.3751054,0,0,1,0,False
1784849457.3002179,20,1784981752.1973646,37.46776531624323,0.7428915846494241,37.04051270313573,True,37.5,36.5,38.6,0.95,0.05,0.0,0.7,0.03,2,1784981762.2244086,True,True,True,True,1784981757.3751216,0,0,1,0,False
1784849457.3002179,20,1784981772.203642,37.48645761806668,0.743196765087358,37.02716105897612,True,37.5,36.5,38.6,0.95,0.05,0.0,0.7,0.03,2,1784981782.2307093,True,True,True,False,1784981757.3751216,0,0,1,0,False
1784849457.3002179,20,1784981792.2098267,37.49713893339437,0.7430823224231327,37.03784237430381,True,37.5,36.5,38.6,0.95,0.05,0.0,0.7,0.03,2,1784981802.2377524,True,True,True,False,1784981757.3751216,0,0,1,0,False
1784849457.3002179,20,1784981812.2162356,37.513160906385906,0.7432158388647288,37.053864347295345,True,37.5,36.5,38.6,0.95,0.05,0.0,0.7,0.03,2,1784981822.2435389,True,False,True,False,1784981757.3751216,0,False,0,0,False
1784849457.3002179,20,1784981832.222654,37.555886167696656,0.743177691309987,37.06988632028687,True,37.5,36.5,38.6,0.95,0.05,0.0,0.7,0.03,2,1784981842.2502286,True,False,True,False,1784981757.3751216,0,False,0,0,False
1784849457.3002179,20,1784981852.2289748,37.53986419470512,0.743044174868391,37.05653467612726,True,37.5,36.5,38.6,0.95,0.05,0.0,0.7,0.03,2,1784981862.2581015,True,True,True,False,1784981757.3751216,0,False,0,0,False
1784849457.3002179,20,1784981872.2356815,37.52117189288167,0.743196765087358,37.04318303196766,True,37.5,36.5,38.6,0.95,0.05,0.0,0.7,0.03,2,1784981882.2629812,True,True,True,False,1784981757.3751216,0,False,0,0,False
1784849457.3002179,20,1784981892.242192,37.489127946898606,0.7430060273136492,37.02716105897612,True,37.5,36.5,38.6,0.95,0.05,0.0,0.7,0.03,2,1784981902.2736087,True,False,True,False,1784981757.3751216,0,0,1,0,False
1784849457.3002179,20,1784981912.2483938,37.46242465857938,0.7430060273136492,37.04051270313573,True,37.5,36.5,38.6,0.95,0.05,0.0,0.7,0.03,2,1784981922.2758338,True,True,True,False,1784981757.3751216,0,0,1,0,False
1784849457.3002179,20,1784981932.2546618,37.47310597390707,0.7427962157625696,37.011139085984595,True,37.5,36.5,38.6,0.95,0.05,0.0,0.7,0.03,2,1784981942.2818818,True,True,True,True,1784981937.3751392,0,0,1,0,False
1784849457.3002179,20,1784981952.260907,37.46776531624323,0.7430823224231327,37.029831387808045,True,37.5,36.5,38.6,0.95,0.05,0.0,0.7,0.03,2,1784981962.2921844,True,True,True,False,1784981937.3751392,0,0,1,0,False
1784849457.3002179,20,1784981972.2672215,37.465094987411305,0.7428915846494241,37.005798428320745,True,37.5,36.5,38.6,0.95,0.05,0.0,0.7,0.03,2,1784981982.2954755,True,True,True,False,1784981937.3751392,0,0,1,0,False
1784849457.3002179,20,1784981992.2740853,37.507820248722055,0.743044174868391,37.03784237430381,True,37.5,36.5,38.6,0.95,0.05,0.0,0.7,0.03,2,1784982002.302028,True,False,True,False,1784981937.3751392,0,False,0,0,False
1784849457.3002179,20,1784982012.281041,37.53452353704128,0.7431204699778745,37.053864347295345,True,37.5,36.5,38.6,0.95,0.05,0.0,0.7,0.03,2,1784982022.3083804,True,True,True,False,1784981937.3751392,0,False,0,0,False
1784849457.3002179,20,1784982032.287328,37.52918287937743,0.7429106584267948,37.06454566262303,True,37.5,36.5,38.6,0.95,0.05,0.0,0.7,0.03,2,1784982042.3174782,True,False,True,False,1784981937.3751392,0,False,0,0,False
1784849457.3002179,20,1784982052.2947218,37.50247959105822,0.7429297322041657,37.04585336079957,True,37.5,36.5,38.6,0.95,0.05,0.0,0.7,0.03,2,1784982062.322414,True,False,True,False,1784981937.3751392,0,False,0,0,False
1784849457.3002179,20,1784982072.3016028,37.47310597390707,0.7428343633173113,37.01647974364843,True,37.5,36.5,38.6,0.95,0.05,0.0,0.7,0.03,2,1784982082.3298752,True,False,True,False,1784981937.3751392,0,0,1,0,False
1784849457.3002179,20,1784982092.307824,37.46776531624323,0.7431395437552453,37.011139085984595,True,37.5,36.5,38.6,0.95,0.05,0.0,0.7,0.03,2,1784982102.3354766,True,False,True,False,1784981937.3751392,0,0,1,0,False
1784849457.3002179,20,1784982112.3148856,37.47310597390707,0.7428725108720531,36.99244678416113,True,37.5,36.5,38.6,0.95,0.05,0.0,0.7,0.03,2,1784982122.343793,True,True,True,True,1784982117.3751655,0,0,1,0,False
1784849457.3002179,20,1784982132.3218305,37.45708400091554,0.7429106584267948,37.00045777065691,True,37.5,36.5,38.6,0.95,0.05,0.0,0.7,0.03,2,1784982142.349203,True,True,True,False,1784982117.3751655,0,0,1,0,False
1784849457.3002179,20,1784982152.3286932,37.483787289234755,0.7428534370946822,37.04051270313573,True,37.5,36.5,38.6,0.95,0.05,0.0,0.7,0.03,2,1784982162.3567688,True,False,True,False,1784982117.3751655,0,0,1,0,False
1784849457.3002179,20,1784982172.3357563,37.52384222171359,0.7429678797589075,37.048523689631494,True,37.5,36.5,38.6,0.95,0.05,0.0,0.7,0.03,2,1784982182.3639812,True,True,True,False,1784982117.3751655,0,False,0,0,False
1784849457.3002179,20,1784982192.3423266,37.52918287937743,0.7430632486457618,37.05920500495918,True,37.5,36.5,38.6,0.95,0.05,0.0,0.7,0.03,2,1784982202.372495,True,False,True,False,1784982117.3751655,0,False,0,0,False
1784849457.3002179,20,1784982212.34959,37.53986419470512,0.7431013962005035,37.053864347295345,True,37.5,36.5,38.6,0.95,0.05,0.0,0.7,0.03,2,1784982222.3773854,True,False,True,False,1784982117.3751655,0,False,0,0,False
1784849457.3002179,20,1784982232.357237,37.48645761806668,0.7429678797589075,37.02716105897612,True,37.5,36.5,38.6,0.95,0.05,0.0,0.7,0.03,2,1784982242.3853528,True,False,True,False,1784982117.3751655,0,0,1,0,False
1784849457.3002179,20,1784982252.3641455,37.45975432974747,0.743349355306325,37.01380941481651,True,37.5,36.5,38.6,0.95,0.05,0.0,0.7,0.03,2,1784982262.3920507,True,False,True,False,1784982117.3751655,0,0,1,0,False
1784849457.3002179,20,1784982272.3705497,37.483787289234755,0.7429678797589075,37.00045777065691,True,37.5,36.5,38.6,0.95,0.05,0.0,0.7,0.03,2,1784982282.3981829,True,False,True,False,1784982117.3751655,0,0,1,0,False
1784849457.3002179,20,1784982292.3767593,37.489127946898606,0.7427580682078279,37.02182040131228,True,37.5,36.5,38.6,0.95,0.05,0.0,0.7,0.03,2,1784982302.4063709,True,True,True,True,1784982297.3751748,0,0,1,0,False
1784849457.3002179,20,1784982312.3830452,37.49980926222629,0.7428915846494241,37.029831387808045,True,37.5,36.5,38.6,0.95,0.05,0.0,0.7,0.03,2,1784982322.410182,True,False,True,False,1784982297.3751748,0,0,1,0,False
1784849457.3002179,20,1784982332.3891757,37.51583123521782,0.7430632486457618,37.03784237430381,True,37.5,36.5,38.6,0.95,0.05,0.0,0.7,0.03,2,1784982342.4188008,True,True,True,False,1784982297.3751748,0,False,0,0,False
1784849457.3002179,20,1784982352.3961442,37.51583123521782,0.7429297322041657,37.06187533379111,True,37.5,36.5,38.6,0.95,0.05,0.0,0.7,0.03,2,1784982362.4252002,True,True,True,False,1784982297.3751748,0,False,0,0,False
1784849457.3002179,20,1784982372.4037158,37.51850156404974,0.7426245517662318,37.048523689631494,True,37.5,36.5,38.6,0.95,0.05,0.0,0.7,0.03,2,1784982382.435299,True,False,True,False,1784982297.3751748,0,False,0,0,False
1784849457.3002179,20,1784982392.41069,37.513160906385906,0.743177691309987,37.01647974364843,True,37.5,36.5,38.6,0.95,0.05,0.0,0.7,0.03,2,1784982402.4401507,True,False,True,False,1784982297.3751748,0,False,0,0,False
1784849457.3002179,20,1784982412.4192967,37.49179827573053,0.743044174868391,37.02182040131228,True,37.5,36.5,38.6,0.95,0.05,0.0,0.7,0.03,2,1784982422.4479854,True,False,True,False,1784982297.3751748,0,0,1,0,False
1784849457.3002179,20,1784982432.426338,37.45441367208362,0.7427580682078279,37.02716105897612,True,37.5,36.5,38.6,0.95,0.05,0.0,0.7,0.03,2,1784982442.456136,True,False,True,False,1784982297.3751748,0,0,1,0,False
1784849457.3002179,20,1784982452.4326758,37.470435645075156,0.7426817730983444,37.00846875715267,True,37.5,36.5,38.6,0.95,0.05,0.0,0.7,0.03,2,1784982462.4601436,True,True,True,False,1784982297.3751748,0,0,1,0,False
1784849457.3002179,20,1784982472.4389496,37.45708400091554,0.7425673304341192,37.00045777065691,True,37.5,36.5,38.6,0.95,0.05,0.0,0.7,0.03,2,1784982482.4664915,True,True,True,True,1784982477.3751853,0,0,1,0,False
1784849457.3002179,20,1784982492.4452264,37.489127946898606,0.743044174868391,37.02182040131228,True,37.5,36.5,38.6,0.95,0.05,0.0,0.7,0.03,2,1784982502.4736438,True,False,True,False,1784982477.3751853,0,0,1,0,False
1784849457.3002179,20,1784982512.4515145,37.483787289234755,0.7430632486457618,37.01915007248036,True,37.5,36.5,38.6,0.95,0.05,0.0,0.7,0.03,2,1784982522.4792857,True,True,True,False,1784982477.3751853,0,0,1,0,False
1784849457.3002179,20,1784982532.4577246,37.526512550545505,0.7427199206530861,37.01647974364843,True,37.5,36.5,38.6,0.95,0.05,0.0,0.7,0.03,2,1784982542.485672,True,True,True,False,1784982477.3751853,0,False,0,0,False
1784849457.3002179,20,1784982552.4641366,37.53719386587319,0.7431204699778745,37.05119401846342,True,37.5,36.5,38.6,0.95,0.05,0.0,0.7,0.03,2,1784982562.491699,True,False,True,False,1784982477.3751853,0,False,0,0,False
1784849457.3002179,20,1784982572.4705336,37.50247959105822,0.7428725108720531,37.053864347295345,True,37.5,36.5,38.6,0.95,0.05,0.0,0.7,0.03,2,1784982582.4975088,True,False,True,False,1784982477.3751853,0,False,0,0,False
1784849457.3002179,20,1784982592.4768586,37.51850156404974,0.7428152895399406,37.011139085984595,True,37.5,36.5,38.6,0.95,0.05,0.0,0.7,0.03,2,1784982602.5075831,True,True,True,False,1784982477.3751853,0,False,0,0,False
1784849457.3002179,20,1784982612.4838758,37.470435645075156,0.7428915846494241,36.98443579766537,True,37.5,36.5,38.6,0.95,0.05,0.0,0.7,0.03,2,1784982622.5128024,True,True,True,False,1784982477.3751853,0,0,1,0,False
1784849457.3002179,20,1784982632.4914238,37.465094987411305,0.7428725108720531,36.98443579766537,True,37.5,36.5,38.6,0.95,0.05,0.0,0.7,0.03,2,1784982642.5198472,True,False,True,False,1784982477.3751853,0,0,1,0,False
1784849457.3002179,20,1784982652.4990141,37.45975432974747,0.7427771419851987,36.99244678416113,True,37.5,36.5,38.6,0.95,0.05,0.0,0.7,0.03,2,1784982662.5274932,True,True,True,True,1784982657.375205,0,0,1,0,False
1784849457.3002179,20,1784982672.5065594,37.46242465857938,0.7428534370946822,37.00045777065691,True,37.5,36.5,38.6,0.95,0.05,0.0,0.7,0.03,2,1784982682.5351748,True,True,True,False,1784982657.375205,0,0,1,0,False
1784849457.3002179,20,1784982692.5135212,37.47844663157092,0.7431395437552453,37.01647974364843,True,37.5,36.5,38.6,0.95,0.05,0.0,0.7,0.03,2,1784982702.5423768,True,True,True,False,1784982657.375205,0,0,1,0,False
1784849457.3002179,20,1784982712.5198905,37.50514991989013,0.7429869535362783,37.029831387808045,True,37.5,36.5,38.6,0.95,0.05,0.0,0.7,0.03,2,1784982722.5474575,True,True,True,False,1784982657.375205,0,False,0,0,False
1784849457.3002179,20,1784982732.526374,37.53719386587319,0.7429678797589075,37.02716105897612,True,37.5,36.5,38.6,0.95,0.05,0.0,0.7,0.03,2,1784982742.553696,True,True,True,False,1784982657.375205,0,False,0,0,False
1784849457.3002179,20,1784982752.532639,37.51049057755398,0.7427580682078279,37.04585336079957,True,37.5,36.5,38.6,0.95,0.05,0.0,0.7,0.03,2,1784982762.5600605,True,False,True,False,1784982657.375205,0,False,0,0,False
1784849457.3002179,20,1784982772.5390143,37.513160906385906,0.7429297322041657,37.03784237430381,True,37.5,36.5,38.6,0.95,0.05,0.0,0.7,0.03,2,1784982782.5664434,True,False,True,False,1784982657.375205,0,False,0,0,False
1784849457.3002179,20,1784982792.5453932,37.49713893339437,0.7426817730983444,37.011139085984595,True,37.5,36.5,38.6,0.95,0.05,0.0,0.7,0.03,2,1784982802.5771482,True,False,True,False,1784982657.375205,0,0,1,0,False
1784849457.3002179,20,1784982812.5517273,37.47577630273899,0.7429869535362783,37.01647974364843,True,37.5,36.5,38.6,0.95,0.05,0.0,0.7,0.03,2,1784982822.5826585,True,True,True,False,1784982657.375205,0,0,1,0,False
1784849457.3002179,20,1784982832.558565,37.44373235675593,0.7427962157625696,37.005798428320745,True,37.5,36.5,38.6,0.95,0.05,0.0,0.7,0.03,2,1784982842.5873113,True,True,True,True,1784982837.3752337,0,0,1,0,False
1784849457.3002179,20,1784982852.5659828,37.44373235675593,0.74302510109102,36.97108415350576,True,37.5,36.5,38.6,0.95,0.05,0.0,0.7,0.03,2,1784982862.5944479,True,True,True,False,1784982837.3752337,0,0,1,0,False
1784849457.3002179,20,1784982872.5735164,37.441062027924005,0.74302510109102,37.01647974364843,True,37.5,36.5,38.6,0.95,0.05,0.0,0.7,0.03,2,1784982882.602103,True,True,True,False,1784982837.3752337,0,0,1,0,False
1784849457.3002179,20,1784982892.5810497,37.49446860456244,0.7428343633173113,36.989776455329206,True,37.5,36.5,38.6,0.95,0.05,0.0,0.7,0.03,2,1784982902.6095986,True,True,True,False,1784982837.3752337,0,0,1,0,False
1784849457.3002179,20,1784982912.5885758,37.51049057755398,0.7427962157625696,37.01915007248036,True,37.5,36.5,38.6,0.95,0.05,0.0,0.7,0.03,2,1784982922.6172554,True,False,True,False,1784982837.3752337,0,False,0,0,False
1784849457.3002179,20,1784982932.5962653,37.51049057755398,0.7428915846494241,37.03250171663997,True,37.5,36.5,38.6,0.95,0.05,0.0,0.7,0.03,2,1784982942.6247468,True,False,True,False,1784982837.3752337,0,False,0,0,False
1784849457.3002179,20,1784982952.6033072,37.51049057755398,0.7428915846494241,37.024490730144194,True,37.5,36.5,38.6,0.95,0.05,0.0,0.7,0.03,2,1784982962.630382,True,False,True,False,1784982837.3752337,0,False,0,0,False
1784849457.3002179,20,1784982972.6096992,37.50247959105822,0.7429297322041657,37.01647974364843,True,37.5,36.5,38.6,0.95,0.05,0.0,0.7,0.03,2,1784982982.6371436,True,True,True,False,1784982837.3752337,0,False,0,0,False
1784849457.3002179,20,1784982992.6160474,37.470435645075156,0.7431013962005035,37.01647974364843,True,37.5,36.5,38.6,0.95,0.05,0.0,0.7,0.03,2,1784983002.6449883,True,False,True,False,1784982837.3752337,0,0,1,0,False
1784849457.3002179,20,1784983012.6222973,37.470435645075156,0.7428915846494241,36.99511711299306,True,37.5,36.5,38.6,0.95,0.05,0.0,0.7,0.03,2,1784983022.6499639,True,True,True,True,1784983017.3752425,0,0,1,0,False
1784849457.3002179,20,1784983032.628782,37.44373235675593,0.7429488059815366,36.99511711299306,True,37.5,36.5,38.6,0.95,0.05,0.0,0.7,0.03,2,1784983042.65612,True,False,True,False,1784983017.3752425,0,0,1,0,False
1784849457.3002179,20,1784983052.63501,37.45975432974747,0.7428152895399406,36.987106126497295,True,37.5,36.5,38.6,0.95,0.05,0.0,0.7,0.03,2,1784983062.6628575,True,True,True,False,1784983017.3752425,0,0,1,0,False
1784849457.3002179,20,1784983072.641206,37.483787289234755,0.7431013962005035,37.02182040131228,True,37.5,36.5,38.6,0.95,0.05,0.0,0.7,0.03,2,1784983082.6686847,True,True,True,False,1784983017.3752425,0,0,1,0,False
1784849457.3002179,20,1784983092.647514,37.526512550545505,0.7431395437552453,37.01647974364843,True,37.5,36.5,38.6,0.95,0.05,0.0,0.7,0.03,2,1784983102.6750288,True,False,True,False,1784983017.3752425,0,False,0,0,False
1784849457.3002179,20,1784983112.653844,37.52117189288167,0.7430060273136492,37.03517204547188,True,37.5,36.5,38.6,0.95,0.05,0.0,0.7,0.03,2,1784983122.680872,True,False,True,False,1784983017.3752425,0,False,0,0,False
1784849457.3002179,20,1784983132.6602273,37.53719386587319,0.743177691309987,37.04318303196766,True,37.5,36.5,38.6,0.95,0.05,0.0,0.7,0.03,2,1784983142.68715,True,True,True,False,1784983017.3752425,0,False,0,0,False
1784849457.3002179,20,1784983152.6665258,37.49980926222629,0.7427389944304571,37.04585336079957,True,37.5,36.5,38.6,0.95,0.05,0.0,0.7,0.03,2,1784983162.6940296,True,False,True,False,1784983017.3752425,0,0,1,0,False
1784849457.3002179,20,1784983172.672778,37.481116960402844,0.743044174868391,37.02716105897612,True,37.5,36.5,38.6,0.95,0.05,0.0,0.7,0.03,2,1784983182.7002234,True,False,True,False,1784983017.3752425,0,0,1,0,False
1784849457.3002179,20,1784983192.6791778,37.481116960402844,0.7431586175326161,37.011139085984595,True,37.5,36.5,38.6,0.95,0.05,0.0,0.7,0.03,2,1784983202.7061102,True,False,True,True,1784983197.3752818,0,0,1,0,False
1784849457.3002179,20,1784983212.6859658,37.44907301441978,0.7428534370946822,37.011139085984595,True,37.5,36.5,38.6,0.95,0.05,0.0,0.7,0.03,2,1784983222.7196681,True,False,True,False,1784983197.3752818,0,0,1,0,False
1784849457.3002179,20,1784983232.6937442,37.48645761806668,0.7429869535362783,37.02716105897612,True,37.5,36.5,38.6,0.95,0.05,0.0,0.7,0.03,2,1784983242.7221289,True,False,True,False,1784983197.3752818,0,0,1,0,False
1784849457.3002179,20,1784983252.7008207,37.53452353704128,0.743044174868391,37.01380941481651,True,37.5,36.5,38.6,0.95,0.05,0.0,0.7,0.03,2,1784983262.7284405,True,True,True,False,1784983197.3752818,0,False,0,0,False
1784849457.3002179,20,1784983272.7072375,37.53719386587319,0.7428915846494241,37.04318303196766,True,37.5,36.5,38.6,0.95,0.05,0.0,0.7,0.03,2,1784983282.7347565,True,False,True,False,1784983197.3752818,0,False,0,0,False
1784849457.3002179,20,1784983292.7143137,37.51049057755398,0.7429869535362783,37.053864347295345,True,37.5,36.5,38.6,0.95,0.05,0.0,0.7,0.03,2,1784983302.746694,True,False,True,False,1784983197.3752818,0,False,0,0,False
1784849457.3002179,20,1784983312.721274,37.45174334325169,0.7429297322041657,36.99244678416113,True,37.5,36.5,38.6,0.95,0.05,0.0,0.7,0.03,2,1784983322.751272,True,False,True,False,1784983197.3752818,0,0,1,0,False
1784849457.3002179,20,1784983332.7276828,37.46242465857938,0.7428915846494241,36.99511711299306,True,37.5,36.5,38.6,0.95,0.05,0.0,0.7,0.03,2,1784983342.754735,True,True,True,False,1784983197.3752818,0,0,1,0,False
1784849457.3002179,20,1784983352.7340865,37.47310597390707,0.7428343633173113,36.99244678416113,True,37.5,36.5,38.6,0.95,0.05,0.0,0.7,0.03,2,1784983362.7630918,True,True,True,False,1784983197.3752818,0,0,1,0,False
1784849457.3002179,20,1784983372.7408056,37.48645761806668,0.7429297322041657,37.011139085984595,True,37.5,36.5,38.6,0.95,0.05,0.0,0.7,0.03,2,1784983382.7774744,True,True,True,True,1784983377.3753242,0,0,1,0,False
1784849457.3002179,20,1784983392.7489233,37.50247959105822,0.7429869535362783,37.02182040131228,True,37.5,36.5,38.6,0.95,0.05,0.0,0.7,0.03,2,1784983402.776919,True,False,True,False,1784983377.3753242,0,False,0,0,False
1784849457.3002179,20,1784983412.7561145,37.49713893339437,0.7425673304341192,37.01647974364843,True,37.5,36.5,38.6,0.95,0.05,0.0,0.7,0.03,2,1784983422.783417,True,False,True,False,1784983377.3753242,0,0,1,0,False
1784849457.3002179,20,1784983432.76237,37.52384222171359,0.7428343633173113,37.01647974364843,True,37.5,36.5,38.6,0.95,0.05,0.0,0.7,0.03,2,1784983442.7912326,True,True,True,False,1784983377.3753242,0,False,0,0,False
1784849457.3002179,20,1784983452.7687542,37.550545510032805,0.7431204699778745,37.03517204547188,True,37.5,36.5,38.6,0.95,0.05,0.0,0.7,0.03,2,1784983462.79893,True,True,True,False,1784983377.3753242,0,False,0,0,False
1784849457.3002179,20,1784983472.776151,37.51049057755398,0.7428725108720531,37.00045777065691,True,37.5,36.5,38.6,0.95,0.05,0.0,0.7,0.03,2,1784983482.8043716,True,True,True,False,1784983377.3753242,0,False,0,0,False
1784849457.3002179,20,1784983492.7836428,37.489127946898606,0.7431204699778745,37.02716105897612,True,37.5,36.5,38.6,0.95,0.05,0.0,0.7,0.03,2,1784983502.817579,True,False,True,False,1784983377.3753242,0,0,1,0,False
1784849457.3002179,20,1784983512.7904384,37.46242465857938,0.7428915846494241,37.01380941481651,True,37.5,36.5,38.6,0.95,0.05,0.0,0.7,0.03,2,1784983522.8193567,True,False,True,False,1784983377.3753242,0,0,1,0,False
1784849457.3002179,20,1784983532.7980301,37.46776531624323,0.7427771419851987,36.989776455329206,True,37.5,36.5,38.6,0.95,0.05,0.0,0.7,0.03,2,1784983542.8265564,True,True,True,False,1784983377.3753242,0,0,1,0,False
1784849457.3002179,20,1784983552.8078332,37.49980926222629,0.7428915846494241,37.029831387808045,True,37.5,36.5,38.6,0.95,0.05,0.0,0.7,0.03,2,1784983562.8393083,True,True,True,True,1784983557.3753302,0,0,1,0,False
1784849457.3002179,20,1784983572.8178596,37.50247959105822,0.7428534370946822,37.02716105897612,True,37.5,36.5,38.6,0.95,0.05,0.0,0.7,0.03,2,1784983582.8472886,True,True,True,False,1784983557.3753302,0,False,0,0,False
1784849457.3002179,20,1784983592.8241491,37.52918287937743,0.7429488059815366,37.01647974364843,True,37.5,36.5,38.6,0.95,0.05,0.0,0.7,0.03,2,1784983602.8526757,True,True,True,False,1784983557.3753302,0,False,0,0,False
1784849457.3002179,20,1784983612.830525,37.50247959105822,0.743044174868391,37.02716105897612,True,37.5,36.5,38.6,0.95,0.05,0.0,0.7,0.03,2,1784983622.858067,True,False,True,False,1784983557.3753302,0,False,0,0,False
1784849457.3002179,20,1784983632.8368187,37.507820248722055,0.74302510109102,36.98443579766537,True,37.5,36.5,38.6,0.95,0.05,0.0,0.7,0.03,2,1784983642.8642898,True,True,True,False,1784983557.3753302,0,False,0,0,False
1784849457.3002179,20,1784983652.8432539,37.48645761806668,0.7428152895399406,37.01380941481651,True,37.5,36.5,38.6,0.95,0.05,0.0,0.7,0.03,2,1784983662.870666,True,True,True,False,1784983557.3753302,0,0,1,0,False
1784849457.3002179,20,1784983672.8500788,37.489127946898606,0.743044174868391,37.02716105897612,True,37.5,36.5,38.6,0.95,0.05,0.0,0.7,0.03,2,1784983682.8788176,True,True,True,False,1784983557.3753302,0,0,1,0,False
1784849457.3002179,20,1784983692.857595,37.49980926222629,0.7428915846494241,37.00045777065691,True,37.5,36.5,38.6,0.95,0.05,0.0,0.7,0.03,2,1784983702.8856473,True,False,True,False,1784983557.3753302,0,0,1,0,False
1784849457.3002179,20,1784983712.864594,37.49980926222629,0.7427389944304571,37.029831387808045,True,37.5,36.5,38.6,0.95,0.05,0.0,0.7,0.03,2,1784983722.8920028,True,True,True,False,1784983557.3753302,0,0,1,0,False
1784849457.3002179,20,1784983732.8708785,37.54787518120088,0.7429488059815366,37.02716105897612,True,37.5,36.5,38.6,0.95,0.05,0.0,0.7,0.03,2,1784983742.8982334,True,False,True,True,1784983737.3753352,0,False,0,0,False
1784849457.3002179,20,1784983752.8771467,37.53719386587319,0.7429297322041657,37.05653467612726,True,37.5,36.5,38.6,0.95,0.05,0.0,0.7,0.03,2,1784983762.9059713,True,True,True,False,1784983737.3753352,0,False,0,0,False
1784849457.3002179,20,1784983772.883471,37.52918287937743,0.7429488059815366,37.03250171663997,True,37.5,36.5,38.6,0.95,0.05,0.0,0.7,0.03,2,1784983782.9109674,True,False,True,False,1784983737.3753352,0,False,0,0,False
1784849457.3002179,20,1784983792.8899236,37.49179827573053,0.7424719615472648,37.011139085984595,True,37.5,36.5,38.6,0.95,0.05,0.0,0.7,0.03,2,1784983802.9173667,True,False,True,False,1784983737.3753352,0,0,1,0,False
1784849457.3002179,20,1784983812.8961484,37.438391699092094,0.7427199206530861,37.011139085984595,True,37.5,36.5,38.6,0.95,0.05,0.0,0.7,0.03,2,1784983822.9256763,True,False,True,False,1784983737.3753352,0,0,1,0,False
1784849457.3002179,20,1784983832.903002,37.44373235675593,0.7426626993209736,36.989776455329206,True,37.5,36.5,38.6,0.95,0.05,0.0,0.7,0.03,2,1784983842.9314442,True,True,True,False,1784983737.3753352,0,0,1,0,False
1784849457.3002179,20,1784983852.909861,37.470435645075156,0.7425673304341192,37.01380941481651,True,37.5,36.5,38.6,0.95,0.05,0.0,0.7,0.03,2,1784983862.9390936,True,False,True,False,1784983737.3753352,0,0,1,0,False
1784849457.3002179,20,1784983872.916341,37.49446860456244,0.7426054779888609,36.99511711299306,True,37.5,36.5,38.6,0.95,0.05,0.0,0.7,0.03,2,1784983882.9443614,True,False,True,False,1784983737.3753352,0,0,1,0,False
1784849457.3002179,20,1784983892.9235973,37.526512550545505,0.7428343633173113,37.048523689631494,True,37.5,36.5,38.6,0.95,0.05,0.0,0.7,0.03,2,1784983902.9519703,True,False,True,False,1784983737.3753352,0,False,0,0,False
1784849457.3002179,20,1784983912.9311547,37.53719386587319,0.7429488059815366,37.04051270313573,True,37.5,36.5,38.6,0.95,0.05,0.0,0.7,0.03,2,1784983922.9612045,True,False,True,True,1784983917.3753533,0,False,0,0,False
1784849457.3002179,20,1784983932.938935,37.531853208209355,0.7425101091020067,37.03250171663997,True,37.5,36.5,38.6,0.95,0.05,0.0,0.7,0.03,2,1784983942.978809,True,False,True,False,1784983917.3753533,0,False,0,0,False
1784849457.3002179,20,1784983952.9460542,37.489127946898606,0.743044174868391,37.03517204547188,True,37.5,36.5,38.6,0.95,0.05,0.0,0.7,0.03,2,1784983962.9767206,True,True,True,False,1784983917.3753533,0,0,1,0,False
1784849457.3002179,20,1784983972.9524093,37.45975432974747,0.7427199206530861,37.011139085984595,True,37.5,36.5,38.6,0.95,0.05,0.0,0.7,0.03,2,1784983982.9797957,True,True,True,False,1784983917.3753533,0,0,1,0,False
1784849457.3002179,20,1784983992.9586632,37.48645761806668,0.7426436255436026,37.011139085984595,True,37.5,36.5,38.6,0.95,0.05,0.0,0.7,0.03,2,1784984002.9857094,True,False,True,False,1784983917.3753533,0,0,1,0,False
1784849457.3002179,20,1784984012.9649026,37.49179827573053,0.7428725108720531,37.02716105897612,True,37.5,36.5,38.6,0.95,0.05,0.0,0.7,0.03,2,1784984022.9923143,True,True,True,False,1784983917.3753533,0,0,1,0,False
1784849457.3002179,20,1784984032.9712043,37.52384222171359,0.7428725108720531,37.01647974364843,True,37.5,36.5,38.6,0.95,0.05,0.0,0.7,0.03,2,1784984043.0002372,True,True,True,False,1784983917.3753533,0,False,0,0,False
1784849457.3002179,20,1784984052.9775553,37.51850156404974,0.7426626993209736,37.029831387808045,True,37.5,36.5,38.6,0.95,0.05,0.0,0.7,0.03,2,1784984063.0049787,True,False,True,False,1784983917.3753533,0,False,0,0,False
1784849457.3002179,20,1784984072.983944,37.51049057755398,0.7427580682078279,37.02716105897612,True,37.5,36.5,38.6,0.95,0.05,0.0,0.7,0.03,2,1784984083.011342,True,False,True,False,1784983917.3753533,0,False,0,0,False
1784849457.3002179,20,1784984092.9903219,37.46242465857938,0.7427008468757152,37.02716105897612,True,37.5,36.5,38.6,0.95,0.05,0.0,0.7,0.03,2,1784984103.017785,True,False,True,True,1784984097.375374,0,0,1,0,False
1784849457.3002179,20,1784984112.9966161,37.46776531624323,0.7428534370946822,36.981765468833444,True,37.5,36.5,38.6,0.95,0.05,0.0,0.7,0.03,2,1784984123.0241268,True,False,True,False,1784984097.375374,0,0,1,0,False
1784849457.3002179,20,1784984133.002921,37.47310597390707,0.7427580682078279,36.98443579766537,True,37.5,36.5,38.6,0.95,0.05,0.0,0.7,0.03,2,1784984143.0299356,True,True,True,False,1784984097.375374,0,0,1,0,False
1784849457.3002179,20,1784984153.009109,37.489127946898606,0.7428343633173113,36.99244678416113,True,37.5,36.5,38.6,0.95,0.05,0.0,0.7,0.03,2,1784984163.0361347,True,False,True,False,1784984097.375374,0,0,1,0,False
1784849457.3002179,20,1784984173.0154839,37.49713893339437,0.7432730601968415,37.011139085984595,True,37.5,36.5,38.6,0.95,0.05,0.0,0.7,0.03,2,1784984183.0434873,True,True,True,False,1784984097.375374,0,0,1,0,False
1784849457.3002179,20,1784984193.0221,37.53452353704128,0.7428534370946822,37.03250171663997,True,37.5,36.5,38.6,0.95,0.05,0.0,0.7,0.03,2,1784984203.0510724,True,True,True,False,1784984097.375374,0,False,0,0,False
1784849457.3002179,20,1784984213.028576,37.53452353704128,0.7427389944304571,37.03784237430381,True,37.5,36.5,38.6,0.95,0.05,0.0,0.7,0.03,2,1784984223.057707,True,False,True,False,1784984097.375374,0,False,0,0,False
1784849457.3002179,20,1784984233.0352097,37.52384222171359,0.7430060273136492,37.011139085984595,True,37.5,36.5,38.6,0.95,0.05,0.0,0.7,0.03,2,1784984243.0676532,True,True,True,False,1784984097.375374,0,False,0,0,False
1784849457.3002179,20,1784984253.041515,37.49713893339437,0.7428534370946822,37.01915007248036,True,37.5,36.5,38.6,0.95,0.05,0.0,0.7,0.03,2,1784984263.0727212,True,True,True,False,1784984097.375374,0,0,1,0,False
1784849457.3002179,20,1784984273.0479937,37.489127946898606,0.7428915846494241,36.989776455329206,True,37.5,36.5,38.6,0.95,0.05,0.0,0.7,0.03,2,1784984283.075616,True,False,True,True,1784984277.3754299,0,0,1,0,False
1784849457.3002179,20,1784984293.0545256,37.489127946898606,0.743044174868391,36.97909514000152,True,37.5,36.5,38.6,0.95,0.05,0.0,0.7,0.03,2,1784984303.0819845,True,True,True,False,1784984277.3754299,0,0,1,0,False
1784849457.3002179,20,1784984313.0607498,37.46242465857938,0.7426245517662318,36.99778744182498,True,37.5,36.5,38.6,0.95,0.05,0.0,0.7,0.03,2,1784984323.0882165,True,True,True,False,1784984277.3754299,0,0,1,0,False
1784849457.3002179,20,1784984333.067015,37.483787289234755,0.7429869535362783,36.989776455329206,True,37.5,36.5,38.6,0.95,0.05,0.0,0.7,0.03,2,1784984343.0944915,True,True,True,False,1784984277.3754299,0,0,1,0,False
1784849457.3002179,20,1784984353.0732594,37.50514991989013,0.7427771419851987,37.029831387808045,True,37.5,36.5,38.6,0.95,0.05,0.0,0.7,0.03,2,1784984363.100765,True,False,True,False,1784984277.3754299,0,False,0,0,False
1784849457.3002179,20,1784984373.0797162,37.52384222171359,0.7427580682078279,37.048523689631494,True,37.5,36.5,38.6,0.95,0.05,0.0,0.7,0.03,2,1784984383.1071641,True,True,True,False,1784984277.3754299,0,False,0,0,False
1784849457.3002179,20,1784984393.086731,37.52384222171359,0.7428152895399406,37.04318303196766,True,37.5,36.5,38.6,0.95,0.05,0.0,0.7,0.03,2,1784984403.115853,True,False,True,False,1784984277.3754299,0,False,0,0,False
1784849457.3002179,20,1784984413.0937817,37.507820248722055,0.7428725108720531,37.04318303196766,True,37.5,36.5,38.6,0.95,0.05,0.0,0.7,0.03,2,1784984423.1239161,False,True,True,False,1784984277.3754299,0,False,0,0,False
1784849457.3002179,20,1784984433.1003401,37.438391699092094,0.7429869535362783,37.01647974364843,True,37.5,36.5,38.6,0.95,0.05,0.0,0.7,0.03,2,1784984443.1328423,False,False,True,False,1784984277.3754299,0,0,1,0,False
1784849457.3002179,20,1784984453.106998,37.438391699092094,0.7425864042114901,36.987106126497295,True,37.5,36.5,38.6,0.95,0.05,0.0,0.7,0.03,2,1784984463.1344738,False,True,True,True,1784984457.3754387,0,0,1,0,False
1784849457.3002179,20,1784984473.1133137,37.43038071259632,0.7425291828793774,37.01647974364843,True,37.5,36.5,38.6,0.95,0.05,0.0,0.7,0.03,2,1784984483.1407945,False,False,True,False,1784984457.3754387,0,0,1,0,False
1784849457.3002179,20,1784984493.119631,37.41969939726863,0.7427389944304571,37.00045777065691,True,37.5,36.5,38.6,0.95,0.05,0.0,0.7,0.03,2,1784984503.1468997,False,False,True,False,1784984457.3754387,0,0,1,0,False
1784849457.3002179,20,1784984513.1259565,37.441062027924005,0.7429106584267948,37.03517204547188,True,37.5,36.5,38.6,0.95,0.05,0.0,0.7,0.03,2,1784984523.1537073,False,True,True,False,1784984457.3754387,0,0,1,0,False
1784849457.3002179,20,1784984533.1321552,37.45708400091554,0.7426054779888609,37.08056763561456,True,37.5,36.5,38.6,0.95,0.05,0.0,0.7,0.03,2,1784984543.160356,False,False,True,False,1784984457.3754387,0,0,1,0,False
1784849457.3002179,20,1784984553.1385286,37.483787289234755,0.7428152895399406,37.09391927977417,True,37.5,36.5,38.6,0.95,0.05,0.0,0.7,0.03,2,1784984563.1658866,False,False,True,False,1784984457.3754387,0,0,1,0,False
1784849457.3002179,20,1784984573.1447241,37.53452353704128,0.7427771419851987,37.091248950942244,True,37.5,36.5,38.6,0.95,0.05,0.0,0.7,0.03,2,1784984583.1721454,False,False,True,False,1784984457.3754387,0,False,0,0,False
1784849457.3002179,20,1784984593.1510746,37.513160906385906,0.7428152895399406,37.10727092393378,True,37.5,36.5,38.6,0.95,0.05,0.0,0.7,0.03,2,1784984603.1785445,False,True,True,False,1784984457.3754387,0,False,0,0,False
1784849457.3002179,20,1784984613.1575248,37.48645761806668,0.7427580682078279,37.10727092393378,True,37.5,36.5,38.6,0.95,0.05,0.0,0.7,0.03,2,1784984623.1849504,False,True,True,False,1784984457.3754387,0,0,1,0,False
1784849457.3002179,20,1784984633.1637812,37.50247959105822,0.7427580682078279,37.096589608606095,True,37.5,36.5,38.6,0.95,0.05,0.0,0.7,0.03,2,1784984643.190749,False,False,True,True,1784984637.3754585,0,False,0,0,False
1784849457.3002179,20,1784984653.1701498,37.44907301441978,0.7426817730983444,37.07789730678263,True,37.5,36.5,38.6,0.95,0.05,0.0,0.7,0.03,2,1784984663.1974761,False,False,True,False,1784984637.3754585,0,0,1,0,False
1784849457.3002179,20,1784984673.1763496,37.46242465857938,0.7425864042114901,37.06988632028687,True,37.5,36.5,38.6,0.95,0.05,0.0,0.7,0.03,2,1784984683.2037659,False,True,True,False,1784984637.3754585,0,0,1,0,False
1784849457.3002179,20,1784984693.182672,37.47844663157092,0.7427389944304571,37.053864347295345,True,37.5,36.5,38.6,0.95,0.05,0.0,0.7,0.03,2,1784984703.2101793,False,True,True,False,1784984637.3754585,0,0,1,0,False
1784849457.3002179,20,1784984713.1889217,37.483787289234755,0.7425864042114901,37.07789730678263,True,37.5,36.5,38.6,0.95,0.05,0.0,0.7,0.03,2,1784984723.2159302,False,True,True,False,1784984637.3754585,0,0,1,0,False
1784849457.3002179,20,1784984733.1951056,37.50514991989013,0.7424910353246357,37.091248950942244,True,37.5,36.5,38.6,0.95,0.05,0.0,0.7,0.03,2,1784984743.2219827,False,True,True,False,1784984637.3754585,0,False,0,0,False
1784849457.3002179,20,1784984753.2013466,37.526512550545505,0.7428725108720531,37.14732585641261,True,37.5,36.5,38.6,0.95,0.05,0.0,0.7,0.03,2,1784984763.2294595,False,True,True,False,1784984637.3754585,0,False,0,0,False
1784849457.3002179,20,1784984773.2076933,37.51850156404974,0.7426436255436026,37.08590829327841,True,37.5,36.5,38.6,0.95,0.05,0.0,0.7,0.03,2,1784984783.2406564,False,True,True,False,1784984637.3754585,0,False,0,0,False
1784849457.3002179,20,1784984793.2142675,37.49713893339437,0.7429297322041657,37.11261158159762,True,37.5,36.5,38.6,0.95,0.05,0.0,0.7,0.03,2,1784984803.2416143,False,False,True,False,1784984637.3754585,0,0,1,0,False
1784849457.3002179,20,1784984813.2204447,37.47577630273899,0.743044174868391,37.08056763561456,True,37.5,36.5,38.6,0.95,0.05,0.0,0.7,0.03,2,1784984823.248655,False,False,True,True,1784984817.3754733,0,0,1,0,False
1784849457.3002179,20,1784984833.2266755,37.470435645075156,0.7426054779888609,37.10193026626993,True,37.5,36.5,38.6,0.95,0.05,0.0,0.7,0.03,2,1784984843.254106,False,True,True,False,1784984817.3754733,0,0,1,0,False
1784849457.3002179,20,1784984853.233484,37.49713893339437,0.7428534370946822,37.115281910429545,True,37.5,36.5,38.6,0.95,0.05,0.0,0.7,0.03,2,1784984863.2619593,False,False,True,False,1784984817.3754733,0,0,1,0,False
1784849457.3002179,20,1784984873.2411087,37.50514991989013,0.7428343633173113,37.11795223926147,True,37.5,36.5,38.6,0.95,0.05,0.0,0.7,0.03,2,1784984883.2701187,False,False,True,False,1784984817.3754733,0,False,0,0,False
1784849457.3002179,20,1784984893.2488103,37.52117189288167,0.7426626993209736,37.14465552758068,True,37.5,36.5,38.6,0.95,0.05,0.0,0.7,0.03,2,1784984903.2771266,False,False,True,False,1784984817.3754733,0,False,0,0,False
1784849457.3002179,20,1784984913.2559452,37.51049057755398,0.7428152895399406,37.14732585641261,True,37.5,36.5,38.6,0.95,0.05,0.0,0.7,0.03,2,1784984923.2847528,False,True,True,False,1784984817.3754733,0,False,0,0,False
1784849457.3002179,20,1784984933.26286,37.49446860456244,0.7425291828793774,37.10727092393378,True,37.5,36.5,38.6,0.95,0.05,0.0,0.7,0.03,2,1784984943.2912765,False,True,True,False,1784984817.3754733,0,0,1,0,False
1784849457.3002179,20,1784984953.269686,37.489127946898606,0.7427771419851987,37.099259937438006,True,37.5,36.5,38.6,0.95,0.05,0.0,0.7,0.03,2,1784984963.297257,False,True,True,False,1784984817.3754733,0,0,1,0,False
1784849457.3002179,20,1784984973.2766047,37.49713893339437,0.7428534370946822,37.08590829327841,True,37.5,36.5,38.6,0.95,0.05,0.0,0.7,0.03,2,1784984983.3050172,False,True,True,False,1784984817.3754733,0,0,1,0,False
1784849457.3002179,20,1784984993.2841806,37.507820248722055,0.7427008468757152,37.10727092393378,True,37.5,36.5,38.6,0.95,0.05,0.0,0.7,0.03,2,1784985003.3128228,False,True,True,True,1784984997.3754816,0,False,0,0,False
1784849457.3002179,20,1784985013.2917788,37.49713893339437,0.7427389944304571,37.10727092393378,True,37.5,36.5,38.6,0.95,0.05,0.0,0.7,0.03,2,1784985023.3233635,False,True,True,False,1784984997.3754816,0,0,1,0,False
1784849457.3002179,20,1784985033.2988539,37.481116960402844,0.7424528877698939,37.10193026626993,True,37.5,36.5,38.6,0.95,0.05,0.0,0.7,0.03,2,1784985043.325988,False,False,True,False,1784984997.3754816,0,0,1,0,False
1784849457.3002179,20,1784985053.3050854,37.50247959105822,0.7427580682078279,37.12062256809338,True,37.5,36.5,38.6,0.95,0.05,0.0,0.7,0.03,2,1784985063.33253,False,False,True,False,1784984997.3754816,0,False,0,0,False
1784849457.3002179,20,1784985073.3115115,37.49980926222629,0.7425482566567483,37.11261158159762,True,37.5,36.5,38.6,0.95,0.05,0.0,0.7,0.03,2,1784985083.3390572,False,True,True,False,1784984997.3754816,0,0,1,0,False
1784849457.3002179,20,1784985093.3178122,37.51049057755398,0.7428152895399406,37.11795223926147,True,37.5,36.5,38.6,0.95,0.05,0.0,0.7,0.03,2,1784985103.345179,False,False,True,False,1784984997.3754816,0,False,0,0,False
1784849457.3002179,20,1784985113.3241556,37.52117189288167,0.7427008468757152,37.109941252765694,True,37.5,36.5,38.6,0.95,0.05,0.0,0.7,0.03,2,1784985123.3519645,False,False,True,False,1784984997.3754816,0,False,0,0,False
1784849457.3002179,20,1784985133.3306172,37.50514991989013,0.7425864042114901,37.12329289692531,True,37.5,36.5,38.6,0.95,0.05,0.0,0.7,0.03,2,1784985143.3604622,False,False,True,False,1784984997.3754816,0,False,0,0,False
1784849457.3002179,20,1784985153.3370771,37.51049057755398,0.7426436255436026,37.109941252765694,True,37.5,36.5,38.6,0.95,0.05,0.0,0.7,0.03,2,1784985163.3644495,False,False,True,False,1784984997.3754816,0,False,0,0,False
1784849457.3002179,20,1784985173.3441446,37.481116960402844,0.7427008468757152,37.11795223926147,True,37.5,36.5,38.6,0.95,0.05,0.0,0.7,0.03,2,1784985183.3747342,False,False,True,True,1784985177.3754861,0,0,1,0,False
1784849457.3002179,20,1784985193.3510804,37.465094987411305,0.7423575188830397,37.12329289692531,True,37.5,36.5,38.6,0.95,0.05,0.0,0.7,0.03,2,1784985203.381406,False,False,True,False,1784985177.3754861,0,0,1,0,False
1784849457.3002179,20,1784985213.3575413,37.507820248722055,0.7429869535362783,37.10727092393378,True,37.5,36.5,38.6,0.95,0.05,0.0,0.7,0.03,2,1784985223.3878045,False,False,True,False,1784985177.3754861,0,False,0,0,False
1784849457.3002179,20,1784985233.3642135,37.507820248722055,0.7428725108720531,37.139314869916845,True,37.5,36.5,38.6,0.95,0.05,0.0,0.7,0.03,2,1784985243.3911395,False,True,True,False,1784985177.3754861,0,False,0,0,False
1784849457.3002179,20,1784985253.3707542,37.52384222171359,0.7425291828793774,37.12062256809338,True,37.5,36.5,38.6,0.95,0.05,0.0,0.7,0.03,2,1784985263.3994856,False,False,True,False,1784985177.3754861,0,False,0,0,False
1784849457.3002179,20,1784985273.377761,37.51049057755398,0.7428725108720531,37.11795223926147,True,37.5,36.5,38.6,0.95,0.05,0.0,0.7,0.03,2,1784985283.406419,False,False,True,False,1784985177.3754861,0,False,0,0,False
1784849457.3002179,20,1784985293.384767,37.489127946898606,0.7426245517662318,37.10193026626993,True,37.5,36.5,38.6,0.95,0.05,0.0,0.7,0.03,2,1784985303.4117901,False,False,True,False,1784985177.3754861,0,0,1,0,False
1784849457.3002179,20,1784985313.3910954,37.446402685587856,0.7424719615472648,37.08323796444648,True,37.5,36.5,38.6,0.95,0.05,0.0,0.7,0.03,2,1784985323.4213622,False,True,True,False,1784985177.3754861,0,0,1,0,False
1784849457.3002179,20,1784985333.397714,37.46776531624323,0.7424147402151522,37.096589608606095,True,37.5,36.5,38.6,0.95,0.05,0.0,0.7,0.03,2,1784985343.4261446,False,False,True,False,1784985177.3754861,0,0,1,0,False
1784849457.3002179,20,1784985353.4045022,37.483787289234755,0.7423765926604105,37.08323796444648,True,37.5,36.5,38.6,0.95,0.05,0.0,0.7,0.03,2,1784985363.4317548,False,True,True,True,1784985357.375523,0,0,1,0,False
1784849457.3002179,20,1784985373.410782,37.48645761806668,0.7426817730983444,37.10727092393378,True,37.5,36.5,38.6,0.95,0.05,0.0,0.7,0.03,2,1784985383.4383295,False,True,True,False,1784985357.375523,0,0,1,0,False
1784849457.3002179,20,1784985393.4171124,37.513160906385906,0.7425482566567483,37.091248950942244,True,37.5,36.5,38.6,0.95,0.05,0.0,0.7,0.03,2,1784985403.4447927,False,True,True,False,1784985357.375523,0,False,0,0,False
1784849457.3002179,20,1784985413.423504,37.550545510032805,0.7425482566567483,37.12863355458916,True,37.5,36.5,38.6,0.95,0.05,0.0,0.7,0.03,2,1784985423.451243,False,False,True,False,1784985357.375523,0,False,0,0,False
1784849457.3002179,20,1784985433.4297907,37.52384222171359,0.7424910353246357,37.12863355458916,True,37.5,36.5,38.6,0.95,0.05,0.0,0.7,0.03,2,1784985443.4573305,False,True,True,False,1784985357.375523,0,False,0,0,False
1784849457.3002179,20,1784985453.4368849,37.507820248722055,0.7425673304341192,37.12062256809338,True,37.5,36.5,38.6,0.95,0.05,0.0,0.7,0.03,2,1784985463.4654496,False,False,True,False,1784985357.375523,0,False,0,0,False
1784849457.3002179,20,1784985473.444577,37.489127946898606,0.7424147402151522,37.11795223926147,True,37.5,36.5,38.6,0.95,0.05,0.0,0.7,0.03,2,1784985483.4727855,False,True,True,False,1784985357.375523,0,0,1,0,False
1784849457.3002179,20,1784985493.4515705,37.46776531624323,0.7425482566567483,37.091248950942244,True,37.5,36.5,38.6,0.95,0.05,0.0,0.7,0.03,2,1784985503.4791648,False,True,True,False,1784985357.375523,0,0,1,0,False
1784849457.3002179,20,1784985513.4579546,37.46242465857938,0.7427771419851987,37.067215991454944,True,37.5,36.5,38.6,0.95,0.05,0.0,0.7,0.03,2,1784985523.4862223,False,False,True,False,1784985357.375523,0,0,1,0,False
1784849457.3002179,20,1784985533.464821,37.45174334325169,0.7423765926604105,37.08056763561456,True,37.5,36.5,38.6,0.95,0.05,0.0,0.7,0.03,2,1784985543.4937527,False,False,True,True,1784985537.3755465,0,0,1,0,False
1784849457.3002179,20,1784985553.4724555,37.47844663157092,0.7426245517662318,37.09391927977417,True,37.5,36.5,38.6,0.95,0.05,0.0,0.7,0.03,2,1784985563.5008519,False,True,True,False,1784985537.3755465,0,0,1,0,False
1784849457.3002179,20,1784985573.4797685,37.49713893339437,0.7427389944304571,37.10727092393378,True,37.5,36.5,38.6,0.95,0.05,0.0,0.7,0.03,2,1784985583.5139143,False,True,True,False,1784985537.3755465,0,0,1,0,False
1784849457.3002179,20,1784985593.4880195,37.52384222171359,0.7424719615472648,37.12863355458916,True,37.5,36.5,38.6,0.95,0.05,0.0,0.7,0.03,2,1784985603.5168078,False,False,True,False,1784985537.3755465,0,False,0,0,False
1784849457.3002179,20,1784985613.4944587,37.507820248722055,0.7429106584267948,37.12329289692531,True,37.5,36.5,38.6,0.95,0.05,0.0,0.7,0.03,2,1784985623.52178,False,True,True,False,1784985537.3755465,0,False,0,0,False
1784849457.3002179,20,1784985633.5009308,37.52918287937743,0.7426626993209736,37.14465552758068,True,37.5,36.5,38.6,0.95,0.05,0.0,0.7,0.03,2,1784985643.536076,False,False,True,False,1784985537.3755465,0,False,0,0,False
1784849457.3002179,20,1784985653.5075078,37.52384222171359,0.7427962157625696,37.12596322575723,True,37.5,36.5,38.6,0.95,0.05,0.0,0.7,0.03,2,1784985663.5355,False,True,True,False,1784985537.3755465,0,False,0,0,False
1784849457.3002179,20,1784985673.5146084,37.489127946898606,0.7426054779888609,37.096589608606095,True,37.5,36.5,38.6,0.95,0.05,0.0,0.7,0.03,2,1784985683.5429177,False,True,True,False,1784985537.3755465,0,0,1,0,False
1784849457.3002179,20,1784985693.5214424,37.489127946898606,0.7425482566567483,37.08590829327841,True,37.5,36.5,38.6,0.95,0.05,0.0,0.7,0.03,2,1784985703.549167,False,True,True,False,1784985537.3755465,0,0,1,0,False
1784849457.3002179,20,1784985713.5279088,37.46242465857938,0.7425864042114901,37.109941252765694,True,37.5,36.5,38.6,0.95,0.05,0.0,0.7,0.03,2,1784985723.5579739,False,False,True,True,1784985717.3755615,0,0,1,0,False
1784849457.3002179,20,1784985733.5342863,37.45708400091554,0.7429106584267948,37.06454566262303,True,37.5,36.5,38.6,0.95,0.05,0.0,0.7,0.03,2,1784985743.5621352,False,True,True,False,1784985717.3755615,0,0,1,0,False
1784849457.3002179,20,1784985753.5412612,37.47844663157092,0.7426245517662318,37.115281910429545,True,37.5,36.5,38.6,0.95,0.05,0.0,0.7,0.03,2,1784985763.576679,False,False,True,False,1784985717.3755615,0,0,1,0,False
1784849457.3002179,20,1784985773.5481625,37.48645761806668,0.7427389944304571,37.10193026626993,True,37.5,36.5,38.6,0.95,0.05,0.0,0.7,0.03,2,1784985783.5803955,False,True,True,False,1784985717.3755615,0,0,1,0,False
1784849457.3002179,20,1784985793.5545225,37.52918287937743,0.7424338139925232,37.15533684290837,True,37.5,36.5,38.6,0.95,0.05,0.0,0.7,0.03,2,1784985803.581598,False,False,True,False,1784985717.3755615,0,False,0,0,False
1784849457.3002179,20,1784985813.560813,37.54520485236897,0.7427008468757152,37.139314869916845,True,37.5,36.5,38.6,0.95,0.05,0.0,0.7,0.03,2,1784985823.5875828,False,True,True,False,1784985717.3755615,0,False,0,0,False
1784849457.3002179,20,1784985833.5672379,37.50247959105822,0.7425291828793774,37.139314869916845,True,37.5,36.5,38.6,0.95,0.05,0.0,0.7,0.03,2,1784985843.5961251,False,True,True,False,1784985717.3755615,0,False,0,0,False
1784849457.3002179,20,1784985853.573585,37.507820248722055,0.7427008468757152,37.10460059510186,True,37.5,36.5,38.6,0.95,0.05,0.0,0.7,0.03,2,1784985863.600949,False,False,True,False,1784985717.3755615,0,False,0,0,False
1784849457.3002179,20,1784985873.5799012,37.47844663157092,0.7426245517662318,37.10727092393378,True,37.5,36.5,38.6,0.95,0.05,0.0,0.7,0.03,2,1784985883.607324,False,False,True,False,1784985717.3755615,0,0,1,0,False
1784849457.3002179,20,1784985893.5861678,37.446402685587856,0.7425101091020067,37.08056763561456,True,37.5,36.5,38.6,0.95,0.05,0.0,0.7,0.03,2,1784985903.6135364,False,False,True,True,1784985897.3755653,0,0,1,0,False
1784849457.3002179,20,1784985913.592424,37.446402685587856,0.7425864042114901,37.09391927977417,True,37.5,36.5,38.6,0.95,0.05,0.0,0.7,0.03,2,1784985923.6212447,False,True,True,False,1784985897.3755653,0,0,1,0,False
1784849457.3002179,20,1784985933.598727,37.46242465857938,0.7427389944304571,37.11261158159762,True,37.5,36.5,38.6,0.95,0.05,0.0,0.7,0.03,2,1784985943.6273804,False,True,True,False,1784985897.3755653,0,0,1,0,False
1784849457.3002179,20,1784985953.6051302,37.50514991989013,0.7425291828793774,37.109941252765694,True,37.5,36.5,38.6,0.95,0.05,0.0,0.7,0.03,2,1784985963.6324701,False,False,True,False,1784985897.3755653,0,False,0,0,False
1784849457.3002179,20,1784985973.6114728,37.49713893339437,0.7427389944304571,37.11795223926147,True,37.5,36.5,38.6,0.95,0.05,0.0,0.7,0.03,2,1784985983.6395385,False,False,True,False,1784985897.3755653,0,0,1,0,False
1784849457.3002179,20,1784985993.6178656,37.52384222171359,0.7425291828793774,37.11795223926147,True,37.5,36.5,38.6,0.95,0.05,0.0,0.7,0.03,2,1784986003.6463192,False,False,True,False,1784985897.3755653,0,False,0,0,False
1784849457.3002179,20,1784986013.6242208,37.481116960402844,0.7427771419851987,37.10727092393378,True,37.5,36.5,38.6,0.95,0.05,0.0,0.7,0.03,2,1784986023.6516116,False,True,True,False,1784985897.3755653,0,0,1,0,False
1784849457.3002179,20,1784986033.6304936,37.49713893339437,0.7424910353246357,37.11795223926147,True,37.5,36.5,38.6,0.95,0.05,0.0,0.7,0.03,2,1784986043.6600497,False,True,True,False,1784985897.3755653,0,0,1,0,False
1784849457.3002179,20,1784986053.6367037,37.49179827573053,0.7425101091020067,37.109941252765694,True,37.5,36.5,38.6,0.95,0.05,0.0,0.7,0.03,2,1784986063.6641214,False,False,True,False,1784985897.3755653,0,0,1,0,False
1784849457.3002179,20,1784986073.6429765,37.49980926222629,0.7426054779888609,37.14999618524453,True,37.5,36.5,38.6,0.95,0.05,0.0,0.7,0.03,2,1784986083.6703327,False,True,True,True,1784986077.3755963,0,0,1,0,False
1784849457.3002179,20,1784986093.6491191,37.489127946898606,0.7426054779888609,37.133974212252994,True,37.5,36.5,38.6,0.95,0.05,0.0,0.7,0.03,2,1784986103.676572,False,False,True,False,1784986077.3755963,0,0,1,0,False
1784849457.3002179,20,1784986113.655414,37.526512550545505,0.7427580682078279,37.17402914473182,True,37.5,36.5,38.6,0.95,0.05,0.0,0.7,0.03,2,1784986123.6827786,False,False,True,False,1784986077.3755963,0,False,0,0,False
1784849457.3002179,20,1784986133.661716,37.53719386587319,0.7425291828793774,37.14999618524453,True,37.5,36.5,38.6,0.95,0.05,0.0,0.7,0.03,2,1784986143.6916275,False,True,True,False,1784986077.3755963,0,False,0,0,False
1784849457.3002179,20,1784986153.6696737,37.526512550545505,0.7426054779888609,37.14732585641261,True,37.5,36.5,38.6,0.95,0.05,0.0,0.7,0.03,2,1784986163.6985216,False,False,True,False,1784986077.3755963,0,False,0,0,False
1784849457.3002179,20,1784986173.676683,37.49713893339437,0.7426817730983444,37.12329289692531,True,37.5,36.5,38.6,0.95,0.05,0.0,0.7,0.03,2,1784986183.7044764,False,False,True,False,1784986077.3755963,0,0,1,0,False
1784849457.3002179,20,1784986193.6829643,37.45975432974747,0.7424910353246357,37.10727092393378,True,37.5,36.5,38.6,0.95,0.05,0.0,0.7,0.03,2,1784986203.7114062,False,True,True,False,1784986077.3755963,0,0,1,0,False
1784849457.3002179,20,1784986213.6892629,37.48645761806668,0.7427199206530861,37.139314869916845,True,37.5,36.5,38.6,0.95,0.05,0.0,0.7,0.03,2,1784986223.7168934,False,True,True,False,1784986077.3755963,0,0,1,0,False
1784849457.3002179,20,1784986233.6956413,37.51850156404974,0.7425673304341192,37.15533684290837,True,37.5,36.5,38.6,0.95,0.05,0.0,0.7,0.03,2,1784986243.7232502,False,True,True,False,1784986077.3755963,0,False,0,0,False
1784849457.3002179,20,1784986253.7021747,37.513160906385906,0.7426626993209736,37.14732585641261,True,37.5,36.5,38.6,0.95,0.05,0.0,0.7,0.03,2,1784986263.7322986,False,False,True,True,1784986257.375632,0,False,0,0,False
1784849457.3002179,20,1784986273.7087088,37.489127946898606,0.7425673304341192,37.10727092393378,True,37.5,36.5,38.6,0.95,0.05,0.0,0.7,0.03,2,1784986283.7366993,False,True,True,False,1784986257.375632,0,0,1,0,False
1784849457.3002179,20,1784986293.715308,37.46776531624323,0.7426054779888609,37.11261158159762,True,37.5,36.5,38.6,0.95,0.05,0.0,0.7,0.03,2,1784986303.7428997,False,True,True,False,1784986257.375632,0,0,1,0,False
1784849457.3002179,20,1784986313.7217515,37.47844663157092,0.7426054779888609,37.115281910429545,True,37.5,36.5,38.6,0.95,0.05,0.0,0.7,0.03,2,1784986323.7500126,False,True,True,False,1784986257.375632,0,0,1,0,False
1784849457.3002179,20,1784986333.728065,37.51049057755398,0.7427962157625696,37.14465552758068,True,37.5,36.5,38.6,0.95,0.05,0.0,0.7,0.03,2,1784986343.7566183,False,False,True,False,1784986257.375632,0,False,0,0,False
1784849457.3002179,20,1784986353.7345357,37.49980926222629,0.7425482566567483,37.14732585641261,True,37.5,36.5,38.6,0.95,0.05,0.0,0.7,0.03,2,1784986363.764779,False,True,True,False,1784986257.375632,0,0,1,0,False
1784849457.3002179,20,1784986373.7409883,37.51850156404974,0.7427008468757152,37.14465552758068,True,37.5,36.5,38.6,0.95,0.05,0.0,0.7,0.03,2,1784986383.7713609,False,False,True,False,1784986257.375632,0,False,0,0,False
1784849457.3002179,20,1784986393.7476952,37.49713893339437,0.7427008468757152,37.12329289692531,True,37.5,36.5,38.6,0.95,0.05,0.0,0.7,0.03,2,1784986403.7767506,False,True,True,False,1784986257.375632,0,0,1,0,False
1784849457.3002179,20,1784986413.754231,37.48645761806668,0.7426245517662318,37.11261158159762,True,37.5,36.5,38.6,0.95,0.05,0.0,0.7,0.03,2,1784986423.784258,False,False,True,False,1784986257.375632,0,0,1,0,False
1784849457.3002179,20,1784986433.7607105,37.45975432974747,0.7424147402151522,37.11261158159762,True,37.5,36.5,38.6,0.95,0.05,0.0,0.7,0.03,2,1784986443.7903903,False,True,True,True,1784986437.3756707,0,0,1,0,False
1784849457.3002179,20,1784986453.7672768,37.481116960402844,0.7422049286640727,37.13664454108492,True,37.5,36.5,38.6,0.95,0.05,0.0,0.7,0.03,2,1784986463.7947373,False,True,True,False,1784986437.3756707,0,0,1,0,False
1784849457.3002179,20,1784986473.773494,37.49980926222629,0.742300297550927,37.12329289692531,True,37.5,36.5,38.6,0.95,0.05,0.0,0.7,0.03,2,1784986483.800972,False,False,True,False,1784986437.3756707,0,0,1,0,False
1784849457.3002179,20,1784986493.7797325,37.51049057755398,0.7426817730983444,37.14465552758068,True,37.5,36.5,38.6,0.95,0.05,0.0,0.7,0.03,2,1784986503.8072457,False,False,True,False,1784986437.3756707,0,False,0,0,False
1784849457.3002179,20,1784986513.7861302,37.526512550545505,0.7426436255436026,37.14732585641261,True,37.5,36.5,38.6,0.95,0.05,0.0,0.7,0.03,2,1784986523.8135524,False,True,True,False,1784986437.3756707,0,False,0,0,False
1784849457.3002179,20,1784986533.792994,37.52117189288167,0.7426626993209736,37.139314869916845,True,37.5,36.5,38.6,0.95,0.05,0.0,0.7,0.03,2,1784986543.8312948,False,False,True,False,1784986437.3756707,0,False,0,0,False
1784849457.3002179,20,1784986553.8002298,37.49980926222629,0.7427389944304571,37.115281910429545,True,37.5,36.5,38.6,0.95,0.05,0.0,0.7,0.03,2,1784986563.8292866,False,False,True,False,1784986437.3756707,0,0,1,0,False
1784849457.3002179,20,1784986573.8065012,37.470435645075156,0.7424910353246357,37.096589608606095,True,37.5,36.5,38.6,0.95,0.05,0.0,0.7,0.03,2,1784986583.8336709,False,True,True,False,1784986437.3756707,0,0,1,0,False
1784849457.3002179,20,1784986593.8127856,37.470435645075156,0.7423575188830397,37.133974212252994,True,37.5,36.5,38.6,0.95,0.05,0.0,0.7,0.03,2,1784986603.8397763,False,True,True,False,1784986437.3756707,0,0,1,0,False
1784849457.3002179,20,1784986613.8190792,37.48645761806668,0.7426817730983444,37.12863355458916,True,37.5,36.5,38.6,0.95,0.05,0.0,0.7,0.03,2,1784986623.8552265,False,True,True,True,1784986617.3757043,0,0,1,0,False
1784849457.3002179,20,1784986633.8254673,37.49713893339437,0.7425101091020067,37.14465552758068,True,37.5,36.5,38.6,0.95,0.05,0.0,0.7,0.03,2,1784986643.8622792,False,True,True,False,1784986617.3757043,0,0,1,0,False
1784849457.3002179,20,1784986653.8318346,37.507820248722055,0.7426054779888609,37.13664454108492,True,37.5,36.5,38.6,0.95,0.05,0.0,0.7,0.03,2,1784986663.8597062,False,False,True,False,1784986617.3757043,0,False,0,0,False
1784849457.3002179,20,1784986673.8382938,37.51583123521782,0.7427008468757152,37.14465552758068,True,37.5,36.5,38.6,0.95,0.05,0.0,0.7,0.03,2,1784986683.86608,False,True,True,False,1784986617.3757043,0,False,0,0,False
1784849457.3002179,20,1784986693.8445952,37.52117189288167,0.7425673304341192,37.16067750057222,True,37.5,36.5,38.6,0.95,0.05,0.0,0.7,0.03,2,1784986703.8739574,False,False,True,False,1784986617.3757043,0,False,0,0,False
1784849457.3002179,20,1784986713.8510857,37.51583123521782,0.7425101091020067,37.141985198748756,True,37.5,36.5,38.6,0.95,0.05,0.0,0.7,0.03,2,1784986723.879287,False,True,True,False,1784986617.3757043,0,False,0,0,False
1784849457.3002179,20,1784986733.8583736,37.47310597390707,0.7427199206530861,37.10727092393378,True,37.5,36.5,38.6,0.95,0.05,0.0,0.7,0.03,2,1784986743.8865411,False,False,True,False,1784986617.3757043,0,0,1,0,False
1784849457.3002179,20,1784986753.8654633,37.46776531624323,0.7425101091020067,37.10460059510186,True,37.5,36.5,38.6,0.95,0.05,0.0,0.7,0.03,2,1784986763.8950915,False,True,True,False,1784986617.3757043,0,0,1,0,False
1784849457.3002179,20,1784986773.871736,37.481116960402844,0.742300297550927,37.11261158159762,True,37.5,36.5,38.6,0.95,0.05,0.0,0.7,0.03,2,1784986783.8992546,False,False,True,False,1784986617.3757043,0,0,1,0,False
1784849457.3002179,20,1784986793.8786414,37.49713893339437,0.742300297550927,37.10727092393378,True,37.5,36.5,38.6,0.95,0.05,0.0,0.7,0.03,2,1784986803.9079072,False,False,True,True,1784986797.3757312,0,0,1,0,False
1784849457.3002179,20,1784986813.8856344,37.49713893339437,0.7425482566567483,37.133974212252994,True,37.5,36.5,38.6,0.95,0.05,0.0,0.7,0.03,2,1784986823.9135096,False,False,True,False,1784986797.3757312,0,0,1,0,False
1784849457.3002179,20,1784986833.8919423,37.52384222171359,0.7425291828793774,37.14465552758068,True,37.5,36.5,38.6,0.95,0.05,0.0,0.7,0.03,2,1784986843.920887,False,True,True,False,1784986797.3757312,0,False,0,0,False
1784849457.3002179,20,1784986853.8982913,37.53452353704128,0.7427962157625696,37.14732585641261,True,37.5,36.5,38.6,0.95,0.05,0.0,0.7,0.03,2,1784986863.9258788,False,False,True,False,1784986797.3757312,0,False,0,0,False
1784849457.3002179,20,1784986873.9044714,37.50514991989013,0.7423384451056687,37.14465552758068,True,37.5,36.5,38.6,0.95,0.05,0.0,0.7,0.03,2,1784986883.9315276,False,False,True,False,1784986797.3757312,0,False,0,0,False
1784849457.3002179,20,1784986893.910782,37.51049057755398,0.7427008468757152,37.133974212252994,True,37.5,36.5,38.6,0.95,0.05,0.0,0.7,0.03,2,1784986903.9387898,False,False,True,False,1784986797.3757312,0,False,0,0,False
1784849457.3002179,20,1784986913.9176111,37.47310597390707,0.7424338139925232,37.099259937438006,True,37.5,36.5,38.6,0.95,0.05,0.0,0.7,0.03,2,1784986923.9451954,False,False,True,False,1784986797.3757312,0,0,1,0,False
1784849457.3002179,20,1784986933.9239156,37.47310597390707,0.7423765926604105,37.10727092393378,True,37.5,36.5,38.6,0.95,0.05,0.0,0.7,0.03,2,1784986943.9513414,False,True,True,False,1784986797.3757312,0,0,1,0,False
1784849457.3002179,20,1784986953.9302015,37.46242465857938,0.7423956664377813,37.08857862211032,True,37.5,36.5,38.6,0.95,0.05,0.0,0.7,0.03,2,1784986963.9575727,False,False,True,False,1784986797.3757312,0,0,1,0,False
1784849457.3002179,20,1784986973.9363897,37.45975432974747,0.7423575188830397,37.10727092393378,True,37.5,36.5,38.6,0.95,0.05,0.0,0.7,0.03,2,1784986983.9637396,False,True,True,True,1784986977.3757627,0,0,1,0,False
1784849457.3002179,20,1784986993.942731,37.47577630273899,0.7423956664377813,37.11795223926147,True,37.5,36.5,38.6,0.95,0.05,0.0,0.7,0.03,2,1784987003.9713984,False,False,True,False,1784986977.3757627,0,0,1,0,False
1784849457.3002179,20,1784987013.9489448,37.513160906385906,0.7424528877698939,37.133974212252994,True,37.5,36.5,38.6,0.95,0.05,0.0,0.7,0.03,2,1784987023.9763303,False,True,True,False,1784986977.3757627,0,False,0,0,False
1784849457.3002179,20,1784987033.9553168,37.513160906385906,0.7424528877698939,37.17135881589991,True,37.5,36.5,38.6,0.95,0.05,0.0,0.7,0.03,2,1784987043.983165,False,False,True,False,1784986977.3757627,0,False,0,0,False
1784849457.3002179,20,1784987053.961721,37.52384222171359,0.7423956664377813,37.158007171740294,True,37.5,36.5,38.6,0.95,0.05,0.0,0.7,0.03,2,1784987063.9891143,False,True,True,False,1784986977.3757627,0,False,0,0,False
1784849457.3002179,20,1784987073.9680457,37.50514991989013,0.7422430762188144,37.14465552758068,True,37.5,36.5,38.6,0.95,0.05,0.0,0.7,0.03,2,1784987083.9954467,False,False,True,False,1784986977.3757627,0,False,0,0,False
1784849457.3002179,20,1784987093.974416,37.47844663157092,0.7423384451056687,37.139314869916845,True,37.5,36.5,38.6,0.95,0.05,0.0,0.7,0.03,2,1784987104.0019343,False,True,True,False,1784986977.3757627,0,0,1,0,False
1784849457.3002179,20,1784987113.9806554,37.43572137026017,0.74214770733196,37.09391927977417,True,37.5,36.5,38.6,0.95,0.05,0.0,0.7,0.03,2,1784987124.010064,False,False,True,False,1784986977.3757627,0,0,1,0,False
1784849457.3002179,20,1784987133.9870274,37.446402685587856,0.7425482566567483,37.08056763561456,True,37.5,36.5,38.6,0.95,0.05,0.0,0.7,0.03,2,1784987144.0141313,False,False,True,False,1784986977.3757627,0,0,1,0,False
1784849457.3002179,20,1784987153.9932895,37.46242465857938,0.7422240024414435,37.12062256809338,True,37.5,36.5,38.6,0.95,0.05,0.0,0.7,0.03,2,1784987164.0206983,False,True,True,True,1784987157.3757696,0,0,1,0,False
1784849457.3002179,20,1784987173.99956,37.45441367208362,0.7425673304341192,37.12863355458916,True,37.5,36.5,38.6,0.95,0.05,0.0,0.7,0.03,2,1784987184.027019,False,False,True,False,1784987157.3757696,0,0,1,0,False
1784849457.3002179,20,1784987194.0057914,37.481116960402844,0.7424528877698939,37.12863355458916,True,37.5,36.5,38.6,0.95,0.05,0.0,0.7,0.03,2,1784987204.0325658,False,True,True,False,1784987157.3757696,0,0,1,0,False
1784849457.3002179,20,1784987214.0120776,37.49713893339437,0.7422240024414435,37.139314869916845,True,37.5,36.5,38.6,0.95,0.05,0.0,0.7,0.03,2,1784987224.0395215,False,True,True,False,1784987157.3757696,0,0,1,0,False
1784849457.3002179,20,1784987234.0183642,37.550545510032805,0.7427962157625696,37.14999618524453,True,37.5,36.5,38.6,0.95,0.05,0.0,0.7,0.03,2,1784987244.0457962,False,True,True,False,1784987157.3757696,0,False,0,0,False
1784849457.3002179,20,1784987254.0246775,37.53986419470512,0.7426817730983444,37.16868848706798,True,37.5,36.5,38.6,0.95,0.05,0.0,0.7,0.03,2,1784987264.0521097,False,True,True,False,1784987157.3757696,0,False,0,0,False
1784849457.3002179,20,1784987274.0310154,37.51583123521782,0.7423384451056687,37.15533684290837,True,37.5,36.5,38.6,0.95,0.05,0.0,0.7,0.03,2,1784987284.0585065,False,True,True,False,1784987157.3757696,0,False,0,0,False
1784849457.3002179,20,1784987294.0373654,37.51049057755398,0.7427580682078279,37.139314869916845,True,37.5,36.5,38.6,0.95,0.05,0.0,0.7,0.03,2,1784987304.064742,False,False,True,False,1784987157.3757696,0,False,0,0,False
1784849457.3002179,20,1784987314.0437543,37.45174334325169,0.7426626993209736,37.12596322575723,True,37.5,36.5,38.6,0.95,0.05,0.0,0.7,0.03,2,1784987324.0708902,False,True,True,False,1784987157.3757696,0,0,1,0,False
1784849457.3002179,20,1784987334.0499914,37.43038071259632,0.7422621499961852,37.10193026626993,True,37.5,36.5,38.6,0.95,0.05,0.0,0.7,0.03,2,1784987344.0791826,False,True,True,True,1784987337.3757818,0,0,1,0,False
1784849457.3002179,20,1784987354.0568502,37.43572137026017,0.7425101091020067,37.08857862211032,True,37.5,36.5,38.6,0.95,0.05,0.0,0.7,0.03,2,1784987364.084989,False,False,True,False,1784987337.3757818,0,0,1,0,False
1784849457.3002179,20,1784987374.0639489,37.45975432974747,0.7425482566567483,37.11261158159762,True,37.5,36.5,38.6,0.95,0.05,0.0,0.7,0.03,2,1784987384.0950835,False,False,True,False,1784987337.3757818,0,0,1,0,False
1784849457.3002179,20,1784987394.0701563,37.481116960402844,0.7422049286640727,37.11795223926147,True,37.5,36.5,38.6,0.95,0.05,0.0,0.7,0.03,2,1784987404.097747,False,True,True,False,1784987337.3757818,0,0,1,0,False
1784849457.3002179,20,1784987414.0763786,37.50247959105822,0.7423384451056687,37.12329289692531,True,37.5,36.5,38.6,0.95,0.05,0.0,0.7,0.03,2,1784987424.1055079,False,True,True,False,1784987337.3757818,0,False,0,0,False
1784849457.3002179,20,1784987434.0828514,37.507820248722055,0.7424719615472648,37.14465552758068,True,37.5,36.5,38.6,0.95,0.05,0.0,0.7,0.03,2,1784987444.1102502,False,True,True,False,1784987337.3757818,0,False,0,0,False
1784849457.3002179,20,1784987454.089257,37.52384222171359,0.7425482566567483,37.16868848706798,True,37.5,36.5,38.6,0.95,0.05,0.0,0.7,0.03,2,1784987464.1176045,False,False,True,False,1784987337.3757818,0,False,0,0,False
1784849457.3002179,20,1784987474.095885,37.50514991989013,0.7424910353246357,37.11795223926147,True,37.5,36.5,38.6,0.95,0.05,0.0,0.7,0.03,2,1784987484.1236415,False,False,True,False,1784987337.3757818,0,False,0,0,False
1784849457.3002179,20,1784987494.1028838,37.45708400091554,0.7420904859998474,37.11261158159762,True,37.5,36.5,38.6,0.95,0.05,0.0,0.7,0.03,2,1784987504.1370566,False,True,True,False,1784987337.3757818,0,0,1,0,False
1784849457.3002179,20,1784987514.1108193,37.46242465857938,0.7422430762188144,37.09391927977417,True,37.5,36.5,38.6,0.95,0.05,0.0,0.7,0.03,2,1784987524.1393135,False,False,True,True,1784987517.375811,0,0,1,0,False
1784849457.3002179,20,1784987534.1179347,37.46242465857938,0.7425101091020067,37.08056763561456,True,37.5,36.5,38.6,0.95,0.05,0.0,0.7,0.03,2,1784987544.1481423,False,False,True,False,1784987517.375811,0,0,1,0,False
1784849457.3002179,20,1784987554.1243591,37.47310597390707,0.7423575188830397,37.10460059510186,True,37.5,36.5,38.6,0.95,0.05,0.0,0.7,0.03,2,1784987564.1546223,False,False,True,False,1784987517.375811,0,0,1,0,False
1784849457.3002179,20,1784987574.1309643,37.49713893339437,0.7423765926604105,37.12863355458916,True,37.5,36.5,38.6,0.95,0.05,0.0,0.7,0.03,2,1784987584.1612403,False,True,True,False,1784987517.375811,0,0,1,0,False
1784849457.3002179,20,1784987594.1380665,37.51850156404974,0.7425864042114901,37.15533684290837,True,37.5,36.5,38.6,0.95,0.05,0.0,0.7,0.03,2,1784987604.168341,False,True,True,False,1784987517.375811,0,False,0,0,False
1784849457.3002179,20,1784987614.145246,37.52384222171359,0.7424910353246357,37.15533684290837,True,37.5,36.5,38.6,0.95,0.05,0.0,0.7,0.03,2,1784987624.1732554,False,True,True,False,1784987517.375811,0,False,0,0,False
1784849457.3002179,20,1784987634.1518667,37.513160906385906,0.7423575188830397,37.15533684290837,True,37.5,36.5,38.6,0.95,0.05,0.0,0.7,0.03,2,1784987644.1791737,False,True,True,False,1784987517.375811,0,False,0,0,False
1784849457.3002179,20,1784987654.1582088,37.49713893339437,0.7423575188830397,37.115281910429545,True,37.5,36.5,38.6,0.95,0.05,0.0,0.7,0.03,2,1784987664.185596,False,True,True,False,1784987517.375811,0,0,1,0,False
1784849457.3002179,20,1784987674.164498,37.45174334325169,0.7423384451056687,37.11795223926147,True,37.5,36.5,38.6,0.95,0.05,0.0,0.7,0.03,2,1784987684.1934102,False,True,True,False,1784987517.375811,0,0,1,0,False
1784849457.3002179,20,1784987694.171403,37.47310597390707,0.7424147402151522,37.10193026626993,True,37.5,36.5,38.6,0.95,0.05,0.0,0.7,0.03,2,1784987704.1996152,False,False,True,True,1784987697.375823,0,0,1,0,False
1784849457.3002179,20,1784987714.17848,37.45708400091554,0.7424147402151522,37.10460059510186,True,37.5,36.5,38.6,0.95,0.05,0.0,0.7,0.03,2,1784987724.2064912,False,True,True,False,1784987697.375823,0,0,1,0,False
1784849457.3002179,20,1784987734.18464,37.483787289234755,0.7424719615472648,37.11795223926147,True,37.5,36.5,38.6,0.95,0.05,0.0,0.7,0.03,2,1784987744.2167299,False,False,True,False,1784987697.375823,0,0,1,0,False
1784849457.3002179,20,1784987754.1916595,37.51049057755398,0.7421095597772183,37.13130388342107,True,37.5,36.5,38.6,0.95,0.05,0.0,0.7,0.03,2,1784987764.2228844,False,True,True,False,1784987697.375823,0,False,0,0,False
1784849457.3002179,20,1784987774.1987712,37.52384222171359,0.742300297550927,37.14999618524453,True,37.5,36.5,38.6,0.95,0.05,0.0,0.7,0.03,2,1784987784.2264867,False,True,True,False,1784987697.375823,0,False,0,0,False
1784849457.3002179,20,1784987794.2053535,37.51850156404974,0.7428152895399406,37.16601815823606,True,37.5,36.5,38.6,0.95,0.05,0.0,0.7,0.03,2,1784987804.2324173,False,False,True,False,1784987697.375823,0,False,0,0,False
1784849457.3002179,20,1784987814.211773,37.48645761806668,0.74214770733196,37.14999618524453,True,37.5,36.5,38.6,0.95,0.05,0.0,0.7,0.03,2,1784987824.2426856,False,False,True,False,1784987697.375823,0,0,1,0,False
1784849457.3002179,20,1784987834.2188032,37.49713893339437,0.7425101091020067,37.11261158159762,True,37.5,36.5,38.6,0.95,0.05,0.0,0.7,0.03,2,1784987844.2474232,False,False,True,False,1784987697.375823,0,0,1,0,False
1784849457.3002179,20,1784987854.2259715,37.481116960402844,0.742300297550927,37.10460059510186,True,37.5,36.5,38.6,0.95,0.05,0.0,0.7,0.03,2,1784987864.2539985,False,True,True,False,1784987697.375823,0,0,1,0,False
1784849457.3002179,20,1784987874.232132,37.50514991989013,0.7424528877698939,37.12863355458916,True,37.5,36.5,38.6,0.95,0.05,0.0,0.7,0.03,2,1784987884.2597163,False,False,True,True,1784987877.3758428,0,False,0,0,False
1784849457.3002179,20,1784987894.2387557,37.489127946898606,0.742300297550927,37.133974212252994,True,37.5,36.5,38.6,0.95,0.05,0.0,0.7,0.03,2,1784987904.2692938,False,True,True,False,1784987877.3758428,0,0,1,0,False
1784849457.3002179,20,1784987914.248178,37.51049057755398,0.7424338139925232,37.16868848706798,True,37.5,36.5,38.6,0.95,0.05,0.0,0.7,0.03,2,1784987924.2764351,False,False,True,False,1784987877.3758428,0,False,0,0,False
1784849457.3002179,20,1784987934.2546022,37.526512550545505,0.7421286335545892,37.15533684290837,True,37.5,36.5,38.6,0.95,0.05,0.0,0.7,0.03,2,1784987944.2820225,False,True,True,False,1784987877.3758428,0,False,0,0,False
1784849457.3002179,20,1784987954.260909,37.51583123521782,0.7424719615472648,37.14732585641261,True,37.5,36.5,38.6,0.95,0.05,0.0,0.7,0.03,2,1784987964.2900321,False,False,True,False,1784987877.3758428,0,False,0,0,False
1784849457.3002179,20,1784987974.2673714,37.52384222171359,0.7424719615472648,37.15533684290837,True,37.5,36.5,38.6,0.95,0.05,0.0,0.7,0.03,2,1784987984.294851,False,True,True,False,1784987877.3758428,0,False,0,0,False
1784849457.3002179,20,1784987994.2737145,37.49713893339437,0.7422812237735562,37.14465552758068,True,37.5,36.5,38.6,0.95,0.05,0.0,0.7,0.03,2,1784988004.3008826,False,False,True,False,1784987877.3758428,0,0,1,0,False
1784849457.3002179,20,1784988014.2805693,37.507820248722055,0.7424338139925232,37.14465552758068,True,37.5,36.5,38.6,0.95,0.05,0.0,0.7,0.03,2,1784988024.313151,True,False,True,False,1784987877.3758428,0,False,0,0,False
1784849457.3002179,20,1784988034.288016,37.507820248722055,0.7421858548867017,37.12329289692531,True,37.5,36.5,38.6,0.95,0.05,0.0,0.7,0.03,2,1784988044.3201122,True,True,True,False,1784987877.3758428,0,False,0,0,False
1784849457.3002179,20,1784988054.2950134,37.49713893339437,0.7423575188830397,37.12596322575723,True,37.5,36.5,38.6,0.95,0.05,0.0,0.7,0.03,2,1784988064.3227696,True,True,True,True,1784988057.3758507,0,0,1,0,False
1784849457.3002179,20,1784988074.3019953,37.49446860456244,0.7425673304341192,37.091248950942244,True,37.5,36.5,38.6,0.95,0.05,0.0,0.7,0.03,2,1784988084.329418,True,True,True,False,1784988057.3758507,0,0,1,0,False
1784849457.3002179,20,1784988094.3082223,37.49980926222629,0.7424338139925232,37.10193026626993,True,37.5,36.5,38.6,0.95,0.05,0.0,0.7,0.03,2,1784988104.33742,True,True,True,False,1784988057.3758507,0,0,1,0,False
1784849457.3002179,20,1784988114.3145077,37.51049057755398,0.7421667811093309,37.099259937438006,True,37.5,36.5,38.6,0.95,0.05,0.0,0.7,0.03,2,1784988124.3418152,True,False,True,False,1784988057.3758507,0,False,0,0,False
1784849457.3002179,20,1784988134.3207448,37.53719386587319,0.7424338139925232,37.10727092393378,True,37.5,36.5,38.6,0.95,0.05,0.0,0.7,0.03,2,1784988144.3514965,True,False,True,False,1784988057.3758507,0,False,0,0,False
1784849457.3002179,20,1784988154.3271775,37.531853208209355,0.7424338139925232,37.12062256809338,True,37.5,36.5,38.6,0.95,0.05,0.0,0.7,0.03,2,1784988164.3590882,True,False,True,False,1784988057.3758507,0,False,0,0,False
1784849457.3002179,20,1784988174.334035,37.52384222171359,0.7424910353246357,37.08590829327841,True,37.5,36.5,38.6,0.95,0.05,0.0,0.7,0.03,2,1784988184.362409,True,False,True,False,1784988057.3758507,0,False,0,0,False
1784849457.3002179,20,1784988194.3416743,37.50247959105822,0.7423956664377813,37.05920500495918,True,37.5,36.5,38.6,0.95,0.05,0.0,0.7,0.03,2,1784988204.3747296,True,False,True,False,1784988057.3758507,0,False,0,0,False
1784849457.3002179,20,1784988214.348632,37.470435645075156,0.7423765926604105,37.07522697795072,True,37.5,36.5,38.6,0.95,0.05,0.0,0.7,0.03,2,1784988224.3767,True,False,True,False,1784988057.3758507,0,0,1,0,False
1784849457.3002179,20,1784988234.3549078,37.45975432974747,0.7422812237735562,37.06454566262303,True,37.5,36.5,38.6,0.95,0.05,0.0,0.7,0.03,2,1784988244.3823283,True,False,True,True,1784988237.3758662,0,0,1,0,False
1784849457.3002179,20,1784988254.3617492,37.427710383764406,0.7423575188830397,37.05653467612726,True,37.5,36.5,38.6,0.95,0.05,0.0,0.7,0.03,2,1784988264.3904614,True,False,True,False,1784988237.3758662,0,0,1,0,False
1784849457.3002179,20,1784988274.3692665,37.47844663157092,0.7422430762188144,37.048523689631494,True,37.5,36.5,38.6,0.95,0.05,0.0,0.7,0.03,2,1784988284.4058013,True,False,True,False,1784988237.3758662,0,0,1,0,False
1784849457.3002179,20,1784988294.3763,37.489127946898606,0.7422812237735562,37.05920500495918,True,37.5,36.5,38.6,0.95,0.05,0.0,0.7,0.03,2,1784988304.404849,True,False,True,False,1784988237.3758662,0,0,1,0,False
1784849457.3002179,20,1784988314.383183,37.53719386587319,0.74214770733196,37.08857862211032,True,37.5,36.5,38.6,0.95,0.05,0.0,0.7,0.03,2,1784988324.4130983,True,False,True,False,1784988237.3758662,0,False,0,0,False
1784849457.3002179,20,1784988334.389688,37.53719386587319,0.7426245517662318,37.091248950942244,True,37.5,36.5,38.6,0.95,0.05,0.0,0.7,0.03,2,1784988344.4179156,True,False,True,False,1784988237.3758662,0,False,0,0,False
1784849457.3002179,20,1784988354.3969808,37.526512550545505,0.7424910353246357,37.05653467612726,True,37.5,36.5,38.6,0.95,0.05,0.0,0.7,0.03,2,1784988364.4254296,True,False,True,False,1784988237.3758662,0,False,0,0,False
1784849457.3002179,20,1784988374.404516,37.49713893339437,0.7421858548867017,37.08056763561456,True,37.5,36.5,38.6,0.95,0.05,0.0,0.7,0.03,2,1784988384.4369068,True,False,True,False,1784988237.3758662,0,0,1,0,False
1784849457.3002179,20,1784988394.411552,37.49179827573053,0.7422621499961852,37.06454566262303,True,37.5,36.5,38.6,0.95,0.05,0.0,0.7,0.03,2,1784988404.4396617,True,False,True,False,1784988237.3758662,0,0,1,0,False
1784849457.3002179,20,1784988414.4191194,37.48645761806668,0.7424528877698939,37.048523689631494,True,37.5,36.5,38.6,0.95,0.05,0.0,0.7,0.03,2,1784988424.4473417,True,False,True,True,1784988417.3759077,0,0,1,0,False
1784849457.3002179,20,1784988434.4261858,37.47577630273899,0.7424338139925232,37.048523689631494,True,37.5,36.5,38.6,0.95,0.05,0.0,0.7,0.03,2,1784988444.4545672,True,True,True,False,1784988417.3759077,0,0,1,0,False
1784849457.3002179,20,1784988454.4325938,37.50247959105822,0.7424147402151522,37.067215991454944,True,37.5,36.5,38.6,0.95,0.05,0.0,0.7,0.03,2,1784988464.4599438,True,True,True,False,1784988417.3759077,0,False,0,0,False
1784849457.3002179,20,1784988474.439577,37.51583123521782,0.7426626993209736,37.06454566262303,True,37.5,36.5,38.6,0.95,0.05,0.0,0.7,0.03,2,1784988484.4681673,True,False,True,False,1784988417.3759077,0,False,0,0,False
1784849457.3002179,20,1784988494.4467945,37.51049057755398,0.7425673304341192,37.053864347295345,True,37.5,36.5,38.6,0.95,0.05,0.0,0.7,0.03,2,1784988504.47454,True,True,True,False,1784988417.3759077,0,False,0,0,False
1784849457.3002179,20,1784988514.4532425,37.489127946898606,0.7420904859998474,37.08323796444648,True,37.5,36.5,38.6,0.95,0.05,0.0,0.7,0.03,2,1784988524.4817405,True,False,True,False,1784988417.3759077,0,0,1,0,False
1784849457.3002179,20,1784988534.4594593,37.483787289234755,0.7422430762188144,37.06454566262303,True,37.5,36.5,38.6,0.95,0.05,0.0,0.7,0.03,2,1784988544.4873083,True,True,True,False,1784988417.3759077,0,0,1,0,False
1784849457.3002179,20,1784988554.466274,37.489127946898606,0.7422240024414435,37.03517204547188,True,37.5,36.5,38.6,0.95,0.05,0.0,0.7,0.03,2,1784988564.4949617,True,True,True,False,1784988417.3759077,0,0,1,0,False
1784849457.3002179,20,1784988574.4738214,37.50247959105822,0.7424910353246357,37.06454566262303,True,37.5,36.5,38.6,0.95,0.05,0.0,0.7,0.03,2,1784988584.501618,True,True,True,False,1784988417.3759077,0,False,0,0,False
1784849457.3002179,20,1784988594.4809272,37.507820248722055,0.7425101091020067,37.053864347295345,True,37.5,36.5,38.6,0.95,0.05,0.0,0.7,0.03,2,1784988604.5133336,True,True,True,True,1784988597.3759212,0,False,0,0,False
1784849457.3002179,20,1784988614.488079,37.49713893339437,0.7422812237735562,37.04318303196766,True,37.5,36.5,38.6,0.95,0.05,0.0,0.7,0.03,2,1784988624.5157154,True,True,True,False,1784988597.3759212,0,0,1,0,False
1784849457.3002179,20,1784988634.4950538,37.481116960402844,0.742300297550927,37.03784237430381,True,37.5,36.5,38.6,0.95,0.05,0.0,0.7,0.03,2,1784988644.5224824,True,True,True,False,1784988597.3759212,0,0,1,0,False
1784849457.3002179,20,1784988654.5012732,37.48645761806668,0.7424147402151522,37.067215991454944,True,37.5,36.5,38.6,0.95,0.05,0.0,0.7,0.03,2,1784988664.5287323,True,True,True,False,1784988597.3759212,0,0,1,0,False
1784849457.3002179,20,1784988674.5078785,37.51583123521782,0.7424147402151522,37.03784237430381,True,37.5,36.5,38.6,0.95,0.05,0.0,0.7,0.03,2,1784988684.535368,True,True,True,False,1784988597.3759212,0,False,0,0,False
1784849457.3002179,20,1784988694.5142813,37.49980926222629,0.7425673304341192,37.03250171663997,True,37.5,36.5,38.6,0.95,0.05,0.0,0.7,0.03,2,1784988704.546085,True,False,True,False,1784988597.3759212,0,0,1,0,False
1784849457.3002179,20,1784988714.5213215,37.489127946898606,0.7420904859998474,37.04585336079957,True,37.5,36.5,38.6,0.95,0.05,0.0,0.7,0.03,2,1784988724.5519497,True,False,True,False,1784988597.3759212,0,0,1,0,False
1784849457.3002179,20,1784988734.528217,37.526512550545505,0.7424147402151522,37.04318303196766,True,37.5,36.5,38.6,0.95,0.05,0.0,0.7,0.03,2,1784988744.5576642,True,True,True,False,1784988597.3759212,0,False,0,0,False
1784849457.3002179,20,1784988754.5352223,37.53719386587319,0.7423193713282978,37.08857862211032,True,37.5,36.5,38.6,0.95,0.05,0.0,0.7,0.03,2,1784988764.5657787,True,True,True,False,1784988597.3759212,0,False,0,0,False
1784849457.3002179,20,1784988774.5427983,37.53452353704128,0.742300297550927,37.06454566262303,True,37.5,36.5,38.6,0.95,0.05,0.0,0.7,0.03,2,1784988784.570689,True,False,True,True,1784988777.375958,0,False,0,0,False
1784849457.3002179,20,1784988794.5504873,37.481116960402844,0.742300297550927,37.03250171663997,True,37.5,36.5,38.6,0.95,0.05,0.0,0.7,0.03,2,1784988804.578805,True,True,True,False,1784988777.375958,0,0,1,0,False
1784849457.3002179,20,1784988814.5580425,37.481116960402844,0.7423765926604105,37.02182040131228,True,37.5,36.5,38.6,0.95,0.05,0.0,0.7,0.03,2,1784988824.5862975,True,False,True,False,1784988777.375958,0,0,1,0,False
1784849457.3002179,20,1784988834.564946,37.465094987411305,0.7422240024414435,37.011139085984595,True,37.5,36.5,38.6,0.95,0.05,0.0,0.7,0.03,2,1784988844.5942535,True,True,True,False,1784988777.375958,0,0,1,0,False
1784849457.3002179,20,1784988854.5720103,37.50247959105822,0.7422049286640727,37.01915007248036,True,37.5,36.5,38.6,0.95,0.05,0.0,0.7,0.03,2,1784988864.6001031,True,True,True,False,1784988777.375958,0,False,0,0,False
1784849457.3002179,20,1784988874.5790117,37.50514991989013,0.7424147402151522,37.01647974364843,True,37.5,36.5,38.6,0.95,0.05,0.0,0.7,0.03,2,1784988884.606784,True,True,True,False,1784988777.375958,0,False,0,0,False
1784849457.3002179,20,1784988894.5860393,37.51583123521782,0.7423575188830397,37.053864347295345,True,37.5,36.5,38.6,0.95,0.05,0.0,0.7,0.03,2,1784988904.6183093,True,True,True,False,1784988777.375958,0,False,0,0,False
1784849457.3002179,20,1784988914.5937018,37.52117189288167,0.7421286335545892,37.067215991454944,True,37.5,36.5,38.6,0.95,0.05,0.0,0.7,0.03,2,1784988924.6230876,True,False,True,False,1784988777.375958,0,False,0,0,False
1784849457.3002179,20,1784988934.6018121,37.49980926222629,0.7424910353246357,37.048523689631494,True,37.5,36.5,38.6,0.95,0.05,0.0,0.7,0.03,2,1784988944.6300821,True,False,True,False,1784988777.375958,0,0,1,0,False
1784849457.3002179,20,1784988954.6093538,37.483787289234755,0.7424528877698939,37.029831387808045,True,37.5,36.5,38.6,0.95,0.05,0.0,0.7,0.03,2,1784988964.637427,True,False,True,True,1784988957.375962,0,0,1,0,False
1784849457.3002179,20,1784988974.6162689,37.45975432974747,0.7425673304341192,37.03784237430381,True,37.5,36.5,38.6,0.95,0.05,0.0,0.7,0.03,2,1784988984.6436603,True,True,True,False,1784988957.375962,0,0,1,0,False
1784849457.3002179,20,1784988994.6225364,37.470435645075156,0.7423765926604105,37.00045777065691,True,37.5,36.5,38.6,0.95,0.05,0.0,0.7,0.03,2,1784989004.6500044,True,False,True,False,1784988957.375962,0,0,1,0,False
1784849457.3002179,20,1784989014.6288245,37.48645761806668,0.7421095597772183,37.02716105897612,True,37.5,36.5,38.6,0.95,0.05,0.0,0.7,0.03,2,1784989024.6568918,True,False,True,False,1784988957.375962,0,0,1,0,False
1784849457.3002179,20,1784989034.6356711,37.481116960402844,0.7421858548867017,37.02716105897612,True,37.5,36.5,38.6,0.95,0.05,0.0,0.7,0.03,2,1784989044.663038,True,False,True,False,1784988957.375962,0,0,1,0,False
1784849457.3002179,20,1784989054.6418793,37.52918287937743,0.7423575188830397,37.029831387808045,True,37.5,36.5,38.6,0.95,0.05,0.0,0.7,0.03,2,1784989064.6697757,True,False,True,False,1784988957.375962,0,False,0,0,False
1784849457.3002179,20,1784989074.6486137,37.55321583886473,0.7424147402151522,37.053864347295345,True,37.5,36.5,38.6,0.95,0.05,0.0,0.7,0.03,2,1784989084.677001,True,False,True,False,1784988957.375962,0,False,0,0,False
1784849457.3002179,20,1784989094.655572,37.52117189288167,0.742300297550927,37.04318303196766,True,37.5,36.5,38.6,0.95,0.05,0.0,0.7,0.03,2,1784989104.6874526,True,False,True,False,1784988957.375962,0,False,0,0,False
1784849457.3002179,20,1784989114.6635263,37.489127946898606,0.7422812237735562,37.067215991454944,True,37.5,36.5,38.6,0.95,0.05,0.0,0.7,0.03,2,1784989124.6911154,True,True,True,False,1784988957.375962,0,0,1,0,False
1784849457.3002179,20,1784989134.6704016,37.47310597390707,0.7421667811093309,37.02182040131228,True,37.5,36.5,38.6,0.95,0.05,0.0,0.7,0.03,2,1784989144.6977818,True,True,True,True,1784989137.37597,0,0,1,0,False
1784849457.3002179,20,1784989154.6766074,37.46242465857938,0.7423956664377813,37.01915007248036,True,37.5,36.5,38.6,0.95,0.05,0.0,0.7,0.03,2,1784989164.7040908,True,True,True,False,1784989137.37597,0,0,1,0,False
1784849457.3002179,20,1784989174.6829133,37.470435645075156,0.741995117112993,37.011139085984595,True,37.5,36.5,38.6,0.95,0.05,0.0,0.7,0.03,2,1784989184.7103128,True,True,True,False,1784989137.37597,0,0,1,0,False
1784849457.3002179,20,1784989194.68912,37.48645761806668,0.7421858548867017,37.048523689631494,True,37.5,36.5,38.6,0.95,0.05,0.0,0.7,0.03,2,1784989204.716938,True,False,True,False,1784989137.37597,0,0,1,0,False
1784849457.3002179,20,1784989214.6955745,37.51850156404974,0.7424528877698939,37.03784237430381,True,37.5,36.5,38.6,0.95,0.05,0.0,0.7,0.03,2,1784989224.7233014,True,True,True,False,1784989137.37597,0,False,0,0,False
1784849457.3002179,20,1784989234.702836,37.49713893339437,0.7425482566567483,37.053864347295345,True,37.5,36.5,38.6,0.95,0.05,0.0,0.7,0.03,2,1784989244.7309153,True,True,True,False,1784989137.37597,0,0,1,0,False
1784849457.3002179,20,1784989254.7096272,37.51850156404974,0.7422240024414435,37.05119401846342,True,37.5,36.5,38.6,0.95,0.05,0.0,0.7,0.03,2,1784989264.7379336,True,True,True,False,1784989137.37597,0,False,0,0,False
1784849457.3002179,20,1784989274.716063,37.49980926222629,0.7421858548867017,37.05920500495918,True,37.5,36.5,38.6,0.95,0.05,0.0,0.7,0.03,2,1784989284.7434142,True,True,True,False,1784989137.37597,0,0,1,0,False
1784849457.3002179,20,1784989294.7228973,37.489127946898606,0.74214770733196,37.053864347295345,True,37.5,36.5,38.6,0.95,0.05,0.0,0.7,0.03,2,1784989304.7509947,True,False,True,False,1784989137.37597,0,0,1,0,False
1784849457.3002179,20,1784989314.730428,37.47310597390707,0.7423193713282978,37.029831387808045,True,37.5,36.5,38.6,0.95,0.05,0.0,0.7,0.03,2,1784989324.759309,True,False,True,True,1784989317.376013,0,0,1,0,False
1784849457.3002179,20,1784989334.7373936,37.50514991989013,0.7422621499961852,37.01647974364843,True,37.5,36.5,38.6,0.95,0.05,0.0,0.7,0.03,2,1784989344.7645264,True,True,True,False,1784989317.376013,0,False,0,0,False
1784849457.3002179,20,1784989354.7438257,37.49980926222629,0.7422430762188144,37.029831387808045,True,37.5,36.5,38.6,0.95,0.05,0.0,0.7,0.03,2,1784989364.7716997,True,True,True,False,1784989317.376013,0,0,1,0,False
1784849457.3002179,20,1784989374.750176,37.513160906385906,0.7422812237735562,37.02716105897612,True,37.5,36.5,38.6,0.95,0.05,0.0,0.7,0.03,2,1784989384.7770896,True,False,True,False,1784989317.376013,0,False,0,0,False
1784849457.3002179,20,1784989394.7564545,37.50247959105822,0.7422430762188144,37.04318303196766,True,37.5,36.5,38.6,0.95,0.05,0.0,0.7,0.03,2,1784989404.7839239,True,False,True,False,1784989317.376013,0,False,0,0,False
1784849457.3002179,20,1784989414.7629027,37.481116960402844,0.7419569695582513,37.01647974364843,True,37.5,36.5,38.6,0.95,0.05,0.0,0.7,0.03,2,1784989424.7993715,True,False,True,False,1784989317.376013,0,0,1,0,False
1784849457.3002179,20,1784989434.7724788,37.47577630273899,0.7418425268940261,37.02182040131228,True,37.5,36.5,38.6,0.95,0.05,0.0,0.7,0.03,2,1784989444.799444,True,False,True,False,1784989317.376013,0,0,1,0,False
1784849457.3002179,20,1784989454.7787976,37.470435645075156,0.7424910353246357,37.029831387808045,True,37.5,36.5,38.6,0.95,0.05,0.0,0.7,0.03,2,1784989464.8142738,True,True,True,False,1784989317.376013,0,0,1,0,False
1784849457.3002179,20,1784989474.7851338,37.50514991989013,0.7422049286640727,37.03784237430381,True,37.5,36.5,38.6,0.95,0.05,0.0,0.7,0.03,2,1784989484.8125062,True,False,True,False,1784989317.376013,0,False,0,0,False
1784849457.3002179,20,1784989494.7914631,37.51049057755398,0.7419569695582513,37.053864347295345,True,37.5,36.5,38.6,0.95,0.05,0.0,0.7,0.03,2,1784989504.8188336,True,False,True,True,1784989497.3760295,0,False,0,0,False
1784849457.3002179,20,1784989514.7984157,37.49980926222629,0.7421095597772183,37.04051270313573,True,37.5,36.5,38.6,0.95,0.05,0.0,0.7,0.03,2,1784989524.828299,True,True,True,False,1784989497.3760295,0,0,1,0,False
1784849457.3002179,20,1784989534.805656,37.50514991989013,0.7420523384451058,37.053864347295345,True,37.5,36.5,38.6,0.95,0.05,0.0,0.7,0.03,2,1784989544.8328745,True,True,True,False,1784989497.3760295,0,False,0,0,False
1784849457.3002179,20,1784989554.8120687,37.526512550545505,0.7422430762188144,37.029831387808045,True,37.5,36.5,38.6,0.95,0.05,0.0,0.7,0.03,2,1784989564.8395495,True,False,True,False,1784989497.3760295,0,False,0,0,False
1784849457.3002179,20,1784989574.8191125,37.48645761806668,0.7421667811093309,37.048523689631494,True,37.5,36.5,38.6,0.95,0.05,0.0,0.7,0.03,2,1784989584.8473456,True,False,True,False,1784989497.3760295,0,0,1,0,False
1784849457.3002179,20,1784989594.826721,37.481116960402844,0.74214770733196,37.02716105897612,True,37.5,36.5,38.6,0.95,0.05,0.0,0.7,0.03,2,1784989604.8552878,True,True,True,False,1784989497.3760295,0,0,1,0,False
1784849457.3002179,20,1784989614.8343372,37.52918287937743,0.7423193713282978,37.04318303196766,True,37.5,36.5,38.6,0.95,0.05,0.0,0.7,0.03,2,1784989624.8628616,True,True,True,False,1784989497.3760295,0,False,0,0,False
1784849457.3002179,20,1784989634.8420622,37.507820248722055,0.7422049286640727,37.06988632028687,True,37.5,36.5,38.6,0.95,0.05,0.0,0.7,0.03,2,1784989644.8710878,True,False,True,False,1784989497.3760295,0,False,0,0,False
1784849457.3002179,20,1784989654.8492208,37.507820248722055,0.7422430762188144,37.067215991454944,True,37.5,36.5,38.6,0.95,0.05,0.0,0.7,0.03,2,1784989664.8774586,True,False,True,False,1784989497.3760295,0,False,0,0,False
1784849457.3002179,20,1784989674.8564436,37.49980926222629,0.7422430762188144,37.02716105897612,True,37.5,36.5,38.6,0.95,0.05,0.0,0.7,0.03,2,1784989684.8845563,True,True,True,True,1784989677.376074,0,0,1,0,False
1784849457.3002179,20,1784989694.8634412,37.46776531624323,0.7420141908903639,37.00045777065691,True,37.5,36.5,38.6,0.95,0.05,0.0,0.7,0.03,2,1784989704.8906145,True,False,True,False,1784989677.376074,0,0,1,0,False
1784849457.3002179,20,1784989714.869689,37.483787289234755,0.7419569695582513,37.024490730144194,True,37.5,36.5,38.6,0.95,0.05,0.0,0.7,0.03,2,1784989724.898753,True,True,True,False,1784989677.376074,0,0,1,0,False
1784849457.3002179,20,1784989734.8759472,37.49446860456244,0.7422049286640727,37.00045777065691,True,37.5,36.5,38.6,0.95,0.05,0.0,0.7,0.03,2,1784989744.9060855,True,True,True,False,1784989677.376074,0,0,1,0,False
1784849457.3002179,20,1784989754.8825045,37.51049057755398,0.7419569695582513,37.04585336079957,True,37.5,36.5,38.6,0.95,0.05,0.0,0.7,0.03,2,1784989764.9102023,True,True,True,False,1784989677.376074,0,False,0,0,False
1784849457.3002179,20,1784989774.8889606,37.53986419470512,0.7423765926604105,37.048523689631494,True,37.5,36.5,38.6,0.95,0.05,0.0,0.7,0.03,2,1784989784.916442,True,False,True,False,1784989677.376074,0,False,0,0,False
1784849457.3002179,20,1784989794.8953679,37.52918287937743,0.7420141908903639,37.053864347295345,True,37.5,36.5,38.6,0.95,0.05,0.0,0.7,0.03,2,1784989804.9242465,True,True,True,False,1784989677.376074,0,False,0,0,False
1784849457.3002179,20,1784989814.9016523,37.48645761806668,0.7419760433356223,37.02716105897612,True,37.5,36.5,38.6,0.95,0.05,0.0,0.7,0.03,2,1784989824.928892,True,True,True,False,1784989677.376074,0,0,1,0,False
1784849457.3002179,20,1784989834.9085076,37.48645761806668,0.7421095597772183,37.03784237430381,True,37.5,36.5,38.6,0.95,0.05,0.0,0.7,0.03,2,1784989844.941709,True,True,True,False,1784989677.376074,0,0,1,0,False
1784849457.3002179,20,1784989854.9155457,37.49713893339437,0.74214770733196,37.04051270313573,True,37.5,36.5,38.6,0.95,0.05,0.0,0.7,0.03,2,1784989864.9436371,True,False,True,True,1784989857.376078,0,0,1,0,False
1784849457.3002179,20,1784989874.9217858,37.47310597390707,0.7420332646677348,37.02182040131228,True,37.5,36.5,38.6,0.95,0.05,0.0,0.7,0.03,2,1784989884.9491792,True,True,True,False,1784989857.376078,0,0,1,0,False
1784849457.3002179,20,1784989894.9280527,37.47844663157092,0.7421286335545892,37.02182040131228,True,37.5,36.5,38.6,0.95,0.05,0.0,0.7,0.03,2,1784989904.955541,True,False,True,False,1784989857.376078,0,0,1,0,False
1784849457.3002179,20,1784989914.9343796,37.49980926222629,0.7422621499961852,37.01915007248036,True,37.5,36.5,38.6,0.95,0.05,0.0,0.7,0.03,2,1784989924.963191,True,True,True,False,1784989857.376078,0,0,1,0,False
1784849457.3002179,20,1784989934.9405904,37.526512550545505,0.7422430762188144,37.04318303196766,True,37.5,36.5,38.6,0.95,0.05,0.0,0.7,0.03,2,1784989944.9680064,True,True,True,False,1784989857.376078,0,False,0,0,False
1784849457.3002179,20,1784989954.9469724,37.53719386587319,0.7424910353246357,37.04585336079957,True,37.5,36.5,38.6,0.95,0.05,0.0,0.7,0.03,2,1784989964.9861662,True,True,True,False,1784989857.376078,0,False,0,0,False
1784849457.3002179,20,1784989974.953563,37.52384222171359,0.74214770733196,37.048523689631494,True,37.5,36.5,38.6,0.95,0.05,0.0,0.7,0.03,2,1784989984.9857702,True,False,True,False,1784989857.376078,0,False,0,0,False
1784849457.3002179,20,1784989994.9602804,37.507820248722055,0.7423765926604105,37.048523689631494,True,37.5,36.5,38.6,0.95,0.05,0.0,0.7,0.03,2,1784990004.9881673,True,True,True,False,1784989857.376078,0,False,0,0,False
1784849457.3002179,20,1784990014.9666152,37.465094987411305,0.7423575188830397,37.01647974364843,True,37.5,36.5,38.6,0.95,0.05,0.0,0.7,0.03,2,1784990024.9941328,True,False,True,False,1784989857.376078,0,0,1,0,False
1784849457.3002179,20,1784990034.9729152,37.45975432974747,0.7423384451056687,36.989776455329206,True,37.5,36.5,38.6,0.95,0.05,0.0,0.7,0.03,2,1784990045.0007215,True,False,True,True,1784990037.3761072,0,0,1,0,False
1784849457.3002179,20,1784990054.9791536,37.45975432974747,0.7421286335545892,36.97642481116961,True,37.5,36.5,38.6,0.95,0.05,0.0,0.7,0.03,2,1784990065.006878,True,True,True,False,1784990037.3761072,0,0,1,0,False
1784849457.3002179,20,1784990074.9854138,37.47844663157092,0.74214770733196,36.989776455329206,True,37.5,36.5,38.6,0.95,0.05,0.0,0.7,0.03,2,1784990085.0128887,True,False,True,False,1784990037.3761072,0,0,1,0,False
1784849457.3002179,20,1784990094.9917557,37.483787289234755,0.7425482566567483,37.02716105897612,True,37.5,36.5,38.6,0.95,0.05,0.0,0.7,0.03,2,1784990105.0192525,True,False,True,False,1784990037.3761072,0,0,1,0,False
1784849457.3002179,20,1784990114.9980807,37.51049057755398,0.742300297550927,37.01915007248036,True,37.5,36.5,38.6,0.95,0.05,0.0,0.7,0.03,2,1784990125.0255294,True,True,True,False,1784990037.3761072,0,False,0,0,False
1784849457.3002179,20,1784990135.0044153,37.526512550545505,0.7423575188830397,37.01647974364843,True,37.5,36.5,38.6,0.95,0.05,0.0,0.7,0.03,2,1784990145.0319808,True,False,True,False,1784990037.3761072,0,False,0,0,False
1784849457.3002179,20,1784990155.0114186,37.52117189288167,0.7423193713282978,37.04585336079957,True,37.5,36.5,38.6,0.95,0.05,0.0,0.7,0.03,2,1784990165.0405068,True,False,True,False,1784990037.3761072,0,False,0,0,False
1784849457.3002179,20,1784990175.0186164,37.49713893339437,0.7422430762188144,37.02716105897612,True,37.5,36.5,38.6,0.95,0.05,0.0,0.7,0.03,2,1784990185.0510113,True,True,True,False,1784990037.3761072,0,0,1,0,False
1784849457.3002179,20,1784990195.0248163,37.48645761806668,0.7422621499961852,37.011139085984595,True,37.5,36.5,38.6,0.95,0.05,0.0,0.7,0.03,2,1784990205.0522382,True,True,True,False,1784990037.3761072,0,0,1,0,False
1784849457.3002179,20,1784990215.03113,37.47577630273899,0.7417662317845426,36.99511711299306,True,37.5,36.5,38.6,0.95,0.05,0.0,0.7,0.03,2,1784990225.0586119,True,True,True,True,1784990217.3761115,0,0,1,0,False
1784849457.3002179,20,1784990235.0380573,37.48645761806668,0.7422240024414435,37.011139085984595,True,37.5,36.5,38.6,0.95,0.05,0.0,0.7,0.03,2,1784990245.0657196,True,False,True,False,1784990217.3761115,0,0,1,0,False
1784849457.3002179,20,1784990255.0449097,37.507820248722055,0.7418997482261388,37.00312809948882,True,37.5,36.5,38.6,0.95,0.05,0.0,0.7,0.03,2,1784990265.0800745,True,False,True,False,1784990217.3761115,0,False,0,0,False
1784849457.3002179,20,1784990275.0519905,37.49980926222629,0.741995117112993,37.02182040131228,True,37.5,36.5,38.6,0.95,0.05,0.0,0.7,0.03,2,1784990285.0860662,True,False,True,False,1784990217.3761115,0,0,1,0,False
1784849457.3002179,20,1784990295.059168,37.49980926222629,0.7419569695582513,37.00045777065691,True,37.5,36.5,38.6,0.95,0.05,0.0,0.7,0.03,2,1784990305.089081,True,True,True,False,1784990217.3761115,0,0,1,0,False
1784849457.3002179,20,1784990315.0658393,37.526512550545505,0.7420332646677348,37.024490730144194,True,37.5,36.5,38.6,0.95,0.05,0.0,0.7,0.03,2,1784990325.093554,True,True,True,False,1784990217.3761115,0,False,0,0,False
1784849457.3002179,20,1784990335.0727918,37.53719386587319,0.7419188220035096,37.04318303196766,True,37.5,36.5,38.6,0.95,0.05,0.0,0.7,0.03,2,1784990345.1014419,True,True,True,False,1784990217.3761115,0,False,0,0,False
1784849457.3002179,20,1784990355.0804424,37.49980926222629,0.7419569695582513,37.03517204547188,True,37.5,36.5,38.6,0.95,0.05,0.0,0.7,0.03,2,1784990365.1082456,True,True,True,False,1784990217.3761115,0,0,1,0,False
1784849457.3002179,20,1784990375.088094,37.48645761806668,0.7419378957808804,36.99511711299306,True,37.5,36.5,38.6,0.95,0.05,0.0,0.7,0.03,2,1784990385.1168978,True,True,True,False,1784990217.3761115,0,0,1,0,False
1784849457.3002179,20,1784990395.0951002,37.48645761806668,0.7418806744487678,37.01647974364843,True,37.5,36.5,38.6,0.95,0.05,0.0,0.7,0.03,2,1784990405.1274354,True,True,True,True,1784990397.3761272,0,0,1,0,False
1784849457.3002179,20,1784990415.101407,37.49179827573053,0.7422812237735562,37.005798428320745,True,37.5,36.5,38.6,0.95,0.05,0.0,0.7,0.03,2,1784990425.129202,True,False,True,False,1784990397.3761272,0,0,1,0,False
1784849457.3002179,20,1784990435.1076512,37.49713893339437,0.7418234531166553,37.02716105897612,True,37.5,36.5,38.6,0.95,0.05,0.0,0.7,0.03,2,1784990445.135104,True,False,True,False,1784990397.3761272,0,0,1,0,False
1784849457.3002179,20,1784990455.1139865,37.51850156404974,0.7418043793392843,37.024490730144194,True,37.5,36.5,38.6,0.95,0.05,0.0,0.7,0.03,2,1784990465.1431348,True,True,True,False,1784990397.3761272,0,False,0,0,False
1784849457.3002179,20,1784990475.120581,37.56389715419242,0.7421286335545892,37.048523689631494,True,37.5,36.5,38.6,0.95,0.05,0.0,0.7,0.03,2,1784990485.148009,True,False,True,False,1784990397.3761272,0,False,0,0,False
1784849457.3002179,20,1784990495.1269894,37.531853208209355,0.7418234531166553,37.048523689631494,True,37.5,36.5,38.6,0.95,0.05,0.0,0.7,0.03,2,1784990505.1545537,True,True,True,False,1784990397.3761272,0,False,0,0,False
1784849457.3002179,20,1784990515.133469,37.51049057755398,0.7421286335545892,37.05119401846342,True,37.5,36.5,38.6,0.95,0.05,0.0,0.7,0.03,2,1784990525.1608615,True,False,True,False,1784990397.3761272,0,False,0,0,False
1784849457.3002179,20,1784990535.1398149,37.489127946898606,0.7418425268940261,37.00045777065691,True,37.5,36.5,38.6,0.95,0.05,0.0,0.7,0.03,2,1784990545.1666455,True,True,True,False,1784990397.3761272,0,0,1,0,False
1784849457.3002179,20,1784990555.1461632,37.47310597390707,0.7420332646677348,36.99244678416113,True,37.5,36.5,38.6,0.95,0.05,0.0,0.7,0.03,2,1784990565.174339,True,False,True,False,1784990397.3761272,0,0,1,0,False
1784849457.3002179,20,1784990575.1524947,37.44907301441978,0.741861600671397,36.989776455329206,True,37.5,36.5,38.6,0.95,0.05,0.0,0.7,0.03,2,1784990585.1795015,True,True,True,True,1784990577.3761306,0,0,1,0,False
1784849457.3002179,20,1784990595.1587524,37.45975432974747,0.7421667811093309,36.989776455329206,True,37.5,36.5,38.6,0.95,0.05,0.0,0.7,0.03,2,1784990605.1864522,True,True,True,False,1784990577.3761306,0,0,1,0,False
1784849457.3002179,20,1784990615.1656094,37.481116960402844,0.741995117112993,37.00045777065691,True,37.5,36.5,38.6,0.95,0.05,0.0,0.7,0.03,2,1784990625.1936862,True,True,True,False,1784990577.3761306,0,0,1,0,False
1784849457.3002179,20,1784990635.172611,37.51850156404974,0.74214770733196,37.04318303196766,True,37.5,36.5,38.6,0.95,0.05,0.0,0.7,0.03,2,1784990645.1998374,True,False,True,False,1784990577.3761306,0,False,0,0,False
1784849457.3002179,20,1784990655.179545,37.550545510032805,0.7420332646677348,37.03517204547188,True,37.5,36.5,38.6,0.95,0.05,0.0,0.7,0.03,2,1784990665.209053,True,False,True,False,1784990577.3761306,0,False,0,0,False
1784849457.3002179,20,1784990675.1865659,37.526512550545505,0.7423193713282978,37.04318303196766,True,37.5,36.5,38.6,0.95,0.05,0.0,0.7,0.03,2,1784990685.213971,True,False,True,False,1784990577.3761306,0,False,0,0,False
1784849457.3002179,20,1784990695.1928866,37.51049057755398,0.7419378957808804,37.04318303196766,True,37.5,36.5,38.6,0.95,0.05,0.0,0.7,0.03,2,1784990705.2204962,True,False,True,False,1784990577.3761306,0,False,0,0,False
1784849457.3002179,20,1784990715.1991882,37.47310597390707,0.7420332646677348,37.00846875715267,True,37.5,36.5,38.6,0.95,0.05,0.0,0.7,0.03,2,1784990725.2270377,True,True,True,False,1784990577.3761306,0,0,1,0,False
1784849457.3002179,20,1784990735.2056966,37.47310597390707,0.7421667811093309,37.02182040131228,True,37.5,36.5,38.6,0.95,0.05,0.0,0.7,0.03,2,1784990745.2327511,True,False,True,False,1784990577.3761306,0,0,1,0,False
1784849457.3002179,20,1784990755.2119403,37.483787289234755,0.7421286335545892,37.01915007248036,True,37.5,36.5,38.6,0.95,0.05,0.0,0.7,0.03,2,1784990765.2410057,True,False,True,True,1784990757.3761652,0,0,1,0,False
1784849457.3002179,20,1784990775.2182393,37.48645761806668,0.7419760433356223,37.02182040131228,True,37.5,36.5,38.6,0.95,0.05,0.0,0.7,0.03,2,1784990785.2484112,True,False,True,False,1784990757.3761652,0,0,1,0,False
1784849457.3002179,20,1784990795.2245903,37.49713893339437,0.7421667811093309,37.02716105897612,True,37.5,36.5,38.6,0.95,0.05,0.0,0.7,0.03,2,1784990805.2517822,True,False,True,False,1784990757.3761652,0,0,1,0,False
1784849457.3002179,20,1784990815.2308407,37.51850156404974,0.741995117112993,37.01647974364843,True,37.5,36.5,38.6,0.95,0.05,0.0,0.7,0.03,2,1784990825.2598643,True,True,True,False,1784990757.3761652,0,False,0,0,False
1784849457.3002179,20,1784990835.2372763,37.550545510032805,0.7420714122224765,37.04318303196766,True,37.5,36.5,38.6,0.95,0.05,0.0,0.7,0.03,2,1784990845.264873,True,True,True,False,1784990757.3761652,0,False,0,0,False
1784849457.3002179,20,1784990855.2438097,37.52384222171359,0.7421095597772183,37.029831387808045,True,37.5,36.5,38.6,0.95,0.05,0.0,0.7,0.03,2,1784990865.2712193,True,True,True,False,1784990757.3761652,0,False,0,0,False
1784849457.3002179,20,1784990875.2501523,37.49980926222629,0.7418806744487678,37.02716105897612,True,37.5,36.5,38.6,0.95,0.05,0.0,0.7,0.03,2,1784990885.2779267,True,True,True,False,1784990757.3761652,0,0,1,0,False
1784849457.3002179,20,1784990895.2564404,37.51049057755398,0.7418997482261388,37.01647974364843,True,37.5,36.5,38.6,0.95,0.05,0.0,0.7,0.03,2,1784990905.2838485,True,True,True,False,1784990757.3761652,0,False,0,0,False
1784849457.3002179,20,1784990915.2628317,37.47310597390707,0.7420904859998474,37.01380941481651,True,37.5,36.5,38.6,0.95,0.05,0.0,0.7,0.03,2,1784990925.2902298,True,True,True,False,1784990757.3761652,0,0,1,0,False
1784849457.3002179,20,1784990935.2690432,37.46776531624323,0.7421095597772183,37.011139085984595,True,37.5,36.5,38.6,0.95,0.05,0.0,0.7,0.03,2,1784990945.2995057,True,False,True,True,1784990937.3761911,0,0,1,0,False
1784849457.3002179,20,1784990955.2783759,37.489127946898606,0.741861600671397,36.99778744182498,True,37.5,36.5,38.6,0.95,0.05,0.0,0.7,0.03,2,1784990965.3058445,True,False,True,False,1784990937.3761911,0,0,1,0,False
1784849457.3002179,20,1784990975.2847166,37.49179827573053,0.7422430762188144,37.01647974364843,True,37.5,36.5,38.6,0.95,0.05,0.0,0.7,0.03,2,1784990985.3121479,True,True,True,False,1784990937.3761911,0,0,1,0,False
1784849457.3002179,20,1784990995.2910094,37.513160906385906,0.7422240024414435,37.04318303196766,True,37.5,36.5,38.6,0.95,0.05,0.0,0.7,0.03,2,1784991005.3197286,True,True,True,False,1784990937.3761911,0,False,0,0,False
1784849457.3002179,20,1784991015.2972882,37.550545510032805,0.7421095597772183,37.053864347295345,True,37.5,36.5,38.6,0.95,0.05,0.0,0.7,0.03,2,1784991025.3261611,True,True,True,False,1784990937.3761911,0,False,0,0,False
1784849457.3002179,20,1784991035.3036861,37.53452353704128,0.7419569695582513,37.02182040131228,True,37.5,36.5,38.6,0.95,0.05,0.0,0.7,0.03,2,1784991045.3310492,True,True,True,False,1784990937.3761911,0,False,0,0,False
1784849457.3002179,20,1784991055.309999,37.47577630273899,0.741995117112993,37.029831387808045,True,37.5,36.5,38.6,0.95,0.05,0.0,0.7,0.03,2,1784991065.3378823,True,False,True,False,1784990937.3761911,0,0,1,0,False
1784849457.3002179,20,1784991075.3163428,37.483787289234755,0.7420714122224765,37.03250171663997,True,37.5,36.5,38.6,0.95,0.05,0.0,0.7,0.03,2,1784991085.3438115,True,True,True,False,1784990937.3761911,0,0,1,0,False
1784849457.3002179,20,1784991095.3225958,37.46776531624323,0.741995117112993,37.01647974364843,True,37.5,36.5,38.6,0.95,0.05,0.0,0.7,0.03,2,1784991105.3505032,True,False,True,False,1784990937.3761911,0,0,1,0,False
1784849457.3002179,20,1784991115.3288121,37.49446860456244,0.7420714122224765,37.00312809948882,True,37.5,36.5,38.6,0.95,0.05,0.0,0.7,0.03,2,1784991125.3664804,True,False,True,True,1784991117.3762248,0,0,1,0,False
1784849457.3002179,20,1784991135.3351004,37.47310597390707,0.7419760433356223,37.00045777065691,True,37.5,36.5,38.6,0.95,0.05,0.0,0.7,0.03,2,1784991145.3664627,True,True,True,False,1784991117.3762248,0,0,1,0,False
1784849457.3002179,20,1784991155.3415864,37.51049057755398,0.7419188220035096,37.024490730144194,True,37.5,36.5,38.6,0.95,0.05,0.0,0.7,0.03,2,1784991165.3750584,True,False,True,False,1784991117.3762248,0,False,0,0,False
1784849457.3002179,20,1784991175.3481023,37.51850156404974,0.7419760433356223,37.04318303196766,True,37.5,36.5,38.6,0.95,0.05,0.0,0.7,0.03,2,1784991185.3753283,True,True,True,False,1784991117.3762248,0,False,0,0,False
1784849457.3002179,20,1784991195.3545647,37.51850156404974,0.7419188220035096,37.04318303196766,True,37.5,36.5,38.6,0.95,0.05,0.0,0.7,0.03,2,1784991205.3825521,True,True,True,False,1784991117.3762248,0,False,0,0,False
1784849457.3002179,20,1784991215.3608356,37.49179827573053,0.7416708628976884,37.02716105897612,True,37.5,36.5,38.6,0.95,0.05,0.0,0.7,0.03,2,1784991225.3905911,True,True,True,False,1784991117.3762248,0,0,1,0,False
1784849457.3002179,20,1784991235.3671775,37.48645761806668,0.7420904859998474,37.03250171663997,True,37.5,36.5,38.6,0.95,0.05,0.0,0.7,0.03,2,1784991245.3945649,True,True,True,False,1784991117.3762248,0,0,1,0,False
1784849457.3002179,20,1784991255.3733563,37.45975432974747,0.7418425268940261,37.00846875715267,True,37.5,36.5,38.6,0.95,0.05,0.0,0.7,0.03,2,1784991265.4009748,True,True,True,False,1784991117.3762248,0,0,1,0,False
1784849457.3002179,20,1784991275.3802996,37.46776531624323,0.7418425268940261,37.011139085984595,True,37.5,36.5,38.6,0.95,0.05,0.0,0.7,0.03,2,1784991285.408493,True,True,True,False,1784991117.3762248,0,0,1,0,False
1784849457.3002179,20,1784991295.387251,37.49446860456244,0.7420904859998474,37.011139085984595,True,37.5,36.5,38.6,0.95,0.05,0.0,0.7,0.03,2,1784991305.418721,True,False,True,True,1784991297.3762712,0,0,1,0,False
1784849457.3002179,20,1784991315.3942564,37.51049057755398,0.741861600671397,37.029831387808045,True,37.5,36.5,38.6,0.95,0.05,0.0,0.7,0.03,2,1784991325.425324,True,False,True,False,1784991297.3762712,0,False,0,0,False
1784849457.3002179,20,1784991335.4021754,37.49980926222629,0.7420332646677348,37.048523689631494,True,37.5,36.5,38.6,0.95,0.05,0.0,0.7,0.03,2,1784991345.4350705,True,True,True,False,1784991297.3762712,0,0,1,0,False
1784849457.3002179,20,1784991355.4097357,37.526512550545505,0.7420904859998474,37.05119401846342,True,37.5,36.5,38.6,0.95,0.05,0.0,0.7,0.03,2,1784991365.4392302,True,True,True,False,1784991297.3762712,0,False,0,0,False
1784849457.3002179,20,1784991375.4175546,37.52384222171359,0.7422812237735562,37.03250171663997,True,37.5,36.5,38.6,0.95,0.05,0.0,0.7,0.03,2,1784991385.448308,True,False,True,False,1784991297.3762712,0,False,0,0,False
1784849457.3002179,20,1784991395.4246485,37.507820248722055,0.7421286335545892,37.01647974364843,True,37.5,36.5,38.6,0.95,0.05,0.0,0.7,0.03,2,1784991405.452125,True,True,True,False,1784991297.3762712,0,False,0,0,False
1784849457.3002179,20,1784991415.4310238,37.470435645075156,0.7421286335545892,37.005798428320745,True,37.5,36.5,38.6,0.95,0.05,0.0,0.7,0.03,2,1784991425.4592202,True,False,True,False,1784991297.3762712,0,0,1,0,False
1784849457.3002179,20,1784991435.4372592,37.465094987411305,0.7418234531166553,37.011139085984595,True,37.5,36.5,38.6,0.95,0.05,0.0,0.7,0.03,2,1784991445.4647121,True,True,True,False,1784991297.3762712,0,0,1,0,False
1784849457.3002179,20,1784991455.443578,37.470435645075156,0.7417853055619135,36.99244678416113,True,37.5,36.5,38.6,0.95,0.05,0.0,0.7,0.03,2,1784991465.4711328,True,True,True,False,1784991297.3762712,0,0,1,0,False
1784849457.3002179,20,1784991475.4499598,37.49446860456244,0.7417280842298009,37.01647974364843,True,37.5,36.5,38.6,0.95,0.05,0.0,0.7,0.03,2,1784991485.477393,True,False,True,True,1784991477.3762865,0,0,1,0,False
1784849457.3002179,20,1784991495.456207,37.49980926222629,0.7418043793392843,37.00045777065691,True,37.5,36.5,38.6,0.95,0.05,0.0,0.7,0.03,2,1784991505.4831884,True,False,True,False,1784991477.3762865,0,0,1,0,False
1784849457.3002179,20,1784991515.4624972,37.51049057755398,0.7422049286640727,37.029831387808045,True,37.5,36.5,38.6,0.95,0.05,0.0,0.7,0.03,2,1784991525.4902043,True,False,True,False,1784991477.3762865,0,False,0,0,False
1784849457.3002179,20,1784991535.4687161,37.55321583886473,0.7420141908903639,37.03784237430381,True,37.5,36.5,38.6,0.95,0.05,0.0,0.7,0.03,2,1784991545.4961176,True,True,True,False,1784991477.3762865,0,False,0,0,False
1784849457.3002179,20,1784991555.4750826,37.52117189288167,0.741995117112993,37.05653467612726,True,37.5,36.5,38.6,0.95,0.05,0.0,0.7,0.03,2,1784991565.5026286,True,True,True,False,1784991477.3762865,0,False,0,0,False
1784849457.3002179,20,1784991575.4821138,37.53452353704128,0.7420714122224765,37.053864347295345,True,37.5,36.5,38.6,0.95,0.05,0.0,0.7,0.03,2,1784991585.5101738,True,True,True,False,1784991477.3762865,0,False,0,0,False
1784849457.3002179,20,1784991595.4891174,37.48645761806668,0.7420141908903639,37.053864347295345,True,37.5,36.5,38.6,0.95,0.05,0.0,0.7,0.03,2,1784991605.516653,True,False,True,False,1784991477.3762865,0,0,1,0,False
1784849457.3002179,20,1784991615.4954004,37.465094987411305,0.7419569695582513,37.011139085984595,True,37.5,36.5,38.6,0.95,0.05,0.0,0.7,0.03,2,1784991625.5226111,False,True,True,False,1784991477.3762865,0,0,1,0,False
1784849457.3002179,20,1784991635.5013368,37.44907301441978,0.7417853055619135,36.99511711299306,True,37.5,36.5,38.6,0.95,0.05,0.0,0.7,0.03,2,1784991645.5285618,False,True,True,False,1784991477.3762865,0,0,1,0,False
1784849457.3002179,20,1784991655.5073378,37.43305104142824,0.74170901045243,37.00312809948882,True,37.5,36.5,38.6,0.95,0.05,0.0,0.7,0.03,2,1784991665.5345628,False,True,True,True,1784991657.376316,0,0,1,0,False
1784849457.3002179,20,1784991675.513278,37.43572137026017,0.7418234531166553,37.005798428320745,True,37.5,36.5,38.6,0.95,0.05,0.0,0.7,0.03,2,1784991685.5405424,False,True,True,False,1784991657.376316,0,0,1,0,False
1784849457.3002179,20,1784991695.5192766,37.483787289234755,0.7420332646677348,37.02716105897612,True,37.5,36.5,38.6,0.95,0.05,0.0,0.7,0.03,2,1784991705.5457916,False,True,True,False,1784991657.376316,0,0,1,0,False
1784849457.3002179,20,1784991715.5252132,37.49446860456244,0.7421667811093309,37.07789730678263,True,37.5,36.5,38.6,0.95,0.05,0.0,0.7,0.03,2,1784991725.5524075,False,True,True,False,1784991657.376316,0,0,1,0,False
1784849457.3002179,20,1784991735.5311756,37.49980926222629,0.7420904859998474,37.08590829327841,True,37.5,36.5,38.6,0.95,0.05,0.0,0.7,0.03,2,1784991745.5582979,False,True,True,False,1784991657.376316,0,0,1,0,False
1784849457.3002179,20,1784991755.5369895,37.531853208209355,0.7418806744487678,37.09391927977417,True,37.5,36.5,38.6,0.95,0.05,0.0,0.7,0.03,2,1784991765.5641062,False,True,True,False,1784991657.376316,0,False,0,0,False
1784849457.3002179,20,1784991775.5429616,37.52384222171359,0.7419378957808804,37.11795223926147,True,37.5,36.5,38.6,0.95,0.05,0.0,0.7,0.03,2,1784991785.5700943,False,True,True,False,1784991657.376316,0,False,0,0,False
1784849457.3002179,20,1784991795.5489075,37.507820248722055,0.7418234531166553,37.11261158159762,True,37.5,36.5,38.6,0.95,0.05,0.0,0.7,0.03,2,1784991805.5754068,False,True,True,False,1784991657.376316,0,False,0,0,False
1784849457.3002179,20,1784991815.554924,37.48645761806668,0.7419760433356223,37.08590829327841,True,37.5,36.5,38.6,0.95,0.05,0.0,0.7,0.03,2,1784991825.5837805,False,True,True,False,1784991657.376316,0,0,1,0,False
1784849457.3002179,20,1784991835.5608118,37.44373235675593,0.741995117112993,37.05920500495918,True,37.5,36.5,38.6,0.95,0.05,0.0,0.7,0.03,2,1784991845.588038,False,True,True,True,1784991837.3763492,0,0,1,0,False
1784849457.3002179,20,1784991855.566757,37.45975432974747,0.7417662317845426,37.07789730678263,True,37.5,36.5,38.6,0.95,0.05,0.0,0.7,0.03,2,1784991865.5939498,False,True,True,False,1784991837.3763492,0,0,1,0,False
1784849457.3002179,20,1784991875.5726662,37.45174334325169,0.741995117112993,37.091248950942244,True,37.5,36.5,38.6,0.95,0.05,0.0,0.7,0.03,2,1784991885.5996094,False,True,True,False,1784991837.3763492,0,0,1,0,False
1784849457.3002179,20,1784991895.5784764,37.489127946898606,0.7419569695582513,37.091248950942244,True,37.5,36.5,38.6,0.95,0.05,0.0,0.7,0.03,2,1784991905.6051426,False,True,True,False,1784991837.3763492,0,0,1,0,False
1784849457.3002179,20,1784991915.5842874,37.526512550545505,0.7419378957808804,37.109941252765694,True,37.5,36.5,38.6,0.95,0.05,0.0,0.7,0.03,2,1784991925.6121564,False,True,True,False,1784991837.3763492,0,False,0,0,False
1784849457.3002179,20,1784991935.590279,37.50514991989013,0.7418997482261388,37.11795223926147,True,37.5,36.5,38.6,0.95,0.05,0.0,0.7,0.03,2,1784991945.6178257,False,True,True,False,1784991837.3763492,0,False,0,0,False
1784849457.3002179,20,1784991955.5962772,37.51583123521782,0.741995117112993,37.12062256809338,True,37.5,36.5,38.6,0.95,0.05,0.0,0.7,0.03,2,1784991965.6234536,False,True,True,False,1784991837.3763492,0,False,0,0,False
1784849457.3002179,20,1784991975.6022735,37.49179827573053,0.7419188220035096,37.10727092393378,True,37.5,36.5,38.6,0.95,0.05,0.0,0.7,0.03,2,1784991985.6294835,False,True,True,False,1784991837.3763492,0,0,1,0,False
1784849457.3002179,20,1784991995.6081378,37.470435645075156,0.7420523384451058,37.10193026626993,True,37.5,36.5,38.6,0.95,0.05,0.0,0.7,0.03,2,1784992005.6352463,False,True,True,False,1784991837.3763492,0,0,1,0,False
1784849457.3002179,20,1784992015.6140392,37.48645761806668,0.7419378957808804,37.11795223926147,True,37.5,36.5,38.6,0.95,0.05,0.0,0.7,0.03,2,1784992025.6413589,False,True,True,True,1784992017.3763556,0,0,1,0,False
1784849457.3002179,20,1784992035.6201022,37.48645761806668,0.7419378957808804,37.10193026626993,True,37.5,36.5,38.6,0.95,0.05,0.0,0.7,0.03,2,1784992045.6468358,False,True,True,False,1784992017.3763556,0,0,1,0,False
1784849457.3002179,20,1784992055.6259916,37.48645761806668,0.741861600671397,37.109941252765694,True,37.5,36.5,38.6,0.95,0.05,0.0,0.7,0.03,2,1784992065.6530905,False,True,True,False,1784992017.3763556,0,0,1,0,False
1784849457.3002179,20,1784992075.6319108,37.51583123521782,0.7421286335545892,37.12863355458916,True,37.5,36.5,38.6,0.95,0.05,0.0,0.7,0.03,2,1784992085.6590798,False,True,True,False,1784992017.3763556,0,False,0,0,False
1784849457.3002179,20,1784992095.637866,37.52117189288167,0.7418806744487678,37.14999618524453,True,37.5,36.5,38.6,0.95,0.05,0.0,0.7,0.03,2,1784992105.664932,False,True,True,False,1784992017.3763556,0,False,0,0,False
1784849457.3002179,20,1784992115.643791,37.51049057755398,0.7417471580071718,37.141985198748756,True,37.5,36.5,38.6,0.95,0.05,0.0,0.7,0.03,2,1784992125.6709702,False,True,True,False,1784992017.3763556,0,False,0,0,False
1784849457.3002179,20,1784992135.6497886,37.47844663157092,0.7418806744487678,37.12863355458916,True,37.5,36.5,38.6,0.95,0.05,0.0,0.7,0.03,2,1784992145.6764593,False,True,True,False,1784992017.3763556,0,0,1,0,False
1784849457.3002179,20,1784992155.6557393,37.489127946898606,0.7417853055619135,37.09391927977417,True,37.5,36.5,38.6,0.95,0.05,0.0,0.7,0.03,2,1784992165.6824527,False,True,True,False,1784992017.3763556,0,0,1,0,False
1784849457.3002179,20,1784992175.661539,37.47577630273899,0.7416899366750591,37.12863355458916,True,37.5,36.5,38.6,0.95,0.05,0.0,0.7,0.03,2,1784992185.688245,False,True,True,False,1784992017.3763556,0,0,1,0,False
1784849457.3002179,20,1784992195.6675062,37.49713893339437,0.7417662317845426,37.11261158159762,True,37.5,36.5,38.6,0.95,0.05,0.0,0.7,0.03,2,1784992205.6946743,False,True,True,True,1784992197.376376,0,0,1,0,False
1784849457.3002179,20,1784992215.6733472,37.51850156404974,0.7419188220035096,37.133974212252994,True,37.5,36.5,38.6,0.95,0.05,0.0,0.7,0.03,2,1784992225.6999311,False,True,True,False,1784992197.376376,0,False,0,0,False
1784849457.3002179,20,1784992235.6793168,37.507820248722055,0.7420141908903639,37.139314869916845,True,37.5,36.5,38.6,0.95,0.05,0.0,0.7,0.03,2,1784992245.7058704,False,True,True,False,1784992197.376376,0,False,0,0,False
1784849457.3002179,20,1784992255.6851888,37.50247959105822,0.7417280842298009,37.158007171740294,True,37.5,36.5,38.6,0.95,0.05,0.0,0.7,0.03,2,1784992265.712365,False,True,True,False,1784992197.376376,0,False,0,0,False
1784849457.3002179,20,1784992275.691232,37.51049057755398,0.7420523384451058,37.12863355458916,True,37.5,36.5,38.6,0.95,0.05,0.0,0.7,0.03,2,1784992285.7186387,False,True,True,False,1784992197.376376,0,False,0,0,False
1784849457.3002179,20,1784992295.6973817,37.47310597390707,0.7417853055619135,37.133974212252994,True,37.5,36.5,38.6,0.95,0.05,0.0,0.7,0.03,2,1784992305.7246082,False,True,True,False,1784992197.376376,0,0,1,0,False
1784849457.3002179,20,1784992315.7033026,37.49446860456244,0.7418806744487678,37.12062256809338,True,37.5,36.5,38.6,0.95,0.05,0.0,0.7,0.03,2,1784992325.7299929,False,True,True,False,1784992197.376376,0,0,1,0,False
1784849457.3002179,20,1784992335.7091112,37.489127946898606,0.741861600671397,37.10727092393378,True,37.5,36.5,38.6,0.95,0.05,0.0,0.7,0.03,2,1784992345.7357657,False,True,True,False,1784992197.376376,0,0,1,0,False
1784849457.3002179,20,1784992355.7150657,37.489127946898606,0.741861600671397,37.115281910429545,True,37.5,36.5,38.6,0.95,0.05,0.0,0.7,0.03,2,1784992365.7417223,False,True,True,False,1784992197.376376,0,0,1,0,False
1784849457.3002179,20,1784992375.7211637,37.507820248722055,0.7420904859998474,37.12863355458916,True,37.5,36.5,38.6,0.95,0.05,0.0,0.7,0.03,2,1784992385.74808,False,True,True,True,1784992377.3763857,0,False,0,0,False
1784849457.3002179,20,1784992395.727273,37.507820248722055,0.7419188220035096,37.11795223926147,True,37.5,36.5,38.6,0.95,0.05,0.0,0.7,0.03,2,1784992405.7539916,False,True,True,False,1784992377.3763857,0,False,0,0,False
1784849457.3002179,20,1784992415.7332063,37.49179827573053,0.7419378957808804,37.11261158159762,True,37.5,36.5,38.6,0.95,0.05,0.0,0.7,0.03,2,1784992425.7604988,False,True,True,False,1784992377.3763857,0,0,1,0,False
1784849457.3002179,20,1784992435.739128,37.481116960402844,0.7416708628976884,37.11795223926147,True,37.5,36.5,38.6,0.95,0.05,0.0,0.7,0.03,2,1784992445.7662559,False,True,True,False,1784992377.3763857,0,0,1,0,False
1784849457.3002179,20,1784992455.7449932,37.513160906385906,0.7418043793392843,37.12062256809338,True,37.5,36.5,38.6,0.95,0.05,0.0,0.7,0.03,2,1784992465.7720625,False,True,True,False,1784992377.3763857,0,False,0,0,False
1784849457.3002179,20,1784992475.750944,37.51049057755398,0.7420141908903639,37.12863355458916,True,37.5,36.5,38.6,0.95,0.05,0.0,0.7,0.03,2,1784992485.777541,False,True,True,False,1784992377.3763857,0,False,0,0,False
1784849457.3002179,20,1784992495.7568119,37.50514991989013,0.7416327153429465,37.133974212252994,True,37.5,36.5,38.6,0.95,0.05,0.0,0.7,0.03,2,1784992505.7836576,False,True,True,False,1784992377.3763857,0,False,0,0,False
1784849457.3002179,20,1784992515.7628384,37.49980926222629,0.74214770733196,37.13664454108492,True,37.5,36.5,38.6,0.95,0.05,0.0,0.7,0.03,2,1784992525.7901714,False,True,True,False,1784992377.3763857,0,0,1,0,False
1784849457.3002179,20,1784992535.7687628,37.489127946898606,0.7416136415655756,37.12863355458916,True,37.5,36.5,38.6,0.95,0.05,0.0,0.7,0.03,2,1784992545.7953565,False,True,True,False,1784992377.3763857,0,0,1,0,False
1784849457.3002179,20,1784992555.7746148,37.47310597390707,0.7416517891203174,37.14732585641261,True,37.5,36.5,38.6,0.95,0.05,0.0,0.7,0.03,2,1784992565.8011506,False,True,True,True,1784992557.3764112,0,0,1,0,False
1784849457.3002179,20,1784992575.7804093,37.48645761806668,0.7417853055619135,37.12863355458916,True,37.5,36.5,38.6,0.95,0.05,0.0,0.7,0.03,2,1784992585.8070257,False,True,True,False,1784992557.3764112,0,0,1,0,False
1784849457.3002179,20,1784992595.7862628,37.52384222171359,0.7418234531166553,37.14999618524453,True,37.5,36.5,38.6,0.95,0.05,0.0,0.7,0.03,2,1784992605.8128133,False,True,True,False,1784992557.3764112,0,False,0,0,False
1784849457.3002179,20,1784992615.7921555,37.51850156404974,0.741861600671397,37.17135881589991,True,37.5,36.5,38.6,0.95,0.05,0.0,0.7,0.03,2,1784992625.8192708,False,True,True,False,1784992557.3764112,0,False,0,0,False
1784849457.3002179,20,1784992635.7981212,37.52384222171359,0.7419760433356223,37.17135881589991,True,37.5,36.5,38.6,0.95,0.05,0.0,0.7,0.03,2,1784992645.8252025,False,True,True,False,1784992557.3764112,0,False,0,0,False
1784849457.3002179,20,1784992655.8040774,37.48645761806668,0.74170901045243,37.158007171740294,True,37.5,36.5,38.6,0.95,0.05,0.0,0.7,0.03,2,1784992665.8312855,False,True,True,False,1784992557.3764112,0,0,1,0,False
1784849457.3002179,20,1784992675.8100126,37.49446860456244,0.7417280842298009,37.14999618524453,True,37.5,36.5,38.6,0.95,0.05,0.0,0.7,0.03,2,1784992685.837123,False,True,True,False,1784992557.3764112,0,0,1,0,False
1784849457.3002179,20,1784992695.8158891,37.531853208209355,0.7418806744487678,37.12863355458916,True,37.5,36.5,38.6,0.95,0.05,0.0,0.7,0.03,2,1784992705.8430007,False,True,True,False,1784992557.3764112,0,False,0,0,False
1784849457.3002179,20,1784992715.8219655,37.50514991989013,0.741995117112993,37.13664454108492,True,37.5,36.5,38.6,0.95,0.05,0.0,0.7,0.03,2,1784992725.8490107,False,True,True,False,1784992557.3764112,0,False,0,0,False
1784849457.3002179,20,1784992735.827914,37.49980926222629,0.7419569695582513,37.133974212252994,True,37.5,36.5,38.6,0.95,0.05,0.0,0.7,0.03,2,1784992745.8550773,False,True,True,True,1784992737.3764515,0,0,1,0,False
1784849457.3002179,20,1784992755.8338547,37.49446860456244,0.741995117112993,37.12596322575723,True,37.5,36.5,38.6,0.95,0.05,0.0,0.7,0.03,2,1784992765.8609865,False,True,True,False,1784992737.3764515,0,0,1,0,False
1784849457.3002179,20,1784992775.8398569,37.481116960402844,0.7417853055619135,37.11795223926147,True,37.5,36.5,38.6,0.95,0.05,0.0,0.7,0.03,2,1784992785.8670878,False,True,True,False,1784992737.3764515,0,0,1,0,False
1784849457.3002179,20,1784992795.8458755,37.49179827573053,0.7416517891203174,37.14465552758068,True,37.5,36.5,38.6,0.95,0.05,0.0,0.7,0.03,2,1784992805.8725379,False,True,True,False,1784992737.3764515,0,0,1,0,False
1784849457.3002179,20,1784992815.8517642,37.53452353704128,0.7419188220035096,37.16067750057222,True,37.5,36.5,38.6,0.95,0.05,0.0,0.7,0.03,2,1784992825.8784103,False,True,True,False,1784992737.3764515,0,False,0,0,False
1784849457.3002179,20,1784992835.8576818,37.53452353704128,0.7416899366750591,37.17135881589991,True,37.5,36.5,38.6,0.95,0.05,0.0,0.7,0.03,2,1784992845.884807,False,True,True,False,1784992737.3764515,0,False,0,0,False
1784849457.3002179,20,1784992855.8636687,37.52384222171359,0.74170901045243,37.17936980239567,True,37.5,36.5,38.6,0.95,0.05,0.0,0.7,0.03,2,1784992865.8912034,False,True,True,False,1784992737.3764515,0,False,0,0,False
1784849457.3002179,20,1784992875.8697097,37.51049057755398,0.741861600671397,37.14465552758068,True,37.5,36.5,38.6,0.95,0.05,0.0,0.7,0.03,2,1784992885.8985727,False,True,True,False,1784992737.3764515,0,False,0,0,False
1784849457.3002179,20,1784992895.8756933,37.483787289234755,0.7416517891203174,37.12863355458916,True,37.5,36.5,38.6,0.95,0.05,0.0,0.7,0.03,2,1784992905.902847,False,True,True,False,1784992737.3764515,0,0,1,0,False
1784849457.3002179,20,1784992915.8815331,37.46242465857938,0.7416517891203174,37.10460059510186,True,37.5,36.5,38.6,0.95,0.05,0.0,0.7,0.03,2,1784992925.9081957,False,True,True,True,1784992917.3764741,0,0,1,0,False
1784849457.3002179,20,1784992935.8874388,37.43572137026017,0.7416517891203174,37.096589608606095,True,37.5,36.5,38.6,0.95,0.05,0.0,0.7,0.03,2,1784992945.9146945,False,True,True,False,1784992917.3764741,0,0,1,0,False
1784849457.3002179,20,1784992955.8934104,37.483787289234755,0.7415945677882049,37.12062256809338,True,37.5,36.5,38.6,0.95,0.05,0.0,0.7,0.03,2,1784992965.9205644,False,True,True,False,1784992917.3764741,0,0,1,0,False
1784849457.3002179,20,1784992975.8993242,37.48645761806668,0.7414801251239795,37.096589608606095,True,37.5,36.5,38.6,0.95,0.05,0.0,0.7,0.03,2,1784992985.9259934,False,True,True,False,1784992917.3764741,0,0,1,0,False
1784849457.3002179,20,1784992995.905183,37.507820248722055,0.7418997482261388,37.14999618524453,True,37.5,36.5,38.6,0.95,0.05,0.0,0.7,0.03,2,1784993005.9324396,False,True,True,False,1784992917.3764741,0,False,0,0,False
1784849457.3002179,20,1784993015.9111855,37.50247959105822,0.7416708628976884,37.17135881589991,True,37.5,36.5,38.6,0.95,0.05,0.0,0.7,0.03,2,1784993025.9379177,False,True,True,False,1784992917.3764741,0,False,0,0,False
1784849457.3002179,20,1784993035.9171748,37.52384222171359,0.741861600671397,37.14999618524453,True,37.5,36.5,38.6,0.95,0.05,0.0,0.7,0.03,2,1784993045.9438267,False,True,True,False,1784992917.3764741,0,False,0,0,False
1784849457.3002179,20,1784993055.9231594,37.481116960402844,0.7414801251239795,37.14732585641261,True,37.5,36.5,38.6,0.95,0.05,0.0,0.7,0.03,2,1784993065.949793,False,True,True,False,1784992917.3764741,0,0,1,0,False
1784849457.3002179,20,1784993075.928922,37.46242465857938,0.7416327153429465,37.12863355458916,True,37.5,36.5,38.6,0.95,0.05,0.0,0.7,0.03,2,1784993085.955615,False,True,True,False,1784992917.3764741,0,0,1,0,False
1784849457.3002179,20,1784993095.9348872,37.46242465857938,0.7417280842298009,37.10727092393378,True,37.5,36.5,38.6,0.95,0.05,0.0,0.7,0.03,2,1784993105.962091,False,True,True,True,1784993097.3764927,0,0,1,0,False
1784849457.3002179,20,1784993115.9407284,37.47310597390707,0.7420904859998474,37.109941252765694,True,37.5,36.5,38.6,0.95,0.05,0.0,0.7,0.03,2,1784993125.9679534,False,True,True,False,1784993097.3764927,0,0,1,0,False
1784849457.3002179,20,1784993135.9466803,37.47310597390707,0.7415754940108339,37.11795223926147,True,37.5,36.5,38.6,0.95,0.05,0.0,0.7,0.03,2,1784993145.9732137,False,True,True,False,1784993097.3764927,0,0,1,0,False
1784849457.3002179,20,1784993155.9525125,37.50514991989013,0.7416327153429465,37.13664454108492,True,37.5,36.5,38.6,0.95,0.05,0.0,0.7,0.03,2,1784993165.9795783,False,True,True,False,1784993097.3764927,0,False,0,0,False
1784849457.3002179,20,1784993175.9584801,37.51850156404974,0.7416517891203174,37.15533684290837,True,37.5,36.5,38.6,0.95,0.05,0.0,0.7,0.03,2,1784993185.9857469,False,True,True,False,1784993097.3764927,0,False,0,0,False
1784849457.3002179,20,1784993195.9644375,37.507820248722055,0.7420141908903639,37.16601815823606,True,37.5,36.5,38.6,0.95,0.05,0.0,0.7,0.03,2,1784993205.9916754,False,True,True,False,1784993097.3764927,0,False,0,0,False
1784849457.3002179,20,1784993215.9704623,37.49713893339437,0.7419188220035096,37.16601815823606,True,37.5,36.5,38.6,0.95,0.05,0.0,0.7,0.03,2,1784993225.9970255,False,True,True,False,1784993097.3764927,0,0,1,0,False
1784849457.3002179,20,1784993235.976266,37.470435645075156,0.741861600671397,37.11795223926147,True,37.5,36.5,38.6,0.95,0.05,0.0,0.7,0.03,2,1784993246.003013,False,True,True,False,1784993097.3764927,0,0,1,0,False
1784849457.3002179,20,1784993255.9822195,37.47577630273899,0.7416136415655756,37.12062256809338,True,37.5,36.5,38.6,0.95,0.05,0.0,0.7,0.03,2,1784993266.0093653,False,True,True,False,1784993097.3764927,0,0,1,0,False
1784849457.3002179,20,1784993275.988071,37.49446860456244,0.7418234531166553,37.17135881589991,True,37.5,36.5,38.6,0.95,0.05,0.0,0.7,0.03,2,1784993286.0152268,False,True,True,True,1784993277.376512,0,0,1,0,False
1784849457.3002179,20,1784993295.9940116,37.51049057755398,0.7414610513466087,37.14465552758068,True,37.5,36.5,38.6,0.95,0.05,0.0,0.7,0.03,2,1784993306.0210876,False,True,True,False,1784993277.376512,0,False,0,0,False
1784849457.3002179,20,1784993315.9999485,37.483787289234755,0.7416136415655756,37.141985198748756,True,37.5,36.5,38.6,0.95,0.05,0.0,0.7,0.03,2,1784993326.0271127,False,True,True,False,1784993277.376512,0,0,1,0,False
1784849457.3002179,20,1784993336.0058072,37.52117189288167,0.741995117112993,37.139314869916845,True,37.5,36.5,38.6,0.95,0.05,0.0,0.7,0.03,2,1784993346.0328698,False,True,True,False,1784993277.376512,0,False,0,0,False
1784849457.3002179,20,1784993356.0117679,37.47844663157092,0.7415754940108339,37.13130388342107,True,37.5,36.5,38.6,0.95,0.05,0.0,0.7,0.03,2,1784993366.03914,False,True,True,False,1784993277.376512,0,0,1,0,False
1784849457.3002179,20,1784993376.0178633,37.47577630273899,0.7417662317845426,37.11261158159762,True,37.5,36.5,38.6,0.95,0.05,0.0,0.7,0.03,2,1784993386.0450404,False,True,True,False,1784993277.376512,0,0,1,0,False
1784849457.3002179,20,1784993396.0237796,37.481116960402844,0.7416136415655756,37.12863355458916,True,37.5,36.5,38.6,0.95,0.05,0.0,0.7,0.03,2,1784993406.0509152,False,True,True,False,1784993277.376512,0,0,1,0,False
1784849457.3002179,20,1784993416.0296285,37.49179827573053,0.7415754940108339,37.14999618524453,True,37.5,36.5,38.6,0.95,0.05,0.0,0.7,0.03,2,1784993426.0568328,False,True,True,False,1784993277.376512,0,0,1,0,False
1784849457.3002179,20,1784993436.0355234,37.51850156404974,0.7417280842298009,37.15533684290837,True,37.5,36.5,38.6,0.95,0.05,0.0,0.7,0.03,2,1784993446.0626562,False,True,True,False,1784993277.376512,0,False,0,0,False
1784849457.3002179,20,1784993456.041519,37.513160906385906,0.7417662317845426,37.17936980239567,True,37.5,36.5,38.6,0.95,0.05,0.0,0.7,0.03,2,1784993466.0686097,False,True,True,True,1784993457.3765452,0,False,0,0,False
1784849457.3002179,20,1784993476.0475006,37.47310597390707,0.7415945677882049,37.14999618524453,True,37.5,36.5,38.6,0.95,0.05,0.0,0.7,0.03,2,1784993486.0747333,False,True,True,False,1784993457.3765452,0,0,1,0,False
1784849457.3002179,20,1784993496.0533884,37.45174334325169,0.7419569695582513,37.133974212252994,True,37.5,36.5,38.6,0.95,0.05,0.0,0.7,0.03,2,1784993506.0805402,False,True,True,False,1784993457.3765452,0,0,1,0,False
1784849457.3002179,20,1784993516.059288,37.47310597390707,0.7417471580071718,37.13130388342107,True,37.5,36.5,38.6,0.95,0.05,0.0,0.7,0.03,2,1784993526.0864677,False,True,True,False,1784993457.3765452,0,0,1,0,False
1784849457.3002179,20,1784993536.0651743,37.50514991989013,0.7416327153429465,37.133974212252994,True,37.5,36.5,38.6,0.95,0.05,0.0,0.7,0.03,2,1784993546.092319,False,True,True,False,1784993457.3765452,0,False,0,0,False
1784849457.3002179,20,1784993556.0712576,37.49980926222629,0.7414991989013504,37.14732585641261,True,37.5,36.5,38.6,0.95,0.05,0.0,0.7,0.03,2,1784993566.0987892,False,True,True,False,1784993457.3765452,0,0,1,0,False
1784849457.3002179,20,1784993576.0773618,37.507820248722055,0.74170901045243,37.15533684290837,True,37.5,36.5,38.6,0.95,0.05,0.0,0.7,0.03,2,1784993586.1040606,False,True,True,False,1784993457.3765452,0,False,0,0,False
1784849457.3002179,20,1784993596.0833547,37.513160906385906,0.7417662317845426,37.17135881589991,True,37.5,36.5,38.6,0.95,0.05,0.0,0.7,0.03,2,1784993606.1101503,False,True,True,False,1784993457.3765452,0,False,0,0,False
1784849457.3002179,20,1784993616.0892713,37.507820248722055,0.7420141908903639,37.139314869916845,True,37.5,36.5,38.6,0.95,0.05,0.0,0.7,0.03,2,1784993626.116418,False,True,True,False,1784993457.3765452,0,False,0,0,False
1784849457.3002179,20,1784993636.0952587,37.470435645075156,0.7415182726787214,37.11795223926147,True,37.5,36.5,38.6,0.95,0.05,0.0,0.7,0.03,2,1784993646.1223636,False,True,True,True,1784993637.376583,0,0,1,0,False
1784849457.3002179,20,1784993656.1010635,37.44373235675593,0.7415754940108339,37.109941252765694,True,37.5,36.5,38.6,0.95,0.05,0.0,0.7,0.03,2,1784993666.1282773,False,True,True,False,1784993637.376583,0,0,1,0,False
1784849457.3002179,20,1784993676.107044,37.446402685587856,0.7417662317845426,37.10193026626993,True,37.5,36.5,38.6,0.95,0.05,0.0,0.7,0.03,2,1784993686.1336443,False,True,True,False,1784993637.376583,0,0,1,0,False
1784849457.3002179,20,1784993696.11282,37.46242465857938,0.74170901045243,37.12329289692531,True,37.5,36.5,38.6,0.95,0.05,0.0,0.7,0.03,2,1784993706.1395397,False,True,True,False,1784993637.376583,0,0,1,0,False
1784849457.3002179,20,1784993716.118779,37.49980926222629,0.7416899366750591,37.13664454108492,True,37.5,36.5,38.6,0.95,0.05,0.0,0.7,0.03,2,1784993726.1454933,False,True,True,False,1784993637.376583,0,0,1,0,False
1784849457.3002179,20,1784993736.1245832,37.52117189288167,0.7418043793392843,37.16067750057222,True,37.5,36.5,38.6,0.95,0.05,0.0,0.7,0.03,2,1784993746.1516902,False,True,True,False,1784993637.376583,0,False,0,0,False
1784849457.3002179,20,1784993756.1305423,37.526512550545505,0.741556420233463,37.17936980239567,True,37.5,36.5,38.6,0.95,0.05,0.0,0.7,0.03,2,1784993766.1577368,False,True,True,False,1784993637.376583,0,False,0,0,False
1784849457.3002179,20,1784993776.1364465,37.507820248722055,0.7418234531166553,37.15533684290837,True,37.5,36.5,38.6,0.95,0.05,0.0,0.7,0.03,2,1784993786.1640606,False,True,True,False,1784993637.376583,0,False,0,0,False
1784849457.3002179,20,1784993796.1424463,37.470435645075156,0.7417853055619135,37.133974212252994,True,37.5,36.5,38.6,0.95,0.05,0.0,0.7,0.03,2,1784993806.1689727,False,True,True,False,1784993637.376583,0,0,1,0,False
1784849457.3002179,20,1784993816.1484017,37.44907301441978,0.7416899366750591,37.133974212252994,True,37.5,36.5,38.6,0.95,0.05,0.0,0.7,0.03,2,1784993826.1755357,False,True,True,True,1784993817.3765872,0,0,1,0,False
1784849457.3002179,20,1784993836.1542883,37.44373235675593,0.7415182726787214,37.11795223926147,True,37.5,36.5,38.6,0.95,0.05,0.0,0.7,0.03,2,1784993846.1814632,False,True,True,False,1784993817.3765872,0,0,1,0,False
1784849457.3002179,20,1784993856.1600697,37.45975432974747,0.7416136415655756,37.109941252765694,True,37.5,36.5,38.6,0.95,0.05,0.0,0.7,0.03,2,1784993866.1872835,False,True,True,False,1784993817.3765872,0,0,1,0,False
1784849457.3002179,20,1784993876.1660118,37.46776531624323,0.7415945677882049,37.12329289692531,True,37.5,36.5,38.6,0.95,0.05,0.0,0.7,0.03,2,1784993886.1931949,False,True,True,False,1784993817.3765872,0,0,1,0,False
1784849457.3002179,20,1784993896.17193,37.49980926222629,0.7418425268940261,37.14465552758068,True,37.5,36.5,38.6,0.95,0.05,0.0,0.7,0.03,2,1784993906.199074,False,True,True,False,1784993817.3765872,0,0,1,0,False
1784849457.3002179,20,1784993916.1777563,37.531853208209355,0.7417471580071718,37.17936980239567,True,37.5,36.5,38.6,0.95,0.05,0.0,0.7,0.03,2,1784993926.204831,False,True,True,False,1784993817.3765872,0,False,0,0,False
1784849457.3002179,20,1784993936.1836925,37.55321583886473,0.7416708628976884,37.14999618524453,True,37.5,36.5,38.6,0.95,0.05,0.0,0.7,0.03,2,1784993946.2108624,False,True,True,False,1784993817.3765872,0,False,0,0,False
1784849457.3002179,20,1784993956.189649,37.526512550545505,0.7414610513466087,37.16334782940413,True,37.5,36.5,38.6,0.95,0.05,0.0,0.7,0.03,2,1784993966.2169356,False,True,True,False,1784993817.3765872,0,False,0,0,False
1784849457.3002179,20,1784993976.1957169,37.50247959105822,0.7415182726787214,37.16067750057222,True,37.5,36.5,38.6,0.95,0.05,0.0,0.7,0.03,2,1784993986.2227964,False,True,True,False,1784993817.3765872,0,False,0,0,False
1784849457.3002179,20,1784993996.2016058,37.47577630273899,0.7416708628976884,37.12329289692531,True,37.5,36.5,38.6,0.95,0.05,0.0,0.7,0.03,2,1784994006.228241,False,True,True,True,1784993997.3766,0,0,1,0,False
1784849457.3002179,20,1784994016.2074704,37.43305104142824,0.7413847562371252,37.091248950942244,True,37.5,36.5,38.6,0.95,0.05,0.0,0.7,0.03,2,1784994026.2340457,False,True,True,False,1784993997.3766,0,0,1,0,False
1784849457.3002179,20,1784994036.2132611,37.45441367208362,0.7414610513466087,37.11261158159762,True,37.5,36.5,38.6,0.95,0.05,0.0,0.7,0.03,2,1784994046.240475,False,True,True,False,1784993997.3766,0,0,1,0,False
1784849457.3002179,20,1784994056.2191966,37.470435645075156,0.7415754940108339,37.115281910429545,True,37.5,36.5,38.6,0.95,0.05,0.0,0.7,0.03,2,1784994066.2463472,False,True,True,False,1784993997.3766,0,0,1,0,False
1784849457.3002179,20,1784994076.2249725,37.489127946898606,0.7417471580071718,37.12329289692531,True,37.5,36.5,38.6,0.95,0.05,0.0,0.7,0.03,2,1784994086.2517464,False,True,True,False,1784993997.3766,0,0,1,0,False
1784849457.3002179,20,1784994096.2309084,37.52117189288167,0.74170901045243,37.16601815823606,True,37.5,36.5,38.6,0.95,0.05,0.0,0.7,0.03,2,1784994106.2574284,False,True,True,False,1784993997.3766,0,False,0,0,False
1784849457.3002179,20,1784994116.2367878,37.54253452353704,0.74170901045243,37.16868848706798,True,37.5,36.5,38.6,0.95,0.05,0.0,0.7,0.03,2,1784994126.2638137,False,True,True,False,1784993997.3766,0,False,0,0,False
1784849457.3002179,20,1784994136.242713,37.53719386587319,0.7416517891203174,37.16067750057222,True,37.5,36.5,38.6,0.95,0.05,0.0,0.7,0.03,2,1784994146.2697551,False,True,True,False,1784993997.3766,0,False,0,0,False
1784849457.3002179,20,1784994156.2486727,37.52117189288167,0.7416517891203174,37.16334782940413,True,37.5,36.5,38.6,0.95,0.05,0.0,0.7,0.03,2,1784994166.2757988,False,True,True,False,1784993997.3766,0,False,0,0,False
1784849457.3002179,20,1784994176.2547646,37.48645761806668,0.741556420233463,37.14465552758068,True,37.5,36.5,38.6,0.95,0.05,0.0,0.7,0.03,2,1784994186.281865,False,True,True,True,1784994177.3766258,0,0,1,0,False
1784849457.3002179,20,1784994196.2605975,37.427710383764406,0.7414801251239795,37.11795223926147,True,37.5,36.5,38.6,0.95,0.05,0.0,0.7,0.03,2,1784994206.2877955,False,True,True,False,1784994177.3766258,0,0,1,0,False
1784849457.3002179,20,1784994216.2664301,37.45975432974747,0.7415373464560922,37.091248950942244,True,37.5,36.5,38.6,0.95,0.05,0.0,0.7,0.03,2,1784994226.2928612,False,True,True,False,1784994177.3766258,0,0,1,0,False
1784849457.3002179,20,1784994236.2722864,37.48645761806668,0.7415945677882049,37.12863355458916,True,37.5,36.5,38.6,0.95,0.05,0.0,0.7,0.03,2,1784994246.2994175,False,True,True,False,1784994177.3766258,0,0,1,0,False
1784849457.3002179,20,1784994256.27817,37.507820248722055,0.7415754940108339,37.152666514076444,True,37.5,36.5,38.6,0.95,0.05,0.0,0.7,0.03,2,1784994266.305234,False,True,True,False,1784994177.3766258,0,False,0,0,False
1784849457.3002179,20,1784994276.2841067,37.51583123521782,0.7417471580071718,37.15533684290837,True,37.5,36.5,38.6,0.95,0.05,0.0,0.7,0.03,2,1784994286.3111937,False,True,True,False,1784994177.3766258,0,False,0,0,False
1784849457.3002179,20,1784994296.290122,37.52117189288167,0.7415945677882049,37.16067750057222,True,37.5,36.5,38.6,0.95,0.05,0.0,0.7,0.03,2,1784994306.3179464,False,True,True,False,1784994177.3766258,0,False,0,0,False
1784849457.3002179,20,1784994316.29606,37.49446860456244,0.7414610513466087,37.13130388342107,True,37.5,36.5,38.6,0.95,0.05,0.0,0.7,0.03,2,1784994326.3239784,False,True,True,False,1784994177.3766258,0,0,1,0,False
1784849457.3002179,20,1784994336.3018608,37.46242465857938,0.7414229037918669,37.139314869916845,True,37.5,36.5,38.6,0.95,0.05,0.0,0.7,0.03,2,1784994346.3286574,False,True,True,False,1784994177.3766258,0,0,1,0,False
1784849457.3002179,20,1784994356.3078632,37.47844663157092,0.7414801251239795,37.141985198748756,True,37.5,36.5,38.6,0.95,0.05,0.0,0.7,0.03,2,1784994366.3349953,False,True,True,True,1784994357.3766413,0,0,1,0,False
1784849457.3002179,20,1784994376.31371,37.507820248722055,0.7414991989013504,37.15533684290837,True,37.5,36.5,38.6,0.95,0.05,0.0,0.7,0.03,2,1784994386.3441024,False,True,True,False,1784994357.3766413,0,False,0,0,False
1784849457.3002179,20,1784994396.3230238,37.49713893339437,0.7416899366750591,37.15533684290837,True,37.5,36.5,38.6,0.95,0.05,0.0,0.7,0.03,2,1784994406.350155,False,True,True,False,1784994357.3766413,0,0,1,0,False
1784849457.3002179,20,1784994416.3288789,37.51850156404974,0.7413656824597544,37.14465552758068,True,37.5,36.5,38.6,0.95,0.05,0.0,0.7,0.03,2,1784994426.355984,False,True,True,False,1784994357.3766413,0,False,0,0,False
1784849457.3002179,20,1784994436.3348935,37.49179827573053,0.7417280842298009,37.12863355458916,True,37.5,36.5,38.6,0.95,0.05,0.0,0.7,0.03,2,1784994446.3620834,False,True,True,False,1784994357.3766413,0,0,1,0,False
1784849457.3002179,20,1784994456.340734,37.507820248722055,0.7415373464560922,37.141985198748756,True,37.5,36.5,38.6,0.95,0.05,0.0,0.7,0.03,2,1784994466.367855,False,True,True,False,1784994357.3766413,0,False,0,0,False
1784849457.3002179,20,1784994476.3467033,37.489127946898606,0.7417662317845426,37.14465552758068,True,37.5,36.5,38.6,0.95,0.05,0.0,0.7,0.03,2,1784994486.3732772,False,True,True,False,1784994357.3766413,0,0,1,0,False
1784849457.3002179,20,1784994496.352441,37.52117189288167,0.7414610513466087,37.12329289692531,True,37.5,36.5,38.6,0.95,0.05,0.0,0.7,0.03,2,1784994506.3795602,False,True,True,False,1784994357.3766413,0,False,0,0,False
1784849457.3002179,20,1784994516.35843,37.489127946898606,0.7415945677882049,37.109941252765694,True,37.5,36.5,38.6,0.95,0.05,0.0,0.7,0.03,2,1784994526.385011,False,True,True,False,1784994357.3766413,0,0,1,0,False
1784849457.3002179,20,1784994536.364234,37.50514991989013,0.7417280842298009,37.14465552758068,True,37.5,36.5,38.6,0.95,0.05,0.0,0.7,0.03,2,1784994546.3914316,False,True,True,True,1784994537.3766606,0,False,0,0,False
1784849457.3002179,20,1784994556.370281,37.489127946898606,0.7416708628976884,37.141985198748756,True,37.5,36.5,38.6,0.95,0.05,0.0,0.7,0.03,2,1784994566.3978786,False,True,True,False,1784994537.3766606,0,0,1,0,False
1784849457.3002179,20,1784994576.3761694,37.465094987411305,0.7413656824597544,37.12863355458916,True,37.5,36.5,38.6,0.95,0.05,0.0,0.7,0.03,2,1784994586.4029393,False,True,True,False,1784994537.3766606,0,0,1,0,False
1784849457.3002179,20,1784994596.3820662,37.48645761806668,0.7415182726787214,37.12863355458916,True,37.5,36.5,38.6,0.95,0.05,0.0,0.7,0.03,2,1784994606.4093316,False,True,True,False,1784994537.3766606,0,0,1,0,False
1784849457.3002179,20,1784994616.3879566,37.51850156404974,0.7418425268940261,37.133974212252994,True,37.5,36.5,38.6,0.95,0.05,0.0,0.7,0.03,2,1784994626.415114,False,True,True,False,1784994537.3766606,0,False,0,0,False
1784849457.3002179,20,1784994636.3939273,37.49713893339437,0.7418043793392843,37.133974212252994,True,37.5,36.5,38.6,0.95,0.05,0.0,0.7,0.03,2,1784994646.4211633,False,True,True,False,1784994537.3766606,0,0,1,0,False
1784849457.3002179,20,1784994656.4000409,37.507820248722055,0.7415754940108339,37.14732585641261,True,37.5,36.5,38.6,0.95,0.05,0.0,0.7,0.03,2,1784994666.4272535,False,True,True,False,1784994537.3766606,0,False,0,0,False
1784849457.3002179,20,1784994676.4060855,37.49980926222629,0.7414038300144961,37.15533684290837,True,37.5,36.5,38.6,0.95,0.05,0.0,0.7,0.03,2,1784994686.433258,False,True,True,False,1784994537.3766606,0,0,1,0,False
1784849457.3002179,20,1784994696.4119482,37.50514991989013,0.7417471580071718,37.15533684290837,True,37.5,36.5,38.6,0.95,0.05,0.0,0.7,0.03,2,1784994706.4392138,False,True,True,False,1784994537.3766606,0,False,0,0,False
1784849457.3002179,20,1784994716.4181612,37.49980926222629,0.7414419775692379,37.14732585641261,True,37.5,36.5,38.6,0.95,0.05,0.0,0.7,0.03,2,1784994726.4453652,False,True,True,True,1784994717.376665,0,0,1,0,False
1784849457.3002179,20,1784994736.424158,37.446402685587856,0.741289387350271,37.10727092393378,True,37.5,36.5,38.6,0.95,0.05,0.0,0.7,0.03,2,1784994746.4513345,False,True,True,False,1784994717.376665,0,0,1,0,False
1784849457.3002179,20,1784994756.4300706,37.45174334325169,0.7414419775692379,37.12062256809338,True,37.5,36.5,38.6,0.95,0.05,0.0,0.7,0.03,2,1784994766.4571707,False,True,True,False,1784994717.376665,0,0,1,0,False
1784849457.3002179,20,1784994776.435974,37.470435645075156,0.7415182726787214,37.139314869916845,True,37.5,36.5,38.6,0.95,0.05,0.0,0.7,0.03,2,1784994786.4631457,False,True,True,False,1784994717.376665,0,0,1,0,False
1784849457.3002179,20,1784994796.4418278,37.49713893339437,0.7416327153429465,37.139314869916845,True,37.5,36.5,38.6,0.95,0.05,0.0,0.7,0.03,2,1784994806.4694114,False,True,True,False,1784994717.376665,0,0,1,0,False
1784849457.3002179,20,1784994816.4480665,37.49179827573053,0.7412703135729,37.17135881589991,True,37.5,36.5,38.6,0.95,0.05,0.0,0.7,0.03,2,1784994826.4753156,False,True,True,False,1784994717.376665,0,0,1,0,False
1784849457.3002179,20,1784994836.4539888,37.507820248722055,0.7416517891203174,37.15533684290837,True,37.5,36.5,38.6,0.95,0.05,0.0,0.7,0.03,2,1784994846.4811356,False,True,True,False,1784994717.376665,0,False,0,0,False
1784849457.3002179,20,1784994856.4599793,37.53452353704128,0.7415945677882049,37.17936980239567,True,37.5,36.5,38.6,0.95,0.05,0.0,0.7,0.03,2,1784994866.4870732,False,True,True,False,1784994717.376665,0,False,0,0,False
1784849457.3002179,20,1784994876.465968,37.52117189288167,0.7416327153429465,37.14999618524453,True,37.5,36.5,38.6,0.95,0.05,0.0,0.7,0.03,2,1784994886.4930553,False,True,True,False,1784994717.376665,0,False,0,0,False
1784849457.3002179,20,1784994896.471965,37.46242465857938,0.7414229037918669,37.15533684290837,True,37.5,36.5,38.6,0.95,0.05,0.0,0.7,0.03,2,1784994906.4990926,False,True,True,True,1784994897.3766704,0,0,1,0,False
1784849457.3002179,20,1784994916.4777963,37.446402685587856,0.7414610513466087,37.13130388342107,True,37.5,36.5,38.6,0.95,0.05,0.0,0.7,0.03,2,1784994926.5050347,False,True,True,False,1784994897.3766704,0,0,1,0,False
1784849457.3002179,20,1784994936.4837205,37.47844663157092,0.7415754940108339,37.10727092393378,True,37.5,36.5,38.6,0.95,0.05,0.0,0.7,0.03,2,1784994946.510809,False,True,True,False,1784994897.3766704,0,0,1,0,False
1784849457.3002179,20,1784994956.4895756,37.47844663157092,0.7415373464560922,37.13130388342107,True,37.5,36.5,38.6,0.95,0.05,0.0,0.7,0.03,2,1784994966.5167377,False,True,True,False,1784994897.3766704,0,0,1,0,False
1784849457.3002179,20,1784994976.4954607,37.507820248722055,0.7414229037918669,37.133974212252994,True,37.5,36.5,38.6,0.95,0.05,0.0,0.7,0.03,2,1784994986.5226238,False,True,True,False,1784994897.3766704,0,False,0,0,False
1784849457.3002179,20,1784994996.501441,37.507820248722055,0.7415754940108339,37.15533684290837,True,37.5,36.5,38.6,0.95,0.05,0.0,0.7,0.03,2,1784995006.5280526,False,True,True,False,1784994897.3766704,0,False,0,0,False
1784849457.3002179,20,1784995016.5074055,37.53452353704128,0.7415754940108339,37.182040131227595,True,37.5,36.5,38.6,0.95,0.05,0.0,0.7,0.03,2,1784995026.534384,False,True,True,False,1784994897.3766704,0,False,0,0,False
1784849457.3002179,20,1784995036.513567,37.50247959105822,0.7413847562371252,37.15533684290837,True,37.5,36.5,38.6,0.95,0.05,0.0,0.7,0.03,2,1784995046.5407715,False,True,True,False,1784994897.3766704,0,False,0,0,False
1784849457.3002179,20,1784995056.5196166,37.507820248722055,0.7414610513466087,37.158007171740294,True,37.5,36.5,38.6,0.95,0.05,0.0,0.7,0.03,2,1784995066.5467577,False,True,True,False,1784994897.3766704,0,False,0,0,False
1784849457.3002179,20,1784995076.5255585,37.489127946898606,0.7415373464560922,37.14999618524453,True,37.5,36.5,38.6,0.95,0.05,0.0,0.7,0.03,2,1784995086.5522327,False,True,True,True,1784995077.3766794,0,0,1,0,False
1784849457.3002179,20,1784995096.5315256,37.47310597390707,0.7413084611276417,37.139314869916845,True,37.5,36.5,38.6,0.95,0.05,0.0,0.7,0.03,2,1784995106.5584624,False,True,True,False,1784995077.3766794,0,0,1,0,False
1784849457.3002179,20,1784995116.5373678,37.47310597390707,0.7411940184634165,37.141985198748756,True,37.5,36.5,38.6,0.95,0.05,0.0,0.7,0.03,2,1784995126.564527,False,True,True,False,1784995077.3766794,0,0,1,0,False
1784849457.3002179,20,1784995136.5432272,37.489127946898606,0.7417662317845426,37.15533684290837,True,37.5,36.5,38.6,0.95,0.05,0.0,0.7,0.03,2,1784995146.5704958,False,True,True,False,1784995077.3766794,0,0,1,0,False
1784849457.3002179,20,1784995156.5492558,37.51049057755398,0.7412703135729,37.141985198748756,True,37.5,36.5,38.6,0.95,0.05,0.0,0.7,0.03,2,1784995166.576468,False,True,True,False,1784995077.3766794,0,False,0,0,False
1784849457.3002179,20,1784995176.555214,37.51850156404974,0.7416327153429465,37.17135881589991,True,37.5,36.5,38.6,0.95,0.05,0.0,0.7,0.03,2,1784995186.5817666,False,True,True,False,1784995077.3766794,0,False,0,0,False
1784849457.3002179,20,1784995196.5611129,37.51850156404974,0.7412703135729,37.14999618524453,True,37.5,36.5,38.6,0.95,0.05,0.0,0.7,0.03,2,1784995206.5882325,False,True,True,False,1784995077.3766794,0,False,0,0,False
1784849457.3002179,20,1784995216.567285,37.48645761806668,0.7418234531166553,37.15533684290837,True,37.5,36.5,38.6,0.95,0.05,0.0,0.7,0.03,2,1784995226.594843,True,False,True,False,1784995077.3766794,0,0,1,0,False
1784849457.3002179,20,1784995236.5734723,37.507820248722055,0.7415373464560922,37.139314869916845,True,37.5,36.5,38.6,0.95,0.05,0.0,0.7,0.03,2,1784995246.6035368,True,False,True,False,1784995077.3766794,0,False,0,0,False
1784849457.3002179,20,1784995256.579831,37.50247959105822,0.7416327153429465,37.12062256809338,True,37.5,36.5,38.6,0.95,0.05,0.0,0.7,0.03,2,1784995266.6068327,True,False,True,True,1784995257.3766901,0,False,0,0,False
1784849457.3002179,20,1784995276.5864418,37.49980926222629,0.7413275349050126,37.10727092393378,True,37.5,36.5,38.6,0.95,0.05,0.0,0.7,0.03,2,1784995286.615492,True,False,True,False,1784995257.3766901,0,0,1,0,False
1784849457.3002179,20,1784995296.59297,37.49980926222629,0.7414991989013504,37.091248950942244,True,37.5,36.5,38.6,0.95,0.05,0.0,0.7,0.03,2,1784995306.6205113,True,False,True,False,1784995257.3766901,0,0,1,0,False
1784849457.3002179,20,1784995316.5994473,37.49446860456244,0.7414229037918669,37.09391927977417,True,37.5,36.5,38.6,0.95,0.05,0.0,0.7,0.03,2,1784995326.6293418,True,True,True,False,1784995257.3766901,0,0,1,0,False
1784849457.3002179,20,1784995336.6064317,37.526512550545505,0.7414610513466087,37.08056763561456,True,37.5,36.5,38.6,0.95,0.05,0.0,0.7,0.03,2,1784995346.6348696,True,True,True,False,1784995257.3766901,0,False,0,0,False
1784849457.3002179,20,1784995356.6140835,37.52117189288167,0.741136797131304,37.10460059510186,True,37.5,36.5,38.6,0.95,0.05,0.0,0.7,0.03,2,1784995366.642668,True,True,True,False,1784995257.3766901,0,False,0,0,False
1784849457.3002179,20,1784995376.621813,37.52384222171359,0.741289387350271,37.096589608606095,True,37.5,36.5,38.6,0.95,0.05,0.0,0.7,0.03,2,1784995386.6504297,True,True,True,False,1784995257.3766901,0,False,0,0,False
1784849457.3002179,20,1784995396.6295233,37.507820248722055,0.7412321660181582,37.096589608606095,True,37.5,36.5,38.6,0.95,0.05,0.0,0.7,0.03,2,1784995406.6604168,True,False,True,False,1784995257.3766901,0,False,0,0,False
1784849457.3002179,20,1784995416.6366408,37.48645761806668,0.7415945677882049,37.08056763561456,True,37.5,36.5,38.6,0.95,0.05,0.0,0.7,0.03,2,1784995426.6640775,True,True,True,False,1784995257.3766901,0,0,1,0,False
1784849457.3002179,20,1784995436.6429095,37.48645761806668,0.7414229037918669,37.06454566262303,True,37.5,36.5,38.6,0.95,0.05,0.0,0.7,0.03,2,1784995446.6703477,True,True,True,True,1784995437.3767216,0,0,1,0,False
1784849457.3002179,20,1784995456.6491487,37.48645761806668,0.7412321660181582,37.072556649118795,True,37.5,36.5,38.6,0.95,0.05,0.0,0.7,0.03,2,1784995466.6790912,True,False,True,False,1784995437.3767216,0,0,1,0,False
1784849457.3002179,20,1784995476.6556096,37.526512550545505,0.7414991989013504,37.053864347295345,True,37.5,36.5,38.6,0.95,0.05,0.0,0.7,0.03,2,1784995486.682492,True,True,True,False,1784995437.3767216,0,False,0,0,False
1784849457.3002179,20,1784995496.6618052,37.53719386587319,0.7415945677882049,37.07522697795072,True,37.5,36.5,38.6,0.95,0.05,0.0,0.7,0.03,2,1784995506.688831,True,True,True,False,1784995437.3767216,0,False,0,0,False
1784849457.3002179,20,1784995516.6682186,37.53719386587319,0.741556420233463,37.12062256809338,True,37.5,36.5,38.6,0.95,0.05,0.0,0.7,0.03,2,1784995526.696811,True,False,True,False,1784995437.3767216,0,False,0,0,False
1784849457.3002179,20,1784995536.6745472,37.531853208209355,0.7414801251239795,37.08056763561456,True,37.5,36.5,38.6,0.95,0.05,0.0,0.7,0.03,2,1784995546.702018,True,False,True,False,1784995437.3767216,0,False,0,0,False
1784849457.3002179,20,1784995556.6809995,37.489127946898606,0.7414801251239795,37.08323796444648,True,37.5,36.5,38.6,0.95,0.05,0.0,0.7,0.03,2,1784995566.7110515,True,True,True,False,1784995437.3767216,0,0,1,0,False
1784849457.3002179,20,1784995576.687396,37.49713893339437,0.7416136415655756,37.053864347295345,True,37.5,36.5,38.6,0.95,0.05,0.0,0.7,0.03,2,1784995586.7171829,True,True,True,False,1784995437.3767216,0,0,1,0,False
1784849457.3002179,20,1784995596.694499,37.470435645075156,0.7411940184634165,37.053864347295345,True,37.5,36.5,38.6,0.95,0.05,0.0,0.7,0.03,2,1784995606.7232568,True,True,True,False,1784995437.3767216,0,0,1,0,False
1784849457.3002179,20,1784995616.70221,37.49713893339437,0.741289387350271,37.04318303196766,True,37.5,36.5,38.6,0.95,0.05,0.0,0.7,0.03,2,1784995626.7386603,True,True,True,True,1784995617.376758,0,0,1,0,False
1784849457.3002179,20,1784995636.709193,37.49713893339437,0.7412512397955291,37.053864347295345,True,37.5,36.5,38.6,0.95,0.05,0.0,0.7,0.03,2,1784995646.736694,True,False,True,False,1784995617.376758,0,0,1,0,False
1784849457.3002179,20,1784995656.7155144,37.53452353704128,0.7415182726787214,37.08857862211032,True,37.5,36.5,38.6,0.95,0.05,0.0,0.7,0.03,2,1784995666.7460828,True,True,True,False,1784995617.376758,0,False,0,0,False
1784849457.3002179,20,1784995676.721932,37.526512550545505,0.7414229037918669,37.08056763561456,True,37.5,36.5,38.6,0.95,0.05,0.0,0.7,0.03,2,1784995686.7492473,True,True,True,False,1784995617.376758,0,False,0,0,False
1784849457.3002179,20,1784995696.7288115,37.526512550545505,0.7413656824597544,37.07522697795072,True,37.5,36.5,38.6,0.95,0.05,0.0,0.7,0.03,2,1784995706.7570016,True,True,True,False,1784995617.376758,0,False,0,0,False
1784849457.3002179,20,1784995716.7360663,37.483787289234755,0.7415182726787214,37.07789730678263,True,37.5,36.5,38.6,0.95,0.05,0.0,0.7,0.03,2,1784995726.7642426,True,False,True,False,1784995617.376758,0,0,1,0,False
1784849457.3002179,20,1784995736.7424088,37.47310597390707,0.7414038300144961,37.08056763561456,True,37.5,36.5,38.6,0.95,0.05,0.0,0.7,0.03,2,1784995746.7694604,True,False,True,False,1784995617.376758,0,0,1,0,False
1784849457.3002179,20,1784995756.7485425,37.47310597390707,0.7412321660181582,37.04585336079957,True,37.5,36.5,38.6,0.95,0.05,0.0,0.7,0.03,2,1784995766.7760806,True,False,True,False,1784995617.376758,0,0,1,0,False
1784849457.3002179,20,1784995776.7548661,37.481116960402844,0.7416136415655756,37.04318303196766,True,37.5,36.5,38.6,0.95,0.05,0.0,0.7,0.03,2,1784995786.788182,True,True,True,False,1784995617.376758,0,0,1,0,False
1784849457.3002179,20,1784995796.7622693,37.49179827573053,0.7411558709086747,37.06454566262303,True,37.5,36.5,38.6,0.95,0.05,0.0,0.7,0.03,2,1784995806.792524,True,True,True,True,1784995797.3767858,0,0,1,0,False
1784849457.3002179,20,1784995816.7696402,37.49179827573053,0.7413466086823834,37.05920500495918,True,37.5,36.5,38.6,0.95,0.05,0.0,0.7,0.03,2,1784995826.7970493,True,True,True,False,1784995797.3767858,0,0,1,0,False
1784849457.3002179,20,1784995836.7759197,37.52918287937743,0.7412703135729,37.053864347295345,True,37.5,36.5,38.6,0.95,0.05,0.0,0.7,0.03,2,1784995846.810067,True,True,True,False,1784995797.3767858,0,False,0,0,False
1784849457.3002179,20,1784995856.782571,37.50247959105822,0.7413466086823834,37.072556649118795,True,37.5,36.5,38.6,0.95,0.05,0.0,0.7,0.03,2,1784995866.812257,True,False,True,False,1784995797.3767858,0,False,0,0,False
1784849457.3002179,20,1784995876.7893474,37.489127946898606,0.741289387350271,37.053864347295345,True,37.5,36.5,38.6,0.95,0.05,0.0,0.7,0.03,2,1784995886.8165364,True,False,True,False,1784995797.3767858,0,0,1,0,False
1784849457.3002179,20,1784995896.7958295,37.49446860456244,0.7415945677882049,37.048523689631494,True,37.5,36.5,38.6,0.95,0.05,0.0,0.7,0.03,2,1784995906.8233361,True,True,True,False,1784995797.3767858,0,0,1,0,False
1784849457.3002179,20,1784995916.8021548,37.46776531624323,0.7414419775692379,37.04585336079957,True,37.5,36.5,38.6,0.95,0.05,0.0,0.7,0.03,2,1784995926.8304539,True,False,True,False,1784995797.3767858,0,0,1,0,False
1784849457.3002179,20,1784995936.808701,37.50514991989013,0.7415373464560922,37.03784237430381,True,37.5,36.5,38.6,0.95,0.05,0.0,0.7,0.03,2,1784995946.8360145,True,False,True,False,1784995797.3767858,0,False,0,0,False
1784849457.3002179,20,1784995956.8159032,37.49446860456244,0.7412130922407875,37.05653467612726,True,37.5,36.5,38.6,0.95,0.05,0.0,0.7,0.03,2,1784995966.8440042,True,True,True,False,1784995797.3767858,0,0,1,0,False
1784849457.3002179,20,1784995976.8228047,37.513160906385906,0.7412130922407875,37.03784237430381,True,37.5,36.5,38.6,0.95,0.05,0.0,0.7,0.03,2,1784995986.850342,True,False,True,True,1784995977.3768213,0,False,0,0,False
1784849457.3002179,20,1784995996.8292303,37.507820248722055,0.7415754940108339,37.02716105897612,True,37.5,36.5,38.6,0.95,0.05,0.0,0.7,0.03,2,1784996006.8566873,True,True,True,False,1784995977.3768213,0,False,0,0,False
1784849457.3002179,20,1784996016.83561,37.49713893339437,0.7414038300144961,37.04318303196766,True,37.5,36.5,38.6,0.95,0.05,0.0,0.7,0.03,2,1784996026.8630912,True,True,True,False,1784995977.3768213,0,0,1,0,False
1784849457.3002179,20,1784996036.8419127,37.470435645075156,0.7411749446860456,37.03250171663997,True,37.5,36.5,38.6,0.95,0.05,0.0,0.7,0.03,2,1784996046.8691137,True,False,True,False,1784995977.3768213,0,0,1,0,False
1784849457.3002179,20,1784996056.8482418,37.48645761806668,0.7414801251239795,37.06187533379111,True,37.5,36.5,38.6,0.95,0.05,0.0,0.7,0.03,2,1784996066.8756402,True,True,True,False,1784995977.3768213,0,0,1,0,False
1784849457.3002179,20,1784996076.8545003,37.49980926222629,0.7414991989013504,37.05920500495918,True,37.5,36.5,38.6,0.95,0.05,0.0,0.7,0.03,2,1784996086.8853965,True,False,True,False,1784995977.3768213,0,0,1,0,False
1784849457.3002179,20,1784996096.860851,37.51049057755398,0.7412703135729,37.048523689631494,True,37.5,36.5,38.6,0.95,0.05,0.0,0.7,0.03,2,1784996106.8934817,True,True,True,False,1784995977.3768213,0,False,0,0,False
1784849457.3002179,20,1784996116.8678837,37.526512550545505,0.7417662317845426,37.06187533379111,True,37.5,36.5,38.6,0.95,0.05,0.0,0.7,0.03,2,1784996126.895337,True,True,True,False,1784995977.3768213,0,False,0,0,False
1784849457.3002179,20,1784996136.8743458,37.51583123521782,0.7416517891203174,37.04318303196766,True,37.5,36.5,38.6,0.95,0.05,0.0,0.7,0.03,2,1784996146.9014406,True,False,True,False,1784995977.3768213,0,False,0,0,False
1784849457.3002179,20,1784996156.8806632,37.47310597390707,0.7413847562371252,37.04585336079957,True,37.5,36.5,38.6,0.95,0.05,0.0,0.7,0.03,2,1784996166.9081037,True,False,True,True,1784996157.3768537,0,0,1,0,False
1784849457.3002179,20,1784996176.8870065,37.44373235675593,0.7409460593575952,37.01647974364843,True,37.5,36.5,38.6,0.95,0.05,0.0,0.7,0.03,2,1784996186.9144485,True,False,True,False,1784996157.3768537,0,0,1,0,False
1784849457.3002179,20,1784996196.8932514,37.44373235675593,0.7410032806897078,37.01647974364843,True,37.5,36.5,38.6,0.95,0.05,0.0,0.7,0.03,2,1784996206.9206233,True,True,True,False,1784996157.3768537,0,0,1,0,False
1784849457.3002179,20,1784996216.8995357,37.45975432974747,0.7415754940108339,37.00045777065691,True,37.5,36.5,38.6,0.95,0.05,0.0,0.7,0.03,2,1784996226.926561,True,False,True,False,1784996157.3768537,0,0,1,0,False
1784849457.3002179,20,1784996236.905819,37.49179827573053,0.7412130922407875,37.011139085984595,True,37.5,36.5,38.6,0.95,0.05,0.0,0.7,0.03,2,1784996246.9332638,True,True,True,False,1784996157.3768537,0,0,1,0,False
1784849457.3002179,20,1784996256.912055,37.52918287937743,0.7414229037918669,37.07789730678263,True,37.5,36.5,38.6,0.95,0.05,0.0,0.7,0.03,2,1784996266.939354,True,False,True,False,1784996157.3768537,0,False,0,0,False
1784849457.3002179,20,1784996276.9184575,37.526512550545505,0.7415754940108339,37.053864347295345,True,37.5,36.5,38.6,0.95,0.05,0.0,0.7,0.03,2,1784996286.9473758,True,True,True,False,1784996157.3768537,0,False,0,0,False
1784849457.3002179,20,1784996296.9253285,37.51049057755398,0.7411940184634165,37.05920500495918,True,37.5,36.5,38.6,0.95,0.05,0.0,0.7,0.03,2,1784996306.9569893,True,True,True,False,1784996157.3768537,0,False,0,0,False
1784849457.3002179,20,1784996316.932344,37.52117189288167,0.7412512397955291,37.04585336079957,True,37.5,36.5,38.6,0.95,0.05,0.0,0.7,0.03,2,1784996326.9723117,True,False,True,False,1784996157.3768537,0,False,0,0,False
1784849457.3002179,20,1784996336.9387524,37.483787289234755,0.741289387350271,37.02182040131228,True,37.5,36.5,38.6,0.95,0.05,0.0,0.7,0.03,2,1784996346.9678555,True,True,True,True,1784996337.3768635,0,0,1,0,False
1784849457.3002179,20,1784996356.9455652,37.43572137026017,0.7414801251239795,37.024490730144194,True,37.5,36.5,38.6,0.95,0.05,0.0,0.7,0.03,2,1784996366.974095,True,False,True,False,1784996337.3768635,0,0,1,0,False
1784849457.3002179,20,1784996376.9524164,37.45975432974747,0.7412321660181582,36.99511711299306,True,37.5,36.5,38.6,0.95,0.05,0.0,0.7,0.03,2,1784996386.9797528,True,True,True,False,1784996337.3768635,0,0,1,0,False
1784849457.3002179,20,1784996396.9586222,37.45975432974747,0.7412321660181582,37.01647974364843,True,37.5,36.5,38.6,0.95,0.05,0.0,0.7,0.03,2,1784996406.990102,True,False,True,False,1784996337.3768635,0,0,1,0,False
1784849457.3002179,20,1784996416.9658768,37.49713893339437,0.7413084611276417,37.011139085984595,True,37.5,36.5,38.6,0.95,0.05,0.0,0.7,0.03,2,1784996426.9967206,True,True,True,False,1784996337.3768635,0,0,1,0,False
1784849457.3002179,20,1784996436.97276,37.53452353704128,0.7412130922407875,37.02182040131228,True,37.5,36.5,38.6,0.95,0.05,0.0,0.7,0.03,2,1784996447.004747,True,True,True,False,1784996337.3768635,0,False,0,0,False
1784849457.3002179,20,1784996456.9790945,37.52918287937743,0.7412321660181582,37.05119401846342,True,37.5,36.5,38.6,0.95,0.05,0.0,0.7,0.03,2,1784996467.0067904,True,True,True,False,1784996337.3768635,0,False,0,0,False
1784849457.3002179,20,1784996476.9861,37.51049057755398,0.7414229037918669,37.04318303196766,True,37.5,36.5,38.6,0.95,0.05,0.0,0.7,0.03,2,1784996487.0147965,True,True,True,False,1784996337.3768635,0,False,0,0,False
1784849457.3002179,20,1784996496.993301,37.49446860456244,0.7414229037918669,37.04318303196766,True,37.5,36.5,38.6,0.95,0.05,0.0,0.7,0.03,2,1784996507.020386,True,False,True,False,1784996337.3768635,0,0,1,0,False
1784849457.3002179,20,1784996516.9996226,37.49980926222629,0.7413847562371252,37.04051270313573,True,37.5,36.5,38.6,0.95,0.05,0.0,0.7,0.03,2,1784996527.029409,True,False,True,True,1784996517.376867,0,0,1,0,False
1784849457.3002179,20,1784996537.005936,37.49446860456244,0.7414229037918669,37.02716105897612,True,37.5,36.5,38.6,0.95,0.05,0.0,0.7,0.03,2,1784996547.0336897,True,False,True,False,1784996517.376867,0,0,1,0,False
1784849457.3002179,20,1784996557.0122573,37.489127946898606,0.7411558709086747,37.04585336079957,True,37.5,36.5,38.6,0.95,0.05,0.0,0.7,0.03,2,1784996567.0391068,True,True,True,False,1784996517.376867,0,0,1,0,False
1784849457.3002179,20,1784996577.019173,37.507820248722055,0.7411940184634165,37.03250171663997,True,37.5,36.5,38.6,0.95,0.05,0.0,0.7,0.03,2,1784996587.0476637,True,True,True,False,1784996517.376867,0,False,0,0,False
1784849457.3002179,20,1784996597.026458,37.52918287937743,0.7412703135729,37.06454566262303,True,37.5,36.5,38.6,0.95,0.05,0.0,0.7,0.03,2,1784996607.0538645,True,True,True,False,1784996517.376867,0,False,0,0,False
1784849457.3002179,20,1784996617.0328178,37.507820248722055,0.7412703135729,37.053864347295345,True,37.5,36.5,38.6,0.95,0.05,0.0,0.7,0.03,2,1784996627.0602407,True,False,True,False,1784996517.376867,0,False,0,0,False
1784849457.3002179,20,1784996637.0391805,37.49713893339437,0.7411940184634165,37.02182040131228,True,37.5,36.5,38.6,0.95,0.05,0.0,0.7,0.03,2,1784996647.0666394,True,True,True,False,1784996517.376867,0,0,1,0,False
1784849457.3002179,20,1784996657.0460317,37.470435645075156,0.7414801251239795,37.01915007248036,True,37.5,36.5,38.6,0.95,0.05,0.0,0.7,0.03,2,1784996667.0746677,True,False,True,False,1784996517.376867,0,0,1,0,False
1784849457.3002179,20,1784996677.0531178,37.47310597390707,0.741117723353933,37.01647974364843,True,37.5,36.5,38.6,0.95,0.05,0.0,0.7,0.03,2,1784996687.0838516,True,True,True,False,1784996517.376867,0,0,1,0,False
1784849457.3002179,20,1784996697.0595043,37.45708400091554,0.741117723353933,37.011139085984595,True,37.5,36.5,38.6,0.95,0.05,0.0,0.7,0.03,2,1784996707.0879529,True,False,True,True,1784996697.376876,0,0,1,0,False
1784849457.3002179,20,1784996717.0663795,37.489127946898606,0.7409269855802243,37.03517204547188,True,37.5,36.5,38.6,0.95,0.05,0.0,0.7,0.03,2,1784996727.09915,True,True,True,False,1784996697.376876,0,0,1,0,False
1784849457.3002179,20,1784996737.0733035,37.50514991989013,0.741117723353933,37.02182040131228,True,37.5,36.5,38.6,0.95,0.05,0.0,0.7,0.03,2,1784996747.1064222,True,False,True,False,1784996697.376876,0,False,0,0,False
1784849457.3002179,20,1784996757.0797079,37.54787518120088,0.741136797131304,37.05653467612726,True,37.5,36.5,38.6,0.95,0.05,0.0,0.7,0.03,2,1784996767.1065528,True,True,True,False,1784996697.376876,0,False,0,0,False
1784849457.3002179,20,1784996777.086741,37.53986419470512,0.7412130922407875,37.05920500495918,True,37.5,36.5,38.6,0.95,0.05,0.0,0.7,0.03,2,1784996787.1180177,True,True,True,False,1784996697.376876,0,False,0,0,False
1784849457.3002179,20,1784996797.0939457,37.53452353704128,0.7411940184634165,37.06988632028687,True,37.5,36.5,38.6,0.95,0.05,0.0,0.7,0.03,2,1784996807.122814,True,False,True,False,1784996697.376876,0,False,0,0,False
1784849457.3002179,20,1784996817.1002734,37.51850156404974,0.7413275349050126,37.053864347295345,True,37.5,36.5,38.6,0.95,0.05,0.0,0.7,0.03,2,1784996827.1274147,True,True,True,False,1784996697.376876,0,False,0,0,False
1784849457.3002179,20,1784996837.1073356,37.48645761806668,0.7413847562371252,37.05920500495918,True,37.5,36.5,38.6,0.95,0.05,0.0,0.7,0.03,2,1784996847.1361709,True,True,True,False,1784996697.376876,0,0,1,0,False
1784849457.3002179,20,1784996857.1149056,37.470435645075156,0.7413847562371252,37.05653467612726,True,37.5,36.5,38.6,0.95,0.05,0.0,0.7,0.03,2,1784996867.1453285,True,True,True,False,1784996697.376876,0,0,1,0,False
1784849457.3002179,20,1784996877.1226304,37.45174334325169,0.7410795757991913,37.01647974364843,True,37.5,36.5,38.6,0.95,0.05,0.0,0.7,0.03,2,1784996887.1507902,True,False,True,True,1784996877.3769004,0,0,1,0,False
1784849457.3002179,20,1784996897.1295824,37.46242465857938,0.7412321660181582,37.011139085984595,True,37.5,36.5,38.6,0.95,0.05,0.0,0.7,0.03,2,1784996907.157158,True,True,True,False,1784996877.3769004,0,0,1,0,False
1784849457.3002179,20,1784996917.1365569,37.47844663157092,0.7412321660181582,37.00312809948882,True,37.5,36.5,38.6,0.95,0.05,0.0,0.7,0.03,2,1784996927.1652548,True,False,True,False,1784996877.3769004,0,0,1,0,False
1784849457.3002179,20,1784996937.1435966,37.51049057755398,0.7412703135729,37.01647974364843,True,37.5,36.5,38.6,0.95,0.05,0.0,0.7,0.03,2,1784996947.1735363,True,True,True,False,1784996877.3769004,0,False,0,0,False
1784849457.3002179,20,1784996957.1502233,37.526512550545505,0.7414610513466087,37.05653467612726,True,37.5,36.5,38.6,0.95,0.05,0.0,0.7,0.03,2,1784996967.1779144,True,False,True,False,1784996877.3769004,0,False,0,0,False
1784849457.3002179,20,1784996977.1565075,37.513160906385906,0.7413466086823834,37.06454566262303,True,37.5,36.5,38.6,0.95,0.05,0.0,0.7,0.03,2,1784996987.1865816,True,False,True,False,1784996877.3769004,0,False,0,0,False
1784849457.3002179,20,1784996997.1636653,37.49179827573053,0.7410032806897078,37.02716105897612,True,37.5,36.5,38.6,0.95,0.05,0.0,0.7,0.03,2,1784997007.192518,True,False,True,False,1784996877.3769004,0,0,1,0,False
1784849457.3002179,20,1784997017.1713512,37.49713893339437,0.7414419775692379,37.04318303196766,True,37.5,36.5,38.6,0.95,0.05,0.0,0.7,0.03,2,1784997027.2000246,True,True,True,False,1784996877.3769004,0,0,1,0,False
1784849457.3002179,20,1784997037.1784291,37.49713893339437,0.7413656824597544,37.01647974364843,True,37.5,36.5,38.6,0.95,0.05,0.0,0.7,0.03,2,1784997047.2059546,True,False,True,False,1784996877.3769004,0,0,1,0,False
1784849457.3002179,20,1784997057.1848063,37.49713893339437,0.7413084611276417,37.04051270313573,True,37.5,36.5,38.6,0.95,0.05,0.0,0.7,0.03,2,1784997067.2124746,True,True,True,True,1784997057.3769233,0,0,1,0,False
1784849457.3002179,20,1784997077.1910317,37.526512550545505,0.7414610513466087,37.04318303196766,True,37.5,36.5,38.6,0.95,0.05,0.0,0.7,0.03,2,1784997087.2187302,True,False,True,False,1784997057.3769233,0,False,0,0,False
1784849457.3002179,20,1784997097.197419,37.51583123521782,0.7413656824597544,37.03250171663997,True,37.5,36.5,38.6,0.95,0.05,0.0,0.7,0.03,2,1784997107.2355917,True,False,True,False,1784997057.3769233,0,False,0,0,False
1784849457.3002179,20,1784997117.2045784,37.51049057755398,0.741117723353933,37.029831387808045,True,37.5,36.5,38.6,0.95,0.05,0.0,0.7,0.03,2,1784997127.2325358,True,True,True,False,1784997057.3769233,0,False,0,0,False
1784849457.3002179,20,1784997137.2117105,37.489127946898606,0.7410986495765621,37.03250171663997,True,37.5,36.5,38.6,0.95,0.05,0.0,0.7,0.03,2,1784997147.239133,True,False,True,False,1784997057.3769233,0,0,1,0,False
1784849457.3002179,20,1784997157.2180138,37.446402685587856,0.741289387350271,37.00846875715267,True,37.5,36.5,38.6,0.95,0.05,0.0,0.7,0.03,2,1784997167.245658,True,True,True,False,1784997057.3769233,0,0,1,0,False
1784849457.3002179,20,1784997177.2242396,37.45441367208362,0.7410414282444495,36.98443579766537,True,37.5,36.5,38.6,0.95,0.05,0.0,0.7,0.03,2,1784997187.2540562,True,True,True,False,1784997057.3769233,0,0,1,0,False
1784849457.3002179,20,1784997197.2304778,37.47577630273899,0.7412321660181582,37.005798428320745,True,37.5,36.5,38.6,0.95,0.05,0.0,0.7,0.03,2,1784997207.2578495,True,False,True,False,1784997057.3769233,0,0,1,0,False
1784849457.3002179,20,1784997217.2366803,37.48645761806668,0.7410414282444495,37.02716105897612,True,37.5,36.5,38.6,0.95,0.05,0.0,0.7,0.03,2,1784997227.2653494,True,True,True,False,1784997057.3769233,0,0,1,0,False
1784849457.3002179,20,1784997237.2430007,37.481116960402844,0.7411749446860456,37.02716105897612,True,37.5,36.5,38.6,0.95,0.05,0.0,0.7,0.03,2,1784997247.2720544,True,True,True,True,1784997237.3770037,0,0,1,0,False
1784849457.3002179,20,1784997257.2498765,37.507820248722055,0.7415182726787214,37.029831387808045,True,37.5,36.5,38.6,0.95,0.05,0.0,0.7,0.03,2,1784997267.2794178,True,True,True,False,1784997237.3770037,0,False,0,0,False
1784849457.3002179,20,1784997277.257431,37.52117189288167,0.7410223544670786,37.01647974364843,True,37.5,36.5,38.6,0.95,0.05,0.0,0.7,0.03,2,1784997287.2865782,True,False,True,False,1784997237.3770037,0,False,0,0,False
1784849457.3002179,20,1784997297.264526,37.51049057755398,0.740984206912337,37.04318303196766,True,37.5,36.5,38.6,0.95,0.05,0.0,0.7,0.03,2,1784997307.2919052,True,True,True,False,1784997237.3770037,0,False,0,0,False
1784849457.3002179,20,1784997317.2708774,37.47310597390707,0.7411749446860456,37.01915007248036,True,37.5,36.5,38.6,0.95,0.05,0.0,0.7,0.03,2,1784997327.3072758,True,True,True,False,1784997237.3770037,0,0,1,0,False
1784849457.3002179,20,1784997337.2773461,37.46776531624323,0.7410414282444495,37.02182040131228,True,37.5,36.5,38.6,0.95,0.05,0.0,0.7,0.03,2,1784997347.3041692,True,True,True,False,1784997237.3770037,0,0,1,0,False
1784849457.3002179,20,1784997357.283625,37.47310597390707,0.7410414282444495,37.00846875715267,True,37.5,36.5,38.6,0.95,0.05,0.0,0.7,0.03,2,1784997367.3110816,True,True,True,False,1784997237.3770037,0,0,1,0,False
1784849457.3002179,20,1784997377.2898753,37.470435645075156,0.7411749446860456,37.01647974364843,True,37.5,36.5,38.6,0.95,0.05,0.0,0.7,0.03,2,1784997387.3173628,True,True,True,False,1784997237.3770037,0,0,1,0,False
1784849457.3002179,20,1784997397.2961874,37.49713893339437,0.7414419775692379,37.02182040131228,True,37.5,36.5,38.6,0.95,0.05,0.0,0.7,0.03,2,1784997407.323501,True,True,True,False,1784997237.3770037,0,0,1,0,False
1784849457.3002179,20,1784997417.3027,37.513160906385906,0.7413656824597544,37.048523689631494,True,37.5,36.5,38.6,0.95,0.05,0.0,0.7,0.03,2,1784997427.3313637,True,True,True,True,1784997417.3770103,0,False,0,0,False
1784849457.3002179,20,1784997437.3090968,37.49713893339437,0.741117723353933,37.04318303196766,True,37.5,36.5,38.6,0.95,0.05,0.0,0.7,0.03,2,1784997447.342346,True,True,True,False,1784997417.3770103,0,0,1,0,False
1784849457.3002179,20,1784997457.316111,37.51850156404974,0.7413656824597544,37.029831387808045,True,37.5,36.5,38.6,0.95,0.05,0.0,0.7,0.03,2,1784997467.3491597,True,False,True,False,1784997417.3770103,0,False,0,0,False
1784849457.3002179,20,1784997477.323451,37.49980926222629,0.740984206912337,37.04318303196766,True,37.5,36.5,38.6,0.95,0.05,0.0,0.7,0.03,2,1784997487.3511314,True,False,True,False,1784997417.3770103,0,0,1,0,False
1784849457.3002179,20,1784997497.3296185,37.51049057755398,0.741136797131304,37.01647974364843,True,37.5,36.5,38.6,0.95,0.05,0.0,0.7,0.03,2,1784997507.357064,True,False,True,False,1784997417.3770103,0,False,0,0,False
1784849457.3002179,20,1784997517.336002,37.52117189288167,0.7411940184634165,37.03517204547188,True,37.5,36.5,38.6,0.95,0.05,0.0,0.7,0.03,2,1784997527.3636491,True,False,True,False,1784997417.3770103,0,False,0,0,False
1784849457.3002179,20,1784997537.342372,37.51583123521782,0.741289387350271,37.03250171663997,True,37.5,36.5,38.6,0.95,0.05,0.0,0.7,0.03,2,1784997547.3715136,True,False,True,False,1784997417.3770103,0,False,0,0,False
1784849457.3002179,20,1784997557.3487053,37.489127946898606,0.7409079118028535,37.029831387808045,True,37.5,36.5,38.6,0.95,0.05,0.0,0.7,0.03,2,1784997567.3759046,True,False,True,False,1784997417.3770103,0,0,1,0,False
1784849457.3002179,20,1784997577.3550174,37.465094987411305,0.7409079118028535,37.011139085984595,True,37.5,36.5,38.6,0.95,0.05,0.0,0.7,0.03,2,1784997587.3819478,True,True,True,False,1784997417.3770103,0,0,1,0,False
1784849457.3002179,20,1784997597.3612185,37.507820248722055,0.7409079118028535,37.01647974364843,True,37.5,36.5,38.6,0.95,0.05,0.0,0.7,0.03,2,1784997607.3902633,True,False,True,True,1784997597.3910525,0,False,0,0,False
1784849457.3002179,20,1784997617.3675828,37.47577630273899,0.7410605020218205,37.00045777065691,True,37.5,36.5,38.6,0.95,0.05,0.0,0.7,0.03,2,1784997627.3950841,True,True,True,False,1784997597.3910525,0,0,1,0,False
1784849457.3002179,20,1784997637.3737738,37.49179827573053,0.7410032806897078,37.01647974364843,True,37.5,36.5,38.6,0.95,0.05,0.0,0.7,0.03,2,1784997647.400848,True,True,True,False,1784997597.3910525,0,0,1,0,False
1784849457.3002179,20,1784997657.3801672,37.49713893339437,0.741136797131304,37.04585336079957,True,37.5,36.5,38.6,0.95,0.05,0.0,0.7,0.03,2,1784997667.408141,True,True,True,False,1784997597.3910525,0,0,1,0,False
1784849457.3002179,20,1784997677.3864408,37.53719386587319,0.7414038300144961,37.06988632028687,True,37.5,36.5,38.6,0.95,0.05,0.0,0.7,0.03,2,1784997687.413927,True,False,True,False,1784997597.3910525,0,False,0,0,False
1784849457.3002179,20,1784997697.3927839,37.569237811856254,0.7410605020218205,37.06454566262303,True,37.5,36.5,38.6,0.95,0.05,0.0,0.7,0.03,2,1784997707.421982,True,True,True,False,1784997597.3910525,0,False,0,0,False
1784849457.3002179,20,1784997717.4003937,37.54253452353704,0.7410414282444495,37.04051270313573,True,37.5,36.5,38.6,0.95,0.05,0.0,0.7,0.03,2,1784997727.4290462,True,True,True,False,1784997597.3910525,0,False,0,0,False
1784849457.3002179,20,1784997737.4076226,37.526512550545505,0.7413847562371252,37.048523689631494,True,37.5,36.5,38.6,0.95,0.05,0.0,0.7,0.03,2,1784997747.434586,True,True,True,False,1784997597.3910525,0,False,0,0,False
1784849457.3002179,20,1784997757.4148808,37.483787289234755,0.7409460593575952,37.04051270313573,True,37.5,36.5,38.6,0.95,0.05,0.0,0.7,0.03,2,1784997767.4463594,True,False,True,True,1784997777.391073,0,0,1,0,False
1784849457.3002179,20,1784997777.421798,37.44907301441978,0.7411749446860456,37.02182040131228,True,37.5,36.5,38.6,0.95,0.05,0.0,0.7,0.03,2,1784997787.4493408,True,True,True,True,1784997777.391073,0,0,1,0,False
1784849457.3002179,20,1784997797.428015,37.438391699092094,0.7411558709086747,37.00045777065691,True,37.5,36.5,38.6,0.95,0.05,0.0,0.7,0.03,2,1784997807.458231,True,False,True,False,1784997777.391073,0,0,1,0,False
1784849457.3002179,20,1784997817.4343019,37.45975432974747,0.741289387350271,36.97909514000152,True,37.5,36.5,38.6,0.95,0.05,0.0,0.7,0.03,2,1784997827.4621813,True,True,True,False,1784997777.391073,0,0,1,0,False
1784849457.3002179,20,1784997837.4406502,37.48645761806668,0.7410032806897078,37.00045777065691,True,37.5,36.5,38.6,0.95,0.05,0.0,0.7,0.03,2,1784997847.470008,True,True,True,False,1784997777.391073,0,0,1,0,False
1784849457.3002179,20,1784997857.4469242,37.49713893339437,0.7408506904707408,37.029831387808045,True,37.5,36.5,38.6,0.95,0.05,0.0,0.7,0.03,2,1784997867.4763768,True,False,True,False,1784997777.391073,0,0,1,0,False
1784849457.3002179,20,1784997877.453341,37.51583123521782,0.7412512397955291,37.02182040131228,True,37.5,36.5,38.6,0.95,0.05,0.0,0.7,0.03,2,1784997887.4810078,True,False,True,False,1784997777.391073,0,False,0,0,False
1784849457.3002179,20,1784997897.4603364,37.55321583886473,0.7413656824597544,37.04318303196766,True,37.5,36.5,38.6,0.95,0.05,0.0,0.7,0.03,2,1784997907.4909585,True,False,True,False,1784997777.391073,0,False,0,0,False
1784849457.3002179,20,1784997917.4681215,37.531853208209355,0.7412703135729,37.01915007248036,True,37.5,36.5,38.6,0.95,0.05,0.0,0.7,0.03,2,1784997927.5069253,True,True,True,False,1784997777.391073,0,False,0,0,False
1784849457.3002179,20,1784997937.4744866,37.51049057755398,0.741117723353933,37.04318303196766,True,37.5,36.5,38.6,0.95,0.05,0.0,0.7,0.03,2,1784997947.5064843,True,True,True,True,1784997957.3910935,0,False,0,0,False
1784849457.3002179,20,1784997957.4807994,37.483787289234755,0.7411749446860456,37.01380941481651,True,37.5,36.5,38.6,0.95,0.05,0.0,0.7,0.03,2,1784997967.5080228,True,True,True,True,1784997957.3910935,0,0,1,0,False
1784849457.3002179,20,1784997977.4870727,37.48645761806668,0.7411940184634165,37.011139085984595,True,37.5,36.5,38.6,0.95,0.05,0.0,0.7,0.03,2,1784997987.5145578,True,False,True,False,1784997957.3910935,0,0,1,0,False
1784849457.3002179,20,1784997997.4934037,37.49713893339437,0.7408506904707408,37.01647974364843,True,37.5,36.5,38.6,0.95,0.05,0.0,0.7,0.03,2,1784998007.5208256,True,False,True,False,1784997957.3910935,0,0,1,0,False
1784849457.3002179,20,1784998017.4996862,37.507820248722055,0.7408506904707408,37.01647974364843,True,37.5,36.5,38.6,0.95,0.05,0.0,0.7,0.03,2,1784998027.5271173,True,False,True,False,1784997957.3910935,0,False,0,0,False
1784849457.3002179,20,1784998037.5060344,37.52384222171359,0.7410795757991913,37.011139085984595,True,37.5,36.5,38.6,0.95,0.05,0.0,0.7,0.03,2,1784998047.5369673,True,True,True,False,1784997957.3910935,0,False,0,0,False
1784849457.3002179,20,1784998057.5123227,37.507820248722055,0.7409269855802243,37.01915007248036,True,37.5,36.5,38.6,0.95,0.05,0.0,0.7,0.03,2,1784998067.5462496,True,False,True,False,1784997957.3910935,0,False,0,0,False
1784849457.3002179,20,1784998077.519783,37.489127946898606,0.7412512397955291,37.01647974364843,True,37.5,36.5,38.6,0.95,0.05,0.0,0.7,0.03,2,1784998087.5477695,True,True,True,False,1784997957.3910935,0,0,1,0,False
1784849457.3002179,20,1784998097.5274158,37.526512550545505,0.7411749446860456,37.02182040131228,True,37.5,36.5,38.6,0.95,0.05,0.0,0.7,0.03,2,1784998107.5555048,True,True,True,False,1784997957.3910935,0,False,0,0,False
1784849457.3002179,20,1784998117.5351083,37.489127946898606,0.7410414282444495,37.01915007248036,True,37.5,36.5,38.6,0.95,0.05,0.0,0.7,0.03,2,1784998127.5628207,True,False,True,True,1784998137.3911173,0,0,1,0,False
1784849457.3002179,20,1784998137.5420675,37.483787289234755,0.7411749446860456,37.01647974364843,True,37.5,36.5,38.6,0.95,0.05,0.0,0.7,0.03,2,1784998147.5710974,True,False,True,True,1784998137.3911173,0,0,1,0,False
1784849457.3002179,20,1784998157.5484304,37.49980926222629,0.7408506904707408,37.01915007248036,True,37.5,36.5,38.6,0.95,0.05,0.0,0.7,0.03,2,1784998167.5762887,True,True,True,False,1784998137.3911173,0,0,1,0,False
1784849457.3002179,20,1784998177.554978,37.51850156404974,0.741117723353933,37.048523689631494,True,37.5,36.5,38.6,0.95,0.05,0.0,0.7,0.03,2,1784998187.5825124,True,False,True,False,1784998137.3911173,0,False,0,0,False
1784849457.3002179,20,1784998197.5613427,37.52384222171359,0.740984206912337,37.04318303196766,True,37.5,36.5,38.6,0.95,0.05,0.0,0.7,0.03,2,1784998207.5941844,True,True,True,False,1784998137.3911173,0,False,0,0,False
1784849457.3002179,20,1784998217.5680652,37.49713893339437,0.7410605020218205,37.02716105897612,True,37.5,36.5,38.6,0.95,0.05,0.0,0.7,0.03,2,1784998227.5949132,True,False,True,False,1784998137.3911173,0,0,1,0,False
1784849457.3002179,20,1784998237.5744076,37.470435645075156,0.7412321660181582,37.02716105897612,True,37.5,36.5,38.6,0.95,0.05,0.0,0.7,0.03,2,1784998247.6045904,True,True,True,False,1784998137.3911173,0,0,1,0,False
1784849457.3002179,20,1784998257.5807898,37.470435645075156,0.741136797131304,37.03517204547188,True,37.5,36.5,38.6,0.95,0.05,0.0,0.7,0.03,2,1784998267.6130896,True,True,True,False,1784998137.3911173,0,0,1,0,False
1784849457.3002179,20,1784998277.5873497,37.49980926222629,0.7409269855802243,37.02716105897612,True,37.5,36.5,38.6,0.95,0.05,0.0,0.7,0.03,2,1784998287.6185477,True,False,True,False,1784998137.3911173,0,0,1,0,False
1784849457.3002179,20,1784998297.594458,37.49980926222629,0.7409460593575952,37.01647974364843,True,37.5,36.5,38.6,0.95,0.05,0.0,0.7,0.03,2,1784998307.6240268,True,False,True,True,1784998317.3911216,0,0,1,0,False
1784849457.3002179,20,1784998317.6013036,37.51049057755398,0.7409079118028535,37.024490730144194,True,37.5,36.5,38.6,0.95,0.05,0.0,0.7,0.03,2,1784998327.6281538,True,True,True,True,1784998317.3911216,0,False,0,0,False
1784849457.3002179,20,1784998337.6083245,37.489127946898606,0.7411940184634165,37.04318303196766,True,37.5,36.5,38.6,0.95,0.05,0.0,0.7,0.03,2,1784998347.6365402,True,True,True,False,1784998317.3911216,0,0,1,0,False
1784849457.3002179,20,1784998357.6153488,37.51049057755398,0.741136797131304,37.01915007248036,True,37.5,36.5,38.6,0.95,0.05,0.0,0.7,0.03,2,1784998367.642717,True,False,True,False,1784998317.3911216,0,False,0,0,False
1784849457.3002179,20,1784998377.6216319,37.49179827573053,0.7410986495765621,37.01647974364843,True,37.5,36.5,38.6,0.95,0.05,0.0,0.7,0.03,2,1784998387.6483674,True,True,True,False,1784998317.3911216,0,0,1,0,False
1784849457.3002179,20,1784998397.6278238,37.49713893339437,0.7411749446860456,37.03250171663997,True,37.5,36.5,38.6,0.95,0.05,0.0,0.7,0.03,2,1784998407.6564965,True,True,True,False,1784998317.3911216,0,0,1,0,False
1784849457.3002179,20,1784998417.6341095,37.49713893339437,0.7406599526970321,37.04318303196766,True,37.5,36.5,38.6,0.95,0.05,0.0,0.7,0.03,2,1784998427.662952,True,True,True,False,1784998317.3911216,0,0,1,0,False
1784849457.3002179,20,1784998437.6409585,37.53452353704128,0.7410032806897078,37.02716105897612,True,37.5,36.5,38.6,0.95,0.05,0.0,0.7,0.03,2,1784998447.6775684,True,False,True,False,1784998317.3911216,0,False,0,0,False
1784849457.3002179,20,1784998457.6480906,37.52384222171359,0.74083161669337,37.024490730144194,True,37.5,36.5,38.6,0.95,0.05,0.0,0.7,0.03,2,1784998467.6756122,True,False,True,False,1784998317.3911216,0,False,0,0,False
1784849457.3002179,20,1784998477.6544359,37.49980926222629,0.7408888380254826,37.01647974364843,True,37.5,36.5,38.6,0.95,0.05,0.0,0.7,0.03,2,1784998487.6831677,True,False,True,True,1784998497.3911347,0,0,1,0,False
1784849457.3002179,20,1784998497.6605983,37.50514991989013,0.7411558709086747,37.02716105897612,True,37.5,36.5,38.6,0.95,0.05,0.0,0.7,0.03,2,1784998507.689625,True,True,True,True,1784998497.3911347,0,False,0,0,False
1784849457.3002179,20,1784998517.6671422,37.45174334325169,0.7412321660181582,36.99778744182498,True,37.5,36.5,38.6,0.95,0.05,0.0,0.7,0.03,2,1784998527.6945786,True,True,True,False,1784998497.3911347,0,0,1,0,False
1784849457.3002179,20,1784998537.6733012,37.46242465857938,0.741136797131304,36.98443579766537,True,37.5,36.5,38.6,0.95,0.05,0.0,0.7,0.03,2,1784998547.70352,True,False,True,False,1784998497.3911347,0,0,1,0,False
1784849457.3002179,20,1784998557.6795805,37.46776531624323,0.7411749446860456,36.99244678416113,True,37.5,36.5,38.6,0.95,0.05,0.0,0.7,0.03,2,1784998567.7123213,True,True,True,False,1784998497.3911347,0,0,1,0,False
1784849457.3002179,20,1784998577.6863022,37.45975432974747,0.7410605020218205,37.00045777065691,True,37.5,36.5,38.6,0.95,0.05,0.0,0.7,0.03,2,1784998587.7166336,True,False,True,False,1784998497.3911347,0,0,1,0,False
1784849457.3002179,20,1784998597.692927,37.513160906385906,0.740984206912337,37.02716105897612,True,37.5,36.5,38.6,0.95,0.05,0.0,0.7,0.03,2,1784998607.7208269,True,False,True,False,1784998497.3911347,0,False,0,0,False
1784849457.3002179,20,1784998617.6994452,37.513160906385906,0.7408888380254826,37.03250171663997,True,37.5,36.5,38.6,0.95,0.05,0.0,0.7,0.03,2,1784998627.72696,True,False,True,False,1784998497.3911347,0,False,0,0,False
1784849457.3002179,20,1784998637.7059386,37.53452353704128,0.7412512397955291,37.04318303196766,True,37.5,36.5,38.6,0.95,0.05,0.0,0.7,0.03,2,1784998647.7354388,True,False,True,False,1784998497.3911347,0,False,0,0,False
1784849457.3002179,20,1784998657.7125506,37.52384222171359,0.7413466086823834,37.04051270313573,True,37.5,36.5,38.6,0.95,0.05,0.0,0.7,0.03,2,1784998667.7427168,True,True,True,True,1784998677.3911426,0,False,0,0,False
1784849457.3002179,20,1784998677.7198904,37.46776531624323,0.7408888380254826,37.03250171663997,True,37.5,36.5,38.6,0.95,0.05,0.0,0.7,0.03,2,1784998687.749494,True,True,True,True,1784998677.3911426,0,0,1,0,False
1784849457.3002179,20,1784998697.726926,37.446402685587856,0.74083161669337,36.97375448233768,True,37.5,36.5,38.6,0.95,0.05,0.0,0.7,0.03,2,1784998707.753856,True,False,True,False,1784998677.3911426,0,0,1,0,False
1784849457.3002179,20,1784998717.7331161,37.446402685587856,0.7409460593575952,36.97108415350576,True,37.5,36.5,38.6,0.95,0.05,0.0,0.7,0.03,2,1784998727.7601147,True,True,True,False,1784998677.3911426,0,0,1,0,False
1784849457.3002179,20,1784998737.7399392,37.47310597390707,0.7407934691386282,37.00045777065691,True,37.5,36.5,38.6,0.95,0.05,0.0,0.7,0.03,2,1784998747.768405,True,True,True,False,1784998677.3911426,0,0,1,0,False
1784849457.3002179,20,1784998757.747501,37.483787289234755,0.7407934691386282,36.99244678416113,True,37.5,36.5,38.6,0.95,0.05,0.0,0.7,0.03,2,1784998767.7761505,True,False,True,False,1784998677.3911426,0,0,1,0,False
1784849457.3002179,20,1784998777.7544944,37.507820248722055,0.7407553215838866,37.02182040131228,True,37.5,36.5,38.6,0.95,0.05,0.0,0.7,0.03,2,1784998787.7818654,True,True,True,False,1784998677.3911426,0,False,0,0,False
1784849457.3002179,20,1784998797.7607698,37.51850156404974,0.7410795757991913,37.04318303196766,True,37.5,36.5,38.6,0.95,0.05,0.0,0.7,0.03,2,1784998807.7898586,True,True,True,False,1784998677.3911426,0,False,0,0,False
1784849457.3002179,20,1784998817.7678137,37.513160906385906,0.740984206912337,37.03784237430381,True,37.5,36.5,38.6,0.95,0.05,0.0,0.7,0.03,2,1784998827.798013,False,True,True,False,1784998677.3911426,0,False,0,0,False
1784849457.3002179,20,1784998837.7749307,37.470435645075156,0.7410032806897078,37.03784237430381,True,37.5,36.5,38.6,0.95,0.05,0.0,0.7,0.03,2,1784998847.803173,False,False,True,True,1784998857.3911636,0,0,1,0,False
1784849457.3002179,20,1784998857.781651,37.470435645075156,0.7410032806897078,37.029831387808045,True,37.5,36.5,38.6,0.95,0.05,0.0,0.7,0.03,2,1784998867.810545,False,True,True,True,1784998857.3911636,0,0,1,0,False
1784849457.3002179,20,1784998877.789659,37.46242465857938,0.7407553215838866,37.03250171663997,True,37.5,36.5,38.6,0.95,0.05,0.0,0.7,0.03,2,1784998887.8175657,False,False,True,False,1784998857.3911636,0,0,1,0,False
1784849457.3002179,20,1784998897.796581,37.483787289234755,0.7410223544670786,37.04318303196766,True,37.5,36.5,38.6,0.95,0.05,0.0,0.7,0.03,2,1784998907.8243518,False,False,True,False,1784998857.3911636,0,0,1,0,False
1784849457.3002179,20,1784998917.8029208,37.49980926222629,0.7410223544670786,37.06187533379111,True,37.5,36.5,38.6,0.95,0.05,0.0,0.7,0.03,2,1784998927.8324814,False,True,True,False,1784998857.3911636,0,0,1,0,False
1784849457.3002179,20,1784998937.809551,37.489127946898606,0.7407743953612573,37.10727092393378,True,37.5,36.5,38.6,0.95,0.05,0.0,0.7,0.03,2,1784998947.844036,False,False,True,False,1784998857.3911636,0,0,1,0,False
1784849457.3002179,20,1784998957.816641,37.55321583886473,0.7410605020218205,37.115281910429545,True,37.5,36.5,38.6,0.95,0.05,0.0,0.7,0.03,2,1784998967.8455782,False,False,True,False,1784998857.3911636,0,False,0,0,False
1784849457.3002179,20,1784998977.8243113,37.53986419470512,0.7410223544670786,37.14465552758068,True,37.5,36.5,38.6,0.95,0.05,0.0,0.7,0.03,2,1784998987.8529022,False,True,True,False,1784998857.3911636,0,False,0,0,False
1784849457.3002179,20,1784998997.832007,37.550545510032805,0.7410414282444495,37.11795223926147,True,37.5,36.5,38.6,0.95,0.05,0.0,0.7,0.03,2,1784999007.8606448,False,True,True,False,1784998857.3911636,0,False,0,0,False
1784849457.3002179,20,1784999017.8397732,37.53452353704128,0.7408125429159991,37.11795223926147,True,37.5,36.5,38.6,0.95,0.05,0.0,0.7,0.03,2,1784999027.8686945,False,False,True,True,1784999037.3911746,0,False,0,0,False
1784849457.3002179,20,1784999037.8474677,37.49179827573053,0.7411940184634165,37.11795223926147,True,37.5,36.5,38.6,0.95,0.05,0.0,0.7,0.03,2,1784999047.8760471,False,True,True,True,1784999037.3911746,0,0,1,0,False
1784849457.3002179,20,1784999057.85504,37.45975432974747,0.74083161669337,37.06187533379111,True,37.5,36.5,38.6,0.95,0.05,0.0,0.7,0.03,2,1784999067.8835125,False,False,True,False,1784999037.3911746,0,0,1,0,False
1784849457.3002179,20,1784999077.862968,37.46242465857938,0.74083161669337,37.06454566262303,True,37.5,36.5,38.6,0.95,0.05,0.0,0.7,0.03,2,1784999087.8920195,False,False,True,False,1784999037.3911746,0,0,1,0,False
1784849457.3002179,20,1784999097.8694222,37.446402685587856,0.7409079118028535,37.053864347295345,True,37.5,36.5,38.6,0.95,0.05,0.0,0.7,0.03,2,1784999107.8971248,False,False,True,False,1784999037.3911746,0,0,1,0,False
1784849457.3002179,20,1784999117.875639,37.489127946898606,0.7410986495765621,37.099259937438006,True,37.5,36.5,38.6,0.95,0.05,0.0,0.7,0.03,2,1784999127.903127,False,False,True,False,1784999037.3911746,0,0,1,0,False
1784849457.3002179,20,1784999137.8817837,37.51049057755398,0.7409460593575952,37.12863355458916,True,37.5,36.5,38.6,0.95,0.05,0.0,0.7,0.03,2,1784999147.9089918,False,True,True,False,1784999037.3911746,0,False,0,0,False
1784849457.3002179,20,1784999157.888124,37.49980926222629,0.7409079118028535,37.12062256809338,True,37.5,36.5,38.6,0.95,0.05,0.0,0.7,0.03,2,1784999167.9154906,False,False,True,False,1784999037.3911746,0,0,1,0,False
1784849457.3002179,20,1784999177.8943944,37.53986419470512,0.7408697642481117,37.11795223926147,True,37.5,36.5,38.6,0.95,0.05,0.0,0.7,0.03,2,1784999187.9217932,False,True,True,False,1784999037.3911746,0,False,0,0,False
1784849457.3002179,20,1784999197.9007497,37.507820248722055,0.7407171740291447,37.12329289692531,True,37.5,36.5,38.6,0.95,0.05,0.0,0.7,0.03,2,1784999207.9280288,False,True,True,True,1784999217.3912141,0,False,0,0,False
1784849457.3002179,20,1784999217.9071836,37.49179827573053,0.7410032806897078,37.12863355458916,True,37.5,36.5,38.6,0.95,0.05,0.0,0.7,0.03,2,1784999227.9346478,False,True,True,True,1784999217.3912141,0,0,1,0,False
1784849457.3002179,20,1784999237.9143016,37.45441367208362,0.7409269855802243,37.08056763561456,True,37.5,36.5,38.6,0.95,0.05,0.0,0.7,0.03,2,1784999247.9429965,False,True,True,False,1784999217.3912141,0,0,1,0,False
1784849457.3002179,20,1784999257.9217362,37.470435645075156,0.740965133134966,37.067215991454944,True,37.5,36.5,38.6,0.95,0.05,0.0,0.7,0.03,2,1784999267.949719,False,False,True,False,1784999217.3912141,0,0,1,0,False
1784849457.3002179,20,1784999277.9286368,37.47844663157092,0.7410605020218205,37.10727092393378,True,37.5,36.5,38.6,0.95,0.05,0.0,0.7,0.03,2,1784999287.956092,False,False,True,False,1784999217.3912141,0,0,1,0,False
1784849457.3002179,20,1784999297.9349256,37.49446860456244,0.7412130922407875,37.11261158159762,True,37.5,36.5,38.6,0.95,0.05,0.0,0.7,0.03,2,1784999307.9620512,False,False,True,False,1784999217.3912141,0,0,1,0,False
1784849457.3002179,20,1784999317.9410896,37.54253452353704,0.7409460593575952,37.12596322575723,True,37.5,36.5,38.6,0.95,0.05,0.0,0.7,0.03,2,1784999327.9689012,False,True,True,False,1784999217.3912141,0,False,0,0,False
1784849457.3002179,20,1784999337.9480753,37.55321583886473,0.7410605020218205,37.11795223926147,True,37.5,36.5,38.6,0.95,0.05,0.0,0.7,0.03,2,1784999347.9765432,False,True,True,False,1784999217.3912141,0,False,0,0,False
1784849457.3002179,20,1784999357.9558127,37.51583123521782,0.7407553215838866,37.13130388342107,True,37.5,36.5,38.6,0.95,0.05,0.0,0.7,0.03,2,1784999367.9844856,False,True,True,False,1784999217.3912141,0,False,0,0,False
1784849457.3002179,20,1784999377.9629285,37.49713893339437,0.7408697642481117,37.10727092393378,True,37.5,36.5,38.6,0.95,0.05,0.0,0.7,0.03,2,1784999387.9902902,False,True,True,True,1784999397.3912206,0,0,1,0,False
1784849457.3002179,20,1784999397.9691615,37.465094987411305,0.7409079118028535,37.10727092393378,True,37.5,36.5,38.6,0.95,0.05,0.0,0.7,0.03,2,1784999408.000247,False,False,True,True,1784999397.3912206,0,0,1,0,False
1784849457.3002179,20,1784999417.975604,37.470435645075156,0.740965133134966,37.091248950942244,True,37.5,36.5,38.6,0.95,0.05,0.0,0.7,0.03,2,1784999428.0127783,False,True,True,False,1784999397.3912206,0,0,1,0,False
1784849457.3002179,20,1784999437.982038,37.465094987411305,0.740965133134966,37.08590829327841,True,37.5,36.5,38.6,0.95,0.05,0.0,0.7,0.03,2,1784999448.0120842,False,False,True,False,1784999397.3912206,0,0,1,0,False
1784849457.3002179,20,1784999457.9882438,37.47577630273899,0.740984206912337,37.109941252765694,True,37.5,36.5,38.6,0.95,0.05,0.0,0.7,0.03,2,1784999468.015604,False,True,True,False,1784999397.3912206,0,0,1,0,False
1784849457.3002179,20,1784999477.9944746,37.49980926222629,0.7411940184634165,37.133974212252994,True,37.5,36.5,38.6,0.95,0.05,0.0,0.7,0.03,2,1784999488.021652,False,True,True,False,1784999397.3912206,0,0,1,0,False
1784849457.3002179,20,1784999498.0006526,37.55321583886473,0.7409460593575952,37.14465552758068,True,37.5,36.5,38.6,0.95,0.05,0.0,0.7,0.03,2,1784999508.03408,False,False,True,False,1784999397.3912206,0,False,0,0,False
1784849457.3002179,20,1784999518.0074782,37.531853208209355,0.740984206912337,37.152666514076444,True,37.5,36.5,38.6,0.95,0.05,0.0,0.7,0.03,2,1784999528.0364413,False,False,True,False,1784999397.3912206,0,False,0,0,False
1784849457.3002179,20,1784999538.0138245,37.53719386587319,0.7414419775692379,37.15533684290837,True,37.5,36.5,38.6,0.95,0.05,0.0,0.7,0.03,2,1784999548.0421543,False,False,True,False,1784999397.3912206,0,False,0,0,False
1784849457.3002179,20,1784999558.0203228,37.49980926222629,0.74083161669337,37.13130388342107,True,37.5,36.5,38.6,0.95,0.05,0.0,0.7,0.03,2,1784999568.0497398,False,True,True,True,1784999577.3912346,0,0,1,0,False
1784849457.3002179,20,1784999578.0265982,37.48645761806668,0.7407743953612573,37.07522697795072,True,37.5,36.5,38.6,0.95,0.05,0.0,0.7,0.03,2,1784999588.0541275,False,False,True,True,1784999577.3912346,0,0,1,0,False
1784849457.3002179,20,1784999598.032977,37.45975432974747,0.7407934691386282,37.091248950942244,True,37.5,36.5,38.6,0.95,0.05,0.0,0.7,0.03,2,1784999608.0604212,False,False,True,False,1784999577.3912346,0,0,1,0,False
1784849457.3002179,20,1784999618.0392294,37.470435645075156,0.7409269855802243,37.096589608606095,True,37.5,36.5,38.6,0.95,0.05,0.0,0.7,0.03,2,1784999628.0666611,False,True,True,False,1784999577.3912346,0,0,1,0,False
1784849457.3002179,20,1784999638.045432,37.52384222171359,0.7407171740291447,37.12863355458916,True,37.5,36.5,38.6,0.95,0.05,0.0,0.7,0.03,2,1784999648.072951,False,True,True,False,1784999577.3912346,0,False,0,0,False
1784849457.3002179,20,1784999658.0518332,37.513160906385906,0.7404692149233234,37.141985198748756,True,37.5,36.5,38.6,0.95,0.05,0.0,0.7,0.03,2,1784999668.0793061,False,True,True,False,1784999577.3912346,0,False,0,0,False
1784849457.3002179,20,1784999678.0584583,37.531853208209355,0.741136797131304,37.12863355458916,True,37.5,36.5,38.6,0.95,0.05,0.0,0.7,0.03,2,1784999688.0860474,False,True,True,False,1784999577.3912346,0,False,0,0,False
1784849457.3002179,20,1784999698.065387,37.51049057755398,0.7410414282444495,37.12329289692531,True,37.5,36.5,38.6,0.95,0.05,0.0,0.7,0.03,2,1784999708.0952,False,True,True,False,1784999577.3912346,0,False,0,0,False
1784849457.3002179,20,1784999718.0726285,37.49446860456244,0.7405264362554361,37.10460059510186,True,37.5,36.5,38.6,0.95,0.05,0.0,0.7,0.03,2,1784999728.0998592,False,True,True,False,1784999577.3912346,0,0,1,0,False
1784849457.3002179,20,1784999738.0795853,37.45708400091554,0.7406981002517738,37.091248950942244,True,37.5,36.5,38.6,0.95,0.05,0.0,0.7,0.03,2,1784999748.108136,False,True,True,True,1784999757.3912613,0,0,1,0,False
1784849457.3002179,20,1784999758.0865529,37.446402685587856,0.7409269855802243,37.09391927977417,True,37.5,36.5,38.6,0.95,0.05,0.0,0.7,0.03,2,1784999768.114107,False,False,True,True,1784999757.3912613,0,0,1,0,False
1784849457.3002179,20,1784999778.0929432,37.49179827573053,0.74083161669337,37.10727092393378,True,37.5,36.5,38.6,0.95,0.05,0.0,0.7,0.03,2,1784999788.1203432,False,False,True,False,1784999757.3912613,0,0,1,0,False
1784849457.3002179,20,1784999798.0992236,37.50247959105822,0.7408506904707408,37.091248950942244,True,37.5,36.5,38.6,0.95,0.05,0.0,0.7,0.03,2,1784999808.1330893,False,True,True,False,1784999757.3912613,0,False,0,0,False
1784849457.3002179,20,1784999818.105926,37.507820248722055,0.7410414282444495,37.139314869916845,True,37.5,36.5,38.6,0.95,0.05,0.0,0.7,0.03,2,1784999828.132653,False,False,True,False,1784999757.3912613,0,False,0,0,False
1784849457.3002179,20,1784999838.1128738,37.52384222171359,0.740984206912337,37.14465552758068,True,37.5,36.5,38.6,0.95,0.05,0.0,0.7,0.03,2,1784999848.1430101,False,False,True,False,1784999757.3912613,0,False,0,0,False
1784849457.3002179,20,1784999858.1207075,37.50247959105822,0.7408506904707408,37.13130388342107,True,37.5,36.5,38.6,0.95,0.05,0.0,0.7,0.03,2,1784999868.1530218,False,True,True,False,1784999757.3912613,0,False,0,0,False
1784849457.3002179,20,1784999878.1284852,37.47310597390707,0.7409269855802243,37.11261158159762,True,37.5,36.5,38.6,0.95,0.05,0.0,0.7,0.03,2,1784999888.1558495,False,False,True,False,1784999757.3912613,0,0,1,0,False
1784849457.3002179,20,1784999898.1347425,37.45708400091554,0.74083161669337,37.08056763561456,True,37.5,36.5,38.6,0.95,0.05,0.0,0.7,0.03,2,1784999908.1676414,False,False,True,False,1784999757.3912613,0,0,1,0,False
1784849457.3002179,20,1784999918.1412718,37.489127946898606,0.7408888380254826,37.115281910429545,True,37.5,36.5,38.6,0.95,0.05,0.0,0.7,0.03,2,1784999928.1733418,False,False,True,True,1784999937.3912885,0,0,1,0,False
1784849457.3002179,20,1784999938.1482816,37.489127946898606,0.7407553215838866,37.096589608606095,True,37.5,36.5,38.6,0.95,0.05,0.0,0.7,0.03,2,1784999948.1765828,False,False,True,True,1784999937.3912885,0,0,1,0,False
1784849457.3002179,20,1784999958.1559126,37.46242465857938,0.7410605020218205,37.09391927977417,True,37.5,36.5,38.6,0.95,0.05,0.0,0.7,0.03,2,1784999968.184569,False,True,True,False,1784999937.3912885,0,0,1,0,False
1784849457.3002179,20,1784999978.1634982,37.49179827573053,0.7410605020218205,37.11261158159762,True,37.5,36.5,38.6,0.95,0.05,0.0,0.7,0.03,2,1784999988.192135,False,True,True,False,1784999937.3912885,0,0,1,0,False
1784849457.3002179,20,1784999998.1710997,37.513160906385906,0.7406599526970321,37.14465552758068,True,37.5,36.5,38.6,0.95,0.05,0.0,0.7,0.03,2,1785000008.199598,False,False,True,False,1784999937.3912885,0,False,0,0,False
1784849457.3002179,20,1785000018.1787572,37.53452353704128,0.740965133134966,37.17135881589991,True,37.5,36.5,38.6,0.95,0.05,0.0,0.7,0.03,2,1785000028.2077258,False,False,True,False,1784999937.3912885,0,False,0,0,False
1784849457.3002179,20,1785000038.186576,37.52918287937743,0.7408888380254826,37.15533684290837,True,37.5,36.5,38.6,0.95,0.05,0.0,0.7,0.03,2,1785000048.2146833,False,True,True,False,1784999937.3912885,0,False,0,0,False
1784849457.3002179,20,1785000058.1936085,37.52384222171359,0.7408506904707408,37.141985198748756,True,37.5,36.5,38.6,0.95,0.05,0.0,0.7,0.03,2,1785000068.222553,False,True,True,False,1784999937.3912885,0,False,0,0,False
1784849457.3002179,20,1785000078.1999443,37.49446860456244,0.7408888380254826,37.11795223926147,True,37.5,36.5,38.6,0.95,0.05,0.0,0.7,0.03,2,1785000088.2274249,False,True,True,False,1784999937.3912885,0,0,1,0,False
1784849457.3002179,20,1785000098.206209,37.47844663157092,0.7408125429159991,37.10727092393378,True,37.5,36.5,38.6,0.95,0.05,0.0,0.7,0.03,2,1785000108.2337196,False,False,True,True,1785000117.3913145,0,0,1,0,False
1784849457.3002179,20,1785000118.2124255,37.46242465857938,0.7405455100328069,37.09391927977417,True,37.5,36.5,38.6,0.95,0.05,0.0,0.7,0.03,2,1785000128.239904,False,False,True,True,1785000117.3913145,0,0,1,0,False
1784849457.3002179,20,1785000138.2187297,37.489127946898606,0.7408125429159991,37.096589608606095,True,37.5,36.5,38.6,0.95,0.05,0.0,0.7,0.03,2,1785000148.2456553,False,False,True,False,1785000117.3913145,0,0,1,0,False
1784849457.3002179,20,1785000158.2255807,37.489127946898606,0.7410223544670786,37.12062256809338,True,37.5,36.5,38.6,0.95,0.05,0.0,0.7,0.03,2,1785000168.253171,False,True,True,False,1785000117.3913145,0,0,1,0,False
1784849457.3002179,20,1785000178.2324176,37.52918287937743,0.740984206912337,37.14999618524453,True,37.5,36.5,38.6,0.95,0.05,0.0,0.7,0.03,2,1785000188.2617524,False,False,True,False,1785000117.3913145,0,False,0,0,False
1784849457.3002179,20,1785000198.239478,37.52918287937743,0.7404882887006943,37.15533684290837,True,37.5,36.5,38.6,0.95,0.05,0.0,0.7,0.03,2,1785000208.2678432,False,False,True,False,1785000117.3913145,0,False,0,0,False
1784849457.3002179,20,1785000218.2472646,37.550545510032805,0.7407743953612573,37.14465552758068,True,37.5,36.5,38.6,0.95,0.05,0.0,0.7,0.03,2,1785000228.2757967,False,True,True,False,1785000117.3913145,0,False,0,0,False
1784849457.3002179,20,1785000238.254945,37.49713893339437,0.7405455100328069,37.14465552758068,True,37.5,36.5,38.6,0.95,0.05,0.0,0.7,0.03,2,1785000248.2835448,False,True,True,False,1785000117.3913145,0,0,1,0,False
1784849457.3002179,20,1785000258.2625444,37.45975432974747,0.7403929198138399,37.12596322575723,True,37.5,36.5,38.6,0.95,0.05,0.0,0.7,0.03,2,1785000268.2911797,False,True,True,False,1785000117.3913145,0,0,1,0,False
1784849457.3002179,20,1785000278.2702003,37.47310597390707,0.7408506904707408,37.10727092393378,True,37.5,36.5,38.6,0.95,0.05,0.0,0.7,0.03,2,1785000288.2988865,False,False,True,True,1785000297.3913422,0,0,1,0,False
1784849457.3002179,20,1785000298.2778084,37.489127946898606,0.740965133134966,37.133974212252994,True,37.5,36.5,38.6,0.95,0.05,0.0,0.7,0.03,2,1785000308.306456,False,True,True,True,1785000297.3913422,0,0,1,0,False
1784849457.3002179,20,1785000318.2853453,37.49980926222629,0.7408697642481117,37.141985198748756,True,37.5,36.5,38.6,0.95,0.05,0.0,0.7,0.03,2,1785000328.313286,False,True,True,False,1785000297.3913422,0,0,1,0,False
1784849457.3002179,20,1785000338.2922778,37.51049057755398,0.7408506904707408,37.133974212252994,True,37.5,36.5,38.6,0.95,0.05,0.0,0.7,0.03,2,1785000348.3199115,False,True,True,False,1785000297.3913422,0,False,0,0,False
1784849457.3002179,20,1785000358.2987032,37.52117189288167,0.7408697642481117,37.158007171740294,True,37.5,36.5,38.6,0.95,0.05,0.0,0.7,0.03,2,1785000368.325978,False,True,True,False,1785000297.3913422,0,False,0,0,False
1784849457.3002179,20,1785000378.3051405,37.53452353704128,0.7405836575875486,37.15533684290837,True,37.5,36.5,38.6,0.95,0.05,0.0,0.7,0.03,2,1785000388.333049,False,True,True,False,1785000297.3913422,0,False,0,0,False
1784849457.3002179,20,1785000398.3121088,37.51850156404974,0.7410223544670786,37.14465552758068,True,37.5,36.5,38.6,0.95,0.05,0.0,0.7,0.03,2,1785000408.340503,False,False,True,False,1785000297.3913422,0,False,0,0,False
1784849457.3002179,20,1785000418.3194027,37.48645761806668,0.7407171740291447,37.133974212252994,True,37.5,36.5,38.6,0.95,0.05,0.0,0.7,0.03,2,1785000428.352416,False,True,True,False,1785000297.3913422,0,0,1,0,False
1784849457.3002179,20,1785000438.3293872,37.470435645075156,0.7405264362554361,37.11795223926147,True,37.5,36.5,38.6,0.95,0.05,0.0,0.7,0.03,2,1785000448.3606348,False,False,True,False,1785000297.3913422,0,0,1,0,False
1784849457.3002179,20,1785000458.3397944,37.49713893339437,0.7409269855802243,37.12062256809338,True,37.5,36.5,38.6,0.95,0.05,0.0,0.7,0.03,2,1785000468.37,False,False,True,True,1785000477.3913713,0,0,1,0,False
1784849457.3002179,20,1785000478.3461962,37.50514991989013,0.7406981002517738,37.12863355458916,True,37.5,36.5,38.6,0.95,0.05,0.0,0.7,0.03,2,1785000488.3764303,False,False,True,True,1785000477.3913713,0,False,0,0,False
1784849457.3002179,20,1785000498.352748,37.50514991989013,0.7405455100328069,37.14465552758068,True,37.5,36.5,38.6,0.95,0.05,0.0,0.7,0.03,2,1785000508.3807313,False,True,True,False,1785000477.3913713,0,False,0,0,False
1784849457.3002179,20,1785000518.3594046,37.50514991989013,0.7408125429159991,37.141985198748756,True,37.5,36.5,38.6,0.95,0.05,0.0,0.7,0.03,2,1785000528.387565,False,False,True,False,1785000477.3913713,0,False,0,0,False
1784849457.3002179,20,1785000538.3660173,37.489127946898606,0.7408888380254826,37.11795223926147,True,37.5,36.5,38.6,0.95,0.05,0.0,0.7,0.03,2,1785000548.3935618,False,False,True,False,1785000477.3913713,0,0,1,0,False
1784849457.3002179,20,1785000558.3724017,37.489127946898606,0.7405836575875486,37.13130388342107,True,37.5,36.5,38.6,0.95,0.05,0.0,0.7,0.03,2,1785000568.3998666,False,False,True,False,1785000477.3913713,0,0,1,0,False
1784849457.3002179,20,1785000578.3788018,37.48645761806668,0.7406408789196612,37.14465552758068,True,37.5,36.5,38.6,0.95,0.05,0.0,0.7,0.03,2,1785000588.4059143,False,False,True,False,1785000477.3913713,0,0,1,0,False
1784849457.3002179,20,1785000598.384957,37.507820248722055,0.74083161669337,37.12329289692531,True,37.5,36.5,38.6,0.95,0.05,0.0,0.7,0.03,2,1785000608.4139674,False,True,True,False,1785000477.3913713,0,False,0,0,False
1784849457.3002179,20,1785000618.3913622,37.53986419470512,0.7410223544670786,37.15533684290837,True,37.5,36.5,38.6,0.95,0.05,0.0,0.7,0.03,2,1785000628.4189131,False,True,True,False,1785000477.3913713,0,False,0,0,False
1784849457.3002179,20,1785000638.397727,37.550545510032805,0.7407362478065156,37.14465552758068,True,37.5,36.5,38.6,0.95,0.05,0.0,0.7,0.03,2,1785000648.4254248,False,False,True,True,1785000657.3913777,0,False,0,0,False
1784849457.3002179,20,1785000658.4045122,37.51850156404974,0.7405073624780651,37.12596322575723,True,37.5,36.5,38.6,0.95,0.05,0.0,0.7,0.03,2,1785000668.436481,False,True,True,True,1785000657.3913777,0,False,0,0,False
1784849457.3002179,20,1785000678.411123,37.47310597390707,0.7408888380254826,37.10727092393378,True,37.5,36.5,38.6,0.95,0.05,0.0,0.7,0.03,2,1785000688.4386477,False,True,True,False,1785000657.3913777,0,0,1,0,False
1784849457.3002179,20,1785000698.4208584,37.446402685587856,0.7406790264744031,37.11261158159762,True,37.5,36.5,38.6,0.95,0.05,0.0,0.7,0.03,2,1785000708.4522753,False,False,True,False,1785000657.3913777,0,0,1,0,False
1784849457.3002179,20,1785000718.4312408,37.46242465857938,0.7407553215838866,37.109941252765694,True,37.5,36.5,38.6,0.95,0.05,0.0,0.7,0.03,2,1785000728.4582405,False,False,True,False,1785000657.3913777,0,0,1,0,False
1784849457.3002179,20,1785000738.4374497,37.489127946898606,0.7409079118028535,37.11795223926147,True,37.5,36.5,38.6,0.95,0.05,0.0,0.7,0.03,2,1785000748.466262,False,False,True,False,1785000657.3913777,0,0,1,0,False
1784849457.3002179,20,1785000758.4436913,37.526512550545505,0.74083161669337,37.13664454108492,True,37.5,36.5,38.6,0.95,0.05,0.0,0.7,0.03,2,1785000768.472362,False,False,True,False,1785000657.3913777,0,False,0,0,False
1784849457.3002179,20,1785000778.450288,37.53452353704128,0.740965133134966,37.14465552758068,True,37.5,36.5,38.6,0.95,0.05,0.0,0.7,0.03,2,1785000788.4776947,False,False,True,False,1785000657.3913777,0,False,0,0,False
1784849457.3002179,20,1785000798.456715,37.54520485236897,0.7405264362554361,37.17135881589991,True,37.5,36.5,38.6,0.95,0.05,0.0,0.7,0.03,2,1785000808.484166,False,True,True,False,1785000657.3913777,0,False,0,0,False
1784849457.3002179,20,1785000818.463146,37.49713893339437,0.7407362478065156,37.15533684290837,True,37.5,36.5,38.6,0.95,0.05,0.0,0.7,0.03,2,1785000828.5026476,False,True,True,True,1785000837.3913817,0,0,1,0,False
1784849457.3002179,20,1785000838.4693952,37.507820248722055,0.7405264362554361,37.12329289692531,True,37.5,36.5,38.6,0.95,0.05,0.0,0.7,0.03,2,1785000848.4998848,False,True,True,True,1785000837.3913817,0,False,0,0,False
1784849457.3002179,20,1785000858.4757988,37.44373235675593,0.7405455100328069,37.09391927977417,True,37.5,36.5,38.6,0.95,0.05,0.0,0.7,0.03,2,1785000868.5024924,False,True,True,False,1785000837.3913817,0,0,1,0,False
1784849457.3002179,20,1785000878.482025,37.441062027924005,0.7403738460364692,37.06988632028687,True,37.5,36.5,38.6,0.95,0.05,0.0,0.7,0.03,2,1785000888.5093455,False,True,True,False,1785000837.3913817,0,0,1,0,False
1784849457.3002179,20,1785000898.48876,37.446402685587856,0.7409079118028535,37.10193026626993,True,37.5,36.5,38.6,0.95,0.05,0.0,0.7,0.03,2,1785000908.5166926,False,False,True,False,1785000837.3913817,0,0,1,0,False
1784849457.3002179,20,1785000918.4958007,37.49980926222629,0.7405836575875486,37.12596322575723,True,37.5,36.5,38.6,0.95,0.05,0.0,0.7,0.03,2,1785000928.5231805,False,True,True,False,1785000837.3913817,0,0,1,0,False
1784849457.3002179,20,1785000938.5021234,37.51583123521782,0.7408125429159991,37.16067750057222,True,37.5,36.5,38.6,0.95,0.05,0.0,0.7,0.03,2,1785000948.5344253,False,False,True,False,1785000837.3913817,0,False,0,0,False
1784849457.3002179,20,1785000958.508469,37.52117189288167,0.7409269855802243,37.16334782940413,True,37.5,36.5,38.6,0.95,0.05,0.0,0.7,0.03,2,1785000968.5357628,False,False,True,False,1785000837.3913817,0,False,0,0,False
1784849457.3002179,20,1785000978.5155878,37.51850156404974,0.7406599526970321,37.14999618524453,True,37.5,36.5,38.6,0.95,0.05,0.0,0.7,0.03,2,1785000988.5435655,False,True,True,False,1785000837.3913817,0,False,0,0,False
1784849457.3002179,20,1785000998.5232992,37.513160906385906,0.7406981002517738,37.133974212252994,True,37.5,36.5,38.6,0.95,0.05,0.0,0.7,0.03,2,1785001008.5519316,False,True,True,True,1785001017.3914156,0,False,0,0,False
1784849457.3002179,20,1785001018.5303583,37.481116960402844,0.7405073624780651,37.12329289692531,True,37.5,36.5,38.6,0.95,0.05,0.0,0.7,0.03,2,1785001028.5600224,False,False,True,True,1785001017.3914156,0,0,1,0,False
1784849457.3002179,20,1785001038.5370083,37.44373235675593,0.7406599526970321,37.091248950942244,True,37.5,36.5,38.6,0.95,0.05,0.0,0.7,0.03,2,1785001048.5707972,False,False,True,False,1785001017.3914156,0,0,1,0,False
1784849457.3002179,20,1785001058.544472,37.45975432974747,0.7405264362554361,37.099259937438006,True,37.5,36.5,38.6,0.95,0.05,0.0,0.7,0.03,2,1785001068.5732965,False,True,True,False,1785001017.3914156,0,0,1,0,False
1784849457.3002179,20,1785001078.551414,37.489127946898606,0.7405073624780651,37.11261158159762,True,37.5,36.5,38.6,0.95,0.05,0.0,0.7,0.03,2,1785001088.579132,False,False,True,False,1785001017.3914156,0,0,1,0,False
1784849457.3002179,20,1785001098.5576353,37.52117189288167,0.740965133134966,37.139314869916845,True,37.5,36.5,38.6,0.95,0.05,0.0,0.7,0.03,2,1785001108.5871406,False,True,True,False,1785001017.3914156,0,False,0,0,False
1784849457.3002179,20,1785001118.56404,37.526512550545505,0.7406027313649196,37.158007171740294,True,37.5,36.5,38.6,0.95,0.05,0.0,0.7,0.03,2,1785001128.5914643,False,True,True,False,1785001017.3914156,0,False,0,0,False
1784849457.3002179,20,1785001138.570316,37.51583123521782,0.7407553215838866,37.133974212252994,True,37.5,36.5,38.6,0.95,0.05,0.0,0.7,0.03,2,1785001148.5977292,False,False,True,False,1785001017.3914156,0,False,0,0,False
1784849457.3002179,20,1785001158.5773342,37.51049057755398,0.7406599526970321,37.16334782940413,True,37.5,36.5,38.6,0.95,0.05,0.0,0.7,0.03,2,1785001168.605183,False,False,True,False,1785001017.3914156,0,False,0,0,False
1784849457.3002179,20,1785001178.585024,37.49179827573053,0.7406790264744031,37.133974212252994,True,37.5,36.5,38.6,0.95,0.05,0.0,0.7,0.03,2,1785001188.6135962,False,True,True,True,1785001197.3914633,0,0,1,0,False
1784849457.3002179,20,1785001198.5925856,37.47577630273899,0.7406790264744031,37.11261158159762,True,37.5,36.5,38.6,0.95,0.05,0.0,0.7,0.03,2,1785001208.621211,False,False,True,True,1785001197.3914633,0,0,1,0,False
1784849457.3002179,20,1785001218.6001892,37.45441367208362,0.7406408789196612,37.08056763561456,True,37.5,36.5,38.6,0.95,0.05,0.0,0.7,0.03,2,1785001228.6282125,False,True,True,False,1785001197.3914633,0,0,1,0,False
1784849457.3002179,20,1785001238.6071017,37.45975432974747,0.7405073624780651,37.11795223926147,True,37.5,36.5,38.6,0.95,0.05,0.0,0.7,0.03,2,1785001248.6371589,False,True,True,False,1785001197.3914633,0,0,1,0,False
1784849457.3002179,20,1785001258.6135008,37.507820248722055,0.7405645838101778,37.12062256809338,True,37.5,36.5,38.6,0.95,0.05,0.0,0.7,0.03,2,1785001268.6422925,False,False,True,False,1785001197.3914633,0,False,0,0,False
1784849457.3002179,20,1785001278.620088,37.51049057755398,0.7405264362554361,37.14999618524453,True,37.5,36.5,38.6,0.95,0.05,0.0,0.7,0.03,2,1785001288.6501336,False,True,True,False,1785001197.3914633,0,False,0,0,False
1784849457.3002179,20,1785001298.6264305,37.51049057755398,0.7402975509269857,37.15533684290837,True,37.5,36.5,38.6,0.95,0.05,0.0,0.7,0.03,2,1785001308.6540976,False,False,True,False,1785001197.3914633,0,False,0,0,False
1784849457.3002179,20,1785001318.6326506,37.51049057755398,0.7409079118028535,37.13664454108492,True,37.5,36.5,38.6,0.95,0.05,0.0,0.7,0.03,2,1785001328.6601038,False,False,True,False,1785001197.3914633,0,False,0,0,False
1784849457.3002179,20,1785001338.6421194,37.489127946898606,0.7405264362554361,37.11795223926147,True,37.5,36.5,38.6,0.95,0.05,0.0,0.7,0.03,2,1785001348.6727092,False,False,True,False,1785001197.3914633,0,0,1,0,False
1784849457.3002179,20,1785001358.6516502,37.46776531624323,0.7405073624780651,37.109941252765694,True,37.5,36.5,38.6,0.95,0.05,0.0,0.7,0.03,2,1785001368.681012,False,False,True,True,1785001377.391479,0,0,1,0,False
1784849457.3002179,20,1785001378.6578598,37.47577630273899,0.7406981002517738,37.11795223926147,True,37.5,36.5,38.6,0.95,0.05,0.0,0.7,0.03,2,1785001388.6916876,False,False,True,True,1785001377.391479,0,0,1,0,False
1784849457.3002179,20,1785001398.6642115,37.48645761806668,0.7405264362554361,37.12329289692531,True,37.5,36.5,38.6,0.95,0.05,0.0,0.7,0.03,2,1785001408.6968944,False,True,True,False,1785001377.391479,0,0,1,0,False
1784849457.3002179,20,1785001418.6704786,37.49713893339437,0.7408888380254826,37.139314869916845,True,37.5,36.5,38.6,0.95,0.05,0.0,0.7,0.03,2,1785001428.6997647,False,True,True,False,1785001377.391479,0,0,1,0,False
1784849457.3002179,20,1785001438.6768363,37.507820248722055,0.7409079118028535,37.12863355458916,True,37.5,36.5,38.6,0.95,0.05,0.0,0.7,0.03,2,1785001448.7075222,False,False,True,False,1785001377.391479,0,False,0,0,False
1784849457.3002179,20,1785001458.6832256,37.52918287937743,0.7409460593575952,37.17402914473182,True,37.5,36.5,38.6,0.95,0.05,0.0,0.7,0.03,2,1785001468.7107453,False,False,True,False,1785001377.391479,0,False,0,0,False
1784849457.3002179,20,1785001478.689583,37.51049057755398,0.7406408789196612,37.15533684290837,True,37.5,36.5,38.6,0.95,0.05,0.0,0.7,0.03,2,1785001488.7193143,False,True,True,False,1785001377.391479,0,False,0,0,False
1784849457.3002179,20,1785001498.6960227,37.47310597390707,0.7404882887006943,37.16601815823606,True,37.5,36.5,38.6,0.95,0.05,0.0,0.7,0.03,2,1785001508.7235847,False,True,True,False,1785001377.391479,0,0,1,0,False
1784849457.3002179,20,1785001518.702304,37.47844663157092,0.7404882887006943,37.115281910429545,True,37.5,36.5,38.6,0.95,0.05,0.0,0.7,0.03,2,1785001528.7300544,False,False,True,False,1785001377.391479,0,0,1,0,False
1784849457.3002179,20,1785001538.7085052,37.47310597390707,0.7407362478065156,37.12329289692531,True,37.5,36.5,38.6,0.95,0.05,0.0,0.7,0.03,2,1785001548.7357955,False,True,True,True,1785001557.3915112,0,0,1,0,False
1784849457.3002179,20,1785001558.7148511,37.47310597390707,0.7405455100328069,37.13130388342107,True,37.5,36.5,38.6,0.95,0.05,0.0,0.7,0.03,2,1785001568.758207,False,True,True,True,1785001557.3915112,0,0,1,0,False
1784849457.3002179,20,1785001578.7366617,37.507820248722055,0.7406790264744031,37.133974212252994,True,37.5,36.5,38.6,0.95,0.05,0.0,0.7,0.03,2,1785001588.765318,False,False,True,False,1785001557.3915112,0,False,0,0,False
1784849457.3002179,20,1785001598.74303,37.52384222171359,0.7406027313649196,37.12863355458916,True,37.5,36.5,38.6,0.95,0.05,0.0,0.7,0.03,2,1785001608.770498,False,False,True,False,1785001557.3915112,0,False,0,0,False
1784849457.3002179,20,1785001618.7494097,37.507820248722055,0.7407553215838866,37.16067750057222,True,37.5,36.5,38.6,0.95,0.05,0.0,0.7,0.03,2,1785001628.7762327,False,False,True,False,1785001557.3915112,0,False,0,0,False
1784849457.3002179,20,1785001638.7558603,37.52384222171359,0.7404501411459526,37.15533684290837,True,37.5,36.5,38.6,0.95,0.05,0.0,0.7,0.03,2,1785001648.783412,False,True,True,False,1785001557.3915112,0,False,0,0,False
1784849457.3002179,20,1785001658.7622964,37.49179827573053,0.7406790264744031,37.16334782940413,True,37.5,36.5,38.6,0.95,0.05,0.0,0.7,0.03,2,1785001668.7905483,False,True,True,False,1785001557.3915112,0,0,1,0,False
1784849457.3002179,20,1785001678.7685273,37.47844663157092,0.7405455100328069,37.133974212252994,True,37.5,36.5,38.6,0.95,0.05,0.0,0.7,0.03,2,1785001688.7960021,False,True,True,False,1785001557.3915112,0,0,1,0,False
1784849457.3002179,20,1785001698.7748408,37.50514991989013,0.7405645838101778,37.12863355458916,True,37.5,36.5,38.6,0.95,0.05,0.0,0.7,0.03,2,1785001708.8017817,False,True,True,False,1785001557.3915112,0,False,0,0,False
1784849457.3002179,20,1785001718.7811804,37.49446860456244,0.7405264362554361,37.158007171740294,True,37.5,36.5,38.6,0.95,0.05,0.0,0.7,0.03,2,1785001728.8086543,False,True,True,True,1785001737.391539,0,0,1,0,False
1784849457.3002179,20,1785001738.787523,37.51049057755398,0.7403547722590982,37.12863355458916,True,37.5,36.5,38.6,0.95,0.05,0.0,0.7,0.03,2,1785001748.8149807,False,False,True,True,1785001737.391539,0,False,0,0,False
1784849457.3002179,20,1785001758.7939563,37.483787289234755,0.7404119935912108,37.14732585641261,True,37.5,36.5,38.6,0.95,0.05,0.0,0.7,0.03,2,1785001768.821499,False,True,True,False,1785001737.391539,0,0,1,0,False
1784849457.3002179,20,1785001778.8008838,37.49179827573053,0.7404501411459526,37.12329289692531,True,37.5,36.5,38.6,0.95,0.05,0.0,0.7,0.03,2,1785001788.8310132,False,False,True,False,1785001737.391539,0,0,1,0,False
1784849457.3002179,20,1785001798.8078775,37.49713893339437,0.7405264362554361,37.14999618524453,True,37.5,36.5,38.6,0.95,0.05,0.0,0.7,0.03,2,1785001808.835297,False,False,True,False,1785001737.391539,0,0,1,0,False
1784849457.3002179,20,1785001818.8141475,37.507820248722055,0.7408506904707408,37.14465552758068,True,37.5,36.5,38.6,0.95,0.05,0.0,0.7,0.03,2,1785001828.8443167,False,True,True,False,1785001737.391539,0,False,0,0,False
1784849457.3002179,20,1785001838.820431,37.513160906385906,0.7405073624780651,37.17135881589991,True,37.5,36.5,38.6,0.95,0.05,0.0,0.7,0.03,2,1785001848.8483326,False,True,True,False,1785001737.391539,0,False,0,0,False
1784849457.3002179,20,1785001858.8270068,37.51850156404974,0.7407743953612573,37.158007171740294,True,37.5,36.5,38.6,0.95,0.05,0.0,0.7,0.03,2,1785001868.8545153,False,False,True,False,1785001737.391539,0,False,0,0,False
1784849457.3002179,20,1785001878.8340178,37.49446860456244,0.7405264362554361,37.12329289692531,True,37.5,36.5,38.6,0.95,0.05,0.0,0.7,0.03,2,1785001888.868498,False,True,True,False,1785001737.391539,0,0,1,0,False
1784849457.3002179,20,1785001898.841148,37.47310597390707,0.7403166247043564,37.11795223926147,True,37.5,36.5,38.6,0.95,0.05,0.0,0.7,0.03,2,1785001908.8684745,False,True,True,True,1785001917.391565,0,0,1,0,False
1784849457.3002179,20,1785001918.848164,37.489127946898606,0.7405264362554361,37.13664454108492,True,37.5,36.5,38.6,0.95,0.05,0.0,0.7,0.03,2,1785001928.876634,False,True,True,True,1785001917.391565,0,0,1,0,False
1784849457.3002179,20,1785001938.855786,37.49980926222629,0.7403738460364692,37.12329289692531,True,37.5,36.5,38.6,0.95,0.05,0.0,0.7,0.03,2,1785001948.8838842,False,False,True,False,1785001917.391565,0,0,1,0,False
1784849457.3002179,20,1785001958.862714,37.50514991989013,0.7404310673685817,37.13130388342107,True,37.5,36.5,38.6,0.95,0.05,0.0,0.7,0.03,2,1785001968.8904672,False,True,True,False,1785001917.391565,0,False,0,0,False
1784849457.3002179,20,1785001978.8697512,37.507820248722055,0.7405073624780651,37.139314869916845,True,37.5,36.5,38.6,0.95,0.05,0.0,0.7,0.03,2,1785001988.897506,False,False,True,False,1785001917.391565,0,False,0,0,False
1784849457.3002179,20,1785001998.8774154,37.53452353704128,0.7404692149233234,37.16067750057222,True,37.5,36.5,38.6,0.95,0.05,0.0,0.7,0.03,2,1785002008.906483,False,True,True,False,1785001917.391565,0,False,0,0,False
1784849457.3002179,20,1785002018.8844702,37.513160906385906,0.7406599526970321,37.176699473563744,True,37.5,36.5,38.6,0.95,0.05,0.0,0.7,0.03,2,1785002028.9128587,False,True,True,False,1785001917.391565,0,False,0,0,False
1784849457.3002179,20,1785002038.8915145,37.507820248722055,0.7406790264744031,37.139314869916845,True,37.5,36.5,38.6,0.95,0.05,0.0,0.7,0.03,2,1785002048.9201615,False,True,True,False,1785001917.391565,0,False,0,0,False
1784849457.3002179,20,1785002058.8986244,37.45975432974747,0.7402594033722438,37.12062256809338,True,37.5,36.5,38.6,0.95,0.05,0.0,0.7,0.03,2,1785002068.9321547,False,False,True,False,1785001917.391565,0,0,1,0,False
1784849457.3002179,20,1785002078.9054992,37.47310597390707,0.7403738460364692,37.12863355458916,True,37.5,36.5,38.6,0.95,0.05,0.0,0.7,0.03,2,1785002088.9332733,False,False,True,True,1785002097.3915818,0,0,1,0,False
1784849457.3002179,20,1785002098.9130783,37.46776531624323,0.7403929198138399,37.10193026626993,True,37.5,36.5,38.6,0.95,0.05,0.0,0.7,0.03,2,1785002108.941668,False,True,True,True,1785002097.3915818,0,0,1,0,False
1784849457.3002179,20,1785002118.9206448,37.49446860456244,0.7406408789196612,37.13130388342107,True,37.5,36.5,38.6,0.95,0.05,0.0,0.7,0.03,2,1785002128.9530873,False,False,True,False,1785002097.3915818,0,0,1,0,False
1784849457.3002179,20,1785002138.9279785,37.51049057755398,0.7404692149233234,37.11795223926147,True,37.5,36.5,38.6,0.95,0.05,0.0,0.7,0.03,2,1785002148.9553518,False,False,True,False,1785002097.3915818,0,False,0,0,False
1784849457.3002179,20,1785002158.9343135,37.49446860456244,0.7406027313649196,37.152666514076444,True,37.5,36.5,38.6,0.95,0.05,0.0,0.7,0.03,2,1785002168.9622421,False,False,True,False,1785002097.3915818,0,0,1,0,False
1784849457.3002179,20,1785002178.9405532,37.48645761806668,0.7405073624780651,37.14465552758068,True,37.5,36.5,38.6,0.95,0.05,0.0,0.7,0.03,2,1785002188.9679081,False,True,True,False,1785002097.3915818,0,0,1,0,False
1784849457.3002179,20,1785002198.9467943,37.52918287937743,0.74083161669337,37.16067750057222,True,37.5,36.5,38.6,0.95,0.05,0.0,0.7,0.03,2,1785002208.974162,False,True,True,False,1785002097.3915818,0,False,0,0,False
1784849457.3002179,20,1785002218.953156,37.53986419470512,0.7406027313649196,37.15533684290837,True,37.5,36.5,38.6,0.95,0.05,0.0,0.7,0.03,2,1785002228.9845526,False,True,True,False,1785002097.3915818,0,False,0,0,False
1784849457.3002179,20,1785002238.959581,37.49713893339437,0.7406218051422904,37.14465552758068,True,37.5,36.5,38.6,0.95,0.05,0.0,0.7,0.03,2,1785002248.986437,False,True,True,False,1785002097.3915818,0,0,1,0,False
1784849457.3002179,20,1785002258.965865,37.48645761806668,0.7405073624780651,37.13130388342107,True,37.5,36.5,38.6,0.95,0.05,0.0,0.7,0.03,2,1785002268.9938526,False,True,True,True,1785002277.391589,0,0,1,0,False
1784849457.3002179,20,1785002278.9721332,37.489127946898606,0.7405836575875486,37.11795223926147,True,37.5,36.5,38.6,0.95,0.05,0.0,0.7,0.03,2,1785002288.9995465,False,True,True,True,1785002277.391589,0,0,1,0,False
1784849457.3002179,20,1785002298.9783535,37.50514991989013,0.7405264362554361,37.14465552758068,True,37.5,36.5,38.6,0.95,0.05,0.0,0.7,0.03,2,1785002309.007212,False,False,True,False,1785002277.391589,0,False,0,0,False
1784849457.3002179,20,1785002318.9846828,37.49980926222629,0.7404310673685817,37.12596322575723,True,37.5,36.5,38.6,0.95,0.05,0.0,0.7,0.03,2,1785002329.0118015,False,False,True,False,1785002277.391589,0,0,1,0,False
1784849457.3002179,20,1785002338.9913266,37.51049057755398,0.7406790264744031,37.15533684290837,True,37.5,36.5,38.6,0.95,0.05,0.0,0.7,0.03,2,1785002349.020104,False,False,True,False,1785002277.391589,0,False,0,0,False
1784849457.3002179,20,1785002359.0014734,37.50514991989013,0.7406218051422904,37.13664454108492,True,37.5,36.5,38.6,0.95,0.05,0.0,0.7,0.03,2,1785002369.0360875,False,False,True,False,1785002277.391589,0,False,0,0,False
1784849457.3002179,20,1785002379.0119095,37.49713893339437,0.7406218051422904,37.14999618524453,True,37.5,36.5,38.6,0.95,0.05,0.0,0.7,0.03,2,1785002389.0395188,False,False,True,False,1785002277.391589,0,0,1,0,False
1784849457.3002179,20,1785002399.0181766,37.51850156404974,0.7405836575875486,37.14465552758068,True,37.5,36.5,38.6,0.95,0.05,0.0,0.7,0.03,2,1785002409.0483294,False,True,True,False,1785002277.391589,0,False,0,0,False
1784849457.3002179,20,1785002419.0245175,37.53452353704128,0.7404119935912108,37.15533684290837,True,37.5,36.5,38.6,0.95,0.05,0.0,0.7,0.03,2,1785002429.0535989,True,False,True,False,1785002277.391589,0,False,0,0,False
1784849457.3002179,20,1785002439.0311148,37.53452353704128,0.7406599526970321,37.139314869916845,True,37.5,36.5,38.6,0.95,0.05,0.0,0.7,0.03,2,1785002449.0585701,True,True,True,True,1785002457.391591,0,False,0,0,False
1784849457.3002179,20,1785002459.037531,37.49713893339437,0.7404310673685817,37.10460059510186,True,37.5,36.5,38.6,0.95,0.05,0.0,0.7,0.03,2,1785002469.0670156,True,True,True,True,1785002457.391591,0,0,1,0,False
1784849457.3002179,20,1785002479.0438151,37.489127946898606,0.7403929198138399,37.10727092393378,True,37.5,36.5,38.6,0.95,0.05,0.0,0.7,0.03,2,1785002489.0739996,True,True,True,False,1785002457.391591,0,0,1,0,False
1784849457.3002179,20,1785002499.0504186,37.446402685587856,0.7403166247043564,37.08056763561456,True,37.5,36.5,38.6,0.95,0.05,0.0,0.7,0.03,2,1785002509.084199,True,True,True,False,1785002457.391591,0,0,1,0,False
1784849457.3002179,20,1785002519.0567002,37.49980926222629,0.7403929198138399,37.08323796444648,True,37.5,36.5,38.6,0.95,0.05,0.0,0.7,0.03,2,1785002529.084098,True,True,True,False,1785002457.391591,0,0,1,0,False
1784849457.3002179,20,1785002539.0629647,37.526512550545505,0.7406027313649196,37.10193026626993,True,37.5,36.5,38.6,0.95,0.05,0.0,0.7,0.03,2,1785002549.0906155,True,True,True,False,1785002457.391591,0,False,0,0,False
1784849457.3002179,20,1785002559.0692756,37.52117189288167,0.7405073624780651,37.109941252765694,True,37.5,36.5,38.6,0.95,0.05,0.0,0.7,0.03,2,1785002569.1011689,True,False,True,False,1785002457.391591,0,False,0,0,False
1784849457.3002179,20,1785002579.0756927,37.52918287937743,0.7407553215838866,37.091248950942244,True,37.5,36.5,38.6,0.95,0.05,0.0,0.7,0.03,2,1785002589.1053383,True,True,True,False,1785002457.391591,0,False,0,0,False
1784849457.3002179,20,1785002599.0829399,37.53452353704128,0.7406981002517738,37.10193026626993,True,37.5,36.5,38.6,0.95,0.05,0.0,0.7,0.03,2,1785002609.113827,True,False,True,False,1785002457.391591,0,False,0,0,False
1784849457.3002179,20,1785002619.0899966,37.49713893339437,0.7404692149233234,37.091248950942244,True,37.5,36.5,38.6,0.95,0.05,0.0,0.7,0.03,2,1785002629.1178062,True,True,True,True,1785002637.391606,0,0,1,0,False
1784849457.3002179,20,1785002639.097455,37.470435645075156,0.7402784771496147,37.091248950942244,True,37.5,36.5,38.6,0.95,0.05,0.0,0.7,0.03,2,1785002649.126374,True,False,True,True,1785002637.391606,0,0,1,0,False
1784849457.3002179,20,1785002659.1050258,37.44373235675593,0.740087739375906,37.07789730678263,True,37.5,36.5,38.6,0.95,0.05,0.0,0.7,0.03,2,1785002669.1333263,True,True,True,False,1785002637.391606,0,0,1,0,False
1784849457.3002179,20,1785002679.112522,37.483787289234755,0.7407362478065156,37.04318303196766,True,37.5,36.5,38.6,0.95,0.05,0.0,0.7,0.03,2,1785002689.1406932,True,False,True,False,1785002637.391606,0,0,1,0,False
1784849457.3002179,20,1785002699.1201408,37.51583123521782,0.7405836575875486,37.06988632028687,True,37.5,36.5,38.6,0.95,0.05,0.0,0.7,0.03,2,1785002709.151946,True,False,True,False,1785002637.391606,0,False,0,0,False
1784849457.3002179,20,1785002719.1309586,37.53719386587319,0.7403929198138399,37.09391927977417,True,37.5,36.5,38.6,0.95,0.05,0.0,0.7,0.03,2,1785002729.1624165,True,True,True,False,1785002637.391606,0,False,0,0,False
1784849457.3002179,20,1785002739.1413326,37.51049057755398,0.7403356984817273,37.08056763561456,True,37.5,36.5,38.6,0.95,0.05,0.0,0.7,0.03,2,1785002749.1703124,True,False,True,False,1785002637.391606,0,False,0,0,False
1784849457.3002179,20,1785002759.1477625,37.489127946898606,0.7400686655985352,37.10460059510186,True,37.5,36.5,38.6,0.95,0.05,0.0,0.7,0.03,2,1785002769.1755242,True,True,True,False,1785002637.391606,0,0,1,0,False
1784849457.3002179,20,1785002779.1548445,37.48645761806668,0.7403356984817273,37.053864347295345,True,37.5,36.5,38.6,0.95,0.05,0.0,0.7,0.03,2,1785002789.1837385,True,True,True,False,1785002637.391606,0,0,1,0,False
1784849457.3002179,20,1785002799.1622252,37.50247959105822,0.7401831082627603,37.053864347295345,True,37.5,36.5,38.6,0.95,0.05,0.0,0.7,0.03,2,1785002809.1949143,True,False,True,True,1785002817.3916385,0,False,0,0,False
1784849457.3002179,20,1785002819.1687646,37.49713893339437,0.7402021820401312,37.06454566262303,True,37.5,36.5,38.6,0.95,0.05,0.0,0.7,0.03,2,1785002829.1995919,True,True,True,True,1785002817.3916385,0,0,1,0,False
1784849457.3002179,20,1785002839.1751964,37.47577630273899,0.7404692149233234,37.04318303196766,True,37.5,36.5,38.6,0.95,0.05,0.0,0.7,0.03,2,1785002849.2027507,True,True,True,False,1785002817.3916385,0,0,1,0,False
1784849457.3002179,20,1785002859.1814353,37.49713893339437,0.7403356984817273,37.04585336079957,True,37.5,36.5,38.6,0.95,0.05,0.0,0.7,0.03,2,1785002869.2085207,True,False,True,False,1785002817.3916385,0,0,1,0,False
1784849457.3002179,20,1785002879.188366,37.49980926222629,0.7405073624780651,37.06454566262303,True,37.5,36.5,38.6,0.95,0.05,0.0,0.7,0.03,2,1785002889.2179232,True,False,True,False,1785002817.3916385,0,0,1,0,False
1784849457.3002179,20,1785002899.1954434,37.51583123521782,0.7403738460364692,37.08056763561456,True,37.5,36.5,38.6,0.95,0.05,0.0,0.7,0.03,2,1785002909.2240012,True,True,True,False,1785002817.3916385,0,False,0,0,False
1784849457.3002179,20,1785002919.2025218,37.53719386587319,0.7405645838101778,37.08323796444648,True,37.5,36.5,38.6,0.95,0.05,0.0,0.7,0.03,2,1785002929.2365842,True,True,True,False,1785002817.3916385,0,False,0,0,False
1784849457.3002179,20,1785002939.2094655,37.50514991989013,0.7403356984817273,37.07522697795072,True,37.5,36.5,38.6,0.95,0.05,0.0,0.7,0.03,2,1785002949.236991,True,True,True,False,1785002817.3916385,0,False,0,0,False
1784849457.3002179,20,1785002959.2158785,37.49446860456244,0.7402975509269857,37.06187533379111,True,37.5,36.5,38.6,0.95,0.05,0.0,0.7,0.03,2,1785002969.2436619,True,True,True,False,1785002817.3916385,0,0,1,0,False
1784849457.3002179,20,1785002979.2222126,37.45975432974747,0.7402784771496147,37.02716105897612,True,37.5,36.5,38.6,0.95,0.05,0.0,0.7,0.03,2,1785002989.2496471,True,False,True,True,1785002997.3916657,0,0,1,0,False
1784849457.3002179,20,1785002999.2284946,37.44373235675593,0.7402594033722438,37.053864347295345,True,37.5,36.5,38.6,0.95,0.05,0.0,0.7,0.03,2,1785003009.2603948,True,True,True,True,1785002997.3916657,0,0,1,0,False
1784849457.3002179,20,1785003019.234835,37.465094987411305,0.7404692149233234,37.005798428320745,True,37.5,36.5,38.6,0.95,0.05,0.0,0.7,0.03,2,1785003029.2618334,True,False,True,False,1785002997.3916657,0,0,1,0,False
1784849457.3002179,20,1785003039.2410233,37.48645761806668,0.7404501411459526,37.053864347295345,True,37.5,36.5,38.6,0.95,0.05,0.0,0.7,0.03,2,1785003049.2685256,True,True,True,False,1785002997.3916657,0,0,1,0,False
1784849457.3002179,20,1785003059.2472801,37.52384222171359,0.7401449607080187,37.05653467612726,True,37.5,36.5,38.6,0.95,0.05,0.0,0.7,0.03,2,1785003069.2759666,True,True,True,False,1785002997.3916657,0,False,0,0,False
1784849457.3002179,20,1785003079.2539678,37.55321583886473,0.7405073624780651,37.08056763561456,True,37.5,36.5,38.6,0.95,0.05,0.0,0.7,0.03,2,1785003089.291438,True,True,True,False,1785002997.3916657,0,False,0,0,False
1784849457.3002179,20,1785003099.263554,37.526512550545505,0.7402594033722438,37.091248950942244,True,37.5,36.5,38.6,0.95,0.05,0.0,0.7,0.03,2,1785003109.2914925,True,False,True,False,1785002997.3916657,0,False,0,0,False
1784849457.3002179,20,1785003119.2702963,37.54787518120088,0.7407362478065156,37.072556649118795,True,37.5,36.5,38.6,0.95,0.05,0.0,0.7,0.03,2,1785003129.2983012,True,True,True,False,1785002997.3916657,0,False,0,0,False
1784849457.3002179,20,1785003139.2772253,37.49446860456244,0.7402784771496147,37.06454566262303,True,37.5,36.5,38.6,0.95,0.05,0.0,0.7,0.03,2,1785003149.309726,True,False,True,False,1785002997.3916657,0,0,1,0,False
1784849457.3002179,20,1785003159.2842875,37.47310597390707,0.7402975509269857,37.06187533379111,True,37.5,36.5,38.6,0.95,0.05,0.0,0.7,0.03,2,1785003169.3118782,True,True,True,True,1785003177.3916883,0,0,1,0,False
1784849457.3002179,20,1785003179.2905893,37.47577630273899,0.7405455100328069,37.04318303196766,True,37.5,36.5,38.6,0.95,0.05,0.0,0.7,0.03,2,1785003189.31805,True,False,True,True,1785003177.3916883,0,0,1,0,False
1784849457.3002179,20,1785003199.2968726,37.45975432974747,0.7401258869306477,37.053864347295345,True,37.5,36.5,38.6,0.95,0.05,0.0,0.7,0.03,2,1785003209.3293736,True,True,True,False,1785003177.3916883,0,0,1,0,False
1784849457.3002179,20,1785003219.3031518,37.49713893339437,0.7403929198138399,37.03784237430381,True,37.5,36.5,38.6,0.95,0.05,0.0,0.7,0.03,2,1785003229.3331022,True,False,True,False,1785003177.3916883,0,0,1,0,False
1784849457.3002179,20,1785003239.3095903,37.49713893339437,0.740240329594873,37.06454566262303,True,37.5,36.5,38.6,0.95,0.05,0.0,0.7,0.03,2,1785003249.3422852,True,False,True,False,1785003177.3916883,0,0,1,0,False
1784849457.3002179,20,1785003259.3162005,37.53986419470512,0.7401640344853895,37.08323796444648,True,37.5,36.5,38.6,0.95,0.05,0.0,0.7,0.03,2,1785003269.3465178,True,False,True,False,1785003177.3916883,0,False,0,0,False
1784849457.3002179,20,1785003279.3229558,37.53719386587319,0.7403356984817273,37.06988632028687,True,37.5,36.5,38.6,0.95,0.05,0.0,0.7,0.03,2,1785003289.3530912,True,True,True,False,1785003177.3916883,0,False,0,0,False
1784849457.3002179,20,1785003299.3296173,37.51583123521782,0.7403547722590982,37.053864347295345,True,37.5,36.5,38.6,0.95,0.05,0.0,0.7,0.03,2,1785003309.3594625,True,False,True,False,1785003177.3916883,0,False,0,0,False
1784849457.3002179,20,1785003319.336906,37.489127946898606,0.7402975509269857,37.04051270313573,True,37.5,36.5,38.6,0.95,0.05,0.0,0.7,0.03,2,1785003329.3690362,True,True,True,False,1785003177.3916883,0,0,1,0,False
1784849457.3002179,20,1785003339.3439972,37.47844663157092,0.7403738460364692,37.04318303196766,True,37.5,36.5,38.6,0.95,0.05,0.0,0.7,0.03,2,1785003349.3710892,True,False,True,True,1785003357.3917158,0,0,1,0,False
1784849457.3002179,20,1785003359.3508613,37.47310597390707,0.7403356984817273,37.01915007248036,True,37.5,36.5,38.6,0.95,0.05,0.0,0.7,0.03,2,1785003369.3789868,True,False,True,True,1785003357.3917158,0,0,1,0,False
1784849457.3002179,20,1785003379.357786,37.470435645075156,0.7400495918211643,36.99511711299306,True,37.5,36.5,38.6,0.95,0.05,0.0,0.7,0.03,2,1785003389.3851714,True,True,True,False,1785003357.3917158,0,0,1,0,False
1784849457.3002179,20,1785003399.3640401,37.49713893339437,0.7400495918211643,37.03784237430381,True,37.5,36.5,38.6,0.95,0.05,0.0,0.7,0.03,2,1785003409.3916688,True,True,True,False,1785003357.3917158,0,0,1,0,False
1784849457.3002179,20,1785003419.3703148,37.507820248722055,0.7403547722590982,37.06454566262303,True,37.5,36.5,38.6,0.95,0.05,0.0,0.7,0.03,2,1785003429.3985348,True,False,True,False,1785003357.3917158,0,False,0,0,False
1784849457.3002179,20,1785003439.3767133,37.52918287937743,0.7404882887006943,37.048523689631494,True,37.5,36.5,38.6,0.95,0.05,0.0,0.7,0.03,2,1785003449.40579,True,False,True,False,1785003357.3917158,0,False,0,0,False
1784849457.3002179,20,1785003459.383712,37.550545510032805,0.7401068131532769,37.08323796444648,True,37.5,36.5,38.6,0.95,0.05,0.0,0.7,0.03,2,1785003469.4179735,True,False,True,False,1785003357.3917158,0,False,0,0,False
1784849457.3002179,20,1785003479.3908794,37.49980926222629,0.740240329594873,37.08056763561456,True,37.5,36.5,38.6,0.95,0.05,0.0,0.7,0.03,2,1785003489.4241831,True,False,True,False,1785003357.3917158,0,0,1,0,False
1784849457.3002179,20,1785003499.4006393,37.51049057755398,0.7401258869306477,37.048523689631494,True,37.5,36.5,38.6,0.95,0.05,0.0,0.7,0.03,2,1785003509.4307585,True,False,True,False,1785003357.3917158,0,False,0,0,False
1784849457.3002179,20,1785003519.407368,37.483787289234755,0.7404119935912108,37.06187533379111,True,37.5,36.5,38.6,0.95,0.05,0.0,0.7,0.03,2,1785003529.4349196,True,True,True,True,1785003537.3917637,0,0,1,0,False
1784849457.3002179,20,1785003539.414471,37.47844663157092,0.7402975509269857,37.02716105897612,True,37.5,36.5,38.6,0.95,0.05,0.0,0.7,0.03,2,1785003549.4430597,True,False,True,True,1785003537.3917637,0,0,1,0,False
1784849457.3002179,20,1785003559.4215226,37.46242465857938,0.7403547722590982,37.024490730144194,True,37.5,36.5,38.6,0.95,0.05,0.0,0.7,0.03,2,1785003569.4490502,True,False,True,False,1785003537.3917637,0,0,1,0,False
1784849457.3002179,20,1785003579.4279442,37.507820248722055,0.7403356984817273,37.03250171663997,True,37.5,36.5,38.6,0.95,0.05,0.0,0.7,0.03,2,1785003589.4594615,True,False,True,False,1785003537.3917637,0,False,0,0,False
1784849457.3002179,20,1785003599.4344006,37.52384222171359,0.7403929198138399,37.06454566262303,True,37.5,36.5,38.6,0.95,0.05,0.0,0.7,0.03,2,1785003609.461759,True,False,True,False,1785003537.3917637,0,False,0,0,False
1784849457.3002179,20,1785003619.4406736,37.507820248722055,0.7403738460364692,37.05920500495918,True,37.5,36.5,38.6,0.95,0.05,0.0,0.7,0.03,2,1785003629.470506,True,False,True,False,1785003537.3917637,0,False,0,0,False
1784849457.3002179,20,1785003639.4471521,37.49713893339437,0.7402784771496147,37.05920500495918,True,37.5,36.5,38.6,0.95,0.05,0.0,0.7,0.03,2,1785003649.4747064,True,True,True,False,1785003537.3917637,0,0,1,0,False
1784849457.3002179,20,1785003659.4536188,37.48645761806668,0.7403356984817273,37.03517204547188,True,37.5,36.5,38.6,0.95,0.05,0.0,0.7,0.03,2,1785003669.485304,True,False,True,False,1785003537.3917637,0,0,1,0,False
1784849457.3002179,20,1785003679.4598742,37.45708400091554,0.7402975509269857,37.048523689631494,True,37.5,36.5,38.6,0.95,0.05,0.0,0.7,0.03,2,1785003689.4968138,True,False,True,False,1785003537.3917637,0,0,1,0,False
1784849457.3002179,20,1785003699.466547,37.49980926222629,0.7402594033722438,37.04318303196766,True,37.5,36.5,38.6,0.95,0.05,0.0,0.7,0.03,2,1785003709.4944794,True,False,True,True,1785003717.391797,0,0,1,0,False
1784849457.3002179,20,1785003719.4730024,37.489127946898606,0.7402975509269857,37.05653467612726,True,37.5,36.5,38.6,0.95,0.05,0.0,0.7,0.03,2,1785003729.5002904,True,False,True,True,1785003717.391797,0,0,1,0,False
1784849457.3002179,20,1785003739.4792514,37.52117189288167,0.7403356984817273,37.03784237430381,True,37.5,36.5,38.6,0.95,0.05,0.0,0.7,0.03,2,1785003749.5063744,True,True,True,False,1785003717.391797,0,False,0,0,False
1784849457.3002179,20,1785003759.4862566,37.55321583886473,0.7403738460364692,37.067215991454944,True,37.5,36.5,38.6,0.95,0.05,0.0,0.7,0.03,2,1785003769.5208027,True,False,True,False,1785003717.391797,0,False,0,0,False
1784849457.3002179,20,1785003779.494494,37.507820248722055,0.7402021820401312,37.06988632028687,True,37.5,36.5,38.6,0.95,0.05,0.0,0.7,0.03,2,1785003789.523761,True,False,True,False,1785003717.391797,0,False,0,0,False
1784849457.3002179,20,1785003799.5021849,37.49179827573053,0.7403738460364692,37.04318303196766,True,37.5,36.5,38.6,0.95,0.05,0.0,0.7,0.03,2,1785003809.5300272,True,True,True,False,1785003717.391797,0,0,1,0,False
1784849457.3002179,20,1785003819.5090742,37.47577630273899,0.7403166247043564,37.02716105897612,True,37.5,36.5,38.6,0.95,0.05,0.0,0.7,0.03,2,1785003829.541091,True,False,True,False,1785003717.391797,0,0,1,0,False
1784849457.3002179,20,1785003839.5161717,37.470435645075156,0.7401258869306477,37.02716105897612,True,37.5,36.5,38.6,0.95,0.05,0.0,0.7,0.03,2,1785003849.546204,True,True,True,False,1785003717.391797,0,0,1,0,False
1784849457.3002179,20,1785003859.5231874,37.48645761806668,0.7403738460364692,37.04051270313573,True,37.5,36.5,38.6,0.95,0.05,0.0,0.7,0.03,2,1785003869.5506134,True,False,True,False,1785003717.391797,0,0,1,0,False
1784849457.3002179,20,1785003879.5294561,37.52117189288167,0.7405073624780651,37.053864347295345,True,37.5,36.5,38.6,0.95,0.05,0.0,0.7,0.03,2,1785003889.5565357,True,False,True,True,1785003897.3918126,0,False,0,0,False
1784849457.3002179,20,1785003899.5366838,37.526512550545505,0.7401831082627603,37.06454566262303,True,37.5,36.5,38.6,0.95,0.05,0.0,0.7,0.03,2,1785003909.5645566,True,True,True,True,1785003897.3918126,0,False,0,0,False
1784849457.3002179,20,1785003919.5438805,37.50514991989013,0.739916075379568,37.05653467612726,True,37.5,36.5,38.6,0.95,0.05,0.0,0.7,0.03,2,1785003929.5714715,True,False,True,False,1785003897.3918126,0,False,0,0,False
1784849457.3002179,20,1785003939.5503085,37.49980926222629,0.7403166247043564,37.02716105897612,True,37.5,36.5,38.6,0.95,0.05,0.0,0.7,0.03,2,1785003949.577812,True,True,True,False,1785003897.3918126,0,0,1,0,False
1784849457.3002179,20,1785003959.5564969,37.49980926222629,0.7404310673685817,37.03517204547188,True,37.5,36.5,38.6,0.95,0.05,0.0,0.7,0.03,2,1785003969.583797,True,True,True,False,1785003897.3918126,0,0,1,0,False
1784849457.3002179,20,1785003979.5627294,37.48645761806668,0.7401831082627603,37.03250171663997,True,37.5,36.5,38.6,0.95,0.05,0.0,0.7,0.03,2,1785003989.5900946,True,True,True,False,1785003897.3918126,0,0,1,0,False
1784849457.3002179,20,1785003999.5689104,37.50247959105822,0.7399732967116808,37.048523689631494,True,37.5,36.5,38.6,0.95,0.05,0.0,0.7,0.03,2,1785004009.5963635,True,False,True,False,1785003897.3918126,0,False,0,0,False
1784849457.3002179,20,1785004019.5753617,37.507820248722055,0.7401449607080187,37.03250171663997,True,37.5,36.5,38.6,0.95,0.05,0.0,0.7,0.03,2,1785004029.6029673,True,True,True,False,1785003897.3918126,0,False,0,0,False
1784849457.3002179,20,1785004039.5818348,37.48645761806668,0.740240329594873,37.02716105897612,True,37.5,36.5,38.6,0.95,0.05,0.0,0.7,0.03,2,1785004049.6095676,True,True,True,False,1785003897.3918126,0,0,1,0,False
1784849457.3002179,20,1785004059.5880556,37.50247959105822,0.7402594033722438,37.04051270313573,True,37.5,36.5,38.6,0.95,0.05,0.0,0.7,0.03,2,1785004069.6151922,True,False,True,True,1785004077.3918219,0,False,0,0,False
1784849457.3002179,20,1785004079.5943458,37.51049057755398,0.7403356984817273,37.04318303196766,True,37.5,36.5,38.6,0.95,0.05,0.0,0.7,0.03,2,1785004089.623013,True,True,True,True,1785004077.3918219,0,False,0,0,False
1784849457.3002179,20,1785004099.6016467,37.489127946898606,0.7401640344853895,37.03784237430381,True,37.5,36.5,38.6,0.95,0.05,0.0,0.7,0.03,2,1785004109.6314425,True,False,True,False,1785004077.3918219,0,0,1,0,False
1784849457.3002179,20,1785004119.608855,37.46242465857938,0.7403166247043564,36.99778744182498,True,37.5,36.5,38.6,0.95,0.05,0.0,0.7,0.03,2,1785004129.6390514,True,True,True,False,1785004077.3918219,0,0,1,0,False
1784849457.3002179,20,1785004139.6153805,37.46242465857938,0.7399923704890515,37.011139085984595,True,37.5,36.5,38.6,0.95,0.05,0.0,0.7,0.03,2,1785004149.6428974,True,True,True,False,1785004077.3918219,0,0,1,0,False
1784849457.3002179,20,1785004159.6222165,37.489127946898606,0.7400495918211643,37.01915007248036,True,37.5,36.5,38.6,0.95,0.05,0.0,0.7,0.03,2,1785004169.662259,True,True,True,False,1785004077.3918219,0,0,1,0,False
1784849457.3002179,20,1785004179.634185,37.52384222171359,0.7401258869306477,37.03784237430381,True,37.5,36.5,38.6,0.95,0.05,0.0,0.7,0.03,2,1785004189.6614451,True,True,True,False,1785004077.3918219,0,False,0,0,False
1784849457.3002179,20,1785004199.6405,37.51850156404974,0.7402975509269857,37.048523689631494,True,37.5,36.5,38.6,0.95,0.05,0.0,0.7,0.03,2,1785004209.6713934,True,True,True,False,1785004077.3918219,0,False,0,0,False
1784849457.3002179,20,1785004219.6469703,37.49713893339437,0.7400305180437934,37.06988632028687,True,37.5,36.5,38.6,0.95,0.05,0.0,0.7,0.03,2,1785004229.675171,True,True,True,False,1785004077.3918219,0,0,1,0,False
1784849457.3002179,20,1785004239.6532824,37.49179827573053,0.7399732967116808,37.03784237430381,True,37.5,36.5,38.6,0.95,0.05,0.0,0.7,0.03,2,1785004249.6865504,True,False,True,True,1785004257.3918545,0,0,1,0,False
1784849457.3002179,20,1785004259.6600688,37.49713893339437,0.7401068131532769,37.05653467612726,True,37.5,36.5,38.6,0.95,0.05,0.0,0.7,0.03,2,1785004269.689301,True,False,True,True,1785004257.3918545,0,0,1,0,False
1784849457.3002179,20,1785004279.66667,37.489127946898606,0.7403166247043564,37.03250171663997,True,37.5,36.5,38.6,0.95,0.05,0.0,0.7,0.03,2,1785004289.694103,True,True,True,False,1785004257.3918545,0,0,1,0,False
1784849457.3002179,20,1785004299.6729457,37.50514991989013,0.7401831082627603,37.03250171663997,True,37.5,36.5,38.6,0.95,0.05,0.0,0.7,0.03,2,1785004309.7005956,True,True,True,False,1785004257.3918545,0,False,0,0,False
1784849457.3002179,20,1785004319.6793587,37.526512550545505,0.7402021820401312,37.04585336079957,True,37.5,36.5,38.6,0.95,0.05,0.0,0.7,0.03,2,1785004329.7066894,True,True,True,False,1785004257.3918545,0,False,0,0,False
1784849457.3002179,20,1785004339.6856353,37.53719386587319,0.7402212558175022,37.04318303196766,True,37.5,36.5,38.6,0.95,0.05,0.0,0.7,0.03,2,1785004349.7130654,True,True,True,False,1785004257.3918545,0,False,0,0,False
1784849457.3002179,20,1785004359.6920207,37.50514991989013,0.7402212558175022,37.03517204547188,True,37.5,36.5,38.6,0.95,0.05,0.0,0.7,0.03,2,1785004369.7199852,True,False,True,False,1785004257.3918545,0,False,0,0,False
1784849457.3002179,20,1785004379.6989849,37.465094987411305,0.7403547722590982,37.02716105897612,True,37.5,36.5,38.6,0.95,0.05,0.0,0.7,0.03,2,1785004389.7280295,True,False,True,False,1785004257.3918545,0,0,1,0,False
1784849457.3002179,20,1785004399.7069836,37.45975432974747,0.7401831082627603,37.04318303196766,True,37.5,36.5,38.6,0.95,0.05,0.0,0.7,0.03,2,1785004409.7355213,True,True,True,False,1785004257.3918545,0,0,1,0,False
1784849457.3002179,20,1785004419.714547,37.48645761806668,0.7400495918211643,37.02716105897612,True,37.5,36.5,38.6,0.95,0.05,0.0,0.7,0.03,2,1785004429.7447467,True,True,True,True,1785004437.391859,0,0,1,0,False
1784849457.3002179,20,1785004439.722048,37.513160906385906,0.7402975509269857,37.03250171663997,True,37.5,36.5,38.6,0.95,0.05,0.0,0.7,0.03,2,1785004449.7504869,True,False,True,True,1785004437.391859,0,False,0,0,False
1784849457.3002179,20,1785004459.7297368,37.48645761806668,0.7403166247043564,37.029831387808045,True,37.5,36.5,38.6,0.95,0.05,0.0,0.7,0.03,2,1785004469.758305,True,False,True,False,1785004437.391859,0,0,1,0,False
1784849457.3002179,20,1785004479.73727,37.489127946898606,0.7401068131532769,37.02182040131228,True,37.5,36.5,38.6,0.95,0.05,0.0,0.7,0.03,2,1785004489.770325,True,True,True,False,1785004437.391859,0,0,1,0,False
1784849457.3002179,20,1785004499.744191,37.53719386587319,0.7403166247043564,37.04318303196766,True,37.5,36.5,38.6,0.95,0.05,0.0,0.7,0.03,2,1785004509.7763345,True,True,True,False,1785004437.391859,0,False,0,0,False
1784849457.3002179,20,1785004519.7509217,37.55321583886473,0.7402212558175022,37.08323796444648,True,37.5,36.5,38.6,0.95,0.05,0.0,0.7,0.03,2,1785004529.7807486,True,True,True,False,1785004437.391859,0,False,0,0,False
1784849457.3002179,20,1785004539.7572606,37.56389715419242,0.7402784771496147,37.08056763561456,True,37.5,36.5,38.6,0.95,0.05,0.0,0.7,0.03,2,1785004549.7883937,True,True,True,False,1785004437.391859,0,False,0,0,False
1784849457.3002179,20,1785004559.76361,37.526512550545505,0.7401831082627603,37.06187533379111,True,37.5,36.5,38.6,0.95,0.05,0.0,0.7,0.03,2,1785004569.799555,True,True,True,False,1785004437.391859,0,False,0,0,False
1784849457.3002179,20,1785004579.7708569,37.52384222171359,0.7403929198138399,37.02716105897612,True,37.5,36.5,38.6,0.95,0.05,0.0,0.7,0.03,2,1785004589.8004189,True,False,True,False,1785004437.391859,0,False,0,0,False
1784849457.3002179,20,1785004599.7785046,37.47577630273899,0.7401068131532769,37.02182040131228,True,37.5,36.5,38.6,0.95,0.05,0.0,0.7,0.03,2,1785004609.813667,True,True,True,True,1785004617.3918896,0,0,1,0,False
1784849457.3002179,20,1785004619.7881508,37.45441367208362,0.7401449607080187,36.989776455329206,True,37.5,36.5,38.6,0.95,0.05,0.0,0.7,0.03,2,1785004629.8155103,True,True,True,True,1785004617.3918896,0,0,1,0,False
1784849457.3002179,20,1785004639.7943761,37.45975432974747,0.7401068131532769,37.00045777065691,True,37.5,36.5,38.6,0.95,0.05,0.0,0.7,0.03,2,1785004649.8223734,True,False,True,False,1785004617.3918896,0,0,1,0,False
1784849457.3002179,20,1785004659.8009818,37.45975432974747,0.7403547722590982,36.99244678416113,True,37.5,36.5,38.6,0.95,0.05,0.0,0.7,0.03,2,1785004669.829394,True,True,True,False,1785004617.3918896,0,0,1,0,False
1784849457.3002179,20,1785004679.8075764,37.51049057755398,0.740087739375906,37.02716105897612,True,37.5,36.5,38.6,0.95,0.05,0.0,0.7,0.03,2,1785004689.8349562,True,False,True,False,1785004617.3918896,0,False,0,0,False
1784849457.3002179,20,1785004699.8139102,37.526512550545505,0.7398016327153429,37.04318303196766,True,37.5,36.5,38.6,0.95,0.05,0.0,0.7,0.03,2,1785004709.8417287,True,False,True,False,1785004617.3918896,0,False,0,0,False
1784849457.3002179,20,1785004719.820232,37.49980926222629,0.7403356984817273,37.029831387808045,True,37.5,36.5,38.6,0.95,0.05,0.0,0.7,0.03,2,1785004729.8476286,True,True,True,False,1785004617.3918896,0,0,1,0,False
1784849457.3002179,20,1785004739.8265188,37.51049057755398,0.740087739375906,37.04318303196766,True,37.5,36.5,38.6,0.95,0.05,0.0,0.7,0.03,2,1785004749.8555872,True,False,True,False,1785004617.3918896,0,False,0,0,False
1784849457.3002179,20,1785004759.8328536,37.49446860456244,0.7402212558175022,37.024490730144194,True,37.5,36.5,38.6,0.95,0.05,0.0,0.7,0.03,2,1785004769.863825,True,False,True,False,1785004617.3918896,0,0,1,0,False
1784849457.3002179,20,1785004779.839298,37.48645761806668,0.7397825589379721,37.01647974364843,True,37.5,36.5,38.6,0.95,0.05,0.0,0.7,0.03,2,1785004789.8667054,True,True,True,True,1785004797.3919215,0,0,1,0,False
1784849457.3002179,20,1785004799.8462155,37.470435645075156,0.7402021820401312,37.02716105897612,True,37.5,36.5,38.6,0.95,0.05,0.0,0.7,0.03,2,1785004809.8762047,True,False,True,True,1785004797.3919215,0,0,1,0,False
1784849457.3002179,20,1785004819.8542182,37.52384222171359,0.7398588540474555,37.01647974364843,True,37.5,36.5,38.6,0.95,0.05,0.0,0.7,0.03,2,1785004829.8828425,True,False,True,False,1785004797.3919215,0,False,0,0,False
1784849457.3002179,20,1785004839.8618205,37.52384222171359,0.7401258869306477,37.02716105897612,True,37.5,36.5,38.6,0.95,0.05,0.0,0.7,0.03,2,1785004849.8900652,True,True,True,False,1785004797.3919215,0,False,0,0,False
1784849457.3002179,20,1785004859.8694632,37.52384222171359,0.7403738460364692,37.029831387808045,True,37.5,36.5,38.6,0.95,0.05,0.0,0.7,0.03,2,1785004869.8989604,True,True,True,False,1785004797.3919215,0,False,0,0,False
1784849457.3002179,20,1785004879.8773758,37.526512550545505,0.7401258869306477,37.04318303196766,True,37.5,36.5,38.6,0.95,0.05,0.0,0.7,0.03,2,1785004889.9049375,True,False,True,False,1785004797.3919215,0,False,0,0,False
1784849457.3002179,20,1785004899.883915,37.51583123521782,0.7398397802700846,37.04318303196766,True,37.5,36.5,38.6,0.95,0.05,0.0,0.7,0.03,2,1785004909.9113567,True,False,True,False,1785004797.3919215,0,False,0,0,False
1784849457.3002179,20,1785004919.8903394,37.49446860456244,0.7401068131532769,37.029831387808045,True,37.5,36.5,38.6,0.95,0.05,0.0,0.7,0.03,2,1785004929.9194036,True,False,True,False,1785004797.3919215,0,0,1,0,False
1784849457.3002179,20,1785004939.8965788,37.489127946898606,0.7401068131532769,36.989776455329206,True,37.5,36.5,38.6,0.95,0.05,0.0,0.7,0.03,2,1785004949.9240305,True,False,True,False,1785004797.3919215,0,0,1,0,False
1784849457.3002179,20,1785004959.9029114,37.46242465857938,0.7402594033722438,37.00312809948882,True,37.5,36.5,38.6,0.95,0.05,0.0,0.7,0.03,2,1785004969.9299445,True,True,True,True,1785004977.3919466,0,0,1,0,False
1784849457.3002179,20,1785004979.909233,37.470435645075156,0.7401068131532769,37.01647974364843,True,37.5,36.5,38.6,0.95,0.05,0.0,0.7,0.03,2,1785004989.9373999,True,False,True,True,1785004977.3919466,0,0,1,0,False
1784849457.3002179,20,1785004999.9160113,37.48645761806668,0.7401831082627603,37.00045777065691,True,37.5,36.5,38.6,0.95,0.05,0.0,0.7,0.03,2,1785005009.947299,True,False,True,False,1785004977.3919466,0,0,1,0,False
1784849457.3002179,20,1785005019.9222846,37.507820248722055,0.7402594033722438,37.03250171663997,True,37.5,36.5,38.6,0.95,0.05,0.0,0.7,0.03,2,1785005029.9515202,True,False,True,False,1785004977.3919466,0,False,0,0,False
1784849457.3002179,20,1785005039.9286041,37.50247959105822,0.7403738460364692,37.04318303196766,True,37.5,36.5,38.6,0.95,0.05,0.0,0.7,0.03,2,1785005049.9560564,True,True,True,False,1785004977.3919466,0,False,0,0,False
1784849457.3002179,20,1785005059.9350088,37.51850156404974,0.740087739375906,37.05653467612726,True,37.5,36.5,38.6,0.95,0.05,0.0,0.7,0.03,2,1785005069.9623556,True,True,True,False,1785004977.3919466,0,False,0,0,False
1784849457.3002179,20,1785005079.941299,37.51583123521782,0.7399923704890515,37.048523689631494,True,37.5,36.5,38.6,0.95,0.05,0.0,0.7,0.03,2,1785005089.9686553,True,False,True,False,1785004977.3919466,0,False,0,0,False
1784849457.3002179,20,1785005099.9476745,37.489127946898606,0.7400686655985352,37.02182040131228,True,37.5,36.5,38.6,0.95,0.05,0.0,0.7,0.03,2,1785005109.9751682,True,False,True,False,1785004977.3919466,0,0,1,0,False
1784849457.3002179,20,1785005119.9539402,37.45174334325169,0.739916075379568,37.029831387808045,True,37.5,36.5,38.6,0.95,0.05,0.0,0.7,0.03,2,1785005129.9814105,True,True,True,False,1785004977.3919466,0,0,1,0,False
1784849457.3002179,20,1785005139.9601479,37.46776531624323,0.7401258869306477,37.005798428320745,True,37.5,36.5,38.6,0.95,0.05,0.0,0.7,0.03,2,1785005149.9869578,True,False,True,True,1785005157.3919544,0,0,1,0,False
1784849457.3002179,20,1785005159.966455,37.47844663157092,0.7402021820401312,37.00312809948882,True,37.5,36.5,38.6,0.95,0.05,0.0,0.7,0.03,2,1785005169.9937387,True,False,True,True,1785005157.3919544,0,0,1,0,False
1784849457.3002179,20,1785005179.972709,37.470435645075156,0.739935149156939,37.01647974364843,True,37.5,36.5,38.6,0.95,0.05,0.0,0.7,0.03,2,1785005190.0016081,True,False,True,False,1785005157.3919544,0,0,1,0,False
1784849457.3002179,20,1785005199.9789805,37.52384222171359,0.7399923704890515,37.02716105897612,True,37.5,36.5,38.6,0.95,0.05,0.0,0.7,0.03,2,1785005210.0078914,True,True,True,False,1785005157.3919544,0,False,0,0,False
1784849457.3002179,20,1785005219.9855762,37.53452353704128,0.7401068131532769,37.053864347295345,True,37.5,36.5,38.6,0.95,0.05,0.0,0.7,0.03,2,1785005230.0252035,True,False,True,False,1785005157.3919544,0,False,0,0,False
1784849457.3002179,20,1785005239.99222,37.513160906385906,0.7400495918211643,37.03784237430381,True,37.5,36.5,38.6,0.95,0.05,0.0,0.7,0.03,2,1785005250.0205183,True,False,True,False,1785005157.3919544,0,False,0,0,False
1784849457.3002179,20,1785005259.9985936,37.50247959105822,0.7400305180437934,37.05119401846342,True,37.5,36.5,38.6,0.95,0.05,0.0,0.7,0.03,2,1785005270.0260258,True,True,True,False,1785005157.3919544,0,False,0,0,False
1784849457.3002179,20,1785005280.0048947,37.49980926222629,0.7401068131532769,37.005798428320745,True,37.5,36.5,38.6,0.95,0.05,0.0,0.7,0.03,2,1785005290.0353682,True,True,True,False,1785005157.3919544,0,0,1,0,False
1784849457.3002179,20,1785005300.0111983,37.46242465857938,0.7397253376058595,37.005798428320745,True,37.5,36.5,38.6,0.95,0.05,0.0,0.7,0.03,2,1785005310.039414,True,False,True,False,1785005157.3919544,0,0,1,0,False
1784849457.3002179,20,1785005320.0174289,37.483787289234755,0.7401068131532769,37.00312809948882,True,37.5,36.5,38.6,0.95,0.05,0.0,0.7,0.03,2,1785005330.0466914,True,False,True,True,1785005337.391981,0,0,1,0,False
1784849457.3002179,20,1785005340.0237412,37.52117189288167,0.7401068131532769,37.03250171663997,True,37.5,36.5,38.6,0.95,0.05,0.0,0.7,0.03,2,1785005350.0525825,True,True,True,True,1785005337.391981,0,False,0,0,False
1784849457.3002179,20,1785005360.0301774,37.489127946898606,0.7398207064927138,37.024490730144194,True,37.5,36.5,38.6,0.95,0.05,0.0,0.7,0.03,2,1785005370.0576463,True,True,True,False,1785005337.391981,0,0,1,0,False
1784849457.3002179,20,1785005380.0365055,37.52384222171359,0.7399923704890515,37.02716105897612,True,37.5,36.5,38.6,0.95,0.05,0.0,0.7,0.03,2,1785005390.0646236,True,False,True,False,1785005337.391981,0,False,0,0,False
1784849457.3002179,20,1785005400.0435226,37.54520485236897,0.740240329594873,37.02716105897612,True,37.5,36.5,38.6,0.95,0.05,0.0,0.7,0.03,2,1785005410.0718205,True,True,True,False,1785005337.391981,0,False,0,0,False
1784849457.3002179,20,1785005420.0504496,37.52384222171359,0.7399732967116808,37.03250171663997,True,37.5,36.5,38.6,0.95,0.05,0.0,0.7,0.03,2,1785005430.077177,True,False,True,False,1785005337.391981,0,False,0,0,False
1784849457.3002179,20,1785005440.0567358,37.48645761806668,0.7402212558175022,37.02182040131228,True,37.5,36.5,38.6,0.95,0.05,0.0,0.7,0.03,2,1785005450.0841777,True,False,True,False,1785005337.391981,0,0,1,0,False
1784849457.3002179,20,1785005460.0630221,37.45441367208362,0.7398970016021973,37.00846875715267,True,37.5,36.5,38.6,0.95,0.05,0.0,0.7,0.03,2,1785005470.0905082,True,False,True,False,1785005337.391981,0,0,1,0,False
1784849457.3002179,20,1785005480.0692632,37.446402685587856,0.739935149156939,37.00045777065691,True,37.5,36.5,38.6,0.95,0.05,0.0,0.7,0.03,2,1785005490.1016521,True,False,True,False,1785005337.391981,0,0,1,0,False
1784849457.3002179,20,1785005500.0758193,37.51049057755398,0.7401640344853895,37.03250171663997,True,37.5,36.5,38.6,0.95,0.05,0.0,0.7,0.03,2,1785005510.104567,True,False,True,True,1785005517.3920212,0,False,0,0,False
1784849457.3002179,20,1785005520.082148,37.489127946898606,0.7400686655985352,37.01915007248036,True,37.5,36.5,38.6,0.95,0.05,0.0,0.7,0.03,2,1785005530.1094682,True,False,True,True,1785005517.3920212,0,0,1,0,False
1784849457.3002179,20,1785005540.0883431,37.47310597390707,0.7399923704890515,37.02182040131228,True,37.5,36.5,38.6,0.95,0.05,0.0,0.7,0.03,2,1785005550.1157854,True,False,True,False,1785005517.3920212,0,0,1,0,False
1784849457.3002179,20,1785005560.094691,37.49446860456244,0.7400305180437934,37.04585336079957,True,37.5,36.5,38.6,0.95,0.05,0.0,0.7,0.03,2,1785005570.1221292,True,True,True,False,1785005517.3920212,0,0,1,0,False
1784849457.3002179,20,1785005580.100972,37.52384222171359,0.740087739375906,37.04318303196766,True,37.5,36.5,38.6,0.95,0.05,0.0,0.7,0.03,2,1785005590.1283605,True,True,True,False,1785005517.3920212,0,False,0,0,False
1784849457.3002179,20,1785005600.107355,37.53452353704128,0.7398779278248264,37.03250171663997,True,37.5,36.5,38.6,0.95,0.05,0.0,0.7,0.03,2,1785005610.1348302,True,True,True,False,1785005517.3920212,0,False,0,0,False
1784849457.3002179,20,1785005620.113714,37.507820248722055,0.7398779278248264,37.04318303196766,True,37.5,36.5,38.6,0.95,0.05,0.0,0.7,0.03,2,1785005630.1438482,True,True,True,False,1785005517.3920212,0,False,0,0,False
1784849457.3002179,20,1785005640.120067,37.49179827573053,0.7398397802700846,37.03250171663997,True,37.5,36.5,38.6,0.95,0.05,0.0,0.7,0.03,2,1785005650.1472638,True,False,True,False,1785005517.3920212,0,0,1,0,False
1784849457.3002179,20,1785005660.1269877,37.48645761806668,0.7400686655985352,37.00846875715267,True,37.5,36.5,38.6,0.95,0.05,0.0,0.7,0.03,2,1785005670.1592052,True,True,True,False,1785005517.3920212,0,0,1,0,False
1784849457.3002179,20,1785005680.1339655,37.49446860456244,0.7401640344853895,36.97375448233768,True,37.5,36.5,38.6,0.95,0.05,0.0,0.7,0.03,2,1785005690.1626089,True,False,True,True,1785005697.3920329,0,0,1,0,False
1784849457.3002179,20,1785005700.1406362,37.489127946898606,0.7397253376058595,37.005798428320745,True,37.5,36.5,38.6,0.95,0.05,0.0,0.7,0.03,2,1785005710.169081,True,True,True,True,1785005697.3920329,0,0,1,0,False
1784849457.3002179,20,1785005720.147319,37.489127946898606,0.7401640344853895,37.00312809948882,True,37.5,36.5,38.6,0.95,0.05,0.0,0.7,0.03,2,1785005730.1764424,True,False,True,False,1785005697.3920329,0,0,1,0,False
1784849457.3002179,20,1785005740.1551075,37.51049057755398,0.7398779278248264,37.03250171663997,True,37.5,36.5,38.6,0.95,0.05,0.0,0.7,0.03,2,1785005750.1831212,True,False,True,False,1785005697.3920329,0,False,0,0,False
1784849457.3002179,20,1785005760.1626859,37.49980926222629,0.740240329594873,37.03517204547188,True,37.5,36.5,38.6,0.95,0.05,0.0,0.7,0.03,2,1785005770.1929595,True,False,True,False,1785005697.3920329,0,0,1,0,False
1784849457.3002179,20,1785005780.1696599,37.53452353704128,0.7401068131532769,37.02716105897612,True,37.5,36.5,38.6,0.95,0.05,0.0,0.7,0.03,2,1785005790.1995118,True,False,True,False,1785005697.3920329,0,False,0,0,False
1784849457.3002179,20,1785005800.176127,37.49713893339437,0.7399923704890515,37.048523689631494,True,37.5,36.5,38.6,0.95,0.05,0.0,0.7,0.03,2,1785005810.208724,True,True,True,False,1785005697.3920329,0,0,1,0,False
1784849457.3002179,20,1785005820.1823783,37.49179827573053,0.740087739375906,37.02182040131228,True,37.5,36.5,38.6,0.95,0.05,0.0,0.7,0.03,2,1785005830.209573,True,True,True,False,1785005697.3920329,0,0,1,0,False
1784849457.3002179,20,1785005840.1885161,37.48645761806668,0.7398588540474555,37.01647974364843,True,37.5,36.5,38.6,0.95,0.05,0.0,0.7,0.03,2,1785005850.2166817,True,False,True,False,1785005697.3920329,0,0,1,0,False
1784849457.3002179,20,1785005860.1947744,37.507820248722055,0.7400305180437934,37.00846875715267,True,37.5,36.5,38.6,0.95,0.05,0.0,0.7,0.03,2,1785005870.2241175,True,False,True,True,1785005877.3920631,0,False,0,0,False
1784849457.3002179,20,1785005880.201034,37.51583123521782,0.7401831082627603,37.03784237430381,True,37.5,36.5,38.6,0.95,0.05,0.0,0.7,0.03,2,1785005890.2306201,True,True,True,True,1785005877.3920631,0,False,0,0,False
1784849457.3002179,20,1785005900.207389,37.49980926222629,0.7397634851606011,37.02716105897612,True,37.5,36.5,38.6,0.95,0.05,0.0,0.7,0.03,2,1785005910.2344136,True,False,True,False,1785005877.3920631,0,0,1,0,False
1784849457.3002179,20,1785005920.2138867,37.51049057755398,0.740087739375906,37.029831387808045,True,37.5,36.5,38.6,0.95,0.05,0.0,0.7,0.03,2,1785005930.2413125,True,True,True,False,1785005877.3920631,0,False,0,0,False
1784849457.3002179,20,1785005940.2239723,37.50514991989013,0.7401068131532769,37.011139085984595,True,37.5,36.5,38.6,0.95,0.05,0.0,0.7,0.03,2,1785005950.255275,True,False,True,False,1785005877.3920631,0,False,0,0,False
1784849457.3002179,20,1785005960.234499,37.49446860456244,0.7398588540474555,37.01380941481651,True,37.5,36.5,38.6,0.95,0.05,0.0,0.7,0.03,2,1785005970.2621472,True,True,True,False,1785005877.3920631,0,0,1,0,False
1784849457.3002179,20,1785005980.2409213,37.465094987411305,0.7398779278248264,37.02716105897612,True,37.5,36.5,38.6,0.95,0.05,0.0,0.7,0.03,2,1785005990.2683136,True,False,True,False,1785005877.3920631,0,0,1,0,False
1784849457.3002179,20,1785006000.2471905,37.48645761806668,0.7399732967116808,37.02716105897612,True,37.5,36.5,38.6,0.95,0.05,0.0,0.7,0.03,2,1785006010.2741954,False,True,True,False,1785005877.3920631,0,0,1,0,False
1784849457.3002179,20,1785006020.2533653,37.48645761806668,0.7398207064927138,37.04318303196766,True,37.5,36.5,38.6,0.95,0.05,0.0,0.7,0.03,2,1785006030.280555,False,True,True,False,1785005877.3920631,0,0,1,0,False
1784849457.3002179,20,1785006040.2593403,37.49713893339437,0.7398016327153429,37.053864347295345,True,37.5,36.5,38.6,0.95,0.05,0.0,0.7,0.03,2,1785006050.2866023,False,True,True,True,1785006057.392091,0,0,1,0,False
1784849457.3002179,20,1785006060.2652452,37.49713893339437,0.739916075379568,37.08857862211032,True,37.5,36.5,38.6,0.95,0.05,0.0,0.7,0.03,2,1785006070.2924392,False,True,True,True,1785006057.392091,0,0,1,0,False
1784849457.3002179,20,1785006080.2712097,37.49980926222629,0.7399542229343099,37.053864347295345,True,37.5,36.5,38.6,0.95,0.05,0.0,0.7,0.03,2,1785006090.2990875,False,True,True,False,1785006057.392091,0,0,1,0,False
1784849457.3002179,20,1785006100.277156,37.50514991989013,0.739916075379568,37.06988632028687,True,37.5,36.5,38.6,0.95,0.05,0.0,0.7,0.03,2,1785006110.3043199,False,True,True,False,1785006057.392091,0,False,0,0,False
1784849457.3002179,20,1785006120.283213,37.49446860456244,0.7400114442664225,37.08857862211032,True,37.5,36.5,38.6,0.95,0.05,0.0,0.7,0.03,2,1785006130.313059,False,True,True,False,1785006057.392091,0,0,1,0,False
1784849457.3002179,20,1785006140.2917106,37.51049057755398,0.7396871900511176,37.091248950942244,True,37.5,36.5,38.6,0.95,0.05,0.0,0.7,0.03,2,1785006150.3189123,False,True,True,False,1785006057.392091,0,False,0,0,False
1784849457.3002179,20,1785006160.2977955,37.526512550545505,0.7398970016021973,37.13130388342107,True,37.5,36.5,38.6,0.95,0.05,0.0,0.7,0.03,2,1785006170.3250628,False,True,True,False,1785006057.392091,0,False,0,0,False
1784849457.3002179,20,1785006180.3039122,37.481116960402844,0.7395345998321506,37.12329289692531,True,37.5,36.5,38.6,0.95,0.05,0.0,0.7,0.03,2,1785006190.3310983,False,True,True,False,1785006057.392091,0,0,1,0,False
1784849457.3002179,20,1785006200.309801,37.470435645075156,0.7396299687190051,37.08590829327841,True,37.5,36.5,38.6,0.95,0.05,0.0,0.7,0.03,2,1785006210.3388047,False,True,True,False,1785006057.392091,0,0,1,0,False
1784849457.3002179,20,1785006220.316011,37.48645761806668,0.7398970016021973,37.10727092393378,True,37.5,36.5,38.6,0.95,0.05,0.0,0.7,0.03,2,1785006230.342935,False,True,True,True,1785006237.3920968,0,0,1,0,False
1784849457.3002179,20,1785006240.3220766,37.49179827573053,0.7396299687190051,37.10727092393378,True,37.5,36.5,38.6,0.95,0.05,0.0,0.7,0.03,2,1785006250.349199,False,True,True,True,1785006237.3920968,0,0,1,0,False
1784849457.3002179,20,1785006260.3278885,37.47577630273899,0.7397062638284886,37.115281910429545,True,37.5,36.5,38.6,0.95,0.05,0.0,0.7,0.03,2,1785006270.3551164,False,True,True,False,1785006237.3920968,0,0,1,0,False
1784849457.3002179,20,1785006280.3337753,37.526512550545505,0.7396299687190051,37.11795223926147,True,37.5,36.5,38.6,0.95,0.05,0.0,0.7,0.03,2,1785006290.3609765,False,True,True,False,1785006237.3920968,0,False,0,0,False
1784849457.3002179,20,1785006300.3398259,37.531853208209355,0.7398397802700846,37.12329289692531,True,37.5,36.5,38.6,0.95,0.05,0.0,0.7,0.03,2,1785006310.3670387,False,True,True,False,1785006237.3920968,0,False,0,0,False
1784849457.3002179,20,1785006320.3457487,37.531853208209355,0.7398970016021973,37.115281910429545,True,37.5,36.5,38.6,0.95,0.05,0.0,0.7,0.03,2,1785006330.3729758,False,True,True,False,1785006237.3920968,0,False,0,0,False
1784849457.3002179,20,1785006340.3517427,37.489127946898606,0.7399923704890515,37.11795223926147,True,37.5,36.5,38.6,0.95,0.05,0.0,0.7,0.03,2,1785006350.3789494,False,True,True,False,1785006237.3920968,0,0,1,0,False
1784849457.3002179,20,1785006360.3576245,37.47844663157092,0.7398588540474555,37.09391927977417,True,37.5,36.5,38.6,0.95,0.05,0.0,0.7,0.03,2,1785006370.3848252,False,True,True,False,1785006237.3920968,0,0,1,0,False
1784849457.3002179,20,1785006380.3635945,37.470435645075156,0.7398779278248264,37.096589608606095,True,37.5,36.5,38.6,0.95,0.05,0.0,0.7,0.03,2,1785006390.3907304,False,True,True,False,1785006237.3920968,0,0,1,0,False
1784849457.3002179,20,1785006400.3694634,37.481116960402844,0.7398016327153429,37.14465552758068,True,37.5,36.5,38.6,0.95,0.05,0.0,0.7,0.03,2,1785006410.3966575,False,True,True,True,1785006417.3921185,0,0,1,0,False
1784849457.3002179,20,1785006420.3754148,37.49713893339437,0.7397253376058595,37.12863355458916,True,37.5,36.5,38.6,0.95,0.05,0.0,0.7,0.03,2,1785006430.4027772,False,True,True,True,1785006417.3921185,0,0,1,0,False
1784849457.3002179,20,1785006440.3813097,37.52384222171359,0.7398207064927138,37.133974212252994,True,37.5,36.5,38.6,0.95,0.05,0.0,0.7,0.03,2,1785006450.4085808,False,True,True,False,1785006417.3921185,0,False,0,0,False
1784849457.3002179,20,1785006460.3872967,37.52384222171359,0.7400686655985352,37.13130388342107,True,37.5,36.5,38.6,0.95,0.05,0.0,0.7,0.03,2,1785006470.4145482,False,True,True,False,1785006417.3921185,0,False,0,0,False
1784849457.3002179,20,1785006480.3932917,37.489127946898606,0.7399923704890515,37.14465552758068,True,37.5,36.5,38.6,0.95,0.05,0.0,0.7,0.03,2,1785006490.4204988,False,True,True,False,1785006417.3921185,0,0,1,0,False
1784849457.3002179,20,1785006500.3993847,37.49446860456244,0.7398397802700846,37.12863355458916,True,37.5,36.5,38.6,0.95,0.05,0.0,0.7,0.03,2,1785006510.4266605,False,True,True,False,1785006417.3921185,0,0,1,0,False
1784849457.3002179,20,1785006520.4056137,37.49980926222629,0.7397634851606011,37.13130388342107,True,37.5,36.5,38.6,0.95,0.05,0.0,0.7,0.03,2,1785006530.434745,False,True,True,False,1785006417.3921185,0,0,1,0,False
1784849457.3002179,20,1785006540.411561,37.49980926222629,0.739916075379568,37.133974212252994,True,37.5,36.5,38.6,0.95,0.05,0.0,0.7,0.03,2,1785006550.438828,False,True,True,False,1785006417.3921185,0,0,1,0,False
1784849457.3002179,20,1785006560.4175525,37.489127946898606,0.7398207064927138,37.13130388342107,True,37.5,36.5,38.6,0.95,0.05,0.0,0.7,0.03,2,1785006570.4443069,False,True,True,False,1785006417.3921185,0,0,1,0,False
1784849457.3002179,20,1785006580.4235072,37.513160906385906,0.7397062638284886,37.139314869916845,True,37.5,36.5,38.6,0.95,0.05,0.0,0.7,0.03,2,1785006590.4506955,False,True,True,True,1785006597.3921204,0,False,0,0,False
1784849457.3002179,20,1785006600.4294238,37.52384222171359,0.7399732967116808,37.14465552758068,True,37.5,36.5,38.6,0.95,0.05,0.0,0.7,0.03,2,1785006610.4566605,False,True,True,True,1785006597.3921204,0,False,0,0,False
1784849457.3002179,20,1785006620.4354255,37.465094987411305,0.7400305180437934,37.11261158159762,True,37.5,36.5,38.6,0.95,0.05,0.0,0.7,0.03,2,1785006630.462667,False,True,True,False,1785006597.3921204,0,0,1,0,False
1784849457.3002179,20,1785006640.4413342,37.47577630273899,0.7397825589379721,37.10727092393378,True,37.5,36.5,38.6,0.95,0.05,0.0,0.7,0.03,2,1785006650.4683332,False,True,True,False,1785006597.3921204,0,0,1,0,False
1784849457.3002179,20,1785006660.4473183,37.45975432974747,0.7398588540474555,37.115281910429545,True,37.5,36.5,38.6,0.95,0.05,0.0,0.7,0.03,2,1785006670.4745681,False,True,True,False,1785006597.3921204,0,0,1,0,False
1784849457.3002179,20,1785006680.4531965,37.50514991989013,0.7397062638284886,37.12863355458916,True,37.5,36.5,38.6,0.95,0.05,0.0,0.7,0.03,2,1785006690.4804006,False,True,True,False,1785006597.3921204,0,False,0,0,False
1784849457.3002179,20,1785006700.4592075,37.51583123521782,0.7398016327153429,37.133974212252994,True,37.5,36.5,38.6,0.95,0.05,0.0,0.7,0.03,2,1785006710.486413,False,True,True,False,1785006597.3921204,0,False,0,0,False
1784849457.3002179,20,1785006720.465156,37.49980926222629,0.739649042496376,37.14732585641261,True,37.5,36.5,38.6,0.95,0.05,0.0,0.7,0.03,2,1785006730.4924202,False,True,True,False,1785006597.3921204,0,0,1,0,False
1784849457.3002179,20,1785006740.4711273,37.526512550545505,0.7398970016021973,37.16067750057222,True,37.5,36.5,38.6,0.95,0.05,0.0,0.7,0.03,2,1785006750.4984195,False,True,True,False,1785006597.3921204,0,False,0,0,False
1784849457.3002179,20,1785006760.4771466,37.51049057755398,0.7397062638284886,37.17402914473182,True,37.5,36.5,38.6,0.95,0.05,0.0,0.7,0.03,2,1785006770.5044978,False,True,True,True,1785006777.3921309,0,False,0,0,False
1784849457.3002179,20,1785006780.4833622,37.470435645075156,0.7394392309452964,37.133974212252994,True,37.5,36.5,38.6,0.95,0.05,0.0,0.7,0.03,2,1785006790.5107155,False,True,True,True,1785006777.3921309,0,0,1,0,False
1784849457.3002179,20,1785006800.4894292,37.465094987411305,0.7397062638284886,37.14465552758068,True,37.5,36.5,38.6,0.95,0.05,0.0,0.7,0.03,2,1785006810.5165696,False,True,True,False,1785006777.3921309,0,0,1,0,False
1784849457.3002179,20,1785006820.4954245,37.45975432974747,0.739935149156939,37.11261158159762,True,37.5,36.5,38.6,0.95,0.05,0.0,0.7,0.03,2,1785006830.5230105,False,True,True,False,1785006777.3921309,0,0,1,0,False
1784849457.3002179,20,1785006840.5012918,37.47577630273899,0.739916075379568,37.11261158159762,True,37.5,36.5,38.6,0.95,0.05,0.0,0.7,0.03,2,1785006850.5285077,False,True,True,False,1785006777.3921309,0,0,1,0,False
1784849457.3002179,20,1785006860.5072534,37.470435645075156,0.7394583047226672,37.14732585641261,True,37.5,36.5,38.6,0.95,0.05,0.0,0.7,0.03,2,1785006870.5337777,False,True,True,False,1785006777.3921309,0,0,1,0,False
1784849457.3002179,20,1785006880.51305,37.51049057755398,0.7396299687190051,37.15533684290837,True,37.5,36.5,38.6,0.95,0.05,0.0,0.7,0.03,2,1785006890.5404153,False,True,True,False,1785006777.3921309,0,False,0,0,False
1784849457.3002179,20,1785006900.519168,37.53719386587319,0.7400686655985352,37.16067750057222,True,37.5,36.5,38.6,0.95,0.05,0.0,0.7,0.03,2,1785006910.5465374,False,True,True,False,1785006777.3921309,0,False,0,0,False
1784849457.3002179,20,1785006920.5250607,37.54787518120088,0.7399542229343099,37.184710460059506,True,37.5,36.5,38.6,0.95,0.05,0.0,0.7,0.03,2,1785006930.5522423,False,True,True,False,1785006777.3921309,0,False,0,0,False
1784849457.3002179,20,1785006940.5311272,37.52117189288167,0.7396871900511176,37.17135881589991,True,37.5,36.5,38.6,0.95,0.05,0.0,0.7,0.03,2,1785006950.5575902,False,True,True,True,1785006957.3921638,0,False,0,0,False
1784849457.3002179,20,1785006960.5370717,37.50514991989013,0.7400114442664225,37.12062256809338,True,37.5,36.5,38.6,0.95,0.05,0.0,0.7,0.03,2,1785006970.5637007,False,True,True,True,1785006957.3921638,0,False,0,0,False
1784849457.3002179,20,1785006980.543008,37.438391699092094,0.7395727473868925,37.133974212252994,True,37.5,36.5,38.6,0.95,0.05,0.0,0.7,0.03,2,1785006990.5708513,False,True,True,False,1785006957.3921638,0,0,1,0,False
1784849457.3002179,20,1785007000.5488307,37.427710383764406,0.7394583047226672,37.10193026626993,True,37.5,36.5,38.6,0.95,0.05,0.0,0.7,0.03,2,1785007010.5762436,False,True,True,False,1785006957.3921638,0,0,1,0,False
1784849457.3002179,20,1785007020.5548728,37.43305104142824,0.7395345998321506,37.10193026626993,True,37.5,36.5,38.6,0.95,0.05,0.0,0.7,0.03,2,1785007030.5814965,False,True,True,False,1785006957.3921638,0,0,1,0,False
1784849457.3002179,20,1785007040.560687,37.45975432974747,0.7395727473868925,37.12329289692531,True,37.5,36.5,38.6,0.95,0.05,0.0,0.7,0.03,2,1785007050.588261,False,True,True,False,1785006957.3921638,0,0,1,0,False
1784849457.3002179,20,1785007060.5666203,37.49713893339437,0.7398207064927138,37.12596322575723,True,37.5,36.5,38.6,0.95,0.05,0.0,0.7,0.03,2,1785007070.5931458,False,True,True,False,1785006957.3921638,0,0,1,0,False
1784849457.3002179,20,1785007080.5724547,37.51049057755398,0.739649042496376,37.16601815823606,True,37.5,36.5,38.6,0.95,0.05,0.0,0.7,0.03,2,1785007090.5996435,False,True,True,False,1785006957.3921638,0,False,0,0,False
1784849457.3002179,20,1785007100.5785527,37.53719386587319,0.7398588540474555,37.16601815823606,True,37.5,36.5,38.6,0.95,0.05,0.0,0.7,0.03,2,1785007110.6051145,False,True,True,False,1785006957.3921638,0,False,0,0,False
1784849457.3002179,20,1785007120.5844386,37.53719386587319,0.7399923704890515,37.158007171740294,True,37.5,36.5,38.6,0.95,0.05,0.0,0.7,0.03,2,1785007130.6115136,False,True,True,True,1785007137.3921769,0,False,0,0,False
1784849457.3002179,20,1785007140.5904064,37.489127946898606,0.7394392309452964,37.14999618524453,True,37.5,36.5,38.6,0.95,0.05,0.0,0.7,0.03,2,1785007150.6171107,False,True,True,True,1785007137.3921769,0,0,1,0,False
1784849457.3002179,20,1785007160.59634,37.46776531624323,0.7395918211642634,37.099259937438006,True,37.5,36.5,38.6,0.95,0.05,0.0,0.7,0.03,2,1785007170.6235864,False,True,True,False,1785007137.3921769,0,0,1,0,False
1784849457.3002179,20,1785007180.60231,37.44373235675593,0.7395536736095216,37.10727092393378,True,37.5,36.5,38.6,0.95,0.05,0.0,0.7,0.03,2,1785007190.6296597,False,True,True,False,1785007137.3921769,0,0,1,0,False
1784849457.3002179,20,1785007200.608135,37.47577630273899,0.7398016327153429,37.14465552758068,True,37.5,36.5,38.6,0.95,0.05,0.0,0.7,0.03,2,1785007210.6352584,False,True,True,False,1785007137.3921769,0,0,1,0,False
1784849457.3002179,20,1785007220.6140144,37.49179827573053,0.7395536736095216,37.14465552758068,True,37.5,36.5,38.6,0.95,0.05,0.0,0.7,0.03,2,1785007230.6411862,False,True,True,False,1785007137.3921769,0,0,1,0,False
1784849457.3002179,20,1785007240.6199467,37.51850156404974,0.7395727473868925,37.14999618524453,True,37.5,36.5,38.6,0.95,0.05,0.0,0.7,0.03,2,1785007250.6470373,False,True,True,False,1785007137.3921769,0,False,0,0,False
1784849457.3002179,20,1785007260.6258252,37.550545510032805,0.7398016327153429,37.184710460059506,True,37.5,36.5,38.6,0.95,0.05,0.0,0.7,0.03,2,1785007270.6529608,False,True,True,False,1785007137.3921769,0,False,0,0,False
1784849457.3002179,20,1785007280.63181,37.54787518120088,0.7397062638284886,37.182040131227595,True,37.5,36.5,38.6,0.95,0.05,0.0,0.7,0.03,2,1785007290.658796,False,True,True,False,1785007137.3921769,0,False,0,0,False
1784849457.3002179,20,1785007300.6377544,37.49980926222629,0.739649042496376,37.17135881589991,True,37.5,36.5,38.6,0.95,0.05,0.0,0.7,0.03,2,1785007310.664946,False,True,True,True,1785007317.3921847,0,0,1,0,False
1784849457.3002179,20,1785007320.6436548,37.489127946898606,0.739935149156939,37.13664454108492,True,37.5,36.5,38.6,0.95,0.05,0.0,0.7,0.03,2,1785007330.6708937,False,True,True,True,1785007317.3921847,0,0,1,0,False
1784849457.3002179,20,1785007340.6495378,37.45708400091554,0.7395727473868925,37.11795223926147,True,37.5,36.5,38.6,0.95,0.05,0.0,0.7,0.03,2,1785007350.6767545,False,True,True,False,1785007317.3921847,0,0,1,0,False
1784849457.3002179,20,1785007360.6554039,37.46776531624323,0.7398397802700846,37.12062256809338,True,37.5,36.5,38.6,0.95,0.05,0.0,0.7,0.03,2,1785007370.6826081,False,True,True,False,1785007317.3921847,0,0,1,0,False
1784849457.3002179,20,1785007380.6612444,37.481116960402844,0.7398016327153429,37.12863355458916,True,37.5,36.5,38.6,0.95,0.05,0.0,0.7,0.03,2,1785007390.6884432,False,True,True,False,1785007317.3921847,0,0,1,0,False
1784849457.3002179,20,1785007400.6671546,37.49713893339437,0.739916075379568,37.16601815823606,True,37.5,36.5,38.6,0.95,0.05,0.0,0.7,0.03,2,1785007410.6940072,False,True,True,False,1785007317.3921847,0,0,1,0,False
1784849457.3002179,20,1785007420.6729655,37.52384222171359,0.7397062638284886,37.19272144655528,True,37.5,36.5,38.6,0.95,0.05,0.0,0.7,0.03,2,1785007430.7000794,False,True,True,False,1785007317.3921847,0,False,0,0,False
1784849457.3002179,20,1785007440.6789649,37.550545510032805,0.7397253376058595,37.176699473563744,True,37.5,36.5,38.6,0.95,0.05,0.0,0.7,0.03,2,1785007450.7062259,False,True,True,False,1785007317.3921847,0,False,0,0,False
1784849457.3002179,20,1785007460.6849546,37.51850156404974,0.7396299687190051,37.184710460059506,True,37.5,36.5,38.6,0.95,0.05,0.0,0.7,0.03,2,1785007470.71209,False,True,True,False,1785007317.3921847,0,False,0,0,False
1784849457.3002179,20,1785007480.6909494,37.483787289234755,0.7395536736095216,37.16601815823606,True,37.5,36.5,38.6,0.95,0.05,0.0,0.7,0.03,2,1785007490.7181268,False,True,True,True,1785007497.392195,0,0,1,0,False
1784849457.3002179,20,1785007500.6967895,37.47310597390707,0.7397062638284886,37.14465552758068,True,37.5,36.5,38.6,0.95,0.05,0.0,0.7,0.03,2,1785007510.7239656,False,True,True,True,1785007497.392195,0,0,1,0,False
1784849457.3002179,20,1785007520.70265,37.446402685587856,0.7394583047226672,37.12062256809338,True,37.5,36.5,38.6,0.95,0.05,0.0,0.7,0.03,2,1785007530.7294319,False,True,True,False,1785007497.392195,0,0,1,0,False
1784849457.3002179,20,1785007540.7085288,37.47310597390707,0.7398588540474555,37.12863355458916,True,37.5,36.5,38.6,0.95,0.05,0.0,0.7,0.03,2,1785007550.7356887,False,True,True,False,1785007497.392195,0,0,1,0,False
1784849457.3002179,20,1785007560.7144125,37.47844663157092,0.7397253376058595,37.158007171740294,True,37.5,36.5,38.6,0.95,0.05,0.0,0.7,0.03,2,1785007570.7410164,False,True,True,False,1785007497.392195,0,0,1,0,False
1784849457.3002179,20,1785007580.7202919,37.52384222171359,0.7396299687190051,37.17135881589991,True,37.5,36.5,38.6,0.95,0.05,0.0,0.7,0.03,2,1785007590.7475348,False,True,True,False,1785007497.392195,0,False,0,0,False
1784849457.3002179,20,1785007600.7264023,37.53986419470512,0.7395918211642634,37.16067750057222,True,37.5,36.5,38.6,0.95,0.05,0.0,0.7,0.03,2,1785007610.7536607,False,True,True,False,1785007497.392195,0,False,0,0,False
1784849457.3002179,20,1785007620.7324734,37.513160906385906,0.7396871900511176,37.182040131227595,True,37.5,36.5,38.6,0.95,0.05,0.0,0.7,0.03,2,1785007630.7590492,False,True,True,False,1785007497.392195,0,False,0,0,False
1784849457.3002179,20,1785007640.7383916,37.48645761806668,0.7397062638284886,37.15533684290837,True,37.5,36.5,38.6,0.95,0.05,0.0,0.7,0.03,2,1785007650.7650473,False,True,True,False,1785007497.392195,0,0,1,0,False
1784849457.3002179,20,1785007660.7443557,37.49713893339437,0.7397253376058595,37.16868848706798,True,37.5,36.5,38.6,0.95,0.05,0.0,0.7,0.03,2,1785007670.771536,False,True,True,True,1785007677.392217,0,0,1,0,False
1784849457.3002179,20,1785007680.7502675,37.49980926222629,0.739496452277409,37.14999618524453,True,37.5,36.5,38.6,0.95,0.05,0.0,0.7,0.03,2,1785007690.7777743,False,True,True,True,1785007677.392217,0,0,1,0,False
1784849457.3002179,20,1785007700.7561088,37.489127946898606,0.7395918211642634,37.139314869916845,True,37.5,36.5,38.6,0.95,0.05,0.0,0.7,0.03,2,1785007710.7827857,False,True,True,False,1785007677.392217,0,0,1,0,False
1784849457.3002179,20,1785007720.7621026,37.489127946898606,0.7394010833905547,37.16334782940413,True,37.5,36.5,38.6,0.95,0.05,0.0,0.7,0.03,2,1785007730.7893822,False,True,True,False,1785007677.392217,0,0,1,0,False
1784849457.3002179,20,1785007740.7680042,37.526512550545505,0.7397062638284886,37.176699473563744,True,37.5,36.5,38.6,0.95,0.05,0.0,0.7,0.03,2,1785007750.7955346,False,True,True,False,1785007677.392217,0,False,0,0,False
1784849457.3002179,20,1785007760.774328,37.51583123521782,0.739649042496376,37.16334782940413,True,37.5,36.5,38.6,0.95,0.05,0.0,0.7,0.03,2,1785007770.8027294,False,True,True,False,1785007677.392217,0,False,0,0,False
1784849457.3002179,20,1785007780.7802422,37.49713893339437,0.7398397802700846,37.16601815823606,True,37.5,36.5,38.6,0.95,0.05,0.0,0.7,0.03,2,1785007790.8071601,False,True,True,False,1785007677.392217,0,0,1,0,False
1784849457.3002179,20,1785007800.7862227,37.49713893339437,0.7396871900511176,37.16601815823606,True,37.5,36.5,38.6,0.95,0.05,0.0,0.7,0.03,2,1785007810.8133497,False,True,True,False,1785007677.392217,0,0,1,0,False
1784849457.3002179,20,1785007820.7921085,37.50247959105822,0.7398397802700846,37.14465552758068,True,37.5,36.5,38.6,0.95,0.05,0.0,0.7,0.03,2,1785007830.8191984,False,True,True,False,1785007677.392217,0,False,0,0,False
1784849457.3002179,20,1785007840.7980757,37.48645761806668,0.7395918211642634,37.16067750057222,True,37.5,36.5,38.6,0.95,0.05,0.0,0.7,0.03,2,1785007850.82698,False,True,True,True,1785007857.392252,0,0,1,0,False
1784849457.3002179,20,1785007860.8039737,37.49179827573053,0.7393247882810712,37.14732585641261,True,37.5,36.5,38.6,0.95,0.05,0.0,0.7,0.03,2,1785007870.831286,False,True,True,True,1785007857.392252,0,0,1,0,False
1784849457.3002179,20,1785007880.8099651,37.483787289234755,0.7397253376058595,37.14465552758068,True,37.5,36.5,38.6,0.95,0.05,0.0,0.7,0.03,2,1785007890.8371508,False,True,True,False,1785007857.392252,0,0,1,0,False
1784849457.3002179,20,1785007900.8158524,37.49980926222629,0.7395918211642634,37.14999618524453,True,37.5,36.5,38.6,0.95,0.05,0.0,0.7,0.03,2,1785007910.8430803,False,True,True,False,1785007857.392252,0,0,1,0,False
1784849457.3002179,20,1785007920.8217657,37.51583123521782,0.7397825589379721,37.184710460059506,True,37.5,36.5,38.6,0.95,0.05,0.0,0.7,0.03,2,1785007930.849511,False,True,True,False,1785007857.392252,0,False,0,0,False
1784849457.3002179,20,1785007940.8277936,37.531853208209355,0.7398397802700846,37.182040131227595,True,37.5,36.5,38.6,0.95,0.05,0.0,0.7,0.03,2,1785007950.8545058,False,True,True,False,1785007857.392252,0,False,0,0,False
1784849457.3002179,20,1785007960.8337913,37.526512550545505,0.7397253376058595,37.17936980239567,True,37.5,36.5,38.6,0.95,0.05,0.0,0.7,0.03,2,1785007970.8608818,False,True,True,False,1785007857.392252,0,False,0,0,False
1784849457.3002179,20,1785007980.839743,37.50247959105822,0.7395918211642634,37.16067750057222,True,37.5,36.5,38.6,0.95,0.05,0.0,0.7,0.03,2,1785007990.8669682,False,True,True,False,1785007857.392252,0,False,0,0,False
1784849457.3002179,20,1785008000.8457553,37.45975432974747,0.7396108949416341,37.11795223926147,True,37.5,36.5,38.6,0.95,0.05,0.0,0.7,0.03,2,1785008010.8729405,False,True,True,False,1785007857.392252,0,0,1,0,False
1784849457.3002179,20,1785008020.8517663,37.47577630273899,0.7395345998321506,37.11261158159762,True,37.5,36.5,38.6,0.95,0.05,0.0,0.7,0.03,2,1785008030.879305,False,True,True,True,1785008037.3922696,0,0,1,0,False
1784849457.3002179,20,1785008040.8576627,37.44373235675593,0.739343862058442,37.12863355458916,True,37.5,36.5,38.6,0.95,0.05,0.0,0.7,0.03,2,1785008050.8848493,False,True,True,True,1785008037.3922696,0,0,1,0,False
1784849457.3002179,20,1785008060.863647,37.470435645075156,0.7396681162737468,37.13130388342107,True,37.5,36.5,38.6,0.95,0.05,0.0,0.7,0.03,2,1785008070.8908067,False,True,True,False,1785008037.3922696,0,0,1,0,False
1784849457.3002179,20,1785008080.8697076,37.489127946898606,0.7394583047226672,37.14465552758068,True,37.5,36.5,38.6,0.95,0.05,0.0,0.7,0.03,2,1785008090.8975725,False,True,True,False,1785008037.3922696,0,0,1,0,False
1784849457.3002179,20,1785008100.875675,37.53719386587319,0.7395345998321506,37.15533684290837,True,37.5,36.5,38.6,0.95,0.05,0.0,0.7,0.03,2,1785008110.9029458,False,True,True,False,1785008037.3922696,0,False,0,0,False
1784849457.3002179,20,1785008120.881718,37.54253452353704,0.7395918211642634,37.17936980239567,True,37.5,36.5,38.6,0.95,0.05,0.0,0.7,0.03,2,1785008130.9102767,False,True,True,False,1785008037.3922696,0,False,0,0,False
1784849457.3002179,20,1785008140.8879952,37.531853208209355,0.7394583047226672,37.18738078889143,True,37.5,36.5,38.6,0.95,0.05,0.0,0.7,0.03,2,1785008150.9154415,False,True,True,False,1785008037.3922696,0,False,0,0,False
1784849457.3002179,20,1785008160.894133,37.50514991989013,0.7394773785000381,37.17402914473182,True,37.5,36.5,38.6,0.95,0.05,0.0,0.7,0.03,2,1785008170.9212656,False,True,True,False,1785008037.3922696,0,False,0,0,False
1784849457.3002179,20,1785008180.9001498,37.513160906385906,0.739496452277409,37.139314869916845,True,37.5,36.5,38.6,0.95,0.05,0.0,0.7,0.03,2,1785008190.9273262,False,True,True,False,1785008037.3922696,0,False,0,0,False
1784849457.3002179,20,1785008200.9061785,37.470435645075156,0.7395155260547799,37.15533684290837,True,37.5,36.5,38.6,0.95,0.05,0.0,0.7,0.03,2,1785008210.9335494,False,True,True,True,1785008217.3923085,0,0,1,0,False
1784849457.3002179,20,1785008220.9122293,37.44907301441978,0.7396299687190051,37.10193026626993,True,37.5,36.5,38.6,0.95,0.05,0.0,0.7,0.03,2,1785008230.939478,False,True,True,True,1785008217.3923085,0,0,1,0,False
1784849457.3002179,20,1785008240.918263,37.43305104142824,0.7394773785000381,37.10727092393378,True,37.5,36.5,38.6,0.95,0.05,0.0,0.7,0.03,2,1785008250.9453833,False,True,True,False,1785008217.3923085,0,0,1,0,False
1784849457.3002179,20,1785008260.924154,37.44907301441978,0.7396299687190051,37.158007171740294,True,37.5,36.5,38.6,0.95,0.05,0.0,0.7,0.03,2,1785008270.9513009,False,True,True,False,1785008217.3923085,0,0,1,0,False
1784849457.3002179,20,1785008280.9300463,37.51049057755398,0.7394773785000381,37.139314869916845,True,37.5,36.5,38.6,0.95,0.05,0.0,0.7,0.03,2,1785008290.957237,False,True,True,False,1785008217.3923085,0,False,0,0,False
1784849457.3002179,20,1785008300.9361098,37.49980926222629,0.7395727473868925,37.17135881589991,True,37.5,36.5,38.6,0.95,0.05,0.0,0.7,0.03,2,1785008310.963321,False,True,True,False,1785008217.3923085,0,0,1,0,False
1784849457.3002179,20,1785008320.9420485,37.51583123521782,0.7397634851606011,37.17402914473182,True,37.5,36.5,38.6,0.95,0.05,0.0,0.7,0.03,2,1785008330.9691246,False,True,True,False,1785008217.3923085,0,False,0,0,False
1784849457.3002179,20,1785008340.9480126,37.526512550545505,0.7394773785000381,37.19806210421912,True,37.5,36.5,38.6,0.95,0.05,0.0,0.7,0.03,2,1785008350.9750798,False,True,True,False,1785008217.3923085,0,False,0,0,False
1784849457.3002179,20,1785008360.9539707,37.50514991989013,0.7396681162737468,37.17402914473182,True,37.5,36.5,38.6,0.95,0.05,0.0,0.7,0.03,2,1785008370.980695,False,True,True,False,1785008217.3923085,0,False,0,0,False
1784849457.3002179,20,1785008380.959987,37.47577630273899,0.7396871900511176,37.17135881589991,True,37.5,36.5,38.6,0.95,0.05,0.0,0.7,0.03,2,1785008390.9872131,False,True,True,True,1785008397.3923142,0,0,1,0,False
1784849457.3002179,20,1785008400.9659934,37.44373235675593,0.7395345998321506,37.14465552758068,True,37.5,36.5,38.6,0.95,0.05,0.0,0.7,0.03,2,1785008410.993102,False,True,True,True,1785008397.3923142,0,0,1,0,False
1784849457.3002179,20,1785008420.9719038,37.44373235675593,0.7394583047226672,37.12329289692531,True,37.5,36.5,38.6,0.95,0.05,0.0,0.7,0.03,2,1785008430.9990542,False,True,True,False,1785008397.3923142,0,0,1,0,False
1784849457.3002179,20,1785008440.977859,37.49713893339437,0.7394583047226672,37.12863355458916,True,37.5,36.5,38.6,0.95,0.05,0.0,0.7,0.03,2,1785008451.0050154,False,True,True,False,1785008397.3923142,0,0,1,0,False
1784849457.3002179,20,1785008460.9837642,37.50247959105822,0.7396681162737468,37.152666514076444,True,37.5,36.5,38.6,0.95,0.05,0.0,0.7,0.03,2,1785008471.0110545,False,True,True,False,1785008397.3923142,0,False,0,0,False
1784849457.3002179,20,1785008480.9899254,37.50514991989013,0.7394392309452964,37.17135881589991,True,37.5,36.5,38.6,0.95,0.05,0.0,0.7,0.03,2,1785008491.017149,False,True,True,False,1785008397.3923142,0,False,0,0,False
1784849457.3002179,20,1785008500.996019,37.55321583886473,0.7394583047226672,37.19806210421912,True,37.5,36.5,38.6,0.95,0.05,0.0,0.7,0.03,2,1785008511.0233047,False,True,True,False,1785008397.3923142,0,False,0,0,False
1784849457.3002179,20,1785008521.0021775,37.51049057755398,0.7398588540474555,37.17402914473182,True,37.5,36.5,38.6,0.95,0.05,0.0,0.7,0.03,2,1785008531.0293489,False,True,True,False,1785008397.3923142,0,False,0,0,False
1784849457.3002179,20,1785008541.0081654,37.489127946898606,0.7394010833905547,37.16601815823606,True,37.5,36.5,38.6,0.95,0.05,0.0,0.7,0.03,2,1785008551.0354521,False,True,True,False,1785008397.3923142,0,0,1,0,False
1784849457.3002179,20,1785008561.01421,37.47310597390707,0.7394010833905547,37.141985198748756,True,37.5,36.5,38.6,0.95,0.05,0.0,0.7,0.03,2,1785008571.0418217,False,True,True,True,1785008577.3923435,0,0,1,0,False
1784849457.3002179,20,1785008581.0202386,37.470435645075156,0.7395536736095216,37.14465552758068,True,37.5,36.5,38.6,0.95,0.05,0.0,0.7,0.03,2,1785008591.0475008,False,True,True,True,1785008577.3923435,0,0,1,0,False
1784849457.3002179,20,1785008601.0261958,37.49179827573053,0.739496452277409,37.15533684290837,True,37.5,36.5,38.6,0.95,0.05,0.0,0.7,0.03,2,1785008611.0533788,False,True,True,False,1785008577.3923435,0,0,1,0,False
1784849457.3002179,20,1785008621.0320697,37.507820248722055,0.7393820096131837,37.16601815823606,True,37.5,36.5,38.6,0.95,0.05,0.0,0.7,0.03,2,1785008631.059204,False,True,True,False,1785008577.3923435,0,False,0,0,False
1784849457.3002179,20,1785008641.0380335,37.49713893339437,0.7395727473868925,37.17135881589991,True,37.5,36.5,38.6,0.95,0.05,0.0,0.7,0.03,2,1785008651.0651472,False,True,True,False,1785008577.3923435,0,0,1,0,False
1784849457.3002179,20,1785008661.0438895,37.49713893339437,0.7396108949416341,37.17936980239567,True,37.5,36.5,38.6,0.95,0.05,0.0,0.7,0.03,2,1785008671.0711303,False,True,True,False,1785008577.3923435,0,0,1,0,False
1784849457.3002179,20,1785008681.0497315,37.51049057755398,0.7397825589379721,37.17135881589991,True,37.5,36.5,38.6,0.95,0.05,0.0,0.7,0.03,2,1785008691.077434,False,True,True,False,1785008577.3923435,0,False,0,0,False
1784849457.3002179,20,1785008701.0558498,37.531853208209355,0.7395345998321506,37.15533684290837,True,37.5,36.5,38.6,0.95,0.05,0.0,0.7,0.03,2,1785008711.0830271,False,True,True,False,1785008577.3923435,0,False,0,0,False
1784849457.3002179,20,1785008721.0619411,37.49446860456244,0.7395536736095216,37.14732585641261,True,37.5,36.5,38.6,0.95,0.05,0.0,0.7,0.03,2,1785008731.0891466,False,True,True,False,1785008577.3923435,0,0,1,0,False
1784849457.3002179,20,1785008741.067802,37.46242465857938,0.7393247882810712,37.14999618524453,True,37.5,36.5,38.6,0.95,0.05,0.0,0.7,0.03,2,1785008751.094969,False,True,True,True,1785008757.3923492,0,0,1,0,False
1784849457.3002179,20,1785008761.0736458,37.49980926222629,0.7395345998321506,37.16334782940413,True,37.5,36.5,38.6,0.95,0.05,0.0,0.7,0.03,2,1785008771.1008425,False,True,True,True,1785008757.3923492,0,0,1,0,False
1784849457.3002179,20,1785008781.0795577,37.49713893339437,0.7395727473868925,37.15533684290837,True,37.5,36.5,38.6,0.95,0.05,0.0,0.7,0.03,2,1785008791.106787,False,True,True,False,1785008757.3923492,0,0,1,0,False
1784849457.3002179,20,1785008801.08542,37.49713893339437,0.7395727473868925,37.17135881589991,True,37.5,36.5,38.6,0.95,0.05,0.0,0.7,0.03,2,1785008811.1125677,False,True,True,False,1785008757.3923492,0,0,1,0,False
1784849457.3002179,20,1785008821.0912907,37.52384222171359,0.7395345998321506,37.18738078889143,True,37.5,36.5,38.6,0.95,0.05,0.0,0.7,0.03,2,1785008831.1179445,False,True,True,False,1785008757.3923492,0,False,0,0,False
1784849457.3002179,20,1785008841.0972235,37.57190814068818,0.7395155260547799,37.19806210421912,True,37.5,36.5,38.6,0.95,0.05,0.0,0.7,0.03,2,1785008851.1244671,False,True,True,False,1785008757.3923492,0,False,0,0,False
1784849457.3002179,20,1785008861.1033094,37.550545510032805,0.7395918211642634,37.19539177538719,True,37.5,36.5,38.6,0.95,0.05,0.0,0.7,0.03,2,1785008871.130554,False,True,True,False,1785008757.3923492,0,False,0,0,False
1784849457.3002179,20,1785008881.1092854,37.526512550545505,0.7394583047226672,37.182040131227595,True,37.5,36.5,38.6,0.95,0.05,0.0,0.7,0.03,2,1785008891.136467,False,True,True,False,1785008757.3923492,0,False,0,0,False
1784849457.3002179,20,1785008901.1153045,37.489127946898606,0.7395536736095216,37.16601815823606,True,37.5,36.5,38.6,0.95,0.05,0.0,0.7,0.03,2,1785008911.1427915,False,True,True,False,1785008757.3923492,0,0,1,0,False
1784849457.3002179,20,1785008921.1214733,37.489127946898606,0.739210345616846,37.158007171740294,True,37.5,36.5,38.6,0.95,0.05,0.0,0.7,0.03,2,1785008931.1509695,False,True,True,True,1785008937.3923786,0,0,1,0,False
1784849457.3002179,20,1785008941.1277483,37.489127946898606,0.739343862058442,37.14999618524453,True,37.5,36.5,38.6,0.95,0.05,0.0,0.7,0.03,2,1785008951.1562886,False,True,True,True,1785008937.3923786,0,0,1,0,False
1784849457.3002179,20,1785008961.1339874,37.49980926222629,0.739210345616846,37.16868848706798,True,37.5,36.5,38.6,0.95,0.05,0.0,0.7,0.03,2,1785008971.1637692,False,True,True,False,1785008937.3923786,0,0,1,0,False
1784849457.3002179,20,1785008981.1401253,37.507820248722055,0.7394583047226672,37.16067750057222,True,37.5,36.5,38.6,0.95,0.05,0.0,0.7,0.03,2,1785008991.1688864,False,True,True,False,1785008937.3923786,0,False,0,0,False
1784849457.3002179,20,1785009001.146261,37.513160906385906,0.739496452277409,37.18738078889143,True,37.5,36.5,38.6,0.95,0.05,0.0,0.7,0.03,2,1785009011.175452,False,True,True,False,1785008937.3923786,0,False,0,0,False
1784849457.3002179,20,1785009021.1526263,37.50247959105822,0.7395155260547799,37.16067750057222,True,37.5,36.5,38.6,0.95,0.05,0.0,0.7,0.03,2,1785009031.1826198,False,True,True,False,1785008937.3923786,0,False,0,0,False
1784849457.3002179,20,1785009041.158885,37.49713893339437,0.7395918211642634,37.16601815823606,True,37.5,36.5,38.6,0.95,0.05,0.0,0.7,0.03,2,1785009051.1887906,False,True,True,False,1785008937.3923786,0,0,1,0,False
1784849457.3002179,20,1785009061.1651556,37.470435645075156,0.7395918211642634,37.141985198748756,True,37.5,36.5,38.6,0.95,0.05,0.0,0.7,0.03,2,1785009071.1951888,False,True,True,False,1785008937.3923786,0,0,1,0,False
1784849457.3002179,20,1785009081.1713502,37.46776531624323,0.739496452277409,37.12863355458916,True,37.5,36.5,38.6,0.95,0.05,0.0,0.7,0.03,2,1785009091.2009635,False,True,True,False,1785008937.3923786,0,0,1,0,False
1784849457.3002179,20,1785009101.1776311,37.49980926222629,0.739649042496376,37.14465552758068,True,37.5,36.5,38.6,0.95,0.05,0.0,0.7,0.03,2,1785009111.2047663,False,True,True,True,1785009117.3924117,0,0,1,0,False
1784849457.3002179,20,1785009121.1834826,37.526512550545505,0.7394773785000381,37.152666514076444,True,37.5,36.5,38.6,0.95,0.05,0.0,0.7,0.03,2,1785009131.210696,False,True,True,True,1785009117.3924117,0,False,0,0,False
1784849457.3002179,20,1785009141.1894937,37.52117189288167,0.7393820096131837,37.176699473563744,True,37.5,36.5,38.6,0.95,0.05,0.0,0.7,0.03,2,1785009151.2166877,False,True,True,False,1785009117.3924117,0,False,0,0,False
1784849457.3002179,20,1785009161.1955287,37.52117189288167,0.7397062638284886,37.17402914473182,True,37.5,36.5,38.6,0.95,0.05,0.0,0.7,0.03,2,1785009171.2227032,False,True,True,False,1785009117.3924117,0,False,0,0,False
1784849457.3002179,20,1785009181.2014873,37.507820248722055,0.7393820096131837,37.17135881589991,True,37.5,36.5,38.6,0.95,0.05,0.0,0.7,0.03,2,1785009191.2286541,False,True,True,False,1785009117.3924117,0,False,0,0,False
1784849457.3002179,20,1785009201.2075558,37.48645761806668,0.739343862058442,37.17135881589991,True,37.5,36.5,38.6,0.95,0.05,0.0,0.7,0.03,2,1785009211.2348568,False,True,True,False,1785009117.3924117,0,0,1,0,False
1784849457.3002179,20,1785009221.2135892,37.48645761806668,0.7395536736095216,37.14465552758068,True,37.5,36.5,38.6,0.95,0.05,0.0,0.7,0.03,2,1785009231.2408273,False,True,True,False,1785009117.3924117,0,0,1,0,False
1784849457.3002179,20,1785009241.219574,37.48645761806668,0.7393629358358129,37.182040131227595,True,37.5,36.5,38.6,0.95,0.05,0.0,0.7,0.03,2,1785009251.2468274,False,True,True,False,1785009117.3924117,0,0,1,0,False
1784849457.3002179,20,1785009261.225481,37.49713893339437,0.7394010833905547,37.17402914473182,True,37.5,36.5,38.6,0.95,0.05,0.0,0.7,0.03,2,1785009271.2522619,False,True,True,False,1785009117.3924117,0,0,1,0,False
1784849457.3002179,20,1785009281.231463,37.526512550545505,0.7391912718394751,37.182040131227595,True,37.5,36.5,38.6,0.95,0.05,0.0,0.7,0.03,2,1785009291.2586977,False,True,True,True,1785009297.3924434,0,False,0,0,False
1784849457.3002179,20,1785009301.2374296,37.49980926222629,0.7393629358358129,37.16601815823606,True,37.5,36.5,38.6,0.95,0.05,0.0,0.7,0.03,2,1785009311.264141,False,True,True,True,1785009297.3924434,0,0,1,0,False
1784849457.3002179,20,1785009321.2433062,37.47310597390707,0.7394010833905547,37.158007171740294,True,37.5,36.5,38.6,0.95,0.05,0.0,0.7,0.03,2,1785009331.2700038,False,True,True,False,1785009297.3924434,0,0,1,0,False
1784849457.3002179,20,1785009341.2490747,37.49446860456244,0.7394201571679255,37.17135881589991,True,37.5,36.5,38.6,0.95,0.05,0.0,0.7,0.03,2,1785009351.2759526,False,True,True,False,1785009297.3924434,0,0,1,0,False
1784849457.3002179,20,1785009361.254986,37.526512550545505,0.7391531242847332,37.184710460059506,True,37.5,36.5,38.6,0.95,0.05,0.0,0.7,0.03,2,1785009371.28154,False,True,True,False,1785009297.3924434,0,False,0,0,False
1784849457.3002179,20,1785009381.2608712,37.550545510032805,0.7394773785000381,37.21408407721066,True,37.5,36.5,38.6,0.95,0.05,0.0,0.7,0.03,2,1785009391.2880325,False,True,True,False,1785009297.3924434,0,False,0,0,False
1784849457.3002179,20,1785009401.26687,37.513160906385906,0.7394392309452964,37.17135881589991,True,37.5,36.5,38.6,0.95,0.05,0.0,0.7,0.03,2,1785009411.294003,False,True,True,False,1785009297.3924434,0,False,0,0,False
1784849457.3002179,20,1785009421.2728057,37.513160906385906,0.739210345616846,37.182040131227595,True,37.5,36.5,38.6,0.95,0.05,0.0,0.7,0.03,2,1785009431.2999794,False,True,True,False,1785009297.3924434,0,False,0,0,False
1784849457.3002179,20,1785009441.2788806,37.49713893339437,0.739210345616846,37.15533684290837,True,37.5,36.5,38.6,0.95,0.05,0.0,0.7,0.03,2,1785009451.3054645,False,True,True,False,1785009297.3924434,0,0,1,0,False
1784849457.3002179,20,1785009461.2846944,37.45975432974747,0.7396108949416341,37.14732585641261,True,37.5,36.5,38.6,0.95,0.05,0.0,0.7,0.03,2,1785009471.3113687,False,True,True,True,1785009477.392471,0,0,1,0,False
1784849457.3002179,20,1785009481.2905293,37.46242465857938,0.7394201571679255,37.14465552758068,True,37.5,36.5,38.6,0.95,0.05,0.0,0.7,0.03,2,1785009491.3177166,False,True,True,True,1785009477.392471,0,0,1,0,False
1784849457.3002179,20,1785009501.2963548,37.47844663157092,0.739057755397879,37.14465552758068,True,37.5,36.5,38.6,0.95,0.05,0.0,0.7,0.03,2,1785009511.3236682,False,True,True,False,1785009477.392471,0,0,1,0,False
1784849457.3002179,20,1785009521.3023765,37.49980926222629,0.7392675669489586,37.16334782940413,True,37.5,36.5,38.6,0.95,0.05,0.0,0.7,0.03,2,1785009531.3296263,False,True,True,False,1785009477.392471,0,0,1,0,False
1784849457.3002179,20,1785009541.3082123,37.526512550545505,0.7394201571679255,37.18738078889143,True,37.5,36.5,38.6,0.95,0.05,0.0,0.7,0.03,2,1785009551.334702,False,True,True,False,1785009477.392471,0,False,0,0,False
1784849457.3002179,20,1785009561.3142247,37.526512550545505,0.7390386816205081,37.200732433051044,True,37.5,36.5,38.6,0.95,0.05,0.0,0.7,0.03,2,1785009571.3416128,False,True,True,False,1785009477.392471,0,False,0,0,False
1784849457.3002179,20,1785009581.320418,37.550545510032805,0.7393820096131837,37.208743419546806,True,37.5,36.5,38.6,0.95,0.05,0.0,0.7,0.03,2,1785009591.347601,False,True,True,False,1785009477.392471,0,False,0,0,False
1784849457.3002179,20,1785009601.3264618,37.555886167696656,0.7397634851606011,37.19272144655528,True,37.5,36.5,38.6,0.95,0.05,0.0,0.7,0.03,2,1785009611.3532548,True,False,True,False,1785009477.392471,0,False,0,0,False
1784849457.3002179,20,1785009621.33251,37.52384222171359,0.7394010833905547,37.18738078889143,True,37.5,36.5,38.6,0.95,0.05,0.0,0.7,0.03,2,1785009631.359441,True,False,True,False,1785009477.392471,0,False,0,0,False
1784849457.3002179,20,1785009641.338837,37.513160906385906,0.7390959029526207,37.14999618524453,True,37.5,36.5,38.6,0.95,0.05,0.0,0.7,0.03,2,1785009651.3692946,True,False,True,True,1785009657.3924742,0,False,0,0,False
1784849457.3002179,20,1785009661.3452578,37.48645761806668,0.7392484931715877,37.13664454108492,True,37.5,36.5,38.6,0.95,0.05,0.0,0.7,0.03,2,1785009671.3756852,True,True,True,True,1785009657.3924742,0,0,1,0,False
1784849457.3002179,20,1785009681.3515015,37.49980926222629,0.7393057145037002,37.091248950942244,True,37.5,36.5,38.6,0.95,0.05,0.0,0.7,0.03,2,1785009691.3887393,True,True,True,False,1785009657.3924742,0,0,1,0,False
1784849457.3002179,20,1785009701.3585203,37.49980926222629,0.739210345616846,37.096589608606095,True,37.5,36.5,38.6,0.95,0.05,0.0,0.7,0.03,2,1785009711.3885329,True,False,True,False,1785009657.3924742,0,0,1,0,False
1784849457.3002179,20,1785009721.365333,37.51049057755398,0.7394773785000381,37.12062256809338,True,37.5,36.5,38.6,0.95,0.05,0.0,0.7,0.03,2,1785009731.396018,True,False,True,False,1785009657.3924742,0,False,0,0,False
1784849457.3002179,20,1785009741.3718288,37.53719386587319,0.7396108949416341,37.11795223926147,True,37.5,36.5,38.6,0.95,0.05,0.0,0.7,0.03,2,1785009751.4005024,True,True,True,False,1785009657.3924742,0,False,0,0,False
1784849457.3002179,20,1785009761.3785923,37.531853208209355,0.7391912718394751,37.12062256809338,True,37.5,36.5,38.6,0.95,0.05,0.0,0.7,0.03,2,1785009771.4060938,True,False,True,False,1785009657.3924742,0,False,0,0,False
1784849457.3002179,20,1785009781.3849058,37.507820248722055,0.7393820096131837,37.096589608606095,True,37.5,36.5,38.6,0.95,0.05,0.0,0.7,0.03,2,1785009791.4156003,True,False,True,False,1785009657.3924742,0,False,0,0,False
1784849457.3002179,20,1785009801.3919764,37.49179827573053,0.739343862058442,37.10727092393378,True,37.5,36.5,38.6,0.95,0.05,0.0,0.7,0.03,2,1785009811.4207697,True,False,True,False,1785009657.3924742,0,0,1,0,False
1784849457.3002179,20,1785009821.3990133,37.45975432974747,0.7394201571679255,37.08056763561456,True,37.5,36.5,38.6,0.95,0.05,0.0,0.7,0.03,2,1785009831.4269023,True,True,True,True,1785009837.3924897,0,0,1,0,False
1784849457.3002179,20,1785009841.4057002,37.47577630273899,0.7391912718394751,37.06988632028687,True,37.5,36.5,38.6,0.95,0.05,0.0,0.7,0.03,2,1785009851.4331353,True,False,True,True,1785009837.3924897,0,0,1,0,False
1784849457.3002179,20,1785009861.4119608,37.48645761806668,0.7394773785000381,37.05653467612726,True,37.5,36.5,38.6,0.95,0.05,0.0,0.7,0.03,2,1785009871.4390416,True,True,True,False,1785009837.3924897,0,0,1,0,False
1784849457.3002179,20,1785009881.418316,37.51049057755398,0.7393820096131837,37.053864347295345,True,37.5,36.5,38.6,0.95,0.05,0.0,0.7,0.03,2,1785009891.4456947,True,False,True,False,1785009837.3924897,0,False,0,0,False
1784849457.3002179,20,1785009901.424723,37.531853208209355,0.7394583047226672,37.08590829327841,True,37.5,36.5,38.6,0.95,0.05,0.0,0.7,0.03,2,1785009911.4521103,True,True,True,False,1785009837.3924897,0,False,0,0,False
1784849457.3002179,20,1785009921.4310815,37.52117189288167,0.7392294193942167,37.109941252765694,True,37.5,36.5,38.6,0.95,0.05,0.0,0.7,0.03,2,1785009931.458666,True,True,True,False,1785009837.3924897,0,False,0,0,False
1784849457.3002179,20,1785009941.4375157,37.52117189288167,0.7394773785000381,37.08056763561456,True,37.5,36.5,38.6,0.95,0.05,0.0,0.7,0.03,2,1785009951.465675,True,True,True,False,1785009837.3924897,0,False,0,0,False
1784849457.3002179,20,1785009961.44388,37.49980926222629,0.7394201571679255,37.067215991454944,True,37.5,36.5,38.6,0.95,0.05,0.0,0.7,0.03,2,1785009971.4708736,True,False,True,False,1785009837.3924897,0,0,1,0,False
1784849457.3002179,20,1785009981.4501104,37.470435645075156,0.739343862058442,37.08056763561456,True,37.5,36.5,38.6,0.95,0.05,0.0,0.7,0.03,2,1785009991.4770641,True,True,True,False,1785009837.3924897,0,0,1,0,False
1784849457.3002179,20,1785010001.4563282,37.470435645075156,0.7392294193942167,37.04318303196766,True,37.5,36.5,38.6,0.95,0.05,0.0,0.7,0.03,2,1785010011.490069,True,False,True,True,1785010017.392504,0,0,1,0,False
1784849457.3002179,20,1785010021.4626908,37.48645761806668,0.7393820096131837,37.08056763561456,True,37.5,36.5,38.6,0.95,0.05,0.0,0.7,0.03,2,1785010031.491162,True,True,True,True,1785010017.392504,0,0,1,0,False
1784849457.3002179,20,1785010041.4691665,37.45975432974747,0.739210345616846,37.05920500495918,True,37.5,36.5,38.6,0.95,0.05,0.0,0.7,0.03,2,1785010051.5127099,True,False,True,False,1785010017.392504,0,0,1,0,False
1784849457.3002179,20,1785010061.475837,37.507820248722055,0.7391912718394751,37.099259937438006,True,37.5,36.5,38.6,0.95,0.05,0.0,0.7,0.03,2,1785010071.5044034,True,True,True,False,1785010017.392504,0,False,0,0,False
1784849457.3002179,20,1785010081.4823148,37.531853208209355,0.739343862058442,37.10193026626993,True,37.5,36.5,38.6,0.95,0.05,0.0,0.7,0.03,2,1785010091.5106227,True,True,True,False,1785010017.392504,0,False,0,0,False
1784849457.3002179,20,1785010101.4886336,37.526512550545505,0.7393247882810712,37.091248950942244,True,37.5,36.5,38.6,0.95,0.05,0.0,0.7,0.03,2,1785010111.5161197,True,True,True,False,1785010017.392504,0,False,0,0,False
1784849457.3002179,20,1785010121.4950764,37.52117189288167,0.7393820096131837,37.09391927977417,True,37.5,36.5,38.6,0.95,0.05,0.0,0.7,0.03,2,1785010131.5225594,True,True,True,False,1785010017.392504,0,False,0,0,False
1784849457.3002179,20,1785010141.5021036,37.489127946898606,0.7392484931715877,37.08590829327841,True,37.5,36.5,38.6,0.95,0.05,0.0,0.7,0.03,2,1785010151.5322778,True,True,True,False,1785010017.392504,0,0,1,0,False
1784849457.3002179,20,1785010161.5095966,37.47844663157092,0.7391912718394751,37.072556649118795,True,37.5,36.5,38.6,0.95,0.05,0.0,0.7,0.03,2,1785010171.537581,True,True,True,False,1785010017.392504,0,0,1,0,False
1784849457.3002179,20,1785010181.5159638,37.48645761806668,0.7394392309452964,37.06454566262303,True,37.5,36.5,38.6,0.95,0.05,0.0,0.7,0.03,2,1785010191.5438418,True,True,True,True,1785010197.392528,0,0,1,0,False
1784849457.3002179,20,1785010201.5222826,37.48645761806668,0.7393247882810712,37.06454566262303,True,37.5,36.5,38.6,0.95,0.05,0.0,0.7,0.03,2,1785010211.5494564,True,True,True,True,1785010197.392528,0,0,1,0,False
1784849457.3002179,20,1785010221.528501,37.513160906385906,0.7390959029526207,37.06454566262303,True,37.5,36.5,38.6,0.95,0.05,0.0,0.7,0.03,2,1785010231.5784183,True,True,True,False,1785010197.392528,0,False,0,0,False
1784849457.3002179,20,1785010241.5573099,37.51850156404974,0.7393057145037002,37.091248950942244,True,37.5,36.5,38.6,0.95,0.05,0.0,0.7,0.03,2,1785010251.5847456,True,True,True,False,1785010197.392528,0,False,0,0,False
1784849457.3002179,20,1785010261.5636852,37.50247959105822,0.7393820096131837,37.08323796444648,True,37.5,36.5,38.6,0.95,0.05,0.0,0.7,0.03,2,1785010271.5911515,True,False,True,False,1785010197.392528,0,False,0,0,False
1784849457.3002179,20,1785010281.5700898,37.47310597390707,0.7391149767299916,37.05920500495918,True,37.5,36.5,38.6,0.95,0.05,0.0,0.7,0.03,2,1785010291.5975018,True,True,True,False,1785010197.392528,0,0,1,0,False
1784849457.3002179,20,1785010301.5763664,37.489127946898606,0.739343862058442,37.06988632028687,True,37.5,36.5,38.6,0.95,0.05,0.0,0.7,0.03,2,1785010311.6054268,True,True,True,False,1785010197.392528,0,0,1,0,False
1784849457.3002179,20,1785010321.5827532,37.49980926222629,0.738905165178912,37.05119401846342,True,37.5,36.5,38.6,0.95,0.05,0.0,0.7,0.03,2,1785010331.611312,True,False,True,False,1785010197.392528,0,0,1,0,False
1784849457.3002179,20,1785010341.5889306,37.50514991989013,0.7392484931715877,37.091248950942244,True,37.5,36.5,38.6,0.95,0.05,0.0,0.7,0.03,2,1785010351.6160047,True,True,True,False,1785010197.392528,0,False,0,0,False
1784849457.3002179,20,1785010361.595312,37.526512550545505,0.7393629358358129,37.099259937438006,True,37.5,36.5,38.6,0.95,0.05,0.0,0.7,0.03,2,1785010371.6229713,True,True,True,True,1785010377.3925514,0,False,0,0,False
1784849457.3002179,20,1785010381.601595,37.507820248722055,0.7389433127336538,37.05920500495918,True,37.5,36.5,38.6,0.95,0.05,0.0,0.7,0.03,2,1785010391.6306844,True,True,True,True,1785010377.3925514,0,False,0,0,False
1784849457.3002179,20,1785010401.6080415,37.48645761806668,0.7391912718394751,37.053864347295345,True,37.5,36.5,38.6,0.95,0.05,0.0,0.7,0.03,2,1785010411.6379802,True,False,True,False,1785010377.3925514,0,0,1,0,False
1784849457.3002179,20,1785010421.614796,37.47577630273899,0.7391912718394751,37.053864347295345,True,37.5,36.5,38.6,0.95,0.05,0.0,0.7,0.03,2,1785010431.64631,True,False,True,False,1785010377.3925514,0,0,1,0,False
1784849457.3002179,20,1785010441.6216216,37.49713893339437,0.7394201571679255,37.03784237430381,True,37.5,36.5,38.6,0.95,0.05,0.0,0.7,0.03,2,1785010451.6491654,True,True,True,False,1785010377.3925514,0,0,1,0,False
1784849457.3002179,20,1785010461.6279721,37.50247959105822,0.7393820096131837,37.07789730678263,True,37.5,36.5,38.6,0.95,0.05,0.0,0.7,0.03,2,1785010471.656017,True,False,True,False,1785010377.3925514,0,False,0,0,False
1784849457.3002179,20,1785010481.634278,37.53719386587319,0.7390959029526207,37.091248950942244,True,37.5,36.5,38.6,0.95,0.05,0.0,0.7,0.03,2,1785010491.661706,True,True,True,False,1785010377.3925514,0,False,0,0,False
1784849457.3002179,20,1785010501.6412034,37.526512550545505,0.7392675669489586,37.08056763561456,True,37.5,36.5,38.6,0.95,0.05,0.0,0.7,0.03,2,1785010511.672079,True,True,True,False,1785010377.3925514,0,False,0,0,False
1784849457.3002179,20,1785010521.6489282,37.51049057755398,0.7393820096131837,37.072556649118795,True,37.5,36.5,38.6,0.95,0.05,0.0,0.7,0.03,2,1785010531.6775994,True,True,True,False,1785010377.3925514,0,False,0,0,False
1784849457.3002179,20,1785010541.6566541,37.47310597390707,0.7391149767299916,37.053864347295345,True,37.5,36.5,38.6,0.95,0.05,0.0,0.7,0.03,2,1785010551.6852582,True,True,True,True,1785010557.3925626,0,0,1,0,False
1784849457.3002179,20,1785010561.6641822,37.46242465857938,0.7389623865110246,37.05653467612726,True,37.5,36.5,38.6,0.95,0.05,0.0,0.7,0.03,2,1785010571.692841,True,False,True,True,1785010557.3925626,0,0,1,0,False
1784849457.3002179,20,1785010581.6718407,37.44373235675593,0.739057755397879,37.04318303196766,True,37.5,36.5,38.6,0.95,0.05,0.0,0.7,0.03,2,1785010591.6997013,True,True,True,False,1785010557.3925626,0,0,1,0,False
1784849457.3002179,20,1785010601.678824,37.470435645075156,0.7390768291752497,37.04318303196766,True,37.5,36.5,38.6,0.95,0.05,0.0,0.7,0.03,2,1785010611.7058349,True,False,True,False,1785010557.3925626,0,0,1,0,False
1784849457.3002179,20,1785010621.6850193,37.507820248722055,0.7392294193942167,37.06988632028687,True,37.5,36.5,38.6,0.95,0.05,0.0,0.7,0.03,2,1785010631.714586,True,False,True,False,1785010557.3925626,0,False,0,0,False
1784849457.3002179,20,1785010641.691424,37.51850156404974,0.7390959029526207,37.07522697795072,True,37.5,36.5,38.6,0.95,0.05,0.0,0.7,0.03,2,1785010651.718695,True,True,True,False,1785010557.3925626,0,False,0,0,False
1784849457.3002179,20,1785010661.6985393,37.52384222171359,0.7392866407263294,37.09391927977417,True,37.5,36.5,38.6,0.95,0.05,0.0,0.7,0.03,2,1785010671.7265413,True,True,True,False,1785010557.3925626,0,False,0,0,False
1784849457.3002179,20,1785010681.7055633,37.52117189288167,0.7392866407263294,37.08056763561456,True,37.5,36.5,38.6,0.95,0.05,0.0,0.7,0.03,2,1785010691.732898,True,True,True,False,1785010557.3925626,0,False,0,0,False
1784849457.3002179,20,1785010701.7118888,37.489127946898606,0.7395536736095216,37.06988632028687,True,37.5,36.5,38.6,0.95,0.05,0.0,0.7,0.03,2,1785010711.739159,True,True,True,False,1785010557.3925626,0,0,1,0,False
1784849457.3002179,20,1785010721.7181857,37.47310597390707,0.7390005340657663,37.05119401846342,True,37.5,36.5,38.6,0.95,0.05,0.0,0.7,0.03,2,1785010731.7458453,True,True,True,True,1785010737.3925803,0,0,1,0,False
1784849457.3002179,20,1785010741.7243865,37.47310597390707,0.7390768291752497,37.04318303196766,True,37.5,36.5,38.6,0.95,0.05,0.0,0.7,0.03,2,1785010751.7512677,True,False,True,True,1785010737.3925803,0,0,1,0,False
1784849457.3002179,20,1785010761.7312827,37.49446860456244,0.7393247882810712,37.04585336079957,True,37.5,36.5,38.6,0.95,0.05,0.0,0.7,0.03,2,1785010771.7637968,True,True,True,False,1785010737.3925803,0,0,1,0,False
1784849457.3002179,20,1785010781.7391558,37.49179827573053,0.7391721980621042,37.048523689631494,True,37.5,36.5,38.6,0.95,0.05,0.0,0.7,0.03,2,1785010791.7714617,True,False,True,False,1785010737.3925803,0,0,1,0,False
1784849457.3002179,20,1785010801.7462134,37.54520485236897,0.7391721980621042,37.091248950942244,True,37.5,36.5,38.6,0.95,0.05,0.0,0.7,0.03,2,1785010811.7757502,True,True,True,False,1785010737.3925803,0,False,0,0,False
1784849457.3002179,20,1785010821.7525144,37.53986419470512,0.738905165178912,37.10727092393378,True,37.5,36.5,38.6,0.95,0.05,0.0,0.7,0.03,2,1785010831.7799218,True,True,True,False,1785010737.3925803,0,False,0,0,False
1784849457.3002179,20,1785010841.7589078,37.52918287937743,0.7391912718394751,37.10193026626993,True,37.5,36.5,38.6,0.95,0.05,0.0,0.7,0.03,2,1785010851.7869782,True,True,True,False,1785010737.3925803,0,False,0,0,False
1784849457.3002179,20,1785010861.7661147,37.52384222171359,0.7391149767299916,37.072556649118795,True,37.5,36.5,38.6,0.95,0.05,0.0,0.7,0.03,2,1785010871.794913,True,True,True,False,1785010737.3925803,0,False,0,0,False
1784849457.3002179,20,1785010881.773781,37.47310597390707,0.7388860914015412,37.04318303196766,True,37.5,36.5,38.6,0.95,0.05,0.0,0.7,0.03,2,1785010891.802434,True,False,True,False,1785010737.3925803,0,0,1,0,False
1784849457.3002179,20,1785010901.7806978,37.47844663157092,0.7389242389562828,37.03784237430381,True,37.5,36.5,38.6,0.95,0.05,0.0,0.7,0.03,2,1785010911.8081448,True,False,True,True,1785010917.3925838,0,0,1,0,False
1784849457.3002179,20,1785010921.7869556,37.46242465857938,0.7389814602883955,37.05119401846342,True,37.5,36.5,38.6,0.95,0.05,0.0,0.7,0.03,2,1785010931.8152733,True,False,True,True,1785010917.3925838,0,0,1,0,False
1784849457.3002179,20,1785010941.7932549,37.489127946898606,0.7391912718394751,37.053864347295345,True,37.5,36.5,38.6,0.95,0.05,0.0,0.7,0.03,2,1785010951.8218277,True,False,True,False,1785010917.3925838,0,0,1,0,False
1784849457.3002179,20,1785010961.7996771,37.51583123521782,0.7394392309452964,37.05653467612726,True,37.5,36.5,38.6,0.95,0.05,0.0,0.7,0.03,2,1785010971.827069,True,False,True,False,1785010917.3925838,0,False,0,0,False
1784849457.3002179,20,1785010981.806016,37.53452353704128,0.739210345616846,37.08056763561456,True,37.5,36.5,38.6,0.95,0.05,0.0,0.7,0.03,2,1785010991.8387916,True,True,True,False,1785010917.3925838,0,False,0,0,False
1784849457.3002179,20,1785011001.812418,37.53986419470512,0.738905165178912,37.091248950942244,True,37.5,36.5,38.6,0.95,0.05,0.0,0.7,0.03,2,1785011011.8448453,True,False,True,False,1785010917.3925838,0,False,0,0,False
1784849457.3002179,20,1785011021.8190684,37.51850156404974,0.7390959029526207,37.07522697795072,True,37.5,36.5,38.6,0.95,0.05,0.0,0.7,0.03,2,1785011031.8465526,True,False,True,False,1785010917.3925838,0,False,0,0,False
1784849457.3002179,20,1785011041.8254647,37.48645761806668,0.739210345616846,37.06988632028687,True,37.5,36.5,38.6,0.95,0.05,0.0,0.7,0.03,2,1785011051.8529255,True,True,True,False,1785010917.3925838,0,0,1,0,False
1784849457.3002179,20,1785011061.8318028,37.50247959105822,0.7388860914015412,37.067215991454944,True,37.5,36.5,38.6,0.95,0.05,0.0,0.7,0.03,2,1785011071.859229,True,True,True,False,1785010917.3925838,0,False,0,0,False
1784849457.3002179,20,1785011081.8382294,37.49980926222629,0.7388860914015412,37.04318303196766,True,37.5,36.5,38.6,0.95,0.05,0.0,0.7,0.03,2,1785011091.8656108,True,False,True,True,1785011097.3926172,0,0,1,0,False
1784849457.3002179,20,1785011101.844423,37.489127946898606,0.7390959029526207,37.01647974364843,True,37.5,36.5,38.6,0.95,0.05,0.0,0.7,0.03,2,1785011111.8725917,True,True,True,True,1785011097.3926172,0,0,1,0,False
1784849457.3002179,20,1785011121.8515618,37.47844663157092,0.7392294193942167,37.05653467612726,True,37.5,36.5,38.6,0.95,0.05,0.0,0.7,0.03,2,1785011131.8800254,True,True,True,False,1785011097.3926172,0,0,1,0,False
1784849457.3002179,20,1785011141.8584921,37.50514991989013,0.739057755397879,37.06454566262303,True,37.5,36.5,38.6,0.95,0.05,0.0,0.7,0.03,2,1785011151.885872,True,False,True,False,1785011097.3926172,0,False,0,0,False
1784849457.3002179,20,1785011161.8648102,37.526512550545505,0.7394201571679255,37.067215991454944,True,37.5,36.5,38.6,0.95,0.05,0.0,0.7,0.03,2,1785011171.8921993,True,False,True,False,1785011097.3926172,0,False,0,0,False
1784849457.3002179,20,1785011181.871153,37.507820248722055,0.7390386816205081,37.05920500495918,True,37.5,36.5,38.6,0.95,0.05,0.0,0.7,0.03,2,1785011191.8989184,True,True,True,False,1785011097.3926172,0,False,0,0,False
1784849457.3002179,20,1785011201.8778539,37.481116960402844,0.7389433127336538,37.05920500495918,True,37.5,36.5,38.6,0.95,0.05,0.0,0.7,0.03,2,1785011211.9052935,True,False,True,False,1785011097.3926172,0,0,1,0,False
1784849457.3002179,20,1785011221.8841019,37.481116960402844,0.7390959029526207,37.03784237430381,True,37.5,36.5,38.6,0.95,0.05,0.0,0.7,0.03,2,1785011231.911582,True,True,True,False,1785011097.3926172,0,0,1,0,False
1784849457.3002179,20,1785011241.89043,37.49179827573053,0.7391531242847332,37.053864347295345,True,37.5,36.5,38.6,0.95,0.05,0.0,0.7,0.03,2,1785011251.9178562,True,False,True,False,1785011097.3926172,0,0,1,0,False
1784849457.3002179,20,1785011261.8965921,37.52384222171359,0.7390768291752497,37.06187533379111,True,37.5,36.5,38.6,0.95,0.05,0.0,0.7,0.03,2,1785011271.9265406,True,True,True,True,1785011277.39265,0,False,0,0,False
1784849457.3002179,20,1785011281.903054,37.526512550545505,0.7393247882810712,37.06988632028687,True,37.5,36.5,38.6,0.95,0.05,0.0,0.7,0.03,2,1785011291.9304223,True,True,True,True,1785011277.39265,0,False,0,0,False
1784849457.3002179,20,1785011301.909351,37.53719386587319,0.7390959029526207,37.048523689631494,True,37.5,36.5,38.6,0.95,0.05,0.0,0.7,0.03,2,1785011311.9371548,True,False,True,False,1785011277.39265,0,False,0,0,False
1784849457.3002179,20,1785011321.9157364,37.50514991989013,0.7391721980621042,37.04051270313573,True,37.5,36.5,38.6,0.95,0.05,0.0,0.7,0.03,2,1785011331.943203,True,False,True,False,1785011277.39265,0,False,0,0,False
1784849457.3002179,20,1785011341.9221945,37.46242465857938,0.7390196078431372,37.02716105897612,True,37.5,36.5,38.6,0.95,0.05,0.0,0.7,0.03,2,1785011351.9551773,True,True,True,False,1785011277.39265,0,0,1,0,False
1784849457.3002179,20,1785011361.928416,37.49446860456244,0.739057755397879,37.03517204547188,True,37.5,36.5,38.6,0.95,0.05,0.0,0.7,0.03,2,1785011371.9595802,True,False,True,False,1785011277.39265,0,0,1,0,False
1784849457.3002179,20,1785011381.9354353,37.470435645075156,0.7388288700694285,37.02182040131228,True,37.5,36.5,38.6,0.95,0.05,0.0,0.7,0.03,2,1785011391.9633734,True,False,True,False,1785011277.39265,0,0,1,0,False
1784849457.3002179,20,1785011401.943215,37.47577630273899,0.7391340505073625,37.02716105897612,True,37.5,36.5,38.6,0.95,0.05,0.0,0.7,0.03,2,1785011411.9715083,True,False,True,False,1785011277.39265,0,0,1,0,False
1784849457.3002179,20,1785011421.9503424,37.49713893339437,0.7390196078431372,37.04318303196766,True,37.5,36.5,38.6,0.95,0.05,0.0,0.7,0.03,2,1785011431.979376,True,False,True,False,1785011277.39265,0,0,1,0,False
1784849457.3002179,20,1785011441.9571123,37.513160906385906,0.739057755397879,37.06988632028687,True,37.5,36.5,38.6,0.95,0.05,0.0,0.7,0.03,2,1785011451.9870372,True,False,True,True,1785011457.3926535,0,False,0,0,False
1784849457.3002179,20,1785011461.9636307,37.56122682536049,0.739343862058442,37.08857862211032,True,37.5,36.5,38.6,0.95,0.05,0.0,0.7,0.03,2,1785011471.993431,True,True,True,True,1785011457.3926535,0,False,0,0,False
1784849457.3002179,20,1785011481.9703827,37.50514991989013,0.7390768291752497,37.05920500495918,True,37.5,36.5,38.6,0.95,0.05,0.0,0.7,0.03,2,1785011491.9981892,True,True,True,False,1785011457.3926535,0,False,0,0,False
1784849457.3002179,20,1785011501.976692,37.489127946898606,0.7391912718394751,37.06454566262303,True,37.5,36.5,38.6,0.95,0.05,0.0,0.7,0.03,2,1785011512.0042188,True,True,True,False,1785011457.3926535,0,0,1,0,False
1784849457.3002179,20,1785011521.9829445,37.47310597390707,0.7391149767299916,37.04585336079957,True,37.5,36.5,38.6,0.95,0.05,0.0,0.7,0.03,2,1785011532.0119157,True,False,True,False,1785011457.3926535,0,0,1,0,False
1784849457.3002179,20,1785011541.9892578,37.47310597390707,0.7386953536278323,37.011139085984595,True,37.5,36.5,38.6,0.95,0.05,0.0,0.7,0.03,2,1785011552.018122,True,True,True,False,1785011457.3926535,0,0,1,0,False
1784849457.3002179,20,1785011561.9955502,37.47844663157092,0.7391340505073625,37.04051270313573,True,37.5,36.5,38.6,0.95,0.05,0.0,0.7,0.03,2,1785011572.0229466,True,False,True,False,1785011457.3926535,0,0,1,0,False
1784849457.3002179,20,1785011582.0017893,37.49179827573053,0.7387716487373158,37.048523689631494,True,37.5,36.5,38.6,0.95,0.05,0.0,0.7,0.03,2,1785011592.029198,True,True,True,False,1785011457.3926535,0,0,1,0,False
1784849457.3002179,20,1785011602.008052,37.51850156404974,0.739057755397879,37.06454566262303,True,37.5,36.5,38.6,0.95,0.05,0.0,0.7,0.03,2,1785011612.0355134,True,False,True,False,1785011457.3926535,0,False,0,0,False
1784849457.3002179,20,1785011622.0144114,37.53452353704128,0.7389433127336538,37.08590829327841,True,37.5,36.5,38.6,0.95,0.05,0.0,0.7,0.03,2,1785011632.041788,True,True,True,True,1785011637.3926644,0,False,0,0,False
1784849457.3002179,20,1785011642.0207489,37.53986419470512,0.7391531242847332,37.06988632028687,True,37.5,36.5,38.6,0.95,0.05,0.0,0.7,0.03,2,1785011652.0485916,True,False,True,True,1785011637.3926644,0,False,0,0,False
1784849457.3002179,20,1785011662.0277448,37.50247959105822,0.7389242389562828,37.08323796444648,True,37.5,36.5,38.6,0.95,0.05,0.0,0.7,0.03,2,1785011672.0583966,True,True,True,False,1785011637.3926644,0,False,0,0,False
1784849457.3002179,20,1785011682.0355997,37.49446860456244,0.7389242389562828,37.07522697795072,True,37.5,36.5,38.6,0.95,0.05,0.0,0.7,0.03,2,1785011692.063642,True,False,True,False,1785011637.3926644,0,0,1,0,False
1784849457.3002179,20,1785011702.0431554,37.483787289234755,0.7391340505073625,37.03250171663997,True,37.5,36.5,38.6,0.95,0.05,0.0,0.7,0.03,2,1785011712.0717566,True,False,True,False,1785011637.3926644,0,0,1,0,False
1784849457.3002179,20,1785011722.0507894,37.49446860456244,0.7391531242847332,37.024490730144194,True,37.5,36.5,38.6,0.95,0.05,0.0,0.7,0.03,2,1785011732.0905156,True,False,True,False,1785011637.3926644,0,0,1,0,False
1784849457.3002179,20,1785011742.0646472,37.51049057755398,0.7391340505073625,37.053864347295345,True,37.5,36.5,38.6,0.95,0.05,0.0,0.7,0.03,2,1785011752.093785,True,False,True,False,1785011637.3926644,0,False,0,0,False
1784849457.3002179,20,1785011762.0727756,37.526512550545505,0.7390005340657663,37.07789730678263,True,37.5,36.5,38.6,0.95,0.05,0.0,0.7,0.03,2,1785011772.1013288,True,True,True,False,1785011637.3926644,0,False,0,0,False
1784849457.3002179,20,1785011782.0799387,37.507820248722055,0.7388288700694285,37.04318303196766,True,37.5,36.5,38.6,0.95,0.05,0.0,0.7,0.03,2,1785011792.1078346,True,False,True,False,1785011637.3926644,0,False,0,0,False
1784849457.3002179,20,1785011802.08646,37.49179827573053,0.7389623865110246,37.03250171663997,True,37.5,36.5,38.6,0.95,0.05,0.0,0.7,0.03,2,1785011812.1138098,True,True,True,True,1785011817.3926785,0,0,1,0,False
1784849457.3002179,20,1785011822.092609,37.465094987411305,0.7389242389562828,37.02716105897612,True,37.5,36.5,38.6,0.95,0.05,0.0,0.7,0.03,2,1785011832.120697,True,False,True,True,1785011817.3926785,0,0,1,0,False
1784849457.3002179,20,1785011842.098906,37.45441367208362,0.7391912718394751,37.03784237430381,True,37.5,36.5,38.6,0.95,0.05,0.0,0.7,0.03,2,1785011852.1341593,True,True,True,False,1785011817.3926785,0,0,1,0,False
1784849457.3002179,20,1785011862.1061187,37.470435645075156,0.7389242389562828,37.029831387808045,True,37.5,36.5,38.6,0.95,0.05,0.0,0.7,0.03,2,1785011872.1341612,True,True,True,False,1785011817.3926785,0,0,1,0,False
1784849457.3002179,20,1785011882.1132598,37.49446860456244,0.7389623865110246,37.02716105897612,True,37.5,36.5,38.6,0.95,0.05,0.0,0.7,0.03,2,1785011892.141322,True,True,True,False,1785011817.3926785,0,0,1,0,False
1784849457.3002179,20,1785011902.1195815,37.54253452353704,0.738905165178912,37.06988632028687,True,37.5,36.5,38.6,0.95,0.05,0.0,0.7,0.03,2,1785011912.147021,True,False,True,False,1785011817.3926785,0,False,0,0,False
1784849457.3002179,20,1785011922.1265938,37.51583123521782,0.7388670176241703,37.08323796444648,True,37.5,36.5,38.6,0.95,0.05,0.0,0.7,0.03,2,1785011932.1543877,True,False,True,False,1785011817.3926785,0,False,0,0,False
1784849457.3002179,20,1785011942.1341364,37.54253452353704,0.7389814602883955,37.053864347295345,True,37.5,36.5,38.6,0.95,0.05,0.0,0.7,0.03,2,1785011952.163693,True,True,True,False,1785011817.3926785,0,False,0,0,False
1784849457.3002179,20,1785011962.1419811,37.51583123521782,0.7391340505073625,37.06187533379111,True,37.5,36.5,38.6,0.95,0.05,0.0,0.7,0.03,2,1785011972.1730297,True,False,True,False,1785011817.3926785,0,False,0,0,False
1784849457.3002179,20,1785011982.149726,37.49179827573053,0.7389623865110246,37.03250171663997,True,37.5,36.5,38.6,0.95,0.05,0.0,0.7,0.03,2,1785011992.1782677,True,False,True,True,1785011997.3926942,0,0,1,0,False
1784849457.3002179,20,1785012002.1572247,37.470435645075156,0.7388097962920577,37.02716105897612,True,37.5,36.5,38.6,0.95,0.05,0.0,0.7,0.03,2,1785012012.1857865,True,False,True,True,1785011997.3926942,0,0,1,0,False
1784849457.3002179,20,1785012022.1647916,37.44907301441978,0.7386953536278323,37.00045777065691,True,37.5,36.5,38.6,0.95,0.05,0.0,0.7,0.03,2,1785012032.1933243,True,False,True,False,1785011997.3926942,0,0,1,0,False
1784849457.3002179,20,1785012042.1723576,37.44907301441978,0.7387716487373158,37.03250171663997,True,37.5,36.5,38.6,0.95,0.05,0.0,0.7,0.03,2,1785012052.2009506,True,True,True,False,1785011997.3926942,0,0,1,0,False
1784849457.3002179,20,1785012062.179915,37.50247959105822,0.7388860914015412,37.029831387808045,True,37.5,36.5,38.6,0.95,0.05,0.0,0.7,0.03,2,1785012072.2081854,True,True,True,False,1785011997.3926942,0,False,0,0,False
1784849457.3002179,20,1785012082.1876185,37.526512550545505,0.7390386816205081,37.053864347295345,True,37.5,36.5,38.6,0.95,0.05,0.0,0.7,0.03,2,1785012092.2157779,True,True,True,False,1785011997.3926942,0,False,0,0,False
1784849457.3002179,20,1785012102.194709,37.52117189288167,0.7389623865110246,37.04318303196766,True,37.5,36.5,38.6,0.95,0.05,0.0,0.7,0.03,2,1785012112.2222495,True,False,True,False,1785011997.3926942,0,False,0,0,False
1784849457.3002179,20,1785012122.2010734,37.483787289234755,0.7390196078431372,37.04585336079957,True,37.5,36.5,38.6,0.95,0.05,0.0,0.7,0.03,2,1785012132.2285566,True,True,True,False,1785011997.3926942,0,0,1,0,False
1784849457.3002179,20,1785012142.2080317,37.47310597390707,0.7388670176241703,37.01647974364843,True,37.5,36.5,38.6,0.95,0.05,0.0,0.7,0.03,2,1785012152.2393715,True,True,True,False,1785011997.3926942,0,0,1,0,False
1784849457.3002179,20,1785012162.2151725,37.49980926222629,0.7388860914015412,37.029831387808045,True,37.5,36.5,38.6,0.95,0.05,0.0,0.7,0.03,2,1785012172.2426598,True,False,True,True,1785012177.3927162,0,0,1,0,False
1784849457.3002179,20,1785012182.221438,37.513160906385906,0.739210345616846,37.03784237430381,True,37.5,36.5,38.6,0.95,0.05,0.0,0.7,0.03,2,1785012192.2499099,True,False,True,True,1785012177.3927162,0,False,0,0,False
1784849457.3002179,20,1785012202.2277832,37.52384222171359,0.7388860914015412,37.03784237430381,True,37.5,36.5,38.6,0.95,0.05,0.0,0.7,0.03,2,1785012212.255472,True,False,True,False,1785012177.3927162,0,False,0,0,False
1784849457.3002179,20,1785012222.2341843,37.507820248722055,0.7390005340657663,37.04318303196766,True,37.5,36.5,38.6,0.95,0.05,0.0,0.7,0.03,2,1785012232.2633011,True,True,True,False,1785012177.3927162,0,False,0,0,False
1784849457.3002179,20,1785012242.2404578,37.513160906385906,0.7391340505073625,37.06454566262303,True,37.5,36.5,38.6,0.95,0.05,0.0,0.7,0.03,2,1785012252.270199,True,False,True,False,1785012177.3927162,0,False,0,0,False
1784849457.3002179,20,1785012262.246956,37.51850156404974,0.7390386816205081,37.04585336079957,True,37.5,36.5,38.6,0.95,0.05,0.0,0.7,0.03,2,1785012272.2745202,True,False,True,False,1785012177.3927162,0,False,0,0,False
1784849457.3002179,20,1785012282.2532513,37.49980926222629,0.7387144274052033,37.048523689631494,True,37.5,36.5,38.6,0.95,0.05,0.0,0.7,0.03,2,1785012292.2804692,True,False,True,False,1785012177.3927162,0,0,1,0,False
1784849457.3002179,20,1785012302.2596068,37.49980926222629,0.7388288700694285,37.03784237430381,True,37.5,36.5,38.6,0.95,0.05,0.0,0.7,0.03,2,1785012312.2872822,True,False,True,False,1785012177.3927162,0,0,1,0,False
1784849457.3002179,20,1785012322.2660894,37.51583123521782,0.7387525749599451,37.06187533379111,True,37.5,36.5,38.6,0.95,0.05,0.0,0.7,0.03,2,1785012332.2956228,True,True,True,False,1785012177.3927162,0,False,0,0,False
1784849457.3002179,20,1785012342.272495,37.531853208209355,0.7390386816205081,37.06454566262303,True,37.5,36.5,38.6,0.95,0.05,0.0,0.7,0.03,2,1785012352.3020108,True,False,True,True,1785012357.3927333,0,False,0,0,False
1784849457.3002179,20,1785012362.2791312,37.51049057755398,0.7388479438467993,37.05653467612726,True,37.5,36.5,38.6,0.95,0.05,0.0,0.7,0.03,2,1785012372.3129232,True,True,True,True,1785012357.3927333,0,False,0,0,False
1784849457.3002179,20,1785012382.2857108,37.48645761806668,0.7391531242847332,37.048523689631494,True,37.5,36.5,38.6,0.95,0.05,0.0,0.7,0.03,2,1785012392.3130548,True,True,True,False,1785012357.3927333,0,0,1,0,False
1784849457.3002179,20,1785012402.2919636,37.422369726100555,0.7386381322957198,37.02182040131228,True,37.5,36.5,38.6,0.95,0.05,0.0,0.7,0.03,2,1785012412.323513,True,True,True,False,1785012357.3927333,0,0,1,0,False
1784849457.3002179,20,1785012422.2983236,37.45441367208362,0.7384092469672694,37.011139085984595,True,37.5,36.5,38.6,0.95,0.05,0.0,0.7,0.03,2,1785012432.3263574,True,False,True,False,1785012357.3927333,0,0,1,0,False
1784849457.3002179,20,1785012442.3049822,37.465094987411305,0.7389433127336538,37.02182040131228,True,37.5,36.5,38.6,0.95,0.05,0.0,0.7,0.03,2,1785012452.3340964,True,False,True,False,1785012357.3927333,0,0,1,0,False
1784849457.3002179,20,1785012462.3112452,37.50247959105822,0.7388860914015412,37.01915007248036,True,37.5,36.5,38.6,0.95,0.05,0.0,0.7,0.03,2,1785012472.3390753,True,False,True,False,1785012357.3927333,0,False,0,0,False
1784849457.3002179,20,1785012482.3176348,37.531853208209355,0.7390386816205081,37.02716105897612,True,37.5,36.5,38.6,0.95,0.05,0.0,0.7,0.03,2,1785012492.3467922,True,True,True,False,1785012357.3927333,0,False,0,0,False
1784849457.3002179,20,1785012502.3241868,37.51049057755398,0.7390196078431372,37.07522697795072,True,37.5,36.5,38.6,0.95,0.05,0.0,0.7,0.03,2,1785012512.3511093,True,True,True,False,1785012357.3927333,0,False,0,0,False
1784849457.3002179,20,1785012522.3305094,37.51049057755398,0.7389433127336538,37.04051270313573,True,37.5,36.5,38.6,0.95,0.05,0.0,0.7,0.03,2,1785012532.3576818,True,False,True,True,1785012537.392737,0,False,0,0,False
1784849457.3002179,20,1785012542.3368666,37.446402685587856,0.7388097962920577,37.03250171663997,True,37.5,36.5,38.6,0.95,0.05,0.0,0.7,0.03,2,1785012552.36439,True,True,True,True,1785012537.392737,0,0,1,0,False
1784849457.3002179,20,1785012562.3432019,37.47844663157092,0.7385236896314946,37.01915007248036,True,37.5,36.5,38.6,0.95,0.05,0.0,0.7,0.03,2,1785012572.3707922,True,True,True,False,1785012537.392737,0,0,1,0,False
1784849457.3002179,20,1785012582.3501287,37.438391699092094,0.7388479438467993,37.01647974364843,True,37.5,36.5,38.6,0.95,0.05,0.0,0.7,0.03,2,1785012592.3793085,True,True,True,False,1785012537.392737,0,0,1,0,False
1784849457.3002179,20,1785012602.357803,37.470435645075156,0.7387525749599451,37.04318303196766,True,37.5,36.5,38.6,0.95,0.05,0.0,0.7,0.03,2,1785012612.386007,True,True,True,False,1785012537.392737,0,0,1,0,False
1784849457.3002179,20,1785012622.3652973,37.513160906385906,0.7388479438467993,37.03250171663997,True,37.5,36.5,38.6,0.95,0.05,0.0,0.7,0.03,2,1785012632.39325,True,False,True,False,1785012537.392737,0,False,0,0,False
1784849457.3002179,20,1785012642.3728597,37.53452353704128,0.7388670176241703,37.06454566262303,True,37.5,36.5,38.6,0.95,0.05,0.0,0.7,0.03,2,1785012652.4018219,True,True,True,False,1785012537.392737,0,False,0,0,False
1784849457.3002179,20,1785012662.3798573,37.54520485236897,0.738905165178912,37.067215991454944,True,37.5,36.5,38.6,0.95,0.05,0.0,0.7,0.03,2,1785012672.4078848,True,True,True,False,1785012537.392737,0,False,0,0,False
1784849457.3002179,20,1785012682.3862424,37.52117189288167,0.7388860914015412,37.06988632028687,True,37.5,36.5,38.6,0.95,0.05,0.0,0.7,0.03,2,1785012692.413683,True,False,True,False,1785012537.392737,0,False,0,0,False
1784849457.3002179,20,1785012702.3925407,37.52117189288167,0.7387907225146868,37.053864347295345,True,37.5,36.5,38.6,0.95,0.05,0.0,0.7,0.03,2,1785012712.4201388,True,False,True,True,1785012717.3927414,0,False,0,0,False
1784849457.3002179,20,1785012722.4000084,37.446402685587856,0.7388097962920577,37.04051270313573,True,37.5,36.5,38.6,0.95,0.05,0.0,0.7,0.03,2,1785012732.428768,True,True,True,True,1785012717.3927414,0,0,1,0,False
1784849457.3002179,20,1785012742.4072268,37.43038071259632,0.7387144274052033,37.005798428320745,True,37.5,36.5,38.6,0.95,0.05,0.0,0.7,0.03,2,1785012752.440784,True,True,True,False,1785012717.3927414,0,0,1,0,False
1784849457.3002179,20,1785012762.4137845,37.46242465857938,0.7387525749599451,37.01915007248036,True,37.5,36.5,38.6,0.95,0.05,0.0,0.7,0.03,2,1785012772.441424,True,False,True,False,1785012717.3927414,0,0,1,0,False
1784849457.3002179,20,1785012782.4202363,37.470435645075156,0.7389623865110246,37.005798428320745,True,37.5,36.5,38.6,0.95,0.05,0.0,0.7,0.03,2,1785012792.448776,True,False,True,False,1785012717.3927414,0,0,1,0,False
1784849457.3002179,20,1785012802.4272976,37.48645761806668,0.7387525749599451,37.03784237430381,True,37.5,36.5,38.6,0.95,0.05,0.0,0.7,0.03,2,1785012812.4549012,True,True,True,False,1785012717.3927414,0,0,1,0,False
1784849457.3002179,20,1785012822.4342434,37.52384222171359,0.7388097962920577,37.048523689631494,True,37.5,36.5,38.6,0.95,0.05,0.0,0.7,0.03,2,1785012832.461547,True,True,True,False,1785012717.3927414,0,False,0,0,False
1784849457.3002179,20,1785012842.4405496,37.52918287937743,0.7387144274052033,37.05920500495918,True,37.5,36.5,38.6,0.95,0.05,0.0,0.7,0.03,2,1785012852.4679337,True,True,True,False,1785012717.3927414,0,False,0,0,False
1784849457.3002179,20,1785012862.4469442,37.52918287937743,0.7388288700694285,37.067215991454944,True,37.5,36.5,38.6,0.95,0.05,0.0,0.7,0.03,2,1785012872.47447,True,False,True,False,1785012717.3927414,0,False,0,0,False
1784849457.3002179,20,1785012882.4540238,37.51049057755398,0.7388670176241703,37.06454566262303,True,37.5,36.5,38.6,0.95,0.05,0.0,0.7,0.03,2,1785012892.4863756,True,False,True,True,1785012897.3927743,0,False,0,0,False
1784849457.3002179,20,1785012902.46111,37.47844663157092,0.7391149767299916,37.04318303196766,True,37.5,36.5,38.6,0.95,0.05,0.0,0.7,0.03,2,1785012912.4886663,True,True,True,True,1785012897.3927743,0,0,1,0,False
1784849457.3002179,20,1785012922.4674752,37.47310597390707,0.7385618371862364,36.99244678416113,True,37.5,36.5,38.6,0.95,0.05,0.0,0.7,0.03,2,1785012932.5020738,True,True,True,False,1785012897.3927743,0,0,1,0,False
1784849457.3002179,20,1785012942.4737155,37.49446860456244,0.7390386816205081,37.005798428320745,True,37.5,36.5,38.6,0.95,0.05,0.0,0.7,0.03,2,1785012952.5039725,True,False,True,False,1785012897.3927743,0,0,1,0,False
1784849457.3002179,20,1785012962.4801013,37.49446860456244,0.7386572060730907,37.00312809948882,True,37.5,36.5,38.6,0.95,0.05,0.0,0.7,0.03,2,1785012972.5075452,True,True,True,False,1785012897.3927743,0,0,1,0,False
1784849457.3002179,20,1785012982.4863813,37.53452353704128,0.7388288700694285,37.048523689631494,True,37.5,36.5,38.6,0.95,0.05,0.0,0.7,0.03,2,1785012992.513778,True,False,True,False,1785012897.3927743,0,False,0,0,False
1784849457.3002179,20,1785013002.493442,37.52384222171359,0.7387716487373158,37.04318303196766,True,37.5,36.5,38.6,0.95,0.05,0.0,0.7,0.03,2,1785013012.5213807,True,True,True,False,1785012897.3927743,0,False,0,0,False
1784849457.3002179,20,1785013022.5005062,37.52384222171359,0.7387525749599451,37.04318303196766,True,37.5,36.5,38.6,0.95,0.05,0.0,0.7,0.03,2,1785013032.5295606,True,False,True,False,1785012897.3927743,0,False,0,0,False
1784849457.3002179,20,1785013042.5069122,37.52384222171359,0.7388479438467993,37.04318303196766,True,37.5,36.5,38.6,0.95,0.05,0.0,0.7,0.03,2,1785013052.5382257,True,True,True,False,1785012897.3927743,0,False,0,0,False
1784849457.3002179,20,1785013062.5136163,37.48645761806668,0.7384283207446403,37.03517204547188,True,37.5,36.5,38.6,0.95,0.05,0.0,0.7,0.03,2,1785013072.5408082,True,False,True,True,1785013077.392778,0,0,1,0,False
1784849457.3002179,20,1785013082.5205889,37.49980926222629,0.7386190585183489,37.02182040131228,True,37.5,36.5,38.6,0.95,0.05,0.0,0.7,0.03,2,1785013092.5492527,True,False,True,True,1785013077.392778,0,0,1,0,False
1784849457.3002179,20,1785013102.5275018,37.483787289234755,0.7388288700694285,37.02716105897612,True,37.5,36.5,38.6,0.95,0.05,0.0,0.7,0.03,2,1785013112.554992,True,True,True,False,1785013077.392778,0,0,1,0,False
1784849457.3002179,20,1785013122.5336664,37.49980926222629,0.7389814602883955,37.029831387808045,True,37.5,36.5,38.6,0.95,0.05,0.0,0.7,0.03,2,1785013132.5607917,True,False,True,False,1785013077.392778,0,0,1,0,False
1784849457.3002179,20,1785013142.5398984,37.531853208209355,0.7388670176241703,37.048523689631494,True,37.5,36.5,38.6,0.95,0.05,0.0,0.7,0.03,2,1785013152.5694647,True,True,True,False,1785013077.392778,0,False,0,0,False
1784849457.3002179,20,1785013162.546376,37.53719386587319,0.7388288700694285,37.08857862211032,True,37.5,36.5,38.6,0.95,0.05,0.0,0.7,0.03,2,1785013172.577402,True,False,True,False,1785013077.392778,0,False,0,0,False
1784849457.3002179,20,1785013182.5528843,37.52918287937743,0.738905165178912,37.06454566262303,True,37.5,36.5,38.6,0.95,0.05,0.0,0.7,0.03,2,1785013192.5895233,True,True,True,False,1785013077.392778,0,False,0,0,False
1784849457.3002179,20,1785013202.5597873,37.49713893339437,0.7387525749599451,37.05920500495918,True,37.5,36.5,38.6,0.95,0.05,0.0,0.7,0.03,2,1785013212.5875723,False,False,True,False,1785013077.392778,0,0,1,0,False
1784849457.3002179,20,1785013222.5667036,37.470435645075156,0.7386572060730907,37.03784237430381,True,37.5,36.5,38.6,0.95,0.05,0.0,0.7,0.03,2,1785013232.5949888,False,False,True,False,1785013077.392778,0,0,1,0,False
1784849457.3002179,20,1785013242.5736012,37.465094987411305,0.7387335011825742,37.03784237430381,True,37.5,36.5,38.6,0.95,0.05,0.0,0.7,0.03,2,1785013252.601523,False,False,True,True,1785013257.3927834,0,0,1,0,False
1784849457.3002179,20,1785013262.5805814,37.470435645075156,0.7386381322957198,37.05653467612726,True,37.5,36.5,38.6,0.95,0.05,0.0,0.7,0.03,2,1785013272.6080198,False,False,True,True,1785013257.3927834,0,0,1,0,False
1784849457.3002179,20,1785013282.5868719,37.489127946898606,0.7388479438467993,37.048523689631494,True,37.5,36.5,38.6,0.95,0.05,0.0,0.7,0.03,2,1785013292.6146681,False,False,True,False,1785013257.3927834,0,0,1,0,False
1784849457.3002179,20,1785013302.5931075,37.51049057755398,0.7388097962920577,37.096589608606095,True,37.5,36.5,38.6,0.95,0.05,0.0,0.7,0.03,2,1785013312.6205711,False,True,True,False,1785013257.3927834,0,False,0,0,False
1784849457.3002179,20,1785013322.602858,37.531853208209355,0.738905165178912,37.10460059510186,True,37.5,36.5,38.6,0.95,0.05,0.0,0.7,0.03,2,1785013332.6344414,False,False,True,False,1785013257.3927834,0,False,0,0,False
1784849457.3002179,20,1785013342.6125228,37.52117189288167,0.7383710994125277,37.10727092393378,True,37.5,36.5,38.6,0.95,0.05,0.0,0.7,0.03,2,1785013352.6422193,False,False,True,False,1785013257.3927834,0,False,0,0,False
1784849457.3002179,20,1785013362.6190343,37.52117189288167,0.7386190585183489,37.13130388342107,True,37.5,36.5,38.6,0.95,0.05,0.0,0.7,0.03,2,1785013372.6481779,False,True,True,False,1785013257.3927834,0,False,0,0,False
1784849457.3002179,20,1785013382.6253579,37.49179827573053,0.7387716487373158,37.07522697795072,True,37.5,36.5,38.6,0.95,0.05,0.0,0.7,0.03,2,1785013392.6527798,False,False,True,False,1785013257.3927834,0,0,1,0,False
1784849457.3002179,20,1785013402.6316245,37.470435645075156,0.7385236896314946,37.08056763561456,True,37.5,36.5,38.6,0.95,0.05,0.0,0.7,0.03,2,1785013412.6590679,False,False,True,False,1785013257.3927834,0,0,1,0,False
1784849457.3002179,20,1785013422.6380281,37.44907301441978,0.7385427634088654,37.08590829327841,True,37.5,36.5,38.6,0.95,0.05,0.0,0.7,0.03,2,1785013432.6657476,False,False,True,True,1785013437.392811,0,0,1,0,False
1784849457.3002179,20,1785013442.644234,37.45975432974747,0.7385236896314946,37.091248950942244,True,37.5,36.5,38.6,0.95,0.05,0.0,0.7,0.03,2,1785013452.6733193,False,False,True,True,1785013437.392811,0,0,1,0,False
1784849457.3002179,20,1785013462.65066,37.48645761806668,0.7386190585183489,37.09391927977417,True,37.5,36.5,38.6,0.95,0.05,0.0,0.7,0.03,2,1785013472.681789,False,False,True,False,1785013437.392811,0,0,1,0,False
1784849457.3002179,20,1785013482.6572614,37.51583123521782,0.7383520256351568,37.10193026626993,True,37.5,36.5,38.6,0.95,0.05,0.0,0.7,0.03,2,1785013492.6846335,False,False,True,False,1785013437.392811,0,False,0,0,False
1784849457.3002179,20,1785013502.6636486,37.52117189288167,0.7390959029526207,37.12863355458916,True,37.5,36.5,38.6,0.95,0.05,0.0,0.7,0.03,2,1785013512.691778,False,True,True,False,1785013437.392811,0,False,0,0,False
1784849457.3002179,20,1785013522.67315,37.526512550545505,0.7386190585183489,37.12596322575723,True,37.5,36.5,38.6,0.95,0.05,0.0,0.7,0.03,2,1785013532.7059152,False,False,True,False,1785013437.392811,0,False,0,0,False
1784849457.3002179,20,1785013542.6835794,37.49980926222629,0.738905165178912,37.11795223926147,True,37.5,36.5,38.6,0.95,0.05,0.0,0.7,0.03,2,1785013552.7125576,False,True,True,False,1785013437.392811,0,0,1,0,False
1784849457.3002179,20,1785013562.6899157,37.47310597390707,0.7388097962920577,37.13130388342107,True,37.5,36.5,38.6,0.95,0.05,0.0,0.7,0.03,2,1785013572.7173285,False,False,True,False,1785013437.392811,0,0,1,0,False
1784849457.3002179,20,1785013582.6961963,37.49179827573053,0.7387716487373158,37.10727092393378,True,37.5,36.5,38.6,0.95,0.05,0.0,0.7,0.03,2,1785013592.7235746,False,False,True,False,1785013437.392811,0,0,1,0,False
1784849457.3002179,20,1785013602.7024174,37.513160906385906,0.7389814602883955,37.12863355458916,True,37.5,36.5,38.6,0.95,0.05,0.0,0.7,0.03,2,1785013612.7299533,False,True,True,True,1785013617.392815,0,False,0,0,False
1784849457.3002179,20,1785013622.7094223,37.507820248722055,0.7387525749599451,37.14465552758068,True,37.5,36.5,38.6,0.95,0.05,0.0,0.7,0.03,2,1785013632.7380323,False,False,True,True,1785013617.392815,0,False,0,0,False
1784849457.3002179,20,1785013642.7164984,37.49713893339437,0.7387335011825742,37.12863355458916,True,37.5,36.5,38.6,0.95,0.05,0.0,0.7,0.03,2,1785013652.758439,False,False,True,False,1785013617.392815,0,0,1,0,False
1784849457.3002179,20,1785013662.72285,37.481116960402844,0.7385236896314946,37.109941252765694,True,37.5,36.5,38.6,0.95,0.05,0.0,0.7,0.03,2,1785013672.749835,False,True,True,False,1785013617.392815,0,0,1,0,False
1784849457.3002179,20,1785013682.7290618,37.49980926222629,0.7385427634088654,37.10727092393378,True,37.5,36.5,38.6,0.95,0.05,0.0,0.7,0.03,2,1785013692.7570937,False,True,True,False,1785013617.392815,0,0,1,0,False
1784849457.3002179,20,1785013702.7353787,37.51583123521782,0.7386762798504616,37.12329289692531,True,37.5,36.5,38.6,0.95,0.05,0.0,0.7,0.03,2,1785013712.7650177,False,True,True,False,1785013617.392815,0,False,0,0,False
1784849457.3002179,20,1785013722.7416644,37.531853208209355,0.7387144274052033,37.115281910429545,True,37.5,36.5,38.6,0.95,0.05,0.0,0.7,0.03,2,1785013732.7714734,False,False,True,False,1785013617.392815,0,False,0,0,False
1784849457.3002179,20,1785013742.7481766,37.49980926222629,0.7386190585183489,37.12863355458916,True,37.5,36.5,38.6,0.95,0.05,0.0,0.7,0.03,2,1785013752.7756586,False,True,True,False,1785013617.392815,0,0,1,0,False
1784849457.3002179,20,1785013762.7544906,37.489127946898606,0.7387335011825742,37.109941252765694,True,37.5,36.5,38.6,0.95,0.05,0.0,0.7,0.03,2,1785013772.7817924,False,False,True,False,1785013617.392815,0,0,1,0,False
1784849457.3002179,20,1785013782.7606597,37.49713893339437,0.7385427634088654,37.11795223926147,True,37.5,36.5,38.6,0.95,0.05,0.0,0.7,0.03,2,1785013792.7880735,False,False,True,True,1785013797.3928227,0,0,1,0,False
1784849457.3002179,20,1785013802.7669072,37.51850156404974,0.7387716487373158,37.133974212252994,True,37.5,36.5,38.6,0.95,0.05,0.0,0.7,0.03,2,1785013812.7944055,False,True,True,True,1785013797.3928227,0,False,0,0,False
1784849457.3002179,20,1785013822.7732503,37.52918287937743,0.7388479438467993,37.133974212252994,True,37.5,36.5,38.6,0.95,0.05,0.0,0.7,0.03,2,1785013832.8006544,False,False,True,False,1785013797.3928227,0,False,0,0,False
1784849457.3002179,20,1785013842.779629,37.49713893339437,0.7385618371862364,37.14465552758068,True,37.5,36.5,38.6,0.95,0.05,0.0,0.7,0.03,2,1785013852.80641,False,True,True,False,1785013797.3928227,0,0,1,0,False
1784849457.3002179,20,1785013862.7865098,37.507820248722055,0.7385236896314946,37.13130388342107,True,37.5,36.5,38.6,0.95,0.05,0.0,0.7,0.03,2,1785013872.8155684,False,False,True,False,1785013797.3928227,0,False,0,0,False
1784849457.3002179,20,1785013882.7935426,37.49446860456244,0.7384473945220111,37.11795223926147,True,37.5,36.5,38.6,0.95,0.05,0.0,0.7,0.03,2,1785013892.8258104,False,True,True,False,1785013797.3928227,0,0,1,0,False
1784849457.3002179,20,1785013902.7998514,37.49446860456244,0.7385618371862364,37.11795223926147,True,37.5,36.5,38.6,0.95,0.05,0.0,0.7,0.03,2,1785013912.8286765,False,True,True,False,1785013797.3928227,0,0,1,0,False
1784849457.3002179,20,1785013922.8078685,37.49446860456244,0.7385999847409781,37.13130388342107,True,37.5,36.5,38.6,0.95,0.05,0.0,0.7,0.03,2,1785013932.8353899,False,False,True,False,1785013797.3928227,0,0,1,0,False
1784849457.3002179,20,1785013942.8150258,37.489127946898606,0.7385236896314946,37.14465552758068,True,37.5,36.5,38.6,0.95,0.05,0.0,0.7,0.03,2,1785013952.8431985,False,True,True,False,1785013797.3928227,0,0,1,0,False
1784849457.3002179,20,1785013962.8220007,37.53719386587319,0.7386381322957198,37.16334782940413,True,37.5,36.5,38.6,0.95,0.05,0.0,0.7,0.03,2,1785013972.8501248,False,True,True,True,1785013977.3928618,0,False,0,0,False
1784849457.3002179,20,1785013982.8282993,37.53986419470512,0.7385618371862364,37.17135881589991,True,37.5,36.5,38.6,0.95,0.05,0.0,0.7,0.03,2,1785013992.8576927,False,False,True,True,1785013977.3928618,0,False,0,0,False
1784849457.3002179,20,1785014002.8347595,37.52918287937743,0.7386381322957198,37.139314869916845,True,37.5,36.5,38.6,0.95,0.05,0.0,0.7,0.03,2,1785014012.8704607,False,False,True,False,1785013977.3928618,0,False,0,0,False
1784849457.3002179,20,1785014022.8421512,37.50247959105822,0.7385427634088654,37.12863355458916,True,37.5,36.5,38.6,0.95,0.05,0.0,0.7,0.03,2,1785014032.8744788,False,True,True,False,1785013977.3928618,0,False,0,0,False
1784849457.3002179,20,1785014042.8493192,37.481116960402844,0.7387525749599451,37.12863355458916,True,37.5,36.5,38.6,0.95,0.05,0.0,0.7,0.03,2,1785014052.8762863,False,False,True,False,1785013977.3928618,0,0,1,0,False
1784849457.3002179,20,1785014062.8554964,37.470435645075156,0.7383138780804149,37.09391927977417,True,37.5,36.5,38.6,0.95,0.05,0.0,0.7,0.03,2,1785014072.8834474,False,True,True,False,1785013977.3928618,0,0,1,0,False
1784849457.3002179,20,1785014082.8617566,37.47844663157092,0.7384855420767529,37.10727092393378,True,37.5,36.5,38.6,0.95,0.05,0.0,0.7,0.03,2,1785014092.8893814,False,False,True,False,1785013977.3928618,0,0,1,0,False
1784849457.3002179,20,1785014102.868004,37.51583123521782,0.7385236896314946,37.11795223926147,True,37.5,36.5,38.6,0.95,0.05,0.0,0.7,0.03,2,1785014112.8954647,False,False,True,False,1785013977.3928618,0,False,0,0,False
1784849457.3002179,20,1785014122.8745346,37.50514991989013,0.7386381322957198,37.13130388342107,True,37.5,36.5,38.6,0.95,0.05,0.0,0.7,0.03,2,1785014132.9020178,False,True,True,False,1785013977.3928618,0,False,0,0,False
1784849457.3002179,20,1785014142.8808553,37.526512550545505,0.7385999847409781,37.15533684290837,True,37.5,36.5,38.6,0.95,0.05,0.0,0.7,0.03,2,1785014152.9082837,False,False,True,True,1785014157.3928885,0,False,0,0,False
1784849457.3002179,20,1785014162.8871958,37.489127946898606,0.7385618371862364,37.12062256809338,True,37.5,36.5,38.6,0.95,0.05,0.0,0.7,0.03,2,1785014172.914675,False,False,True,True,1785014157.3928885,0,0,1,0,False
1784849457.3002179,20,1785014182.8934848,37.465094987411305,0.738161287861448,37.12329289692531,True,37.5,36.5,38.6,0.95,0.05,0.0,0.7,0.03,2,1785014192.9205587,False,False,True,False,1785014157.3928885,0,0,1,0,False
1784849457.3002179,20,1785014202.8997383,37.49179827573053,0.7384473945220111,37.133974212252994,True,37.5,36.5,38.6,0.95,0.05,0.0,0.7,0.03,2,1785014212.9269025,False,False,True,False,1785014157.3928885,0,0,1,0,False
1784849457.3002179,20,1785014222.9066732,37.507820248722055,0.7384473945220111,37.12863355458916,True,37.5,36.5,38.6,0.95,0.05,0.0,0.7,0.03,2,1785014232.9349823,False,False,True,False,1785014157.3928885,0,False,0,0,False
1784849457.3002179,20,1785014242.9136236,37.54520485236897,0.7385618371862364,37.14999618524453,True,37.5,36.5,38.6,0.95,0.05,0.0,0.7,0.03,2,1785014252.9410594,False,True,True,False,1785014157.3928885,0,False,0,0,False
1784849457.3002179,20,1785014262.9199831,37.52384222171359,0.7383329518577859,37.158007171740294,True,37.5,36.5,38.6,0.95,0.05,0.0,0.7,0.03,2,1785014272.954058,False,True,True,False,1785014157.3928885,0,False,0,0,False
1784849457.3002179,20,1785014282.9295342,37.50514991989013,0.7387144274052033,37.14465552758068,True,37.5,36.5,38.6,0.95,0.05,0.0,0.7,0.03,2,1785014292.961956,False,True,True,False,1785014157.3928885,0,False,0,0,False
1784849457.3002179,20,1785014302.9395113,37.489127946898606,0.7385618371862364,37.12863355458916,True,37.5,36.5,38.6,0.95,0.05,0.0,0.7,0.03,2,1785014312.9667056,False,True,True,False,1785014157.3928885,0,0,1,0,False
1784849457.3002179,20,1785014322.9458725,37.50514991989013,0.7385427634088654,37.13130388342107,True,37.5,36.5,38.6,0.95,0.05,0.0,0.7,0.03,2,1785014332.9752502,False,True,True,True,1785014337.3929026,0,False,0,0,False
1784849457.3002179,20,1785014342.9522002,37.47310597390707,0.7384855420767529,37.11795223926147,True,37.5,36.5,38.6,0.95,0.05,0.0,0.7,0.03,2,1785014352.979245,False,True,True,True,1785014337.3929026,0,0,1,0,False
1784849457.3002179,20,1785014362.9584424,37.489127946898606,0.7386572060730907,37.12062256809338,True,37.5,36.5,38.6,0.95,0.05,0.0,0.7,0.03,2,1785014372.985927,False,True,True,False,1785014337.3929026,0,0,1,0,False
1784849457.3002179,20,1785014382.9647207,37.507820248722055,0.7385236896314946,37.11795223926147,True,37.5,36.5,38.6,0.95,0.05,0.0,0.7,0.03,2,1785014392.9919965,False,True,True,False,1785014337.3929026,0,False,0,0,False
1784849457.3002179,20,1785014402.9711041,37.48645761806668,0.7384283207446403,37.12329289692531,True,37.5,36.5,38.6,0.95,0.05,0.0,0.7,0.03,2,1785014412.9985218,False,False,True,False,1785014337.3929026,0,0,1,0,False
1784849457.3002179,20,1785014422.9773505,37.50247959105822,0.7385809109636072,37.14999618524453,True,37.5,36.5,38.6,0.95,0.05,0.0,0.7,0.03,2,1785014433.0117958,False,True,True,False,1785014337.3929026,0,False,0,0,False
1784849457.3002179,20,1785014442.9837272,37.48645761806668,0.7383329518577859,37.17135881589991,True,37.5,36.5,38.6,0.95,0.05,0.0,0.7,0.03,2,1785014453.0111272,False,False,True,False,1785014337.3929026,0,0,1,0,False
1784849457.3002179,20,1785014462.9899774,37.507820248722055,0.7385046158541237,37.158007171740294,True,37.5,36.5,38.6,0.95,0.05,0.0,0.7,0.03,2,1785014473.017098,False,True,True,False,1785014337.3929026,0,False,0,0,False
1784849457.3002179,20,1785014482.9964547,37.55321583886473,0.7388670176241703,37.17135881589991,True,37.5,36.5,38.6,0.95,0.05,0.0,0.7,0.03,2,1785014493.0249374,False,True,True,False,1785014337.3929026,0,False,0,0,False
1784849457.3002179,20,1785014503.0029619,37.52117189288167,0.7386953536278323,37.14999618524453,True,37.5,36.5,38.6,0.95,0.05,0.0,0.7,0.03,2,1785014513.0307097,False,True,True,True,1785014517.3929064,0,False,0,0,False
1784849457.3002179,20,1785014523.0092714,37.483787289234755,0.7384283207446403,37.141985198748756,True,37.5,36.5,38.6,0.95,0.05,0.0,0.7,0.03,2,1785014533.038505,False,False,True,True,1785014517.3929064,0,0,1,0,False
1784849457.3002179,20,1785014543.0155277,37.47310597390707,0.7384092469672694,37.11795223926147,True,37.5,36.5,38.6,0.95,0.05,0.0,0.7,0.03,2,1785014553.0430343,False,False,True,False,1785014517.3929064,0,0,1,0,False
1784849457.3002179,20,1785014563.02173,37.47310597390707,0.7384283207446403,37.115281910429545,True,37.5,36.5,38.6,0.95,0.05,0.0,0.7,0.03,2,1785014573.0495684,False,True,True,False,1785014517.3929064,0,0,1,0,False
1784849457.3002179,20,1785014583.028069,37.48645761806668,0.7384283207446403,37.11795223926147,True,37.5,36.5,38.6,0.95,0.05,0.0,0.7,0.03,2,1785014593.058835,False,True,True,False,1785014517.3929064,0,0,1,0,False
1784849457.3002179,20,1785014603.0345058,37.507820248722055,0.7385999847409781,37.12863355458916,True,37.5,36.5,38.6,0.95,0.05,0.0,0.7,0.03,2,1785014613.0624654,False,False,True,False,1785014517.3929064,0,False,0,0,False
1784849457.3002179,20,1785014623.0409367,37.52918287937743,0.7383329518577859,37.182040131227595,True,37.5,36.5,38.6,0.95,0.05,0.0,0.7,0.03,2,1785014633.0693188,False,True,True,False,1785014517.3929064,0,False,0,0,False
1784849457.3002179,20,1785014643.0473914,37.53452353704128,0.7383710994125277,37.16601815823606,True,37.5,36.5,38.6,0.95,0.05,0.0,0.7,0.03,2,1785014653.0752318,False,True,True,False,1785014517.3929064,0,False,0,0,False
1784849457.3002179,20,1785014663.0536993,37.49713893339437,0.7386190585183489,37.152666514076444,True,37.5,36.5,38.6,0.95,0.05,0.0,0.7,0.03,2,1785014673.0814226,False,False,True,False,1785014517.3929064,0,0,1,0,False
1784849457.3002179,20,1785014683.060017,37.49980926222629,0.7385046158541237,37.14999618524453,True,37.5,36.5,38.6,0.95,0.05,0.0,0.7,0.03,2,1785014693.0880852,False,False,True,True,1785014697.3929334,0,0,1,0,False
1784849457.3002179,20,1785014703.0672586,37.483787289234755,0.7383520256351568,37.12863355458916,True,37.5,36.5,38.6,0.95,0.05,0.0,0.7,0.03,2,1785014713.1016648,False,False,True,True,1785014697.3929334,0,0,1,0,False
1784849457.3002179,20,1785014723.0742452,37.489127946898606,0.738180361638819,37.12062256809338,True,37.5,36.5,38.6,0.95,0.05,0.0,0.7,0.03,2,1785014733.1051922,False,False,True,False,1785014697.3929334,0,0,1,0,False
1784849457.3002179,20,1785014743.0806284,37.526512550545505,0.7385427634088654,37.17135881589991,True,37.5,36.5,38.6,0.95,0.05,0.0,0.7,0.03,2,1785014753.1127312,False,True,True,False,1785014697.3929334,0,False,0,0,False
1784849457.3002179,20,1785014763.087412,37.51049057755398,0.7384473945220111,37.17402914473182,True,37.5,36.5,38.6,0.95,0.05,0.0,0.7,0.03,2,1785014773.1209128,False,True,True,False,1785014697.3929334,0,False,0,0,False
1784849457.3002179,20,1785014783.0942569,37.550545510032805,0.7387335011825742,37.176699473563744,True,37.5,36.5,38.6,0.95,0.05,0.0,0.7,0.03,2,1785014793.1220114,False,True,True,False,1785014697.3929334,0,False,0,0,False
1784849457.3002179,20,1785014803.1008918,37.53986419470512,0.7386762798504616,37.14465552758068,True,37.5,36.5,38.6,0.95,0.05,0.0,0.7,0.03,2,1785014813.128355,False,False,True,False,1785014697.3929334,0,False,0,0,False
1784849457.3002179,20,1785014823.107258,37.50247959105822,0.7383710994125277,37.139314869916845,True,37.5,36.5,38.6,0.95,0.05,0.0,0.7,0.03,2,1785014833.134685,False,True,True,False,1785014697.3929334,0,False,0,0,False
1784849457.3002179,20,1785014843.1135957,37.48645761806668,0.7382566567483024,37.10727092393378,True,37.5,36.5,38.6,0.95,0.05,0.0,0.7,0.03,2,1785014853.1416328,False,False,True,False,1785014697.3929334,0,0,1,0,False
1784849457.3002179,20,1785014863.1198964,37.465094987411305,0.7383901731898984,37.12062256809338,True,37.5,36.5,38.6,0.95,0.05,0.0,0.7,0.03,2,1785014873.1469648,False,False,True,True,1785014877.3929408,0,0,1,0,False
1784849457.3002179,20,1785014883.1263027,37.45174334325169,0.7384283207446403,37.10727092393378,True,37.5,36.5,38.6,0.95,0.05,0.0,0.7,0.03,2,1785014893.1554875,False,False,True,True,1785014877.3929408,0,0,1,0,False
1784849457.3002179,20,1785014903.1331549,37.46776531624323,0.7385809109636072,37.11795223926147,True,37.5,36.5,38.6,0.95,0.05,0.0,0.7,0.03,2,1785014913.1626375,False,True,True,False,1785014877.3929408,0,0,1,0,False
1784849457.3002179,20,1785014923.1406434,37.46776531624323,0.7382185091935607,37.09391927977417,True,37.5,36.5,38.6,0.95,0.05,0.0,0.7,0.03,2,1785014933.1688986,False,False,True,False,1785014877.3929408,0,0,1,0,False
1784849457.3002179,20,1785014943.147575,37.49980926222629,0.7383520256351568,37.14465552758068,True,37.5,36.5,38.6,0.95,0.05,0.0,0.7,0.03,2,1785014953.1762877,False,True,True,False,1785014877.3929408,0,0,1,0,False
1784849457.3002179,20,1785014963.1538777,37.51583123521782,0.7384092469672694,37.141985198748756,True,37.5,36.5,38.6,0.95,0.05,0.0,0.7,0.03,2,1785014973.1841533,False,True,True,False,1785014877.3929408,0,False,0,0,False
1784849457.3002179,20,1785014983.1603,37.555886167696656,0.7386572060730907,37.176699473563744,True,37.5,36.5,38.6,0.95,0.05,0.0,0.7,0.03,2,1785014993.1884077,False,True,True,False,1785014877.3929408,0,False,0,0,False
1784849457.3002179,20,1785015003.1666596,37.555886167696656,0.7386190585183489,37.182040131227595,True,37.5,36.5,38.6,0.95,0.05,0.0,0.7,0.03,2,1785015013.194518,False,True,True,False,1785014877.3929408,0,False,0,0,False
1784849457.3002179,20,1785015023.1731927,37.507820248722055,0.7385236896314946,37.16067750057222,True,37.5,36.5,38.6,0.95,0.05,0.0,0.7,0.03,2,1785015033.2047205,False,False,True,False,1785014877.3929408,0,False,0,0,False
1784849457.3002179,20,1785015043.179579,37.49179827573053,0.7384473945220111,37.12863355458916,True,37.5,36.5,38.6,0.95,0.05,0.0,0.7,0.03,2,1785015053.2080054,False,False,True,True,1785015057.3929458,0,0,1,0,False
1784849457.3002179,20,1785015063.1856973,37.44907301441978,0.7380849927519645,37.115281910429545,True,37.5,36.5,38.6,0.95,0.05,0.0,0.7,0.03,2,1785015073.2166193,False,True,True,True,1785015057.3929458,0,0,1,0,False
1784849457.3002179,20,1785015083.1950743,37.46242465857938,0.7382757305256733,37.11795223926147,True,37.5,36.5,38.6,0.95,0.05,0.0,0.7,0.03,2,1785015093.2261357,False,True,True,False,1785015057.3929458,0,0,1,0,False
1784849457.3002179,20,1785015103.2046788,37.446402685587856,0.7383710994125277,37.133974212252994,True,37.5,36.5,38.6,0.95,0.05,0.0,0.7,0.03,2,1785015113.2323513,False,False,True,False,1785015057.3929458,0,0,1,0,False
1784849457.3002179,20,1785015123.211559,37.49980926222629,0.7384664682993819,37.13664454108492,True,37.5,36.5,38.6,0.95,0.05,0.0,0.7,0.03,2,1785015133.242627,False,True,True,False,1785015057.3929458,0,0,1,0,False
1784849457.3002179,20,1785015143.218543,37.526512550545505,0.738180361638819,37.14465552758068,True,37.5,36.5,38.6,0.95,0.05,0.0,0.7,0.03,2,1785015153.2475224,False,True,True,False,1785015057.3929458,0,False,0,0,False
1784849457.3002179,20,1785015163.2248588,37.50514991989013,0.7387335011825742,37.17402914473182,True,37.5,36.5,38.6,0.95,0.05,0.0,0.7,0.03,2,1785015173.2542553,False,True,True,False,1785015057.3929458,0,False,0,0,False
1784849457.3002179,20,1785015183.231378,37.54520485236897,0.7384855420767529,37.16601815823606,True,37.5,36.5,38.6,0.95,0.05,0.0,0.7,0.03,2,1785015193.264011,False,True,True,False,1785015057.3929458,0,False,0,0,False
1784849457.3002179,20,1785015203.23821,37.507820248722055,0.7382375829709314,37.16067750057222,True,37.5,36.5,38.6,0.95,0.05,0.0,0.7,0.03,2,1785015213.2701805,False,True,True,False,1785015057.3929458,0,False,0,0,False
1784849457.3002179,20,1785015223.247636,37.481116960402844,0.7385236896314946,37.14465552758068,True,37.5,36.5,38.6,0.95,0.05,0.0,0.7,0.03,2,1785015233.2830405,False,False,True,True,1785015237.3929608,0,0,1,0,False
1784849457.3002179,20,1785015243.2538834,37.470435645075156,0.7384855420767529,37.10727092393378,True,37.5,36.5,38.6,0.95,0.05,0.0,0.7,0.03,2,1785015253.2806063,False,False,True,True,1785015237.3929608,0,0,1,0,False
1784849457.3002179,20,1785015263.2606876,37.470435645075156,0.7382375829709314,37.12062256809338,True,37.5,36.5,38.6,0.95,0.05,0.0,0.7,0.03,2,1785015273.2898338,False,False,True,False,1785015237.3929608,0,0,1,0,False
1784849457.3002179,20,1785015283.2677364,37.47310597390707,0.7384092469672694,37.12863355458916,True,37.5,36.5,38.6,0.95,0.05,0.0,0.7,0.03,2,1785015293.2951353,False,False,True,False,1785015237.3929608,0,0,1,0,False
1784849457.3002179,20,1785015303.2739887,37.526512550545505,0.7385618371862364,37.17135881589991,True,37.5,36.5,38.6,0.95,0.05,0.0,0.7,0.03,2,1785015313.301305,False,False,True,False,1785015237.3929608,0,False,0,0,False
1784849457.3002179,20,1785015323.2803514,37.526512550545505,0.7384092469672694,37.17402914473182,True,37.5,36.5,38.6,0.95,0.05,0.0,0.7,0.03,2,1785015333.3078146,False,True,True,False,1785015237.3929608,0,False,0,0,False
1784849457.3002179,20,1785015343.2873337,37.526512550545505,0.7383710994125277,37.16601815823606,True,37.5,36.5,38.6,0.95,0.05,0.0,0.7,0.03,2,1785015353.3154042,False,True,True,False,1785015237.3929608,0,False,0,0,False
1784849457.3002179,20,1785015363.294942,37.49980926222629,0.7385618371862364,37.14732585641261,True,37.5,36.5,38.6,0.95,0.05,0.0,0.7,0.03,2,1785015373.3230982,False,False,True,False,1785015237.3929608,0,0,1,0,False
1784849457.3002179,20,1785015383.3024366,37.481116960402844,0.7384283207446403,37.12863355458916,True,37.5,36.5,38.6,0.95,0.05,0.0,0.7,0.03,2,1785015393.332279,False,True,True,False,1785015237.3929608,0,0,1,0,False
1784849457.3002179,20,1785015403.30944,37.48645761806668,0.7385236896314946,37.15533684290837,True,37.5,36.5,38.6,0.95,0.05,0.0,0.7,0.03,2,1785015413.336832,False,False,True,True,1785015417.3929646,0,0,1,0,False
1784849457.3002179,20,1785015423.3157356,37.49713893339437,0.7383901731898984,37.133974212252994,True,37.5,36.5,38.6,0.95,0.05,0.0,0.7,0.03,2,1785015433.3445325,False,False,True,True,1785015417.3929646,0,0,1,0,False
1784849457.3002179,20,1785015443.3218577,37.50247959105822,0.7381994354161898,37.14465552758068,True,37.5,36.5,38.6,0.95,0.05,0.0,0.7,0.03,2,1785015453.349308,False,False,True,False,1785015417.3929646,0,False,0,0,False
1784849457.3002179,20,1785015463.3284483,37.51850156404974,0.7384473945220111,37.17402914473182,True,37.5,36.5,38.6,0.95,0.05,0.0,0.7,0.03,2,1785015473.3582036,False,True,True,False,1785015417.3929646,0,False,0,0,False
1784849457.3002179,20,1785015483.334874,37.54253452353704,0.7384664682993819,37.182040131227595,True,37.5,36.5,38.6,0.95,0.05,0.0,0.7,0.03,2,1785015493.363563,False,False,True,False,1785015417.3929646,0,False,0,0,False
1784849457.3002179,20,1785015503.3412485,37.54253452353704,0.7382948043030442,37.15533684290837,True,37.5,36.5,38.6,0.95,0.05,0.0,0.7,0.03,2,1785015513.3686607,False,False,True,False,1785015417.3929646,0,False,0,0,False
1784849457.3002179,20,1785015523.347618,37.49446860456244,0.7383138780804149,37.14732585641261,True,37.5,36.5,38.6,0.95,0.05,0.0,0.7,0.03,2,1785015533.3756359,False,True,True,False,1785015417.3929646,0,0,1,0,False
1784849457.3002179,20,1785015543.354025,37.489127946898606,0.7383710994125277,37.11795223926147,True,37.5,36.5,38.6,0.95,0.05,0.0,0.7,0.03,2,1785015553.3816168,False,False,True,False,1785015417.3929646,0,0,1,0,False
1784849457.3002179,20,1785015563.3610513,37.483787289234755,0.738180361638819,37.13130388342107,True,37.5,36.5,38.6,0.95,0.05,0.0,0.7,0.03,2,1785015573.3898745,False,False,True,False,1785015417.3929646,0,0,1,0,False
1784849457.3002179,20,1785015583.3680365,37.507820248722055,0.7385618371862364,37.15533684290837,True,37.5,36.5,38.6,0.95,0.05,0.0,0.7,0.03,2,1785015593.3955564,False,True,True,True,1785015597.3929896,0,False,0,0,False
1784849457.3002179,20,1785015603.3745568,37.52384222171359,0.7384473945220111,37.15533684290837,True,37.5,36.5,38.6,0.95,0.05,0.0,0.7,0.03,2,1785015613.4054456,False,True,True,True,1785015597.3929896,0,False,0,0,False
1784849457.3002179,20,1785015623.3843107,37.48645761806668,0.7386190585183489,37.15533684290837,True,37.5,36.5,38.6,0.95,0.05,0.0,0.7,0.03,2,1785015633.413794,False,True,True,False,1785015597.3929896,0,0,1,0,False
1784849457.3002179,20,1785015643.3907006,37.507820248722055,0.7383520256351568,37.14465552758068,True,37.5,36.5,38.6,0.95,0.05,0.0,0.7,0.03,2,1785015653.425217,False,True,True,False,1785015597.3929896,0,False,0,0,False
1784849457.3002179,20,1785015663.3970873,37.48645761806668,0.7383520256351568,37.152666514076444,True,37.5,36.5,38.6,0.95,0.05,0.0,0.7,0.03,2,1785015673.4266326,False,True,True,False,1785015597.3929896,0,0,1,0,False
1784849457.3002179,20,1785015683.4043918,37.46242465857938,0.7381994354161898,37.133974212252994,True,37.5,36.5,38.6,0.95,0.05,0.0,0.7,0.03,2,1785015693.4325876,False,False,True,False,1785015597.3929896,0,0,1,0,False
1784849457.3002179,20,1785015703.4114137,37.47310597390707,0.7383710994125277,37.139314869916845,True,37.5,36.5,38.6,0.95,0.05,0.0,0.7,0.03,2,1785015713.4384031,False,True,True,False,1785015597.3929896,0,0,1,0,False
1784849457.3002179,20,1785015723.417834,37.51049057755398,0.7384473945220111,37.141985198748756,True,37.5,36.5,38.6,0.95,0.05,0.0,0.7,0.03,2,1785015733.4494846,False,True,True,False,1785015597.3929896,0,False,0,0,False
1784849457.3002179,20,1785015743.4243886,37.51049057755398,0.7380468451972229,37.17135881589991,True,37.5,36.5,38.6,0.95,0.05,0.0,0.7,0.03,2,1785015753.4548905,False,True,True,False,1785015597.3929896,0,False,0,0,False
1784849457.3002179,20,1785015763.4310958,37.50514991989013,0.738180361638819,37.152666514076444,True,37.5,36.5,38.6,0.95,0.05,0.0,0.7,0.03,2,1785015773.459255,False,False,True,True,1785015777.3929954,0,False,0,0,False
1784849457.3002179,20,1785015783.4376752,37.49713893339437,0.738161287861448,37.139314869916845,True,37.5,36.5,38.6,0.95,0.05,0.0,0.7,0.03,2,1785015793.4657245,False,False,True,True,1785015777.3929954,0,0,1,0,False
1784849457.3002179,20,1785015803.444045,37.470435645075156,0.7383329518577859,37.11795223926147,True,37.5,36.5,38.6,0.95,0.05,0.0,0.7,0.03,2,1785015813.4712079,False,False,True,False,1785015777.3929954,0,0,1,0,False
1784849457.3002179,20,1785015823.450338,37.49713893339437,0.7382375829709314,37.14465552758068,True,37.5,36.5,38.6,0.95,0.05,0.0,0.7,0.03,2,1785015833.4791286,False,False,True,False,1785015777.3929954,0,0,1,0,False
1784849457.3002179,20,1785015843.4566295,37.507820248722055,0.7383710994125277,37.17135881589991,True,37.5,36.5,38.6,0.95,0.05,0.0,0.7,0.03,2,1785015853.4847355,False,True,True,False,1785015777.3929954,0,False,0,0,False
1784849457.3002179,20,1785015863.4635913,37.52918287937743,0.7382375829709314,37.184710460059506,True,37.5,36.5,38.6,0.95,0.05,0.0,0.7,0.03,2,1785015873.4951315,False,True,True,False,1785015777.3929954,0,False,0,0,False
1784849457.3002179,20,1785015883.4707878,37.51049057755398,0.7382948043030442,37.16601815823606,True,37.5,36.5,38.6,0.95,0.05,0.0,0.7,0.03,2,1785015893.4992108,False,True,True,False,1785015777.3929954,0,False,0,0,False
1784849457.3002179,20,1785015903.47774,37.49980926222629,0.7384283207446403,37.14465552758068,True,37.5,36.5,38.6,0.95,0.05,0.0,0.7,0.03,2,1785015913.5051453,False,False,True,False,1785015777.3929954,0,0,1,0,False
1784849457.3002179,20,1785015923.4840097,37.49446860456244,0.7383710994125277,37.13130388342107,True,37.5,36.5,38.6,0.95,0.05,0.0,0.7,0.03,2,1785015933.5115597,False,False,True,False,1785015777.3929954,0,0,1,0,False
1784849457.3002179,20,1785015943.4908845,37.47310597390707,0.7382185091935607,37.139314869916845,True,37.5,36.5,38.6,0.95,0.05,0.0,0.7,0.03,2,1785015953.5188348,False,True,True,True,1785015957.393006,0,0,1,0,False
1784849457.3002179,20,1785015963.4977996,37.49446860456244,0.7382566567483024,37.158007171740294,True,37.5,36.5,38.6,0.95,0.05,0.0,0.7,0.03,2,1785015973.5254714,False,True,True,True,1785015957.393006,0,0,1,0,False
1784849457.3002179,20,1785015983.5040493,37.49713893339437,0.7383520256351568,37.14465552758068,True,37.5,36.5,38.6,0.95,0.05,0.0,0.7,0.03,2,1785015993.5318804,False,True,True,False,1785015957.393006,0,0,1,0,False
1784849457.3002179,20,1785016003.5103412,37.507820248722055,0.738180361638819,37.182040131227595,True,37.5,36.5,38.6,0.95,0.05,0.0,0.7,0.03,2,1785016013.537505,False,False,True,False,1785015957.393006,0,False,0,0,False
1784849457.3002179,20,1785016023.5167727,37.57190814068818,0.7383710994125277,37.176699473563744,True,37.5,36.5,38.6,0.95,0.05,0.0,0.7,0.03,2,1785016033.5454264,False,False,True,False,1785015957.393006,0,False,0,0,False
1784849457.3002179,20,1785016043.5231714,37.54520485236897,0.7384473945220111,37.16601815823606,True,37.5,36.5,38.6,0.95,0.05,0.0,0.7,0.03,2,1785016053.5509963,False,False,True,False,1785015957.393006,0,False,0,0,False
1784849457.3002179,20,1785016063.5294814,37.51850156404974,0.7383901731898984,37.16868848706798,True,37.5,36.5,38.6,0.95,0.05,0.0,0.7,0.03,2,1785016073.5594296,False,True,True,False,1785015957.393006,0,False,0,0,False
1784849457.3002179,20,1785016083.5359998,37.489127946898606,0.7380659189745937,37.12863355458916,True,37.5,36.5,38.6,0.95,0.05,0.0,0.7,0.03,2,1785016093.5644312,False,False,True,False,1785015957.393006,0,0,1,0,False
1784849457.3002179,20,1785016103.5422935,37.47310597390707,0.7384092469672694,37.12863355458916,True,37.5,36.5,38.6,0.95,0.05,0.0,0.7,0.03,2,1785016113.5696697,False,True,True,False,1785015957.393006,0,0,1,0,False
1784849457.3002179,20,1785016123.5484803,37.46776531624323,0.7384283207446403,37.14732585641261,True,37.5,36.5,38.6,0.95,0.05,0.0,0.7,0.03,2,1785016133.5774229,False,False,True,True,1785016137.3930085,0,0,1,0,False
1784849457.3002179,20,1785016143.5547898,37.46776531624323,0.7382757305256733,37.15533684290837,True,37.5,36.5,38.6,0.95,0.05,0.0,0.7,0.03,2,1785016153.582231,False,True,True,True,1785016137.3930085,0,0,1,0,False
1784849457.3002179,20,1785016163.5610049,37.49446860456244,0.7382757305256733,37.13130388342107,True,37.5,36.5,38.6,0.95,0.05,0.0,0.7,0.03,2,1785016173.5884326,False,True,True,False,1785016137.3930085,0,0,1,0,False
1784849457.3002179,20,1785016183.5680053,37.513160906385906,0.7383329518577859,37.133974212252994,True,37.5,36.5,38.6,0.95,0.05,0.0,0.7,0.03,2,1785016193.5965765,False,True,True,False,1785016137.3930085,0,False,0,0,False
1784849457.3002179,20,1785016203.5756528,37.507820248722055,0.7383710994125277,37.182040131227595,True,37.5,36.5,38.6,0.95,0.05,0.0,0.7,0.03,2,1785016213.6102095,False,False,True,False,1785016137.3930085,0,False,0,0,False
1784849457.3002179,20,1785016223.5832732,37.52384222171359,0.7382948043030442,37.17135881589991,True,37.5,36.5,38.6,0.95,0.05,0.0,0.7,0.03,2,1785016233.613976,False,True,True,False,1785016137.3930085,0,False,0,0,False
1784849457.3002179,20,1785016243.5905514,37.481116960402844,0.7381231403067063,37.15533684290837,True,37.5,36.5,38.6,0.95,0.05,0.0,0.7,0.03,2,1785016253.6176758,False,True,True,False,1785016137.3930085,0,0,1,0,False
1784849457.3002179,20,1785016263.5968125,37.49713893339437,0.7383710994125277,37.152666514076444,True,37.5,36.5,38.6,0.95,0.05,0.0,0.7,0.03,2,1785016273.6268535,False,False,True,False,1785016137.3930085,0,0,1,0,False
1784849457.3002179,20,1785016283.6036682,37.51049057755398,0.7381231403067063,37.16067750057222,True,37.5,36.5,38.6,0.95,0.05,0.0,0.7,0.03,2,1785016293.6404135,False,True,True,False,1785016137.3930085,0,False,0,0,False
1784849457.3002179,20,1785016303.6159196,37.49446860456244,0.738180361638819,37.17135881589991,True,37.5,36.5,38.6,0.95,0.05,0.0,0.7,0.03,2,1785016313.6444309,False,False,True,True,1785016317.3930209,0,0,1,0,False
1784849457.3002179,20,1785016323.6228402,37.52117189288167,0.7382757305256733,37.17402914473182,True,37.5,36.5,38.6,0.95,0.05,0.0,0.7,0.03,2,1785016333.6503017,False,True,True,True,1785016317.3930209,0,False,0,0,False
1784849457.3002179,20,1785016343.629203,37.49446860456244,0.7383329518577859,37.16601815823606,True,37.5,36.5,38.6,0.95,0.05,0.0,0.7,0.03,2,1785016353.6577685,False,False,True,False,1785016317.3930209,0,0,1,0,False
1784849457.3002179,20,1785016363.6356196,37.49980926222629,0.7384092469672694,37.16334782940413,True,37.5,36.5,38.6,0.95,0.05,0.0,0.7,0.03,2,1785016373.663094,False,True,True,False,1785016317.3930209,0,0,1,0,False
1784849457.3002179,20,1785016383.6418865,37.49713893339437,0.7379705500877394,37.15533684290837,True,37.5,36.5,38.6,0.95,0.05,0.0,0.7,0.03,2,1785016393.6756651,False,False,True,False,1785016317.3930209,0,0,1,0,False
1784849457.3002179,20,1785016403.6481886,37.49713893339437,0.7383138780804149,37.14999618524453,True,37.5,36.5,38.6,0.95,0.05,0.0,0.7,0.03,2,1785016413.6752663,False,False,True,False,1785016317.3930209,0,0,1,0,False
1784849457.3002179,20,1785016423.6544423,37.50247959105822,0.7384092469672694,37.12863355458916,True,37.5,36.5,38.6,0.95,0.05,0.0,0.7,0.03,2,1785016433.6819043,False,False,True,False,1785016317.3930209,0,False,0,0,False
1784849457.3002179,20,1785016443.6608012,37.49713893339437,0.7382757305256733,37.17135881589991,True,37.5,36.5,38.6,0.95,0.05,0.0,0.7,0.03,2,1785016453.6882508,False,True,True,False,1785016317.3930209,0,0,1,0,False
1784849457.3002179,20,1785016463.667165,37.49179827573053,0.738180361638819,37.17402914473182,True,37.5,36.5,38.6,0.95,0.05,0.0,0.7,0.03,2,1785016473.694585,False,True,True,False,1785016317.3930209,0,0,1,0,False
1784849457.3002179,20,1785016483.6733944,37.483787289234755,0.738161287861448,37.15533684290837,True,37.5,36.5,38.6,0.95,0.05,0.0,0.7,0.03,2,1785016493.7007818,False,True,True,True,1785016497.3930497,0,0,1,0,False
1784849457.3002179,20,1785016503.679656,37.49446860456244,0.7382757305256733,37.182040131227595,True,37.5,36.5,38.6,0.95,0.05,0.0,0.7,0.03,2,1785016513.7070332,False,False,True,True,1785016497.3930497,0,0,1,0,False
1784849457.3002179,20,1785016523.6865447,37.489127946898606,0.7380659189745937,37.16334782940413,True,37.5,36.5,38.6,0.95,0.05,0.0,0.7,0.03,2,1785016533.7155426,False,True,True,False,1785016497.3930497,0,0,1,0,False
1784849457.3002179,20,1785016543.6964762,37.49446860456244,0.7383710994125277,37.14465552758068,True,37.5,36.5,38.6,0.95,0.05,0.0,0.7,0.03,2,1785016553.7292066,False,False,True,False,1785016497.3930497,0,0,1,0,False
1784849457.3002179,20,1785016563.7060921,37.52117189288167,0.7383710994125277,37.17936980239567,True,37.5,36.5,38.6,0.95,0.05,0.0,0.7,0.03,2,1785016573.7338765,False,True,True,False,1785016497.3930497,0,False,0,0,False
1784849457.3002179,20,1785016583.7125607,37.53986419470512,0.7382185091935607,37.18738078889143,True,37.5,36.5,38.6,0.95,0.05,0.0,0.7,0.03,2,1785016593.7399926,False,True,True,False,1785016497.3930497,0,False,0,0,False
1784849457.3002179,20,1785016603.71897,37.550545510032805,0.7384283207446403,37.17135881589991,True,37.5,36.5,38.6,0.95,0.05,0.0,0.7,0.03,2,1785016613.7509308,False,True,True,False,1785016497.3930497,0,False,0,0,False
1784849457.3002179,20,1785016623.728756,37.52384222171359,0.7382757305256733,37.19806210421912,True,37.5,36.5,38.6,0.95,0.05,0.0,0.7,0.03,2,1785016633.7618577,False,True,True,False,1785016497.3930497,0,False,0,0,False
1784849457.3002179,20,1785016643.7393408,37.50247959105822,0.7381994354161898,37.15533684290837,True,37.5,36.5,38.6,0.95,0.05,0.0,0.7,0.03,2,1785016653.7664845,False,True,True,False,1785016497.3930497,0,False,0,0,False
1784849457.3002179,20,1785016663.7457664,37.481116960402844,0.738008697642481,37.16868848706798,True,37.5,36.5,38.6,0.95,0.05,0.0,0.7,0.03,2,1785016673.7761683,False,True,True,True,1785016677.3930662,0,0,1,0,False
1784849457.3002179,20,1785016683.7520711,37.49446860456244,0.7382185091935607,37.12863355458916,True,37.5,36.5,38.6,0.95,0.05,0.0,0.7,0.03,2,1785016693.7795122,False,False,True,True,1785016677.3930662,0,0,1,0,False
1784849457.3002179,20,1785016703.7583952,37.46242465857938,0.7378942549782559,37.14465552758068,True,37.5,36.5,38.6,0.95,0.05,0.0,0.7,0.03,2,1785016713.7858298,False,True,True,False,1785016677.3930662,0,0,1,0,False
1784849457.3002179,20,1785016723.764583,37.51049057755398,0.7382185091935607,37.158007171740294,True,37.5,36.5,38.6,0.95,0.05,0.0,0.7,0.03,2,1785016733.791998,False,True,True,False,1785016677.3930662,0,False,0,0,False
1784849457.3002179,20,1785016743.7709122,37.55321583886473,0.7382185091935607,37.17135881589991,True,37.5,36.5,38.6,0.95,0.05,0.0,0.7,0.03,2,1785016753.7982998,False,True,True,False,1785016677.3930662,0,False,0,0,False
1784849457.3002179,20,1785016763.7771897,37.526512550545505,0.7380849927519645,37.16868848706798,True,37.5,36.5,38.6,0.95,0.05,0.0,0.7,0.03,2,1785016773.8073988,False,True,True,False,1785016677.3930662,0,False,0,0,False
1784849457.3002179,20,1785016783.783736,37.507820248722055,0.738180361638819,37.16601815823606,True,37.5,36.5,38.6,0.95,0.05,0.0,0.7,0.03,2,1785016793.8128278,False,False,True,False,1785016677.3930662,0,False,0,0,False
1784849457.3002179,20,1785016803.7900224,37.48645761806668,0.7381422140840772,37.17135881589991,True,37.5,36.5,38.6,0.95,0.05,0.0,0.7,0.03,2,1785016813.8174226,False,False,True,False,1785016677.3930662,0,0,1,0,False
1784849457.3002179,20,1785016823.7962174,37.49713893339437,0.738027771419852,37.15533684290837,True,37.5,36.5,38.6,0.95,0.05,0.0,0.7,0.03,2,1785016833.824174,True,False,True,False,1785016677.3930662,0,0,1,0,False
1784849457.3002179,20,1785016843.8024657,37.49713893339437,0.7381231403067063,37.14465552758068,True,37.5,36.5,38.6,0.95,0.05,0.0,0.7,0.03,2,1785016853.8298078,True,True,True,True,1785016857.393094,0,0,1,0,False
1784849457.3002179,20,1785016863.8092504,37.507820248722055,0.7378942549782559,37.152666514076444,True,37.5,36.5,38.6,0.95,0.05,0.0,0.7,0.03,2,1785016873.839646,True,True,True,True,1785016857.393094,0,False,0,0,False
1784849457.3002179,20,1785016883.816921,37.51049057755398,0.7382757305256733,37.12863355458916,True,37.5,36.5,38.6,0.95,0.05,0.0,0.7,0.03,2,1785016893.847791,True,True,True,False,1785016857.393094,0,False,0,0,False
1784849457.3002179,20,1785016903.8246124,37.51049057755398,0.7382948043030442,37.139314869916845,True,37.5,36.5,38.6,0.95,0.05,0.0,0.7,0.03,2,1785016913.8533545,True,True,True,False,1785016857.393094,0,False,0,0,False
1784849457.3002179,20,1785016923.8322005,37.489127946898606,0.737875181200885,37.10460059510186,True,37.5,36.5,38.6,0.95,0.05,0.0,0.7,0.03,2,1785016933.860968,True,True,True,False,1785016857.393094,0,0,1,0,False
1784849457.3002179,20,1785016943.8393855,37.483787289234755,0.7380849927519645,37.10727092393378,True,37.5,36.5,38.6,0.95,0.05,0.0,0.7,0.03,2,1785016953.8664725,True,False,True,False,1785016857.393094,0,0,1,0,False
1784849457.3002179,20,1785016963.8455973,37.47310597390707,0.7380468451972229,37.08857862211032,True,37.5,36.5,38.6,0.95,0.05,0.0,0.7,0.03,2,1785016973.8725753,True,False,True,False,1785016857.393094,0,0,1,0,False
1784849457.3002179,20,1785016983.851907,37.49713893339437,0.7380468451972229,37.091248950942244,True,37.5,36.5,38.6,0.95,0.05,0.0,0.7,0.03,2,1785016993.8803642,True,False,True,False,1785016857.393094,0,0,1,0,False
1784849457.3002179,20,1785017003.858934,37.513160906385906,0.7381994354161898,37.11795223926147,True,37.5,36.5,38.6,0.95,0.05,0.0,0.7,0.03,2,1785017013.8874042,True,True,True,False,1785016857.393094,0,False,0,0,False
1784849457.3002179,20,1785017023.8665335,37.513160906385906,0.7380659189745937,37.14999618524453,True,37.5,36.5,38.6,0.95,0.05,0.0,0.7,0.03,2,1785017033.8940833,True,False,True,True,1785017037.3931196,0,False,0,0,False
1784849457.3002179,20,1785017043.8729208,37.52384222171359,0.738008697642481,37.11261158159762,True,37.5,36.5,38.6,0.95,0.05,0.0,0.7,0.03,2,1785017053.8998635,True,False,True,True,1785017037.3931196,0,False,0,0,False
1784849457.3002179,20,1785017063.879258,37.50247959105822,0.7379133287556268,37.09391927977417,True,37.5,36.5,38.6,0.95,0.05,0.0,0.7,0.03,2,1785017073.9066381,True,True,True,False,1785017037.3931196,0,False,0,0,False
1784849457.3002179,20,1785017083.8857005,37.47844663157092,0.7378942549782559,37.08056763561456,True,37.5,36.5,38.6,0.95,0.05,0.0,0.7,0.03,2,1785017093.9131217,True,True,True,False,1785017037.3931196,0,0,1,0,False
1784849457.3002179,20,1785017103.891987,37.47310597390707,0.7379514763103685,37.06988632028687,True,37.5,36.5,38.6,0.95,0.05,0.0,0.7,0.03,2,1785017113.9201908,True,False,True,False,1785017037.3931196,0,0,1,0,False
1784849457.3002179,20,1785017123.8983443,37.46242465857938,0.738008697642481,37.08323796444648,True,37.5,36.5,38.6,0.95,0.05,0.0,0.7,0.03,2,1785017133.9269073,True,True,True,False,1785017037.3931196,0,0,1,0,False
1784849457.3002179,20,1785017143.9049282,37.49980926222629,0.7381994354161898,37.10727092393378,True,37.5,36.5,38.6,0.95,0.05,0.0,0.7,0.03,2,1785017153.9330099,True,False,True,False,1785017037.3931196,0,0,1,0,False
1784849457.3002179,20,1785017163.911206,37.531853208209355,0.7380468451972229,37.115281910429545,True,37.5,36.5,38.6,0.95,0.05,0.0,0.7,0.03,2,1785017173.9395223,True,True,True,False,1785017037.3931196,0,False,0,0,False
1784849457.3002179,20,1785017183.9185202,37.550545510032805,0.7382757305256733,37.11795223926147,True,37.5,36.5,38.6,0.95,0.05,0.0,0.7,0.03,2,1785017193.9476674,True,True,True,False,1785017037.3931196,0,False,0,0,False
1784849457.3002179,20,1785017203.9254963,37.56656748302434,0.7381040665293355,37.12329289692531,True,37.5,36.5,38.6,0.95,0.05,0.0,0.7,0.03,2,1785017213.9525504,True,True,True,True,1785017217.393125,0,False,0,0,False
1784849457.3002179,20,1785017223.9318624,37.54520485236897,0.7382375829709314,37.11261158159762,True,37.5,36.5,38.6,0.95,0.05,0.0,0.7,0.03,2,1785017233.9591486,True,True,True,True,1785017217.393125,0,False,0,0,False
1784849457.3002179,20,1785017243.938102,37.49713893339437,0.7380468451972229,37.06988632028687,True,37.5,36.5,38.6,0.95,0.05,0.0,0.7,0.03,2,1785017253.9658709,True,False,True,False,1785017217.393125,0,0,1,0,False
1784849457.3002179,20,1785017263.9443,37.481116960402844,0.7382566567483024,37.08323796444648,True,37.5,36.5,38.6,0.95,0.05,0.0,0.7,0.03,2,1785017273.9762695,True,True,True,False,1785017217.393125,0,0,1,0,False
1784849457.3002179,20,1785017283.9506989,37.489127946898606,0.738180361638819,37.06988632028687,True,37.5,36.5,38.6,0.95,0.05,0.0,0.7,0.03,2,1785017293.9794877,True,False,True,False,1785017217.393125,0,0,1,0,False
1784849457.3002179,20,1785017303.9578397,37.489127946898606,0.7379896238651102,37.07522697795072,True,37.5,36.5,38.6,0.95,0.05,0.0,0.7,0.03,2,1785017313.9860313,True,True,True,False,1785017217.393125,0,0,1,0,False
1784849457.3002179,20,1785017323.9647596,37.52117189288167,0.7381422140840772,37.072556649118795,True,37.5,36.5,38.6,0.95,0.05,0.0,0.7,0.03,2,1785017333.9921973,True,True,True,False,1785017217.393125,0,False,0,0,False
1784849457.3002179,20,1785017343.9711757,37.52117189288167,0.7379896238651102,37.096589608606095,True,37.5,36.5,38.6,0.95,0.05,0.0,0.7,0.03,2,1785017353.9989986,True,True,True,False,1785017217.393125,0,False,0,0,False
1784849457.3002179,20,1785017363.9774888,37.51583123521782,0.7382375829709314,37.09391927977417,True,37.5,36.5,38.6,0.95,0.05,0.0,0.7,0.03,2,1785017374.0135834,True,True,True,False,1785017217.393125,0,False,0,0,False
1784849457.3002179,20,1785017383.9842107,37.507820248722055,0.7379705500877394,37.08590829327841,True,37.5,36.5,38.6,0.95,0.05,0.0,0.7,0.03,2,1785017394.011243,True,True,True,True,1785017397.3931532,0,False,0,0,False
1784849457.3002179,20,1785017403.9906719,37.470435645075156,0.7381040665293355,37.07522697795072,True,37.5,36.5,38.6,0.95,0.05,0.0,0.7,0.03,2,1785017414.018281,True,True,True,True,1785017397.3931532,0,0,1,0,False
1784849457.3002179,20,1785017423.996908,37.48645761806668,0.738027771419852,37.05920500495918,True,37.5,36.5,38.6,0.95,0.05,0.0,0.7,0.03,2,1785017434.0245254,True,False,True,False,1785017397.3931532,0,0,1,0,False
1784849457.3002179,20,1785017444.003387,37.48645761806668,0.738008697642481,37.08056763561456,True,37.5,36.5,38.6,0.95,0.05,0.0,0.7,0.03,2,1785017454.0307627,True,False,True,False,1785017397.3931532,0,0,1,0,False
1784849457.3002179,20,1785017464.009589,37.52384222171359,0.738027771419852,37.099259937438006,True,37.5,36.5,38.6,0.95,0.05,0.0,0.7,0.03,2,1785017474.0370073,True,False,True,False,1785017397.3931532,0,False,0,0,False
1784849457.3002179,20,1785017484.0166404,37.55855649652857,0.7381040665293355,37.10727092393378,True,37.5,36.5,38.6,0.95,0.05,0.0,0.7,0.03,2,1785017494.0441403,True,True,True,False,1785017397.3931532,0,False,0,0,False
1784849457.3002179,20,1785017504.0236754,37.531853208209355,0.7380849927519645,37.091248950942244,True,37.5,36.5,38.6,0.95,0.05,0.0,0.7,0.03,2,1785017514.051111,True,False,True,False,1785017397.3931532,0,False,0,0,False
1784849457.3002179,20,1785017524.030572,37.54253452353704,0.7380468451972229,37.099259937438006,True,37.5,36.5,38.6,0.95,0.05,0.0,0.7,0.03,2,1785017534.0582995,True,True,True,False,1785017397.3931532,0,False,0,0,False
1784849457.3002179,20,1785017544.0382679,37.50514991989013,0.7379324025329975,37.091248950942244,True,37.5,36.5,38.6,0.95,0.05,0.0,0.7,0.03,2,1785017554.0672152,True,False,True,False,1785017397.3931532,0,False,0,0,False
1784849457.3002179,20,1785017564.045932,37.49980926222629,0.7380849927519645,37.067215991454944,True,37.5,36.5,38.6,0.95,0.05,0.0,0.7,0.03,2,1785017574.0773041,True,True,True,True,1785017577.393161,0,0,1,0,False
1784849457.3002179,20,1785017584.0537865,37.45975432974747,0.7377798123140306,37.053864347295345,True,37.5,36.5,38.6,0.95,0.05,0.0,0.7,0.03,2,1785017594.0826406,True,True,True,True,1785017577.393161,0,0,1,0,False
1784849457.3002179,20,1785017604.0610452,37.49179827573053,0.7380659189745937,37.04318303196766,True,37.5,36.5,38.6,0.95,0.05,0.0,0.7,0.03,2,1785017614.0879078,True,True,True,False,1785017577.393161,0,0,1,0,False
1784849457.3002179,20,1785017624.06788,37.49179827573053,0.7382185091935607,37.05920500495918,True,37.5,36.5,38.6,0.95,0.05,0.0,0.7,0.03,2,1785017634.095362,True,False,True,False,1785017577.393161,0,0,1,0,False
1784849457.3002179,20,1785017644.0749784,37.513160906385906,0.7379896238651102,37.06988632028687,True,37.5,36.5,38.6,0.95,0.05,0.0,0.7,0.03,2,1785017654.1080415,True,True,True,False,1785017577.393161,0,False,0,0,False
1784849457.3002179,20,1785017664.0813189,37.507820248722055,0.7379324025329975,37.10460059510186,True,37.5,36.5,38.6,0.95,0.05,0.0,0.7,0.03,2,1785017674.1082613,True,True,True,False,1785017577.393161,0,False,0,0,False
1784849457.3002179,20,1785017684.0875967,37.53719386587319,0.7380468451972229,37.10193026626993,True,37.5,36.5,38.6,0.95,0.05,0.0,0.7,0.03,2,1785017694.1150587,True,False,True,False,1785017577.393161,0,False,0,0,False
1784849457.3002179,20,1785017704.093964,37.52117189288167,0.7379133287556268,37.10727092393378,True,37.5,36.5,38.6,0.95,0.05,0.0,0.7,0.03,2,1785017714.121336,True,False,True,False,1785017577.393161,0,False,0,0,False
1784849457.3002179,20,1785017724.1003554,37.531853208209355,0.7377988860914015,37.08323796444648,True,37.5,36.5,38.6,0.95,0.05,0.0,0.7,0.03,2,1785017734.129528,True,True,True,False,1785017577.393161,0,False,0,0,False
1784849457.3002179,20,1785017744.106755,37.50514991989013,0.7379133287556268,37.06988632028687,True,37.5,36.5,38.6,0.95,0.05,0.0,0.7,0.03,2,1785017754.1337724,True,True,True,True,1785017757.3931773,0,False,0,0,False
1784849457.3002179,20,1785017764.1130655,37.45708400091554,0.7379896238651102,37.04051270313573,True,37.5,36.5,38.6,0.95,0.05,0.0,0.7,0.03,2,1785017774.140573,True,False,True,True,1785017757.3931773,0,0,1,0,False
1784849457.3002179,20,1785017784.119427,37.44373235675593,0.7380468451972229,37.03250171663997,True,37.5,36.5,38.6,0.95,0.05,0.0,0.7,0.03,2,1785017794.1503086,True,True,True,False,1785017757.3931773,0,0,1,0,False
1784849457.3002179,20,1785017804.125636,37.45975432974747,0.7380849927519645,37.05920500495918,True,37.5,36.5,38.6,0.95,0.05,0.0,0.7,0.03,2,1785017814.154441,True,False,True,False,1785017757.3931773,0,0,1,0,False
1784849457.3002179,20,1785017824.132113,37.507820248722055,0.7378370336461433,37.06988632028687,True,37.5,36.5,38.6,0.95,0.05,0.0,0.7,0.03,2,1785017834.1608856,True,True,True,False,1785017757.3931773,0,False,0,0,False
1784849457.3002179,20,1785017844.1395822,37.507820248722055,0.737856107423514,37.091248950942244,True,37.5,36.5,38.6,0.95,0.05,0.0,0.7,0.03,2,1785017854.169228,True,True,True,False,1785017757.3931773,0,False,0,0,False
1784849457.3002179,20,1785017864.1466315,37.52918287937743,0.7379324025329975,37.08857862211032,True,37.5,36.5,38.6,0.95,0.05,0.0,0.7,0.03,2,1785017874.1744003,True,False,True,False,1785017757.3931773,0,False,0,0,False
1784849457.3002179,20,1785017884.1531422,37.526512550545505,0.7379514763103685,37.06454566262303,True,37.5,36.5,38.6,0.95,0.05,0.0,0.7,0.03,2,1785017894.181187,True,False,True,False,1785017757.3931773,0,False,0,0,False
1784849457.3002179,20,1785017904.1595325,37.50514991989013,0.737856107423514,37.091248950942244,True,37.5,36.5,38.6,0.95,0.05,0.0,0.7,0.03,2,1785017914.189096,True,True,True,False,1785017757.3931773,0,False,0,0,False
1784849457.3002179,20,1785017924.1658347,37.47310597390707,0.7379705500877394,37.05653467612726,True,37.5,36.5,38.6,0.95,0.05,0.0,0.7,0.03,2,1785017934.1933627,True,True,True,True,1785017937.3932142,0,0,1,0,False
1784849457.3002179,20,1785017944.1721537,37.46242465857938,0.7378370336461433,37.02182040131228,True,37.5,36.5,38.6,0.95,0.05,0.0,0.7,0.03,2,1785017954.1995747,True,False,True,True,1785017937.3932142,0,0,1,0,False
1784849457.3002179,20,1785017964.1784139,37.47844663157092,0.7380849927519645,37.01915007248036,True,37.5,36.5,38.6,0.95,0.05,0.0,0.7,0.03,2,1785017974.206074,True,True,True,False,1785017937.3932142,0,0,1,0,False
1784849457.3002179,20,1785017984.184631,37.470435645075156,0.7377798123140306,37.06454566262303,True,37.5,36.5,38.6,0.95,0.05,0.0,0.7,0.03,2,1785017994.2120755,True,False,True,False,1785017937.3932142,0,0,1,0,False
1784849457.3002179,20,1785018004.190888,37.513160906385906,0.7383138780804149,37.04318303196766,True,37.5,36.5,38.6,0.95,0.05,0.0,0.7,0.03,2,1785018014.2183037,True,False,True,False,1785017937.3932142,0,False,0,0,False
1784849457.3002179,20,1785018024.1972232,37.54520485236897,0.7381040665293355,37.06454566262303,True,37.5,36.5,38.6,0.95,0.05,0.0,0.7,0.03,2,1785018034.2246373,True,True,True,False,1785017937.3932142,0,False,0,0,False
1784849457.3002179,20,1785018044.2035673,37.507820248722055,0.737856107423514,37.08056763561456,True,37.5,36.5,38.6,0.95,0.05,0.0,0.7,0.03,2,1785018054.230613,True,False,True,False,1785017937.3932142,0,False,0,0,False
1784849457.3002179,20,1785018064.2099223,37.507820248722055,0.7379324025329975,37.067215991454944,True,37.5,36.5,38.6,0.95,0.05,0.0,0.7,0.03,2,1785018074.239864,True,False,True,False,1785017937.3932142,0,False,0,0,False
1784849457.3002179,20,1785018084.2164261,37.47310597390707,0.7376653696498054,37.053864347295345,True,37.5,36.5,38.6,0.95,0.05,0.0,0.7,0.03,2,1785018094.2436512,True,False,True,False,1785017937.3932142,0,0,1,0,False
1784849457.3002179,20,1785018104.2234502,37.446402685587856,0.7376081483176928,37.053864347295345,True,37.5,36.5,38.6,0.95,0.05,0.0,0.7,0.03,2,1785018114.251508,True,False,True,True,1785018117.3932462,0,0,1,0,False
1784849457.3002179,20,1785018124.230319,37.45708400091554,0.7377988860914015,37.04051270313573,True,37.5,36.5,38.6,0.95,0.05,0.0,0.7,0.03,2,1785018134.257681,True,False,True,True,1785018117.3932462,0,0,1,0,False
1784849457.3002179,20,1785018144.2365756,37.46776531624323,0.7381994354161898,37.053864347295345,True,37.5,36.5,38.6,0.95,0.05,0.0,0.7,0.03,2,1785018154.2640553,True,True,True,False,1785018117.3932462,0,0,1,0,False
1784849457.3002179,20,1785018164.2435496,37.51583123521782,0.7379896238651102,37.05653467612726,True,37.5,36.5,38.6,0.95,0.05,0.0,0.7,0.03,2,1785018174.271019,True,True,True,False,1785018117.3932462,0,False,0,0,False
1784849457.3002179,20,1785018184.2512145,37.53452353704128,0.7379896238651102,37.091248950942244,True,37.5,36.5,38.6,0.95,0.05,0.0,0.7,0.03,2,1785018194.286499,True,False,True,False,1785018117.3932462,0,False,0,0,False
1784849457.3002179,20,1785018204.2591293,37.52384222171359,0.7378942549782559,37.091248950942244,True,37.5,36.5,38.6,0.95,0.05,0.0,0.7,0.03,2,1785018214.2958434,True,True,True,False,1785018117.3932462,0,False,0,0,False
1784849457.3002179,20,1785018224.2667668,37.507820248722055,0.7382375829709314,37.06988632028687,True,37.5,36.5,38.6,0.95,0.05,0.0,0.7,0.03,2,1785018234.2954195,True,False,True,False,1785018117.3932462,0,False,0,0,False
1784849457.3002179,20,1785018244.2745445,37.49713893339437,0.738008697642481,37.06988632028687,True,37.5,36.5,38.6,0.95,0.05,0.0,0.7,0.03,2,1785018254.3026135,True,True,True,False,1785018117.3932462,0,0,1,0,False
1784849457.3002179,20,1785018264.281417,37.50247959105822,0.7377798123140306,37.05653467612726,True,37.5,36.5,38.6,0.95,0.05,0.0,0.7,0.03,2,1785018274.3101566,True,False,True,False,1785018117.3932462,0,False,0,0,False
1784849457.3002179,20,1785018284.2880025,37.49980926222629,0.7378942549782559,37.053864347295345,True,37.5,36.5,38.6,0.95,0.05,0.0,0.7,0.03,2,1785018294.3149326,True,True,True,True,1785018297.393273,0,0,1,0,False
1784849457.3002179,20,1785018304.2942905,37.47310597390707,0.7377988860914015,37.04318303196766,True,37.5,36.5,38.6,0.95,0.05,0.0,0.7,0.03,2,1785018314.3218403,True,False,True,True,1785018297.393273,0,0,1,0,False
1784849457.3002179,20,1785018324.3010776,37.47310597390707,0.7377035172045471,37.029831387808045,True,37.5,36.5,38.6,0.95,0.05,0.0,0.7,0.03,2,1785018334.3293817,True,False,True,False,1785018297.393273,0,0,1,0,False
1784849457.3002179,20,1785018344.3086708,37.49446860456244,0.7379896238651102,37.053864347295345,True,37.5,36.5,38.6,0.95,0.05,0.0,0.7,0.03,2,1785018354.3369908,True,False,True,False,1785018297.393273,0,0,1,0,False
1784849457.3002179,20,1785018364.3157208,37.49446860456244,0.737856107423514,37.04585336079957,True,37.5,36.5,38.6,0.95,0.05,0.0,0.7,0.03,2,1785018374.3463664,True,True,True,False,1785018297.393273,0,0,1,0,False
1784849457.3002179,20,1785018384.3222904,37.53452353704128,0.7380849927519645,37.07522697795072,True,37.5,36.5,38.6,0.95,0.05,0.0,0.7,0.03,2,1785018394.3503404,True,False,True,False,1785018297.393273,0,False,0,0,False
1784849457.3002179,20,1785018404.328667,37.53452353704128,0.738027771419852,37.08056763561456,True,37.5,36.5,38.6,0.95,0.05,0.0,0.7,0.03,2,1785018414.356082,True,True,True,False,1785018297.393273,0,False,0,0,False
1784849457.3002179,20,1785018424.3350253,37.550545510032805,0.7383138780804149,37.08056763561456,True,37.5,36.5,38.6,0.95,0.05,0.0,0.7,0.03,2,1785018434.3625996,True,False,True,False,1785018297.393273,0,False,0,0,False
1784849457.3002179,20,1785018444.3413088,37.52384222171359,0.7376844434271763,37.05920500495918,True,37.5,36.5,38.6,0.95,0.05,0.0,0.7,0.03,2,1785018454.3687992,True,True,True,False,1785018297.393273,0,False,0,0,False
1784849457.3002179,20,1785018464.347643,37.481116960402844,0.7376081483176928,37.06187533379111,True,37.5,36.5,38.6,0.95,0.05,0.0,0.7,0.03,2,1785018474.375095,True,True,True,True,1785018477.3933072,0,0,1,0,False
1784849457.3002179,20,1785018484.3538673,37.47310597390707,0.7376653696498054,37.02182040131228,True,37.5,36.5,38.6,0.95,0.05,0.0,0.7,0.03,2,1785018494.3820958,True,True,True,True,1785018477.3933072,0,0,1,0,False
1784849457.3002179,20,1785018504.360099,37.46776531624323,0.7378370336461433,37.011139085984595,True,37.5,36.5,38.6,0.95,0.05,0.0,0.7,0.03,2,1785018514.3910074,True,True,True,False,1785018477.3933072,0,0,1,0,False
1784849457.3002179,20,1785018524.3663735,37.47310597390707,0.7377798123140306,37.04585336079957,True,37.5,36.5,38.6,0.95,0.05,0.0,0.7,0.03,2,1785018534.3938224,True,False,True,False,1785018477.3933072,0,0,1,0,False
1784849457.3002179,20,1785018544.3726265,37.49446860456244,0.7377798123140306,37.048523689631494,True,37.5,36.5,38.6,0.95,0.05,0.0,0.7,0.03,2,1785018554.4000084,True,True,True,False,1785018477.3933072,0,0,1,0,False
1784849457.3002179,20,1785018564.3788757,37.52117189288167,0.7379324025329975,37.072556649118795,True,37.5,36.5,38.6,0.95,0.05,0.0,0.7,0.03,2,1785018574.4085984,True,True,True,False,1785018477.3933072,0,False,0,0,False
1784849457.3002179,20,1785018584.3851633,37.53452353704128,0.7375509269855801,37.08590829327841,True,37.5,36.5,38.6,0.95,0.05,0.0,0.7,0.03,2,1785018594.413234,True,True,True,False,1785018477.3933072,0,False,0,0,False
1784849457.3002179,20,1785018604.3916075,37.52918287937743,0.737875181200885,37.06454566262303,True,37.5,36.5,38.6,0.95,0.05,0.0,0.7,0.03,2,1785018614.4190886,True,False,True,False,1785018477.3933072,0,False,0,0,False
1784849457.3002179,20,1785018624.3980231,37.51850156404974,0.7376081483176928,37.053864347295345,True,37.5,36.5,38.6,0.95,0.05,0.0,0.7,0.03,2,1785018634.426444,True,True,True,False,1785018477.3933072,0,False,0,0,False
1784849457.3002179,20,1785018644.405444,37.48645761806668,0.7377798123140306,37.05920500495918,True,37.5,36.5,38.6,0.95,0.05,0.0,0.7,0.03,2,1785018654.438887,True,False,True,True,1785018657.3933358,0,0,1,0,False
1784849457.3002179,20,1785018664.4158971,37.49713893339437,0.7377988860914015,37.04585336079957,True,37.5,36.5,38.6,0.95,0.05,0.0,0.7,0.03,2,1785018674.4436529,True,False,True,True,1785018657.3933358,0,0,1,0,False
1784849457.3002179,20,1785018684.4221408,37.47844663157092,0.7377988860914015,37.02716105897612,True,37.5,36.5,38.6,0.95,0.05,0.0,0.7,0.03,2,1785018694.4507012,True,False,True,False,1785018657.3933358,0,0,1,0,False
1784849457.3002179,20,1785018704.4283998,37.47310597390707,0.7377035172045471,37.04318303196766,True,37.5,36.5,38.6,0.95,0.05,0.0,0.7,0.03,2,1785018714.4576476,True,True,True,False,1785018657.3933358,0,0,1,0,False
1784849457.3002179,20,1785018724.4347377,37.526512550545505,0.7378942549782559,37.067215991454944,True,37.5,36.5,38.6,0.95,0.05,0.0,0.7,0.03,2,1785018734.462237,True,True,True,False,1785018657.3933358,0,False,0,0,False
1784849457.3002179,20,1785018744.4411004,37.52117189288167,0.7377988860914015,37.053864347295345,True,37.5,36.5,38.6,0.95,0.05,0.0,0.7,0.03,2,1785018754.4690328,True,False,True,False,1785018657.3933358,0,False,0,0,False
1784849457.3002179,20,1785018764.4481676,37.52117189288167,0.7377607385366598,37.067215991454944,True,37.5,36.5,38.6,0.95,0.05,0.0,0.7,0.03,2,1785018774.4768307,True,False,True,False,1785018657.3933358,0,False,0,0,False
1784849457.3002179,20,1785018784.4553208,37.507820248722055,0.7377225909819181,37.05920500495918,True,37.5,36.5,38.6,0.95,0.05,0.0,0.7,0.03,2,1785018794.4843369,True,False,True,False,1785018657.3933358,0,False,0,0,False
1784849457.3002179,20,1785018804.4623277,37.470435645075156,0.7375700007629511,37.05920500495918,True,37.5,36.5,38.6,0.95,0.05,0.0,0.7,0.03,2,1785018814.4945512,True,True,True,False,1785018657.3933358,0,0,1,0,False
1784849457.3002179,20,1785018824.469217,37.44907301441978,0.7377988860914015,37.053864347295345,True,37.5,36.5,38.6,0.95,0.05,0.0,0.7,0.03,2,1785018834.4964752,True,False,True,True,1785018837.3933442,0,0,1,0,False
1784849457.3002179,20,1785018844.475525,37.45441367208362,0.7375509269855801,37.00045777065691,True,37.5,36.5,38.6,0.95,0.05,0.0,0.7,0.03,2,1785018854.5032125,True,True,True,True,1785018837.3933442,0,0,1,0,False
1784849457.3002179,20,1785018864.4817414,37.470435645075156,0.7377798123140306,37.024490730144194,True,37.5,36.5,38.6,0.95,0.05,0.0,0.7,0.03,2,1785018874.509832,True,False,True,False,1785018837.3933442,0,0,1,0,False
1784849457.3002179,20,1785018884.488567,37.49446860456244,0.7377035172045471,37.02182040131228,True,37.5,36.5,38.6,0.95,0.05,0.0,0.7,0.03,2,1785018894.516581,True,True,True,False,1785018837.3933442,0,0,1,0,False
1784849457.3002179,20,1785018904.4960833,37.526512550545505,0.7376462958724346,37.06454566262303,True,37.5,36.5,38.6,0.95,0.05,0.0,0.7,0.03,2,1785018914.524544,True,False,True,False,1785018837.3933442,0,False,0,0,False
1784849457.3002179,20,1785018924.503907,37.526512550545505,0.7377035172045471,37.08323796444648,True,37.5,36.5,38.6,0.95,0.05,0.0,0.7,0.03,2,1785018934.5327346,True,True,True,False,1785018837.3933442,0,False,0,0,False
1784849457.3002179,20,1785018944.511706,37.54787518120088,0.7377035172045471,37.08056763561456,True,37.5,36.5,38.6,0.95,0.05,0.0,0.7,0.03,2,1785018954.5396626,True,True,True,False,1785018837.3933442,0,False,0,0,False
1784849457.3002179,20,1785018964.5194552,37.54787518120088,0.7376653696498054,37.08857862211032,True,37.5,36.5,38.6,0.95,0.05,0.0,0.7,0.03,2,1785018974.548012,True,False,True,False,1785018837.3933442,0,False,0,0,False
1784849457.3002179,20,1785018984.527173,37.507820248722055,0.7376653696498054,37.053864347295345,True,37.5,36.5,38.6,0.95,0.05,0.0,0.7,0.03,2,1785018994.5558147,True,False,True,False,1785018837.3933442,0,False,0,0,False
1784849457.3002179,20,1785019004.5348907,37.48645761806668,0.7379514763103685,37.04318303196766,True,37.5,36.5,38.6,0.95,0.05,0.0,0.7,0.03,2,1785019014.5665114,True,True,True,True,1785019017.3933523,0,0,1,0,False
1784849457.3002179,20,1785019024.5420823,37.45975432974747,0.7377607385366598,37.02716105897612,True,37.5,36.5,38.6,0.95,0.05,0.0,0.7,0.03,2,1785019034.569661,True,False,True,True,1785019017.3933523,0,0,1,0,False
1784849457.3002179,20,1785019044.5483367,37.470435645075156,0.7374746318760966,37.01647974364843,True,37.5,36.5,38.6,0.95,0.05,0.0,0.7,0.03,2,1785019054.5754917,True,False,True,False,1785019017.3933523,0,0,1,0,False
1784849457.3002179,20,1785019064.554642,37.48645761806668,0.7374937056534676,37.04051270313573,True,37.5,36.5,38.6,0.95,0.05,0.0,0.7,0.03,2,1785019074.5816286,True,True,True,False,1785019017.3933523,0,0,1,0,False
1784849457.3002179,20,1785019084.5609968,37.49980926222629,0.7376462958724346,37.05920500495918,True,37.5,36.5,38.6,0.95,0.05,0.0,0.7,0.03,2,1785019094.5906134,True,True,True,False,1785019017.3933523,0,0,1,0,False
1784849457.3002179,20,1785019104.5672896,37.54787518120088,0.7377798123140306,37.06454566262303,True,37.5,36.5,38.6,0.95,0.05,0.0,0.7,0.03,2,1785019114.5948586,True,False,True,False,1785019017.3933523,0,False,0,0,False
1784849457.3002179,20,1785019124.5742993,37.55321583886473,0.7376844434271763,37.08323796444648,True,37.5,36.5,38.6,0.95,0.05,0.0,0.7,0.03,2,1785019134.6028798,True,False,True,False,1785019017.3933523,0,False,0,0,False
1784849457.3002179,20,1785019144.5816202,37.54787518120088,0.7377416647592889,37.08056763561456,True,37.5,36.5,38.6,0.95,0.05,0.0,0.7,0.03,2,1785019154.6113057,True,False,True,False,1785019017.3933523,0,False,0,0,False
1784849457.3002179,20,1785019164.587925,37.51049057755398,0.737436484321355,37.07789730678263,True,37.5,36.5,38.6,0.95,0.05,0.0,0.7,0.03,2,1785019174.6192524,True,False,True,False,1785019017.3933523,0,False,0,0,False
1784849457.3002179,20,1785019184.594507,37.49713893339437,0.7376081483176928,37.05920500495918,True,37.5,36.5,38.6,0.95,0.05,0.0,0.7,0.03,2,1785019194.6258152,True,True,True,True,1785019197.3933668,0,0,1,0,False
1784849457.3002179,20,1785019204.6010964,37.470435645075156,0.7377225909819181,37.04318303196766,True,37.5,36.5,38.6,0.95,0.05,0.0,0.7,0.03,2,1785019214.630862,True,True,True,True,1785019197.3933668,0,0,1,0,False
1784849457.3002179,20,1785019224.6073604,37.465094987411305,0.737875181200885,37.011139085984595,True,37.5,36.5,38.6,0.95,0.05,0.0,0.7,0.03,2,1785019234.636335,True,True,True,False,1785019197.3933668,0,0,1,0,False
1784849457.3002179,20,1785019244.6169114,37.44907301441978,0.7376653696498054,37.053864347295345,True,37.5,36.5,38.6,0.95,0.05,0.0,0.7,0.03,2,1785019254.65063,True,True,True,False,1785019197.3933668,0,0,1,0,False
1784849457.3002179,20,1785019264.6273236,37.507820248722055,0.7377035172045471,37.04051270313573,True,37.5,36.5,38.6,0.95,0.05,0.0,0.7,0.03,2,1785019274.6547792,True,False,True,False,1785019197.3933668,0,False,0,0,False
1784849457.3002179,20,1785019284.6349955,37.54253452353704,0.7377035172045471,37.07522697795072,True,37.5,36.5,38.6,0.95,0.05,0.0,0.7,0.03,2,1785019294.6632137,True,True,True,False,1785019197.3933668,0,False,0,0,False
1784849457.3002179,20,1785019304.6420934,37.52117189288167,0.7373411154345006,37.08590829327841,True,37.5,36.5,38.6,0.95,0.05,0.0,0.7,0.03,2,1785019314.6735458,True,False,True,False,1785019197.3933668,0,False,0,0,False
1784849457.3002179,20,1785019324.6483824,37.51049057755398,0.7376653696498054,37.05653467612726,True,37.5,36.5,38.6,0.95,0.05,0.0,0.7,0.03,2,1785019334.6763763,True,False,True,False,1785019197.3933668,0,False,0,0,False
1784849457.3002179,20,1785019344.6551085,37.49446860456244,0.7380659189745937,37.06454566262303,True,37.5,36.5,38.6,0.95,0.05,0.0,0.7,0.03,2,1785019354.6841605,True,True,True,False,1785019197.3933668,0,0,1,0,False
1784849457.3002179,20,1785019364.6613386,37.47844663157092,0.7375509269855801,37.01915007248036,True,37.5,36.5,38.6,0.95,0.05,0.0,0.7,0.03,2,1785019374.6886098,True,False,True,True,1785019377.3933976,0,0,1,0,False
1784849457.3002179,20,1785019384.6681767,37.47577630273899,0.7376081483176928,37.04318303196766,True,37.5,36.5,38.6,0.95,0.05,0.0,0.7,0.03,2,1785019394.6962268,True,False,True,True,1785019377.3933976,0,0,1,0,False
1784849457.3002179,20,1785019404.675078,37.481116960402844,0.7377607385366598,37.048523689631494,True,37.5,36.5,38.6,0.95,0.05,0.0,0.7,0.03,2,1785019414.702591,True,True,True,False,1785019377.3933976,0,0,1,0,False
1784849457.3002179,20,1785019424.6812785,37.49713893339437,0.7375700007629511,37.05920500495918,True,37.5,36.5,38.6,0.95,0.05,0.0,0.7,0.03,2,1785019434.709397,True,True,True,False,1785019377.3933976,0,0,1,0,False
1784849457.3002179,20,1785019444.6878293,37.507820248722055,0.7376272220950636,37.053864347295345,True,37.5,36.5,38.6,0.95,0.05,0.0,0.7,0.03,2,1785019454.7154224,True,True,True,False,1785019377.3933976,0,False,0,0,False
1784849457.3002179,20,1785019464.6949077,37.555886167696656,0.7379133287556268,37.067215991454944,True,37.5,36.5,38.6,0.95,0.05,0.0,0.7,0.03,2,1785019474.723418,True,True,True,False,1785019377.3933976,0,False,0,0,False
1784849457.3002179,20,1785019484.7018611,37.56389715419242,0.7377798123140306,37.053864347295345,True,37.5,36.5,38.6,0.95,0.05,0.0,0.7,0.03,2,1785019494.7289505,True,True,True,False,1785019377.3933976,0,False,0,0,False
1784849457.3002179,20,1785019504.7081728,37.53719386587319,0.7374937056534676,37.06454566262303,True,37.5,36.5,38.6,0.95,0.05,0.0,0.7,0.03,2,1785019514.7356985,True,False,True,False,1785019377.3933976,0,False,0,0,False
1784849457.3002179,20,1785019524.714563,37.51049057755398,0.737856107423514,37.07789730678263,True,37.5,36.5,38.6,0.95,0.05,0.0,0.7,0.03,2,1785019534.7431943,True,False,True,False,1785019377.3933976,0,False,0,0,False
1784849457.3002179,20,1785019544.721198,37.483787289234755,0.7379133287556268,37.04318303196766,True,37.5,36.5,38.6,0.95,0.05,0.0,0.7,0.03,2,1785019554.7490358,True,False,True,True,1785019557.3934195,0,0,1,0,False
1784849457.3002179,20,1785019564.7277267,37.46242465857938,0.7376462958724346,37.04585336079957,True,37.5,36.5,38.6,0.95,0.05,0.0,0.7,0.03,2,1785019574.7568479,True,False,True,True,1785019557.3934195,0,0,1,0,False
1784849457.3002179,20,1785019584.7346628,37.481116960402844,0.737856107423514,37.03784237430381,True,37.5,36.5,38.6,0.95,0.05,0.0,0.7,0.03,2,1785019594.7616985,True,True,True,False,1785019557.3934195,0,0,1,0,False
1784849457.3002179,20,1785019604.7408724,37.45975432974747,0.7377035172045471,37.02716105897612,True,37.5,36.5,38.6,0.95,0.05,0.0,0.7,0.03,2,1785019614.768131,True,True,True,False,1785019557.3934195,0,0,1,0,False
1784849457.3002179,20,1785019624.747262,37.507820248722055,0.7377798123140306,37.053864347295345,True,37.5,36.5,38.6,0.95,0.05,0.0,0.7,0.03,2,1785019634.7767732,True,False,True,False,1785019557.3934195,0,False,0,0,False
1784849457.3002179,20,1785019644.753781,37.51850156404974,0.7375700007629511,37.08056763561456,True,37.5,36.5,38.6,0.95,0.05,0.0,0.7,0.03,2,1785019654.781046,True,False,True,False,1785019557.3934195,0,False,0,0,False
1784849457.3002179,20,1785019664.7600882,37.53452353704128,0.7376081483176928,37.067215991454944,True,37.5,36.5,38.6,0.95,0.05,0.0,0.7,0.03,2,1785019674.795041,True,True,True,False,1785019557.3934195,0,False,0,0,False
1784849457.3002179,20,1785019684.7665343,37.52117189288167,0.7374555580987259,37.06988632028687,True,37.5,36.5,38.6,0.95,0.05,0.0,0.7,0.03,2,1785019694.7934544,True,False,True,False,1785019557.3934195,0,False,0,0,False
1784849457.3002179,20,1785019704.7728422,37.49980926222629,0.7374555580987259,37.053864347295345,True,37.5,36.5,38.6,0.95,0.05,0.0,0.7,0.03,2,1785019714.800204,True,True,True,False,1785019557.3934195,0,0,1,0,False
1784849457.3002179,20,1785019724.7790136,37.483787289234755,0.7377225909819181,37.04585336079957,True,37.5,36.5,38.6,0.95,0.05,0.0,0.7,0.03,2,1785019734.8064787,True,True,True,True,1785019737.3934398,0,0,1,0,False
1784849457.3002179,20,1785019744.7852917,37.46242465857938,0.7376844434271763,37.01647974364843,True,37.5,36.5,38.6,0.95,0.05,0.0,0.7,0.03,2,1785019754.8127096,True,True,True,True,1785019737.3934398,0,0,1,0,False
1784849457.3002179,20,1785019764.7915297,37.489127946898606,0.7377225909819181,37.05119401846342,True,37.5,36.5,38.6,0.95,0.05,0.0,0.7,0.03,2,1785019774.8192017,True,False,True,False,1785019737.3934398,0,0,1,0,False
1784849457.3002179,20,1785019784.7977355,37.49179827573053,0.7375509269855801,37.04318303196766,True,37.5,36.5,38.6,0.95,0.05,0.0,0.7,0.03,2,1785019794.8259745,True,True,True,False,1785019737.3934398,0,0,1,0,False
1784849457.3002179,20,1785019804.8041413,37.56122682536049,0.7375127794308385,37.06988632028687,True,37.5,36.5,38.6,0.95,0.05,0.0,0.7,0.03,2,1785019814.8331294,True,False,True,False,1785019737.3934398,0,False,0,0,False
1784849457.3002179,20,1785019824.8105075,37.52918287937743,0.7379705500877394,37.08056763561456,True,37.5,36.5,38.6,0.95,0.05,0.0,0.7,0.03,2,1785019834.8378384,True,True,True,False,1785019737.3934398,0,False,0,0,False
1784849457.3002179,20,1785019844.8167808,37.52918287937743,0.7376653696498054,37.06454566262303,True,37.5,36.5,38.6,0.95,0.05,0.0,0.7,0.03,2,1785019854.8442118,True,False,True,False,1785019737.3934398,0,False,0,0,False
1784849457.3002179,20,1785019864.8231454,37.507820248722055,0.7375700007629511,37.05653467612726,True,37.5,36.5,38.6,0.95,0.05,0.0,0.7,0.03,2,1785019874.8506148,True,True,True,False,1785019737.3934398,0,False,0,0,False
1784849457.3002179,20,1785019884.8295183,37.49446860456244,0.7376272220950636,37.06454566262303,True,37.5,36.5,38.6,0.95,0.05,0.0,0.7,0.03,2,1785019894.856996,True,True,True,False,1785019737.3934398,0,0,1,0,False
1784849457.3002179,20,1785019904.8358407,37.46776531624323,0.7373411154345006,37.03784237430381,True,37.5,36.5,38.6,0.95,0.05,0.0,0.7,0.03,2,1785019914.8632896,True,True,True,True,1785019917.3934467,0,0,1,0,False
1784849457.3002179,20,1785019924.8421166,37.47310597390707,0.7377798123140306,37.05653467612726,True,37.5,36.5,38.6,0.95,0.05,0.0,0.7,0.03,2,1785019934.869639,True,True,True,True,1785019917.3934467,0,0,1,0,False
1784849457.3002179,20,1785019944.8483756,37.45708400091554,0.7375127794308385,37.04318303196766,True,37.5,36.5,38.6,0.95,0.05,0.0,0.7,0.03,2,1785019954.8758273,True,True,True,False,1785019917.3934467,0,0,1,0,False
1784849457.3002179,20,1785019964.854663,37.49446860456244,0.7374174105439841,37.04585336079957,True,37.5,36.5,38.6,0.95,0.05,0.0,0.7,0.03,2,1785019974.8821054,True,False,True,False,1785019917.3934467,0,0,1,0,False
1784849457.3002179,20,1785019984.8608797,37.507820248722055,0.7377416647592889,37.05920500495918,True,37.5,36.5,38.6,0.95,0.05,0.0,0.7,0.03,2,1785019994.8882668,True,True,True,False,1785019917.3934467,0,False,0,0,False
1784849457.3002179,20,1785020004.8672013,37.52384222171359,0.7373983367666131,37.048523689631494,True,37.5,36.5,38.6,0.95,0.05,0.0,0.7,0.03,2,1785020014.8940473,True,False,True,False,1785019917.3934467,0,False,0,0,False
1784849457.3002179,20,1785020024.8735633,37.52384222171359,0.7375509269855801,37.06454566262303,True,37.5,36.5,38.6,0.95,0.05,0.0,0.7,0.03,2,1785020034.9011815,True,False,True,False,1785019917.3934467,0,False,0,0,False
1784849457.3002179,20,1785020044.8798733,37.49713893339437,0.7376462958724346,37.02716105897612,True,37.5,36.5,38.6,0.95,0.05,0.0,0.7,0.03,2,1785020054.9070997,True,True,True,False,1785019917.3934467,0,0,1,0,False
1784849457.3002179,20,1785020064.8861594,37.470435645075156,0.7372457465476462,37.04585336079957,True,37.5,36.5,38.6,0.95,0.05,0.0,0.7,0.03,2,1785020074.913517,True,True,True,False,1785019917.3934467,0,0,1,0,False
1784849457.3002179,20,1785020084.892351,37.49446860456244,0.7373411154345006,37.05920500495918,True,37.5,36.5,38.6,0.95,0.05,0.0,0.7,0.03,2,1785020094.921488,True,True,True,True,1785020097.393479,0,0,1,0,False
1784849457.3002179,20,1785020104.8986986,37.49980926222629,0.7375700007629511,37.053864347295345,True,37.5,36.5,38.6,0.95,0.05,0.0,0.7,0.03,2,1785020114.925791,True,False,True,True,1785020097.393479,0,0,1,0,False
1784849457.3002179,20,1785020124.9050267,37.51583123521782,0.7374746318760966,37.06187533379111,True,37.5,36.5,38.6,0.95,0.05,0.0,0.7,0.03,2,1785020134.94172,True,True,True,False,1785020097.393479,0,False,0,0,False
1784849457.3002179,20,1785020144.9122558,37.53719386587319,0.7377607385366598,37.05920500495918,True,37.5,36.5,38.6,0.95,0.05,0.0,0.7,0.03,2,1785020154.9409978,True,False,True,False,1785020097.393479,0,False,0,0,False
1784849457.3002179,20,1785020164.918973,37.526512550545505,0.7374746318760966,37.05653467612726,True,37.5,36.5,38.6,0.95,0.05,0.0,0.7,0.03,2,1785020174.947068,True,False,True,False,1785020097.393479,0,False,0,0,False
1784849457.3002179,20,1785020184.925883,37.513160906385906,0.7374937056534676,37.053864347295345,True,37.5,36.5,38.6,0.95,0.05,0.0,0.7,0.03,2,1785020194.9540105,True,False,True,False,1785020097.393479,0,False,0,0,False
1784849457.3002179,20,1785020204.9329314,37.507820248722055,0.7373792629892424,37.053864347295345,True,37.5,36.5,38.6,0.95,0.05,0.0,0.7,0.03,2,1785020214.9603624,True,True,True,False,1785020097.393479,0,False,0,0,False
1784849457.3002179,20,1785020224.9393206,37.48645761806668,0.7377035172045471,37.048523689631494,True,37.5,36.5,38.6,0.95,0.05,0.0,0.7,0.03,2,1785020234.966772,True,True,True,False,1785020097.393479,0,0,1,0,False
1784849457.3002179,20,1785020244.9455497,37.47577630273899,0.7372266727702754,37.04318303196766,True,37.5,36.5,38.6,0.95,0.05,0.0,0.7,0.03,2,1785020254.973286,True,True,True,False,1785020097.393479,0,0,1,0,False
1784849457.3002179,20,1785020264.9518087,37.507820248722055,0.7373792629892424,37.067215991454944,True,37.5,36.5,38.6,0.95,0.05,0.0,0.7,0.03,2,1785020274.9792266,True,True,True,True,1785020277.393507,0,False,0,0,False
1784849457.3002179,20,1785020284.9581869,37.51049057755398,0.7375127794308385,37.053864347295345,True,37.5,36.5,38.6,0.95,0.05,0.0,0.7,0.03,2,1785020294.9861667,True,True,True,True,1785020277.393507,0,False,0,0,False
1784849457.3002179,20,1785020304.9651775,37.51583123521782,0.7376081483176928,37.06454566262303,True,37.5,36.5,38.6,0.95,0.05,0.0,0.7,0.03,2,1785020314.9936264,True,False,True,False,1785020277.393507,0,False,0,0,False
1784849457.3002179,20,1785020324.972522,37.489127946898606,0.737283894102388,37.05119401846342,True,37.5,36.5,38.6,0.95,0.05,0.0,0.7,0.03,2,1785020335.0016935,True,True,True,False,1785020277.393507,0,0,1,0,False
1784849457.3002179,20,1785020344.9787447,37.49980926222629,0.7374555580987259,37.04318303196766,True,37.5,36.5,38.6,0.95,0.05,0.0,0.7,0.03,2,1785020355.0097513,True,False,True,False,1785020277.393507,0,0,1,0,False
1784849457.3002179,20,1785020364.9852827,37.49980926222629,0.7373792629892424,37.029831387808045,True,37.5,36.5,38.6,0.95,0.05,0.0,0.7,0.03,2,1785020375.0138407,True,True,True,False,1785020277.393507,0,0,1,0,False
1784849457.3002179,20,1785020384.9915793,37.53452353704128,0.7376844434271763,37.04318303196766,True,37.5,36.5,38.6,0.95,0.05,0.0,0.7,0.03,2,1785020395.0203197,True,False,True,False,1785020277.393507,0,False,0,0,False
1784849457.3002179,20,1785020404.9989018,37.49713893339437,0.7373792629892424,37.03784237430381,True,37.5,36.5,38.6,0.95,0.05,0.0,0.7,0.03,2,1785020415.0264466,False,False,True,False,1785020277.393507,0,0,1,0,False
1784849457.3002179,20,1785020425.0057414,37.51850156404974,0.7375318532082094,37.06988632028687,True,37.5,36.5,38.6,0.95,0.05,0.0,0.7,0.03,2,1785020435.0422215,False,True,True,False,1785020277.393507,0,False,0,0,False
1784849457.3002179,20,1785020445.0128808,37.49713893339437,0.7374937056534676,37.048523689631494,True,37.5,36.5,38.6,0.95,0.05,0.0,0.7,0.03,2,1785020455.0410662,False,False,True,True,1785020457.3935099,0,0,1,0,False
1784849457.3002179,20,1785020465.0200353,37.48645761806668,0.7373983367666131,37.072556649118795,True,37.5,36.5,38.6,0.95,0.05,0.0,0.7,0.03,2,1785020475.0472724,False,True,True,True,1785020457.3935099,0,0,1,0,False
1784849457.3002179,20,1785020485.026287,37.46242465857938,0.7372648203250172,37.07522697795072,True,37.5,36.5,38.6,0.95,0.05,0.0,0.7,0.03,2,1785020495.0541227,False,True,True,False,1785020457.3935099,0,0,1,0,False
1784849457.3002179,20,1785020505.0326452,37.49980926222629,0.7370550087739376,37.08590829327841,True,37.5,36.5,38.6,0.95,0.05,0.0,0.7,0.03,2,1785020515.0607212,False,True,True,False,1785020457.3935099,0,0,1,0,False
1784849457.3002179,20,1785020525.0388522,37.51049057755398,0.7375700007629511,37.12062256809338,True,37.5,36.5,38.6,0.95,0.05,0.0,0.7,0.03,2,1785020535.0676997,False,False,True,False,1785020457.3935099,0,False,0,0,False
1784849457.3002179,20,1785020545.0453088,37.53719386587319,0.7373983367666131,37.11261158159762,True,37.5,36.5,38.6,0.95,0.05,0.0,0.7,0.03,2,1785020555.073095,False,False,True,False,1785020457.3935099,0,False,0,0,False
1784849457.3002179,20,1785020565.0516818,37.526512550545505,0.7374746318760966,37.12596322575723,True,37.5,36.5,38.6,0.95,0.05,0.0,0.7,0.03,2,1785020575.0790045,False,True,True,False,1785020457.3935099,0,False,0,0,False
1784849457.3002179,20,1785020585.0579786,37.507820248722055,0.7374555580987259,37.11795223926147,True,37.5,36.5,38.6,0.95,0.05,0.0,0.7,0.03,2,1785020595.0858133,False,True,True,False,1785020457.3935099,0,False,0,0,False
1784849457.3002179,20,1785020605.0642498,37.49713893339437,0.7375700007629511,37.08056763561456,True,37.5,36.5,38.6,0.95,0.05,0.0,0.7,0.03,2,1785020615.091737,False,False,True,False,1785020457.3935099,0,0,1,0,False
1784849457.3002179,20,1785020625.0705626,37.481116960402844,0.7373220416571297,37.10193026626993,True,37.5,36.5,38.6,0.95,0.05,0.0,0.7,0.03,2,1785020635.0982525,False,False,True,True,1785020637.393523,0,0,1,0,False
1784849457.3002179,20,1785020645.077021,37.45975432974747,0.7372648203250172,37.096589608606095,True,37.5,36.5,38.6,0.95,0.05,0.0,0.7,0.03,2,1785020655.1116872,False,True,True,True,1785020637.393523,0,0,1,0,False
1784849457.3002179,20,1785020665.0835593,37.48645761806668,0.7374746318760966,37.08323796444648,True,37.5,36.5,38.6,0.95,0.05,0.0,0.7,0.03,2,1785020675.110175,False,False,True,False,1785020637.393523,0,0,1,0,False
1784849457.3002179,20,1785020685.0895987,37.50514991989013,0.7375127794308385,37.11261158159762,True,37.5,36.5,38.6,0.95,0.05,0.0,0.7,0.03,2,1785020695.1173332,False,True,True,False,1785020637.393523,0,False,0,0,False
1784849457.3002179,20,1785020705.095947,37.526512550545505,0.7375127794308385,37.12329289692531,True,37.5,36.5,38.6,0.95,0.05,0.0,0.7,0.03,2,1785020715.1232903,False,False,True,False,1785020637.393523,0,False,0,0,False
1784849457.3002179,20,1785020725.1022425,37.54787518120088,0.7376653696498054,37.141985198748756,True,37.5,36.5,38.6,0.95,0.05,0.0,0.7,0.03,2,1785020735.1295996,False,False,True,False,1785020637.393523,0,False,0,0,False
1784849457.3002179,20,1785020745.1084926,37.50514991989013,0.737436484321355,37.11795223926147,True,37.5,36.5,38.6,0.95,0.05,0.0,0.7,0.03,2,1785020755.1359038,False,False,True,False,1785020637.393523,0,False,0,0,False
1784849457.3002179,20,1785020765.1148758,37.49980926222629,0.7375700007629511,37.109941252765694,True,37.5,36.5,38.6,0.95,0.05,0.0,0.7,0.03,2,1785020775.1512291,False,True,True,False,1785020637.393523,0,0,1,0,False
1784849457.3002179,20,1785020785.121065,37.48645761806668,0.7373220416571297,37.08590829327841,True,37.5,36.5,38.6,0.95,0.05,0.0,0.7,0.03,2,1785020795.1492033,False,True,True,False,1785020637.393523,0,0,1,0,False
1784849457.3002179,20,1785020805.1274319,37.45975432974747,0.7373792629892424,37.08056763561456,True,37.5,36.5,38.6,0.95,0.05,0.0,0.7,0.03,2,1785020815.1570783,False,False,True,True,1785020817.3935602,0,0,1,0,False
1784849457.3002179,20,1785020825.1340587,37.47577630273899,0.7373792629892424,37.10193026626993,True,37.5,36.5,38.6,0.95,0.05,0.0,0.7,0.03,2,1785020835.1619308,False,False,True,True,1785020817.3935602,0,0,1,0,False
1784849457.3002179,20,1785020845.1410158,37.50247959105822,0.7377416647592889,37.10727092393378,True,37.5,36.5,38.6,0.95,0.05,0.0,0.7,0.03,2,1785020855.1697013,False,True,True,False,1785020817.3935602,0,False,0,0,False
1784849457.3002179,20,1785020865.148716,37.507820248722055,0.7374555580987259,37.13130388342107,True,37.5,36.5,38.6,0.95,0.05,0.0,0.7,0.03,2,1785020875.1788306,False,False,True,False,1785020817.3935602,0,False,0,0,False
1784849457.3002179,20,1785020885.1557794,37.51049057755398,0.7374937056534676,37.12329289692531,True,37.5,36.5,38.6,0.95,0.05,0.0,0.7,0.03,2,1785020895.183172,False,False,True,False,1785020817.3935602,0,False,0,0,False
1784849457.3002179,20,1785020905.162161,37.52117189288167,0.7375700007629511,37.14465552758068,True,37.5,36.5,38.6,0.95,0.05,0.0,0.7,0.03,2,1785020915.189521,False,False,True,False,1785020817.3935602,0,False,0,0,False
1784849457.3002179,20,1785020925.1684437,37.49980926222629,0.7373029678797589,37.141985198748756,True,37.5,36.5,38.6,0.95,0.05,0.0,0.7,0.03,2,1785020935.1958697,False,True,True,False,1785020817.3935602,0,0,1,0,False
1784849457.3002179,20,1785020945.1747358,37.49446860456244,0.7374555580987259,37.10727092393378,True,37.5,36.5,38.6,0.95,0.05,0.0,0.7,0.03,2,1785020955.202256,False,False,True,False,1785020817.3935602,0,0,1,0,False
1784849457.3002179,20,1785020965.1815975,37.46776531624323,0.7373411154345006,37.12062256809338,True,37.5,36.5,38.6,0.95,0.05,0.0,0.7,0.03,2,1785020975.2099595,False,False,True,False,1785020817.3935602,0,0,1,0,False
1784849457.3002179,20,1785020985.1885216,37.49713893339437,0.7374174105439841,37.133974212252994,True,37.5,36.5,38.6,0.95,0.05,0.0,0.7,0.03,2,1785020995.219563,False,True,True,True,1785020997.3935897,0,0,1,0,False
1784849457.3002179,20,1785021005.1948795,37.49713893339437,0.7373220416571297,37.14465552758068,True,37.5,36.5,38.6,0.95,0.05,0.0,0.7,0.03,2,1785021015.2224786,False,False,True,True,1785020997.3935897,0,0,1,0,False
1784849457.3002179,20,1785021025.2012093,37.52384222171359,0.7373029678797589,37.15533684290837,True,37.5,36.5,38.6,0.95,0.05,0.0,0.7,0.03,2,1785021035.2285933,False,True,True,False,1785020997.3935897,0,False,0,0,False
1784849457.3002179,20,1785021045.207602,37.51850156404974,0.7372648203250172,37.15533684290837,True,37.5,36.5,38.6,0.95,0.05,0.0,0.7,0.03,2,1785021055.2349224,False,False,True,False,1785020997.3935897,0,False,0,0,False
1784849457.3002179,20,1785021065.2146332,37.50247959105822,0.7372648203250172,37.13664454108492,True,37.5,36.5,38.6,0.95,0.05,0.0,0.7,0.03,2,1785021075.2427628,False,True,True,False,1785020997.3935897,0,False,0,0,False
1784849457.3002179,20,1785021085.221662,37.489127946898606,0.7372457465476462,37.12329289692531,True,37.5,36.5,38.6,0.95,0.05,0.0,0.7,0.03,2,1785021095.2493725,False,False,True,False,1785020997.3935897,0,0,1,0,False
1784849457.3002179,20,1785021105.2279463,37.47310597390707,0.7374555580987259,37.11795223926147,True,37.5,36.5,38.6,0.95,0.05,0.0,0.7,0.03,2,1785021115.2553554,False,True,True,False,1785020997.3935897,0,0,1,0,False
1784849457.3002179,20,1785021125.2342992,37.483787289234755,0.737283894102388,37.13130388342107,True,37.5,36.5,38.6,0.95,0.05,0.0,0.7,0.03,2,1785021135.263548,False,False,True,False,1785020997.3935897,0,0,1,0,False
1784849457.3002179,20,1785021145.2408671,37.49980926222629,0.7373792629892424,37.14465552758068,True,37.5,36.5,38.6,0.95,0.05,0.0,0.7,0.03,2,1785021155.2682939,False,True,True,False,1785020997.3935897,0,0,1,0,False
1784849457.3002179,20,1785021165.2471404,37.51049057755398,0.7374555580987259,37.13130388342107,True,37.5,36.5,38.6,0.95,0.05,0.0,0.7,0.03,2,1785021175.2746403,False,False,True,True,1785021177.3936112,0,False,0,0,False
1784849457.3002179,20,1785021185.254135,37.48645761806668,0.7373220416571297,37.15533684290837,True,37.5,36.5,38.6,0.95,0.05,0.0,0.7,0.03,2,1785021195.2864597,False,True,True,True,1785021177.3936112,0,0,1,0,False
1784849457.3002179,20,1785021205.261268,37.48645761806668,0.7373983367666131,37.11261158159762,True,37.5,36.5,38.6,0.95,0.05,0.0,0.7,0.03,2,1785021215.2888477,False,False,True,False,1785021177.3936112,0,0,1,0,False
1784849457.3002179,20,1785021225.2674844,37.49713893339437,0.7374937056534676,37.12863355458916,True,37.5,36.5,38.6,0.95,0.05,0.0,0.7,0.03,2,1785021235.2948656,False,False,True,False,1785021177.3936112,0,0,1,0,False
1784849457.3002179,20,1785021245.2743063,37.50247959105822,0.7372648203250172,37.14999618524453,True,37.5,36.5,38.6,0.95,0.05,0.0,0.7,0.03,2,1785021255.3033478,False,False,True,False,1785021177.3936112,0,False,0,0,False
1784849457.3002179,20,1785021265.2812982,37.52918287937743,0.7372075989929046,37.16868848706798,True,37.5,36.5,38.6,0.95,0.05,0.0,0.7,0.03,2,1785021275.3086295,False,True,True,False,1785021177.3936112,0,False,0,0,False
1784849457.3002179,20,1785021285.2883468,37.49446860456244,0.7373411154345006,37.14465552758068,True,37.5,36.5,38.6,0.95,0.05,0.0,0.7,0.03,2,1785021295.319422,False,False,True,False,1785021177.3936112,0,0,1,0,False
1784849457.3002179,20,1785021305.2953691,37.47844663157092,0.7371503776607919,37.14465552758068,True,37.5,36.5,38.6,0.95,0.05,0.0,0.7,0.03,2,1785021315.3229733,False,True,True,False,1785021177.3936112,0,0,1,0,False
1784849457.3002179,20,1785021325.3016524,37.49980926222629,0.7372648203250172,37.12596322575723,True,37.5,36.5,38.6,0.95,0.05,0.0,0.7,0.03,2,1785021335.3291547,False,False,True,False,1785021177.3936112,0,0,1,0,False
1784849457.3002179,20,1785021345.3079057,37.51049057755398,0.7373029678797589,37.14465552758068,True,37.5,36.5,38.6,0.95,0.05,0.0,0.7,0.03,2,1785021355.3362389,False,False,True,True,1785021357.3936346,0,False,0,0,False
1784849457.3002179,20,1785021365.3142877,37.51583123521782,0.7376081483176928,37.13664454108492,True,37.5,36.5,38.6,0.95,0.05,0.0,0.7,0.03,2,1785021375.3437016,False,True,True,True,1785021357.3936346,0,False,0,0,False
1784849457.3002179,20,1785021385.3209527,37.45975432974747,0.7372648203250172,37.139314869916845,True,37.5,36.5,38.6,0.95,0.05,0.0,0.7,0.03,2,1785021395.3504634,False,True,True,False,1785021357.3936346,0,0,1,0,False
1784849457.3002179,20,1785021405.3275065,37.49713893339437,0.7371122301060502,37.11795223926147,True,37.5,36.5,38.6,0.95,0.05,0.0,0.7,0.03,2,1785021415.3554964,False,False,True,False,1785021357.3936346,0,0,1,0,False
1784849457.3002179,20,1785021425.3338125,37.49713893339437,0.7373792629892424,37.14465552758068,True,37.5,36.5,38.6,0.95,0.05,0.0,0.7,0.03,2,1785021435.3614,False,False,True,False,1785021357.3936346,0,0,1,0,False
1784849457.3002179,20,1785021445.340178,37.513160906385906,0.7373029678797589,37.16601815823606,True,37.5,36.5,38.6,0.95,0.05,0.0,0.7,0.03,2,1785021455.3679762,False,False,True,False,1785021357.3936346,0,False,0,0,False
1784849457.3002179,20,1785021465.3466156,37.52918287937743,0.7373411154345006,37.158007171740294,True,37.5,36.5,38.6,0.95,0.05,0.0,0.7,0.03,2,1785021475.3750231,False,False,True,False,1785021357.3936346,0,False,0,0,False
1784849457.3002179,20,1785021485.3529692,37.51583123521782,0.7373601892118715,37.17135881589991,True,37.5,36.5,38.6,0.95,0.05,0.0,0.7,0.03,2,1785021495.3806279,False,False,True,False,1785021357.3936346,0,False,0,0,False
1784849457.3002179,20,1785021505.3593483,37.51583123521782,0.7370931563286792,37.16067750057222,True,37.5,36.5,38.6,0.95,0.05,0.0,0.7,0.03,2,1785021515.3871832,False,False,True,False,1785021357.3936346,0,False,0,0,False
1784849457.3002179,20,1785021525.3655815,37.51583123521782,0.7374746318760966,37.14732585641261,True,37.5,36.5,38.6,0.95,0.05,0.0,0.7,0.03,2,1785021535.3947146,False,False,True,True,1785021537.3936586,0,False,0,0,False
1784849457.3002179,20,1785021545.3720505,37.489127946898606,0.7374937056534676,37.12329289692531,True,37.5,36.5,38.6,0.95,0.05,0.0,0.7,0.03,2,1785021555.4021964,False,False,True,True,1785021537.3936586,0,0,1,0,False
1784849457.3002179,20,1785021565.3784473,37.46776531624323,0.7371313038834211,37.109941252765694,True,37.5,36.5,38.6,0.95,0.05,0.0,0.7,0.03,2,1785021575.4078295,False,True,True,False,1785021537.3936586,0,0,1,0,False
1784849457.3002179,20,1785021585.3847353,37.45975432974747,0.7373792629892424,37.10727092393378,True,37.5,36.5,38.6,0.95,0.05,0.0,0.7,0.03,2,1785021595.4116375,False,False,True,False,1785021537.3936586,0,0,1,0,False
1784849457.3002179,20,1785021605.3909883,37.48645761806668,0.7372457465476462,37.14465552758068,True,37.5,36.5,38.6,0.95,0.05,0.0,0.7,0.03,2,1785021615.4194565,False,False,True,False,1785021537.3936586,0,0,1,0,False
1784849457.3002179,20,1785021625.397293,37.49713893339437,0.7370931563286792,37.14465552758068,True,37.5,36.5,38.6,0.95,0.05,0.0,0.7,0.03,2,1785021635.4266968,False,True,True,False,1785021537.3936586,0,0,1,0,False
1784849457.3002179,20,1785021645.4040465,37.507820248722055,0.7372457465476462,37.16601815823606,True,37.5,36.5,38.6,0.95,0.05,0.0,0.7,0.03,2,1785021655.4322174,False,True,True,False,1785021537.3936586,0,False,0,0,False
1784849457.3002179,20,1785021665.4105635,37.56122682536049,0.7371503776607919,37.158007171740294,True,37.5,36.5,38.6,0.95,0.05,0.0,0.7,0.03,2,1785021675.449138,False,True,True,False,1785021537.3936586,0,False,0,0,False
1784849457.3002179,20,1785021685.4171016,37.55321583886473,0.7370931563286792,37.16067750057222,True,37.5,36.5,38.6,0.95,0.05,0.0,0.7,0.03,2,1785021695.4445662,False,False,True,False,1785021537.3936586,0,False,0,0,False
1784849457.3002179,20,1785021705.4241052,37.51583123521782,0.7369405661097123,37.16067750057222,True,37.5,36.5,38.6,0.95,0.05,0.0,0.7,0.03,2,1785021715.4525282,False,True,True,True,1785021717.393664,0,False,0,0,False
1784849457.3002179,20,1785021725.4317806,37.50514991989013,0.7375127794308385,37.13130388342107,True,37.5,36.5,38.6,0.95,0.05,0.0,0.7,0.03,2,1785021735.4603224,False,False,True,True,1785021717.393664,0,False,0,0,False
1784849457.3002179,20,1785021745.4394917,37.46242465857938,0.7371885252155337,37.12863355458916,True,37.5,36.5,38.6,0.95,0.05,0.0,0.7,0.03,2,1785021755.468454,False,False,True,False,1785021717.393664,0,0,1,0,False
1784849457.3002179,20,1785021765.446981,37.45174334325169,0.7373220416571297,37.08857862211032,True,37.5,36.5,38.6,0.95,0.05,0.0,0.7,0.03,2,1785021775.4755714,False,True,True,False,1785021717.393664,0,0,1,0,False
1784849457.3002179,20,1785021785.4545662,37.44907301441978,0.7371694514381627,37.11261158159762,True,37.5,36.5,38.6,0.95,0.05,0.0,0.7,0.03,2,1785021795.4824164,False,True,True,False,1785021717.393664,0,0,1,0,False
1784849457.3002179,20,1785021805.4615088,37.470435645075156,0.7373983367666131,37.14999618524453,True,37.5,36.5,38.6,0.95,0.05,0.0,0.7,0.03,2,1785021815.4920354,False,False,True,False,1785021717.393664,0,0,1,0,False
1784849457.3002179,20,1785021825.4680655,37.481116960402844,0.7371503776607919,37.14465552758068,True,37.5,36.5,38.6,0.95,0.05,0.0,0.7,0.03,2,1785021835.4989839,False,False,True,False,1785021717.393664,0,0,1,0,False
1784849457.3002179,20,1785021845.474661,37.52918287937743,0.7373029678797589,37.176699473563744,True,37.5,36.5,38.6,0.95,0.05,0.0,0.7,0.03,2,1785021855.5024455,False,True,True,False,1785021717.393664,0,False,0,0,False
1784849457.3002179,20,1785021865.4813836,37.53986419470512,0.7376272220950636,37.19539177538719,True,37.5,36.5,38.6,0.95,0.05,0.0,0.7,0.03,2,1785021875.5086522,False,False,True,False,1785021717.393664,0,False,0,0,False
1784849457.3002179,20,1785021885.4877653,37.526512550545505,0.7370359349965667,37.176699473563744,True,37.5,36.5,38.6,0.95,0.05,0.0,0.7,0.03,2,1785021895.5152164,False,True,True,True,1785021897.393674,0,False,0,0,False
1784849457.3002179,20,1785021905.4941719,37.51583123521782,0.7372648203250172,37.15533684290837,True,37.5,36.5,38.6,0.95,0.05,0.0,0.7,0.03,2,1785021915.523144,False,True,True,True,1785021897.393674,0,False,0,0,False
1784849457.3002179,20,1785021925.5004804,37.45708400091554,0.7370168612191957,37.12596322575723,True,37.5,36.5,38.6,0.95,0.05,0.0,0.7,0.03,2,1785021935.5284264,False,False,True,False,1785021897.393674,0,0,1,0,False
1784849457.3002179,20,1785021945.5068707,37.46776531624323,0.7373983367666131,37.11795223926147,True,37.5,36.5,38.6,0.95,0.05,0.0,0.7,0.03,2,1785021955.5444827,False,True,True,False,1785021897.393674,0,0,1,0,False
1784849457.3002179,20,1785021965.5141902,37.47310597390707,0.7370550087739376,37.109941252765694,True,37.5,36.5,38.6,0.95,0.05,0.0,0.7,0.03,2,1785021975.5451574,False,False,True,False,1785021897.393674,0,0,1,0,False
1784849457.3002179,20,1785021985.521464,37.48645761806668,0.7370931563286792,37.14999618524453,True,37.5,36.5,38.6,0.95,0.05,0.0,0.7,0.03,2,1785021995.5515041,False,True,True,False,1785021897.393674,0,0,1,0,False
1784849457.3002179,20,1785022005.5277052,37.52384222171359,0.7372457465476462,37.14465552758068,True,37.5,36.5,38.6,0.95,0.05,0.0,0.7,0.03,2,1785022015.5552373,False,False,True,False,1785021897.393674,0,False,0,0,False
1784849457.3002179,20,1785022025.534101,37.53452353704128,0.7373029678797589,37.16601815823606,True,37.5,36.5,38.6,0.95,0.05,0.0,0.7,0.03,2,1785022035.5615876,False,False,True,False,1785021897.393674,0,False,0,0,False
1784849457.3002179,20,1785022045.5410995,37.52384222171359,0.7371885252155337,37.15533684290837,True,37.5,36.5,38.6,0.95,0.05,0.0,0.7,0.03,2,1785022055.5691285,False,False,True,False,1785021897.393674,0,False,0,0,False
1784849457.3002179,20,1785022065.5482152,37.50247959105822,0.737283894102388,37.14732585641261,True,37.5,36.5,38.6,0.95,0.05,0.0,0.7,0.03,2,1785022075.5751321,False,True,True,True,1785022077.393692,0,False,0,0,False
1784849457.3002179,20,1785022085.5545323,37.46242465857938,0.7371503776607919,37.12863355458916,True,37.5,36.5,38.6,0.95,0.05,0.0,0.7,0.03,2,1785022095.5822864,False,False,True,True,1785022077.393692,0,0,1,0,False
1784849457.3002179,20,1785022105.5607908,37.46242465857938,0.7371885252155337,37.12863355458916,True,37.5,36.5,38.6,0.95,0.05,0.0,0.7,0.03,2,1785022115.5923889,False,False,True,False,1785022077.393692,0,0,1,0,False
1784849457.3002179,20,1785022125.5681589,37.47310597390707,0.7371885252155337,37.13664454108492,True,37.5,36.5,38.6,0.95,0.05,0.0,0.7,0.03,2,1785022135.5965593,False,False,True,False,1785022077.393692,0,0,1,0,False
1784849457.3002179,20,1785022145.5750134,37.489127946898606,0.7369787136644541,37.14465552758068,True,37.5,36.5,38.6,0.95,0.05,0.0,0.7,0.03,2,1785022155.616489,False,True,True,False,1785022077.393692,0,0,1,0,False
1784849457.3002179,20,1785022165.5812943,37.51583123521782,0.7372648203250172,37.17402914473182,True,37.5,36.5,38.6,0.95,0.05,0.0,0.7,0.03,2,1785022175.6151505,False,True,True,False,1785022077.393692,0,False,0,0,False
1784849457.3002179,20,1785022185.5882428,37.54520485236897,0.7371503776607919,37.182040131227595,True,37.5,36.5,38.6,0.95,0.05,0.0,0.7,0.03,2,1785022195.6164777,False,False,True,False,1785022077.393692,0,False,0,0,False
1784849457.3002179,20,1785022205.5952919,37.550545510032805,0.7373029678797589,37.16601815823606,True,37.5,36.5,38.6,0.95,0.05,0.0,0.7,0.03,2,1785022215.6226466,False,False,True,False,1785022077.393692,0,False,0,0,False
1784849457.3002179,20,1785022225.6017146,37.513160906385906,0.7372266727702754,37.16067750057222,True,37.5,36.5,38.6,0.95,0.05,0.0,0.7,0.03,2,1785022235.6324058,False,True,True,False,1785022077.393692,0,False,0,0,False
1784849457.3002179,20,1785022245.6090083,37.50247959105822,0.7370740825513085,37.14465552758068,True,37.5,36.5,38.6,0.95,0.05,0.0,0.7,0.03,2,1785022255.637055,False,True,True,True,1785022257.393712,0,False,0,0,False
1784849457.3002179,20,1785022265.616052,37.44373235675593,0.736997787441825,37.109941252765694,True,37.5,36.5,38.6,0.95,0.05,0.0,0.7,0.03,2,1785022275.6433496,False,False,True,True,1785022257.393712,0,0,1,0,False
1784849457.3002179,20,1785022285.6223085,37.446402685587856,0.7368261234454871,37.08590829327841,True,37.5,36.5,38.6,0.95,0.05,0.0,0.7,0.03,2,1785022295.6499104,False,False,True,False,1785022257.393712,0,0,1,0,False
1784849457.3002179,20,1785022305.6291726,37.441062027924005,0.7371122301060502,37.096589608606095,True,37.5,36.5,38.6,0.95,0.05,0.0,0.7,0.03,2,1785022315.6577632,False,False,True,False,1785022257.393712,0,0,1,0,False
1784849457.3002179,20,1785022325.636807,37.483787289234755,0.7371313038834211,37.13130388342107,True,37.5,36.5,38.6,0.95,0.05,0.0,0.7,0.03,2,1785022335.665487,False,True,True,False,1785022257.393712,0,0,1,0,False
1784849457.3002179,20,1785022345.6443372,37.50514991989013,0.7373983367666131,37.14465552758068,True,37.5,36.5,38.6,0.95,0.05,0.0,0.7,0.03,2,1785022355.6728673,False,False,True,False,1785022257.393712,0,False,0,0,False
1784849457.3002179,20,1785022365.6519668,37.531853208209355,0.7371503776607919,37.158007171740294,True,37.5,36.5,38.6,0.95,0.05,0.0,0.7,0.03,2,1785022375.6835272,False,False,True,False,1785022257.393712,0,False,0,0,False
1784849457.3002179,20,1785022385.6622684,37.53452353704128,0.7370931563286792,37.16067750057222,True,37.5,36.5,38.6,0.95,0.05,0.0,0.7,0.03,2,1785022395.693234,False,True,True,False,1785022257.393712,0,False,0,0,False
1784849457.3002179,20,1785022405.6721277,37.49713893339437,0.7371885252155337,37.17135881589991,True,37.5,36.5,38.6,0.95,0.05,0.0,0.7,0.03,2,1785022415.70035,False,True,True,False,1785022257.393712,0,0,1,0,False
1784849457.3002179,20,1785022425.6783757,37.49713893339437,0.7372075989929046,37.16067750057222,True,37.5,36.5,38.6,0.95,0.05,0.0,0.7,0.03,2,1785022435.7057157,False,False,True,True,1785022437.393718,0,0,1,0,False
1784849457.3002179,20,1785022445.6845424,37.48645761806668,0.7369596398870832,37.11795223926147,True,37.5,36.5,38.6,0.95,0.05,0.0,0.7,0.03,2,1785022455.7163026,False,True,True,True,1785022437.393718,0,0,1,0,False
1784849457.3002179,20,1785022465.6910758,37.47577630273899,0.7369405661097123,37.13130388342107,True,37.5,36.5,38.6,0.95,0.05,0.0,0.7,0.03,2,1785022475.7185953,False,True,True,False,1785022437.393718,0,0,1,0,False
1784849457.3002179,20,1785022485.6973171,37.50514991989013,0.7372457465476462,37.14465552758068,True,37.5,36.5,38.6,0.95,0.05,0.0,0.7,0.03,2,1785022495.7247953,False,True,True,False,1785022437.393718,0,False,0,0,False
1784849457.3002179,20,1785022505.7043908,37.52117189288167,0.7369787136644541,37.16067750057222,True,37.5,36.5,38.6,0.95,0.05,0.0,0.7,0.03,2,1785022515.7320392,False,False,True,False,1785022437.393718,0,False,0,0,False
1784849457.3002179,20,1785022525.711577,37.54787518120088,0.7372648203250172,37.16868848706798,True,37.5,36.5,38.6,0.95,0.05,0.0,0.7,0.03,2,1785022535.7410731,False,False,True,False,1785022437.393718,0,False,0,0,False
1784849457.3002179,20,1785022545.7183344,37.50514991989013,0.7372075989929046,37.14999618524453,True,37.5,36.5,38.6,0.95,0.05,0.0,0.7,0.03,2,1785022555.7464983,False,False,True,False,1785022437.393718,0,False,0,0,False
1784849457.3002179,20,1785022565.725538,37.49446860456244,0.7373411154345006,37.13664454108492,True,37.5,36.5,38.6,0.95,0.05,0.0,0.7,0.03,2,1785022575.759904,False,True,True,False,1785022437.393718,0,0,1,0,False
1784849457.3002179,20,1785022585.7331414,37.47577630273899,0.7370359349965667,37.133974212252994,True,37.5,36.5,38.6,0.95,0.05,0.0,0.7,0.03,2,1785022595.7644768,False,False,True,False,1785022437.393718,0,0,1,0,False
1784849457.3002179,20,1785022605.7410789,37.470435645075156,0.7369214923323415,37.12863355458916,True,37.5,36.5,38.6,0.95,0.05,0.0,0.7,0.03,2,1785022615.7703474,False,True,True,True,1785022617.3937256,0,0,1,0,False
1784849457.3002179,20,1785022625.748102,37.513160906385906,0.7370550087739376,37.139314869916845,True,37.5,36.5,38.6,0.95,0.05,0.0,0.7,0.03,2,1785022635.7758512,False,False,True,True,1785022617.3937256,0,False,0,0,False
1784849457.3002179,20,1785022645.7546256,37.52384222171359,0.7371122301060502,37.17135881589991,True,37.5,36.5,38.6,0.95,0.05,0.0,0.7,0.03,2,1785022655.7824502,False,False,True,False,1785022617.3937256,0,False,0,0,False
1784849457.3002179,20,1785022665.7610517,37.513160906385906,0.7370168612191957,37.17402914473182,True,37.5,36.5,38.6,0.95,0.05,0.0,0.7,0.03,2,1785022675.788478,False,False,True,False,1785022617.3937256,0,False,0,0,False
1784849457.3002179,20,1785022685.7674417,37.50514991989013,0.7370740825513085,37.176699473563744,True,37.5,36.5,38.6,0.95,0.05,0.0,0.7,0.03,2,1785022695.7949455,False,False,True,False,1785022617.3937256,0,False,0,0,False
1784849457.3002179,20,1785022705.7738807,37.52117189288167,0.7369024185549706,37.15533684290837,True,37.5,36.5,38.6,0.95,0.05,0.0,0.7,0.03,2,1785022715.801358,False,False,True,False,1785022617.3937256,0,False,0,0,False
1784849457.3002179,20,1785022725.7802768,37.489127946898606,0.7370740825513085,37.152666514076444,True,37.5,36.5,38.6,0.95,0.05,0.0,0.7,0.03,2,1785022735.8077285,False,True,True,False,1785022617.3937256,0,0,1,0,False
1784849457.3002179,20,1785022745.7865639,37.446402685587856,0.7370168612191957,37.139314869916845,True,37.5,36.5,38.6,0.95,0.05,0.0,0.7,0.03,2,1785022755.8140445,False,True,True,False,1785022617.3937256,0,0,1,0,False
1784849457.3002179,20,1785022765.7928011,37.47844663157092,0.7372648203250172,37.14732585641261,True,37.5,36.5,38.6,0.95,0.05,0.0,0.7,0.03,2,1785022775.8230608,False,False,True,False,1785022617.3937256,0,0,1,0,False
1784849457.3002179,20,1785022785.7993014,37.49713893339437,0.7369405661097123,37.12863355458916,True,37.5,36.5,38.6,0.95,0.05,0.0,0.7,0.03,2,1785022795.8265247,False,True,True,True,1785022797.393764,0,0,1,0,False
1784849457.3002179,20,1785022805.8054206,37.507820248722055,0.7371885252155337,37.16067750057222,True,37.5,36.5,38.6,0.95,0.05,0.0,0.7,0.03,2,1785022815.83282,False,True,True,True,1785022797.393764,0,False,0,0,False
1784849457.3002179,20,1785022825.8117647,37.51850156404974,0.7369405661097123,37.16067750057222,True,37.5,36.5,38.6,0.95,0.05,0.0,0.7,0.03,2,1785022835.839244,False,False,True,False,1785022797.393764,0,False,0,0,False
1784849457.3002179,20,1785022845.8181715,37.507820248722055,0.7371503776607919,37.176699473563744,True,37.5,36.5,38.6,0.95,0.05,0.0,0.7,0.03,2,1785022855.8454332,False,True,True,False,1785022797.393764,0,False,0,0,False
1784849457.3002179,20,1785022865.8244362,37.48645761806668,0.7371694514381627,37.158007171740294,True,37.5,36.5,38.6,0.95,0.05,0.0,0.7,0.03,2,1785022875.8532739,False,True,True,False,1785022797.393764,0,0,1,0,False
1784849457.3002179,20,1785022885.8306231,37.489127946898606,0.7369787136644541,37.139314869916845,True,37.5,36.5,38.6,0.95,0.05,0.0,0.7,0.03,2,1785022895.858814,False,True,True,False,1785022797.393764,0,0,1,0,False
1784849457.3002179,20,1785022905.8369534,37.49446860456244,0.7371122301060502,37.133974212252994,True,37.5,36.5,38.6,0.95,0.05,0.0,0.7,0.03,2,1785022915.8656151,False,True,True,False,1785022797.393764,0,0,1,0,False
1784849457.3002179,20,1785022925.8445508,37.51049057755398,0.7371313038834211,37.14732585641261,True,37.5,36.5,38.6,0.95,0.05,0.0,0.7,0.03,2,1785022935.8732383,False,True,True,False,1785022797.393764,0,False,0,0,False
1784849457.3002179,20,1785022945.8515465,37.52117189288167,0.7370740825513085,37.176699473563744,True,37.5,36.5,38.6,0.95,0.05,0.0,0.7,0.03,2,1785022955.8809557,False,True,True,False,1785022797.393764,0,False,0,0,False
1784849457.3002179,20,1785022965.8587627,37.51583123521782,0.7369787136644541,37.16334782940413,True,37.5,36.5,38.6,0.95,0.05,0.0,0.7,0.03,2,1785022975.8886995,False,True,True,True,1785022977.3937864,0,False,0,0,False
1784849457.3002179,20,1785022985.8665032,37.470435645075156,0.736845197222858,37.15533684290837,True,37.5,36.5,38.6,0.95,0.05,0.0,0.7,0.03,2,1785022995.8959765,False,False,True,True,1785022977.3937864,0,0,1,0,False
1784849457.3002179,20,1785023005.8736079,37.45975432974747,0.7369024185549706,37.11795223926147,True,37.5,36.5,38.6,0.95,0.05,0.0,0.7,0.03,2,1785023015.9019363,False,True,True,False,1785022977.3937864,0,0,1,0,False
1784849457.3002179,20,1785023025.8798492,37.45441367208362,0.7369596398870832,37.12329289692531,True,37.5,36.5,38.6,0.95,0.05,0.0,0.7,0.03,2,1785023035.907379,False,False,True,False,1785022977.3937864,0,0,1,0,False
1784849457.3002179,20,1785023045.886209,37.481116960402844,0.7374555580987259,37.12863355458916,True,37.5,36.5,38.6,0.95,0.05,0.0,0.7,0.03,2,1785023055.9136105,False,False,True,False,1785022977.3937864,0,0,1,0,False
1784849457.3002179,20,1785023065.8924172,37.52384222171359,0.736845197222858,37.17936980239567,True,37.5,36.5,38.6,0.95,0.05,0.0,0.7,0.03,2,1785023075.9209552,False,False,True,False,1785022977.3937864,0,False,0,0,False
1784849457.3002179,20,1785023085.8989694,37.526512550545505,0.736997787441825,37.19272144655528,True,37.5,36.5,38.6,0.95,0.05,0.0,0.7,0.03,2,1785023095.9279635,False,True,True,False,1785022977.3937864,0,False,0,0,False
1784849457.3002179,20,1785023105.90549,37.55321583886473,0.7369405661097123,37.19272144655528,True,37.5,36.5,38.6,0.95,0.05,0.0,0.7,0.03,2,1785023115.9355285,False,False,True,False,1785022977.3937864,0,False,0,0,False
1784849457.3002179,20,1785023125.9125934,37.51583123521782,0.7371503776607919,37.17936980239567,True,37.5,36.5,38.6,0.95,0.05,0.0,0.7,0.03,2,1785023135.9413612,False,False,True,False,1785022977.3937864,0,False,0,0,False
1784849457.3002179,20,1785023145.9203522,37.489127946898606,0.7370931563286792,37.16601815823606,True,37.5,36.5,38.6,0.95,0.05,0.0,0.7,0.03,2,1785023155.948422,False,True,True,True,1785023157.3938196,0,0,1,0,False
1784849457.3002179,20,1785023165.9273367,37.489127946898606,0.7370740825513085,37.14732585641261,True,37.5,36.5,38.6,0.95,0.05,0.0,0.7,0.03,2,1785023175.954726,False,True,True,True,1785023157.3938196,0,0,1,0,False
1784849457.3002179,20,1785023185.9341705,37.470435645075156,0.7370550087739376,37.133974212252994,True,37.5,36.5,38.6,0.95,0.05,0.0,0.7,0.03,2,1785023195.9618864,False,True,True,False,1785023157.3938196,0,0,1,0,False
1784849457.3002179,20,1785023205.941664,37.49713893339437,0.7367879758907453,37.14465552758068,True,37.5,36.5,38.6,0.95,0.05,0.0,0.7,0.03,2,1785023215.9718506,False,True,True,False,1785023157.3938196,0,0,1,0,False
1784849457.3002179,20,1785023225.9493725,37.507820248722055,0.7371503776607919,37.176699473563744,True,37.5,36.5,38.6,0.95,0.05,0.0,0.7,0.03,2,1785023235.9808555,False,True,True,False,1785023157.3938196,0,False,0,0,False
1784849457.3002179,20,1785023245.9566445,37.52384222171359,0.7371694514381627,37.182040131227595,True,37.5,36.5,38.6,0.95,0.05,0.0,0.7,0.03,2,1785023255.988031,False,False,True,False,1785023157.3938196,0,False,0,0,False
1784849457.3002179,20,1785023265.963659,37.53452353704128,0.7368642710002288,37.184710460059506,True,37.5,36.5,38.6,0.95,0.05,0.0,0.7,0.03,2,1785023275.999562,False,True,True,False,1785023157.3938196,0,False,0,0,False
1784849457.3002179,20,1785023285.9713967,37.49446860456244,0.736997787441825,37.182040131227595,True,37.5,36.5,38.6,0.95,0.05,0.0,0.7,0.03,2,1785023296.002495,False,False,True,False,1785023157.3938196,0,0,1,0,False
1784849457.3002179,20,1785023305.97905,37.489127946898606,0.7367307545586328,37.14465552758068,True,37.5,36.5,38.6,0.95,0.05,0.0,0.7,0.03,2,1785023316.0088036,False,True,True,False,1785023157.3938196,0,0,1,0,False
1784849457.3002179,20,1785023325.9865959,37.489127946898606,0.7367689021133745,37.13664454108492,True,37.5,36.5,38.6,0.95,0.05,0.0,0.7,0.03,2,1785023336.0149786,False,True,True,True,1785023337.3938284,0,0,1,0,False
1784849457.3002179,20,1785023345.9935918,37.49980926222629,0.7369405661097123,37.14465552758068,True,37.5,36.5,38.6,0.95,0.05,0.0,0.7,0.03,2,1785023356.0210485,False,True,True,True,1785023337.3938284,0,0,1,0,False
1784849457.3002179,20,1785023366.0006952,37.531853208209355,0.7370359349965667,37.16868848706798,True,37.5,36.5,38.6,0.95,0.05,0.0,0.7,0.03,2,1785023376.03212,False,False,True,False,1785023337.3938284,0,False,0,0,False
1784849457.3002179,20,1785023386.0077128,37.513160906385906,0.7368642710002288,37.18738078889143,True,37.5,36.5,38.6,0.95,0.05,0.0,0.7,0.03,2,1785023396.035212,False,False,True,False,1785023337.3938284,0,False,0,0,False
1784849457.3002179,20,1785023406.0140169,37.507820248722055,0.7369214923323415,37.17135881589991,True,37.5,36.5,38.6,0.95,0.05,0.0,0.7,0.03,2,1785023416.041704,False,False,True,False,1785023337.3938284,0,False,0,0,False
1784849457.3002179,20,1785023426.0206566,37.53452353704128,0.7369024185549706,37.15533684290837,True,37.5,36.5,38.6,0.95,0.05,0.0,0.7,0.03,2,1785023436.049245,False,True,True,False,1785023337.3938284,0,False,0,0,False
1784849457.3002179,20,1785023446.0270457,37.470435645075156,0.736692607003891,37.17135881589991,True,37.5,36.5,38.6,0.95,0.05,0.0,0.7,0.03,2,1785023456.0545735,False,False,True,False,1785023337.3938284,0,0,1,0,False
1784849457.3002179,20,1785023466.0365016,37.470435645075156,0.7368833447775998,37.14732585641261,True,37.5,36.5,38.6,0.95,0.05,0.0,0.7,0.03,2,1785023476.0674014,False,True,True,False,1785023337.3938284,0,0,1,0,False
1784849457.3002179,20,1785023486.0462391,37.483787289234755,0.7369024185549706,37.15533684290837,True,37.5,36.5,38.6,0.95,0.05,0.0,0.7,0.03,2,1785023496.0752308,False,False,True,False,1785023337.3938284,0,0,1,0,False
1784849457.3002179,20,1785023506.0524557,37.49446860456244,0.7367307545586328,37.14465552758068,True,37.5,36.5,38.6,0.95,0.05,0.0,0.7,0.03,2,1785023516.0794528,False,False,True,True,1785023517.3938315,0,0,1,0,False
1784849457.3002179,20,1785023526.0592782,37.51049057755398,0.7367879758907453,37.17402914473182,True,37.5,36.5,38.6,0.95,0.05,0.0,0.7,0.03,2,1785023536.087637,False,True,True,True,1785023517.3938315,0,False,0,0,False
1784849457.3002179,20,1785023546.0669975,37.51583123521782,0.7367116807812618,37.182040131227595,True,37.5,36.5,38.6,0.95,0.05,0.0,0.7,0.03,2,1785023556.0949652,False,False,True,False,1785023517.3938315,0,False,0,0,False
1784849457.3002179,20,1785023566.0746639,37.52117189288167,0.7368642710002288,37.16868848706798,True,37.5,36.5,38.6,0.95,0.05,0.0,0.7,0.03,2,1785023576.102232,False,False,True,False,1785023517.3938315,0,False,0,0,False
1784849457.3002179,20,1785023586.081551,37.49713893339437,0.7369024185549706,37.15533684290837,True,37.5,36.5,38.6,0.95,0.05,0.0,0.7,0.03,2,1785023596.108939,False,True,True,False,1785023517.3938315,0,0,1,0,False
1784849457.3002179,20,1785023606.087926,37.48645761806668,0.7370931563286792,37.12863355458916,True,37.5,36.5,38.6,0.95,0.05,0.0,0.7,0.03,2,1785023616.1168404,False,True,True,False,1785023517.3938315,0,0,1,0,False
1784849457.3002179,20,1785023626.095002,37.48645761806668,0.736692607003891,37.15533684290837,True,37.5,36.5,38.6,0.95,0.05,0.0,0.7,0.03,2,1785023636.1263657,False,False,True,False,1785023517.3938315,0,0,1,0,False
1784849457.3002179,20,1785023646.1023395,37.52384222171359,0.7369214923323415,37.19806210421912,True,37.5,36.5,38.6,0.95,0.05,0.0,0.7,0.03,2,1785023656.1299996,False,True,True,False,1785023517.3938315,0,False,0,0,False
1784849457.3002179,20,1785023666.1089928,37.53452353704128,0.7368261234454871,37.17936980239567,True,37.5,36.5,38.6,0.95,0.05,0.0,0.7,0.03,2,1785023676.136086,False,True,True,False,1785023517.3938315,0,False,0,0,False
1784849457.3002179,20,1785023686.1154683,37.51049057755398,0.7370740825513085,37.182040131227595,True,37.5,36.5,38.6,0.95,0.05,0.0,0.7,0.03,2,1785023696.1474452,False,False,True,True,1785023697.3938625,0,False,0,0,False
1784849457.3002179,20,1785023706.1219196,37.489127946898606,0.736845197222858,37.139314869916845,True,37.5,36.5,38.6,0.95,0.05,0.0,0.7,0.03,2,1785023716.1532564,False,False,True,True,1785023697.3938625,0,0,1,0,False
1784849457.3002179,20,1785023726.13164,37.46242465857938,0.7369024185549706,37.12596322575723,True,37.5,36.5,38.6,0.95,0.05,0.0,0.7,0.03,2,1785023736.1618376,False,True,True,False,1785023697.3938625,0,0,1,0,False
1784849457.3002179,20,1785023746.1421528,37.46776531624323,0.7369787136644541,37.11795223926147,True,37.5,36.5,38.6,0.95,0.05,0.0,0.7,0.03,2,1785023756.172705,False,False,True,False,1785023697.3938625,0,0,1,0,False
1784849457.3002179,20,1785023766.1491005,37.51049057755398,0.7369596398870832,37.16334782940413,True,37.5,36.5,38.6,0.95,0.05,0.0,0.7,0.03,2,1785023776.177467,False,True,True,False,1785023697.3938625,0,False,0,0,False
1784849457.3002179,20,1785023786.1561317,37.52918287937743,0.7370359349965667,37.18738078889143,True,37.5,36.5,38.6,0.95,0.05,0.0,0.7,0.03,2,1785023796.1890006,False,True,True,False,1785023697.3938625,0,False,0,0,False
1784849457.3002179,20,1785023806.1637352,37.52384222171359,0.7367689021133745,37.182040131227595,True,37.5,36.5,38.6,0.95,0.05,0.0,0.7,0.03,2,1785023816.192286,False,False,True,False,1785023697.3938625,0,False,0,0,False
1784849457.3002179,20,1785023826.1709511,37.507820248722055,0.7367689021133745,37.176699473563744,True,37.5,36.5,38.6,0.95,0.05,0.0,0.7,0.03,2,1785023836.1996906,False,True,True,False,1785023697.3938625,0,False,0,0,False
1784849457.3002179,20,1785023846.1778736,37.49179827573053,0.7368833447775998,37.14999618524453,True,37.5,36.5,38.6,0.95,0.05,0.0,0.7,0.03,2,1785023856.2070236,False,False,True,False,1785023697.3938625,0,0,1,0,False
1784849457.3002179,20,1785023866.1851022,37.481116960402844,0.7365590905622948,37.141985198748756,True,37.5,36.5,38.6,0.95,0.05,0.0,0.7,0.03,2,1785023876.2154496,False,True,True,True,1785023877.3939047,0,0,1,0,False
1784849457.3002179,20,1785023886.1919909,37.489127946898606,0.7367689021133745,37.14999618524453,True,37.5,36.5,38.6,0.95,0.05,0.0,0.7,0.03,2,1785023896.2210326,False,False,True,True,1785023877.3939047,0,0,1,0,False
1784849457.3002179,20,1785023906.19971,37.50514991989013,0.7369596398870832,37.16601815823606,True,37.5,36.5,38.6,0.95,0.05,0.0,0.7,0.03,2,1785023916.2276404,False,True,True,False,1785023877.3939047,0,False,0,0,False
1784849457.3002179,20,1785023926.2066925,37.51049057755398,0.7366353856717783,37.16868848706798,True,37.5,36.5,38.6,0.95,0.05,0.0,0.7,0.03,2,1785023936.2348776,False,True,True,False,1785023877.3939047,0,False,0,0,False
1784849457.3002179,20,1785023946.2133594,37.531853208209355,0.7370931563286792,37.19272144655528,True,37.5,36.5,38.6,0.95,0.05,0.0,0.7,0.03,2,1785023956.2411473,False,False,True,False,1785023877.3939047,0,False,0,0,False
1784849457.3002179,20,1785023966.2200134,37.526512550545505,0.7367879758907453,37.17936980239567,True,37.5,36.5,38.6,0.95,0.05,0.0,0.7,0.03,2,1785023976.2538643,False,True,True,False,1785023877.3939047,0,False,0,0,False
1784849457.3002179,20,1785023986.2266915,37.50247959105822,0.7370168612191957,37.16601815823606,True,37.5,36.5,38.6,0.95,0.05,0.0,0.7,0.03,2,1785023996.2580419,False,True,True,False,1785023877.3939047,0,False,0,0,False
1784849457.3002179,20,1785024006.2332468,37.513160906385906,0.7369405661097123,37.11795223926147,True,37.5,36.5,38.6,0.95,0.05,0.0,0.7,0.03,2,1785024016.2603545,False,False,True,False,1785023877.3939047,0,False,0,0,False
1784849457.3002179,20,1785024026.2397568,37.481116960402844,0.7364827954528114,37.133974212252994,True,37.5,36.5,38.6,0.95,0.05,0.0,0.7,0.03,2,1785024036.2669399,True,True,True,False,1785023877.3939047,0,0,1,0,False
1784849457.3002179,20,1785024046.246063,37.507820248722055,0.7368070496681163,37.12863355458916,True,37.5,36.5,38.6,0.95,0.05,0.0,0.7,0.03,2,1785024056.2737017,True,True,True,True,1785024057.3939106,0,False,0,0,False
1784849457.3002179,20,1785024066.2523277,37.48645761806668,0.7365781643396658,37.12062256809338,True,37.5,36.5,38.6,0.95,0.05,0.0,0.7,0.03,2,1785024076.2797472,True,False,True,True,1785024057.3939106,0,0,1,0,False
1784849457.3002179,20,1785024086.258605,37.50514991989013,0.7368833447775998,37.12863355458916,True,37.5,36.5,38.6,0.95,0.05,0.0,0.7,0.03,2,1785024096.286439,True,False,True,False,1785024057.3939106,0,False,0,0,False
1784849457.3002179,20,1785024106.2649431,37.52117189288167,0.736692607003891,37.10727092393378,True,37.5,36.5,38.6,0.95,0.05,0.0,0.7,0.03,2,1785024116.3022964,True,True,True,False,1785024057.3939106,0,False,0,0,False
1784849457.3002179,20,1785024126.271952,37.52117189288167,0.7366544594491493,37.12062256809338,True,37.5,36.5,38.6,0.95,0.05,0.0,0.7,0.03,2,1785024136.303563,True,True,True,False,1785024057.3939106,0,False,0,0,False
1784849457.3002179,20,1785024146.2790823,37.51049057755398,0.7367116807812618,37.10727092393378,True,37.5,36.5,38.6,0.95,0.05,0.0,0.7,0.03,2,1785024156.3079655,True,False,True,False,1785024057.3939106,0,False,0,0,False
1784849457.3002179,20,1785024166.2867723,37.489127946898606,0.7368070496681163,37.08857862211032,True,37.5,36.5,38.6,0.95,0.05,0.0,0.7,0.03,2,1785024176.3157876,True,False,True,False,1785024057.3939106,0,0,1,0,False
1784849457.3002179,20,1785024186.2943125,37.45975432974747,0.7367879758907453,37.08056763561456,True,37.5,36.5,38.6,0.95,0.05,0.0,0.7,0.03,2,1785024196.3240757,True,True,True,False,1785024057.3939106,0,0,1,0,False
1784849457.3002179,20,1785024206.3013144,37.48645761806668,0.7367307545586328,37.096589608606095,True,37.5,36.5,38.6,0.95,0.05,0.0,0.7,0.03,2,1785024216.3284216,True,True,True,False,1785024057.3939106,0,0,1,0,False
1784849457.3002179,20,1785024226.3075533,37.49713893339437,0.736845197222858,37.11261158159762,True,37.5,36.5,38.6,0.95,0.05,0.0,0.7,0.03,2,1785024236.335005,True,False,True,True,1785024237.3939242,0,0,1,0,False
1784849457.3002179,20,1785024246.313923,37.507820248722055,0.736692607003891,37.11261158159762,True,37.5,36.5,38.6,0.95,0.05,0.0,0.7,0.03,2,1785024256.3503363,True,True,True,True,1785024237.3939242,0,False,0,0,False
1784849457.3002179,20,1785024266.3205159,37.507820248722055,0.7369214923323415,37.12062256809338,True,37.5,36.5,38.6,0.95,0.05,0.0,0.7,0.03,2,1785024276.3542433,True,False,True,False,1785024237.3939242,0,False,0,0,False
1784849457.3002179,20,1785024286.3276258,37.526512550545505,0.7365781643396658,37.10727092393378,True,37.5,36.5,38.6,0.95,0.05,0.0,0.7,0.03,2,1785024296.362078,True,True,True,False,1785024237.3939242,0,False,0,0,False
1784849457.3002179,20,1785024306.3351567,37.51049057755398,0.7369214923323415,37.10727092393378,True,37.5,36.5,38.6,0.95,0.05,0.0,0.7,0.03,2,1785024316.3622458,True,False,True,False,1785024237.3939242,0,False,0,0,False
1784849457.3002179,20,1785024326.3420386,37.49980926222629,0.7369787136644541,37.09391927977417,True,37.5,36.5,38.6,0.95,0.05,0.0,0.7,0.03,2,1785024336.37055,True,True,True,False,1785024237.3939242,0,0,1,0,False
1784849457.3002179,20,1785024346.348952,37.49980926222629,0.7367116807812618,37.091248950942244,True,37.5,36.5,38.6,0.95,0.05,0.0,0.7,0.03,2,1785024356.3766816,True,False,True,False,1785024237.3939242,0,0,1,0,False
1784849457.3002179,20,1785024366.3559241,37.53719386587319,0.7367116807812618,37.09391927977417,True,37.5,36.5,38.6,0.95,0.05,0.0,0.7,0.03,2,1785024376.383334,True,False,True,False,1785024237.3939242,0,False,0,0,False
1784849457.3002179,20,1785024386.362363,37.52918287937743,0.7368261234454871,37.10727092393378,True,37.5,36.5,38.6,0.95,0.05,0.0,0.7,0.03,2,1785024396.389721,True,True,True,False,1785024237.3939242,0,False,0,0,False
1784849457.3002179,20,1785024406.3686426,37.513160906385906,0.7367116807812618,37.08590829327841,True,37.5,36.5,38.6,0.95,0.05,0.0,0.7,0.03,2,1785024416.396096,True,True,True,True,1785024417.3939526,0,False,0,0,False
1784849457.3002179,20,1785024426.3749578,37.48645761806668,0.7367307545586328,37.08590829327841,True,37.5,36.5,38.6,0.95,0.05,0.0,0.7,0.03,2,1785024436.4025676,True,True,True,True,1785024417.3939526,0,0,1,0,False
1784849457.3002179,20,1785024446.3812132,37.481116960402844,0.7367498283360037,37.048523689631494,True,37.5,36.5,38.6,0.95,0.05,0.0,0.7,0.03,2,1785024456.4090183,True,True,True,False,1785024417.3939526,0,0,1,0,False
1784849457.3002179,20,1785024466.3875313,37.49713893339437,0.7365972381170367,37.07789730678263,True,37.5,36.5,38.6,0.95,0.05,0.0,0.7,0.03,2,1785024476.4170477,True,True,True,False,1785024417.3939526,0,0,1,0,False
1784849457.3002179,20,1785024486.3939667,37.51049057755398,0.7367879758907453,37.08056763561456,True,37.5,36.5,38.6,0.95,0.05,0.0,0.7,0.03,2,1785024496.4273832,True,True,True,False,1785024417.3939526,0,False,0,0,False
1784849457.3002179,20,1785024506.4011617,37.526512550545505,0.736997787441825,37.10193026626993,True,37.5,36.5,38.6,0.95,0.05,0.0,0.7,0.03,2,1785024516.430311,True,False,True,False,1785024417.3939526,0,False,0,0,False
1784849457.3002179,20,1785024526.4081392,37.51049057755398,0.7366353856717783,37.109941252765694,True,37.5,36.5,38.6,0.95,0.05,0.0,0.7,0.03,2,1785024536.4362197,True,False,True,False,1785024417.3939526,0,False,0,0,False
1784849457.3002179,20,1785024546.415209,37.49980926222629,0.7369024185549706,37.06454566262303,True,37.5,36.5,38.6,0.95,0.05,0.0,0.7,0.03,2,1785024556.4436598,True,True,True,False,1785024417.3939526,0,0,1,0,False
1784849457.3002179,20,1785024566.422202,37.47844663157092,0.7365209430075532,37.067215991454944,True,37.5,36.5,38.6,0.95,0.05,0.0,0.7,0.03,2,1785024576.4525383,True,True,True,False,1785024417.3939526,0,0,1,0,False
1784849457.3002179,20,1785024586.428503,37.50247959105822,0.7368261234454871,37.08056763561456,True,37.5,36.5,38.6,0.95,0.05,0.0,0.7,0.03,2,1785024596.468985,True,True,True,True,1785024597.3939815,0,False,0,0,False
1784849457.3002179,20,1785024606.4350276,37.49179827573053,0.7368261234454871,37.08056763561456,True,37.5,36.5,38.6,0.95,0.05,0.0,0.7,0.03,2,1785024616.4629033,True,False,True,True,1785024597.3939815,0,0,1,0,False
1784849457.3002179,20,1785024626.4413438,37.48645761806668,0.7364637216754406,37.08056763561456,True,37.5,36.5,38.6,0.95,0.05,0.0,0.7,0.03,2,1785024636.4683287,True,True,True,False,1785024597.3939815,0,0,1,0,False
1784849457.3002179,20,1785024646.448235,37.48645761806668,0.7365781643396658,37.091248950942244,True,37.5,36.5,38.6,0.95,0.05,0.0,0.7,0.03,2,1785024656.4801223,True,True,True,False,1785024597.3939815,0,0,1,0,False
1784849457.3002179,20,1785024666.4553807,37.51850156404974,0.7366735332265202,37.07789730678263,True,37.5,36.5,38.6,0.95,0.05,0.0,0.7,0.03,2,1785024676.4844892,True,True,True,False,1785024597.3939815,0,False,0,0,False
1784849457.3002179,20,1785024686.4619484,37.526512550545505,0.7366544594491493,37.091248950942244,True,37.5,36.5,38.6,0.95,0.05,0.0,0.7,0.03,2,1785024696.4924016,True,True,True,False,1785024597.3939815,0,False,0,0,False
1784849457.3002179,20,1785024706.4687033,37.50514991989013,0.7365018692301823,37.08056763561456,True,37.5,36.5,38.6,0.95,0.05,0.0,0.7,0.03,2,1785024716.496228,True,False,True,False,1785024597.3939815,0,False,0,0,False
1784849457.3002179,20,1785024726.4752574,37.49980926222629,0.7367498283360037,37.07789730678263,True,37.5,36.5,38.6,0.95,0.05,0.0,0.7,0.03,2,1785024736.5036104,True,False,True,False,1785024597.3939815,0,0,1,0,False
1784849457.3002179,20,1785024746.4815054,37.45174334325169,0.7365018692301823,37.053864347295345,True,37.5,36.5,38.6,0.95,0.05,0.0,0.7,0.03,2,1785024756.5085368,True,False,True,False,1785024597.3939815,0,0,1,0,False
1784849457.3002179,20,1785024766.4884474,37.46242465857938,0.7365590905622948,37.05653467612726,True,37.5,36.5,38.6,0.95,0.05,0.0,0.7,0.03,2,1785024776.5182407,True,True,True,True,1785024777.3939927,0,0,1,0,False
1784849457.3002179,20,1785024786.4960656,37.48645761806668,0.7366163118944076,37.04318303196766,True,37.5,36.5,38.6,0.95,0.05,0.0,0.7,0.03,2,1785024796.5237277,True,True,True,True,1785024777.3939927,0,0,1,0,False
1784849457.3002179,20,1785024806.502982,37.48645761806668,0.7365781643396658,37.08056763561456,True,37.5,36.5,38.6,0.95,0.05,0.0,0.7,0.03,2,1785024816.5315368,True,True,True,False,1785024777.3939927,0,0,1,0,False
1784849457.3002179,20,1785024826.5091865,37.53452353704128,0.7368642710002288,37.06454566262303,True,37.5,36.5,38.6,0.95,0.05,0.0,0.7,0.03,2,1785024836.5365016,True,False,True,False,1785024777.3939927,0,False,0,0,False
1784849457.3002179,20,1785024846.5155883,37.52384222171359,0.7365209430075532,37.096589608606095,True,37.5,36.5,38.6,0.95,0.05,0.0,0.7,0.03,2,1785024856.5425255,True,False,True,False,1785024777.3939927,0,False,0,0,False
1784849457.3002179,20,1785024866.5220797,37.52918287937743,0.7368642710002288,37.09391927977417,True,37.5,36.5,38.6,0.95,0.05,0.0,0.7,0.03,2,1785024876.5495431,True,True,True,False,1785024777.3939927,0,False,0,0,False
1784849457.3002179,20,1785024886.5283737,37.50514991989013,0.7366544594491493,37.08056763561456,True,37.5,36.5,38.6,0.95,0.05,0.0,0.7,0.03,2,1785024896.5580726,True,False,True,False,1785024777.3939927,0,False,0,0,False
1784849457.3002179,20,1785024906.5346425,37.489127946898606,0.7368261234454871,37.08056763561456,True,37.5,36.5,38.6,0.95,0.05,0.0,0.7,0.03,2,1785024916.561853,True,False,True,False,1785024777.3939927,0,0,1,0,False
1784849457.3002179,20,1785024926.540872,37.47844663157092,0.7366735332265202,37.05653467612726,True,37.5,36.5,38.6,0.95,0.05,0.0,0.7,0.03,2,1785024936.5705607,True,False,True,False,1785024777.3939927,0,0,1,0,False
1784849457.3002179,20,1785024946.5476153,37.46242465857938,0.7365972381170367,37.053864347295345,True,37.5,36.5,38.6,0.95,0.05,0.0,0.7,0.03,2,1785024956.5748541,True,False,True,True,1785024957.3940072,0,0,1,0,False
1784849457.3002179,20,1785024966.5538661,37.46776531624323,0.7363492790112154,37.05653467612726,True,37.5,36.5,38.6,0.95,0.05,0.0,0.7,0.03,2,1785024976.581211,True,False,True,True,1785024957.3940072,0,0,1,0,False
1784849457.3002179,20,1785024986.5600436,37.49713893339437,0.7367498283360037,37.053864347295345,True,37.5,36.5,38.6,0.95,0.05,0.0,0.7,0.03,2,1785024996.5898278,True,True,True,False,1785024957.3940072,0,0,1,0,False
1784849457.3002179,20,1785025006.5668652,37.52918287937743,0.7366353856717783,37.07522697795072,True,37.5,36.5,38.6,0.95,0.05,0.0,0.7,0.03,2,1785025016.5954132,True,False,True,False,1785024957.3940072,0,False,0,0,False
1784849457.3002179,20,1785025026.573945,37.507820248722055,0.7365209430075532,37.053864347295345,True,37.5,36.5,38.6,0.95,0.05,0.0,0.7,0.03,2,1785025036.6010618,True,False,True,False,1785024957.3940072,0,False,0,0,False
1784849457.3002179,20,1785025046.5803769,37.51850156404974,0.7365781643396658,37.08056763561456,True,37.5,36.5,38.6,0.95,0.05,0.0,0.7,0.03,2,1785025056.6075637,True,False,True,False,1785024957.3940072,0,False,0,0,False
1784849457.3002179,20,1785025066.5873768,37.49713893339437,0.7365018692301823,37.08323796444648,True,37.5,36.5,38.6,0.95,0.05,0.0,0.7,0.03,2,1785025076.6161373,True,False,True,False,1785024957.3940072,0,0,1,0,False
1784849457.3002179,20,1785025086.5943217,37.489127946898606,0.7366353856717783,37.06454566262303,True,37.5,36.5,38.6,0.95,0.05,0.0,0.7,0.03,2,1785025096.6239214,True,True,True,False,1785024957.3940072,0,0,1,0,False
1784849457.3002179,20,1785025106.6004677,37.47844663157092,0.7366735332265202,37.06454566262303,True,37.5,36.5,38.6,0.95,0.05,0.0,0.7,0.03,2,1785025116.6280067,True,True,True,False,1785024957.3940072,0,0,1,0,False
1784849457.3002179,20,1785025126.6066754,37.49980926222629,0.7365972381170367,37.05119401846342,True,37.5,36.5,38.6,0.95,0.05,0.0,0.7,0.03,2,1785025136.6344752,True,False,True,True,1785025137.394016,0,0,1,0,False
1784849457.3002179,20,1785025146.6128726,37.483787289234755,0.7366353856717783,37.06988632028687,True,37.5,36.5,38.6,0.95,0.05,0.0,0.7,0.03,2,1785025156.6402805,True,False,True,True,1785025137.394016,0,0,1,0,False
1784849457.3002179,20,1785025166.619135,37.489127946898606,0.7366353856717783,37.072556649118795,True,37.5,36.5,38.6,0.95,0.05,0.0,0.7,0.03,2,1785025176.6465945,True,True,True,False,1785025137.394016,0,0,1,0,False
1784849457.3002179,20,1785025186.6253362,37.53986419470512,0.7368070496681163,37.08056763561456,True,37.5,36.5,38.6,0.95,0.05,0.0,0.7,0.03,2,1785025196.6527824,True,False,True,False,1785025137.394016,0,False,0,0,False
1784849457.3002179,20,1785025206.6317222,37.54520485236897,0.7367116807812618,37.07522697795072,True,37.5,36.5,38.6,0.95,0.05,0.0,0.7,0.03,2,1785025216.65914,True,False,True,False,1785025137.394016,0,False,0,0,False
1784849457.3002179,20,1785025226.6380498,37.53452353704128,0.7368642710002288,37.10727092393378,True,37.5,36.5,38.6,0.95,0.05,0.0,0.7,0.03,2,1785025236.6652575,True,True,True,False,1785025137.394016,0,False,0,0,False
1784849457.3002179,20,1785025246.6444373,37.507820248722055,0.7366353856717783,37.06988632028687,True,37.5,36.5,38.6,0.95,0.05,0.0,0.7,0.03,2,1785025256.6714895,True,True,True,False,1785025137.394016,0,False,0,0,False
1784849457.3002179,20,1785025266.6513395,37.49179827573053,0.7366735332265202,37.05653467612726,True,37.5,36.5,38.6,0.95,0.05,0.0,0.7,0.03,2,1785025276.6797392,True,True,True,False,1785025137.394016,0,0,1,0,False
1784849457.3002179,20,1785025286.6588478,37.47310597390707,0.7364255741206989,37.04318303196766,True,37.5,36.5,38.6,0.95,0.05,0.0,0.7,0.03,2,1785025296.6907167,True,False,True,False,1785025137.394016,0,0,1,0,False
1784849457.3002179,20,1785025306.6663988,37.446402685587856,0.7364637216754406,37.03784237430381,True,37.5,36.5,38.6,0.95,0.05,0.0,0.7,0.03,2,1785025316.6980917,True,False,True,True,1785025317.3940268,0,0,1,0,False
1784849457.3002179,20,1785025326.673371,37.47844663157092,0.7367116807812618,37.029831387808045,True,37.5,36.5,38.6,0.95,0.05,0.0,0.7,0.03,2,1785025336.700658,True,False,True,True,1785025317.3940268,0,0,1,0,False
1784849457.3002179,20,1785025346.6796823,37.489127946898606,0.7365018692301823,37.04318303196766,True,37.5,36.5,38.6,0.95,0.05,0.0,0.7,0.03,2,1785025356.7070951,True,True,True,False,1785025317.3940268,0,0,1,0,False
1784849457.3002179,20,1785025366.6859345,37.51049057755398,0.7365400167849241,37.05119401846342,True,37.5,36.5,38.6,0.95,0.05,0.0,0.7,0.03,2,1785025376.7157207,True,True,True,False,1785025317.3940268,0,False,0,0,False
1784849457.3002179,20,1785025386.6923275,37.513160906385906,0.7366735332265202,37.08056763561456,True,37.5,36.5,38.6,0.95,0.05,0.0,0.7,0.03,2,1785025396.7194538,True,True,True,False,1785025317.3940268,0,False,0,0,False
1784849457.3002179,20,1785025406.6986396,37.49713893339437,0.7364446478980697,37.04318303196766,True,37.5,36.5,38.6,0.95,0.05,0.0,0.7,0.03,2,1785025416.7264771,True,False,True,False,1785025317.3940268,0,0,1,0,False
1784849457.3002179,20,1785025426.7049224,37.507820248722055,0.7365400167849241,37.07522697795072,True,37.5,36.5,38.6,0.95,0.05,0.0,0.7,0.03,2,1785025436.7323072,True,False,True,False,1785025317.3940268,0,False,0,0,False
1784849457.3002179,20,1785025446.7112925,37.49179827573053,0.7368261234454871,37.04318303196766,True,37.5,36.5,38.6,0.95,0.05,0.0,0.7,0.03,2,1785025456.7388432,True,False,True,False,1785025317.3940268,0,0,1,0,False
1784849457.3002179,20,1785025466.7176378,37.49713893339437,0.7367116807812618,37.07789730678263,True,37.5,36.5,38.6,0.95,0.05,0.0,0.7,0.03,2,1785025476.745072,True,False,True,False,1785025317.3940268,0,0,1,0,False
1784849457.3002179,20,1785025486.724519,37.49980926222629,0.7365209430075532,37.06454566262303,True,37.5,36.5,38.6,0.95,0.05,0.0,0.7,0.03,2,1785025496.7530735,True,True,True,True,1785025497.3940558,0,0,1,0,False
1784849457.3002179,20,1785025506.7320895,37.531853208209355,0.7365209430075532,37.08056763561456,True,37.5,36.5,38.6,0.95,0.05,0.0,0.7,0.03,2,1785025516.760412,True,True,True,True,1785025497.3940558,0,False,0,0,False
1784849457.3002179,20,1785025526.739896,37.531853208209355,0.736692607003891,37.08323796444648,True,37.5,36.5,38.6,0.95,0.05,0.0,0.7,0.03,2,1785025536.7685583,True,True,True,False,1785025497.3940558,0,False,0,0,False
1784849457.3002179,20,1785025546.7476614,37.51049057755398,0.7365972381170367,37.10193026626993,True,37.5,36.5,38.6,0.95,0.05,0.0,0.7,0.03,2,1785025556.7762249,True,True,True,False,1785025497.3940558,0,False,0,0,False
1784849457.3002179,20,1785025566.7547226,37.50514991989013,0.7368261234454871,37.08323796444648,True,37.5,36.5,38.6,0.95,0.05,0.0,0.7,0.03,2,1785025576.7817101,True,False,True,False,1785025497.3940558,0,False,0,0,False
1784849457.3002179,20,1785025586.7616491,37.49713893339437,0.7364065003433279,37.06988632028687,True,37.5,36.5,38.6,0.95,0.05,0.0,0.7,0.03,2,1785025596.791126,True,True,True,False,1785025497.3940558,0,0,1,0,False
1784849457.3002179,20,1785025606.7688084,37.47577630273899,0.7365972381170367,37.04318303196766,True,37.5,36.5,38.6,0.95,0.05,0.0,0.7,0.03,2,1785025616.8021255,True,False,True,False,1785025497.3940558,0,0,1,0,False
1784849457.3002179,20,1785025626.775112,37.465094987411305,0.7364446478980697,37.03250171663997,True,37.5,36.5,38.6,0.95,0.05,0.0,0.7,0.03,2,1785025636.8028078,True,True,True,False,1785025497.3940558,0,0,1,0,False
1784849457.3002179,20,1785025646.7814553,37.51850156404974,0.7364637216754406,37.06988632028687,True,37.5,36.5,38.6,0.95,0.05,0.0,0.7,0.03,2,1785025656.8108938,True,False,True,False,1785025497.3940558,0,False,0,0,False
1784849457.3002179,20,1785025666.7884383,37.51850156404974,0.7363874265659571,37.08323796444648,True,37.5,36.5,38.6,0.95,0.05,0.0,0.7,0.03,2,1785025676.8165693,True,False,True,True,1785025677.3940892,0,False,0,0,False
1784849457.3002179,20,1785025686.7955308,37.50514991989013,0.7363683527885863,37.05920500495918,True,37.5,36.5,38.6,0.95,0.05,0.0,0.7,0.03,2,1785025696.824558,True,False,True,True,1785025677.3940892,0,False,0,0,False
1784849457.3002179,20,1785025706.802047,37.46776531624323,0.7361585412375067,37.04318303196766,True,37.5,36.5,38.6,0.95,0.05,0.0,0.7,0.03,2,1785025716.8296704,True,True,True,False,1785025677.3940892,0,0,1,0,False
1784849457.3002179,20,1785025726.8089008,37.47844663157092,0.7367116807812618,37.04051270313573,True,37.5,36.5,38.6,0.95,0.05,0.0,0.7,0.03,2,1785025736.842096,True,True,True,False,1785025677.3940892,0,0,1,0,False
1784849457.3002179,20,1785025746.8168108,37.49446860456244,0.7367307545586328,37.02716105897612,True,37.5,36.5,38.6,0.95,0.05,0.0,0.7,0.03,2,1785025756.8451717,True,False,True,False,1785025677.3940892,0,0,1,0,False
1784849457.3002179,20,1785025766.8236635,37.51049057755398,0.7364827954528114,37.029831387808045,True,37.5,36.5,38.6,0.95,0.05,0.0,0.7,0.03,2,1785025776.8513596,True,True,True,False,1785025677.3940892,0,False,0,0,False
1784849457.3002179,20,1785025786.8300202,37.52384222171359,0.7364065003433279,37.05920500495918,True,37.5,36.5,38.6,0.95,0.05,0.0,0.7,0.03,2,1785025796.8570974,True,False,True,False,1785025677.3940892,0,False,0,0,False
1784849457.3002179,20,1785025806.8364255,37.49713893339437,0.7362348363469902,37.08056763561456,True,37.5,36.5,38.6,0.95,0.05,0.0,0.7,0.03,2,1785025816.8671916,True,True,True,False,1785025677.3940892,0,0,1,0,False
1784849457.3002179,20,1785025826.8460011,37.51850156404974,0.7365781643396658,37.096589608606095,True,37.5,36.5,38.6,0.95,0.05,0.0,0.7,0.03,2,1785025836.8729138,True,True,True,False,1785025677.3940892,0,False,0,0,False
1784849457.3002179,20,1785025846.8523653,37.507820248722055,0.7363874265659571,37.06454566262303,True,37.5,36.5,38.6,0.95,0.05,0.0,0.7,0.03,2,1785025856.8793666,True,True,True,True,1785025857.394116,0,False,0,0,False
1784849457.3002179,20,1785025866.8588417,37.45975432974747,0.7363302052338444,37.029831387808045,True,37.5,36.5,38.6,0.95,0.05,0.0,0.7,0.03,2,1785025876.8864048,True,False,True,True,1785025857.394116,0,0,1,0,False
1784849457.3002179,20,1785025886.8650289,37.46776531624323,0.7364446478980697,37.02182040131228,True,37.5,36.5,38.6,0.95,0.05,0.0,0.7,0.03,2,1785025896.8963315,True,True,True,False,1785025857.394116,0,0,1,0,False
1784849457.3002179,20,1785025906.8720846,37.46242465857938,0.7366353856717783,37.03784237430381,True,37.5,36.5,38.6,0.95,0.05,0.0,0.7,0.03,2,1785025916.900446,True,False,True,False,1785025857.394116,0,0,1,0,False
1784849457.3002179,20,1785025926.879664,37.49446860456244,0.7363302052338444,37.067215991454944,True,37.5,36.5,38.6,0.95,0.05,0.0,0.7,0.03,2,1785025936.9101915,True,True,True,False,1785025857.394116,0,0,1,0,False
1784849457.3002179,20,1785025946.8872294,37.52117189288167,0.736692607003891,37.05920500495918,True,37.5,36.5,38.6,0.95,0.05,0.0,0.7,0.03,2,1785025956.9174867,True,False,True,False,1785025857.394116,0,False,0,0,False
1784849457.3002179,20,1785025966.894912,37.531853208209355,0.7367116807812618,37.08323796444648,True,37.5,36.5,38.6,0.95,0.05,0.0,0.7,0.03,2,1785025976.9234653,True,True,True,False,1785025857.394116,0,False,0,0,False
1784849457.3002179,20,1785025986.901814,37.52918287937743,0.7365972381170367,37.08590829327841,True,37.5,36.5,38.6,0.95,0.05,0.0,0.7,0.03,2,1785025996.9289312,True,True,True,False,1785025857.394116,0,False,0,0,False
1784849457.3002179,20,1785026006.9088457,37.51850156404974,0.736692607003891,37.06454566262303,True,37.5,36.5,38.6,0.95,0.05,0.0,0.7,0.03,2,1785026016.9487133,True,True,True,False,1785025857.394116,0,False,0,0,False
1784849457.3002179,20,1785026026.9159327,37.47577630273899,0.7362157625696193,37.053864347295345,True,37.5,36.5,38.6,0.95,0.05,0.0,0.7,0.03,2,1785026036.9448636,True,False,True,True,1785026037.394154,0,0,1,0,False
1784849457.3002179,20,1785026046.9228358,37.470435645075156,0.7363302052338444,37.02716105897612,True,37.5,36.5,38.6,0.95,0.05,0.0,0.7,0.03,2,1785026056.9508433,True,True,True,True,1785026037.394154,0,0,1,0,False
1784849457.3002179,20,1785026066.9303198,37.43305104142824,0.7360250247959105,37.029831387808045,True,37.5,36.5,38.6,0.95,0.05,0.0,0.7,0.03,2,1785026076.9614494,True,False,True,False,1785026037.394154,0,0,1,0,False
1784849457.3002179,20,1785026086.9373868,37.47844663157092,0.7364255741206989,37.01647974364843,True,37.5,36.5,38.6,0.95,0.05,0.0,0.7,0.03,2,1785026096.964806,True,True,True,False,1785026037.394154,0,0,1,0,False
1784849457.3002179,20,1785026106.94424,37.51049057755398,0.7366735332265202,37.048523689631494,True,37.5,36.5,38.6,0.95,0.05,0.0,0.7,0.03,2,1785026116.9720616,True,False,True,False,1785026037.394154,0,False,0,0,False
1784849457.3002179,20,1785026126.9515002,37.49980926222629,0.7366544594491493,37.05653467612726,True,37.5,36.5,38.6,0.95,0.05,0.0,0.7,0.03,2,1785026136.982222,True,False,True,False,1785026037.394154,0,0,1,0,False
1784849457.3002179,20,1785026146.9578269,37.51049057755398,0.7365209430075532,37.08056763561456,True,37.5,36.5,38.6,0.95,0.05,0.0,0.7,0.03,2,1785026156.9862418,True,True,True,False,1785026037.394154,0,False,0,0,False
1784849457.3002179,20,1785026166.9647946,37.526512550545505,0.7365018692301823,37.067215991454944,True,37.5,36.5,38.6,0.95,0.05,0.0,0.7,0.03,2,1785026176.9951653,True,False,True,False,1785026037.394154,0,False,0,0,False
1784849457.3002179,20,1785026186.9711761,37.49713893339437,0.7366544594491493,37.08056763561456,True,37.5,36.5,38.6,0.95,0.05,0.0,0.7,0.03,2,1785026196.9990897,True,True,True,False,1785026037.394154,0,0,1,0,False
1784849457.3002179,20,1785026206.978007,37.49713893339437,0.7362729839017319,37.053864347295345,True,37.5,36.5,38.6,0.95,0.05,0.0,0.7,0.03,2,1785026217.0056365,True,True,True,True,1785026217.3941727,0,0,1,0,False
1784849457.3002179,20,1785026226.984881,37.470435645075156,0.7363874265659571,37.04318303196766,True,37.5,36.5,38.6,0.95,0.05,0.0,0.7,0.03,2,1785026237.0121717,True,True,True,True,1785026217.3941727,0,0,1,0,False
1784849457.3002179,20,1785026246.9913564,37.48645761806668,0.7365781643396658,37.04318303196766,True,37.5,36.5,38.6,0.95,0.05,0.0,0.7,0.03,2,1785026257.0200653,True,True,True,False,1785026217.3941727,0,0,1,0,False
1784849457.3002179,20,1785026266.9981883,37.507820248722055,0.7362539101243609,37.05119401846342,True,37.5,36.5,38.6,0.95,0.05,0.0,0.7,0.03,2,1785026277.0258634,True,True,True,False,1785026217.3941727,0,False,0,0,False
1784849457.3002179,20,1785026287.0057304,37.56389715419242,0.7365209430075532,37.05920500495918,True,37.5,36.5,38.6,0.95,0.05,0.0,0.7,0.03,2,1785026297.0343745,True,False,True,False,1785026217.3941727,0,False,0,0,False
1784849457.3002179,20,1785026307.013385,37.53719386587319,0.7364255741206989,37.091248950942244,True,37.5,36.5,38.6,0.95,0.05,0.0,0.7,0.03,2,1785026317.0410006,True,False,True,False,1785026217.3941727,0,False,0,0,False
1784849457.3002179,20,1785026327.0203874,37.50514991989013,0.7365590905622948,37.06187533379111,True,37.5,36.5,38.6,0.95,0.05,0.0,0.7,0.03,2,1785026337.049394,True,False,True,False,1785026217.3941727,0,False,0,0,False
1784849457.3002179,20,1785026347.0267394,37.489127946898606,0.7363111314564736,37.05920500495918,True,37.5,36.5,38.6,0.95,0.05,0.0,0.7,0.03,2,1785026357.0556593,True,True,True,False,1785026217.3941727,0,0,1,0,False
1784849457.3002179,20,1785026367.0331917,37.489127946898606,0.7363683527885863,37.04051270313573,True,37.5,36.5,38.6,0.95,0.05,0.0,0.7,0.03,2,1785026377.0643156,True,False,True,False,1785026217.3941727,0,0,1,0,False
1784849457.3002179,20,1785026387.0397577,37.48645761806668,0.7362539101243609,37.053864347295345,True,37.5,36.5,38.6,0.95,0.05,0.0,0.7,0.03,2,1785026397.0672247,True,False,True,True,1785026397.39426,0,0,1,0,False
1784849457.3002179,20,1785026407.0467641,37.49713893339437,0.7365781643396658,37.04318303196766,True,37.5,36.5,38.6,0.95,0.05,0.0,0.7,0.03,2,1785026417.0758457,True,False,True,True,1785026397.39426,0,0,1,0,False
1784849457.3002179,20,1785026427.0536888,37.52384222171359,0.7362157625696193,37.07522697795072,True,37.5,36.5,38.6,0.95,0.05,0.0,0.7,0.03,2,1785026437.081066,True,False,True,False,1785026397.39426,0,False,0,0,False
1784849457.3002179,20,1785026447.0600362,37.550545510032805,0.7365590905622948,37.08056763561456,True,37.5,36.5,38.6,0.95,0.05,0.0,0.7,0.03,2,1785026457.0915542,True,False,True,False,1785026397.39426,0,False,0,0,False
1784849457.3002179,20,1785026467.0663617,37.550545510032805,0.7364255741206989,37.08323796444648,True,37.5,36.5,38.6,0.95,0.05,0.0,0.7,0.03,2,1785026477.0949826,True,False,True,False,1785026397.39426,0,False,0,0,False
1784849457.3002179,20,1785026487.0726492,37.54253452353704,0.7363302052338444,37.08056763561456,True,37.5,36.5,38.6,0.95,0.05,0.0,0.7,0.03,2,1785026497.103756,True,True,True,False,1785026397.39426,0,False,0,0,False
1784849457.3002179,20,1785026507.0790095,37.51049057755398,0.7364827954528114,37.053864347295345,True,37.5,36.5,38.6,0.95,0.05,0.0,0.7,0.03,2,1785026517.113607,True,True,True,False,1785026397.39426,0,False,0,0,False
1784849457.3002179,20,1785026527.0852869,37.47844663157092,0.7362348363469902,37.04585336079957,True,37.5,36.5,38.6,0.95,0.05,0.0,0.7,0.03,2,1785026537.1123114,True,False,True,False,1785026397.39426,0,0,1,0,False
1784849457.3002179,20,1785026547.0916083,37.46776531624323,0.7363683527885863,37.02716105897612,True,37.5,36.5,38.6,0.95,0.05,0.0,0.7,0.03,2,1785026557.1226532,True,True,True,False,1785026397.39426,0,0,1,0,False
1784849457.3002179,20,1785026567.0979388,37.45708400091554,0.7362920576791028,37.04051270313573,True,37.5,36.5,38.6,0.95,0.05,0.0,0.7,0.03,2,1785026577.1266196,True,False,True,True,1785026577.3943448,0,0,1,0,False
1784849457.3002179,20,1785026587.1043558,37.481116960402844,0.7364255741206989,37.04318303196766,True,37.5,36.5,38.6,0.95,0.05,0.0,0.7,0.03,2,1785026597.1334436,True,True,True,True,1785026577.3943448,0,0,1,0,False
1784849457.3002179,20,1785026607.1106312,37.49713893339437,0.7363492790112154,37.02182040131228,True,37.5,36.5,38.6,0.95,0.05,0.0,0.7,0.03,2,1785026617.13871,True,False,True,False,1785026577.3943448,0,0,1,0,False
1784849457.3002179,20,1785026627.1175554,37.550545510032805,0.7361966887922484,37.053864347295345,True,37.5,36.5,38.6,0.95,0.05,0.0,0.7,0.03,2,1785026637.1463714,True,True,True,False,1785026577.3943448,0,False,0,0,False
1784849457.3002179,20,1785026647.1253538,37.54520485236897,0.7364446478980697,37.06988632028687,True,37.5,36.5,38.6,0.95,0.05,0.0,0.7,0.03,2,1785026657.154605,True,False,True,False,1785026577.3943448,0,False,0,0,False
1784849457.3002179,20,1785026667.1324205,37.52918287937743,0.7360440985732815,37.07789730678263,True,37.5,36.5,38.6,0.95,0.05,0.0,0.7,0.03,2,1785026677.1621673,True,False,True,False,1785026577.3943448,0,False,0,0,False
1784849457.3002179,20,1785026687.1387205,37.531853208209355,0.7363302052338444,37.06454566262303,True,37.5,36.5,38.6,0.95,0.05,0.0,0.7,0.03,2,1785026697.1680496,True,True,True,False,1785026577.3943448,0,False,0,0,False
1784849457.3002179,20,1785026707.1457381,37.50514991989013,0.7363111314564736,37.06454566262303,True,37.5,36.5,38.6,0.95,0.05,0.0,0.7,0.03,2,1785026717.1741097,True,False,True,False,1785026577.3943448,0,False,0,0,False
1784849457.3002179,20,1785026727.1528196,37.489127946898606,0.7362348363469902,37.04051270313573,True,37.5,36.5,38.6,0.95,0.05,0.0,0.7,0.03,2,1785026737.185563,True,False,True,False,1785026577.3943448,0,0,1,0,False
1784849457.3002179,20,1785026747.159781,37.46242465857938,0.7364255741206989,37.03250171663997,True,37.5,36.5,38.6,0.95,0.05,0.0,0.7,0.03,2,1785026757.187764,True,False,True,True,1785026757.3943853,0,0,1,0,False
1784849457.3002179,20,1785026767.1672797,37.45174334325169,0.7362348363469902,37.01915007248036,True,37.5,36.5,38.6,0.95,0.05,0.0,0.7,0.03,2,1785026777.1975646,True,True,True,True,1785026757.3943853,0,0,1,0,False
1784849457.3002179,20,1785026787.1748533,37.465094987411305,0.7363683527885863,37.02182040131228,True,37.5,36.5,38.6,0.95,0.05,0.0,0.7,0.03,2,1785026797.2039173,True,True,True,False,1785026757.3943853,0,0,1,0,False
1784849457.3002179,20,1785026807.1823096,37.48645761806668,0.7364255741206989,37.06454566262303,True,37.5,36.5,38.6,0.95,0.05,0.0,0.7,0.03,2,1785026817.2140486,True,False,True,False,1785026757.3943853,0,0,1,0,False
1784849457.3002179,20,1785026827.189613,37.52918287937743,0.7364255741206989,37.06454566262303,True,37.5,36.5,38.6,0.95,0.05,0.0,0.7,0.03,2,1785026837.2270107,True,False,True,False,1785026757.3943853,0,False,0,0,False
1784849457.3002179,20,1785026847.196318,37.550545510032805,0.7364255741206989,37.06454566262303,True,37.5,36.5,38.6,0.95,0.05,0.0,0.7,0.03,2,1785026857.2234986,True,True,True,False,1785026757.3943853,0,False,0,0,False
1784849457.3002179,20,1785026867.2028315,37.52384222171359,0.7362920576791028,37.07789730678263,True,37.5,36.5,38.6,0.95,0.05,0.0,0.7,0.03,2,1785026877.244152,True,True,True,False,1785026757.3943853,0,False,0,0,False
1784849457.3002179,20,1785026887.2092087,37.50514991989013,0.7361394674601358,37.06454566262303,True,37.5,36.5,38.6,0.95,0.05,0.0,0.7,0.03,2,1785026897.2402864,True,True,True,False,1785026757.3943853,0,False,0,0,False
1784849457.3002179,20,1785026907.2158244,37.489127946898606,0.7362157625696193,37.04318303196766,True,37.5,36.5,38.6,0.95,0.05,0.0,0.7,0.03,2,1785026917.2442734,True,True,True,False,1785026757.3943853,0,0,1,0,False
1784849457.3002179,20,1785026927.2220078,37.47310597390707,0.7365781643396658,37.029831387808045,True,37.5,36.5,38.6,0.95,0.05,0.0,0.7,0.03,2,1785026937.2518415,True,False,True,True,1785026937.3944244,0,0,1,0,False
1784849457.3002179,20,1785026947.228983,37.46242465857938,0.7362729839017319,37.03784237430381,True,37.5,36.5,38.6,0.95,0.05,0.0,0.7,0.03,2,1785026957.256211,True,False,True,True,1785026937.3944244,0,0,1,0,False
1784849457.3002179,20,1785026967.235362,37.46242465857938,0.7363683527885863,37.029831387808045,True,37.5,36.5,38.6,0.95,0.05,0.0,0.7,0.03,2,1785026977.268922,True,False,True,False,1785026937.3944244,0,0,1,0,False
1784849457.3002179,20,1785026987.2416584,37.49179827573053,0.7364446478980697,37.02716105897612,True,37.5,36.5,38.6,0.95,0.05,0.0,0.7,0.03,2,1785026997.2726521,True,False,True,False,1785026937.3944244,0,0,1,0,False
1784849457.3002179,20,1785027007.248014,37.513160906385906,0.7365400167849241,37.048523689631494,True,37.5,36.5,38.6,0.95,0.05,0.0,0.7,0.03,2,1785027017.2756655,True,True,True,False,1785026937.3944244,0,False,0,0,False
1784849457.3002179,20,1785027027.254532,37.52384222171359,0.7363302052338444,37.08056763561456,True,37.5,36.5,38.6,0.95,0.05,0.0,0.7,0.03,2,1785027037.2842824,True,True,True,False,1785026937.3944244,0,False,0,0,False
1784849457.3002179,20,1785027047.2608652,37.507820248722055,0.7361966887922484,37.05920500495918,True,37.5,36.5,38.6,0.95,0.05,0.0,0.7,0.03,2,1785027057.2887578,True,False,True,False,1785026937.3944244,0,False,0,0,False
1784849457.3002179,20,1785027067.2673354,37.49713893339437,0.7365209430075532,37.05119401846342,True,37.5,36.5,38.6,0.95,0.05,0.0,0.7,0.03,2,1785027077.295531,True,False,True,False,1785026937.3944244,0,0,1,0,False
1784849457.3002179,20,1785027087.2740192,37.47844663157092,0.7360059510185397,37.02182040131228,True,37.5,36.5,38.6,0.95,0.05,0.0,0.7,0.03,2,1785027097.30259,True,False,True,False,1785026937.3944244,0,0,1,0,False
1784849457.3002179,20,1785027107.2806637,37.47844663157092,0.7364446478980697,37.048523689631494,True,37.5,36.5,38.6,0.95,0.05,0.0,0.7,0.03,2,1785027117.310234,True,False,True,True,1785027117.394437,0,0,1,0,False
1784849457.3002179,20,1785027127.2869668,37.51049057755398,0.7363302052338444,37.04585336079957,True,37.5,36.5,38.6,0.95,0.05,0.0,0.7,0.03,2,1785027137.3144283,True,False,True,True,1785027117.394437,0,False,0,0,False
1784849457.3002179,20,1785027147.2933638,37.47310597390707,0.7364637216754406,37.02716105897612,True,37.5,36.5,38.6,0.95,0.05,0.0,0.7,0.03,2,1785027157.320318,True,True,True,False,1785027117.394437,0,0,1,0,False
1784849457.3002179,20,1785027167.2996666,37.47310597390707,0.7362157625696193,37.029831387808045,True,37.5,36.5,38.6,0.95,0.05,0.0,0.7,0.03,2,1785027177.3266046,True,True,True,False,1785027117.394437,0,0,1,0,False
1784849457.3002179,20,1785027187.3058276,37.49713893339437,0.7363111314564736,37.053864347295345,True,37.5,36.5,38.6,0.95,0.05,0.0,0.7,0.03,2,1785027197.3334835,True,False,True,False,1785027117.394437,0,0,1,0,False
1784849457.3002179,20,1785027207.312052,37.52384222171359,0.7361966887922484,37.04318303196766,True,37.5,36.5,38.6,0.95,0.05,0.0,0.7,0.03,2,1785027217.3395336,True,True,True,False,1785027117.394437,0,False,0,0,False
1784849457.3002179,20,1785027227.318479,37.53452353704128,0.7361203936827649,37.05920500495918,True,37.5,36.5,38.6,0.95,0.05,0.0,0.7,0.03,2,1785027237.3482916,True,False,True,False,1785027117.394437,0,False,0,0,False
1784849457.3002179,20,1785027247.3247833,37.52384222171359,0.7363302052338444,37.06454566262303,True,37.5,36.5,38.6,0.95,0.05,0.0,0.7,0.03,2,1785027257.353258,True,True,True,False,1785027117.394437,0,False,0,0,False
1784849457.3002179,20,1785027267.332093,37.48645761806668,0.7362920576791028,37.067215991454944,True,37.5,36.5,38.6,0.95,0.05,0.0,0.7,0.03,2,1785027277.3631303,True,True,True,False,1785027117.394437,0,0,1,0,False
1784849457.3002179,20,1785027287.3396425,37.49980926222629,0.7362348363469902,37.053864347295345,True,37.5,36.5,38.6,0.95,0.05,0.0,0.7,0.03,2,1785027297.3674476,True,False,True,True,1785027297.3944612,0,0,1,0,False
1784849457.3002179,20,1785027307.3465571,37.49446860456244,0.7361585412375067,37.04318303196766,True,37.5,36.5,38.6,0.95,0.05,0.0,0.7,0.03,2,1785027317.3800619,True,False,True,True,1785027297.3944612,0,0,1,0,False
1784849457.3002179,20,1785027327.3535461,37.49980926222629,0.7361394674601358,37.03517204547188,True,37.5,36.5,38.6,0.95,0.05,0.0,0.7,0.03,2,1785027337.3850107,True,True,True,False,1785027297.3944612,0,0,1,0,False
1784849457.3002179,20,1785027347.3639796,37.526512550545505,0.7359296559090562,37.06988632028687,True,37.5,36.5,38.6,0.95,0.05,0.0,0.7,0.03,2,1785027357.3918195,True,True,True,False,1785027297.3944612,0,False,0,0,False
1784849457.3002179,20,1785027367.3710759,37.53719386587319,0.7364637216754406,37.067215991454944,True,37.5,36.5,38.6,0.95,0.05,0.0,0.7,0.03,2,1785027377.398077,True,False,True,False,1785027297.3944612,0,False,0,0,False
1784849457.3002179,20,1785027387.3776054,37.513160906385906,0.7361776150148774,37.06454566262303,True,37.5,36.5,38.6,0.95,0.05,0.0,0.7,0.03,2,1785027397.407549,True,True,True,False,1785027297.3944612,0,False,0,0,False
1784849457.3002179,20,1785027407.3839216,37.481116960402844,0.7363111314564736,37.03250171663997,True,37.5,36.5,38.6,0.95,0.05,0.0,0.7,0.03,2,1785027417.4115677,True,False,True,False,1785027297.3944612,0,0,1,0,False
1784849457.3002179,20,1785027427.3901975,37.48645761806668,0.7361776150148774,37.01647974364843,True,37.5,36.5,38.6,0.95,0.05,0.0,0.7,0.03,2,1785027437.417608,True,True,True,False,1785027297.3944612,0,0,1,0,False
1784849457.3002179,20,1785027447.3964162,37.50247959105822,0.7360250247959105,37.03250171663997,True,37.5,36.5,38.6,0.95,0.05,0.0,0.7,0.03,2,1785027457.4240186,True,True,True,False,1785027297.3944612,0,False,0,0,False
1784849457.3002179,20,1785027467.403793,37.50247959105822,0.7362920576791028,37.04585336079957,True,37.5,36.5,38.6,0.95,0.05,0.0,0.7,0.03,2,1785027477.431778,True,True,True,True,1785027477.3944635,0,False,0,0,False
1784849457.3002179,20,1785027487.4107099,37.49980926222629,0.7362348363469902,37.02716105897612,True,37.5,36.5,38.6,0.95,0.05,0.0,0.7,0.03,2,1785027497.438522,True,True,True,False,1785027477.3944635,0,0,1,0,False
1784849457.3002179,20,1785027507.4170358,37.46242465857938,0.7361585412375067,37.02716105897612,True,37.5,36.5,38.6,0.95,0.05,0.0,0.7,0.03,2,1785027517.4446213,True,True,True,False,1785027477.3944635,0,0,1,0,False
1784849457.3002179,20,1785027527.4233203,37.47310597390707,0.7361203936827649,37.024490730144194,True,37.5,36.5,38.6,0.95,0.05,0.0,0.7,0.03,2,1785027537.450786,True,False,True,False,1785027477.3944635,0,0,1,0,False
1784849457.3002179,20,1785027547.4295888,37.50514991989013,0.7365590905622948,37.053864347295345,True,37.5,36.5,38.6,0.95,0.05,0.0,0.7,0.03,2,1785027557.4569833,True,False,True,False,1785027477.3944635,0,False,0,0,False
1784849457.3002179,20,1785027567.4359572,37.50514991989013,0.7363492790112154,37.024490730144194,True,37.5,36.5,38.6,0.95,0.05,0.0,0.7,0.03,2,1785027577.468284,True,True,True,False,1785027477.3944635,0,False,0,0,False
1784849457.3002179,20,1785027587.4426186,37.513160906385906,0.7361203936827649,37.03784237430381,True,37.5,36.5,38.6,0.95,0.05,0.0,0.7,0.03,2,1785027597.4702911,True,False,True,False,1785027477.3944635,0,False,0,0,False
1784849457.3002179,20,1785027607.4496608,37.47577630273899,0.7362157625696193,37.053864347295345,True,37.5,36.5,38.6,0.95,0.05,0.0,0.7,0.03,2,1785027617.4778345,False,True,True,False,1785027477.3944635,0,0,1,0,False
1784849457.3002179,20,1785027627.4573398,37.44907301441978,0.7357770656900893,37.01647974364843,True,37.5,36.5,38.6,0.95,0.05,0.0,0.7,0.03,2,1785027637.4852977,False,False,True,False,1785027477.3944635,0,0,1,0,False
1784849457.3002179,20,1785027647.4648652,37.45441367208362,0.735948729686427,37.03250171663997,True,37.5,36.5,38.6,0.95,0.05,0.0,0.7,0.03,2,1785027657.4927015,False,True,True,True,1785027657.3944852,0,0,1,0,False
1784849457.3002179,20,1785027667.4718053,37.44373235675593,0.7361394674601358,37.06187533379111,True,37.5,36.5,38.6,0.95,0.05,0.0,0.7,0.03,2,1785027677.4992507,False,True,True,False,1785027657.3944852,0,0,1,0,False
1784849457.3002179,20,1785027687.4780877,37.483787289234755,0.735948729686427,37.053864347295345,True,37.5,36.5,38.6,0.95,0.05,0.0,0.7,0.03,2,1785027697.506785,False,False,True,False,1785027657.3944852,0,0,1,0,False
1784849457.3002179,20,1785027707.4849858,37.47844663157092,0.7358342870222019,37.08056763561456,True,37.5,36.5,38.6,0.95,0.05,0.0,0.7,0.03,2,1785027717.5140378,False,True,True,False,1785027657.3944852,0,0,1,0,False
1784849457.3002179,20,1785027727.492186,37.51583123521782,0.7363683527885863,37.12062256809338,True,37.5,36.5,38.6,0.95,0.05,0.0,0.7,0.03,2,1785027737.5191824,False,True,True,False,1785027657.3944852,0,False,0,0,False
1784849457.3002179,20,1785027747.4984908,37.52117189288167,0.7362729839017319,37.12863355458916,True,37.5,36.5,38.6,0.95,0.05,0.0,0.7,0.03,2,1785027757.5257688,False,False,True,False,1785027657.3944852,0,False,0,0,False
1784849457.3002179,20,1785027767.5054545,37.526512550545505,0.7361394674601358,37.13130388342107,True,37.5,36.5,38.6,0.95,0.05,0.0,0.7,0.03,2,1785027777.5370557,False,True,True,False,1785027657.3944852,0,False,0,0,False
1784849457.3002179,20,1785027787.5131776,37.50247959105822,0.7361585412375067,37.10727092393378,True,37.5,36.5,38.6,0.95,0.05,0.0,0.7,0.03,2,1785027797.5415535,False,False,True,False,1785027657.3944852,0,False,0,0,False
1784849457.3002179,20,1785027807.5204868,37.470435645075156,0.735948729686427,37.10727092393378,True,37.5,36.5,38.6,0.95,0.05,0.0,0.7,0.03,2,1785027817.5505526,False,False,True,False,1785027657.3944852,0,0,1,0,False
1784849457.3002179,20,1785027827.5268345,37.47577630273899,0.736101319905394,37.10727092393378,True,37.5,36.5,38.6,0.95,0.05,0.0,0.7,0.03,2,1785027837.555573,False,False,True,True,1785027837.39452,0,0,1,0,False
1784849457.3002179,20,1785027847.533147,37.45441367208362,0.7358724345769435,37.08056763561456,True,37.5,36.5,38.6,0.95,0.05,0.0,0.7,0.03,2,1785027857.5635138,False,False,True,False,1785027837.39452,0,0,1,0,False
1784849457.3002179,20,1785027867.5394983,37.481116960402844,0.7360440985732815,37.115281910429545,True,37.5,36.5,38.6,0.95,0.05,0.0,0.7,0.03,2,1785027877.5675192,False,False,True,False,1785027837.39452,0,0,1,0,False
1784849457.3002179,20,1785027887.5461063,37.49980926222629,0.7362729839017319,37.11795223926147,True,37.5,36.5,38.6,0.95,0.05,0.0,0.7,0.03,2,1785027897.5736232,False,True,True,False,1785027837.39452,0,0,1,0,False
1784849457.3002179,20,1785027907.5522738,37.53719386587319,0.7363111314564736,37.139314869916845,True,37.5,36.5,38.6,0.95,0.05,0.0,0.7,0.03,2,1785027917.5844946,False,True,True,False,1785027837.39452,0,False,0,0,False
1784849457.3002179,20,1785027927.559347,37.56389715419242,0.7363302052338444,37.152666514076444,True,37.5,36.5,38.6,0.95,0.05,0.0,0.7,0.03,2,1785027937.587146,False,True,True,False,1785027837.39452,0,False,0,0,False
1784849457.3002179,20,1785027947.5670276,37.53719386587319,0.7360059510185397,37.15533684290837,True,37.5,36.5,38.6,0.95,0.05,0.0,0.7,0.03,2,1785027957.5955749,False,False,True,False,1785027837.39452,0,False,0,0,False
1784849457.3002179,20,1785027967.5754988,37.53719386587319,0.7363492790112154,37.13664454108492,True,37.5,36.5,38.6,0.95,0.05,0.0,0.7,0.03,2,1785027977.6032326,False,True,True,False,1785027837.39452,0,False,0,0,False
1784849457.3002179,20,1785027987.5825984,37.481116960402844,0.7361585412375067,37.11261158159762,True,37.5,36.5,38.6,0.95,0.05,0.0,0.7,0.03,2,1785027997.6223285,False,True,True,False,1785027837.39452,0,0,1,0,False
1784849457.3002179,20,1785028007.5895584,37.49713893339437,0.73579613946746,37.11795223926147,True,37.5,36.5,38.6,0.95,0.05,0.0,0.7,0.03,2,1785028017.6171455,False,True,True,True,1785028017.3945246,0,0,1,0,False
1784849457.3002179,20,1785028027.5959647,37.465094987411305,0.7359868772411688,37.10193026626993,True,37.5,36.5,38.6,0.95,0.05,0.0,0.7,0.03,2,1785028037.6260893,False,True,True,False,1785028017.3945246,0,0,1,0,False
1784849457.3002179,20,1785028047.6023111,37.481116960402844,0.735967803463798,37.10193026626993,True,37.5,36.5,38.6,0.95,0.05,0.0,0.7,0.03,2,1785028057.6306589,False,False,True,False,1785028017.3945246,0,0,1,0,False
1784849457.3002179,20,1785028067.608708,37.49713893339437,0.7361203936827649,37.13130388342107,True,37.5,36.5,38.6,0.95,0.05,0.0,0.7,0.03,2,1785028077.6362903,False,True,True,False,1785028017.3945246,0,0,1,0,False
1784849457.3002179,20,1785028087.6151493,37.52117189288167,0.7357579919127184,37.15533684290837,True,37.5,36.5,38.6,0.95,0.05,0.0,0.7,0.03,2,1785028097.645117,False,True,True,False,1785028017.3945246,0,False,0,0,False
1784849457.3002179,20,1785028107.621453,37.55321583886473,0.7359296559090562,37.16067750057222,True,37.5,36.5,38.6,0.95,0.05,0.0,0.7,0.03,2,1785028117.6481946,False,False,True,False,1785028017.3945246,0,False,0,0,False
1784849457.3002179,20,1785028127.6284254,37.526512550545505,0.7358533607995728,37.16334782940413,True,37.5,36.5,38.6,0.95,0.05,0.0,0.7,0.03,2,1785028137.6567636,False,True,True,False,1785028017.3945246,0,False,0,0,False
1784849457.3002179,20,1785028147.6362824,37.53719386587319,0.7361585412375067,37.14465552758068,True,37.5,36.5,38.6,0.95,0.05,0.0,0.7,0.03,2,1785028157.667617,False,False,True,False,1785028017.3945246,0,False,0,0,False
1784849457.3002179,20,1785028167.6436634,37.489127946898606,0.736101319905394,37.13130388342107,True,37.5,36.5,38.6,0.95,0.05,0.0,0.7,0.03,2,1785028177.677718,False,True,True,False,1785028017.3945246,0,0,1,0,False
1784849457.3002179,20,1785028187.6499662,37.48645761806668,0.7359105821316854,37.11261158159762,True,37.5,36.5,38.6,0.95,0.05,0.0,0.7,0.03,2,1785028197.6795735,False,True,True,True,1785028197.3945618,0,0,1,0,False
1784849457.3002179,20,1785028207.6561885,37.48645761806668,0.7357770656900893,37.11261158159762,True,37.5,36.5,38.6,0.95,0.05,0.0,0.7,0.03,2,1785028217.6833873,False,False,True,False,1785028197.3945618,0,0,1,0,False
1784849457.3002179,20,1785028227.6623783,37.49713893339437,0.7360440985732815,37.12329289692531,True,37.5,36.5,38.6,0.95,0.05,0.0,0.7,0.03,2,1785028237.68974,False,False,True,False,1785028197.3945618,0,0,1,0,False
1784849457.3002179,20,1785028247.6685176,37.50247959105822,0.7358915083543145,37.12863355458916,True,37.5,36.5,38.6,0.95,0.05,0.0,0.7,0.03,2,1785028257.695919,False,True,True,False,1785028197.3945618,0,False,0,0,False
1784849457.3002179,20,1785028267.6749053,37.52384222171359,0.7362157625696193,37.141985198748756,True,37.5,36.5,38.6,0.95,0.05,0.0,0.7,0.03,2,1785028277.703982,False,True,True,False,1785028197.3945618,0,False,0,0,False
1784849457.3002179,20,1785028287.6812863,37.49980926222629,0.7359296559090562,37.15533684290837,True,37.5,36.5,38.6,0.95,0.05,0.0,0.7,0.03,2,1785028297.7083309,False,False,True,False,1785028197.3945618,0,0,1,0,False
1784849457.3002179,20,1785028307.6875615,37.49980926222629,0.7361585412375067,37.133974212252994,True,37.5,36.5,38.6,0.95,0.05,0.0,0.7,0.03,2,1785028317.7180355,False,True,True,False,1785028197.3945618,0,0,1,0,False
1784849457.3002179,20,1785028327.6938233,37.49980926222629,0.7358533607995728,37.141985198748756,True,37.5,36.5,38.6,0.95,0.05,0.0,0.7,0.03,2,1785028337.7212813,False,False,True,False,1785028197.3945618,0,0,1,0,False
1784849457.3002179,20,1785028347.7000678,37.51049057755398,0.7360059510185397,37.14465552758068,True,37.5,36.5,38.6,0.95,0.05,0.0,0.7,0.03,2,1785028357.7313476,False,True,True,False,1785028197.3945618,0,False,0,0,False
1784849457.3002179,20,1785028367.7064872,37.531853208209355,0.7361585412375067,37.158007171740294,True,37.5,36.5,38.6,0.95,0.05,0.0,0.7,0.03,2,1785028377.7393806,False,True,True,True,1785028377.3945858,0,False,0,0,False
1784849457.3002179,20,1785028387.712792,37.50247959105822,0.7359868772411688,37.133974212252994,True,37.5,36.5,38.6,0.95,0.05,0.0,0.7,0.03,2,1785028397.7397552,False,True,True,False,1785028377.3945858,0,False,0,0,False
1784849457.3002179,20,1785028407.719252,37.470435645075156,0.7359105821316854,37.12329289692531,True,37.5,36.5,38.6,0.95,0.05,0.0,0.7,0.03,2,1785028417.7469268,False,True,True,False,1785028377.3945858,0,0,1,0,False
1784849457.3002179,20,1785028427.7256575,37.45975432974747,0.73579613946746,37.11261158159762,True,37.5,36.5,38.6,0.95,0.05,0.0,0.7,0.03,2,1785028437.754387,False,True,True,False,1785028377.3945858,0,0,1,0,False
1784849457.3002179,20,1785028447.7319033,37.48645761806668,0.7358724345769435,37.12863355458916,True,37.5,36.5,38.6,0.95,0.05,0.0,0.7,0.03,2,1785028457.7631786,False,True,True,False,1785028377.3945858,0,0,1,0,False
1784849457.3002179,20,1785028467.738185,37.51850156404974,0.735967803463798,37.12062256809338,True,37.5,36.5,38.6,0.95,0.05,0.0,0.7,0.03,2,1785028477.7654266,False,False,True,False,1785028377.3945858,0,False,0,0,False
1784849457.3002179,20,1785028487.7444332,37.51583123521782,0.735967803463798,37.15533684290837,True,37.5,36.5,38.6,0.95,0.05,0.0,0.7,0.03,2,1785028497.7784069,False,False,True,False,1785028377.3945858,0,False,0,0,False
1784849457.3002179,20,1785028507.7511709,37.489127946898606,0.7358533607995728,37.16067750057222,True,37.5,36.5,38.6,0.95,0.05,0.0,0.7,0.03,2,1785028517.7813807,False,False,True,False,1785028377.3945858,0,0,1,0,False
1784849457.3002179,20,1785028527.7577164,37.51049057755398,0.735948729686427,37.13130388342107,True,37.5,36.5,38.6,0.95,0.05,0.0,0.7,0.03,2,1785028537.7853456,False,True,True,False,1785028377.3945858,0,False,0,0,False
1784849457.3002179,20,1785028547.7642348,37.49980926222629,0.735967803463798,37.139314869916845,True,37.5,36.5,38.6,0.95,0.05,0.0,0.7,0.03,2,1785028557.7916605,False,False,True,True,1785028557.394597,0,0,1,0,False
1784849457.3002179,20,1785028567.7704809,37.51049057755398,0.7360059510185397,37.13130388342107,True,37.5,36.5,38.6,0.95,0.05,0.0,0.7,0.03,2,1785028577.7975194,False,True,True,False,1785028557.394597,0,False,0,0,False
1784849457.3002179,20,1785028587.7768574,37.50247959105822,0.735948729686427,37.14465552758068,True,37.5,36.5,38.6,0.95,0.05,0.0,0.7,0.03,2,1785028597.8050344,False,False,True,False,1785028557.394597,0,False,0,0,False
1784849457.3002179,20,1785028607.7838445,37.49713893339437,0.7359296559090562,37.139314869916845,True,37.5,36.5,38.6,0.95,0.05,0.0,0.7,0.03,2,1785028617.8174598,False,False,True,False,1785028557.394597,0,0,1,0,False
1784849457.3002179,20,1785028627.7908328,37.49179827573053,0.7361394674601358,37.12863355458916,True,37.5,36.5,38.6,0.95,0.05,0.0,0.7,0.03,2,1785028637.8183787,False,False,True,False,1785028557.394597,0,0,1,0,False
1784849457.3002179,20,1785028647.79712,37.48645761806668,0.7357770656900893,37.139314869916845,True,37.5,36.5,38.6,0.95,0.05,0.0,0.7,0.03,2,1785028657.8245928,False,False,True,False,1785028557.394597,0,0,1,0,False
1784849457.3002179,20,1785028667.8034654,37.49713893339437,0.735815213244831,37.14732585641261,True,37.5,36.5,38.6,0.95,0.05,0.0,0.7,0.03,2,1785028677.831018,False,False,True,False,1785028557.394597,0,0,1,0,False
1784849457.3002179,20,1785028687.809757,37.531853208209355,0.7360822461280232,37.14465552758068,True,37.5,36.5,38.6,0.95,0.05,0.0,0.7,0.03,2,1785028697.8372123,False,True,True,False,1785028557.394597,0,False,0,0,False
1784849457.3002179,20,1785028707.816798,37.54253452353704,0.7357770656900893,37.17135881589991,True,37.5,36.5,38.6,0.95,0.05,0.0,0.7,0.03,2,1785028717.8451104,False,False,True,False,1785028557.394597,0,False,0,0,False
1784849457.3002179,20,1785028727.8238897,37.49980926222629,0.7358533607995728,37.17402914473182,True,37.5,36.5,38.6,0.95,0.05,0.0,0.7,0.03,2,1785028737.855074,False,True,True,True,1785028737.3946128,0,0,1,0,False
1784849457.3002179,20,1785028747.8302405,37.50514991989013,0.7357579919127184,37.139314869916845,True,37.5,36.5,38.6,0.95,0.05,0.0,0.7,0.03,2,1785028757.8572788,False,True,True,False,1785028737.3946128,0,False,0,0,False
1784849457.3002179,20,1785028767.8397233,37.49446860456244,0.735948729686427,37.12596322575723,True,37.5,36.5,38.6,0.95,0.05,0.0,0.7,0.03,2,1785028777.8728218,False,False,True,False,1785028737.3946128,0,0,1,0,False
1784849457.3002179,20,1785028787.8497257,37.470435645075156,0.736101319905394,37.11795223926147,True,37.5,36.5,38.6,0.95,0.05,0.0,0.7,0.03,2,1785028797.8793244,False,False,True,False,1785028737.3946128,0,0,1,0,False
1784849457.3002179,20,1785028807.8560157,37.52384222171359,0.7358724345769435,37.15533684290837,True,37.5,36.5,38.6,0.95,0.05,0.0,0.7,0.03,2,1785028817.8837085,False,False,True,False,1785028737.3946128,0,False,0,0,False
1784849457.3002179,20,1785028827.8624265,37.507820248722055,0.7358533607995728,37.14465552758068,True,37.5,36.5,38.6,0.95,0.05,0.0,0.7,0.03,2,1785028837.896261,False,True,True,False,1785028737.3946128,0,False,0,0,False
1784849457.3002179,20,1785028847.8687234,37.50247959105822,0.7357198443579765,37.17135881589991,True,37.5,36.5,38.6,0.95,0.05,0.0,0.7,0.03,2,1785028857.8972826,False,True,True,False,1785028737.3946128,0,False,0,0,False
1784849457.3002179,20,1785028867.875652,37.48645761806668,0.7358342870222019,37.158007171740294,True,37.5,36.5,38.6,0.95,0.05,0.0,0.7,0.03,2,1785028877.9033349,False,False,True,False,1785028737.3946128,0,0,1,0,False
1784849457.3002179,20,1785028887.8818548,37.49446860456244,0.736101319905394,37.10727092393378,True,37.5,36.5,38.6,0.95,0.05,0.0,0.7,0.03,2,1785028897.9161582,False,True,True,False,1785028737.3946128,0,0,1,0,False
1784849457.3002179,20,1785028907.8881238,37.483787289234755,0.735948729686427,37.14465552758068,True,37.5,36.5,38.6,0.95,0.05,0.0,0.7,0.03,2,1785028917.9156353,False,True,True,True,1785028917.3946402,0,0,1,0,False
1784849457.3002179,20,1785028927.8945189,37.49446860456244,0.7359105821316854,37.152666514076444,True,37.5,36.5,38.6,0.95,0.05,0.0,0.7,0.03,2,1785028937.9235387,False,True,True,False,1785028917.3946402,0,0,1,0,False
1784849457.3002179,20,1785028947.901466,37.49980926222629,0.7358724345769435,37.139314869916845,True,37.5,36.5,38.6,0.95,0.05,0.0,0.7,0.03,2,1785028957.9301314,False,False,True,False,1785028917.3946402,0,0,1,0,False
1784849457.3002179,20,1785028967.9090538,37.54787518120088,0.7358915083543145,37.184710460059506,True,37.5,36.5,38.6,0.95,0.05,0.0,0.7,0.03,2,1785028977.9395645,False,True,True,False,1785028917.3946402,0,False,0,0,False
1784849457.3002179,20,1785028987.916124,37.513160906385906,0.7358342870222019,37.16067750057222,True,37.5,36.5,38.6,0.95,0.05,0.0,0.7,0.03,2,1785028997.9432676,False,True,True,False,1785028917.3946402,0,False,0,0,False
1784849457.3002179,20,1785029007.922993,37.51850156404974,0.7358915083543145,37.12863355458916,True,37.5,36.5,38.6,0.95,0.05,0.0,0.7,0.03,2,1785029017.9515598,False,True,True,False,1785028917.3946402,0,False,0,0,False
1784849457.3002179,20,1785029027.9301789,37.49179827573053,0.7357389181353475,37.139314869916845,True,37.5,36.5,38.6,0.95,0.05,0.0,0.7,0.03,2,1785029037.9578614,False,True,True,False,1785028917.3946402,0,0,1,0,False
1784849457.3002179,20,1785029047.9370666,37.48645761806668,0.7356816968032349,37.139314869916845,True,37.5,36.5,38.6,0.95,0.05,0.0,0.7,0.03,2,1785029057.9659133,False,False,True,False,1785028917.3946402,0,0,1,0,False
1784849457.3002179,20,1785029067.9440193,37.481116960402844,0.735529106584268,37.16868848706798,True,37.5,36.5,38.6,0.95,0.05,0.0,0.7,0.03,2,1785029077.974685,False,True,True,False,1785028917.3946402,0,0,1,0,False
1784849457.3002179,20,1785029087.950948,37.51049057755398,0.7360059510185397,37.14465552758068,True,37.5,36.5,38.6,0.95,0.05,0.0,0.7,0.03,2,1785029097.9783726,False,True,True,True,1785029097.3946574,0,False,0,0,False
1784849457.3002179,20,1785029107.957931,37.51583123521782,0.7359296559090562,37.14999618524453,True,37.5,36.5,38.6,0.95,0.05,0.0,0.7,0.03,2,1785029117.985607,False,True,True,False,1785029097.3946574,0,False,0,0,False
1784849457.3002179,20,1785029127.9643598,37.531853208209355,0.7357389181353475,37.158007171740294,True,37.5,36.5,38.6,0.95,0.05,0.0,0.7,0.03,2,1785029137.9918919,False,True,True,False,1785029097.3946574,0,False,0,0,False
1784849457.3002179,20,1785029147.9707837,37.49980926222629,0.7358533607995728,37.14465552758068,True,37.5,36.5,38.6,0.95,0.05,0.0,0.7,0.03,2,1785029157.9998813,False,True,True,False,1785029097.3946574,0,0,1,0,False
1784849457.3002179,20,1785029167.9770842,37.489127946898606,0.7357579919127184,37.152666514076444,True,37.5,36.5,38.6,0.95,0.05,0.0,0.7,0.03,2,1785029178.0049467,False,True,True,False,1785029097.3946574,0,0,1,0,False
1784849457.3002179,20,1785029187.9833918,37.481116960402844,0.7358342870222019,37.14999618524453,True,37.5,36.5,38.6,0.95,0.05,0.0,0.7,0.03,2,1785029198.0123765,False,True,True,False,1785029097.3946574,0,0,1,0,False
1784849457.3002179,20,1785029207.9897559,37.52384222171359,0.7358724345769435,37.133974212252994,True,37.5,36.5,38.6,0.95,0.05,0.0,0.7,0.03,2,1785029218.0174258,False,True,True,False,1785029097.3946574,0,False,0,0,False
1784849457.3002179,20,1785029227.9963064,37.513160906385906,0.7360059510185397,37.16601815823606,True,37.5,36.5,38.6,0.95,0.05,0.0,0.7,0.03,2,1785029238.0238526,False,True,True,False,1785029097.3946574,0,False,0,0,False
1784849457.3002179,20,1785029248.0027,37.52384222171359,0.7360631723506523,37.176699473563744,True,37.5,36.5,38.6,0.95,0.05,0.0,0.7,0.03,2,1785029258.0358987,False,False,True,False,1785029097.3946574,0,False,0,0,False
1784849457.3002179,20,1785029268.0122852,37.49713893339437,0.735967803463798,37.16334782940413,True,37.5,36.5,38.6,0.95,0.05,0.0,0.7,0.03,2,1785029278.0398605,False,False,True,True,1785029277.3946607,0,0,1,0,False
1784849457.3002179,20,1785029288.0185425,37.489127946898606,0.7355863279163806,37.11795223926147,True,37.5,36.5,38.6,0.95,0.05,0.0,0.7,0.03,2,1785029298.0459502,False,False,True,False,1785029277.3946607,0,0,1,0,False
1784849457.3002179,20,1785029308.0247836,37.49446860456244,0.7355672541390096,37.12863355458916,True,37.5,36.5,38.6,0.95,0.05,0.0,0.7,0.03,2,1785029318.0523684,False,True,True,False,1785029277.3946607,0,0,1,0,False
1784849457.3002179,20,1785029328.031111,37.47310597390707,0.7358724345769435,37.13664454108492,True,37.5,36.5,38.6,0.95,0.05,0.0,0.7,0.03,2,1785029338.0585783,False,False,True,False,1785029277.3946607,0,0,1,0,False
1784849457.3002179,20,1785029348.03733,37.51583123521782,0.7359296559090562,37.15533684290837,True,37.5,36.5,38.6,0.95,0.05,0.0,0.7,0.03,2,1785029358.064693,False,False,True,False,1785029277.3946607,0,False,0,0,False
1784849457.3002179,20,1785029368.043679,37.526512550545505,0.7357579919127184,37.16868848706798,True,37.5,36.5,38.6,0.95,0.05,0.0,0.7,0.03,2,1785029378.0711246,False,True,True,False,1785029277.3946607,0,False,0,0,False
1784849457.3002179,20,1785029388.0500638,37.52384222171359,0.7357389181353475,37.16601815823606,True,37.5,36.5,38.6,0.95,0.05,0.0,0.7,0.03,2,1785029398.0774407,False,True,True,False,1785029277.3946607,0,False,0,0,False
1784849457.3002179,20,1785029408.05639,37.48645761806668,0.735529106584268,37.12863355458916,True,37.5,36.5,38.6,0.95,0.05,0.0,0.7,0.03,2,1785029418.0837991,False,True,True,False,1785029277.3946607,0,0,1,0,False
1784849457.3002179,20,1785029428.0626674,37.49713893339437,0.7357579919127184,37.15533684290837,True,37.5,36.5,38.6,0.95,0.05,0.0,0.7,0.03,2,1785029438.0900886,False,True,True,False,1785029277.3946607,0,0,1,0,False
1784849457.3002179,20,1785029448.0689106,37.49713893339437,0.7357198443579765,37.15533684290837,True,37.5,36.5,38.6,0.95,0.05,0.0,0.7,0.03,2,1785029458.0963364,False,True,True,True,1785029457.394691,0,0,1,0,False
1784849457.3002179,20,1785029468.0752716,37.507820248722055,0.7358724345769435,37.16334782940413,True,37.5,36.5,38.6,0.95,0.05,0.0,0.7,0.03,2,1785029478.1033106,False,False,True,False,1785029457.394691,0,False,0,0,False
1784849457.3002179,20,1785029488.081559,37.526512550545505,0.73579613946746,37.176699473563744,True,37.5,36.5,38.6,0.95,0.05,0.0,0.7,0.03,2,1785029498.1097414,False,True,True,False,1785029457.394691,0,False,0,0,False
1784849457.3002179,20,1785029508.08791,37.49980926222629,0.7360631723506523,37.15533684290837,True,37.5,36.5,38.6,0.95,0.05,0.0,0.7,0.03,2,1785029518.1153555,False,False,True,False,1785029457.394691,0,0,1,0,False
1784849457.3002179,20,1785029528.0941985,37.51049057755398,0.736101319905394,37.16868848706798,True,37.5,36.5,38.6,0.95,0.05,0.0,0.7,0.03,2,1785029538.1225777,False,False,True,False,1785029457.394691,0,False,0,0,False
1784849457.3002179,20,1785029548.1010692,37.49446860456244,0.735815213244831,37.14999618524453,True,37.5,36.5,38.6,0.95,0.05,0.0,0.7,0.03,2,1785029558.129055,False,False,True,False,1785029457.394691,0,0,1,0,False
1784849457.3002179,20,1785029568.1086104,37.483787289234755,0.735948729686427,37.158007171740294,True,37.5,36.5,38.6,0.95,0.05,0.0,0.7,0.03,2,1785029578.1367002,False,True,True,False,1785029457.394691,0,0,1,0,False
1784849457.3002179,20,1785029588.1156507,37.49713893339437,0.7357389181353475,37.12863355458916,True,37.5,36.5,38.6,0.95,0.05,0.0,0.7,0.03,2,1785029598.1448243,False,True,True,False,1785029457.394691,0,0,1,0,False
1784849457.3002179,20,1785029608.1218708,37.465094987411305,0.7358342870222019,37.133974212252994,True,37.5,36.5,38.6,0.95,0.05,0.0,0.7,0.03,2,1785029618.1499696,False,False,True,False,1785029457.394691,0,0,1,0,False
1784849457.3002179,20,1785029628.1288254,37.50247959105822,0.7360631723506523,37.139314869916845,True,37.5,36.5,38.6,0.95,0.05,0.0,0.7,0.03,2,1785029638.1565113,False,False,True,True,1785029637.3947155,0,False,0,0,False
1784849457.3002179,20,1785029648.1358483,37.52384222171359,0.735662623025864,37.15533684290837,True,37.5,36.5,38.6,0.95,0.05,0.0,0.7,0.03,2,1785029658.1627555,False,True,True,False,1785029637.3947155,0,False,0,0,False
1784849457.3002179,20,1785029668.1421263,37.49713893339437,0.7354909590295261,37.158007171740294,True,37.5,36.5,38.6,0.95,0.05,0.0,0.7,0.03,2,1785029678.1690161,False,False,True,False,1785029637.3947155,0,0,1,0,False
1784849457.3002179,20,1785029688.148345,37.526512550545505,0.735948729686427,37.14465552758068,True,37.5,36.5,38.6,0.95,0.05,0.0,0.7,0.03,2,1785029698.1759124,False,True,True,False,1785029637.3947155,0,False,0,0,False
1784849457.3002179,20,1785029708.1553984,37.483787289234755,0.7357198443579765,37.139314869916845,True,37.5,36.5,38.6,0.95,0.05,0.0,0.7,0.03,2,1785029718.183816,False,False,True,False,1785029637.3947155,0,0,1,0,False
1784849457.3002179,20,1785029728.162935,37.49980926222629,0.7355481803616388,37.141985198748756,True,37.5,36.5,38.6,0.95,0.05,0.0,0.7,0.03,2,1785029738.1943197,False,False,True,False,1785029637.3947155,0,0,1,0,False
1784849457.3002179,20,1785029748.1698556,37.49446860456244,0.7356244754711223,37.14465552758068,True,37.5,36.5,38.6,0.95,0.05,0.0,0.7,0.03,2,1785029758.1971881,False,True,True,False,1785029637.3947155,0,0,1,0,False
1784849457.3002179,20,1785029768.1761117,37.53719386587319,0.7356435492484931,37.16868848706798,True,37.5,36.5,38.6,0.95,0.05,0.0,0.7,0.03,2,1785029778.2036352,False,True,True,False,1785029637.3947155,0,False,0,0,False
1784849457.3002179,20,1785029788.182577,37.513160906385906,0.7357007705806058,37.17135881589991,True,37.5,36.5,38.6,0.95,0.05,0.0,0.7,0.03,2,1785029798.2098439,False,True,True,False,1785029637.3947155,0,False,0,0,False
1784849457.3002179,20,1785029808.1895046,37.507820248722055,0.7357389181353475,37.15533684290837,True,37.5,36.5,38.6,0.95,0.05,0.0,0.7,0.03,2,1785029818.218059,False,False,True,True,1785029817.3947318,0,False,0,0,False
1784849457.3002179,20,1785029828.1970994,37.481116960402844,0.7357198443579765,37.14999618524453,True,37.5,36.5,38.6,0.95,0.05,0.0,0.7,0.03,2,1785029838.2253673,False,True,True,False,1785029817.3947318,0,0,1,0,False
1784849457.3002179,20,1785029848.204116,37.45441367208362,0.7354337376974136,37.12329289692531,True,37.5,36.5,38.6,0.95,0.05,0.0,0.7,0.03,2,1785029858.2333703,False,True,True,False,1785029817.3947318,0,0,1,0,False
1784849457.3002179,20,1785029868.2104483,37.45975432974747,0.7357007705806058,37.14732585641261,True,37.5,36.5,38.6,0.95,0.05,0.0,0.7,0.03,2,1785029878.2379441,False,False,True,False,1785029817.3947318,0,0,1,0,False
1784849457.3002179,20,1785029888.2167175,37.489127946898606,0.7357198443579765,37.15533684290837,True,37.5,36.5,38.6,0.95,0.05,0.0,0.7,0.03,2,1785029898.2447274,False,True,True,False,1785029817.3947318,0,0,1,0,False
1784849457.3002179,20,1785029908.2229948,37.52117189288167,0.7356816968032349,37.182040131227595,True,37.5,36.5,38.6,0.95,0.05,0.0,0.7,0.03,2,1785029918.2503357,False,False,True,False,1785029817.3947318,0,False,0,0,False
1784849457.3002179,20,1785029928.2292745,37.54787518120088,0.7357007705806058,37.184710460059506,True,37.5,36.5,38.6,0.95,0.05,0.0,0.7,0.03,2,1785029938.2592523,False,True,True,False,1785029817.3947318,0,False,0,0,False
1784849457.3002179,20,1785029948.235608,37.51583123521782,0.7358342870222019,37.176699473563744,True,37.5,36.5,38.6,0.95,0.05,0.0,0.7,0.03,2,1785029958.2626445,False,False,True,False,1785029817.3947318,0,False,0,0,False
1784849457.3002179,20,1785029968.242586,37.51049057755398,0.7357389181353475,37.17402914473182,True,37.5,36.5,38.6,0.95,0.05,0.0,0.7,0.03,2,1785029978.271192,False,True,True,False,1785029817.3947318,0,False,0,0,False
1784849457.3002179,20,1785029988.2496815,37.50247959105822,0.7357770656900893,37.139314869916845,True,37.5,36.5,38.6,0.95,0.05,0.0,0.7,0.03,2,1785029998.2771091,False,True,True,True,1785029997.3947678,0,False,0,0,False
1784849457.3002179,20,1785030008.2560356,37.47577630273899,0.7356435492484931,37.11261158159762,True,37.5,36.5,38.6,0.95,0.05,0.0,0.7,0.03,2,1785030018.284007,False,False,True,False,1785029997.3947678,0,0,1,0,False
1784849457.3002179,20,1785030028.2623363,37.44373235675593,0.7357770656900893,37.096589608606095,True,37.5,36.5,38.6,0.95,0.05,0.0,0.7,0.03,2,1785030038.2934568,False,True,True,False,1785029997.3947678,0,0,1,0,False
1784849457.3002179,20,1785030048.2685113,37.44373235675593,0.7356054016937514,37.091248950942244,True,37.5,36.5,38.6,0.95,0.05,0.0,0.7,0.03,2,1785030058.29625,False,False,True,False,1785029997.3947678,0,0,1,0,False
1784849457.3002179,20,1785030068.2748594,37.44907301441978,0.7357198443579765,37.12596322575723,True,37.5,36.5,38.6,0.95,0.05,0.0,0.7,0.03,2,1785030078.3023012,False,True,True,False,1785029997.3947678,0,0,1,0,False
1784849457.3002179,20,1785030088.2811012,37.489127946898606,0.7353955901426719,37.14465552758068,True,37.5,36.5,38.6,0.95,0.05,0.0,0.7,0.03,2,1785030098.3086414,False,True,True,False,1785029997.3947678,0,0,1,0,False
1784849457.3002179,20,1785030108.287454,37.52117189288167,0.7356435492484931,37.14465552758068,True,37.5,36.5,38.6,0.95,0.05,0.0,0.7,0.03,2,1785030118.3147886,False,False,True,False,1785029997.3947678,0,False,0,0,False
1784849457.3002179,20,1785030128.293699,37.55855649652857,0.7359105821316854,37.16868848706798,True,37.5,36.5,38.6,0.95,0.05,0.0,0.7,0.03,2,1785030138.3204439,False,False,True,False,1785029997.3947678,0,False,0,0,False
1784849457.3002179,20,1785030148.3000383,37.53719386587319,0.7358915083543145,37.17135881589991,True,37.5,36.5,38.6,0.95,0.05,0.0,0.7,0.03,2,1785030158.327881,False,False,True,False,1785029997.3947678,0,False,0,0,False
1784849457.3002179,20,1785030168.3064141,37.53719386587319,0.7357579919127184,37.16868848706798,True,37.5,36.5,38.6,0.95,0.05,0.0,0.7,0.03,2,1785030178.3356123,False,True,True,True,1785030177.3947828,0,False,0,0,False
1784849457.3002179,20,1785030188.3128629,37.465094987411305,0.7353002212558175,37.14465552758068,True,37.5,36.5,38.6,0.95,0.05,0.0,0.7,0.03,2,1785030198.3456612,False,True,True,False,1785030177.3947828,0,0,1,0,False
1784849457.3002179,20,1785030208.3198333,37.470435645075156,0.7354718852521553,37.10727092393378,True,37.5,36.5,38.6,0.95,0.05,0.0,0.7,0.03,2,1785030218.347809,False,False,True,False,1785030177.3947828,0,0,1,0,False
1784849457.3002179,20,1785030228.326224,37.45441367208362,0.7355863279163806,37.11795223926147,True,37.5,36.5,38.6,0.95,0.05,0.0,0.7,0.03,2,1785030238.3531687,False,False,True,False,1785030177.3947828,0,0,1,0,False
1784849457.3002179,20,1785030248.332981,37.49713893339437,0.73579613946746,37.12329289692531,True,37.5,36.5,38.6,0.95,0.05,0.0,0.7,0.03,2,1785030258.3662028,False,True,True,False,1785030177.3947828,0,0,1,0,False
1784849457.3002179,20,1785030268.3407016,37.507820248722055,0.7360059510185397,37.16334782940413,True,37.5,36.5,38.6,0.95,0.05,0.0,0.7,0.03,2,1785030278.369164,False,True,True,False,1785030177.3947828,0,False,0,0,False
1784849457.3002179,20,1785030288.3487232,37.52117189288167,0.7358724345769435,37.14999618524453,True,37.5,36.5,38.6,0.95,0.05,0.0,0.7,0.03,2,1785030298.3765025,False,True,True,False,1785030177.3947828,0,False,0,0,False
1784849457.3002179,20,1785030308.3557744,37.51049057755398,0.7355100328068971,37.17135881589991,True,37.5,36.5,38.6,0.95,0.05,0.0,0.7,0.03,2,1785030318.3831942,False,True,True,False,1785030177.3947828,0,False,0,0,False
1784849457.3002179,20,1785030328.3620973,37.49446860456244,0.7357389181353475,37.141985198748756,True,37.5,36.5,38.6,0.95,0.05,0.0,0.7,0.03,2,1785030338.3890429,False,True,True,False,1785030177.3947828,0,0,1,0,False
1784849457.3002179,20,1785030348.368315,37.47844663157092,0.7356244754711223,37.14465552758068,True,37.5,36.5,38.6,0.95,0.05,0.0,0.7,0.03,2,1785030358.3957038,False,False,True,True,1785030357.3947918,0,0,1,0,False
1784849457.3002179,20,1785030368.374519,37.49980926222629,0.735815213244831,37.13130388342107,True,37.5,36.5,38.6,0.95,0.05,0.0,0.7,0.03,2,1785030378.4013767,False,False,True,False,1785030357.3947918,0,0,1,0,False
1784849457.3002179,20,1785030388.3807333,37.49179827573053,0.7355481803616388,37.133974212252994,True,37.5,36.5,38.6,0.95,0.05,0.0,0.7,0.03,2,1785030398.4117556,False,True,True,False,1785030357.3947918,0,0,1,0,False
1784849457.3002179,20,1785030408.3871658,37.507820248722055,0.7356054016937514,37.14999618524453,True,37.5,36.5,38.6,0.95,0.05,0.0,0.7,0.03,2,1785030418.4270422,False,True,True,False,1785030357.3947918,0,False,0,0,False
1784849457.3002179,20,1785030428.3944705,37.507820248722055,0.7353002212558175,37.15533684290837,True,37.5,36.5,38.6,0.95,0.05,0.0,0.7,0.03,2,1785030438.4232898,False,True,True,False,1785030357.3947918,0,False,0,0,False
1784849457.3002179,20,1785030448.4021068,37.507820248722055,0.7357770656900893,37.14465552758068,True,37.5,36.5,38.6,0.95,0.05,0.0,0.7,0.03,2,1785030458.433346,False,False,True,False,1785030357.3947918,0,False,0,0,False
1784849457.3002179,20,1785030468.408374,37.49713893339437,0.7357389181353475,37.16334782940413,True,37.5,36.5,38.6,0.95,0.05,0.0,0.7,0.03,2,1785030478.4358191,False,True,True,False,1785030357.3947918,0,0,1,0,False
1784849457.3002179,20,1785030488.414711,37.47310597390707,0.7353955901426719,37.12863355458916,True,37.5,36.5,38.6,0.95,0.05,0.0,0.7,0.03,2,1785030498.4422593,False,False,True,False,1785030357.3947918,0,0,1,0,False
1784849457.3002179,20,1785030508.4210613,37.483787289234755,0.7356435492484931,37.12329289692531,True,37.5,36.5,38.6,0.95,0.05,0.0,0.7,0.03,2,1785030518.4485118,False,True,True,False,1785030357.3947918,0,0,1,0,False
1784849457.3002179,20,1785030528.4273503,37.489127946898606,0.7355863279163806,37.158007171740294,True,37.5,36.5,38.6,0.95,0.05,0.0,0.7,0.03,2,1785030538.4548013,False,True,True,True,1785030537.3948193,0,0,1,0,False
1784849457.3002179,20,1785030548.4335935,37.51049057755398,0.7354909590295261,37.16601815823606,True,37.5,36.5,38.6,0.95,0.05,0.0,0.7,0.03,2,1785030558.4611466,False,True,True,False,1785030537.3948193,0,False,0,0,False
1784849457.3002179,20,1785030568.4399753,37.526512550545505,0.735662623025864,37.16868848706798,True,37.5,36.5,38.6,0.95,0.05,0.0,0.7,0.03,2,1785030578.4673822,False,True,True,False,1785030537.3948193,0,False,0,0,False
1784849457.3002179,20,1785030588.4463837,37.53452353704128,0.7357389181353475,37.16067750057222,True,37.5,36.5,38.6,0.95,0.05,0.0,0.7,0.03,2,1785030598.4733768,False,True,True,False,1785030537.3948193,0,False,0,0,False
1784849457.3002179,20,1785030608.4533417,37.49179827573053,0.7355863279163806,37.16601815823606,True,37.5,36.5,38.6,0.95,0.05,0.0,0.7,0.03,2,1785030618.4815533,False,False,True,False,1785030537.3948193,0,0,1,0,False
1784849457.3002179,20,1785030628.4603083,37.47577630273899,0.7352620737010757,37.15533684290837,True,37.5,36.5,38.6,0.95,0.05,0.0,0.7,0.03,2,1785030638.4877703,False,False,True,False,1785030537.3948193,0,0,1,0,False
1784849457.3002179,20,1785030648.46665,37.470435645075156,0.7356054016937514,37.133974212252994,True,37.5,36.5,38.6,0.95,0.05,0.0,0.7,0.03,2,1785030658.4936223,False,False,True,False,1785030537.3948193,0,0,1,0,False
1784849457.3002179,20,1785030668.4728525,37.507820248722055,0.735662623025864,37.13130388342107,True,37.5,36.5,38.6,0.95,0.05,0.0,0.7,0.03,2,1785030678.514047,False,True,True,False,1785030537.3948193,0,False,0,0,False
1784849457.3002179,20,1785030688.4795432,37.489127946898606,0.735662623025864,37.16067750057222,True,37.5,36.5,38.6,0.95,0.05,0.0,0.7,0.03,2,1785030698.5067801,False,True,True,False,1785030537.3948193,0,0,1,0,False
1784849457.3002179,20,1785030708.4858286,37.49980926222629,0.735376516365301,37.14465552758068,True,37.5,36.5,38.6,0.95,0.05,0.0,0.7,0.03,2,1785030718.5232897,False,False,True,True,1785030717.3948262,0,0,1,0,False
1784849457.3002179,20,1785030728.4923215,37.526512550545505,0.7355100328068971,37.17936980239567,True,37.5,36.5,38.6,0.95,0.05,0.0,0.7,0.03,2,1785030738.5236843,False,True,True,False,1785030717.3948262,0,False,0,0,False
1784849457.3002179,20,1785030748.4988382,37.51049057755398,0.7352429999237049,37.18738078889143,True,37.5,36.5,38.6,0.95,0.05,0.0,0.7,0.03,2,1785030758.5262542,False,False,True,False,1785030717.3948262,0,False,0,0,False
1784849457.3002179,20,1785030768.505131,37.51049057755398,0.7356244754711223,37.17936980239567,True,37.5,36.5,38.6,0.95,0.05,0.0,0.7,0.03,2,1785030778.532592,False,True,True,False,1785030717.3948262,0,False,0,0,False
1784849457.3002179,20,1785030788.511557,37.51850156404974,0.7356244754711223,37.14999618524453,True,37.5,36.5,38.6,0.95,0.05,0.0,0.7,0.03,2,1785030798.5385363,False,False,True,False,1785030717.3948262,0,False,0,0,False
1784849457.3002179,20,1785030808.5179217,37.51850156404974,0.7354528114747845,37.15533684290837,True,37.5,36.5,38.6,0.95,0.05,0.0,0.7,0.03,2,1785030818.5481844,False,True,True,False,1785030717.3948262,0,False,0,0,False
1784849457.3002179,20,1785030828.5245748,37.47577630273899,0.7353383688105591,37.14465552758068,True,37.5,36.5,38.6,0.95,0.05,0.0,0.7,0.03,2,1785030838.5524337,False,True,True,False,1785030717.3948262,0,0,1,0,False
1784849457.3002179,20,1785030848.5310144,37.45975432974747,0.7354146639200426,37.11795223926147,True,37.5,36.5,38.6,0.95,0.05,0.0,0.7,0.03,2,1785030858.5598512,False,False,True,False,1785030717.3948262,0,0,1,0,False
1784849457.3002179,20,1785030868.5380695,37.481116960402844,0.7357007705806058,37.13130388342107,True,37.5,36.5,38.6,0.95,0.05,0.0,0.7,0.03,2,1785030878.566143,False,False,True,False,1785030717.3948262,0,0,1,0,False
1784849457.3002179,20,1785030888.5455678,37.50514991989013,0.7356244754711223,37.14999618524453,True,37.5,36.5,38.6,0.95,0.05,0.0,0.7,0.03,2,1785030898.5732608,False,False,True,True,1785030897.3948326,0,False,0,0,False
1784849457.3002179,20,1785030908.5525668,37.49980926222629,0.7356054016937514,37.15533684290837,True,37.5,36.5,38.6,0.95,0.05,0.0,0.7,0.03,2,1785030918.579996,False,False,True,False,1785030897.3948326,0,0,1,0,False
1784849457.3002179,20,1785030928.5588515,37.51583123521782,0.7354909590295261,37.17402914473182,True,37.5,36.5,38.6,0.95,0.05,0.0,0.7,0.03,2,1785030938.586668,False,True,True,False,1785030897.3948326,0,False,0,0,False
1784849457.3002179,20,1785030948.5655532,37.51583123521782,0.7354909590295261,37.15533684290837,True,37.5,36.5,38.6,0.95,0.05,0.0,0.7,0.03,2,1785030958.5924778,False,False,True,False,1785030897.3948326,0,False,0,0,False
1784849457.3002179,20,1785030968.5718703,37.51049057755398,0.7356244754711223,37.184710460059506,True,37.5,36.5,38.6,0.95,0.05,0.0,0.7,0.03,2,1785030978.5993764,False,True,True,False,1785030897.3948326,0,False,0,0,False
1784849457.3002179,20,1785030988.578359,37.50247959105822,0.735376516365301,37.176699473563744,True,37.5,36.5,38.6,0.95,0.05,0.0,0.7,0.03,2,1785030998.6054065,False,True,True,False,1785030897.3948326,0,False,0,0,False
1784849457.3002179,20,1785031008.5846305,37.470435645075156,0.7356816968032349,37.14465552758068,True,37.5,36.5,38.6,0.95,0.05,0.0,0.7,0.03,2,1785031018.6128378,False,False,True,False,1785030897.3948326,0,0,1,0,False
1784849457.3002179,20,1785031028.5915828,37.44907301441978,0.7355100328068971,37.12863355458916,True,37.5,36.5,38.6,0.95,0.05,0.0,0.7,0.03,2,1785031038.619263,False,True,True,False,1785030897.3948326,0,0,1,0,False
1784849457.3002179,20,1785031048.5985136,37.49713893339437,0.735529106584268,37.133974212252994,True,37.5,36.5,38.6,0.95,0.05,0.0,0.7,0.03,2,1785031058.6313546,False,True,True,False,1785030897.3948326,0,0,1,0,False
1784849457.3002179,20,1785031068.604725,37.50247959105822,0.7355481803616388,37.16868848706798,True,37.5,36.5,38.6,0.95,0.05,0.0,0.7,0.03,2,1785031078.6346567,False,True,True,True,1785031077.3948553,0,False,0,0,False
1784849457.3002179,20,1785031088.6117852,37.526512550545505,0.7352620737010757,37.15533684290837,True,37.5,36.5,38.6,0.95,0.05,0.0,0.7,0.03,2,1785031098.6405058,False,False,True,False,1785031077.3948553,0,False,0,0,False
1784849457.3002179,20,1785031108.6197517,37.50514991989013,0.7357007705806058,37.182040131227595,True,37.5,36.5,38.6,0.95,0.05,0.0,0.7,0.03,2,1785031118.6483016,False,False,True,False,1785031077.3948553,0,False,0,0,False
1784849457.3002179,20,1785031128.627468,37.47310597390707,0.7353955901426719,37.158007171740294,True,37.5,36.5,38.6,0.95,0.05,0.0,0.7,0.03,2,1785031138.6612046,False,False,True,False,1785031077.3948553,0,0,1,0,False
1784849457.3002179,20,1785031148.63483,37.489127946898606,0.735662623025864,37.15533684290837,True,37.5,36.5,38.6,0.95,0.05,0.0,0.7,0.03,2,1785031158.6623578,False,True,True,False,1785031077.3948553,0,0,1,0,False
1784849457.3002179,20,1785031168.641087,37.49980926222629,0.7354146639200426,37.14732585641261,True,37.5,36.5,38.6,0.95,0.05,0.0,0.7,0.03,2,1785031178.669079,False,True,True,False,1785031077.3948553,0,0,1,0,False
1784849457.3002179,20,1785031188.6474154,37.52918287937743,0.7353955901426719,37.16601815823606,True,37.5,36.5,38.6,0.95,0.05,0.0,0.7,0.03,2,1785031198.6748736,False,False,True,False,1785031077.3948553,0,False,0,0,False
1784849457.3002179,20,1785031208.6537502,37.53452353704128,0.7353574425879301,37.17135881589991,True,37.5,36.5,38.6,0.95,0.05,0.0,0.7,0.03,2,1785031218.6834285,True,True,True,False,1785031077.3948553,0,False,0,0,False
1784849457.3002179,20,1785031228.6608238,37.56122682536049,0.7356435492484931,37.16601815823606,True,37.5,36.5,38.6,0.95,0.05,0.0,0.7,0.03,2,1785031238.6890247,True,True,True,False,1785031077.3948553,0,False,0,0,False
1784849457.3002179,20,1785031248.6678574,37.513160906385906,0.7355100328068971,37.14465552758068,True,37.5,36.5,38.6,0.95,0.05,0.0,0.7,0.03,2,1785031258.6954632,True,True,True,True,1785031257.3948631,0,False,0,0,False
1784849457.3002179,20,1785031268.6743019,37.49713893339437,0.7353383688105591,37.13130388342107,True,37.5,36.5,38.6,0.95,0.05,0.0,0.7,0.03,2,1785031278.7018797,True,False,True,False,1785031257.3948631,0,0,1,0,False
1784849457.3002179,20,1785031288.6804917,37.49980926222629,0.7356054016937514,37.11795223926147,True,37.5,36.5,38.6,0.95,0.05,0.0,0.7,0.03,2,1785031298.7089195,True,False,True,False,1785031257.3948631,0,0,1,0,False
1784849457.3002179,20,1785031308.6877344,37.49446860456244,0.7354718852521553,37.08590829327841,True,37.5,36.5,38.6,0.95,0.05,0.0,0.7,0.03,2,1785031318.7156837,True,True,True,False,1785031257.3948631,0,0,1,0,False
1784849457.3002179,20,1785031328.694598,37.489127946898606,0.7351857785915922,37.09391927977417,True,37.5,36.5,38.6,0.95,0.05,0.0,0.7,0.03,2,1785031338.7222626,True,True,True,False,1785031257.3948631,0,0,1,0,False
1784849457.3002179,20,1785031348.700837,37.53719386587319,0.7354528114747845,37.10727092393378,True,37.5,36.5,38.6,0.95,0.05,0.0,0.7,0.03,2,1785031358.7282078,True,False,True,False,1785031257.3948631,0,False,0,0,False
1784849457.3002179,20,1785031368.7072172,37.53719386587319,0.735529106584268,37.12596322575723,True,37.5,36.5,38.6,0.95,0.05,0.0,0.7,0.03,2,1785031378.7344413,True,True,True,False,1785031257.3948631,0,False,0,0,False
1784849457.3002179,20,1785031388.713446,37.54520485236897,0.7355863279163806,37.11795223926147,True,37.5,36.5,38.6,0.95,0.05,0.0,0.7,0.03,2,1785031398.7408867,True,False,True,False,1785031257.3948631,0,False,0,0,False
1784849457.3002179,20,1785031408.7198699,37.49179827573053,0.7352620737010757,37.091248950942244,True,37.5,36.5,38.6,0.95,0.05,0.0,0.7,0.03,2,1785031418.7475498,True,True,True,False,1785031257.3948631,0,0,1,0,False
1784849457.3002179,20,1785031428.7263112,37.47577630273899,0.7353192950331884,37.08056763561456,True,37.5,36.5,38.6,0.95,0.05,0.0,0.7,0.03,2,1785031438.7536187,True,True,True,True,1785031437.3948665,0,0,1,0,False
1784849457.3002179,20,1785031448.7325807,37.45975432974747,0.7356244754711223,37.08056763561456,True,37.5,36.5,38.6,0.95,0.05,0.0,0.7,0.03,2,1785031458.7597246,True,False,True,False,1785031437.3948665,0,0,1,0,False
1784849457.3002179,20,1785031468.738868,37.47577630273899,0.7353192950331884,37.06187533379111,True,37.5,36.5,38.6,0.95,0.05,0.0,0.7,0.03,2,1785031478.7663386,True,False,True,False,1785031437.3948665,0,0,1,0,False
1784849457.3002179,20,1785031488.7451303,37.50514991989013,0.7354337376974136,37.091248950942244,True,37.5,36.5,38.6,0.95,0.05,0.0,0.7,0.03,2,1785031498.772503,True,True,True,False,1785031437.3948665,0,False,0,0,False
1784849457.3002179,20,1785031508.7515786,37.51049057755398,0.7355863279163806,37.091248950942244,True,37.5,36.5,38.6,0.95,0.05,0.0,0.7,0.03,2,1785031518.7790651,True,True,True,False,1785031437.3948665,0,False,0,0,False
1784849457.3002179,20,1785031528.7580087,37.483787289234755,0.735529106584268,37.067215991454944,True,37.5,36.5,38.6,0.95,0.05,0.0,0.7,0.03,2,1785031538.785485,True,True,True,False,1785031437.3948665,0,0,1,0,False
1784849457.3002179,20,1785031548.7642386,37.47310597390707,0.7354146639200426,37.08056763561456,True,37.5,36.5,38.6,0.95,0.05,0.0,0.7,0.03,2,1785031558.7916462,True,True,True,False,1785031437.3948665,0,0,1,0,False
1784849457.3002179,20,1785031568.7704222,37.49446860456244,0.735223926146334,37.08323796444648,True,37.5,36.5,38.6,0.95,0.05,0.0,0.7,0.03,2,1785031578.7982998,True,True,True,False,1785031437.3948665,0,0,1,0,False
1784849457.3002179,20,1785031588.7765646,37.48645761806668,0.7353955901426719,37.08056763561456,True,37.5,36.5,38.6,0.95,0.05,0.0,0.7,0.03,2,1785031598.8053112,True,True,True,False,1785031437.3948665,0,0,1,0,False
1784849457.3002179,20,1785031608.7828152,37.49179827573053,0.7353192950331884,37.08056763561456,True,37.5,36.5,38.6,0.95,0.05,0.0,0.7,0.03,2,1785031618.812873,True,True,True,True,1785031617.394898,0,0,1,0,False
1784849457.3002179,20,1785031628.7892795,37.48645761806668,0.7351667048142214,37.07522697795072,True,37.5,36.5,38.6,0.95,0.05,0.0,0.7,0.03,2,1785031638.816727,True,False,True,False,1785031617.394898,0,0,1,0,False
1784849457.3002179,20,1785031648.7955399,37.48645761806668,0.7354718852521553,37.06454566262303,True,37.5,36.5,38.6,0.95,0.05,0.0,0.7,0.03,2,1785031658.8245828,True,False,True,False,1785031617.394898,0,0,1,0,False
1784849457.3002179,20,1785031668.8018394,37.507820248722055,0.7354146639200426,37.072556649118795,True,37.5,36.5,38.6,0.95,0.05,0.0,0.7,0.03,2,1785031678.8306472,True,True,True,False,1785031617.394898,0,False,0,0,False
1784849457.3002179,20,1785031688.8087206,37.49980926222629,0.7354146639200426,37.06988632028687,True,37.5,36.5,38.6,0.95,0.05,0.0,0.7,0.03,2,1785031698.8365617,True,True,True,False,1785031617.394898,0,0,1,0,False
1784849457.3002179,20,1785031708.8159149,37.531853208209355,0.7354909590295261,37.05920500495918,True,37.5,36.5,38.6,0.95,0.05,0.0,0.7,0.03,2,1785031718.8437111,True,True,True,False,1785031617.394898,0,False,0,0,False
1784849457.3002179,20,1785031728.823,37.526512550545505,0.7355863279163806,37.07789730678263,True,37.5,36.5,38.6,0.95,0.05,0.0,0.7,0.03,2,1785031738.8506634,True,True,True,False,1785031617.394898,0,False,0,0,False
1784849457.3002179,20,1785031748.8303664,37.531853208209355,0.735223926146334,37.11261158159762,True,37.5,36.5,38.6,0.95,0.05,0.0,0.7,0.03,2,1785031758.8638296,True,False,True,False,1785031617.394898,0,False,0,0,False
1784849457.3002179,20,1785031768.837964,37.49980926222629,0.7356054016937514,37.072556649118795,True,37.5,36.5,38.6,0.95,0.05,0.0,0.7,0.03,2,1785031778.8657134,True,False,True,False,1785031617.394898,0,0,1,0,False
1784849457.3002179,20,1785031788.844259,37.48645761806668,0.7356435492484931,37.06988632028687,True,37.5,36.5,38.6,0.95,0.05,0.0,0.7,0.03,2,1785031798.8735788,True,False,True,True,1785031797.3949037,0,0,1,0,False
1784849457.3002179,20,1785031808.8507957,37.470435645075156,0.7350522621499962,37.05920500495918,True,37.5,36.5,38.6,0.95,0.05,0.0,0.7,0.03,2,1785031818.8801956,True,True,True,False,1785031797.3949037,0,0,1,0,False
1784849457.3002179,20,1785031828.857099,37.47577630273899,0.7353192950331884,37.053864347295345,True,37.5,36.5,38.6,0.95,0.05,0.0,0.7,0.03,2,1785031838.8862495,True,False,True,False,1785031797.3949037,0,0,1,0,False
1784849457.3002179,20,1785031848.8635771,37.513160906385906,0.7352429999237049,37.08056763561456,True,37.5,36.5,38.6,0.95,0.05,0.0,0.7,0.03,2,1785031858.8909807,True,False,True,False,1785031797.3949037,0,False,0,0,False
1784849457.3002179,20,1785031868.8699942,37.52918287937743,0.7354337376974136,37.07789730678263,True,37.5,36.5,38.6,0.95,0.05,0.0,0.7,0.03,2,1785031878.8984067,True,True,True,False,1785031797.3949037,0,False,0,0,False
1784849457.3002179,20,1785031888.8769152,37.51049057755398,0.7352048523689632,37.091248950942244,True,37.5,36.5,38.6,0.95,0.05,0.0,0.7,0.03,2,1785031898.9047053,True,True,True,False,1785031797.3949037,0,False,0,0,False
1784849457.3002179,20,1785031908.8841152,37.489127946898606,0.7348805981536582,37.06454566262303,True,37.5,36.5,38.6,0.95,0.05,0.0,0.7,0.03,2,1785031918.9165528,True,False,True,False,1785031797.3949037,0,0,1,0,False
1784849457.3002179,20,1785031928.8906598,37.49446860456244,0.7351857785915922,37.05119401846342,True,37.5,36.5,38.6,0.95,0.05,0.0,0.7,0.03,2,1785031938.9181554,True,False,True,False,1785031797.3949037,0,0,1,0,False
1784849457.3002179,20,1785031948.8974922,37.49446860456244,0.7352429999237049,37.053864347295345,True,37.5,36.5,38.6,0.95,0.05,0.0,0.7,0.03,2,1785031958.926808,True,False,True,False,1785031797.3949037,0,0,1,0,False
1784849457.3002179,20,1785031968.9043891,37.51049057755398,0.7354718852521553,37.07789730678263,True,37.5,36.5,38.6,0.95,0.05,0.0,0.7,0.03,2,1785031978.9318902,True,False,True,True,1785031977.3949273,0,False,0,0,False
1784849457.3002179,20,1785031988.9108338,37.48645761806668,0.7353574425879301,37.05920500495918,True,37.5,36.5,38.6,0.95,0.05,0.0,0.7,0.03,2,1785031998.9383025,True,True,True,False,1785031977.3949273,0,0,1,0,False
1784849457.3002179,20,1785032008.9171488,37.50247959105822,0.7352811474784466,37.06454566262303,True,37.5,36.5,38.6,0.95,0.05,0.0,0.7,0.03,2,1785032018.9446008,True,True,True,False,1785031977.3949273,0,False,0,0,False
1784849457.3002179,20,1785032028.9236076,37.507820248722055,0.7353002212558175,37.053864347295345,True,37.5,36.5,38.6,0.95,0.05,0.0,0.7,0.03,2,1785032038.951017,True,False,True,False,1785031977.3949273,0,False,0,0,False
1784849457.3002179,20,1785032048.9299648,37.49713893339437,0.735376516365301,37.07522697795072,True,37.5,36.5,38.6,0.95,0.05,0.0,0.7,0.03,2,1785032058.9579606,True,True,True,False,1785031977.3949273,0,0,1,0,False
1784849457.3002179,20,1785032068.936242,37.52384222171359,0.7350713359273671,37.067215991454944,True,37.5,36.5,38.6,0.95,0.05,0.0,0.7,0.03,2,1785032078.9636726,True,True,True,False,1785031977.3949273,0,False,0,0,False
1784849457.3002179,20,1785032088.9425783,37.51583123521782,0.7354146639200426,37.08056763561456,True,37.5,36.5,38.6,0.95,0.05,0.0,0.7,0.03,2,1785032098.9699557,True,False,True,False,1785031977.3949273,0,False,0,0,False
1784849457.3002179,20,1785032108.9488697,37.51049057755398,0.7354146639200426,37.091248950942244,True,37.5,36.5,38.6,0.95,0.05,0.0,0.7,0.03,2,1785032118.977651,True,False,True,False,1785031977.3949273,0,False,0,0,False
1784849457.3002179,20,1785032128.955193,37.526512550545505,0.7350713359273671,37.08857862211032,True,37.5,36.5,38.6,0.95,0.05,0.0,0.7,0.03,2,1785032138.9827046,True,False,True,False,1785031977.3949273,0,False,0,0,False
1784849457.3002179,20,1785032148.961537,37.483787289234755,0.7350904097047379,37.06454566262303,True,37.5,36.5,38.6,0.95,0.05,0.0,0.7,0.03,2,1785032158.9883187,True,True,True,True,1785032157.3949528,0,0,1,0,False
1784849457.3002179,20,1785032168.967936,37.45174334325169,0.734937819485771,37.04585336079957,True,37.5,36.5,38.6,0.95,0.05,0.0,0.7,0.03,2,1785032178.9954705,True,True,True,False,1785032157.3949528,0,0,1,0,False
1784849457.3002179,20,1785032188.9749546,37.44373235675593,0.7351476310368505,37.04318303196766,True,37.5,36.5,38.6,0.95,0.05,0.0,0.7,0.03,2,1785032199.003851,True,False,True,False,1785032157.3949528,0,0,1,0,False
1784849457.3002179,20,1785032208.9817533,37.438391699092094,0.7350331883726252,37.03250171663997,True,37.5,36.5,38.6,0.95,0.05,0.0,0.7,0.03,2,1785032219.0097387,True,True,True,False,1785032157.3949528,0,0,1,0,False
1784849457.3002179,20,1785032228.9881372,37.49713893339437,0.7351476310368505,37.04318303196766,True,37.5,36.5,38.6,0.95,0.05,0.0,0.7,0.03,2,1785032239.0149088,True,False,True,False,1785032157.3949528,0,0,1,0,False
1784849457.3002179,20,1785032248.994946,37.52384222171359,0.7352048523689632,37.06454566262303,True,37.5,36.5,38.6,0.95,0.05,0.0,0.7,0.03,2,1785032259.031675,True,True,True,False,1785032157.3949528,0,False,0,0,False
1784849457.3002179,20,1785032269.0020397,37.507820248722055,0.7351476310368505,37.06187533379111,True,37.5,36.5,38.6,0.95,0.05,0.0,0.7,0.03,2,1785032279.0327044,True,False,True,False,1785032157.3949528,0,False,0,0,False
1784849457.3002179,20,1785032289.0091193,37.50514991989013,0.7351285572594797,37.07522697795072,True,37.5,36.5,38.6,0.95,0.05,0.0,0.7,0.03,2,1785032299.0388029,True,False,True,False,1785032157.3949528,0,False,0,0,False
1784849457.3002179,20,1785032309.017204,37.50514991989013,0.7352429999237049,37.08056763561456,True,37.5,36.5,38.6,0.95,0.05,0.0,0.7,0.03,2,1785032319.0453815,True,True,True,False,1785032157.3949528,0,False,0,0,False
1784849457.3002179,20,1785032329.0244844,37.47310597390707,0.7354718852521553,37.072556649118795,True,37.5,36.5,38.6,0.95,0.05,0.0,0.7,0.03,2,1785032339.0518625,True,False,True,True,1785032337.3949733,0,0,1,0,False
1784849457.3002179,20,1785032349.0313752,37.45708400091554,0.7351285572594797,37.02716105897612,True,37.5,36.5,38.6,0.95,0.05,0.0,0.7,0.03,2,1785032359.0593479,True,True,True,False,1785032337.3949733,0,0,1,0,False
1784849457.3002179,20,1785032369.0389416,37.47310597390707,0.7349568932631417,37.01915007248036,True,37.5,36.5,38.6,0.95,0.05,0.0,0.7,0.03,2,1785032379.066655,True,False,True,False,1785032337.3949733,0,0,1,0,False
1784849457.3002179,20,1785032389.0458,37.45975432974747,0.7352811474784466,37.01647974364843,True,37.5,36.5,38.6,0.95,0.05,0.0,0.7,0.03,2,1785032399.0732856,True,False,True,False,1785032337.3949733,0,0,1,0,False
1784849457.3002179,20,1785032409.0520957,37.48645761806668,0.7353574425879301,37.048523689631494,True,37.5,36.5,38.6,0.95,0.05,0.0,0.7,0.03,2,1785032419.0797412,True,True,True,False,1785032337.3949733,0,0,1,0,False
1784849457.3002179,20,1785032429.0587618,37.51850156404974,0.735223926146334,37.04318303196766,True,37.5,36.5,38.6,0.95,0.05,0.0,0.7,0.03,2,1785032439.086545,True,True,True,False,1785032337.3949733,0,False,0,0,False
1784849457.3002179,20,1785032449.065741,37.53452353704128,0.734785229266804,37.08590829327841,True,37.5,36.5,38.6,0.95,0.05,0.0,0.7,0.03,2,1785032459.0937204,True,False,True,False,1785032337.3949733,0,False,0,0,False
1784849457.3002179,20,1785032469.0734298,37.52384222171359,0.7351857785915922,37.109941252765694,True,37.5,36.5,38.6,0.95,0.05,0.0,0.7,0.03,2,1785032479.1038718,True,False,True,False,1785032337.3949733,0,False,0,0,False
1784849457.3002179,20,1785032489.0812113,37.51583123521782,0.735376516365301,37.06988632028687,True,37.5,36.5,38.6,0.95,0.05,0.0,0.7,0.03,2,1785032499.1113122,True,False,True,False,1785032337.3949733,0,False,0,0,False
1784849457.3002179,20,1785032509.0894656,37.50514991989013,0.7354337376974136,37.07522697795072,True,37.5,36.5,38.6,0.95,0.05,0.0,0.7,0.03,2,1785032519.1196206,True,False,True,True,1785032517.394995,0,False,0,0,False
1784849457.3002179,20,1785032529.096773,37.46242465857938,0.7348996719310292,37.03517204547188,True,37.5,36.5,38.6,0.95,0.05,0.0,0.7,0.03,2,1785032539.1244483,True,True,True,False,1785032517.394995,0,0,1,0,False
1784849457.3002179,20,1785032549.103656,37.45708400091554,0.7352429999237049,37.01647974364843,True,37.5,36.5,38.6,0.95,0.05,0.0,0.7,0.03,2,1785032559.1340752,True,False,True,False,1785032517.394995,0,0,1,0,False
1784849457.3002179,20,1785032569.1106944,37.46242465857938,0.7350713359273671,37.029831387808045,True,37.5,36.5,38.6,0.95,0.05,0.0,0.7,0.03,2,1785032579.1380208,True,True,True,False,1785032517.394995,0,0,1,0,False
1784849457.3002179,20,1785032589.1177027,37.47577630273899,0.7352620737010757,37.02716105897612,True,37.5,36.5,38.6,0.95,0.05,0.0,0.7,0.03,2,1785032599.1455095,True,True,True,False,1785032517.394995,0,0,1,0,False
1784849457.3002179,20,1785032609.1245856,37.48645761806668,0.7352048523689632,37.048523689631494,True,37.5,36.5,38.6,0.95,0.05,0.0,0.7,0.03,2,1785032619.1533675,True,True,True,False,1785032517.394995,0,0,1,0,False
1784849457.3002179,20,1785032629.130903,37.52384222171359,0.7354337376974136,37.06988632028687,True,37.5,36.5,38.6,0.95,0.05,0.0,0.7,0.03,2,1785032639.1582835,True,True,True,False,1785032517.394995,0,False,0,0,False
1784849457.3002179,20,1785032649.1371503,37.53452353704128,0.7350713359273671,37.06454566262303,True,37.5,36.5,38.6,0.95,0.05,0.0,0.7,0.03,2,1785032659.1645288,True,False,True,False,1785032517.394995,0,False,0,0,False
1784849457.3002179,20,1785032669.143512,37.52384222171359,0.7350904097047379,37.08857862211032,True,37.5,36.5,38.6,0.95,0.05,0.0,0.7,0.03,2,1785032679.1750832,True,True,True,False,1785032517.394995,0,False,0,0,False
1784849457.3002179,20,1785032689.1501997,37.489127946898606,0.7351285572594797,37.07522697795072,True,37.5,36.5,38.6,0.95,0.05,0.0,0.7,0.03,2,1785032699.1803772,True,False,True,True,1785032697.395016,0,0,1,0,False
1784849457.3002179,20,1785032709.1569057,37.47310597390707,0.7352048523689632,37.04318303196766,True,37.5,36.5,38.6,0.95,0.05,0.0,0.7,0.03,2,1785032719.1870558,True,False,True,False,1785032697.395016,0,0,1,0,False
1784849457.3002179,20,1785032729.1634293,37.46242465857938,0.7350522621499962,37.029831387808045,True,37.5,36.5,38.6,0.95,0.05,0.0,0.7,0.03,2,1785032739.1928353,True,True,True,False,1785032697.395016,0,0,1,0,False
1784849457.3002179,20,1785032749.1700363,37.47310597390707,0.7353192950331884,37.04318303196766,True,37.5,36.5,38.6,0.95,0.05,0.0,0.7,0.03,2,1785032759.196759,True,True,True,False,1785032697.395016,0,0,1,0,False
1784849457.3002179,20,1785032769.1762128,37.50514991989013,0.7350904097047379,37.03517204547188,True,37.5,36.5,38.6,0.95,0.05,0.0,0.7,0.03,2,1785032779.2035687,True,False,True,False,1785032697.395016,0,False,0,0,False
1784849457.3002179,20,1785032789.1825387,37.507820248722055,0.7350141145952545,37.04318303196766,True,37.5,36.5,38.6,0.95,0.05,0.0,0.7,0.03,2,1785032799.2116513,True,False,True,False,1785032697.395016,0,False,0,0,False
1784849457.3002179,20,1785032809.1895547,37.513160906385906,0.7350141145952545,37.06988632028687,True,37.5,36.5,38.6,0.95,0.05,0.0,0.7,0.03,2,1785032819.2198184,True,True,True,False,1785032697.395016,0,False,0,0,False
1784849457.3002179,20,1785032829.1971781,37.49713893339437,0.7353002212558175,37.06454566262303,True,37.5,36.5,38.6,0.95,0.05,0.0,0.7,0.03,2,1785032839.2251213,True,False,True,False,1785032697.395016,0,0,1,0,False
1784849457.3002179,20,1785032849.2040534,37.507820248722055,0.7349759670405127,37.04318303196766,True,37.5,36.5,38.6,0.95,0.05,0.0,0.7,0.03,2,1785032859.234166,True,False,True,False,1785032697.395016,0,False,0,0,False
1784849457.3002179,20,1785032869.210351,37.48645761806668,0.7351667048142214,37.03517204547188,True,37.5,36.5,38.6,0.95,0.05,0.0,0.7,0.03,2,1785032879.2391632,True,True,True,True,1785032877.3950374,0,0,1,0,False
1784849457.3002179,20,1785032889.2175362,37.51049057755398,0.7353955901426719,37.04318303196766,True,37.5,36.5,38.6,0.95,0.05,0.0,0.7,0.03,2,1785032899.245466,True,True,True,False,1785032877.3950374,0,False,0,0,False
1784849457.3002179,20,1785032909.2246268,37.489127946898606,0.7351667048142214,37.04318303196766,True,37.5,36.5,38.6,0.95,0.05,0.0,0.7,0.03,2,1785032919.2516484,True,False,True,False,1785032877.3950374,0,0,1,0,False
1784849457.3002179,20,1785032929.2309775,37.483787289234755,0.7352620737010757,37.05119401846342,True,37.5,36.5,38.6,0.95,0.05,0.0,0.7,0.03,2,1785032939.2585444,True,True,True,False,1785032877.3950374,0,0,1,0,False
1784849457.3002179,20,1785032949.2373478,37.47844663157092,0.735223926146334,37.04318303196766,True,37.5,36.5,38.6,0.95,0.05,0.0,0.7,0.03,2,1785032959.2647822,True,False,True,False,1785032877.3950374,0,0,1,0,False
1784849457.3002179,20,1785032969.243603,37.49980926222629,0.734937819485771,37.04585336079957,True,37.5,36.5,38.6,0.95,0.05,0.0,0.7,0.03,2,1785032979.2729535,True,False,True,False,1785032877.3950374,0,0,1,0,False
1784849457.3002179,20,1785032989.2499578,37.51850156404974,0.7353002212558175,37.04318303196766,True,37.5,36.5,38.6,0.95,0.05,0.0,0.7,0.03,2,1785032999.2771173,True,True,True,False,1785032877.3950374,0,False,0,0,False
1784849457.3002179,20,1785033009.2563953,37.52384222171359,0.7353955901426719,37.06454566262303,True,37.5,36.5,38.6,0.95,0.05,0.0,0.7,0.03,2,1785033019.28377,True,True,True,False,1785032877.3950374,0,False,0,0,False
1784849457.3002179,20,1785033029.2627993,37.49179827573053,0.7349568932631417,37.048523689631494,True,37.5,36.5,38.6,0.95,0.05,0.0,0.7,0.03,2,1785033039.2915788,True,True,True,False,1785032877.3950374,0,0,1,0,False
1784849457.3002179,20,1785033049.26901,37.49713893339437,0.7349759670405127,37.03250171663997,True,37.5,36.5,38.6,0.95,0.05,0.0,0.7,0.03,2,1785033059.299177,True,False,True,True,1785033057.3950553,0,0,1,0,False
1784849457.3002179,20,1785033069.275361,37.470435645075156,0.7351667048142214,37.024490730144194,True,37.5,36.5,38.6,0.95,0.05,0.0,0.7,0.03,2,1785033079.302595,True,True,True,False,1785033057.3950553,0,0,1,0,False
1784849457.3002179,20,1785033089.2814486,37.51049057755398,0.7350331883726252,37.02716105897612,True,37.5,36.5,38.6,0.95,0.05,0.0,0.7,0.03,2,1785033099.309162,True,True,True,False,1785033057.3950553,0,False,0,0,False
1784849457.3002179,20,1785033109.2878153,37.47310597390707,0.7350331883726252,37.053864347295345,True,37.5,36.5,38.6,0.95,0.05,0.0,0.7,0.03,2,1785033119.3168569,True,False,True,False,1785033057.3950553,0,0,1,0,False
1784849457.3002179,20,1785033129.2951233,37.51583123521782,0.7351857785915922,37.067215991454944,True,37.5,36.5,38.6,0.95,0.05,0.0,0.7,0.03,2,1785033139.3230946,True,False,True,False,1785033057.3950553,0,False,0,0,False
1784849457.3002179,20,1785033149.3028433,37.54787518120088,0.735376516365301,37.06454566262303,True,37.5,36.5,38.6,0.95,0.05,0.0,0.7,0.03,2,1785033159.330874,True,True,True,False,1785033057.3950553,0,False,0,0,False
1784849457.3002179,20,1785033169.3097768,37.526512550545505,0.7351285572594797,37.08323796444648,True,37.5,36.5,38.6,0.95,0.05,0.0,0.7,0.03,2,1785033179.3396838,True,False,True,False,1785033057.3950553,0,False,0,0,False
1784849457.3002179,20,1785033189.3161504,37.49713893339437,0.7352048523689632,37.06988632028687,True,37.5,36.5,38.6,0.95,0.05,0.0,0.7,0.03,2,1785033199.3435364,True,False,True,False,1785033057.3950553,0,0,1,0,False
1784849457.3002179,20,1785033209.3223813,37.50247959105822,0.7353955901426719,37.05920500495918,True,37.5,36.5,38.6,0.95,0.05,0.0,0.7,0.03,2,1785033219.350851,True,False,True,False,1785033057.3950553,0,False,0,0,False
1784849457.3002179,20,1785033229.3286602,37.481116960402844,0.734937819485771,37.04318303196766,True,37.5,36.5,38.6,0.95,0.05,0.0,0.7,0.03,2,1785033239.3561318,True,True,True,True,1785033237.3950794,0,0,1,0,False
1784849457.3002179,20,1785033249.335,37.465094987411305,0.7349187457084001,37.01647974364843,True,37.5,36.5,38.6,0.95,0.05,0.0,0.7,0.03,2,1785033259.36243,True,True,True,False,1785033237.3950794,0,0,1,0,False
1784849457.3002179,20,1785033269.3411849,37.465094987411305,0.7350141145952545,37.024490730144194,True,37.5,36.5,38.6,0.95,0.05,0.0,0.7,0.03,2,1785033279.3685882,True,True,True,False,1785033237.3950794,0,0,1,0,False
1784849457.3002179,20,1785033289.347397,37.49446860456244,0.7348805981536582,37.03784237430381,True,37.5,36.5,38.6,0.95,0.05,0.0,0.7,0.03,2,1785033299.3757384,True,False,True,False,1785033237.3950794,0,0,1,0,False
1784849457.3002179,20,1785033309.3539286,37.51049057755398,0.7348996719310292,37.053864347295345,True,37.5,36.5,38.6,0.95,0.05,0.0,0.7,0.03,2,1785033319.381597,True,True,True,False,1785033237.3950794,0,False,0,0,False
1784849457.3002179,20,1785033329.3601649,37.531853208209355,0.7348805981536582,37.06187533379111,True,37.5,36.5,38.6,0.95,0.05,0.0,0.7,0.03,2,1785033339.3875601,True,True,True,False,1785033237.3950794,0,False,0,0,False
1784849457.3002179,20,1785033349.3664622,37.53719386587319,0.734937819485771,37.091248950942244,True,37.5,36.5,38.6,0.95,0.05,0.0,0.7,0.03,2,1785033359.3940988,True,True,True,False,1785033237.3950794,0,False,0,0,False
1784849457.3002179,20,1785033369.372781,37.54253452353704,0.7350331883726252,37.067215991454944,True,37.5,36.5,38.6,0.95,0.05,0.0,0.7,0.03,2,1785033379.4016654,True,True,True,False,1785033237.3950794,0,False,0,0,False
1784849457.3002179,20,1785033389.3798687,37.52384222171359,0.7351667048142214,37.08590829327841,True,37.5,36.5,38.6,0.95,0.05,0.0,0.7,0.03,2,1785033399.4101906,True,False,True,False,1785033237.3950794,0,False,0,0,False
1784849457.3002179,20,1785033409.3876917,37.49179827573053,0.7347280079346913,37.06454566262303,True,37.5,36.5,38.6,0.95,0.05,0.0,0.7,0.03,2,1785033419.4159675,True,False,True,True,1785033417.3951018,0,0,1,0,False
1784849457.3002179,20,1785033429.3948805,37.45975432974747,0.7351476310368505,36.99511711299306,True,37.5,36.5,38.6,0.95,0.05,0.0,0.7,0.03,2,1785033439.4222167,True,True,True,False,1785033417.3951018,0,0,1,0,False
1784849457.3002179,20,1785033449.4014823,37.44373235675593,0.7348615243762875,37.011139085984595,True,37.5,36.5,38.6,0.95,0.05,0.0,0.7,0.03,2,1785033459.4300723,True,False,True,False,1785033417.3951018,0,0,1,0,False
1784849457.3002179,20,1785033469.4077783,37.47577630273899,0.7351094834821087,37.03517204547188,True,37.5,36.5,38.6,0.95,0.05,0.0,0.7,0.03,2,1785033479.434929,True,True,True,False,1785033417.3951018,0,0,1,0,False
1784849457.3002179,20,1785033489.414191,37.49980926222629,0.7352620737010757,37.02182040131228,True,37.5,36.5,38.6,0.95,0.05,0.0,0.7,0.03,2,1785033499.4415984,True,True,True,False,1785033417.3951018,0,0,1,0,False
1784849457.3002179,20,1785033509.4208627,37.526512550545505,0.7350713359273671,37.053864347295345,True,37.5,36.5,38.6,0.95,0.05,0.0,0.7,0.03,2,1785033519.448378,True,False,True,False,1785033417.3951018,0,False,0,0,False
1784849457.3002179,20,1785033529.4274316,37.53719386587319,0.7352620737010757,37.09391927977417,True,37.5,36.5,38.6,0.95,0.05,0.0,0.7,0.03,2,1785033539.4546256,True,False,True,False,1785033417.3951018,0,False,0,0,False
1784849457.3002179,20,1785033549.434106,37.51049057755398,0.7347470817120623,37.05920500495918,True,37.5,36.5,38.6,0.95,0.05,0.0,0.7,0.03,2,1785033559.4659534,True,False,True,False,1785033417.3951018,0,False,0,0,False
1784849457.3002179,20,1785033569.440751,37.51049057755398,0.7349759670405127,37.04585336079957,True,37.5,36.5,38.6,0.95,0.05,0.0,0.7,0.03,2,1785033579.4683685,True,True,True,False,1785033417.3951018,0,False,0,0,False
1784849457.3002179,20,1785033589.4472444,37.48645761806668,0.7351857785915922,37.02716105897612,True,37.5,36.5,38.6,0.95,0.05,0.0,0.7,0.03,2,1785033599.476801,True,True,True,True,1785033597.3951335,0,0,1,0,False
1784849457.3002179,20,1785033609.453623,37.44907301441978,0.734937819485771,37.04318303196766,True,37.5,36.5,38.6,0.95,0.05,0.0,0.7,0.03,2,1785033619.482854,True,False,True,False,1785033597.3951335,0,0,1,0,False
1784849457.3002179,20,1785033629.460959,37.44907301441978,0.7349950408178836,37.02716105897612,True,37.5,36.5,38.6,0.95,0.05,0.0,0.7,0.03,2,1785033639.4897752,True,False,True,False,1785033597.3951335,0,0,1,0,False
1784849457.3002179,20,1785033649.468726,37.48645761806668,0.7350713359273671,37.03784237430381,True,37.5,36.5,38.6,0.95,0.05,0.0,0.7,0.03,2,1785033659.4971619,True,False,True,False,1785033597.3951335,0,0,1,0,False
1784849457.3002179,20,1785033669.475712,37.52918287937743,0.7350331883726252,37.04585336079957,True,37.5,36.5,38.6,0.95,0.05,0.0,0.7,0.03,2,1785033679.507475,True,False,True,False,1785033597.3951335,0,False,0,0,False
1784849457.3002179,20,1785033689.4829307,37.531853208209355,0.7348424505989166,37.06454566262303,True,37.5,36.5,38.6,0.95,0.05,0.0,0.7,0.03,2,1785033699.5239015,True,False,True,False,1785033597.3951335,0,False,0,0,False
1784849457.3002179,20,1785033709.4905078,37.54787518120088,0.7350713359273671,37.053864347295345,True,37.5,36.5,38.6,0.95,0.05,0.0,0.7,0.03,2,1785033719.519495,True,False,True,False,1785033597.3951335,0,False,0,0,False
1784849457.3002179,20,1785033729.4976494,37.51583123521782,0.7349187457084001,37.067215991454944,True,37.5,36.5,38.6,0.95,0.05,0.0,0.7,0.03,2,1785033739.5250645,True,False,True,False,1785033597.3951335,0,False,0,0,False
1784849457.3002179,20,1785033749.5040202,37.51049057755398,0.7349187457084001,37.053864347295345,True,37.5,36.5,38.6,0.95,0.05,0.0,0.7,0.03,2,1785033759.5322661,True,False,True,False,1785033597.3951335,0,False,0,0,False
1784849457.3002179,20,1785033769.5104525,37.47310597390707,0.7348424505989166,37.029831387808045,True,37.5,36.5,38.6,0.95,0.05,0.0,0.7,0.03,2,1785033779.5389302,True,True,True,True,1785033777.395164,0,0,1,0,False
1784849457.3002179,20,1785033789.5175385,37.45975432974747,0.7350141145952545,37.01647974364843,True,37.5,36.5,38.6,0.95,0.05,0.0,0.7,0.03,2,1785033799.5455954,True,True,True,False,1785033777.395164,0,0,1,0,False
1784849457.3002179,20,1785033809.5245023,37.45441367208362,0.7349187457084001,37.011139085984595,True,37.5,36.5,38.6,0.95,0.05,0.0,0.7,0.03,2,1785033819.552863,True,False,True,False,1785033777.395164,0,0,1,0,False
1784849457.3002179,20,1785033829.530862,37.45441367208362,0.7349759670405127,37.01647974364843,True,37.5,36.5,38.6,0.95,0.05,0.0,0.7,0.03,2,1785033839.5579574,True,False,True,False,1785033777.395164,0,0,1,0,False
1784849457.3002179,20,1785033849.5371003,37.49713893339437,0.7351285572594797,37.04318303196766,True,37.5,36.5,38.6,0.95,0.05,0.0,0.7,0.03,2,1785033859.5661623,True,True,True,False,1785033777.395164,0,0,1,0,False
1784849457.3002179,20,1785033869.5434206,37.53986419470512,0.7349950408178836,37.067215991454944,True,37.5,36.5,38.6,0.95,0.05,0.0,0.7,0.03,2,1785033879.5713658,True,False,True,False,1785033777.395164,0,False,0,0,False
1784849457.3002179,20,1785033889.55104,37.531853208209355,0.7349187457084001,37.053864347295345,True,37.5,36.5,38.6,0.95,0.05,0.0,0.7,0.03,2,1785033899.5842683,True,True,True,False,1785033777.395164,0,False,0,0,False
1784849457.3002179,20,1785033909.5586622,37.531853208209355,0.7349568932631417,37.06454566262303,True,37.5,36.5,38.6,0.95,0.05,0.0,0.7,0.03,2,1785033919.58714,True,True,True,False,1785033777.395164,0,False,0,0,False
1784849457.3002179,20,1785033929.5650027,37.50514991989013,0.7349950408178836,37.04585336079957,True,37.5,36.5,38.6,0.95,0.05,0.0,0.7,0.03,2,1785033939.5927374,True,True,True,False,1785033777.395164,0,False,0,0,False
1784849457.3002179,20,1785033949.5714033,37.47844663157092,0.7347470817120623,36.99511711299306,True,37.5,36.5,38.6,0.95,0.05,0.0,0.7,0.03,2,1785033959.5989978,True,False,True,True,1785033957.3951674,0,0,1,0,False
1784849457.3002179,20,1785033969.5776937,37.46242465857938,0.7351857785915922,37.01380941481651,True,37.5,36.5,38.6,0.95,0.05,0.0,0.7,0.03,2,1785033979.605181,True,True,True,False,1785033957.3951674,0,0,1,0,False
1784849457.3002179,20,1785033989.584075,37.44373235675593,0.7348424505989166,37.00045777065691,True,37.5,36.5,38.6,0.95,0.05,0.0,0.7,0.03,2,1785033999.611483,True,False,True,False,1785033957.3951674,0,0,1,0,False
1784849457.3002179,20,1785034009.590389,37.470435645075156,0.7347661554894331,37.02716105897612,True,37.5,36.5,38.6,0.95,0.05,0.0,0.7,0.03,2,1785034019.6174774,True,True,True,False,1785033957.3951674,0,0,1,0,False
1784849457.3002179,20,1785034029.5965831,37.48645761806668,0.7345372701609827,37.02716105897612,True,37.5,36.5,38.6,0.95,0.05,0.0,0.7,0.03,2,1785034039.625457,True,False,True,False,1785033957.3951674,0,0,1,0,False
1784849457.3002179,20,1785034049.6029131,37.51850156404974,0.7350141145952545,37.02716105897612,True,37.5,36.5,38.6,0.95,0.05,0.0,0.7,0.03,2,1785034059.6300292,True,True,True,False,1785033957.3951674,0,False,0,0,False
1784849457.3002179,20,1785034069.6093345,37.52918287937743,0.7350331883726252,37.06187533379111,True,37.5,36.5,38.6,0.95,0.05,0.0,0.7,0.03,2,1785034079.6393192,True,True,True,False,1785033957.3951674,0,False,0,0,False
1784849457.3002179,20,1785034089.6157537,37.53719386587319,0.734785229266804,37.08056763561456,True,37.5,36.5,38.6,0.95,0.05,0.0,0.7,0.03,2,1785034099.6457121,True,False,True,False,1785033957.3951674,0,False,0,0,False
1784849457.3002179,20,1785034109.62207,37.53719386587319,0.7351667048142214,37.07522697795072,True,37.5,36.5,38.6,0.95,0.05,0.0,0.7,0.03,2,1785034119.6493855,True,True,True,False,1785033957.3951674,0,False,0,0,False
1784849457.3002179,20,1785034129.628699,37.526512550545505,0.7350713359273671,37.067215991454944,True,37.5,36.5,38.6,0.95,0.05,0.0,0.7,0.03,2,1785034139.6587133,True,True,True,True,1785034137.3952003,0,False,0,0,False
1784849457.3002179,20,1785034149.635242,37.489127946898606,0.7350713359273671,37.02716105897612,True,37.5,36.5,38.6,0.95,0.05,0.0,0.7,0.03,2,1785034159.665717,True,True,True,False,1785034137.3952003,0,0,1,0,False
1784849457.3002179,20,1785034169.6414754,37.446402685587856,0.7350904097047379,37.01380941481651,True,37.5,36.5,38.6,0.95,0.05,0.0,0.7,0.03,2,1785034179.6704473,True,False,True,False,1785034137.3952003,0,0,1,0,False
1784849457.3002179,20,1785034189.6479042,37.47577630273899,0.7349187457084001,37.02716105897612,True,37.5,36.5,38.6,0.95,0.05,0.0,0.7,0.03,2,1785034199.680543,True,True,True,False,1785034137.3952003,0,0,1,0,False
1784849457.3002179,20,1785034209.65485,37.49713893339437,0.734785229266804,37.03250171663997,True,37.5,36.5,38.6,0.95,0.05,0.0,0.7,0.03,2,1785034219.6829371,True,True,True,False,1785034137.3952003,0,0,1,0,False
1784849457.3002179,20,1785034229.6617484,37.50247959105822,0.7346898603799497,37.02716105897612,True,37.5,36.5,38.6,0.95,0.05,0.0,0.7,0.03,2,1785034239.6891646,True,False,True,False,1785034137.3952003,0,False,0,0,False
1784849457.3002179,20,1785034249.6682081,37.52918287937743,0.7347661554894331,37.06454566262303,True,37.5,36.5,38.6,0.95,0.05,0.0,0.7,0.03,2,1785034259.696302,True,True,True,False,1785034137.3952003,0,False,0,0,False
1784849457.3002179,20,1785034269.6752017,37.49713893339437,0.734937819485771,37.072556649118795,True,37.5,36.5,38.6,0.95,0.05,0.0,0.7,0.03,2,1785034279.703878,True,False,True,False,1785034137.3952003,0,0,1,0,False
1784849457.3002179,20,1785034289.6821752,37.51049057755398,0.7348043030441748,37.048523689631494,True,37.5,36.5,38.6,0.95,0.05,0.0,0.7,0.03,2,1785034299.7098277,True,True,True,False,1785034137.3952003,0,False,0,0,False
1784849457.3002179,20,1785034309.6886177,37.49446860456244,0.7347661554894331,37.02716105897612,True,37.5,36.5,38.6,0.95,0.05,0.0,0.7,0.03,2,1785034319.718966,True,True,True,True,1785034317.3952074,0,0,1,0,False
1784849457.3002179,20,1785034329.6950128,37.49446860456244,0.7347089341573205,37.03517204547188,True,37.5,36.5,38.6,0.95,0.05,0.0,0.7,0.03,2,1785034339.7222028,True,False,True,False,1785034317.3952074,0,0,1,0,False
1784849457.3002179,20,1785034349.701315,37.51049057755398,0.7349187457084001,37.048523689631494,True,37.5,36.5,38.6,0.95,0.05,0.0,0.7,0.03,2,1785034359.7313588,True,False,True,False,1785034317.3952074,0,False,0,0,False
1784849457.3002179,20,1785034369.70796,37.531853208209355,0.7345563439383536,37.04585336079957,True,37.5,36.5,38.6,0.95,0.05,0.0,0.7,0.03,2,1785034379.7353957,True,True,True,False,1785034317.3952074,0,False,0,0,False
1784849457.3002179,20,1785034389.714338,37.48645761806668,0.7346707866025788,37.03784237430381,True,37.5,36.5,38.6,0.95,0.05,0.0,0.7,0.03,2,1785034399.7424183,True,False,True,False,1785034317.3952074,0,0,1,0,False
1784849457.3002179,20,1785034409.7205083,37.49179827573053,0.7345944914930953,37.02716105897612,True,37.5,36.5,38.6,0.95,0.05,0.0,0.7,0.03,2,1785034419.7479384,True,True,True,False,1785034317.3952074,0,0,1,0,False
1784849457.3002179,20,1785034429.7267783,37.50247959105822,0.7350522621499962,37.04318303196766,True,37.5,36.5,38.6,0.95,0.05,0.0,0.7,0.03,2,1785034439.754227,True,True,True,False,1785034317.3952074,0,False,0,0,False
1784849457.3002179,20,1785034449.7331874,37.53452353704128,0.7350141145952545,37.04318303196766,True,37.5,36.5,38.6,0.95,0.05,0.0,0.7,0.03,2,1785034459.7605503,True,False,True,False,1785034317.3952074,0,False,0,0,False
1784849457.3002179,20,1785034469.7395673,37.513160906385906,0.7348233768215457,37.04051270313573,True,37.5,36.5,38.6,0.95,0.05,0.0,0.7,0.03,2,1785034479.7670653,True,True,True,False,1785034317.3952074,0,False,0,0,False
1784849457.3002179,20,1785034489.7459319,37.50514991989013,0.7348424505989166,37.048523689631494,True,37.5,36.5,38.6,0.95,0.05,0.0,0.7,0.03,2,1785034499.7733307,True,True,True,True,1785034497.3952289,0,False,0,0,False
1784849457.3002179,20,1785034509.7522779,37.46242465857938,0.7351285572594797,37.01647974364843,True,37.5,36.5,38.6,0.95,0.05,0.0,0.7,0.03,2,1785034519.7796326,True,False,True,False,1785034497.3952289,0,0,1,0,False
1784849457.3002179,20,1785034529.7592516,37.446402685587856,0.7348424505989166,37.01380941481651,True,37.5,36.5,38.6,0.95,0.05,0.0,0.7,0.03,2,1785034539.787738,True,False,True,False,1785034497.3952289,0,0,1,0,False
1784849457.3002179,20,1785034549.7691398,37.46242465857938,0.7347661554894331,37.01647974364843,True,37.5,36.5,38.6,0.95,0.05,0.0,0.7,0.03,2,1785034559.8000119,True,False,True,False,1785034497.3952289,0,0,1,0,False
1784849457.3002179,20,1785034569.7789586,37.489127946898606,0.7348996719310292,37.029831387808045,True,37.5,36.5,38.6,0.95,0.05,0.0,0.7,0.03,2,1785034579.8100073,True,False,True,False,1785034497.3952289,0,0,1,0,False
1784849457.3002179,20,1785034589.7852807,37.49713893339437,0.7348805981536582,37.04318303196766,True,37.5,36.5,38.6,0.95,0.05,0.0,0.7,0.03,2,1785034599.8129158,True,True,True,False,1785034497.3952289,0,0,1,0,False
1784849457.3002179,20,1785034609.7914348,37.53452353704128,0.7348233768215457,37.08056763561456,True,37.5,36.5,38.6,0.95,0.05,0.0,0.7,0.03,2,1785034619.819361,True,False,True,False,1785034497.3952289,0,False,0,0,False
1784849457.3002179,20,1785034629.7984095,37.550545510032805,0.734937819485771,37.053864347295345,True,37.5,36.5,38.6,0.95,0.05,0.0,0.7,0.03,2,1785034639.8273242,True,True,True,False,1785034497.3952289,0,False,0,0,False
1784849457.3002179,20,1785034649.8054252,37.53452353704128,0.734632639047837,37.08056763561456,True,37.5,36.5,38.6,0.95,0.05,0.0,0.7,0.03,2,1785034659.8344855,True,True,True,False,1785034497.3952289,0,False,0,0,False
1784849457.3002179,20,1785034669.8117392,37.50247959105822,0.734785229266804,37.05119401846342,True,37.5,36.5,38.6,0.95,0.05,0.0,0.7,0.03,2,1785034679.8427925,True,False,True,True,1785034677.3952627,0,False,0,0,False
1784849457.3002179,20,1785034689.8189578,37.489127946898606,0.7346898603799497,37.01647974364843,True,37.5,36.5,38.6,0.95,0.05,0.0,0.7,0.03,2,1785034699.8482149,True,False,True,False,1785034677.3952627,0,0,1,0,False
1784849457.3002179,20,1785034709.8257813,37.45174334325169,0.7346898603799497,37.00045777065691,True,37.5,36.5,38.6,0.95,0.05,0.0,0.7,0.03,2,1785034719.8534884,True,False,True,False,1785034677.3952627,0,0,1,0,False
1784849457.3002179,20,1785034729.8326204,37.489127946898606,0.7347280079346913,37.00846875715267,True,37.5,36.5,38.6,0.95,0.05,0.0,0.7,0.03,2,1785034739.8657887,True,False,True,False,1785034677.3952627,0,0,1,0,False
1784849457.3002179,20,1785034749.840522,37.47310597390707,0.7346517128252078,37.01647974364843,True,37.5,36.5,38.6,0.95,0.05,0.0,0.7,0.03,2,1785034759.8681598,True,True,True,False,1785034677.3952627,0,0,1,0,False
1784849457.3002179,20,1785034769.8474693,37.50514991989013,0.7347280079346913,37.067215991454944,True,37.5,36.5,38.6,0.95,0.05,0.0,0.7,0.03,2,1785034779.8804379,True,True,True,False,1785034677.3952627,0,False,0,0,False
