experiment_state_timestamp,save_interval_secs,last_save_timestamp,temperature_1_C,humidity_1,temperature_2_C,egg_turning_on,target_temperature,boost_temperature,cooling_start_temperature,heating_proportional_Cf,heating_integral_Cf,heating_derivitive_Cf,target_humidity,range_humidity,control_change_minimum_secs,last_control_change_timestamp,front_turn_switch,rear_turn_switch,top_switch,venting_state,last_venting_timestamp,exhaust_on,humidifyer_on,heater_on,boost_on,fan_on
1784849457.3002179,20,1785380384.3348582,37.470435645075156,0.6382337682154574,37.46776531624323,True,37.5,36.5,38.6,0.95,0.05,0.0,0.7,0.03,2,1785380394.362211,True,False,True,False,1785380227.9049923,False,True,1,0,False
1784849457.3002179,20,1785380404.341148,37.49713893339437,0.6381193255512322,37.47844663157092,True,37.5,36.5,38.6,0.95,0.05,0.0,0.7,0.03,2,1785380414.3682978,False,True,True,True,1785380407.9050338,False,True,1,0,False
1784849457.3002179,20,1785380424.3476956,37.470435645075156,0.6380811779964904,37.489127946898606,True,37.5,36.5,38.6,0.95,0.05,0.0,0.7,0.03,2,1785380434.37614,False,True,True,False,1785380407.9050338,False,True,1,0,False
1784849457.3002179,20,1785380444.3538475,37.45975432974747,0.6381383993286031,37.47844663157092,True,37.5,36.5,38.6,0.95,0.05,0.0,0.7,0.03,2,1785380454.380699,False,True,True,False,1785380407.9050338,False,True,1,0,False
1784849457.3002179,20,1785380464.3600967,37.489127946898606,0.6379667353322652,37.483787289234755,True,37.5,36.5,38.6,0.95,0.05,0.0,0.7,0.03,2,1785380474.3873174,False,False,True,False,1785380407.9050338,False,True,1,0,False
1784849457.3002179,20,1785380484.3671136,37.48645761806668,0.6383100633249409,37.470435645075156,True,37.5,36.5,38.6,0.95,0.05,0.0,0.7,0.03,2,1785380494.3981168,False,False,True,False,1785380407.9050338,False,True,1,0,False
1784849457.3002179,20,1785380504.3741345,37.49179827573053,0.6385198748760205,37.465094987411305,True,37.5,36.5,38.6,0.95,0.05,0.0,0.7,0.03,2,1785380514.402856,False,True,True,False,1785380407.9050338,False,True,1,0,False
1784849457.3002179,20,1785380524.3803208,37.52117189288167,0.6381956206607157,37.507820248722055,True,37.5,36.5,38.6,0.95,0.05,0.0,0.7,0.03,2,1785380534.4077122,False,False,True,False,1785380407.9050338,False,1,0,0,False
1784849457.3002179,20,1785380544.3866313,37.513160906385906,0.6382528419928282,37.49179827573053,True,37.5,36.5,38.6,0.95,0.05,0.0,0.7,0.03,2,1785380554.4152513,False,True,True,False,1785380407.9050338,False,1,0,0,False
1784849457.3002179,20,1785380564.3929963,37.50514991989013,0.6382528419928282,37.50247959105822,True,37.5,36.5,38.6,0.95,0.05,0.0,0.7,0.03,2,1785380574.4206996,False,False,True,False,1785380407.9050338,False,1,0,0,False
1784849457.3002179,20,1785380584.3994076,37.48645761806668,0.6383482108796826,37.50514991989013,True,37.5,36.5,38.6,0.95,0.05,0.0,0.7,0.03,2,1785380594.4270456,False,True,True,True,1785380587.9050734,False,True,1,0,False
1784849457.3002179,20,1785380604.405939,37.48645761806668,0.6384626535439079,37.47844663157092,True,37.5,36.5,38.6,0.95,0.05,0.0,0.7,0.03,2,1785380614.4341905,False,False,True,False,1785380587.9050734,False,True,1,0,False
1784849457.3002179,20,1785380624.4129465,37.49713893339437,0.6383672846570535,37.46242465857938,True,37.5,36.5,38.6,0.95,0.05,0.0,0.7,0.03,2,1785380634.4414837,False,True,True,False,1785380587.9050734,False,True,1,0,False
1784849457.3002179,20,1785380644.4199498,37.465094987411305,0.6382146944380865,37.46776531624323,True,37.5,36.5,38.6,0.95,0.05,0.0,0.7,0.03,2,1785380654.4473174,False,True,True,False,1785380587.9050734,False,True,1,0,False
1784849457.3002179,20,1785380664.4262803,37.49446860456244,0.6379858091096361,37.46776531624323,True,37.5,36.5,38.6,0.95,0.05,0.0,0.7,0.03,2,1785380674.4532242,False,True,True,False,1785380587.9050734,False,True,1,0,False
1784849457.3002179,20,1785380684.4326313,37.47577630273899,0.6382719157701991,37.47577630273899,True,37.5,36.5,38.6,0.95,0.05,0.0,0.7,0.03,2,1785380694.4617548,False,True,True,False,1785380587.9050734,False,True,1,0,False
1784849457.3002179,20,1785380704.4391303,37.48645761806668,0.6384245059891661,37.49713893339437,True,37.5,36.5,38.6,0.95,0.05,0.0,0.7,0.03,2,1785380714.4659607,False,True,True,False,1785380587.9050734,False,True,1,0,False
1784849457.3002179,20,1785380724.4452436,37.51049057755398,0.6381383993286031,37.49713893339437,True,37.5,36.5,38.6,0.95,0.05,0.0,0.7,0.03,2,1785380734.4724903,False,False,True,False,1785380587.9050734,False,1,0,0,False
1784849457.3002179,20,1785380744.452214,37.52918287937743,0.6381765468833447,37.513160906385906,True,37.5,36.5,38.6,0.95,0.05,0.0,0.7,0.03,2,1785380754.480209,False,True,True,False,1785380587.9050734,False,1,0,0,False
1784849457.3002179,20,1785380764.4598763,37.526512550545505,0.6383291371023117,37.513160906385906,True,37.5,36.5,38.6,0.95,0.05,0.0,0.7,0.03,2,1785380774.4882524,False,True,True,True,1785380767.9050844,False,1,0,0,False
1784849457.3002179,20,1785380784.4674983,37.48645761806668,0.6378904402227817,37.489127946898606,True,37.5,36.5,38.6,0.95,0.05,0.0,0.7,0.03,2,1785380794.4954908,False,True,True,False,1785380767.9050844,False,True,1,0,False
1784849457.3002179,20,1785380804.475169,37.49713893339437,0.6382528419928282,37.49980926222629,True,37.5,36.5,38.6,0.95,0.05,0.0,0.7,0.03,2,1785380814.5038955,False,True,True,False,1785380767.9050844,False,True,1,0,False
1784849457.3002179,20,1785380824.4829645,37.51850156404974,0.6381956206607157,37.489127946898606,True,37.5,36.5,38.6,0.95,0.05,0.0,0.7,0.03,2,1785380834.5117648,False,False,True,False,1785380767.9050844,False,1,0,0,False
1784849457.3002179,20,1785380844.490778,37.51850156404974,0.6383482108796826,37.47844663157092,True,37.5,36.5,38.6,0.95,0.05,0.0,0.7,0.03,2,1785380854.519258,False,True,True,False,1785380767.9050844,False,1,0,0,False
1784849457.3002179,20,1785380864.4977884,37.483787289234755,0.6381765468833447,37.489127946898606,True,37.5,36.5,38.6,0.95,0.05,0.0,0.7,0.03,2,1785380874.5250607,False,False,True,False,1785380767.9050844,False,True,1,0,False
1784849457.3002179,20,1785380884.5040636,37.470435645075156,0.6381765468833447,37.47577630273899,True,37.5,36.5,38.6,0.95,0.05,0.0,0.7,0.03,2,1785380894.5314314,False,False,True,False,1785380767.9050844,False,True,1,0,False
1784849457.3002179,20,1785380904.5103266,37.470435645075156,0.6384626535439079,37.48645761806668,True,37.5,36.5,38.6,0.95,0.05,0.0,0.7,0.03,2,1785380914.5376465,False,True,True,False,1785380767.9050844,False,True,1,0,False
1784849457.3002179,20,1785380924.5203807,37.483787289234755,0.6380811779964904,37.48645761806668,True,37.5,36.5,38.6,0.95,0.05,0.0,0.7,0.03,2,1785380934.5517302,False,True,True,False,1785380767.9050844,False,True,1,0,False
1784849457.3002179,20,1785380944.5310678,37.470435645075156,0.6381574731059739,37.513160906385906,True,37.5,36.5,38.6,0.95,0.05,0.0,0.7,0.03,2,1785380954.5597363,False,False,True,True,1785380947.9050872,False,True,1,0,False
1784849457.3002179,20,1785380964.5373409,37.50514991989013,0.6381765468833447,37.513160906385906,True,37.5,36.5,38.6,0.95,0.05,0.0,0.7,0.03,2,1785380974.5668116,False,True,True,False,1785380947.9050872,False,1,0,0,False
1784849457.3002179,20,1785380984.5447583,37.50247959105822,0.6381193255512322,37.51049057755398,True,37.5,36.5,38.6,0.95,0.05,0.0,0.7,0.03,2,1785380994.5754144,False,True,True,False,1785380947.9050872,False,1,0,0,False
1784849457.3002179,20,1785381004.5516639,37.52918287937743,0.6382146944380865,37.51583123521782,True,37.5,36.5,38.6,0.95,0.05,0.0,0.7,0.03,2,1785381014.5810196,False,False,True,False,1785380947.9050872,False,1,0,0,False
1784849457.3002179,20,1785381024.5580113,37.52384222171359,0.63829098954757,37.54253452353704,True,37.5,36.5,38.6,0.95,0.05,0.0,0.7,0.03,2,1785381034.5864763,False,False,True,False,1785380947.9050872,False,1,0,0,False
1784849457.3002179,20,1785381044.5642045,37.53452353704128,0.6381956206607157,37.51583123521782,True,37.5,36.5,38.6,0.95,0.05,0.0,0.7,0.03,2,1785381054.591438,False,True,True,False,1785380947.9050872,False,1,0,0,False
1784849457.3002179,20,1785381064.5712025,37.51583123521782,0.6379858091096361,37.51583123521782,True,37.5,36.5,38.6,0.95,0.05,0.0,0.7,0.03,2,1785381074.5997543,False,False,True,False,1785380947.9050872,False,1,0,0,False
1784849457.3002179,20,1785381084.578286,37.507820248722055,0.6381002517738612,37.49713893339437,True,37.5,36.5,38.6,0.95,0.05,0.0,0.7,0.03,2,1785381094.6056387,False,True,True,False,1785380947.9050872,False,1,0,0,False
1784849457.3002179,20,1785381104.5852652,37.45975432974747,0.6379285877775235,37.465094987411305,True,37.5,36.5,38.6,0.95,0.05,0.0,0.7,0.03,2,1785381114.6129472,False,True,True,False,1785380947.9050872,False,True,1,0,False
1784849457.3002179,20,1785381124.5924134,37.45174334325169,0.6381574731059739,37.465094987411305,True,37.5,36.5,38.6,0.95,0.05,0.0,0.7,0.03,2,1785381134.6193,False,True,True,True,1785381127.9051034,False,True,1,0,False
1784849457.3002179,20,1785381144.5987117,37.44373235675593,0.6384245059891661,37.470435645075156,True,37.5,36.5,38.6,0.95,0.05,0.0,0.7,0.03,2,1785381154.6261382,False,True,True,False,1785381127.9051034,False,True,1,0,False
1784849457.3002179,20,1785381164.6052482,37.43572137026017,0.6379667353322652,37.465094987411305,True,37.5,36.5,38.6,0.95,0.05,0.0,0.7,0.03,2,1785381174.6330483,False,True,True,False,1785381127.9051034,False,True,1,0,False
1784849457.3002179,20,1785381184.6127756,37.44373235675593,0.6381383993286031,37.47310597390707,True,37.5,36.5,38.6,0.95,0.05,0.0,0.7,0.03,2,1785381194.645872,False,True,True,False,1785381127.9051034,False,True,1,0,False
1784849457.3002179,20,1785381204.624832,37.470435645075156,0.6377569237811856,37.46776531624323,True,37.5,36.5,38.6,0.95,0.05,0.0,0.7,0.03,2,1785381214.6530032,False,True,True,False,1785381127.9051034,False,True,1,0,False
1784849457.3002179,20,1785381224.6311269,37.49713893339437,0.6381193255512322,37.49446860456244,True,37.5,36.5,38.6,0.95,0.05,0.0,0.7,0.03,2,1785381234.6584785,False,True,True,False,1785381127.9051034,False,True,1,0,False
1784849457.3002179,20,1785381244.6374118,37.507820248722055,0.63829098954757,37.47844663157092,True,37.5,36.5,38.6,0.95,0.05,0.0,0.7,0.03,2,1785381254.664709,False,True,True,False,1785381127.9051034,False,1,0,0,False
1784849457.3002179,20,1785381264.6438382,37.53719386587319,0.6381956206607157,37.50514991989013,True,37.5,36.5,38.6,0.95,0.05,0.0,0.7,0.03,2,1785381274.6750355,False,False,True,False,1785381127.9051034,False,1,0,0,False
1784849457.3002179,20,1785381284.6500332,37.56122682536049,0.6382146944380865,37.513160906385906,True,37.5,36.5,38.6,0.95,0.05,0.0,0.7,0.03,2,1785381294.679602,False,True,True,False,1785381127.9051034,False,1,0,0,False
1784849457.3002179,20,1785381304.656423,37.550545510032805,0.6380811779964904,37.50247959105822,True,37.5,36.5,38.6,0.95,0.05,0.0,0.7,0.03,2,1785381314.683656,False,False,True,True,1785381307.9051392,False,1,0,0,False
1784849457.3002179,20,1785381324.6626227,37.53719386587319,0.6382337682154574,37.513160906385906,True,37.5,36.5,38.6,0.95,0.05,0.0,0.7,0.03,2,1785381334.689867,False,True,True,False,1785381307.9051392,False,1,0,0,False
1784849457.3002179,20,1785381344.66953,37.52384222171359,0.6381574731059739,37.481116960402844,True,37.5,36.5,38.6,0.95,0.05,0.0,0.7,0.03,2,1785381354.6972547,False,False,True,False,1785381307.9051392,False,1,0,0,False
1784849457.3002179,20,1785381364.6766403,37.489127946898606,0.6377759975585565,37.47577630273899,True,37.5,36.5,38.6,0.95,0.05,0.0,0.7,0.03,2,1785381374.7074604,False,True,True,False,1785381307.9051392,False,True,1,0,False
1784849457.3002179,20,1785381384.682906,37.48645761806668,0.6378332188906691,37.45708400091554,True,37.5,36.5,38.6,0.95,0.05,0.0,0.7,0.03,2,1785381394.7102144,False,True,True,False,1785381307.9051392,False,True,1,0,False
1784849457.3002179,20,1785381404.6898506,37.470435645075156,0.6379667353322652,37.489127946898606,True,37.5,36.5,38.6,0.95,0.05,0.0,0.7,0.03,2,1785381414.718257,False,True,True,False,1785381307.9051392,False,True,1,0,False
1784849457.3002179,20,1785381424.696979,37.470435645075156,0.6377759975585565,37.46242465857938,True,37.5,36.5,38.6,0.95,0.05,0.0,0.7,0.03,2,1785381434.724902,False,True,True,False,1785381307.9051392,False,True,1,0,False
1784849457.3002179,20,1785381444.703371,37.470435645075156,0.6381574731059739,37.46776531624323,True,37.5,36.5,38.6,0.95,0.05,0.0,0.7,0.03,2,1785381454.7309957,False,True,True,False,1785381307.9051392,False,True,1,0,False
1784849457.3002179,20,1785381464.7096443,37.483787289234755,0.6378713664454108,37.47844663157092,True,37.5,36.5,38.6,0.95,0.05,0.0,0.7,0.03,2,1785381474.7385216,False,True,True,False,1785381307.9051392,False,True,1,0,False
1784849457.3002179,20,1785381484.7159848,37.49179827573053,0.6382146944380865,37.48645761806668,True,37.5,36.5,38.6,0.95,0.05,0.0,0.7,0.03,2,1785381494.7433417,False,True,True,True,1785381487.9051676,False,True,1,0,False
1784849457.3002179,20,1785381504.7222693,37.49713893339437,0.6377950713359273,37.50247959105822,True,37.5,36.5,38.6,0.95,0.05,0.0,0.7,0.03,2,1785381514.7492695,False,False,True,False,1785381487.9051676,False,True,1,0,False
1784849457.3002179,20,1785381524.7285674,37.531853208209355,0.6381383993286031,37.513160906385906,True,37.5,36.5,38.6,0.95,0.05,0.0,0.7,0.03,2,1785381534.7554152,False,True,True,False,1785381487.9051676,False,1,0,0,False
1784849457.3002179,20,1785381544.7355664,37.53986419470512,0.6381193255512322,37.53986419470512,True,37.5,36.5,38.6,0.95,0.05,0.0,0.7,0.03,2,1785381554.7640479,False,False,True,False,1785381487.9051676,False,1,0,0,False
1784849457.3002179,20,1785381564.742634,37.59060044251163,0.6380239566643777,37.52918287937743,True,37.5,36.5,38.6,0.95,0.05,0.0,0.7,0.03,2,1785381574.7724247,False,True,True,False,1785381487.9051676,False,1,0,0,False
1784849457.3002179,20,1785381584.7490568,37.53986419470512,0.6380239566643777,37.51049057755398,True,37.5,36.5,38.6,0.95,0.05,0.0,0.7,0.03,2,1785381594.7790163,False,False,True,False,1785381487.9051676,False,1,0,0,False
1784849457.3002179,20,1785381604.7557788,37.550545510032805,0.6379285877775235,37.51049057755398,True,37.5,36.5,38.6,0.95,0.05,0.0,0.7,0.03,2,1785381614.7854364,False,True,True,False,1785381487.9051676,False,1,0,0,False
1784849457.3002179,20,1785381624.76317,37.52384222171359,0.6380621042191196,37.51049057755398,True,37.5,36.5,38.6,0.95,0.05,0.0,0.7,0.03,2,1785381634.7920752,False,True,True,False,1785381487.9051676,False,1,0,0,False
1784849457.3002179,20,1785381644.771213,37.49713893339437,0.6379858091096361,37.50514991989013,True,37.5,36.5,38.6,0.95,0.05,0.0,0.7,0.03,2,1785381654.7994416,False,False,True,False,1785381487.9051676,False,True,1,0,False
1784849457.3002179,20,1785381664.7783856,37.47310597390707,0.6378713664454108,37.47844663157092,True,37.5,36.5,38.6,0.95,0.05,0.0,0.7,0.03,2,1785381674.807827,False,False,True,True,1785381667.90517,False,True,1,0,False
1784849457.3002179,20,1785381684.7846978,37.465094987411305,0.6377378500038148,37.44907301441978,True,37.5,36.5,38.6,0.95,0.05,0.0,0.7,0.03,2,1785381694.8146331,False,True,True,False,1785381667.90517,False,True,1,0,False
1784849457.3002179,20,1785381704.7912757,37.45975432974747,0.6378904402227817,37.45975432974747,True,37.5,36.5,38.6,0.95,0.05,0.0,0.7,0.03,2,1785381714.8200855,False,False,True,False,1785381667.90517,False,True,1,0,False
1784849457.3002179,20,1785381724.7976747,37.46242465857938,0.6378904402227817,37.44907301441978,True,37.5,36.5,38.6,0.95,0.05,0.0,0.7,0.03,2,1785381734.824981,False,True,True,False,1785381667.90517,False,True,1,0,False
1784849457.3002179,20,1785381744.8039265,37.45975432974747,0.6379858091096361,37.465094987411305,True,37.5,36.5,38.6,0.95,0.05,0.0,0.7,0.03,2,1785381754.8306236,False,False,True,False,1785381667.90517,False,True,1,0,False
1784849457.3002179,20,1785381764.8102095,37.46242465857938,0.6380430304417487,37.470435645075156,True,37.5,36.5,38.6,0.95,0.05,0.0,0.7,0.03,2,1785381774.8375666,False,False,True,False,1785381667.90517,False,True,1,0,False
1784849457.3002179,20,1785381784.816536,37.48645761806668,0.6378332188906691,37.50514991989013,True,37.5,36.5,38.6,0.95,0.05,0.0,0.7,0.03,2,1785381794.8438797,False,True,True,False,1785381667.90517,False,True,1,0,False
1784849457.3002179,20,1785381804.8228748,37.52384222171359,0.6377759975585565,37.50514991989013,True,37.5,36.5,38.6,0.95,0.05,0.0,0.7,0.03,2,1785381814.850198,False,True,True,False,1785381667.90517,False,1,0,0,False
1784849457.3002179,20,1785381824.8291512,37.507820248722055,0.6379285877775235,37.51583123521782,True,37.5,36.5,38.6,0.95,0.05,0.0,0.7,0.03,2,1785381834.8564875,False,True,True,False,1785381667.90517,False,1,0,0,False
1784849457.3002179,20,1785381844.8355622,37.52384222171359,0.638004882887007,37.50514991989013,True,37.5,36.5,38.6,0.95,0.05,0.0,0.7,0.03,2,1785381854.8629565,False,True,True,True,1785381847.9051976,False,1,0,0,False
1784849457.3002179,20,1785381864.8419542,37.53719386587319,0.6379285877775235,37.526512550545505,True,37.5,36.5,38.6,0.95,0.05,0.0,0.7,0.03,2,1785381874.8693087,False,True,True,False,1785381847.9051976,False,1,0,0,False
1784849457.3002179,20,1785381884.8482337,37.513160906385906,0.6378904402227817,37.513160906385906,True,37.5,36.5,38.6,0.95,0.05,0.0,0.7,0.03,2,1785381894.875629,False,True,True,False,1785381847.9051976,False,1,0,0,False
1784849457.3002179,20,1785381904.8545387,37.51850156404974,0.6378713664454108,37.481116960402844,True,37.5,36.5,38.6,0.95,0.05,0.0,0.7,0.03,2,1785381914.8814015,False,True,True,False,1785381847.9051976,False,1,0,0,False
1784849457.3002179,20,1785381924.860758,37.50514991989013,0.6381765468833447,37.465094987411305,True,37.5,36.5,38.6,0.95,0.05,0.0,0.7,0.03,2,1785381934.8880718,False,True,True,False,1785381847.9051976,False,1,0,0,False
1784849457.3002179,20,1785381944.867101,37.465094987411305,0.6377759975585565,37.47577630273899,True,37.5,36.5,38.6,0.95,0.05,0.0,0.7,0.03,2,1785381954.89445,False,True,True,False,1785381847.9051976,False,True,1,0,False
1784849457.3002179,20,1785381964.8733778,37.47310597390707,0.6378141451132983,37.45441367208362,True,37.5,36.5,38.6,0.95,0.05,0.0,0.7,0.03,2,1785381974.9007373,False,True,True,False,1785381847.9051976,False,True,1,0,False
1784849457.3002179,20,1785381984.8796787,37.465094987411305,0.6378141451132983,37.46776531624323,True,37.5,36.5,38.6,0.95,0.05,0.0,0.7,0.03,2,1785381994.9070246,False,False,True,False,1785381847.9051976,False,True,1,0,False
1784849457.3002179,20,1785382004.8859353,37.465094987411305,0.6378332188906691,37.47310597390707,True,37.5,36.5,38.6,0.95,0.05,0.0,0.7,0.03,2,1785382014.913298,False,True,True,False,1785381847.9051976,False,True,1,0,False
1784849457.3002179,20,1785382024.8922522,37.48645761806668,0.6377187762264438,37.47844663157092,True,37.5,36.5,38.6,0.95,0.05,0.0,0.7,0.03,2,1785382034.9194834,False,True,True,True,1785382027.9052022,False,True,1,0,False
1784849457.3002179,20,1785382044.8985171,37.49179827573053,0.6379095140001526,37.50514991989013,True,37.5,36.5,38.6,0.95,0.05,0.0,0.7,0.03,2,1785382054.9264472,False,True,True,False,1785382027.9052022,False,True,1,0,False
1784849457.3002179,20,1785382064.9047654,37.489127946898606,0.6379095140001526,37.49980926222629,True,37.5,36.5,38.6,0.95,0.05,0.0,0.7,0.03,2,1785382074.9315803,False,True,True,False,1785382027.9052022,False,True,1,0,False
1784849457.3002179,20,1785382084.91169,37.49713893339437,0.637699702449073,37.52918287937743,True,37.5,36.5,38.6,0.95,0.05,0.0,0.7,0.03,2,1785382094.9394243,False,True,True,False,1785382027.9052022,False,True,1,0,False
1784849457.3002179,20,1785382104.9186614,37.53986419470512,0.637699702449073,37.52384222171359,True,37.5,36.5,38.6,0.95,0.05,0.0,0.7,0.03,2,1785382114.9456222,False,True,True,False,1785382027.9052022,False,1,0,0,False
1784849457.3002179,20,1785382124.924977,37.54253452353704,0.6379476615548942,37.52384222171359,True,37.5,36.5,38.6,0.95,0.05,0.0,0.7,0.03,2,1785382134.952024,False,True,True,False,1785382027.9052022,False,1,0,0,False
1784849457.3002179,20,1785382144.9312246,37.52384222171359,0.6378332188906691,37.52918287937743,True,37.5,36.5,38.6,0.95,0.05,0.0,0.7,0.03,2,1785382154.9580145,False,True,True,False,1785382027.9052022,False,1,0,0,False
1784849457.3002179,20,1785382164.9373744,37.55321583886473,0.637699702449073,37.49179827573053,True,37.5,36.5,38.6,0.95,0.05,0.0,0.7,0.03,2,1785382174.9665534,False,True,True,False,1785382027.9052022,False,1,0,0,False
1784849457.3002179,20,1785382184.9436662,37.507820248722055,0.6376806286717022,37.50514991989013,True,37.5,36.5,38.6,0.95,0.05,0.0,0.7,0.03,2,1785382194.971036,False,False,True,False,1785382027.9052022,False,1,0,0,False
1784849457.3002179,20,1785382204.95003,37.49713893339437,0.6376424811169603,37.489127946898606,True,37.5,36.5,38.6,0.95,0.05,0.0,0.7,0.03,2,1785382214.9770067,False,True,True,True,1785382207.9052055,False,True,1,0,False
1784849457.3002179,20,1785382224.9563227,37.49179827573053,0.6377187762264438,37.46242465857938,True,37.5,36.5,38.6,0.95,0.05,0.0,0.7,0.03,2,1785382234.983794,False,True,True,False,1785382207.9052055,False,True,1,0,False
1784849457.3002179,20,1785382244.962501,37.45441367208362,0.6375661860074768,37.47844663157092,True,37.5,36.5,38.6,0.95,0.05,0.0,0.7,0.03,2,1785382254.9897077,False,False,True,False,1785382207.9052055,False,True,1,0,False
1784849457.3002179,20,1785382264.9692874,37.46776531624323,0.6378332188906691,37.45708400091554,True,37.5,36.5,38.6,0.95,0.05,0.0,0.7,0.03,2,1785382274.9974585,False,True,True,False,1785382207.9052055,False,True,1,0,False
1784849457.3002179,20,1785382284.9768322,37.45975432974747,0.6376234073395896,37.44907301441978,True,37.5,36.5,38.6,0.95,0.05,0.0,0.7,0.03,2,1785382295.0043995,False,False,True,False,1785382207.9052055,False,True,1,0,False
1784849457.3002179,20,1785382304.9838746,37.49179827573053,0.6377187762264438,37.48645761806668,True,37.5,36.5,38.6,0.95,0.05,0.0,0.7,0.03,2,1785382315.0111978,False,True,True,False,1785382207.9052055,False,True,1,0,False
1784849457.3002179,20,1785382324.9901373,37.50514991989013,0.6375661860074768,37.50247959105822,True,37.5,36.5,38.6,0.95,0.05,0.0,0.7,0.03,2,1785382335.018873,False,False,True,False,1785382207.9052055,False,1,0,0,False
1784849457.3002179,20,1785382344.996385,37.507820248722055,0.638004882887007,37.50247959105822,True,37.5,36.5,38.6,0.95,0.05,0.0,0.7,0.03,2,1785382355.0232668,False,False,True,False,1785382207.9052055,False,1,0,0,False
1784849457.3002179,20,1785382365.0026536,37.483787289234755,0.6379476615548942,37.513160906385906,True,37.5,36.5,38.6,0.95,0.05,0.0,0.7,0.03,2,1785382375.0299768,False,True,True,False,1785382207.9052055,False,True,1,0,False
1784849457.3002179,20,1785382385.0088284,37.513160906385906,0.6374708171206226,37.54253452353704,True,37.5,36.5,38.6,0.95,0.05,0.0,0.7,0.03,2,1785382395.0394526,False,True,True,True,1785382387.9052153,False,1,0,0,False
1784849457.3002179,20,1785382405.0151978,37.507820248722055,0.6375852597848478,37.50514991989013,True,37.5,36.5,38.6,0.95,0.05,0.0,0.7,0.03,2,1785382415.0431635,False,True,True,False,1785382387.9052153,False,1,0,0,False
1784849457.3002179,20,1785382425.0214124,37.48645761806668,0.6375661860074768,37.50514991989013,True,37.5,36.5,38.6,0.95,0.05,0.0,0.7,0.03,2,1785382435.0483274,False,True,True,False,1785382387.9052153,False,True,1,0,False
1784849457.3002179,20,1785382445.0276654,37.49179827573053,0.6376424811169603,37.51583123521782,True,37.5,36.5,38.6,0.95,0.05,0.0,0.7,0.03,2,1785382455.055065,False,True,True,False,1785382387.9052153,False,True,1,0,False
1784849457.3002179,20,1785382465.0346525,37.49446860456244,0.6374517433432517,37.46776531624323,True,37.5,36.5,38.6,0.95,0.05,0.0,0.7,0.03,2,1785382475.0647912,False,False,True,False,1785382387.9052153,False,True,1,0,False
1784849457.3002179,20,1785382485.0429227,37.47577630273899,0.6376615548943313,37.48645761806668,True,37.5,36.5,38.6,0.95,0.05,0.0,0.7,0.03,2,1785382495.0722463,False,True,True,False,1785382387.9052153,False,True,1,0,False
1784849457.3002179,20,1785382505.0499976,37.49713893339437,0.6376043335622187,37.48645761806668,True,37.5,36.5,38.6,0.95,0.05,0.0,0.7,0.03,2,1785382515.0781958,False,True,True,False,1785382387.9052153,False,True,1,0,False
1784849457.3002179,20,1785382525.0563502,37.489127946898606,0.6376043335622187,37.507820248722055,True,37.5,36.5,38.6,0.95,0.05,0.0,0.7,0.03,2,1785382535.0837443,False,False,True,False,1785382387.9052153,False,True,1,0,False
1784849457.3002179,20,1785382545.0633936,37.507820248722055,0.6377187762264438,37.50247959105822,True,37.5,36.5,38.6,0.95,0.05,0.0,0.7,0.03,2,1785382555.0917003,False,True,True,False,1785382387.9052153,False,1,0,0,False
1784849457.3002179,20,1785382565.0712187,37.526512550545505,0.6378713664454108,37.50247959105822,True,37.5,36.5,38.6,0.95,0.05,0.0,0.7,0.03,2,1785382575.0998437,False,True,True,True,1785382567.9052396,False,1,0,0,False
1784849457.3002179,20,1785382585.07894,37.507820248722055,0.637699702449073,37.50514991989013,True,37.5,36.5,38.6,0.95,0.05,0.0,0.7,0.03,2,1785382595.1074407,False,True,True,False,1785382567.9052396,False,1,0,0,False
1784849457.3002179,20,1785382605.0866504,37.507820248722055,0.6378141451132983,37.51583123521782,True,37.5,36.5,38.6,0.95,0.05,0.0,0.7,0.03,2,1785382615.1150818,False,True,True,False,1785382567.9052396,False,1,0,0,False
1784849457.3002179,20,1785382625.0944085,37.49179827573053,0.6376424811169603,37.49980926222629,True,37.5,36.5,38.6,0.95,0.05,0.0,0.7,0.03,2,1785382635.1257877,False,False,True,False,1785382567.9052396,False,True,1,0,False
1784849457.3002179,20,1785382645.102418,37.47577630273899,0.6376615548943313,37.49980926222629,True,37.5,36.5,38.6,0.95,0.05,0.0,0.7,0.03,2,1785382655.131775,False,False,True,False,1785382567.9052396,False,True,1,0,False
1784849457.3002179,20,1785382665.1108153,37.489127946898606,0.6376043335622187,37.489127946898606,True,37.5,36.5,38.6,0.95,0.05,0.0,0.7,0.03,2,1785382675.1394706,False,True,True,False,1785382567.9052396,False,True,1,0,False
1784849457.3002179,20,1785382685.1185012,37.45975432974747,0.6374326695658808,37.50247959105822,True,37.5,36.5,38.6,0.95,0.05,0.0,0.7,0.03,2,1785382695.1471112,False,True,True,False,1785382567.9052396,False,True,1,0,False
1784849457.3002179,20,1785382705.1262841,37.48645761806668,0.6375661860074768,37.47577630273899,True,37.5,36.5,38.6,0.95,0.05,0.0,0.7,0.03,2,1785382715.1555443,False,False,True,False,1785382567.9052396,False,True,1,0,False
1784849457.3002179,20,1785382725.1347215,37.483787289234755,0.6374326695658808,37.49179827573053,True,37.5,36.5,38.6,0.95,0.05,0.0,0.7,0.03,2,1785382735.1628275,False,False,True,False,1785382567.9052396,False,True,1,0,False
1784849457.3002179,20,1785382745.1417382,37.48645761806668,0.6374326695658808,37.52918287937743,True,37.5,36.5,38.6,0.95,0.05,0.0,0.7,0.03,2,1785382755.1695774,False,False,True,True,1785382747.9052706,False,True,1,0,False
1784849457.3002179,20,1785382765.1489081,37.51583123521782,0.6376043335622187,37.53986419470512,True,37.5,36.5,38.6,0.95,0.05,0.0,0.7,0.03,2,1785382775.1776674,False,False,True,False,1785382747.9052706,False,1,0,0,False
1784849457.3002179,20,1785382785.156596,37.52384222171359,0.6379667353322652,37.50514991989013,True,37.5,36.5,38.6,0.95,0.05,0.0,0.7,0.03,2,1785382795.1846788,False,True,True,False,1785382747.9052706,False,1,0,0,False
1784849457.3002179,20,1785382805.1643834,37.53452353704128,0.6376234073395896,37.531853208209355,True,37.5,36.5,38.6,0.95,0.05,0.0,0.7,0.03,2,1785382815.1928291,False,False,True,False,1785382747.9052706,False,1,0,0,False
1784849457.3002179,20,1785382825.1714816,37.513160906385906,0.6379285877775235,37.52117189288167,True,37.5,36.5,38.6,0.95,0.05,0.0,0.7,0.03,2,1785382835.198379,False,True,True,False,1785382747.9052706,False,1,0,0,False
1784849457.3002179,20,1785382845.1776729,37.507820248722055,0.6373754482337682,37.51583123521782,True,37.5,36.5,38.6,0.95,0.05,0.0,0.7,0.03,2,1785382855.2045717,False,True,True,False,1785382747.9052706,False,1,0,0,False
1784849457.3002179,20,1785382865.1839895,37.50514991989013,0.6375661860074768,37.526512550545505,True,37.5,36.5,38.6,0.95,0.05,0.0,0.7,0.03,2,1785382875.2108104,False,True,True,False,1785382747.9052706,False,1,0,0,False
1784849457.3002179,20,1785382885.1902502,37.50247959105822,0.6377950713359273,37.49713893339437,True,37.5,36.5,38.6,0.95,0.05,0.0,0.7,0.03,2,1785382895.2200904,False,True,True,False,1785382747.9052706,False,1,0,0,False
1784849457.3002179,20,1785382905.1967077,37.465094987411305,0.6373182269016556,37.465094987411305,True,37.5,36.5,38.6,0.95,0.05,0.0,0.7,0.03,2,1785382915.226329,False,False,True,False,1785382747.9052706,False,True,1,0,False
1784849457.3002179,20,1785382925.2039735,37.46242465857938,0.6375089646753643,37.44907301441978,True,37.5,36.5,38.6,0.95,0.05,0.0,0.7,0.03,2,1785382935.2344255,False,False,True,True,1785382927.9052901,False,True,1,0,False
1784849457.3002179,20,1785382945.2112913,37.43305104142824,0.6377187762264438,37.44907301441978,True,37.5,36.5,38.6,0.95,0.05,0.0,0.7,0.03,2,1785382955.2391505,False,False,True,False,1785382927.9052901,False,True,1,0,False
1784849457.3002179,20,1785382965.2187784,37.446402685587856,0.6373563744563974,37.45975432974747,True,37.5,36.5,38.6,0.95,0.05,0.0,0.7,0.03,2,1785382975.2468436,False,True,True,False,1785382927.9052901,False,True,1,0,False
1784849457.3002179,20,1785382985.2257688,37.470435645075156,0.6376043335622187,37.46242465857938,True,37.5,36.5,38.6,0.95,0.05,0.0,0.7,0.03,2,1785382995.2581775,False,False,True,False,1785382927.9052901,False,True,1,0,False
1784849457.3002179,20,1785383005.232153,37.50247959105822,0.6375089646753643,37.47844663157092,True,37.5,36.5,38.6,0.95,0.05,0.0,0.7,0.03,2,1785383015.2594543,False,True,True,False,1785382927.9052901,False,1,0,0,False
1784849457.3002179,20,1785383025.2384167,37.507820248722055,0.6372610055695429,37.489127946898606,True,37.5,36.5,38.6,0.95,0.05,0.0,0.7,0.03,2,1785383035.2657557,False,True,True,False,1785382927.9052901,False,1,0,0,False
1784849457.3002179,20,1785383045.2450087,37.51850156404974,0.6374326695658808,37.50514991989013,True,37.5,36.5,38.6,0.95,0.05,0.0,0.7,0.03,2,1785383055.2721307,False,False,True,False,1785382927.9052901,False,1,0,0,False
1784849457.3002179,20,1785383065.2513075,37.51049057755398,0.6373754482337682,37.51583123521782,True,37.5,36.5,38.6,0.95,0.05,0.0,0.7,0.03,2,1785383075.278509,False,False,True,False,1785382927.9052901,False,1,0,0,False
1784849457.3002179,20,1785383085.2576203,37.507820248722055,0.6374517433432517,37.47577630273899,True,37.5,36.5,38.6,0.95,0.05,0.0,0.7,0.03,2,1785383095.2849376,False,False,True,False,1785382927.9052901,False,1,0,0,False
1784849457.3002179,20,1785383105.263918,37.50247959105822,0.6375471122301061,37.49179827573053,True,37.5,36.5,38.6,0.95,0.05,0.0,0.7,0.03,2,1785383115.290972,False,True,True,True,1785383107.9053202,False,1,0,0,False
1784849457.3002179,20,1785383125.2702823,37.47310597390707,0.637699702449073,37.465094987411305,True,37.5,36.5,38.6,0.95,0.05,0.0,0.7,0.03,2,1785383135.2975957,False,False,True,False,1785383107.9053202,False,True,1,0,False
1784849457.3002179,20,1785383145.2765691,37.44907301441978,0.6375661860074768,37.47577630273899,True,37.5,36.5,38.6,0.95,0.05,0.0,0.7,0.03,2,1785383155.303462,False,False,True,False,1785383107.9053202,False,True,1,0,False
1784849457.3002179,20,1785383165.2829561,37.47310597390707,0.6374135957885099,37.465094987411305,True,37.5,36.5,38.6,0.95,0.05,0.0,0.7,0.03,2,1785383175.3102682,False,True,True,False,1785383107.9053202,False,True,1,0,False
1784849457.3002179,20,1785383185.2892191,37.470435645075156,0.6373945220111391,37.446402685587856,True,37.5,36.5,38.6,0.95,0.05,0.0,0.7,0.03,2,1785383195.317515,False,True,True,False,1785383107.9053202,False,True,1,0,False
1784849457.3002179,20,1785383205.296308,37.49713893339437,0.6372800793469139,37.483787289234755,True,37.5,36.5,38.6,0.95,0.05,0.0,0.7,0.03,2,1785383215.324407,False,False,True,False,1785383107.9053202,False,True,1,0,False
1784849457.3002179,20,1785383225.3033073,37.48645761806668,0.6372610055695429,37.47844663157092,True,37.5,36.5,38.6,0.95,0.05,0.0,0.7,0.03,2,1785383235.3301716,False,False,True,False,1785383107.9053202,False,True,1,0,False
1784849457.3002179,20,1785383245.3094597,37.513160906385906,0.6373373006790264,37.49980926222629,True,37.5,36.5,38.6,0.95,0.05,0.0,0.7,0.03,2,1785383255.3388073,False,True,True,False,1785383107.9053202,False,1,0,0,False
1784849457.3002179,20,1785383265.3157554,37.49980926222629,0.6374135957885099,37.51583123521782,True,37.5,36.5,38.6,0.95,0.05,0.0,0.7,0.03,2,1785383275.344271,False,False,True,False,1785383107.9053202,False,True,1,0,False
1784849457.3002179,20,1785383285.322798,37.550545510032805,0.6375280384527352,37.513160906385906,True,37.5,36.5,38.6,0.95,0.05,0.0,0.7,0.03,2,1785383295.3531382,False,True,True,True,1785383287.9053383,False,1,0,0,False
1784849457.3002179,20,1785383305.3306303,37.51850156404974,0.6373563744563974,37.513160906385906,True,37.5,36.5,38.6,0.95,0.05,0.0,0.7,0.03,2,1785383315.3618731,False,True,True,False,1785383287.9053383,False,1,0,0,False
1784849457.3002179,20,1785383325.3389597,37.483787289234755,0.6374898908979933,37.49713893339437,True,37.5,36.5,38.6,0.95,0.05,0.0,0.7,0.03,2,1785383335.3670251,False,False,True,False,1785383287.9053383,False,True,1,0,False
1784849457.3002179,20,1785383345.350053,37.48645761806668,0.6372991531242848,37.51850156404974,True,37.5,36.5,38.6,0.95,0.05,0.0,0.7,0.03,2,1785383355.382847,False,True,True,False,1785383287.9053383,False,True,1,0,False
1784849457.3002179,20,1785383365.3604534,37.49980926222629,0.637699702449073,37.49179827573053,True,37.5,36.5,38.6,0.95,0.05,0.0,0.7,0.03,2,1785383375.3904347,False,False,True,False,1785383287.9053383,False,True,1,0,False
1784849457.3002179,20,1785383385.3670852,37.49713893339437,0.6374517433432517,37.489127946898606,True,37.5,36.5,38.6,0.95,0.05,0.0,0.7,0.03,2,1785383395.394431,False,True,True,False,1785383287.9053383,False,True,1,0,False
1784849457.3002179,20,1785383405.374094,37.49713893339437,0.6376234073395896,37.49980926222629,True,37.5,36.5,38.6,0.95,0.05,0.0,0.7,0.03,2,1785383415.4035575,False,False,True,False,1785383287.9053383,False,True,1,0,False
1784849457.3002179,20,1785383425.381324,37.52384222171359,0.6375089646753643,37.50514991989013,True,37.5,36.5,38.6,0.95,0.05,0.0,0.7,0.03,2,1785383435.408379,False,False,True,False,1785383287.9053383,False,1,0,0,False
1784849457.3002179,20,1785383445.3876944,37.53986419470512,0.6371847104600594,37.531853208209355,True,37.5,36.5,38.6,0.95,0.05,0.0,0.7,0.03,2,1785383455.4151967,False,False,True,False,1785383287.9053383,False,1,0,0,False
1784849457.3002179,20,1785383465.3940268,37.53719386587319,0.6370893415732052,37.531853208209355,True,37.5,36.5,38.6,0.95,0.05,0.0,0.7,0.03,2,1785383475.424478,False,True,True,True,1785383467.9053714,False,1,0,0,False
1784849457.3002179,20,1785383485.4013512,37.54520485236897,0.6376424811169603,37.51850156404974,True,37.5,36.5,38.6,0.95,0.05,0.0,0.7,0.03,2,1785383495.4320505,False,True,True,False,1785383467.9053714,False,1,0,0,False
1784849457.3002179,20,1785383505.408013,37.52384222171359,0.6375089646753643,37.513160906385906,True,37.5,36.5,38.6,0.95,0.05,0.0,0.7,0.03,2,1785383515.4352612,False,True,True,False,1785383467.9053714,False,1,0,0,False
1784849457.3002179,20,1785383525.4150097,37.49980926222629,0.6376043335622187,37.465094987411305,True,37.5,36.5,38.6,0.95,0.05,0.0,0.7,0.03,2,1785383535.443438,False,True,True,False,1785383467.9053714,False,True,1,0,False
1784849457.3002179,20,1785383545.4228818,37.47577630273899,0.6375852597848478,37.47577630273899,True,37.5,36.5,38.6,0.95,0.05,0.0,0.7,0.03,2,1785383555.451587,False,False,True,False,1785383467.9053714,False,True,1,0,False
1784849457.3002179,20,1785383565.4308648,37.489127946898606,0.6373373006790264,37.481116960402844,True,37.5,36.5,38.6,0.95,0.05,0.0,0.7,0.03,2,1785383575.4588108,False,False,True,False,1785383467.9053714,False,True,1,0,False
1784849457.3002179,20,1785383585.4388418,37.47577630273899,0.6373373006790264,37.47844663157092,True,37.5,36.5,38.6,0.95,0.05,0.0,0.7,0.03,2,1785383595.4684553,False,True,True,False,1785383467.9053714,False,True,1,0,False
1784849457.3002179,20,1785383605.4471197,37.470435645075156,0.6374898908979933,37.50514991989013,True,37.5,36.5,38.6,0.95,0.05,0.0,0.7,0.03,2,1785383615.4758668,False,True,True,False,1785383467.9053714,False,True,1,0,False
1784849457.3002179,20,1785383625.4549809,37.51850156404974,0.6375661860074768,37.49446860456244,True,37.5,36.5,38.6,0.95,0.05,0.0,0.7,0.03,2,1785383635.4840806,False,False,True,False,1785383467.9053714,False,1,0,0,False
1784849457.3002179,20,1785383645.4632707,37.49179827573053,0.6374708171206226,37.489127946898606,True,37.5,36.5,38.6,0.95,0.05,0.0,0.7,0.03,2,1785383655.493276,False,True,True,True,1785383647.9053943,False,True,1,0,False
1784849457.3002179,20,1785383665.4709592,37.526512550545505,0.6376043335622187,37.52117189288167,True,37.5,36.5,38.6,0.95,0.05,0.0,0.7,0.03,2,1785383675.4996774,False,True,True,False,1785383647.9053943,False,1,0,0,False
1784849457.3002179,20,1785383685.4784083,37.50247959105822,0.6374135957885099,37.50247959105822,True,37.5,36.5,38.6,0.95,0.05,0.0,0.7,0.03,2,1785383695.5059154,False,False,True,False,1785383647.9053943,False,1,0,0,False
1784849457.3002179,20,1785383705.4848142,37.49179827573053,0.6373945220111391,37.47577630273899,True,37.5,36.5,38.6,0.95,0.05,0.0,0.7,0.03,2,1785383715.5128393,False,True,True,False,1785383647.9053943,False,True,1,0,False
1784849457.3002179,20,1785383725.4910705,37.483787289234755,0.6374326695658808,37.470435645075156,True,37.5,36.5,38.6,0.95,0.05,0.0,0.7,0.03,2,1785383735.5185447,False,False,True,False,1785383647.9053943,False,True,1,0,False
1784849457.3002179,20,1785383745.4976177,37.45975432974747,0.6372800793469139,37.48645761806668,True,37.5,36.5,38.6,0.95,0.05,0.0,0.7,0.03,2,1785383755.5274808,False,False,True,False,1785383647.9053943,False,True,1,0,False
1784849457.3002179,20,1785383765.5040796,37.49980926222629,0.6371465629053178,37.48645761806668,True,37.5,36.5,38.6,0.95,0.05,0.0,0.7,0.03,2,1785383775.5331593,False,False,True,False,1785383647.9053943,False,True,1,0,False
1784849457.3002179,20,1785383785.5105944,37.49179827573053,0.6374517433432517,37.47844663157092,True,37.5,36.5,38.6,0.95,0.05,0.0,0.7,0.03,2,1785383795.5379527,False,True,True,False,1785383647.9053943,False,True,1,0,False
1784849457.3002179,20,1785383805.517038,37.48645761806668,0.6373373006790264,37.489127946898606,True,37.5,36.5,38.6,0.95,0.05,0.0,0.7,0.03,2,1785383815.546569,False,True,True,False,1785383647.9053943,False,True,1,0,False
1784849457.3002179,20,1785383825.523329,37.52384222171359,0.6375089646753643,37.51049057755398,True,37.5,36.5,38.6,0.95,0.05,0.0,0.7,0.03,2,1785383835.5524044,False,True,True,True,1785383827.9054172,False,1,0,0,False
1784849457.3002179,20,1785383845.5298092,37.53452353704128,0.6373373006790264,37.51049057755398,True,37.5,36.5,38.6,0.95,0.05,0.0,0.7,0.03,2,1785383855.5593097,False,True,True,False,1785383827.9054172,False,1,0,0,False
1784849457.3002179,20,1785383865.536139,37.50514991989013,0.6373754482337682,37.49980926222629,True,37.5,36.5,38.6,0.95,0.05,0.0,0.7,0.03,2,1785383875.564741,False,True,True,False,1785383827.9054172,False,1,0,0,False
1784849457.3002179,20,1785383885.5424721,37.49713893339437,0.6371656366826887,37.50247959105822,True,37.5,36.5,38.6,0.95,0.05,0.0,0.7,0.03,2,1785383895.569776,False,False,True,False,1785383827.9054172,False,True,1,0,False
1784849457.3002179,20,1785383905.5486932,37.48645761806668,0.6373754482337682,37.50247959105822,True,37.5,36.5,38.6,0.95,0.05,0.0,0.7,0.03,2,1785383915.5760517,False,True,True,False,1785383827.9054172,False,True,1,0,False
1784849457.3002179,20,1785383925.5550623,37.51049057755398,0.6374135957885099,37.48645761806668,True,37.5,36.5,38.6,0.95,0.05,0.0,0.7,0.03,2,1785383935.5825646,False,False,True,False,1785383827.9054172,False,1,0,0,False
1784849457.3002179,20,1785383945.561526,37.513160906385906,0.6373182269016556,37.47577630273899,True,37.5,36.5,38.6,0.95,0.05,0.0,0.7,0.03,2,1785383955.594487,False,False,True,False,1785383827.9054172,False,1,0,0,False
1784849457.3002179,20,1785383965.5681655,37.51583123521782,0.6375280384527352,37.481116960402844,True,37.5,36.5,38.6,0.95,0.05,0.0,0.7,0.03,2,1785383975.5984986,False,True,True,False,1785383827.9054172,False,1,0,0,False
1784849457.3002179,20,1785383985.5744073,37.50247959105822,0.6372991531242848,37.49980926222629,True,37.5,36.5,38.6,0.95,0.05,0.0,0.7,0.03,2,1785383995.6020317,False,True,True,False,1785383827.9054172,False,1,0,0,False
1784849457.3002179,20,1785384005.581269,37.507820248722055,0.6371465629053178,37.51583123521782,True,37.5,36.5,38.6,0.95,0.05,0.0,0.7,0.03,2,1785384015.609755,False,True,True,True,1785384007.905424,False,1,0,0,False
1784849457.3002179,20,1785384025.5894525,37.54520485236897,0.6375280384527352,37.52117189288167,True,37.5,36.5,38.6,0.95,0.05,0.0,0.7,0.03,2,1785384035.6211617,True,True,True,False,1785384007.905424,False,1,0,0,False
1784849457.3002179,20,1785384045.5976746,37.52918287937743,0.6372800793469139,37.51049057755398,True,37.5,36.5,38.6,0.95,0.05,0.0,0.7,0.03,2,1785384055.6264126,True,True,True,False,1785384007.905424,False,1,0,0,False
1784849457.3002179,20,1785384065.604888,37.531853208209355,0.6373373006790264,37.54253452353704,True,37.5,36.5,38.6,0.95,0.05,0.0,0.7,0.03,2,1785384075.6348279,True,False,True,False,1785384007.905424,False,1,0,0,False
1784849457.3002179,20,1785384085.6114702,37.52384222171359,0.6373563744563974,37.52384222171359,True,37.5,36.5,38.6,0.95,0.05,0.0,0.7,0.03,2,1785384095.6385758,True,False,True,False,1785384007.905424,False,1,0,0,False
1784849457.3002179,20,1785384105.6179225,37.513160906385906,0.6373945220111391,37.507820248722055,True,37.5,36.5,38.6,0.95,0.05,0.0,0.7,0.03,2,1785384115.6451945,True,False,True,False,1785384007.905424,False,1,0,0,False
1784849457.3002179,20,1785384125.6241858,37.483787289234755,0.6369939726863508,37.470435645075156,True,37.5,36.5,38.6,0.95,0.05,0.0,0.7,0.03,2,1785384135.651516,True,True,True,False,1785384007.905424,False,True,1,0,False
1784849457.3002179,20,1785384145.6305196,37.470435645075156,0.6372228580148013,37.481116960402844,True,37.5,36.5,38.6,0.95,0.05,0.0,0.7,0.03,2,1785384155.657879,True,False,True,False,1785384007.905424,False,True,1,0,False
1784849457.3002179,20,1785384165.637023,37.45174334325169,0.6374898908979933,37.48645761806668,True,37.5,36.5,38.6,0.95,0.05,0.0,0.7,0.03,2,1785384175.6644697,True,True,True,False,1785384007.905424,False,True,1,0,False
1784849457.3002179,20,1785384185.6433814,37.45975432974747,0.6369176775768673,37.47844663157092,True,37.5,36.5,38.6,0.95,0.05,0.0,0.7,0.03,2,1785384195.670733,True,True,True,True,1785384187.9054549,False,True,1,0,False
1784849457.3002179,20,1785384205.6495686,37.470435645075156,0.6371847104600594,37.489127946898606,True,37.5,36.5,38.6,0.95,0.05,0.0,0.7,0.03,2,1785384215.6773338,True,False,True,False,1785384187.9054549,False,True,1,0,False
1784849457.3002179,20,1785384225.6559284,37.48645761806668,0.6371274891279469,37.50514991989013,True,37.5,36.5,38.6,0.95,0.05,0.0,0.7,0.03,2,1785384235.6852868,True,True,True,False,1785384187.9054549,False,True,1,0,False
1784849457.3002179,20,1785384245.662265,37.470435645075156,0.6370511940184634,37.52117189288167,True,37.5,36.5,38.6,0.95,0.05,0.0,0.7,0.03,2,1785384255.6896489,True,False,True,False,1785384187.9054549,False,True,1,0,False
1784849457.3002179,20,1785384265.6685925,37.51049057755398,0.6375089646753643,37.51583123521782,True,37.5,36.5,38.6,0.95,0.05,0.0,0.7,0.03,2,1785384275.6959062,True,True,True,False,1785384187.9054549,False,1,0,0,False
1784849457.3002179,20,1785384285.6755419,37.54520485236897,0.6370511940184634,37.52918287937743,True,37.5,36.5,38.6,0.95,0.05,0.0,0.7,0.03,2,1785384295.704054,True,True,True,False,1785384187.9054549,False,1,0,0,False
1784849457.3002179,20,1785384305.682616,37.53986419470512,0.6372228580148013,37.56122682536049,True,37.5,36.5,38.6,0.95,0.05,0.0,0.7,0.03,2,1785384315.7099288,True,False,True,False,1785384187.9054549,False,1,0,0,False
1784849457.3002179,20,1785384325.6888263,37.55321583886473,0.6374326695658808,37.513160906385906,True,37.5,36.5,38.6,0.95,0.05,0.0,0.7,0.03,2,1785384335.7157524,True,False,True,False,1785384187.9054549,False,1,0,0,False
1784849457.3002179,20,1785384345.6960146,37.507820248722055,0.6369176775768673,37.53986419470512,True,37.5,36.5,38.6,0.95,0.05,0.0,0.7,0.03,2,1785384355.7242873,True,True,True,False,1785384187.9054549,False,1,0,0,False
1784849457.3002179,20,1785384365.7035327,37.50514991989013,0.6371084153505759,37.52384222171359,True,37.5,36.5,38.6,0.95,0.05,0.0,0.7,0.03,2,1785384375.738238,True,False,True,True,1785384367.9054723,False,1,0,0,False
1784849457.3002179,20,1785384385.7097323,37.481116960402844,0.6369939726863508,37.489127946898606,True,37.5,36.5,38.6,0.95,0.05,0.0,0.7,0.03,2,1785384395.7387447,True,False,True,False,1785384367.9054723,False,True,1,0,False
1784849457.3002179,20,1785384405.7168508,37.44907301441978,0.6368986037994965,37.50514991989013,True,37.5,36.5,38.6,0.95,0.05,0.0,0.7,0.03,2,1785384415.7457566,True,True,True,False,1785384367.9054723,False,True,1,0,False
1784849457.3002179,20,1785384425.7250946,37.45975432974747,0.6370321202410925,37.489127946898606,True,37.5,36.5,38.6,0.95,0.05,0.0,0.7,0.03,2,1785384435.7554078,True,True,True,False,1785384367.9054723,False,True,1,0,False
1784849457.3002179,20,1785384445.7346053,37.465094987411305,0.6370702677958343,37.50514991989013,True,37.5,36.5,38.6,0.95,0.05,0.0,0.7,0.03,2,1785384455.7630978,True,False,True,False,1785384367.9054723,False,True,1,0,False
1784849457.3002179,20,1785384465.7425463,37.489127946898606,0.6373373006790264,37.51049057755398,True,37.5,36.5,38.6,0.95,0.05,0.0,0.7,0.03,2,1785384475.7713037,True,False,True,False,1785384367.9054723,False,True,1,0,False
1784849457.3002179,20,1785384485.7505546,37.48645761806668,0.6371465629053178,37.52918287937743,True,37.5,36.5,38.6,0.95,0.05,0.0,0.7,0.03,2,1785384495.7798796,True,True,True,False,1785384367.9054723,False,True,1,0,False
1784849457.3002179,20,1785384505.7588534,37.49713893339437,0.6371274891279469,37.52918287937743,True,37.5,36.5,38.6,0.95,0.05,0.0,0.7,0.03,2,1785384515.7876973,True,False,True,False,1785384367.9054723,False,True,1,0,False
1784849457.3002179,20,1785384525.7675674,37.526512550545505,0.6369939726863508,37.513160906385906,True,37.5,36.5,38.6,0.95,0.05,0.0,0.7,0.03,2,1785384535.7971113,True,True,True,False,1785384367.9054723,False,1,0,0,False
1784849457.3002179,20,1785384545.777018,37.53986419470512,0.6372228580148013,37.54520485236897,True,37.5,36.5,38.6,0.95,0.05,0.0,0.7,0.03,2,1785384555.8059218,True,False,True,True,1785384547.905482,False,1,0,0,False
1784849457.3002179,20,1785384565.7852297,37.531853208209355,0.6367841611352713,37.53986419470512,True,37.5,36.5,38.6,0.95,0.05,0.0,0.7,0.03,2,1785384575.814913,True,False,True,False,1785384547.905482,False,1,0,0,False
1784849457.3002179,20,1785384585.7936358,37.507820248722055,0.6371847104600594,37.54253452353704,True,37.5,36.5,38.6,0.95,0.05,0.0,0.7,0.03,2,1785384595.8234549,True,True,True,False,1785384547.905482,False,1,0,0,False
1784849457.3002179,20,1785384605.800117,37.49713893339437,0.6370702677958343,37.50514991989013,True,37.5,36.5,38.6,0.95,0.05,0.0,0.7,0.03,2,1785384615.8308883,True,True,True,False,1785384547.905482,False,True,1,0,False
1784849457.3002179,20,1785384625.809966,37.45975432974747,0.636955825131609,37.52117189288167,True,37.5,36.5,38.6,0.95,0.05,0.0,0.7,0.03,2,1785384635.839912,True,True,True,False,1785384547.905482,False,True,1,0,False
1784849457.3002179,20,1785384645.8165145,37.470435645075156,0.6372037842374304,37.49446860456244,True,37.5,36.5,38.6,0.95,0.05,0.0,0.7,0.03,2,1785384655.8439844,True,True,True,False,1785384547.905482,False,True,1,0,False
1784849457.3002179,20,1785384665.8229663,37.51049057755398,0.6370321202410925,37.51583123521782,True,37.5,36.5,38.6,0.95,0.05,0.0,0.7,0.03,2,1785384675.8538682,True,True,True,False,1785384547.905482,False,1,0,0,False
1784849457.3002179,20,1785384685.830973,37.507820248722055,0.6369176775768673,37.52918287937743,True,37.5,36.5,38.6,0.95,0.05,0.0,0.7,0.03,2,1785384695.861355,True,False,True,False,1785384547.905482,False,1,0,0,False
1784849457.3002179,20,1785384705.8383749,37.513160906385906,0.6369367513542382,37.51850156404974,True,37.5,36.5,38.6,0.95,0.05,0.0,0.7,0.03,2,1785384715.865742,True,True,True,False,1785384547.905482,False,1,0,0,False
1784849457.3002179,20,1785384725.8447347,37.49980926222629,0.6371465629053178,37.51850156404974,True,37.5,36.5,38.6,0.95,0.05,0.0,0.7,0.03,2,1785384735.8791723,True,False,True,True,1785384727.9055026,False,True,1,0,False
1784849457.3002179,20,1785384745.8516564,37.48645761806668,0.6368604562447547,37.49179827573053,True,37.5,36.5,38.6,0.95,0.05,0.0,0.7,0.03,2,1785384755.880442,True,False,True,False,1785384727.9055026,False,True,1,0,False
1784849457.3002179,20,1785384765.8590553,37.50514991989013,0.6371656366826887,37.51850156404974,True,37.5,36.5,38.6,0.95,0.05,0.0,0.7,0.03,2,1785384775.8898752,True,True,True,False,1785384727.9055026,False,1,0,0,False
1784849457.3002179,20,1785384785.8653736,37.48645761806668,0.6371274891279469,37.51583123521782,True,37.5,36.5,38.6,0.95,0.05,0.0,0.7,0.03,2,1785384795.8926315,True,False,True,False,1785384727.9055026,False,True,1,0,False
1784849457.3002179,20,1785384805.8715792,37.507820248722055,0.6368604562447547,37.50514991989013,True,37.5,36.5,38.6,0.95,0.05,0.0,0.7,0.03,2,1785384815.8991141,True,True,True,False,1785384727.9055026,False,1,0,0,False
1784849457.3002179,20,1785384825.878001,37.513160906385906,0.6370130464637217,37.51583123521782,True,37.5,36.5,38.6,0.95,0.05,0.0,0.7,0.03,2,1785384835.9071355,True,True,True,False,1785384727.9055026,False,1,0,0,False
1784849457.3002179,20,1785384845.8842952,37.513160906385906,0.6368795300221255,37.49446860456244,True,37.5,36.5,38.6,0.95,0.05,0.0,0.7,0.03,2,1785384855.9113207,True,True,True,False,1785384727.9055026,False,1,0,0,False
1784849457.3002179,20,1785384865.8905516,37.49980926222629,0.636822308690013,37.49980926222629,True,37.5,36.5,38.6,0.95,0.05,0.0,0.7,0.03,2,1785384875.920256,True,True,True,False,1785384727.9055026,False,True,1,0,False
1784849457.3002179,20,1785384885.8971462,37.48645761806668,0.6371274891279469,37.513160906385906,True,37.5,36.5,38.6,0.95,0.05,0.0,0.7,0.03,2,1785384895.9242194,True,True,True,False,1785384727.9055026,False,True,1,0,False
1784849457.3002179,20,1785384905.9034553,37.470435645075156,0.6369367513542382,37.507820248722055,True,37.5,36.5,38.6,0.95,0.05,0.0,0.7,0.03,2,1785384915.9361343,True,False,True,True,1785384907.9055393,False,True,1,0,False
1784849457.3002179,20,1785384925.9105742,37.46242465857938,0.6367841611352713,37.513160906385906,True,37.5,36.5,38.6,0.95,0.05,0.0,0.7,0.03,2,1785384935.9395053,True,True,True,False,1785384907.9055393,False,True,1,0,False
1784849457.3002179,20,1785384945.9179387,37.49179827573053,0.6371274891279469,37.53452353704128,True,37.5,36.5,38.6,0.95,0.05,0.0,0.7,0.03,2,1785384955.945216,True,False,True,False,1785384907.9055393,False,True,1,0,False
1784849457.3002179,20,1785384965.924191,37.49980926222629,0.6370321202410925,37.513160906385906,True,37.5,36.5,38.6,0.95,0.05,0.0,0.7,0.03,2,1785384975.9514763,True,True,True,False,1785384907.9055393,False,True,1,0,False
1784849457.3002179,20,1785384985.9304736,37.53452353704128,0.6369176775768673,37.52117189288167,True,37.5,36.5,38.6,0.95,0.05,0.0,0.7,0.03,2,1785384995.9573908,True,False,True,False,1785384907.9055393,False,1,0,0,False
1784849457.3002179,20,1785385005.9367285,37.52918287937743,0.6366315709163043,37.55321583886473,True,37.5,36.5,38.6,0.95,0.05,0.0,0.7,0.03,2,1785385015.9636502,True,True,True,False,1785384907.9055393,False,1,0,0,False
1784849457.3002179,20,1785385025.9430113,37.550545510032805,0.6370702677958343,37.54787518120088,True,37.5,36.5,38.6,0.95,0.05,0.0,0.7,0.03,2,1785385035.9707725,True,True,True,False,1785384907.9055393,False,1,0,0,False
1784849457.3002179,20,1785385045.9503822,37.507820248722055,0.6371847104600594,37.54253452353704,True,37.5,36.5,38.6,0.95,0.05,0.0,0.7,0.03,2,1785385055.980766,True,True,True,False,1785384907.9055393,False,1,0,0,False
1784849457.3002179,20,1785385065.9601293,37.51049057755398,0.6366124971389334,37.51583123521782,True,37.5,36.5,38.6,0.95,0.05,0.0,0.7,0.03,2,1785385075.9894698,True,True,True,False,1785384907.9055393,False,1,0,0,False
1784849457.3002179,20,1785385085.9689744,37.48645761806668,0.636955825131609,37.507820248722055,True,37.5,36.5,38.6,0.95,0.05,0.0,0.7,0.03,2,1785385095.9983191,True,True,True,True,1785385087.9055588,False,True,1,0,False
1784849457.3002179,20,1785385105.9770887,37.470435645075156,0.6365934233615625,37.48645761806668,True,37.5,36.5,38.6,0.95,0.05,0.0,0.7,0.03,2,1785385116.0055149,True,True,True,False,1785385087.9055588,False,True,1,0,False
1784849457.3002179,20,1785385125.9855974,37.46242465857938,0.636669718471046,37.470435645075156,True,37.5,36.5,38.6,0.95,0.05,0.0,0.7,0.03,2,1785385136.0154784,True,True,True,False,1785385087.9055588,False,True,1,0,False
1784849457.3002179,20,1785385145.9930634,37.45975432974747,0.636955825131609,37.48645761806668,True,37.5,36.5,38.6,0.95,0.05,0.0,0.7,0.03,2,1785385156.0200367,True,True,True,False,1785385087.9055588,False,True,1,0,False
1784849457.3002179,20,1785385165.9994972,37.49446860456244,0.63697489890898,37.47577630273899,True,37.5,36.5,38.6,0.95,0.05,0.0,0.7,0.03,2,1785385176.0274043,True,True,True,False,1785385087.9055588,False,True,1,0,False
1784849457.3002179,20,1785385186.0057516,37.50247959105822,0.6367078660257878,37.489127946898606,True,37.5,36.5,38.6,0.95,0.05,0.0,0.7,0.03,2,1785385196.033098,True,True,True,False,1785385087.9055588,False,1,0,0,False
1784849457.3002179,20,1785385206.012079,37.50247959105822,0.6370702677958343,37.49446860456244,True,37.5,36.5,38.6,0.95,0.05,0.0,0.7,0.03,2,1785385216.0394545,True,False,True,False,1785385087.9055588,False,1,0,0,False
1784849457.3002179,20,1785385226.0185127,37.513160906385906,0.6369367513542382,37.483787289234755,True,37.5,36.5,38.6,0.95,0.05,0.0,0.7,0.03,2,1785385236.0457559,True,True,True,False,1785385087.9055588,False,1,0,0,False
1784849457.3002179,20,1785385246.0247412,37.51850156404974,0.6368413824673839,37.50514991989013,True,37.5,36.5,38.6,0.95,0.05,0.0,0.7,0.03,2,1785385256.052038,True,True,True,False,1785385087.9055588,False,1,0,0,False
1784849457.3002179,20,1785385266.0310736,37.489127946898606,0.6370893415732052,37.526512550545505,True,37.5,36.5,38.6,0.95,0.05,0.0,0.7,0.03,2,1785385276.0584242,True,False,True,True,1785385267.9055605,False,True,1,0,False
1784849457.3002179,20,1785385286.0373302,37.47577630273899,0.6370702677958343,37.48645761806668,True,37.5,36.5,38.6,0.95,0.05,0.0,0.7,0.03,2,1785385296.0646746,True,True,True,False,1785385267.9055605,False,True,1,0,False
1784849457.3002179,20,1785385306.0436862,37.481116960402844,0.6369176775768673,37.50247959105822,True,37.5,36.5,38.6,0.95,0.05,0.0,0.7,0.03,2,1785385316.0710049,True,False,True,False,1785385267.9055605,False,True,1,0,False
1784849457.3002179,20,1785385326.0499835,37.49980926222629,0.6367269398031585,37.50247959105822,True,37.5,36.5,38.6,0.95,0.05,0.0,0.7,0.03,2,1785385336.0773711,True,True,True,False,1785385267.9055605,False,True,1,0,False
1784849457.3002179,20,1785385346.056286,37.507820248722055,0.6371656366826887,37.49713893339437,True,37.5,36.5,38.6,0.95,0.05,0.0,0.7,0.03,2,1785385356.0841453,True,True,True,False,1785385267.9055605,False,1,0,0,False
1784849457.3002179,20,1785385366.0634596,37.47310597390707,0.6367269398031585,37.481116960402844,True,37.5,36.5,38.6,0.95,0.05,0.0,0.7,0.03,2,1785385376.0923922,True,True,True,False,1785385267.9055605,False,True,1,0,False
1784849457.3002179,20,1785385386.0697398,37.48645761806668,0.636669718471046,37.49446860456244,True,37.5,36.5,38.6,0.95,0.05,0.0,0.7,0.03,2,1785385396.0972605,True,True,True,False,1785385267.9055605,False,True,1,0,False
1784849457.3002179,20,1785385406.0760455,37.49179827573053,0.6367841611352713,37.47844663157092,True,37.5,36.5,38.6,0.95,0.05,0.0,0.7,0.03,2,1785385416.1034238,True,False,True,False,1785385267.9055605,False,True,1,0,False
1784849457.3002179,20,1785385426.0823479,37.50247959105822,0.6368986037994965,37.50514991989013,True,37.5,36.5,38.6,0.95,0.05,0.0,0.7,0.03,2,1785385436.1100688,True,False,True,False,1785385267.9055605,False,1,0,0,False
1784849457.3002179,20,1785385446.0885704,37.52384222171359,0.6370511940184634,37.526512550545505,True,37.5,36.5,38.6,0.95,0.05,0.0,0.7,0.03,2,1785385456.115453,True,True,True,True,1785385447.9055953,False,1,0,0,False
1784849457.3002179,20,1785385466.0957448,37.51583123521782,0.6370702677958343,37.531853208209355,True,37.5,36.5,38.6,0.95,0.05,0.0,0.7,0.03,2,1785385476.124991,True,True,True,False,1785385447.9055953,False,1,0,0,False
1784849457.3002179,20,1785385486.1039283,37.49713893339437,0.6364789806973373,37.507820248722055,True,37.5,36.5,38.6,0.95,0.05,0.0,0.7,0.03,2,1785385496.1328835,True,True,True,False,1785385447.9055953,False,True,1,0,False
1784849457.3002179,20,1785385506.1118534,37.513160906385906,0.63697489890898,37.49179827573053,True,37.5,36.5,38.6,0.95,0.05,0.0,0.7,0.03,2,1785385516.1412802,True,True,True,False,1785385447.9055953,False,1,0,0,False
1784849457.3002179,20,1785385526.119621,37.51583123521782,0.6370511940184634,37.481116960402844,True,37.5,36.5,38.6,0.95,0.05,0.0,0.7,0.03,2,1785385536.151972,True,True,True,False,1785385447.9055953,False,1,0,0,False
1784849457.3002179,20,1785385546.1258264,37.49179827573053,0.6367460135805295,37.47577630273899,True,37.5,36.5,38.6,0.95,0.05,0.0,0.7,0.03,2,1785385556.1531677,True,True,True,False,1785385447.9055953,False,True,1,0,False
1784849457.3002179,20,1785385566.1321082,37.483787289234755,0.6367269398031585,37.47577630273899,True,37.5,36.5,38.6,0.95,0.05,0.0,0.7,0.03,2,1785385576.1594746,True,False,True,False,1785385447.9055953,False,True,1,0,False
1784849457.3002179,20,1785385586.138498,37.465094987411305,0.6367078660257878,37.47844663157092,True,37.5,36.5,38.6,0.95,0.05,0.0,0.7,0.03,2,1785385596.1658022,True,True,True,False,1785385447.9055953,False,True,1,0,False
1784849457.3002179,20,1785385606.1447577,37.49179827573053,0.6364980544747081,37.483787289234755,True,37.5,36.5,38.6,0.95,0.05,0.0,0.7,0.03,2,1785385616.1720963,True,False,True,False,1785385447.9055953,False,True,1,0,False
1784849457.3002179,20,1785385626.1510737,37.481116960402844,0.6367650873579004,37.50514991989013,True,37.5,36.5,38.6,0.95,0.05,0.0,0.7,0.03,2,1785385636.1779933,True,True,True,True,1785385627.905605,False,True,1,0,False
1784849457.3002179,20,1785385646.1572323,37.48645761806668,0.636803234912642,37.52117189288167,True,37.5,36.5,38.6,0.95,0.05,0.0,0.7,0.03,2,1785385656.1844895,True,False,True,False,1785385627.905605,False,True,1,0,False
1784849457.3002179,20,1785385666.1635478,37.49446860456244,0.6369367513542382,37.51583123521782,True,37.5,36.5,38.6,0.95,0.05,0.0,0.7,0.03,2,1785385676.190457,True,True,True,False,1785385627.905605,False,True,1,0,False
1784849457.3002179,20,1785385686.1697662,37.52384222171359,0.6366124971389334,37.52918287937743,True,37.5,36.5,38.6,0.95,0.05,0.0,0.7,0.03,2,1785385696.1970937,True,True,True,False,1785385627.905605,False,1,0,0,False
1784849457.3002179,20,1785385706.1761086,37.52918287937743,0.6367460135805295,37.54520485236897,True,37.5,36.5,38.6,0.95,0.05,0.0,0.7,0.03,2,1785385716.2034013,True,False,True,False,1785385627.905605,False,1,0,0,False
1784849457.3002179,20,1785385726.1824145,37.55321583886473,0.6368986037994965,37.513160906385906,True,37.5,36.5,38.6,0.95,0.05,0.0,0.7,0.03,2,1785385736.209245,True,True,True,False,1785385627.905605,False,1,0,0,False
1784849457.3002179,20,1785385746.1886127,37.53452353704128,0.6365171282520791,37.550545510032805,True,37.5,36.5,38.6,0.95,0.05,0.0,0.7,0.03,2,1785385756.216005,True,False,True,False,1785385627.905605,False,1,0,0,False
1784849457.3002179,20,1785385766.1968555,37.526512550545505,0.6367269398031585,37.513160906385906,True,37.5,36.5,38.6,0.95,0.05,0.0,0.7,0.03,2,1785385776.226739,True,True,True,False,1785385627.905605,False,1,0,0,False
1784849457.3002179,20,1785385786.2056096,37.507820248722055,0.6367841611352713,37.49446860456244,True,37.5,36.5,38.6,0.95,0.05,0.0,0.7,0.03,2,1785385796.2328367,True,True,True,False,1785385627.905605,False,1,0,0,False
1784849457.3002179,20,1785385806.2118478,37.481116960402844,0.6369176775768673,37.47844663157092,True,37.5,36.5,38.6,0.95,0.05,0.0,0.7,0.03,2,1785385816.2392359,True,False,True,True,1785385807.9056165,False,True,1,0,False
1784849457.3002179,20,1785385826.2181807,37.465094987411305,0.6367460135805295,37.47310597390707,True,37.5,36.5,38.6,0.95,0.05,0.0,0.7,0.03,2,1785385836.246198,True,False,True,False,1785385807.9056165,False,True,1,0,False
1784849457.3002179,20,1785385846.2260299,37.44907301441978,0.6366887922484169,37.47310597390707,True,37.5,36.5,38.6,0.95,0.05,0.0,0.7,0.03,2,1785385856.254841,True,True,True,False,1785385807.9056165,False,True,1,0,False
1784849457.3002179,20,1785385866.2336164,37.46242465857938,0.636955825131609,37.47844663157092,True,37.5,36.5,38.6,0.95,0.05,0.0,0.7,0.03,2,1785385876.2617748,True,True,True,False,1785385807.9056165,False,True,1,0,False
1784849457.3002179,20,1785385886.2398932,37.470435645075156,0.6368413824673839,37.470435645075156,True,37.5,36.5,38.6,0.95,0.05,0.0,0.7,0.03,2,1785385896.2672558,True,False,True,False,1785385807.9056165,False,True,1,0,False
1784849457.3002179,20,1785385906.2515445,37.49179827573053,0.6366887922484169,37.49179827573053,True,37.5,36.5,38.6,0.95,0.05,0.0,0.7,0.03,2,1785385916.2840357,True,True,True,False,1785385807.9056165,False,True,1,0,False
1784849457.3002179,20,1785385926.2629433,37.51049057755398,0.6364980544747081,37.53986419470512,True,37.5,36.5,38.6,0.95,0.05,0.0,0.7,0.03,2,1785385936.2909434,True,True,True,False,1785385807.9056165,False,1,0,0,False
1784849457.3002179,20,1785385946.2692244,37.52918287937743,0.6370321202410925,37.51850156404974,True,37.5,36.5,38.6,0.95,0.05,0.0,0.7,0.03,2,1785385956.300521,True,True,True,False,1785385807.9056165,False,1,0,0,False
1784849457.3002179,20,1785385966.275927,37.55321583886473,0.6364789806973373,37.513160906385906,True,37.5,36.5,38.6,0.95,0.05,0.0,0.7,0.03,2,1785385976.3032784,True,True,True,False,1785385807.9056165,False,1,0,0,False
1784849457.3002179,20,1785385986.2822208,37.52384222171359,0.6367269398031585,37.51583123521782,True,37.5,36.5,38.6,0.95,0.05,0.0,0.7,0.03,2,1785385996.3094454,True,False,True,True,1785385987.9056475,False,1,0,0,False
1784849457.3002179,20,1785386006.2939515,37.50247959105822,0.6364789806973373,37.51583123521782,True,37.5,36.5,38.6,0.95,0.05,0.0,0.7,0.03,2,1785386016.3270664,True,True,True,False,1785385987.9056475,False,1,0,0,False
1784849457.3002179,20,1785386026.3067932,37.507820248722055,0.636669718471046,37.50514991989013,True,37.5,36.5,38.6,0.95,0.05,0.0,0.7,0.03,2,1785386036.3359935,True,True,True,False,1785385987.9056475,False,1,0,0,False
1784849457.3002179,20,1785386046.316245,37.48645761806668,0.636669718471046,37.47844663157092,True,37.5,36.5,38.6,0.95,0.05,0.0,0.7,0.03,2,1785386056.3454535,True,True,True,False,1785385987.9056475,False,True,1,0,False
1784849457.3002179,20,1785386066.3247175,37.489127946898606,0.6369176775768673,37.489127946898606,True,37.5,36.5,38.6,0.95,0.05,0.0,0.7,0.03,2,1785386076.3537655,True,False,True,False,1785385987.9056475,False,True,1,0,False
1784849457.3002179,20,1785386086.333006,37.470435645075156,0.6366315709163043,37.47577630273899,True,37.5,36.5,38.6,0.95,0.05,0.0,0.7,0.03,2,1785386096.3642747,True,True,True,False,1785385987.9056475,False,True,1,0,False
1784849457.3002179,20,1785386106.3418858,37.48645761806668,0.6367078660257878,37.49713893339437,True,37.5,36.5,38.6,0.95,0.05,0.0,0.7,0.03,2,1785386116.3695707,True,True,True,False,1785385987.9056475,False,True,1,0,False
1784849457.3002179,20,1785386126.349377,37.49446860456244,0.6367460135805295,37.48645761806668,True,37.5,36.5,38.6,0.95,0.05,0.0,0.7,0.03,2,1785386136.379304,True,True,True,False,1785385987.9056475,False,True,1,0,False
1784849457.3002179,20,1785386146.357099,37.513160906385906,0.6362882429236286,37.507820248722055,True,37.5,36.5,38.6,0.95,0.05,0.0,0.7,0.03,2,1785386156.3837757,True,True,True,False,1785385987.9056475,False,1,0,0,False
1784849457.3002179,20,1785386166.3634732,37.52117189288167,0.6367078660257878,37.507820248722055,True,37.5,36.5,38.6,0.95,0.05,0.0,0.7,0.03,2,1785386176.390868,True,True,True,True,1785386167.9056628,False,1,0,0,False
1784849457.3002179,20,1785386186.3727844,37.48645761806668,0.6367078660257878,37.54253452353704,True,37.5,36.5,38.6,0.95,0.05,0.0,0.7,0.03,2,1785386196.4063811,True,True,True,False,1785386167.9056628,False,True,1,0,False
1784849457.3002179,20,1785386206.3819938,37.50247959105822,0.6365743495841916,37.52117189288167,True,37.5,36.5,38.6,0.95,0.05,0.0,0.7,0.03,2,1785386216.4121532,True,True,True,False,1785386167.9056628,False,1,0,0,False
1784849457.3002179,20,1785386226.3897774,37.50247959105822,0.6367460135805295,37.51583123521782,True,37.5,36.5,38.6,0.95,0.05,0.0,0.7,0.03,2,1785386236.418745,True,False,True,False,1785386167.9056628,False,1,0,0,False
1784849457.3002179,20,1785386246.3980803,37.513160906385906,0.6364980544747081,37.51583123521782,True,37.5,36.5,38.6,0.95,0.05,0.0,0.7,0.03,2,1785386256.4278858,True,False,True,False,1785386167.9056628,False,1,0,0,False
1784849457.3002179,20,1785386266.407034,37.483787289234755,0.636650644693675,37.47844663157092,True,37.5,36.5,38.6,0.95,0.05,0.0,0.7,0.03,2,1785386276.4364312,True,True,True,False,1785386167.9056628,False,True,1,0,False
1784849457.3002179,20,1785386286.4156644,37.47577630273899,0.6365362020294499,37.50247959105822,True,37.5,36.5,38.6,0.95,0.05,0.0,0.7,0.03,2,1785386296.4439557,True,False,True,False,1785386167.9056628,False,True,1,0,False
1784849457.3002179,20,1785386306.4230247,37.48645761806668,0.6366124971389334,37.49713893339437,True,37.5,36.5,38.6,0.95,0.05,0.0,0.7,0.03,2,1785386316.449807,True,True,True,False,1785386167.9056628,False,True,1,0,False
1784849457.3002179,20,1785386326.4292798,37.51049057755398,0.6366887922484169,37.50247959105822,True,37.5,36.5,38.6,0.95,0.05,0.0,0.7,0.03,2,1785386336.4566905,True,True,True,False,1785386167.9056628,False,1,0,0,False
1784849457.3002179,20,1785386346.435713,37.513160906385906,0.6364599069199665,37.50247959105822,True,37.5,36.5,38.6,0.95,0.05,0.0,0.7,0.03,2,1785386356.4631379,True,False,True,True,1785386347.905683,False,1,0,0,False
1784849457.3002179,20,1785386366.4420016,37.51049057755398,0.6364789806973373,37.513160906385906,True,37.5,36.5,38.6,0.95,0.05,0.0,0.7,0.03,2,1785386376.469024,True,False,True,False,1785386347.905683,False,1,0,0,False
1784849457.3002179,20,1785386386.448305,37.48645761806668,0.636231021591516,37.49446860456244,True,37.5,36.5,38.6,0.95,0.05,0.0,0.7,0.03,2,1785386396.4794476,True,True,True,False,1785386347.905683,False,True,1,0,False
1784849457.3002179,20,1785386406.4545906,37.481116960402844,0.6364026855878538,37.49446860456244,True,37.5,36.5,38.6,0.95,0.05,0.0,0.7,0.03,2,1785386416.4840424,True,False,True,False,1785386347.905683,False,True,1,0,False
1784849457.3002179,20,1785386426.4609973,37.49713893339437,0.6364789806973373,37.49980926222629,True,37.5,36.5,38.6,0.95,0.05,0.0,0.7,0.03,2,1785386436.4882357,True,True,True,False,1785386347.905683,False,True,1,0,False
1784849457.3002179,20,1785386446.4672425,37.507820248722055,0.6361928740367742,37.49980926222629,True,37.5,36.5,38.6,0.95,0.05,0.0,0.7,0.03,2,1785386456.4945612,True,False,True,False,1785386347.905683,False,1,0,0,False
1784849457.3002179,20,1785386466.4735384,37.51049057755398,0.6363645380331121,37.52117189288167,True,37.5,36.5,38.6,0.95,0.05,0.0,0.7,0.03,2,1785386476.5007708,True,True,True,False,1785386347.905683,False,1,0,0,False
1784849457.3002179,20,1785386486.47983,37.48645761806668,0.6364408331425956,37.50247959105822,True,37.5,36.5,38.6,0.95,0.05,0.0,0.7,0.03,2,1785386496.5067465,True,True,True,False,1785386347.905683,False,True,1,0,False
1784849457.3002179,20,1785386506.486128,37.48645761806668,0.6368413824673839,37.48645761806668,True,37.5,36.5,38.6,0.95,0.05,0.0,0.7,0.03,2,1785386516.5137868,True,False,True,False,1785386347.905683,False,True,1,0,False
1784849457.3002179,20,1785386526.4923148,37.51049057755398,0.636231021591516,37.49713893339437,True,37.5,36.5,38.6,0.95,0.05,0.0,0.7,0.03,2,1785386536.5196264,True,False,True,True,1785386527.905688,False,1,0,0,False
1784849457.3002179,20,1785386546.4986417,37.507820248722055,0.6363263904783704,37.481116960402844,True,37.5,36.5,38.6,0.95,0.05,0.0,0.7,0.03,2,1785386556.5272908,True,True,True,False,1785386527.905688,False,1,0,0,False
1784849457.3002179,20,1785386566.5067415,37.47310597390707,0.6362500953688869,37.49179827573053,True,37.5,36.5,38.6,0.95,0.05,0.0,0.7,0.03,2,1785386576.5371919,True,False,True,False,1785386527.905688,False,True,1,0,False
1784849457.3002179,20,1785386586.5158985,37.49713893339437,0.6364789806973373,37.50514991989013,True,37.5,36.5,38.6,0.95,0.05,0.0,0.7,0.03,2,1785386596.5442734,True,True,True,False,1785386527.905688,False,True,1,0,False
1784849457.3002179,20,1785386606.5235157,37.48645761806668,0.6364026855878538,37.50514991989013,True,37.5,36.5,38.6,0.95,0.05,0.0,0.7,0.03,2,1785386616.5509849,True,True,True,False,1785386527.905688,False,True,1,0,False
1784849457.3002179,20,1785386626.529772,37.507820248722055,0.6365934233615625,37.51049057755398,True,37.5,36.5,38.6,0.95,0.05,0.0,0.7,0.03,2,1785386636.5566254,True,True,True,False,1785386527.905688,False,1,0,0,False
1784849457.3002179,20,1785386646.5377352,37.52384222171359,0.6363454642557411,37.526512550545505,True,37.5,36.5,38.6,0.95,0.05,0.0,0.7,0.03,2,1785386656.5676494,True,False,True,False,1785386527.905688,False,1,0,0,False
1784849457.3002179,20,1785386666.5476189,37.51583123521782,0.6364217593652246,37.49980926222629,True,37.5,36.5,38.6,0.95,0.05,0.0,0.7,0.03,2,1785386676.576949,True,True,True,False,1785386527.905688,False,1,0,0,False
1784849457.3002179,20,1785386686.5568857,37.52384222171359,0.6367269398031585,37.507820248722055,True,37.5,36.5,38.6,0.95,0.05,0.0,0.7,0.03,2,1785386696.5848913,True,False,True,False,1785386527.905688,False,1,0,0,False
1784849457.3002179,20,1785386706.5642772,37.507820248722055,0.6363263904783704,37.49713893339437,True,37.5,36.5,38.6,0.95,0.05,0.0,0.7,0.03,2,1785386716.5955174,True,False,True,True,1785386707.9057014,False,1,0,0,False
1784849457.3002179,20,1785386726.5721426,37.46242465857938,0.6364980544747081,37.465094987411305,True,37.5,36.5,38.6,0.95,0.05,0.0,0.7,0.03,2,1785386736.6040955,True,True,True,False,1785386707.9057014,False,True,1,0,False
1784849457.3002179,20,1785386746.5809724,37.44373235675593,0.6362500953688869,37.44373235675593,True,37.5,36.5,38.6,0.95,0.05,0.0,0.7,0.03,2,1785386756.6082559,True,False,True,False,1785386707.9057014,False,True,1,0,False
1784849457.3002179,20,1785386766.587209,37.441062027924005,0.6363263904783704,37.44907301441978,True,37.5,36.5,38.6,0.95,0.05,0.0,0.7,0.03,2,1785386776.614586,True,True,True,False,1785386707.9057014,False,True,1,0,False
1784849457.3002179,20,1785386786.5935178,37.44373235675593,0.636383611810483,37.441062027924005,True,37.5,36.5,38.6,0.95,0.05,0.0,0.7,0.03,2,1785386796.6208231,True,False,True,False,1785386707.9057014,False,True,1,0,False
1784849457.3002179,20,1785386806.5997624,37.465094987411305,0.6364599069199665,37.46242465857938,True,37.5,36.5,38.6,0.95,0.05,0.0,0.7,0.03,2,1785386816.627126,True,False,True,False,1785386707.9057014,False,True,1,0,False
1784849457.3002179,20,1785386826.606193,37.49713893339437,0.6365171282520791,37.489127946898606,True,37.5,36.5,38.6,0.95,0.05,0.0,0.7,0.03,2,1785386836.6334515,True,False,True,False,1785386707.9057014,False,True,1,0,False
1784849457.3002179,20,1785386846.6124032,37.48645761806668,0.6364408331425956,37.51049057755398,True,37.5,36.5,38.6,0.95,0.05,0.0,0.7,0.03,2,1785386856.639735,True,True,True,False,1785386707.9057014,False,True,1,0,False
1784849457.3002179,20,1785386866.6187325,37.526512550545505,0.6366887922484169,37.531853208209355,True,37.5,36.5,38.6,0.95,0.05,0.0,0.7,0.03,2,1785386876.6461892,True,True,True,False,1785386707.9057014,False,1,0,0,False
1784849457.3002179,20,1785386886.6249466,37.53986419470512,0.6363454642557411,37.49179827573053,True,37.5,36.5,38.6,0.95,0.05,0.0,0.7,0.03,2,1785386896.6522667,True,False,True,True,1785386887.9057047,False,1,0,0,False
1784849457.3002179,20,1785386906.6312313,37.550545510032805,0.6367269398031585,37.507820248722055,True,37.5,36.5,38.6,0.95,0.05,0.0,0.7,0.03,2,1785386916.6582181,True,False,True,False,1785386887.9057047,False,1,0,0,False
1784849457.3002179,20,1785386926.6391451,37.531853208209355,0.6366887922484169,37.513160906385906,True,37.5,36.5,38.6,0.95,0.05,0.0,0.7,0.03,2,1785386936.6700196,True,True,True,False,1785386887.9057047,False,1,0,0,False
1784849457.3002179,20,1785386946.6493044,37.48645761806668,0.6364980544747081,37.48645761806668,True,37.5,36.5,38.6,0.95,0.05,0.0,0.7,0.03,2,1785386956.6766627,True,True,True,False,1785386887.9057047,False,True,1,0,False
1784849457.3002179,20,1785386966.6556172,37.489127946898606,0.6364408331425956,37.48645761806668,True,37.5,36.5,38.6,0.95,0.05,0.0,0.7,0.03,2,1785386976.6830347,True,True,True,False,1785386887.9057047,False,True,1,0,False
1784849457.3002179,20,1785386986.6619592,37.481116960402844,0.6363263904783704,37.47310597390707,True,37.5,36.5,38.6,0.95,0.05,0.0,0.7,0.03,2,1785386996.6892653,True,False,True,False,1785386887.9057047,False,True,1,0,False
1784849457.3002179,20,1785387006.6681294,37.48645761806668,0.636650644693675,37.50514991989013,True,37.5,36.5,38.6,0.95,0.05,0.0,0.7,0.03,2,1785387016.6954832,True,False,True,False,1785386887.9057047,False,True,1,0,False
1784849457.3002179,20,1785387026.674489,37.507820248722055,0.6364980544747081,37.50514991989013,True,37.5,36.5,38.6,0.95,0.05,0.0,0.7,0.03,2,1785387036.7017994,True,True,True,False,1785386887.9057047,False,1,0,0,False
1784849457.3002179,20,1785387046.6807609,37.52384222171359,0.6360975051499199,37.49446860456244,True,37.5,36.5,38.6,0.95,0.05,0.0,0.7,0.03,2,1785387056.708684,True,True,True,False,1785386887.9057047,False,1,0,0,False
1784849457.3002179,20,1785387066.6871493,37.51049057755398,0.6361165789272907,37.51049057755398,True,37.5,36.5,38.6,0.95,0.05,0.0,0.7,0.03,2,1785387076.7140296,True,True,True,True,1785387067.9057271,False,1,0,0,False
1784849457.3002179,20,1785387086.6933565,37.507820248722055,0.636078431372549,37.50247959105822,True,37.5,36.5,38.6,0.95,0.05,0.0,0.7,0.03,2,1785387096.7208915,True,False,True,False,1785387067.9057271,False,1,0,0,False
1784849457.3002179,20,1785387106.6998804,37.50247959105822,0.6361547264820325,37.507820248722055,True,37.5,36.5,38.6,0.95,0.05,0.0,0.7,0.03,2,1785387116.727229,True,False,True,False,1785387067.9057271,False,1,0,0,False
1784849457.3002179,20,1785387126.7061627,37.49446860456244,0.6362500953688869,37.50247959105822,True,37.5,36.5,38.6,0.95,0.05,0.0,0.7,0.03,2,1785387136.733482,True,True,True,False,1785387067.9057271,False,True,1,0,False
1784849457.3002179,20,1785387146.7124333,37.470435645075156,0.6360402838178072,37.50247959105822,True,37.5,36.5,38.6,0.95,0.05,0.0,0.7,0.03,2,1785387156.7397587,True,True,True,False,1785387067.9057271,False,True,1,0,False
1784849457.3002179,20,1785387166.7187226,37.489127946898606,0.6361547264820325,37.48645761806668,True,37.5,36.5,38.6,0.95,0.05,0.0,0.7,0.03,2,1785387176.7460907,True,True,True,False,1785387067.9057271,False,True,1,0,False
1784849457.3002179,20,1785387186.7250042,37.49713893339437,0.6365552758068208,37.483787289234755,True,37.5,36.5,38.6,0.95,0.05,0.0,0.7,0.03,2,1785387196.7522817,True,True,True,False,1785387067.9057271,False,True,1,0,False
1784849457.3002179,20,1785387206.7312567,37.51850156404974,0.6365171282520791,37.47310597390707,True,37.5,36.5,38.6,0.95,0.05,0.0,0.7,0.03,2,1785387216.7585955,True,False,True,False,1785387067.9057271,False,1,0,0,False
1784849457.3002179,20,1785387226.7375326,37.513160906385906,0.6360402838178072,37.52117189288167,True,37.5,36.5,38.6,0.95,0.05,0.0,0.7,0.03,2,1785387236.764823,True,True,True,False,1785387067.9057271,False,1,0,0,False
1784849457.3002179,20,1785387246.7438023,37.50247959105822,0.6359258411535821,37.50514991989013,True,37.5,36.5,38.6,0.95,0.05,0.0,0.7,0.03,2,1785387256.7706995,True,True,True,True,1785387247.905736,False,1,0,0,False
1784849457.3002179,20,1785387266.7501848,37.489127946898606,0.636383611810483,37.51583123521782,True,37.5,36.5,38.6,0.95,0.05,0.0,0.7,0.03,2,1785387276.777098,True,True,True,False,1785387247.905736,False,True,1,0,False
1784849457.3002179,20,1785387286.7564108,37.470435645075156,0.6364789806973373,37.49179827573053,True,37.5,36.5,38.6,0.95,0.05,0.0,0.7,0.03,2,1785387296.7836423,True,True,True,False,1785387247.905736,False,True,1,0,False
1784849457.3002179,20,1785387306.762626,37.48645761806668,0.636231021591516,37.50247959105822,True,37.5,36.5,38.6,0.95,0.05,0.0,0.7,0.03,2,1785387316.7898507,True,True,True,False,1785387247.905736,False,True,1,0,False
1784849457.3002179,20,1785387326.7688112,37.47844663157092,0.6361547264820325,37.507820248722055,True,37.5,36.5,38.6,0.95,0.05,0.0,0.7,0.03,2,1785387336.796155,True,True,True,False,1785387247.905736,False,True,1,0,False
1784849457.3002179,20,1785387346.7751293,37.52384222171359,0.6363073167009995,37.49713893339437,True,37.5,36.5,38.6,0.95,0.05,0.0,0.7,0.03,2,1785387356.8031344,True,False,True,False,1785387247.905736,False,1,0,0,False
1784849457.3002179,20,1785387366.7814298,37.526512550545505,0.6363073167009995,37.50247959105822,True,37.5,36.5,38.6,0.95,0.05,0.0,0.7,0.03,2,1785387376.808912,True,False,True,False,1785387247.905736,False,1,0,0,False
1784849457.3002179,20,1785387386.7886755,37.513160906385906,0.6361547264820325,37.52117189288167,True,37.5,36.5,38.6,0.95,0.05,0.0,0.7,0.03,2,1785387396.8177242,True,False,True,False,1785387247.905736,False,1,0,0,False
1784849457.3002179,20,1785387406.7977016,37.507820248722055,0.6362691691462576,37.51049057755398,True,37.5,36.5,38.6,0.95,0.05,0.0,0.7,0.03,2,1785387416.8266091,True,True,True,False,1785387247.905736,False,1,0,0,False
1784849457.3002179,20,1785387426.8069973,37.47577630273899,0.6363645380331121,37.50514991989013,True,37.5,36.5,38.6,0.95,0.05,0.0,0.7,0.03,2,1785387436.8364847,True,False,True,True,1785387427.905776,False,True,1,0,False
1784849457.3002179,20,1785387446.8145072,37.470435645075156,0.6360402838178072,37.47844663157092,True,37.5,36.5,38.6,0.95,0.05,0.0,0.7,0.03,2,1785387456.8418443,True,True,True,False,1785387427.905776,False,True,1,0,False
1784849457.3002179,20,1785387466.8207319,37.489127946898606,0.636078431372549,37.489127946898606,True,37.5,36.5,38.6,0.95,0.05,0.0,0.7,0.03,2,1785387476.8493707,True,True,True,False,1785387427.905776,False,True,1,0,False
1784849457.3002179,20,1785387486.8281224,37.470435645075156,0.6361356527046617,37.47577630273899,True,37.5,36.5,38.6,0.95,0.05,0.0,0.7,0.03,2,1785387496.8571718,True,True,True,False,1785387427.905776,False,True,1,0,False
1784849457.3002179,20,1785387506.8371415,37.507820248722055,0.6362882429236286,37.49179827573053,True,37.5,36.5,38.6,0.95,0.05,0.0,0.7,0.03,2,1785387516.8660345,True,True,True,False,1785387427.905776,False,1,0,0,False
1784849457.3002179,20,1785387526.8452525,37.531853208209355,0.636650644693675,37.50247959105822,True,37.5,36.5,38.6,0.95,0.05,0.0,0.7,0.03,2,1785387536.874361,True,False,True,False,1785387427.905776,False,1,0,0,False
1784849457.3002179,20,1785387546.85375,37.513160906385906,0.636078431372549,37.50247959105822,True,37.5,36.5,38.6,0.95,0.05,0.0,0.7,0.03,2,1785387556.8831525,True,False,True,False,1785387427.905776,False,1,0,0,False
1784849457.3002179,20,1785387566.8624744,37.489127946898606,0.6362500953688869,37.49713893339437,True,37.5,36.5,38.6,0.95,0.05,0.0,0.7,0.03,2,1785387576.8917797,True,False,True,False,1785387427.905776,False,True,1,0,False
1784849457.3002179,20,1785387586.8711882,37.49179827573053,0.6359067673762112,37.51583123521782,True,37.5,36.5,38.6,0.95,0.05,0.0,0.7,0.03,2,1785387596.901016,True,True,True,False,1785387427.905776,False,True,1,0,False
1784849457.3002179,20,1785387606.880349,37.507820248722055,0.6362882429236286,37.50514991989013,True,37.5,36.5,38.6,0.95,0.05,0.0,0.7,0.03,2,1785387616.911497,False,True,True,True,1785387607.9057844,False,1,0,0,False
1784849457.3002179,20,1785387626.8905694,37.48645761806668,0.636383611810483,37.46776531624323,True,37.5,36.5,38.6,0.95,0.05,0.0,0.7,0.03,2,1785387636.918006,False,True,True,False,1785387607.9057844,False,True,1,0,False
1784849457.3002179,20,1785387646.8968804,37.470435645075156,0.6360212100404364,37.483787289234755,True,37.5,36.5,38.6,0.95,0.05,0.0,0.7,0.03,2,1785387656.924598,False,False,True,False,1785387607.9057844,False,True,1,0,False
1784849457.3002179,20,1785387666.9039733,37.47310597390707,0.6362119478141451,37.489127946898606,True,37.5,36.5,38.6,0.95,0.05,0.0,0.7,0.03,2,1785387676.9325285,False,True,True,False,1785387607.9057844,False,True,1,0,False
1784849457.3002179,20,1785387686.911835,37.481116960402844,0.6363073167009995,37.47577630273899,True,37.5,36.5,38.6,0.95,0.05,0.0,0.7,0.03,2,1785387696.940457,False,False,True,False,1785387607.9057844,False,True,1,0,False
1784849457.3002179,20,1785387706.9191809,37.49713893339437,0.6360593575951782,37.45975432974747,True,37.5,36.5,38.6,0.95,0.05,0.0,0.7,0.03,2,1785387716.946694,False,False,True,False,1785387607.9057844,False,True,1,0,False
1784849457.3002179,20,1785387726.9255495,37.46242465857938,0.6359639887083237,37.481116960402844,True,37.5,36.5,38.6,0.95,0.05,0.0,0.7,0.03,2,1785387736.9529455,False,True,True,False,1785387607.9057844,False,True,1,0,False
1784849457.3002179,20,1785387746.9318213,37.49713893339437,0.6363073167009995,37.48645761806668,True,37.5,36.5,38.6,0.95,0.05,0.0,0.7,0.03,2,1785387756.9592657,False,True,True,False,1785387607.9057844,False,True,1,0,False
1784849457.3002179,20,1785387766.9381166,37.51049057755398,0.6361547264820325,37.52384222171359,True,37.5,36.5,38.6,0.95,0.05,0.0,0.7,0.03,2,1785387776.9655166,False,True,True,False,1785387607.9057844,False,1,0,0,False
1784849457.3002179,20,1785387786.9443533,37.51850156404974,0.6362119478141451,37.52117189288167,True,37.5,36.5,38.6,0.95,0.05,0.0,0.7,0.03,2,1785387796.9739258,False,False,True,True,1785387787.9058151,False,1,0,0,False
1784849457.3002179,20,1785387806.9508786,37.51850156404974,0.6361356527046617,37.51583123521782,True,37.5,36.5,38.6,0.95,0.05,0.0,0.7,0.03,2,1785387816.9809403,False,True,True,False,1785387787.9058151,False,1,0,0,False
1784849457.3002179,20,1785387826.9575157,37.513160906385906,0.6363073167009995,37.49980926222629,True,37.5,36.5,38.6,0.95,0.05,0.0,0.7,0.03,2,1785387836.9846709,False,False,True,False,1785387787.9058151,False,1,0,0,False
1784849457.3002179,20,1785387846.9639354,37.481116960402844,0.6360975051499199,37.489127946898606,True,37.5,36.5,38.6,0.95,0.05,0.0,0.7,0.03,2,1785387856.9912121,False,False,True,False,1785387787.9058151,False,True,1,0,False
1784849457.3002179,20,1785387866.9708467,37.47844663157092,0.6359639887083237,37.483787289234755,True,37.5,36.5,38.6,0.95,0.05,0.0,0.7,0.03,2,1785387876.9988654,False,False,True,False,1785387787.9058151,False,True,1,0,False
1784849457.3002179,20,1785387886.9777658,37.470435645075156,0.6362119478141451,37.49179827573053,True,37.5,36.5,38.6,0.95,0.05,0.0,0.7,0.03,2,1785387897.0052366,False,False,True,False,1785387787.9058151,False,True,1,0,False
1784849457.3002179,20,1785387906.9841557,37.50247959105822,0.6360402838178072,37.481116960402844,True,37.5,36.5,38.6,0.95,0.05,0.0,0.7,0.03,2,1785387917.0115697,False,True,True,False,1785387787.9058151,False,1,0,0,False
1784849457.3002179,20,1785387926.990577,37.526512550545505,0.6364980544747081,37.49179827573053,True,37.5,36.5,38.6,0.95,0.05,0.0,0.7,0.03,2,1785387937.017474,False,True,True,False,1785387787.9058151,False,1,0,0,False
1784849457.3002179,20,1785387946.9968245,37.507820248722055,0.636231021591516,37.51850156404974,True,37.5,36.5,38.6,0.95,0.05,0.0,0.7,0.03,2,1785387957.0241032,False,False,True,False,1785387787.9058151,False,1,0,0,False
1784849457.3002179,20,1785387967.0030923,37.49446860456244,0.6357351033798733,37.49713893339437,True,37.5,36.5,38.6,0.95,0.05,0.0,0.7,0.03,2,1785387977.031212,False,False,True,True,1785387967.9058197,False,True,1,0,False
1784849457.3002179,20,1785387987.013953,37.507820248722055,0.635944914930953,37.49980926222629,True,37.5,36.5,38.6,0.95,0.05,0.0,0.7,0.03,2,1785387997.0470407,False,True,True,False,1785387967.9058197,False,1,0,0,False
1784849457.3002179,20,1785388007.02621,37.48645761806668,0.6361928740367742,37.489127946898606,True,37.5,36.5,38.6,0.95,0.05,0.0,0.7,0.03,2,1785388017.053539,False,False,True,False,1785387967.9058197,False,True,1,0,False
1784849457.3002179,20,1785388027.0325992,37.51850156404974,0.6360021362630656,37.46776531624323,True,37.5,36.5,38.6,0.95,0.05,0.0,0.7,0.03,2,1785388037.0624712,False,True,True,False,1785387967.9058197,False,1,0,0,False
1784849457.3002179,20,1785388047.0391304,37.507820248722055,0.6360402838178072,37.489127946898606,True,37.5,36.5,38.6,0.95,0.05,0.0,0.7,0.03,2,1785388057.0661483,False,False,True,False,1785387967.9058197,False,1,0,0,False
1784849457.3002179,20,1785388067.0454347,37.49446860456244,0.6360021362630656,37.47844663157092,True,37.5,36.5,38.6,0.95,0.05,0.0,0.7,0.03,2,1785388077.0727732,False,False,True,False,1785387967.9058197,False,True,1,0,False
1784849457.3002179,20,1785388087.0517423,37.49179827573053,0.6363263904783704,37.48645761806668,True,37.5,36.5,38.6,0.95,0.05,0.0,0.7,0.03,2,1785388097.0792158,False,False,True,False,1785387967.9058197,False,True,1,0,False
1784849457.3002179,20,1785388107.05812,37.507820248722055,0.6363645380331121,37.47577630273899,True,37.5,36.5,38.6,0.95,0.05,0.0,0.7,0.03,2,1785388117.0853739,False,False,True,False,1785387967.9058197,False,1,0,0,False
1784849457.3002179,20,1785388127.0643175,37.52117189288167,0.6362882429236286,37.49179827573053,True,37.5,36.5,38.6,0.95,0.05,0.0,0.7,0.03,2,1785388137.091614,False,True,True,False,1785387967.9058197,False,1,0,0,False
1784849457.3002179,20,1785388147.0706127,37.52384222171359,0.636078431372549,37.45975432974747,True,37.5,36.5,38.6,0.95,0.05,0.0,0.7,0.03,2,1785388157.0985641,False,True,True,True,1785388147.905857,False,1,0,0,False
1784849457.3002179,20,1785388167.0774932,37.489127946898606,0.6361738002594034,37.47577630273899,True,37.5,36.5,38.6,0.95,0.05,0.0,0.7,0.03,2,1785388177.1060205,False,False,True,False,1785388147.905857,False,True,1,0,False
1784849457.3002179,20,1785388187.0844874,37.48645761806668,0.6361356527046617,37.46776531624323,True,37.5,36.5,38.6,0.95,0.05,0.0,0.7,0.03,2,1785388197.112738,False,True,True,False,1785388147.905857,False,True,1,0,False
1784849457.3002179,20,1785388207.091647,37.48645761806668,0.636231021591516,37.45174334325169,True,37.5,36.5,38.6,0.95,0.05,0.0,0.7,0.03,2,1785388217.120089,False,True,True,False,1785388147.905857,False,True,1,0,False
1784849457.3002179,20,1785388227.0987487,37.481116960402844,0.6360212100404364,37.45708400091554,True,37.5,36.5,38.6,0.95,0.05,0.0,0.7,0.03,2,1785388237.1261523,False,True,True,False,1785388147.905857,False,True,1,0,False
1784849457.3002179,20,1785388247.1051586,37.45975432974747,0.6360593575951782,37.46242465857938,True,37.5,36.5,38.6,0.95,0.05,0.0,0.7,0.03,2,1785388257.1385374,False,True,True,False,1785388147.905857,False,True,1,0,False
1784849457.3002179,20,1785388267.112528,37.49980926222629,0.6361738002594034,37.47844663157092,True,37.5,36.5,38.6,0.95,0.05,0.0,0.7,0.03,2,1785388277.1404126,False,True,True,False,1785388147.905857,False,True,1,0,False
1784849457.3002179,20,1785388287.1195586,37.513160906385906,0.6359067673762112,37.49713893339437,True,37.5,36.5,38.6,0.95,0.05,0.0,0.7,0.03,2,1785388297.147433,False,True,True,False,1785388147.905857,False,1,0,0,False
1784849457.3002179,20,1785388307.1258056,37.513160906385906,0.6362119478141451,37.513160906385906,True,37.5,36.5,38.6,0.95,0.05,0.0,0.7,0.03,2,1785388317.1530352,False,True,True,False,1785388147.905857,False,1,0,0,False
1784849457.3002179,20,1785388327.1328673,37.51583123521782,0.635944914930953,37.513160906385906,True,37.5,36.5,38.6,0.95,0.05,0.0,0.7,0.03,2,1785388337.1624293,False,False,True,True,1785388327.9058998,False,1,0,0,False
1784849457.3002179,20,1785388347.1400995,37.49713893339437,0.6358876935988402,37.513160906385906,True,37.5,36.5,38.6,0.95,0.05,0.0,0.7,0.03,2,1785388357.166877,False,True,True,False,1785388327.9058998,False,True,1,0,False
1784849457.3002179,20,1785388367.1463516,37.49980926222629,0.6359639887083237,37.481116960402844,True,37.5,36.5,38.6,0.95,0.05,0.0,0.7,0.03,2,1785388377.1749187,False,True,True,False,1785388327.9058998,False,True,1,0,False
1784849457.3002179,20,1785388387.153177,37.44907301441978,0.6359258411535821,37.489127946898606,True,37.5,36.5,38.6,0.95,0.05,0.0,0.7,0.03,2,1785388397.1815426,False,True,True,False,1785388327.9058998,False,True,1,0,False
1784849457.3002179,20,1785388407.160813,37.48645761806668,0.6359067673762112,37.47844663157092,True,37.5,36.5,38.6,0.95,0.05,0.0,0.7,0.03,2,1785388417.1988802,False,False,True,False,1785388327.9058998,False,True,1,0,False
1784849457.3002179,20,1785388427.16896,37.49713893339437,0.6356206607156482,37.489127946898606,True,37.5,36.5,38.6,0.95,0.05,0.0,0.7,0.03,2,1785388437.195812,False,False,True,False,1785388327.9058998,False,True,1,0,False
1784849457.3002179,20,1785388447.1752133,37.51850156404974,0.6360021362630656,37.51583123521782,True,37.5,36.5,38.6,0.95,0.05,0.0,0.7,0.03,2,1785388457.2025337,False,False,True,False,1785388327.9058998,False,1,0,0,False
1784849457.3002179,20,1785388467.181487,37.52117189288167,0.6358876935988402,37.47844663157092,True,37.5,36.5,38.6,0.95,0.05,0.0,0.7,0.03,2,1785388477.2087777,False,False,True,False,1785388327.9058998,False,1,0,0,False
1784849457.3002179,20,1785388487.187816,37.48645761806668,0.6359830624856947,37.50247959105822,True,37.5,36.5,38.6,0.95,0.05,0.0,0.7,0.03,2,1785388497.2152817,False,True,True,False,1785388327.9058998,False,True,1,0,False
1784849457.3002179,20,1785388507.1942213,37.51850156404974,0.6363073167009995,37.49713893339437,True,37.5,36.5,38.6,0.95,0.05,0.0,0.7,0.03,2,1785388517.221077,False,False,True,True,1785388507.905909,False,1,0,0,False
1784849457.3002179,20,1785388527.2010672,37.489127946898606,0.6358304722667277,37.470435645075156,True,37.5,36.5,38.6,0.95,0.05,0.0,0.7,0.03,2,1785388537.231264,False,True,True,False,1785388507.905909,False,True,1,0,False
1784849457.3002179,20,1785388547.2088442,37.481116960402844,0.6360593575951782,37.47577630273899,True,37.5,36.5,38.6,0.95,0.05,0.0,0.7,0.03,2,1785388557.2372174,False,False,True,False,1785388507.905909,False,True,1,0,False
1784849457.3002179,20,1785388567.2161236,37.526512550545505,0.6361928740367742,37.481116960402844,True,37.5,36.5,38.6,0.95,0.05,0.0,0.7,0.03,2,1785388577.2432218,False,False,True,False,1785388507.905909,False,1,0,0,False
1784849457.3002179,20,1785388587.2224307,37.52384222171359,0.6360975051499199,37.50514991989013,True,37.5,36.5,38.6,0.95,0.05,0.0,0.7,0.03,2,1785388597.2497485,False,True,True,False,1785388507.905909,False,1,0,0,False
1784849457.3002179,20,1785388607.22873,37.50247959105822,0.636231021591516,37.47844663157092,True,37.5,36.5,38.6,0.95,0.05,0.0,0.7,0.03,2,1785388617.255892,False,True,True,False,1785388507.905909,False,1,0,0,False
1784849457.3002179,20,1785388627.2349617,37.48645761806668,0.6357351033798733,37.45708400091554,True,37.5,36.5,38.6,0.95,0.05,0.0,0.7,0.03,2,1785388637.262264,False,False,True,False,1785388507.905909,False,True,1,0,False
1784849457.3002179,20,1785388647.2419615,37.470435645075156,0.6358304722667277,37.47844663157092,True,37.5,36.5,38.6,0.95,0.05,0.0,0.7,0.03,2,1785388657.2703314,False,True,True,False,1785388507.905909,False,True,1,0,False
1784849457.3002179,20,1785388667.250001,37.47310597390707,0.6360402838178072,37.47844663157092,True,37.5,36.5,38.6,0.95,0.05,0.0,0.7,0.03,2,1785388677.278836,False,True,True,False,1785388507.905909,False,True,1,0,False
1784849457.3002179,20,1785388687.2579207,37.49713893339437,0.6360975051499199,37.481116960402844,True,37.5,36.5,38.6,0.95,0.05,0.0,0.7,0.03,2,1785388697.289412,False,False,True,True,1785388687.9059613,False,True,1,0,False
1784849457.3002179,20,1785388707.2687542,37.507820248722055,0.635944914930953,37.45441367208362,True,37.5,36.5,38.6,0.95,0.05,0.0,0.7,0.03,2,1785388717.297315,False,False,True,False,1785388687.9059613,False,1,0,0,False
1784849457.3002179,20,1785388727.2770827,37.489127946898606,0.6361356527046617,37.49713893339437,True,37.5,36.5,38.6,0.95,0.05,0.0,0.7,0.03,2,1785388737.3055363,False,True,True,False,1785388687.9059613,False,True,1,0,False
1784849457.3002179,20,1785388747.2845912,37.52384222171359,0.6361928740367742,37.52918287937743,True,37.5,36.5,38.6,0.95,0.05,0.0,0.7,0.03,2,1785388757.3118827,False,False,True,False,1785388687.9059613,False,1,0,0,False
1784849457.3002179,20,1785388767.2908947,37.526512550545505,0.6359830624856947,37.49179827573053,True,37.5,36.5,38.6,0.95,0.05,0.0,0.7,0.03,2,1785388777.3182592,False,True,True,False,1785388687.9059613,False,1,0,0,False
1784849457.3002179,20,1785388787.2971823,37.52384222171359,0.6360212100404364,37.51583123521782,True,37.5,36.5,38.6,0.95,0.05,0.0,0.7,0.03,2,1785388797.3245406,False,True,True,False,1785388687.9059613,False,1,0,0,False
1784849457.3002179,20,1785388807.303539,37.513160906385906,0.6358113984893567,37.47310597390707,True,37.5,36.5,38.6,0.95,0.05,0.0,0.7,0.03,2,1785388817.3309338,False,True,True,False,1785388687.9059613,False,1,0,0,False
1784849457.3002179,20,1785388827.3098705,37.49713893339437,0.6361165789272907,37.47844663157092,True,37.5,36.5,38.6,0.95,0.05,0.0,0.7,0.03,2,1785388837.3384936,False,False,True,False,1785388687.9059613,False,True,1,0,False
1784849457.3002179,20,1785388847.3162012,37.49713893339437,0.6358686198214695,37.47844663157092,True,37.5,36.5,38.6,0.95,0.05,0.0,0.7,0.03,2,1785388857.3461149,False,True,True,False,1785388687.9059613,False,True,1,0,False
1784849457.3002179,20,1785388867.3227792,37.489127946898606,0.6356969558251316,37.441062027924005,True,37.5,36.5,38.6,0.95,0.05,0.0,0.7,0.03,2,1785388877.3505523,False,False,True,True,1785388867.905988,False,True,1,0,False
1784849457.3002179,20,1785388887.329997,37.49179827573053,0.6359830624856947,37.45441367208362,True,37.5,36.5,38.6,0.95,0.05,0.0,0.7,0.03,2,1785388897.3585384,False,True,True,False,1785388867.905988,False,True,1,0,False
1784849457.3002179,20,1785388907.3383923,37.470435645075156,0.6357351033798733,37.45975432974747,True,37.5,36.5,38.6,0.95,0.05,0.0,0.7,0.03,2,1785388917.3680637,False,True,True,False,1785388867.905988,False,True,1,0,False
1784849457.3002179,20,1785388927.347392,37.489127946898606,0.6360402838178072,37.47577630273899,True,37.5,36.5,38.6,0.95,0.05,0.0,0.7,0.03,2,1785388937.3770878,False,False,True,False,1785388867.905988,False,True,1,0,False
1784849457.3002179,20,1785388947.3572066,37.49179827573053,0.6356778820477608,37.47577630273899,True,37.5,36.5,38.6,0.95,0.05,0.0,0.7,0.03,2,1785388957.385916,False,False,True,False,1785388867.905988,False,True,1,0,False
1784849457.3002179,20,1785388967.3652854,37.51049057755398,0.6358304722667277,37.513160906385906,True,37.5,36.5,38.6,0.95,0.05,0.0,0.7,0.03,2,1785388977.3926551,False,True,True,False,1785388867.905988,False,1,0,0,False
1784849457.3002179,20,1785388987.3716416,37.507820248722055,0.635944914930953,37.531853208209355,True,37.5,36.5,38.6,0.95,0.05,0.0,0.7,0.03,2,1785388997.4005487,False,False,True,False,1785388867.905988,False,1,0,0,False
1784849457.3002179,20,1785389007.3785055,37.52918287937743,0.6358113984893567,37.531853208209355,True,37.5,36.5,38.6,0.95,0.05,0.0,0.7,0.03,2,1785389017.405477,False,False,True,False,1785388867.905988,False,1,0,0,False
1784849457.3002179,20,1785389027.3847632,37.51850156404974,0.6359639887083237,37.52117189288167,True,37.5,36.5,38.6,0.95,0.05,0.0,0.7,0.03,2,1785389037.4135847,False,False,True,False,1785388867.905988,False,1,0,0,False
1784849457.3002179,20,1785389047.39108,37.48645761806668,0.6360021362630656,37.50514991989013,True,37.5,36.5,38.6,0.95,0.05,0.0,0.7,0.03,2,1785389057.4185793,False,True,True,True,1785389047.9060023,False,True,1,0,False
1784849457.3002179,20,1785389067.3974855,37.489127946898606,0.6358686198214695,37.50514991989013,True,37.5,36.5,38.6,0.95,0.05,0.0,0.7,0.03,2,1785389077.425192,False,False,True,False,1785389047.9060023,False,True,1,0,False
1784849457.3002179,20,1785389087.4041789,37.49713893339437,0.6359067673762112,37.48645761806668,True,37.5,36.5,38.6,0.95,0.05,0.0,0.7,0.03,2,1785389097.4367366,False,False,True,False,1785389047.9060023,False,True,1,0,False
1784849457.3002179,20,1785389107.415716,37.48645761806668,0.6357351033798733,37.48645761806668,True,37.5,36.5,38.6,0.95,0.05,0.0,0.7,0.03,2,1785389117.443396,False,False,True,False,1785389047.9060023,False,True,1,0,False
1784849457.3002179,20,1785389127.4234707,37.50514991989013,0.6358113984893567,37.50247959105822,True,37.5,36.5,38.6,0.95,0.05,0.0,0.7,0.03,2,1785389137.453634,False,False,True,False,1785389047.9060023,False,1,0,0,False
1784849457.3002179,20,1785389147.4327102,37.49713893339437,0.6359258411535821,37.50247959105822,True,37.5,36.5,38.6,0.95,0.05,0.0,0.7,0.03,2,1785389157.4619265,False,True,True,False,1785389047.9060023,False,True,1,0,False
1784849457.3002179,20,1785389167.4411006,37.50514991989013,0.635944914930953,37.513160906385906,True,37.5,36.5,38.6,0.95,0.05,0.0,0.7,0.03,2,1785389177.4701707,False,False,True,False,1785389047.9060023,False,1,0,0,False
1784849457.3002179,20,1785389187.4493997,37.52384222171359,0.6357160296025025,37.51583123521782,True,37.5,36.5,38.6,0.95,0.05,0.0,0.7,0.03,2,1785389197.4782376,False,True,True,False,1785389047.9060023,False,1,0,0,False
1784849457.3002179,20,1785389207.4577606,37.513160906385906,0.6356015869382773,37.51583123521782,True,37.5,36.5,38.6,0.95,0.05,0.0,0.7,0.03,2,1785389217.4883633,False,True,True,False,1785389047.9060023,False,1,0,0,False
1784849457.3002179,20,1785389227.4669046,37.52384222171359,0.635639734493019,37.489127946898606,True,37.5,36.5,38.6,0.95,0.05,0.0,0.7,0.03,2,1785389237.4962451,False,False,True,True,1785389227.9060476,False,1,0,0,False
1784849457.3002179,20,1785389247.4755068,37.50247959105822,0.6356015869382773,37.50514991989013,True,37.5,36.5,38.6,0.95,0.05,0.0,0.7,0.03,2,1785389257.505217,False,True,True,False,1785389227.9060476,False,1,0,0,False
1784849457.3002179,20,1785389267.4839737,37.489127946898606,0.6357732509346151,37.49446860456244,True,37.5,36.5,38.6,0.95,0.05,0.0,0.7,0.03,2,1785389277.5143456,False,True,True,False,1785389227.9060476,False,True,1,0,False
1784849457.3002179,20,1785389287.4932,37.45441367208362,0.6353154802777142,37.49179827573053,True,37.5,36.5,38.6,0.95,0.05,0.0,0.7,0.03,2,1785389297.5221028,False,False,True,False,1785389227.9060476,False,True,1,0,False
1784849457.3002179,20,1785389307.5012007,37.481116960402844,0.6356969558251316,37.48645761806668,True,37.5,36.5,38.6,0.95,0.05,0.0,0.7,0.03,2,1785389317.528137,False,False,True,False,1785389227.9060476,False,True,1,0,False
1784849457.3002179,20,1785389327.5074933,37.49446860456244,0.6357160296025025,37.45975432974747,True,37.5,36.5,38.6,0.95,0.05,0.0,0.7,0.03,2,1785389337.5358217,False,True,True,False,1785389227.9060476,False,True,1,0,False
1784849457.3002179,20,1785389347.5181189,37.470435645075156,0.6359830624856947,37.49179827573053,True,37.5,36.5,38.6,0.95,0.05,0.0,0.7,0.03,2,1785389357.5500278,False,False,True,False,1785389227.9060476,False,True,1,0,False
1784849457.3002179,20,1785389367.5288796,37.489127946898606,0.6358304722667277,37.513160906385906,True,37.5,36.5,38.6,0.95,0.05,0.0,0.7,0.03,2,1785389377.5561714,False,True,True,False,1785389227.9060476,False,True,1,0,False
1784849457.3002179,20,1785389387.5351954,37.507820248722055,0.6356588082703898,37.526512550545505,True,37.5,36.5,38.6,0.95,0.05,0.0,0.7,0.03,2,1785389397.5626192,False,True,True,False,1785389227.9060476,False,1,0,0,False
1784849457.3002179,20,1785389407.5415435,37.51850156404974,0.6355825131609063,37.51049057755398,True,37.5,36.5,38.6,0.95,0.05,0.0,0.7,0.03,2,1785389417.5689032,False,False,True,True,1785389407.9060843,False,1,0,0,False
1784849457.3002179,20,1785389427.547844,37.53452353704128,0.6357732509346151,37.526512550545505,True,37.5,36.5,38.6,0.95,0.05,0.0,0.7,0.03,2,1785389437.5796006,False,True,True,False,1785389407.9060843,False,1,0,0,False
1784849457.3002179,20,1785389447.554233,37.507820248722055,0.6358113984893567,37.489127946898606,True,37.5,36.5,38.6,0.95,0.05,0.0,0.7,0.03,2,1785389457.581514,False,False,True,False,1785389407.9060843,False,1,0,0,False
1784849457.3002179,20,1785389467.560463,37.51049057755398,0.6356588082703898,37.50514991989013,True,37.5,36.5,38.6,0.95,0.05,0.0,0.7,0.03,2,1785389477.5875416,False,True,True,False,1785389407.9060843,False,1,0,0,False
1784849457.3002179,20,1785389487.5668807,37.48645761806668,0.6356588082703898,37.49179827573053,True,37.5,36.5,38.6,0.95,0.05,0.0,0.7,0.03,2,1785389497.5951772,False,True,True,False,1785389407.9060843,False,True,1,0,False
1784849457.3002179,20,1785389507.5731187,37.49713893339437,0.6357160296025025,37.47577630273899,True,37.5,36.5,38.6,0.95,0.05,0.0,0.7,0.03,2,1785389517.6004853,False,False,True,False,1785389407.9060843,False,True,1,0,False
1784849457.3002179,20,1785389527.579444,37.49980926222629,0.6358686198214695,37.507820248722055,True,37.5,36.5,38.6,0.95,0.05,0.0,0.7,0.03,2,1785389537.606755,False,False,True,False,1785389407.9060843,False,True,1,0,False
1784849457.3002179,20,1785389547.585646,37.50247959105822,0.6355252918287938,37.481116960402844,True,37.5,36.5,38.6,0.95,0.05,0.0,0.7,0.03,2,1785389557.612849,False,False,True,False,1785389407.9060843,False,1,0,0,False
1784849457.3002179,20,1785389567.605396,37.51583123521782,0.635792324711986,37.48645761806668,True,37.5,36.5,38.6,0.95,0.05,0.0,0.7,0.03,2,1785389577.6354296,False,False,True,False,1785389407.9060843,False,1,0,0,False
1784849457.3002179,20,1785389587.6133351,37.49713893339437,0.6355825131609063,37.49980926222629,True,37.5,36.5,38.6,0.95,0.05,0.0,0.7,0.03,2,1785389597.641303,False,False,True,True,1785389587.9061117,False,True,1,0,False
1784849457.3002179,20,1785389607.6205995,37.49713893339437,0.6358113984893567,37.51049057755398,True,37.5,36.5,38.6,0.95,0.05,0.0,0.7,0.03,2,1785389617.6479683,False,False,True,False,1785389587.9061117,False,True,1,0,False
1784849457.3002179,20,1785389627.627051,37.507820248722055,0.6358686198214695,37.50514991989013,True,37.5,36.5,38.6,0.95,0.05,0.0,0.7,0.03,2,1785389637.6540802,False,True,True,False,1785389587.9061117,False,1,0,0,False
1784849457.3002179,20,1785389647.6333754,37.50247959105822,0.6358495460440986,37.49446860456244,True,37.5,36.5,38.6,0.95,0.05,0.0,0.7,0.03,2,1785389657.6607246,False,False,True,False,1785389587.9061117,False,1,0,0,False
1784849457.3002179,20,1785389667.6397142,37.49980926222629,0.6354108491645686,37.46776531624323,True,37.5,36.5,38.6,0.95,0.05,0.0,0.7,0.03,2,1785389677.6696904,False,True,True,False,1785389587.9061117,False,True,1,0,False
1784849457.3002179,20,1785389687.6461148,37.50247959105822,0.635639734493019,37.50247959105822,True,37.5,36.5,38.6,0.95,0.05,0.0,0.7,0.03,2,1785389697.6747932,False,True,True,False,1785389587.9061117,False,1,0,0,False
1784849457.3002179,20,1785389707.6524584,37.507820248722055,0.6355252918287938,37.513160906385906,True,37.5,36.5,38.6,0.95,0.05,0.0,0.7,0.03,2,1785389717.682427,False,True,True,False,1785389587.9061117,False,1,0,0,False
1784849457.3002179,20,1785389727.6591687,37.49980926222629,0.6355825131609063,37.507820248722055,True,37.5,36.5,38.6,0.95,0.05,0.0,0.7,0.03,2,1785389737.6883216,False,True,True,False,1785389587.9061117,False,True,1,0,False
1784849457.3002179,20,1785389747.6655354,37.48645761806668,0.6354489967193103,37.507820248722055,True,37.5,36.5,38.6,0.95,0.05,0.0,0.7,0.03,2,1785389757.6942823,False,True,True,False,1785389587.9061117,False,True,1,0,False
1784849457.3002179,20,1785389767.6719837,37.489127946898606,0.6354871442740521,37.47577630273899,True,37.5,36.5,38.6,0.95,0.05,0.0,0.7,0.03,2,1785389777.7019413,False,True,True,True,1785389767.9061184,False,True,1,0,False
1784849457.3002179,20,1785389787.680341,37.49179827573053,0.6356588082703898,37.47310597390707,True,37.5,36.5,38.6,0.95,0.05,0.0,0.7,0.03,2,1785389797.7077706,False,False,True,False,1785389767.9061184,False,True,1,0,False
1784849457.3002179,20,1785389807.6866024,37.50247959105822,0.6356015869382773,37.47844663157092,True,37.5,36.5,38.6,0.95,0.05,0.0,0.7,0.03,2,1785389817.7142768,False,True,True,False,1785389767.9061184,False,1,0,0,False
1784849457.3002179,20,1785389827.6930323,37.50247959105822,0.6353917753871977,37.49446860456244,True,37.5,36.5,38.6,0.95,0.05,0.0,0.7,0.03,2,1785389837.7203035,False,False,True,False,1785389767.9061184,False,1,0,0,False
1784849457.3002179,20,1785389847.6993098,37.507820248722055,0.6360212100404364,37.49980926222629,True,37.5,36.5,38.6,0.95,0.05,0.0,0.7,0.03,2,1785389857.728807,False,False,True,False,1785389767.9061184,False,1,0,0,False
1784849457.3002179,20,1785389867.705731,37.51049057755398,0.6354871442740521,37.51049057755398,True,37.5,36.5,38.6,0.95,0.05,0.0,0.7,0.03,2,1785389877.7345922,False,True,True,False,1785389767.9061184,False,1,0,0,False
1784849457.3002179,20,1785389887.7122295,37.513160906385906,0.6356969558251316,37.50247959105822,True,37.5,36.5,38.6,0.95,0.05,0.0,0.7,0.03,2,1785389897.742191,False,True,True,False,1785389767.9061184,False,1,0,0,False
1784849457.3002179,20,1785389907.7188828,37.49713893339437,0.6354489967193103,37.513160906385906,True,37.5,36.5,38.6,0.95,0.05,0.0,0.7,0.03,2,1785389917.7462525,False,False,True,False,1785389767.9061184,False,True,1,0,False
1784849457.3002179,20,1785389927.725219,37.49446860456244,0.6353727016098268,37.49179827573053,True,37.5,36.5,38.6,0.95,0.05,0.0,0.7,0.03,2,1785389937.752559,False,False,True,False,1785389767.9061184,False,True,1,0,False
1784849457.3002179,20,1785389947.731536,37.48645761806668,0.6355634393835355,37.481116960402844,True,37.5,36.5,38.6,0.95,0.05,0.0,0.7,0.03,2,1785389957.7591405,False,False,True,True,1785389947.90614,False,True,1,0,False
1784849457.3002179,20,1785389967.7377775,37.49446860456244,0.6355825131609063,37.481116960402844,True,37.5,36.5,38.6,0.95,0.05,0.0,0.7,0.03,2,1785389977.766118,False,False,True,False,1785389947.90614,False,True,1,0,False
1784849457.3002179,20,1785389987.7441285,37.45441367208362,0.6354299229419393,37.47310597390707,True,37.5,36.5,38.6,0.95,0.05,0.0,0.7,0.03,2,1785389997.7715938,False,True,True,False,1785389947.90614,False,True,1,0,False
1784849457.3002179,20,1785390007.7514238,37.49179827573053,0.6357732509346151,37.50514991989013,True,37.5,36.5,38.6,0.95,0.05,0.0,0.7,0.03,2,1785390017.781016,False,True,True,False,1785389947.90614,False,True,1,0,False
1784849457.3002179,20,1785390027.7603016,37.507820248722055,0.6355252918287938,37.49446860456244,True,37.5,36.5,38.6,0.95,0.05,0.0,0.7,0.03,2,1785390037.7884724,False,True,True,False,1785389947.90614,False,1,0,0,False
1784849457.3002179,20,1785390047.7678423,37.53452353704128,0.6358495460440986,37.51583123521782,True,37.5,36.5,38.6,0.95,0.05,0.0,0.7,0.03,2,1785390057.7976506,False,True,True,False,1785389947.90614,False,1,0,0,False
1784849457.3002179,20,1785390067.7743895,37.526512550545505,0.6356778820477608,37.50514991989013,True,37.5,36.5,38.6,0.95,0.05,0.0,0.7,0.03,2,1785390077.8017883,False,True,True,False,1785389947.90614,False,1,0,0,False
1784849457.3002179,20,1785390087.7807682,37.51850156404974,0.6356588082703898,37.513160906385906,True,37.5,36.5,38.6,0.95,0.05,0.0,0.7,0.03,2,1785390097.8106148,False,True,True,False,1785389947.90614,False,1,0,0,False
1784849457.3002179,20,1785390107.7871346,37.52384222171359,0.6355062180514228,37.49179827573053,True,37.5,36.5,38.6,0.95,0.05,0.0,0.7,0.03,2,1785390117.8146443,False,True,True,False,1785389947.90614,False,1,0,0,False
1784849457.3002179,20,1785390127.7935674,37.489127946898606,0.6356588082703898,37.49179827573053,True,37.5,36.5,38.6,0.95,0.05,0.0,0.7,0.03,2,1785390137.8227644,False,True,True,True,1785390127.9061475,False,True,1,0,False
1784849457.3002179,20,1785390147.80028,37.45975432974747,0.6352010376134889,37.481116960402844,True,37.5,36.5,38.6,0.95,0.05,0.0,0.7,0.03,2,1785390157.8362768,False,True,True,False,1785390127.9061475,False,True,1,0,False
1784849457.3002179,20,1785390167.8068278,37.46242465857938,0.6354489967193103,37.465094987411305,True,37.5,36.5,38.6,0.95,0.05,0.0,0.7,0.03,2,1785390177.8344073,False,False,True,False,1785390127.9061475,False,True,1,0,False
1784849457.3002179,20,1785390187.813188,37.45975432974747,0.6356588082703898,37.49446860456244,True,37.5,36.5,38.6,0.95,0.05,0.0,0.7,0.03,2,1785390197.8405893,False,False,True,False,1785390127.9061475,False,True,1,0,False
1784849457.3002179,20,1785390207.819507,37.481116960402844,0.6353917753871977,37.47310597390707,True,37.5,36.5,38.6,0.95,0.05,0.0,0.7,0.03,2,1785390217.846929,False,False,True,False,1785390127.9061475,False,True,1,0,False
1784849457.3002179,20,1785390227.825778,37.48645761806668,0.6354489967193103,37.51049057755398,True,37.5,36.5,38.6,0.95,0.05,0.0,0.7,0.03,2,1785390237.8527074,False,False,True,False,1785390127.9061475,False,True,1,0,False
1784849457.3002179,20,1785390247.832038,37.52384222171359,0.6354680704966812,37.50514991989013,True,37.5,36.5,38.6,0.95,0.05,0.0,0.7,0.03,2,1785390257.859389,False,True,True,False,1785390127.9061475,False,1,0,0,False
1784849457.3002179,20,1785390267.8382773,37.53719386587319,0.635792324711986,37.52117189288167,True,37.5,36.5,38.6,0.95,0.05,0.0,0.7,0.03,2,1785390277.8656087,False,True,True,False,1785390127.9061475,False,1,0,0,False
1784849457.3002179,20,1785390287.8446083,37.53452353704128,0.6355825131609063,37.51850156404974,True,37.5,36.5,38.6,0.95,0.05,0.0,0.7,0.03,2,1785390297.8731587,False,True,True,False,1785390127.9061475,False,1,0,0,False
1784849457.3002179,20,1785390307.850975,37.52384222171359,0.6353727016098268,37.513160906385906,True,37.5,36.5,38.6,0.95,0.05,0.0,0.7,0.03,2,1785390317.8801897,False,True,True,True,1785390307.9061708,False,1,0,0,False
1784849457.3002179,20,1785390327.8583863,37.489127946898606,0.6355252918287938,37.50247959105822,True,37.5,36.5,38.6,0.95,0.05,0.0,0.7,0.03,2,1785390337.8861353,False,False,True,False,1785390307.9061708,False,True,1,0,False
1784849457.3002179,20,1785390347.8653123,37.45975432974747,0.6353917753871977,37.470435645075156,True,37.5,36.5,38.6,0.95,0.05,0.0,0.7,0.03,2,1785390357.892649,False,True,True,False,1785390307.9061708,False,True,1,0,False
1784849457.3002179,20,1785390367.8716106,37.446402685587856,0.6354871442740521,37.47577630273899,True,37.5,36.5,38.6,0.95,0.05,0.0,0.7,0.03,2,1785390377.899286,False,False,True,False,1785390307.9061708,False,True,1,0,False
1784849457.3002179,20,1785390387.8788135,37.470435645075156,0.6354108491645686,37.47844663157092,True,37.5,36.5,38.6,0.95,0.05,0.0,0.7,0.03,2,1785390397.9082,False,False,True,False,1785390307.9061708,False,True,1,0,False
1784849457.3002179,20,1785390407.8871949,37.470435645075156,0.6355062180514228,37.47844663157092,True,37.5,36.5,38.6,0.95,0.05,0.0,0.7,0.03,2,1785390417.9211788,False,False,True,False,1785390307.9061708,False,True,1,0,False
1784849457.3002179,20,1785390427.9003594,37.507820248722055,0.6355634393835355,37.489127946898606,True,37.5,36.5,38.6,0.95,0.05,0.0,0.7,0.03,2,1785390437.931028,False,False,True,False,1785390307.9061708,False,1,0,0,False
1784849457.3002179,20,1785390447.9078157,37.50247959105822,0.6351819638361181,37.526512550545505,True,37.5,36.5,38.6,0.95,0.05,0.0,0.7,0.03,2,1785390457.93582,False,True,True,False,1785390307.9061708,False,1,0,0,False
1784849457.3002179,20,1785390467.914245,37.50514991989013,0.6355443656061647,37.526512550545505,True,37.5,36.5,38.6,0.95,0.05,0.0,0.7,0.03,2,1785390477.941612,False,True,True,True,1785390487.9061887,False,1,0,0,False
1784849457.3002179,20,1785390487.92047,37.507820248722055,0.6352201113908599,37.513160906385906,True,37.5,36.5,38.6,0.95,0.05,0.0,0.7,0.03,2,1785390497.9478903,False,True,True,True,1785390487.9061887,False,1,0,0,False
1784849457.3002179,20,1785390507.9269283,37.50247959105822,0.6352773327229724,37.513160906385906,True,37.5,36.5,38.6,0.95,0.05,0.0,0.7,0.03,2,1785390517.954468,False,True,True,False,1785390487.9061887,False,1,0,0,False
1784849457.3002179,20,1785390527.933286,37.50514991989013,0.6353345540550851,37.48645761806668,True,37.5,36.5,38.6,0.95,0.05,0.0,0.7,0.03,2,1785390537.9607725,False,True,True,False,1785390487.9061887,False,1,0,0,False
1784849457.3002179,20,1785390547.939774,37.48645761806668,0.6351819638361181,37.48645761806668,True,37.5,36.5,38.6,0.95,0.05,0.0,0.7,0.03,2,1785390557.9701407,False,True,True,False,1785390487.9061887,False,True,1,0,False
1784849457.3002179,20,1785390567.9462807,37.47844663157092,0.6354299229419393,37.47577630273899,True,37.5,36.5,38.6,0.95,0.05,0.0,0.7,0.03,2,1785390577.9736643,False,False,True,False,1785390487.9061887,False,True,1,0,False
1784849457.3002179,20,1785390587.9525366,37.481116960402844,0.6355443656061647,37.47310597390707,True,37.5,36.5,38.6,0.95,0.05,0.0,0.7,0.03,2,1785390597.9798727,False,True,True,False,1785390487.9061887,False,True,1,0,False
1784849457.3002179,20,1785390607.958791,37.470435645075156,0.6354108491645686,37.47844663157092,True,37.5,36.5,38.6,0.95,0.05,0.0,0.7,0.03,2,1785390617.9864302,False,True,True,False,1785390487.9061887,False,True,1,0,False
1784849457.3002179,20,1785390627.9659529,37.481116960402844,0.6352964065003434,37.483787289234755,True,37.5,36.5,38.6,0.95,0.05,0.0,0.7,0.03,2,1785390637.9979825,False,False,True,False,1785390487.9061887,False,True,1,0,False
1784849457.3002179,20,1785390647.977186,37.465094987411305,0.6351438162813764,37.49980926222629,True,37.5,36.5,38.6,0.95,0.05,0.0,0.7,0.03,2,1785390658.0068848,False,True,True,True,1785390667.9062078,False,True,1,0,False
1784849457.3002179,20,1785390667.9835746,37.49980926222629,0.6354680704966812,37.489127946898606,True,37.5,36.5,38.6,0.95,0.05,0.0,0.7,0.03,2,1785390678.0109026,False,True,True,True,1785390667.9062078,False,True,1,0,False
1784849457.3002179,20,1785390687.9906812,37.49713893339437,0.6354299229419393,37.51850156404974,True,37.5,36.5,38.6,0.95,0.05,0.0,0.7,0.03,2,1785390698.0193307,False,False,True,False,1785390667.9062078,False,True,1,0,False
1784849457.3002179,20,1785390707.9981787,37.53452353704128,0.6354871442740521,37.52918287937743,True,37.5,36.5,38.6,0.95,0.05,0.0,0.7,0.03,2,1785390718.0256822,False,True,True,False,1785390667.9062078,False,1,0,0,False
1784849457.3002179,20,1785390728.0045848,37.55321583886473,0.6353536278324559,37.52384222171359,True,37.5,36.5,38.6,0.95,0.05,0.0,0.7,0.03,2,1785390738.0319643,False,True,True,False,1785390667.9062078,False,1,0,0,False
1784849457.3002179,20,1785390748.01091,37.550545510032805,0.6354489967193103,37.52918287937743,True,37.5,36.5,38.6,0.95,0.05,0.0,0.7,0.03,2,1785390758.0383863,False,False,True,False,1785390667.9062078,False,1,0,0,False
1784849457.3002179,20,1785390768.0172586,37.52117189288167,0.6355825131609063,37.513160906385906,True,37.5,36.5,38.6,0.95,0.05,0.0,0.7,0.03,2,1785390778.0446599,False,True,True,False,1785390667.9062078,False,1,0,0,False
1784849457.3002179,20,1785390788.025678,37.507820248722055,0.6352201113908599,37.50514991989013,True,37.5,36.5,38.6,0.95,0.05,0.0,0.7,0.03,2,1785390798.0538712,False,False,True,False,1785390667.9062078,False,1,0,0,False
1784849457.3002179,20,1785390808.0342553,37.51850156404974,0.6352964065003434,37.49446860456244,True,37.5,36.5,38.6,0.95,0.05,0.0,0.7,0.03,2,1785390818.06533,False,True,True,False,1785390667.9062078,False,1,0,0,False
1784849457.3002179,20,1785390828.0418184,37.49713893339437,0.6353536278324559,37.483787289234755,True,37.5,36.5,38.6,0.95,0.05,0.0,0.7,0.03,2,1785390838.0691328,False,True,True,True,1785390847.906239,False,True,1,0,False
1784849457.3002179,20,1785390848.0496073,37.50247959105822,0.6350484473945219,37.46776531624323,True,37.5,36.5,38.6,0.95,0.05,0.0,0.7,0.03,2,1785390858.0798326,False,True,True,True,1785390847.906239,False,1,0,0,False
1784849457.3002179,20,1785390868.0574307,37.46776531624323,0.6354489967193103,37.46776531624323,True,37.5,36.5,38.6,0.95,0.05,0.0,0.7,0.03,2,1785390878.0841045,False,True,True,False,1785390847.906239,False,True,1,0,False
1784849457.3002179,20,1785390888.0636828,37.470435645075156,0.6351628900587473,37.465094987411305,True,37.5,36.5,38.6,0.95,0.05,0.0,0.7,0.03,2,1785390898.090912,False,True,True,False,1785390847.906239,False,True,1,0,False
1784849457.3002179,20,1785390908.0697904,37.45441367208362,0.6354680704966812,37.44373235675593,True,37.5,36.5,38.6,0.95,0.05,0.0,0.7,0.03,2,1785390918.097049,False,False,True,False,1785390847.906239,False,True,1,0,False
1784849457.3002179,20,1785390928.0760286,37.47310597390707,0.6355252918287938,37.45975432974747,True,37.5,36.5,38.6,0.95,0.05,0.0,0.7,0.03,2,1785390938.1032917,False,True,True,False,1785390847.906239,False,True,1,0,False
1784849457.3002179,20,1785390948.0822716,37.470435645075156,0.6352201113908599,37.465094987411305,True,37.5,36.5,38.6,0.95,0.05,0.0,0.7,0.03,2,1785390958.1121316,False,True,True,False,1785390847.906239,False,True,1,0,False
1784849457.3002179,20,1785390968.088583,37.47844663157092,0.6350865949492638,37.44907301441978,True,37.5,36.5,38.6,0.95,0.05,0.0,0.7,0.03,2,1785390978.1160967,False,False,True,False,1785390847.906239,False,True,1,0,False
1784849457.3002179,20,1785390988.0949118,37.49179827573053,0.6351056687266347,37.47310597390707,True,37.5,36.5,38.6,0.95,0.05,0.0,0.7,0.03,2,1785390998.1222363,False,True,True,False,1785390847.906239,False,True,1,0,False
1784849457.3002179,20,1785391008.1011055,37.513160906385906,0.6349530785076677,37.49980926222629,True,37.5,36.5,38.6,0.95,0.05,0.0,0.7,0.03,2,1785391018.1281364,False,True,True,True,1785391027.9062715,False,1,0,0,False
1784849457.3002179,20,1785391028.1072986,37.513160906385906,0.6351628900587473,37.531853208209355,True,37.5,36.5,38.6,0.95,0.05,0.0,0.7,0.03,2,1785391038.1342351,False,False,True,True,1785391027.9062715,False,1,0,0,False
1784849457.3002179,20,1785391048.1134887,37.550545510032805,0.6354871442740521,37.51049057755398,True,37.5,36.5,38.6,0.95,0.05,0.0,0.7,0.03,2,1785391058.1407373,False,True,True,False,1785391027.9062715,False,1,0,0,False
1784849457.3002179,20,1785391068.1197464,37.53719386587319,0.6354871442740521,37.49446860456244,True,37.5,36.5,38.6,0.95,0.05,0.0,0.7,0.03,2,1785391078.146612,False,False,True,False,1785391027.9062715,False,1,0,0,False
1784849457.3002179,20,1785391088.1259856,37.51850156404974,0.6351438162813764,37.47577630273899,True,37.5,36.5,38.6,0.95,0.05,0.0,0.7,0.03,2,1785391098.1533873,False,True,True,False,1785391027.9062715,False,1,0,0,False
1784849457.3002179,20,1785391108.1323009,37.50247959105822,0.6354680704966812,37.49179827573053,True,37.5,36.5,38.6,0.95,0.05,0.0,0.7,0.03,2,1785391118.1595702,False,True,True,False,1785391027.9062715,False,1,0,0,False
1784849457.3002179,20,1785391128.138578,37.49980926222629,0.6354299229419393,37.45441367208362,True,37.5,36.5,38.6,0.95,0.05,0.0,0.7,0.03,2,1785391138.1660066,False,True,True,False,1785391027.9062715,False,True,1,0,False
1784849457.3002179,20,1785391148.1448987,37.48645761806668,0.6353154802777142,37.45975432974747,True,37.5,36.5,38.6,0.95,0.05,0.0,0.7,0.03,2,1785391158.1721904,False,True,True,False,1785391027.9062715,False,True,1,0,False
1784849457.3002179,20,1785391168.152065,37.47310597390707,0.6353154802777142,37.465094987411305,True,37.5,36.5,38.6,0.95,0.05,0.0,0.7,0.03,2,1785391178.181346,False,False,True,False,1785391027.9062715,False,True,1,0,False
1784849457.3002179,20,1785391188.1612525,37.49179827573053,0.6354108491645686,37.46776531624323,True,37.5,36.5,38.6,0.95,0.05,0.0,0.7,0.03,2,1785391198.190815,False,True,True,True,1785391207.9062862,False,True,1,0,False
1784849457.3002179,20,1785391208.1703112,37.53986419470512,0.6350675211718929,37.483787289234755,True,37.5,36.5,38.6,0.95,0.05,0.0,0.7,0.03,2,1785391218.1991684,True,True,True,True,1785391207.9062862,False,1,0,0,False
1784849457.3002179,20,1785391228.1781397,37.550545510032805,0.6352201113908599,37.50514991989013,True,37.5,36.5,38.6,0.95,0.05,0.0,0.7,0.03,2,1785391238.2078457,True,False,True,False,1785391207.9062862,False,1,0,0,False
1784849457.3002179,20,1785391248.184506,37.57724879835203,0.6353154802777142,37.52117189288167,True,37.5,36.5,38.6,0.95,0.05,0.0,0.7,0.03,2,1785391258.2117038,True,False,True,False,1785391207.9062862,False,1,0,0,False
1784849457.3002179,20,1785391268.1908712,37.531853208209355,0.6352964065003434,37.54253452353704,True,37.5,36.5,38.6,0.95,0.05,0.0,0.7,0.03,2,1785391278.2182262,True,True,True,False,1785391207.9062862,False,1,0,0,False
1784849457.3002179,20,1785391288.1971166,37.51850156404974,0.6353917753871977,37.513160906385906,True,37.5,36.5,38.6,0.95,0.05,0.0,0.7,0.03,2,1785391298.2258546,True,False,True,False,1785391207.9062862,False,1,0,0,False
1784849457.3002179,20,1785391308.203536,37.48645761806668,0.6351056687266347,37.507820248722055,True,37.5,36.5,38.6,0.95,0.05,0.0,0.7,0.03,2,1785391318.2318408,True,False,True,False,1785391207.9062862,False,True,1,0,False
1784849457.3002179,20,1785391328.2114286,37.49980926222629,0.6352964065003434,37.50247959105822,True,37.5,36.5,38.6,0.95,0.05,0.0,0.7,0.03,2,1785391338.2409492,True,False,True,False,1785391207.9062862,False,True,1,0,False
1784849457.3002179,20,1785391348.2209854,37.507820248722055,0.6353536278324559,37.50247959105822,True,37.5,36.5,38.6,0.95,0.05,0.0,0.7,0.03,2,1785391358.2506995,True,True,True,False,1785391207.9062862,False,1,0,0,False
1784849457.3002179,20,1785391368.2299533,37.489127946898606,0.6353536278324559,37.50247959105822,True,37.5,36.5,38.6,0.95,0.05,0.0,0.7,0.03,2,1785391378.2591496,True,True,True,True,1785391387.906302,False,True,1,0,False
1784849457.3002179,20,1785391388.2387052,37.48645761806668,0.6353154802777142,37.54253452353704,True,37.5,36.5,38.6,0.95,0.05,0.0,0.7,0.03,2,1785391398.2681375,True,True,True,True,1785391387.906302,False,True,1,0,False
1784849457.3002179,20,1785391408.246248,37.49713893339437,0.6351628900587473,37.49446860456244,True,37.5,36.5,38.6,0.95,0.05,0.0,0.7,0.03,2,1785391418.2731268,True,False,True,False,1785391387.906302,False,True,1,0,False
1784849457.3002179,20,1785391428.2523427,37.48645761806668,0.6348195620660715,37.526512550545505,True,37.5,36.5,38.6,0.95,0.05,0.0,0.7,0.03,2,1785391438.2795184,True,True,True,False,1785391387.906302,False,True,1,0,False
1784849457.3002179,20,1785391448.2584746,37.49713893339437,0.6354299229419393,37.531853208209355,True,37.5,36.5,38.6,0.95,0.05,0.0,0.7,0.03,2,1785391458.2856781,True,True,True,False,1785391387.906302,False,True,1,0,False
1784849457.3002179,20,1785391468.264621,37.53719386587319,0.6349912260624094,37.53719386587319,True,37.5,36.5,38.6,0.95,0.05,0.0,0.7,0.03,2,1785391478.2919397,True,False,True,False,1785391387.906302,False,1,0,0,False
1784849457.3002179,20,1785391488.2709768,37.54520485236897,0.6350484473945219,37.550545510032805,True,37.5,36.5,38.6,0.95,0.05,0.0,0.7,0.03,2,1785391498.2982023,True,True,True,False,1785391387.906302,False,1,0,0,False
1784849457.3002179,20,1785391508.2771404,37.53986419470512,0.6349530785076677,37.53986419470512,True,37.5,36.5,38.6,0.95,0.05,0.0,0.7,0.03,2,1785391518.304507,True,False,True,False,1785391387.906302,False,1,0,0,False
1784849457.3002179,20,1785391528.2835176,37.55855649652857,0.6353536278324559,37.53986419470512,True,37.5,36.5,38.6,0.95,0.05,0.0,0.7,0.03,2,1785391538.3106368,True,True,True,False,1785391387.906302,False,1,0,0,False
1784849457.3002179,20,1785391548.2907584,37.53452353704128,0.6349721522850384,37.51850156404974,True,37.5,36.5,38.6,0.95,0.05,0.0,0.7,0.03,2,1785391558.3190794,True,True,True,True,1785391567.9063077,False,1,0,0,False
1784849457.3002179,20,1785391568.2990718,37.50514991989013,0.6350865949492638,37.50247959105822,True,37.5,36.5,38.6,0.95,0.05,0.0,0.7,0.03,2,1785391578.3275983,True,True,True,True,1785391567.9063077,False,1,0,0,False
1784849457.3002179,20,1785391588.306511,37.470435645075156,0.634914930952926,37.51049057755398,True,37.5,36.5,38.6,0.95,0.05,0.0,0.7,0.03,2,1785391598.3348908,True,True,True,False,1785391567.9063077,False,True,1,0,False
1784849457.3002179,20,1785391608.3132184,37.470435645075156,0.6346669718471045,37.46776531624323,True,37.5,36.5,38.6,0.95,0.05,0.0,0.7,0.03,2,1785391618.3405166,True,True,True,False,1785391567.9063077,False,True,1,0,False
1784849457.3002179,20,1785391628.3194482,37.45975432974747,0.6352964065003434,37.489127946898606,True,37.5,36.5,38.6,0.95,0.05,0.0,0.7,0.03,2,1785391638.3466232,True,False,True,False,1785391567.9063077,False,True,1,0,False
1784849457.3002179,20,1785391648.3256886,37.45975432974747,0.6354680704966812,37.489127946898606,True,37.5,36.5,38.6,0.95,0.05,0.0,0.7,0.03,2,1785391658.3548338,True,True,True,False,1785391567.9063077,False,True,1,0,False
1784849457.3002179,20,1785391668.3319755,37.47310597390707,0.6350675211718929,37.51583123521782,True,37.5,36.5,38.6,0.95,0.05,0.0,0.7,0.03,2,1785391678.3606477,True,True,True,False,1785391567.9063077,False,True,1,0,False
1784849457.3002179,20,1785391688.3396692,37.49713893339437,0.6352391851682307,37.52918287937743,True,37.5,36.5,38.6,0.95,0.05,0.0,0.7,0.03,2,1785391698.3693054,True,True,True,False,1785391567.9063077,False,True,1,0,False
1784849457.3002179,20,1785391708.3482661,37.52384222171359,0.6353345540550851,37.513160906385906,True,37.5,36.5,38.6,0.95,0.05,0.0,0.7,0.03,2,1785391718.379027,True,False,True,False,1785391567.9063077,False,1,0,0,False
1784849457.3002179,20,1785391728.3555903,37.52117189288167,0.6350675211718929,37.513160906385906,True,37.5,36.5,38.6,0.95,0.05,0.0,0.7,0.03,2,1785391738.3845403,True,True,True,True,1785391747.9063237,False,1,0,0,False
1784849457.3002179,20,1785391748.3642435,37.550545510032805,0.6350484473945219,37.56656748302434,True,37.5,36.5,38.6,0.95,0.05,0.0,0.7,0.03,2,1785391758.392496,True,True,True,True,1785391747.9063237,False,1,0,0,False
1784849457.3002179,20,1785391768.372148,37.50514991989013,0.6350484473945219,37.53986419470512,True,37.5,36.5,38.6,0.95,0.05,0.0,0.7,0.03,2,1785391778.4008455,True,True,True,False,1785391747.9063237,False,1,0,0,False
1784849457.3002179,20,1785391788.3792725,37.49179827573053,0.6349912260624094,37.526512550545505,True,37.5,36.5,38.6,0.95,0.05,0.0,0.7,0.03,2,1785391798.4074132,True,True,True,False,1785391747.9063237,False,True,1,0,False
1784849457.3002179,20,1785391808.3852334,37.470435645075156,0.6353727016098268,37.489127946898606,True,37.5,36.5,38.6,0.95,0.05,0.0,0.7,0.03,2,1785391818.412609,True,True,True,False,1785391747.9063237,False,True,1,0,False
1784849457.3002179,20,1785391828.3913784,37.470435645075156,0.6350865949492638,37.489127946898606,True,37.5,36.5,38.6,0.95,0.05,0.0,0.7,0.03,2,1785391838.4188106,True,True,True,False,1785391747.9063237,False,True,1,0,False
1784849457.3002179,20,1785391848.397692,37.49713893339437,0.6352010376134889,37.49980926222629,True,37.5,36.5,38.6,0.95,0.05,0.0,0.7,0.03,2,1785391858.424971,True,False,True,False,1785391747.9063237,False,True,1,0,False
1784849457.3002179,20,1785391868.404284,37.50514991989013,0.6348767833981842,37.489127946898606,True,37.5,36.5,38.6,0.95,0.05,0.0,0.7,0.03,2,1785391878.4314256,True,True,True,False,1785391747.9063237,False,1,0,0,False
1784849457.3002179,20,1785391888.410415,37.507820248722055,0.6353727016098268,37.50247959105822,True,37.5,36.5,38.6,0.95,0.05,0.0,0.7,0.03,2,1785391898.4382532,True,False,True,False,1785391747.9063237,False,1,0,0,False
1784849457.3002179,20,1785391908.416676,37.49713893339437,0.6352391851682307,37.50247959105822,True,37.5,36.5,38.6,0.95,0.05,0.0,0.7,0.03,2,1785391918.44397,True,True,True,True,1785391927.9063258,False,True,1,0,False
1784849457.3002179,20,1785391928.4229844,37.49980926222629,0.6350865949492638,37.513160906385906,True,37.5,36.5,38.6,0.95,0.05,0.0,0.7,0.03,2,1785391938.4503558,True,True,True,True,1785391927.9063258,False,True,1,0,False
1784849457.3002179,20,1785391948.429296,37.50247959105822,0.6348386358434425,37.513160906385906,True,37.5,36.5,38.6,0.95,0.05,0.0,0.7,0.03,2,1785391958.4577866,True,True,True,False,1785391927.9063258,False,1,0,0,False
1784849457.3002179,20,1785391968.4356182,37.49446860456244,0.6352391851682307,37.507820248722055,True,37.5,36.5,38.6,0.95,0.05,0.0,0.7,0.03,2,1785391978.4628332,True,True,True,False,1785391927.9063258,False,True,1,0,False
1784849457.3002179,20,1785391988.4417243,37.52384222171359,0.6351247425040054,37.54253452353704,True,37.5,36.5,38.6,0.95,0.05,0.0,0.7,0.03,2,1785391998.4687417,True,False,True,False,1785391927.9063258,False,1,0,0,False
1784849457.3002179,20,1785392008.4480052,37.507820248722055,0.6349530785076677,37.54253452353704,True,37.5,36.5,38.6,0.95,0.05,0.0,0.7,0.03,2,1785392018.4752705,True,True,True,False,1785391927.9063258,False,1,0,0,False
1784849457.3002179,20,1785392028.454252,37.52384222171359,0.634914930952926,37.50514991989013,True,37.5,36.5,38.6,0.95,0.05,0.0,0.7,0.03,2,1785392038.483802,True,True,True,False,1785391927.9063258,False,1,0,0,False
1784849457.3002179,20,1785392048.4605236,37.507820248722055,0.6350102998397803,37.49980926222629,True,37.5,36.5,38.6,0.95,0.05,0.0,0.7,0.03,2,1785392058.4877365,True,True,True,False,1785391927.9063258,False,1,0,0,False
1784849457.3002179,20,1785392068.4667633,37.526512550545505,0.6348386358434425,37.489127946898606,True,37.5,36.5,38.6,0.95,0.05,0.0,0.7,0.03,2,1785392078.4940858,True,True,True,False,1785391927.9063258,False,1,0,0,False
1784849457.3002179,20,1785392088.4729881,37.51850156404974,0.6349530785076677,37.50247959105822,True,37.5,36.5,38.6,0.95,0.05,0.0,0.7,0.03,2,1785392098.5001218,True,True,True,True,1785392107.9063575,False,1,0,0,False
1784849457.3002179,20,1785392108.479104,37.45975432974747,0.6350484473945219,37.465094987411305,True,37.5,36.5,38.6,0.95,0.05,0.0,0.7,0.03,2,1785392118.5069735,True,True,True,True,1785392107.9063575,False,True,1,0,False
1784849457.3002179,20,1785392128.4852262,37.43572137026017,0.6348577096208133,37.44907301441978,True,37.5,36.5,38.6,0.95,0.05,0.0,0.7,0.03,2,1785392138.5125182,True,True,True,False,1785392107.9063575,False,True,1,0,False
1784849457.3002179,20,1785392148.4913826,37.43305104142824,0.6348577096208133,37.44907301441978,True,37.5,36.5,38.6,0.95,0.05,0.0,0.7,0.03,2,1785392158.518631,True,True,True,False,1785392107.9063575,False,True,1,0,False
1784849457.3002179,20,1785392168.4975011,37.46242465857938,0.6351056687266347,37.47577630273899,True,37.5,36.5,38.6,0.95,0.05,0.0,0.7,0.03,2,1785392178.5247383,True,True,True,False,1785392107.9063575,False,True,1,0,False
1784849457.3002179,20,1785392188.50368,37.48645761806668,0.6351056687266347,37.46242465857938,True,37.5,36.5,38.6,0.95,0.05,0.0,0.7,0.03,2,1785392198.5310078,True,True,True,False,1785392107.9063575,False,True,1,0,False
1784849457.3002179,20,1785392208.509933,37.47577630273899,0.634743266956588,37.46776531624323,True,37.5,36.5,38.6,0.95,0.05,0.0,0.7,0.03,2,1785392218.5366967,True,False,True,False,1785392107.9063575,False,True,1,0,False
1784849457.3002179,20,1785392228.5160885,37.48645761806668,0.6350675211718929,37.489127946898606,True,37.5,36.5,38.6,0.95,0.05,0.0,0.7,0.03,2,1785392238.544685,True,True,True,False,1785392107.9063575,False,True,1,0,False
1784849457.3002179,20,1785392248.5222661,37.51850156404974,0.6350293736171512,37.51049057755398,True,37.5,36.5,38.6,0.95,0.05,0.0,0.7,0.03,2,1785392258.550386,True,True,True,False,1785392107.9063575,False,1,0,0,False
1784849457.3002179,20,1785392268.529629,37.53719386587319,0.6349340047302968,37.52117189288167,True,37.5,36.5,38.6,0.95,0.05,0.0,0.7,0.03,2,1785392278.5583248,True,True,True,True,1785392287.9063807,False,1,0,0,False
1784849457.3002179,20,1785392288.5376558,37.50247959105822,0.6350484473945219,37.51850156404974,True,37.5,36.5,38.6,0.95,0.05,0.0,0.7,0.03,2,1785392298.564837,True,True,True,True,1785392287.9063807,False,1,0,0,False
1784849457.3002179,20,1785392308.5438306,37.507820248722055,0.6348767833981842,37.52384222171359,True,37.5,36.5,38.6,0.95,0.05,0.0,0.7,0.03,2,1785392318.5710907,True,False,True,False,1785392287.9063807,False,1,0,0,False
1784849457.3002179,20,1785392328.550007,37.49980926222629,0.6347814145113299,37.513160906385906,True,37.5,36.5,38.6,0.95,0.05,0.0,0.7,0.03,2,1785392338.5772045,True,True,True,False,1785392287.9063807,False,True,1,0,False
1784849457.3002179,20,1785392348.5562067,37.49713893339437,0.6351247425040054,37.51850156404974,True,37.5,36.5,38.6,0.95,0.05,0.0,0.7,0.03,2,1785392358.5834975,True,True,True,False,1785392287.9063807,False,True,1,0,False
1784849457.3002179,20,1785392368.5624604,37.489127946898606,0.6348195620660715,37.507820248722055,True,37.5,36.5,38.6,0.95,0.05,0.0,0.7,0.03,2,1785392378.5896418,True,True,True,False,1785392287.9063807,False,True,1,0,False
1784849457.3002179,20,1785392388.5685835,37.49713893339437,0.6347814145113299,37.52117189288167,True,37.5,36.5,38.6,0.95,0.05,0.0,0.7,0.03,2,1785392398.5958352,True,True,True,False,1785392287.9063807,False,True,1,0,False
1784849457.3002179,20,1785392408.5748138,37.49713893339437,0.6348004882887007,37.50514991989013,True,37.5,36.5,38.6,0.95,0.05,0.0,0.7,0.03,2,1785392418.6020648,True,True,True,False,1785392287.9063807,False,True,1,0,False
1784849457.3002179,20,1785392428.5809772,37.513160906385906,0.6347241931792172,37.51049057755398,True,37.5,36.5,38.6,0.95,0.05,0.0,0.7,0.03,2,1785392438.6090062,True,True,True,False,1785392287.9063807,False,1,0,0,False
1784849457.3002179,20,1785392448.5873175,37.53452353704128,0.6348195620660715,37.51583123521782,True,37.5,36.5,38.6,0.95,0.05,0.0,0.7,0.03,2,1785392458.6146302,True,True,True,True,1785392467.9064133,False,1,0,0,False
1784849457.3002179,20,1785392468.595015,37.52117189288167,0.6350293736171512,37.531853208209355,True,37.5,36.5,38.6,0.95,0.05,0.0,0.7,0.03,2,1785392478.6243532,True,True,True,True,1785392467.9064133,False,1,0,0,False
1784849457.3002179,20,1785392488.605844,37.507820248722055,0.6351056687266347,37.48645761806668,True,37.5,36.5,38.6,0.95,0.05,0.0,0.7,0.03,2,1785392498.6356199,True,True,True,False,1785392467.9064133,False,1,0,0,False
1784849457.3002179,20,1785392508.614581,37.470435645075156,0.6349912260624094,37.49179827573053,True,37.5,36.5,38.6,0.95,0.05,0.0,0.7,0.03,2,1785392518.6419177,True,True,True,False,1785392467.9064133,False,True,1,0,False
1784849457.3002179,20,1785392528.6213462,37.489127946898606,0.6350675211718929,37.48645761806668,True,37.5,36.5,38.6,0.95,0.05,0.0,0.7,0.03,2,1785392538.6487312,True,True,True,False,1785392467.9064133,False,True,1,0,False
1784849457.3002179,20,1785392548.6276093,37.470435645075156,0.6351628900587473,37.49713893339437,True,37.5,36.5,38.6,0.95,0.05,0.0,0.7,0.03,2,1785392558.655267,True,True,True,False,1785392467.9064133,False,True,1,0,False
1784849457.3002179,20,1785392568.6351805,37.51049057755398,0.6347241931792172,37.50247959105822,True,37.5,36.5,38.6,0.95,0.05,0.0,0.7,0.03,2,1785392578.663857,True,True,True,False,1785392467.9064133,False,1,0,0,False
1784849457.3002179,20,1785392588.643877,37.49179827573053,0.6348195620660715,37.531853208209355,True,37.5,36.5,38.6,0.95,0.05,0.0,0.7,0.03,2,1785392598.6731577,True,True,True,False,1785392467.9064133,False,True,1,0,False
1784849457.3002179,20,1785392608.6527731,37.49713893339437,0.6347051194018464,37.526512550545505,True,37.5,36.5,38.6,0.95,0.05,0.0,0.7,0.03,2,1785392618.6827083,True,True,True,False,1785392467.9064133,False,True,1,0,False
1784849457.3002179,20,1785392628.6618323,37.51850156404974,0.634895857175555,37.526512550545505,True,37.5,36.5,38.6,0.95,0.05,0.0,0.7,0.03,2,1785392638.6903946,True,False,True,True,1785392647.9064503,False,1,0,0,False
1784849457.3002179,20,1785392648.6695557,37.49713893339437,0.634895857175555,37.526512550545505,True,37.5,36.5,38.6,0.95,0.05,0.0,0.7,0.03,2,1785392658.6967437,True,False,True,True,1785392647.9064503,False,True,1,0,False
1784849457.3002179,20,1785392668.6769085,37.49980926222629,0.6348004882887007,37.55321583886473,True,37.5,36.5,38.6,0.95,0.05,0.0,0.7,0.03,2,1785392678.7057867,True,True,True,False,1785392647.9064503,False,True,1,0,False
1784849457.3002179,20,1785392688.6855416,37.49713893339437,0.6347051194018464,37.53986419470512,True,37.5,36.5,38.6,0.95,0.05,0.0,0.7,0.03,2,1785392698.7142398,True,False,True,False,1785392647.9064503,False,True,1,0,False
1784849457.3002179,20,1785392708.6940756,37.52918287937743,0.6349721522850384,37.52384222171359,True,37.5,36.5,38.6,0.95,0.05,0.0,0.7,0.03,2,1785392718.7231596,True,True,True,False,1785392647.9064503,False,1,0,0,False
1784849457.3002179,20,1785392728.7013717,37.54787518120088,0.6352201113908599,37.507820248722055,True,37.5,36.5,38.6,0.95,0.05,0.0,0.7,0.03,2,1785392738.729955,True,True,True,False,1785392647.9064503,False,1,0,0,False
1784849457.3002179,20,1785392748.7076929,37.52918287937743,0.6349721522850384,37.51850156404974,True,37.5,36.5,38.6,0.95,0.05,0.0,0.7,0.03,2,1785392758.7374334,True,True,True,False,1785392647.9064503,False,1,0,0,False
1784849457.3002179,20,1785392768.7141325,37.49980926222629,0.6350293736171512,37.49179827573053,True,37.5,36.5,38.6,0.95,0.05,0.0,0.7,0.03,2,1785392778.7415116,True,True,True,False,1785392647.9064503,False,True,1,0,False
1784849457.3002179,20,1785392788.722077,37.48645761806668,0.6347814145113299,37.49980926222629,True,37.5,36.5,38.6,0.95,0.05,0.0,0.7,0.03,2,1785392798.7508235,True,True,True,False,1785392647.9064503,False,True,1,0,False
1784849457.3002179,20,1785392808.7307122,37.49179827573053,0.634895857175555,37.47310597390707,True,37.5,36.5,38.6,0.95,0.05,0.0,0.7,0.03,2,1785392818.7598846,True,True,True,True,1785392827.9064739,False,True,1,0,False
1784849457.3002179,20,1785392828.7390594,37.470435645075156,0.6349530785076677,37.46242465857938,True,37.5,36.5,38.6,0.95,0.05,0.0,0.7,0.03,2,1785392838.7684522,True,True,True,True,1785392827.9064739,False,True,1,0,False
1784849457.3002179,20,1785392848.747508,37.49179827573053,0.634914930952926,37.47310597390707,True,37.5,36.5,38.6,0.95,0.05,0.0,0.7,0.03,2,1785392858.7760243,True,True,True,False,1785392827.9064739,False,True,1,0,False
1784849457.3002179,20,1785392868.7544837,37.489127946898606,0.6347814145113299,37.47844663157092,True,37.5,36.5,38.6,0.95,0.05,0.0,0.7,0.03,2,1785392878.7813532,True,True,True,False,1785392827.9064739,False,True,1,0,False
1784849457.3002179,20,1785392888.7606218,37.49713893339437,0.6351438162813764,37.49713893339437,True,37.5,36.5,38.6,0.95,0.05,0.0,0.7,0.03,2,1785392898.787383,True,True,True,False,1785392827.9064739,False,True,1,0,False
1784849457.3002179,20,1785392908.768381,37.52384222171359,0.6350865949492638,37.50247959105822,True,37.5,36.5,38.6,0.95,0.05,0.0,0.7,0.03,2,1785392918.7988782,True,True,True,False,1785392827.9064739,False,1,0,0,False
1784849457.3002179,20,1785392928.7788005,37.52117189288167,0.6348195620660715,37.513160906385906,True,37.5,36.5,38.6,0.95,0.05,0.0,0.7,0.03,2,1785392938.8087103,True,True,True,False,1785392827.9064739,False,1,0,0,False
1784849457.3002179,20,1785392948.7874572,37.49713893339437,0.6347051194018464,37.52918287937743,True,37.5,36.5,38.6,0.95,0.05,0.0,0.7,0.03,2,1785392958.8177414,True,True,True,False,1785392827.9064739,False,True,1,0,False
1784849457.3002179,20,1785392968.794953,37.49980926222629,0.6348767833981842,37.52918287937743,True,37.5,36.5,38.6,0.95,0.05,0.0,0.7,0.03,2,1785392978.82201,True,True,True,False,1785392827.9064739,False,True,1,0,False
1784849457.3002179,20,1785392988.8010933,37.50247959105822,0.6351819638361181,37.54253452353704,True,37.5,36.5,38.6,0.95,0.05,0.0,0.7,0.03,2,1785392998.8309996,True,True,True,True,1785393007.9064963,False,1,0,0,False
1784849457.3002179,20,1785393008.8073354,37.507820248722055,0.634895857175555,37.52117189288167,True,37.5,36.5,38.6,0.95,0.05,0.0,0.7,0.03,2,1785393018.834624,True,False,True,True,1785393007.9064963,False,1,0,0,False
1784849457.3002179,20,1785393028.8135815,37.481116960402844,0.634895857175555,37.50514991989013,True,37.5,36.5,38.6,0.95,0.05,0.0,0.7,0.03,2,1785393038.8409734,True,True,True,False,1785393007.9064963,False,True,1,0,False
1784849457.3002179,20,1785393048.8198073,37.481116960402844,0.6346288242923629,37.50514991989013,True,37.5,36.5,38.6,0.95,0.05,0.0,0.7,0.03,2,1785393058.847077,True,True,True,False,1785393007.9064963,False,True,1,0,False
1784849457.3002179,20,1785393068.8261137,37.47310597390707,0.6347051194018464,37.50514991989013,True,37.5,36.5,38.6,0.95,0.05,0.0,0.7,0.03,2,1785393078.8538547,True,True,True,False,1785393007.9064963,False,True,1,0,False
1784849457.3002179,20,1785393088.832319,37.507820248722055,0.6347051194018464,37.49713893339437,True,37.5,36.5,38.6,0.95,0.05,0.0,0.7,0.03,2,1785393098.8595357,True,True,True,False,1785393007.9064963,False,1,0,0,False
1784849457.3002179,20,1785393108.8385231,37.481116960402844,0.6346669718471045,37.52384222171359,True,37.5,36.5,38.6,0.95,0.05,0.0,0.7,0.03,2,1785393118.8662338,True,False,True,False,1785393007.9064963,False,True,1,0,False
1784849457.3002179,20,1785393128.8446417,37.526512550545505,0.6347814145113299,37.52918287937743,True,37.5,36.5,38.6,0.95,0.05,0.0,0.7,0.03,2,1785393138.8718357,True,True,True,False,1785393007.9064963,False,1,0,0,False
1784849457.3002179,20,1785393148.850832,37.49713893339437,0.6349912260624094,37.51850156404974,True,37.5,36.5,38.6,0.95,0.05,0.0,0.7,0.03,2,1785393158.8775785,True,True,True,False,1785393007.9064963,False,True,1,0,False
1784849457.3002179,20,1785393168.8571022,37.51049057755398,0.634609750514992,37.513160906385906,True,37.5,36.5,38.6,0.95,0.05,0.0,0.7,0.03,2,1785393178.8843484,True,True,True,True,1785393187.906504,False,1,0,0,False
1784849457.3002179,20,1785393188.8633437,37.49713893339437,0.6346478980697338,37.49980926222629,True,37.5,36.5,38.6,0.95,0.05,0.0,0.7,0.03,2,1785393198.890629,True,True,True,True,1785393187.906504,False,True,1,0,False
1784849457.3002179,20,1785393208.8695586,37.49713893339437,0.6347814145113299,37.49446860456244,True,37.5,36.5,38.6,0.95,0.05,0.0,0.7,0.03,2,1785393218.8968384,True,False,True,False,1785393187.906504,False,True,1,0,False
1784849457.3002179,20,1785393228.8758273,37.45975432974747,0.6347241931792172,37.51583123521782,True,37.5,36.5,38.6,0.95,0.05,0.0,0.7,0.03,2,1785393238.9034624,True,True,True,False,1785393187.906504,False,True,1,0,False
1784849457.3002179,20,1785393248.8821359,37.470435645075156,0.6348195620660715,37.49446860456244,True,37.5,36.5,38.6,0.95,0.05,0.0,0.7,0.03,2,1785393258.909391,True,True,True,False,1785393187.906504,False,True,1,0,False
1784849457.3002179,20,1785393268.888361,37.47844663157092,0.6345525291828794,37.489127946898606,True,37.5,36.5,38.6,0.95,0.05,0.0,0.7,0.03,2,1785393278.9156625,True,True,True,False,1785393187.906504,False,True,1,0,False
1784849457.3002179,20,1785393288.8946042,37.49179827573053,0.6345716029602503,37.50247959105822,True,37.5,36.5,38.6,0.95,0.05,0.0,0.7,0.03,2,1785393298.9214973,True,False,True,False,1785393187.906504,False,True,1,0,False
1784849457.3002179,20,1785393308.900846,37.51850156404974,0.6343999389639124,37.50247959105822,True,37.5,36.5,38.6,0.95,0.05,0.0,0.7,0.03,2,1785393318.9291065,True,True,True,False,1785393187.906504,False,1,0,0,False
1784849457.3002179,20,1785393328.9071195,37.531853208209355,0.6344571602960251,37.52384222171359,True,37.5,36.5,38.6,0.95,0.05,0.0,0.7,0.03,2,1785393338.9345796,True,False,True,False,1785393187.906504,False,1,0,0,False
1784849457.3002179,20,1785393348.9136024,37.54520485236897,0.6349912260624094,37.52918287937743,True,37.5,36.5,38.6,0.95,0.05,0.0,0.7,0.03,2,1785393358.940786,True,True,True,True,1785393367.9065247,False,1,0,0,False
1784849457.3002179,20,1785393368.9199343,37.526512550545505,0.6345334554055085,37.513160906385906,True,37.5,36.5,38.6,0.95,0.05,0.0,0.7,0.03,2,1785393378.9475558,True,True,True,True,1785393367.9065247,False,1,0,0,False
1784849457.3002179,20,1785393388.9262164,37.49713893339437,0.6345716029602503,37.54787518120088,True,37.5,36.5,38.6,0.95,0.05,0.0,0.7,0.03,2,1785393398.9535167,True,True,True,False,1785393367.9065247,False,True,1,0,False
1784849457.3002179,20,1785393408.9324195,37.48645761806668,0.634895857175555,37.50514991989013,True,37.5,36.5,38.6,0.95,0.05,0.0,0.7,0.03,2,1785393418.959652,True,True,True,False,1785393367.9065247,False,True,1,0,False
1784849457.3002179,20,1785393428.9386148,37.49713893339437,0.6346478980697338,37.489127946898606,True,37.5,36.5,38.6,0.95,0.05,0.0,0.7,0.03,2,1785393438.9659436,True,False,True,False,1785393367.9065247,False,True,1,0,False
1784849457.3002179,20,1785393448.944754,37.45975432974747,0.6346860456244755,37.51049057755398,True,37.5,36.5,38.6,0.95,0.05,0.0,0.7,0.03,2,1785393458.9715402,True,True,True,False,1785393367.9065247,False,True,1,0,False
1784849457.3002179,20,1785393468.95096,37.51049057755398,0.634762340733959,37.51583123521782,True,37.5,36.5,38.6,0.95,0.05,0.0,0.7,0.03,2,1785393478.9784827,True,True,True,False,1785393367.9065247,False,1,0,0,False
1784849457.3002179,20,1785393488.958295,37.48645761806668,0.6347241931792172,37.507820248722055,True,37.5,36.5,38.6,0.95,0.05,0.0,0.7,0.03,2,1785393498.9877968,True,False,True,False,1785393367.9065247,False,True,1,0,False
1784849457.3002179,20,1785393508.9674191,37.507820248722055,0.6348767833981842,37.52918287937743,True,37.5,36.5,38.6,0.95,0.05,0.0,0.7,0.03,2,1785393518.9963589,True,True,True,False,1785393367.9065247,False,1,0,0,False
1784849457.3002179,20,1785393528.9757392,37.51049057755398,0.6347241931792172,37.50247959105822,True,37.5,36.5,38.6,0.95,0.05,0.0,0.7,0.03,2,1785393539.0059426,True,True,True,True,1785393547.906563,False,1,0,0,False
1784849457.3002179,20,1785393548.9843528,37.481116960402844,0.6344762340733959,37.50247959105822,True,37.5,36.5,38.6,0.95,0.05,0.0,0.7,0.03,2,1785393559.0132897,True,True,True,True,1785393547.906563,False,True,1,0,False
1784849457.3002179,20,1785393568.9923432,37.47310597390707,0.6347051194018464,37.49713893339437,True,37.5,36.5,38.6,0.95,0.05,0.0,0.7,0.03,2,1785393579.0210736,True,True,True,False,1785393547.906563,False,True,1,0,False
1784849457.3002179,20,1785393589.0002732,37.470435645075156,0.6345143816281376,37.483787289234755,True,37.5,36.5,38.6,0.95,0.05,0.0,0.7,0.03,2,1785393599.0307846,True,True,True,False,1785393547.906563,False,True,1,0,False
1784849457.3002179,20,1785393609.0095296,37.49179827573053,0.6347051194018464,37.47844663157092,True,37.5,36.5,38.6,0.95,0.05,0.0,0.7,0.03,2,1785393619.039351,True,True,True,False,1785393547.906563,False,True,1,0,False
1784849457.3002179,20,1785393629.0180843,37.51850156404974,0.6343999389639124,37.483787289234755,True,37.5,36.5,38.6,0.95,0.05,0.0,0.7,0.03,2,1785393639.049038,True,True,True,False,1785393547.906563,False,1,0,0,False
1784849457.3002179,20,1785393649.0274153,37.49713893339437,0.634743266956588,37.531853208209355,True,37.5,36.5,38.6,0.95,0.05,0.0,0.7,0.03,2,1785393659.0545764,True,True,True,False,1785393547.906563,False,True,1,0,False
1784849457.3002179,20,1785393669.0346467,37.53719386587319,0.6346478980697338,37.50514991989013,True,37.5,36.5,38.6,0.95,0.05,0.0,0.7,0.03,2,1785393679.0638733,True,True,True,False,1785393547.906563,False,1,0,0,False
1784849457.3002179,20,1785393689.0432904,37.52384222171359,0.6349530785076677,37.481116960402844,True,37.5,36.5,38.6,0.95,0.05,0.0,0.7,0.03,2,1785393699.0724711,True,True,True,False,1785393547.906563,False,1,0,0,False
1784849457.3002179,20,1785393709.0529902,37.49179827573053,0.6343617914091706,37.513160906385906,True,37.5,36.5,38.6,0.95,0.05,0.0,0.7,0.03,2,1785393719.0838423,True,True,True,True,1785393727.9066005,False,True,1,0,False
1784849457.3002179,20,1785393729.0621283,37.49446860456244,0.6344762340733959,37.49713893339437,True,37.5,36.5,38.6,0.95,0.05,0.0,0.7,0.03,2,1785393739.0922346,True,False,True,True,1785393727.9066005,False,True,1,0,False
1784849457.3002179,20,1785393749.0704477,37.465094987411305,0.6344190127412833,37.470435645075156,True,37.5,36.5,38.6,0.95,0.05,0.0,0.7,0.03,2,1785393759.0978577,True,False,True,False,1785393727.9066005,False,True,1,0,False
1784849457.3002179,20,1785393769.0766695,37.46776531624323,0.6344762340733959,37.47577630273899,True,37.5,36.5,38.6,0.95,0.05,0.0,0.7,0.03,2,1785393779.104009,True,False,True,False,1785393727.9066005,False,True,1,0,False
1784849457.3002179,20,1785393789.0829222,37.470435645075156,0.6345716029602503,37.489127946898606,True,37.5,36.5,38.6,0.95,0.05,0.0,0.7,0.03,2,1785393799.1103137,True,True,True,False,1785393727.9066005,False,True,1,0,False
1784849457.3002179,20,1785393809.0892277,37.49713893339437,0.6346478980697338,37.49446860456244,True,37.5,36.5,38.6,0.95,0.05,0.0,0.7,0.03,2,1785393819.1171632,True,True,True,False,1785393727.9066005,False,True,1,0,False
1784849457.3002179,20,1785393829.095485,37.51850156404974,0.6345334554055085,37.526512550545505,True,37.5,36.5,38.6,0.95,0.05,0.0,0.7,0.03,2,1785393839.1266603,True,True,True,False,1785393727.9066005,False,1,0,0,False
1784849457.3002179,20,1785393849.1028686,37.53986419470512,0.6347814145113299,37.526512550545505,True,37.5,36.5,38.6,0.95,0.05,0.0,0.7,0.03,2,1785393859.139047,True,False,True,False,1785393727.9066005,False,1,0,0,False
1784849457.3002179,20,1785393869.1101747,37.55855649652857,0.634590676737621,37.52117189288167,True,37.5,36.5,38.6,0.95,0.05,0.0,0.7,0.03,2,1785393879.137437,True,True,True,False,1785393727.9066005,False,1,0,0,False
1784849457.3002179,20,1785393889.1167064,37.507820248722055,0.6344571602960251,37.513160906385906,True,37.5,36.5,38.6,0.95,0.05,0.0,0.7,0.03,2,1785393899.143699,True,True,True,True,1785393907.9066126,False,1,0,0,False
1784849457.3002179,20,1785393909.1229293,37.53986419470512,0.6344762340733959,37.52384222171359,True,37.5,36.5,38.6,0.95,0.05,0.0,0.7,0.03,2,1785393919.1505735,True,True,True,True,1785393907.9066126,False,1,0,0,False
1784849457.3002179,20,1785393929.129481,37.49980926222629,0.6343999389639124,37.49713893339437,True,37.5,36.5,38.6,0.95,0.05,0.0,0.7,0.03,2,1785393939.1601536,True,True,True,False,1785393907.9066126,False,True,1,0,False
1784849457.3002179,20,1785393949.1369376,37.49713893339437,0.634590676737621,37.49713893339437,True,37.5,36.5,38.6,0.95,0.05,0.0,0.7,0.03,2,1785393959.1642334,True,True,True,False,1785393907.9066126,False,True,1,0,False
1784849457.3002179,20,1785393969.1432884,37.47844663157092,0.6344380865186541,37.48645761806668,True,37.5,36.5,38.6,0.95,0.05,0.0,0.7,0.03,2,1785393979.1758957,True,True,True,False,1785393907.9066126,False,True,1,0,False
1784849457.3002179,20,1785393989.1505697,37.470435645075156,0.6346478980697338,37.49446860456244,True,37.5,36.5,38.6,0.95,0.05,0.0,0.7,0.03,2,1785393999.178638,True,True,True,False,1785393907.9066126,False,True,1,0,False
1784849457.3002179,20,1785394009.1579802,37.49713893339437,0.634590676737621,37.51583123521782,True,37.5,36.5,38.6,0.95,0.05,0.0,0.7,0.03,2,1785394019.1847532,True,True,True,False,1785393907.9066126,False,True,1,0,False
1784849457.3002179,20,1785394029.1641378,37.507820248722055,0.6344190127412833,37.51049057755398,True,37.5,36.5,38.6,0.95,0.05,0.0,0.7,0.03,2,1785394039.1913934,True,False,True,False,1785393907.9066126,False,1,0,0,False
1784849457.3002179,20,1785394049.170377,37.52384222171359,0.6345716029602503,37.51583123521782,True,37.5,36.5,38.6,0.95,0.05,0.0,0.7,0.03,2,1785394059.1994605,True,False,True,False,1785393907.9066126,False,1,0,0,False
1784849457.3002179,20,1785394069.1769416,37.54253452353704,0.6346669718471045,37.526512550545505,True,37.5,36.5,38.6,0.95,0.05,0.0,0.7,0.03,2,1785394079.2041771,True,False,True,True,1785394087.9066446,False,1,0,0,False
1784849457.3002179,20,1785394089.1831808,37.52384222171359,0.634323643854429,37.49713893339437,True,37.5,36.5,38.6,0.95,0.05,0.0,0.7,0.03,2,1785394099.2100425,True,True,True,True,1785394087.9066446,False,1,0,0,False
1784849457.3002179,20,1785394109.1892374,37.50247959105822,0.6345716029602503,37.47577630273899,True,37.5,36.5,38.6,0.95,0.05,0.0,0.7,0.03,2,1785394119.2170074,True,True,True,False,1785394087.9066446,False,1,0,0,False
1784849457.3002179,20,1785394129.195471,37.489127946898606,0.6345525291828794,37.48645761806668,True,37.5,36.5,38.6,0.95,0.05,0.0,0.7,0.03,2,1785394139.2225008,True,True,True,False,1785394087.9066446,False,True,1,0,False
1784849457.3002179,20,1785394149.20181,37.470435645075156,0.6346478980697338,37.50247959105822,True,37.5,36.5,38.6,0.95,0.05,0.0,0.7,0.03,2,1785394159.2285802,True,True,True,False,1785394087.9066446,False,True,1,0,False
1784849457.3002179,20,1785394169.2080126,37.489127946898606,0.6342664225223164,37.48645761806668,True,37.5,36.5,38.6,0.95,0.05,0.0,0.7,0.03,2,1785394179.2360475,True,True,True,False,1785394087.9066446,False,True,1,0,False
1784849457.3002179,20,1785394189.2145338,37.481116960402844,0.6346288242923629,37.489127946898606,True,37.5,36.5,38.6,0.95,0.05,0.0,0.7,0.03,2,1785394199.2426844,True,True,True,False,1785394087.9066446,False,True,1,0,False
1784849457.3002179,20,1785394209.2206807,37.47577630273899,0.6344190127412833,37.489127946898606,True,37.5,36.5,38.6,0.95,0.05,0.0,0.7,0.03,2,1785394219.2477665,True,True,True,False,1785394087.9066446,False,True,1,0,False
1784849457.3002179,20,1785394229.2269232,37.507820248722055,0.6345525291828794,37.50514991989013,True,37.5,36.5,38.6,0.95,0.05,0.0,0.7,0.03,2,1785394239.2539358,True,True,True,False,1785394087.9066446,False,1,0,0,False
1784849457.3002179,20,1785394249.2330284,37.52918287937743,0.6344953078507668,37.51049057755398,True,37.5,36.5,38.6,0.95,0.05,0.0,0.7,0.03,2,1785394259.2602463,True,False,True,True,1785394267.906681,False,1,0,0,False
1784849457.3002179,20,1785394269.2392468,37.54253452353704,0.6344380865186541,37.51583123521782,True,37.5,36.5,38.6,0.95,0.05,0.0,0.7,0.03,2,1785394279.26662,True,True,True,True,1785394267.906681,False,1,0,0,False
1784849457.3002179,20,1785394289.2455487,37.49179827573053,0.6344953078507668,37.513160906385906,True,37.5,36.5,38.6,0.95,0.05,0.0,0.7,0.03,2,1785394299.272819,True,True,True,False,1785394267.906681,False,True,1,0,False
1784849457.3002179,20,1785394309.2517657,37.507820248722055,0.6345143816281376,37.481116960402844,True,37.5,36.5,38.6,0.95,0.05,0.0,0.7,0.03,2,1785394319.279021,True,False,True,False,1785394267.906681,False,1,0,0,False
1784849457.3002179,20,1785394329.2579818,37.489127946898606,0.6344762340733959,37.48645761806668,True,37.5,36.5,38.6,0.95,0.05,0.0,0.7,0.03,2,1785394339.2852705,True,True,True,False,1785394267.906681,False,True,1,0,False
1784849457.3002179,20,1785394349.2642367,37.49713893339437,0.6344380865186541,37.49713893339437,True,37.5,36.5,38.6,0.95,0.05,0.0,0.7,0.03,2,1785394359.2915306,True,True,True,False,1785394267.906681,False,True,1,0,False
1784849457.3002179,20,1785394369.2704601,37.51049057755398,0.6345143816281376,37.49713893339437,True,37.5,36.5,38.6,0.95,0.05,0.0,0.7,0.03,2,1785394379.2980025,True,True,True,False,1785394267.906681,False,1,0,0,False
1784849457.3002179,20,1785394389.2766492,37.48645761806668,0.6342664225223164,37.51583123521782,True,37.5,36.5,38.6,0.95,0.05,0.0,0.7,0.03,2,1785394399.3038976,True,True,True,False,1785394267.906681,False,True,1,0,False
1784849457.3002179,20,1785394409.2828443,37.52918287937743,0.634590676737621,37.489127946898606,True,37.5,36.5,38.6,0.95,0.05,0.0,0.7,0.03,2,1785394419.310161,True,False,True,False,1785394267.906681,False,1,0,0,False
1784849457.3002179,20,1785394429.28904,37.507820248722055,0.6344571602960251,37.50514991989013,True,37.5,36.5,38.6,0.95,0.05,0.0,0.7,0.03,2,1785394439.3163395,True,False,True,True,1785394447.9067059,False,1,0,0,False
1784849457.3002179,20,1785394449.295421,37.49713893339437,0.6341329060807201,37.489127946898606,True,37.5,36.5,38.6,0.95,0.05,0.0,0.7,0.03,2,1785394459.3227055,True,False,True,True,1785394447.9067059,False,True,1,0,False
1784849457.3002179,20,1785394469.3015893,37.47310597390707,0.6343617914091706,37.489127946898606,True,37.5,36.5,38.6,0.95,0.05,0.0,0.7,0.03,2,1785394479.3288271,True,True,True,False,1785394447.9067059,False,True,1,0,False
1784849457.3002179,20,1785394489.3077648,37.47577630273899,0.634323643854429,37.48645761806668,True,37.5,36.5,38.6,0.95,0.05,0.0,0.7,0.03,2,1785394499.334464,True,True,True,False,1785394447.9067059,False,True,1,0,False
1784849457.3002179,20,1785394509.3139954,37.49179827573053,0.6345716029602503,37.49713893339437,True,37.5,36.5,38.6,0.95,0.05,0.0,0.7,0.03,2,1785394519.3409703,True,False,True,False,1785394447.9067059,False,True,1,0,False
1784849457.3002179,20,1785394529.3201067,37.49980926222629,0.6344380865186541,37.50247959105822,True,37.5,36.5,38.6,0.95,0.05,0.0,0.7,0.03,2,1785394539.3474605,True,False,True,False,1785394447.9067059,False,True,1,0,False
1784849457.3002179,20,1785394549.3263535,37.507820248722055,0.634590676737621,37.53986419470512,True,37.5,36.5,38.6,0.95,0.05,0.0,0.7,0.03,2,1785394559.3546758,True,True,True,False,1785394447.9067059,False,1,0,0,False
1784849457.3002179,20,1785394569.3326418,37.53719386587319,0.6343427176317998,37.52384222171359,True,37.5,36.5,38.6,0.95,0.05,0.0,0.7,0.03,2,1785394579.3593645,True,True,True,False,1785394447.9067059,False,1,0,0,False
1784849457.3002179,20,1785394589.3387752,37.52384222171359,0.6344190127412833,37.531853208209355,True,37.5,36.5,38.6,0.95,0.05,0.0,0.7,0.03,2,1785394599.365991,True,True,True,False,1785394447.9067059,False,1,0,0,False
1784849457.3002179,20,1785394609.3449485,37.50247959105822,0.6341138323033494,37.50514991989013,True,37.5,36.5,38.6,0.95,0.05,0.0,0.7,0.03,2,1785394619.3721788,True,True,True,True,1785394627.9067242,False,1,0,0,False
1784849457.3002179,20,1785394629.3512166,37.49713893339437,0.6342854962996871,37.50514991989013,True,37.5,36.5,38.6,0.95,0.05,0.0,0.7,0.03,2,1785394639.3785734,True,True,True,True,1785394627.9067242,False,True,1,0,False
1784849457.3002179,20,1785394649.3575726,37.470435645075156,0.634323643854429,37.47844663157092,True,37.5,36.5,38.6,0.95,0.05,0.0,0.7,0.03,2,1785394659.3847902,True,False,True,False,1785394627.9067242,False,True,1,0,False
1784849457.3002179,20,1785394669.3637986,37.46242465857938,0.6343808651865416,37.489127946898606,True,37.5,36.5,38.6,0.95,0.05,0.0,0.7,0.03,2,1785394679.3904116,True,True,True,False,1785394627.9067242,False,True,1,0,False
1784849457.3002179,20,1785394689.369954,37.44373235675593,0.6343617914091706,37.481116960402844,True,37.5,36.5,38.6,0.95,0.05,0.0,0.7,0.03,2,1785394699.3972204,True,True,True,False,1785394627.9067242,False,True,1,0,False
1784849457.3002179,20,1785394709.3762138,37.465094987411305,0.6344380865186541,37.48645761806668,True,37.5,36.5,38.6,0.95,0.05,0.0,0.7,0.03,2,1785394719.4036465,True,True,True,False,1785394627.9067242,False,True,1,0,False
1784849457.3002179,20,1785394729.38259,37.50514991989013,0.6347051194018464,37.48645761806668,True,37.5,36.5,38.6,0.95,0.05,0.0,0.7,0.03,2,1785394739.4100053,True,False,True,False,1785394627.9067242,False,1,0,0,False
1784849457.3002179,20,1785394749.3887608,37.53452353704128,0.6343808651865416,37.507820248722055,True,37.5,36.5,38.6,0.95,0.05,0.0,0.7,0.03,2,1785394759.4155848,True,True,True,False,1785394627.9067242,False,1,0,0,False
1784849457.3002179,20,1785394769.3949761,37.53719386587319,0.6345143816281376,37.513160906385906,True,37.5,36.5,38.6,0.95,0.05,0.0,0.7,0.03,2,1785394779.4223986,True,True,True,False,1785394627.9067242,False,1,0,0,False
1784849457.3002179,20,1785394789.4014328,37.513160906385906,0.6345334554055085,37.50514991989013,True,37.5,36.5,38.6,0.95,0.05,0.0,0.7,0.03,2,1785394799.429414,True,True,True,True,1785394807.906739,False,1,0,0,False
1784849457.3002179,20,1785394809.407735,37.49179827573053,0.6342282749675746,37.50514991989013,True,37.5,36.5,38.6,0.95,0.05,0.0,0.7,0.03,2,1785394819.4350815,False,True,True,True,1785394807.906739,False,True,1,0,False
1784849457.3002179,20,1785394829.4144592,37.470435645075156,0.6342473487449455,37.45174334325169,True,37.5,36.5,38.6,0.95,0.05,0.0,0.7,0.03,2,1785394839.4427288,False,True,True,False,1785394807.906739,False,True,1,0,False
1784849457.3002179,20,1785394849.421277,37.465094987411305,0.6346288242923629,37.46242465857938,True,37.5,36.5,38.6,0.95,0.05,0.0,0.7,0.03,2,1785394859.4486482,False,True,True,False,1785394807.906739,False,True,1,0,False
1784849457.3002179,20,1785394869.427614,37.441062027924005,0.6341329060807201,37.446402685587856,True,37.5,36.5,38.6,0.95,0.05,0.0,0.7,0.03,2,1785394879.455403,False,True,True,False,1785394807.906739,False,True,1,0,False
1784849457.3002179,20,1785394889.4338603,37.41702906843672,0.6343427176317998,37.44907301441978,True,37.5,36.5,38.6,0.95,0.05,0.0,0.7,0.03,2,1785394899.460917,False,True,True,False,1785394807.906739,False,True,1,0,False
1784849457.3002179,20,1785394909.4401295,37.43305104142824,0.6343045700770581,37.47577630273899,True,37.5,36.5,38.6,0.95,0.05,0.0,0.7,0.03,2,1785394919.4670851,False,False,True,False,1785394807.906739,False,True,1,0,False
1784849457.3002179,20,1785394929.4463599,37.43572137026017,0.6343045700770581,37.465094987411305,True,37.5,36.5,38.6,0.95,0.05,0.0,0.7,0.03,2,1785394939.4736357,False,True,True,False,1785394807.906739,False,True,1,0,False
1784849457.3002179,20,1785394949.4525638,37.45975432974747,0.6342282749675746,37.44907301441978,True,37.5,36.5,38.6,0.95,0.05,0.0,0.7,0.03,2,1785394959.4821815,False,True,True,False,1785394807.906739,False,True,1,0,False
1784849457.3002179,20,1785394969.4599879,37.483787289234755,0.6342092011902036,37.47577630273899,True,37.5,36.5,38.6,0.95,0.05,0.0,0.7,0.03,2,1785394979.4896395,False,True,True,True,1785394987.906784,False,True,1,0,False
1784849457.3002179,20,1785394989.4697058,37.47577630273899,0.6343427176317998,37.49980926222629,True,37.5,36.5,38.6,0.95,0.05,0.0,0.7,0.03,2,1785394999.5007539,False,True,True,True,1785394987.906784,False,True,1,0,False
1784849457.3002179,20,1785395009.4779856,37.48645761806668,0.6343617914091706,37.489127946898606,True,37.5,36.5,38.6,0.95,0.05,0.0,0.7,0.03,2,1785395019.5074964,False,True,True,False,1785394987.906784,False,True,1,0,False
1784849457.3002179,20,1785395029.4841793,37.49179827573053,0.6344380865186541,37.50514991989013,True,37.5,36.5,38.6,0.95,0.05,0.0,0.7,0.03,2,1785395039.5114832,False,True,True,False,1785394987.906784,False,True,1,0,False
1784849457.3002179,20,1785395049.490454,37.50247959105822,0.634171053635462,37.54253452353704,True,37.5,36.5,38.6,0.95,0.05,0.0,0.7,0.03,2,1785395059.5181632,False,True,True,False,1785394987.906784,False,1,0,0,False
1784849457.3002179,20,1785395069.4966705,37.531853208209355,0.6343045700770581,37.531853208209355,True,37.5,36.5,38.6,0.95,0.05,0.0,0.7,0.03,2,1785395079.5233018,False,True,True,False,1785394987.906784,False,1,0,0,False
1784849457.3002179,20,1785395089.5029128,37.53452353704128,0.6343808651865416,37.57190814068818,True,37.5,36.5,38.6,0.95,0.05,0.0,0.7,0.03,2,1785395099.5301695,False,False,True,False,1785394987.906784,False,1,0,0,False
1784849457.3002179,20,1785395109.509075,37.52384222171359,0.634323643854429,37.53452353704128,True,37.5,36.5,38.6,0.95,0.05,0.0,0.7,0.03,2,1785395119.536347,False,True,True,False,1785394987.906784,False,1,0,0,False
1784849457.3002179,20,1785395129.5153837,37.51049057755398,0.6343808651865416,37.54520485236897,True,37.5,36.5,38.6,0.95,0.05,0.0,0.7,0.03,2,1785395139.5432565,False,True,True,False,1785394987.906784,False,1,0,0,False
1784849457.3002179,20,1785395149.5217412,37.507820248722055,0.6344571602960251,37.52384222171359,True,37.5,36.5,38.6,0.95,0.05,0.0,0.7,0.03,2,1785395159.5489993,False,True,True,True,1785395167.906805,False,1,0,0,False
1784849457.3002179,20,1785395169.5280457,37.50514991989013,0.6342092011902036,37.513160906385906,True,37.5,36.5,38.6,0.95,0.05,0.0,0.7,0.03,2,1785395179.555088,False,True,True,True,1785395167.906805,False,1,0,0,False
1784849457.3002179,20,1785395189.5342512,37.470435645075156,0.6342664225223164,37.46776531624323,True,37.5,36.5,38.6,0.95,0.05,0.0,0.7,0.03,2,1785395199.5610063,False,True,True,False,1785395167.906805,False,True,1,0,False
1784849457.3002179,20,1785395209.5403628,37.45975432974747,0.634171053635462,37.489127946898606,True,37.5,36.5,38.6,0.95,0.05,0.0,0.7,0.03,2,1785395219.5670743,False,True,True,False,1785395167.906805,False,True,1,0,False
1784849457.3002179,20,1785395229.5465064,37.438391699092094,0.6342664225223164,37.46776531624323,True,37.5,36.5,38.6,0.95,0.05,0.0,0.7,0.03,2,1785395239.574127,False,True,True,False,1785395167.906805,False,True,1,0,False
1784849457.3002179,20,1785395249.552952,37.45441367208362,0.6342854962996871,37.483787289234755,True,37.5,36.5,38.6,0.95,0.05,0.0,0.7,0.03,2,1785395259.5799894,False,True,True,False,1785395167.906805,False,True,1,0,False
1784849457.3002179,20,1785395269.5593767,37.47310597390707,0.6342282749675746,37.483787289234755,True,37.5,36.5,38.6,0.95,0.05,0.0,0.7,0.03,2,1785395279.586655,False,False,True,False,1785395167.906805,False,True,1,0,False
1784849457.3002179,20,1785395289.5656414,37.45975432974747,0.6341329060807201,37.50247959105822,True,37.5,36.5,38.6,0.95,0.05,0.0,0.7,0.03,2,1785395299.592936,False,True,True,False,1785395167.906805,False,True,1,0,False
1784849457.3002179,20,1785395309.5719469,37.470435645075156,0.6340566109712367,37.49179827573053,True,37.5,36.5,38.6,0.95,0.05,0.0,0.7,0.03,2,1785395319.599214,False,True,True,False,1785395167.906805,False,True,1,0,False
1784849457.3002179,20,1785395329.578308,37.49446860456244,0.6342282749675746,37.50247959105822,True,37.5,36.5,38.6,0.95,0.05,0.0,0.7,0.03,2,1785395339.6056044,False,False,True,True,1785395347.9068086,False,True,1,0,False
1784849457.3002179,20,1785395349.58455,37.507820248722055,0.6342664225223164,37.507820248722055,True,37.5,36.5,38.6,0.95,0.05,0.0,0.7,0.03,2,1785395359.6127946,False,True,True,True,1785395347.9068086,False,1,0,0,False
1784849457.3002179,20,1785395369.5908492,37.49980926222629,0.6343808651865416,37.513160906385906,True,37.5,36.5,38.6,0.95,0.05,0.0,0.7,0.03,2,1785395379.619564,False,True,True,False,1785395347.9068086,False,True,1,0,False
1784849457.3002179,20,1785395389.5971668,37.51850156404974,0.6341519798580911,37.526512550545505,True,37.5,36.5,38.6,0.95,0.05,0.0,0.7,0.03,2,1785395399.6275635,False,False,True,False,1785395347.9068086,False,1,0,0,False
1784849457.3002179,20,1785395409.6034553,37.52918287937743,0.6341901274128329,37.51049057755398,True,37.5,36.5,38.6,0.95,0.05,0.0,0.7,0.03,2,1785395419.6307552,False,False,True,False,1785395347.9068086,False,1,0,0,False
1784849457.3002179,20,1785395429.6096547,37.507820248722055,0.6340947585259785,37.51583123521782,True,37.5,36.5,38.6,0.95,0.05,0.0,0.7,0.03,2,1785395439.6395023,False,True,True,False,1785395347.9068086,False,1,0,0,False
1784849457.3002179,20,1785395449.6163387,37.49179827573053,0.6339803158617532,37.50514991989013,True,37.5,36.5,38.6,0.95,0.05,0.0,0.7,0.03,2,1785395459.64614,False,True,True,False,1785395347.9068086,False,True,1,0,False
1784849457.3002179,20,1785395469.6227806,37.47844663157092,0.634171053635462,37.526512550545505,True,37.5,36.5,38.6,0.95,0.05,0.0,0.7,0.03,2,1785395479.6500485,False,True,True,False,1785395347.9068086,False,True,1,0,False
1784849457.3002179,20,1785395489.6301203,37.48645761806668,0.6342092011902036,37.50247959105822,True,37.5,36.5,38.6,0.95,0.05,0.0,0.7,0.03,2,1785395499.659551,False,True,True,False,1785395347.9068086,False,True,1,0,False
1784849457.3002179,20,1785395509.637841,37.49713893339437,0.6342854962996871,37.47577630273899,True,37.5,36.5,38.6,0.95,0.05,0.0,0.7,0.03,2,1785395519.6651793,False,False,True,True,1785395527.9068367,False,True,1,0,False
1784849457.3002179,20,1785395529.6441076,37.47310597390707,0.6341519798580911,37.48645761806668,True,37.5,36.5,38.6,0.95,0.05,0.0,0.7,0.03,2,1785395539.6713738,False,True,True,True,1785395527.9068367,False,True,1,0,False
1784849457.3002179,20,1785395549.6503649,37.49713893339437,0.6341329060807201,37.481116960402844,True,37.5,36.5,38.6,0.95,0.05,0.0,0.7,0.03,2,1785395559.677287,False,False,True,False,1785395527.9068367,False,True,1,0,False
1784849457.3002179,20,1785395569.6565022,37.50514991989013,0.6347051194018464,37.50247959105822,True,37.5,36.5,38.6,0.95,0.05,0.0,0.7,0.03,2,1785395579.6832628,False,False,True,False,1785395527.9068367,False,1,0,0,False
1784849457.3002179,20,1785395589.6626832,37.507820248722055,0.6341329060807201,37.526512550545505,True,37.5,36.5,38.6,0.95,0.05,0.0,0.7,0.03,2,1785395599.6900039,False,True,True,False,1785395527.9068367,False,1,0,0,False
1784849457.3002179,20,1785395609.6689434,37.507820248722055,0.6340947585259785,37.51049057755398,True,37.5,36.5,38.6,0.95,0.05,0.0,0.7,0.03,2,1785395619.6963115,False,True,True,False,1785395527.9068367,False,1,0,0,False
1784849457.3002179,20,1785395629.6752965,37.513160906385906,0.6341329060807201,37.50514991989013,True,37.5,36.5,38.6,0.95,0.05,0.0,0.7,0.03,2,1785395639.7025673,False,False,True,False,1785395527.9068367,False,1,0,0,False
1784849457.3002179,20,1785395649.681516,37.507820248722055,0.6342473487449455,37.49980926222629,True,37.5,36.5,38.6,0.95,0.05,0.0,0.7,0.03,2,1785395659.708773,False,True,True,False,1785395527.9068367,False,1,0,0,False
1784849457.3002179,20,1785395669.6877296,37.489127946898606,0.6344762340733959,37.483787289234755,True,37.5,36.5,38.6,0.95,0.05,0.0,0.7,0.03,2,1785395679.715164,False,False,True,False,1785395527.9068367,False,True,1,0,False
1784849457.3002179,20,1785395689.6940582,37.481116960402844,0.6339993896391242,37.49179827573053,True,37.5,36.5,38.6,0.95,0.05,0.0,0.7,0.03,2,1785395699.7210872,False,False,True,True,1785395707.906862,False,True,1,0,False
1784849457.3002179,20,1785395709.7002957,37.48645761806668,0.6340566109712367,37.45975432974747,True,37.5,36.5,38.6,0.95,0.05,0.0,0.7,0.03,2,1785395719.7275808,False,False,True,True,1785395707.906862,False,True,1,0,False
1784849457.3002179,20,1785395729.7065034,37.46776531624323,0.6343045700770581,37.465094987411305,True,37.5,36.5,38.6,0.95,0.05,0.0,0.7,0.03,2,1785395739.7338316,False,True,True,False,1785395707.906862,False,True,1,0,False
1784849457.3002179,20,1785395749.7126586,37.481116960402844,0.6342282749675746,37.49179827573053,True,37.5,36.5,38.6,0.95,0.05,0.0,0.7,0.03,2,1785395759.740157,False,True,True,False,1785395707.906862,False,True,1,0,False
1784849457.3002179,20,1785395769.7189896,37.49446860456244,0.6343617914091706,37.481116960402844,True,37.5,36.5,38.6,0.95,0.05,0.0,0.7,0.03,2,1785395779.74579,False,True,True,False,1785395707.906862,False,True,1,0,False
1784849457.3002179,20,1785395789.7251463,37.50247959105822,0.6342473487449455,37.49446860456244,True,37.5,36.5,38.6,0.95,0.05,0.0,0.7,0.03,2,1785395799.7524083,False,True,True,False,1785395707.906862,False,1,0,0,False
1784849457.3002179,20,1785395809.7313666,37.52918287937743,0.6339993896391242,37.51583123521782,True,37.5,36.5,38.6,0.95,0.05,0.0,0.7,0.03,2,1785395819.7591496,False,True,True,False,1785395707.906862,False,1,0,0,False
1784849457.3002179,20,1785395829.7376156,37.507820248722055,0.6341329060807201,37.51583123521782,True,37.5,36.5,38.6,0.95,0.05,0.0,0.7,0.03,2,1785395839.7648385,False,True,True,False,1785395707.906862,False,1,0,0,False
1784849457.3002179,20,1785395849.7440124,37.507820248722055,0.6340375371938659,37.49446860456244,True,37.5,36.5,38.6,0.95,0.05,0.0,0.7,0.03,2,1785395859.771347,False,True,True,False,1785395707.906862,False,1,0,0,False
1784849457.3002179,20,1785395869.7503204,37.52117189288167,0.634018463416495,37.51583123521782,True,37.5,36.5,38.6,0.95,0.05,0.0,0.7,0.03,2,1785395879.7778327,False,True,True,True,1785395887.906879,False,1,0,0,False
1784849457.3002179,20,1785395889.7565384,37.52384222171359,0.6339993896391242,37.51850156404974,True,37.5,36.5,38.6,0.95,0.05,0.0,0.7,0.03,2,1785395899.7834992,False,False,True,True,1785395887.906879,False,1,0,0,False
1784849457.3002179,20,1785395909.762756,37.49179827573053,0.6339421683070116,37.50247959105822,True,37.5,36.5,38.6,0.95,0.05,0.0,0.7,0.03,2,1785395919.7901528,False,True,True,False,1785395887.906879,False,True,1,0,False
1784849457.3002179,20,1785395929.768985,37.49446860456244,0.6343427176317998,37.470435645075156,True,37.5,36.5,38.6,0.95,0.05,0.0,0.7,0.03,2,1785395939.7976222,False,False,True,False,1785395887.906879,False,True,1,0,False
1784849457.3002179,20,1785395949.776066,37.48645761806668,0.6339230945296407,37.48645761806668,True,37.5,36.5,38.6,0.95,0.05,0.0,0.7,0.03,2,1785395959.8043187,False,False,True,False,1785395887.906879,False,True,1,0,False
1784849457.3002179,20,1785395969.7837944,37.489127946898606,0.6341329060807201,37.49179827573053,True,37.5,36.5,38.6,0.95,0.05,0.0,0.7,0.03,2,1785395979.8125393,False,True,True,False,1785395887.906879,False,True,1,0,False
1784849457.3002179,20,1785395989.791581,37.49179827573053,0.634018463416495,37.489127946898606,True,37.5,36.5,38.6,0.95,0.05,0.0,0.7,0.03,2,1785395999.820285,False,True,True,False,1785395887.906879,False,True,1,0,False
1784849457.3002179,20,1785396009.7996833,37.49713893339437,0.6341901274128329,37.49446860456244,True,37.5,36.5,38.6,0.95,0.05,0.0,0.7,0.03,2,1785396019.8286633,False,False,True,False,1785395887.906879,False,True,1,0,False
1784849457.3002179,20,1785396029.807843,37.51850156404974,0.6341901274128329,37.51583123521782,True,37.5,36.5,38.6,0.95,0.05,0.0,0.7,0.03,2,1785396039.836715,False,True,True,False,1785395887.906879,False,1,0,0,False
1784849457.3002179,20,1785396049.8161027,37.50247959105822,0.6342092011902036,37.526512550545505,True,37.5,36.5,38.6,0.95,0.05,0.0,0.7,0.03,2,1785396059.8448598,False,True,True,True,1785396067.9069207,False,1,0,0,False
1784849457.3002179,20,1785396069.8242314,37.526512550545505,0.6339612420843824,37.52117189288167,True,37.5,36.5,38.6,0.95,0.05,0.0,0.7,0.03,2,1785396079.8528976,False,True,True,True,1785396067.9069207,False,1,0,0,False
1784849457.3002179,20,1785396089.8318958,37.49713893339437,0.6341901274128329,37.49713893339437,True,37.5,36.5,38.6,0.95,0.05,0.0,0.7,0.03,2,1785396099.8606784,False,False,True,False,1785396067.9069207,False,True,1,0,False
1784849457.3002179,20,1785396109.8391194,37.50247959105822,0.6339230945296407,37.52384222171359,True,37.5,36.5,38.6,0.95,0.05,0.0,0.7,0.03,2,1785396119.867278,False,True,True,False,1785396067.9069207,False,1,0,0,False
1784849457.3002179,20,1785396129.8475838,37.49446860456244,0.6341519798580911,37.50247959105822,True,37.5,36.5,38.6,0.95,0.05,0.0,0.7,0.03,2,1785396139.8757174,False,False,True,False,1785396067.9069207,False,True,1,0,False
1784849457.3002179,20,1785396149.8551393,37.470435645075156,0.6342092011902036,37.47577630273899,True,37.5,36.5,38.6,0.95,0.05,0.0,0.7,0.03,2,1785396159.8824148,False,False,True,False,1785396067.9069207,False,True,1,0,False
1784849457.3002179,20,1785396169.8613582,37.46242465857938,0.6343045700770581,37.48645761806668,True,37.5,36.5,38.6,0.95,0.05,0.0,0.7,0.03,2,1785396179.8918023,False,False,True,False,1785396067.9069207,False,True,1,0,False
1784849457.3002179,20,1785396189.8708613,37.47577630273899,0.6336942092011902,37.483787289234755,True,37.5,36.5,38.6,0.95,0.05,0.0,0.7,0.03,2,1785396199.89816,False,False,True,False,1785396067.9069207,False,True,1,0,False
1784849457.3002179,20,1785396209.880807,37.49713893339437,0.6337705043106737,37.49980926222629,True,37.5,36.5,38.6,0.95,0.05,0.0,0.7,0.03,2,1785396219.9090006,False,True,True,False,1785396067.9069207,False,True,1,0,False
1784849457.3002179,20,1785396229.8882945,37.513160906385906,0.6339421683070116,37.53719386587319,True,37.5,36.5,38.6,0.95,0.05,0.0,0.7,0.03,2,1785396239.915967,False,False,True,True,1785396247.906945,False,1,0,0,False
1784849457.3002179,20,1785396249.8945289,37.54520485236897,0.6344571602960251,37.531853208209355,True,37.5,36.5,38.6,0.95,0.05,0.0,0.7,0.03,2,1785396259.9217818,False,False,True,True,1785396247.906945,False,1,0,0,False
1784849457.3002179,20,1785396269.9007523,37.51583123521782,0.6340566109712367,37.50514991989013,True,37.5,36.5,38.6,0.95,0.05,0.0,0.7,0.03,2,1785396279.9280107,False,True,True,False,1785396247.906945,False,1,0,0,False
1784849457.3002179,20,1785396289.90709,37.49179827573053,0.6339803158617532,37.507820248722055,True,37.5,36.5,38.6,0.95,0.05,0.0,0.7,0.03,2,1785396299.934425,False,True,True,False,1785396247.906945,False,True,1,0,False
1784849457.3002179,20,1785396309.9133394,37.507820248722055,0.6341519798580911,37.49713893339437,True,37.5,36.5,38.6,0.95,0.05,0.0,0.7,0.03,2,1785396319.9425287,False,False,True,False,1785396247.906945,False,1,0,0,False
1784849457.3002179,20,1785396329.9213207,37.49446860456244,0.6340947585259785,37.50247959105822,True,37.5,36.5,38.6,0.95,0.05,0.0,0.7,0.03,2,1785396339.9507837,False,True,True,False,1785396247.906945,False,True,1,0,False
1784849457.3002179,20,1785396349.9297135,37.48645761806668,0.6340947585259785,37.470435645075156,True,37.5,36.5,38.6,0.95,0.05,0.0,0.7,0.03,2,1785396359.958671,False,True,True,False,1785396247.906945,False,True,1,0,False
1784849457.3002179,20,1785396369.938581,37.46776531624323,0.6338467994201572,37.48645761806668,True,37.5,36.5,38.6,0.95,0.05,0.0,0.7,0.03,2,1785396379.9684076,False,True,True,False,1785396247.906945,False,True,1,0,False
1784849457.3002179,20,1785396389.9475355,37.481116960402844,0.6337514305333027,37.49446860456244,True,37.5,36.5,38.6,0.95,0.05,0.0,0.7,0.03,2,1785396399.9767342,False,False,True,False,1785396247.906945,False,True,1,0,False
1784849457.3002179,20,1785396409.9568865,37.49179827573053,0.6338086518654155,37.489127946898606,True,37.5,36.5,38.6,0.95,0.05,0.0,0.7,0.03,2,1785396419.9866314,False,False,True,True,1785396427.9069648,False,True,1,0,False
1784849457.3002179,20,1785396429.965503,37.507820248722055,0.6340375371938659,37.50514991989013,True,37.5,36.5,38.6,0.95,0.05,0.0,0.7,0.03,2,1785396439.993774,False,False,True,True,1785396427.9069648,False,1,0,0,False
1784849457.3002179,20,1785396449.973992,37.507820248722055,0.6339421683070116,37.51049057755398,True,37.5,36.5,38.6,0.95,0.05,0.0,0.7,0.03,2,1785396460.0031135,False,True,True,False,1785396427.9069648,False,1,0,0,False
1784849457.3002179,20,1785396469.982277,37.52117189288167,0.6336751354238193,37.51583123521782,True,37.5,36.5,38.6,0.95,0.05,0.0,0.7,0.03,2,1785396480.0133407,False,False,True,False,1785396427.9069648,False,1,0,0,False
1784849457.3002179,20,1785396489.9908237,37.53452353704128,0.6339803158617532,37.53986419470512,True,37.5,36.5,38.6,0.95,0.05,0.0,0.7,0.03,2,1785396500.0214355,False,True,True,False,1785396427.9069648,False,1,0,0,False
1784849457.3002179,20,1785396509.9996467,37.51850156404974,0.6339421683070116,37.51850156404974,True,37.5,36.5,38.6,0.95,0.05,0.0,0.7,0.03,2,1785396520.0288932,False,False,True,False,1785396427.9069648,False,1,0,0,False
1784849457.3002179,20,1785396530.0080884,37.49980926222629,0.6338849469748989,37.50247959105822,True,37.5,36.5,38.6,0.95,0.05,0.0,0.7,0.03,2,1785396540.0371819,False,True,True,False,1785396427.9069648,False,True,1,0,False
1784849457.3002179,20,1785396550.0166883,37.49713893339437,0.634018463416495,37.49713893339437,True,37.5,36.5,38.6,0.95,0.05,0.0,0.7,0.03,2,1785396560.0453537,False,False,True,False,1785396427.9069648,False,True,1,0,False
1784849457.3002179,20,1785396570.0246103,37.489127946898606,0.634018463416495,37.465094987411305,True,37.5,36.5,38.6,0.95,0.05,0.0,0.7,0.03,2,1785396580.0519843,False,True,True,False,1785396427.9069648,False,True,1,0,False
1784849457.3002179,20,1785396590.030947,37.49713893339437,0.6339040207522697,37.489127946898606,True,37.5,36.5,38.6,0.95,0.05,0.0,0.7,0.03,2,1785396600.058034,False,True,True,True,1785396607.9069886,False,True,1,0,False
1784849457.3002179,20,1785396610.0371397,37.507820248722055,0.6338467994201572,37.489127946898606,True,37.5,36.5,38.6,0.95,0.05,0.0,0.7,0.03,2,1785396620.0644286,False,False,True,True,1785396607.9069886,False,1,0,0,False
1784849457.3002179,20,1785396630.0434139,37.49713893339437,0.633732356755932,37.47844663157092,True,37.5,36.5,38.6,0.95,0.05,0.0,0.7,0.03,2,1785396640.0706997,False,False,True,False,1785396607.9069886,False,True,1,0,False
1784849457.3002179,20,1785396650.0497582,37.49713893339437,0.634018463416495,37.489127946898606,True,37.5,36.5,38.6,0.95,0.05,0.0,0.7,0.03,2,1785396660.0770342,False,True,True,False,1785396607.9069886,False,True,1,0,False
1784849457.3002179,20,1785396670.0560632,37.47310597390707,0.6339040207522697,37.50514991989013,True,37.5,36.5,38.6,0.95,0.05,0.0,0.7,0.03,2,1785396680.0833404,False,False,True,False,1785396607.9069886,False,True,1,0,False
1784849457.3002179,20,1785396690.0623102,37.470435645075156,0.6338467994201572,37.49713893339437,True,37.5,36.5,38.6,0.95,0.05,0.0,0.7,0.03,2,1785396700.0895414,False,True,True,False,1785396607.9069886,False,True,1,0,False
1784849457.3002179,20,1785396710.06849,37.49713893339437,0.6338086518654155,37.49713893339437,True,37.5,36.5,38.6,0.95,0.05,0.0,0.7,0.03,2,1785396720.0957658,False,False,True,False,1785396607.9069886,False,True,1,0,False
1784849457.3002179,20,1785396730.0747826,37.51583123521782,0.6338849469748989,37.50247959105822,True,37.5,36.5,38.6,0.95,0.05,0.0,0.7,0.03,2,1785396740.1022308,False,True,True,False,1785396607.9069886,False,1,0,0,False
1784849457.3002179,20,1785396750.0811317,37.513160906385906,0.6337705043106737,37.52384222171359,True,37.5,36.5,38.6,0.95,0.05,0.0,0.7,0.03,2,1785396760.108372,False,True,True,False,1785396607.9069886,False,1,0,0,False
1784849457.3002179,20,1785396770.0874112,37.54253452353704,0.6339803158617532,37.52384222171359,True,37.5,36.5,38.6,0.95,0.05,0.0,0.7,0.03,2,1785396780.1147346,False,True,True,True,1785396787.9069927,False,1,0,0,False
1784849457.3002179,20,1785396790.093653,37.56122682536049,0.6338849469748989,37.526512550545505,True,37.5,36.5,38.6,0.95,0.05,0.0,0.7,0.03,2,1785396800.1207664,False,False,True,True,1785396787.9069927,False,1,0,0,False
1784849457.3002179,20,1785396810.1009865,37.555886167696656,0.6340756847486076,37.52117189288167,True,37.5,36.5,38.6,0.95,0.05,0.0,0.7,0.03,2,1785396820.1296146,False,True,True,False,1785396787.9069927,False,1,0,0,False
1784849457.3002179,20,1785396830.1086054,37.53452353704128,0.634018463416495,37.51049057755398,True,37.5,36.5,38.6,0.95,0.05,0.0,0.7,0.03,2,1785396840.1375847,False,False,True,False,1785396787.9069927,False,1,0,0,False
1784849457.3002179,20,1785396850.1151505,37.48645761806668,0.6336369878690776,37.47844663157092,True,37.5,36.5,38.6,0.95,0.05,0.0,0.7,0.03,2,1785396860.1450725,False,False,True,False,1785396787.9069927,False,True,1,0,False
1784849457.3002179,20,1785396870.1216865,37.489127946898606,0.6337895780880446,37.49446860456244,True,37.5,36.5,38.6,0.95,0.05,0.0,0.7,0.03,2,1785396880.1494422,False,True,True,False,1785396787.9069927,False,True,1,0,False
1784849457.3002179,20,1785396890.1281486,37.48645761806668,0.6338849469748989,37.49713893339437,True,37.5,36.5,38.6,0.95,0.05,0.0,0.7,0.03,2,1785396900.1549625,False,False,True,False,1785396787.9069927,False,True,1,0,False
1784849457.3002179,20,1785396910.1352158,37.49179827573053,0.634018463416495,37.465094987411305,True,37.5,36.5,38.6,0.95,0.05,0.0,0.7,0.03,2,1785396920.1626525,False,False,True,False,1785396787.9069927,False,True,1,0,False
1784849457.3002179,20,1785396930.1421921,37.49980926222629,0.6337705043106737,37.48645761806668,True,37.5,36.5,38.6,0.95,0.05,0.0,0.7,0.03,2,1785396940.1694832,False,True,True,False,1785396787.9069927,False,True,1,0,False
1784849457.3002179,20,1785396950.1484294,37.49713893339437,0.6336751354238193,37.49179827573053,True,37.5,36.5,38.6,0.95,0.05,0.0,0.7,0.03,2,1785396960.1757557,False,False,True,True,1785396967.9070106,False,True,1,0,False
1784849457.3002179,20,1785396970.1547363,37.489127946898606,0.6338467994201572,37.50247959105822,True,37.5,36.5,38.6,0.95,0.05,0.0,0.7,0.03,2,1785396980.182057,False,False,True,True,1785396967.9070106,False,True,1,0,False
1784849457.3002179,20,1785396990.1609945,37.507820248722055,0.6337132829785611,37.51049057755398,True,37.5,36.5,38.6,0.95,0.05,0.0,0.7,0.03,2,1785397000.1883109,False,True,True,False,1785396967.9070106,False,1,0,0,False
1784849457.3002179,20,1785397010.1673186,37.52918287937743,0.6339993896391242,37.51583123521782,True,37.5,36.5,38.6,0.95,0.05,0.0,0.7,0.03,2,1785397020.1945882,False,True,True,False,1785396967.9070106,False,1,0,0,False
1784849457.3002179,20,1785397030.173539,37.52384222171359,0.6337895780880446,37.526512550545505,True,37.5,36.5,38.6,0.95,0.05,0.0,0.7,0.03,2,1785397040.2042294,False,True,True,False,1785396967.9070106,False,1,0,0,False
1784849457.3002179,20,1785397050.1798165,37.52384222171359,0.6341519798580911,37.52117189288167,True,37.5,36.5,38.6,0.95,0.05,0.0,0.7,0.03,2,1785397060.207273,False,True,True,False,1785396967.9070106,False,1,0,0,False
1784849457.3002179,20,1785397070.1862535,37.49446860456244,0.6339040207522697,37.50514991989013,True,37.5,36.5,38.6,0.95,0.05,0.0,0.7,0.03,2,1785397080.2235017,False,True,True,False,1785396967.9070106,False,True,1,0,False
1784849457.3002179,20,1785397090.1924634,37.47577630273899,0.6340756847486076,37.48645761806668,True,37.5,36.5,38.6,0.95,0.05,0.0,0.7,0.03,2,1785397100.21971,False,False,True,False,1785396967.9070106,False,True,1,0,False
1784849457.3002179,20,1785397110.1987052,37.45975432974747,0.6337895780880446,37.47577630273899,True,37.5,36.5,38.6,0.95,0.05,0.0,0.7,0.03,2,1785397120.2263823,False,False,True,False,1785396967.9070106,False,True,1,0,False
1784849457.3002179,20,1785397130.2051938,37.483787289234755,0.6338277256427862,37.47577630273899,True,37.5,36.5,38.6,0.95,0.05,0.0,0.7,0.03,2,1785397140.2326117,False,False,True,True,1785397147.9070451,False,True,1,0,False
1784849457.3002179,20,1785397150.2115035,37.48645761806668,0.6337895780880446,37.49713893339437,True,37.5,36.5,38.6,0.95,0.05,0.0,0.7,0.03,2,1785397160.2389915,False,True,True,True,1785397147.9070451,False,True,1,0,False
1784849457.3002179,20,1785397170.2179275,37.46242465857938,0.6338849469748989,37.48645761806668,True,37.5,36.5,38.6,0.95,0.05,0.0,0.7,0.03,2,1785397180.2454364,False,True,True,False,1785397147.9070451,False,True,1,0,False
1784849457.3002179,20,1785397190.225415,37.513160906385906,0.6338086518654155,37.483787289234755,True,37.5,36.5,38.6,0.95,0.05,0.0,0.7,0.03,2,1785397200.255435,False,True,True,False,1785397147.9070451,False,1,0,0,False
1784849457.3002179,20,1785397210.2330022,37.51850156404974,0.6336751354238193,37.51583123521782,True,37.5,36.5,38.6,0.95,0.05,0.0,0.7,0.03,2,1785397220.2599437,False,False,True,False,1785397147.9070451,False,1,0,0,False
1784849457.3002179,20,1785397230.239256,37.53986419470512,0.6332936598764018,37.51583123521782,True,37.5,36.5,38.6,0.95,0.05,0.0,0.7,0.03,2,1785397240.266605,False,True,True,False,1785397147.9070451,False,1,0,0,False
1784849457.3002179,20,1785397250.2455199,37.52918287937743,0.6340375371938659,37.50514991989013,True,37.5,36.5,38.6,0.95,0.05,0.0,0.7,0.03,2,1785397260.2757702,False,False,True,False,1785397147.9070451,False,1,0,0,False
1784849457.3002179,20,1785397270.25485,37.51049057755398,0.6340375371938659,37.489127946898606,True,37.5,36.5,38.6,0.95,0.05,0.0,0.7,0.03,2,1785397280.2822819,False,True,True,False,1785397147.9070451,False,1,0,0,False
1784849457.3002179,20,1785397290.2610343,37.50247959105822,0.6338277256427862,37.50247959105822,True,37.5,36.5,38.6,0.95,0.05,0.0,0.7,0.03,2,1785397300.290514,False,False,True,False,1785397147.9070451,False,1,0,0,False
1784849457.3002179,20,1785397310.267298,37.470435645075156,0.6332936598764018,37.48645761806668,True,37.5,36.5,38.6,0.95,0.05,0.0,0.7,0.03,2,1785397320.295057,False,True,True,True,1785397327.9070466,False,True,1,0,False
1784849457.3002179,20,1785397330.2734077,37.46242465857938,0.6339230945296407,37.465094987411305,True,37.5,36.5,38.6,0.95,0.05,0.0,0.7,0.03,2,1785397340.3006682,False,True,True,True,1785397327.9070466,False,True,1,0,False
1784849457.3002179,20,1785397350.2797074,37.44373235675593,0.6335606927595941,37.470435645075156,True,37.5,36.5,38.6,0.95,0.05,0.0,0.7,0.03,2,1785397360.306372,False,False,True,False,1785397327.9070466,False,True,1,0,False
1784849457.3002179,20,1785397370.2859142,37.47310597390707,0.6340566109712367,37.44907301441978,True,37.5,36.5,38.6,0.95,0.05,0.0,0.7,0.03,2,1785397380.3128374,False,False,True,False,1785397327.9070466,False,True,1,0,False
1784849457.3002179,20,1785397390.2920978,37.465094987411305,0.6336751354238193,37.47310597390707,True,37.5,36.5,38.6,0.95,0.05,0.0,0.7,0.03,2,1785397400.3193727,False,True,True,False,1785397327.9070466,False,True,1,0,False
1784849457.3002179,20,1785397410.2983532,37.50247959105822,0.6339040207522697,37.47844663157092,True,37.5,36.5,38.6,0.95,0.05,0.0,0.7,0.03,2,1785397420.3256176,False,True,True,False,1785397327.9070466,False,1,0,0,False
1784849457.3002179,20,1785397430.3045728,37.49179827573053,0.6337895780880446,37.49446860456244,True,37.5,36.5,38.6,0.95,0.05,0.0,0.7,0.03,2,1785397440.3322875,False,True,True,False,1785397327.9070466,False,True,1,0,False
1784849457.3002179,20,1785397450.3109238,37.49179827573053,0.6336751354238193,37.489127946898606,True,37.5,36.5,38.6,0.95,0.05,0.0,0.7,0.03,2,1785397460.3382168,False,True,True,False,1785397327.9070466,False,True,1,0,False
1784849457.3002179,20,1785397470.3171062,37.51583123521782,0.6337705043106737,37.51583123521782,True,37.5,36.5,38.6,0.95,0.05,0.0,0.7,0.03,2,1785397480.3439646,False,False,True,False,1785397327.9070466,False,1,0,0,False
1784849457.3002179,20,1785397490.3233979,37.507820248722055,0.6334653238727398,37.52384222171359,True,37.5,36.5,38.6,0.95,0.05,0.0,0.7,0.03,2,1785397500.350827,False,False,True,True,1785397507.9070866,False,1,0,0,False
1784849457.3002179,20,1785397510.329559,37.53452353704128,0.6335988403143358,37.52384222171359,True,37.5,36.5,38.6,0.95,0.05,0.0,0.7,0.03,2,1785397520.35674,False,True,True,True,1785397507.9070866,False,1,0,0,False
1784849457.3002179,20,1785397530.3358338,37.53719386587319,0.6336751354238193,37.52384222171359,True,37.5,36.5,38.6,0.95,0.05,0.0,0.7,0.03,2,1785397540.364311,False,True,True,False,1785397507.9070866,False,1,0,0,False
1784849457.3002179,20,1785397550.3423798,37.52918287937743,0.6336560616464485,37.50247959105822,True,37.5,36.5,38.6,0.95,0.05,0.0,0.7,0.03,2,1785397560.373565,False,False,True,False,1785397507.9070866,False,1,0,0,False
1784849457.3002179,20,1785397570.348543,37.51049057755398,0.6340375371938659,37.49179827573053,True,37.5,36.5,38.6,0.95,0.05,0.0,0.7,0.03,2,1785397580.3785021,False,True,True,False,1785397507.9070866,False,1,0,0,False
1784849457.3002179,20,1785397590.354759,37.52384222171359,0.6337705043106737,37.47310597390707,True,37.5,36.5,38.6,0.95,0.05,0.0,0.7,0.03,2,1785397600.3824906,False,False,True,False,1785397507.9070866,False,1,0,0,False
1784849457.3002179,20,1785397610.36095,37.47577630273899,0.6336560616464485,37.46776531624323,True,37.5,36.5,38.6,0.95,0.05,0.0,0.7,0.03,2,1785397620.388287,False,True,True,False,1785397507.9070866,False,True,1,0,False
1784849457.3002179,20,1785397630.3673582,37.470435645075156,0.6339803158617532,37.446402685587856,True,37.5,36.5,38.6,0.95,0.05,0.0,0.7,0.03,2,1785397640.3944285,False,True,True,False,1785397507.9070866,False,True,1,0,False
1784849457.3002179,20,1785397650.3735888,37.43305104142824,0.6338086518654155,37.446402685587856,True,37.5,36.5,38.6,0.95,0.05,0.0,0.7,0.03,2,1785397660.4042296,False,True,True,False,1785397507.9070866,False,True,1,0,False
1784849457.3002179,20,1785397670.380581,37.43572137026017,0.6339040207522697,37.45174334325169,True,37.5,36.5,38.6,0.95,0.05,0.0,0.7,0.03,2,1785397680.4094732,False,False,True,True,1785397687.9070969,False,True,1,0,False
1784849457.3002179,20,1785397690.3885186,37.438391699092094,0.6337132829785611,37.45975432974747,True,37.5,36.5,38.6,0.95,0.05,0.0,0.7,0.03,2,1785397700.417483,False,True,True,True,1785397687.9070969,False,True,1,0,False
1784849457.3002179,20,1785397710.3973315,37.470435645075156,0.6337705043106737,37.44373235675593,True,37.5,36.5,38.6,0.95,0.05,0.0,0.7,0.03,2,1785397720.4257596,False,False,True,False,1785397687.9070969,False,True,1,0,False
1784849457.3002179,20,1785397730.4052668,37.46776531624323,0.6337132829785611,37.47577630273899,True,37.5,36.5,38.6,0.95,0.05,0.0,0.7,0.03,2,1785397740.432496,False,False,True,False,1785397687.9070969,False,True,1,0,False
1784849457.3002179,20,1785397750.4116583,37.48645761806668,0.6336751354238193,37.481116960402844,True,37.5,36.5,38.6,0.95,0.05,0.0,0.7,0.03,2,1785397760.4387026,False,False,True,False,1785397687.9070969,False,True,1,0,False
1784849457.3002179,20,1785397770.4179826,37.49446860456244,0.6338086518654155,37.48645761806668,True,37.5,36.5,38.6,0.95,0.05,0.0,0.7,0.03,2,1785397780.445287,False,True,True,False,1785397687.9070969,False,True,1,0,False
1784849457.3002179,20,1785397790.4242299,37.49179827573053,0.6338849469748989,37.526512550545505,True,37.5,36.5,38.6,0.95,0.05,0.0,0.7,0.03,2,1785397800.4510708,False,True,True,False,1785397687.9070969,False,True,1,0,False
1784849457.3002179,20,1785397810.43051,37.52384222171359,0.6338467994201572,37.51583123521782,True,37.5,36.5,38.6,0.95,0.05,0.0,0.7,0.03,2,1785397820.4573617,False,True,True,False,1785397687.9070969,False,1,0,0,False
1784849457.3002179,20,1785397830.4366686,37.53986419470512,0.6337705043106737,37.52117189288167,True,37.5,36.5,38.6,0.95,0.05,0.0,0.7,0.03,2,1785397840.4638937,False,True,True,False,1785397687.9070969,False,1,0,0,False
1784849457.3002179,20,1785397850.4428825,37.53986419470512,0.6335416189822233,37.52117189288167,True,37.5,36.5,38.6,0.95,0.05,0.0,0.7,0.03,2,1785397860.4702127,False,True,True,True,1785397867.907131,False,1,0,0,False
1784849457.3002179,20,1785397870.4491727,37.52117189288167,0.6337132829785611,37.49980926222629,True,37.5,36.5,38.6,0.95,0.05,0.0,0.7,0.03,2,1785397880.4760334,False,True,True,True,1785397867.907131,False,1,0,0,False
1784849457.3002179,20,1785397890.4565237,37.513160906385906,0.6335225452048523,37.48645761806668,True,37.5,36.5,38.6,0.95,0.05,0.0,0.7,0.03,2,1785397900.4890974,False,False,True,False,1785397867.907131,False,1,0,0,False
1784849457.3002179,20,1785397910.4646177,37.470435645075156,0.6335606927595941,37.481116960402844,True,37.5,36.5,38.6,0.95,0.05,0.0,0.7,0.03,2,1785397920.4916656,False,True,True,False,1785397867.907131,False,True,1,0,False
1784849457.3002179,20,1785397930.4708483,37.47844663157092,0.6336560616464485,37.481116960402844,True,37.5,36.5,38.6,0.95,0.05,0.0,0.7,0.03,2,1785397940.4978333,False,True,True,False,1785397867.907131,False,True,1,0,False
1784849457.3002179,20,1785397950.4769583,37.45975432974747,0.6332173647669184,37.470435645075156,True,37.5,36.5,38.6,0.95,0.05,0.0,0.7,0.03,2,1785397960.5047119,False,True,True,False,1785397867.907131,False,True,1,0,False
1784849457.3002179,20,1785397970.4831772,37.45174334325169,0.633732356755932,37.47577630273899,True,37.5,36.5,38.6,0.95,0.05,0.0,0.7,0.03,2,1785397980.5101573,False,True,True,False,1785397867.907131,False,True,1,0,False
1784849457.3002179,20,1785397990.4894128,37.470435645075156,0.6334843976501107,37.489127946898606,True,37.5,36.5,38.6,0.95,0.05,0.0,0.7,0.03,2,1785398000.5169725,False,True,True,False,1785397867.907131,False,True,1,0,False
1784849457.3002179,20,1785398010.4956944,37.48645761806668,0.6337132829785611,37.51583123521782,True,37.5,36.5,38.6,0.95,0.05,0.0,0.7,0.03,2,1785398020.5230513,False,False,True,False,1785397867.907131,False,True,1,0,False
1784849457.3002179,20,1785398030.5019763,37.52384222171359,0.6337514305333027,37.50514991989013,True,37.5,36.5,38.6,0.95,0.05,0.0,0.7,0.03,2,1785398040.5293164,False,False,True,True,1785398047.9071562,False,1,0,0,False
1784849457.3002179,20,1785398050.5081577,37.52918287937743,0.6335416189822233,37.526512550545505,True,37.5,36.5,38.6,0.95,0.05,0.0,0.7,0.03,2,1785398060.5351143,False,True,True,True,1785398047.9071562,False,1,0,0,False
1784849457.3002179,20,1785398070.514404,37.51583123521782,0.6335606927595941,37.50514991989013,True,37.5,36.5,38.6,0.95,0.05,0.0,0.7,0.03,2,1785398080.542215,False,False,True,False,1785398047.9071562,False,1,0,0,False
1784849457.3002179,20,1785398090.5206268,37.49713893339437,0.6336179140917068,37.49713893339437,True,37.5,36.5,38.6,0.95,0.05,0.0,0.7,0.03,2,1785398100.548168,False,True,True,False,1785398047.9071562,False,True,1,0,False
1784849457.3002179,20,1785398110.5269158,37.49179827573053,0.633427176317998,37.470435645075156,True,37.5,36.5,38.6,0.95,0.05,0.0,0.7,0.03,2,1785398120.553654,False,True,True,False,1785398047.9071562,False,True,1,0,False
1784849457.3002179,20,1785398130.5330527,37.49446860456244,0.633579766536965,37.49179827573053,True,37.5,36.5,38.6,0.95,0.05,0.0,0.7,0.03,2,1785398140.56166,False,True,True,False,1785398047.9071562,False,True,1,0,False
1784849457.3002179,20,1785398150.5405543,37.49179827573053,0.6335034714274815,37.48645761806668,True,37.5,36.5,38.6,0.95,0.05,0.0,0.7,0.03,2,1785398160.5705724,False,True,True,False,1785398047.9071562,False,True,1,0,False
1784849457.3002179,20,1785398170.5496635,37.49446860456244,0.6336751354238193,37.481116960402844,True,37.5,36.5,38.6,0.95,0.05,0.0,0.7,0.03,2,1785398180.5789318,False,True,True,False,1785398047.9071562,False,True,1,0,False
1784849457.3002179,20,1785398190.5593462,37.507820248722055,0.633579766536965,37.489127946898606,True,37.5,36.5,38.6,0.95,0.05,0.0,0.7,0.03,2,1785398200.589301,False,True,True,False,1785398047.9071562,False,1,0,0,False
1784849457.3002179,20,1785398210.5684896,37.507820248722055,0.633579766536965,37.50514991989013,True,37.5,36.5,38.6,0.95,0.05,0.0,0.7,0.03,2,1785398220.597945,False,True,True,True,1785398227.907171,False,1,0,0,False
1784849457.3002179,20,1785398230.577867,37.507820248722055,0.6335416189822233,37.50514991989013,True,37.5,36.5,38.6,0.95,0.05,0.0,0.7,0.03,2,1785398240.6085117,False,False,True,True,1785398227.907171,False,1,0,0,False
1784849457.3002179,20,1785398250.587991,37.48645761806668,0.6334462500953688,37.51583123521782,True,37.5,36.5,38.6,0.95,0.05,0.0,0.7,0.03,2,1785398260.61726,False,True,True,False,1785398227.907171,False,True,1,0,False
1784849457.3002179,20,1785398270.5963402,37.489127946898606,0.6336751354238193,37.47844663157092,True,37.5,36.5,38.6,0.95,0.05,0.0,0.7,0.03,2,1785398280.6284177,False,False,True,False,1785398227.907171,False,True,1,0,False
1784849457.3002179,20,1785398290.6069252,37.49179827573053,0.6331410696574349,37.49713893339437,True,37.5,36.5,38.6,0.95,0.05,0.0,0.7,0.03,2,1785398300.6371832,False,True,True,False,1785398227.907171,False,True,1,0,False
1784849457.3002179,20,1785398310.6160982,37.49713893339437,0.6338849469748989,37.513160906385906,True,37.5,36.5,38.6,0.95,0.05,0.0,0.7,0.03,2,1785398320.6442642,False,True,True,False,1785398227.907171,False,True,1,0,False
1784849457.3002179,20,1785398330.623586,37.54253452353704,0.6335416189822233,37.513160906385906,True,37.5,36.5,38.6,0.95,0.05,0.0,0.7,0.03,2,1785398340.6595263,False,True,True,False,1785398227.907171,False,1,0,0,False
1784849457.3002179,20,1785398350.6297324,37.555886167696656,0.6335034714274815,37.53452353704128,True,37.5,36.5,38.6,0.95,0.05,0.0,0.7,0.03,2,1785398360.6570091,False,False,True,False,1785398227.907171,False,1,0,0,False
1784849457.3002179,20,1785398370.636006,37.54253452353704,0.6333890287632563,37.52918287937743,True,37.5,36.5,38.6,0.95,0.05,0.0,0.7,0.03,2,1785398380.6632519,False,True,True,False,1785398227.907171,False,1,0,0,False
1784849457.3002179,20,1785398390.6422696,37.54520485236897,0.6335988403143358,37.526512550545505,True,37.5,36.5,38.6,0.95,0.05,0.0,0.7,0.03,2,1785398400.6692019,False,False,True,True,1785398407.9072053,False,1,0,0,False
1784849457.3002179,20,1785398410.648567,37.550545510032805,0.6337705043106737,37.51583123521782,True,37.5,36.5,38.6,0.95,0.05,0.0,0.7,0.03,2,1785398420.6759093,True,True,True,True,1785398407.9072053,False,1,0,0,False
1784849457.3002179,20,1785398430.654752,37.56122682536049,0.6336369878690776,37.51049057755398,True,37.5,36.5,38.6,0.95,0.05,0.0,0.7,0.03,2,1785398440.6817508,True,True,True,False,1785398407.9072053,False,1,0,0,False
1784849457.3002179,20,1785398450.660875,37.49713893339437,0.6333127336537728,37.51049057755398,True,37.5,36.5,38.6,0.95,0.05,0.0,0.7,0.03,2,1785398460.688102,True,True,True,False,1785398407.9072053,False,True,1,0,False
1784849457.3002179,20,1785398470.6670597,37.49980926222629,0.6336942092011902,37.51049057755398,True,37.5,36.5,38.6,0.95,0.05,0.0,0.7,0.03,2,1785398480.694327,True,False,True,False,1785398407.9072053,False,True,1,0,False
1784849457.3002179,20,1785398490.6732333,37.49179827573053,0.6334653238727398,37.507820248722055,True,37.5,36.5,38.6,0.95,0.05,0.0,0.7,0.03,2,1785398500.700983,True,True,True,False,1785398407.9072053,False,True,1,0,False
1784849457.3002179,20,1785398510.6794302,37.47577630273899,0.6331601434348059,37.513160906385906,True,37.5,36.5,38.6,0.95,0.05,0.0,0.7,0.03,2,1785398520.7060747,True,True,True,False,1785398407.9072053,False,True,1,0,False
1784849457.3002179,20,1785398530.685575,37.49980926222629,0.633732356755932,37.513160906385906,True,37.5,36.5,38.6,0.95,0.05,0.0,0.7,0.03,2,1785398540.7128341,True,True,True,False,1785398407.9072053,False,True,1,0,False
1784849457.3002179,20,1785398550.69175,37.50247959105822,0.6335988403143358,37.513160906385906,True,37.5,36.5,38.6,0.95,0.05,0.0,0.7,0.03,2,1785398560.7185285,True,False,True,False,1785398407.9072053,False,1,0,0,False
1784849457.3002179,20,1785398570.6978598,37.49980926222629,0.6333699549858853,37.507820248722055,True,37.5,36.5,38.6,0.95,0.05,0.0,0.7,0.03,2,1785398580.7248015,True,True,True,True,1785398587.9072106,False,True,1,0,False
1784849457.3002179,20,1785398590.704031,37.50247959105822,0.6334843976501107,37.49446860456244,True,37.5,36.5,38.6,0.95,0.05,0.0,0.7,0.03,2,1785398600.7312994,True,True,True,True,1785398587.9072106,False,1,0,0,False
1784849457.3002179,20,1785398610.710285,37.47577630273899,0.6332745860990311,37.52117189288167,True,37.5,36.5,38.6,0.95,0.05,0.0,0.7,0.03,2,1785398620.7376168,True,True,True,False,1785398587.9072106,False,True,1,0,False
1784849457.3002179,20,1785398630.717257,37.48645761806668,0.6335416189822233,37.51583123521782,True,37.5,36.5,38.6,0.95,0.05,0.0,0.7,0.03,2,1785398640.744687,True,True,True,False,1785398587.9072106,False,True,1,0,False
1784849457.3002179,20,1785398650.7238688,37.465094987411305,0.6333127336537728,37.51583123521782,True,37.5,36.5,38.6,0.95,0.05,0.0,0.7,0.03,2,1785398660.7506852,True,True,True,False,1785398587.9072106,False,True,1,0,False
1784849457.3002179,20,1785398670.7300186,37.49980926222629,0.6333508812085146,37.52117189288167,True,37.5,36.5,38.6,0.95,0.05,0.0,0.7,0.03,2,1785398680.7572365,True,True,True,False,1785398587.9072106,False,True,1,0,False
1784849457.3002179,20,1785398690.736196,37.51850156404974,0.6336751354238193,37.52918287937743,True,37.5,36.5,38.6,0.95,0.05,0.0,0.7,0.03,2,1785398700.7636058,True,True,True,False,1785398587.9072106,False,1,0,0,False
1784849457.3002179,20,1785398710.7433586,37.52384222171359,0.6334081025406272,37.52918287937743,True,37.5,36.5,38.6,0.95,0.05,0.0,0.7,0.03,2,1785398720.7722714,True,True,True,False,1785398587.9072106,False,1,0,0,False
1784849457.3002179,20,1785398730.7514713,37.51049057755398,0.6334843976501107,37.53452353704128,True,37.5,36.5,38.6,0.95,0.05,0.0,0.7,0.03,2,1785398740.7787464,True,True,True,False,1785398587.9072106,False,1,0,0,False
1784849457.3002179,20,1785398750.7576923,37.507820248722055,0.6332745860990311,37.513160906385906,True,37.5,36.5,38.6,0.95,0.05,0.0,0.7,0.03,2,1785398760.7848983,True,True,True,True,1785398767.9072123,False,1,0,0,False
1784849457.3002179,20,1785398770.7639148,37.50514991989013,0.6331410696574349,37.507820248722055,True,37.5,36.5,38.6,0.95,0.05,0.0,0.7,0.03,2,1785398780.7905369,True,True,True,True,1785398767.9072123,False,1,0,0,False
1784849457.3002179,20,1785398790.7701118,37.470435645075156,0.6335988403143358,37.50514991989013,True,37.5,36.5,38.6,0.95,0.05,0.0,0.7,0.03,2,1785398800.7973444,True,True,True,False,1785398767.9072123,False,True,1,0,False
1784849457.3002179,20,1785398810.7762558,37.470435645075156,0.6332364385442893,37.45708400091554,True,37.5,36.5,38.6,0.95,0.05,0.0,0.7,0.03,2,1785398820.8041284,True,True,True,False,1785398767.9072123,False,True,1,0,False
1784849457.3002179,20,1785398830.7823353,37.470435645075156,0.6335225452048523,37.489127946898606,True,37.5,36.5,38.6,0.95,0.05,0.0,0.7,0.03,2,1785398840.8094127,True,True,True,False,1785398767.9072123,False,True,1,0,False
1784849457.3002179,20,1785398850.78848,37.45975432974747,0.6332364385442893,37.489127946898606,True,37.5,36.5,38.6,0.95,0.05,0.0,0.7,0.03,2,1785398860.8157892,True,True,True,False,1785398767.9072123,False,True,1,0,False
1784849457.3002179,20,1785398870.7947025,37.489127946898606,0.6333699549858853,37.489127946898606,True,37.5,36.5,38.6,0.95,0.05,0.0,0.7,0.03,2,1785398880.8220093,True,True,True,False,1785398767.9072123,False,True,1,0,False
1784849457.3002179,20,1785398890.8009028,37.48645761806668,0.6335416189822233,37.52384222171359,True,37.5,36.5,38.6,0.95,0.05,0.0,0.7,0.03,2,1785398900.8279486,True,True,True,False,1785398767.9072123,False,True,1,0,False
1784849457.3002179,20,1785398910.8071034,37.507820248722055,0.6333699549858853,37.52918287937743,True,37.5,36.5,38.6,0.95,0.05,0.0,0.7,0.03,2,1785398920.8344548,True,True,True,False,1785398767.9072123,False,1,0,0,False
1784849457.3002179,20,1785398930.8134027,37.55321583886473,0.6334843976501107,37.550545510032805,True,37.5,36.5,38.6,0.95,0.05,0.0,0.7,0.03,2,1785398940.8406684,True,True,True,True,1785398947.9072287,False,1,0,0,False
1784849457.3002179,20,1785398950.8196857,37.53452353704128,0.6333318074311437,37.550545510032805,True,37.5,36.5,38.6,0.95,0.05,0.0,0.7,0.03,2,1785398960.8474119,True,True,True,True,1785398947.9072287,False,1,0,0,False
1784849457.3002179,20,1785398970.8259513,37.55855649652857,0.6333508812085146,37.53986419470512,True,37.5,36.5,38.6,0.95,0.05,0.0,0.7,0.03,2,1785398980.8529785,True,True,True,False,1785398947.9072287,False,1,0,0,False
1784849457.3002179,20,1785398990.8321521,37.51850156404974,0.6331792172121767,37.51583123521782,True,37.5,36.5,38.6,0.95,0.05,0.0,0.7,0.03,2,1785399000.8590996,True,False,True,False,1785398947.9072287,False,1,0,0,False
1784849457.3002179,20,1785399010.8384507,37.49713893339437,0.6333508812085146,37.52117189288167,True,37.5,36.5,38.6,0.95,0.05,0.0,0.7,0.03,2,1785399020.8651772,True,True,True,False,1785398947.9072287,False,True,1,0,False
1784849457.3002179,20,1785399030.8445659,37.49713893339437,0.6332745860990311,37.489127946898606,True,37.5,36.5,38.6,0.95,0.05,0.0,0.7,0.03,2,1785399040.8722775,True,True,True,False,1785398947.9072287,False,True,1,0,False
1784849457.3002179,20,1785399050.850718,37.481116960402844,0.6333127336537728,37.47844663157092,True,37.5,36.5,38.6,0.95,0.05,0.0,0.7,0.03,2,1785399060.8773534,True,True,True,False,1785398947.9072287,False,True,1,0,False
1784849457.3002179,20,1785399070.856742,37.46242465857938,0.6336179140917068,37.50514991989013,True,37.5,36.5,38.6,0.95,0.05,0.0,0.7,0.03,2,1785399080.8834882,True,True,True,False,1785398947.9072287,False,True,1,0,False
1784849457.3002179,20,1785399090.8629327,37.465094987411305,0.6332173647669184,37.481116960402844,True,37.5,36.5,38.6,0.95,0.05,0.0,0.7,0.03,2,1785399100.8950727,True,True,True,False,1785398947.9072287,False,True,1,0,False
1784849457.3002179,20,1785399110.8691726,37.507820248722055,0.6330266269932098,37.48645761806668,True,37.5,36.5,38.6,0.95,0.05,0.0,0.7,0.03,2,1785399120.8969352,True,True,True,True,1785399127.907231,False,1,0,0,False
1784849457.3002179,20,1785399130.8754218,37.49980926222629,0.6334462500953688,37.513160906385906,True,37.5,36.5,38.6,0.95,0.05,0.0,0.7,0.03,2,1785399140.9028597,True,False,True,True,1785399127.907231,False,True,1,0,False
1784849457.3002179,20,1785399150.8815916,37.49179827573053,0.633732356755932,37.48645761806668,True,37.5,36.5,38.6,0.95,0.05,0.0,0.7,0.03,2,1785399160.9088185,True,True,True,False,1785399127.907231,False,True,1,0,False
1784849457.3002179,20,1785399170.887778,37.50514991989013,0.6338277256427862,37.49713893339437,True,37.5,36.5,38.6,0.95,0.05,0.0,0.7,0.03,2,1785399180.9150035,True,True,True,False,1785399127.907231,False,1,0,0,False
1784849457.3002179,20,1785399190.893919,37.52384222171359,0.6333890287632563,37.51583123521782,True,37.5,36.5,38.6,0.95,0.05,0.0,0.7,0.03,2,1785399200.9211314,True,True,True,False,1785399127.907231,False,1,0,0,False
1784849457.3002179,20,1785399210.900106,37.52384222171359,0.6334081025406272,37.50514991989013,True,37.5,36.5,38.6,0.95,0.05,0.0,0.7,0.03,2,1785399220.92732,True,True,True,False,1785399127.907231,False,1,0,0,False
1784849457.3002179,20,1785399230.9062731,37.507820248722055,0.6336179140917068,37.489127946898606,True,37.5,36.5,38.6,0.95,0.05,0.0,0.7,0.03,2,1785399240.9330137,True,True,True,False,1785399127.907231,False,1,0,0,False
1784849457.3002179,20,1785399250.912401,37.48645761806668,0.6332364385442893,37.489127946898606,True,37.5,36.5,38.6,0.95,0.05,0.0,0.7,0.03,2,1785399260.939251,True,True,True,False,1785399127.907231,False,True,1,0,False
1784849457.3002179,20,1785399270.9187074,37.46776531624323,0.6333699549858853,37.47844663157092,True,37.5,36.5,38.6,0.95,0.05,0.0,0.7,0.03,2,1785399280.9455314,True,False,True,False,1785399127.907231,False,True,1,0,False
1784849457.3002179,20,1785399290.924857,37.465094987411305,0.6331219958800641,37.48645761806668,True,37.5,36.5,38.6,0.95,0.05,0.0,0.7,0.03,2,1785399300.951802,True,True,True,True,1785399307.9072678,False,True,1,0,False
1784849457.3002179,20,1785399310.9310462,37.465094987411305,0.6331601434348059,37.49179827573053,True,37.5,36.5,38.6,0.95,0.05,0.0,0.7,0.03,2,1785399320.9583027,True,False,True,True,1785399307.9072678,False,True,1,0,False
1784849457.3002179,20,1785399330.9376235,37.46776531624323,0.6333127336537728,37.48645761806668,True,37.5,36.5,38.6,0.95,0.05,0.0,0.7,0.03,2,1785399340.9655042,True,True,True,False,1785399307.9072678,False,True,1,0,False
1784849457.3002179,20,1785399350.9438818,37.50247959105822,0.6333318074311437,37.48645761806668,True,37.5,36.5,38.6,0.95,0.05,0.0,0.7,0.03,2,1785399360.9712393,True,False,True,False,1785399307.9072678,False,1,0,0,False
1784849457.3002179,20,1785399370.9501271,37.50514991989013,0.6331601434348059,37.49713893339437,True,37.5,36.5,38.6,0.95,0.05,0.0,0.7,0.03,2,1785399380.9772792,True,True,True,False,1785399307.9072678,False,1,0,0,False
1784849457.3002179,20,1785399390.956276,37.50247959105822,0.6332745860990311,37.531853208209355,True,37.5,36.5,38.6,0.95,0.05,0.0,0.7,0.03,2,1785399400.9831712,True,True,True,False,1785399307.9072678,False,1,0,0,False
1784849457.3002179,20,1785399410.9625645,37.507820248722055,0.6332936598764018,37.50514991989013,True,37.5,36.5,38.6,0.95,0.05,0.0,0.7,0.03,2,1785399420.9894683,True,True,True,False,1785399307.9072678,False,1,0,0,False
1784849457.3002179,20,1785399430.9688966,37.49179827573053,0.6329121843289844,37.49980926222629,True,37.5,36.5,38.6,0.95,0.05,0.0,0.7,0.03,2,1785399440.9966984,True,True,True,False,1785399307.9072678,False,True,1,0,False
1784849457.3002179,20,1785399450.9751432,37.49713893339437,0.633427176317998,37.49980926222629,True,37.5,36.5,38.6,0.95,0.05,0.0,0.7,0.03,2,1785399461.0023804,True,False,True,False,1785399307.9072678,False,True,1,0,False
1784849457.3002179,20,1785399470.98128,37.49980926222629,0.6333508812085146,37.483787289234755,True,37.5,36.5,38.6,0.95,0.05,0.0,0.7,0.03,2,1785399481.009573,True,False,True,True,1785399487.907306,False,True,1,0,False
1784849457.3002179,20,1785399490.987515,37.49713893339437,0.6334843976501107,37.50247959105822,True,37.5,36.5,38.6,0.95,0.05,0.0,0.7,0.03,2,1785399501.0147145,True,True,True,True,1785399487.907306,False,True,1,0,False
1784849457.3002179,20,1785399510.993707,37.49713893339437,0.6334081025406272,37.513160906385906,True,37.5,36.5,38.6,0.95,0.05,0.0,0.7,0.03,2,1785399521.0209587,True,True,True,False,1785399487.907306,False,True,1,0,False
1784849457.3002179,20,1785399530.999912,37.49446860456244,0.6333508812085146,37.52918287937743,True,37.5,36.5,38.6,0.95,0.05,0.0,0.7,0.03,2,1785399541.0272799,True,False,True,False,1785399487.907306,False,True,1,0,False
1784849457.3002179,20,1785399551.0061076,37.53452353704128,0.6329503318837263,37.513160906385906,True,37.5,36.5,38.6,0.95,0.05,0.0,0.7,0.03,2,1785399561.0330317,True,False,True,False,1785399487.907306,False,1,0,0,False
1784849457.3002179,20,1785399571.0122845,37.54787518120088,0.6335606927595941,37.52384222171359,True,37.5,36.5,38.6,0.95,0.05,0.0,0.7,0.03,2,1785399581.0395906,True,True,True,False,1785399487.907306,False,1,0,0,False
1784849457.3002179,20,1785399591.0185895,37.51850156404974,0.6333508812085146,37.55321583886473,True,37.5,36.5,38.6,0.95,0.05,0.0,0.7,0.03,2,1785399601.0459135,True,True,True,False,1785399487.907306,False,1,0,0,False
1784849457.3002179,20,1785399611.0248723,37.50247959105822,0.6328168154421302,37.531853208209355,True,37.5,36.5,38.6,0.95,0.05,0.0,0.7,0.03,2,1785399621.052328,True,True,True,False,1785399487.907306,False,1,0,0,False
1784849457.3002179,20,1785399631.031124,37.49713893339437,0.6330647745479514,37.49446860456244,True,37.5,36.5,38.6,0.95,0.05,0.0,0.7,0.03,2,1785399641.0579956,True,True,True,False,1785399487.907306,False,True,1,0,False
1784849457.3002179,20,1785399651.037245,37.49179827573053,0.6332936598764018,37.50514991989013,True,37.5,36.5,38.6,0.95,0.05,0.0,0.7,0.03,2,1785399661.064444,True,True,True,True,1785399667.9073262,False,True,1,0,False
1784849457.3002179,20,1785399671.0434175,37.47310597390707,0.6333508812085146,37.489127946898606,True,37.5,36.5,38.6,0.95,0.05,0.0,0.7,0.03,2,1785399681.0707684,True,True,True,True,1785399667.9073262,False,True,1,0,False
1784849457.3002179,20,1785399691.0497072,37.44373235675593,0.6332745860990311,37.47577630273899,True,37.5,36.5,38.6,0.95,0.05,0.0,0.7,0.03,2,1785399701.0770774,True,True,True,False,1785399667.9073262,False,True,1,0,False
1784849457.3002179,20,1785399711.056013,37.45975432974747,0.6330838483253224,37.48645761806668,True,37.5,36.5,38.6,0.95,0.05,0.0,0.7,0.03,2,1785399721.0867288,True,True,True,False,1785399667.9073262,False,True,1,0,False
1784849457.3002179,20,1785399731.062245,37.47310597390707,0.6332555123216602,37.49713893339437,True,37.5,36.5,38.6,0.95,0.05,0.0,0.7,0.03,2,1785399741.0895545,True,True,True,False,1785399667.9073262,False,True,1,0,False
1784849457.3002179,20,1785399751.068346,37.507820248722055,0.6332364385442893,37.49179827573053,True,37.5,36.5,38.6,0.95,0.05,0.0,0.7,0.03,2,1785399761.0968773,True,True,True,False,1785399667.9073262,False,1,0,0,False
1784849457.3002179,20,1785399771.0745826,37.52117189288167,0.6329694056610972,37.513160906385906,True,37.5,36.5,38.6,0.95,0.05,0.0,0.7,0.03,2,1785399781.1018531,True,False,True,False,1785399667.9073262,False,1,0,0,False
1784849457.3002179,20,1785399791.0807908,37.52384222171359,0.6334462500953688,37.53719386587319,True,37.5,36.5,38.6,0.95,0.05,0.0,0.7,0.03,2,1785399801.108015,True,True,True,False,1785399667.9073262,False,1,0,0,False
1784849457.3002179,20,1785399811.0869727,37.52384222171359,0.6330838483253224,37.531853208209355,True,37.5,36.5,38.6,0.95,0.05,0.0,0.7,0.03,2,1785399821.113694,True,False,True,False,1785399667.9073262,False,1,0,0,False
1784849457.3002179,20,1785399831.0930545,37.513160906385906,0.6332555123216602,37.51049057755398,True,37.5,36.5,38.6,0.95,0.05,0.0,0.7,0.03,2,1785399841.1202874,True,True,True,True,1785399847.9073427,False,1,0,0,False
1784849457.3002179,20,1785399851.0993037,37.50247959105822,0.6331601434348059,37.51583123521782,True,37.5,36.5,38.6,0.95,0.05,0.0,0.7,0.03,2,1785399861.126644,True,True,True,True,1785399847.9073427,False,1,0,0,False
1784849457.3002179,20,1785399871.1055388,37.47310597390707,0.6332364385442893,37.47844663157092,True,37.5,36.5,38.6,0.95,0.05,0.0,0.7,0.03,2,1785399881.1358633,True,True,True,False,1785399847.9073427,False,True,1,0,False
1784849457.3002179,20,1785399891.1148582,37.470435645075156,0.6329884794384679,37.48645761806668,True,37.5,36.5,38.6,0.95,0.05,0.0,0.7,0.03,2,1785399901.1420822,True,True,True,False,1785399847.9073427,False,True,1,0,False
1784849457.3002179,20,1785399911.120995,37.50247959105822,0.6332936598764018,37.481116960402844,True,37.5,36.5,38.6,0.95,0.05,0.0,0.7,0.03,2,1785399921.148245,True,True,True,False,1785399847.9073427,False,1,0,0,False
1784849457.3002179,20,1785399931.1272528,37.483787289234755,0.6334653238727398,37.50247959105822,True,37.5,36.5,38.6,0.95,0.05,0.0,0.7,0.03,2,1785399941.1545796,True,True,True,False,1785399847.9073427,False,True,1,0,False
1784849457.3002179,20,1785399951.1335173,37.481116960402844,0.6330647745479514,37.47577630273899,True,37.5,36.5,38.6,0.95,0.05,0.0,0.7,0.03,2,1785399961.1604497,True,False,True,False,1785399847.9073427,False,True,1,0,False
1784849457.3002179,20,1785399971.1397235,37.49446860456244,0.6332173647669184,37.48645761806668,True,37.5,36.5,38.6,0.95,0.05,0.0,0.7,0.03,2,1785399981.1669831,True,True,True,False,1785399847.9073427,False,True,1,0,False
1784849457.3002179,20,1785399991.1459458,37.507820248722055,0.6331792172121767,37.489127946898606,True,37.5,36.5,38.6,0.95,0.05,0.0,0.7,0.03,2,1785400001.173162,True,True,True,False,1785399847.9073427,False,1,0,0,False
1784849457.3002179,20,1785400011.1522272,37.53452353704128,0.6332555123216602,37.526512550545505,True,37.5,36.5,38.6,0.95,0.05,0.0,0.7,0.03,2,1785400021.1793487,True,False,True,True,1785400027.9073637,False,1,0,0,False
1784849457.3002179,20,1785400031.1585011,37.513160906385906,0.6330075532158389,37.51583123521782,True,37.5,36.5,38.6,0.95,0.05,0.0,0.7,0.03,2,1785400041.1854644,True,False,True,True,1785400027.9073637,False,1,0,0,False
1784849457.3002179,20,1785400051.1645877,37.507820248722055,0.6331601434348059,37.489127946898606,True,37.5,36.5,38.6,0.95,0.05,0.0,0.7,0.03,2,1785400061.1917875,True,True,True,False,1785400027.9073637,False,1,0,0,False
1784849457.3002179,20,1785400071.170749,37.49446860456244,0.6332173647669184,37.51049057755398,True,37.5,36.5,38.6,0.95,0.05,0.0,0.7,0.03,2,1785400081.1981227,True,True,True,False,1785400027.9073637,False,True,1,0,False
1784849457.3002179,20,1785400091.1769798,37.45975432974747,0.6330266269932098,37.49713893339437,True,37.5,36.5,38.6,0.95,0.05,0.0,0.7,0.03,2,1785400101.2042594,True,True,True,False,1785400027.9073637,False,True,1,0,False
1784849457.3002179,20,1785400111.183314,37.470435645075156,0.6330457007705806,37.48645761806668,True,37.5,36.5,38.6,0.95,0.05,0.0,0.7,0.03,2,1785400121.2108488,True,True,True,False,1785400027.9073637,False,True,1,0,False
1784849457.3002179,20,1785400131.1894531,37.46242465857938,0.6332555123216602,37.465094987411305,True,37.5,36.5,38.6,0.95,0.05,0.0,0.7,0.03,2,1785400141.2181098,True,True,True,False,1785400027.9073637,False,True,1,0,False
1784849457.3002179,20,1785400151.1965547,37.465094987411305,0.632702372777905,37.47577630273899,True,37.5,36.5,38.6,0.95,0.05,0.0,0.7,0.03,2,1785400161.225341,True,True,True,False,1785400027.9073637,False,True,1,0,False
1784849457.3002179,20,1785400171.2041984,37.489127946898606,0.6331601434348059,37.50247959105822,True,37.5,36.5,38.6,0.95,0.05,0.0,0.7,0.03,2,1785400181.234277,True,True,True,False,1785400027.9073637,False,True,1,0,False
1784849457.3002179,20,1785400191.213543,37.49713893339437,0.6330647745479514,37.531853208209355,True,37.5,36.5,38.6,0.95,0.05,0.0,0.7,0.03,2,1785400201.2456632,True,True,True,True,1785400207.907368,False,True,1,0,False
1784849457.3002179,20,1785400211.22361,37.50247959105822,0.6328168154421302,37.531853208209355,True,37.5,36.5,38.6,0.95,0.05,0.0,0.7,0.03,2,1785400221.2503614,True,True,True,True,1785400207.907368,False,1,0,0,False
1784849457.3002179,20,1785400231.229829,37.52384222171359,0.6333127336537728,37.54253452353704,True,37.5,36.5,38.6,0.95,0.05,0.0,0.7,0.03,2,1785400241.25944,True,True,True,False,1785400207.907368,False,1,0,0,False
1784849457.3002179,20,1785400251.2363524,37.48645761806668,0.6330457007705806,37.55321583886473,True,37.5,36.5,38.6,0.95,0.05,0.0,0.7,0.03,2,1785400261.263725,True,True,True,False,1785400207.907368,False,True,1,0,False
1784849457.3002179,20,1785400271.2427719,37.52117189288167,0.632702372777905,37.531853208209355,True,37.5,36.5,38.6,0.95,0.05,0.0,0.7,0.03,2,1785400281.2721815,True,False,True,False,1785400207.907368,False,1,0,0,False
1784849457.3002179,20,1785400291.249036,37.53452353704128,0.6333318074311437,37.52918287937743,True,37.5,36.5,38.6,0.95,0.05,0.0,0.7,0.03,2,1785400301.2762647,True,True,True,False,1785400207.907368,False,1,0,0,False
1784849457.3002179,20,1785400311.2552786,37.53986419470512,0.6331410696574349,37.51850156404974,True,37.5,36.5,38.6,0.95,0.05,0.0,0.7,0.03,2,1785400321.2824898,True,True,True,False,1785400207.907368,False,1,0,0,False
1784849457.3002179,20,1785400331.2614355,37.49980926222629,0.6331029221026933,37.513160906385906,True,37.5,36.5,38.6,0.95,0.05,0.0,0.7,0.03,2,1785400341.2884908,True,True,True,False,1785400207.907368,False,True,1,0,False
1784849457.3002179,20,1785400351.2678087,37.49713893339437,0.6329312581063554,37.49713893339437,True,37.5,36.5,38.6,0.95,0.05,0.0,0.7,0.03,2,1785400361.2950702,True,False,True,False,1785400207.907368,False,True,1,0,False
1784849457.3002179,20,1785400371.273987,37.46242465857938,0.6329121843289844,37.48645761806668,True,37.5,36.5,38.6,0.95,0.05,0.0,0.7,0.03,2,1785400381.3011928,True,True,True,True,1785400387.9074016,False,True,1,0,False
1784849457.3002179,20,1785400391.280123,37.44907301441978,0.6329312581063554,37.489127946898606,True,37.5,36.5,38.6,0.95,0.05,0.0,0.7,0.03,2,1785400401.3069308,True,False,True,True,1785400387.9074016,False,True,1,0,False
1784849457.3002179,20,1785400411.2863624,37.44373235675593,0.6330838483253224,37.483787289234755,True,37.5,36.5,38.6,0.95,0.05,0.0,0.7,0.03,2,1785400421.3135703,True,True,True,False,1785400387.9074016,False,True,1,0,False
1784849457.3002179,20,1785400431.2925768,37.47577630273899,0.6330075532158389,37.489127946898606,True,37.5,36.5,38.6,0.95,0.05,0.0,0.7,0.03,2,1785400441.3200157,True,True,True,False,1785400387.9074016,False,True,1,0,False
1784849457.3002179,20,1785400451.299012,37.49179827573053,0.632530708781567,37.49446860456244,True,37.5,36.5,38.6,0.95,0.05,0.0,0.7,0.03,2,1785400461.326279,True,True,True,False,1785400387.9074016,False,True,1,0,False
1784849457.3002179,20,1785400471.3051322,37.49980926222629,0.6331410696574349,37.51583123521782,True,37.5,36.5,38.6,0.95,0.05,0.0,0.7,0.03,2,1785400481.3325405,True,True,True,False,1785400387.9074016,False,True,1,0,False
1784849457.3002179,20,1785400491.312327,37.52918287937743,0.6331792172121767,37.53986419470512,True,37.5,36.5,38.6,0.95,0.05,0.0,0.7,0.03,2,1785400501.3419702,True,True,True,False,1785400387.9074016,False,1,0,0,False
1784849457.3002179,20,1785400511.320433,37.51850156404974,0.6333127336537728,37.53986419470512,True,37.5,36.5,38.6,0.95,0.05,0.0,0.7,0.03,2,1785400521.3479922,True,True,True,False,1785400387.9074016,False,1,0,0,False
1784849457.3002179,20,1785400531.3283832,37.53719386587319,0.6330647745479514,37.550545510032805,True,37.5,36.5,38.6,0.95,0.05,0.0,0.7,0.03,2,1785400541.357021,True,True,True,False,1785400387.9074016,False,1,0,0,False
1784849457.3002179,20,1785400551.3359919,37.550545510032805,0.6332364385442893,37.53452353704128,True,37.5,36.5,38.6,0.95,0.05,0.0,0.7,0.03,2,1785400561.3632116,True,True,True,True,1785400567.907421,False,1,0,0,False
1784849457.3002179,20,1785400571.3421834,37.51049057755398,0.6328168154421302,37.50247959105822,True,37.5,36.5,38.6,0.95,0.05,0.0,0.7,0.03,2,1785400581.3693757,True,True,True,True,1785400567.907421,False,1,0,0,False
1784849457.3002179,20,1785400591.348365,37.47577630273899,0.6330075532158389,37.47844663157092,True,37.5,36.5,38.6,0.95,0.05,0.0,0.7,0.03,2,1785400601.3756404,True,True,True,False,1785400567.907421,False,True,1,0,False
1784849457.3002179,20,1785400611.3546755,37.44373235675593,0.6327595941100175,37.45708400091554,True,37.5,36.5,38.6,0.95,0.05,0.0,0.7,0.03,2,1785400621.3813736,True,True,True,False,1785400567.907421,False,True,1,0,False
1784849457.3002179,20,1785400631.3607578,37.44907301441978,0.632835889219501,37.46776531624323,True,37.5,36.5,38.6,0.95,0.05,0.0,0.7,0.03,2,1785400641.38909,True,True,True,False,1785400567.907421,False,True,1,0,False
1784849457.3002179,20,1785400651.366963,37.45975432974747,0.6329503318837263,37.46776531624323,True,37.5,36.5,38.6,0.95,0.05,0.0,0.7,0.03,2,1785400661.3942008,True,True,True,False,1785400567.907421,False,True,1,0,False
1784849457.3002179,20,1785400671.3730896,37.483787289234755,0.6329884794384679,37.46776531624323,True,37.5,36.5,38.6,0.95,0.05,0.0,0.7,0.03,2,1785400681.4001935,True,True,True,False,1785400567.907421,False,True,1,0,False
1784849457.3002179,20,1785400691.3792748,37.507820248722055,0.6330266269932098,37.47577630273899,True,37.5,36.5,38.6,0.95,0.05,0.0,0.7,0.03,2,1785400701.4066863,True,True,True,False,1785400567.907421,False,1,0,0,False
1784849457.3002179,20,1785400711.3854976,37.52384222171359,0.6329312581063554,37.49179827573053,True,37.5,36.5,38.6,0.95,0.05,0.0,0.7,0.03,2,1785400721.4128847,True,True,True,False,1785400567.907421,False,1,0,0,False
1784849457.3002179,20,1785400731.3916864,37.49980926222629,0.6328931105516137,37.49713893339437,True,37.5,36.5,38.6,0.95,0.05,0.0,0.7,0.03,2,1785400741.4190476,True,True,True,True,1785400747.907447,False,True,1,0,False
1784849457.3002179,20,1785400751.397812,37.51850156404974,0.6331410696574349,37.507820248722055,True,37.5,36.5,38.6,0.95,0.05,0.0,0.7,0.03,2,1785400761.4267783,True,True,True,True,1785400747.907447,False,1,0,0,False
1784849457.3002179,20,1785400771.404735,37.50514991989013,0.6328549629968719,37.48645761806668,True,37.5,36.5,38.6,0.95,0.05,0.0,0.7,0.03,2,1785400781.432068,True,True,True,False,1785400747.907447,False,1,0,0,False
1784849457.3002179,20,1785400791.41109,37.49713893339437,0.6331792172121767,37.49446860456244,True,37.5,36.5,38.6,0.95,0.05,0.0,0.7,0.03,2,1785400801.4385655,True,True,True,False,1785400747.907447,False,True,1,0,False
1784849457.3002179,20,1785400811.417495,37.49713893339437,0.6327977416647593,37.47310597390707,True,37.5,36.5,38.6,0.95,0.05,0.0,0.7,0.03,2,1785400821.444775,True,True,True,False,1785400747.907447,False,True,1,0,False
1784849457.3002179,20,1785400831.4237587,37.49179827573053,0.6329121843289844,37.51583123521782,True,37.5,36.5,38.6,0.95,0.05,0.0,0.7,0.03,2,1785400841.4511197,True,True,True,False,1785400747.907447,False,True,1,0,False
1784849457.3002179,20,1785400851.4300482,37.50247959105822,0.6331982909895476,37.51583123521782,True,37.5,36.5,38.6,0.95,0.05,0.0,0.7,0.03,2,1785400861.4572442,True,False,True,False,1785400747.907447,False,1,0,0,False
1784849457.3002179,20,1785400871.4362383,37.489127946898606,0.6329884794384679,37.49980926222629,True,37.5,36.5,38.6,0.95,0.05,0.0,0.7,0.03,2,1785400881.4634707,True,True,True,False,1785400747.907447,False,True,1,0,False
1784849457.3002179,20,1785400891.442459,37.47577630273899,0.632683299000534,37.513160906385906,True,37.5,36.5,38.6,0.95,0.05,0.0,0.7,0.03,2,1785400901.4692879,True,True,True,False,1785400747.907447,False,True,1,0,False
1784849457.3002179,20,1785400911.4486015,37.50247959105822,0.6325879301136798,37.52918287937743,True,37.5,36.5,38.6,0.95,0.05,0.0,0.7,0.03,2,1785400921.4760234,True,True,True,True,1785400927.9074793,False,1,0,0,False
1784849457.3002179,20,1785400931.4562325,37.51049057755398,0.6329503318837263,37.52384222171359,True,37.5,36.5,38.6,0.95,0.05,0.0,0.7,0.03,2,1785400941.4878247,True,True,True,True,1785400927.9074793,False,1,0,0,False
1784849457.3002179,20,1785400951.464194,37.48645761806668,0.6327977416647593,37.50247959105822,True,37.5,36.5,38.6,0.95,0.05,0.0,0.7,0.03,2,1785400961.491445,True,True,True,False,1785400927.9074793,False,True,1,0,False
1784849457.3002179,20,1785400971.4708045,37.51049057755398,0.6329503318837263,37.48645761806668,True,37.5,36.5,38.6,0.95,0.05,0.0,0.7,0.03,2,1785400981.4981246,True,True,True,False,1785400927.9074793,False,1,0,0,False
1784849457.3002179,20,1785400991.4770405,37.45975432974747,0.6328168154421302,37.47310597390707,True,37.5,36.5,38.6,0.95,0.05,0.0,0.7,0.03,2,1785401001.5039303,True,False,True,False,1785400927.9074793,False,True,1,0,False
1784849457.3002179,20,1785401011.4832754,37.465094987411305,0.6332936598764018,37.50514991989013,True,37.5,36.5,38.6,0.95,0.05,0.0,0.7,0.03,2,1785401021.5103548,True,True,True,False,1785400927.9074793,False,True,1,0,False
1784849457.3002179,20,1785401031.4893906,37.47577630273899,0.6325116350041963,37.49980926222629,True,37.5,36.5,38.6,0.95,0.05,0.0,0.7,0.03,2,1785401041.5166519,True,True,True,False,1785400927.9074793,False,True,1,0,False
1784849457.3002179,20,1785401051.4956722,37.48645761806668,0.6329503318837263,37.489127946898606,True,37.5,36.5,38.6,0.95,0.05,0.0,0.7,0.03,2,1785401061.5230296,True,True,True,False,1785400927.9074793,False,True,1,0,False
1784849457.3002179,20,1785401071.501957,37.46776531624323,0.6331982909895476,37.49446860456244,True,37.5,36.5,38.6,0.95,0.05,0.0,0.7,0.03,2,1785401081.5291555,True,True,True,False,1785400927.9074793,False,True,1,0,False
1784849457.3002179,20,1785401091.5081081,37.49713893339437,0.6329503318837263,37.52384222171359,True,37.5,36.5,38.6,0.95,0.05,0.0,0.7,0.03,2,1785401101.535394,True,True,True,True,1785401107.907518,False,True,1,0,False
1784849457.3002179,20,1785401111.5143816,37.52384222171359,0.6328549629968719,37.53986419470512,True,37.5,36.5,38.6,0.95,0.05,0.0,0.7,0.03,2,1785401121.5416913,True,True,True,True,1785401107.907518,False,1,0,0,False
1784849457.3002179,20,1785401131.5206513,37.54253452353704,0.6330075532158389,37.507820248722055,True,37.5,36.5,38.6,0.95,0.05,0.0,0.7,0.03,2,1785401141.547918,True,False,True,False,1785401107.907518,False,1,0,0,False
1784849457.3002179,20,1785401151.5269434,37.53986419470512,0.6330075532158389,37.52384222171359,True,37.5,36.5,38.6,0.95,0.05,0.0,0.7,0.03,2,1785401161.5542228,True,False,True,False,1785401107.907518,False,1,0,0,False
1784849457.3002179,20,1785401171.5331488,37.531853208209355,0.6328740367742428,37.50247959105822,True,37.5,36.5,38.6,0.95,0.05,0.0,0.7,0.03,2,1785401181.5602152,True,False,True,False,1785401107.907518,False,1,0,0,False
1784849457.3002179,20,1785401191.5393898,37.52384222171359,0.6328549629968719,37.49980926222629,True,37.5,36.5,38.6,0.95,0.05,0.0,0.7,0.03,2,1785401201.566371,True,True,True,False,1785401107.907518,False,1,0,0,False
1784849457.3002179,20,1785401211.545638,37.49713893339437,0.6328168154421302,37.47310597390707,True,37.5,36.5,38.6,0.95,0.05,0.0,0.7,0.03,2,1785401221.573413,True,True,True,False,1785401107.907518,False,True,1,0,False
1784849457.3002179,20,1785401231.5518756,37.45975432974747,0.6326070038910505,37.47844663157092,True,37.5,36.5,38.6,0.95,0.05,0.0,0.7,0.03,2,1785401241.579155,True,False,True,False,1785401107.907518,False,True,1,0,False
1784849457.3002179,20,1785401251.5581005,37.45441367208362,0.6328549629968719,37.489127946898606,True,37.5,36.5,38.6,0.95,0.05,0.0,0.7,0.03,2,1785401261.5853353,True,True,True,False,1785401107.907518,False,True,1,0,False
1784849457.3002179,20,1785401271.5643094,37.47310597390707,0.6329694056610972,37.47844663157092,True,37.5,36.5,38.6,0.95,0.05,0.0,0.7,0.03,2,1785401281.59116,True,True,True,True,1785401287.9075487,False,True,1,0,False
1784849457.3002179,20,1785401291.572015,37.50247959105822,0.6330647745479514,37.470435645075156,True,37.5,36.5,38.6,0.95,0.05,0.0,0.7,0.03,2,1785401301.6004877,True,False,True,True,1785401287.9075487,False,1,0,0,False
1784849457.3002179,20,1785401311.579547,37.49179827573053,0.6327786678873885,37.49713893339437,True,37.5,36.5,38.6,0.95,0.05,0.0,0.7,0.03,2,1785401321.61007,True,True,True,False,1785401287.9075487,False,True,1,0,False
1784849457.3002179,20,1785401331.586064,37.49980926222629,0.6329503318837263,37.513160906385906,True,37.5,36.5,38.6,0.95,0.05,0.0,0.7,0.03,2,1785401341.613599,True,False,True,False,1785401287.9075487,False,True,1,0,False
1784849457.3002179,20,1785401351.5923502,37.49179827573053,0.6326260776684215,37.52384222171359,True,37.5,36.5,38.6,0.95,0.05,0.0,0.7,0.03,2,1785401361.6196272,True,True,True,False,1785401287.9075487,False,True,1,0,False
1784849457.3002179,20,1785401371.598625,37.526512550545505,0.6327595941100175,37.550545510032805,True,37.5,36.5,38.6,0.95,0.05,0.0,0.7,0.03,2,1785401381.6258564,True,False,True,False,1785401287.9075487,False,1,0,0,False
1784849457.3002179,20,1785401391.6048205,37.54520485236897,0.6329694056610972,37.531853208209355,True,37.5,36.5,38.6,0.95,0.05,0.0,0.7,0.03,2,1785401401.6320426,True,False,True,False,1785401287.9075487,False,1,0,0,False
1784849457.3002179,20,1785401411.6110125,37.52384222171359,0.6327786678873885,37.53719386587319,True,37.5,36.5,38.6,0.95,0.05,0.0,0.7,0.03,2,1785401421.6383476,True,True,True,False,1785401287.9075487,False,1,0,0,False
1784849457.3002179,20,1785401431.6172817,37.52918287937743,0.6328740367742428,37.531853208209355,True,37.5,36.5,38.6,0.95,0.05,0.0,0.7,0.03,2,1785401441.6442826,True,True,True,False,1785401287.9075487,False,1,0,0,False
1784849457.3002179,20,1785401451.6235077,37.513160906385906,0.6326260776684215,37.51583123521782,True,37.5,36.5,38.6,0.95,0.05,0.0,0.7,0.03,2,1785401461.6512697,True,True,True,True,1785401467.9075658,False,1,0,0,False
1784849457.3002179,20,1785401471.6298635,37.50514991989013,0.632683299000534,37.526512550545505,True,37.5,36.5,38.6,0.95,0.05,0.0,0.7,0.03,2,1785401481.6574683,True,True,True,True,1785401467.9075658,False,1,0,0,False
1784849457.3002179,20,1785401491.6361697,37.470435645075156,0.632835889219501,37.48645761806668,True,37.5,36.5,38.6,0.95,0.05,0.0,0.7,0.03,2,1785401501.6634927,True,True,True,False,1785401467.9075658,False,True,1,0,False
1784849457.3002179,20,1785401511.6424136,37.44907301441978,0.632549782558938,37.470435645075156,True,37.5,36.5,38.6,0.95,0.05,0.0,0.7,0.03,2,1785401521.6701279,True,True,True,False,1785401467.9075658,False,True,1,0,False
1784849457.3002179,20,1785401531.6486642,37.45708400091554,0.6327786678873885,37.465094987411305,True,37.5,36.5,38.6,0.95,0.05,0.0,0.7,0.03,2,1785401541.676151,True,True,True,False,1785401467.9075658,False,True,1,0,False
1784849457.3002179,20,1785401551.6549947,37.43305104142824,0.632702372777905,37.45975432974747,True,37.5,36.5,38.6,0.95,0.05,0.0,0.7,0.03,2,1785401561.6834424,True,True,True,False,1785401467.9075658,False,True,1,0,False
1784849457.3002179,20,1785401571.6611583,37.45708400091554,0.6330838483253224,37.481116960402844,True,37.5,36.5,38.6,0.95,0.05,0.0,0.7,0.03,2,1785401581.6881464,True,True,True,False,1785401467.9075658,False,True,1,0,False
1784849457.3002179,20,1785401591.6675336,37.465094987411305,0.6329884794384679,37.49446860456244,True,37.5,36.5,38.6,0.95,0.05,0.0,0.7,0.03,2,1785401601.694992,True,False,True,False,1785401467.9075658,False,True,1,0,False
1784849457.3002179,20,1785401611.673746,37.481116960402844,0.6326451514457924,37.489127946898606,True,37.5,36.5,38.6,0.95,0.05,0.0,0.7,0.03,2,1785401621.7022038,True,True,True,False,1785401467.9075658,False,True,1,0,False
1784849457.3002179,20,1785401631.6811814,37.53452353704128,0.632702372777905,37.50514991989013,True,37.5,36.5,38.6,0.95,0.05,0.0,0.7,0.03,2,1785401641.7093616,True,True,True,True,1785401647.9075737,False,1,0,0,False
1784849457.3002179,20,1785401651.6885662,37.53452353704128,0.6330075532158389,37.51583123521782,True,37.5,36.5,38.6,0.95,0.05,0.0,0.7,0.03,2,1785401661.7167814,True,False,True,True,1785401647.9075737,False,1,0,0,False
1784849457.3002179,20,1785401671.6959908,37.53719386587319,0.6328168154421302,37.52117189288167,True,37.5,36.5,38.6,0.95,0.05,0.0,0.7,0.03,2,1785401681.7263272,True,True,True,False,1785401647.9075737,False,1,0,0,False
1784849457.3002179,20,1785401691.7052014,37.52384222171359,0.632683299000534,37.507820248722055,True,37.5,36.5,38.6,0.95,0.05,0.0,0.7,0.03,2,1785401701.734057,True,True,True,False,1785401647.9075737,False,1,0,0,False
1784849457.3002179,20,1785401711.7136567,37.51850156404974,0.6327405203326467,37.507820248722055,True,37.5,36.5,38.6,0.95,0.05,0.0,0.7,0.03,2,1785401721.7441332,True,True,True,False,1785401647.9075737,False,1,0,0,False
1784849457.3002179,20,1785401731.7231624,37.51049057755398,0.6327786678873885,37.50247959105822,True,37.5,36.5,38.6,0.95,0.05,0.0,0.7,0.03,2,1785401741.7519977,True,True,True,False,1785401647.9075737,False,1,0,0,False
1784849457.3002179,20,1785401751.7314527,37.481116960402844,0.6325116350041963,37.47577630273899,True,37.5,36.5,38.6,0.95,0.05,0.0,0.7,0.03,2,1785401761.7605815,True,True,True,False,1785401647.9075737,False,True,1,0,False
1784849457.3002179,20,1785401771.739496,37.46776531624323,0.6329121843289844,37.470435645075156,True,37.5,36.5,38.6,0.95,0.05,0.0,0.7,0.03,2,1785401781.7687078,True,False,True,False,1785401647.9075737,False,True,1,0,False
1784849457.3002179,20,1785401791.749981,37.45441367208362,0.6328549629968719,37.46776531624323,True,37.5,36.5,38.6,0.95,0.05,0.0,0.7,0.03,2,1785401801.7794561,True,True,True,False,1785401647.9075737,False,True,1,0,False
1784849457.3002179,20,1785401811.758646,37.45975432974747,0.6327405203326467,37.47310597390707,True,37.5,36.5,38.6,0.95,0.05,0.0,0.7,0.03,2,1785401821.7878716,True,True,True,True,1785401827.9075902,False,True,1,0,False
1784849457.3002179,20,1785401831.7679043,37.47577630273899,0.6327595941100175,37.483787289234755,True,37.5,36.5,38.6,0.95,0.05,0.0,0.7,0.03,2,1785401841.79719,True,True,True,True,1785401827.9075902,False,True,1,0,False
1784849457.3002179,20,1785401851.777657,37.49713893339437,0.6329312581063554,37.46776531624323,True,37.5,36.5,38.6,0.95,0.05,0.0,0.7,0.03,2,1785401861.8061988,True,True,True,False,1785401827.9075902,False,True,1,0,False
1784849457.3002179,20,1785401871.7864337,37.531853208209355,0.6327786678873885,37.51049057755398,True,37.5,36.5,38.6,0.95,0.05,0.0,0.7,0.03,2,1785401881.8166206,True,True,True,False,1785401827.9075902,False,1,0,0,False
1784849457.3002179,20,1785401891.7946122,37.52384222171359,0.632683299000534,37.48645761806668,True,37.5,36.5,38.6,0.95,0.05,0.0,0.7,0.03,2,1785401901.8218055,True,True,True,False,1785401827.9075902,False,1,0,0,False
1784849457.3002179,20,1785401911.8007448,37.53986419470512,0.6327786678873885,37.49713893339437,True,37.5,36.5,38.6,0.95,0.05,0.0,0.7,0.03,2,1785401921.827664,True,True,True,False,1785401827.9075902,False,1,0,0,False
1784849457.3002179,20,1785401931.8070784,37.50514991989013,0.6326451514457924,37.48645761806668,True,37.5,36.5,38.6,0.95,0.05,0.0,0.7,0.03,2,1785401941.8341727,True,False,True,False,1785401827.9075902,False,1,0,0,False
1784849457.3002179,20,1785401951.8132133,37.49179827573053,0.6324925612268254,37.50247959105822,True,37.5,36.5,38.6,0.95,0.05,0.0,0.7,0.03,2,1785401961.8409173,True,True,True,False,1785401827.9075902,False,True,1,0,False
1784849457.3002179,20,1785401971.8195543,37.47310597390707,0.6327977416647593,37.47577630273899,True,37.5,36.5,38.6,0.95,0.05,0.0,0.7,0.03,2,1785401981.8467867,True,True,True,False,1785401827.9075902,False,True,1,0,False
1784849457.3002179,20,1785401991.8266957,37.45975432974747,0.6328549629968719,37.47844663157092,True,37.5,36.5,38.6,0.95,0.05,0.0,0.7,0.03,2,1785402001.8559422,True,True,True,True,1785402007.908493,False,True,1,0,False
1784849457.3002179,20,1785402011.8338466,37.481116960402844,0.6326070038910505,37.46776531624323,True,37.5,36.5,38.6,0.95,0.05,0.0,0.7,0.03,2,1785402021.8626657,False,True,True,True,1785402007.908493,False,True,1,0,False
1784849457.3002179,20,1785402031.841128,37.47577630273899,0.6324544136720835,37.441062027924005,True,37.5,36.5,38.6,0.95,0.05,0.0,0.7,0.03,2,1785402041.8714461,False,True,True,False,1785402007.908493,False,True,1,0,False
1784849457.3002179,20,1785402051.849942,37.470435645075156,0.6323208972304876,37.45708400091554,True,37.5,36.5,38.6,0.95,0.05,0.0,0.7,0.03,2,1785402061.8782475,False,False,True,False,1785402007.908493,False,True,1,0,False
1784849457.3002179,20,1785402071.8575282,37.46242465857938,0.632397192339971,37.46776531624323,True,37.5,36.5,38.6,0.95,0.05,0.0,0.7,0.03,2,1785402081.8855314,False,True,True,False,1785402007.908493,False,True,1,0,False
1784849457.3002179,20,1785402091.8649974,37.470435645075156,0.632683299000534,37.470435645075156,True,37.5,36.5,38.6,0.95,0.05,0.0,0.7,0.03,2,1785402101.8956974,False,True,True,False,1785402007.908493,False,True,1,0,False
1784849457.3002179,20,1785402111.872565,37.49179827573053,0.6326260776684215,37.470435645075156,True,37.5,36.5,38.6,0.95,0.05,0.0,0.7,0.03,2,1785402121.9028625,False,True,True,False,1785402007.908493,False,True,1,0,False
1784849457.3002179,20,1785402131.8789454,37.49980926222629,0.6327595941100175,37.48645761806668,True,37.5,36.5,38.6,0.95,0.05,0.0,0.7,0.03,2,1785402141.9062295,False,True,True,False,1785402007.908493,False,True,1,0,False
1784849457.3002179,20,1785402151.8851497,37.507820248722055,0.6325116350041963,37.52384222171359,True,37.5,36.5,38.6,0.95,0.05,0.0,0.7,0.03,2,1785402161.912054,False,False,True,False,1785402007.908493,False,1,0,0,False
1784849457.3002179,20,1785402171.8914402,37.531853208209355,0.6325116350041963,37.50247959105822,True,37.5,36.5,38.6,0.95,0.05,0.0,0.7,0.03,2,1785402181.9192345,False,False,True,True,1785402187.9085066,False,1,0,0,False
1784849457.3002179,20,1785402191.8976834,37.507820248722055,0.6326260776684215,37.54253452353704,True,37.5,36.5,38.6,0.95,0.05,0.0,0.7,0.03,2,1785402201.924961,False,True,True,True,1785402187.9085066,False,1,0,0,False
1784849457.3002179,20,1785402211.903941,37.507820248722055,0.6330266269932098,37.50514991989013,True,37.5,36.5,38.6,0.95,0.05,0.0,0.7,0.03,2,1785402221.931238,False,False,True,False,1785402187.9085066,False,1,0,0,False
1784849457.3002179,20,1785402231.910167,37.50247959105822,0.6324734874494545,37.489127946898606,True,37.5,36.5,38.6,0.95,0.05,0.0,0.7,0.03,2,1785402241.937548,False,True,True,False,1785402187.9085066,False,1,0,0,False
1784849457.3002179,20,1785402251.9163532,37.470435645075156,0.6325879301136798,37.47844663157092,True,37.5,36.5,38.6,0.95,0.05,0.0,0.7,0.03,2,1785402261.951452,False,True,True,False,1785402187.9085066,False,True,1,0,False
1784849457.3002179,20,1785402271.9245842,37.47310597390707,0.6327595941100175,37.47310597390707,True,37.5,36.5,38.6,0.95,0.05,0.0,0.7,0.03,2,1785402281.9532635,False,True,True,False,1785402187.9085066,False,True,1,0,False
1784849457.3002179,20,1785402291.9325821,37.45441367208362,0.6325688563363089,37.481116960402844,True,37.5,36.5,38.6,0.95,0.05,0.0,0.7,0.03,2,1785402301.9598744,False,True,True,False,1785402187.9085066,False,True,1,0,False
1784849457.3002179,20,1785402311.9388547,37.48645761806668,0.6327786678873885,37.44907301441978,True,37.5,36.5,38.6,0.95,0.05,0.0,0.7,0.03,2,1785402321.966164,False,True,True,False,1785402187.9085066,False,True,1,0,False
1784849457.3002179,20,1785402331.9450536,37.49980926222629,0.632549782558938,37.47577630273899,True,37.5,36.5,38.6,0.95,0.05,0.0,0.7,0.03,2,1785402341.9723825,False,True,True,False,1785402187.9085066,False,True,1,0,False
1784849457.3002179,20,1785402351.9513643,37.49713893339437,0.6327214465552758,37.49713893339437,True,37.5,36.5,38.6,0.95,0.05,0.0,0.7,0.03,2,1785402361.9787147,False,False,True,True,1785402367.9085217,False,True,1,0,False
1784849457.3002179,20,1785402371.9576197,37.49980926222629,0.632683299000534,37.49713893339437,True,37.5,36.5,38.6,0.95,0.05,0.0,0.7,0.03,2,1785402381.9849927,False,True,True,True,1785402367.9085217,False,True,1,0,False
1784849457.3002179,20,1785402391.9638844,37.51850156404974,0.6327405203326467,37.49980926222629,True,37.5,36.5,38.6,0.95,0.05,0.0,0.7,0.03,2,1785402401.9906762,False,True,True,False,1785402367.9085217,False,1,0,0,False
1784849457.3002179,20,1785402411.970141,37.52384222171359,0.632530708781567,37.51583123521782,True,37.5,36.5,38.6,0.95,0.05,0.0,0.7,0.03,2,1785402421.9973886,False,True,True,False,1785402367.9085217,False,1,0,0,False
1784849457.3002179,20,1785402431.9797068,37.50247959105822,0.6326070038910505,37.49980926222629,True,37.5,36.5,38.6,0.95,0.05,0.0,0.7,0.03,2,1785402442.0158184,False,False,True,False,1785402367.9085217,False,1,0,0,False
1784849457.3002179,20,1785402451.9947886,37.50247959105822,0.6325879301136798,37.52117189288167,True,37.5,36.5,38.6,0.95,0.05,0.0,0.7,0.03,2,1785402462.0215425,False,True,True,False,1785402367.9085217,False,1,0,0,False
1784849457.3002179,20,1785402472.0009706,37.489127946898606,0.6326260776684215,37.489127946898606,True,37.5,36.5,38.6,0.95,0.05,0.0,0.7,0.03,2,1785402482.028318,False,False,True,False,1785402367.9085217,False,True,1,0,False
1784849457.3002179,20,1785402492.0072448,37.48645761806668,0.6327786678873885,37.481116960402844,True,37.5,36.5,38.6,0.95,0.05,0.0,0.7,0.03,2,1785402502.0359004,False,False,True,False,1785402367.9085217,False,True,1,0,False
1784849457.3002179,20,1785402512.0135398,37.48645761806668,0.6326642252231632,37.47577630273899,True,37.5,36.5,38.6,0.95,0.05,0.0,0.7,0.03,2,1785402522.0407856,False,True,True,False,1785402367.9085217,False,True,1,0,False
1784849457.3002179,20,1785402532.0198953,37.47844663157092,0.6326070038910505,37.47577630273899,True,37.5,36.5,38.6,0.95,0.05,0.0,0.7,0.03,2,1785402542.0472054,False,False,True,True,1785402547.9085484,False,True,1,0,False
1784849457.3002179,20,1785402552.0261855,37.470435645075156,0.6322064545662623,37.50247959105822,True,37.5,36.5,38.6,0.95,0.05,0.0,0.7,0.03,2,1785402562.0548396,False,True,True,True,1785402547.9085484,False,True,1,0,False
1784849457.3002179,20,1785402572.032477,37.483787289234755,0.6324353398947128,37.50247959105822,True,37.5,36.5,38.6,0.95,0.05,0.0,0.7,0.03,2,1785402582.0598648,False,False,True,False,1785402547.9085484,False,True,1,0,False
1784849457.3002179,20,1785402592.03901,37.48645761806668,0.6324353398947128,37.489127946898606,True,37.5,36.5,38.6,0.95,0.05,0.0,0.7,0.03,2,1785402602.0663934,False,True,True,False,1785402547.9085484,False,True,1,0,False
1784849457.3002179,20,1785402612.0453033,37.52384222171359,0.6323018234531166,37.51049057755398,True,37.5,36.5,38.6,0.95,0.05,0.0,0.7,0.03,2,1785402622.072556,False,False,True,False,1785402547.9085484,False,1,0,0,False
1784849457.3002179,20,1785402632.0557306,37.53452353704128,0.6329884794384679,37.51583123521782,True,37.5,36.5,38.6,0.95,0.05,0.0,0.7,0.03,2,1785402642.087155,False,False,True,False,1785402547.9085484,False,1,0,0,False
1784849457.3002179,20,1785402652.0665507,37.56656748302434,0.6323781185626001,37.526512550545505,True,37.5,36.5,38.6,0.95,0.05,0.0,0.7,0.03,2,1785402662.0938315,False,True,True,False,1785402547.9085484,False,1,0,0,False
1784849457.3002179,20,1785402672.0727978,37.55855649652857,0.6326070038910505,37.531853208209355,True,37.5,36.5,38.6,0.95,0.05,0.0,0.7,0.03,2,1785402682.1001344,False,False,True,False,1785402547.9085484,False,1,0,0,False
1784849457.3002179,20,1785402692.0803385,37.53452353704128,0.6330075532158389,37.513160906385906,True,37.5,36.5,38.6,0.95,0.05,0.0,0.7,0.03,2,1785402702.1084638,False,True,True,False,1785402547.9085484,False,1,0,0,False
1784849457.3002179,20,1785402712.0878594,37.507820248722055,0.6327786678873885,37.49713893339437,True,37.5,36.5,38.6,0.95,0.05,0.0,0.7,0.03,2,1785402722.1151285,False,True,True,True,1785402727.9085715,False,1,0,0,False
1784849457.3002179,20,1785402732.0940945,37.489127946898606,0.632530708781567,37.47577630273899,True,37.5,36.5,38.6,0.95,0.05,0.0,0.7,0.03,2,1785402742.1213458,False,True,True,True,1785402727.9085715,False,True,1,0,False
1784849457.3002179,20,1785402752.1002614,37.45975432974747,0.632549782558938,37.48645761806668,True,37.5,36.5,38.6,0.95,0.05,0.0,0.7,0.03,2,1785402762.1275985,False,False,True,False,1785402727.9085715,False,True,1,0,False
1784849457.3002179,20,1785402772.1065524,37.46242465857938,0.6324353398947128,37.465094987411305,True,37.5,36.5,38.6,0.95,0.05,0.0,0.7,0.03,2,1785402782.133461,False,True,True,False,1785402727.9085715,False,True,1,0,False
1784849457.3002179,20,1785402792.1127024,37.45975432974747,0.6323208972304876,37.45174334325169,True,37.5,36.5,38.6,0.95,0.05,0.0,0.7,0.03,2,1785402802.140171,False,True,True,False,1785402727.9085715,False,True,1,0,False
1784849457.3002179,20,1785402812.1207356,37.470435645075156,0.6326260776684215,37.47844663157092,True,37.5,36.5,38.6,0.95,0.05,0.0,0.7,0.03,2,1785402822.152087,False,True,True,False,1785402727.9085715,False,True,1,0,False
1784849457.3002179,20,1785402832.1318467,37.470435645075156,0.6326642252231632,37.489127946898606,True,37.5,36.5,38.6,0.95,0.05,0.0,0.7,0.03,2,1785402842.1615143,False,True,True,False,1785402727.9085715,False,True,1,0,False
1784849457.3002179,20,1785402852.14067,37.48645761806668,0.6322064545662623,37.47844663157092,True,37.5,36.5,38.6,0.95,0.05,0.0,0.7,0.03,2,1785402862.1694312,False,True,True,False,1785402727.9085715,False,True,1,0,False
1784849457.3002179,20,1785402872.1486657,37.51049057755398,0.6326451514457924,37.50514991989013,True,37.5,36.5,38.6,0.95,0.05,0.0,0.7,0.03,2,1785402882.1755412,False,True,True,False,1785402727.9085715,False,1,0,0,False
1784849457.3002179,20,1785402892.1550071,37.507820248722055,0.6324734874494545,37.52384222171359,True,37.5,36.5,38.6,0.95,0.05,0.0,0.7,0.03,2,1785402902.1835144,False,False,True,True,1785402907.9085805,False,1,0,0,False
1784849457.3002179,20,1785402912.1615217,37.52384222171359,0.6323399710078584,37.52384222171359,True,37.5,36.5,38.6,0.95,0.05,0.0,0.7,0.03,2,1785402922.1883838,False,True,True,True,1785402907.9085805,False,1,0,0,False
1784849457.3002179,20,1785402932.1677556,37.526512550545505,0.6324734874494545,37.52918287937743,True,37.5,36.5,38.6,0.95,0.05,0.0,0.7,0.03,2,1785402942.1948907,False,True,True,False,1785402907.9085805,False,1,0,0,False
1784849457.3002179,20,1785402952.1740348,37.51850156404974,0.632397192339971,37.507820248722055,True,37.5,36.5,38.6,0.95,0.05,0.0,0.7,0.03,2,1785402962.2009683,False,True,True,False,1785402907.9085805,False,1,0,0,False
1784849457.3002179,20,1785402972.1802754,37.52117189288167,0.6326260776684215,37.481116960402844,True,37.5,36.5,38.6,0.95,0.05,0.0,0.7,0.03,2,1785402982.2078104,False,True,True,False,1785402907.9085805,False,1,0,0,False
1784849457.3002179,20,1785402992.1865785,37.49713893339437,0.6325879301136798,37.49980926222629,True,37.5,36.5,38.6,0.95,0.05,0.0,0.7,0.03,2,1785403002.2138267,False,True,True,False,1785402907.9085805,False,True,1,0,False
1784849457.3002179,20,1785403012.192801,37.45975432974747,0.6324353398947128,37.46242465857938,True,37.5,36.5,38.6,0.95,0.05,0.0,0.7,0.03,2,1785403022.2238617,False,True,True,False,1785402907.9085805,False,True,1,0,False
1784849457.3002179,20,1785403032.1991794,37.47577630273899,0.6324353398947128,37.45174334325169,True,37.5,36.5,38.6,0.95,0.05,0.0,0.7,0.03,2,1785403042.2273574,False,True,True,False,1785402907.9085805,False,True,1,0,False
1784849457.3002179,20,1785403052.2055924,37.47577630273899,0.6323018234531166,37.46242465857938,True,37.5,36.5,38.6,0.95,0.05,0.0,0.7,0.03,2,1785403062.2333403,False,False,True,False,1785402907.9085805,False,True,1,0,False
1784849457.3002179,20,1785403072.2118561,37.45708400091554,0.6324162661173419,37.46242465857938,True,37.5,36.5,38.6,0.95,0.05,0.0,0.7,0.03,2,1785403082.2391338,False,True,True,True,1785403087.90862,False,True,1,0,False
1784849457.3002179,20,1785403092.2181263,37.438391699092094,0.6324162661173419,37.44373235675593,True,37.5,36.5,38.6,0.95,0.05,0.0,0.7,0.03,2,1785403102.2455354,False,True,True,True,1785403087.90862,False,True,1,0,False
1784849457.3002179,20,1785403112.224438,37.45975432974747,0.6326451514457924,37.48645761806668,True,37.5,36.5,38.6,0.95,0.05,0.0,0.7,0.03,2,1785403122.2512856,False,False,True,False,1785403087.90862,False,True,1,0,False
1784849457.3002179,20,1785403132.231573,37.483787289234755,0.6326451514457924,37.47577630273899,True,37.5,36.5,38.6,0.95,0.05,0.0,0.7,0.03,2,1785403142.2599502,False,False,True,False,1785403087.90862,False,True,1,0,False
1784849457.3002179,20,1785403152.23919,37.48645761806668,0.6323590447852293,37.48645761806668,True,37.5,36.5,38.6,0.95,0.05,0.0,0.7,0.03,2,1785403162.2664149,False,True,True,False,1785403087.90862,False,True,1,0,False
1784849457.3002179,20,1785403172.2464712,37.49980926222629,0.6323781185626001,37.48645761806668,True,37.5,36.5,38.6,0.95,0.05,0.0,0.7,0.03,2,1785403182.2757516,False,True,True,False,1785403087.90862,False,True,1,0,False
1784849457.3002179,20,1785403192.2539246,37.52384222171359,0.6326260776684215,37.51049057755398,True,37.5,36.5,38.6,0.95,0.05,0.0,0.7,0.03,2,1785403202.2888992,False,True,True,False,1785403087.90862,False,1,0,0,False
1784849457.3002179,20,1785403212.2602441,37.52918287937743,0.6327214465552758,37.51583123521782,True,37.5,36.5,38.6,0.95,0.05,0.0,0.7,0.03,2,1785403222.2875543,False,False,True,False,1785403087.90862,False,1,0,0,False
1784849457.3002179,20,1785403232.2665567,37.53452353704128,0.632530708781567,37.526512550545505,True,37.5,36.5,38.6,0.95,0.05,0.0,0.7,0.03,2,1785403242.2937748,False,True,True,False,1785403087.90862,False,1,0,0,False
1784849457.3002179,20,1785403252.272762,37.52384222171359,0.6321301594567789,37.52117189288167,True,37.5,36.5,38.6,0.95,0.05,0.0,0.7,0.03,2,1785403262.3002577,False,True,True,True,1785403267.9086323,False,1,0,0,False
1784849457.3002179,20,1785403272.2790742,37.526512550545505,0.6325688563363089,37.52117189288167,True,37.5,36.5,38.6,0.95,0.05,0.0,0.7,0.03,2,1785403282.3060513,False,False,True,True,1785403267.9086323,False,1,0,0,False
1784849457.3002179,20,1785403292.2853088,37.49713893339437,0.6323781185626001,37.49713893339437,True,37.5,36.5,38.6,0.95,0.05,0.0,0.7,0.03,2,1785403302.312593,False,True,True,False,1785403267.9086323,False,True,1,0,False
1784849457.3002179,20,1785403312.2915554,37.481116960402844,0.632397192339971,37.47577630273899,True,37.5,36.5,38.6,0.95,0.05,0.0,0.7,0.03,2,1785403322.3188965,False,True,True,False,1785403267.9086323,False,True,1,0,False
1784849457.3002179,20,1785403332.2977545,37.47310597390707,0.6321683070115206,37.47577630273899,True,37.5,36.5,38.6,0.95,0.05,0.0,0.7,0.03,2,1785403342.3252182,False,True,True,False,1785403267.9086323,False,True,1,0,False
1784849457.3002179,20,1785403352.3040104,37.48645761806668,0.6322446021210041,37.47577630273899,True,37.5,36.5,38.6,0.95,0.05,0.0,0.7,0.03,2,1785403362.3317704,False,True,True,False,1785403267.9086323,False,True,1,0,False
1784849457.3002179,20,1785403372.3103213,37.49980926222629,0.6319966430151827,37.465094987411305,True,37.5,36.5,38.6,0.95,0.05,0.0,0.7,0.03,2,1785403382.337722,False,True,True,False,1785403267.9086323,False,True,1,0,False
1784849457.3002179,20,1785403392.316585,37.481116960402844,0.632549782558938,37.46776531624323,True,37.5,36.5,38.6,0.95,0.05,0.0,0.7,0.03,2,1785403402.3438342,False,True,True,False,1785403267.9086323,False,True,1,0,False
1784849457.3002179,20,1785403412.3228178,37.49713893339437,0.6323781185626001,37.47844663157092,True,37.5,36.5,38.6,0.95,0.05,0.0,0.7,0.03,2,1785403422.3516455,False,True,True,False,1785403267.9086323,False,True,1,0,False
1784849457.3002179,20,1785403432.3290908,37.52384222171359,0.6323399710078584,37.49446860456244,True,37.5,36.5,38.6,0.95,0.05,0.0,0.7,0.03,2,1785403442.3571935,False,True,True,True,1785403447.9086707,False,1,0,0,False
1784849457.3002179,20,1785403452.336665,37.49713893339437,0.6322446021210041,37.531853208209355,True,37.5,36.5,38.6,0.95,0.05,0.0,0.7,0.03,2,1785403462.366012,False,False,True,True,1785403447.9086707,False,True,1,0,False
1784849457.3002179,20,1785403472.3452616,37.49980926222629,0.6321873807888915,37.50514991989013,True,37.5,36.5,38.6,0.95,0.05,0.0,0.7,0.03,2,1785403482.3746367,False,True,True,False,1785403447.9086707,False,True,1,0,False
1784849457.3002179,20,1785403492.3537686,37.52384222171359,0.6325688563363089,37.49179827573053,True,37.5,36.5,38.6,0.95,0.05,0.0,0.7,0.03,2,1785403502.3832564,False,True,True,False,1785403447.9086707,False,1,0,0,False
1784849457.3002179,20,1785403512.363064,37.52918287937743,0.6324162661173419,37.49713893339437,True,37.5,36.5,38.6,0.95,0.05,0.0,0.7,0.03,2,1785403522.3927548,False,True,True,False,1785403447.9086707,False,1,0,0,False
1784849457.3002179,20,1785403532.3721209,37.52117189288167,0.6322064545662623,37.513160906385906,True,37.5,36.5,38.6,0.95,0.05,0.0,0.7,0.03,2,1785403542.4008374,False,True,True,False,1785403447.9086707,False,1,0,0,False
1784849457.3002179,20,1785403552.379655,37.513160906385906,0.6322827496757458,37.50247959105822,True,37.5,36.5,38.6,0.95,0.05,0.0,0.7,0.03,2,1785403562.4070785,False,True,True,False,1785403447.9086707,False,1,0,0,False
1784849457.3002179,20,1785403572.3858383,37.49980926222629,0.632397192339971,37.465094987411305,True,37.5,36.5,38.6,0.95,0.05,0.0,0.7,0.03,2,1785403582.4132526,False,True,True,False,1785403447.9086707,False,True,1,0,False
1784849457.3002179,20,1785403592.3958619,37.45975432974747,0.632397192339971,37.46242465857938,True,37.5,36.5,38.6,0.95,0.05,0.0,0.7,0.03,2,1785403602.4279642,False,False,True,False,1785403447.9086707,False,True,1,0,False
1784849457.3002179,20,1785403612.4070358,37.44373235675593,0.6321683070115206,37.46776531624323,True,37.5,36.5,38.6,0.95,0.05,0.0,0.7,0.03,2,1785403622.4341273,False,True,True,True,1785403627.9086742,False,True,1,0,False
1784849457.3002179,20,1785403632.4133496,37.45975432974747,0.6320538643472954,37.45708400091554,True,37.5,36.5,38.6,0.95,0.05,0.0,0.7,0.03,2,1785403642.4404104,False,True,True,True,1785403627.9086742,False,True,1,0,False
1784849457.3002179,20,1785403652.419619,37.45975432974747,0.6321492332341496,37.45174334325169,True,37.5,36.5,38.6,0.95,0.05,0.0,0.7,0.03,2,1785403662.447062,False,True,True,False,1785403627.9086742,False,True,1,0,False
1784849457.3002179,20,1785403672.4257412,37.441062027924005,0.6322827496757458,37.46776531624323,True,37.5,36.5,38.6,0.95,0.05,0.0,0.7,0.03,2,1785403682.4530396,False,True,True,False,1785403627.9086742,False,True,1,0,False
1784849457.3002179,20,1785403692.432003,37.481116960402844,0.6321492332341496,37.465094987411305,True,37.5,36.5,38.6,0.95,0.05,0.0,0.7,0.03,2,1785403702.458928,False,True,True,False,1785403627.9086742,False,True,1,0,False
1784849457.3002179,20,1785403712.438243,37.49713893339437,0.632549782558938,37.481116960402844,True,37.5,36.5,38.6,0.95,0.05,0.0,0.7,0.03,2,1785403722.4655714,False,False,True,False,1785403627.9086742,False,True,1,0,False
1784849457.3002179,20,1785403732.44436,37.526512550545505,0.6324162661173419,37.49713893339437,True,37.5,36.5,38.6,0.95,0.05,0.0,0.7,0.03,2,1785403742.470949,False,False,True,False,1785403627.9086742,False,1,0,0,False
1784849457.3002179,20,1785403752.4505324,37.52384222171359,0.6322827496757458,37.513160906385906,True,37.5,36.5,38.6,0.95,0.05,0.0,0.7,0.03,2,1785403762.479308,False,True,True,False,1785403627.9086742,False,1,0,0,False
1784849457.3002179,20,1785403772.4582121,37.54253452353704,0.6324734874494545,37.47577630273899,True,37.5,36.5,38.6,0.95,0.05,0.0,0.7,0.03,2,1785403782.4885318,False,True,True,False,1785403627.9086742,False,1,0,0,False
1784849457.3002179,20,1785403792.4656355,37.513160906385906,0.6323399710078584,37.52117189288167,True,37.5,36.5,38.6,0.95,0.05,0.0,0.7,0.03,2,1785403802.4928186,False,True,True,True,1785403807.908706,False,1,0,0,False
1784849457.3002179,20,1785403812.4724193,37.507820248722055,0.6323208972304876,37.51049057755398,True,37.5,36.5,38.6,0.95,0.05,0.0,0.7,0.03,2,1785403822.5030713,False,True,True,True,1785403807.908706,False,1,0,0,False
1784849457.3002179,20,1785403832.47883,37.507820248722055,0.6322255283436331,37.47844663157092,True,37.5,36.5,38.6,0.95,0.05,0.0,0.7,0.03,2,1785403842.5114448,False,True,True,False,1785403807.908706,False,1,0,0,False
1784849457.3002179,20,1785403852.485042,37.481116960402844,0.6323590447852293,37.47844663157092,True,37.5,36.5,38.6,0.95,0.05,0.0,0.7,0.03,2,1785403862.514408,False,True,True,False,1785403807.908706,False,True,1,0,False
1784849457.3002179,20,1785403872.491589,37.46242465857938,0.6323208972304876,37.45174334325169,True,37.5,36.5,38.6,0.95,0.05,0.0,0.7,0.03,2,1785403882.5215337,False,True,True,False,1785403807.908706,False,True,1,0,False
1784849457.3002179,20,1785403892.4981446,37.44907301441978,0.6321301594567789,37.470435645075156,True,37.5,36.5,38.6,0.95,0.05,0.0,0.7,0.03,2,1785403902.5280735,False,True,True,False,1785403807.908706,False,True,1,0,False
1784849457.3002179,20,1785403912.5047548,37.44373235675593,0.6324925612268254,37.45975432974747,True,37.5,36.5,38.6,0.95,0.05,0.0,0.7,0.03,2,1785403922.5345824,False,True,True,False,1785403807.908706,False,True,1,0,False
1784849457.3002179,20,1785403932.5113478,37.483787289234755,0.632263675898375,37.45441367208362,True,37.5,36.5,38.6,0.95,0.05,0.0,0.7,0.03,2,1785403942.5426846,False,False,True,False,1785403807.908706,False,True,1,0,False
1784849457.3002179,20,1785403952.5190735,37.481116960402844,0.6323399710078584,37.49179827573053,True,37.5,36.5,38.6,0.95,0.05,0.0,0.7,0.03,2,1785403962.5487654,False,True,True,False,1785403807.908706,False,True,1,0,False
1784849457.3002179,20,1785403972.527,37.526512550545505,0.6324353398947128,37.49713893339437,True,37.5,36.5,38.6,0.95,0.05,0.0,0.7,0.03,2,1785403982.5560973,False,False,True,True,1785403987.9087126,False,1,0,0,False
1784849457.3002179,20,1785403992.5340862,37.52384222171359,0.6323781185626001,37.49980926222629,True,37.5,36.5,38.6,0.95,0.05,0.0,0.7,0.03,2,1785404002.5610242,False,True,True,True,1785403987.9087126,False,1,0,0,False
1784849457.3002179,20,1785404012.5403874,37.53986419470512,0.6319775692378119,37.49980926222629,True,37.5,36.5,38.6,0.95,0.05,0.0,0.7,0.03,2,1785404022.5671775,False,True,True,False,1785403987.9087126,False,1,0,0,False
1784849457.3002179,20,1785404032.546562,37.51850156404974,0.6320347905699245,37.49980926222629,True,37.5,36.5,38.6,0.95,0.05,0.0,0.7,0.03,2,1785404042.5739212,False,True,True,False,1785403987.9087126,False,1,0,0,False
1784849457.3002179,20,1785404052.5529094,37.52384222171359,0.632263675898375,37.49980926222629,True,37.5,36.5,38.6,0.95,0.05,0.0,0.7,0.03,2,1785404062.5800931,False,True,True,False,1785403987.9087126,False,1,0,0,False
1784849457.3002179,20,1785404072.5591686,37.489127946898606,0.6322446021210041,37.46776531624323,True,37.5,36.5,38.6,0.95,0.05,0.0,0.7,0.03,2,1785404082.586458,False,True,True,False,1785403987.9087126,False,True,1,0,False
1784849457.3002179,20,1785404092.5655398,37.47577630273899,0.6321301594567789,37.465094987411305,True,37.5,36.5,38.6,0.95,0.05,0.0,0.7,0.03,2,1785404102.592818,False,True,True,False,1785403987.9087126,False,True,1,0,False
1784849457.3002179,20,1785404112.5717976,37.47577630273899,0.6324353398947128,37.465094987411305,True,37.5,36.5,38.6,0.95,0.05,0.0,0.7,0.03,2,1785404122.5994956,False,False,True,False,1785403987.9087126,False,True,1,0,False
1784849457.3002179,20,1785404132.5781374,37.45174334325169,0.6320157167925536,37.48645761806668,True,37.5,36.5,38.6,0.95,0.05,0.0,0.7,0.03,2,1785404142.6056817,False,False,True,False,1785403987.9087126,False,True,1,0,False
1784849457.3002179,20,1785404152.5843468,37.465094987411305,0.6323399710078584,37.481116960402844,True,37.5,36.5,38.6,0.95,0.05,0.0,0.7,0.03,2,1785404162.6114995,False,False,True,True,1785404167.9087164,False,True,1,0,False
1784849457.3002179,20,1785404172.5905044,37.489127946898606,0.6322255283436331,37.47577630273899,True,37.5,36.5,38.6,0.95,0.05,0.0,0.7,0.03,2,1785404182.6177735,False,False,True,True,1785404167.9087164,False,True,1,0,False
1784849457.3002179,20,1785404192.5966961,37.49713893339437,0.6321683070115206,37.50514991989013,True,37.5,36.5,38.6,0.95,0.05,0.0,0.7,0.03,2,1785404202.6240077,False,True,True,False,1785404167.9087164,False,True,1,0,False
1784849457.3002179,20,1785404212.6030948,37.52384222171359,0.6321301594567789,37.50514991989013,True,37.5,36.5,38.6,0.95,0.05,0.0,0.7,0.03,2,1785404222.6303644,False,True,True,False,1785404167.9087164,False,1,0,0,False
1784849457.3002179,20,1785404232.6093247,37.513160906385906,0.632397192339971,37.531853208209355,True,37.5,36.5,38.6,0.95,0.05,0.0,0.7,0.03,2,1785404242.6361382,False,False,True,False,1785404167.9087164,False,1,0,0,False
1784849457.3002179,20,1785404252.6165788,37.51850156404974,0.6322827496757458,37.51049057755398,True,37.5,36.5,38.6,0.95,0.05,0.0,0.7,0.03,2,1785404262.6454847,False,True,True,False,1785404167.9087164,False,1,0,0,False
1784849457.3002179,20,1785404272.6256378,37.526512550545505,0.632263675898375,37.49446860456244,True,37.5,36.5,38.6,0.95,0.05,0.0,0.7,0.03,2,1785404282.6540563,False,True,True,False,1785404167.9087164,False,1,0,0,False
1784849457.3002179,20,1785404292.634189,37.49179827573053,0.6318249790188449,37.465094987411305,True,37.5,36.5,38.6,0.95,0.05,0.0,0.7,0.03,2,1785404302.663095,False,True,True,False,1785404167.9087164,False,True,1,0,False
1784849457.3002179,20,1785404312.641643,37.48645761806668,0.6322446021210041,37.44373235675593,True,37.5,36.5,38.6,0.95,0.05,0.0,0.7,0.03,2,1785404322.668695,False,True,True,False,1785404167.9087164,False,True,1,0,False
1784849457.3002179,20,1785404332.6478612,37.47310597390707,0.632111085679408,37.45975432974747,True,37.5,36.5,38.6,0.95,0.05,0.0,0.7,0.03,2,1785404342.674593,False,True,True,True,1785404347.9087536,False,True,1,0,False
1784849457.3002179,20,1785404352.6540117,37.481116960402844,0.6318822003509575,37.470435645075156,True,37.5,36.5,38.6,0.95,0.05,0.0,0.7,0.03,2,1785404362.681309,False,True,True,True,1785404347.9087536,False,True,1,0,False
1784849457.3002179,20,1785404372.660288,37.489127946898606,0.6322827496757458,37.48645761806668,True,37.5,36.5,38.6,0.95,0.05,0.0,0.7,0.03,2,1785404382.6872847,False,True,True,False,1785404347.9087536,False,True,1,0,False
1784849457.3002179,20,1785404392.6666665,37.50247959105822,0.6320920119020371,37.47844663157092,True,37.5,36.5,38.6,0.95,0.05,0.0,0.7,0.03,2,1785404402.6939645,False,False,True,False,1785404347.9087536,False,1,0,0,False
1784849457.3002179,20,1785404412.6727962,37.513160906385906,0.6318631265735867,37.489127946898606,True,37.5,36.5,38.6,0.95,0.05,0.0,0.7,0.03,2,1785404422.7000837,False,True,True,False,1785404347.9087536,False,1,0,0,False
1784849457.3002179,20,1785404432.6790993,37.507820248722055,0.6322255283436331,37.47844663157092,True,37.5,36.5,38.6,0.95,0.05,0.0,0.7,0.03,2,1785404442.706512,False,True,True,False,1785404347.9087536,False,1,0,0,False
1784849457.3002179,20,1785404452.685307,37.48645761806668,0.6321683070115206,37.50514991989013,True,37.5,36.5,38.6,0.95,0.05,0.0,0.7,0.03,2,1785404462.712638,False,True,True,False,1785404347.9087536,False,True,1,0,False
1784849457.3002179,20,1785404472.6926105,37.49980926222629,0.6319012741283284,37.489127946898606,True,37.5,36.5,38.6,0.95,0.05,0.0,0.7,0.03,2,1785404482.7216783,False,False,True,False,1785404347.9087536,False,True,1,0,False
1784849457.3002179,20,1785404492.7009487,37.48645761806668,0.6322255283436331,37.481116960402844,True,37.5,36.5,38.6,0.95,0.05,0.0,0.7,0.03,2,1785404502.7302477,False,True,True,False,1785404347.9087536,False,True,1,0,False
1784849457.3002179,20,1785404512.7100923,37.48645761806668,0.6321492332341496,37.470435645075156,True,37.5,36.5,38.6,0.95,0.05,0.0,0.7,0.03,2,1785404522.7394156,False,True,True,True,1785404527.9087903,False,True,1,0,False
1784849457.3002179,20,1785404532.717742,37.489127946898606,0.6320729381246661,37.49713893339437,True,37.5,36.5,38.6,0.95,0.05,0.0,0.7,0.03,2,1785404542.7451262,False,False,True,True,1785404527.9087903,False,True,1,0,False
1784849457.3002179,20,1785404552.7241716,37.49713893339437,0.6321492332341496,37.48645761806668,True,37.5,36.5,38.6,0.95,0.05,0.0,0.7,0.03,2,1785404562.7515197,False,False,True,False,1785404527.9087903,False,True,1,0,False
1784849457.3002179,20,1785404572.7306488,37.51049057755398,0.6322255283436331,37.49179827573053,True,37.5,36.5,38.6,0.95,0.05,0.0,0.7,0.03,2,1785404582.7595127,False,True,True,False,1785404527.9087903,False,1,0,0,False
1784849457.3002179,20,1785404592.7369702,37.48645761806668,0.6323208972304876,37.531853208209355,True,37.5,36.5,38.6,0.95,0.05,0.0,0.7,0.03,2,1785404602.7640638,False,True,True,False,1785404527.9087903,False,True,1,0,False
1784849457.3002179,20,1785404612.7433307,37.555886167696656,0.6320729381246661,37.531853208209355,True,37.5,36.5,38.6,0.95,0.05,0.0,0.7,0.03,2,1785404622.7706642,False,False,True,False,1785404527.9087903,False,1,0,0,False
1784849457.3002179,20,1785404632.7495608,37.52384222171359,0.6320538643472954,37.54253452353704,True,37.5,36.5,38.6,0.95,0.05,0.0,0.7,0.03,2,1785404642.7768009,False,False,True,False,1785404527.9087903,False,1,0,0,False
1784849457.3002179,20,1785404652.7558484,37.513160906385906,0.6320920119020371,37.51049057755398,True,37.5,36.5,38.6,0.95,0.05,0.0,0.7,0.03,2,1785404662.7831523,False,True,True,False,1785404527.9087903,False,1,0,0,False
1784849457.3002179,20,1785404672.7621338,37.483787289234755,0.6323590447852293,37.51049057755398,True,37.5,36.5,38.6,0.95,0.05,0.0,0.7,0.03,2,1785404682.7897084,False,False,True,False,1785404527.9087903,False,True,1,0,False
1784849457.3002179,20,1785404692.7682474,37.48645761806668,0.6318249790188449,37.47577630273899,True,37.5,36.5,38.6,0.95,0.05,0.0,0.7,0.03,2,1785404702.7954948,False,True,True,True,1785404707.9088178,False,True,1,0,False
1784849457.3002179,20,1785404712.7744606,37.465094987411305,0.6320729381246661,37.465094987411305,True,37.5,36.5,38.6,0.95,0.05,0.0,0.7,0.03,2,1785404722.8016312,False,True,True,True,1785404707.9088178,False,True,1,0,False
1784849457.3002179,20,1785404732.7806041,37.489127946898606,0.631958495460441,37.481116960402844,True,37.5,36.5,38.6,0.95,0.05,0.0,0.7,0.03,2,1785404742.8079643,False,True,True,False,1785404707.9088178,False,True,1,0,False
1784849457.3002179,20,1785404752.7870028,37.49179827573053,0.6322064545662623,37.49179827573053,True,37.5,36.5,38.6,0.95,0.05,0.0,0.7,0.03,2,1785404762.814948,False,False,True,False,1785404707.9088178,False,True,1,0,False
1784849457.3002179,20,1785404772.793288,37.483787289234755,0.6319394216830702,37.481116960402844,True,37.5,36.5,38.6,0.95,0.05,0.0,0.7,0.03,2,1785404782.821169,False,False,True,False,1785404707.9088178,False,True,1,0,False
1784849457.3002179,20,1785404792.7996335,37.513160906385906,0.6320920119020371,37.51583123521782,True,37.5,36.5,38.6,0.95,0.05,0.0,0.7,0.03,2,1785404802.8273356,False,False,True,False,1785404707.9088178,False,1,0,0,False
1784849457.3002179,20,1785404812.8058505,37.507820248722055,0.6321873807888915,37.50514991989013,True,37.5,36.5,38.6,0.95,0.05,0.0,0.7,0.03,2,1785404822.8336716,False,False,True,False,1785404707.9088178,False,1,0,0,False
1784849457.3002179,20,1785404832.8121965,37.513160906385906,0.6320729381246661,37.531853208209355,True,37.5,36.5,38.6,0.95,0.05,0.0,0.7,0.03,2,1785404842.840286,False,False,True,False,1785404707.9088178,False,1,0,0,False
1784849457.3002179,20,1785404852.8185139,37.53986419470512,0.6319012741283284,37.51583123521782,True,37.5,36.5,38.6,0.95,0.05,0.0,0.7,0.03,2,1785404862.8458338,False,True,True,False,1785404707.9088178,False,1,0,0,False
1784849457.3002179,20,1785404872.82469,37.51583123521782,0.632397192339971,37.51583123521782,True,37.5,36.5,38.6,0.95,0.05,0.0,0.7,0.03,2,1785404882.8520565,False,True,True,True,1785404887.908846,False,1,0,0,False
1784849457.3002179,20,1785404892.8310356,37.49713893339437,0.6323399710078584,37.49713893339437,True,37.5,36.5,38.6,0.95,0.05,0.0,0.7,0.03,2,1785404902.8583145,False,True,True,True,1785404887.908846,False,True,1,0,False
1784849457.3002179,20,1785404912.8372855,37.48645761806668,0.6319203479056992,37.47577630273899,True,37.5,36.5,38.6,0.95,0.05,0.0,0.7,0.03,2,1785404922.8645241,False,True,True,False,1785404887.908846,False,True,1,0,False
1784849457.3002179,20,1785404932.8434765,37.47310597390707,0.6318631265735867,37.45975432974747,True,37.5,36.5,38.6,0.95,0.05,0.0,0.7,0.03,2,1785404942.8707738,False,True,True,False,1785404887.908846,False,True,1,0,False
1784849457.3002179,20,1785404952.8496885,37.48645761806668,0.6322446021210041,37.44907301441978,True,37.5,36.5,38.6,0.95,0.05,0.0,0.7,0.03,2,1785404962.8766103,False,True,True,False,1785404887.908846,False,True,1,0,False
1784849457.3002179,20,1785404972.855908,37.483787289234755,0.6320538643472954,37.465094987411305,True,37.5,36.5,38.6,0.95,0.05,0.0,0.7,0.03,2,1785404982.8832088,False,True,True,False,1785404887.908846,False,True,1,0,False
1784849457.3002179,20,1785404992.862217,37.470435645075156,0.6319966430151827,37.47844663157092,True,37.5,36.5,38.6,0.95,0.05,0.0,0.7,0.03,2,1785405002.8895605,False,False,True,False,1785404887.908846,False,True,1,0,False
1784849457.3002179,20,1785405012.8683827,37.507820248722055,0.6318440527962157,37.47844663157092,True,37.5,36.5,38.6,0.95,0.05,0.0,0.7,0.03,2,1785405022.8990767,False,True,True,False,1785404887.908846,False,1,0,0,False
1784849457.3002179,20,1785405032.8745263,37.50247959105822,0.6317296101319906,37.49446860456244,True,37.5,36.5,38.6,0.95,0.05,0.0,0.7,0.03,2,1785405042.9017575,False,True,True,False,1785404887.908846,False,1,0,0,False
1784849457.3002179,20,1785405052.8807125,37.481116960402844,0.6320920119020371,37.489127946898606,True,37.5,36.5,38.6,0.95,0.05,0.0,0.7,0.03,2,1785405062.9077458,False,True,True,True,1785405067.9088683,False,True,1,0,False
1784849457.3002179,20,1785405072.8870325,37.51049057755398,0.6320538643472954,37.46776531624323,True,37.5,36.5,38.6,0.95,0.05,0.0,0.7,0.03,2,1785405082.9171593,False,True,True,True,1785405067.9088683,False,1,0,0,False
1784849457.3002179,20,1785405092.8937309,37.48645761806668,0.632111085679408,37.48645761806668,True,37.5,36.5,38.6,0.95,0.05,0.0,0.7,0.03,2,1785405102.922319,False,True,True,False,1785405067.9088683,False,True,1,0,False
1784849457.3002179,20,1785405112.900936,37.470435645075156,0.6320729381246661,37.507820248722055,True,37.5,36.5,38.6,0.95,0.05,0.0,0.7,0.03,2,1785405122.9300213,False,True,True,False,1785405067.9088683,False,True,1,0,False
1784849457.3002179,20,1785405132.9088926,37.489127946898606,0.6320347905699245,37.470435645075156,True,37.5,36.5,38.6,0.95,0.05,0.0,0.7,0.03,2,1785405142.9387214,False,True,True,False,1785405067.9088683,False,True,1,0,False
1784849457.3002179,20,1785405152.9153922,37.49179827573053,0.6319012741283284,37.48645761806668,True,37.5,36.5,38.6,0.95,0.05,0.0,0.7,0.03,2,1785405162.9448216,False,True,True,False,1785405067.9088683,False,True,1,0,False
1784849457.3002179,20,1785405172.9218645,37.483787289234755,0.631672388799878,37.465094987411305,True,37.5,36.5,38.6,0.95,0.05,0.0,0.7,0.03,2,1785405182.9500313,False,True,True,False,1785405067.9088683,False,True,1,0,False
1784849457.3002179,20,1785405192.9281435,37.48645761806668,0.6319394216830702,37.49446860456244,True,37.5,36.5,38.6,0.95,0.05,0.0,0.7,0.03,2,1785405202.9594512,False,False,True,False,1785405067.9088683,False,True,1,0,False
1784849457.3002179,20,1785405212.9343045,37.507820248722055,0.6319012741283284,37.489127946898606,True,37.5,36.5,38.6,0.95,0.05,0.0,0.7,0.03,2,1785405222.961595,False,True,True,False,1785405067.9088683,False,1,0,0,False
1784849457.3002179,20,1785405232.9405272,37.52384222171359,0.6322255283436331,37.489127946898606,True,37.5,36.5,38.6,0.95,0.05,0.0,0.7,0.03,2,1785405242.9794476,False,True,True,True,1785405247.9088845,False,1,0,0,False
1784849457.3002179,20,1785405252.9467857,37.48645761806668,0.6315960936903945,37.50514991989013,True,37.5,36.5,38.6,0.95,0.05,0.0,0.7,0.03,2,1785405262.974032,False,True,True,True,1785405247.9088845,False,True,1,0,False
1784849457.3002179,20,1785405272.9529648,37.47310597390707,0.6321301594567789,37.49980926222629,True,37.5,36.5,38.6,0.95,0.05,0.0,0.7,0.03,2,1785405282.9805481,False,False,True,False,1785405247.9088845,False,True,1,0,False
1784849457.3002179,20,1785405292.9592013,37.465094987411305,0.6318631265735867,37.48645761806668,True,37.5,36.5,38.6,0.95,0.05,0.0,0.7,0.03,2,1785405302.986235,False,True,True,False,1785405247.9088845,False,True,1,0,False
1784849457.3002179,20,1785405312.9654071,37.45975432974747,0.6317677576867322,37.50247959105822,True,37.5,36.5,38.6,0.95,0.05,0.0,0.7,0.03,2,1785405322.9926043,False,True,True,False,1785405247.9088845,False,True,1,0,False
1784849457.3002179,20,1785405332.9716163,37.49980926222629,0.6318440527962157,37.49713893339437,True,37.5,36.5,38.6,0.95,0.05,0.0,0.7,0.03,2,1785405342.9989762,False,False,True,False,1785405247.9088845,False,True,1,0,False
1784849457.3002179,20,1785405352.9779499,37.49179827573053,0.6319012741283284,37.52384222171359,True,37.5,36.5,38.6,0.95,0.05,0.0,0.7,0.03,2,1785405363.00519,False,True,True,False,1785405247.9088845,False,True,1,0,False
1784849457.3002179,20,1785405372.984151,37.49980926222629,0.6319203479056992,37.50247959105822,True,37.5,36.5,38.6,0.95,0.05,0.0,0.7,0.03,2,1785405383.0113869,False,True,True,False,1785405247.9088845,False,True,1,0,False
1784849457.3002179,20,1785405392.9903634,37.52918287937743,0.6321492332341496,37.55321583886473,True,37.5,36.5,38.6,0.95,0.05,0.0,0.7,0.03,2,1785405403.0173097,False,True,True,False,1785405247.9088845,False,1,0,0,False
1784849457.3002179,20,1785405412.996431,37.555886167696656,0.632263675898375,37.53719386587319,True,37.5,36.5,38.6,0.95,0.05,0.0,0.7,0.03,2,1785405423.023009,False,True,True,True,1785405427.908903,False,1,0,0,False
1784849457.3002179,20,1785405433.0025334,37.555886167696656,0.6318440527962157,37.53719386587319,True,37.5,36.5,38.6,0.95,0.05,0.0,0.7,0.03,2,1785405443.0298526,False,False,True,True,1785405427.908903,False,1,0,0,False
1784849457.3002179,20,1785405453.0088263,37.54520485236897,0.6317105363546197,37.55321583886473,True,37.5,36.5,38.6,0.95,0.05,0.0,0.7,0.03,2,1785405463.0360942,False,True,True,False,1785405427.908903,False,1,0,0,False
1784849457.3002179,20,1785405473.0150833,37.51049057755398,0.6319012741283284,37.51049057755398,True,37.5,36.5,38.6,0.95,0.05,0.0,0.7,0.03,2,1785405483.0423658,False,True,True,False,1785405427.908903,False,1,0,0,False
1784849457.3002179,20,1785405493.0213044,37.49713893339437,0.631958495460441,37.48645761806668,True,37.5,36.5,38.6,0.95,0.05,0.0,0.7,0.03,2,1785405503.0486426,False,False,True,False,1785405427.908903,False,True,1,0,False
1784849457.3002179,20,1785405513.0275466,37.52918287937743,0.6317677576867322,37.48645761806668,True,37.5,36.5,38.6,0.95,0.05,0.0,0.7,0.03,2,1785405523.0547714,False,True,True,False,1785405427.908903,False,1,0,0,False
1784849457.3002179,20,1785405533.0338187,37.47844663157092,0.6317486839093615,37.465094987411305,True,37.5,36.5,38.6,0.95,0.05,0.0,0.7,0.03,2,1785405543.0611072,False,True,True,False,1785405427.908903,False,True,1,0,False
1784849457.3002179,20,1785405553.0400693,37.45441367208362,0.6318059052414741,37.47577630273899,True,37.5,36.5,38.6,0.95,0.05,0.0,0.7,0.03,2,1785405563.0673935,False,False,True,False,1785405427.908903,False,True,1,0,False
1784849457.3002179,20,1785405573.0463371,37.45708400091554,0.6315007248035401,37.47577630273899,True,37.5,36.5,38.6,0.95,0.05,0.0,0.7,0.03,2,1785405583.0732777,False,False,True,False,1785405427.908903,False,True,1,0,False
1784849457.3002179,20,1785405593.0524826,37.44373235675593,0.6317486839093615,37.46776531624323,True,37.5,36.5,38.6,0.95,0.05,0.0,0.7,0.03,2,1785405603.0794394,False,False,True,True,1785405607.9089396,False,True,1,0,False
1784849457.3002179,20,1785405613.0587852,37.53452353704128,0.6317868314641032,37.489127946898606,True,37.5,36.5,38.6,0.95,0.05,0.0,0.7,0.03,2,1785405623.0860138,True,True,True,True,1785405607.9089396,False,1,0,0,False
1784849457.3002179,20,1785405633.0649877,37.53452353704128,0.632111085679408,37.531853208209355,True,37.5,36.5,38.6,0.95,0.05,0.0,0.7,0.03,2,1785405643.0974896,True,True,True,False,1785405607.9089396,False,1,0,0,False
1784849457.3002179,20,1785405653.0713274,37.550545510032805,0.631958495460441,37.50514991989013,True,37.5,36.5,38.6,0.95,0.05,0.0,0.7,0.03,2,1785405663.10487,True,True,True,False,1785405607.9089396,False,1,0,0,False
1784849457.3002179,20,1785405673.0777688,37.53719386587319,0.6322255283436331,37.49980926222629,True,37.5,36.5,38.6,0.95,0.05,0.0,0.7,0.03,2,1785405683.105147,True,True,True,False,1785405607.9089396,False,1,0,0,False
1784849457.3002179,20,1785405693.0846314,37.49713893339437,0.6318822003509575,37.52384222171359,True,37.5,36.5,38.6,0.95,0.05,0.0,0.7,0.03,2,1785405703.1120033,True,True,True,False,1785405607.9089396,False,True,1,0,False
1784849457.3002179,20,1785405713.0917552,37.507820248722055,0.6319012741283284,37.49713893339437,True,37.5,36.5,38.6,0.95,0.05,0.0,0.7,0.03,2,1785405723.1192832,True,True,True,False,1785405607.9089396,False,1,0,0,False
1784849457.3002179,20,1785405733.098196,37.47310597390707,0.6317105363546197,37.50247959105822,True,37.5,36.5,38.6,0.95,0.05,0.0,0.7,0.03,2,1785405743.124955,True,True,True,False,1785405607.9089396,False,True,1,0,False
1784849457.3002179,20,1785405753.1043096,37.50247959105822,0.6318440527962157,37.481116960402844,True,37.5,36.5,38.6,0.95,0.05,0.0,0.7,0.03,2,1785405763.1315727,True,True,True,False,1785405607.9089396,False,1,0,0,False
1784849457.3002179,20,1785405773.1105616,37.49980926222629,0.6317105363546197,37.50247959105822,True,37.5,36.5,38.6,0.95,0.05,0.0,0.7,0.03,2,1785405783.1379285,True,True,True,True,1785405787.9089532,False,True,1,0,False
1784849457.3002179,20,1785405793.1168575,37.507820248722055,0.6316533150225071,37.49446860456244,True,37.5,36.5,38.6,0.95,0.05,0.0,0.7,0.03,2,1785405803.1439037,True,True,True,True,1785405787.9089532,False,1,0,0,False
1784849457.3002179,20,1785405813.1230218,37.48645761806668,0.632111085679408,37.50514991989013,True,37.5,36.5,38.6,0.95,0.05,0.0,0.7,0.03,2,1785405823.1497622,True,True,True,False,1785405787.9089532,False,True,1,0,False
1784849457.3002179,20,1785405833.1290486,37.507820248722055,0.6315579461356527,37.51583123521782,True,37.5,36.5,38.6,0.95,0.05,0.0,0.7,0.03,2,1785405843.155713,True,True,True,False,1785405787.9089532,False,1,0,0,False
1784849457.3002179,20,1785405853.1350973,37.49713893339437,0.6319012741283284,37.489127946898606,True,37.5,36.5,38.6,0.95,0.05,0.0,0.7,0.03,2,1785405863.1635864,True,True,True,False,1785405787.9089532,False,True,1,0,False
1784849457.3002179,20,1785405873.1412647,37.483787289234755,0.6317486839093615,37.50514991989013,True,37.5,36.5,38.6,0.95,0.05,0.0,0.7,0.03,2,1785405883.1684866,True,True,True,False,1785405787.9089532,False,True,1,0,False
1784849457.3002179,20,1785405893.1474943,37.49713893339437,0.6318822003509575,37.50247959105822,True,37.5,36.5,38.6,0.95,0.05,0.0,0.7,0.03,2,1785405903.1747358,True,True,True,False,1785405787.9089532,False,True,1,0,False
1784849457.3002179,20,1785405913.1537454,37.49179827573053,0.6319012741283284,37.507820248722055,True,37.5,36.5,38.6,0.95,0.05,0.0,0.7,0.03,2,1785405923.180305,True,True,True,False,1785405787.9089532,False,True,1,0,False
1784849457.3002179,20,1785405933.1598768,37.52117189288167,0.6317296101319906,37.49179827573053,True,37.5,36.5,38.6,0.95,0.05,0.0,0.7,0.03,2,1785405943.1867259,True,True,True,False,1785405787.9089532,False,1,0,0,False
1784849457.3002179,20,1785405953.1660287,37.53452353704128,0.6316914625772487,37.52918287937743,True,37.5,36.5,38.6,0.95,0.05,0.0,0.7,0.03,2,1785405963.1928675,True,True,True,True,1785405967.9089718,False,1,0,0,False
1784849457.3002179,20,1785405973.1721294,37.531853208209355,0.631958495460441,37.50247959105822,True,37.5,36.5,38.6,0.95,0.05,0.0,0.7,0.03,2,1785405983.1993048,True,True,True,True,1785405967.9089718,False,1,0,0,False
1784849457.3002179,20,1785405993.1781943,37.49179827573053,0.631958495460441,37.50514991989013,True,37.5,36.5,38.6,0.95,0.05,0.0,0.7,0.03,2,1785406003.2052298,True,True,True,False,1785405967.9089718,False,True,1,0,False
1784849457.3002179,20,1785406013.1841428,37.48645761806668,0.6317296101319906,37.489127946898606,True,37.5,36.5,38.6,0.95,0.05,0.0,0.7,0.03,2,1785406023.2107008,True,True,True,False,1785405967.9089718,False,True,1,0,False
1784849457.3002179,20,1785406033.1901875,37.49179827573053,0.6318249790188449,37.49446860456244,True,37.5,36.5,38.6,0.95,0.05,0.0,0.7,0.03,2,1785406043.2173955,True,True,True,False,1785405967.9089718,False,True,1,0,False
1784849457.3002179,20,1785406053.1961787,37.481116960402844,0.6317296101319906,37.50514991989013,True,37.5,36.5,38.6,0.95,0.05,0.0,0.7,0.03,2,1785406063.2234998,True,True,True,False,1785405967.9089718,False,True,1,0,False
1784849457.3002179,20,1785406073.202346,37.49980926222629,0.6317868314641032,37.50514991989013,True,37.5,36.5,38.6,0.95,0.05,0.0,0.7,0.03,2,1785406083.2295928,True,True,True,False,1785405967.9089718,False,True,1,0,False
1784849457.3002179,20,1785406093.2084022,37.52384222171359,0.6319775692378119,37.47577630273899,True,37.5,36.5,38.6,0.95,0.05,0.0,0.7,0.03,2,1785406103.2356942,True,True,True,False,1785405967.9089718,False,1,0,0,False
1784849457.3002179,20,1785406113.214727,37.52918287937743,0.6319203479056992,37.50247959105822,True,37.5,36.5,38.6,0.95,0.05,0.0,0.7,0.03,2,1785406123.241952,True,True,True,False,1785405967.9089718,False,1,0,0,False
1784849457.3002179,20,1785406133.2221682,37.53719386587319,0.6316914625772487,37.50247959105822,True,37.5,36.5,38.6,0.95,0.05,0.0,0.7,0.03,2,1785406143.249472,True,True,True,True,1785406147.9090085,False,1,0,0,False
1784849457.3002179,20,1785406153.2287939,37.507820248722055,0.6316914625772487,37.50247959105822,True,37.5,36.5,38.6,0.95,0.05,0.0,0.7,0.03,2,1785406163.255486,True,True,True,True,1785406147.9090085,False,1,0,0,False
1784849457.3002179,20,1785406173.2347584,37.489127946898606,0.631672388799878,37.513160906385906,True,37.5,36.5,38.6,0.95,0.05,0.0,0.7,0.03,2,1785406183.2615645,True,True,True,False,1785406147.9090085,False,True,1,0,False
1784849457.3002179,20,1785406193.2407653,37.481116960402844,0.6318440527962157,37.47844663157092,True,37.5,36.5,38.6,0.95,0.05,0.0,0.7,0.03,2,1785406203.2682042,True,True,True,False,1785406147.9090085,False,True,1,0,False
1784849457.3002179,20,1785406213.246908,37.45975432974747,0.6317677576867322,37.489127946898606,True,37.5,36.5,38.6,0.95,0.05,0.0,0.7,0.03,2,1785406223.2743137,True,True,True,False,1785406147.9090085,False,True,1,0,False
1784849457.3002179,20,1785406233.2535725,37.44373235675593,0.6316151674677652,37.47844663157092,True,37.5,36.5,38.6,0.95,0.05,0.0,0.7,0.03,2,1785406243.2815146,True,True,True,False,1785406147.9090085,False,True,1,0,False
1784849457.3002179,20,1785406253.2606876,37.43305104142824,0.6315960936903945,37.489127946898606,True,37.5,36.5,38.6,0.95,0.05,0.0,0.7,0.03,2,1785406263.2885833,True,True,True,False,1785406147.9090085,False,True,1,0,False
1784849457.3002179,20,1785406273.2676854,37.47310597390707,0.6318249790188449,37.49446860456244,True,37.5,36.5,38.6,0.95,0.05,0.0,0.7,0.03,2,1785406283.2957044,True,True,True,False,1785406147.9090085,False,True,1,0,False
1784849457.3002179,20,1785406293.2747338,37.48645761806668,0.6316151674677652,37.513160906385906,True,37.5,36.5,38.6,0.95,0.05,0.0,0.7,0.03,2,1785406303.3020399,True,True,True,False,1785406147.9090085,False,True,1,0,False
1784849457.3002179,20,1785406313.2814677,37.507820248722055,0.631958495460441,37.53986419470512,True,37.5,36.5,38.6,0.95,0.05,0.0,0.7,0.03,2,1785406323.3097377,True,True,True,True,1785406327.909016,False,1,0,0,False
1784849457.3002179,20,1785406333.289344,37.526512550545505,0.631672388799878,37.53452353704128,True,37.5,36.5,38.6,0.95,0.05,0.0,0.7,0.03,2,1785406343.317452,True,True,True,True,1785406327.909016,False,1,0,0,False
1784849457.3002179,20,1785406353.2965946,37.52384222171359,0.6318440527962157,37.50247959105822,True,37.5,36.5,38.6,0.95,0.05,0.0,0.7,0.03,2,1785406363.3247485,True,True,True,False,1785406327.909016,False,1,0,0,False
1784849457.3002179,20,1785406373.3036745,37.51583123521782,0.631958495460441,37.513160906385906,True,37.5,36.5,38.6,0.95,0.05,0.0,0.7,0.03,2,1785406383.3309548,True,True,True,False,1785406327.909016,False,1,0,0,False
1784849457.3002179,20,1785406393.3102617,37.48645761806668,0.6318249790188449,37.49980926222629,True,37.5,36.5,38.6,0.95,0.05,0.0,0.7,0.03,2,1785406403.337614,True,True,True,False,1785406327.909016,False,True,1,0,False
1784849457.3002179,20,1785406413.3164039,37.45975432974747,0.6319394216830702,37.51583123521782,True,37.5,36.5,38.6,0.95,0.05,0.0,0.7,0.03,2,1785406423.3436642,True,True,True,False,1785406327.909016,False,True,1,0,False
1784849457.3002179,20,1785406433.3225849,37.481116960402844,0.6319012741283284,37.46242465857938,True,37.5,36.5,38.6,0.95,0.05,0.0,0.7,0.03,2,1785406443.3496327,True,True,True,False,1785406327.909016,False,True,1,0,False
1784849457.3002179,20,1785406453.3289087,37.45975432974747,0.6316342412451362,37.47310597390707,True,37.5,36.5,38.6,0.95,0.05,0.0,0.7,0.03,2,1785406463.3568103,True,True,True,False,1785406327.909016,False,True,1,0,False
1784849457.3002179,20,1785406473.3359447,37.47310597390707,0.631672388799878,37.489127946898606,True,37.5,36.5,38.6,0.95,0.05,0.0,0.7,0.03,2,1785406483.364046,True,True,True,False,1785406327.909016,False,True,1,0,False
1784849457.3002179,20,1785406493.3433952,29.950789654383158,0.6218684672312504,31.926832990005337,True,37.5,36.5,38.6,0.95,0.05,0.0,0.7,0.03,2,1785406560.2149518,False,True,True,True,1785406560.2151814,False,True,1,1,False
1784849457.3002179,20,1785406570.1903558,30.965514610513466,0.6229938200961318,32.7279316395819,True,37.5,36.5,38.6,0.95,0.05,0.0,0.7,0.03,2,1785406580.2174277,True,True,True,True,1785406560.2151814,False,True,1,1,False
1784849457.3002179,20,1785406590.1964667,32.308690012970175,0.6249393453879607,33.49698634317541,True,37.5,36.5,38.6,0.95,0.05,0.0,0.7,0.03,2,1785406600.2236218,True,True,True,False,1785406560.2151814,False,True,1,1,False
1784849457.3002179,20,1785406610.2025542,33.27267872129397,0.6260837720302129,34.01503013656824,True,37.5,36.5,38.6,0.95,0.05,0.0,0.7,0.03,2,1785406620.229543,True,True,True,False,1785406560.2151814,False,True,1,1,False
1784849457.3002179,20,1785406630.2087646,34.01235980773633,0.6266941329060808,34.41557946135653,True,37.5,36.5,38.6,0.95,0.05,0.0,0.7,0.03,2,1785406640.2360458,True,True,True,False,1785406560.2151814,False,True,1,1,False
1784849457.3002179,20,1785406650.2150218,34.54375524528878,0.6275906004425116,34.68528267338064,True,37.5,36.5,38.6,0.95,0.05,0.0,0.7,0.03,2,1785406660.241661,True,False,True,False,1785406560.2151814,False,True,1,1,False
1784849457.3002179,20,1785406670.2211642,34.880216678110926,0.6282963302052339,34.8882276646067,True,37.5,36.5,38.6,0.95,0.05,0.0,0.7,0.03,2,1785406680.2507923,True,True,True,False,1785406560.2151814,False,True,1,1,False
1784849457.3002179,20,1785406690.227431,35.17929350728619,0.6285442893110552,35.091172655832764,True,37.5,36.5,38.6,0.95,0.05,0.0,0.7,0.03,2,1785406700.2554786,True,False,True,False,1785406560.2151814,False,True,1,1,False
1784849457.3002179,20,1785406710.233741,35.403601129167626,0.62930724040589,35.251392385748076,True,37.5,36.5,38.6,0.95,0.05,0.0,0.7,0.03,2,1785406720.2607825,True,False,True,False,1785406560.2151814,False,True,1,1,False
1784849457.3002179,20,1785406730.2399182,35.550469214923325,0.6290402075226977,35.34752422369726,True,37.5,36.5,38.6,0.95,0.05,0.0,0.7,0.03,2,1785406740.267489,True,False,True,True,1785406740.2152135,False,True,1,1,False
1784849457.3002179,20,1785406750.2461572,35.69199664301519,0.6294216830701151,35.45700770580606,True,37.5,36.5,38.6,0.95,0.05,0.0,0.7,0.03,2,1785406760.273513,True,True,True,False,1785406740.2152135,False,True,1,1,False
1784849457.3002179,20,1785406770.2529685,35.79346913862821,0.6293453879606317,35.53711757076371,True,37.5,36.5,38.6,0.95,0.05,0.0,0.7,0.03,2,1785406780.2818701,True,True,True,False,1785406740.2152135,False,True,1,1,False
1784849457.3002179,20,1785406790.2610097,35.876249332417785,0.6296505683985656,35.62790875104906,True,37.5,36.5,38.6,0.95,0.05,0.0,0.7,0.03,2,1785406800.290575,True,True,True,False,1785406740.2152135,False,True,1,1,False
1784849457.3002179,20,1785406810.2697215,35.96437018387121,0.6297840848401617,35.697337300679024,True,37.5,36.5,38.6,0.95,0.05,0.0,0.7,0.03,2,1785406820.298591,True,True,True,False,1785406740.2152135,False,True,1,1,False
1784849457.3002179,20,1785406830.2777348,36.03646906233311,0.6299176012817579,35.77744716563669,True,37.5,36.5,38.6,0.95,0.05,0.0,0.7,0.03,2,1785406840.3068109,True,True,True,False,1785406740.2152135,False,True,1,1,False
1784849457.3002179,20,1785406850.285357,36.113908598458835,0.6299748226138705,35.82284275577935,True,37.5,36.5,38.6,0.95,0.05,0.0,0.7,0.03,2,1785406860.3142743,True,True,True,False,1785406740.2152135,False,True,1,1,False
1784849457.3002179,20,1785406870.29338,36.14061188677806,0.6299366750591286,35.838864728770886,True,37.5,36.5,38.6,0.95,0.05,0.0,0.7,0.03,2,1785406880.3228252,True,True,True,False,1785406740.2152135,False,True,1,1,False
1784849457.3002179,20,1785406890.301049,36.21004043640802,0.6301846341649501,35.918974593728535,True,37.5,36.5,38.6,0.95,0.05,0.0,0.7,0.03,2,1785406900.3298368,True,True,True,False,1785406740.2152135,False,True,1,1,False
1784849457.3002179,20,1785406910.3089511,36.2314030670634,0.6301464866102083,35.961699855039285,True,37.5,36.5,38.6,0.95,0.05,0.0,0.7,0.03,2,1785406920.3379567,True,True,True,True,1785406920.2152216,False,True,1,1,False
1784849457.3002179,20,1785406930.3171487,36.28213931486992,0.6301274128328375,35.98840314335851,True,37.5,36.5,38.6,0.95,0.05,0.0,0.7,0.03,2,1785406940.34537,True,True,True,False,1785406920.2152216,False,True,1,1,False
1784849457.3002179,20,1785406950.324449,36.29549095902952,0.6301274128328375,35.985732814526585,True,37.5,36.5,38.6,0.95,0.05,0.0,0.7,0.03,2,1785406960.351761,True,True,True,False,1785406920.2152216,False,True,1,1,False
1784849457.3002179,20,1785406970.331552,36.3649195086595,0.6301083390554666,36.04448004882887,True,37.5,36.5,38.6,0.95,0.05,0.0,0.7,0.03,2,1785406980.3597074,True,True,True,False,1785406920.2152216,False,True,1,1,False
1784849457.3002179,20,1785406990.33946,36.394293125810634,0.6304135194934005,36.05516136415656,True,37.5,36.5,38.6,0.95,0.05,0.0,0.7,0.03,2,1785407000.3684857,True,True,True,False,1785406920.2152216,False,True,1,1,False
1784849457.3002179,20,1785407010.3478205,36.42366674296177,0.6305851834897384,36.10322728313115,True,37.5,36.5,38.6,0.95,0.05,0.0,0.7,0.03,2,1785407020.3770964,True,False,True,False,1785406920.2152216,False,True,1,1,False
1784849457.3002179,20,1785407030.3556726,36.442359044785235,0.630470740825513,36.113908598458835,True,37.5,36.5,38.6,0.95,0.05,0.0,0.7,0.03,2,1785407040.3844984,True,True,True,False,1785406920.2152216,False,True,1,1,False
1784849457.3002179,20,1785407050.3637128,36.45571068894483,0.6305279621576257,36.15930418860151,True,37.5,36.5,38.6,0.95,0.05,0.0,0.7,0.03,2,1785407060.3931124,True,True,True,False,1785406920.2152216,False,True,1,1,False
1784849457.3002179,20,1785407070.3721006,36.47707331960021,0.6308140688181888,36.186007476920736,True,37.5,36.5,38.6,0.95,0.05,0.0,0.7,0.03,2,1785407080.4012039,True,True,True,False,1785406920.2152216,False,True,1,1,False
1784849457.3002179,20,1785407090.380284,36.51445792324712,0.6305851834897384,36.2180514229038,True,37.5,36.5,38.6,0.95,0.05,0.0,0.7,0.03,2,1785407100.4092917,True,True,True,True,1785407100.2152545,False,True,1,0,False
1784849457.3002179,20,1785407110.3887722,36.530479896238646,0.630470740825513,36.23407339589532,True,37.5,36.5,38.6,0.95,0.05,0.0,0.7,0.03,2,1785407120.4184864,True,True,True,False,1785407100.2152545,False,True,1,0,False
1784849457.3002179,20,1785407130.3979142,36.53849088273442,0.6302990768291753,36.23941405355917,True,37.5,36.5,38.6,0.95,0.05,0.0,0.7,0.03,2,1785407140.4279008,True,True,True,False,1785407100.2152545,False,True,1,0,False
1784849457.3002179,20,1785407150.4072945,36.56252384222171,0.630642404821851,36.25276569771877,True,37.5,36.5,38.6,0.95,0.05,0.0,0.7,0.03,2,1785407160.4361637,True,True,True,False,1785407100.2152545,False,True,1,0,False
1784849457.3002179,20,1785407170.415711,36.59990844586862,0.6305851834897384,36.25810635538262,True,37.5,36.5,38.6,0.95,0.05,0.0,0.7,0.03,2,1785407180.444244,True,True,True,False,1785407100.2152545,False,True,1,0,False
1784849457.3002179,20,1785407190.4230611,36.62394140535592,0.630337224383917,36.29549095902952,True,37.5,36.5,38.6,0.95,0.05,0.0,0.7,0.03,2,1785407200.4502208,True,False,True,False,1785407100.2152545,False,True,1,0,False
1784849457.3002179,20,1785407210.429303,36.62661173418783,0.630775921263447,36.25810635538262,True,37.5,36.5,38.6,0.95,0.05,0.0,0.7,0.03,2,1785407220.4563394,True,True,True,False,1785407100.2152545,False,True,1,0,False
1784849457.3002179,20,1785407230.436771,36.655985351338984,0.6305661097123675,36.30083161669337,True,37.5,36.5,38.6,0.95,0.05,0.0,0.7,0.03,2,1785407240.4668252,True,True,True,False,1785407100.2152545,False,True,1,0,False
1784849457.3002179,20,1785407250.4451034,36.658655680170895,0.630470740825513,36.33554589150836,True,37.5,36.5,38.6,0.95,0.05,0.0,0.7,0.03,2,1785407260.4720933,True,False,True,False,1785407100.2152545,False,True,1,0,False
1784849457.3002179,20,1785407270.4515753,36.69604028381781,0.6306042572671092,36.37293049515526,True,37.5,36.5,38.6,0.95,0.05,0.0,0.7,0.03,2,1785407280.4788458,True,True,True,True,1785407280.2152576,False,True,1,0,False
1784849457.3002179,20,1785407290.4577808,36.71740291447318,0.6305851834897384,36.37827115281911,True,37.5,36.5,38.6,0.95,0.05,0.0,0.7,0.03,2,1785407300.4851205,True,False,True,False,1785407280.2152576,False,True,1,0,False
1784849457.3002179,20,1785407310.4641008,36.69604028381781,0.6305470359349965,36.3889524681468,True,37.5,36.5,38.6,0.95,0.05,0.0,0.7,0.03,2,1785407320.4918225,True,True,True,False,1785407280.2152576,False,True,1,0,False
1784849457.3002179,20,1785407330.4703803,36.72007324330511,0.6305470359349965,36.37293049515526,True,37.5,36.5,38.6,0.95,0.05,0.0,0.7,0.03,2,1785407340.4973786,True,True,True,False,1785407280.2152576,False,True,1,0,False
1784849457.3002179,20,1785407350.4764822,36.72808422980087,0.6308522163729304,36.40764476997025,True,37.5,36.5,38.6,0.95,0.05,0.0,0.7,0.03,2,1785407360.5038016,True,False,True,False,1785407280.2152576,False,True,1,0,False
1784849457.3002179,20,1785407370.4827435,36.76012817578393,0.630775921263447,36.418326085297934,True,37.5,36.5,38.6,0.95,0.05,0.0,0.7,0.03,2,1785407380.509988,True,True,True,False,1785407280.2152576,False,True,1,0,False
1784849457.3002179,20,1785407390.4888835,36.78416113527123,0.630489814602884,36.450370031281,True,37.5,36.5,38.6,0.95,0.05,0.0,0.7,0.03,2,1785407400.5161486,True,False,True,False,1785407280.2152576,False,True,1,0,False
1784849457.3002179,20,1785407410.4950867,36.80819409475852,0.6306042572671092,36.461051346608684,True,37.5,36.5,38.6,0.95,0.05,0.0,0.7,0.03,2,1785407420.522924,True,True,True,False,1785407280.2152576,False,True,1,0,False
1784849457.3002179,20,1785407430.5012558,36.82154573891813,0.6303944457160295,36.461051346608684,True,37.5,36.5,38.6,0.95,0.05,0.0,0.7,0.03,2,1785407440.5285454,True,True,True,False,1785407280.2152576,False,True,1,0,False
1784849457.3002179,20,1785407450.5074174,36.834897383077745,0.6309094377050432,36.49042496375982,True,37.5,36.5,38.6,0.95,0.05,0.0,0.7,0.03,2,1785407460.5341935,True,False,True,True,1785407460.215259,False,True,1,0,False
1784849457.3002179,20,1785407470.5136452,36.86160067139696,0.6310048065918974,36.50110627908751,True,37.5,36.5,38.6,0.95,0.05,0.0,0.7,0.03,2,1785407480.5415604,True,False,True,False,1785407460.215259,False,True,1,0,False
1784849457.3002179,20,1785407490.519981,36.85626001373312,0.6305661097123675,36.50110627908751,True,37.5,36.5,38.6,0.95,0.05,0.0,0.7,0.03,2,1785407500.5467477,True,True,True,False,1785407460.215259,False,True,1,0,False
1784849457.3002179,20,1785407510.5261054,36.872281986724644,0.63062333104448,36.50644693675136,True,37.5,36.5,38.6,0.95,0.05,0.0,0.7,0.03,2,1785407520.5533102,True,False,True,False,1785407460.215259,False,True,1,0,False
1784849457.3002179,20,1785407530.532271,36.91233691920348,0.6309094377050432,36.53315022507057,True,37.5,36.5,38.6,0.95,0.05,0.0,0.7,0.03,2,1785407540.5595036,True,True,True,False,1785407460.215259,False,True,1,0,False
1784849457.3002179,20,1785407550.538501,36.93636987869077,0.6312146181429771,36.54116121156633,True,37.5,36.5,38.6,0.95,0.05,0.0,0.7,0.03,2,1785407560.565688,True,True,True,False,1785407460.215259,False,True,1,0,False
1784849457.3002179,20,1785407570.544644,36.93636987869077,0.6308331425955597,36.5358205539025,True,37.5,36.5,38.6,0.95,0.05,0.0,0.7,0.03,2,1785407580.5723336,True,True,True,False,1785407460.215259,False,True,1,0,False
1784849457.3002179,20,1785407590.5507925,36.97108415350576,0.6306042572671092,36.55184252689402,True,37.5,36.5,38.6,0.95,0.05,0.0,0.7,0.03,2,1785407600.5780702,True,True,True,False,1785407460.215259,False,True,1,0,False
1784849457.3002179,20,1785407610.5569937,36.93636987869077,0.6306805523765927,36.55184252689402,True,37.5,36.5,38.6,0.95,0.05,0.0,0.7,0.03,2,1785407620.584232,True,False,True,False,1785407460.215259,False,True,1,0,False
1784849457.3002179,20,1785407630.5631957,36.97642481116961,0.6308331425955597,36.578545815213246,True,37.5,36.5,38.6,0.95,0.05,0.0,0.7,0.03,2,1785407640.5904841,True,True,True,True,1785407640.2152848,False,True,1,0,False
1784849457.3002179,20,1785407650.5693986,36.98443579766537,0.6310620279240101,36.60257877470055,True,37.5,36.5,38.6,0.95,0.05,0.0,0.7,0.03,2,1785407660.596681,True,True,True,False,1785407640.2152848,False,True,1,0,False
1784849457.3002179,20,1785407670.5756578,36.957732509346144,0.6310048065918974,36.60257877470055,True,37.5,36.5,38.6,0.95,0.05,0.0,0.7,0.03,2,1785407680.6032197,True,True,True,False,1785407640.2152848,False,True,1,0,False
1784849457.3002179,20,1785407690.5818412,37.011139085984595,0.6312146181429771,36.59189745937286,True,37.5,36.5,38.6,0.95,0.05,0.0,0.7,0.03,2,1785407700.6092598,True,True,True,False,1785407640.2152848,False,True,1,0,False
1784849457.3002179,20,1785407710.5881224,37.04318303196766,0.6309475852597849,36.613260090028234,True,37.5,36.5,38.6,0.95,0.05,0.0,0.7,0.03,2,1785407720.616719,True,True,True,False,1785407640.2152848,False,True,1,0,False
1784849457.3002179,20,1785407730.5954125,37.05119401846342,0.6311573968108644,36.6453040360113,True,37.5,36.5,38.6,0.95,0.05,0.0,0.7,0.03,2,1785407740.6245298,True,True,True,False,1785407640.2152848,False,True,1,0,False
1784849457.3002179,20,1785407750.6045458,37.10727092393378,0.6310620279240101,36.64797436484321,True,37.5,36.5,38.6,0.95,0.05,0.0,0.7,0.03,2,1785407760.6354735,True,True,True,False,1785407640.2152848,False,True,1,0,False
1784849457.3002179,20,1785407770.6146867,37.11261158159762,0.6307949950408179,36.63729304951552,True,37.5,36.5,38.6,0.95,0.05,0.0,0.7,0.03,2,1785407780.6439779,True,False,True,False,1785407640.2152848,False,True,1,0,False
1784849457.3002179,20,1785407790.6232696,37.13130388342107,0.6316151674677652,36.66933699549858,True,37.5,36.5,38.6,0.95,0.05,0.0,0.7,0.03,2,1785407800.6527193,True,True,True,False,1785407640.2152848,False,True,1,0,False
1784849457.3002179,20,1785407810.631459,37.10727092393378,0.6311573968108644,36.69069962615396,True,37.5,36.5,38.6,0.95,0.05,0.0,0.7,0.03,2,1785407820.661878,True,True,True,True,1785407820.2153108,False,True,1,0,False
1784849457.3002179,20,1785407830.6398327,37.13130388342107,0.6312146181429771,36.706721599145496,True,37.5,36.5,38.6,0.95,0.05,0.0,0.7,0.03,2,1785407840.6686633,True,False,True,False,1785407820.2153108,False,True,1,0,False
1784849457.3002179,20,1785407850.6479886,37.11261158159762,0.6307949950408179,36.698710612649734,True,37.5,36.5,38.6,0.95,0.05,0.0,0.7,0.03,2,1785407860.6785433,True,True,True,False,1785407820.2153108,False,True,1,0,False
1784849457.3002179,20,1785407870.6553564,37.12329289692531,0.6311192492561227,36.69336995498588,True,37.5,36.5,38.6,0.95,0.05,0.0,0.7,0.03,2,1785407880.6823454,True,True,True,False,1785407820.2153108,False,True,1,0,False
1784849457.3002179,20,1785407890.6615322,37.15533684290837,0.6310429541466392,36.70405127031357,True,37.5,36.5,38.6,0.95,0.05,0.0,0.7,0.03,2,1785407900.688752,True,True,True,False,1785407820.2153108,False,True,1,0,False
1784849457.3002179,20,1785407910.6687973,37.15533684290837,0.6311383230334936,36.730754558632796,True,37.5,36.5,38.6,0.95,0.05,0.0,0.7,0.03,2,1785407920.7010496,True,True,True,False,1785407820.2153108,False,True,1,0,False
1784849457.3002179,20,1785407930.677262,37.12596322575723,0.6309094377050432,36.71473258564126,True,37.5,36.5,38.6,0.95,0.05,0.0,0.7,0.03,2,1785407940.7056284,True,True,True,False,1785407820.2153108,False,True,1,0,False
1784849457.3002179,20,1785407950.6859639,37.20340276188297,0.6311192492561227,36.749446860456246,True,37.5,36.5,38.6,0.95,0.05,0.0,0.7,0.03,2,1785407960.715055,True,True,True,False,1785407820.2153108,False,True,1,0,False
1784849457.3002179,20,1785407970.6942766,37.21408407721066,0.6310238803692684,36.77080949111162,True,37.5,36.5,38.6,0.95,0.05,0.0,0.7,0.03,2,1785407980.7225614,True,True,True,False,1785407820.2153108,False,True,1,0,False
1784849457.3002179,20,1785407990.7026722,37.20607309071488,0.6308712901503014,36.75478751812008,True,37.5,36.5,38.6,0.95,0.05,0.0,0.7,0.03,2,1785408000.7317045,True,True,True,True,1785408000.2153172,False,True,1,0,False
1784849457.3002179,20,1785408010.7109706,37.208743419546806,0.6311383230334936,36.76546883344777,True,37.5,36.5,38.6,0.95,0.05,0.0,0.7,0.03,2,1785408020.7402575,True,True,True,False,1785408000.2153172,False,True,1,0,False
1784849457.3002179,20,1785408030.719556,37.200732433051044,0.6309857328145266,36.78149080643931,True,37.5,36.5,38.6,0.95,0.05,0.0,0.7,0.03,2,1785408040.748753,True,True,True,False,1785408000.2153172,False,True,1,0,False
1784849457.3002179,20,1785408050.728085,37.224765392538345,0.6313862821393148,36.816205081254296,True,37.5,36.5,38.6,0.95,0.05,0.0,0.7,0.03,2,1785408060.756349,True,False,True,False,1785408000.2153172,False,True,1,0,False
1784849457.3002179,20,1785408070.7364776,37.24078736552987,0.6311955443656062,36.810864423590445,True,37.5,36.5,38.6,0.95,0.05,0.0,0.7,0.03,2,1785408080.7645447,True,True,True,False,1785408000.2153172,False,True,1,0,False
1784849457.3002179,20,1785408090.7438843,37.24078736552987,0.6312718394750897,36.82154573891813,True,37.5,36.5,38.6,0.95,0.05,0.0,0.7,0.03,2,1785408100.7711713,True,True,True,False,1785408000.2153172,False,True,1,0,False
1784849457.3002179,20,1785408110.751071,37.262149996185244,0.6311764705882353,36.82688639658198,True,37.5,36.5,38.6,0.95,0.05,0.0,0.7,0.03,2,1785408120.7794335,True,True,True,False,1785408000.2153172,False,True,1,0,False
1784849457.3002179,20,1785408130.7592478,37.28084229800869,0.6312336919203478,36.82688639658198,True,37.5,36.5,38.6,0.95,0.05,0.0,0.7,0.03,2,1785408140.7888331,True,True,True,False,1785408000.2153172,False,True,1,0,False
1784849457.3002179,20,1785408150.7680495,37.294193942168306,0.6311383230334936,36.84557869840543,True,37.5,36.5,38.6,0.95,0.05,0.0,0.7,0.03,2,1785408160.7976208,True,True,True,False,1785408000.2153172,False,True,1,0,False
1784849457.3002179,20,1785408170.7760656,37.294193942168306,0.6314816510261693,36.86160067139696,True,37.5,36.5,38.6,0.95,0.05,0.0,0.7,0.03,2,1785408180.8034534,True,True,True,True,1785408180.2153187,False,True,1,0,False
1784849457.3002179,20,1785408190.7823777,37.30754558632792,0.6313862821393148,36.88296330205233,True,37.5,36.5,38.6,0.95,0.05,0.0,0.7,0.03,2,1785408200.8095727,True,False,True,False,1785408180.2153187,False,True,1,0,False
1784849457.3002179,20,1785408210.788485,37.32089723048753,0.6312146181429771,36.89364461738002,True,37.5,36.5,38.6,0.95,0.05,0.0,0.7,0.03,2,1785408220.8157313,True,True,True,False,1785408180.2153187,False,True,1,0,False
1784849457.3002179,20,1785408230.7947154,37.360952162966356,0.6313099870298313,36.89898527504387,True,37.5,36.5,38.6,0.95,0.05,0.0,0.7,0.03,2,1785408240.8214612,True,False,True,False,1785408180.2153187,False,True,1,0,False
1784849457.3002179,20,1785408250.800824,37.34225986114291,0.6312336919203478,36.901655603875795,True,37.5,36.5,38.6,0.95,0.05,0.0,0.7,0.03,2,1785408260.8276668,True,True,True,False,1785408180.2153187,False,True,1,0,False
1784849457.3002179,20,1785408270.8070285,37.379644464789806,0.6312146181429771,36.93369954985886,True,37.5,36.5,38.6,0.95,0.05,0.0,0.7,0.03,2,1785408280.8346117,True,False,True,False,1785408180.2153187,False,True,1,0,False
1784849457.3002179,20,1785408290.8143725,37.39032578011749,0.6311764705882353,36.91767757686732,True,37.5,36.5,38.6,0.95,0.05,0.0,0.7,0.03,2,1785408300.84268,True,True,True,False,1785408180.2153187,False,True,1,0,False
1784849457.3002179,20,1785408310.8230903,37.39032578011749,0.6313481345845732,36.939040207522694,True,37.5,36.5,38.6,0.95,0.05,0.0,0.7,0.03,2,1785408320.853122,True,True,True,False,1785408180.2153187,False,True,1,0,False
1784849457.3002179,20,1785408330.8314462,37.41969939726863,0.6312146181429771,36.944380865186545,True,37.5,36.5,38.6,0.95,0.05,0.0,0.7,0.03,2,1785408340.8611207,True,True,True,False,1785408180.2153187,False,True,1,0,False
1784849457.3002179,20,1785408350.840402,37.422369726100555,0.6312527656977188,36.963073167009995,True,37.5,36.5,38.6,0.95,0.05,0.0,0.7,0.03,2,1785408360.8704097,True,True,True,True,1785408360.2153351,False,True,1,0,False
1784849457.3002179,20,1785408370.8495092,37.44373235675593,0.6313290608072023,36.97909514000152,True,37.5,36.5,38.6,0.95,0.05,0.0,0.7,0.03,2,1785408380.878711,True,True,True,False,1785408360.2153351,False,True,1,0,False
1784849457.3002179,20,1785408390.858447,37.46242465857938,0.6312527656977188,36.97375448233768,True,37.5,36.5,38.6,0.95,0.05,0.0,0.7,0.03,2,1785408400.887481,True,True,True,False,1785408360.2153351,False,True,1,0,False
1784849457.3002179,20,1785408410.866711,37.470435645075156,0.6314053559166858,37.01647974364843,True,37.5,36.5,38.6,0.95,0.05,0.0,0.7,0.03,2,1785408420.8961248,True,True,True,False,1785408360.2153351,False,True,1,0,False
1784849457.3002179,20,1785408430.8758922,37.489127946898606,0.6314244296940567,37.02716105897612,True,37.5,36.5,38.6,0.95,0.05,0.0,0.7,0.03,2,1785408440.907738,True,True,True,False,1785408360.2153351,False,True,1,0,False
1784849457.3002179,20,1785408450.8842583,37.470435645075156,0.6312527656977188,37.024490730144194,True,37.5,36.5,38.6,0.95,0.05,0.0,0.7,0.03,2,1785408460.917013,True,True,True,False,1785408360.2153351,False,True,1,0,False
1784849457.3002179,20,1785408470.893137,37.507820248722055,0.6314053559166858,37.03517204547188,True,37.5,36.5,38.6,0.95,0.05,0.0,0.7,0.03,2,1785408480.9217618,True,False,True,False,1785408360.2153351,False,1,0,0,False
1784849457.3002179,20,1785408490.9005954,37.48645761806668,0.6314435034714275,37.04051270313573,True,37.5,36.5,38.6,0.95,0.05,0.0,0.7,0.03,2,1785408500.9278746,True,True,True,False,1785408360.2153351,False,True,1,0,False
1784849457.3002179,20,1785408510.908338,37.513160906385906,0.6311001754787519,37.04585336079957,True,37.5,36.5,38.6,0.95,0.05,0.0,0.7,0.03,2,1785408520.9382324,True,True,True,False,1785408360.2153351,False,1,0,0,False
1784849457.3002179,20,1785408530.9162982,37.51049057755398,0.6310620279240101,37.06187533379111,True,37.5,36.5,38.6,0.95,0.05,0.0,0.7,0.03,2,1785408540.9441283,True,True,True,True,1785408540.2153609,False,1,0,0,False
1784849457.3002179,20,1785408550.9224625,37.49713893339437,0.6312336919203478,37.048523689631494,True,37.5,36.5,38.6,0.95,0.05,0.0,0.7,0.03,2,1785408560.9493463,True,True,True,False,1785408540.2153609,False,True,1,0,False
1784849457.3002179,20,1785408570.9285986,37.48645761806668,0.6312718394750897,37.00045777065691,True,37.5,36.5,38.6,0.95,0.05,0.0,0.7,0.03,2,1785408580.9558601,True,True,True,False,1785408540.2153609,False,True,1,0,False
1784849457.3002179,20,1785408590.9348223,37.47310597390707,0.6313290608072023,37.02182040131228,True,37.5,36.5,38.6,0.95,0.05,0.0,0.7,0.03,2,1785408600.962029,True,True,True,False,1785408540.2153609,False,True,1,0,False
1784849457.3002179,20,1785408610.940944,37.470435645075156,0.6311001754787519,36.989776455329206,True,37.5,36.5,38.6,0.95,0.05,0.0,0.7,0.03,2,1785408620.9680905,True,True,True,False,1785408540.2153609,False,True,1,0,False
1784849457.3002179,20,1785408630.9473674,37.47844663157092,0.6314625772487983,37.01647974364843,True,37.5,36.5,38.6,0.95,0.05,0.0,0.7,0.03,2,1785408640.974785,True,True,True,False,1785408540.2153609,False,True,1,0,False
1784849457.3002179,20,1785408650.9546628,37.48645761806668,0.6314816510261693,37.04585336079957,True,37.5,36.5,38.6,0.95,0.05,0.0,0.7,0.03,2,1785408660.9837768,True,True,True,False,1785408540.2153609,False,True,1,0,False
1784849457.3002179,20,1785408670.9634771,37.49179827573053,0.6311955443656062,37.05653467612726,True,37.5,36.5,38.6,0.95,0.05,0.0,0.7,0.03,2,1785408680.9927342,True,True,True,False,1785408540.2153609,False,True,1,0,False
1784849457.3002179,20,1785408690.972071,37.49713893339437,0.6314435034714275,37.067215991454944,True,37.5,36.5,38.6,0.95,0.05,0.0,0.7,0.03,2,1785408701.0018554,True,True,True,False,1785408540.2153609,False,True,1,0,False
1784849457.3002179,20,1785408710.9808054,37.50247959105822,0.6315770199130236,37.08323796444648,True,37.5,36.5,38.6,0.95,0.05,0.0,0.7,0.03,2,1785408721.009091,True,True,True,True,1785408720.2153833,False,1,0,0,False
1784849457.3002179,20,1785408730.9891355,37.526512550545505,0.6313290608072023,37.072556649118795,True,37.5,36.5,38.6,0.95,0.05,0.0,0.7,0.03,2,1785408741.0168896,True,True,True,False,1785408720.2153833,False,1,0,0,False
1784849457.3002179,20,1785408750.996466,37.513160906385906,0.6311764705882353,37.08056763561456,True,37.5,36.5,38.6,0.95,0.05,0.0,0.7,0.03,2,1785408761.023183,True,True,True,False,1785408720.2153833,False,1,0,0,False
1784849457.3002179,20,1785408771.0025897,37.52918287937743,0.6311001754787519,37.048523689631494,True,37.5,36.5,38.6,0.95,0.05,0.0,0.7,0.03,2,1785408781.0294313,True,True,True,False,1785408720.2153833,False,1,0,0,False
1784849457.3002179,20,1785408791.008785,37.49446860456244,0.6311001754787519,37.03250171663997,True,37.5,36.5,38.6,0.95,0.05,0.0,0.7,0.03,2,1785408801.0360427,True,True,True,False,1785408720.2153833,False,True,1,0,False
1784849457.3002179,20,1785408811.0149982,37.470435645075156,0.6312336919203478,37.02716105897612,True,37.5,36.5,38.6,0.95,0.05,0.0,0.7,0.03,2,1785408821.0422957,True,True,True,False,1785408720.2153833,False,True,1,0,False
1784849457.3002179,20,1785408831.0211718,37.42504005493248,0.6312527656977188,37.02182040131228,True,37.5,36.5,38.6,0.95,0.05,0.0,0.7,0.03,2,1785408841.0514598,True,True,True,False,1785408720.2153833,False,True,1,0,False
1784849457.3002179,20,1785408851.0274014,37.43305104142824,0.631367208361944,36.99778744182498,True,37.5,36.5,38.6,0.95,0.05,0.0,0.7,0.03,2,1785408861.0546358,True,True,True,False,1785408720.2153833,False,True,1,0,False
1784849457.3002179,20,1785408871.033514,37.43305104142824,0.6312146181429771,37.05653467612726,True,37.5,36.5,38.6,0.95,0.05,0.0,0.7,0.03,2,1785408881.0611076,True,False,True,False,1785408720.2153833,False,True,1,0,False
1784849457.3002179,20,1785408891.0397143,37.45441367208362,0.6311001754787519,37.03517204547188,True,37.5,36.5,38.6,0.95,0.05,0.0,0.7,0.03,2,1785408901.066827,True,True,True,True,1785408900.2153854,False,True,1,0,False
1784849457.3002179,20,1785408911.0469942,37.45975432974747,0.6312909132524606,37.05119401846342,True,37.5,36.5,38.6,0.95,0.05,0.0,0.7,0.03,2,1785408921.076275,True,True,True,False,1785408900.2153854,False,True,1,0,False
1784849457.3002179,20,1785408931.0559967,37.483787289234755,0.6310048065918974,37.067215991454944,True,37.5,36.5,38.6,0.95,0.05,0.0,0.7,0.03,2,1785408941.0851777,True,False,True,False,1785408900.2153854,False,True,1,0,False
1784849457.3002179,20,1785408951.0642693,37.50247959105822,0.6312527656977188,37.096589608606095,True,37.5,36.5,38.6,0.95,0.05,0.0,0.7,0.03,2,1785408961.0933743,True,True,True,False,1785408900.2153854,False,1,0,0,False
1784849457.3002179,20,1785408971.0729277,37.507820248722055,0.6310620279240101,37.08056763561456,True,37.5,36.5,38.6,0.95,0.05,0.0,0.7,0.03,2,1785408981.1023026,True,True,True,False,1785408900.2153854,False,1,0,0,False
1784849457.3002179,20,1785408991.082193,37.54787518120088,0.6312527656977188,37.096589608606095,True,37.5,36.5,38.6,0.95,0.05,0.0,0.7,0.03,2,1785409001.1113696,True,True,True,False,1785408900.2153854,False,1,0,0,False
1784849457.3002179,20,1785409011.0906346,37.52384222171359,0.6311573968108644,37.07522697795072,True,37.5,36.5,38.6,0.95,0.05,0.0,0.7,0.03,2,1785409021.1196296,True,True,True,False,1785408900.2153854,False,1,0,0,False
1784849457.3002179,20,1785409031.0988436,37.49446860456244,0.6310238803692684,37.06988632028687,True,37.5,36.5,38.6,0.95,0.05,0.0,0.7,0.03,2,1785409041.1271613,True,True,True,False,1785408900.2153854,False,True,1,0,False
1784849457.3002179,20,1785409051.1069486,37.465094987411305,0.6309666590371558,37.05653467612726,True,37.5,36.5,38.6,0.95,0.05,0.0,0.7,0.03,2,1785409061.136014,True,True,True,False,1785408900.2153854,False,True,1,0,False
1784849457.3002179,20,1785409071.115325,37.45975432974747,0.6311001754787519,37.03517204547188,True,37.5,36.5,38.6,0.95,0.05,0.0,0.7,0.03,2,1785409081.1444492,True,True,True,True,1785409080.2154002,False,True,1,0,False
1784849457.3002179,20,1785409091.1235209,37.44373235675593,0.6308140688181888,37.05653467612726,True,37.5,36.5,38.6,0.95,0.05,0.0,0.7,0.03,2,1785409101.152974,True,True,True,False,1785409080.2154002,False,True,1,0,False
1784849457.3002179,20,1785409111.1323028,37.45441367208362,0.6312909132524606,37.04585336079957,True,37.5,36.5,38.6,0.95,0.05,0.0,0.7,0.03,2,1785409121.1614034,True,True,True,False,1785409080.2154002,False,True,1,0,False
1784849457.3002179,20,1785409131.140829,37.47310597390707,0.6309094377050432,37.05653467612726,True,37.5,36.5,38.6,0.95,0.05,0.0,0.7,0.03,2,1785409141.1687505,True,True,True,False,1785409080.2154002,False,True,1,0,False
1784849457.3002179,20,1785409151.1481073,37.49713893339437,0.6312146181429771,37.053864347295345,True,37.5,36.5,38.6,0.95,0.05,0.0,0.7,0.03,2,1785409161.175018,True,False,True,False,1785409080.2154002,False,True,1,0,False
1784849457.3002179,20,1785409171.1542883,37.49713893339437,0.631367208361944,37.06454566262303,True,37.5,36.5,38.6,0.95,0.05,0.0,0.7,0.03,2,1785409181.1843152,True,True,True,False,1785409080.2154002,False,True,1,0,False
1784849457.3002179,20,1785409191.160407,37.526512550545505,0.6311955443656062,37.091248950942244,True,37.5,36.5,38.6,0.95,0.05,0.0,0.7,0.03,2,1785409201.187645,True,True,True,False,1785409080.2154002,False,1,0,0,False
1784849457.3002179,20,1785409211.1684983,37.54520485236897,0.6316533150225071,37.053864347295345,True,37.5,36.5,38.6,0.95,0.05,0.0,0.7,0.03,2,1785409221.199358,False,True,True,False,1785409080.2154002,False,1,0,0,False
1784849457.3002179,20,1785409231.1765704,37.50514991989013,0.6312527656977188,37.01647974364843,True,37.5,36.5,38.6,0.95,0.05,0.0,0.7,0.03,2,1785409241.203451,False,False,True,False,1785409080.2154002,False,1,0,0,False
1784849457.3002179,20,1785409251.1828249,37.47577630273899,0.6313290608072023,36.97642481116961,True,37.5,36.5,38.6,0.95,0.05,0.0,0.7,0.03,2,1785409261.2098677,False,True,True,True,1785409260.215402,False,True,1,0,False
1784849457.3002179,20,1785409271.1889744,37.43305104142824,0.6307568474860762,36.944380865186545,True,37.5,36.5,38.6,0.95,0.05,0.0,0.7,0.03,2,1785409281.217267,False,True,True,False,1785409260.215402,False,True,1,0,False
1784849457.3002179,20,1785409291.1963072,37.40100709544518,0.6310429541466392,36.92301823453117,True,37.5,36.5,38.6,0.95,0.05,0.0,0.7,0.03,2,1785409301.224887,False,True,True,False,1785409260.215402,False,True,1,0,False
1784849457.3002179,20,1785409311.2029479,37.43305104142824,0.6311001754787519,36.92301823453117,True,37.5,36.5,38.6,0.95,0.05,0.0,0.7,0.03,2,1785409321.230786,False,True,True,False,1785409260.215402,False,True,1,0,False
1784849457.3002179,20,1785409331.2133896,37.43038071259632,0.6309094377050432,36.939040207522694,True,37.5,36.5,38.6,0.95,0.05,0.0,0.7,0.03,2,1785409341.246787,False,True,True,False,1785409260.215402,False,True,1,0,False
1784849457.3002179,20,1785409351.2255516,37.41702906843672,0.6306996261539635,36.93636987869077,True,37.5,36.5,38.6,0.95,0.05,0.0,0.7,0.03,2,1785409361.2545767,False,True,True,False,1785409260.215402,False,True,1,0,False
1784849457.3002179,20,1785409371.2342584,37.44907301441978,0.6311192492561227,36.94171053635462,True,37.5,36.5,38.6,0.95,0.05,0.0,0.7,0.03,2,1785409381.2634382,False,True,True,False,1785409260.215402,False,True,1,0,False
1784849457.3002179,20,1785409391.2426987,37.446402685587856,0.6310811017013809,36.95239185168231,True,37.5,36.5,38.6,0.95,0.05,0.0,0.7,0.03,2,1785409401.2731364,False,False,True,False,1785409260.215402,False,True,1,0,False
1784849457.3002179,20,1785409411.2516744,37.45975432974747,0.6309666590371558,36.97909514000152,True,37.5,36.5,38.6,0.95,0.05,0.0,0.7,0.03,2,1785409421.2807455,False,True,True,False,1785409260.215402,False,True,1,0,False
1784849457.3002179,20,1785409431.2598548,37.46242465857938,0.6309857328145266,36.989776455329206,True,37.5,36.5,38.6,0.95,0.05,0.0,0.7,0.03,2,1785409441.2892714,False,False,True,True,1785409440.2154076,False,True,1,0,False
1784849457.3002179,20,1785409451.267026,37.47577630273899,0.6311192492561227,36.99244678416113,True,37.5,36.5,38.6,0.95,0.05,0.0,0.7,0.03,2,1785409461.294397,False,True,True,False,1785409440.2154076,False,True,1,0,False
1784849457.3002179,20,1785409471.2732916,37.48645761806668,0.6310238803692684,37.00846875715267,True,37.5,36.5,38.6,0.95,0.05,0.0,0.7,0.03,2,1785409481.3005764,False,False,True,False,1785409440.2154076,False,True,1,0,False
1784849457.3002179,20,1785409491.2795315,37.49713893339437,0.6311764705882353,37.00846875715267,True,37.5,36.5,38.6,0.95,0.05,0.0,0.7,0.03,2,1785409501.3068607,False,True,True,False,1785409440.2154076,False,True,1,0,False
1784849457.3002179,20,1785409511.2857382,37.513160906385906,0.6311764705882353,37.029831387808045,True,37.5,36.5,38.6,0.95,0.05,0.0,0.7,0.03,2,1785409521.3131285,False,False,True,False,1785409440.2154076,False,1,0,0,False
1784849457.3002179,20,1785409531.292154,37.49980926222629,0.6308712901503014,37.01380941481651,True,37.5,36.5,38.6,0.95,0.05,0.0,0.7,0.03,2,1785409541.3196235,False,True,True,False,1785409440.2154076,False,True,1,0,False
1784849457.3002179,20,1785409551.2984166,37.507820248722055,0.6312527656977188,37.01647974364843,True,37.5,36.5,38.6,0.95,0.05,0.0,0.7,0.03,2,1785409561.3258126,False,True,True,False,1785409440.2154076,False,1,0,0,False
1784849457.3002179,20,1785409571.3046157,37.507820248722055,0.6308903639276723,37.01647974364843,True,37.5,36.5,38.6,0.95,0.05,0.0,0.7,0.03,2,1785409581.331874,False,True,True,False,1785409440.2154076,False,1,0,0,False
1784849457.3002179,20,1785409591.310883,37.483787289234755,0.6308712901503014,37.00045777065691,True,37.5,36.5,38.6,0.95,0.05,0.0,0.7,0.03,2,1785409601.3383005,False,True,True,False,1785409440.2154076,False,True,1,0,False
1784849457.3002179,20,1785409611.3179631,37.48645761806668,0.6309475852597849,36.99511711299306,True,37.5,36.5,38.6,0.95,0.05,0.0,0.7,0.03,2,1785409621.346295,False,True,True,True,1785409620.215457,False,True,1,0,False
1784849457.3002179,20,1785409631.3264387,37.489127946898606,0.6311001754787519,36.97909514000152,True,37.5,36.5,38.6,0.95,0.05,0.0,0.7,0.03,2,1785409641.3561466,False,True,True,False,1785409620.215457,False,True,1,0,False
1784849457.3002179,20,1785409651.3345401,37.438391699092094,0.6307949950408179,36.96040283817807,True,37.5,36.5,38.6,0.95,0.05,0.0,0.7,0.03,2,1785409661.3645046,False,True,True,False,1785409620.215457,False,True,1,0,False
1784849457.3002179,20,1785409671.3418372,37.438391699092094,0.6308331425955597,36.97642481116961,True,37.5,36.5,38.6,0.95,0.05,0.0,0.7,0.03,2,1785409681.3715286,False,True,True,False,1785409620.215457,False,True,1,0,False
1784849457.3002179,20,1785409691.35111,37.481116960402844,0.6312527656977188,36.987106126497295,True,37.5,36.5,38.6,0.95,0.05,0.0,0.7,0.03,2,1785409701.3801777,False,True,True,False,1785409620.215457,False,True,1,0,False
1784849457.3002179,20,1785409711.359607,37.48645761806668,0.6310238803692684,37.00312809948882,True,37.5,36.5,38.6,0.95,0.05,0.0,0.7,0.03,2,1785409721.3865342,False,True,True,False,1785409620.215457,False,True,1,0,False
1784849457.3002179,20,1785409731.3669267,37.49446860456244,0.6311383230334936,37.024490730144194,True,37.5,36.5,38.6,0.95,0.05,0.0,0.7,0.03,2,1785409741.3958578,False,True,True,False,1785409620.215457,False,True,1,0,False
1784849457.3002179,20,1785409751.3744273,37.507820248722055,0.6307949950408179,36.989776455329206,True,37.5,36.5,38.6,0.95,0.05,0.0,0.7,0.03,2,1785409761.403143,False,False,True,False,1785409620.215457,False,1,0,0,False
1784849457.3002179,20,1785409771.3806796,37.52918287937743,0.6312909132524606,37.02716105897612,True,37.5,36.5,38.6,0.95,0.05,0.0,0.7,0.03,2,1785409781.4103386,False,False,True,False,1785409620.215457,False,1,0,0,False
1784849457.3002179,20,1785409791.3872602,37.526512550545505,0.6312527656977188,37.02182040131228,True,37.5,36.5,38.6,0.95,0.05,0.0,0.7,0.03,2,1785409801.417242,False,False,True,True,1785409800.2154777,False,1,0,0,False
1784849457.3002179,20,1785409811.3937104,37.513160906385906,0.6311001754787519,37.011139085984595,True,37.5,36.5,38.6,0.95,0.05,0.0,0.7,0.03,2,1785409821.420757,False,True,True,False,1785409800.2154777,False,1,0,0,False
1784849457.3002179,20,1785409831.4003148,37.50514991989013,0.6309094377050432,36.989776455329206,True,37.5,36.5,38.6,0.95,0.05,0.0,0.7,0.03,2,1785409841.427221,False,True,True,False,1785409800.2154777,False,1,0,0,False
1784849457.3002179,20,1785409851.4066083,37.470435645075156,0.6309475852597849,36.99244678416113,True,37.5,36.5,38.6,0.95,0.05,0.0,0.7,0.03,2,1785409861.4339216,False,True,True,False,1785409800.2154777,False,True,1,0,False
1784849457.3002179,20,1785409871.4128497,37.48645761806668,0.6311001754787519,36.97108415350576,True,37.5,36.5,38.6,0.95,0.05,0.0,0.7,0.03,2,1785409881.440185,False,False,True,False,1785409800.2154777,False,True,1,0,False
1784849457.3002179,20,1785409891.4191709,37.47577630273899,0.6310811017013809,36.987106126497295,True,37.5,36.5,38.6,0.95,0.05,0.0,0.7,0.03,2,1785409901.4465137,False,False,True,False,1785409800.2154777,False,True,1,0,False
1784849457.3002179,20,1785409911.426526,37.44907301441978,0.6311192492561227,36.97108415350576,True,37.5,36.5,38.6,0.95,0.05,0.0,0.7,0.03,2,1785409921.456567,False,True,True,False,1785409800.2154777,False,True,1,0,False
1784849457.3002179,20,1785409931.435217,37.489127946898606,0.6311001754787519,36.981765468833444,True,37.5,36.5,38.6,0.95,0.05,0.0,0.7,0.03,2,1785409941.4626157,False,True,True,False,1785409800.2154777,False,True,1,0,False
1784849457.3002179,20,1785409951.4414625,37.507820248722055,0.6311001754787519,36.97909514000152,True,37.5,36.5,38.6,0.95,0.05,0.0,0.7,0.03,2,1785409961.4687908,False,False,True,False,1785409800.2154777,False,1,0,0,False
1784849457.3002179,20,1785409971.4477966,37.52384222171359,0.6311573968108644,36.99511711299306,True,37.5,36.5,38.6,0.95,0.05,0.0,0.7,0.03,2,1785409981.474664,False,True,True,True,1785409980.215495,False,1,0,0,False
1784849457.3002179,20,1785409991.4539914,37.49980926222629,0.6305661097123675,37.011139085984595,True,37.5,36.5,38.6,0.95,0.05,0.0,0.7,0.03,2,1785410001.4813464,False,True,True,False,1785409980.215495,False,True,1,0,False
1784849457.3002179,20,1785410011.4601727,37.48645761806668,0.6308903639276723,36.98443579766537,True,37.5,36.5,38.6,0.95,0.05,0.0,0.7,0.03,2,1785410021.4874673,False,True,True,False,1785409980.215495,False,True,1,0,False
1784849457.3002179,20,1785410031.4666617,37.49446860456244,0.630642404821851,37.005798428320745,True,37.5,36.5,38.6,0.95,0.05,0.0,0.7,0.03,2,1785410041.4952335,False,True,True,False,1785409980.215495,False,True,1,0,False
1784849457.3002179,20,1785410051.4739432,37.507820248722055,0.6312146181429771,36.981765468833444,True,37.5,36.5,38.6,0.95,0.05,0.0,0.7,0.03,2,1785410061.5038376,False,True,True,False,1785409980.215495,False,1,0,0,False
1784849457.3002179,20,1785410071.4807153,37.51850156404974,0.6306614785992218,37.01915007248036,True,37.5,36.5,38.6,0.95,0.05,0.0,0.7,0.03,2,1785410081.509261,False,True,True,False,1785409980.215495,False,1,0,0,False
1784849457.3002179,20,1785410091.487008,37.507820248722055,0.6307949950408179,37.01915007248036,True,37.5,36.5,38.6,0.95,0.05,0.0,0.7,0.03,2,1785410101.5143514,False,True,True,False,1785409980.215495,False,1,0,0,False
1784849457.3002179,20,1785410111.4933097,37.48645761806668,0.6308903639276723,37.024490730144194,True,37.5,36.5,38.6,0.95,0.05,0.0,0.7,0.03,2,1785410121.5226836,False,True,True,False,1785409980.215495,False,True,1,0,False
1784849457.3002179,20,1785410131.4995587,37.483787289234755,0.6307568474860762,37.03517204547188,True,37.5,36.5,38.6,0.95,0.05,0.0,0.7,0.03,2,1785410141.5269003,False,True,True,False,1785409980.215495,False,True,1,0,False
1784849457.3002179,20,1785410151.505816,37.481116960402844,0.6307186999313344,37.00045777065691,True,37.5,36.5,38.6,0.95,0.05,0.0,0.7,0.03,2,1785410161.533134,False,True,True,True,1785410160.215507,False,True,1,0,False
1784849457.3002179,20,1785410171.5120335,37.49713893339437,0.6311192492561227,37.02182040131228,True,37.5,36.5,38.6,0.95,0.05,0.0,0.7,0.03,2,1785410181.5393963,False,True,True,False,1785410160.215507,False,True,1,0,False
1784849457.3002179,20,1785410191.5183153,37.47310597390707,0.6309094377050432,37.00045777065691,True,37.5,36.5,38.6,0.95,0.05,0.0,0.7,0.03,2,1785410201.5455015,False,False,True,False,1785410160.215507,False,True,1,0,False
1784849457.3002179,20,1785410211.5245645,37.481116960402844,0.6309666590371558,37.005798428320745,True,37.5,36.5,38.6,0.95,0.05,0.0,0.7,0.03,2,1785410221.5514963,False,False,True,False,1785410160.215507,False,True,1,0,False
1784849457.3002179,20,1785410231.5308635,37.49980926222629,0.6313290608072023,37.02716105897612,True,37.5,36.5,38.6,0.95,0.05,0.0,0.7,0.03,2,1785410241.5577643,False,True,True,False,1785410160.215507,False,True,1,0,False
1784849457.3002179,20,1785410251.5370083,37.53452353704128,0.6308903639276723,37.029831387808045,True,37.5,36.5,38.6,0.95,0.05,0.0,0.7,0.03,2,1785410261.5643008,False,True,True,False,1785410160.215507,False,1,0,0,False
1784849457.3002179,20,1785410271.5433335,37.52918287937743,0.6308712901503014,37.029831387808045,True,37.5,36.5,38.6,0.95,0.05,0.0,0.7,0.03,2,1785410281.57062,False,True,True,False,1785410160.215507,False,1,0,0,False
1784849457.3002179,20,1785410291.5495512,37.52384222171359,0.6310048065918974,37.04051270313573,True,37.5,36.5,38.6,0.95,0.05,0.0,0.7,0.03,2,1785410301.576856,False,True,True,False,1785410160.215507,False,1,0,0,False
1784849457.3002179,20,1785410311.5557897,37.507820248722055,0.6308331425955597,37.05653467612726,True,37.5,36.5,38.6,0.95,0.05,0.0,0.7,0.03,2,1785410321.5830083,False,True,True,False,1785410160.215507,False,1,0,0,False
1784849457.3002179,20,1785410331.5619824,37.49980926222629,0.6306996261539635,37.029831387808045,True,37.5,36.5,38.6,0.95,0.05,0.0,0.7,0.03,2,1785410341.5893335,False,False,True,True,1785410340.215554,False,True,1,0,False
1784849457.3002179,20,1785410351.5698156,37.465094987411305,0.6309666590371558,37.005798428320745,True,37.5,36.5,38.6,0.95,0.05,0.0,0.7,0.03,2,1785410361.5989957,False,True,True,False,1785410340.215554,False,True,1,0,False
1784849457.3002179,20,1785410371.578673,37.465094987411305,0.6306805523765927,37.00045777065691,True,37.5,36.5,38.6,0.95,0.05,0.0,0.7,0.03,2,1785410381.6085188,False,True,True,False,1785410340.215554,False,True,1,0,False
1784849457.3002179,20,1785410391.5873718,37.45708400091554,0.630642404821851,36.97909514000152,True,37.5,36.5,38.6,0.95,0.05,0.0,0.7,0.03,2,1785410401.6174314,False,True,True,False,1785410340.215554,False,True,1,0,False
1784849457.3002179,20,1785410411.596557,37.44907301441978,0.6304135194934005,37.00045777065691,True,37.5,36.5,38.6,0.95,0.05,0.0,0.7,0.03,2,1785410421.6262126,False,True,True,False,1785410340.215554,False,True,1,0,False
1784849457.3002179,20,1785410431.6048088,37.46242465857938,0.6311764705882353,37.01647974364843,True,37.5,36.5,38.6,0.95,0.05,0.0,0.7,0.03,2,1785410441.6320944,False,False,True,False,1785410340.215554,False,True,1,0,False
1784849457.3002179,20,1785410451.611081,37.48645761806668,0.6308903639276723,37.03517204547188,True,37.5,36.5,38.6,0.95,0.05,0.0,0.7,0.03,2,1785410461.6390085,False,True,True,False,1785410340.215554,False,True,1,0,False
1784849457.3002179,20,1785410471.617508,37.507820248722055,0.6311764705882353,37.04051270313573,True,37.5,36.5,38.6,0.95,0.05,0.0,0.7,0.03,2,1785410481.6456122,False,True,True,False,1785410340.215554,False,1,0,0,False
1784849457.3002179,20,1785410491.6238768,37.513160906385906,0.6311764705882353,37.05653467612726,True,37.5,36.5,38.6,0.95,0.05,0.0,0.7,0.03,2,1785410501.6511214,False,True,True,False,1785410340.215554,False,1,0,0,False
1784849457.3002179,20,1785410511.6301355,37.53452353704128,0.6311383230334936,37.04051270313573,True,37.5,36.5,38.6,0.95,0.05,0.0,0.7,0.03,2,1785410521.6572998,False,True,True,True,1785410520.2155862,False,1,0,0,False
1784849457.3002179,20,1785410531.6363468,37.53719386587319,0.6310620279240101,37.029831387808045,True,37.5,36.5,38.6,0.95,0.05,0.0,0.7,0.03,2,1785410541.6636055,False,False,True,False,1785410520.2155862,False,1,0,0,False
1784849457.3002179,20,1785410551.6426332,37.52384222171359,0.6308712901503014,37.02716105897612,True,37.5,36.5,38.6,0.95,0.05,0.0,0.7,0.03,2,1785410561.6700902,False,True,True,False,1785410520.2155862,False,1,0,0,False
1784849457.3002179,20,1785410571.6489675,37.50247959105822,0.6307949950408179,36.989776455329206,True,37.5,36.5,38.6,0.95,0.05,0.0,0.7,0.03,2,1785410581.6769655,False,True,True,False,1785410520.2155862,False,1,0,0,False
1784849457.3002179,20,1785410591.655192,37.489127946898606,0.6305851834897384,37.00045777065691,True,37.5,36.5,38.6,0.95,0.05,0.0,0.7,0.03,2,1785410601.682717,False,True,True,False,1785410520.2155862,False,True,1,0,False
1784849457.3002179,20,1785410611.662136,37.45975432974747,0.6308903639276723,36.957732509346144,True,37.5,36.5,38.6,0.95,0.05,0.0,0.7,0.03,2,1785410621.6913943,False,False,True,False,1785410520.2155862,False,True,1,0,False
1784849457.3002179,20,1785410631.6708548,37.45174334325169,0.6305661097123675,36.97909514000152,True,37.5,36.5,38.6,0.95,0.05,0.0,0.7,0.03,2,1785410641.7064207,False,True,True,False,1785410520.2155862,False,True,1,0,False
1784849457.3002179,20,1785410651.6784146,37.44373235675593,0.6309094377050432,36.987106126497295,True,37.5,36.5,38.6,0.95,0.05,0.0,0.7,0.03,2,1785410661.7055311,False,True,True,False,1785410520.2155862,False,True,1,0,False
1784849457.3002179,20,1785410671.6845398,37.465094987411305,0.6306614785992218,37.029831387808045,True,37.5,36.5,38.6,0.95,0.05,0.0,0.7,0.03,2,1785410681.7117822,False,True,True,False,1785410520.2155862,False,True,1,0,False
1784849457.3002179,20,1785410691.6907094,37.48645761806668,0.6307568474860762,37.00312809948882,True,37.5,36.5,38.6,0.95,0.05,0.0,0.7,0.03,2,1785410701.719375,False,True,True,True,1785410700.2156184,False,True,1,0,False
1784849457.3002179,20,1785410711.6969426,37.49713893339437,0.6306996261539635,37.00312809948882,True,37.5,36.5,38.6,0.95,0.05,0.0,0.7,0.03,2,1785410721.7274895,False,True,True,False,1785410700.2156184,False,True,1,0,False
1784849457.3002179,20,1785410731.7042685,37.52117189288167,0.6309285114824139,37.01915007248036,True,37.5,36.5,38.6,0.95,0.05,0.0,0.7,0.03,2,1785410741.7338488,False,False,True,False,1785410700.2156184,False,1,0,0,False
1784849457.3002179,20,1785410751.7142835,37.513160906385906,0.6308522163729304,37.01647974364843,True,37.5,36.5,38.6,0.95,0.05,0.0,0.7,0.03,2,1785410761.744059,False,True,True,False,1785410700.2156184,False,1,0,0,False
1784849457.3002179,20,1785410771.7217772,37.507820248722055,0.6308522163729304,37.04318303196766,True,37.5,36.5,38.6,0.95,0.05,0.0,0.7,0.03,2,1785410781.7501981,False,True,True,False,1785410700.2156184,False,1,0,0,False
1784849457.3002179,20,1785410791.7281456,37.526512550545505,0.6305279621576257,37.00045777065691,True,37.5,36.5,38.6,0.95,0.05,0.0,0.7,0.03,2,1785410801.7554228,False,False,True,False,1785410700.2156184,False,1,0,0,False
1784849457.3002179,20,1785410811.734464,37.49713893339437,0.6308712901503014,37.005798428320745,True,37.5,36.5,38.6,0.95,0.05,0.0,0.7,0.03,2,1785410821.76347,False,False,True,False,1785410700.2156184,False,True,1,0,False
1784849457.3002179,20,1785410831.7408192,37.50514991989013,0.6306614785992218,36.98443579766537,True,37.5,36.5,38.6,0.95,0.05,0.0,0.7,0.03,2,1785410841.769342,False,True,True,False,1785410700.2156184,False,1,0,0,False
1784849457.3002179,20,1785410851.7470677,37.45975432974747,0.6306805523765927,36.987106126497295,True,37.5,36.5,38.6,0.95,0.05,0.0,0.7,0.03,2,1785410861.7743673,False,True,True,False,1785410700.2156184,False,True,1,0,False
1784849457.3002179,20,1785410871.7532845,37.44373235675593,0.6309857328145266,36.97108415350576,True,37.5,36.5,38.6,0.95,0.05,0.0,0.7,0.03,2,1785410881.7806168,False,False,True,True,1785410880.215625,False,True,1,0,False
1784849457.3002179,20,1785410891.7595751,37.44373235675593,0.6307186999313344,36.96574349584192,True,37.5,36.5,38.6,0.95,0.05,0.0,0.7,0.03,2,1785410901.7864628,False,True,True,False,1785410880.215625,False,True,1,0,False
1784849457.3002179,20,1785410911.7656648,37.470435645075156,0.630775921263447,36.97642481116961,True,37.5,36.5,38.6,0.95,0.05,0.0,0.7,0.03,2,1785410921.7929237,False,False,True,False,1785410880.215625,False,True,1,0,False
1784849457.3002179,20,1785410931.7719102,37.47310597390707,0.6307377737087053,36.99244678416113,True,37.5,36.5,38.6,0.95,0.05,0.0,0.7,0.03,2,1785410941.7991884,False,True,True,False,1785410880.215625,False,True,1,0,False
1784849457.3002179,20,1785410951.7781525,37.47577630273899,0.6304516670481423,37.00045777065691,True,37.5,36.5,38.6,0.95,0.05,0.0,0.7,0.03,2,1785410961.8053436,False,True,True,False,1785410880.215625,False,True,1,0,False
1784849457.3002179,20,1785410971.7843163,37.49713893339437,0.6305661097123675,37.04318303196766,True,37.5,36.5,38.6,0.95,0.05,0.0,0.7,0.03,2,1785410981.8115566,False,False,True,False,1785410880.215625,False,True,1,0,False
1784849457.3002179,20,1785410991.790554,37.526512550545505,0.6308712901503014,37.02716105897612,True,37.5,36.5,38.6,0.95,0.05,0.0,0.7,0.03,2,1785411001.817782,False,True,True,False,1785410880.215625,False,1,0,0,False
1784849457.3002179,20,1785411011.7967474,37.56122682536049,0.6308522163729304,37.04318303196766,True,37.5,36.5,38.6,0.95,0.05,0.0,0.7,0.03,2,1785411021.824016,False,True,True,False,1785410880.215625,False,1,0,0,False
1784849457.3002179,20,1785411031.803044,37.55321583886473,0.6305851834897384,37.01647974364843,True,37.5,36.5,38.6,0.95,0.05,0.0,0.7,0.03,2,1785411041.8303015,False,True,True,False,1785410880.215625,False,1,0,0,False
1784849457.3002179,20,1785411051.8092642,37.52384222171359,0.6306996261539635,37.029831387808045,True,37.5,36.5,38.6,0.95,0.05,0.0,0.7,0.03,2,1785411061.836201,False,False,True,True,1785411060.2156587,False,1,0,0,False
1784849457.3002179,20,1785411071.815554,37.49713893339437,0.630489814602884,37.00312809948882,True,37.5,36.5,38.6,0.95,0.05,0.0,0.7,0.03,2,1785411081.8424704,False,True,True,False,1785411060.2156587,False,True,1,0,False
1784849457.3002179,20,1785411091.821676,37.465094987411305,0.6309285114824139,37.00846875715267,True,37.5,36.5,38.6,0.95,0.05,0.0,0.7,0.03,2,1785411101.848914,False,True,True,False,1785411060.2156587,False,True,1,0,False
1784849457.3002179,20,1785411111.827946,37.47577630273899,0.6309094377050432,37.01380941481651,True,37.5,36.5,38.6,0.95,0.05,0.0,0.7,0.03,2,1785411121.8555102,False,True,True,False,1785411060.2156587,False,True,1,0,False
1784849457.3002179,20,1785411131.8342752,37.49980926222629,0.630775921263447,37.01380941481651,True,37.5,36.5,38.6,0.95,0.05,0.0,0.7,0.03,2,1785411141.8645124,False,False,True,False,1785411060.2156587,False,True,1,0,False
1784849457.3002179,20,1785411151.840631,37.48645761806668,0.6307186999313344,37.00045777065691,True,37.5,36.5,38.6,0.95,0.05,0.0,0.7,0.03,2,1785411161.8674057,False,True,True,False,1785411060.2156587,False,True,1,0,False
1784849457.3002179,20,1785411171.846874,37.481116960402844,0.63062333104448,37.01647974364843,True,37.5,36.5,38.6,0.95,0.05,0.0,0.7,0.03,2,1785411181.8741384,False,False,True,False,1785411060.2156587,False,True,1,0,False
1784849457.3002179,20,1785411191.8541415,37.46776531624323,0.6308140688181888,37.04318303196766,True,37.5,36.5,38.6,0.95,0.05,0.0,0.7,0.03,2,1785411201.8853898,False,False,True,False,1785411060.2156587,False,True,1,0,False
1784849457.3002179,20,1785411211.8622694,37.513160906385906,0.6307568474860762,37.02716105897612,True,37.5,36.5,38.6,0.95,0.05,0.0,0.7,0.03,2,1785411221.8894944,False,False,True,False,1785411060.2156587,False,1,0,0,False
1784849457.3002179,20,1785411231.8684335,37.53719386587319,0.6307568474860762,37.06454566262303,True,37.5,36.5,38.6,0.95,0.05,0.0,0.7,0.03,2,1785411241.8956943,False,True,True,True,1785411240.2156844,False,1,0,0,False
1784849457.3002179,20,1785411251.875868,37.52384222171359,0.6309094377050432,37.05653467612726,True,37.5,36.5,38.6,0.95,0.05,0.0,0.7,0.03,2,1785411261.9059892,False,True,True,False,1785411240.2156844,False,1,0,0,False
1784849457.3002179,20,1785411271.8852725,37.50247959105822,0.6305470359349965,37.04051270313573,True,37.5,36.5,38.6,0.95,0.05,0.0,0.7,0.03,2,1785411281.9147286,False,True,True,False,1785411240.2156844,False,1,0,0,False
1784849457.3002179,20,1785411291.893136,37.49713893339437,0.630489814602884,37.01915007248036,True,37.5,36.5,38.6,0.95,0.05,0.0,0.7,0.03,2,1785411301.9207113,False,True,True,False,1785411240.2156844,False,True,1,0,False
1784849457.3002179,20,1785411311.8996437,37.470435645075156,0.6305661097123675,37.00312809948882,True,37.5,36.5,38.6,0.95,0.05,0.0,0.7,0.03,2,1785411321.9265237,False,True,True,False,1785411240.2156844,False,True,1,0,False
1784849457.3002179,20,1785411331.9060667,37.46242465857938,0.6305088883802549,37.00312809948882,True,37.5,36.5,38.6,0.95,0.05,0.0,0.7,0.03,2,1785411341.9343946,False,True,True,False,1785411240.2156844,False,True,1,0,False
1784849457.3002179,20,1785411351.9122026,37.47577630273899,0.6305851834897384,36.97909514000152,True,37.5,36.5,38.6,0.95,0.05,0.0,0.7,0.03,2,1785411361.9395323,False,False,True,False,1785411240.2156844,False,True,1,0,False
1784849457.3002179,20,1785411371.918506,37.48645761806668,0.6309285114824139,37.02182040131228,True,37.5,36.5,38.6,0.95,0.05,0.0,0.7,0.03,2,1785411381.9457693,False,True,True,False,1785411240.2156844,False,True,1,0,False
1784849457.3002179,20,1785411391.9247384,37.49980926222629,0.6305661097123675,37.02716105897612,True,37.5,36.5,38.6,0.95,0.05,0.0,0.7,0.03,2,1785411401.952138,False,True,True,False,1785411240.2156844,False,True,1,0,False
1784849457.3002179,20,1785411411.9310794,37.49713893339437,0.63062333104448,37.02716105897612,True,37.5,36.5,38.6,0.95,0.05,0.0,0.7,0.03,2,1785411421.9585993,False,True,True,True,1785411420.2157207,False,True,1,0,False
1784849457.3002179,20,1785411431.9372737,37.51049057755398,0.630470740825513,37.03784237430381,True,37.5,36.5,38.6,0.95,0.05,0.0,0.7,0.03,2,1785411441.9652328,False,True,True,False,1785411420.2157207,False,1,0,0,False
1784849457.3002179,20,1785411451.9447067,37.51850156404974,0.6307568474860762,37.05653467612726,True,37.5,36.5,38.6,0.95,0.05,0.0,0.7,0.03,2,1785411461.9747221,False,False,True,False,1785411420.2157207,False,1,0,0,False
1784849457.3002179,20,1785411471.9523203,37.53452353704128,0.6306614785992218,37.06187533379111,True,37.5,36.5,38.6,0.95,0.05,0.0,0.7,0.03,2,1785411481.9795833,False,True,True,False,1785411420.2157207,False,1,0,0,False
1784849457.3002179,20,1785411491.9585924,37.53452353704128,0.6305851834897384,37.04585336079957,True,37.5,36.5,38.6,0.95,0.05,0.0,0.7,0.03,2,1785411501.991192,False,True,True,False,1785411420.2157207,False,1,0,0,False
1784849457.3002179,20,1785411511.9649847,37.52384222171359,0.6304325932707714,37.05653467612726,True,37.5,36.5,38.6,0.95,0.05,0.0,0.7,0.03,2,1785411521.9922767,False,True,True,False,1785411420.2157207,False,1,0,0,False
1784849457.3002179,20,1785411531.9712648,37.52117189288167,0.6304135194934005,37.024490730144194,True,37.5,36.5,38.6,0.95,0.05,0.0,0.7,0.03,2,1785411541.998528,False,True,True,False,1785411420.2157207,False,1,0,0,False
1784849457.3002179,20,1785411551.9774828,37.470435645075156,0.6304325932707714,36.99511711299306,True,37.5,36.5,38.6,0.95,0.05,0.0,0.7,0.03,2,1785411562.004554,False,True,True,False,1785411420.2157207,False,True,1,0,False
1784849457.3002179,20,1785411571.983659,37.465094987411305,0.6305470359349965,36.96841382467383,True,37.5,36.5,38.6,0.95,0.05,0.0,0.7,0.03,2,1785411582.010966,False,True,True,False,1785411420.2157207,False,True,1,0,False
1784849457.3002179,20,1785411591.9899194,37.446402685587856,0.6307186999313344,36.989776455329206,True,37.5,36.5,38.6,0.95,0.05,0.0,0.7,0.03,2,1785411602.0178077,False,True,True,True,1785411600.2161613,False,True,1,0,False
1784849457.3002179,20,1785411611.9974089,37.43305104142824,0.630489814602884,36.97909514000152,True,37.5,36.5,38.6,0.95,0.05,0.0,0.7,0.03,2,1785411622.027376,False,True,True,False,1785411600.2161613,False,True,1,0,False
1784849457.3002179,20,1785411632.0065744,37.46242465857938,0.6304135194934005,36.989776455329206,True,37.5,36.5,38.6,0.95,0.05,0.0,0.7,0.03,2,1785411642.036408,False,True,True,False,1785411600.2161613,False,True,1,0,False
1784849457.3002179,20,1785411652.0141237,37.465094987411305,0.6305470359349965,36.99244678416113,True,37.5,36.5,38.6,0.95,0.05,0.0,0.7,0.03,2,1785411662.0409064,False,True,True,False,1785411600.2161613,False,True,1,0,False
1784849457.3002179,20,1785411672.020422,37.48645761806668,0.6307186999313344,36.99244678416113,True,37.5,36.5,38.6,0.95,0.05,0.0,0.7,0.03,2,1785411682.0480456,False,True,True,False,1785411600.2161613,False,True,1,0,False
1784849457.3002179,20,1785411692.0267127,37.48645761806668,0.6305851834897384,37.01915007248036,True,37.5,36.5,38.6,0.95,0.05,0.0,0.7,0.03,2,1785411702.054147,False,False,True,False,1785411600.2161613,False,True,1,0,False
1784849457.3002179,20,1785411712.0329943,37.507820248722055,0.6305851834897384,37.05119401846342,True,37.5,36.5,38.6,0.95,0.05,0.0,0.7,0.03,2,1785411722.06058,False,True,True,False,1785411600.2161613,False,1,0,0,False
1784849457.3002179,20,1785411732.0394192,37.526512550545505,0.6303562981612879,37.03517204547188,True,37.5,36.5,38.6,0.95,0.05,0.0,0.7,0.03,2,1785411742.06683,False,True,True,False,1785411600.2161613,False,1,0,0,False
1784849457.3002179,20,1785411752.045632,37.52918287937743,0.6305851834897384,37.04318303196766,True,37.5,36.5,38.6,0.95,0.05,0.0,0.7,0.03,2,1785411762.0734313,False,True,True,False,1785411600.2161613,False,1,0,0,False
1784849457.3002179,20,1785411772.0518277,37.53452353704128,0.6307949950408179,37.048523689631494,True,37.5,36.5,38.6,0.95,0.05,0.0,0.7,0.03,2,1785411782.0790837,False,True,True,True,1785411780.2161908,False,1,0,0,False
1784849457.3002179,20,1785411792.0580745,37.50514991989013,0.6306042572671092,37.01647974364843,True,37.5,36.5,38.6,0.95,0.05,0.0,0.7,0.03,2,1785411802.0852726,False,False,True,False,1785411780.2161908,False,1,0,0,False
1784849457.3002179,20,1785411812.0642302,37.49713893339437,0.6306614785992218,37.01647974364843,True,37.5,36.5,38.6,0.95,0.05,0.0,0.7,0.03,2,1785411822.0910668,False,True,True,False,1785411780.2161908,False,True,1,0,False
1784849457.3002179,20,1785411832.0705142,37.46242465857938,0.6305851834897384,37.00045777065691,True,37.5,36.5,38.6,0.95,0.05,0.0,0.7,0.03,2,1785411842.097499,False,True,True,False,1785411780.2161908,False,True,1,0,False
1784849457.3002179,20,1785411852.0767531,37.465094987411305,0.6303562981612879,37.01380941481651,True,37.5,36.5,38.6,0.95,0.05,0.0,0.7,0.03,2,1785411862.1035702,False,True,True,False,1785411780.2161908,False,True,1,0,False
1784849457.3002179,20,1785411872.0829794,37.45975432974747,0.6302990768291753,37.00846875715267,True,37.5,36.5,38.6,0.95,0.05,0.0,0.7,0.03,2,1785411882.1101923,False,True,True,False,1785411780.2161908,False,True,1,0,False
1784849457.3002179,20,1785411892.0890925,37.470435645075156,0.630337224383917,37.029831387808045,True,37.5,36.5,38.6,0.95,0.05,0.0,0.7,0.03,2,1785411902.1163795,False,True,True,False,1785411780.2161908,False,True,1,0,False
1784849457.3002179,20,1785411912.0952985,37.481116960402844,0.6307568474860762,37.029831387808045,True,37.5,36.5,38.6,0.95,0.05,0.0,0.7,0.03,2,1785411922.1221552,False,True,True,False,1785411780.2161908,False,True,1,0,False
1784849457.3002179,20,1785411932.1014218,37.51583123521782,0.6304325932707714,37.04585336079957,True,37.5,36.5,38.6,0.95,0.05,0.0,0.7,0.03,2,1785411942.1286602,False,True,True,False,1785411780.2161908,False,1,0,0,False
1784849457.3002179,20,1785411952.1076288,37.49713893339437,0.6305661097123675,37.05920500495918,True,37.5,36.5,38.6,0.95,0.05,0.0,0.7,0.03,2,1785411962.1348572,False,True,True,True,1785411960.2162242,False,True,1,0,False
1784849457.3002179,20,1785411972.113776,37.53986419470512,0.6303944457160295,37.04318303196766,True,37.5,36.5,38.6,0.95,0.05,0.0,0.7,0.03,2,1785411982.1410089,False,False,True,False,1785411960.2162242,False,1,0,0,False
1784849457.3002179,20,1785411992.119953,37.574578469520105,0.630470740825513,37.053864347295345,True,37.5,36.5,38.6,0.95,0.05,0.0,0.7,0.03,2,1785412002.147158,False,True,True,False,1785411960.2162242,False,1,0,0,False
1784849457.3002179,20,1785412012.1261322,37.54520485236897,0.6302800030518044,37.06454566262303,True,37.5,36.5,38.6,0.95,0.05,0.0,0.7,0.03,2,1785412022.1549156,False,True,True,False,1785411960.2162242,False,1,0,0,False
1784849457.3002179,20,1785412032.1333847,37.54253452353704,0.6307949950408179,37.053864347295345,True,37.5,36.5,38.6,0.95,0.05,0.0,0.7,0.03,2,1785412042.16239,False,True,True,False,1785411960.2162242,False,1,0,0,False
1784849457.3002179,20,1785412052.142986,37.48645761806668,0.6303944457160295,37.024490730144194,True,37.5,36.5,38.6,0.95,0.05,0.0,0.7,0.03,2,1785412062.170948,False,True,True,False,1785411960.2162242,False,True,1,0,False
1784849457.3002179,20,1785412072.1503863,37.481116960402844,0.6305279621576257,37.01915007248036,True,37.5,36.5,38.6,0.95,0.05,0.0,0.7,0.03,2,1785412082.1777842,False,True,True,False,1785411960.2162242,False,True,1,0,False
1784849457.3002179,20,1785412092.156712,37.48645761806668,0.6302990768291753,37.024490730144194,True,37.5,36.5,38.6,0.95,0.05,0.0,0.7,0.03,2,1785412102.1842616,False,True,True,False,1785411960.2162242,False,True,1,0,False
1784849457.3002179,20,1785412112.1630542,37.45975432974747,0.6302609292744336,37.029831387808045,True,37.5,36.5,38.6,0.95,0.05,0.0,0.7,0.03,2,1785412122.1924295,False,True,True,False,1785411960.2162242,False,True,1,0,False
1784849457.3002179,20,1785412132.1692553,37.47310597390707,0.6307377737087053,37.04051270313573,True,37.5,36.5,38.6,0.95,0.05,0.0,0.7,0.03,2,1785412142.1983833,False,False,True,True,1785412140.2162325,False,True,1,0,False
1784849457.3002179,20,1785412152.175773,37.438391699092094,0.6303753719386588,37.04318303196766,True,37.5,36.5,38.6,0.95,0.05,0.0,0.7,0.03,2,1785412162.202975,False,True,True,False,1785412140.2162325,False,True,1,0,False
1784849457.3002179,20,1785412172.1821692,37.48645761806668,0.6301274128328375,37.053864347295345,True,37.5,36.5,38.6,0.95,0.05,0.0,0.7,0.03,2,1785412182.2093775,False,True,True,False,1785412140.2162325,False,True,1,0,False
1784849457.3002179,20,1785412192.1883872,37.526512550545505,0.6302990768291753,37.053864347295345,True,37.5,36.5,38.6,0.95,0.05,0.0,0.7,0.03,2,1785412202.215637,False,True,True,False,1785412140.2162325,False,1,0,0,False
1784849457.3002179,20,1785412212.194595,37.49713893339437,0.6303181506065461,37.06454566262303,True,37.5,36.5,38.6,0.95,0.05,0.0,0.7,0.03,2,1785412222.2214234,False,True,True,False,1785412140.2162325,False,True,1,0,False
1784849457.3002179,20,1785412232.2007854,37.526512550545505,0.6307377737087053,37.03784237430381,True,37.5,36.5,38.6,0.95,0.05,0.0,0.7,0.03,2,1785412242.2285273,False,True,True,False,1785412140.2162325,False,1,0,0,False
1784849457.3002179,20,1785412252.206997,37.51850156404974,0.6305279621576257,37.04585336079957,True,37.5,36.5,38.6,0.95,0.05,0.0,0.7,0.03,2,1785412262.2346978,False,True,True,False,1785412140.2162325,False,1,0,0,False
1784849457.3002179,20,1785412272.213226,37.507820248722055,0.630489814602884,37.029831387808045,True,37.5,36.5,38.6,0.95,0.05,0.0,0.7,0.03,2,1785412282.2404745,False,True,True,False,1785412140.2162325,False,1,0,0,False
1784849457.3002179,20,1785412292.2194211,37.470435645075156,0.6302800030518044,37.03517204547188,True,37.5,36.5,38.6,0.95,0.05,0.0,0.7,0.03,2,1785412302.2466028,False,False,True,False,1785412140.2162325,False,True,1,0,False
1784849457.3002179,20,1785412312.2255042,37.470435645075156,0.6300129701686121,37.01915007248036,True,37.5,36.5,38.6,0.95,0.05,0.0,0.7,0.03,2,1785412322.2527854,False,True,True,True,1785412320.2162595,False,True,1,0,False
1784849457.3002179,20,1785412332.2316673,37.46776531624323,0.630203707942321,37.01915007248036,True,37.5,36.5,38.6,0.95,0.05,0.0,0.7,0.03,2,1785412342.2588973,False,True,True,False,1785412320.2162595,False,True,1,0,False
1784849457.3002179,20,1785412352.237823,37.47577630273899,0.6304516670481423,37.02716105897612,True,37.5,36.5,38.6,0.95,0.05,0.0,0.7,0.03,2,1785412362.265068,False,True,True,False,1785412320.2162595,False,True,1,0,False
1784849457.3002179,20,1785412372.2441752,37.465094987411305,0.6301655603875791,37.011139085984595,True,37.5,36.5,38.6,0.95,0.05,0.0,0.7,0.03,2,1785412382.272392,False,False,True,False,1785412320.2162595,False,True,1,0,False
1784849457.3002179,20,1785412392.2519677,37.49446860456244,0.6303753719386588,37.02182040131228,True,37.5,36.5,38.6,0.95,0.05,0.0,0.7,0.03,2,1785412402.2819927,False,True,True,False,1785412320.2162595,False,True,1,0,False
1784849457.3002179,20,1785412412.2618194,37.50247959105822,0.6302418554970626,37.03784237430381,True,37.5,36.5,38.6,0.95,0.05,0.0,0.7,0.03,2,1785412422.2918196,False,False,True,False,1785412320.2162595,False,1,0,0,False
1784849457.3002179,20,1785412432.2710679,37.49446860456244,0.6301846341649501,37.048523689631494,True,37.5,36.5,38.6,0.95,0.05,0.0,0.7,0.03,2,1785412442.3005948,False,True,True,False,1785412320.2162595,False,True,1,0,False
1784849457.3002179,20,1785412452.2792373,37.52384222171359,0.6302800030518044,37.03517204547188,True,37.5,36.5,38.6,0.95,0.05,0.0,0.7,0.03,2,1785412462.306705,False,True,True,False,1785412320.2162595,False,1,0,0,False
1784849457.3002179,20,1785412472.2856205,37.49179827573053,0.6305470359349965,37.029831387808045,True,37.5,36.5,38.6,0.95,0.05,0.0,0.7,0.03,2,1785412482.3126884,False,False,True,False,1785412320.2162595,False,True,1,0,False
1784849457.3002179,20,1785412492.2918205,37.49179827573053,0.6302609292744336,37.03517204547188,True,37.5,36.5,38.6,0.95,0.05,0.0,0.7,0.03,2,1785412502.3244202,False,True,True,True,1785412500.216274,False,True,1,0,False
1784849457.3002179,20,1785412512.2981386,37.49179827573053,0.6301655603875791,37.03517204547188,True,37.5,36.5,38.6,0.95,0.05,0.0,0.7,0.03,2,1785412522.3279479,False,True,True,False,1785412500.216274,False,True,1,0,False
1784849457.3002179,20,1785412532.3044891,37.489127946898606,0.630203707942321,37.03517204547188,True,37.5,36.5,38.6,0.95,0.05,0.0,0.7,0.03,2,1785412542.3319216,False,True,True,False,1785412500.216274,False,True,1,0,False
1784849457.3002179,20,1785412552.3108912,37.48645761806668,0.630470740825513,37.02182040131228,True,37.5,36.5,38.6,0.95,0.05,0.0,0.7,0.03,2,1785412562.338439,False,False,True,False,1785412500.216274,False,True,1,0,False
1784849457.3002179,20,1785412572.317255,37.50247959105822,0.6303944457160295,37.04318303196766,True,37.5,36.5,38.6,0.95,0.05,0.0,0.7,0.03,2,1785412582.3442845,False,True,True,False,1785412500.216274,False,1,0,0,False
1784849457.3002179,20,1785412592.3235068,37.49980926222629,0.6301464866102083,37.02716105897612,True,37.5,36.5,38.6,0.95,0.05,0.0,0.7,0.03,2,1785412602.3508022,False,True,True,False,1785412500.216274,False,True,1,0,False
1784849457.3002179,20,1785412612.3297195,37.51850156404974,0.6299557488364995,37.05920500495918,True,37.5,36.5,38.6,0.95,0.05,0.0,0.7,0.03,2,1785412622.3571131,False,True,True,False,1785412500.216274,False,1,0,0,False
1784849457.3002179,20,1785412632.33601,37.53719386587319,0.6303753719386588,37.08056763561456,True,37.5,36.5,38.6,0.95,0.05,0.0,0.7,0.03,2,1785412642.3636844,False,True,True,False,1785412500.216274,False,1,0,0,False
1784849457.3002179,20,1785412652.3422358,37.52918287937743,0.6303181506065461,37.08323796444648,True,37.5,36.5,38.6,0.95,0.05,0.0,0.7,0.03,2,1785412662.3694875,False,True,True,False,1785412500.216274,False,1,0,0,False
1784849457.3002179,20,1785412672.3484335,37.550545510032805,0.6303181506065461,37.067215991454944,True,37.5,36.5,38.6,0.95,0.05,0.0,0.7,0.03,2,1785412682.3757005,False,True,True,True,1785412680.2162886,False,1,0,0,False
1784849457.3002179,20,1785412692.3557422,37.507820248722055,0.6300701915007249,37.04585336079957,True,37.5,36.5,38.6,0.95,0.05,0.0,0.7,0.03,2,1785412702.385629,False,True,True,False,1785412680.2162886,False,1,0,0,False
1784849457.3002179,20,1785412712.3648562,37.50247959105822,0.630203707942321,37.03517204547188,True,37.5,36.5,38.6,0.95,0.05,0.0,0.7,0.03,2,1785412722.3937097,False,True,True,False,1785412680.2162886,False,1,0,0,False
1784849457.3002179,20,1785412732.3740916,37.46242465857938,0.6302609292744336,37.01380941481651,True,37.5,36.5,38.6,0.95,0.05,0.0,0.7,0.03,2,1785412742.402637,False,False,True,False,1785412680.2162886,False,True,1,0,False
1784849457.3002179,20,1785412752.3828356,37.43305104142824,0.6301274128328375,36.989776455329206,True,37.5,36.5,38.6,0.95,0.05,0.0,0.7,0.03,2,1785412762.4120698,False,True,True,False,1785412680.2162886,False,True,1,0,False
1784849457.3002179,20,1785412772.3919048,37.41702906843672,0.6302609292744336,36.989776455329206,True,37.5,36.5,38.6,0.95,0.05,0.0,0.7,0.03,2,1785412782.42297,False,True,True,False,1785412680.2162886,False,True,1,0,False
1784849457.3002179,20,1785412792.4002404,37.47310597390707,0.6305279621576257,37.00045777065691,True,37.5,36.5,38.6,0.95,0.05,0.0,0.7,0.03,2,1785412802.4315312,False,True,True,False,1785412680.2162886,False,True,1,0,False
1784849457.3002179,20,1785412812.4068127,37.550545510032805,0.6302609292744336,37.091248950942244,True,37.5,36.5,38.6,0.95,0.05,0.0,0.7,0.03,2,1785412822.4339702,True,True,True,False,1785412680.2162886,False,1,0,0,False
1784849457.3002179,20,1785412832.4130907,37.55855649652857,0.6302418554970626,37.11795223926147,True,37.5,36.5,38.6,0.95,0.05,0.0,0.7,0.03,2,1785412842.440769,True,True,True,False,1785412680.2162886,False,1,0,0,False
1784849457.3002179,20,1785412852.4194334,37.598611429007406,0.6303181506065461,37.12596322575723,True,37.5,36.5,38.6,0.95,0.05,0.0,0.7,0.03,2,1785412862.4468396,True,True,True,True,1785412860.2163072,False,1,0,0,False
1784849457.3002179,20,1785412872.4256077,37.58793011367972,0.6302227817196918,37.158007171740294,True,37.5,36.5,38.6,0.95,0.05,0.0,0.7,0.03,2,1785412882.455646,True,True,True,False,1785412860.2163072,False,1,0,0,False
1784849457.3002179,20,1785412892.4320154,37.53986419470512,0.6305470359349965,37.14732585641261,True,37.5,36.5,38.6,0.95,0.05,0.0,0.7,0.03,2,1785412902.461526,True,False,True,False,1785412860.2163072,False,1,0,0,False
1784849457.3002179,20,1785412912.4385564,37.513160906385906,0.63062333104448,37.12596322575723,True,37.5,36.5,38.6,0.95,0.05,0.0,0.7,0.03,2,1785412922.4654384,True,True,True,False,1785412860.2163072,False,1,0,0,False
1784849457.3002179,20,1785412932.4446416,37.52117189288167,0.630051117723354,37.14732585641261,True,37.5,36.5,38.6,0.95,0.05,0.0,0.7,0.03,2,1785412942.4715858,True,False,True,False,1785412860.2163072,False,1,0,0,False
1784849457.3002179,20,1785412952.4506285,37.507820248722055,0.6302418554970626,37.11261158159762,True,37.5,36.5,38.6,0.95,0.05,0.0,0.7,0.03,2,1785412962.4773316,True,True,True,False,1785412860.2163072,False,1,0,0,False
1784849457.3002179,20,1785412972.4565125,37.49713893339437,0.630051117723354,37.091248950942244,True,37.5,36.5,38.6,0.95,0.05,0.0,0.7,0.03,2,1785412982.4832501,True,True,True,False,1785412860.2163072,False,True,1,0,False
1784849457.3002179,20,1785412992.4627278,37.49446860456244,0.630489814602884,37.08056763561456,True,37.5,36.5,38.6,0.95,0.05,0.0,0.7,0.03,2,1785413002.489415,True,True,True,False,1785412860.2163072,False,True,1,0,False
1784849457.3002179,20,1785413012.4687662,37.49713893339437,0.6300129701686121,37.08056763561456,True,37.5,36.5,38.6,0.95,0.05,0.0,0.7,0.03,2,1785413022.4959896,True,True,True,False,1785412860.2163072,False,True,1,0,False
1784849457.3002179,20,1785413032.4749043,37.46776531624323,0.6300892652780956,37.096589608606095,True,37.5,36.5,38.6,0.95,0.05,0.0,0.7,0.03,2,1785413042.5034425,True,True,True,True,1785413040.2163103,False,True,1,0,False
1784849457.3002179,20,1785413052.4810016,37.507820248722055,0.6301655603875791,37.13130388342107,True,37.5,36.5,38.6,0.95,0.05,0.0,0.7,0.03,2,1785413062.507759,True,True,True,False,1785413040.2163103,False,1,0,0,False
1784849457.3002179,20,1785413072.487219,37.513160906385906,0.6300129701686121,37.13130388342107,True,37.5,36.5,38.6,0.95,0.05,0.0,0.7,0.03,2,1785413082.5145354,True,True,True,False,1785413040.2163103,False,1,0,0,False
1784849457.3002179,20,1785413092.4934769,37.507820248722055,0.6300320439459831,37.12596322575723,True,37.5,36.5,38.6,0.95,0.05,0.0,0.7,0.03,2,1785413102.5207217,True,True,True,False,1785413040.2163103,False,1,0,0,False
1784849457.3002179,20,1785413112.5004363,37.555886167696656,0.6304135194934005,37.14732585641261,True,37.5,36.5,38.6,0.95,0.05,0.0,0.7,0.03,2,1785413122.5283518,True,True,True,False,1785413040.2163103,False,1,0,0,False
1784849457.3002179,20,1785413132.5075169,37.52117189288167,0.630203707942321,37.13130388342107,True,37.5,36.5,38.6,0.95,0.05,0.0,0.7,0.03,2,1785413142.5340395,True,True,True,False,1785413040.2163103,False,1,0,0,False
1784849457.3002179,20,1785413152.5136507,37.507820248722055,0.6299366750591286,37.12863355458916,True,37.5,36.5,38.6,0.95,0.05,0.0,0.7,0.03,2,1785413162.540248,True,True,True,False,1785413040.2163103,False,1,0,0,False
1784849457.3002179,20,1785413172.5196447,37.48645761806668,0.6299938963912414,37.12329289692531,True,37.5,36.5,38.6,0.95,0.05,0.0,0.7,0.03,2,1785413182.546763,True,True,True,False,1785413040.2163103,False,True,1,0,False
1784849457.3002179,20,1785413192.5256598,37.489127946898606,0.6301655603875791,37.096589608606095,True,37.5,36.5,38.6,0.95,0.05,0.0,0.7,0.03,2,1785413202.552864,True,True,True,False,1785413040.2163103,False,True,1,0,False
1784849457.3002179,20,1785413212.531795,37.43305104142824,0.6299557488364995,37.06454566262303,True,37.5,36.5,38.6,0.95,0.05,0.0,0.7,0.03,2,1785413222.5590189,True,True,True,True,1785413220.2163255,False,True,1,0,False
1784849457.3002179,20,1785413232.5378797,37.45708400091554,0.6301274128328375,37.08056763561456,True,37.5,36.5,38.6,0.95,0.05,0.0,0.7,0.03,2,1785413242.565304,True,True,True,False,1785413220.2163255,False,True,1,0,False
1784849457.3002179,20,1785413252.5444744,37.481116960402844,0.6299176012817579,37.08323796444648,True,37.5,36.5,38.6,0.95,0.05,0.0,0.7,0.03,2,1785413262.5718515,True,True,True,False,1785413220.2163255,False,True,1,0,False
1784849457.3002179,20,1785413272.552204,37.49179827573053,0.630051117723354,37.08323796444648,True,37.5,36.5,38.6,0.95,0.05,0.0,0.7,0.03,2,1785413282.579786,True,True,True,False,1785413220.2163255,False,True,1,0,False
1784849457.3002179,20,1785413292.5586176,37.481116960402844,0.6300701915007249,37.09391927977417,True,37.5,36.5,38.6,0.95,0.05,0.0,0.7,0.03,2,1785413302.5853403,True,True,True,False,1785413220.2163255,False,True,1,0,False
1784849457.3002179,20,1785413312.5646603,37.507820248722055,0.630203707942321,37.109941252765694,True,37.5,36.5,38.6,0.95,0.05,0.0,0.7,0.03,2,1785413322.59161,True,True,True,False,1785413220.2163255,False,1,0,0,False
1784849457.3002179,20,1785413332.5709283,37.569237811856254,0.6302609292744336,37.13664454108492,True,37.5,36.5,38.6,0.95,0.05,0.0,0.7,0.03,2,1785413342.5981283,True,True,True,False,1785413220.2163255,False,1,0,0,False
1784849457.3002179,20,1785413352.5770772,37.550545510032805,0.6300129701686121,37.139314869916845,True,37.5,36.5,38.6,0.95,0.05,0.0,0.7,0.03,2,1785413362.604193,True,True,True,False,1785413220.2163255,False,1,0,0,False
1784849457.3002179,20,1785413372.5832691,37.53986419470512,0.6302418554970626,37.12329289692531,True,37.5,36.5,38.6,0.95,0.05,0.0,0.7,0.03,2,1785413382.6104696,True,True,True,False,1785413220.2163255,False,1,0,0,False
1784849457.3002179,20,1785413392.58927,37.526512550545505,0.6301083390554666,37.10727092393378,True,37.5,36.5,38.6,0.95,0.05,0.0,0.7,0.03,2,1785413402.6170208,True,True,True,True,1785413400.2163537,False,1,0,0,False
1784849457.3002179,20,1785413412.595325,37.48645761806668,0.6302990768291753,37.10727092393378,True,37.5,36.5,38.6,0.95,0.05,0.0,0.7,0.03,2,1785413422.6224184,True,True,True,False,1785413400.2163537,False,True,1,0,False
1784849457.3002179,20,1785413432.6012187,37.46242465857938,0.630051117723354,37.06454566262303,True,37.5,36.5,38.6,0.95,0.05,0.0,0.7,0.03,2,1785413442.6283,True,True,True,False,1785413400.2163537,False,True,1,0,False
1784849457.3002179,20,1785413452.607262,37.45975432974747,0.6302800030518044,37.05653467612726,True,37.5,36.5,38.6,0.95,0.05,0.0,0.7,0.03,2,1785413462.6345382,True,True,True,False,1785413400.2163537,False,True,1,0,False
1784849457.3002179,20,1785413472.6135783,37.45975432974747,0.630203707942321,37.05653467612726,True,37.5,36.5,38.6,0.95,0.05,0.0,0.7,0.03,2,1785413482.642164,True,True,True,False,1785413400.2163537,False,True,1,0,False
1784849457.3002179,20,1785413492.6198566,37.45975432974747,0.6299176012817579,37.05653467612726,True,37.5,36.5,38.6,0.95,0.05,0.0,0.7,0.03,2,1785413502.6464734,True,True,True,False,1785413400.2163537,False,True,1,0,False
1784849457.3002179,20,1785413512.626024,37.507820248722055,0.6299557488364995,37.09391927977417,True,37.5,36.5,38.6,0.95,0.05,0.0,0.7,0.03,2,1785413522.6526985,True,True,True,False,1785413400.2163537,False,1,0,0,False
1784849457.3002179,20,1785413532.6321878,37.526512550545505,0.630051117723354,37.109941252765694,True,37.5,36.5,38.6,0.95,0.05,0.0,0.7,0.03,2,1785413542.6595104,True,True,True,False,1785413400.2163537,False,1,0,0,False
1784849457.3002179,20,1785413552.6385055,37.53452353704128,0.6302609292744336,37.10193026626993,True,37.5,36.5,38.6,0.95,0.05,0.0,0.7,0.03,2,1785413562.6656573,True,True,True,False,1785413400.2163537,False,1,0,0,False
1784849457.3002179,20,1785413572.6446157,37.507820248722055,0.629879453727016,37.10727092393378,True,37.5,36.5,38.6,0.95,0.05,0.0,0.7,0.03,2,1785413582.6718829,True,True,True,True,1785413580.2163587,False,1,0,0,False
1784849457.3002179,20,1785413592.6508143,37.49980926222629,0.6298031586175326,37.091248950942244,True,37.5,36.5,38.6,0.95,0.05,0.0,0.7,0.03,2,1785413602.6774256,True,True,True,False,1785413580.2163587,False,True,1,0,False
1784849457.3002179,20,1785413612.6569269,37.48645761806668,0.6300892652780956,37.091248950942244,True,37.5,36.5,38.6,0.95,0.05,0.0,0.7,0.03,2,1785413622.6842933,True,True,True,False,1785413580.2163587,False,True,1,0,False
1784849457.3002179,20,1785413632.663074,37.483787289234755,0.6297077897306782,37.096589608606095,True,37.5,36.5,38.6,0.95,0.05,0.0,0.7,0.03,2,1785413642.690405,True,True,True,False,1785413580.2163587,False,True,1,0,False
1784849457.3002179,20,1785413652.6691747,37.507820248722055,0.6301655603875791,37.109941252765694,True,37.5,36.5,38.6,0.95,0.05,0.0,0.7,0.03,2,1785413662.6959085,True,True,True,False,1785413580.2163587,False,1,0,0,False
1784849457.3002179,20,1785413672.6753733,37.49179827573053,0.6297268635080491,37.09391927977417,True,37.5,36.5,38.6,0.95,0.05,0.0,0.7,0.03,2,1785413682.7026966,True,True,True,False,1785413580.2163587,False,True,1,0,False
1784849457.3002179,20,1785413692.6816254,37.507820248722055,0.6301274128328375,37.10460059510186,True,37.5,36.5,38.6,0.95,0.05,0.0,0.7,0.03,2,1785413702.7084708,True,True,True,False,1785413580.2163587,False,1,0,0,False
1784849457.3002179,20,1785413712.6878273,37.507820248722055,0.6300892652780956,37.12062256809338,True,37.5,36.5,38.6,0.95,0.05,0.0,0.7,0.03,2,1785413722.715004,True,True,True,False,1785413580.2163587,False,1,0,0,False
1784849457.3002179,20,1785413732.6939354,37.489127946898606,0.6301655603875791,37.109941252765694,True,37.5,36.5,38.6,0.95,0.05,0.0,0.7,0.03,2,1785413742.7210114,True,True,True,False,1785413580.2163587,False,True,1,0,False
1784849457.3002179,20,1785413752.699948,37.45441367208362,0.6297840848401617,37.096589608606095,True,37.5,36.5,38.6,0.95,0.05,0.0,0.7,0.03,2,1785413762.7267761,True,True,True,True,1785413760.2163615,False,True,1,0,False
1784849457.3002179,20,1785413772.7060494,37.47577630273899,0.6296505683985656,37.06454566262303,True,37.5,36.5,38.6,0.95,0.05,0.0,0.7,0.03,2,1785413782.7332284,True,True,True,False,1785413760.2163615,False,True,1,0,False
1784849457.3002179,20,1785413792.712162,37.489127946898606,0.6299938963912414,37.10193026626993,True,37.5,36.5,38.6,0.95,0.05,0.0,0.7,0.03,2,1785413802.7394586,True,True,True,False,1785413760.2163615,False,True,1,0,False
1784849457.3002179,20,1785413812.7183712,37.49179827573053,0.6300320439459831,37.10727092393378,True,37.5,36.5,38.6,0.95,0.05,0.0,0.7,0.03,2,1785413822.745128,True,True,True,False,1785413760.2163615,False,True,1,0,False
1784849457.3002179,20,1785413832.7244837,37.51049057755398,0.6298603799496452,37.06988632028687,True,37.5,36.5,38.6,0.95,0.05,0.0,0.7,0.03,2,1785413842.7527075,True,True,True,False,1785413760.2163615,False,1,0,0,False
1784849457.3002179,20,1785413852.73063,37.507820248722055,0.6298222323949035,37.10460059510186,True,37.5,36.5,38.6,0.95,0.05,0.0,0.7,0.03,2,1785413862.757857,True,True,True,False,1785413760.2163615,False,1,0,0,False
1784849457.3002179,20,1785413872.7367628,37.507820248722055,0.6298222323949035,37.109941252765694,True,37.5,36.5,38.6,0.95,0.05,0.0,0.7,0.03,2,1785413882.7638597,True,True,True,False,1785413760.2163615,False,1,0,0,False
1784849457.3002179,20,1785413892.7427785,37.48645761806668,0.6300320439459831,37.05653467612726,True,37.5,36.5,38.6,0.95,0.05,0.0,0.7,0.03,2,1785413902.7695348,True,True,True,False,1785413760.2163615,False,True,1,0,False
1784849457.3002179,20,1785413912.7487526,37.470435645075156,0.6300701915007249,37.09391927977417,True,37.5,36.5,38.6,0.95,0.05,0.0,0.7,0.03,2,1785413922.7760797,True,False,True,False,1785413760.2163615,False,True,1,0,False
1784849457.3002179,20,1785413932.7548773,37.47310597390707,0.629898527504387,37.05653467612726,True,37.5,36.5,38.6,0.95,0.05,0.0,0.7,0.03,2,1785413942.781518,True,True,True,True,1785413940.2163653,False,True,1,0,False
1784849457.3002179,20,1785413952.760891,37.470435645075156,0.629898527504387,37.08056763561456,True,37.5,36.5,38.6,0.95,0.05,0.0,0.7,0.03,2,1785413962.788028,True,True,True,False,1785413940.2163653,False,True,1,0,False
1784849457.3002179,20,1785413972.7670932,37.481116960402844,0.6300129701686121,37.11795223926147,True,37.5,36.5,38.6,0.95,0.05,0.0,0.7,0.03,2,1785413982.7938256,True,True,True,False,1785413940.2163653,False,True,1,0,False
1784849457.3002179,20,1785413992.7732058,37.483787289234755,0.6297650110627909,37.091248950942244,True,37.5,36.5,38.6,0.95,0.05,0.0,0.7,0.03,2,1785414002.8005147,True,True,True,False,1785413940.2163653,False,True,1,0,False
1784849457.3002179,20,1785414012.779367,37.49713893339437,0.6298603799496452,37.11261158159762,True,37.5,36.5,38.6,0.95,0.05,0.0,0.7,0.03,2,1785414022.80715,True,True,True,False,1785413940.2163653,False,True,1,0,False
1784849457.3002179,20,1785414032.7855797,37.531853208209355,0.6296887159533074,37.14465552758068,True,37.5,36.5,38.6,0.95,0.05,0.0,0.7,0.03,2,1785414042.8128178,True,True,True,False,1785413940.2163653,False,1,0,0,False
1784849457.3002179,20,1785414052.7917032,37.56122682536049,0.6302990768291753,37.158007171740294,True,37.5,36.5,38.6,0.95,0.05,0.0,0.7,0.03,2,1785414062.8185387,True,True,True,False,1785413940.2163653,False,1,0,0,False
1784849457.3002179,20,1785414072.7977839,37.550545510032805,0.6299366750591286,37.13664454108492,True,37.5,36.5,38.6,0.95,0.05,0.0,0.7,0.03,2,1785414082.8249853,True,True,True,False,1785413940.2163653,False,1,0,0,False
1784849457.3002179,20,1785414092.8038983,37.52918287937743,0.6298603799496452,37.12062256809338,True,37.5,36.5,38.6,0.95,0.05,0.0,0.7,0.03,2,1785414102.8306007,True,True,True,False,1785413940.2163653,False,1,0,0,False
1784849457.3002179,20,1785414112.8099718,37.52384222171359,0.6300320439459831,37.109941252765694,True,37.5,36.5,38.6,0.95,0.05,0.0,0.7,0.03,2,1785414122.837083,True,True,True,True,1785414120.2163923,False,1,0,0,False
1784849457.3002179,20,1785414132.8159394,37.483787289234755,0.6297650110627909,37.09391927977417,True,37.5,36.5,38.6,0.95,0.05,0.0,0.7,0.03,2,1785414142.8431532,True,True,True,False,1785414120.2163923,False,True,1,0,False
1784849457.3002179,20,1785414152.8220227,37.470435645075156,0.6300129701686121,37.08056763561456,True,37.5,36.5,38.6,0.95,0.05,0.0,0.7,0.03,2,1785414162.849012,True,True,True,False,1785414120.2163923,False,True,1,0,False
1784849457.3002179,20,1785414172.8281116,37.43305104142824,0.629612420843824,37.08590829327841,True,37.5,36.5,38.6,0.95,0.05,0.0,0.7,0.03,2,1785414182.855339,True,True,True,False,1785414120.2163923,False,True,1,0,False
1784849457.3002179,20,1785414192.8342803,37.47844663157092,0.6300701915007249,37.091248950942244,True,37.5,36.5,38.6,0.95,0.05,0.0,0.7,0.03,2,1785414202.8609552,True,False,True,False,1785414120.2163923,False,True,1,0,False
1784849457.3002179,20,1785414212.8403716,37.47577630273899,0.6299557488364995,37.08590829327841,True,37.5,36.5,38.6,0.95,0.05,0.0,0.7,0.03,2,1785414222.8676116,True,True,True,False,1785414120.2163923,False,True,1,0,False
1784849457.3002179,20,1785414232.8466537,37.483787289234755,0.6299557488364995,37.10727092393378,True,37.5,36.5,38.6,0.95,0.05,0.0,0.7,0.03,2,1785414242.8743865,True,True,True,False,1785414120.2163923,False,True,1,0,False
1784849457.3002179,20,1785414252.8543558,37.50247959105822,0.6296505683985656,37.09391927977417,True,37.5,36.5,38.6,0.95,0.05,0.0,0.7,0.03,2,1785414262.8834243,True,True,True,False,1785414120.2163923,False,1,0,0,False
1784849457.3002179,20,1785414272.8631492,37.555886167696656,0.6296887159533074,37.13130388342107,True,37.5,36.5,38.6,0.95,0.05,0.0,0.7,0.03,2,1785414282.8929932,True,False,True,False,1785414120.2163923,False,1,0,0,False
1784849457.3002179,20,1785414292.8720727,37.513160906385906,0.6297650110627909,37.10460059510186,True,37.5,36.5,38.6,0.95,0.05,0.0,0.7,0.03,2,1785414302.9023786,True,True,True,True,1785414300.2164133,False,1,0,0,False
1784849457.3002179,20,1785414312.8801012,37.470435645075156,0.6298222323949035,37.09391927977417,True,37.5,36.5,38.6,0.95,0.05,0.0,0.7,0.03,2,1785414322.9066422,True,True,True,False,1785414300.2164133,False,True,1,0,False
1784849457.3002179,20,1785414332.8862133,37.441062027924005,0.6296696421759366,37.05653467612726,True,37.5,36.5,38.6,0.95,0.05,0.0,0.7,0.03,2,1785414342.9133317,True,True,True,False,1785414300.2164133,False,True,1,0,False
1784849457.3002179,20,1785414352.8923593,37.44373235675593,0.6298413061722744,37.06454566262303,True,37.5,36.5,38.6,0.95,0.05,0.0,0.7,0.03,2,1785414362.91961,True,True,True,False,1785414300.2164133,False,True,1,0,False
1784849457.3002179,20,1785414372.898525,37.47577630273899,0.629898527504387,37.091248950942244,True,37.5,36.5,38.6,0.95,0.05,0.0,0.7,0.03,2,1785414382.925749,True,False,True,False,1785414300.2164133,False,True,1,0,False
1784849457.3002179,20,1785414392.9046533,37.51049057755398,0.6295170519569696,37.11261158159762,True,37.5,36.5,38.6,0.95,0.05,0.0,0.7,0.03,2,1785414402.9319232,True,True,True,False,1785414300.2164133,False,1,0,0,False
1784849457.3002179,20,1785414412.9109416,37.513160906385906,0.6298413061722744,37.10727092393378,True,37.5,36.5,38.6,0.95,0.05,0.0,0.7,0.03,2,1785414422.9383135,True,True,True,False,1785414300.2164133,False,1,0,0,False
1784849457.3002179,20,1785414432.9171932,37.50514991989013,0.6301083390554666,37.10727092393378,True,37.5,36.5,38.6,0.95,0.05,0.0,0.7,0.03,2,1785414442.9442637,True,True,True,False,1785414300.2164133,False,1,0,0,False
1784849457.3002179,20,1785414452.923257,37.49713893339437,0.6298413061722744,37.09391927977417,True,37.5,36.5,38.6,0.95,0.05,0.0,0.7,0.03,2,1785414462.9506662,True,True,True,False,1785414300.2164133,False,True,1,0,False
1784849457.3002179,20,1785414472.9293952,37.507820248722055,0.6299366750591286,37.109941252765694,True,37.5,36.5,38.6,0.95,0.05,0.0,0.7,0.03,2,1785414482.9566643,True,True,True,True,1785414480.2164183,False,1,0,0,False
1784849457.3002179,20,1785414492.9364297,37.507820248722055,0.6298222323949035,37.109941252765694,True,37.5,36.5,38.6,0.95,0.05,0.0,0.7,0.03,2,1785414502.9634767,True,True,True,False,1785414480.2164183,False,1,0,0,False
1784849457.3002179,20,1785414512.9428763,37.481116960402844,0.6298031586175326,37.10460059510186,True,37.5,36.5,38.6,0.95,0.05,0.0,0.7,0.03,2,1785414522.9711993,True,True,True,False,1785414480.2164183,False,True,1,0,False
1784849457.3002179,20,1785414532.9496315,37.47844663157092,0.6298603799496452,37.10460059510186,True,37.5,36.5,38.6,0.95,0.05,0.0,0.7,0.03,2,1785414542.9794593,True,True,True,False,1785414480.2164183,False,True,1,0,False
1784849457.3002179,20,1785414552.956523,37.465094987411305,0.6299176012817579,37.10727092393378,True,37.5,36.5,38.6,0.95,0.05,0.0,0.7,0.03,2,1785414562.9858477,True,True,True,False,1785414480.2164183,False,True,1,0,False
1784849457.3002179,20,1785414572.9630523,37.44907301441978,0.6295361257343405,37.096589608606095,True,37.5,36.5,38.6,0.95,0.05,0.0,0.7,0.03,2,1785414582.9904664,True,False,True,False,1785414480.2164183,False,True,1,0,False
1784849457.3002179,20,1785414592.9693754,37.489127946898606,0.6298413061722744,37.11261158159762,True,37.5,36.5,38.6,0.95,0.05,0.0,0.7,0.03,2,1785414602.9973545,True,True,True,False,1785414480.2164183,False,True,1,0,False
1784849457.3002179,20,1785414612.9755943,37.48645761806668,0.6294979781795986,37.10727092393378,True,37.5,36.5,38.6,0.95,0.05,0.0,0.7,0.03,2,1785414623.003572,True,True,True,False,1785414480.2164183,False,True,1,0,False
1784849457.3002179,20,1785414632.981743,37.53719386587319,0.6298413061722744,37.11795223926147,True,37.5,36.5,38.6,0.95,0.05,0.0,0.7,0.03,2,1785414643.0084946,True,True,True,False,1785414480.2164183,False,1,0,0,False
1784849457.3002179,20,1785414652.9879956,37.53452353704128,0.629898527504387,37.158007171740294,True,37.5,36.5,38.6,0.95,0.05,0.0,0.7,0.03,2,1785414663.015317,True,True,True,True,1785414660.2164278,False,1,0,0,False
1784849457.3002179,20,1785414672.9942892,37.52918287937743,0.6297650110627909,37.12062256809338,True,37.5,36.5,38.6,0.95,0.05,0.0,0.7,0.03,2,1785414683.0214968,True,True,True,False,1785414660.2164278,False,1,0,0,False
1784849457.3002179,20,1785414693.00044,37.513160906385906,0.6297077897306782,37.109941252765694,True,37.5,36.5,38.6,0.95,0.05,0.0,0.7,0.03,2,1785414703.0278208,True,True,True,False,1785414660.2164278,False,1,0,0,False
1784849457.3002179,20,1785414713.0066926,37.49713893339437,0.6298413061722744,37.09391927977417,True,37.5,36.5,38.6,0.95,0.05,0.0,0.7,0.03,2,1785414723.033466,True,True,True,False,1785414660.2164278,False,True,1,0,False
1784849457.3002179,20,1785414733.012818,37.46242465857938,0.6294979781795986,37.08857862211032,True,37.5,36.5,38.6,0.95,0.05,0.0,0.7,0.03,2,1785414743.0396788,True,True,True,False,1785414660.2164278,False,True,1,0,False
1784849457.3002179,20,1785414753.0189898,37.45975432974747,0.6298603799496452,37.096589608606095,True,37.5,36.5,38.6,0.95,0.05,0.0,0.7,0.03,2,1785414763.0456088,True,True,True,False,1785414660.2164278,False,True,1,0,False
1784849457.3002179,20,1785414773.0249574,37.49713893339437,0.629898527504387,37.07522697795072,True,37.5,36.5,38.6,0.95,0.05,0.0,0.7,0.03,2,1785414783.0517535,True,True,True,False,1785414660.2164278,False,True,1,0,False
1784849457.3002179,20,1785414793.0316522,37.51049057755398,0.6297840848401617,37.10727092393378,True,37.5,36.5,38.6,0.95,0.05,0.0,0.7,0.03,2,1785414803.0602157,True,True,True,False,1785414660.2164278,False,1,0,0,False
1784849457.3002179,20,1785414813.0394402,37.50247959105822,0.6298413061722744,37.12329289692531,True,37.5,36.5,38.6,0.95,0.05,0.0,0.7,0.03,2,1785414823.0684757,True,True,True,False,1785414660.2164278,False,1,0,0,False
1784849457.3002179,20,1785414833.0477316,37.52117189288167,0.629879453727016,37.11261158159762,True,37.5,36.5,38.6,0.95,0.05,0.0,0.7,0.03,2,1785414843.07677,True,True,True,True,1785414840.2164447,False,1,0,0,False
1784849457.3002179,20,1785414853.0559993,37.53986419470512,0.62974593728542,37.10460059510186,True,37.5,36.5,38.6,0.95,0.05,0.0,0.7,0.03,2,1785414863.0844843,True,True,True,False,1785414840.2164447,False,1,0,0,False
1784849457.3002179,20,1785414873.0643651,37.49713893339437,0.6295933470664531,37.08857862211032,True,37.5,36.5,38.6,0.95,0.05,0.0,0.7,0.03,2,1785414883.0928926,True,True,True,False,1785414840.2164447,False,True,1,0,False
1784849457.3002179,20,1785414893.071952,37.465094987411305,0.6293835355153735,37.08857862211032,True,37.5,36.5,38.6,0.95,0.05,0.0,0.7,0.03,2,1785414903.1002429,True,True,True,False,1785414840.2164447,False,True,1,0,False
1784849457.3002179,20,1785414913.0788364,37.481116960402844,0.6293453879606317,37.08323796444648,True,37.5,36.5,38.6,0.95,0.05,0.0,0.7,0.03,2,1785414923.1108577,True,True,True,False,1785414840.2164447,False,True,1,0,False
1784849457.3002179,20,1785414933.0849185,37.47310597390707,0.6297268635080491,37.099259937438006,True,37.5,36.5,38.6,0.95,0.05,0.0,0.7,0.03,2,1785414943.1140258,True,True,True,False,1785414840.2164447,False,True,1,0,False
1784849457.3002179,20,1785414953.091226,37.50247959105822,0.6294789044022278,37.096589608606095,True,37.5,36.5,38.6,0.95,0.05,0.0,0.7,0.03,2,1785414963.1206672,True,True,True,False,1785414840.2164447,False,1,0,0,False
1784849457.3002179,20,1785414973.0987768,37.49179827573053,0.629879453727016,37.08590829327841,True,37.5,36.5,38.6,0.95,0.05,0.0,0.7,0.03,2,1785414983.1310797,True,True,True,False,1785414840.2164447,False,True,1,0,False
1784849457.3002179,20,1785414993.106639,37.55855649652857,0.630051117723354,37.091248950942244,True,37.5,36.5,38.6,0.95,0.05,0.0,0.7,0.03,2,1785415003.133366,True,True,True,False,1785414840.2164447,False,1,0,0,False
1784849457.3002179,20,1785415013.1127734,37.52384222171359,0.6298603799496452,37.091248950942244,True,37.5,36.5,38.6,0.95,0.05,0.0,0.7,0.03,2,1785415023.1400402,True,True,True,True,1785415020.216473,False,1,0,0,False
1784849457.3002179,20,1785415033.1191332,37.51049057755398,0.6296696421759366,37.096589608606095,True,37.5,36.5,38.6,0.95,0.05,0.0,0.7,0.03,2,1785415043.1464298,True,True,True,False,1785415020.216473,False,1,0,0,False
1784849457.3002179,20,1785415053.1252952,37.465094987411305,0.6298413061722744,37.08323796444648,True,37.5,36.5,38.6,0.95,0.05,0.0,0.7,0.03,2,1785415063.1530995,True,True,True,False,1785415020.216473,False,True,1,0,False
1784849457.3002179,20,1785415073.1320455,37.48645761806668,0.6297077897306782,37.072556649118795,True,37.5,36.5,38.6,0.95,0.05,0.0,0.7,0.03,2,1785415083.1593063,True,True,True,False,1785415020.216473,False,True,1,0,False
1784849457.3002179,20,1785415093.1392722,37.470435645075156,0.6299366750591286,37.067215991454944,True,37.5,36.5,38.6,0.95,0.05,0.0,0.7,0.03,2,1785415103.166601,True,True,True,False,1785415020.216473,False,True,1,0,False
1784849457.3002179,20,1785415113.1459548,37.49713893339437,0.629898527504387,37.072556649118795,True,37.5,36.5,38.6,0.95,0.05,0.0,0.7,0.03,2,1785415123.1729815,True,True,True,False,1785415020.216473,False,True,1,0,False
1784849457.3002179,20,1785415133.1521037,37.49446860456244,0.6296314946211947,37.09391927977417,True,37.5,36.5,38.6,0.95,0.05,0.0,0.7,0.03,2,1785415143.1790094,True,True,True,False,1785415020.216473,False,True,1,0,False
1784849457.3002179,20,1785415153.1583252,37.48645761806668,0.6295742732890821,37.08590829327841,True,37.5,36.5,38.6,0.95,0.05,0.0,0.7,0.03,2,1785415163.1852975,True,True,True,False,1785415020.216473,False,True,1,0,False
1784849457.3002179,20,1785415173.1644773,37.49713893339437,0.6294026092927443,37.11795223926147,True,37.5,36.5,38.6,0.95,0.05,0.0,0.7,0.03,2,1785415183.1911955,True,True,True,False,1785415020.216473,False,True,1,0,False
1784849457.3002179,20,1785415193.1705728,37.526512550545505,0.629879453727016,37.12329289692531,True,37.5,36.5,38.6,0.95,0.05,0.0,0.7,0.03,2,1785415203.1974719,True,False,True,True,1785415200.2164817,False,1,0,0,False
1784849457.3002179,20,1785415213.176695,37.53986419470512,0.6294979781795986,37.12863355458916,True,37.5,36.5,38.6,0.95,0.05,0.0,0.7,0.03,2,1785415223.2037778,True,False,True,False,1785415200.2164817,False,1,0,0,False
1784849457.3002179,20,1785415233.1830199,37.49980926222629,0.6295551995117112,37.11795223926147,True,37.5,36.5,38.6,0.95,0.05,0.0,0.7,0.03,2,1785415243.2100883,True,True,True,False,1785415200.2164817,False,True,1,0,False
1784849457.3002179,20,1785415253.189307,37.507820248722055,0.6294026092927443,37.09391927977417,True,37.5,36.5,38.6,0.95,0.05,0.0,0.7,0.03,2,1785415263.216075,True,False,True,False,1785415200.2164817,False,1,0,0,False
1784849457.3002179,20,1785415273.1954968,37.481116960402844,0.6294407568474861,37.07789730678263,True,37.5,36.5,38.6,0.95,0.05,0.0,0.7,0.03,2,1785415283.2222533,True,True,True,False,1785415200.2164817,False,True,1,0,False
1784849457.3002179,20,1785415293.2015877,37.47577630273899,0.6295170519569696,37.115281910429545,True,37.5,36.5,38.6,0.95,0.05,0.0,0.7,0.03,2,1785415303.2293332,True,False,True,False,1785415200.2164817,False,True,1,0,False
1784849457.3002179,20,1785415313.2078428,37.470435645075156,0.6295933470664531,37.08323796444648,True,37.5,36.5,38.6,0.95,0.05,0.0,0.7,0.03,2,1785415323.2352126,True,True,True,False,1785415200.2164817,False,True,1,0,False
1784849457.3002179,20,1785415333.2140598,37.50514991989013,0.6295361257343405,37.09391927977417,True,37.5,36.5,38.6,0.95,0.05,0.0,0.7,0.03,2,1785415343.2412748,True,True,True,False,1785415200.2164817,False,1,0,0,False
1784849457.3002179,20,1785415353.2202504,37.470435645075156,0.6295933470664531,37.091248950942244,True,37.5,36.5,38.6,0.95,0.05,0.0,0.7,0.03,2,1785415363.2475336,True,True,True,False,1785415200.2164817,False,True,1,0,False
1784849457.3002179,20,1785415373.2264729,37.49713893339437,0.6294789044022278,37.12329289692531,True,37.5,36.5,38.6,0.95,0.05,0.0,0.7,0.03,2,1785415383.2537034,True,False,True,True,1785415380.2165146,False,True,1,0,False
1784849457.3002179,20,1785415393.2326124,37.50514991989013,0.6294789044022278,37.12863355458916,True,37.5,36.5,38.6,0.95,0.05,0.0,0.7,0.03,2,1785415403.2595732,True,True,True,False,1785415380.2165146,False,1,0,0,False
1784849457.3002179,20,1785415413.23897,37.51850156404974,0.629459830624857,37.133974212252994,True,37.5,36.5,38.6,0.95,0.05,0.0,0.7,0.03,2,1785415423.2661147,True,True,True,False,1785415380.2165146,False,1,0,0,False
1784849457.3002179,20,1785415433.2451053,37.49980926222629,0.629459830624857,37.11261158159762,True,37.5,36.5,38.6,0.95,0.05,0.0,0.7,0.03,2,1785415443.273382,True,True,True,False,1785415380.2165146,False,True,1,0,False
1784849457.3002179,20,1785415453.2520087,37.50247959105822,0.6292690928511482,37.12062256809338,True,37.5,36.5,38.6,0.95,0.05,0.0,0.7,0.03,2,1785415463.2800548,True,False,True,False,1785415380.2165146,False,1,0,0,False
1784849457.3002179,20,1785415473.2588658,37.48645761806668,0.629459830624857,37.13130388342107,True,37.5,36.5,38.6,0.95,0.05,0.0,0.7,0.03,2,1785415483.2855945,True,True,True,False,1785415380.2165146,False,True,1,0,False
1784849457.3002179,20,1785415493.2649593,37.49713893339437,0.6296696421759366,37.099259937438006,True,37.5,36.5,38.6,0.95,0.05,0.0,0.7,0.03,2,1785415503.2922292,True,True,True,False,1785415380.2165146,False,True,1,0,False
1784849457.3002179,20,1785415513.2711265,37.48645761806668,0.6294407568474861,37.109941252765694,True,37.5,36.5,38.6,0.95,0.05,0.0,0.7,0.03,2,1785415523.298399,True,True,True,False,1785415380.2165146,False,True,1,0,False
1784849457.3002179,20,1785415533.2773168,37.51583123521782,0.6293263141832608,37.099259937438006,True,37.5,36.5,38.6,0.95,0.05,0.0,0.7,0.03,2,1785415543.3045492,True,True,True,False,1785415380.2165146,False,1,0,0,False
1784849457.3002179,20,1785415553.283531,37.52384222171359,0.6291355764095522,37.133974212252994,True,37.5,36.5,38.6,0.95,0.05,0.0,0.7,0.03,2,1785415563.310876,True,True,True,True,1785415560.2165327,False,1,0,0,False
1784849457.3002179,20,1785415573.2897556,37.48645761806668,0.6296314946211947,37.11795223926147,True,37.5,36.5,38.6,0.95,0.05,0.0,0.7,0.03,2,1785415583.3170536,True,False,True,False,1785415560.2165327,False,True,1,0,False
1784849457.3002179,20,1785415593.295958,37.49980926222629,0.6294979781795986,37.096589608606095,True,37.5,36.5,38.6,0.95,0.05,0.0,0.7,0.03,2,1785415603.323217,True,True,True,False,1785415560.2165327,False,True,1,0,False
1784849457.3002179,20,1785415613.3022063,37.48645761806668,0.6295742732890821,37.11261158159762,True,37.5,36.5,38.6,0.95,0.05,0.0,0.7,0.03,2,1785415623.329577,True,True,True,False,1785415560.2165327,False,True,1,0,False
1784849457.3002179,20,1785415633.308473,37.49446860456244,0.6295170519569696,37.10193026626993,True,37.5,36.5,38.6,0.95,0.05,0.0,0.7,0.03,2,1785415643.3382938,True,True,True,False,1785415560.2165327,False,True,1,0,False
1784849457.3002179,20,1785415653.3174267,37.51850156404974,0.6294216830701151,37.099259937438006,True,37.5,36.5,38.6,0.95,0.05,0.0,0.7,0.03,2,1785415663.344632,True,False,True,False,1785415560.2165327,False,1,0,0,False
1784849457.3002179,20,1785415673.323657,37.52918287937743,0.6294789044022278,37.115281910429545,True,37.5,36.5,38.6,0.95,0.05,0.0,0.7,0.03,2,1785415683.3509755,True,True,True,False,1785415560.2165327,False,1,0,0,False
1784849457.3002179,20,1785415693.3299463,37.52384222171359,0.6294407568474861,37.12062256809338,True,37.5,36.5,38.6,0.95,0.05,0.0,0.7,0.03,2,1785415703.3594677,True,True,True,False,1785415560.2165327,False,1,0,0,False
1784849457.3002179,20,1785415713.336244,37.53452353704128,0.6296696421759366,37.12062256809338,True,37.5,36.5,38.6,0.95,0.05,0.0,0.7,0.03,2,1785415723.3639467,True,True,True,False,1785415560.2165327,False,1,0,0,False
1784849457.3002179,20,1785415733.3426397,37.526512550545505,0.6295933470664531,37.09391927977417,True,37.5,36.5,38.6,0.95,0.05,0.0,0.7,0.03,2,1785415743.3698504,True,False,True,True,1785415740.2165391,False,1,0,0,False
1784849457.3002179,20,1785415753.3487737,37.48645761806668,0.6293263141832608,37.05920500495918,True,37.5,36.5,38.6,0.95,0.05,0.0,0.7,0.03,2,1785415763.3763855,True,True,True,False,1785415740.2165391,False,True,1,0,False
1784849457.3002179,20,1785415773.354974,37.44373235675593,0.62930724040589,37.06454566262303,True,37.5,36.5,38.6,0.95,0.05,0.0,0.7,0.03,2,1785415783.3823974,True,True,True,False,1785415740.2165391,False,True,1,0,False
1784849457.3002179,20,1785415793.3611863,37.46242465857938,0.6296696421759366,37.02716105897612,True,37.5,36.5,38.6,0.95,0.05,0.0,0.7,0.03,2,1785415803.3879921,True,True,True,False,1785415740.2165391,False,True,1,0,False
1784849457.3002179,20,1785415813.36733,37.43305104142824,0.6293263141832608,37.04318303196766,True,37.5,36.5,38.6,0.95,0.05,0.0,0.7,0.03,2,1785415823.3939712,True,True,True,False,1785415740.2165391,False,True,1,0,False
1784849457.3002179,20,1785415833.373506,37.43572137026017,0.6294026092927443,37.048523689631494,True,37.5,36.5,38.6,0.95,0.05,0.0,0.7,0.03,2,1785415843.4003932,True,False,True,False,1785415740.2165391,False,True,1,0,False
1784849457.3002179,20,1785415853.3796947,37.465094987411305,0.6296314946211947,37.06187533379111,True,37.5,36.5,38.6,0.95,0.05,0.0,0.7,0.03,2,1785415863.4070532,True,False,True,False,1785415740.2165391,False,True,1,0,False
1784849457.3002179,20,1785415873.3858469,37.49179827573053,0.6294216830701151,37.08323796444648,True,37.5,36.5,38.6,0.95,0.05,0.0,0.7,0.03,2,1785415883.4132123,True,True,True,False,1785415740.2165391,False,True,1,0,False
1784849457.3002179,20,1785415893.3920336,37.513160906385906,0.6290974288548103,37.12596322575723,True,37.5,36.5,38.6,0.95,0.05,0.0,0.7,0.03,2,1785415903.4190147,True,True,True,False,1785415740.2165391,False,1,0,0,False
1784849457.3002179,20,1785415913.3982968,37.54520485236897,0.6293263141832608,37.12596322575723,True,37.5,36.5,38.6,0.95,0.05,0.0,0.7,0.03,2,1785415923.4263768,True,True,True,True,1785415920.2165892,False,1,0,0,False
1784849457.3002179,20,1785415933.4057436,37.531853208209355,0.6293644617380026,37.109941252765694,True,37.5,36.5,38.6,0.95,0.05,0.0,0.7,0.03,2,1785415943.435042,True,True,True,False,1785415920.2165892,False,1,0,0,False
1784849457.3002179,20,1785415953.4136739,37.53452353704128,0.6293644617380026,37.08590829327841,True,37.5,36.5,38.6,0.95,0.05,0.0,0.7,0.03,2,1785415963.440969,True,True,True,False,1785415920.2165892,False,1,0,0,False
1784849457.3002179,20,1785415973.4199648,37.49713893339437,0.6292881666285192,37.08590829327841,True,37.5,36.5,38.6,0.95,0.05,0.0,0.7,0.03,2,1785415983.4473329,True,True,True,False,1785415920.2165892,False,True,1,0,False
1784849457.3002179,20,1785415993.426259,37.489127946898606,0.6294979781795986,37.08590829327841,True,37.5,36.5,38.6,0.95,0.05,0.0,0.7,0.03,2,1785416003.4534798,True,True,True,False,1785415920.2165892,False,True,1,0,False
1784849457.3002179,20,1785416013.43244,37.49713893339437,0.6294216830701151,37.08590829327841,True,37.5,36.5,38.6,0.95,0.05,0.0,0.7,0.03,2,1785416023.4597936,True,True,True,False,1785415920.2165892,False,True,1,0,False
1784849457.3002179,20,1785416033.4388645,37.49980926222629,0.6294026092927443,37.091248950942244,True,37.5,36.5,38.6,0.95,0.05,0.0,0.7,0.03,2,1785416043.4662647,True,True,True,False,1785415920.2165892,False,True,1,0,False
1784849457.3002179,20,1785416053.4450977,37.507820248722055,0.6289829861905852,37.10460059510186,True,37.5,36.5,38.6,0.95,0.05,0.0,0.7,0.03,2,1785416063.4720979,True,False,True,False,1785415920.2165892,False,1,0,0,False
1784849457.3002179,20,1785416073.4513402,37.52918287937743,0.6294026092927443,37.109941252765694,True,37.5,36.5,38.6,0.95,0.05,0.0,0.7,0.03,2,1785416083.4811165,True,True,True,False,1785415920.2165892,False,1,0,0,False
1784849457.3002179,20,1785416093.4588056,37.507820248722055,0.6289829861905852,37.08323796444648,True,37.5,36.5,38.6,0.95,0.05,0.0,0.7,0.03,2,1785416103.4878538,True,True,True,True,1785416100.216597,False,1,0,0,False
1784849457.3002179,20,1785416113.4668322,37.48645761806668,0.6294026092927443,37.067215991454944,True,37.5,36.5,38.6,0.95,0.05,0.0,0.7,0.03,2,1785416123.493874,True,True,True,False,1785416100.216597,False,True,1,0,False
1784849457.3002179,20,1785416133.4733303,37.46776531624323,0.6295551995117112,37.08857862211032,True,37.5,36.5,38.6,0.95,0.05,0.0,0.7,0.03,2,1785416143.5006423,True,True,True,False,1785416100.216597,False,True,1,0,False
1784849457.3002179,20,1785416153.4802399,37.481116960402844,0.6293453879606317,37.08056763561456,True,37.5,36.5,38.6,0.95,0.05,0.0,0.7,0.03,2,1785416163.5082324,True,True,True,False,1785416100.216597,False,True,1,0,False
1784849457.3002179,20,1785416173.4870813,37.49179827573053,0.6291737239642938,37.08056763561456,True,37.5,36.5,38.6,0.95,0.05,0.0,0.7,0.03,2,1785416183.514544,True,True,True,False,1785416100.216597,False,True,1,0,False
1784849457.3002179,20,1785416193.4938347,37.51049057755398,0.6295361257343405,37.10193026626993,True,37.5,36.5,38.6,0.95,0.05,0.0,0.7,0.03,2,1785416203.5219717,True,True,True,False,1785416100.216597,False,1,0,0,False
1784849457.3002179,20,1785416213.5016568,37.48645761806668,0.6294979781795986,37.10727092393378,True,37.5,36.5,38.6,0.95,0.05,0.0,0.7,0.03,2,1785416223.5294597,True,True,True,False,1785416100.216597,False,True,1,0,False
1784849457.3002179,20,1785416233.5087984,37.53719386587319,0.6290211337453269,37.091248950942244,True,37.5,36.5,38.6,0.95,0.05,0.0,0.7,0.03,2,1785416243.5357287,True,True,True,False,1785416100.216597,False,1,0,0,False
1784849457.3002179,20,1785416253.5165703,37.52384222171359,0.6294789044022278,37.109941252765694,True,37.5,36.5,38.6,0.95,0.05,0.0,0.7,0.03,2,1785416263.5457025,True,True,True,False,1785416100.216597,False,1,0,0,False
1784849457.3002179,20,1785416273.525623,37.49713893339437,0.62930724040589,37.12596322575723,True,37.5,36.5,38.6,0.95,0.05,0.0,0.7,0.03,2,1785416283.5548868,True,True,True,True,1785416280.2166448,False,True,1,0,False
1784849457.3002179,20,1785416293.5337248,37.49179827573053,0.6293835355153735,37.099259937438006,True,37.5,36.5,38.6,0.95,0.05,0.0,0.7,0.03,2,1785416303.5629878,True,True,True,False,1785416280.2166448,False,True,1,0,False
1784849457.3002179,20,1785416313.5416384,37.48645761806668,0.6290783550774396,37.12062256809338,True,37.5,36.5,38.6,0.95,0.05,0.0,0.7,0.03,2,1785416323.5704932,True,True,True,False,1785416280.2166448,False,True,1,0,False
1784849457.3002179,20,1785416333.5492516,37.49980926222629,0.6290974288548103,37.12062256809338,True,37.5,36.5,38.6,0.95,0.05,0.0,0.7,0.03,2,1785416343.577856,True,True,True,False,1785416280.2166448,False,True,1,0,False
1784849457.3002179,20,1785416353.5569785,37.513160906385906,0.6292881666285192,37.12863355458916,True,37.5,36.5,38.6,0.95,0.05,0.0,0.7,0.03,2,1785416363.5855792,True,True,True,False,1785416280.2166448,False,1,0,0,False
1784849457.3002179,20,1785416373.5650814,37.513160906385906,0.6292118715190357,37.11261158159762,True,37.5,36.5,38.6,0.95,0.05,0.0,0.7,0.03,2,1785416383.5948584,True,False,True,False,1785416280.2166448,False,1,0,0,False
1784849457.3002179,20,1785416393.573964,37.51583123521782,0.629459830624857,37.12329289692531,True,37.5,36.5,38.6,0.95,0.05,0.0,0.7,0.03,2,1785416403.6033957,True,True,True,False,1785416280.2166448,False,1,0,0,False
1784849457.3002179,20,1785416413.5828266,37.49179827573053,0.6292881666285192,37.07522697795072,True,37.5,36.5,38.6,0.95,0.05,0.0,0.7,0.03,2,1785416423.612663,False,True,True,False,1785416280.2166448,False,True,1,0,False
1784849457.3002179,20,1785416433.5914974,37.47310597390707,0.6291355764095522,37.03250171663997,True,37.5,36.5,38.6,0.95,0.05,0.0,0.7,0.03,2,1785416443.6200197,False,True,True,False,1785416280.2166448,False,True,1,0,False
1784849457.3002179,20,1785416453.5996068,37.44907301441978,0.6293835355153735,37.01380941481651,True,37.5,36.5,38.6,0.95,0.05,0.0,0.7,0.03,2,1785416463.6274679,False,False,True,True,1785416460.216693,False,True,1,0,False
1784849457.3002179,20,1785416473.6070096,37.43305104142824,0.6291165026321812,37.00846875715267,True,37.5,36.5,38.6,0.95,0.05,0.0,0.7,0.03,2,1785416483.6358893,False,True,True,False,1785416460.216693,False,True,1,0,False
1784849457.3002179,20,1785416493.6151755,37.40634775310903,0.6290592813000687,37.00312809948882,True,37.5,36.5,38.6,0.95,0.05,0.0,0.7,0.03,2,1785416503.6443915,False,True,True,False,1785416460.216693,False,True,1,0,False
1784849457.3002179,20,1785416513.6234505,37.41702906843672,0.6291165026321812,36.981765468833444,True,37.5,36.5,38.6,0.95,0.05,0.0,0.7,0.03,2,1785416523.6514206,False,True,True,False,1785416460.216693,False,True,1,0,False
1784849457.3002179,20,1785416533.6308613,37.41435873960479,0.6291927977416647,36.99778744182498,True,37.5,36.5,38.6,0.95,0.05,0.0,0.7,0.03,2,1785416543.658169,False,True,True,False,1785416460.216693,False,True,1,0,False
1784849457.3002179,20,1785416553.637109,37.41702906843672,0.6293835355153735,37.005798428320745,True,37.5,36.5,38.6,0.95,0.05,0.0,0.7,0.03,2,1785416563.6640942,False,True,True,False,1785416460.216693,False,True,1,0,False
1784849457.3002179,20,1785416573.6434522,37.45975432974747,0.6292500190737773,37.00045777065691,True,37.5,36.5,38.6,0.95,0.05,0.0,0.7,0.03,2,1785416583.6707766,False,False,True,False,1785416460.216693,False,True,1,0,False
1784849457.3002179,20,1785416593.6496642,37.483787289234755,0.6293453879606317,37.04318303196766,True,37.5,36.5,38.6,0.95,0.05,0.0,0.7,0.03,2,1785416603.676942,False,False,True,False,1785416460.216693,False,True,1,0,False
1784849457.3002179,20,1785416613.6559122,37.49179827573053,0.6291546501869231,37.04318303196766,True,37.5,36.5,38.6,0.95,0.05,0.0,0.7,0.03,2,1785416623.683204,False,True,True,False,1785416460.216693,False,True,1,0,False
1784849457.3002179,20,1785416633.6621575,37.51049057755398,0.6290592813000687,37.03784237430381,True,37.5,36.5,38.6,0.95,0.05,0.0,0.7,0.03,2,1785416643.6934109,False,True,True,True,1785416640.2167208,False,1,0,0,False
1784849457.3002179,20,1785416653.668685,37.52384222171359,0.6293835355153735,37.067215991454944,True,37.5,36.5,38.6,0.95,0.05,0.0,0.7,0.03,2,1785416663.6969552,False,True,True,False,1785416640.2167208,False,1,0,0,False
1784849457.3002179,20,1785416673.6752088,37.513160906385906,0.6290974288548103,37.067215991454944,True,37.5,36.5,38.6,0.95,0.05,0.0,0.7,0.03,2,1785416683.702052,False,True,True,False,1785416640.2167208,False,1,0,0,False
1784849457.3002179,20,1785416693.6814425,37.470435645075156,0.6288685435263599,37.04585336079957,True,37.5,36.5,38.6,0.95,0.05,0.0,0.7,0.03,2,1785416703.7087204,False,True,True,False,1785416640.2167208,False,True,1,0,False
1784849457.3002179,20,1785416713.6876974,37.481116960402844,0.6291927977416647,37.05119401846342,True,37.5,36.5,38.6,0.95,0.05,0.0,0.7,0.03,2,1785416723.715039,False,False,True,False,1785416640.2167208,False,True,1,0,False
1784849457.3002179,20,1785416733.6939802,37.46776531624323,0.6291927977416647,37.04585336079957,True,37.5,36.5,38.6,0.95,0.05,0.0,0.7,0.03,2,1785416743.7213511,False,False,True,False,1785416640.2167208,False,True,1,0,False
1784849457.3002179,20,1785416753.700168,37.47577630273899,0.6292500190737773,37.053864347295345,True,37.5,36.5,38.6,0.95,0.05,0.0,0.7,0.03,2,1785416763.7296593,False,True,True,False,1785416640.2167208,False,True,1,0,False
1784849457.3002179,20,1785416773.7065413,37.50247959105822,0.6291355764095522,37.048523689631494,True,37.5,36.5,38.6,0.95,0.05,0.0,0.7,0.03,2,1785416783.7347617,False,False,True,False,1785416640.2167208,False,1,0,0,False
1784849457.3002179,20,1785416793.7128885,37.51049057755398,0.6292690928511482,37.053864347295345,True,37.5,36.5,38.6,0.95,0.05,0.0,0.7,0.03,2,1785416803.74031,False,True,True,False,1785416640.2167208,False,1,0,0,False
1784849457.3002179,20,1785416813.7193005,37.51850156404974,0.6289829861905852,37.053864347295345,True,37.5,36.5,38.6,0.95,0.05,0.0,0.7,0.03,2,1785416823.746686,False,False,True,True,1785416820.2167282,False,1,0,0,False
1784849457.3002179,20,1785416833.7266064,37.51049057755398,0.6288685435263599,37.03784237430381,True,37.5,36.5,38.6,0.95,0.05,0.0,0.7,0.03,2,1785416843.7552357,False,True,True,False,1785416820.2167282,False,1,0,0,False
1784849457.3002179,20,1785416853.736108,37.45975432974747,0.6292500190737773,37.04585336079957,True,37.5,36.5,38.6,0.95,0.05,0.0,0.7,0.03,2,1785416863.7649088,False,True,True,False,1785416820.2167282,False,True,1,0,False
1784849457.3002179,20,1785416873.7448947,37.45975432974747,0.6291927977416647,37.024490730144194,True,37.5,36.5,38.6,0.95,0.05,0.0,0.7,0.03,2,1785416883.774817,False,True,True,False,1785416820.2167282,False,True,1,0,False
1784849457.3002179,20,1785416893.7534277,37.44907301441978,0.6292309452964066,37.029831387808045,True,37.5,36.5,38.6,0.95,0.05,0.0,0.7,0.03,2,1785416903.7828803,False,True,True,False,1785416820.2167282,False,True,1,0,False
1784849457.3002179,20,1785416913.7621794,37.45441367208362,0.62930724040589,37.01380941481651,True,37.5,36.5,38.6,0.95,0.05,0.0,0.7,0.03,2,1785416923.7911224,False,True,True,False,1785416820.2167282,False,True,1,0,False
1784849457.3002179,20,1785416933.771255,37.46776531624323,0.6290020599679561,37.024490730144194,True,37.5,36.5,38.6,0.95,0.05,0.0,0.7,0.03,2,1785416943.8010588,False,True,True,False,1785416820.2167282,False,True,1,0,False
1784849457.3002179,20,1785416953.780288,37.48645761806668,0.6288113221942473,37.05920500495918,True,37.5,36.5,38.6,0.95,0.05,0.0,0.7,0.03,2,1785416963.8094766,False,True,True,False,1785416820.2167282,False,True,1,0,False
1784849457.3002179,20,1785416973.7887719,37.507820248722055,0.62930724040589,37.048523689631494,True,37.5,36.5,38.6,0.95,0.05,0.0,0.7,0.03,2,1785416983.8178794,False,True,True,False,1785416820.2167282,False,1,0,0,False
1784849457.3002179,20,1785416993.7974901,37.51583123521782,0.6292118715190357,37.06988632028687,True,37.5,36.5,38.6,0.95,0.05,0.0,0.7,0.03,2,1785417003.8268027,False,True,True,True,1785417000.216748,False,1,0,0,False
1784849457.3002179,20,1785417013.8060606,37.53452353704128,0.6294407568474861,37.06454566262303,True,37.5,36.5,38.6,0.95,0.05,0.0,0.7,0.03,2,1785417023.8349981,False,True,True,False,1785417000.216748,False,1,0,0,False
1784849457.3002179,20,1785417033.8143322,37.51049057755398,0.62930724040589,37.03784237430381,True,37.5,36.5,38.6,0.95,0.05,0.0,0.7,0.03,2,1785417043.8433764,False,True,True,False,1785417000.216748,False,1,0,0,False
1784849457.3002179,20,1785417053.8217995,37.507820248722055,0.6291546501869231,37.029831387808045,True,37.5,36.5,38.6,0.95,0.05,0.0,0.7,0.03,2,1785417063.8504128,False,True,True,False,1785417000.216748,False,1,0,0,False
1784849457.3002179,20,1785417073.8286107,37.481116960402844,0.6291355764095522,37.04051270313573,True,37.5,36.5,38.6,0.95,0.05,0.0,0.7,0.03,2,1785417083.856853,False,True,True,False,1785417000.216748,False,True,1,0,False
1784849457.3002179,20,1785417093.8356156,37.465094987411305,0.6287350270847638,37.024490730144194,True,37.5,36.5,38.6,0.95,0.05,0.0,0.7,0.03,2,1785417103.8652258,False,True,True,False,1785417000.216748,False,True,1,0,False
1784849457.3002179,20,1785417113.844535,37.45441367208362,0.6288876173037308,37.01915007248036,True,37.5,36.5,38.6,0.95,0.05,0.0,0.7,0.03,2,1785417123.8737533,False,True,True,False,1785417000.216748,False,True,1,0,False
1784849457.3002179,20,1785417133.8519995,37.446402685587856,0.6292500190737773,37.024490730144194,True,37.5,36.5,38.6,0.95,0.05,0.0,0.7,0.03,2,1785417143.8794608,False,False,True,False,1785417000.216748,False,True,1,0,False
1784849457.3002179,20,1785417153.8582613,37.470435645075156,0.6289066910811018,37.03784237430381,True,37.5,36.5,38.6,0.95,0.05,0.0,0.7,0.03,2,1785417163.885476,False,True,True,False,1785417000.216748,False,True,1,0,False
1784849457.3002179,20,1785417173.864339,37.465094987411305,0.6291165026321812,37.048523689631494,True,37.5,36.5,38.6,0.95,0.05,0.0,0.7,0.03,2,1785417183.891766,False,True,True,True,1785417180.2167711,False,True,1,0,False
1784849457.3002179,20,1785417193.8706958,37.47310597390707,0.6289639124132143,37.06454566262303,True,37.5,36.5,38.6,0.95,0.05,0.0,0.7,0.03,2,1785417203.8979774,False,True,True,False,1785417180.2167711,False,True,1,0,False
1784849457.3002179,20,1785417213.8781085,37.470435645075156,0.6290974288548103,37.06454566262303,True,37.5,36.5,38.6,0.95,0.05,0.0,0.7,0.03,2,1785417223.9070961,False,True,True,False,1785417180.2167711,False,True,1,0,False
1784849457.3002179,20,1785417233.8865309,37.526512550545505,0.6289257648584726,37.07522697795072,True,37.5,36.5,38.6,0.95,0.05,0.0,0.7,0.03,2,1785417243.915699,False,True,True,False,1785417180.2167711,False,1,0,0,False
1784849457.3002179,20,1785417253.8950105,37.507820248722055,0.6291546501869231,37.10460059510186,True,37.5,36.5,38.6,0.95,0.05,0.0,0.7,0.03,2,1785417263.9246962,False,True,True,False,1785417180.2167711,False,1,0,0,False
1784849457.3002179,20,1785417273.9040704,37.53452353704128,0.6291546501869231,37.072556649118795,True,37.5,36.5,38.6,0.95,0.05,0.0,0.7,0.03,2,1785417283.9338138,False,True,True,False,1785417180.2167711,False,1,0,0,False
1784849457.3002179,20,1785417293.9132254,37.52384222171359,0.6294407568474861,37.05653467612726,True,37.5,36.5,38.6,0.95,0.05,0.0,0.7,0.03,2,1785417303.9422777,False,True,True,False,1785417180.2167711,False,1,0,0,False
1784849457.3002179,20,1785417313.9217591,37.54520485236897,0.6291355764095522,37.05653467612726,True,37.5,36.5,38.6,0.95,0.05,0.0,0.7,0.03,2,1785417323.95008,False,True,True,False,1785417180.2167711,False,1,0,0,False
1784849457.3002179,20,1785417333.929203,37.51049057755398,0.6290592813000687,37.04585336079957,True,37.5,36.5,38.6,0.95,0.05,0.0,0.7,0.03,2,1785417343.9558592,False,True,True,False,1785417180.2167711,False,1,0,0,False
1784849457.3002179,20,1785417353.935558,37.49713893339437,0.6292500190737773,37.02182040131228,True,37.5,36.5,38.6,0.95,0.05,0.0,0.7,0.03,2,1785417363.962949,False,True,True,True,1785417360.216799,False,True,1,0,False
1784849457.3002179,20,1785417373.9418578,37.45975432974747,0.6290592813000687,37.00045777065691,True,37.5,36.5,38.6,0.95,0.05,0.0,0.7,0.03,2,1785417383.9695222,False,True,True,False,1785417360.216799,False,True,1,0,False
1784849457.3002179,20,1785417393.9483526,37.446402685587856,0.6290020599679561,36.99511711299306,True,37.5,36.5,38.6,0.95,0.05,0.0,0.7,0.03,2,1785417403.9756777,False,False,True,False,1785417360.216799,False,True,1,0,False
1784849457.3002179,20,1785417413.954592,37.438391699092094,0.6288113221942473,37.01647974364843,True,37.5,36.5,38.6,0.95,0.05,0.0,0.7,0.03,2,1785417423.9827993,False,False,True,False,1785417360.216799,False,True,1,0,False
1784849457.3002179,20,1785417433.9609618,37.446402685587856,0.6290402075226977,37.011139085984595,True,37.5,36.5,38.6,0.95,0.05,0.0,0.7,0.03,2,1785417443.987928,False,True,True,False,1785417360.216799,False,True,1,0,False
1784849457.3002179,20,1785417453.9672077,37.43305104142824,0.6287159533073929,37.029831387808045,True,37.5,36.5,38.6,0.95,0.05,0.0,0.7,0.03,2,1785417463.994529,False,False,True,False,1785417360.216799,False,True,1,0,False
1784849457.3002179,20,1785417473.9734392,37.470435645075156,0.6286587319752803,37.04051270313573,True,37.5,36.5,38.6,0.95,0.05,0.0,0.7,0.03,2,1785417484.0076087,False,False,True,False,1785417360.216799,False,True,1,0,False
1784849457.3002179,20,1785417493.979731,37.481116960402844,0.6286778057526513,37.04585336079957,True,37.5,36.5,38.6,0.95,0.05,0.0,0.7,0.03,2,1785417504.0132873,False,True,True,False,1785417360.216799,False,True,1,0,False
1784849457.3002179,20,1785417513.986233,37.507820248722055,0.6295742732890821,37.067215991454944,True,37.5,36.5,38.6,0.95,0.05,0.0,0.7,0.03,2,1785417524.0142906,False,True,True,False,1785417360.216799,False,1,0,0,False
1784849457.3002179,20,1785417533.9924612,37.51049057755398,0.6291546501869231,37.07789730678263,True,37.5,36.5,38.6,0.95,0.05,0.0,0.7,0.03,2,1785417544.0197287,False,True,True,True,1785417540.2168336,False,1,0,0,False
1784849457.3002179,20,1785417553.9987874,37.513160906385906,0.6288303959716183,37.06454566262303,True,37.5,36.5,38.6,0.95,0.05,0.0,0.7,0.03,2,1785417564.025552,False,True,True,False,1785417540.2168336,False,1,0,0,False
1784849457.3002179,20,1785417574.0049365,37.49713893339437,0.6289066910811018,37.06454566262303,True,37.5,36.5,38.6,0.95,0.05,0.0,0.7,0.03,2,1785417584.0319948,False,True,True,False,1785417540.2168336,False,True,1,0,False
1784849457.3002179,20,1785417594.0112658,37.49980926222629,0.6287159533073929,37.05920500495918,True,37.5,36.5,38.6,0.95,0.05,0.0,0.7,0.03,2,1785417604.0386655,False,True,True,False,1785417540.2168336,False,True,1,0,False
1784849457.3002179,20,1785417614.0175686,37.470435645075156,0.6288113221942473,37.02716105897612,True,37.5,36.5,38.6,0.95,0.05,0.0,0.7,0.03,2,1785417624.0448263,False,True,True,False,1785417540.2168336,False,True,1,0,False
1784849457.3002179,20,1785417634.0239058,37.47310597390707,0.6291165026321812,37.02716105897612,True,37.5,36.5,38.6,0.95,0.05,0.0,0.7,0.03,2,1785417644.05123,False,True,True,False,1785417540.2168336,False,True,1,0,False
1784849457.3002179,20,1785417654.0302646,37.470435645075156,0.6288685435263599,37.04585336079957,True,37.5,36.5,38.6,0.95,0.05,0.0,0.7,0.03,2,1785417664.058076,False,True,True,False,1785417540.2168336,False,True,1,0,False
1784849457.3002179,20,1785417674.0364962,37.48645761806668,0.6288303959716183,37.072556649118795,True,37.5,36.5,38.6,0.95,0.05,0.0,0.7,0.03,2,1785417684.0649173,False,True,True,False,1785417540.2168336,False,True,1,0,False
1784849457.3002179,20,1785417694.0427182,37.507820248722055,0.6288494697489891,37.05119401846342,True,37.5,36.5,38.6,0.95,0.05,0.0,0.7,0.03,2,1785417704.0702507,False,True,True,False,1785417540.2168336,False,1,0,0,False
1784849457.3002179,20,1785417714.0489094,37.507820248722055,0.6291927977416647,37.07789730678263,True,37.5,36.5,38.6,0.95,0.05,0.0,0.7,0.03,2,1785417724.0761864,False,True,True,True,1785417720.216867,False,1,0,0,False
1784849457.3002179,20,1785417734.0551724,37.51583123521782,0.6289448386358434,37.07789730678263,True,37.5,36.5,38.6,0.95,0.05,0.0,0.7,0.03,2,1785417744.0824332,False,True,True,False,1785417720.216867,False,1,0,0,False
1784849457.3002179,20,1785417754.0613596,37.52384222171359,0.6287731746395057,37.06454566262303,True,37.5,36.5,38.6,0.95,0.05,0.0,0.7,0.03,2,1785417764.0885797,False,True,True,False,1785417720.216867,False,1,0,0,False
1784849457.3002179,20,1785417774.0676007,37.513160906385906,0.6289448386358434,37.053864347295345,True,37.5,36.5,38.6,0.95,0.05,0.0,0.7,0.03,2,1785417784.0959516,False,True,True,False,1785417720.216867,False,1,0,0,False
1784849457.3002179,20,1785417794.0741,37.47310597390707,0.6287922484168764,37.053864347295345,True,37.5,36.5,38.6,0.95,0.05,0.0,0.7,0.03,2,1785417804.1032157,False,True,True,False,1785417720.216867,False,True,1,0,False
1784849457.3002179,20,1785417814.0808232,37.48645761806668,0.6289257648584726,37.03784237430381,True,37.5,36.5,38.6,0.95,0.05,0.0,0.7,0.03,2,1785417824.109199,False,True,True,False,1785417720.216867,False,True,1,0,False
1784849457.3002179,20,1785417834.0883656,37.489127946898606,0.6292690928511482,37.04318303196766,True,37.5,36.5,38.6,0.95,0.05,0.0,0.7,0.03,2,1785417844.1156178,False,True,True,False,1785417720.216867,False,True,1,0,False
1784849457.3002179,20,1785417854.0945528,37.49179827573053,0.6288685435263599,37.067215991454944,True,37.5,36.5,38.6,0.95,0.05,0.0,0.7,0.03,2,1785417864.1216936,False,True,True,False,1785417720.216867,False,True,1,0,False
1784849457.3002179,20,1785417874.1006656,37.50247959105822,0.6290211337453269,37.04585336079957,True,37.5,36.5,38.6,0.95,0.05,0.0,0.7,0.03,2,1785417884.1279154,False,True,True,False,1785417720.216867,False,1,0,0,False
1784849457.3002179,20,1785417894.1069112,37.52918287937743,0.6288494697489891,37.08323796444648,True,37.5,36.5,38.6,0.95,0.05,0.0,0.7,0.03,2,1785417904.134256,False,True,True,True,1785417900.2169013,False,1,0,0,False
1784849457.3002179,20,1785417914.1131916,37.52918287937743,0.6287731746395057,37.067215991454944,True,37.5,36.5,38.6,0.95,0.05,0.0,0.7,0.03,2,1785417924.1404462,False,True,True,False,1785417900.2169013,False,1,0,0,False
1784849457.3002179,20,1785417934.1194212,37.526512550545505,0.6288876173037308,37.05653467612726,True,37.5,36.5,38.6,0.95,0.05,0.0,0.7,0.03,2,1785417944.1466553,False,True,True,False,1785417900.2169013,False,1,0,0,False
1784849457.3002179,20,1785417954.1256094,37.470435645075156,0.6289639124132143,37.06454566262303,True,37.5,36.5,38.6,0.95,0.05,0.0,0.7,0.03,2,1785417964.1528928,False,False,True,False,1785417900.2169013,False,True,1,0,False
1784849457.3002179,20,1785417974.1318376,37.48645761806668,0.6288303959716183,37.048523689631494,True,37.5,36.5,38.6,0.95,0.05,0.0,0.7,0.03,2,1785417984.159112,False,True,True,False,1785417900.2169013,False,True,1,0,False
1784849457.3002179,20,1785417994.1380448,37.47310597390707,0.6291355764095522,37.01647974364843,True,37.5,36.5,38.6,0.95,0.05,0.0,0.7,0.03,2,1785418004.1652281,False,True,True,False,1785417900.2169013,False,True,1,0,False
1784849457.3002179,20,1785418014.1441343,37.48645761806668,0.6286968795300222,37.053864347295345,True,37.5,36.5,38.6,0.95,0.05,0.0,0.7,0.03,2,1785418024.1715324,False,True,True,False,1785417900.2169013,False,True,1,0,False
1784849457.3002179,20,1785418034.1504447,37.47844663157092,0.6289257648584726,37.03250171663997,True,37.5,36.5,38.6,0.95,0.05,0.0,0.7,0.03,2,1785418044.1771119,False,True,True,False,1785417900.2169013,False,True,1,0,False
1784849457.3002179,20,1785418054.1566253,37.49179827573053,0.6285442893110552,37.06187533379111,True,37.5,36.5,38.6,0.95,0.05,0.0,0.7,0.03,2,1785418064.1838648,False,True,True,False,1785417900.2169013,False,True,1,0,False
1784849457.3002179,20,1785418074.1628144,37.51850156404974,0.6290020599679561,37.05653467612726,True,37.5,36.5,38.6,0.95,0.05,0.0,0.7,0.03,2,1785418084.1900144,False,False,True,True,1785418080.2169316,False,1,0,0,False
1784849457.3002179,20,1785418094.1689532,37.550545510032805,0.6288876173037308,37.08857862211032,True,37.5,36.5,38.6,0.95,0.05,0.0,0.7,0.03,2,1785418104.19642,False,True,True,False,1785418080.2169316,False,1,0,0,False
1784849457.3002179,20,1785418114.1763625,37.54520485236897,0.6290402075226977,37.08323796444648,True,37.5,36.5,38.6,0.95,0.05,0.0,0.7,0.03,2,1785418124.2050395,False,True,True,False,1785418080.2169316,False,1,0,0,False
1784849457.3002179,20,1785418134.1840737,37.50514991989013,0.6286778057526513,37.067215991454944,True,37.5,36.5,38.6,0.95,0.05,0.0,0.7,0.03,2,1785418144.211439,False,False,True,False,1785418080.2169316,False,1,0,0,False
1784849457.3002179,20,1785418154.1904435,37.52384222171359,0.6287159533073929,37.048523689631494,True,37.5,36.5,38.6,0.95,0.05,0.0,0.7,0.03,2,1785418164.2178218,False,True,True,False,1785418080.2169316,False,1,0,0,False
1784849457.3002179,20,1785418174.1981478,37.507820248722055,0.6289066910811018,37.06988632028687,True,37.5,36.5,38.6,0.95,0.05,0.0,0.7,0.03,2,1785418184.2259924,False,True,True,False,1785418080.2169316,False,1,0,0,False
1784849457.3002179,20,1785418194.20539,37.47844663157092,0.6287922484168764,37.02716105897612,True,37.5,36.5,38.6,0.95,0.05,0.0,0.7,0.03,2,1785418204.2325923,False,True,True,False,1785418080.2169316,False,True,1,0,False
1784849457.3002179,20,1785418214.2116797,37.45975432974747,0.6287731746395057,37.02182040131228,True,37.5,36.5,38.6,0.95,0.05,0.0,0.7,0.03,2,1785418224.2389925,False,True,True,False,1785418080.2169316,False,True,1,0,False
1784849457.3002179,20,1785418234.2179286,37.45174334325169,0.6288113221942473,37.02716105897612,True,37.5,36.5,38.6,0.95,0.05,0.0,0.7,0.03,2,1785418244.2451403,False,True,True,False,1785418080.2169316,False,True,1,0,False
1784849457.3002179,20,1785418254.2240908,37.44907301441978,0.6285442893110552,37.01915007248036,True,37.5,36.5,38.6,0.95,0.05,0.0,0.7,0.03,2,1785418264.2513177,False,True,True,True,1785418260.2169416,False,True,1,0,False
1784849457.3002179,20,1785418274.2302697,37.45441367208362,0.6285442893110552,37.024490730144194,True,37.5,36.5,38.6,0.95,0.05,0.0,0.7,0.03,2,1785418284.257529,False,True,True,False,1785418260.2169416,False,True,1,0,False
1784849457.3002179,20,1785418294.2364411,37.465094987411305,0.628563363088426,37.03517204547188,True,37.5,36.5,38.6,0.95,0.05,0.0,0.7,0.03,2,1785418304.2637537,False,False,True,False,1785418260.2169416,False,True,1,0,False
1784849457.3002179,20,1785418314.2427247,37.49713893339437,0.6286778057526513,37.01915007248036,True,37.5,36.5,38.6,0.95,0.05,0.0,0.7,0.03,2,1785418324.2699971,False,True,True,False,1785418260.2169416,False,True,1,0,False
1784849457.3002179,20,1785418334.248946,37.51049057755398,0.6288685435263599,37.04585336079957,True,37.5,36.5,38.6,0.95,0.05,0.0,0.7,0.03,2,1785418344.2761784,False,False,True,False,1785418260.2169416,False,1,0,0,False
1784849457.3002179,20,1785418354.2551713,37.53452353704128,0.628563363088426,37.06454566262303,True,37.5,36.5,38.6,0.95,0.05,0.0,0.7,0.03,2,1785418364.2824855,False,True,True,False,1785418260.2169416,False,1,0,0,False
1784849457.3002179,20,1785418374.2615323,37.53986419470512,0.6287541008621348,37.06988632028687,True,37.5,36.5,38.6,0.95,0.05,0.0,0.7,0.03,2,1785418384.2889814,False,True,True,False,1785418260.2169416,False,1,0,0,False
1784849457.3002179,20,1785418394.267797,37.526512550545505,0.6285442893110552,37.053864347295345,True,37.5,36.5,38.6,0.95,0.05,0.0,0.7,0.03,2,1785418404.2949896,False,True,True,False,1785418260.2169416,False,1,0,0,False
1784849457.3002179,20,1785418414.2740207,37.48645761806668,0.6286015106431678,37.04318303196766,True,37.5,36.5,38.6,0.95,0.05,0.0,0.7,0.03,2,1785418424.3016407,False,True,True,False,1785418260.2169416,False,True,1,0,False
1784849457.3002179,20,1785418434.280195,37.49980926222629,0.6290592813000687,37.03784237430381,True,37.5,36.5,38.6,0.95,0.05,0.0,0.7,0.03,2,1785418444.3079345,False,True,True,True,1785418440.2169445,False,True,1,0,False
1784849457.3002179,20,1785418454.2864559,26.073472190432597,0.6127702754253452,27.357900358587017,True,37.5,36.5,38.6,0.95,0.05,0.0,0.7,0.03,2,1785418783.382848,False,True,True,True,1785418783.3829777,False,True,1,1,False
1784849457.3002179,20,1785418793.3627176,25.731670099946598,0.6120073243305104,27.224383916990917,True,37.5,36.5,38.6,0.95,0.05,0.0,0.7,0.03,2,1785418803.3909519,False,True,True,True,1785418783.3829777,False,True,1,1,False
1784849457.3002179,20,1785418813.3703492,25.296406500343323,0.6116830701152057,26.348516060120545,True,37.5,36.5,38.6,0.95,0.05,0.0,0.7,0.03,2,1785418997.942751,False,True,True,True,1785418997.942927,False,True,1,1,False
1784849457.3002179,20,1785419007.9193783,25.26169222552835,0.6118356603341727,26.340505073624783,True,37.5,36.5,38.6,0.95,0.05,0.0,0.7,0.03,2,1785419017.9461331,False,True,True,True,1785418997.942927,False,True,1,1,False
1785419269.5696352,20,0,26.96269169146258,0.6144296940566111,26.77843900205997,True,37.5,36.5,38.6,0.95,0.05,0.0,0.7,0.03,2,1785419269.592758,False,True,True,True,1785419269.5929062,False,True,1,1,False
1785419269.5696352,20,1785419279.5833678,27.956054016937514,0.6159937438010223,27.598229953459978,True,37.5,36.5,38.6,0.95,0.05,0.0,0.7,0.03,2,1785419289.6337714,False,True,True,False,1785419269.5929062,False,True,1,1,False
1785419269.5696352,20,1785419299.613559,28.45273517967499,0.6168902113374533,28.11894407568475,True,37.5,36.5,38.6,0.95,0.05,0.0,0.7,0.03,2,1785419309.6397102,False,True,True,False,1785419269.5929062,False,True,1,1,False
1785419269.5696352,20,1785419319.6195154,28.773174639505612,0.6175959411001755,28.4794384679942,True,37.5,36.5,38.6,0.95,0.05,0.0,0.7,0.03,2,1785419329.660508,False,True,True,False,1785419269.5929062,False,True,1,1,False
1785419269.5696352,20,1785419339.6402109,28.984130617227436,0.6177676050965133,28.770504310673687,True,37.5,36.5,38.6,0.95,0.05,0.0,0.7,0.03,2,1785419349.6663096,False,True,True,False,1785419269.5929062,False,True,1,1,False
1785419269.5696352,20,1785419359.6460292,29.117647058823536,0.6182635233081559,28.95742732890821,True,37.5,36.5,38.6,0.95,0.05,0.0,0.7,0.03,2,1785419369.672077,False,True,True,False,1785419269.5929062,False,True,1,1,False
1785419269.5696352,20,1785419379.6518278,29.229800869764247,0.6183970397497521,29.10696574349585,True,37.5,36.5,38.6,0.95,0.05,0.0,0.7,0.03,2,1785419389.6778548,False,True,True,False,1785419269.5929062,False,True,1,1,False
1785419269.5696352,20,1785419399.6575544,29.341954680704973,0.6184351873044938,29.245822842755786,True,37.5,36.5,38.6,0.95,0.05,0.0,0.7,0.03,2,1785419409.683609,False,True,True,False,1785419269.5929062,False,True,1,1,False
1785419269.5696352,20,1785419419.663358,29.443427176317996,0.6184542610818646,29.349965667200735,True,37.5,36.5,38.6,0.95,0.05,0.0,0.7,0.03,2,1785419429.6893127,False,True,True,False,1785419269.5929062,False,True,1,1,False
1785419269.5696352,20,1785419439.6690297,29.510185397116047,0.6186449988555733,29.448767833981847,True,37.5,36.5,38.6,0.95,0.05,0.0,0.7,0.03,2,1785419449.6952138,False,True,True,True,1785419449.5929334,False,True,1,1,False
1785419269.5696352,20,1785419459.6748617,29.57427328908217,0.6189501792935073,29.528877698939496,True,37.5,36.5,38.6,0.95,0.05,0.0,0.7,0.03,2,1785419469.7008934,False,True,True,False,1785419449.5929334,False,True,1,1,False
1785419269.5696352,20,1785419479.6806605,29.622339208056758,0.6190836957351035,29.590295262073695,True,37.5,36.5,38.6,0.95,0.05,0.0,0.7,0.03,2,1785419489.706761,False,True,True,False,1785419449.5929334,False,True,1,1,False
1785419269.5696352,20,1785419499.6864965,29.675745784695195,0.6189120317387655,29.65171282520791,True,37.5,36.5,38.6,0.95,0.05,0.0,0.7,0.03,2,1785419509.7123847,False,True,True,False,1785419449.5929334,False,True,1,1,False
1785419269.5696352,20,1785419519.6921356,29.729152361333632,0.6191218432898451,29.707789730678257,True,37.5,36.5,38.6,0.95,0.05,0.0,0.7,0.03,2,1785419529.7181475,False,True,True,False,1785419449.5929334,False,True,1,1,False
1785419269.5696352,20,1785419539.6978924,29.76386663614862,0.6190836957351035,29.72648203250172,True,37.5,36.5,38.6,0.95,0.05,0.0,0.7,0.03,2,1785419549.7240303,False,True,True,False,1785419449.5929334,False,True,1,1,False
1785419269.5696352,20,1785419559.7036314,29.790569924467846,0.6192935072861829,29.76920729381247,True,37.5,36.5,38.6,0.95,0.05,0.0,0.7,0.03,2,1785419569.7295961,False,True,True,False,1785419449.5929334,False,True,1,1,False
1785419269.5696352,20,1785419579.7093012,29.82261387045091,0.6194651712825209,29.82261387045091,True,37.5,36.5,38.6,0.95,0.05,0.0,0.7,0.03,2,1785419589.735296,False,True,True,False,1785419449.5929334,False,True,1,1,False
1785419269.5696352,20,1785419599.715013,29.85465781643397,0.6195605401693751,29.843976501106283,True,37.5,36.5,38.6,0.95,0.05,0.0,0.7,0.03,2,1785419609.7410066,False,True,True,False,1785419449.5929334,False,True,1,1,False
1785419269.5696352,20,1785419619.7207427,29.865339131761658,0.6194842450598916,29.862668802929733,True,37.5,36.5,38.6,0.95,0.05,0.0,0.7,0.03,2,1785419629.7468233,False,True,True,True,1785419629.5929708,False,True,1,1,False
1785419269.5696352,20,1785419639.7265525,29.905394064240483,0.6196368352788586,29.881361104753182,True,37.5,36.5,38.6,0.95,0.05,0.0,0.7,0.03,2,1785419649.752507,False,True,True,False,1785419629.5929708,False,True,1,1,False
1785419269.5696352,20,1785419659.7322416,29.91073472190432,0.6195605401693751,29.93476768139162,True,37.5,36.5,38.6,0.95,0.05,0.0,0.7,0.03,2,1785419669.7582912,False,True,True,False,1785419629.5929708,False,True,1,1,False
1785419269.5696352,20,1785419679.7380207,29.948119325551232,0.6195033188372625,29.948119325551232,True,37.5,36.5,38.6,0.95,0.05,0.0,0.7,0.03,2,1785419689.7640145,False,True,True,False,1785419629.5929708,False,True,1,1,False
1785419269.5696352,20,1785419699.7437499,29.969481956206607,0.6195414663920044,29.972152285038533,True,37.5,36.5,38.6,0.95,0.05,0.0,0.7,0.03,2,1785419709.7697158,False,True,True,False,1785419629.5929708,False,True,1,1,False
1785419269.5696352,20,1785419719.7494404,30.00152590218967,0.6197131303883421,29.980163271534295,True,37.5,36.5,38.6,0.95,0.05,0.0,0.7,0.03,2,1785419729.7754278,False,True,True,False,1785419629.5929708,False,True,1,1,False
1785419269.5696352,20,1785419739.7551832,29.998855573357744,0.6198466468299383,30.004196231021595,True,37.5,36.5,38.6,0.95,0.05,0.0,0.7,0.03,2,1785419749.7811651,False,True,True,False,1785419629.5929708,False,True,1,1,False
1785419269.5696352,20,1785419759.760849,30.02021820401312,0.6198084992751964,30.014877546349283,True,37.5,36.5,38.6,0.95,0.05,0.0,0.7,0.03,2,1785419769.7869272,False,True,True,False,1785419629.5929708,False,True,1,1,False
1785419269.5696352,20,1785419779.7666621,30.02555886167697,0.6195223926146334,30.02555886167697,True,37.5,36.5,38.6,0.95,0.05,0.0,0.7,0.03,2,1785419789.7926118,False,True,True,False,1785419629.5929708,False,True,1,1,False
1785419269.5696352,20,1785419799.7723296,30.036240177004657,0.6193507286182955,30.030899519340807,True,37.5,36.5,38.6,0.95,0.05,0.0,0.7,0.03,2,1785419809.7983959,False,True,True,True,1785419809.592995,False,True,1,1,False
1785419879.917473,20,0,30.070954451819645,0.6196368352788586,30.057602807660032,True,37.5,36.5,38.6,0.95,0.05,0.0,0.7,0.03,2,1785419879.940421,False,True,True,True,1785419879.9405622,False,True,1,1,False
1785419879.917473,20,1785419889.9312122,30.076295109483482,0.6199801632715343,30.070954451819645,True,37.5,36.5,38.6,0.95,0.05,0.0,0.7,0.03,2,1785419899.9747186,False,True,True,False,1785419879.9405622,False,True,1,1,False
1785419879.917473,20,1785419909.9545455,30.09231708247502,0.6197512779430838,30.073624780651556,True,37.5,36.5,38.6,0.95,0.05,0.0,0.7,0.03,2,1785419919.9806294,False,True,True,False,1785419879.9405622,False,True,1,1,False
1785419879.917473,20,1785419929.9604003,30.081635767147333,0.6197512779430838,30.08697642481117,True,37.5,36.5,38.6,0.95,0.05,0.0,0.7,0.03,2,1785419939.9865642,False,True,True,False,1785419879.9405622,False,True,1,1,False
1785419879.917473,20,1785419949.9663186,30.078965438315407,0.6198084992751964,30.100328068970782,True,37.5,36.5,38.6,0.95,0.05,0.0,0.7,0.03,2,1785419959.9922917,False,True,True,False,1785419879.9405622,False,True,1,1,False
1785419879.917473,20,1785419969.9720752,30.11100938429847,0.6195986877241169,30.11100938429847,True,37.5,36.5,38.6,0.95,0.05,0.0,0.7,0.03,2,1785419979.998152,False,True,True,False,1785419879.9405622,False,True,1,1,False
1785419879.917473,20,1785419989.9778426,30.10566872663462,0.6199420157167925,30.089646753643095,True,37.5,36.5,38.6,0.95,0.05,0.0,0.7,0.03,2,1785420000.0038953,False,True,True,False,1785419879.9405622,False,True,1,1,False
1785419879.917473,20,1785420009.9836893,30.121690699626157,0.6194079499504082,30.116350041962306,True,37.5,36.5,38.6,0.95,0.05,0.0,0.7,0.03,2,1785420020.0097713,True,True,True,False,1785419879.9405622,False,True,1,1,False
1785419879.917473,20,1785420029.9895046,30.132372014953845,0.620018310826276,30.12970168612192,True,37.5,36.5,38.6,0.95,0.05,0.0,0.7,0.03,2,1785420040.0155106,True,True,True,False,1785419879.9405622,False,True,1,1,False
1785419879.917473,20,1785420049.9952848,30.124361028458083,0.6196559090562295,30.127031357289994,True,37.5,36.5,38.6,0.95,0.05,0.0,0.7,0.03,2,1785420060.021457,True,True,True,True,1785420059.9405873,False,True,1,1,False
1785419879.917473,20,1785420070.0011332,30.108339055466544,0.6197703517204548,30.13771267261768,True,37.5,36.5,38.6,0.95,0.05,0.0,0.7,0.03,2,1785420080.0272217,True,True,True,False,1785420059.9405873,False,True,1,1,False
1785419879.917473,20,1785420090.0069857,30.113679713130395,0.6197894254978256,30.156404974441145,True,37.5,36.5,38.6,0.95,0.05,0.0,0.7,0.03,2,1785420100.0329673,True,True,True,False,1785420059.9405873,False,True,1,1,False
1785419879.917473,20,1785420110.012707,30.145723659113457,0.6197131303883421,30.164415960936907,True,37.5,36.5,38.6,0.95,0.05,0.0,0.7,0.03,2,1785420120.0387816,True,True,True,False,1785420059.9405873,False,True,1,1,False
1785419879.917473,20,1785420130.018511,30.167086289768832,0.6199610894941634,30.16174563210498,True,37.5,36.5,38.6,0.95,0.05,0.0,0.7,0.03,2,1785420140.0444598,True,True,True,False,1785420059.9405873,False,True,1,1,False
1785419879.917473,20,1785420150.0242426,30.164415960936907,0.620018310826276,30.15373464560922,True,37.5,36.5,38.6,0.95,0.05,0.0,0.7,0.03,2,1785420160.0504012,True,True,True,False,1785420059.9405873,False,True,1,1,False
1785419879.917473,20,1785420170.0299685,30.14839398794537,0.6195414663920044,30.164415960936907,True,37.5,36.5,38.6,0.95,0.05,0.0,0.7,0.03,2,1785420180.055995,True,True,True,False,1785420059.9405873,False,True,1,1,False
1785419879.917473,20,1785420190.0357535,30.143053330281532,0.6197131303883421,30.18043793392843,True,37.5,36.5,38.6,0.95,0.05,0.0,0.7,0.03,2,1785420200.061755,True,True,True,False,1785420059.9405873,False,True,1,1,False
1785419879.917473,20,1785420210.0414605,30.159075303273056,0.6196749828336003,30.169756618600744,True,37.5,36.5,38.6,0.95,0.05,0.0,0.7,0.03,2,1785420220.067545,True,True,True,False,1785420059.9405873,False,True,1,1,False
1785419879.917473,20,1785420230.0473025,30.18043793392843,0.6199610894941634,30.17776760509652,True,37.5,36.5,38.6,0.95,0.05,0.0,0.7,0.03,2,1785420240.073299,True,True,True,True,1785420239.9406106,False,True,1,1,False
1785419879.917473,20,1785420250.0530384,30.17242694743267,0.619732204165713,30.18043793392843,True,37.5,36.5,38.6,0.95,0.05,0.0,0.7,0.03,2,1785420260.0791144,True,True,True,False,1785420239.9406106,False,True,1,1,False
1785419879.917473,20,1785420270.0589743,28.514152742809188,0.6172335393301289,28.193713282978564,True,37.5,36.5,38.6,0.95,0.05,0.0,0.7,0.03,2,1785420284.491064,False,True,True,False,1785420239.9406106,False,True,1,1,False
1785419879.917473,20,1785420294.4693868,29.141680018310822,0.6184733348592356,29.037537193865873,True,37.5,36.5,38.6,0.95,0.05,0.0,0.7,0.03,2,1785420304.495522,False,True,True,False,1785420239.9406106,False,True,1,1,False
1785419879.917473,20,1785420314.4753752,29.662394140535596,0.6188929579613947,29.45677882047761,True,37.5,36.5,38.6,0.95,0.05,0.0,0.7,0.03,2,1785420324.5016026,False,True,True,False,1785420239.9406106,False,True,1,1,False
1785419879.917473,20,1785420334.4814074,29.929427023727783,0.6193507286182955,29.74517433432517,True,37.5,36.5,38.6,0.95,0.05,0.0,0.7,0.03,2,1785420344.5094543,False,False,True,False,1785420239.9406106,False,True,1,1,False
1785419879.917473,20,1785420354.4892368,30.13771267261768,0.6196749828336003,29.937438010223545,True,37.5,36.5,38.6,0.95,0.05,0.0,0.7,0.03,2,1785420364.515559,False,True,True,False,1785420239.9406106,False,True,1,1,False
1785419879.917473,20,1785420374.4953904,30.28191042954147,0.6197512779430838,30.108339055466544,True,37.5,36.5,38.6,0.95,0.05,0.0,0.7,0.03,2,1785420384.5215528,False,True,True,False,1785420239.9406106,False,True,1,1,False
1785419879.917473,20,1785420394.501347,30.42343785763333,0.6200373846036469,30.21515220874342,True,37.5,36.5,38.6,0.95,0.05,0.0,0.7,0.03,2,1785420404.527512,False,True,True,False,1785420239.9406106,False,True,1,1,False
1785419879.917473,20,1785420414.5073557,30.474174105439843,0.6199610894941634,30.35133897917143,True,37.5,36.5,38.6,0.95,0.05,0.0,0.7,0.03,2,1785420424.5335553,False,True,True,True,1785420419.940628,False,True,1,1,False
1785419879.917473,20,1785420434.5133305,30.580987258716718,0.6201327534905013,30.43678950179293,True,37.5,36.5,38.6,0.95,0.05,0.0,0.7,0.03,2,1785420444.5394886,False,True,True,False,1785420419.940628,False,True,1,1,False
1785419879.917473,20,1785420454.5193455,30.669108110170143,0.6203616388189518,30.516899366750593,True,37.5,36.5,38.6,0.95,0.05,0.0,0.7,0.03,2,1785420464.5458567,False,True,True,False,1785420419.940628,False,True,1,1,False
1785419879.917473,20,1785420474.5261002,30.719844357976655,0.6206095979247731,30.575646601052867,True,37.5,36.5,38.6,0.95,0.05,0.0,0.7,0.03,2,1785420484.5532446,False,True,True,False,1785420419.940628,False,True,1,1,False
1785419879.917473,20,1785420494.5338213,30.80796520943008,0.6207621881437401,30.63973449301899,True,37.5,36.5,38.6,0.95,0.05,0.0,0.7,0.03,2,1785420504.5607827,False,True,True,False,1785420419.940628,False,True,1,1,False
1785420577.138736,20,0,30.93614099336233,0.6209719996948196,30.82665751125353,True,37.5,36.5,38.6,0.95,0.05,0.0,0.7,0.03,2,1785420577.163147,False,True,True,True,1785420577.1634543,False,True,1,1,False
1785420577.138736,20,1785420587.153802,30.88807507438773,0.6205714503700313,30.79194323643854,True,37.5,36.5,38.6,0.95,0.05,0.0,0.7,0.03,2,1785420597.2058501,False,True,True,False,1785420577.1634543,False,True,1,1,False
1785420577.138736,20,1785420607.1860006,30.925459678034642,0.6207621881437401,30.831998168917366,True,37.5,36.5,38.6,0.95,0.05,0.0,0.7,0.03,2,1785420617.2131817,False,True,True,False,1785420577.1634543,False,True,1,1,False
1785420577.138736,20,1785420627.1933732,30.97886625467308,0.6205714503700313,30.866712443732354,True,37.5,36.5,38.6,0.95,0.05,0.0,0.7,0.03,2,1785420637.2204576,False,True,True,False,1785420577.1634543,False,True,1,1,False
1785420577.138736,20,1785420647.2003448,31.04028381780728,0.620914778362707,30.917448691538866,True,37.5,36.5,38.6,0.95,0.05,0.0,0.7,0.03,2,1785420657.2274966,False,True,True,False,1785420577.1634543,False,True,1,1,False
1785420577.138736,20,1785420667.2070527,31.125734340428778,0.6211055161364156,30.98153658350499,True,37.5,36.5,38.6,0.95,0.05,0.0,0.7,0.03,2,1785420677.2334168,False,True,True,False,1785420577.1634543,False,True,1,1,False
1785420577.138736,20,1785420687.2132058,31.168459601739528,0.6211436636911575,31.018921187151903,True,37.5,36.5,38.6,0.95,0.05,0.0,0.7,0.03,2,1785420697.2395554,False,True,True,False,1785420577.1634543,False,True,1,1,False
1785420577.138736,20,1785420707.219348,31.24322880903334,0.6215823605706875,31.093690394445716,True,37.5,36.5,38.6,0.95,0.05,0.0,0.7,0.03,2,1785420717.2456133,False,True,True,False,1785420577.1634543,False,True,1,1,False
1785420577.138736,20,1785420727.225498,31.307316700999465,0.6211245899137866,31.17647058823529,True,37.5,36.5,38.6,0.95,0.05,0.0,0.7,0.03,2,1785420737.2517192,False,True,True,False,1785420577.1634543,False,True,1,1,False
1785420577.138736,20,1785420747.2315373,31.358052948805977,0.6212581063553826,31.20050354772259,True,37.5,36.5,38.6,0.95,0.05,0.0,0.7,0.03,2,1785420757.257915,False,True,True,True,1785420757.163465,False,True,1,1,False
1785420577.138736,20,1785420767.2376103,31.43816281376364,0.6215442130159456,31.28595407034409,True,37.5,36.5,38.6,0.95,0.05,0.0,0.7,0.03,2,1785420777.2638676,False,True,True,False,1785420757.163465,False,True,1,1,False
1785420577.138736,20,1785420787.2436779,31.5075913633936,0.621486991683833,31.336690318150602,True,37.5,36.5,38.6,0.95,0.05,0.0,0.7,0.03,2,1785420797.26991,False,True,True,False,1785420757.163465,False,True,1,1,False
1785420577.138736,20,1785420807.2497818,31.528953994048976,0.6215823605706875,31.403448538948652,True,37.5,36.5,38.6,0.95,0.05,0.0,0.7,0.03,2,1785420817.276051,False,True,True,False,1785420757.163465,False,True,1,1,False
1785420577.138736,20,1785420827.2566714,31.60906385900664,0.6215823605706875,31.443503471427476,True,37.5,36.5,38.6,0.95,0.05,0.0,0.7,0.03,2,1785420837.2841942,False,True,True,False,1785420757.163465,False,True,1,1,False
1785420577.138736,20,1785420847.2645571,31.654459449149314,0.6216205081254291,31.48889906157015,True,37.5,36.5,38.6,0.95,0.05,0.0,0.7,0.03,2,1785420857.2923102,False,True,True,False,1785420757.163465,False,True,1,1,False
1785420577.138736,20,1785420867.2718732,31.70786602578775,0.6217730983443961,31.552986953536276,True,37.5,36.5,38.6,0.95,0.05,0.0,0.7,0.03,2,1785420877.2993135,False,True,True,False,1785420757.163465,False,True,1,1,False
1785420577.138736,20,1785420887.278178,31.782635233081564,0.6220973525597009,31.62775616083009,True,37.5,36.5,38.6,0.95,0.05,0.0,0.7,0.03,2,1785420897.3046026,False,True,True,False,1785420757.163465,False,True,1,1,False
1785420577.138736,20,1785420907.2842934,31.852063782711525,0.6218112458991379,31.67048142214084,True,37.5,36.5,38.6,0.95,0.05,0.0,0.7,0.03,2,1785420917.311048,False,False,True,False,1785420757.163465,False,True,1,1,False
1785420577.138736,20,1785420927.2903645,31.8734264133669,0.6217158770122835,31.715877012283514,True,37.5,36.5,38.6,0.95,0.05,0.0,0.7,0.03,2,1785420937.3167083,False,True,True,True,1785420937.1634846,False,True,1,1,False
1785420577.138736,20,1785420947.296684,31.908140688181888,0.6221736476691844,31.755931944762338,True,37.5,36.5,38.6,0.95,0.05,0.0,0.7,0.03,2,1785420957.3229752,False,True,True,False,1785420937.1634846,False,True,1,1,False
1785420577.138736,20,1785420967.3032336,31.97756923781185,0.6220973525597009,31.820019836728463,True,37.5,36.5,38.6,0.95,0.05,0.0,0.7,0.03,2,1785420977.330616,False,True,True,False,1785420937.1634846,False,True,1,1,False
1785420577.138736,20,1785420987.3105667,32.04165712977799,0.6224025329976348,31.865415426871138,True,37.5,36.5,38.6,0.95,0.05,0.0,0.7,0.03,2,1785420997.3378193,False,True,True,False,1785420937.1634846,False,True,1,1,False
1785420577.138736,20,1785421007.3180227,32.08438239108874,0.622383459220264,31.9214923323415,True,37.5,36.5,38.6,0.95,0.05,0.0,0.7,0.03,2,1785421017.3450842,False,True,True,False,1785420937.1634846,False,True,1,1,False
1785420577.138736,20,1785421027.3246706,32.137788967727175,0.6220210574502174,31.97756923781185,True,37.5,36.5,38.6,0.95,0.05,0.0,0.7,0.03,2,1785421037.3509207,False,True,True,False,1785420937.1634846,False,True,1,1,False
1785420577.138736,20,1785421047.3307211,32.177843900206,0.6223262378881513,32.0443274586099,True,37.5,36.5,38.6,0.95,0.05,0.0,0.7,0.03,2,1785421057.3570068,False,True,True,False,1785420937.1634846,False,True,1,1,False
1785420577.138736,20,1785421067.3367975,32.23125047684444,0.6225741969939728,32.05500877393759,True,37.5,36.5,38.6,0.95,0.05,0.0,0.7,0.03,2,1785421077.3631954,False,False,True,False,1785420937.1634846,False,True,1,1,False
1785420577.138736,20,1785421087.342943,32.28999771114671,0.6226314183260853,32.108415350576024,True,37.5,36.5,38.6,0.95,0.05,0.0,0.7,0.03,2,1785421097.3692217,False,False,True,False,1785420937.1634846,False,True,1,1,False
1785420577.138736,20,1785421107.3490322,32.348744945449,0.6225741969939728,32.156481269550625,True,37.5,36.5,38.6,0.95,0.05,0.0,0.7,0.03,2,1785421117.375341,False,True,True,True,1785421117.1635184,False,True,1,1,False
1785420577.138736,20,1785421127.3551326,32.3861295490959,0.6226695658808271,32.21255817502099,True,37.5,36.5,38.6,0.95,0.05,0.0,0.7,0.03,2,1785421137.382066,False,True,True,False,1785421117.1635184,False,True,1,1,False
1785420577.138736,20,1785421147.3616502,32.42618448157474,0.6223643854428932,32.268635080491336,True,37.5,36.5,38.6,0.95,0.05,0.0,0.7,0.03,2,1785421157.3880723,False,True,True,False,1785421117.1635184,False,True,1,1,False
1785420577.138736,20,1785421167.3680644,32.47425040054932,0.6227077134355687,32.311360341802086,True,37.5,36.5,38.6,0.95,0.05,0.0,0.7,0.03,2,1785421177.3944652,False,True,True,False,1785421117.1635184,False,True,1,1,False
1785420577.138736,20,1785421187.3741777,32.5436789501793,0.6230510414282445,32.36743724727245,True,37.5,36.5,38.6,0.95,0.05,0.0,0.7,0.03,2,1785421197.401174,False,True,True,False,1785421117.1635184,False,True,1,1,False
1785420577.138736,20,1785421207.3811023,32.60242618448157,0.6232417792019531,32.42351415274281,True,37.5,36.5,38.6,0.95,0.05,0.0,0.7,0.03,2,1785421217.4086847,False,True,True,False,1785421117.1635184,False,True,1,1,False
1785420577.138736,20,1785421227.388953,32.639810788128486,0.6228412298771648,32.463569085221636,True,37.5,36.5,38.6,0.95,0.05,0.0,0.7,0.03,2,1785421237.4166176,False,True,True,False,1785421117.1635184,False,True,1,1,False
1785420577.138736,20,1785421247.396803,32.67986572060731,0.6230319676508737,32.51430533302815,True,37.5,36.5,38.6,0.95,0.05,0.0,0.7,0.03,2,1785421257.424451,False,True,True,False,1785421117.1635184,False,True,1,1,False
1785420577.138736,20,1785421267.4047494,32.7279316395819,0.6230891889829862,32.567711909666585,True,37.5,36.5,38.6,0.95,0.05,0.0,0.7,0.03,2,1785421277.437195,False,True,True,False,1785421117.1635184,False,True,1,1,False
1785420577.138736,20,1785421287.4179456,32.781338216220334,0.6233562218661785,32.59441519798581,True,37.5,36.5,38.6,0.95,0.05,0.0,0.7,0.03,2,1785421297.445582,False,True,True,True,1785421297.1635556,False,True,1,1,False
1785420577.138736,20,1785421307.425626,32.80270084687571,0.6232990005340657,32.63714045929656,True,37.5,36.5,38.6,0.95,0.05,0.0,0.7,0.03,2,1785421317.4525874,False,True,True,False,1785421297.1635556,False,True,1,1,False
1785420577.138736,20,1785421327.4330661,32.84008545052262,0.623127336537728,32.677195391775385,True,37.5,36.5,38.6,0.95,0.05,0.0,0.7,0.03,2,1785421337.46068,False,True,True,False,1785421297.1635556,False,True,1,1,False
1785420577.138736,20,1785421347.441043,32.922865644312196,0.6232036316472115,32.743953612573435,True,37.5,36.5,38.6,0.95,0.05,0.0,0.7,0.03,2,1785421357.4685256,False,True,True,False,1785421297.1635556,False,True,1,1,False
1785420577.138736,20,1785421367.4488666,32.94422827496757,0.6233562218661785,32.7759975585565,True,37.5,36.5,38.6,0.95,0.05,0.0,0.7,0.03,2,1785421377.4763904,False,True,True,False,1785421297.1635556,False,True,1,1,False
1785420577.138736,20,1785421387.4567552,32.99763485160601,0.6233562218661785,32.83207446402686,True,37.5,36.5,38.6,0.95,0.05,0.0,0.7,0.03,2,1785421397.4842653,False,True,True,False,1785421297.1635556,False,True,1,1,False
1785420577.138736,20,1785421407.4645846,33.04570077058061,0.6236614023041124,32.88281071183337,True,37.5,36.5,38.6,0.95,0.05,0.0,0.7,0.03,2,1785421417.4920177,False,True,True,False,1785421297.1635556,False,True,1,1,False
1785420577.138736,20,1785421427.4721694,33.08842603189136,0.6235278858625162,32.91752498664836,True,37.5,36.5,38.6,0.95,0.05,0.0,0.7,0.03,2,1785421437.4993558,False,True,True,False,1785421297.1635556,False,True,1,1,False
1785420577.138736,20,1785421447.4791048,33.14450293736172,0.6236614023041124,32.96292057679102,True,37.5,36.5,38.6,0.95,0.05,0.0,0.7,0.03,2,1785421457.5054626,False,False,True,False,1785421297.1635556,False,True,1,1,False
1785420577.138736,20,1785421467.485248,33.19790951400016,0.6234134431982911,33.01098649576562,True,37.5,36.5,38.6,0.95,0.05,0.0,0.7,0.03,2,1785421477.5115333,False,True,True,True,1785421477.1635756,False,True,1,1,False
1785420577.138736,20,1785421487.491336,33.22461280231937,0.6236614023041124,33.03768978408485,True,37.5,36.5,38.6,0.95,0.05,0.0,0.7,0.03,2,1785421497.5176125,False,True,True,False,1785421477.1635756,False,True,1,1,False
1785420577.138736,20,1785421507.4974208,33.27267872129397,0.623546959639887,33.11245899137866,True,37.5,36.5,38.6,0.95,0.05,0.0,0.7,0.03,2,1785421517.5238447,False,True,True,False,1785421477.1635756,False,True,1,1,False
1785420577.138736,20,1785421527.5035064,33.31540398260472,0.6236423285267415,33.152513923857484,True,37.5,36.5,38.6,0.95,0.05,0.0,0.7,0.03,2,1785421537.5298371,False,True,True,False,1785421477.1635756,False,True,1,1,False
1785420577.138736,20,1785421547.5096295,33.37682154573892,0.6238902876325628,33.203250171663996,True,37.5,36.5,38.6,0.95,0.05,0.0,0.7,0.03,2,1785421557.535864,False,True,True,False,1785421477.1635756,False,True,1,1,False
1785420577.138736,20,1785421567.515638,33.398184176394295,0.6237567711909666,33.24063477531091,True,37.5,36.5,38.6,0.95,0.05,0.0,0.7,0.03,2,1785421577.5418992,False,True,True,False,1785421477.1635756,False,True,1,1,False
1785420577.138736,20,1785421587.5217252,33.46761272602426,0.6239475089646754,33.28603036545357,True,37.5,36.5,38.6,0.95,0.05,0.0,0.7,0.03,2,1785421597.54817,False,True,True,False,1785421477.1635756,False,True,1,1,False
1785420577.138736,20,1785421607.5277555,33.50499732967117,0.6238902876325628,33.331425955596245,True,37.5,36.5,38.6,0.95,0.05,0.0,0.7,0.03,2,1785421617.554071,False,True,True,False,1785421477.1635756,False,True,1,1,False
1785420577.138736,20,1785421627.5339067,33.553063248645756,0.6241000991836424,33.398184176394295,True,37.5,36.5,38.6,0.95,0.05,0.0,0.7,0.03,2,1785421637.5609586,False,False,True,False,1785421477.1635756,False,True,1,1,False
1785420577.138736,20,1785421647.5407913,33.60914015411612,0.6239284351873045,33.422217135881596,True,37.5,36.5,38.6,0.95,0.05,0.0,0.7,0.03,2,1785421657.5670457,False,True,True,True,1785421657.1636062,False,True,1,1,False
1785420577.138736,20,1785421667.5469182,33.64652475776303,0.6242336156252384,33.47028305485618,True,37.5,36.5,38.6,0.95,0.05,0.0,0.7,0.03,2,1785421677.573285,False,True,True,False,1785421657.1636062,False,True,1,1,False
1785420577.138736,20,1785421687.5530808,33.66788738841841,0.624138246738384,33.49698634317541,True,37.5,36.5,38.6,0.95,0.05,0.0,0.7,0.03,2,1785421697.5793386,False,True,True,False,1785421657.1636062,False,True,1,1,False
1785420577.138736,20,1785421707.5591521,33.74265659571222,0.6243099107347219,33.57175555046922,True,37.5,36.5,38.6,0.95,0.05,0.0,0.7,0.03,2,1785421717.585448,False,True,True,False,1785421657.1636062,False,True,1,1,False
1785420577.138736,20,1785421727.5652134,33.78538185702297,0.6242145418478675,33.60112916762036,True,37.5,36.5,38.6,0.95,0.05,0.0,0.7,0.03,2,1785421737.5914493,False,True,True,False,1785421657.1636062,False,True,1,1,False
1785420577.138736,20,1785421747.5712883,33.84145876249332,0.6242717631799802,33.662546730754556,True,37.5,36.5,38.6,0.95,0.05,0.0,0.7,0.03,2,1785421757.597652,False,True,True,False,1785421657.1636062,False,True,1,1,False
1785420577.138736,20,1785421767.5774603,33.86282139314869,0.6243099107347219,33.68390936140993,True,37.5,36.5,38.6,0.95,0.05,0.0,0.7,0.03,2,1785421777.6037147,False,True,True,False,1785421657.1636062,False,True,1,1,False
1785420577.138736,20,1785421787.5835404,33.91622796978713,0.6243480582894637,33.74532692454413,True,37.5,36.5,38.6,0.95,0.05,0.0,0.7,0.03,2,1785421797.6099687,False,True,True,False,1785421657.1636062,False,True,1,1,False
1785420577.138736,20,1785421807.5896878,33.95895323109788,0.6242526894026094,33.76935988403143,True,37.5,36.5,38.6,0.95,0.05,0.0,0.7,0.03,2,1785421817.615983,False,True,True,False,1785421657.1636062,False,True,1,1,False
1785420577.138736,20,1785421827.5958304,34.01235980773633,0.6244243533989472,33.809414816510255,True,37.5,36.5,38.6,0.95,0.05,0.0,0.7,0.03,2,1785421837.6221547,False,True,True,True,1785421837.1636424,False,True,1,1,False
1785420577.138736,20,1785421847.6019876,34.02037079423209,0.6246532387273976,33.849469748989094,True,37.5,36.5,38.6,0.95,0.05,0.0,0.7,0.03,2,1785421857.6282015,False,True,True,False,1785421837.1636424,False,True,1,1,False
1785420577.138736,20,1785421867.6079786,34.05775539787899,0.6245578698405433,33.924238956282906,True,37.5,36.5,38.6,0.95,0.05,0.0,0.7,0.03,2,1785421877.634504,False,True,True,False,1785421837.1636424,False,True,1,1,False
1785420577.138736,20,1785421887.6140726,34.11116197451743,0.6245197222858014,33.93492027161059,True,37.5,36.5,38.6,0.95,0.05,0.0,0.7,0.03,2,1785421897.6404989,False,True,True,False,1785421837.1636424,False,True,1,1,False
1785420577.138736,20,1785421907.6201327,34.14854657816434,0.6247867551689937,33.99900816357672,True,37.5,36.5,38.6,0.95,0.05,0.0,0.7,0.03,2,1785421917.6463902,False,True,True,False,1785421837.1636424,False,True,1,1,False
1785420577.138736,20,1785421927.6262634,34.19661249713893,0.6245197222858014,34.033722438391706,True,37.5,36.5,38.6,0.95,0.05,0.0,0.7,0.03,2,1785421937.6525135,False,False,True,False,1785421837.1636424,False,True,1,1,False
1785420577.138736,20,1785421947.6323133,34.25803006027314,0.6248821240558481,34.06309605554284,True,37.5,36.5,38.6,0.95,0.05,0.0,0.7,0.03,2,1785421957.6585689,False,True,True,False,1785421837.1636424,False,True,1,1,False
1785420577.138736,20,1785421967.638383,34.30075532158389,0.6246723125047684,34.11650263218128,True,37.5,36.5,38.6,0.95,0.05,0.0,0.7,0.03,2,1785421977.664628,False,True,True,False,1785421837.1636424,False,True,1,1,False
1785420577.138736,20,1785421987.6443975,34.31143663691158,0.6248058289463646,34.161898222323956,True,37.5,36.5,38.6,0.95,0.05,0.0,0.7,0.03,2,1785421997.6708493,False,True,True,False,1785421837.1636424,False,True,1,1,False
1785420577.138736,20,1785422007.6506824,34.36484321355002,0.6249393453879607,34.20195315480278,True,37.5,36.5,38.6,0.95,0.05,0.0,0.7,0.03,2,1785422017.676921,False,True,True,True,1785422017.1636484,False,True,1,1,False
1785420577.138736,20,1785422027.656696,34.402227817196916,0.6250156404974442,34.23132677195392,True,37.5,36.5,38.6,0.95,0.05,0.0,0.7,0.03,2,1785422037.6830144,False,True,True,False,1785422017.1636484,False,True,1,1,False
1785420577.138736,20,1785422047.662816,34.42626077668422,0.6250537880521858,34.27672236209659,True,37.5,36.5,38.6,0.95,0.05,0.0,0.7,0.03,2,1785422057.689083,False,True,True,False,1785422017.1636484,False,True,1,1,False
1785420577.138736,20,1785422067.6688566,34.45830472266728,0.6251491569390402,34.28206301976043,True,37.5,36.5,38.6,0.95,0.05,0.0,0.7,0.03,2,1785422077.695172,False,True,True,False,1785422017.1636484,False,True,1,1,False
1785420577.138736,20,1785422087.675034,34.49034866865034,0.6249393453879607,34.32478828107118,True,37.5,36.5,38.6,0.95,0.05,0.0,0.7,0.03,2,1785422097.7014184,False,True,True,False,1785422017.1636484,False,True,1,1,False
1785420577.138736,20,1785422107.6811888,34.554436560616466,0.6252254520485236,34.38353551537347,True,37.5,36.5,38.6,0.95,0.05,0.0,0.7,0.03,2,1785422117.7074542,False,True,True,False,1785422017.1636484,False,True,1,1,False
1785420577.138736,20,1785422127.6880825,34.6078431372549,0.6250728618295567,34.42359044785229,True,37.5,36.5,38.6,0.95,0.05,0.0,0.7,0.03,2,1785422137.7153509,False,True,True,False,1785422017.1636484,False,True,1,1,False
1785420577.138736,20,1785422147.6960142,34.658579385061415,0.6249774929427023,34.45830472266728,True,37.5,36.5,38.6,0.95,0.05,0.0,0.7,0.03,2,1785422157.7236028,False,True,True,False,1785422017.1636484,False,True,1,1,False
1785420577.138736,20,1785422167.7032435,34.68528267338064,0.6251682307164111,34.511711299305716,True,37.5,36.5,38.6,0.95,0.05,0.0,0.7,0.03,2,1785422177.7296371,False,True,True,False,1785422017.1636484,False,True,1,1,False
1785420577.138736,20,1785422187.7092383,34.72266727702754,0.6253017471580071,34.53574425879302,True,37.5,36.5,38.6,0.95,0.05,0.0,0.7,0.03,2,1785422197.7355509,False,True,True,True,1785422197.1636877,False,True,1,1,False
1785420577.138736,20,1785422207.7153544,34.7547112230106,0.6250156404974442,34.57045853360799,True,37.5,36.5,38.6,0.95,0.05,0.0,0.7,0.03,2,1785422217.7416537,False,True,True,False,1785422197.1636877,False,True,1,1,False
1785420577.138736,20,1785422227.721478,34.77607385366598,0.6253208209353781,34.60517280842298,True,37.5,36.5,38.6,0.95,0.05,0.0,0.7,0.03,2,1785422237.74778,False,True,True,False,1785422197.1636877,False,True,1,1,False
1785420577.138736,20,1785422247.727652,34.78408484016174,0.6254352635996032,34.62920576791028,True,37.5,36.5,38.6,0.95,0.05,0.0,0.7,0.03,2,1785422257.755779,False,True,True,False,1785422197.1636877,False,True,1,1,False
1785420577.138736,20,1785422267.7355244,34.84283207446403,0.6253589684901197,34.682612344548716,True,37.5,36.5,38.6,0.95,0.05,0.0,0.7,0.03,2,1785422277.762425,False,True,True,False,1785422197.1636877,False,True,1,1,False
1785420577.138736,20,1785422287.7421663,34.9015793087663,0.6254924849317159,34.71465629053178,True,37.5,36.5,38.6,0.95,0.05,0.0,0.7,0.03,2,1785422297.769692,False,True,True,False,1785422197.1636877,False,True,1,1,False
1785420577.138736,20,1785422307.7491999,34.922941939421676,0.6254924849317159,34.75738155184253,True,37.5,36.5,38.6,0.95,0.05,0.0,0.7,0.03,2,1785422317.7757921,False,True,True,False,1785422197.1636877,False,True,1,1,False
1785420577.138736,20,1785422327.7562373,34.965667200732426,0.6254161898222325,34.80811779964904,True,37.5,36.5,38.6,0.95,0.05,0.0,0.7,0.03,2,1785422337.7838905,False,True,True,False,1785422197.1636877,False,True,1,1,False
1785420577.138736,20,1785422347.7642155,35.02174410620279,0.6255878538185702,34.83749141680018,True,37.5,36.5,38.6,0.95,0.05,0.0,0.7,0.03,2,1785422357.7917058,False,True,True,False,1785422197.1636877,False,True,1,1,False
1785420577.138736,20,1785422367.7721002,35.048447394522015,0.6254924849317159,34.85885404745555,True,37.5,36.5,38.6,0.95,0.05,0.0,0.7,0.03,2,1785422377.8000169,False,True,True,True,1785422377.1636996,False,True,1,1,False
1785420577.138736,20,1785422387.779322,35.075150682841226,0.6254734111543451,34.914930952925914,True,37.5,36.5,38.6,0.95,0.05,0.0,0.7,0.03,2,1785422397.8055959,False,True,True,False,1785422377.1636996,False,True,1,1,False
1785420577.138736,20,1785422407.7854633,35.11253528648814,0.625759517814908,34.9496452277409,True,37.5,36.5,38.6,0.95,0.05,0.0,0.7,0.03,2,1785422417.8119698,False,True,True,False,1785422377.1636996,False,True,1,1,False
1785420577.138736,20,1785422427.792363,35.160601205462726,0.6258358129243915,34.97901884489204,True,37.5,36.5,38.6,0.95,0.05,0.0,0.7,0.03,2,1785422437.8195646,False,True,True,False,1785422377.1636996,False,True,1,1,False
1785420577.138736,20,1785422447.7993684,35.21133745326925,0.6258930342565041,35.01373311970703,True,37.5,36.5,38.6,0.95,0.05,0.0,0.7,0.03,2,1785422457.82566,False,True,True,False,1785422377.1636996,False,True,1,1,False
1785420577.138736,20,1785422467.8055005,35.23804074158846,0.625606927595941,35.05111772335394,True,37.5,36.5,38.6,0.95,0.05,0.0,0.7,0.03,2,1785422477.832,False,True,True,False,1785422377.1636996,False,True,1,1,False
1785420577.138736,20,1785422487.8116019,35.243381399252314,0.6261219195849546,35.07782101167315,True,37.5,36.5,38.6,0.95,0.05,0.0,0.7,0.03,2,1785422497.837906,False,True,True,False,1785422377.1636996,False,True,1,1,False
1785420577.138736,20,1785422507.8177192,35.28076600289921,0.625912108033875,35.12588693064775,True,37.5,36.5,38.6,0.95,0.05,0.0,0.7,0.03,2,1785422517.8439813,False,True,True,False,1785422377.1636996,False,True,1,1,False
1785420577.138736,20,1785422527.8239346,35.3395132372015,0.6259502555886168,35.14991989013504,True,37.5,36.5,38.6,0.95,0.05,0.0,0.7,0.03,2,1785422537.850178,False,True,True,False,1785422377.1636996,False,True,1,1,False
1785420577.138736,20,1785422547.8300052,35.374227512016475,0.6260837720302129,35.17929350728619,True,37.5,36.5,38.6,0.95,0.05,0.0,0.7,0.03,2,1785422557.8564641,False,True,True,True,1785422557.1637275,False,True,1,1,False
1785420577.138736,20,1785422567.8361292,35.39024948500801,0.6260265506981003,35.19531548027771,True,37.5,36.5,38.6,0.95,0.05,0.0,0.7,0.03,2,1785422577.8624103,False,True,True,False,1785422557.1637275,False,True,1,1,False
1785420577.138736,20,1785422587.8422427,35.43297474631876,0.6262935835812924,35.27275501640345,True,37.5,36.5,38.6,0.95,0.05,0.0,0.7,0.03,2,1785422597.8684845,False,True,True,False,1785422557.1637275,False,True,1,1,False
1785420577.138736,20,1785422607.8482614,35.44365606164645,0.626064698252842,35.270084687571526,True,37.5,36.5,38.6,0.95,0.05,0.0,0.7,0.03,2,1785422617.8745377,False,False,True,False,1785422557.1637275,False,True,1,1,False
1785420577.138736,20,1785422627.8543293,35.49706263828489,0.6261600671396964,35.31013962005035,True,37.5,36.5,38.6,0.95,0.05,0.0,0.7,0.03,2,1785422637.8805552,False,True,True,False,1785422557.1637275,False,True,1,1,False
1785420577.138736,20,1785422647.8603399,35.55848020141909,0.6261028458075838,35.371557183184564,True,37.5,36.5,38.6,0.95,0.05,0.0,0.7,0.03,2,1785422657.8868866,False,True,True,False,1785422557.1637275,False,True,1,1,False
1785420577.138736,20,1785422667.8665946,35.595864805066,0.6258167391470206,35.39291981383994,True,37.5,36.5,38.6,0.95,0.05,0.0,0.7,0.03,2,1785422677.8929186,False,False,True,False,1785422557.1637275,False,True,1,1,False
1785420577.138736,20,1785422687.872738,35.64393072404059,0.6262363622491799,35.47302967879759,True,37.5,36.5,38.6,0.95,0.05,0.0,0.7,0.03,2,1785422697.8991013,False,True,True,False,1785422557.1637275,False,True,1,1,False
1785420577.138736,20,1785422707.8789225,35.6813153276875,0.6262363622491799,35.489051651789126,True,37.5,36.5,38.6,0.95,0.05,0.0,0.7,0.03,2,1785422717.9051821,False,True,True,False,1785422557.1637275,False,True,1,1,False
1785420577.138736,20,1785422727.8849616,35.7186999313344,0.6262935835812924,35.51842526894026,True,37.5,36.5,38.6,0.95,0.05,0.0,0.7,0.03,2,1785422737.9112055,False,False,True,True,1785422737.1637666,False,True,1,1,False
1785420577.138736,20,1785422747.891039,35.721370260166324,0.6262745098039215,35.53711757076371,True,37.5,36.5,38.6,0.95,0.05,0.0,0.7,0.03,2,1785422757.917248,False,True,True,False,1785422737.1637666,False,True,1,1,False
1785420577.138736,20,1785422767.8970366,35.73739223315785,0.6263126573586634,35.57984283207446,True,37.5,36.5,38.6,0.95,0.05,0.0,0.7,0.03,2,1785422777.9232633,False,False,True,False,1785422737.1637666,False,True,1,1,False
1785420577.138736,20,1785422787.903102,35.79613946746014,0.6263889524681469,35.64126039520866,True,37.5,36.5,38.6,0.95,0.05,0.0,0.7,0.03,2,1785422797.9293985,False,True,True,False,1785422737.1637666,False,True,1,1,False
1785420577.138736,20,1785422807.9091568,35.833524071107036,0.6265987640192263,35.654612039368274,True,37.5,36.5,38.6,0.95,0.05,0.0,0.7,0.03,2,1785422817.9353833,False,False,True,False,1785422737.1637666,False,True,1,1,False
1785420577.138736,20,1785422827.9152162,35.89761196307316,0.6266559853513389,35.6946669718471,True,37.5,36.5,38.6,0.95,0.05,0.0,0.7,0.03,2,1785422837.941634,False,True,True,False,1785422737.1637666,False,True,1,1,False
1785420577.138736,20,1785422847.921255,35.90562294956894,0.6266369115739682,35.729381246662086,True,37.5,36.5,38.6,0.95,0.05,0.0,0.7,0.03,2,1785422857.9474986,False,True,True,False,1785422737.1637666,False,True,1,1,False
1785420577.138736,20,1785422867.9273715,35.93232623788815,0.6264843213550012,35.766765850309,True,37.5,36.5,38.6,0.95,0.05,0.0,0.7,0.03,2,1785422877.9536405,False,True,True,False,1785422737.1637666,False,True,1,1,False
1785420577.138736,20,1785422887.933448,36.001754787518124,0.626503395132372,35.8041504539559,True,37.5,36.5,38.6,0.95,0.05,0.0,0.7,0.03,2,1785422897.9596736,False,True,True,False,1785422737.1637666,False,True,1,1,False
1785420577.138736,20,1785422907.9395301,36.028458075837335,0.6265987640192263,35.8522163729305,True,37.5,36.5,38.6,0.95,0.05,0.0,0.7,0.03,2,1785422917.9658709,False,True,True,True,1785422917.1637864,False,True,1,1,False
1785420577.138736,20,1785422927.94569,36.04982070649271,0.6266369115739682,35.881589990081636,True,37.5,36.5,38.6,0.95,0.05,0.0,0.7,0.03,2,1785422937.9721193,False,True,True,False,1785422917.1637864,False,True,1,1,False
1785420577.138736,20,1785422947.9517522,36.0845349813077,0.6267704280155643,35.873579003585874,True,37.5,36.5,38.6,0.95,0.05,0.0,0.7,0.03,2,1785422957.9780369,False,True,True,False,1785422917.1637864,False,True,1,1,False
1785420577.138736,20,1785422967.9578276,36.100556954299236,0.6267132066834517,35.943007553215836,True,37.5,36.5,38.6,0.95,0.05,0.0,0.7,0.03,2,1785422977.9841516,False,True,True,False,1785422917.1637864,False,True,1,1,False
1785420577.138736,20,1785422987.9639158,36.11657892729076,0.6266941329060808,35.98306248569466,True,37.5,36.5,38.6,0.95,0.05,0.0,0.7,0.03,2,1785422997.99017,False,True,True,False,1785422917.1637864,False,True,1,1,False
1785420577.138736,20,1785423007.9699774,36.17532616159305,0.6268467231250477,36.00709544518196,True,37.5,36.5,38.6,0.95,0.05,0.0,0.7,0.03,2,1785423017.9963157,False,True,True,False,1785422917.1637864,False,True,1,1,False
1785420577.138736,20,1785423027.976934,36.23407339589532,0.6266941329060808,36.04180971999695,True,37.5,36.5,38.6,0.95,0.05,0.0,0.7,0.03,2,1785423038.00409,False,True,True,False,1785422917.1637864,False,True,1,1,False
1785420577.138736,20,1785423047.9841502,36.247425040054935,0.6270183871213856,36.04982070649271,True,37.5,36.5,38.6,0.95,0.05,0.0,0.7,0.03,2,1785423058.0116243,False,True,True,False,1785422917.1637864,False,True,1,1,False
1785420577.138736,20,1785423067.9919882,36.27412832837415,0.6269039444571602,36.09254596780346,True,37.5,36.5,38.6,0.95,0.05,0.0,0.7,0.03,2,1785423078.0197432,False,True,True,False,1785422917.1637864,False,True,1,1,False
1785420577.138736,20,1785423087.9995878,36.31151293202106,0.6267132066834517,36.156633859769585,True,37.5,36.5,38.6,0.95,0.05,0.0,0.7,0.03,2,1785423098.0268788,False,True,True,True,1785423097.1638353,False,True,1,1,False
1785420577.138736,20,1785423108.0073287,36.34889753566796,0.6272854200045777,36.161974517433435,True,37.5,36.5,38.6,0.95,0.05,0.0,0.7,0.03,2,1785423118.0346365,False,True,True,False,1785423097.1638353,False,True,1,1,False
1785420577.138736,20,1785423128.0141964,36.39162279697871,0.6269611657892729,36.19668879224842,True,37.5,36.5,38.6,0.95,0.05,0.0,0.7,0.03,2,1785423138.0405874,False,True,True,False,1785423097.1638353,False,True,1,1,False
1785420577.138736,20,1785423148.0203912,36.4263370717937,0.6269802395666437,36.247425040054935,True,37.5,36.5,38.6,0.95,0.05,0.0,0.7,0.03,2,1785423158.0466688,False,True,True,False,1785423097.1638353,False,True,1,1,False
1785420577.138736,20,1785423168.0265048,36.45304036011292,0.6268657969024186,36.27412832837415,True,37.5,36.5,38.6,0.95,0.05,0.0,0.7,0.03,2,1785423178.0527596,False,True,True,False,1785423097.1638353,False,True,1,1,False
1785420577.138736,20,1785423188.0325456,36.49576562142367,0.6273617151140611,36.308842603189134,True,37.5,36.5,38.6,0.95,0.05,0.0,0.7,0.03,2,1785423198.0588303,False,True,True,False,1785423097.1638353,False,True,1,1,False
1785420577.138736,20,1785423208.0386796,36.522468909742884,0.6270756084534982,36.359578850995646,True,37.5,36.5,38.6,0.95,0.05,0.0,0.7,0.03,2,1785423218.0651038,False,True,True,False,1785423097.1638353,False,True,1,0,False
1785420577.138736,20,1785423228.0447764,36.49042496375982,0.6269993133440147,36.33554589150836,True,37.5,36.5,38.6,0.95,0.05,0.0,0.7,0.03,2,1785423238.0711036,False,True,True,False,1785423097.1638353,False,True,1,1,False
1785420577.138736,20,1785423248.0509136,36.503776607919434,0.6271137560082398,36.33821622034027,True,37.5,36.5,38.6,0.95,0.05,0.0,0.7,0.03,2,1785423258.0772192,False,True,True,False,1785423097.1638353,False,True,1,0,False
1785420577.138736,20,1785423268.0570009,36.461051346608684,0.6270374608987563,36.332875562676435,True,37.5,36.5,38.6,0.95,0.05,0.0,0.7,0.03,2,1785423278.0832589,False,True,True,True,1785423277.1638494,False,True,1,1,False
1785420577.138736,20,1785423288.0630665,36.47173266193637,0.6271137560082398,36.34355687800412,True,37.5,36.5,38.6,0.95,0.05,0.0,0.7,0.03,2,1785423298.0893857,False,True,True,False,1785423277.1638494,False,True,1,1,False
1785420577.138736,20,1785423308.0691752,36.51979858091096,0.6270183871213856,36.3649195086595,True,37.5,36.5,38.6,0.95,0.05,0.0,0.7,0.03,2,1785423318.0962873,False,True,True,False,1785423277.1638494,False,True,1,0,False
1785420577.138736,20,1785423328.0756266,36.487754634927896,0.6269993133440147,36.3408865491722,True,37.5,36.5,38.6,0.95,0.05,0.0,0.7,0.03,2,1785423338.1019716,False,True,True,False,1785423277.1638494,False,True,1,1,False
1785420577.138736,20,1785423348.0825584,36.485084306095985,0.6272854200045777,36.3649195086595,True,37.5,36.5,38.6,0.95,0.05,0.0,0.7,0.03,2,1785423358.1098878,False,True,True,False,1785423277.1638494,False,True,1,1,False
1785420577.138736,20,1785423368.0896878,36.54917219806211,0.6270946822308691,36.38628213931487,True,37.5,36.5,38.6,0.95,0.05,0.0,0.7,0.03,2,1785423378.116066,False,False,True,False,1785423277.1638494,False,True,1,0,False
1785420577.138736,20,1785423388.0959125,36.53315022507057,0.6273235675593195,36.3889524681468,True,37.5,36.5,38.6,0.95,0.05,0.0,0.7,0.03,2,1785423398.122367,False,True,True,False,1785423277.1638494,False,True,1,0,False
1785420577.138736,20,1785423408.102068,36.511787594415196,0.6270565346761272,36.38094148165102,True,37.5,36.5,38.6,0.95,0.05,0.0,0.7,0.03,2,1785423418.128375,False,True,True,False,1785423277.1638494,False,True,1,0,False
1785420577.138736,20,1785423428.1080492,36.511787594415196,0.6269993133440147,36.356908522163735,True,37.5,36.5,38.6,0.95,0.05,0.0,0.7,0.03,2,1785423438.1343381,False,True,True,False,1785423277.1638494,False,True,1,0,False
1785420577.138736,20,1785423448.1141605,36.503776607919434,0.6271137560082398,36.359578850995646,True,37.5,36.5,38.6,0.95,0.05,0.0,0.7,0.03,2,1785423458.1404083,False,True,True,True,1785423457.1638675,False,True,1,0,False
1785420577.138736,20,1785423468.1201866,36.503776607919434,0.6272281986724652,36.375600823987185,True,37.5,36.5,38.6,0.95,0.05,0.0,0.7,0.03,2,1785423478.1467474,False,True,True,False,1785423457.1638675,False,True,1,0,False
1785420577.138736,20,1785423488.1263325,36.49309529259175,0.6274761577782865,36.38094148165102,True,37.5,36.5,38.6,0.95,0.05,0.0,0.7,0.03,2,1785423498.152594,False,True,True,False,1785423457.1638675,False,True,1,1,False
1785420577.138736,20,1785423508.1324117,36.55718318455787,0.6271709773403525,36.402304112306396,True,37.5,36.5,38.6,0.95,0.05,0.0,0.7,0.03,2,1785423518.158646,False,True,True,False,1785423457.1638675,False,True,1,0,False
1785420577.138736,20,1785423528.1384473,36.54116121156633,0.6270183871213856,36.40497444113832,True,37.5,36.5,38.6,0.95,0.05,0.0,0.7,0.03,2,1785423538.164708,False,True,True,False,1785423457.1638675,False,True,1,0,False
1785420577.138736,20,1785423548.1444895,36.50110627908751,0.6270183871213856,36.38628213931487,True,37.5,36.5,38.6,0.95,0.05,0.0,0.7,0.03,2,1785423558.1707625,False,True,True,False,1785423457.1638675,False,True,1,0,False
1785420577.138736,20,1785423568.1506271,36.46372167544061,0.6267322804608224,36.39696345464256,True,37.5,36.5,38.6,0.95,0.05,0.0,0.7,0.03,2,1785423578.176911,False,True,True,False,1785423457.1638675,False,True,1,1,False
1785420577.138736,20,1785423588.1567008,36.527809567406734,0.6270565346761272,36.42099641412986,True,37.5,36.5,38.6,0.95,0.05,0.0,0.7,0.03,2,1785423598.1831336,False,False,True,False,1785423457.1638675,False,True,1,0,False
1785420577.138736,20,1785423608.1627843,36.5598535133898,0.6270374608987563,36.418326085297934,True,37.5,36.5,38.6,0.95,0.05,0.0,0.7,0.03,2,1785423618.1890242,False,True,True,False,1785423457.1638675,False,True,1,0,False
1785420577.138736,20,1785423628.1687932,36.527809567406734,0.6267513542381933,36.40497444113832,True,37.5,36.5,38.6,0.95,0.05,0.0,0.7,0.03,2,1785423638.1951253,False,False,True,True,1785423637.163881,False,True,1,0,False
1785420577.138736,20,1785423648.174938,36.49843595025558,0.6269420920119021,36.359578850995646,True,37.5,36.5,38.6,0.95,0.05,0.0,0.7,0.03,2,1785423658.2012022,False,True,True,False,1785423637.163881,False,True,1,1,False
1785420577.138736,20,1785423668.180994,36.51445792324712,0.6270565346761272,36.359578850995646,True,37.5,36.5,38.6,0.95,0.05,0.0,0.7,0.03,2,1785423678.2072916,False,True,True,False,1785423637.163881,False,True,1,0,False
1785420577.138736,20,1785423688.1870978,36.50911726558327,0.6267895017929351,36.359578850995646,True,37.5,36.5,38.6,0.95,0.05,0.0,0.7,0.03,2,1785423698.2135425,False,False,True,False,1785423637.163881,False,True,1,0,False
1785420577.138736,20,1785423708.1931612,36.49843595025558,0.6268848706797894,36.34355687800412,True,37.5,36.5,38.6,0.95,0.05,0.0,0.7,0.03,2,1785423718.2194011,False,True,True,False,1785423637.163881,False,True,1,1,False
1785420577.138736,20,1785423728.1992006,36.503776607919434,0.6269611657892729,36.356908522163735,True,37.5,36.5,38.6,0.95,0.05,0.0,0.7,0.03,2,1785423738.2257454,False,True,True,False,1785423637.163881,False,True,1,0,False
1785420577.138736,20,1785423748.2058923,36.527809567406734,0.6268657969024186,36.359578850995646,True,37.5,36.5,38.6,0.95,0.05,0.0,0.7,0.03,2,1785423758.2329073,False,True,True,False,1785423637.163881,False,True,1,0,False
1785420577.138736,20,1785423768.2135448,36.511787594415196,0.6269420920119021,36.34889753566796,True,37.5,36.5,38.6,0.95,0.05,0.0,0.7,0.03,2,1785423778.2407305,False,True,True,False,1785423637.163881,False,True,1,0,False
1785420577.138736,20,1785423788.2211215,36.522468909742884,0.6268085755703059,36.3889524681468,True,37.5,36.5,38.6,0.95,0.05,0.0,0.7,0.03,2,1785423798.248701,False,True,True,False,1785423637.163881,False,True,1,0,False
1785420577.138736,20,1785423808.229076,36.527809567406734,0.6268085755703059,36.375600823987185,True,37.5,36.5,38.6,0.95,0.05,0.0,0.7,0.03,2,1785423818.2568064,False,True,True,True,1785423817.1639245,False,True,1,0,False
1785420577.138736,20,1785423828.2370632,36.50644693675136,0.6269802395666437,36.36224917982757,True,37.5,36.5,38.6,0.95,0.05,0.0,0.7,0.03,2,1785423838.266957,False,True,True,False,1785423817.1639245,False,True,1,0,False
1785420577.138736,20,1785423848.2455177,36.49843595025558,0.6268467231250477,36.375600823987185,True,37.5,36.5,38.6,0.95,0.05,0.0,0.7,0.03,2,1785423858.2737563,False,True,True,False,1785423817.1639245,False,True,1,1,False
1785420577.138736,20,1785423868.2539246,36.52513923857481,0.6269420920119021,36.39696345464256,True,37.5,36.5,38.6,0.95,0.05,0.0,0.7,0.03,2,1785423878.2820501,False,True,True,False,1785423817.1639245,False,True,1,0,False
1785420577.138736,20,1785423888.2623124,36.546501869230184,0.6269039444571602,36.418326085297934,True,37.5,36.5,38.6,0.95,0.05,0.0,0.7,0.03,2,1785423898.2901266,False,True,True,False,1785423817.1639245,False,True,1,0,False
1785420577.138736,20,1785423908.271278,36.51445792324712,0.6268467231250477,36.38628213931487,True,37.5,36.5,38.6,0.95,0.05,0.0,0.7,0.03,2,1785423918.2997801,False,True,True,False,1785423817.1639245,False,True,1,0,False
1785420577.138736,20,1785423928.279691,36.48241397726406,0.6268276493476768,36.37827115281911,True,37.5,36.5,38.6,0.95,0.05,0.0,0.7,0.03,2,1785423938.3077555,False,True,True,False,1785423817.1639245,False,True,1,1,False
1785420577.138736,20,1785423948.2879612,36.50644693675136,0.6267322804608224,36.370260166323334,True,37.5,36.5,38.6,0.95,0.05,0.0,0.7,0.03,2,1785423958.3159237,False,False,True,False,1785423817.1639245,False,True,1,0,False
1785420577.138736,20,1785423968.2965517,36.51712825207905,0.6268276493476768,36.370260166323334,True,37.5,36.5,38.6,0.95,0.05,0.0,0.7,0.03,2,1785423978.3253613,False,True,True,False,1785423817.1639245,False,True,1,0,False
1785420577.138736,20,1785423988.3057027,36.479743648432134,0.6268276493476768,36.36224917982757,True,37.5,36.5,38.6,0.95,0.05,0.0,0.7,0.03,2,1785423998.3336055,False,True,True,True,1785423997.1639395,False,True,1,1,False
1785420577.138736,20,1785424008.3140414,36.50110627908751,0.6268276493476768,36.39162279697871,True,37.5,36.5,38.6,0.95,0.05,0.0,0.7,0.03,2,1785424018.3422766,False,False,True,False,1785423997.1639395,False,True,1,0,False
1785420577.138736,20,1785424028.3225982,36.527809567406734,0.6267704280155643,36.41565575646601,True,37.5,36.5,38.6,0.95,0.05,0.0,0.7,0.03,2,1785424038.3527403,False,True,True,False,1785423997.1639395,False,True,1,0,False
1785420577.138736,20,1785424048.3326018,36.51445792324712,0.6267704280155643,36.38628213931487,True,37.5,36.5,38.6,0.95,0.05,0.0,0.7,0.03,2,1785424058.3602054,False,False,True,False,1785423997.1639395,False,True,1,0,False
1785420577.138736,20,1785424068.3413603,36.51445792324712,0.6267513542381933,36.38628213931487,True,37.5,36.5,38.6,0.95,0.05,0.0,0.7,0.03,2,1785424078.3694701,False,True,True,False,1785423997.1639395,False,True,1,0,False
1785420577.138736,20,1785424088.3498273,36.503776607919434,0.6265987640192263,36.40764476997025,True,37.5,36.5,38.6,0.95,0.05,0.0,0.7,0.03,2,1785424098.377784,False,True,True,False,1785423997.1639395,False,True,1,0,False
1785420577.138736,20,1785424108.3581667,36.52513923857481,0.6268657969024186,36.412985427634084,True,37.5,36.5,38.6,0.95,0.05,0.0,0.7,0.03,2,1785424118.3859534,False,True,True,False,1785423997.1639395,False,True,1,0,False
1785420577.138736,20,1785424128.366246,36.50911726558327,0.6270946822308691,36.437018387121384,True,37.5,36.5,38.6,0.95,0.05,0.0,0.7,0.03,2,1785424138.3938859,False,True,True,False,1785423997.1639395,False,True,1,0,False
1785420577.138736,20,1785424148.3733895,36.485084306095985,0.6267704280155643,36.39696345464256,True,37.5,36.5,38.6,0.95,0.05,0.0,0.7,0.03,2,1785424158.399782,False,True,True,False,1785423997.1639395,False,True,1,1,False
1785420577.138736,20,1785424168.3796117,36.527809567406734,0.6268085755703059,36.40764476997025,True,37.5,36.5,38.6,0.95,0.05,0.0,0.7,0.03,2,1785424178.4059665,False,True,True,True,1785424177.1639655,False,True,1,0,False
1785420577.138736,20,1785424188.3858383,36.527809567406734,0.6270565346761272,36.4263370717937,True,37.5,36.5,38.6,0.95,0.05,0.0,0.7,0.03,2,1785424198.412239,False,True,True,False,1785424177.1639655,False,True,1,0,False
1785420577.138736,20,1785424208.3920307,36.50644693675136,0.6267322804608224,36.418326085297934,True,37.5,36.5,38.6,0.95,0.05,0.0,0.7,0.03,2,1785424218.4183145,False,True,True,False,1785424177.1639655,False,True,1,0,False
1785420577.138736,20,1785424228.3981555,36.46372167544061,0.6267132066834517,36.41031509880217,True,37.5,36.5,38.6,0.95,0.05,0.0,0.7,0.03,2,1785424238.4245207,False,True,True,False,1785424177.1639655,False,True,1,1,False
1785420577.138736,20,1785424248.4042978,36.51979858091096,0.6265987640192263,36.418326085297934,True,37.5,36.5,38.6,0.95,0.05,0.0,0.7,0.03,2,1785424258.4306998,False,True,True,False,1785424177.1639655,False,True,1,0,False
1785420577.138736,20,1785424268.410454,36.546501869230184,0.6267322804608224,36.450370031281,True,37.5,36.5,38.6,0.95,0.05,0.0,0.7,0.03,2,1785424278.4367976,False,False,True,False,1785424177.1639655,False,True,1,0,False
1785420577.138736,20,1785424288.4165926,36.573205157549395,0.6267132066834517,36.461051346608684,True,37.5,36.5,38.6,0.95,0.05,0.0,0.7,0.03,2,1785424298.4428704,False,True,True,False,1785424177.1639655,False,True,1,0,False
1785420577.138736,20,1785424308.4226997,36.54116121156633,0.6269420920119021,36.445029373617146,True,37.5,36.5,38.6,0.95,0.05,0.0,0.7,0.03,2,1785424318.4489825,False,False,True,False,1785424177.1639655,False,True,1,0,False
1785420577.138736,20,1785424328.4287808,36.54116121156633,0.6268848706797894,36.45304036011292,True,37.5,36.5,38.6,0.95,0.05,0.0,0.7,0.03,2,1785424338.4550326,False,True,True,False,1785424177.1639655,False,True,1,0,False
1785420577.138736,20,1785424348.434884,36.51712825207905,0.6267895017929351,36.43968871595331,True,37.5,36.5,38.6,0.95,0.05,0.0,0.7,0.03,2,1785424358.4614375,False,True,True,True,1785424357.163982,False,True,1,0,False
1785420577.138736,20,1785424368.441066,36.49576562142367,0.6265224689097428,36.450370031281,True,37.5,36.5,38.6,0.95,0.05,0.0,0.7,0.03,2,1785424378.4676383,False,True,True,False,1785424357.163982,False,True,1,1,False
1785420577.138736,20,1785424388.448146,36.570534828717484,0.6270183871213856,36.469062333104446,True,37.5,36.5,38.6,0.95,0.05,0.0,0.7,0.03,2,1785424398.4754863,False,True,True,False,1785424357.163982,False,True,1,0,False
1785420577.138736,20,1785424408.4561162,36.57587548638132,0.6270565346761272,36.46639200427252,True,37.5,36.5,38.6,0.95,0.05,0.0,0.7,0.03,2,1785424418.483895,False,True,True,False,1785424357.163982,False,True,1,0,False
1785420577.138736,20,1785424428.4643543,36.554512855725946,0.6268276493476768,36.485084306095985,True,37.5,36.5,38.6,0.95,0.05,0.0,0.7,0.03,2,1785424438.4917362,False,True,True,False,1785424357.163982,False,True,1,0,False
1785420577.138736,20,1785424448.4717367,36.54116121156633,0.6267895017929351,36.45571068894483,True,37.5,36.5,38.6,0.95,0.05,0.0,0.7,0.03,2,1785424458.4980307,False,True,True,False,1785424357.163982,False,True,1,0,False
1785420577.138736,20,1785424468.477847,36.54116121156633,0.6268848706797894,36.46639200427252,True,37.5,36.5,38.6,0.95,0.05,0.0,0.7,0.03,2,1785424478.5041413,False,True,True,False,1785424357.163982,False,True,1,0,False
1785420577.138736,20,1785424488.483948,36.546501869230184,0.6267895017929351,36.43968871595331,True,37.5,36.5,38.6,0.95,0.05,0.0,0.7,0.03,2,1785424498.5103028,False,True,True,False,1785424357.163982,False,True,1,0,False
1785420577.138736,20,1785424508.4901474,36.487754634927896,0.6269611657892729,36.46639200427252,True,37.5,36.5,38.6,0.95,0.05,0.0,0.7,0.03,2,1785424518.5164907,False,True,True,False,1785424357.163982,False,True,1,1,False
1785420577.138736,20,1785424528.4962556,36.546501869230184,0.6267704280155643,36.469062333104446,True,37.5,36.5,38.6,0.95,0.05,0.0,0.7,0.03,2,1785424538.5226076,False,True,True,True,1785424537.163999,False,True,1,0,False
1785420577.138736,20,1785424548.502424,36.56519417105363,0.6267513542381933,36.46639200427252,True,37.5,36.5,38.6,0.95,0.05,0.0,0.7,0.03,2,1785424558.5287561,False,True,True,False,1785424537.163999,False,True,1,0,False
1785420577.138736,20,1785424568.5087416,36.54383154039826,0.6267132066834517,36.461051346608684,True,37.5,36.5,38.6,0.95,0.05,0.0,0.7,0.03,2,1785424578.5350816,False,True,True,False,1785424537.163999,False,True,1,0,False
1785420577.138736,20,1785424588.5148716,36.527809567406734,0.6267895017929351,36.469062333104446,True,37.5,36.5,38.6,0.95,0.05,0.0,0.7,0.03,2,1785424598.5413876,False,True,True,False,1785424537.163999,False,True,1,0,False
1785420577.138736,20,1785424608.5210304,36.527809567406734,0.6269039444571602,36.450370031281,True,37.5,36.5,38.6,0.95,0.05,0.0,0.7,0.03,2,1785424618.547409,False,True,True,False,1785424537.163999,False,True,1,0,False
1785420577.138736,20,1785424628.5280335,36.522468909742884,0.6269230182345312,36.46372167544061,True,37.5,36.5,38.6,0.95,0.05,0.0,0.7,0.03,2,1785424638.5554872,False,True,True,False,1785424537.163999,False,True,1,0,False
1785420577.138736,20,1785424648.535977,36.50911726558327,0.6269420920119021,36.445029373617146,True,37.5,36.5,38.6,0.95,0.05,0.0,0.7,0.03,2,1785424658.5637028,False,True,True,False,1785424537.163999,False,True,1,0,False
1785420577.138736,20,1785424668.5432384,36.50911726558327,0.6267895017929351,36.46639200427252,True,37.5,36.5,38.6,0.95,0.05,0.0,0.7,0.03,2,1785424678.5695848,False,True,True,False,1785424537.163999,False,True,1,0,False
1785420577.138736,20,1785424688.5494401,36.503776607919434,0.6267322804608224,36.487754634927896,True,37.5,36.5,38.6,0.95,0.05,0.0,0.7,0.03,2,1785424698.5756896,False,False,True,False,1785424537.163999,False,True,1,0,False
1785420577.138736,20,1785424708.5564015,36.503776607919434,0.6266178377965973,36.47173266193637,True,37.5,36.5,38.6,0.95,0.05,0.0,0.7,0.03,2,1785424718.58412,False,True,True,True,1785424717.1640112,False,True,1,0,False
1785420577.138736,20,1785424728.564603,36.51445792324712,0.6265796902418554,36.45838101777676,True,37.5,36.5,38.6,0.95,0.05,0.0,0.7,0.03,2,1785424738.5924191,False,True,True,False,1785424717.1640112,False,True,1,0,False
1785420577.138736,20,1785424748.5718393,36.50110627908751,0.6268085755703059,36.445029373617146,True,37.5,36.5,38.6,0.95,0.05,0.0,0.7,0.03,2,1785424758.5983481,False,True,True,False,1785424717.1640112,False,True,1,0,False
1785420577.138736,20,1785424768.5782359,36.54383154039826,0.6270183871213856,36.48241397726406,True,37.5,36.5,38.6,0.95,0.05,0.0,0.7,0.03,2,1785424778.6045656,False,True,True,False,1785424717.1640112,False,True,1,0,False
1785420577.138736,20,1785424788.5843446,36.527809567406734,0.6266559853513389,36.4744029907683,True,37.5,36.5,38.6,0.95,0.05,0.0,0.7,0.03,2,1785424798.6106422,False,True,True,False,1785424717.1640112,False,True,1,0,False
1785420577.138736,20,1785424808.5904746,36.50644693675136,0.6268085755703059,36.43968871595331,True,37.5,36.5,38.6,0.95,0.05,0.0,0.7,0.03,2,1785424818.6170418,False,True,True,False,1785424717.1640112,False,True,1,0,False
1785420577.138736,20,1785424828.5974743,36.527809567406734,0.6267513542381933,36.469062333104446,True,37.5,36.5,38.6,0.95,0.05,0.0,0.7,0.03,2,1785424838.6251757,False,True,True,False,1785424717.1640112,False,True,1,0,False
1785420577.138736,20,1785424848.6055772,36.54116121156633,0.6267895017929351,36.47173266193637,True,37.5,36.5,38.6,0.95,0.05,0.0,0.7,0.03,2,1785424858.6331966,False,True,True,False,1785424717.1640112,False,True,1,0,False
1785420577.138736,20,1785424868.6136322,36.49843595025558,0.6268276493476768,36.45571068894483,True,37.5,36.5,38.6,0.95,0.05,0.0,0.7,0.03,2,1785424878.6413062,False,True,True,False,1785424717.1640112,False,True,1,1,False
1785420577.138736,20,1785424888.6216586,36.51979858091096,0.6264271000228885,36.450370031281,True,37.5,36.5,38.6,0.95,0.05,0.0,0.7,0.03,2,1785424898.6493018,False,True,True,True,1785424897.1640222,False,True,1,0,False
1785420577.138736,20,1785424908.629858,36.503776607919434,0.626350804913405,36.46639200427252,True,37.5,36.5,38.6,0.95,0.05,0.0,0.7,0.03,2,1785424918.6576395,False,True,True,False,1785424897.1640222,False,True,1,0,False
1785420577.138736,20,1785424928.6371439,36.51445792324712,0.626503395132372,36.44769970244907,True,37.5,36.5,38.6,0.95,0.05,0.0,0.7,0.03,2,1785424938.6634393,False,True,True,False,1785424897.1640222,False,True,1,0,False
1785420577.138736,20,1785424948.643293,36.50644693675136,0.6268657969024186,36.450370031281,True,37.5,36.5,38.6,0.95,0.05,0.0,0.7,0.03,2,1785424958.6695876,False,True,True,False,1785424897.1640222,False,True,1,0,False
1785420577.138736,20,1785424968.649392,36.511787594415196,0.6266941329060808,36.46639200427252,True,37.5,36.5,38.6,0.95,0.05,0.0,0.7,0.03,2,1785424978.6756482,False,True,True,False,1785424897.1640222,False,True,1,0,False
1785420577.138736,20,1785424988.655514,36.527809567406734,0.6268657969024186,36.469062333104446,True,37.5,36.5,38.6,0.95,0.05,0.0,0.7,0.03,2,1785424998.6818643,False,True,True,False,1785424897.1640222,False,True,1,0,False
1785420577.138736,20,1785425008.6617055,36.54917219806211,0.6267895017929351,36.43968871595331,True,37.5,36.5,38.6,0.95,0.05,0.0,0.7,0.03,2,1785425018.6881616,False,True,True,False,1785424897.1640222,False,True,1,0,False
1785420577.138736,20,1785425028.6677818,36.51712825207905,0.626503395132372,36.45838101777676,True,37.5,36.5,38.6,0.95,0.05,0.0,0.7,0.03,2,1785425038.6940665,False,True,True,False,1785424897.1640222,False,True,1,0,False
1785420577.138736,20,1785425048.6738727,36.50911726558327,0.6266178377965973,36.43968871595331,True,37.5,36.5,38.6,0.95,0.05,0.0,0.7,0.03,2,1785425058.7001235,False,False,True,False,1785424897.1640222,False,True,1,0,False
1785420577.138736,20,1785425068.6799223,36.503776607919434,0.6268657969024186,36.450370031281,True,37.5,36.5,38.6,0.95,0.05,0.0,0.7,0.03,2,1785425078.7062292,False,True,True,True,1785425077.1640477,False,True,1,0,False
1785420577.138736,20,1785425088.686073,36.51445792324712,0.6266750591287098,36.450370031281,True,37.5,36.5,38.6,0.95,0.05,0.0,0.7,0.03,2,1785425098.7123442,False,True,True,False,1785425077.1640477,False,True,1,0,False
1785420577.138736,20,1785425108.6921635,36.52513923857481,0.6267895017929351,36.46639200427252,True,37.5,36.5,38.6,0.95,0.05,0.0,0.7,0.03,2,1785425118.7186618,False,True,True,False,1785425077.1640477,False,True,1,0,False
1785420577.138736,20,1785425128.6984606,36.578545815213246,0.6268467231250477,36.49042496375982,True,37.5,36.5,38.6,0.95,0.05,0.0,0.7,0.03,2,1785425138.7247322,False,True,True,False,1785425077.1640477,False,True,1,0,False
1785420577.138736,20,1785425148.7045903,36.54383154039826,0.626503395132372,36.487754634927896,True,37.5,36.5,38.6,0.95,0.05,0.0,0.7,0.03,2,1785425158.7308972,False,True,True,False,1785425077.1640477,False,True,1,0,False
1785420577.138736,20,1785425168.710706,36.50644693675136,0.6264461738002594,36.45571068894483,True,37.5,36.5,38.6,0.95,0.05,0.0,0.7,0.03,2,1785425178.7369936,False,True,True,False,1785425077.1640477,False,True,1,0,False
1785420577.138736,20,1785425188.7167976,36.50644693675136,0.6267322804608224,36.4263370717937,True,37.5,36.5,38.6,0.95,0.05,0.0,0.7,0.03,2,1785425198.7430093,False,True,True,False,1785425077.1640477,False,True,1,0,False
1785420577.138736,20,1785425208.7228332,36.49042496375982,0.6267132066834517,36.43968871595331,True,37.5,36.5,38.6,0.95,0.05,0.0,0.7,0.03,2,1785425218.7491596,False,False,True,False,1785425077.1640477,False,True,1,1,False
1785420577.138736,20,1785425228.7289739,36.54383154039826,0.6268848706797894,36.469062333104446,True,37.5,36.5,38.6,0.95,0.05,0.0,0.7,0.03,2,1785425238.7553108,False,True,True,False,1785425077.1640477,False,True,1,0,False
1785420577.138736,20,1785425248.7351317,36.503776607919434,0.6268276493476768,36.461051346608684,True,37.5,36.5,38.6,0.95,0.05,0.0,0.7,0.03,2,1785425258.7614367,False,True,True,True,1785425257.1640701,False,True,1,0,False
1785420577.138736,20,1785425268.741288,36.49843595025558,0.6268467231250477,36.450370031281,True,37.5,36.5,38.6,0.95,0.05,0.0,0.7,0.03,2,1785425278.7675185,False,True,True,False,1785425257.1640701,False,True,1,1,False
1785420577.138736,20,1785425288.7473428,36.52513923857481,0.6266369115739682,36.450370031281,True,37.5,36.5,38.6,0.95,0.05,0.0,0.7,0.03,2,1785425298.7741928,False,True,True,False,1785425257.1640701,False,True,1,0,False
1785420577.138736,20,1785425308.7544408,36.503776607919434,0.6267895017929351,36.461051346608684,True,37.5,36.5,38.6,0.95,0.05,0.0,0.7,0.03,2,1785425318.782779,False,True,True,False,1785425257.1640701,False,True,1,0,False
1785420577.138736,20,1785425328.7631583,36.47707331960021,0.6264271000228885,36.442359044785235,True,37.5,36.5,38.6,0.95,0.05,0.0,0.7,0.03,2,1785425338.7907777,False,True,True,False,1785425257.1640701,False,True,1,1,False
1785420577.138736,20,1785425348.7711732,36.49042496375982,0.6265987640192263,36.43968871595331,True,37.5,36.5,38.6,0.95,0.05,0.0,0.7,0.03,2,1785425358.7987955,False,True,True,False,1785425257.1640701,False,True,1,1,False
1785420577.138736,20,1785425368.7792103,36.570534828717484,0.6265987640192263,36.47707331960021,True,37.5,36.5,38.6,0.95,0.05,0.0,0.7,0.03,2,1785425378.806974,False,True,True,False,1785425257.1640701,False,True,1,0,False
1785420577.138736,20,1785425388.7873619,36.57587548638132,0.6267704280155643,36.50644693675136,True,37.5,36.5,38.6,0.95,0.05,0.0,0.7,0.03,2,1785425398.8151448,False,True,True,False,1785425257.1640701,False,True,1,0,False
1785420577.138736,20,1785425408.795332,36.57587548638132,0.6265606164644847,36.48241397726406,True,37.5,36.5,38.6,0.95,0.05,0.0,0.7,0.03,2,1785425418.8228898,False,True,True,False,1785425257.1640701,False,True,1,0,False
1785420577.138736,20,1785425428.8032913,36.511787594415196,0.6267513542381933,36.45304036011292,True,37.5,36.5,38.6,0.95,0.05,0.0,0.7,0.03,2,1785425438.8308682,False,True,True,True,1785425437.1641023,False,True,1,0,False
1785420577.138736,20,1785425448.8112023,36.503776607919434,0.6269420920119021,36.445029373617146,True,37.5,36.5,38.6,0.95,0.05,0.0,0.7,0.03,2,1785425458.8389368,False,True,True,False,1785425437.1641023,False,True,1,0,False
1785420577.138736,20,1785425468.8193371,36.503776607919434,0.6267322804608224,36.46639200427252,True,37.5,36.5,38.6,0.95,0.05,0.0,0.7,0.03,2,1785425478.8469417,False,True,True,False,1785425437.1641023,False,True,1,0,False
1785420577.138736,20,1785425488.827418,36.51979858091096,0.626503395132372,36.46639200427252,True,37.5,36.5,38.6,0.95,0.05,0.0,0.7,0.03,2,1785425498.8548086,False,True,True,False,1785425437.1641023,False,True,1,0,False
1785420577.138736,20,1785425508.8354907,36.503776607919434,0.6269420920119021,36.45571068894483,True,37.5,36.5,38.6,0.95,0.05,0.0,0.7,0.03,2,1785425518.8640392,False,True,True,False,1785425437.1641023,False,True,1,0,False
1785420577.138736,20,1785425528.8437176,36.48241397726406,0.6269802395666437,36.4263370717937,True,37.5,36.5,38.6,0.95,0.05,0.0,0.7,0.03,2,1785425538.8714404,False,True,True,False,1785425437.1641023,False,True,1,1,False
1785420577.138736,20,1785425548.8517632,36.49042496375982,0.6266559853513389,36.450370031281,True,37.5,36.5,38.6,0.95,0.05,0.0,0.7,0.03,2,1785425558.8794065,False,True,True,False,1785425437.1641023,False,True,1,1,False
1785420577.138736,20,1785425568.8597832,36.56519417105363,0.6267895017929351,36.47173266193637,True,37.5,36.5,38.6,0.95,0.05,0.0,0.7,0.03,2,1785425578.8874235,False,True,True,False,1785425437.1641023,False,True,1,0,False
1785420577.138736,20,1785425588.8678284,36.57587548638132,0.6268848706797894,36.479743648432134,True,37.5,36.5,38.6,0.95,0.05,0.0,0.7,0.03,2,1785425598.8955152,False,True,True,False,1785425437.1641023,False,True,1,0,False
1785420577.138736,20,1785425608.8759458,36.53315022507057,0.6264652475776303,36.47707331960021,True,37.5,36.5,38.6,0.95,0.05,0.0,0.7,0.03,2,1785425618.9035285,False,True,True,True,1785425617.1641452,False,True,1,0,False
1785420577.138736,20,1785425628.8839478,36.49576562142367,0.6266750591287098,36.4263370717937,True,37.5,36.5,38.6,0.95,0.05,0.0,0.7,0.03,2,1785425638.9116008,False,True,True,False,1785425617.1641452,False,True,1,1,False
1785420577.138736,20,1785425648.8919458,36.51979858091096,0.6268085755703059,36.46639200427252,True,37.5,36.5,38.6,0.95,0.05,0.0,0.7,0.03,2,1785425658.9196427,False,True,True,False,1785425617.1641452,False,True,1,0,False
1785420577.138736,20,1785425668.9001088,36.503776607919434,0.6264843213550012,36.47707331960021,True,37.5,36.5,38.6,0.95,0.05,0.0,0.7,0.03,2,1785425678.9279034,False,True,True,False,1785425617.1641452,False,True,1,0,False
1785420577.138736,20,1785425688.9081488,36.530479896238646,0.6266178377965973,36.450370031281,True,37.5,36.5,38.6,0.95,0.05,0.0,0.7,0.03,2,1785425698.935769,False,True,True,False,1785425617.1641452,False,True,1,0,False
1785420577.138736,20,1785425708.916674,36.51979858091096,0.6266369115739682,36.450370031281,True,37.5,36.5,38.6,0.95,0.05,0.0,0.7,0.03,2,1785425718.944234,False,True,True,False,1785425617.1641452,False,True,1,0,False
1785420577.138736,20,1785425728.9248397,36.50911726558327,0.6266559853513389,36.442359044785235,True,37.5,36.5,38.6,0.95,0.05,0.0,0.7,0.03,2,1785425738.9553769,False,True,True,False,1785425617.1641452,False,True,1,0,False
1785420577.138736,20,1785425748.9359565,36.485084306095985,0.6267895017929351,36.42900740062562,True,37.5,36.5,38.6,0.95,0.05,0.0,0.7,0.03,2,1785425758.9638386,False,True,True,False,1785425617.1641452,False,True,1,1,False
1785420577.138736,20,1785425768.944109,36.511787594415196,0.6269420920119021,36.42366674296177,True,37.5,36.5,38.6,0.95,0.05,0.0,0.7,0.03,2,1785425778.9721987,False,True,True,False,1785425617.1641452,False,True,1,0,False
1785420577.138736,20,1785425788.952235,36.56519417105363,0.6270565346761272,36.44769970244907,True,37.5,36.5,38.6,0.95,0.05,0.0,0.7,0.03,2,1785425798.980598,False,True,True,True,1785425797.1641493,False,True,1,0,False
1785420577.138736,20,1785425808.9626505,36.51712825207905,0.6265224689097428,36.450370031281,True,37.5,36.5,38.6,0.95,0.05,0.0,0.7,0.03,2,1785425818.9904964,False,True,True,False,1785425797.1641493,False,True,1,0,False
1785420577.138736,20,1785425828.970749,36.49042496375982,0.6269039444571602,36.442359044785235,True,37.5,36.5,38.6,0.95,0.05,0.0,0.7,0.03,2,1785425838.9985447,False,True,True,False,1785425797.1641493,False,True,1,1,False
1785420577.138736,20,1785425848.9789393,36.49309529259175,0.6269230182345312,36.445029373617146,True,37.5,36.5,38.6,0.95,0.05,0.0,0.7,0.03,2,1785425859.0066123,False,True,True,False,1785425797.1641493,False,True,1,1,False
1785420577.138736,20,1785425868.987148,36.59990844586862,0.6268085755703059,36.461051346608684,True,37.5,36.5,38.6,0.95,0.05,0.0,0.7,0.03,2,1785425879.01476,False,True,True,False,1785425797.1641493,False,True,1,0,False
1785420577.138736,20,1785425888.9951522,36.58388647287708,0.6266941329060808,36.47707331960021,True,37.5,36.5,38.6,0.95,0.05,0.0,0.7,0.03,2,1785425899.0227757,False,True,True,False,1785425797.1641493,False,True,1,0,False
1785420577.138736,20,1785425909.003136,36.54116121156633,0.6266559853513389,36.43968871595331,True,37.5,36.5,38.6,0.95,0.05,0.0,0.7,0.03,2,1785425919.0307536,False,True,True,False,1785425797.1641493,False,True,1,0,False
1785420577.138736,20,1785425929.0112202,36.51445792324712,0.6267704280155643,36.43167772945755,True,37.5,36.5,38.6,0.95,0.05,0.0,0.7,0.03,2,1785425939.0389159,False,True,True,False,1785425797.1641493,False,True,1,0,False
1785420577.138736,20,1785425949.0193772,36.4744029907683,0.6269420920119021,36.412985427634084,True,37.5,36.5,38.6,0.95,0.05,0.0,0.7,0.03,2,1785425959.0469966,False,True,True,False,1785425797.1641493,False,True,1,1,False
1785420577.138736,20,1785425969.0273588,36.522468909742884,0.6271709773403525,36.45571068894483,True,37.5,36.5,38.6,0.95,0.05,0.0,0.7,0.03,2,1785425979.0549538,False,True,True,True,1785425977.1641846,False,True,1,0,False
1785420577.138736,20,1785425989.0352924,36.53315022507057,0.6267704280155643,36.479743648432134,True,37.5,36.5,38.6,0.95,0.05,0.0,0.7,0.03,2,1785425999.06272,False,True,True,False,1785425977.1641846,False,True,1,0,False
1785420577.138736,20,1785426009.04243,36.50644693675136,0.6268276493476768,36.42366674296177,True,37.5,36.5,38.6,0.95,0.05,0.0,0.7,0.03,2,1785426019.0687072,False,True,True,False,1785425977.1641846,False,True,1,0,False
1785420577.138736,20,1785426029.0486188,36.51712825207905,0.6268276493476768,36.442359044785235,True,37.5,36.5,38.6,0.95,0.05,0.0,0.7,0.03,2,1785426039.074912,False,True,True,False,1785425977.1641846,False,True,1,0,False
1785420577.138736,20,1785426049.0547194,36.49843595025558,0.6270756084534982,36.412985427634084,True,37.5,36.5,38.6,0.95,0.05,0.0,0.7,0.03,2,1785426059.0811863,False,True,True,False,1785425977.1641846,False,True,1,1,False
1785420577.138736,20,1785426069.0607934,36.530479896238646,0.6265415426871138,36.461051346608684,True,37.5,36.5,38.6,0.95,0.05,0.0,0.7,0.03,2,1785426079.0871096,False,False,True,False,1785425977.1641846,False,True,1,0,False
1785420577.138736,20,1785426089.066918,36.51979858091096,0.6265987640192263,36.47707331960021,True,37.5,36.5,38.6,0.95,0.05,0.0,0.7,0.03,2,1785426099.0931976,False,True,True,False,1785425977.1641846,False,True,1,0,False
1785420577.138736,20,1785426109.0730388,36.52513923857481,0.6266941329060808,36.43968871595331,True,37.5,36.5,38.6,0.95,0.05,0.0,0.7,0.03,2,1785426119.099283,False,False,True,False,1785425977.1641846,False,True,1,0,False
1785420577.138736,20,1785426129.079099,36.487754634927896,0.6267513542381933,36.442359044785235,True,37.5,36.5,38.6,0.95,0.05,0.0,0.7,0.03,2,1785426139.1053789,False,True,True,False,1785425977.1641846,False,True,1,1,False
1785420577.138736,20,1785426149.0851538,36.56519417105363,0.6267513542381933,36.445029373617146,True,37.5,36.5,38.6,0.95,0.05,0.0,0.7,0.03,2,1785426159.111614,False,True,True,True,1785426157.164218,False,True,1,0,False
1785420577.138736,20,1785426169.0912776,36.57587548638132,0.6267704280155643,36.487754634927896,True,37.5,36.5,38.6,0.95,0.05,0.0,0.7,0.03,2,1785426179.1175816,False,True,True,False,1785426157.164218,False,True,1,0,False
1785420577.138736,20,1785426189.0974169,36.527809567406734,0.6269802395666437,36.479743648432134,True,37.5,36.5,38.6,0.95,0.05,0.0,0.7,0.03,2,1785426199.1237383,False,True,True,False,1785426157.164218,False,True,1,0,False
1785420577.138736,20,1785426209.103548,36.51712825207905,0.6266369115739682,36.43434805828946,True,37.5,36.5,38.6,0.95,0.05,0.0,0.7,0.03,2,1785426219.1298301,False,True,True,False,1785426157.164218,False,True,1,0,False
1785420577.138736,20,1785426229.1096303,36.469062333104446,0.6265606164644847,36.41565575646601,True,37.5,36.5,38.6,0.95,0.05,0.0,0.7,0.03,2,1785426239.1358504,False,True,True,False,1785426157.164218,False,True,1,1,False
1785420577.138736,20,1785426249.1156566,36.530479896238646,0.6267704280155643,36.46639200427252,True,37.5,36.5,38.6,0.95,0.05,0.0,0.7,0.03,2,1785426259.1419513,False,True,True,False,1785426157.164218,False,True,1,0,False
1785420577.138736,20,1785426269.1218007,36.54116121156633,0.6270565346761272,36.47173266193637,True,37.5,36.5,38.6,0.95,0.05,0.0,0.7,0.03,2,1785426279.148196,False,False,True,False,1785426157.164218,False,True,1,0,False
1785420577.138736,20,1785426289.1279964,36.51445792324712,0.6268276493476768,36.445029373617146,True,37.5,36.5,38.6,0.95,0.05,0.0,0.7,0.03,2,1785426299.1543117,False,True,True,False,1785426157.164218,False,True,1,0,False
1785420577.138736,20,1785426309.1341066,36.47707331960021,0.6267322804608224,36.412985427634084,True,37.5,36.5,38.6,0.95,0.05,0.0,0.7,0.03,2,1785426319.1606216,False,True,True,False,1785426157.164218,False,True,1,1,False
1785420577.138736,20,1785426329.1411119,36.51445792324712,0.6267704280155643,36.44769970244907,True,37.5,36.5,38.6,0.95,0.05,0.0,0.7,0.03,2,1785426339.1691556,False,True,True,True,1785426337.1642246,False,True,1,0,False
1785420577.138736,20,1785426349.1490784,36.527809567406734,0.6268657969024186,36.42366674296177,True,37.5,36.5,38.6,0.95,0.05,0.0,0.7,0.03,2,1785426359.1763833,False,True,True,False,1785426337.1642246,False,True,1,0,False
1785420577.138736,20,1785426369.1561618,36.49042496375982,0.6265415426871138,36.42366674296177,True,37.5,36.5,38.6,0.95,0.05,0.0,0.7,0.03,2,1785426379.1829748,False,True,True,False,1785426337.1642246,False,True,1,1,False
1785420577.138736,20,1785426389.1622732,36.554512855725946,0.6266559853513389,36.45304036011292,True,37.5,36.5,38.6,0.95,0.05,0.0,0.7,0.03,2,1785426399.1885097,False,True,True,False,1785426337.1642246,False,True,1,0,False
1785420577.138736,20,1785426409.168303,36.511787594415196,0.6266941329060808,36.461051346608684,True,37.5,36.5,38.6,0.95,0.05,0.0,0.7,0.03,2,1785426419.1946166,False,True,True,False,1785426337.1642246,False,True,1,0,False
1785420577.138736,20,1785426429.1744409,36.50644693675136,0.6267895017929351,36.469062333104446,True,37.5,36.5,38.6,0.95,0.05,0.0,0.7,0.03,2,1785426439.2008753,False,True,True,False,1785426337.1642246,False,True,1,0,False
1785420577.138736,20,1785426449.180504,36.47707331960021,0.6266559853513389,36.418326085297934,True,37.5,36.5,38.6,0.95,0.05,0.0,0.7,0.03,2,1785426459.2068737,False,True,True,False,1785426337.1642246,False,True,1,1,False
1785420577.138736,20,1785426469.1867204,36.52513923857481,0.6266369115739682,36.43968871595331,True,37.5,36.5,38.6,0.95,0.05,0.0,0.7,0.03,2,1785426479.2129924,False,False,True,False,1785426337.1642246,False,True,1,0,False
1785420577.138736,20,1785426489.1927874,36.5358205539025,0.6270756084534982,36.43968871595331,True,37.5,36.5,38.6,0.95,0.05,0.0,0.7,0.03,2,1785426499.2190316,False,True,True,False,1785426337.1642246,False,True,1,0,False
1785420577.138736,20,1785426509.19887,36.487754634927896,0.6269993133440147,36.412985427634084,True,37.5,36.5,38.6,0.95,0.05,0.0,0.7,0.03,2,1785426519.2250946,False,True,True,True,1785426517.1642356,False,True,1,1,False
1785420577.138736,20,1785426529.2050056,36.47707331960021,0.6268657969024186,36.437018387121384,True,37.5,36.5,38.6,0.95,0.05,0.0,0.7,0.03,2,1785426539.2312753,False,False,True,False,1785426517.1642356,False,True,1,1,False
1785420577.138736,20,1785426549.211117,36.5598535133898,0.6267704280155643,36.47173266193637,True,37.5,36.5,38.6,0.95,0.05,0.0,0.7,0.03,2,1785426559.2373793,False,True,True,False,1785426517.1642356,False,True,1,0,False
1785420577.138736,20,1785426569.2171504,36.56519417105363,0.6265796902418554,36.45571068894483,True,37.5,36.5,38.6,0.95,0.05,0.0,0.7,0.03,2,1785426579.243407,False,True,True,False,1785426517.1642356,False,True,1,0,False
1785420577.138736,20,1785426589.2232502,36.53315022507057,0.6266941329060808,36.45304036011292,True,37.5,36.5,38.6,0.95,0.05,0.0,0.7,0.03,2,1785426599.2495008,False,True,True,False,1785426517.1642356,False,True,1,0,False
1785420577.138736,20,1785426609.2293572,36.49042496375982,0.6267895017929351,36.43968871595331,True,37.5,36.5,38.6,0.95,0.05,0.0,0.7,0.03,2,1785426619.2556581,False,False,True,False,1785426517.1642356,False,True,1,1,False
1785420577.138736,20,1785426629.2354684,36.527809567406734,0.6267895017929351,36.45304036011292,True,37.5,36.5,38.6,0.95,0.05,0.0,0.7,0.03,2,1785426639.2618394,False,True,True,False,1785426517.1642356,False,True,1,0,False
1785420577.138736,20,1785426649.2416444,36.54116121156633,0.6270183871213856,36.461051346608684,True,37.5,36.5,38.6,0.95,0.05,0.0,0.7,0.03,2,1785426659.2680814,False,True,True,False,1785426517.1642356,False,True,1,0,False
1785420577.138736,20,1785426669.247673,36.503776607919434,0.6265987640192263,36.43968871595331,True,37.5,36.5,38.6,0.95,0.05,0.0,0.7,0.03,2,1785426679.2739487,False,True,True,False,1785426517.1642356,False,True,1,0,False
1785420577.138736,20,1785426689.2538834,36.503776607919434,0.6272091248950942,36.42366674296177,True,37.5,36.5,38.6,0.95,0.05,0.0,0.7,0.03,2,1785426699.2801173,False,True,True,True,1785426697.1642644,False,True,1,0,False
1785420577.138736,20,1785426709.2598832,36.47707331960021,0.6268276493476768,36.39162279697871,True,37.5,36.5,38.6,0.95,0.05,0.0,0.7,0.03,2,1785426719.2862928,False,True,True,False,1785426697.1642644,False,True,1,1,False
1785420577.138736,20,1785426729.2659712,36.503776607919434,0.6268085755703059,36.42099641412986,True,37.5,36.5,38.6,0.95,0.05,0.0,0.7,0.03,2,1785426739.2922585,False,True,True,False,1785426697.1642644,False,True,1,0,False
1785420577.138736,20,1785426749.2720952,36.56519417105363,0.6269611657892729,36.43968871595331,True,37.5,36.5,38.6,0.95,0.05,0.0,0.7,0.03,2,1785426759.2984898,False,True,True,False,1785426697.1642644,False,True,1,0,False
1785420577.138736,20,1785426769.278213,36.527809567406734,0.6270374608987563,36.43968871595331,True,37.5,36.5,38.6,0.95,0.05,0.0,0.7,0.03,2,1785426779.3047137,False,False,True,False,1785426697.1642644,False,True,1,0,False
1785420577.138736,20,1785426789.284394,36.49042496375982,0.6271328297856107,36.43167772945755,True,37.5,36.5,38.6,0.95,0.05,0.0,0.7,0.03,2,1785426799.3110828,False,True,True,False,1785426697.1642644,False,True,1,1,False
1785420577.138736,20,1785426809.2904932,36.50644693675136,0.6270183871213856,36.40764476997025,True,37.5,36.5,38.6,0.95,0.05,0.0,0.7,0.03,2,1785426819.3175094,False,True,True,False,1785426697.1642644,False,True,1,0,False
1785420577.138736,20,1785426829.2971783,36.511787594415196,0.6268657969024186,36.4263370717937,True,37.5,36.5,38.6,0.95,0.05,0.0,0.7,0.03,2,1785426839.3239179,False,True,True,False,1785426697.1642644,False,True,1,0,False
1785420577.138736,20,1785426849.3033783,36.503776607919434,0.6267322804608224,36.43968871595331,True,37.5,36.5,38.6,0.95,0.05,0.0,0.7,0.03,2,1785426859.329852,False,True,True,False,1785426697.1642644,False,True,1,0,False
1785420577.138736,20,1785426869.3095775,36.503776607919434,0.6265606164644847,36.40764476997025,True,37.5,36.5,38.6,0.95,0.05,0.0,0.7,0.03,2,1785426879.335958,False,True,True,True,1785426877.1642978,False,True,1,0,False
1785420577.138736,20,1785426889.3156571,36.487754634927896,0.6267513542381933,36.412985427634084,True,37.5,36.5,38.6,0.95,0.05,0.0,0.7,0.03,2,1785426899.341944,False,True,True,False,1785426877.1642978,False,True,1,1,False
1785420577.138736,20,1785426909.3218112,36.530479896238646,0.6268276493476768,36.450370031281,True,37.5,36.5,38.6,0.95,0.05,0.0,0.7,0.03,2,1785426919.3480568,False,True,True,False,1785426877.1642978,False,True,1,0,False
1785420577.138736,20,1785426929.3278718,36.55718318455787,0.6270183871213856,36.45838101777676,True,37.5,36.5,38.6,0.95,0.05,0.0,0.7,0.03,2,1785426939.3543084,False,True,True,False,1785426877.1642978,False,True,1,0,False
1785420577.138736,20,1785426949.3342202,36.51712825207905,0.6264271000228885,36.445029373617146,True,37.5,36.5,38.6,0.95,0.05,0.0,0.7,0.03,2,1785426959.3604343,False,True,True,False,1785426877.1642978,False,True,1,0,False
1785420577.138736,20,1785426969.3402371,36.479743648432134,0.6266750591287098,36.412985427634084,True,37.5,36.5,38.6,0.95,0.05,0.0,0.7,0.03,2,1785426979.367205,False,True,True,False,1785426877.1642978,False,True,1,1,False
1785420577.138736,20,1785426989.347232,36.527809567406734,0.6270756084534982,36.42099641412986,True,37.5,36.5,38.6,0.95,0.05,0.0,0.7,0.03,2,1785426999.3746073,False,True,True,False,1785426877.1642978,False,True,1,0,False
1785420577.138736,20,1785427009.3543584,36.527809567406734,0.6267895017929351,36.445029373617146,True,37.5,36.5,38.6,0.95,0.05,0.0,0.7,0.03,2,1785427019.3808618,False,True,True,False,1785426877.1642978,False,True,1,0,False
1785420577.138736,20,1785427029.3608103,36.49042496375982,0.6270756084534982,36.41031509880217,True,37.5,36.5,38.6,0.95,0.05,0.0,0.7,0.03,2,1785427039.3876736,False,False,True,False,1785426877.1642978,False,True,1,1,False
1785420577.138736,20,1785427049.3674636,36.5358205539025,0.6269611657892729,36.450370031281,True,37.5,36.5,38.6,0.95,0.05,0.0,0.7,0.03,2,1785427059.3939915,False,True,True,True,1785427057.1643343,False,True,1,0,False
1785420577.138736,20,1785427069.3736072,36.530479896238646,0.6269420920119021,36.42366674296177,True,37.5,36.5,38.6,0.95,0.05,0.0,0.7,0.03,2,1785427079.399823,False,True,True,False,1785427057.1643343,False,True,1,0,False
1785420577.138736,20,1785427089.3796694,36.487754634927896,0.6271709773403525,36.42366674296177,True,37.5,36.5,38.6,0.95,0.05,0.0,0.7,0.03,2,1785427099.4061577,False,True,True,False,1785427057.1643343,False,True,1,1,False
1785420577.138736,20,1785427109.3858907,36.503776607919434,0.626503395132372,36.42366674296177,True,37.5,36.5,38.6,0.95,0.05,0.0,0.7,0.03,2,1785427119.4121437,False,True,True,False,1785427057.1643343,False,True,1,0,False
1785420577.138736,20,1785427129.3919368,36.530479896238646,0.6271328297856107,36.44769970244907,True,37.5,36.5,38.6,0.95,0.05,0.0,0.7,0.03,2,1785427139.418245,False,True,True,False,1785427057.1643343,False,True,1,0,False
1785420577.138736,20,1785427149.3981085,36.51712825207905,0.6269230182345312,36.445029373617146,True,37.5,36.5,38.6,0.95,0.05,0.0,0.7,0.03,2,1785427159.4243536,False,True,True,False,1785427057.1643343,False,True,1,0,False
1785420577.138736,20,1785427169.4041526,36.511787594415196,0.6267322804608224,36.42900740062562,True,37.5,36.5,38.6,0.95,0.05,0.0,0.7,0.03,2,1785427179.4304297,False,True,True,False,1785427057.1643343,False,True,1,0,False
1785420577.138736,20,1785427189.4102888,36.49576562142367,0.6270183871213856,36.437018387121384,True,37.5,36.5,38.6,0.95,0.05,0.0,0.7,0.03,2,1785427199.4368892,False,True,True,False,1785427057.1643343,False,True,1,1,False
1785420577.138736,20,1785427209.416516,36.51712825207905,0.6268848706797894,36.450370031281,True,37.5,36.5,38.6,0.95,0.05,0.0,0.7,0.03,2,1785427219.442761,True,True,True,False,1785427057.1643343,False,True,1,0,False
1785420577.138736,20,1785427229.4226182,36.522468909742884,0.6267513542381933,36.485084306095985,True,37.5,36.5,38.6,0.95,0.05,0.0,0.7,0.03,2,1785427239.448898,True,True,True,True,1785427237.16436,False,True,1,0,False
1785420577.138736,20,1785427249.42873,36.49843595025558,0.6269230182345312,36.47173266193637,True,37.5,36.5,38.6,0.95,0.05,0.0,0.7,0.03,2,1785427259.4550767,True,True,True,False,1785427237.16436,False,True,1,1,False
1785420577.138736,20,1785427269.4349034,36.51445792324712,0.6269230182345312,36.503776607919434,True,37.5,36.5,38.6,0.95,0.05,0.0,0.7,0.03,2,1785427279.461238,True,True,True,False,1785427237.16436,False,True,1,0,False
1785420577.138736,20,1785427289.4410672,36.54116121156633,0.6268848706797894,36.51445792324712,True,37.5,36.5,38.6,0.95,0.05,0.0,0.7,0.03,2,1785427299.4673235,True,True,True,False,1785427237.16436,False,True,1,0,False
1785420577.138736,20,1785427309.447147,36.51445792324712,0.6269230182345312,36.49309529259175,True,37.5,36.5,38.6,0.95,0.05,0.0,0.7,0.03,2,1785427319.473432,True,True,True,False,1785427237.16436,False,True,1,0,False
1785420577.138736,20,1785427329.4532168,36.49843595025558,0.6268085755703059,36.49042496375982,True,37.5,36.5,38.6,0.95,0.05,0.0,0.7,0.03,2,1785427339.4794867,True,True,True,False,1785427237.16436,False,True,1,1,False
1785420577.138736,20,1785427349.4592857,36.53315022507057,0.6269420920119021,36.530479896238646,True,37.5,36.5,38.6,0.95,0.05,0.0,0.7,0.03,2,1785427359.4855533,True,True,True,False,1785427237.16436,False,True,1,0,False
1785420577.138736,20,1785427369.4653926,36.527809567406734,0.6270565346761272,36.487754634927896,True,37.5,36.5,38.6,0.95,0.05,0.0,0.7,0.03,2,1785427379.491633,True,True,True,False,1785427237.16436,False,True,1,0,False
1785420577.138736,20,1785427389.4714773,36.511787594415196,0.6268276493476768,36.50644693675136,True,37.5,36.5,38.6,0.95,0.05,0.0,0.7,0.03,2,1785427399.4977942,True,False,True,False,1785427237.16436,False,True,1,0,False
1785420577.138736,20,1785427409.4776196,36.469062333104446,0.6270946822308691,36.461051346608684,True,37.5,36.5,38.6,0.95,0.05,0.0,0.7,0.03,2,1785427419.5041237,True,True,True,True,1785427417.1644082,False,True,1,1,False
1785420577.138736,20,1785427429.4845023,36.49576562142367,0.6270183871213856,36.49042496375982,True,37.5,36.5,38.6,0.95,0.05,0.0,0.7,0.03,2,1785427439.5121047,True,False,True,False,1785427417.1644082,False,True,1,1,False
1785420577.138736,20,1785427449.4923959,36.530479896238646,0.6269993133440147,36.51979858091096,True,37.5,36.5,38.6,0.95,0.05,0.0,0.7,0.03,2,1785427459.5199232,True,True,True,False,1785427417.1644082,False,True,1,0,False
1785420577.138736,20,1785427469.50032,36.56786449988556,0.6270565346761272,36.530479896238646,True,37.5,36.5,38.6,0.95,0.05,0.0,0.7,0.03,2,1785427479.5280118,True,True,True,False,1785427417.1644082,False,True,1,0,False
1785420577.138736,20,1785427489.5082507,36.54116121156633,0.6271519035629817,36.52513923857481,True,37.5,36.5,38.6,0.95,0.05,0.0,0.7,0.03,2,1785427499.5357544,True,True,True,False,1785427417.1644082,False,True,1,0,False
1785420577.138736,20,1785427509.5162165,36.530479896238646,0.6270946822308691,36.487754634927896,True,37.5,36.5,38.6,0.95,0.05,0.0,0.7,0.03,2,1785427519.5433273,True,True,True,False,1785427417.1644082,False,True,1,0,False
1785420577.138736,20,1785427529.522912,36.503776607919434,0.6272091248950942,36.49042496375982,True,37.5,36.5,38.6,0.95,0.05,0.0,0.7,0.03,2,1785427539.5497553,True,True,True,False,1785427417.1644082,False,True,1,0,False
1785420577.138736,20,1785427549.5298536,36.53849088273442,0.6270374608987563,36.47707331960021,True,37.5,36.5,38.6,0.95,0.05,0.0,0.7,0.03,2,1785427559.557396,True,True,True,False,1785427417.1644082,False,True,1,0,False
1785420577.138736,20,1785427569.5378282,36.51712825207905,0.6273807888914321,36.49309529259175,True,37.5,36.5,38.6,0.95,0.05,0.0,0.7,0.03,2,1785427579.5651999,True,True,True,False,1785427417.1644082,False,True,1,0,False
1785420577.138736,20,1785427589.5457375,36.49576562142367,0.6271519035629817,36.469062333104446,True,37.5,36.5,38.6,0.95,0.05,0.0,0.7,0.03,2,1785427599.5728345,True,True,True,True,1785427597.1644533,False,True,1,1,False
1785420577.138736,20,1785427609.5528724,36.51712825207905,0.6270946822308691,36.503776607919434,True,37.5,36.5,38.6,0.95,0.05,0.0,0.7,0.03,2,1785427619.5799642,True,True,True,False,1785427597.1644533,False,True,1,0,False
1785420577.138736,20,1785427629.559886,36.53849088273442,0.6269993133440147,36.522468909742884,True,37.5,36.5,38.6,0.95,0.05,0.0,0.7,0.03,2,1785427639.587108,True,True,True,False,1785427597.1644533,False,True,1,0,False
1785420577.138736,20,1785427649.5668063,36.51445792324712,0.6270183871213856,36.51979858091096,True,37.5,36.5,38.6,0.95,0.05,0.0,0.7,0.03,2,1785427659.5931034,True,True,True,False,1785427597.1644533,False,True,1,0,False
1785420577.138736,20,1785427669.5729208,36.49309529259175,0.6272281986724652,36.51445792324712,True,37.5,36.5,38.6,0.95,0.05,0.0,0.7,0.03,2,1785427679.5991862,True,False,True,False,1785427597.1644533,False,True,1,1,False
1785420577.138736,20,1785427689.5790124,36.530479896238646,0.627247272449836,36.49843595025558,True,37.5,36.5,38.6,0.95,0.05,0.0,0.7,0.03,2,1785427699.605337,True,True,True,False,1785427597.1644533,False,True,1,0,False
1785420577.138736,20,1785427709.5851204,36.49309529259175,0.6271519035629817,36.49309529259175,True,37.5,36.5,38.6,0.95,0.05,0.0,0.7,0.03,2,1785427719.6113665,True,True,True,False,1785427597.1644533,False,True,1,1,False
1785427964.9084837,20,0,27.699702449073015,0.6146967269398032,27.15762569619288,True,37.5,36.5,38.6,0.95,0.05,0.0,0.7,0.03,2,1785427964.931453,True,True,False,True,1785427964.9315963,False,True,1,1,False
1785427964.9084837,20,1785427974.922251,25.915922789349196,0.6124841687647822,25.368505378805224,True,37.5,36.5,38.6,0.95,0.05,0.0,0.7,0.03,2,1785428216.2501564,False,True,True,True,1785428216.2504065,False,True,1,1,False
1785427964.9084837,20,1785428226.2288067,25.795757991912723,0.6119310292210269,25.210955977721824,True,37.5,36.5,38.6,0.95,0.05,0.0,0.7,0.03,2,1785428241.255284,True,True,True,False,1785428216.2504065,False,True,1,1,False
1785427964.9084837,20,1785428251.2350466,25.627527275501635,0.6119501029983978,24.967956054016938,True,37.5,36.5,38.6,0.95,0.05,0.0,0.7,0.03,2,1785428286.6913528,False,True,True,False,1785428216.2504065,False,True,1,1,False
1785427964.9084837,20,1785428296.6703048,27.29915312428473,0.6145250629434653,26.57282368200198,True,37.5,36.5,38.6,0.95,0.05,0.0,0.7,0.03,2,1785428306.6965194,False,True,True,False,1785428216.2504065,False,True,1,1,False
1785427964.9084837,20,1785428316.676345,28.364614328221563,0.6160318913557642,27.600900282291903,True,37.5,36.5,38.6,0.95,0.05,0.0,0.7,0.03,2,1785428326.7025898,False,True,True,False,1785428216.2504065,False,True,1,1,False
1785427964.9084837,20,1785428336.682427,29.026855878538186,0.6168711375600825,28.316548409246963,True,37.5,36.5,38.6,0.95,0.05,0.0,0.7,0.03,2,1785428346.7088838,False,False,True,False,1785428216.2504065,False,True,1,1,False
1785427964.9084837,20,1785428356.6886275,29.470130464637222,0.6177103837644008,28.866636148622874,True,37.5,36.5,38.6,0.95,0.05,0.0,0.7,0.03,2,1785428366.714872,False,True,True,False,1785428216.2504065,False,True,1,1,False
1785427964.9084837,20,1785428376.6946955,29.795910582131683,0.6182635233081559,29.30991073472191,True,37.5,36.5,38.6,0.95,0.05,0.0,0.7,0.03,2,1785428386.72094,False,False,True,True,1785428396.2504454,False,True,1,1,False
1785427964.9084837,20,1785428396.700788,30.100328068970782,0.6187212939650568,29.65438315403982,True,37.5,36.5,38.6,0.95,0.05,0.0,0.7,0.03,2,1785428406.7270012,False,True,True,True,1785428396.2504454,False,True,1,1,False
1785428505.279111,20,0,31.037613488975353,0.6206668192568857,30.82665751125353,True,37.5,36.5,38.6,0.95,0.05,0.0,0.7,0.03,2,1785428505.3039067,False,True,True,True,1785428505.3041084,False,True,1,1,False
1785428543.9541812,20,0,31.160448615243766,0.6207431143663692,31.024261844815754,True,37.5,36.5,38.6,0.95,0.05,0.0,0.7,0.03,2,1785428543.978409,False,True,True,True,1785428543.978604,False,True,1,1,False
1785428543.9541812,20,1785428553.95859,31.18181124589914,0.6207431143663692,31.101701380941478,True,37.5,36.5,38.6,0.95,0.05,0.0,0.7,0.03,2,1785428563.989007,False,True,True,True,1785428543.978604,False,True,1,1,False
1785428543.9541812,20,1785428573.9681282,31.30464637216754,0.6207049668116273,31.221866178377965,True,37.5,36.5,38.6,0.95,0.05,0.0,0.7,0.03,2,1785428583.9953952,False,True,True,False,1785428543.978604,False,True,1,1,False
1785428543.9541812,20,1785428593.9771018,27.446021210040442,0.6155931944762341,27.277790493629354,True,37.5,36.5,38.6,0.95,0.05,0.0,0.7,0.03,2,1785428634.0157986,False,True,True,False,1785428543.978604,False,True,1,1,False
1785428543.9541812,20,1785428643.9947968,25.803768978408485,0.6130563820859084,25.926604104676883,True,37.5,36.5,38.6,0.95,0.05,0.0,0.7,0.03,2,1785428672.029175,False,True,True,False,1785428543.978604,False,True,1,1,False
1785428543.9541812,20,1785428682.0070255,25.400549324788287,0.6124460212100405,25.5367360952163,True,37.5,36.5,38.6,0.95,0.05,0.0,0.7,0.03,2,1785428693.038992,True,True,True,False,1785428543.978604,False,True,1,1,False
1785428748.2198315,20,0,28.74113069352255,0.6173861295490959,28.07087815671015,True,37.5,36.5,38.6,0.95,0.05,0.0,0.7,0.03,2,1785428748.2438223,True,False,True,True,1785428748.2439985,False,True,1,1,False
1785428748.2198315,20,1785428758.223999,29.344625009536884,0.618110933089189,28.714427405203324,True,37.5,36.5,38.6,0.95,0.05,0.0,0.7,0.03,2,1785428768.2573612,True,True,True,True,1785428748.2439985,False,True,1,1,False
1785428748.2198315,20,1785428778.2347157,27.54482337682154,0.6156313420309758,27.098878461890592,True,37.5,36.5,38.6,0.95,0.05,0.0,0.7,0.03,2,1785428797.2646513,False,True,True,False,1785428748.2439985,False,True,1,1,False
1785428748.2198315,20,1785428807.243475,26.733043411917293,0.6141626611734188,26.24170290684367,True,37.5,36.5,38.6,0.95,0.05,0.0,0.7,0.03,2,1785428817.2709432,False,True,True,False,1785428748.2439985,False,True,1,1,False
1785428748.2198315,20,1785428827.2507482,26.17494468604562,0.6136285954070344,25.619516289005873,True,37.5,36.5,38.6,0.95,0.05,0.0,0.7,0.03,2,1785428837.2787006,True,True,True,False,1785428748.2439985,False,True,1,1,False
1785428748.2198315,20,1785428847.2580988,25.6462195773251,0.6130182345311666,25.352483405813686,True,37.5,36.5,38.6,0.95,0.05,0.0,0.7,0.03,2,1785428857.285503,True,False,True,False,1785428748.2439985,False,True,1,1,False
1785428748.2198315,20,1785428867.26438,25.267032883192186,0.6124078736552987,24.9519340810254,True,37.5,36.5,38.6,0.95,0.05,0.0,0.7,0.03,2,1785428896.2980363,False,True,True,False,1785428748.2439985,False,True,1,1,False
1785428748.2198315,20,1785428906.275687,27.146944380865193,0.6147920958266575,26.639581902800032,True,37.5,36.5,38.6,0.95,0.05,0.0,0.7,0.03,2,1785428916.304872,False,True,True,False,1785428748.2439985,False,True,1,1,False
1785428748.2198315,20,1785428926.284083,28.247119859617,0.6162989242389563,27.651636530098415,True,37.5,36.5,38.6,0.95,0.05,0.0,0.7,0.03,2,1785428936.3126519,False,True,True,True,1785428928.2440302,False,True,1,1,False
1785428748.2198315,20,1785428946.2913551,28.890669108110174,0.6172335393301289,28.263141832608525,True,37.5,36.5,38.6,0.95,0.05,0.0,0.7,0.03,2,1785428956.318717,True,True,True,False,1785428928.2440302,False,True,1,1,False
1785428748.2198315,20,1785428966.297595,29.275196459906923,0.6179964904249637,28.722438391699086,True,37.5,36.5,38.6,0.95,0.05,0.0,0.7,0.03,2,1785428976.3245633,True,True,True,False,1785428928.2440302,False,True,1,1,False
1785428748.2198315,20,1785428986.3037753,29.57427328908217,0.6184924086366064,29.093614099336236,True,37.5,36.5,38.6,0.95,0.05,0.0,0.7,0.03,2,1785428996.3315494,True,True,True,False,1785428928.2440302,False,True,1,1,False
1785428748.2198315,20,1785429006.3099847,29.78255893797207,0.6187975890745403,29.400701915007247,True,37.5,36.5,38.6,0.95,0.05,0.0,0.7,0.03,2,1785429016.3373883,True,True,True,False,1785428928.2440302,False,True,1,1,False
1785428748.2198315,20,1785429026.3162363,30.012207217517357,0.61900740062562,29.65972381170367,True,37.5,36.5,38.6,0.95,0.05,0.0,0.7,0.03,2,1785429036.3436391,True,True,True,False,1785428928.2440302,False,True,1,1,False
1785428748.2198315,20,1785429046.322499,30.175097276264594,0.6195605401693751,29.865339131761658,True,37.5,36.5,38.6,0.95,0.05,0.0,0.7,0.03,2,1785429056.3497872,True,True,True,False,1785428928.2440302,False,True,1,1,False
1785428748.2198315,20,1785429066.3287401,30.32463569085222,0.6196940566109713,30.089646753643095,True,37.5,36.5,38.6,0.95,0.05,0.0,0.7,0.03,2,1785429076.3564622,True,False,True,False,1785428928.2440302,False,True,1,1,False
1785428748.2198315,20,1785429086.335088,30.43678950179293,0.6198084992751964,30.260547798886094,True,37.5,36.5,38.6,0.95,0.05,0.0,0.7,0.03,2,1785429096.361963,True,True,True,False,1785428928.2440302,False,True,1,1,False
1785428748.2198315,20,1785429106.3421888,30.56496528572518,0.620170901045243,30.39940489814603,True,37.5,36.5,38.6,0.95,0.05,0.0,0.7,0.03,2,1785429116.370409,True,True,True,True,1785429108.2440503,False,True,1,1,False
1785428748.2198315,20,1785429126.3503056,30.709163042648967,0.6205333028152896,30.54627298390173,True,37.5,36.5,38.6,0.95,0.05,0.0,0.7,0.03,2,1785429136.3784869,True,True,True,False,1785429108.2440503,False,True,1,1,False
1785428748.2198315,20,1785429146.357648,30.797283894102392,0.6204951552605478,30.671778439002054,True,37.5,36.5,38.6,0.95,0.05,0.0,0.7,0.03,2,1785429156.3846397,True,True,True,False,1785429108.2440503,False,True,1,1,False
1785428748.2198315,20,1785429166.3637397,30.925459678034642,0.6208384832532235,30.789272907606616,True,37.5,36.5,38.6,0.95,0.05,0.0,0.7,0.03,2,1785429176.390406,True,True,True,False,1785429108.2440503,False,True,1,1,False
1785428748.2198315,20,1785429186.3707883,31.02159151598383,0.6207812619211108,30.882734416723892,True,37.5,36.5,38.6,0.95,0.05,0.0,0.7,0.03,2,1785429196.3993876,True,True,True,False,1785429108.2440503,False,True,1,1,False
1785428748.2198315,20,1785429206.3781104,31.13374532692454,0.6211245899137866,31.013580529488067,True,37.5,36.5,38.6,0.95,0.05,0.0,0.7,0.03,2,1785429216.404974,True,False,True,False,1785429108.2440503,False,True,1,1,False
1785428748.2198315,20,1785429226.3842459,31.229877164873727,0.6213725490196079,31.13374532692454,True,37.5,36.5,38.6,0.95,0.05,0.0,0.7,0.03,2,1785429236.4149122,True,True,True,False,1785429108.2440503,False,True,1,1,False
1785428748.2198315,20,1785429246.390652,31.301976043335628,0.6213153276874952,31.227206836041816,True,37.5,36.5,38.6,0.95,0.05,0.0,0.7,0.03,2,1785429256.4175115,True,True,True,False,1785429108.2440503,False,True,1,1,False
1785428748.2198315,20,1785429266.3968034,31.398107881284815,0.6213916227969787,31.307316700999465,True,37.5,36.5,38.6,0.95,0.05,0.0,0.7,0.03,2,1785429276.4246693,True,False,True,False,1785429108.2440503,False,True,1,1,False
1785428748.2198315,20,1785429286.402962,31.48889906157015,0.6216014343480584,31.403448538948652,True,37.5,36.5,38.6,0.95,0.05,0.0,0.7,0.03,2,1785429296.4303985,True,True,True,True,1785429288.2440898,False,True,1,1,False
1785428748.2198315,20,1785429306.410001,31.552986953536276,0.621658655680171,31.483558403906315,True,37.5,36.5,38.6,0.95,0.05,0.0,0.7,0.03,2,1785429316.4391646,True,True,True,False,1785429288.2440898,False,True,1,1,False
1785428748.2198315,20,1785429326.4173462,31.649118791485463,0.62207827878233,31.555657282368202,True,37.5,36.5,38.6,0.95,0.05,0.0,0.7,0.03,2,1785429336.4442124,True,False,True,False,1785429288.2440898,False,True,1,1,False
1785428748.2198315,20,1785429346.4243312,31.715877012283514,0.6219829098954758,31.649118791485463,True,37.5,36.5,38.6,0.95,0.05,0.0,0.7,0.03,2,1785429356.4535372,True,True,True,False,1785429288.2440898,False,True,1,1,False
1785428748.2198315,20,1785429366.4324243,31.828030823224225,0.6222117952239262,31.74525062943465,True,37.5,36.5,38.6,0.95,0.05,0.0,0.7,0.03,2,1785429376.4607809,True,True,True,False,1785429288.2440898,False,True,1,1,False
1785428748.2198315,20,1785429386.4405277,31.89211871519035,0.6222880903334097,31.822690165560388,True,37.5,36.5,38.6,0.95,0.05,0.0,0.7,0.03,2,1785429396.469771,True,True,True,False,1785429288.2440898,False,True,1,1,False
1785428748.2198315,20,1785429406.4487538,31.966887922484162,0.6224025329976348,31.8734264133669,True,37.5,36.5,38.6,0.95,0.05,0.0,0.7,0.03,2,1785429416.481399,True,True,True,False,1785429288.2440898,False,True,1,1,False
1785428748.2198315,20,1785429426.4571743,32.0309758144503,0.6221164263370719,31.993591210803388,True,37.5,36.5,38.6,0.95,0.05,0.0,0.7,0.03,2,1785429436.488579,True,True,True,False,1785429288.2440898,False,True,1,1,False
1785428748.2198315,20,1785429446.4679756,32.11909666590371,0.6224216067750058,32.0443274586099,True,37.5,36.5,38.6,0.95,0.05,0.0,0.7,0.03,2,1785429456.4971664,True,True,True,False,1785429288.2440898,False,True,1,1,False
1785428748.2198315,20,1785429466.4761412,32.20454718852521,0.6225551232166018,32.14045929655909,True,37.5,36.5,38.6,0.95,0.05,0.0,0.7,0.03,2,1785429476.5054789,True,True,True,True,1785429468.2441242,False,True,1,1,False
1785428748.2198315,20,1785429486.4844234,32.236591134508274,0.621925688563363,32.193865873197524,True,37.5,36.5,38.6,0.95,0.05,0.0,0.7,0.03,2,1785429496.513813,True,True,True,False,1785429468.2441242,False,True,1,1,False
1785428748.2198315,20,1785429506.4926505,32.30601968413825,0.6224979018844893,32.2632944228275,True,37.5,36.5,38.6,0.95,0.05,0.0,0.7,0.03,2,1785429516.5220206,True,True,True,False,1785429468.2441242,False,True,1,1,False
1785428748.2198315,20,1785429526.500937,32.37544823376821,0.6231845578698406,32.335393301289386,True,37.5,36.5,38.6,0.95,0.05,0.0,0.7,0.03,2,1785429536.530311,True,True,True,False,1785429468.2441242,False,True,1,1,False
1785428748.2198315,20,1785429546.5092854,32.463569085221636,0.6226695658808271,32.3861295490959,True,37.5,36.5,38.6,0.95,0.05,0.0,0.7,0.03,2,1785429556.5384376,True,False,True,False,1785429468.2441242,False,True,1,1,False
1785428748.2198315,20,1785429566.5175557,32.52765697718776,0.6227077134355687,32.487602044708936,True,37.5,36.5,38.6,0.95,0.05,0.0,0.7,0.03,2,1785429576.5467365,True,True,True,False,1785429468.2441242,False,True,1,1,False
1785428748.2198315,20,1785429586.526392,32.61310749980926,0.6231654840924696,32.5436789501793,True,37.5,36.5,38.6,0.95,0.05,0.0,0.7,0.03,2,1785429596.5557847,True,True,True,False,1785429468.2441242,False,True,1,1,False
1785428748.2198315,20,1785429606.5346036,32.69321736476692,0.6231082627603571,32.615777828641185,True,37.5,36.5,38.6,0.95,0.05,0.0,0.7,0.03,2,1785429616.5629451,True,False,True,False,1785429468.2441242,False,True,1,1,False
1785428748.2198315,20,1785429626.5419168,32.719920653086135,0.6231845578698406,32.682536049439236,True,37.5,36.5,38.6,0.95,0.05,0.0,0.7,0.03,2,1785429636.5693648,True,False,True,False,1785429468.2441242,False,True,1,1,False
1785428748.2198315,20,1785429646.5482178,32.83474479285877,0.6234134431982911,32.76531624322881,True,37.5,36.5,38.6,0.95,0.05,0.0,0.7,0.03,2,1785429656.57568,True,True,True,True,1785429648.24416,False,True,1,1,False
1785428748.2198315,20,1785429666.554571,32.87747005416952,0.623279926756695,32.81872281986725,True,37.5,36.5,38.6,0.95,0.05,0.0,0.7,0.03,2,1785429676.5820782,True,False,True,False,1785429648.24416,False,True,1,1,False
1785428748.2198315,20,1785429686.5611434,32.92553597314412,0.6236232547493705,32.856107423514146,True,37.5,36.5,38.6,0.95,0.05,0.0,0.7,0.03,2,1785429696.5889142,True,True,True,False,1785429648.24416,False,True,1,1,False
1785428748.2198315,20,1785429706.5673563,32.984283207446396,0.623546959639887,32.941557946135646,True,37.5,36.5,38.6,0.95,0.05,0.0,0.7,0.03,2,1785429716.5960917,True,True,True,False,1785429648.24416,False,True,1,1,False
1785428748.2198315,20,1785429726.5735705,33.05905241474022,0.6235278858625162,33.01365682459755,True,37.5,36.5,38.6,0.95,0.05,0.0,0.7,0.03,2,1785429736.6009767,True,True,True,False,1785429648.24416,False,True,1,1,False
1785428748.2198315,20,1785429746.5797281,33.12046997787442,0.6238139925230793,33.085755703059434,True,37.5,36.5,38.6,0.95,0.05,0.0,0.7,0.03,2,1785429756.6064928,True,True,True,False,1785429648.24416,False,True,1,1,False
1785428748.2198315,20,1785429766.5860326,33.20057984283207,0.6236804760814831,33.160524910353246,True,37.5,36.5,38.6,0.95,0.05,0.0,0.7,0.03,2,1785429776.6162376,True,True,True,False,1785429648.24416,False,True,1,1,False
1785428748.2198315,20,1785429786.592464,33.25398641947051,0.6238902876325628,33.227283131151296,True,37.5,36.5,38.6,0.95,0.05,0.0,0.7,0.03,2,1785429796.619677,True,True,True,False,1785429648.24416,False,True,1,1,False
1785428748.2198315,20,1785429806.5986223,33.32341496910048,0.6237949187457085,33.26733806363012,True,37.5,36.5,38.6,0.95,0.05,0.0,0.7,0.03,2,1785429816.6262665,True,True,True,False,1785429648.24416,False,True,1,1,False
1785428748.2198315,20,1785429826.604855,33.41420614938582,0.6241954680704968,33.33409628442817,True,37.5,36.5,38.6,0.95,0.05,0.0,0.7,0.03,2,1785429836.6322453,True,True,True,True,1785429828.2441938,False,True,1,1,False
1785428748.2198315,20,1785429846.6126282,33.47562371252003,0.624290836957351,33.39551384756237,True,37.5,36.5,38.6,0.95,0.05,0.0,0.7,0.03,2,1785429856.6422257,True,True,True,False,1785429828.2441938,False,True,1,1,False
1785428748.2198315,20,1785429866.6198702,33.51300831616693,0.6240238040741589,33.47028305485618,True,37.5,36.5,38.6,0.95,0.05,0.0,0.7,0.03,2,1785429876.6467922,True,True,True,False,1785429828.2441938,False,True,1,1,False
1785428748.2198315,20,1785429886.6261556,33.587777523460744,0.6241573205157549,33.53437094682231,True,37.5,36.5,38.6,0.95,0.05,0.0,0.7,0.03,2,1785429896.6579227,True,True,True,False,1785429828.2441938,False,True,1,1,False
1785428748.2198315,20,1785429906.632416,33.62516212710766,0.6242526894026094,33.587777523460744,True,37.5,36.5,38.6,0.95,0.05,0.0,0.7,0.03,2,1785429916.659573,True,True,True,False,1785429828.2441938,False,True,1,1,False
1785428748.2198315,20,1785429926.6396067,33.69993133440147,0.6245197222858014,33.66521705958648,True,37.5,36.5,38.6,0.95,0.05,0.0,0.7,0.03,2,1785429936.6680608,True,True,True,False,1785429828.2441938,False,True,1,1,False
1785428748.2198315,20,1785429946.64776,33.75066758220798,0.6241573205157549,33.705271992065306,True,37.5,36.5,38.6,0.95,0.05,0.0,0.7,0.03,2,1785429956.6763918,True,True,True,False,1785429828.2441938,False,True,1,1,False
1785428748.2198315,20,1785429966.6562166,33.814755474174106,0.6243862058442053,33.78538185702297,True,37.5,36.5,38.6,0.95,0.05,0.0,0.7,0.03,2,1785429976.6919687,True,True,True,False,1785429828.2441938,False,True,1,1,False
1785428748.2198315,20,1785429986.6645095,33.87350270847638,0.6245578698405433,33.84679942015717,True,37.5,36.5,38.6,0.95,0.05,0.0,0.7,0.03,2,1785429996.693227,True,True,True,False,1785429828.2441938,False,True,1,1,False
1785428748.2198315,20,1785430006.6718512,33.942931258106356,0.6247295338368811,33.90821698329137,True,37.5,36.5,38.6,0.95,0.05,0.0,0.7,0.03,2,1785430016.6991704,True,True,True,True,1785430008.2442098,False,True,1,1,False
1785428748.2198315,20,1785430026.678057,34.01770046540017,0.6247676813916228,33.96429388876173,True,37.5,36.5,38.6,0.95,0.05,0.0,0.7,0.03,2,1785430036.7051358,True,True,True,False,1785430008.2442098,False,True,1,1,False
1785428748.2198315,20,1785430046.6844373,34.08445868619822,0.6246150911726558,34.004348821240555,True,37.5,36.5,38.6,0.95,0.05,0.0,0.7,0.03,2,1785430056.7162979,True,True,True,False,1785430008.2442098,False,True,1,1,False
1785428748.2198315,20,1785430066.690748,34.14854657816434,0.6246913862821393,34.089799343862055,True,37.5,36.5,38.6,0.95,0.05,0.0,0.7,0.03,2,1785430076.7197769,True,True,True,False,1785430008.2442098,False,True,1,1,False
1785428748.2198315,20,1785430086.697198,34.175249866483554,0.6247867551689937,34.137865262836655,True,37.5,36.5,38.6,0.95,0.05,0.0,0.7,0.03,2,1785430096.7258947,True,True,True,False,1785430008.2442098,False,True,1,1,False
1785428748.2198315,20,1785430106.7037597,34.260700389105054,0.6249774929427023,34.223315785458155,True,37.5,36.5,38.6,0.95,0.05,0.0,0.7,0.03,2,1785430116.7334383,True,False,True,False,1785430008.2442098,False,True,1,1,False
1785428748.2198315,20,1785430126.710316,34.34081025406272,0.6249202716105897,34.290074006256205,True,37.5,36.5,38.6,0.95,0.05,0.0,0.7,0.03,2,1785430136.7377865,True,False,True,False,1785430008.2442098,False,True,1,1,False
1785428748.2198315,20,1785430146.7166588,34.38620584420539,0.6249965667200732,34.34615091172655,True,37.5,36.5,38.6,0.95,0.05,0.0,0.7,0.03,2,1785430156.7440066,True,False,True,False,1785430008.2442098,False,True,1,1,False
1785428748.2198315,20,1785430166.722802,34.45563439383535,0.6250919356069277,34.394216830701154,True,37.5,36.5,38.6,0.95,0.05,0.0,0.7,0.03,2,1785430176.7502017,True,True,True,False,1785430008.2442098,False,True,1,1,False
1785428748.2198315,20,1785430186.7291205,34.51972228580148,0.6255497062638286,34.47699702449073,True,37.5,36.5,38.6,0.95,0.05,0.0,0.7,0.03,2,1785430196.7564793,True,True,True,True,1785430188.2442427,False,True,1,1,False
1785428748.2198315,20,1785430206.73534,34.573128862439916,0.6253017471580071,34.50102998397803,True,37.5,36.5,38.6,0.95,0.05,0.0,0.7,0.03,2,1785430216.7627952,True,True,True,False,1785430188.2442427,False,True,1,1,False
1785428748.2198315,20,1785430226.7416964,34.61051346608683,0.6254543373769741,34.56778820477608,True,37.5,36.5,38.6,0.95,0.05,0.0,0.7,0.03,2,1785430236.7685647,True,True,True,False,1785430188.2442427,False,True,1,1,False
1785428748.2198315,20,1785430246.7478595,34.67193102922103,0.6254734111543451,34.61852445258259,True,37.5,36.5,38.6,0.95,0.05,0.0,0.7,0.03,2,1785430256.774685,True,True,True,False,1785430188.2442427,False,True,1,1,False
1785428748.2198315,20,1785430266.7542536,34.73601892118715,0.6254543373769741,34.70397497520409,True,37.5,36.5,38.6,0.95,0.05,0.0,0.7,0.03,2,1785430276.7819345,True,True,True,False,1785430188.2442427,False,True,1,1,False
1785428748.2198315,20,1785430286.760492,34.78942549782559,0.6260837720302129,34.74135957885099,True,37.5,36.5,38.6,0.95,0.05,0.0,0.7,0.03,2,1785430296.7884312,True,True,True,False,1785430188.2442427,False,True,1,1,False
1785428748.2198315,20,1785430306.7667632,34.83749141680018,0.6257976653696499,34.80010681315328,True,37.5,36.5,38.6,0.95,0.05,0.0,0.7,0.03,2,1785430316.7942538,True,False,True,False,1785430188.2442427,False,True,1,1,False
1785428748.2198315,20,1785430326.773159,34.9015793087663,0.6259502555886168,34.85618371862364,True,37.5,36.5,38.6,0.95,0.05,0.0,0.7,0.03,2,1785430336.8005319,True,True,True,False,1785430188.2442427,False,True,1,1,False
1785428748.2198315,20,1785430346.7793784,34.96833752956435,0.625931181811246,34.933623254749364,True,37.5,36.5,38.6,0.95,0.05,0.0,0.7,0.03,2,1785430356.8065662,True,False,True,False,1785430188.2442427,False,True,1,1,False
1785428748.2198315,20,1785430366.7856224,35.02708476386664,0.6257213702601664,34.97100785839628,True,37.5,36.5,38.6,0.95,0.05,0.0,0.7,0.03,2,1785430376.812899,True,True,True,True,1785430368.2442567,False,True,1,1,False
1785428748.2198315,20,1785430386.7917569,35.08049134050508,0.625931181811246,35.03776607919433,True,37.5,36.5,38.6,0.95,0.05,0.0,0.7,0.03,2,1785430396.8196492,True,True,True,False,1785430368.2442567,False,True,1,1,False
1785428748.2198315,20,1785430406.798053,35.12855725947966,0.6258930342565041,35.099183642328526,True,37.5,36.5,38.6,0.95,0.05,0.0,0.7,0.03,2,1785430416.8254483,True,True,True,False,1785430368.2442567,False,True,1,1,False
1785428748.2198315,20,1785430426.804326,35.176623178454264,0.6260456244754711,35.133897917143514,True,37.5,36.5,38.6,0.95,0.05,0.0,0.7,0.03,2,1785430436.8312223,True,True,True,False,1785430368.2442567,False,True,1,1,False
1785428748.2198315,20,1785430446.8105273,35.243381399252314,0.6262745098039215,35.2059967956054,True,37.5,36.5,38.6,0.95,0.05,0.0,0.7,0.03,2,1785430456.8378274,True,True,True,False,1785430368.2442567,False,True,1,1,False
1785428748.2198315,20,1785430466.8170116,35.30212863355459,0.626198214694438,35.270084687571526,True,37.5,36.5,38.6,0.95,0.05,0.0,0.7,0.03,2,1785430476.8447099,True,True,True,False,1785430368.2442567,False,True,1,1,False
1785428748.2198315,20,1785430486.8231328,35.3395132372015,0.6265606164644847,35.32349126420996,True,37.5,36.5,38.6,0.95,0.05,0.0,0.7,0.03,2,1785430496.8505597,True,True,True,False,1785430368.2442567,False,True,1,1,False
1785428748.2198315,20,1785430506.8294942,35.39291981383994,0.626503395132372,35.36621652552071,True,37.5,36.5,38.6,0.95,0.05,0.0,0.7,0.03,2,1785430516.859075,True,True,True,False,1785430368.2442567,False,True,1,1,False
1785428748.2198315,20,1785430526.8383856,35.424963759823,0.6266559853513389,35.42763408865491,True,37.5,36.5,38.6,0.95,0.05,0.0,0.7,0.03,2,1785430536.8651226,True,True,True,False,1785430368.2442567,False,True,1,1,False
1785428748.2198315,20,1785430546.8446026,35.49172198062104,0.6263317311360342,35.49439230945296,True,37.5,36.5,38.6,0.95,0.05,0.0,0.7,0.03,2,1785430556.8742774,True,False,True,True,1785430548.2442791,False,True,1,1,False
1785428748.2198315,20,1785430566.851086,35.56649118791485,0.6267704280155643,35.52109559777219,True,37.5,36.5,38.6,0.95,0.05,0.0,0.7,0.03,2,1785430576.878609,True,False,True,False,1785430548.2442791,False,True,1,1,False
1785428748.2198315,20,1785430586.8575253,35.635919737544825,0.6268467231250477,35.593194476234075,True,37.5,36.5,38.6,0.95,0.05,0.0,0.7,0.03,2,1785430596.884989,True,True,True,False,1785430548.2442791,False,True,1,1,False
1785428748.2198315,20,1785430606.8647401,35.678644998855574,0.6267513542381933,35.62790875104906,True,37.5,36.5,38.6,0.95,0.05,0.0,0.7,0.03,2,1785430616.8939862,True,True,True,False,1785430548.2442791,False,True,1,1,False
1785428748.2198315,20,1785430626.873086,35.7427328908217,0.6268657969024186,35.68932631418326,True,37.5,36.5,38.6,0.95,0.05,0.0,0.7,0.03,2,1785430636.9024327,True,True,True,False,1785430548.2442791,False,True,1,1,False
1785428748.2198315,20,1785430646.8804793,35.782787823300524,0.6270374608987563,35.766765850309,True,37.5,36.5,38.6,0.95,0.05,0.0,0.7,0.03,2,1785430656.907886,True,True,True,False,1785430548.2442791,False,True,1,1,False
1785428748.2198315,20,1785430666.8866925,35.84153505760281,0.6270374608987563,35.8041504539559,True,37.5,36.5,38.6,0.95,0.05,0.0,0.7,0.03,2,1785430676.9137673,True,True,True,False,1785430548.2442791,False,True,1,1,False
1785428748.2198315,20,1785430686.8929155,35.89494163424125,0.6270183871213856,35.857557030594336,True,37.5,36.5,38.6,0.95,0.05,0.0,0.7,0.03,2,1785430696.920502,True,True,True,False,1785430548.2442791,False,True,1,1,False
1785428748.2198315,20,1785430706.8991747,35.937666895552,0.6272091248950942,35.91096360723277,True,37.5,36.5,38.6,0.95,0.05,0.0,0.7,0.03,2,1785430716.9261143,True,True,True,False,1785430548.2442791,False,True,1,1,False
1785428748.2198315,20,1785430726.9054933,35.985732814526585,0.6270756084534982,35.961699855039285,True,37.5,36.5,38.6,0.95,0.05,0.0,0.7,0.03,2,1785430736.9324956,True,False,True,True,1785430728.2442982,False,True,1,1,False
1785428748.2198315,20,1785430746.911851,36.04180971999695,0.6273617151140611,36.001754787518124,True,37.5,36.5,38.6,0.95,0.05,0.0,0.7,0.03,2,1785430756.9392822,True,True,True,False,1785430728.2442982,False,True,1,1,False
1785428748.2198315,20,1785430766.9181278,36.07919432364386,0.6272281986724652,36.04982070649271,True,37.5,36.5,38.6,0.95,0.05,0.0,0.7,0.03,2,1785430776.9455414,True,True,True,False,1785430728.2442982,False,True,1,1,False
1785428748.2198315,20,1785430786.924382,36.143282215609986,0.6273426413366903,36.12191958495461,True,37.5,36.5,38.6,0.95,0.05,0.0,0.7,0.03,2,1785430796.9517555,True,True,True,False,1785430728.2442982,False,True,1,1,False
1785428748.2198315,20,1785430806.930567,36.19668879224842,0.6273807888914321,36.15129320210575,True,37.5,36.5,38.6,0.95,0.05,0.0,0.7,0.03,2,1785430816.957926,False,True,True,False,1785430728.2442982,False,True,1,1,False
1785428748.2198315,20,1785430826.936985,36.29816128786145,0.6277241168841077,36.137941557946135,True,37.5,36.5,38.6,0.95,0.05,0.0,0.7,0.03,2,1785430836.9643173,False,True,True,False,1785430728.2442982,False,True,1,1,False
1785428748.2198315,20,1785430846.942986,36.33821622034027,0.6278767071030746,36.1459525444419,True,37.5,36.5,38.6,0.95,0.05,0.0,0.7,0.03,2,1785430856.9702423,False,True,True,False,1785430728.2442982,False,True,1,1,False
1785428748.2198315,20,1785430866.9489572,36.40764476997025,0.6279911497673,36.16731517509727,True,37.5,36.5,38.6,0.95,0.05,0.0,0.7,0.03,2,1785430876.9759417,False,True,True,False,1785430728.2442982,False,True,1,1,False
1785428748.2198315,20,1785430886.9551172,36.46639200427252,0.6277813382162204,36.204699778744185,True,37.5,36.5,38.6,0.95,0.05,0.0,0.7,0.03,2,1785430896.9822476,False,True,True,False,1785430728.2442982,False,True,1,1,False
1785428748.2198315,20,1785430906.9611034,36.51979858091096,0.6277431906614785,36.23674372472725,True,37.5,36.5,38.6,0.95,0.05,0.0,0.7,0.03,2,1785430916.9881885,False,True,True,True,1785430908.2443218,False,True,1,0,False
1785430955.7579584,20,0,36.4744029907683,0.627819485770962,36.242084382391084,True,37.5,36.5,38.6,0.95,0.05,0.0,0.7,0.03,2,1785430955.782091,False,True,True,True,1785430955.7822988,False,True,0.9755501509809514,1,False
1785430955.7579584,20,1785430965.7619607,36.442359044785235,0.62755245288777,36.2180514229038,True,37.5,36.5,38.6,0.95,0.05,0.0,0.7,0.03,2,1785430975.7923527,False,True,True,True,1785430955.7822988,False,True,1,1,False
1785430955.7579584,20,1785430985.7710955,36.51712825207905,0.6278004119935912,36.26344701304646,True,37.5,36.5,38.6,0.95,0.05,0.0,0.7,0.03,2,1785430995.7977967,False,True,True,False,1785430955.7822988,False,True,1,0,False
1785430955.7579584,20,1785431005.777239,36.527809567406734,0.6279530022125581,36.266117341878385,True,37.5,36.5,38.6,0.95,0.05,0.0,0.7,0.03,2,1785431015.804512,False,True,True,False,1785430955.7822988,False,True,1,0,False
1785430955.7579584,20,1785431025.783324,36.49843595025558,0.6278576333257039,36.26878767071031,True,37.5,36.5,38.6,0.95,0.05,0.0,0.7,0.03,2,1785431035.8105714,False,True,True,False,1785430955.7822988,False,True,1,1,False
1785430955.7579584,20,1785431045.789453,36.51445792324712,0.6280102235446708,36.32219424734875,True,37.5,36.5,38.6,0.95,0.05,0.0,0.7,0.03,2,1785431055.8165817,False,True,True,False,1785430955.7822988,False,True,1,0,False
1785430955.7579584,20,1785431065.7954001,36.51979858091096,0.6277241168841077,36.32219424734875,True,37.5,36.5,38.6,0.95,0.05,0.0,0.7,0.03,2,1785431075.822499,False,True,True,False,1785430955.7822988,False,True,1,0,False
1785430955.7579584,20,1785431085.8014214,36.503776607919434,0.627838559548333,36.26878767071031,True,37.5,36.5,38.6,0.95,0.05,0.0,0.7,0.03,2,1785431095.8305702,False,True,True,False,1785430955.7822988,False,True,1,0,False
1785430955.7579584,20,1785431105.8074052,36.461051346608684,0.6276287479972534,36.28747997253376,True,37.5,36.5,38.6,0.95,0.05,0.0,0.7,0.03,2,1785431115.8354764,False,True,True,False,1785430955.7822988,False,True,1,1,False
1785430955.7579584,20,1785431125.8134298,36.527809567406734,0.6279148546578165,36.332875562676435,True,37.5,36.5,38.6,0.95,0.05,0.0,0.7,0.03,2,1785431135.839901,False,True,True,True,1785431135.7823305,False,True,1,0,False
1785430955.7579584,20,1785431145.8192575,36.522468909742884,0.6280292973220416,36.34355687800412,True,37.5,36.5,38.6,0.95,0.05,0.0,0.7,0.03,2,1785431155.8457768,False,True,True,False,1785431135.7823305,False,True,1,0,False
1785430955.7579584,20,1785431165.8251758,36.50644693675136,0.6279339284351874,36.33554589150836,True,37.5,36.5,38.6,0.95,0.05,0.0,0.7,0.03,2,1785431175.8516047,False,True,True,False,1785431135.7823305,False,True,1,0,False
1785430955.7579584,20,1785431185.8310735,36.511787594415196,0.6278004119935912,36.34889753566796,True,37.5,36.5,38.6,0.95,0.05,0.0,0.7,0.03,2,1785431195.8576145,False,True,True,False,1785431135.7823305,False,True,1,0,False
1785430955.7579584,20,1785431205.8370006,36.51712825207905,0.6277241168841077,36.37293049515526,True,37.5,36.5,38.6,0.95,0.05,0.0,0.7,0.03,2,1785431215.8640265,False,True,True,False,1785431135.7823305,False,True,1,0,False
1785430955.7579584,20,1785431225.8428705,36.51445792324712,0.6277622644388495,36.359578850995646,True,37.5,36.5,38.6,0.95,0.05,0.0,0.7,0.03,2,1785431235.8699892,False,True,True,False,1785431135.7823305,False,True,1,0,False
1785430955.7579584,20,1785431245.8489048,36.50911726558327,0.627838559548333,36.370260166323334,True,37.5,36.5,38.6,0.95,0.05,0.0,0.7,0.03,2,1785431255.876081,False,True,True,False,1785431135.7823305,False,True,1,0,False
1785430955.7579584,20,1785431265.8549254,36.48241397726406,0.6276668955519951,36.34889753566796,True,37.5,36.5,38.6,0.95,0.05,0.0,0.7,0.03,2,1785431275.8819914,False,True,True,False,1785431135.7823305,False,True,1,1,False
1785430955.7579584,20,1785431285.8608696,36.52513923857481,0.6277050431067369,36.412985427634084,True,37.5,36.5,38.6,0.95,0.05,0.0,0.7,0.03,2,1785431295.887283,False,True,True,False,1785431135.7823305,False,True,1,0,False
1785430955.7579584,20,1785431305.8667727,36.55184252689402,0.6276096742198826,36.41565575646601,True,37.5,36.5,38.6,0.95,0.05,0.0,0.7,0.03,2,1785431315.8939223,False,True,True,True,1785431315.7823358,False,True,1,0,False
1785430955.7579584,20,1785431325.8728328,36.53849088273442,0.6279530022125581,36.418326085297934,True,37.5,36.5,38.6,0.95,0.05,0.0,0.7,0.03,2,1785431335.8998818,False,True,True,False,1785431315.7823358,False,True,1,0,False
1785430955.7579584,20,1785431345.8787506,36.51712825207905,0.6278004119935912,36.39162279697871,True,37.5,36.5,38.6,0.95,0.05,0.0,0.7,0.03,2,1785431355.9057927,False,True,True,False,1785431315.7823358,False,True,1,0,False
1785430955.7579584,20,1785431365.8847303,36.511787594415196,0.627972075989929,36.45304036011292,True,37.5,36.5,38.6,0.95,0.05,0.0,0.7,0.03,2,1785431375.9112215,False,True,True,False,1785431315.7823358,False,True,1,0,False
1785430955.7579584,20,1785431385.890653,36.50644693675136,0.627685969329366,36.43968871595331,True,37.5,36.5,38.6,0.95,0.05,0.0,0.7,0.03,2,1785431395.917752,False,True,True,False,1785431315.7823358,False,True,1,0,False
1785430955.7579584,20,1785431405.8966413,36.50110627908751,0.6278576333257039,36.4263370717937,True,37.5,36.5,38.6,0.95,0.05,0.0,0.7,0.03,2,1785431415.923667,False,True,True,False,1785431315.7823358,False,True,1,0,False
1785430955.7579584,20,1785431425.9025185,36.50911726558327,0.6277241168841077,36.450370031281,True,37.5,36.5,38.6,0.95,0.05,0.0,0.7,0.03,2,1785431435.9296331,False,True,True,False,1785431315.7823358,False,True,1,0,False
1785430955.7579584,20,1785431445.9085424,36.52513923857481,0.627972075989929,36.450370031281,True,37.5,36.5,38.6,0.95,0.05,0.0,0.7,0.03,2,1785431455.9352317,False,True,True,False,1785431315.7823358,False,True,1,0,False
1785430955.7579584,20,1785431465.914625,36.530479896238646,0.6281055924315251,36.45571068894483,True,37.5,36.5,38.6,0.95,0.05,0.0,0.7,0.03,2,1785431475.9417503,False,True,True,False,1785431315.7823358,False,True,1,0,False
1785430955.7579584,20,1785431485.9206617,36.5358205539025,0.6277431906614785,36.487754634927896,True,37.5,36.5,38.6,0.95,0.05,0.0,0.7,0.03,2,1785431495.9476888,False,True,True,True,1785431495.7823448,False,True,1,0,False
1785430955.7579584,20,1785431505.926602,36.54116121156633,0.6276668955519951,36.45838101777676,True,37.5,36.5,38.6,0.95,0.05,0.0,0.7,0.03,2,1785431515.9532351,False,True,True,False,1785431495.7823448,False,True,1,0,False
1785430955.7579584,20,1785431525.9326823,36.554512855725946,0.6281055924315251,36.47173266193637,True,37.5,36.5,38.6,0.95,0.05,0.0,0.7,0.03,2,1785431535.9601262,False,True,True,False,1785431495.7823448,False,True,1,0,False
1785430955.7579584,20,1785431545.9391255,36.54383154039826,0.6280292973220416,36.49309529259175,True,37.5,36.5,38.6,0.95,0.05,0.0,0.7,0.03,2,1785431555.9664674,False,True,True,False,1785431495.7823448,False,True,1,0,False
1785430955.7579584,20,1785431565.945225,34.90424963759823,0.6259693293659876,34.69596398870833,True,37.5,36.5,38.6,0.95,0.05,0.0,0.7,0.03,2,1785431575.9723217,False,True,True,False,1785431495.7823448,False,True,1,1,False
1785430955.7579584,20,1785431585.9511557,35.34218356603341,0.6266559853513389,35.312809948882276,True,37.5,36.5,38.6,0.95,0.05,0.0,0.7,0.03,2,1785431595.9783192,False,True,True,False,1785431495.7823448,False,True,1,1,False
1785430955.7579584,20,1785431605.957191,35.85488670176241,0.6271519035629817,35.68398565651941,True,37.5,36.5,38.6,0.95,0.05,0.0,0.7,0.03,2,1785431615.9842794,False,True,True,False,1785431495.7823448,False,True,1,1,False
1785430955.7579584,20,1785431625.9630895,36.1459525444419,0.627972075989929,35.948348210879686,True,37.5,36.5,38.6,0.95,0.05,0.0,0.7,0.03,2,1785431635.9901974,False,True,True,False,1785431495.7823448,False,True,1,1,False
1785430955.7579584,20,1785431645.969092,36.39696345464256,0.6279339284351874,36.16731517509727,True,37.5,36.5,38.6,0.95,0.05,0.0,0.7,0.03,2,1785431655.9958003,False,True,True,False,1785431495.7823448,False,True,1,1,False
1785430955.7579584,20,1785431665.9750106,36.54116121156633,0.6278957808804455,36.29549095902952,True,37.5,36.5,38.6,0.95,0.05,0.0,0.7,0.03,2,1785431676.0020776,False,True,True,True,1785431675.7823806,False,True,1,0,False
1785430955.7579584,20,1785431685.9809654,36.62661173418783,0.6281628137636378,36.402304112306396,True,37.5,36.5,38.6,0.95,0.05,0.0,0.7,0.03,2,1785431696.008022,False,True,True,False,1785431675.7823806,False,True,1,0,False
1785430955.7579584,20,1785431705.986949,36.64263370717937,0.6280483710994125,36.44769970244907,True,37.5,36.5,38.6,0.95,0.05,0.0,0.7,0.03,2,1785431716.0140462,False,True,True,False,1785431675.7823806,False,True,1,0,False
1785430955.7579584,20,1785431725.9929438,36.639963378347446,0.6282772564278629,36.48241397726406,True,37.5,36.5,38.6,0.95,0.05,0.0,0.7,0.03,2,1785431736.0199516,False,True,True,False,1785431675.7823806,False,True,1,0,False
1785430955.7579584,20,1785431745.9988494,36.639963378347446,0.6284298466468299,36.51445792324712,True,37.5,36.5,38.6,0.95,0.05,0.0,0.7,0.03,2,1785431756.0260234,False,True,True,False,1785431675.7823806,False,True,1,0,False
1785430955.7579584,20,1785431766.0049255,36.63462272068361,0.6282391088731213,36.51712825207905,True,37.5,36.5,38.6,0.95,0.05,0.0,0.7,0.03,2,1785431776.0314443,False,True,True,False,1785431675.7823806,False,True,1,0,False
1785430955.7579584,20,1785431786.0108268,36.62928206301976,0.6278957808804455,36.530479896238646,True,37.5,36.5,38.6,0.95,0.05,0.0,0.7,0.03,2,1785431796.0378532,False,True,True,False,1785431675.7823806,False,True,1,0,False
1785430955.7579584,20,1785431806.0167618,36.655985351338984,0.6284870679789425,36.56519417105363,True,37.5,36.5,38.6,0.95,0.05,0.0,0.7,0.03,2,1785431816.0438404,False,True,True,False,1785431675.7823806,False,True,1,0,False
1785430955.7579584,20,1785431826.0227692,36.62661173418783,0.6280292973220416,36.59990844586862,True,37.5,36.5,38.6,0.95,0.05,0.0,0.7,0.03,2,1785431836.0498307,False,True,True,False,1785431675.7823806,False,True,1,0,False
1785430955.7579584,20,1785431846.0288243,36.663996337834746,0.6282009613183794,36.60524910353246,True,37.5,36.5,38.6,0.95,0.05,0.0,0.7,0.03,2,1785431856.05542,False,True,True,True,1785431855.782401,False,True,1,0,False
1785430955.7579584,20,1785431866.0346923,36.65331502250706,0.6283726253147174,36.589227130540934,True,37.5,36.5,38.6,0.95,0.05,0.0,0.7,0.03,2,1785431876.0618079,False,True,True,False,1785431855.782401,False,True,1,0,False
1785430955.7579584,20,1785431886.0406404,36.65331502250706,0.6281818875410086,36.59990844586862,True,37.5,36.5,38.6,0.95,0.05,0.0,0.7,0.03,2,1785431896.0677845,False,True,True,False,1785431855.782401,False,True,1,0,False
1785430955.7579584,20,1785431906.0465698,36.658655680170895,0.628258182650492,36.60791943236438,True,37.5,36.5,38.6,0.95,0.05,0.0,0.7,0.03,2,1785431916.0738375,False,True,True,False,1785431855.782401,False,True,1,0,False
1785430955.7579584,20,1785431926.0525825,36.67200732433051,0.6283726253147174,36.64263370717937,True,37.5,36.5,38.6,0.95,0.05,0.0,0.7,0.03,2,1785431936.0791872,False,True,True,False,1785431855.782401,False,True,1,0,False
1785430955.7579584,20,1785431946.0584605,36.70405127031357,0.6279911497673,36.658655680170895,True,37.5,36.5,38.6,0.95,0.05,0.0,0.7,0.03,2,1785431956.0857866,False,True,True,False,1785431855.782401,False,True,1,0,False
1785430955.7579584,20,1785431966.0646803,36.70405127031357,0.628410772869459,36.67200732433051,True,37.5,36.5,38.6,0.95,0.05,0.0,0.7,0.03,2,1785431976.0917263,False,True,True,False,1785431855.782401,False,True,1,0,False
1785430955.7579584,20,1785431986.0705955,36.70405127031357,0.6280483710994125,36.706721599145496,True,37.5,36.5,38.6,0.95,0.05,0.0,0.7,0.03,2,1785431996.097915,False,True,True,False,1785431855.782401,False,True,1,0,False
1785430955.7579584,20,1785432006.0771534,36.725413900968945,0.6281818875410086,36.688029297322046,True,37.5,36.5,38.6,0.95,0.05,0.0,0.7,0.03,2,1785432016.1037571,False,True,True,False,1785431855.782401,False,True,1,0,False
1785430955.7579584,20,1785432026.0831287,36.72808422980087,0.6287159533073929,36.73342488746471,True,37.5,36.5,38.6,0.95,0.05,0.0,0.7,0.03,2,1785432036.1101627,False,True,True,True,1785432035.7824214,False,True,1,0,False
1785430955.7579584,20,1785432046.0890708,36.73876554512856,0.6283535515373464,36.71206225680933,True,37.5,36.5,38.6,0.95,0.05,0.0,0.7,0.03,2,1785432056.1161773,False,True,True,False,1785432035.7824214,False,True,1,0,False
1785430955.7579584,20,1785432066.0950625,36.76546883344777,0.6279530022125581,36.71740291447318,True,37.5,36.5,38.6,0.95,0.05,0.0,0.7,0.03,2,1785432076.122146,False,True,True,False,1785432035.7824214,False,True,1,0,False
1785430955.7579584,20,1785432086.1010704,36.786831464103145,0.6285061417563134,36.76546883344777,True,37.5,36.5,38.6,0.95,0.05,0.0,0.7,0.03,2,1785432096.1284666,False,True,True,False,1785432035.7824214,False,True,1,0,False
1785430955.7579584,20,1785432106.1070907,36.792172121766995,0.628410772869459,36.75745784695201,True,37.5,36.5,38.6,0.95,0.05,0.0,0.7,0.03,2,1785432116.1342864,False,True,True,False,1785432035.7824214,False,True,1,0,False
1785430955.7579584,20,1785432126.113176,36.82154573891813,0.6286778057526513,36.786831464103145,True,37.5,36.5,38.6,0.95,0.05,0.0,0.7,0.03,2,1785432136.1427343,False,True,True,False,1785432035.7824214,False,True,1,0,False
1785430955.7579584,20,1785432146.1192405,36.80018310826276,0.6284870679789425,36.79751277943083,True,37.5,36.5,38.6,0.95,0.05,0.0,0.7,0.03,2,1785432156.1490178,False,True,True,False,1785432035.7824214,False,True,1,0,False
1785430955.7579584,20,1785432166.1255207,36.82688639658198,0.6288685435263599,36.82688639658198,True,37.5,36.5,38.6,0.95,0.05,0.0,0.7,0.03,2,1785432176.1528418,False,True,True,False,1785432035.7824214,False,True,1,0,False
1785430955.7579584,20,1785432186.1316845,36.83222705424582,0.6287541008621348,36.82421606775006,True,37.5,36.5,38.6,0.95,0.05,0.0,0.7,0.03,2,1785432196.1588943,False,True,True,False,1785432035.7824214,False,True,1,0,False
1785430955.7579584,20,1785432206.1377878,36.87495231555657,0.6285824368657968,36.84824902723736,True,37.5,36.5,38.6,0.95,0.05,0.0,0.7,0.03,2,1785432216.1643755,False,True,True,True,1785432215.7824252,False,True,1,0,False
1785430955.7579584,20,1785432226.1436825,36.872281986724644,0.6285824368657968,36.84023804074158,True,37.5,36.5,38.6,0.95,0.05,0.0,0.7,0.03,2,1785432236.1707942,False,True,True,False,1785432215.7824252,False,True,1,0,False
1785430955.7579584,20,1785432246.1496825,36.88296330205233,0.6289639124132143,36.86160067139696,True,37.5,36.5,38.6,0.95,0.05,0.0,0.7,0.03,2,1785432256.1768913,False,True,True,False,1785432215.7824252,False,True,1,0,False
1785430955.7579584,20,1785432266.155741,36.89364461738002,0.6283726253147174,36.872281986724644,True,37.5,36.5,38.6,0.95,0.05,0.0,0.7,0.03,2,1785432276.182914,False,True,True,False,1785432215.7824252,False,True,1,0,False
1785430955.7579584,20,1785432286.1617951,36.88830395971618,0.6286968795300222,36.89898527504387,True,37.5,36.5,38.6,0.95,0.05,0.0,0.7,0.03,2,1785432296.1888752,False,True,True,False,1785432215.7824252,False,True,1,0,False
1785430955.7579584,20,1785432306.1677275,36.94705119401846,0.6286205844205387,36.91767757686732,True,37.5,36.5,38.6,0.95,0.05,0.0,0.7,0.03,2,1785432316.1948378,False,True,True,False,1785432215.7824252,False,True,1,0,False
1785430955.7579584,20,1785432326.1737666,36.92301823453117,0.6287350270847638,36.92568856336308,True,37.5,36.5,38.6,0.95,0.05,0.0,0.7,0.03,2,1785432336.200326,False,True,True,False,1785432215.7824252,False,True,1,0,False
1785430955.7579584,20,1785432346.1796496,36.96040283817807,0.6284298466468299,36.93636987869077,True,37.5,36.5,38.6,0.95,0.05,0.0,0.7,0.03,2,1785432356.2067463,False,True,True,False,1785432215.7824252,False,True,1,0,False
1785430955.7579584,20,1785432366.1856415,36.96040283817807,0.6289829861905852,36.939040207522694,True,37.5,36.5,38.6,0.95,0.05,0.0,0.7,0.03,2,1785432376.2122252,False,True,True,False,1785432215.7824252,False,True,1,0,False
1785430955.7579584,20,1785432386.1915998,36.96040283817807,0.6289257648584726,36.97909514000152,True,37.5,36.5,38.6,0.95,0.05,0.0,0.7,0.03,2,1785432396.21843,False,True,True,True,1785432395.7824273,False,True,1,0,False
1785430955.7579584,20,1785432406.197578,36.99778744182498,0.6284870679789425,36.96574349584192,True,37.5,36.5,38.6,0.95,0.05,0.0,0.7,0.03,2,1785432416.2247016,False,True,True,False,1785432395.7824273,False,True,1,0,False
1785430955.7579584,20,1785432426.203585,36.989776455329206,0.6287922484168764,36.97909514000152,True,37.5,36.5,38.6,0.95,0.05,0.0,0.7,0.03,2,1785432436.2306247,False,True,True,False,1785432395.7824273,False,True,1,0,False
1785430955.7579584,20,1785432446.2095382,37.00045777065691,0.6288876173037308,37.00045777065691,True,37.5,36.5,38.6,0.95,0.05,0.0,0.7,0.03,2,1785432456.2360923,False,True,True,False,1785432395.7824273,False,True,1,0,False
1785430955.7579584,20,1785432466.215429,37.005798428320745,0.6289066910811018,37.02716105897612,True,37.5,36.5,38.6,0.95,0.05,0.0,0.7,0.03,2,1785432476.2425508,False,True,True,False,1785432395.7824273,False,True,1,0,False
1785430955.7579584,20,1785432486.221477,37.03784237430381,0.6286015106431678,37.03250171663997,True,37.5,36.5,38.6,0.95,0.05,0.0,0.7,0.03,2,1785432496.2485902,False,True,True,False,1785432395.7824273,False,True,1,0,False
1785430955.7579584,20,1785432506.2274296,37.048523689631494,0.6289257648584726,37.06187533379111,True,37.5,36.5,38.6,0.95,0.05,0.0,0.7,0.03,2,1785432516.2545314,False,True,True,False,1785432395.7824273,False,True,1,0,False
1785430955.7579584,20,1785432526.2334135,37.05653467612726,0.6291355764095522,37.053864347295345,True,37.5,36.5,38.6,0.95,0.05,0.0,0.7,0.03,2,1785432536.2600234,False,True,True,False,1785432395.7824273,False,True,1,0,False
1785430955.7579584,20,1785432546.2393382,37.09391927977417,0.6289257648584726,37.06454566262303,True,37.5,36.5,38.6,0.95,0.05,0.0,0.7,0.03,2,1785432556.2665124,False,True,True,False,1785432395.7824273,False,True,1,0,False
1785430955.7579584,20,1785432566.245395,37.07789730678263,0.6289257648584726,37.099259937438006,True,37.5,36.5,38.6,0.95,0.05,0.0,0.7,0.03,2,1785432576.2725315,False,True,True,True,1785432575.7824645,False,True,1,0,False
1785430955.7579584,20,1785432586.2514024,37.08323796444648,0.6289829861905852,37.10727092393378,True,37.5,36.5,38.6,0.95,0.05,0.0,0.7,0.03,2,1785432596.2780898,False,True,True,False,1785432575.7824645,False,True,1,0,False
1785430955.7579584,20,1785432606.2574701,37.115281910429545,0.6289066910811018,37.109941252765694,True,37.5,36.5,38.6,0.95,0.05,0.0,0.7,0.03,2,1785432616.2846904,False,True,True,False,1785432575.7824645,False,True,1,0,False
1785430955.7579584,20,1785432626.263566,37.10727092393378,0.6291546501869231,37.139314869916845,True,37.5,36.5,38.6,0.95,0.05,0.0,0.7,0.03,2,1785432636.290687,False,True,True,False,1785432575.7824645,False,True,1,0,False
1785430955.7579584,20,1785432646.2696016,37.133974212252994,0.6289829861905852,37.16601815823606,True,37.5,36.5,38.6,0.95,0.05,0.0,0.7,0.03,2,1785432656.2968197,False,True,True,False,1785432575.7824645,False,True,1,0,False
1785430955.7579584,20,1785432666.2755592,37.15533684290837,0.6292309452964066,37.15533684290837,True,37.5,36.5,38.6,0.95,0.05,0.0,0.7,0.03,2,1785432676.3026779,False,True,True,False,1785432575.7824645,False,True,1,0,False
1785430955.7579584,20,1785432686.281648,37.182040131227595,0.6290211337453269,37.182040131227595,True,37.5,36.5,38.6,0.95,0.05,0.0,0.7,0.03,2,1785432696.3084106,False,True,True,False,1785432575.7824645,False,True,1,0,False
1785430955.7579584,20,1785432706.28765,37.176699473563744,0.6290402075226977,37.184710460059506,True,37.5,36.5,38.6,0.95,0.05,0.0,0.7,0.03,2,1785432716.3148391,False,True,True,False,1785432575.7824645,False,True,1,0,False
1785430955.7579584,20,1785432726.2936049,37.21141374837873,0.6291546501869231,37.19806210421912,True,37.5,36.5,38.6,0.95,0.05,0.0,0.7,0.03,2,1785432736.3208263,False,True,True,False,1785432575.7824645,False,True,1,0,False
1785430955.7579584,20,1785432746.2995808,37.23277637903411,0.6291546501869231,37.23544670786603,True,37.5,36.5,38.6,0.95,0.05,0.0,0.7,0.03,2,1785432756.3266995,False,True,True,True,1785432755.7824962,False,True,1,0,False
1785430955.7579584,20,1785432766.3056264,37.21675440604257,0.6290783550774396,37.22209506370642,True,37.5,36.5,38.6,0.95,0.05,0.0,0.7,0.03,2,1785432776.332131,False,True,True,False,1785432755.7824962,False,True,1,0,False
1785430955.7579584,20,1785432786.3115075,37.21675440604257,0.6289257648584726,37.224765392538345,True,37.5,36.5,38.6,0.95,0.05,0.0,0.7,0.03,2,1785432796.3380163,False,True,True,False,1785432755.7824962,False,True,1,0,False
1785430955.7579584,20,1785432806.3174202,37.22209506370642,0.6289639124132143,37.227435721370256,True,37.5,36.5,38.6,0.95,0.05,0.0,0.7,0.03,2,1785432816.3445318,False,True,True,False,1785432755.7824962,False,True,1,0,False
1785430955.7579584,20,1785432826.3233564,37.24078736552987,0.6291165026321812,37.28351262684062,True,37.5,36.5,38.6,0.95,0.05,0.0,0.7,0.03,2,1785432836.3499272,False,True,True,False,1785432755.7824962,False,True,1,0,False
1785430955.7579584,20,1785432846.329341,37.262149996185244,0.6296505683985656,37.29953459983216,True,37.5,36.5,38.6,0.95,0.05,0.0,0.7,0.03,2,1785432856.3558764,False,True,True,False,1785432755.7824962,False,True,1,0,False
1785430955.7579584,20,1785432866.3352296,37.294193942168306,0.6293453879606317,37.27817196917678,True,37.5,36.5,38.6,0.95,0.05,0.0,0.7,0.03,2,1785432876.362411,False,True,True,False,1785432755.7824962,False,True,1,0,False
1785430955.7579584,20,1785432886.3412912,37.28351262684062,0.6294789044022278,37.34225986114291,True,37.5,36.5,38.6,0.95,0.05,0.0,0.7,0.03,2,1785432896.368439,False,True,True,False,1785432755.7824962,False,True,1,0,False
1785430955.7579584,20,1785432906.3473332,37.310215915159844,0.62930724040589,37.35027084763867,True,37.5,36.5,38.6,0.95,0.05,0.0,0.7,0.03,2,1785432916.3745334,False,True,True,False,1785432755.7824962,False,True,1,0,False
1785430955.7579584,20,1785432926.3534262,37.30220492866407,0.6292881666285192,37.35828183413443,True,37.5,36.5,38.6,0.95,0.05,0.0,0.7,0.03,2,1785432936.3805149,False,True,True,True,1785432935.7825303,False,True,1,0,False
1785430955.7579584,20,1785432946.359336,37.32356755931944,0.6290974288548103,37.37430380712597,True,37.5,36.5,38.6,0.95,0.05,0.0,0.7,0.03,2,1785432956.3859742,False,True,True,False,1785432935.7825303,False,True,1,0,False
1785430955.7579584,20,1785432966.3653421,37.30754558632792,0.6292690928511482,37.38231479362173,True,37.5,36.5,38.6,0.95,0.05,0.0,0.7,0.03,2,1785432976.391872,False,True,True,False,1785432935.7825303,False,True,1,0,False
1785430955.7579584,20,1785432986.3712587,37.371633478294044,0.6294026092927443,37.38498512245366,True,37.5,36.5,38.6,0.95,0.05,0.0,0.7,0.03,2,1785432996.3982697,False,True,True,False,1785432935.7825303,False,True,1,0,False
1785430955.7579584,20,1785433006.377194,37.38231479362173,0.6295170519569696,37.38765545128557,True,37.5,36.5,38.6,0.95,0.05,0.0,0.7,0.03,2,1785433016.4042368,False,True,True,False,1785432935.7825303,False,True,1,0,False
1785430955.7579584,20,1785433026.3831549,37.395666437781344,0.6293835355153735,37.395666437781344,True,37.5,36.5,38.6,0.95,0.05,0.0,0.7,0.03,2,1785433036.4102252,False,True,True,False,1785432935.7825303,False,True,1,0,False
1785430955.7579584,20,1785433046.389211,37.422369726100555,0.6294789044022278,37.422369726100555,True,37.5,36.5,38.6,0.95,0.05,0.0,0.7,0.03,2,1785433056.4157145,False,True,True,False,1785432935.7825303,False,True,1,0,False
1785430955.7579584,20,1785433066.39506,37.427710383764406,0.6294026092927443,37.45975432974747,True,37.5,36.5,38.6,0.95,0.05,0.0,0.7,0.03,2,1785433076.4220695,False,True,True,False,1785432935.7825303,False,True,1,0,False
1785430955.7579584,20,1785433086.4009986,37.427710383764406,0.6294789044022278,37.45975432974747,True,37.5,36.5,38.6,0.95,0.05,0.0,0.7,0.03,2,1785433096.427522,False,True,True,False,1785432935.7825303,False,True,1,0,False
1785430955.7579584,20,1785433106.4068828,37.438391699092094,0.6298222323949035,37.47310597390707,True,37.5,36.5,38.6,0.95,0.05,0.0,0.7,0.03,2,1785433116.4334922,False,True,True,True,1785433115.7825682,False,True,1,0,False
1785430955.7579584,20,1785433126.4129157,37.45708400091554,0.6291737239642938,37.49179827573053,True,37.5,36.5,38.6,0.95,0.05,0.0,0.7,0.03,2,1785433136.439955,False,True,True,False,1785433115.7825682,False,True,1,0,False
1785430955.7579584,20,1785433146.418816,37.483787289234755,0.6298031586175326,37.47577630273899,True,37.5,36.5,38.6,0.95,0.05,0.0,0.7,0.03,2,1785433156.4453723,False,True,True,False,1785433115.7825682,False,True,1,0,False
1785430955.7579584,20,1785433166.424718,37.489127946898606,0.6299176012817579,37.531853208209355,True,37.5,36.5,38.6,0.95,0.05,0.0,0.7,0.03,2,1785433176.4518254,False,True,True,False,1785433115.7825682,False,True,1,0,False
1785430955.7579584,20,1785433186.4306786,37.49980926222629,0.6295170519569696,37.52384222171359,True,37.5,36.5,38.6,0.95,0.05,0.0,0.7,0.03,2,1785433196.4573405,False,True,True,False,1785433115.7825682,False,True,1,0,False
1785430955.7579584,20,1785433206.4367604,37.526512550545505,0.6298603799496452,37.54253452353704,True,37.5,36.5,38.6,0.95,0.05,0.0,0.7,0.03,2,1785433216.46383,False,True,True,False,1785433115.7825682,False,1,0,0,False
1785430955.7579584,20,1785433226.4426851,37.507820248722055,0.6297840848401617,37.53986419470512,True,37.5,36.5,38.6,0.95,0.05,0.0,0.7,0.03,2,1785433236.4697516,False,True,True,False,1785433115.7825682,False,1,0,0,False
1785430955.7579584,20,1785433246.4486845,37.52918287937743,0.6298603799496452,37.550545510032805,True,37.5,36.5,38.6,0.95,0.05,0.0,0.7,0.03,2,1785433256.4752483,False,True,True,False,1785433115.7825682,False,1,0,0,False
1785430955.7579584,20,1785433266.454661,37.49179827573053,0.6298222323949035,37.49713893339437,True,37.5,36.5,38.6,0.95,0.05,0.0,0.7,0.03,2,1785433276.4817116,False,True,True,False,1785433115.7825682,False,True,1,0,False
1785430955.7579584,20,1785433286.460604,37.470435645075156,0.6294789044022278,37.48645761806668,True,37.5,36.5,38.6,0.95,0.05,0.0,0.7,0.03,2,1785433296.4876747,False,True,True,True,1785433295.782578,False,True,1,0,False
1785430955.7579584,20,1785433306.466535,37.45975432974747,0.6295361257343405,37.51583123521782,True,37.5,36.5,38.6,0.95,0.05,0.0,0.7,0.03,2,1785433316.4936275,False,True,True,False,1785433295.782578,False,True,1,0,False
1785430955.7579584,20,1785433326.4724956,37.47844663157092,0.6293453879606317,37.50247959105822,True,37.5,36.5,38.6,0.95,0.05,0.0,0.7,0.03,2,1785433336.499079,False,True,True,False,1785433295.782578,False,True,1,0,False
1785430955.7579584,20,1785433346.4784112,37.49980926222629,0.6295170519569696,37.507820248722055,True,37.5,36.5,38.6,0.95,0.05,0.0,0.7,0.03,2,1785433356.5055726,False,True,True,False,1785433295.782578,False,True,1,0,False
1785430955.7579584,20,1785433366.4844503,37.51583123521782,0.6293644617380026,37.54787518120088,True,37.5,36.5,38.6,0.95,0.05,0.0,0.7,0.03,2,1785433376.5111506,False,True,True,False,1785433295.782578,False,1,0,0,False
1785430955.7579584,20,1785433386.4904141,37.51049057755398,0.6296696421759366,37.53452353704128,True,37.5,36.5,38.6,0.95,0.05,0.0,0.7,0.03,2,1785433396.5174978,False,True,True,False,1785433295.782578,False,1,0,0,False
1785430955.7579584,20,1785433406.4963953,37.51049057755398,0.6299938963912414,37.54253452353704,True,37.5,36.5,38.6,0.95,0.05,0.0,0.7,0.03,2,1785433416.5234203,False,True,True,False,1785433295.782578,False,1,0,0,False
1785430955.7579584,20,1785433426.5024397,37.507820248722055,0.6298222323949035,37.51850156404974,True,37.5,36.5,38.6,0.95,0.05,0.0,0.7,0.03,2,1785433436.529595,False,True,True,False,1785433295.782578,False,1,0,0,False
1785430955.7579584,20,1785433446.5084913,37.47577630273899,0.6296505683985656,37.513160906385906,True,37.5,36.5,38.6,0.95,0.05,0.0,0.7,0.03,2,1785433456.5355308,False,True,True,False,1785433295.782578,False,True,1,0,False
1785430955.7579584,20,1785433466.514413,37.49179827573053,0.6297840848401617,37.51850156404974,True,37.5,36.5,38.6,0.95,0.05,0.0,0.7,0.03,2,1785433476.5415223,False,True,True,True,1785433475.782613,False,True,1,0,False
1785430955.7579584,20,1785433486.5204797,37.48645761806668,0.6298222323949035,37.513160906385906,True,37.5,36.5,38.6,0.95,0.05,0.0,0.7,0.03,2,1785433496.5476308,False,True,True,False,1785433475.782613,False,True,1,0,False
1785430955.7579584,20,1785433506.5264947,37.481116960402844,0.6299557488364995,37.55321583886473,True,37.5,36.5,38.6,0.95,0.05,0.0,0.7,0.03,2,1785433516.5536036,False,True,True,False,1785433475.782613,False,True,1,0,False
1785430955.7579584,20,1785433526.5324583,37.52117189288167,0.629879453727016,37.53986419470512,True,37.5,36.5,38.6,0.95,0.05,0.0,0.7,0.03,2,1785433536.5594714,False,True,True,False,1785433475.782613,False,1,0,0,False
1785430955.7579584,20,1785433546.538405,37.526512550545505,0.6296505683985656,37.54520485236897,True,37.5,36.5,38.6,0.95,0.05,0.0,0.7,0.03,2,1785433556.5649276,False,True,True,False,1785433475.782613,False,1,0,0,False
1785430955.7579584,20,1785433566.5443122,37.526512550545505,0.6297650110627909,37.569237811856254,True,37.5,36.5,38.6,0.95,0.05,0.0,0.7,0.03,2,1785433576.5709486,False,True,True,False,1785433475.782613,False,1,0,0,False
1785430955.7579584,20,1785433586.5503244,37.49980926222629,0.6297077897306782,37.52384222171359,True,37.5,36.5,38.6,0.95,0.05,0.0,0.7,0.03,2,1785433596.5774531,False,True,True,False,1785433475.782613,False,True,1,0,False
1785430955.7579584,20,1785433606.5562603,37.49980926222629,0.6299176012817579,37.51583123521782,True,37.5,36.5,38.6,0.95,0.05,0.0,0.7,0.03,2,1785433616.5833468,False,True,True,False,1785433475.782613,False,True,1,0,False
1785430955.7579584,20,1785433626.5622654,37.481116960402844,0.6295170519569696,37.513160906385906,True,37.5,36.5,38.6,0.95,0.05,0.0,0.7,0.03,2,1785433636.5894723,False,True,True,False,1785433475.782613,False,True,1,0,False
1785430955.7579584,20,1785433646.568354,37.48645761806668,0.6296505683985656,37.513160906385906,True,37.5,36.5,38.6,0.95,0.05,0.0,0.7,0.03,2,1785433656.5954652,False,True,True,True,1785433655.7826378,False,True,1,0,False
1785430955.7579584,20,1785433666.5743492,37.470435645075156,0.6295551995117112,37.51850156404974,True,37.5,36.5,38.6,0.95,0.05,0.0,0.7,0.03,2,1785433676.601782,False,True,True,False,1785433655.7826378,False,True,1,0,False
1785430955.7579584,20,1785433686.580619,37.48645761806668,0.6296314946211947,37.53986419470512,True,37.5,36.5,38.6,0.95,0.05,0.0,0.7,0.03,2,1785433696.607191,False,True,True,False,1785433655.7826378,False,True,1,0,False
1785430955.7579584,20,1785433706.5865786,37.49713893339437,0.6299176012817579,37.55321583886473,True,37.5,36.5,38.6,0.95,0.05,0.0,0.7,0.03,2,1785433716.6137004,False,True,True,False,1785433655.7826378,False,True,1,0,False
1785430955.7579584,20,1785433726.5925808,37.51049057755398,0.6297268635080491,37.56656748302434,True,37.5,36.5,38.6,0.95,0.05,0.0,0.7,0.03,2,1785433736.6196663,False,True,True,False,1785433655.7826378,False,1,0,0,False
1785430955.7579584,20,1785433746.5985436,37.55321583886473,0.6299557488364995,37.56656748302434,True,37.5,36.5,38.6,0.95,0.05,0.0,0.7,0.03,2,1785433756.6256742,False,True,True,False,1785433655.7826378,False,1,0,0,False
1785430955.7579584,20,1785433766.6046844,37.53719386587319,0.6298031586175326,37.56389715419242,True,37.5,36.5,38.6,0.95,0.05,0.0,0.7,0.03,2,1785433776.6318376,False,True,True,False,1785433655.7826378,False,1,0,0,False
1785430955.7579584,20,1785433786.6106586,37.526512550545505,0.6296505683985656,37.57190814068818,True,37.5,36.5,38.6,0.95,0.05,0.0,0.7,0.03,2,1785433796.6378348,False,True,True,False,1785433655.7826378,False,1,0,0,False
1785430955.7579584,20,1785433806.6168199,37.489127946898606,0.6297077897306782,37.526512550545505,True,37.5,36.5,38.6,0.95,0.05,0.0,0.7,0.03,2,1785433816.6439607,False,True,True,False,1785433655.7826378,False,True,1,0,False
1785430955.7579584,20,1785433826.6227353,37.481116960402844,0.6297650110627909,37.49179827573053,True,37.5,36.5,38.6,0.95,0.05,0.0,0.7,0.03,2,1785433836.6498785,False,True,True,True,1785433835.7826726,False,True,1,0,False
1785430955.7579584,20,1785433846.6287098,37.45975432974747,0.629612420843824,37.49713893339437,True,37.5,36.5,38.6,0.95,0.05,0.0,0.7,0.03,2,1785433856.6559036,False,True,True,False,1785433835.7826726,False,True,1,0,False
1785430955.7579584,20,1785433866.6346288,37.465094987411305,0.62974593728542,37.513160906385906,True,37.5,36.5,38.6,0.95,0.05,0.0,0.7,0.03,2,1785433876.661871,False,True,True,False,1785433835.7826726,False,True,1,0,False
1785430955.7579584,20,1785433886.6406415,37.51850156404974,0.6295551995117112,37.52918287937743,True,37.5,36.5,38.6,0.95,0.05,0.0,0.7,0.03,2,1785433896.6671617,False,True,True,False,1785433835.7826726,False,1,0,0,False
1785430955.7579584,20,1785433906.646604,37.507820248722055,0.6300892652780956,37.569237811856254,True,37.5,36.5,38.6,0.95,0.05,0.0,0.7,0.03,2,1785433916.6731596,False,True,True,False,1785433835.7826726,False,1,0,0,False
1785430955.7579584,20,1785433926.6526077,37.51049057755398,0.6297840848401617,37.56656748302434,True,37.5,36.5,38.6,0.95,0.05,0.0,0.7,0.03,2,1785433936.6796834,False,True,True,False,1785433835.7826726,False,1,0,0,False
1785430955.7579584,20,1785433946.6586115,37.51049057755398,0.6298603799496452,37.53986419470512,True,37.5,36.5,38.6,0.95,0.05,0.0,0.7,0.03,2,1785433956.6857324,False,True,True,False,1785433835.7826726,False,1,0,0,False
1785430955.7579584,20,1785433966.6646454,37.489127946898606,0.6296887159533074,37.51583123521782,True,37.5,36.5,38.6,0.95,0.05,0.0,0.7,0.03,2,1785433976.6916735,False,True,True,False,1785433835.7826726,False,True,1,0,False
1785430955.7579584,20,1785433986.6705678,37.46242465857938,0.629879453727016,37.507820248722055,True,37.5,36.5,38.6,0.95,0.05,0.0,0.7,0.03,2,1785433996.6977296,False,True,True,False,1785433835.7826726,False,True,1,0,False
1785430955.7579584,20,1785434006.6766522,37.49446860456244,0.6300129701686121,37.531853208209355,True,37.5,36.5,38.6,0.95,0.05,0.0,0.7,0.03,2,1785434016.7032583,False,True,True,True,1785434015.7826786,False,True,1,0,False
1785430955.7579584,20,1785434026.6825988,37.470435645075156,0.6299748226138705,37.513160906385906,True,37.5,36.5,38.6,0.95,0.05,0.0,0.7,0.03,2,1785434036.7096958,False,True,True,False,1785434015.7826786,False,True,1,0,False
1785430955.7579584,20,1785434046.6885974,37.49713893339437,0.6298031586175326,37.54520485236897,True,37.5,36.5,38.6,0.95,0.05,0.0,0.7,0.03,2,1785434056.7156615,False,True,True,False,1785434015.7826786,False,True,1,0,False
1785430955.7579584,20,1785434066.694547,37.49713893339437,0.6298413061722744,37.550545510032805,True,37.5,36.5,38.6,0.95,0.05,0.0,0.7,0.03,2,1785434076.7211843,False,True,True,False,1785434015.7826786,False,True,1,0,False
1785430955.7579584,20,1785434086.7005575,37.550545510032805,0.6299366750591286,37.555886167696656,True,37.5,36.5,38.6,0.95,0.05,0.0,0.7,0.03,2,1785434096.7276163,False,True,True,False,1785434015.7826786,False,1,0,0,False
1785430955.7579584,20,1785434106.7066023,37.56122682536049,0.6301274128328375,37.57991912718394,True,37.5,36.5,38.6,0.95,0.05,0.0,0.7,0.03,2,1785434116.7336886,False,True,True,False,1785434015.7826786,False,1,0,0,False
1785430955.7579584,20,1785434126.7125845,37.531853208209355,0.6299748226138705,37.56656748302434,True,37.5,36.5,38.6,0.95,0.05,0.0,0.7,0.03,2,1785434136.7396052,False,True,True,False,1785434015.7826786,False,1,0,0,False
1785430955.7579584,20,1785434146.7185037,37.53719386587319,0.6300129701686121,37.56656748302434,True,37.5,36.5,38.6,0.95,0.05,0.0,0.7,0.03,2,1785434156.7455614,False,True,True,False,1785434015.7826786,False,1,0,0,False
1785430955.7579584,20,1785434166.7244673,37.52117189288167,0.630203707942321,37.54253452353704,True,37.5,36.5,38.6,0.95,0.05,0.0,0.7,0.03,2,1785434176.75151,False,True,True,False,1785434015.7826786,False,1,0,0,False
1785430955.7579584,20,1785434186.7303824,37.483787289234755,0.6301464866102083,37.50247959105822,True,37.5,36.5,38.6,0.95,0.05,0.0,0.7,0.03,2,1785434196.7575846,False,True,True,True,1785434195.782712,False,True,1,0,False
1785430955.7579584,20,1785434206.7364414,37.47310597390707,0.6300129701686121,37.50514991989013,True,37.5,36.5,38.6,0.95,0.05,0.0,0.7,0.03,2,1785434216.76352,False,True,True,False,1785434195.782712,False,True,1,0,False
1785430955.7579584,20,1785434226.7423255,37.44907301441978,0.6299938963912414,37.507820248722055,True,37.5,36.5,38.6,0.95,0.05,0.0,0.7,0.03,2,1785434236.7694864,False,True,True,False,1785434195.782712,False,True,1,0,False
1785430955.7579584,20,1785434246.7483616,37.507820248722055,0.630203707942321,37.52918287937743,True,37.5,36.5,38.6,0.95,0.05,0.0,0.7,0.03,2,1785434256.7755094,False,True,True,False,1785434195.782712,False,1,0,0,False
1785430955.7579584,20,1785434266.7544222,37.48645761806668,0.6300320439459831,37.53986419470512,True,37.5,36.5,38.6,0.95,0.05,0.0,0.7,0.03,2,1785434276.781024,False,True,True,False,1785434195.782712,False,True,1,0,False
1785430955.7579584,20,1785434286.7604067,37.507820248722055,0.6299176012817579,37.53986419470512,True,37.5,36.5,38.6,0.95,0.05,0.0,0.7,0.03,2,1785434296.7875078,False,True,True,False,1785434195.782712,False,1,0,0,False
1785430955.7579584,20,1785434306.7664828,37.52384222171359,0.6302227817196918,37.526512550545505,True,37.5,36.5,38.6,0.95,0.05,0.0,0.7,0.03,2,1785434316.7936118,False,True,True,False,1785434195.782712,False,1,0,0,False
1785430955.7579584,20,1785434326.772497,37.52117189288167,0.6300892652780956,37.513160906385906,True,37.5,36.5,38.6,0.95,0.05,0.0,0.7,0.03,2,1785434336.79955,False,True,True,False,1785434195.782712,False,1,0,0,False
1785430955.7579584,20,1785434346.778444,37.47310597390707,0.6302800030518044,37.52384222171359,True,37.5,36.5,38.6,0.95,0.05,0.0,0.7,0.03,2,1785434356.8055527,False,True,True,False,1785434195.782712,False,True,1,0,False
1785430955.7579584,20,1785434366.7844405,37.46242465857938,0.6299938963912414,37.50514991989013,True,37.5,36.5,38.6,0.95,0.05,0.0,0.7,0.03,2,1785434376.810972,False,True,True,True,1785434375.78273,False,True,1,0,False
1785430955.7579584,20,1785434386.7903738,37.49446860456244,0.6299176012817579,37.50247959105822,True,37.5,36.5,38.6,0.95,0.05,0.0,0.7,0.03,2,1785434396.8175051,False,True,True,False,1785434375.78273,False,True,1,0,False
1785430955.7579584,20,1785434406.7963948,37.49446860456244,0.6300129701686121,37.54787518120088,True,37.5,36.5,38.6,0.95,0.05,0.0,0.7,0.03,2,1785434416.8235075,False,True,True,False,1785434375.78273,False,True,1,0,False
1785430955.7579584,20,1785434426.8025162,37.52384222171359,0.6298031586175326,37.60395208667124,True,37.5,36.5,38.6,0.95,0.05,0.0,0.7,0.03,2,1785434436.8298163,True,False,True,False,1785434375.78273,False,1,0,0,False
1785430955.7579584,20,1785434446.8088357,37.52918287937743,0.6303753719386588,37.61997405966278,True,37.5,36.5,38.6,0.95,0.05,0.0,0.7,0.03,2,1785434456.836139,True,True,True,False,1785434375.78273,False,1,0,0,False
1785430955.7579584,20,1785434466.8151426,37.56122682536049,0.6301274128328375,37.65735866330968,True,37.5,36.5,38.6,0.95,0.05,0.0,0.7,0.03,2,1785434476.8421247,True,False,True,False,1785434375.78273,False,1,0,0,False
1785430955.7579584,20,1785434486.82161,37.550545510032805,0.6299748226138705,37.641336690318155,True,37.5,36.5,38.6,0.95,0.05,0.0,0.7,0.03,2,1785434496.8489416,True,True,True,False,1785434375.78273,False,1,0,0,False
1785430955.7579584,20,1785434506.827923,37.507820248722055,0.6300320439459831,37.62798504615854,True,37.5,36.5,38.6,0.95,0.05,0.0,0.7,0.03,2,1785434516.8550446,True,True,True,False,1785434375.78273,False,1,0,0,False
1785430955.7579584,20,1785434526.8342593,37.52117189288167,0.630051117723354,37.62531471732662,True,37.5,36.5,38.6,0.95,0.05,0.0,0.7,0.03,2,1785434536.8611872,True,True,True,False,1785434375.78273,False,1,0,0,False
1785430955.7579584,20,1785434546.8404744,37.47310597390707,0.6302418554970626,37.58793011367972,True,37.5,36.5,38.6,0.95,0.05,0.0,0.7,0.03,2,1785434556.8703587,True,False,True,True,1785434555.7827325,False,True,1,0,False
1785430955.7579584,20,1785434566.8469324,37.47310597390707,0.6300129701686121,37.58525978484779,True,37.5,36.5,38.6,0.95,0.05,0.0,0.7,0.03,2,1785434576.8744133,True,False,True,False,1785434555.7827325,False,True,1,0,False
1785430955.7579584,20,1785434586.8534,37.46242465857938,0.6300701915007249,37.58258945601587,True,37.5,36.5,38.6,0.95,0.05,0.0,0.7,0.03,2,1785434596.8833265,True,True,True,False,1785434555.7827325,False,True,1,0,False
1785430955.7579584,20,1785434606.8599944,37.483787289234755,0.6303753719386588,37.59594110017548,True,37.5,36.5,38.6,0.95,0.05,0.0,0.7,0.03,2,1785434616.887283,True,True,True,False,1785434555.7827325,False,True,1,0,False
1785430955.7579584,20,1785434626.8662684,37.50247959105822,0.6301846341649501,37.60929274433509,True,37.5,36.5,38.6,0.95,0.05,0.0,0.7,0.03,2,1785434636.8989553,True,True,True,False,1785434555.7827325,False,1,0,0,False
1785430955.7579584,20,1785434646.8725696,37.507820248722055,0.6299748226138705,37.641336690318155,True,37.5,36.5,38.6,0.95,0.05,0.0,0.7,0.03,2,1785434656.906242,True,False,True,False,1785434555.7827325,False,1,0,0,False
1785430955.7579584,20,1785434666.880598,37.51850156404974,0.629898527504387,37.641336690318155,True,37.5,36.5,38.6,0.95,0.05,0.0,0.7,0.03,2,1785434676.9091613,True,True,True,False,1785434555.7827325,False,1,0,0,False
1785430955.7579584,20,1785434686.8891165,37.52918287937743,0.6300701915007249,37.641336690318155,True,37.5,36.5,38.6,0.95,0.05,0.0,0.7,0.03,2,1785434696.918808,True,True,True,False,1785434555.7827325,False,1,0,0,False
1785430955.7579584,20,1785434706.897555,37.48645761806668,0.6300892652780956,37.60128175783932,True,37.5,36.5,38.6,0.95,0.05,0.0,0.7,0.03,2,1785434716.9266346,True,True,True,False,1785434555.7827325,False,True,1,0,False
1785430955.7579584,20,1785434726.905925,37.51049057755398,0.6301655603875791,37.60395208667124,True,37.5,36.5,38.6,0.95,0.05,0.0,0.7,0.03,2,1785434736.9351034,True,True,True,True,1785434735.782772,False,1,0,0,False
1785430955.7579584,20,1785434746.9143925,37.47310597390707,0.6301846341649501,37.593270771343555,True,37.5,36.5,38.6,0.95,0.05,0.0,0.7,0.03,2,1785434756.9428794,True,True,True,False,1785434735.782772,False,True,1,0,False
1785430955.7579584,20,1785434766.922743,37.47310597390707,0.6300129701686121,37.569237811856254,True,37.5,36.5,38.6,0.95,0.05,0.0,0.7,0.03,2,1785434776.9518423,True,True,True,False,1785434735.782772,False,True,1,0,False
1785430955.7579584,20,1785434786.9310741,37.489127946898606,0.630051117723354,37.598611429007406,True,37.5,36.5,38.6,0.95,0.05,0.0,0.7,0.03,2,1785434796.9603648,True,True,True,False,1785434735.782772,False,True,1,0,False
1785430955.7579584,20,1785434806.9395168,37.49980926222629,0.6301083390554666,37.62264438849469,True,37.5,36.5,38.6,0.95,0.05,0.0,0.7,0.03,2,1785434816.9679503,True,True,True,False,1785434735.782772,False,True,1,0,False
1785430955.7579584,20,1785434826.9469843,37.513160906385906,0.630203707942321,37.641336690318155,True,37.5,36.5,38.6,0.95,0.05,0.0,0.7,0.03,2,1785434836.9742882,True,False,True,False,1785434735.782772,False,1,0,0,False
1785430955.7579584,20,1785434846.9533186,37.52384222171359,0.6300320439459831,37.61997405966278,True,37.5,36.5,38.6,0.95,0.05,0.0,0.7,0.03,2,1785434856.9806252,True,True,True,False,1785434735.782772,False,1,0,0,False
1785430955.7579584,20,1785434866.959593,37.52384222171359,0.6301846341649501,37.60395208667124,True,37.5,36.5,38.6,0.95,0.05,0.0,0.7,0.03,2,1785434876.9869623,True,True,True,False,1785434735.782772,False,1,0,0,False
1785430955.7579584,20,1785434886.9659784,37.48645761806668,0.6301274128328375,37.60395208667124,True,37.5,36.5,38.6,0.95,0.05,0.0,0.7,0.03,2,1785434896.9928477,True,False,True,False,1785434735.782772,False,True,1,0,False
1785430955.7579584,20,1785434906.9723058,37.470435645075156,0.6301846341649501,37.60128175783932,True,37.5,36.5,38.6,0.95,0.05,0.0,0.7,0.03,2,1785434916.9995587,True,True,True,True,1785434915.7827935,False,True,1,0,False
1785430955.7579584,20,1785434926.9785538,37.489127946898606,0.6302227817196918,37.58793011367972,True,37.5,36.5,38.6,0.95,0.05,0.0,0.7,0.03,2,1785434937.0058503,True,True,True,False,1785434915.7827935,False,True,1,0,False
1785430955.7579584,20,1785434946.9849563,37.46242465857938,0.630337224383917,37.58258945601587,True,37.5,36.5,38.6,0.95,0.05,0.0,0.7,0.03,2,1785434957.0118916,True,True,True,False,1785434915.7827935,False,True,1,0,False
1785430955.7579584,20,1785434966.9912248,37.49980926222629,0.6302227817196918,37.611963073167004,True,37.5,36.5,38.6,0.95,0.05,0.0,0.7,0.03,2,1785434977.018567,True,False,True,False,1785434915.7827935,False,True,1,0,False
1785430955.7579584,20,1785434986.9975524,37.50514991989013,0.6299557488364995,37.61997405966278,True,37.5,36.5,38.6,0.95,0.05,0.0,0.7,0.03,2,1785434997.0245934,True,True,True,False,1785434915.7827935,False,1,0,0,False
1785430955.7579584,20,1785435007.0037384,37.54787518120088,0.6300320439459831,37.654688334477754,True,37.5,36.5,38.6,0.95,0.05,0.0,0.7,0.03,2,1785435017.030801,True,True,True,False,1785434915.7827935,False,1,0,0,False
1785430955.7579584,20,1785435027.0099936,37.53452353704128,0.630337224383917,37.641336690318155,True,37.5,36.5,38.6,0.95,0.05,0.0,0.7,0.03,2,1785435037.0385783,True,False,True,False,1785434915.7827935,False,1,0,0,False
1785430955.7579584,20,1785435047.016358,37.507820248722055,0.6305088883802549,37.641336690318155,True,37.5,36.5,38.6,0.95,0.05,0.0,0.7,0.03,2,1785435057.0451179,True,True,True,False,1785434915.7827935,False,1,0,0,False
1785430955.7579584,20,1785435067.0225616,37.49713893339437,0.6301464866102083,37.60395208667124,True,37.5,36.5,38.6,0.95,0.05,0.0,0.7,0.03,2,1785435077.0500026,True,True,True,False,1785434915.7827935,False,True,1,0,False
1785430955.7579584,20,1785435087.030022,37.470435645075156,0.6303181506065461,37.58793011367972,True,37.5,36.5,38.6,0.95,0.05,0.0,0.7,0.03,2,1785435097.0585413,True,True,True,True,1785435095.7828145,False,True,1,0,False
1785430955.7579584,20,1785435107.0375392,37.465094987411305,0.6301464866102083,37.58525978484779,True,37.5,36.5,38.6,0.95,0.05,0.0,0.7,0.03,2,1785435117.0650156,True,True,True,False,1785435095.7828145,False,True,1,0,False
1785430955.7579584,20,1785435127.0438013,37.47310597390707,0.630337224383917,37.57724879835203,True,37.5,36.5,38.6,0.95,0.05,0.0,0.7,0.03,2,1785435137.0711994,True,True,True,False,1785435095.7828145,False,True,1,0,False
1785430955.7579584,20,1785435147.0500998,37.49446860456244,0.6302800030518044,37.598611429007406,True,37.5,36.5,38.6,0.95,0.05,0.0,0.7,0.03,2,1785435157.077615,True,True,True,False,1785435095.7828145,False,True,1,0,False
1785430955.7579584,20,1785435167.0565286,37.526512550545505,0.6302227817196918,37.62798504615854,True,37.5,36.5,38.6,0.95,0.05,0.0,0.7,0.03,2,1785435177.0838206,True,True,True,False,1785435095.7828145,False,1,0,0,False
1785430955.7579584,20,1785435187.0629764,37.53719386587319,0.6305088883802549,37.641336690318155,True,37.5,36.5,38.6,0.95,0.05,0.0,0.7,0.03,2,1785435197.090489,True,False,True,False,1785435095.7828145,False,1,0,0,False
1785430955.7579584,20,1785435207.0694785,37.51049057755398,0.630203707942321,37.59594110017548,True,37.5,36.5,38.6,0.95,0.05,0.0,0.7,0.03,2,1785435217.09687,True,True,True,False,1785435095.7828145,False,1,0,0,False
1785430955.7579584,20,1785435227.0758188,37.51850156404974,0.630203707942321,37.61997405966278,True,37.5,36.5,38.6,0.95,0.05,0.0,0.7,0.03,2,1785435237.102636,True,True,True,False,1785435095.7828145,False,1,0,0,False
1785430955.7579584,20,1785435247.0821648,37.47577630273899,0.6301083390554666,37.61997405966278,True,37.5,36.5,38.6,0.95,0.05,0.0,0.7,0.03,2,1785435257.109053,True,True,True,False,1785435095.7828145,False,True,1,0,False
1785430955.7579584,20,1785435267.0884423,37.49713893339437,0.630489814602884,37.58258945601587,True,37.5,36.5,38.6,0.95,0.05,0.0,0.7,0.03,2,1785435277.1157315,True,True,True,True,1785435275.782835,False,True,1,0,False
1785430955.7579584,20,1785435287.094708,37.49713893339437,0.6301655603875791,37.57724879835203,True,37.5,36.5,38.6,0.95,0.05,0.0,0.7,0.03,2,1785435297.121972,True,True,True,False,1785435275.782835,False,True,1,0,False
1785430955.7579584,20,1785435307.1009798,37.49713893339437,0.6301083390554666,37.59594110017548,True,37.5,36.5,38.6,0.95,0.05,0.0,0.7,0.03,2,1785435317.1282327,True,True,True,False,1785435275.782835,False,True,1,0,False
1785430955.7579584,20,1785435327.1071734,37.52117189288167,0.6303181506065461,37.63065537499047,True,37.5,36.5,38.6,0.95,0.05,0.0,0.7,0.03,2,1785435337.1345787,True,False,True,False,1785435275.782835,False,1,0,0,False
1785430955.7579584,20,1785435347.113585,37.53719386587319,0.6304516670481423,37.641336690318155,True,37.5,36.5,38.6,0.95,0.05,0.0,0.7,0.03,2,1785435357.1405709,True,True,True,False,1785435275.782835,False,1,0,0,False
1785430955.7579584,20,1785435367.1198902,37.54253452353704,0.6305661097123675,37.62264438849469,True,37.5,36.5,38.6,0.95,0.05,0.0,0.7,0.03,2,1785435377.1477807,True,True,True,False,1785435275.782835,False,1,0,0,False
1785430955.7579584,20,1785435387.1271014,37.47310597390707,0.6304325932707714,37.60395208667124,True,37.5,36.5,38.6,0.95,0.05,0.0,0.7,0.03,2,1785435397.1561666,True,True,True,False,1785435275.782835,False,True,1,0,False
1785430955.7579584,20,1785435407.1353927,37.50514991989013,0.6302800030518044,37.59060044251163,True,37.5,36.5,38.6,0.95,0.05,0.0,0.7,0.03,2,1785435417.164473,True,True,True,False,1785435275.782835,False,1,0,0,False
1785430955.7579584,20,1785435427.1436577,37.47577630273899,0.630489814602884,37.598611429007406,True,37.5,36.5,38.6,0.95,0.05,0.0,0.7,0.03,2,1785435437.1728683,True,True,True,False,1785435275.782835,False,True,1,0,False
1785430955.7579584,20,1785435447.1520395,37.47577630273899,0.630489814602884,37.58258945601587,True,37.5,36.5,38.6,0.95,0.05,0.0,0.7,0.03,2,1785435457.1811073,True,True,True,True,1785435455.7828908,False,True,1,0,False
1785430955.7579584,20,1785435467.1609538,37.50247959105822,0.6303944457160295,37.598611429007406,True,37.5,36.5,38.6,0.95,0.05,0.0,0.7,0.03,2,1785435477.1899867,True,True,True,False,1785435455.7828908,False,1,0,0,False
1785430955.7579584,20,1785435487.1692297,37.50247959105822,0.6306614785992218,37.593270771343555,True,37.5,36.5,38.6,0.95,0.05,0.0,0.7,0.03,2,1785435497.1982992,True,True,True,False,1785435455.7828908,False,1,0,0,False
1785430955.7579584,20,1785435507.1776528,37.50247959105822,0.6303944457160295,37.63866636148623,True,37.5,36.5,38.6,0.95,0.05,0.0,0.7,0.03,2,1785435517.2068126,True,True,True,False,1785435455.7828908,False,1,0,0,False
1785430955.7579584,20,1785435527.1862466,37.49980926222629,0.6308331425955597,37.62531471732662,True,37.5,36.5,38.6,0.95,0.05,0.0,0.7,0.03,2,1785435537.2154827,True,True,True,False,1785435455.7828908,False,True,1,0,False
1785430955.7579584,20,1785435547.1947012,37.51583123521782,0.6305661097123675,37.641336690318155,True,37.5,36.5,38.6,0.95,0.05,0.0,0.7,0.03,2,1785435557.2237713,True,True,True,False,1785435455.7828908,False,1,0,0,False
1785430955.7579584,20,1785435567.2022045,37.51049057755398,0.6304325932707714,37.60128175783932,True,37.5,36.5,38.6,0.95,0.05,0.0,0.7,0.03,2,1785435577.2310212,True,True,True,False,1785435455.7828908,False,1,0,0,False
1785430955.7579584,20,1785435587.2086143,37.50514991989013,0.630489814602884,37.60929274433509,True,37.5,36.5,38.6,0.95,0.05,0.0,0.7,0.03,2,1785435597.2358608,True,True,True,False,1785435455.7828908,False,1,0,0,False
1785430955.7579584,20,1785435607.2148187,37.49980926222629,0.6303562981612879,37.59060044251163,True,37.5,36.5,38.6,0.95,0.05,0.0,0.7,0.03,2,1785435617.2422101,True,False,True,False,1785435455.7828908,False,True,1,0,False
1785430955.7579584,20,1785435627.2211962,37.48645761806668,0.6305088883802549,37.57724879835203,True,37.5,36.5,38.6,0.95,0.05,0.0,0.7,0.03,2,1785435637.2486064,True,True,True,True,1785435635.782939,False,True,1,0,False
1785430955.7579584,20,1785435647.2283266,37.48645761806668,0.6300320439459831,37.58793011367972,True,37.5,36.5,38.6,0.95,0.05,0.0,0.7,0.03,2,1785435657.2570095,True,True,True,False,1785435635.782939,False,True,1,0,False
1785430955.7579584,20,1785435667.2359693,37.507820248722055,0.6304135194934005,37.60395208667124,True,37.5,36.5,38.6,0.95,0.05,0.0,0.7,0.03,2,1785435677.262986,True,False,True,False,1785435635.782939,False,1,0,0,False
1785430955.7579584,20,1785435687.2422702,37.51850156404974,0.6303181506065461,37.65201800564584,True,37.5,36.5,38.6,0.95,0.05,0.0,0.7,0.03,2,1785435697.269017,True,False,True,False,1785435635.782939,False,1,0,0,False
1785430955.7579584,20,1785435707.2485666,37.53986419470512,0.6303944457160295,37.64400701915007,True,37.5,36.5,38.6,0.95,0.05,0.0,0.7,0.03,2,1785435717.275455,True,True,True,False,1785435635.782939,False,1,0,0,False
1785430955.7579584,20,1785435727.2548542,37.51049057755398,0.6305088883802549,37.60929274433509,True,37.5,36.5,38.6,0.95,0.05,0.0,0.7,0.03,2,1785435737.2821965,True,True,True,False,1785435635.782939,False,1,0,0,False
1785430955.7579584,20,1785435747.2611916,37.49446860456244,0.6305851834897384,37.60395208667124,True,37.5,36.5,38.6,0.95,0.05,0.0,0.7,0.03,2,1785435757.287996,True,True,True,False,1785435635.782939,False,True,1,0,False
1785430955.7579584,20,1785435767.2673616,37.489127946898606,0.630337224383917,37.60662241550317,True,37.5,36.5,38.6,0.95,0.05,0.0,0.7,0.03,2,1785435777.2951612,True,False,True,False,1785435635.782939,False,True,1,0,False
1785430955.7579584,20,1785435787.273641,37.47310597390707,0.6304325932707714,37.61997405966278,True,37.5,36.5,38.6,0.95,0.05,0.0,0.7,0.03,2,1785435797.3009164,True,True,True,False,1785435635.782939,False,True,1,0,False
1785430955.7579584,20,1785435807.279865,37.51583123521782,0.6304135194934005,37.60662241550317,True,37.5,36.5,38.6,0.95,0.05,0.0,0.7,0.03,2,1785435817.3071342,True,False,True,True,1785435815.7829592,False,1,0,0,False
1785430955.7579584,20,1785435827.2861884,37.49179827573053,0.6308522163729304,37.60929274433509,True,37.5,36.5,38.6,0.95,0.05,0.0,0.7,0.03,2,1785435837.313571,True,True,True,False,1785435815.7829592,False,True,1,0,False
1785430955.7579584,20,1785435847.2925558,37.50247959105822,0.6302418554970626,37.62531471732662,True,37.5,36.5,38.6,0.95,0.05,0.0,0.7,0.03,2,1785435857.319779,True,True,True,False,1785435815.7829592,False,1,0,0,False
1785430955.7579584,20,1785435867.298758,37.507820248722055,0.6305851834897384,37.61997405966278,True,37.5,36.5,38.6,0.95,0.05,0.0,0.7,0.03,2,1785435877.3259916,True,True,True,False,1785435815.7829592,False,1,0,0,False
1785430955.7579584,20,1785435887.3049934,37.51850156404974,0.6304325932707714,37.60929274433509,True,37.5,36.5,38.6,0.95,0.05,0.0,0.7,0.03,2,1785435897.3317964,True,True,True,False,1785435815.7829592,False,1,0,0,False
1785430955.7579584,20,1785435907.3120987,37.507820248722055,0.6307377737087053,37.60662241550317,True,37.5,36.5,38.6,0.95,0.05,0.0,0.7,0.03,2,1785435917.3407557,True,True,True,False,1785435815.7829592,False,1,0,0,False
1785430955.7579584,20,1785435927.3205743,37.50514991989013,0.6305851834897384,37.598611429007406,True,37.5,36.5,38.6,0.95,0.05,0.0,0.7,0.03,2,1785435937.3495822,True,False,True,False,1785435815.7829592,False,1,0,0,False
1785430955.7579584,20,1785435947.3288171,37.483787289234755,0.6304135194934005,37.60395208667124,True,37.5,36.5,38.6,0.95,0.05,0.0,0.7,0.03,2,1785435957.3587358,True,True,True,False,1785435815.7829592,False,True,1,0,False
1785430955.7579584,20,1785435967.3380446,37.49980926222629,0.6304516670481423,37.59594110017548,True,37.5,36.5,38.6,0.95,0.05,0.0,0.7,0.03,2,1785435977.3670359,True,True,True,False,1785435815.7829592,False,True,1,0,False
1785430955.7579584,20,1785435987.3463144,37.52117189288167,0.6305279621576257,37.63065537499047,True,37.5,36.5,38.6,0.95,0.05,0.0,0.7,0.03,2,1785435997.375728,True,True,True,True,1785435995.7829952,False,1,0,0,False
1785430955.7579584,20,1785436007.3551657,37.50514991989013,0.63062333104448,37.62264438849469,True,37.5,36.5,38.6,0.95,0.05,0.0,0.7,0.03,2,1785436017.3842614,True,True,True,False,1785435995.7829952,False,1,0,0,False
1785430955.7579584,20,1785436027.3635535,37.49713893339437,0.630489814602884,37.60395208667124,True,37.5,36.5,38.6,0.95,0.05,0.0,0.7,0.03,2,1785436037.3922322,True,True,True,False,1785435995.7829952,False,True,1,0,False
1785430955.7579584,20,1785436047.37187,37.470435645075156,0.6302800030518044,37.60395208667124,True,37.5,36.5,38.6,0.95,0.05,0.0,0.7,0.03,2,1785436057.4015129,True,True,True,False,1785435995.7829952,False,True,1,0,False
1785430955.7579584,20,1785436067.3803282,37.507820248722055,0.63062333104448,37.62531471732662,True,37.5,36.5,38.6,0.95,0.05,0.0,0.7,0.03,2,1785436077.4094694,True,True,True,False,1785435995.7829952,False,1,0,0,False
1785430955.7579584,20,1785436087.388831,37.513160906385906,0.6307186999313344,37.60929274433509,True,37.5,36.5,38.6,0.95,0.05,0.0,0.7,0.03,2,1785436097.4180233,True,True,True,False,1785435995.7829952,False,1,0,0,False
1785430955.7579584,20,1785436107.3973992,37.48645761806668,0.630470740825513,37.60128175783932,True,37.5,36.5,38.6,0.95,0.05,0.0,0.7,0.03,2,1785436117.4263978,True,True,True,False,1785435995.7829952,False,True,1,0,False
1785430955.7579584,20,1785436127.4057927,37.47844663157092,0.6304516670481423,37.593270771343555,True,37.5,36.5,38.6,0.95,0.05,0.0,0.7,0.03,2,1785436137.4345047,True,True,True,False,1785435995.7829952,False,True,1,0,False
1785430955.7579584,20,1785436147.4142203,37.47310597390707,0.630489814602884,37.598611429007406,True,37.5,36.5,38.6,0.95,0.05,0.0,0.7,0.03,2,1785436157.442543,True,True,True,False,1785435995.7829952,False,True,1,0,False
1785430955.7579584,20,1785436167.4224732,37.51049057755398,0.6304135194934005,37.62264438849469,True,37.5,36.5,38.6,0.95,0.05,0.0,0.7,0.03,2,1785436177.451477,True,True,True,True,1785436175.783037,False,1,0,0,False
1785430955.7579584,20,1785436187.4299378,37.526512550545505,0.6304325932707714,37.62531471732662,True,37.5,36.5,38.6,0.95,0.05,0.0,0.7,0.03,2,1785436197.4572544,True,True,True,False,1785436175.783037,False,1,0,0,False
1785430955.7579584,20,1785436207.4363508,37.526512550545505,0.630489814602884,37.64400701915007,True,37.5,36.5,38.6,0.95,0.05,0.0,0.7,0.03,2,1785436217.4636667,True,True,True,False,1785436175.783037,False,1,0,0,False
1785430955.7579584,20,1785436227.4426358,37.53452353704128,0.6302418554970626,37.641336690318155,True,37.5,36.5,38.6,0.95,0.05,0.0,0.7,0.03,2,1785436237.4701688,True,True,True,False,1785436175.783037,False,1,0,0,False
1785430955.7579584,20,1785436247.449969,37.51850156404974,0.6304325932707714,37.63065537499047,True,37.5,36.5,38.6,0.95,0.05,0.0,0.7,0.03,2,1785436257.4792411,True,True,True,False,1785436175.783037,False,1,0,0,False
1785430955.7579584,20,1785436267.4586072,37.50247959105822,0.6307377737087053,37.60395208667124,True,37.5,36.5,38.6,0.95,0.05,0.0,0.7,0.03,2,1785436277.488113,True,True,True,False,1785436175.783037,False,1,0,0,False
1785430955.7579584,20,1785436287.4673326,37.470435645075156,0.6304516670481423,37.60395208667124,True,37.5,36.5,38.6,0.95,0.05,0.0,0.7,0.03,2,1785436297.4958386,True,True,True,False,1785436175.783037,False,True,1,0,False
1785430955.7579584,20,1785436307.4748774,37.481116960402844,0.6305279621576257,37.58525978484779,True,37.5,36.5,38.6,0.95,0.05,0.0,0.7,0.03,2,1785436317.5018995,True,True,True,False,1785436175.783037,False,True,1,0,False
1785430955.7579584,20,1785436327.481213,37.47844663157092,0.6306996261539635,37.60929274433509,True,37.5,36.5,38.6,0.95,0.05,0.0,0.7,0.03,2,1785436337.508491,True,True,True,False,1785436175.783037,False,True,1,0,False
1785430955.7579584,20,1785436347.4874136,37.47310597390707,0.6306805523765927,37.60395208667124,True,37.5,36.5,38.6,0.95,0.05,0.0,0.7,0.03,2,1785436357.5142474,True,False,True,True,1785436355.7830765,False,True,1,0,False
1785430955.7579584,20,1785436367.4936652,37.51049057755398,0.6307186999313344,37.63332570382238,True,37.5,36.5,38.6,0.95,0.05,0.0,0.7,0.03,2,1785436377.520415,True,True,True,False,1785436355.7830765,False,1,0,0,False
1785430955.7579584,20,1785436387.4999592,37.53719386587319,0.6307186999313344,37.635996032654305,True,37.5,36.5,38.6,0.95,0.05,0.0,0.7,0.03,2,1785436397.527208,True,False,True,False,1785436355.7830765,False,1,0,0,False
1785430955.7579584,20,1785436407.5062265,37.526512550545505,0.630642404821851,37.63332570382238,True,37.5,36.5,38.6,0.95,0.05,0.0,0.7,0.03,2,1785436417.5332263,True,True,True,False,1785436355.7830765,False,1,0,0,False
1785430955.7579584,20,1785436427.5125427,37.52384222171359,0.6307949950408179,37.61997405966278,True,37.5,36.5,38.6,0.95,0.05,0.0,0.7,0.03,2,1785436437.539467,True,True,True,False,1785436355.7830765,False,1,0,0,False
1785430955.7579584,20,1785436447.51872,31.07232776379034,0.6223071641107805,30.85336079957274,True,37.5,36.5,38.6,0.95,0.05,0.0,0.7,0.03,2,1785436500.5546105,False,True,True,False,1785436355.7830765,False,True,1,1,False
1785430955.7579584,20,1785436510.5343904,33.02166781109331,0.6248821240558481,32.738612954909584,True,37.5,36.5,38.6,0.95,0.05,0.0,0.7,0.03,2,1785436520.5632575,True,True,True,False,1785436355.7830765,False,True,1,1,False
1785430955.7579584,20,1785436530.5422237,34.39955748836499,0.6269611657892729,33.87083237964447,True,37.5,36.5,38.6,0.95,0.05,0.0,0.7,0.03,2,1785436540.5690591,True,True,True,True,1785436535.783088,False,True,1,1,False
1785430955.7579584,20,1785436550.5492892,35.19531548027771,0.6277431906614785,34.65323872739758,True,37.5,36.5,38.6,0.95,0.05,0.0,0.7,0.03,2,1785436560.5784287,True,True,True,False,1785436535.783088,False,True,1,1,False
1785430955.7579584,20,1785436570.5576763,35.662623025864036,0.6278767071030746,35.21133745326925,True,37.5,36.5,38.6,0.95,0.05,0.0,0.7,0.03,2,1785436580.5856206,True,True,True,False,1785436535.783088,False,True,1,1,False
1785430955.7579584,20,1785436590.565135,35.98840314335851,0.6286396581979095,35.60120546272984,True,37.5,36.5,38.6,0.95,0.05,0.0,0.7,0.03,2,1785436600.5921361,True,True,True,False,1785436535.783088,False,True,1,1,False
1785430955.7579584,20,1785436610.5713096,36.23407339589532,0.6288876173037308,35.89761196307316,True,37.5,36.5,38.6,0.95,0.05,0.0,0.7,0.03,2,1785436620.5986145,True,True,True,False,1785436535.783088,False,True,1,1,False
1785430955.7579584,20,1785436630.5776362,36.46372167544061,0.62930724040589,36.17799649042496,True,37.5,36.5,38.6,0.95,0.05,0.0,0.7,0.03,2,1785436640.6048822,True,True,True,False,1785436535.783088,False,True,1,1,False
1785430955.7579584,20,1785436650.5848308,36.60257877470055,0.6293835355153735,36.38361181048295,True,37.5,36.5,38.6,0.95,0.05,0.0,0.7,0.03,2,1785436660.6138186,True,True,True,False,1785436535.783088,False,True,1,0,False
1785430955.7579584,20,1785436670.5931096,36.68001831082627,0.6296887159533074,36.51445792324712,True,37.5,36.5,38.6,0.95,0.05,0.0,0.7,0.03,2,1785436680.6221254,True,True,True,False,1785436535.783088,False,True,1,0,False
1785430955.7579584,20,1785436690.6015031,36.71740291447318,0.6296696421759366,36.631952391851684,True,37.5,36.5,38.6,0.95,0.05,0.0,0.7,0.03,2,1785436700.6306355,True,True,True,False,1785436535.783088,False,True,1,0,False
1785430955.7579584,20,1785436710.60999,36.73876554512856,0.6298222323949035,36.72274357213702,True,37.5,36.5,38.6,0.95,0.05,0.0,0.7,0.03,2,1785436720.6391313,True,True,True,True,1785436715.7831054,False,True,1,0,False
1785430955.7579584,20,1785436730.6184642,36.76546883344777,0.6299938963912414,36.75478751812008,True,37.5,36.5,38.6,0.95,0.05,0.0,0.7,0.03,2,1785436740.6476088,True,True,True,False,1785436715.7831054,False,True,1,0,False
1785430955.7579584,20,1785436750.6269243,36.78149080643931,0.6296887159533074,36.810864423590445,True,37.5,36.5,38.6,0.95,0.05,0.0,0.7,0.03,2,1785436760.6561258,True,True,True,False,1785436715.7831054,False,True,1,0,False
1785430955.7579584,20,1785436770.6354523,36.82154573891813,0.630051117723354,36.86160067139696,True,37.5,36.5,38.6,0.95,0.05,0.0,0.7,0.03,2,1785436780.6640575,True,True,True,False,1785436715.7831054,False,True,1,0,False
1785430955.7579584,20,1785436790.6438763,36.86961165789273,0.6300129701686121,36.90966659037156,True,37.5,36.5,38.6,0.95,0.05,0.0,0.7,0.03,2,1785436800.6720092,True,True,True,False,1785436715.7831054,False,True,1,0,False
1785430955.7579584,20,1785436810.6512365,36.87495231555657,0.6299366750591286,36.97108415350576,True,37.5,36.5,38.6,0.95,0.05,0.0,0.7,0.03,2,1785436820.678549,True,True,True,False,1785436715.7831054,False,True,1,0,False
1785430955.7579584,20,1785436830.6575842,36.91233691920348,0.6301083390554666,36.97909514000152,True,37.5,36.5,38.6,0.95,0.05,0.0,0.7,0.03,2,1785436840.6849587,True,False,True,False,1785436715.7831054,False,True,1,0,False
1785430955.7579584,20,1785436850.6638541,36.94972152285038,0.6301846341649501,37.00312809948882,True,37.5,36.5,38.6,0.95,0.05,0.0,0.7,0.03,2,1785436860.6911683,True,True,True,False,1785436715.7831054,False,True,1,0,False
1785430955.7579584,20,1785436870.6701128,36.957732509346144,0.6300129701686121,37.02716105897612,True,37.5,36.5,38.6,0.95,0.05,0.0,0.7,0.03,2,1785436880.6974351,True,True,True,False,1785436715.7831054,False,True,1,0,False
1785430955.7579584,20,1785436890.6763666,36.97375448233768,0.630051117723354,37.06454566262303,True,37.5,36.5,38.6,0.95,0.05,0.0,0.7,0.03,2,1785436900.7033477,True,True,True,True,1785436895.7831357,False,True,1,0,False
1785430955.7579584,20,1785436910.6827052,36.989776455329206,0.6303753719386588,37.11261158159762,True,37.5,36.5,38.6,0.95,0.05,0.0,0.7,0.03,2,1785436920.7099805,True,False,True,False,1785436895.7831357,False,True,1,0,False
1785430955.7579584,20,1785436930.6889887,37.02182040131228,0.629879453727016,37.11261158159762,True,37.5,36.5,38.6,0.95,0.05,0.0,0.7,0.03,2,1785436940.716311,True,False,True,False,1785436895.7831357,False,True,1,0,False
1785430955.7579584,20,1785436950.6952503,37.04318303196766,0.630337224383917,37.141985198748756,True,37.5,36.5,38.6,0.95,0.05,0.0,0.7,0.03,2,1785436960.722596,True,True,True,False,1785436895.7831357,False,True,1,0,False
1785430955.7579584,20,1785436970.7016828,37.07789730678263,0.6305470359349965,37.176699473563744,True,37.5,36.5,38.6,0.95,0.05,0.0,0.7,0.03,2,1785436980.7290673,True,True,True,False,1785436895.7831357,False,True,1,0,False
1785430955.7579584,20,1785436990.707992,37.099259937438006,0.6301464866102083,37.18738078889143,True,37.5,36.5,38.6,0.95,0.05,0.0,0.7,0.03,2,1785437000.7354672,True,False,True,False,1785436895.7831357,False,True,1,0,False
1785430955.7579584,20,1785437010.7144427,37.115281910429545,0.6303753719386588,37.22209506370642,True,37.5,36.5,38.6,0.95,0.05,0.0,0.7,0.03,2,1785437020.7417526,True,False,True,False,1785436895.7831357,False,True,1,0,False
1785430955.7579584,20,1785437030.7207487,37.13130388342107,0.6302418554970626,37.267490653849094,True,37.5,36.5,38.6,0.95,0.05,0.0,0.7,0.03,2,1785437040.747671,True,True,True,False,1785436895.7831357,False,True,1,0,False
1785430955.7579584,20,1785437050.726951,37.14732585641261,0.6306805523765927,37.25947966735332,True,37.5,36.5,38.6,0.95,0.05,0.0,0.7,0.03,2,1785437060.754477,True,False,True,False,1785436895.7831357,False,True,1,0,False
1785430955.7579584,20,1785437070.7334132,37.176699473563744,0.6306614785992218,37.27817196917678,True,37.5,36.5,38.6,0.95,0.05,0.0,0.7,0.03,2,1785437080.760229,True,True,True,True,1785437075.7831516,False,True,1,0,False
1785430955.7579584,20,1785437090.7398164,37.176699473563744,0.6302800030518044,37.29953459983216,True,37.5,36.5,38.6,0.95,0.05,0.0,0.7,0.03,2,1785437100.7672377,True,True,True,False,1785437075.7831516,False,True,1,0,False
1785430955.7579584,20,1785437110.7461956,37.208743419546806,0.630337224383917,37.29953459983216,True,37.5,36.5,38.6,0.95,0.05,0.0,0.7,0.03,2,1785437120.773567,True,True,True,False,1785437075.7831516,False,True,1,0,False
1785430955.7579584,20,1785437130.7525346,37.23544670786603,0.6306042572671092,37.34760051880674,True,37.5,36.5,38.6,0.95,0.05,0.0,0.7,0.03,2,1785437140.7794278,True,True,True,False,1785437075.7831516,False,True,1,0,False
1785430955.7579584,20,1785437150.7587187,37.24078736552987,0.6305661097123675,37.371633478294044,True,37.5,36.5,38.6,0.95,0.05,0.0,0.7,0.03,2,1785437160.7860618,True,True,True,False,1785437075.7831516,False,True,1,0,False
1785430955.7579584,20,1785437170.7650566,37.25947966735332,0.6302800030518044,37.36362249179828,True,37.5,36.5,38.6,0.95,0.05,0.0,0.7,0.03,2,1785437180.7923815,True,True,True,False,1785437075.7831516,False,True,1,0,False
1785430955.7579584,20,1785437190.7713733,37.286182955672544,0.6306042572671092,37.395666437781344,True,37.5,36.5,38.6,0.95,0.05,0.0,0.7,0.03,2,1785437200.798672,True,True,True,False,1785437075.7831516,False,True,1,0,False
1785430955.7579584,20,1785437210.7777061,37.30754558632792,0.6306996261539635,37.42504005493248,True,37.5,36.5,38.6,0.95,0.05,0.0,0.7,0.03,2,1785437220.8050292,True,True,True,False,1785437075.7831516,False,True,1,0,False
1785430955.7579584,20,1785437230.7840009,37.32356755931944,0.6308522163729304,37.427710383764406,True,37.5,36.5,38.6,0.95,0.05,0.0,0.7,0.03,2,1785437240.81143,True,True,True,False,1785437075.7831516,False,True,1,0,False
1785430955.7579584,20,1785437250.7904441,37.33424887464713,0.6306614785992218,37.47844663157092,True,37.5,36.5,38.6,0.95,0.05,0.0,0.7,0.03,2,1785437260.8177958,True,True,True,True,1785437255.7831767,False,True,1,0,False
1785430955.7579584,20,1785437270.7968285,37.34225986114291,0.6308903639276723,37.48645761806668,True,37.5,36.5,38.6,0.95,0.05,0.0,0.7,0.03,2,1785437280.823829,True,True,True,False,1785437255.7831767,False,True,1,0,False
1785430955.7579584,20,1785437290.8031063,37.34225986114291,0.6308522163729304,37.465094987411305,True,37.5,36.5,38.6,0.95,0.05,0.0,0.7,0.03,2,1785437300.8301075,True,False,True,False,1785437255.7831767,False,True,1,0,False
1785430955.7579584,20,1785437310.8094466,37.39032578011749,0.6306805523765927,37.50247959105822,True,37.5,36.5,38.6,0.95,0.05,0.0,0.7,0.03,2,1785437320.8368382,True,True,True,False,1785437255.7831767,False,True,1,0,False
1785430955.7579584,20,1785437330.8157818,37.40634775310903,0.6306805523765927,37.507820248722055,True,37.5,36.5,38.6,0.95,0.05,0.0,0.7,0.03,2,1785437340.8431265,True,True,True,False,1785437255.7831767,False,True,1,0,False
1785430955.7579584,20,1785437350.8221319,37.40634775310903,0.630775921263447,37.55321583886473,True,37.5,36.5,38.6,0.95,0.05,0.0,0.7,0.03,2,1785437360.8515835,True,False,True,False,1785437255.7831767,False,True,1,0,False
1785430955.7579584,20,1785437370.8285658,37.43572137026017,0.6308522163729304,37.56656748302434,True,37.5,36.5,38.6,0.95,0.05,0.0,0.7,0.03,2,1785437380.8559136,True,False,True,False,1785437255.7831767,False,True,1,0,False
1785430955.7579584,20,1785437390.834909,37.42504005493248,0.6306805523765927,37.56656748302434,True,37.5,36.5,38.6,0.95,0.05,0.0,0.7,0.03,2,1785437400.862332,True,False,True,False,1785437255.7831767,False,True,1,0,False
1785430955.7579584,20,1785437410.8412993,37.46242465857938,0.6311383230334936,37.60662241550317,True,37.5,36.5,38.6,0.95,0.05,0.0,0.7,0.03,2,1785437420.870829,True,True,True,False,1785437255.7831767,False,True,1,0,False
1785430955.7579584,20,1785437430.8476014,37.47310597390707,0.6308522163729304,37.62531471732662,True,37.5,36.5,38.6,0.95,0.05,0.0,0.7,0.03,2,1785437440.8773012,True,True,True,True,1785437435.783181,False,True,1,0,False
1785430955.7579584,20,1785437450.8540597,37.489127946898606,0.630642404821851,37.617303730830855,True,37.5,36.5,38.6,0.95,0.05,0.0,0.7,0.03,2,1785437460.8840399,True,True,True,False,1785437435.783181,False,True,1,0,False
1785430955.7579584,20,1785437470.8606231,37.48645761806668,0.6312146181429771,37.635996032654305,True,37.5,36.5,38.6,0.95,0.05,0.0,0.7,0.03,2,1785437480.8886395,True,False,True,False,1785437435.783181,False,True,1,0,False
1785430955.7579584,20,1785437490.86715,37.50247959105822,0.6308331425955597,37.641336690318155,True,37.5,36.5,38.6,0.95,0.05,0.0,0.7,0.03,2,1785437500.9091666,True,True,True,False,1785437435.783181,False,1,0,0,False
1785430955.7579584,20,1785437510.8735573,37.52384222171359,0.6312527656977188,37.62531471732662,True,37.5,36.5,38.6,0.95,0.05,0.0,0.7,0.03,2,1785437520.9008834,True,True,True,False,1785437435.783181,False,1,0,0,False
1785430955.7579584,20,1785437530.8798094,37.48645761806668,0.6309475852597849,37.62531471732662,True,37.5,36.5,38.6,0.95,0.05,0.0,0.7,0.03,2,1785437540.9071832,True,True,True,False,1785437435.783181,False,True,1,0,False
1785430955.7579584,20,1785437550.8861945,37.49713893339437,0.6308140688181888,37.63332570382238,True,37.5,36.5,38.6,0.95,0.05,0.0,0.7,0.03,2,1785437560.9162421,True,True,True,False,1785437435.783181,False,True,1,0,False
1785430955.7579584,20,1785437570.8924615,37.483787289234755,0.6311192492561227,37.62531471732662,True,37.5,36.5,38.6,0.95,0.05,0.0,0.7,0.03,2,1785437580.9208632,True,True,True,False,1785437435.783181,False,True,1,0,False
1785430955.7579584,20,1785437590.8986163,37.47310597390707,0.6311001754787519,37.60929274433509,True,37.5,36.5,38.6,0.95,0.05,0.0,0.7,0.03,2,1785437600.9258826,True,True,True,False,1785437435.783181,False,True,1,0,False
1785430955.7579584,20,1785437610.9048955,37.50514991989013,0.6308331425955597,37.63866636148623,True,37.5,36.5,38.6,0.95,0.05,0.0,0.7,0.03,2,1785437620.931751,True,False,True,True,1785437615.7832189,False,1,0,0,False
1785430955.7579584,20,1785437630.911181,37.49980926222629,0.6307377737087053,37.61997405966278,True,37.5,36.5,38.6,0.95,0.05,0.0,0.7,0.03,2,1785437640.9382336,True,True,True,False,1785437615.7832189,False,True,1,0,False
1785430955.7579584,20,1785437650.917466,37.51049057755398,0.6308903639276723,37.62264438849469,True,37.5,36.5,38.6,0.95,0.05,0.0,0.7,0.03,2,1785437660.9447505,True,True,True,False,1785437615.7832189,False,1,0,0,False
1785430955.7579584,20,1785437670.9237204,37.48645761806668,0.6309666590371558,37.63065537499047,True,37.5,36.5,38.6,0.95,0.05,0.0,0.7,0.03,2,1785437680.9507513,True,False,True,False,1785437615.7832189,False,True,1,0,False
1785430955.7579584,20,1785437690.9301949,37.49713893339437,0.6311383230334936,37.62531471732662,True,37.5,36.5,38.6,0.95,0.05,0.0,0.7,0.03,2,1785437700.9573975,True,True,True,False,1785437615.7832189,False,True,1,0,False
1785430955.7579584,20,1785437710.936486,37.49713893339437,0.6311955443656062,37.62531471732662,True,37.5,36.5,38.6,0.95,0.05,0.0,0.7,0.03,2,1785437720.9638605,True,False,True,False,1785437615.7832189,False,True,1,0,False
1785430955.7579584,20,1785437730.942869,37.51850156404974,0.6313099870298313,37.63065537499047,True,37.5,36.5,38.6,0.95,0.05,0.0,0.7,0.03,2,1785437740.9702241,True,True,True,False,1785437615.7832189,False,1,0,0,False
1785430955.7579584,20,1785437750.9492188,37.513160906385906,0.6310238803692684,37.63866636148623,True,37.5,36.5,38.6,0.95,0.05,0.0,0.7,0.03,2,1785437760.9761965,True,True,True,False,1785437615.7832189,False,1,0,0,False
1785430955.7579584,20,1785437770.955512,37.526512550545505,0.6308712901503014,37.63065537499047,True,37.5,36.5,38.6,0.95,0.05,0.0,0.7,0.03,2,1785437780.982898,True,True,True,False,1785437615.7832189,False,1,0,0,False
1785430955.7579584,20,1785437790.9619248,37.49446860456244,0.6309285114824139,37.61997405966278,True,37.5,36.5,38.6,0.95,0.05,0.0,0.7,0.03,2,1785437800.9887831,True,False,True,True,1785437795.7832336,False,True,1,0,False
1785430955.7579584,20,1785437810.9681685,37.483787289234755,0.6307949950408179,37.59594110017548,True,37.5,36.5,38.6,0.95,0.05,0.0,0.7,0.03,2,1785437820.9950678,True,False,True,False,1785437795.7832336,False,True,1,0,False
1785430955.7579584,20,1785437830.9745736,37.46242465857938,0.6308140688181888,37.56656748302434,True,37.5,36.5,38.6,0.95,0.05,0.0,0.7,0.03,2,1785437841.0018644,True,True,True,False,1785437795.7832336,False,True,1,0,False
1785430955.7579584,20,1785437850.9808893,37.489127946898606,0.6310238803692684,37.59060044251163,True,37.5,36.5,38.6,0.95,0.05,0.0,0.7,0.03,2,1785437861.0081325,True,True,True,False,1785437795.7832336,False,True,1,0,False
1785430955.7579584,20,1785437870.987267,37.47577630273899,0.6309285114824139,37.61997405966278,True,37.5,36.5,38.6,0.95,0.05,0.0,0.7,0.03,2,1785437881.0145655,True,False,True,False,1785437795.7832336,False,True,1,0,False
1785430955.7579584,20,1785437890.9936197,37.52918287937743,0.6312146181429771,37.61997405966278,True,37.5,36.5,38.6,0.95,0.05,0.0,0.7,0.03,2,1785437901.0208933,True,False,True,False,1785437795.7832336,False,1,0,0,False
1785430955.7579584,20,1785437910.9999192,37.507820248722055,0.6309666590371558,37.641336690318155,True,37.5,36.5,38.6,0.95,0.05,0.0,0.7,0.03,2,1785437921.027224,True,True,True,False,1785437795.7832336,False,1,0,0,False
1785430955.7579584,20,1785437931.0062551,37.52384222171359,0.631367208361944,37.65735866330968,True,37.5,36.5,38.6,0.95,0.05,0.0,0.7,0.03,2,1785437941.0335526,True,True,True,False,1785437795.7832336,False,1,0,0,False
1785430955.7579584,20,1785437951.0125837,37.52384222171359,0.6309857328145266,37.62264438849469,True,37.5,36.5,38.6,0.95,0.05,0.0,0.7,0.03,2,1785437961.039802,True,True,True,False,1785437795.7832336,False,1,0,0,False
1785430955.7579584,20,1785437971.0188718,37.49446860456244,0.6311955443656062,37.61997405966278,True,37.5,36.5,38.6,0.95,0.05,0.0,0.7,0.03,2,1785437981.0462441,True,True,True,True,1785437975.7832673,False,True,1,0,False
1785430955.7579584,20,1785437991.0252233,37.47310597390707,0.6309857328145266,37.60395208667124,True,37.5,36.5,38.6,0.95,0.05,0.0,0.7,0.03,2,1785438001.052646,True,True,True,False,1785437975.7832673,False,True,1,0,False
1785430955.7579584,20,1785438011.0314128,37.46776531624323,0.6308712901503014,37.57991912718394,True,37.5,36.5,38.6,0.95,0.05,0.0,0.7,0.03,2,1785438021.058525,False,True,True,False,1785437975.7832673,False,True,1,0,False
1785430955.7579584,20,1785438031.0374107,37.483787289234755,0.6310811017013809,37.57190814068818,True,37.5,36.5,38.6,0.95,0.05,0.0,0.7,0.03,2,1785438041.0646825,False,True,True,False,1785437975.7832673,False,True,1,0,False
1785430955.7579584,20,1785438051.0434096,37.51049057755398,0.6312527656977188,37.55321583886473,True,37.5,36.5,38.6,0.95,0.05,0.0,0.7,0.03,2,1785438061.0706847,False,True,True,False,1785437975.7832673,False,1,0,0,False
1785430955.7579584,20,1785438071.0494628,37.53452353704128,0.6311001754787519,37.57190814068818,True,37.5,36.5,38.6,0.95,0.05,0.0,0.7,0.03,2,1785438081.0767527,False,True,True,False,1785437975.7832673,False,1,0,0,False
1785430955.7579584,20,1785438091.0554905,37.51850156404974,0.6308140688181888,37.56656748302434,True,37.5,36.5,38.6,0.95,0.05,0.0,0.7,0.03,2,1785438101.082721,False,True,True,False,1785437975.7832673,False,1,0,0,False
1785430955.7579584,20,1785438111.0615993,37.513160906385906,0.6311955443656062,37.550545510032805,True,37.5,36.5,38.6,0.95,0.05,0.0,0.7,0.03,2,1785438121.088862,False,True,True,False,1785437975.7832673,False,1,0,0,False
1785430955.7579584,20,1785438131.0679827,37.507820248722055,0.6309094377050432,37.54520485236897,True,37.5,36.5,38.6,0.95,0.05,0.0,0.7,0.03,2,1785438141.095137,False,True,True,False,1785437975.7832673,False,1,0,0,False
1785430955.7579584,20,1785438151.0740464,37.481116960402844,0.6310048065918974,37.52117189288167,True,37.5,36.5,38.6,0.95,0.05,0.0,0.7,0.03,2,1785438161.101187,False,True,True,True,1785438155.783303,False,True,1,0,False
1785430955.7579584,20,1785438171.0800312,37.46242465857938,0.6310238803692684,37.507820248722055,True,37.5,36.5,38.6,0.95,0.05,0.0,0.7,0.03,2,1785438181.1071267,False,True,True,False,1785438155.783303,False,True,1,0,False
1785430955.7579584,20,1785438191.08602,37.49980926222629,0.6313290608072023,37.51850156404974,True,37.5,36.5,38.6,0.95,0.05,0.0,0.7,0.03,2,1785438201.1133196,False,True,True,False,1785438155.783303,False,True,1,0,False
1785430955.7579584,20,1785438211.092186,37.51049057755398,0.6308903639276723,37.55321583886473,True,37.5,36.5,38.6,0.95,0.05,0.0,0.7,0.03,2,1785438221.1192508,False,True,True,False,1785438155.783303,False,1,0,0,False
1785430955.7579584,20,1785438231.0981586,37.526512550545505,0.6309857328145266,37.550545510032805,True,37.5,36.5,38.6,0.95,0.05,0.0,0.7,0.03,2,1785438241.1252975,False,True,True,False,1785438155.783303,False,1,0,0,False
1785430955.7579584,20,1785438251.104149,27.97207598992904,0.6179011215381094,28.661020828564887,True,37.5,36.5,38.6,0.95,0.05,0.0,0.7,0.03,2,1785438527.221644,False,True,True,True,1785438527.2217743,False,True,1,1,False
1785430955.7579584,20,1785438537.2011416,27.777141985198753,0.6175768673228046,28.337911039902338,True,37.5,36.5,38.6,0.95,0.05,0.0,0.7,0.03,2,1785438547.2281864,False,False,True,True,1785438527.2217743,False,True,1,1,False
1785430955.7579584,20,1785438557.2072866,27.104219119554443,0.6168329900053406,27.582207980468453,True,37.5,36.5,38.6,0.95,0.05,0.0,0.7,0.03,2,1785438616.2527883,False,False,True,False,1785438527.2217743,False,True,1,1,False
1785430955.7579584,20,1785438626.232032,27.021438925764855,0.6164896620126651,27.539482719157704,True,37.5,36.5,38.6,0.95,0.05,0.0,0.7,0.03,2,1785438636.2638662,False,True,True,False,1785438527.2217743,False,True,1,1,False
1785430955.7579584,20,1785438646.2434363,27.018768596932944,0.6164515144579232,27.49408712901503,True,37.5,36.5,38.6,0.95,0.05,0.0,0.7,0.03,2,1785438656.2712162,False,True,True,False,1785438527.2217743,False,True,1,1,False
1785430955.7579584,20,1785438666.2497756,26.14824139772641,0.6158220798046845,27.835889219501027,True,37.5,36.5,38.6,0.95,0.05,0.0,0.7,0.03,2,1785438780.299012,False,True,True,True,1785438780.2992327,False,True,1,1,False
1785430955.7579584,20,1785438790.2772293,26.909285114824144,0.6165850308995193,28.487449454489962,True,37.5,36.5,38.6,0.95,0.05,0.0,0.7,0.03,2,1785438800.3043964,False,True,True,True,1785438780.2992327,False,True,1,1,False
1785430955.7579584,20,1785438810.2832394,27.71305409323263,0.6177866788738843,29.112306401159685,True,37.5,36.5,38.6,0.95,0.05,0.0,0.7,0.03,2,1785438820.3103685,False,True,True,False,1785438780.2992327,False,True,1,1,False
1785430955.7579584,20,1785438830.2892787,28.43671320668345,0.6188929579613947,29.576943617914097,True,37.5,36.5,38.6,0.95,0.05,0.0,0.7,0.03,2,1785438840.316722,False,True,True,False,1785438780.2992327,False,True,1,1,False
1785430955.7579584,20,1785438850.2953603,29.01083390554666,0.6199229419394218,29.974822613870444,True,37.5,36.5,38.6,0.95,0.05,0.0,0.7,0.03,2,1785438860.3224165,False,True,True,False,1785438780.2992327,False,True,1,1,False
1785430955.7579584,20,1785438870.3013315,29.470130464637222,0.6204760814831769,30.33264667734798,True,37.5,36.5,38.6,0.95,0.05,0.0,0.7,0.03,2,1785438880.3284261,False,True,True,False,1785438780.2992327,False,True,1,1,False
1785430955.7579584,20,1785438890.3073142,29.89738307774472,0.6214297703517205,30.610360875867855,True,37.5,36.5,38.6,0.95,0.05,0.0,0.7,0.03,2,1785438900.3344288,False,True,True,False,1785438780.2992327,False,True,1,1,False
1785430955.7579584,20,1785438910.313343,30.260547798886094,0.621658655680171,30.872053101396205,True,37.5,36.5,38.6,0.95,0.05,0.0,0.7,0.03,2,1785438920.3399856,False,True,True,False,1785438780.2992327,False,True,1,1,False
1785430955.7579584,20,1785438930.31935,30.556954299229417,0.6224788281071183,31.101701380941478,True,37.5,36.5,38.6,0.95,0.05,0.0,0.7,0.03,2,1785438940.3464189,False,True,True,False,1785438780.2992327,False,True,1,1,False
1785430955.7579584,20,1785438950.3253236,30.815976195925842,0.6227077134355687,31.312657358663316,True,37.5,36.5,38.6,0.95,0.05,0.0,0.7,0.03,2,1785438960.3524745,False,True,True,True,1785438960.2992635,False,True,1,1,False
1785430955.7579584,20,1785438970.3312724,31.109712367437254,0.6231845578698406,31.48889906157015,True,37.5,36.5,38.6,0.95,0.05,0.0,0.7,0.03,2,1785438980.35851,False,True,True,False,1785438960.2992635,False,True,1,1,False
1785430955.7579584,20,1785438990.3374007,31.368734264133664,0.6234515907530327,31.654459449149314,True,37.5,36.5,38.6,0.95,0.05,0.0,0.7,0.03,2,1785439000.364391,False,True,True,False,1785438960.2992635,False,True,1,1,False
1785430955.7579584,20,1785439010.343349,31.520943007553214,0.6240810254062714,31.798657206073088,True,37.5,36.5,38.6,0.95,0.05,0.0,0.7,0.03,2,1785439020.3698893,False,True,True,False,1785438960.2992635,False,True,1,1,False
1785430955.7579584,20,1785439030.3493006,31.69451438162814,0.6241763942931259,31.948195620660712,True,37.5,36.5,38.6,0.95,0.05,0.0,0.7,0.03,2,1785439040.3764715,False,True,True,False,1785438960.2992635,False,True,1,1,False
1785430955.7579584,20,1785439050.3553507,31.84672312504769,0.6244625009536888,32.08438239108874,True,37.5,36.5,38.6,0.95,0.05,0.0,0.7,0.03,2,1785439060.3824944,False,True,True,False,1785438960.2992635,False,True,1,1,False
1785430955.7579584,20,1785439070.3613865,31.985580224307625,0.6247104600595103,32.19653620202945,True,37.5,36.5,38.6,0.95,0.05,0.0,0.7,0.03,2,1785439080.3879726,False,True,True,False,1785438960.2992635,False,True,1,1,False
1785430955.7579584,20,1785439090.3672938,32.13511863889525,0.6250919356069277,32.335393301289386,True,37.5,36.5,38.6,0.95,0.05,0.0,0.7,0.03,2,1785439100.3938487,False,True,True,False,1785438960.2992635,False,True,1,1,False
1785430955.7579584,20,1785439110.3732553,32.25795376516365,0.6251491569390402,32.43152513923857,True,37.5,36.5,38.6,0.95,0.05,0.0,0.7,0.03,2,1785439120.400332,False,True,True,False,1785438960.2992635,False,True,1,1,False
1785430955.7579584,20,1785439130.3791857,32.4101625085832,0.6254734111543451,32.52765697718776,True,37.5,36.5,38.6,0.95,0.05,0.0,0.7,0.03,2,1785439140.4062471,False,True,True,True,1785439140.2993011,False,True,1,1,False
1785430955.7579584,20,1785439150.3851807,32.519645990692,0.6256641489280537,32.6424811169604,True,37.5,36.5,38.6,0.95,0.05,0.0,0.7,0.03,2,1785439160.4122386,False,True,True,False,1785439140.2993011,False,True,1,1,False
1785430955.7579584,20,1785439170.3911552,32.610437170977335,0.6260456244754711,32.71725032425421,True,37.5,36.5,38.6,0.95,0.05,0.0,0.7,0.03,2,1785439180.4182458,False,True,True,False,1785439140.2993011,False,True,1,1,False
1785430955.7579584,20,1785439190.397193,32.73060196841382,0.6257404440375371,32.80270084687571,True,37.5,36.5,38.6,0.95,0.05,0.0,0.7,0.03,2,1785439200.4242458,False,True,True,False,1785439140.2993011,False,True,1,1,False
1785430955.7579584,20,1785439210.403158,32.84008545052262,0.6259693293659876,32.898832684824896,True,37.5,36.5,38.6,0.95,0.05,0.0,0.7,0.03,2,1785439220.4302392,False,True,True,False,1785439140.2993011,False,True,1,1,False
1785430955.7579584,20,1785439230.4091268,32.91218432898451,0.6261028458075838,32.98962386511025,True,37.5,36.5,38.6,0.95,0.05,0.0,0.7,0.03,2,1785439240.4357796,False,True,True,False,1785439140.2993011,False,True,1,1,False
1785430955.7579584,20,1785439250.415129,33.048371099412535,0.6262363622491799,33.07240405889982,True,37.5,36.5,38.6,0.95,0.05,0.0,0.7,0.03,2,1785439260.4421523,False,True,True,False,1785439140.2993011,False,True,1,1,False
1785430955.7579584,20,1785439270.4211361,33.10711833371481,0.6265606164644847,33.141832608529796,True,37.5,36.5,38.6,0.95,0.05,0.0,0.7,0.03,2,1785439280.4482172,False,True,True,False,1785439140.2993011,False,True,1,1,False
1785430955.7579584,20,1785439290.427268,33.21393148699168,0.6266178377965973,33.24330510414282,True,37.5,36.5,38.6,0.95,0.05,0.0,0.7,0.03,2,1785439300.4546034,False,True,True,False,1785439140.2993011,False,True,1,1,False
1785430955.7579584,20,1785439310.4335232,33.251316090638596,0.6264652475776303,33.307392996108945,True,37.5,36.5,38.6,0.95,0.05,0.0,0.7,0.03,2,1785439320.4601214,False,True,True,True,1785439320.2993195,False,True,1,1,False
1785430955.7579584,20,1785439330.4394305,33.34477759975586,0.6267132066834517,33.355458915083545,True,37.5,36.5,38.6,0.95,0.05,0.0,0.7,0.03,2,1785439340.466605,False,True,True,False,1785439320.2993195,False,True,1,1,False
1785430955.7579584,20,1785439350.44554,33.459601739528495,0.6267132066834517,33.43289845120928,True,37.5,36.5,38.6,0.95,0.05,0.0,0.7,0.03,2,1785439360.4726374,False,True,True,False,1785439320.2993195,False,True,1,1,False
1785430955.7579584,20,1785439370.4515035,33.52368963149462,0.6269420920119021,33.49164568551156,True,37.5,36.5,38.6,0.95,0.05,0.0,0.7,0.03,2,1785439380.4781337,False,True,True,False,1785439320.2993195,False,True,1,1,False
1785430955.7579584,20,1785439390.457492,33.07240405889982,0.6261600671396964,33.26733806363012,True,37.5,36.5,38.6,0.95,0.05,0.0,0.7,0.03,2,1785439405.4851334,False,True,True,False,1785439320.2993195,False,True,1,1,False
1785430955.7579584,20,1785439415.463845,33.06439307240406,0.6265224689097428,33.288700694285495,True,37.5,36.5,38.6,0.95,0.05,0.0,0.7,0.03,2,1785439425.491224,False,False,True,False,1785439320.2993195,False,True,1,1,False
1785430955.7579584,20,1785439435.4702103,33.28068970778973,0.6264843213550012,33.41153582055391,True,37.5,36.5,38.6,0.95,0.05,0.0,0.7,0.03,2,1785439445.4990354,False,True,True,False,1785439320.2993195,False,True,1,1,False
1785430955.7579584,20,1785439455.476494,33.42755779354543,0.6267704280155643,33.46761272602426,True,37.5,36.5,38.6,0.95,0.05,0.0,0.7,0.03,2,1785439465.502979,False,True,True,False,1785439320.2993195,False,True,1,1,False
1785430955.7579584,20,1785439475.4823594,33.53971160448616,0.6267895017929351,33.569085221637295,True,37.5,36.5,38.6,0.95,0.05,0.0,0.7,0.03,2,1785439485.509476,False,True,True,False,1785439320.2993195,False,True,1,1,False
1785430955.7579584,20,1785439495.488326,33.635843442435345,0.6269420920119021,33.67055771725032,True,37.5,36.5,38.6,0.95,0.05,0.0,0.7,0.03,2,1785439505.5154927,False,True,True,True,1785439500.299339,False,True,1,1,False
1785430955.7579584,20,1785439515.49433,33.73731593804837,0.6271328297856107,33.70260166323338,True,37.5,36.5,38.6,0.95,0.05,0.0,0.7,0.03,2,1785439525.5214155,False,True,True,False,1785439500.299339,False,True,1,1,False
1785430955.7579584,20,1785439535.5004551,33.83077744716563,0.6270756084534982,33.77737087052719,True,37.5,36.5,38.6,0.95,0.05,0.0,0.7,0.03,2,1785439545.5291297,False,True,True,False,1785439500.299339,False,True,1,1,False
1785430955.7579584,20,1785439555.5067685,33.88685435263599,0.6269611657892729,33.85481040665293,True,37.5,36.5,38.6,0.95,0.05,0.0,0.7,0.03,2,1785439565.5335321,False,True,True,False,1785439500.299339,False,True,1,1,False
1785430955.7579584,20,1785439575.5128317,33.98298619058518,0.6269993133440147,33.924238956282906,True,37.5,36.5,38.6,0.95,0.05,0.0,0.7,0.03,2,1785439585.5394418,False,True,True,False,1785439500.299339,False,True,1,1,False
1785430955.7579584,20,1785439595.518789,34.033722438391706,0.6275906004425116,33.97230487525749,True,37.5,36.5,38.6,0.95,0.05,0.0,0.7,0.03,2,1785439605.54592,False,True,True,False,1785439500.299339,False,True,1,1,False
1785430955.7579584,20,1785439615.5247974,34.12184328984512,0.6277050431067369,34.06843671320668,True,37.5,36.5,38.6,0.95,0.05,0.0,0.7,0.03,2,1785439625.5520463,False,True,True,False,1785439500.299339,False,True,1,1,False
1785430955.7579584,20,1785439635.5307698,34.161898222323956,0.627685969329366,34.132524605172804,True,37.5,36.5,38.6,0.95,0.05,0.0,0.7,0.03,2,1785439645.557928,False,True,True,False,1785439500.299339,False,True,1,1,False
1785430955.7579584,20,1785439655.5368,34.250019073777366,0.6276096742198826,34.18326085297933,True,37.5,36.5,38.6,0.95,0.05,0.0,0.7,0.03,2,1785439665.5638142,False,True,True,False,1785439500.299339,False,True,1,1,False
1785430955.7579584,20,1785439675.5426688,34.292744335088116,0.6277050431067369,34.25803006027314,True,37.5,36.5,38.6,0.95,0.05,0.0,0.7,0.03,2,1785439685.5697315,False,True,True,True,1785439680.299376,False,True,1,1,False
1785430955.7579584,20,1785439695.5486336,34.36217288471809,0.6279911497673,34.30609597924773,True,37.5,36.5,38.6,0.95,0.05,0.0,0.7,0.03,2,1785439705.5757754,False,True,True,False,1785439680.299376,False,True,1,1,False
1785430955.7579584,20,1785439715.5547028,34.43160143434805,0.6278957808804455,34.36484321355002,True,37.5,36.5,38.6,0.95,0.05,0.0,0.7,0.03,2,1785439725.581882,False,True,True,False,1785439680.299376,False,True,1,1,False
1785430955.7579584,20,1785439735.5607975,34.49301899748227,0.627838559548333,34.42359044785229,True,37.5,36.5,38.6,0.95,0.05,0.0,0.7,0.03,2,1785439745.5877812,False,True,True,False,1785439680.299376,False,True,1,1,False
1785430955.7579584,20,1785439755.5666611,34.54375524528878,0.628258182650492,34.49568932631418,True,37.5,36.5,38.6,0.95,0.05,0.0,0.7,0.03,2,1785439765.5937033,False,True,True,False,1785439680.299376,False,True,1,1,False
1785430955.7579584,20,1785439775.5726447,34.61852445258259,0.6282200350957504,34.53841458762493,True,37.5,36.5,38.6,0.95,0.05,0.0,0.7,0.03,2,1785439785.599197,False,True,True,False,1785439680.299376,False,True,1,1,False
1785430955.7579584,20,1785439795.578596,34.69596398870833,0.628258182650492,34.591821164263365,True,37.5,36.5,38.6,0.95,0.05,0.0,0.7,0.03,2,1785439805.6057801,False,True,True,False,1785439680.299376,False,True,1,1,False
1785430955.7579584,20,1785439815.5846546,34.74135957885099,0.6284298466468299,34.62920576791028,True,37.5,36.5,38.6,0.95,0.05,0.0,0.7,0.03,2,1785439825.6117089,False,True,True,False,1785439680.299376,False,True,1,1,False
1785430955.7579584,20,1785439835.5905805,34.81879911497673,0.6283916990920883,34.725337605859465,True,37.5,36.5,38.6,0.95,0.05,0.0,0.7,0.03,2,1785439845.6177084,False,True,True,False,1785439680.299376,False,True,1,1,False
1785430955.7579584,20,1785439855.596608,34.853513389791715,0.6284298466468299,34.76005188067445,True,37.5,36.5,38.6,0.95,0.05,0.0,0.7,0.03,2,1785439865.6236143,False,True,True,True,1785439860.2994025,False,True,1,1,False
1785430955.7579584,20,1785439875.6025164,34.91760128175784,0.6286587319752803,34.786755168993665,True,37.5,36.5,38.6,0.95,0.05,0.0,0.7,0.03,2,1785439885.6295614,False,True,True,False,1785439860.2994025,False,True,1,1,False
1785430955.7579584,20,1785439895.608442,34.9870298313878,0.6288113221942473,34.85084306095979,True,37.5,36.5,38.6,0.95,0.05,0.0,0.7,0.03,2,1785439905.6354978,False,True,True,False,1785439860.2994025,False,True,1,1,False
1785430955.7579584,20,1785439915.6144052,35.029755092698565,0.6285061417563134,34.8882276646067,True,37.5,36.5,38.6,0.95,0.05,0.0,0.7,0.03,2,1785439925.641536,False,True,True,False,1785439860.2994025,False,True,1,1,False
1785430955.7579584,20,1785439935.6204367,35.0965133134966,0.628563363088426,34.94163424124514,True,37.5,36.5,38.6,0.95,0.05,0.0,0.7,0.03,2,1785439945.6474695,False,True,True,False,1785439860.2994025,False,True,1,1,False
1785430955.7579584,20,1785439955.6263855,35.12588693064775,0.6291355764095522,34.99237048905165,True,37.5,36.5,38.6,0.95,0.05,0.0,0.7,0.03,2,1785439965.6534815,False,True,True,False,1785439860.2994025,False,True,1,1,False
1785430955.7579584,20,1785439975.63234,35.157930876630815,0.6287159533073929,35.06179903868163,True,37.5,36.5,38.6,0.95,0.05,0.0,0.7,0.03,2,1785439985.659434,False,True,True,False,1785439860.2994025,False,True,1,1,False
1785430955.7579584,20,1785439995.6383579,35.208667124437326,0.6286396581979095,35.109864957656214,True,37.5,36.5,38.6,0.95,0.05,0.0,0.7,0.03,2,1785440005.6654406,False,True,True,False,1785439860.2994025,False,True,1,1,False
1785430955.7579584,20,1785440015.6443088,35.29678797589075,0.6290592813000687,35.184634164950026,True,37.5,36.5,38.6,0.95,0.05,0.0,0.7,0.03,2,1785440025.6713774,False,True,True,False,1785439860.2994025,False,True,1,1,False
1785430955.7579584,20,1785440035.6502733,35.34218356603341,0.6289257648584726,35.21133745326925,True,37.5,36.5,38.6,0.95,0.05,0.0,0.7,0.03,2,1785440045.6774542,False,True,True,True,1785440040.2994266,False,True,1,1,False
1785430955.7579584,20,1785440055.6563065,35.398260471503775,0.6290211337453269,35.25673304341191,True,37.5,36.5,38.6,0.95,0.05,0.0,0.7,0.03,2,1785440065.6833444,False,True,True,False,1785440040.2994266,False,True,1,1,False
1785430955.7579584,20,1785440075.6622193,35.424963759823,0.6291355764095522,35.32082093537804,True,37.5,36.5,38.6,0.95,0.05,0.0,0.7,0.03,2,1785440085.6893198,False,True,True,False,1785440040.2994266,False,True,1,1,False
1785430955.7579584,20,1785440095.6681592,35.52109559777219,0.6292690928511482,35.3528648813611,True,37.5,36.5,38.6,0.95,0.05,0.0,0.7,0.03,2,1785440105.6953092,False,True,True,False,1785440040.2994266,False,True,1,1,False
1785430955.7579584,20,1785440115.6742098,35.574502174410625,0.6293453879606317,35.422293430991076,True,37.5,36.5,38.6,0.95,0.05,0.0,0.7,0.03,2,1785440125.7013152,False,True,True,False,1785440040.2994266,False,True,1,1,False
1785430955.7579584,20,1785440135.680163,35.635919737544825,0.6292118715190357,35.465018692301825,True,37.5,36.5,38.6,0.95,0.05,0.0,0.7,0.03,2,1785440145.706733,False,True,True,False,1785440040.2994266,False,True,1,1,False
1785430955.7579584,20,1785440155.6861603,35.67597467002365,0.6294979781795986,35.51575494010834,True,37.5,36.5,38.6,0.95,0.05,0.0,0.7,0.03,2,1785440165.713299,False,True,True,False,1785440040.2994266,False,True,1,1,False
1785430955.7579584,20,1785440175.692155,35.7186999313344,0.6294789044022278,35.5477988860914,True,37.5,36.5,38.6,0.95,0.05,0.0,0.7,0.03,2,1785440185.7193513,False,True,True,False,1785440040.2994266,False,True,1,1,False
1785430955.7579584,20,1785440195.6981575,35.790798809796286,0.6295933470664531,35.60120546272984,True,37.5,36.5,38.6,0.95,0.05,0.0,0.7,0.03,2,1785440205.724693,False,True,True,False,1785440040.2994266,False,True,1,1,False
1785430955.7579584,20,1785440215.7040403,35.82551308461127,0.6296505683985656,35.659952697032125,True,37.5,36.5,38.6,0.95,0.05,0.0,0.7,0.03,2,1785440225.7311072,False,True,True,True,1785440220.299457,False,True,1,1,False
1785430955.7579584,20,1785440235.710017,35.881589990081636,0.6294979781795986,35.70801861600671,True,37.5,36.5,38.6,0.95,0.05,0.0,0.7,0.03,2,1785440245.7366567,False,True,True,False,1785440220.299457,False,True,1,1,False
1785430955.7579584,20,1785440255.7159798,35.937666895552,0.6298031586175326,35.78545815213245,True,37.5,36.5,38.6,0.95,0.05,0.0,0.7,0.03,2,1785440265.7430763,False,True,True,False,1785440220.299457,False,True,1,1,False
1785430955.7579584,20,1785440275.7219837,35.9750514991989,0.6297077897306782,35.8281834134432,True,37.5,36.5,38.6,0.95,0.05,0.0,0.7,0.03,2,1785440285.7491255,False,True,True,False,1785440220.299457,False,True,1,1,False
1785430955.7579584,20,1785440295.7279725,36.03913939116502,0.6300129701686121,35.838864728770886,True,37.5,36.5,38.6,0.95,0.05,0.0,0.7,0.03,2,1785440305.7550576,False,True,True,False,1785440220.299457,False,True,1,1,False
1785430955.7579584,20,1785440315.7340035,36.06584267948425,0.629898527504387,35.90295262073701,True,37.5,36.5,38.6,0.95,0.05,0.0,0.7,0.03,2,1785440325.7611628,False,True,True,False,1785440220.299457,False,True,1,1,False
1785430955.7579584,20,1785440335.7399905,36.143282215609986,0.6299557488364995,35.961699855039285,True,37.5,36.5,38.6,0.95,0.05,0.0,0.7,0.03,2,1785440345.7666476,False,True,True,False,1785440220.299457,False,True,1,1,False
1785430955.7579584,20,1785440355.7460043,36.1940184634165,0.629898527504387,36.0231174181735,True,37.5,36.5,38.6,0.95,0.05,0.0,0.7,0.03,2,1785440365.7732131,False,True,True,False,1785440220.299457,False,True,1,1,False
1785430955.7579584,20,1785440375.7520952,36.25810635538262,0.6302800030518044,36.04982070649271,True,37.5,36.5,38.6,0.95,0.05,0.0,0.7,0.03,2,1785440385.7792127,False,True,True,False,1785440220.299457,False,True,1,1,False
1785430955.7579584,20,1785440395.7580867,36.29816128786145,0.6302418554970626,36.09254596780346,True,37.5,36.5,38.6,0.95,0.05,0.0,0.7,0.03,2,1785440405.7851868,False,True,True,True,1785440400.2994857,False,True,1,1,False
1785430955.7579584,20,1785440415.764085,36.34355687800412,0.6303753719386588,36.15129320210575,True,37.5,36.5,38.6,0.95,0.05,0.0,0.7,0.03,2,1785440425.7911766,False,True,True,False,1785440400.2994857,False,True,1,1,False
1785430955.7579584,20,1785440435.7700925,36.437018387121384,0.630489814602884,36.1940184634165,True,37.5,36.5,38.6,0.95,0.05,0.0,0.7,0.03,2,1785440445.7972004,False,True,True,False,1785440400.2994857,False,True,1,1,False
1785430955.7579584,20,1785440455.7760763,36.445029373617146,0.6305088883802549,36.25009536888686,True,37.5,36.5,38.6,0.95,0.05,0.0,0.7,0.03,2,1785440465.8032606,False,True,True,False,1785440400.2994857,False,True,1,1,False
1785430955.7579584,20,1785440475.7821562,36.49309529259175,0.630203707942321,36.28747997253376,True,37.5,36.5,38.6,0.95,0.05,0.0,0.7,0.03,2,1785440485.809205,False,True,True,False,1785440400.2994857,False,True,1,1,False
1785430955.7579584,20,1785440495.7880642,36.530479896238646,0.6306996261539635,36.351567864499884,True,37.5,36.5,38.6,0.95,0.05,0.0,0.7,0.03,2,1785440505.8151886,False,True,True,False,1785440400.2994857,False,True,1,0,False
1785430955.7579584,20,1785440515.7941256,36.5358205539025,0.6302418554970626,36.33554589150836,True,37.5,36.5,38.6,0.95,0.05,0.0,0.7,0.03,2,1785440525.8212743,False,True,True,False,1785440400.2994857,False,True,1,0,False
1785430955.7579584,20,1785440535.8001301,36.554512855725946,0.6305088883802549,36.33554589150836,True,37.5,36.5,38.6,0.95,0.05,0.0,0.7,0.03,2,1785440545.8266711,False,True,True,False,1785440400.2994857,False,True,1,0,False
1785430955.7579584,20,1785440555.8061135,36.55718318455787,0.630489814602884,36.31151293202106,True,37.5,36.5,38.6,0.95,0.05,0.0,0.7,0.03,2,1785440565.8326623,False,True,True,False,1785440400.2994857,False,True,1,0,False
1785430955.7579584,20,1785440575.8120413,36.54116121156633,0.630203707942321,36.32219424734875,True,37.5,36.5,38.6,0.95,0.05,0.0,0.7,0.03,2,1785440585.8391144,False,True,True,True,1785440580.2995102,False,True,1,0,False
1785430955.7579584,20,1785440595.8181002,36.54917219806211,0.6307186999313344,36.27412832837415,True,37.5,36.5,38.6,0.95,0.05,0.0,0.7,0.03,2,1785440605.8452077,False,True,True,False,1785440580.2995102,False,True,1,0,False
1785430955.7579584,20,1785440615.8240678,36.55718318455787,0.6307568474860762,36.284809643701834,True,37.5,36.5,38.6,0.95,0.05,0.0,0.7,0.03,2,1785440625.8512888,False,True,True,False,1785440580.2995102,False,True,1,0,False
1785430955.7579584,20,1785440635.8302023,36.5598535133898,0.6302227817196918,36.284809643701834,True,37.5,36.5,38.6,0.95,0.05,0.0,0.7,0.03,2,1785440645.8573446,False,True,True,False,1785440580.2995102,False,True,1,0,False
1785430955.7579584,20,1785440655.836201,36.530479896238646,0.630470740825513,36.28747997253376,True,37.5,36.5,38.6,0.95,0.05,0.0,0.7,0.03,2,1785440665.8633077,False,True,True,False,1785440580.2995102,False,True,1,0,False
1785430955.7579584,20,1785440675.842193,36.51445792324712,0.6305279621576257,36.25009536888686,True,37.5,36.5,38.6,0.95,0.05,0.0,0.7,0.03,2,1785440685.8693519,False,True,True,False,1785440580.2995102,False,True,1,0,False
1785430955.7579584,20,1785440695.8482254,36.52513923857481,0.6302609292744336,36.26077668421455,True,37.5,36.5,38.6,0.95,0.05,0.0,0.7,0.03,2,1785440705.875432,False,True,True,False,1785440580.2995102,False,True,1,0,False
1785430955.7579584,20,1785440715.8543253,36.5358205539025,0.630203707942321,36.25009536888686,True,37.5,36.5,38.6,0.95,0.05,0.0,0.7,0.03,2,1785440725.881105,False,True,True,False,1785440580.2995102,False,True,1,0,False
1785430955.7579584,20,1785440735.8603535,36.51712825207905,0.6302418554970626,36.26077668421455,True,37.5,36.5,38.6,0.95,0.05,0.0,0.7,0.03,2,1785440745.8874068,False,True,True,False,1785440580.2995102,False,True,1,0,False
1785430955.7579584,20,1785440755.8662999,36.55718318455787,0.630642404821851,36.26878767071031,True,37.5,36.5,38.6,0.95,0.05,0.0,0.7,0.03,2,1785440765.893418,False,True,True,True,1785440760.2995303,False,True,1,0,False
1785430955.7579584,20,1785440775.872303,36.573205157549395,0.6308140688181888,36.279468986038,True,37.5,36.5,38.6,0.95,0.05,0.0,0.7,0.03,2,1785440785.898878,False,True,True,False,1785440760.2995303,False,True,1,0,False
1785430955.7579584,20,1785440795.8782327,36.5598535133898,0.6302609292744336,36.290150301365685,True,37.5,36.5,38.6,0.95,0.05,0.0,0.7,0.03,2,1785440805.905431,False,True,True,False,1785440760.2995303,False,True,1,0,False
1785430955.7579584,20,1785440815.8843155,36.578545815213246,0.6305661097123675,36.279468986038,True,37.5,36.5,38.6,0.95,0.05,0.0,0.7,0.03,2,1785440825.9110796,False,True,True,False,1785440760.2995303,False,True,1,0,False
1785430955.7579584,20,1785440835.890351,36.60257877470055,0.630337224383917,36.29549095902952,True,37.5,36.5,38.6,0.95,0.05,0.0,0.7,0.03,2,1785440845.9182155,False,True,True,False,1785440760.2995303,False,True,1,0,False
1785430955.7579584,20,1785440855.8966663,36.59990844586862,0.6303944457160295,36.314183260852985,True,37.5,36.5,38.6,0.95,0.05,0.0,0.7,0.03,2,1785440865.9232113,False,True,True,False,1785440760.2995303,False,True,1,0,False
1785430955.7579584,20,1785440875.9026513,36.573205157549395,0.6304516670481423,36.3035019455253,True,37.5,36.5,38.6,0.95,0.05,0.0,0.7,0.03,2,1785440885.9298131,False,True,True,False,1785440760.2995303,False,True,1,0,False
1785430955.7579584,20,1785440895.9087467,36.59990844586862,0.63062333104448,36.314183260852985,True,37.5,36.5,38.6,0.95,0.05,0.0,0.7,0.03,2,1785440905.9358935,False,True,True,False,1785440760.2995303,False,True,1,0,False
1785430955.7579584,20,1785440915.9147809,36.60524910353246,0.6306614785992218,36.34622720683605,True,37.5,36.5,38.6,0.95,0.05,0.0,0.7,0.03,2,1785440925.9425433,False,True,True,False,1785440760.2995303,False,True,1,0,False
1785430955.7579584,20,1785440935.9210198,36.62928206301976,0.6305470359349965,36.351567864499884,True,37.5,36.5,38.6,0.95,0.05,0.0,0.7,0.03,2,1785440945.9485145,False,True,True,True,1785440940.2995627,False,True,1,0,False
1785430955.7579584,20,1785440955.927256,36.62661173418783,0.6305088883802549,36.34889753566796,True,37.5,36.5,38.6,0.95,0.05,0.0,0.7,0.03,2,1785440965.954451,False,True,True,False,1785440940.2995627,False,True,1,0,False
1785430955.7579584,20,1785440975.933304,36.64797436484321,0.630337224383917,36.34355687800412,True,37.5,36.5,38.6,0.95,0.05,0.0,0.7,0.03,2,1785440985.960467,False,True,True,False,1785440940.2995627,False,True,1,0,False
1785430955.7579584,20,1785440995.9393077,36.66666666666667,0.6305470359349965,36.375600823987185,True,37.5,36.5,38.6,0.95,0.05,0.0,0.7,0.03,2,1785441005.966418,False,True,True,False,1785440940.2995627,False,True,1,0,False
1785430955.7579584,20,1785441015.9453464,36.68001831082627,0.6304516670481423,36.375600823987185,True,37.5,36.5,38.6,0.95,0.05,0.0,0.7,0.03,2,1785441025.9719343,False,True,True,False,1785440940.2995627,False,True,1,0,False
1785430955.7579584,20,1785441035.9513004,36.70405127031357,0.6306805523765927,36.402304112306396,True,37.5,36.5,38.6,0.95,0.05,0.0,0.7,0.03,2,1785441045.9784603,False,True,True,False,1785440940.2995627,False,True,1,0,False
1785430955.7579584,20,1785441055.9573655,36.706721599145496,0.6302609292744336,36.3889524681468,True,37.5,36.5,38.6,0.95,0.05,0.0,0.7,0.03,2,1785441065.9844291,False,True,True,False,1785440940.2995627,False,True,1,0,False
1785430955.7579584,20,1785441075.963321,36.72808422980087,0.6307186999313344,36.399633783474485,True,37.5,36.5,38.6,0.95,0.05,0.0,0.7,0.03,2,1785441085.9905083,False,True,True,False,1785440940.2995627,False,True,1,0,False
1785430955.7579584,20,1785441095.969382,36.72274357213702,0.6306042572671092,36.45304036011292,True,37.5,36.5,38.6,0.95,0.05,0.0,0.7,0.03,2,1785441105.9962335,False,True,True,False,1785440940.2995627,False,True,1,0,False
1785430955.7579584,20,1785441115.9754224,36.72808422980087,0.6307186999313344,36.43167772945755,True,37.5,36.5,38.6,0.95,0.05,0.0,0.7,0.03,2,1785441126.002087,False,True,True,True,1785441120.2995899,False,True,1,0,False
1785430955.7579584,20,1785441135.9814014,36.76279850461586,0.6306805523765927,36.45304036011292,True,37.5,36.5,38.6,0.95,0.05,0.0,0.7,0.03,2,1785441146.0084903,False,True,True,False,1785441120.2995899,False,True,1,0,False
1785430955.7579584,20,1785441155.9873521,36.76546883344777,0.6307568474860762,36.48241397726406,True,37.5,36.5,38.6,0.95,0.05,0.0,0.7,0.03,2,1785441166.0144925,False,True,True,False,1785441120.2995899,False,True,1,0,False
1785430955.7579584,20,1785441175.9933977,36.79751277943083,0.6307186999313344,36.450370031281,True,37.5,36.5,38.6,0.95,0.05,0.0,0.7,0.03,2,1785441186.0204692,False,True,True,False,1785441120.2995899,False,True,1,0,False
1785430955.7579584,20,1785441195.9993343,36.80552376592661,0.6306614785992218,36.47707331960021,True,37.5,36.5,38.6,0.95,0.05,0.0,0.7,0.03,2,1785441206.0259578,False,True,True,False,1785441120.2995899,False,True,1,0,False
1785430955.7579584,20,1785441216.0053916,36.81887541008621,0.630775921263447,36.47707331960021,True,37.5,36.5,38.6,0.95,0.05,0.0,0.7,0.03,2,1785441226.031906,False,True,True,False,1785441120.2995899,False,True,1,0,False
1785430955.7579584,20,1785441236.0113728,36.83222705424582,0.6308712901503014,36.51445792324712,True,37.5,36.5,38.6,0.95,0.05,0.0,0.7,0.03,2,1785441246.0379617,False,True,True,False,1785441120.2995899,False,True,1,0,False
1785430955.7579584,20,1785441256.0173173,36.82421606775006,0.630775921263447,36.527809567406734,True,37.5,36.5,38.6,0.95,0.05,0.0,0.7,0.03,2,1785441266.0443747,False,True,True,False,1785441120.2995899,False,True,1,0,False
1785430955.7579584,20,1785441276.0232284,36.877622644388495,0.630775921263447,36.5598535133898,True,37.5,36.5,38.6,0.95,0.05,0.0,0.7,0.03,2,1785441286.0502985,False,True,True,False,1785441120.2995899,False,True,1,0,False
1785430955.7579584,20,1785441296.0292382,36.872281986724644,0.6310620279240101,36.53315022507057,True,37.5,36.5,38.6,0.95,0.05,0.0,0.7,0.03,2,1785441306.0563834,False,True,True,True,1785441300.2995925,False,True,1,0,False
1785430955.7579584,20,1785441316.0352628,36.877622644388495,0.630489814602884,36.54383154039826,True,37.5,36.5,38.6,0.95,0.05,0.0,0.7,0.03,2,1785441326.0624208,False,True,True,False,1785441300.2995925,False,True,1,0,False
1785430955.7579584,20,1785441336.0413136,36.88563363088426,0.6309475852597849,36.58655680170901,True,37.5,36.5,38.6,0.95,0.05,0.0,0.7,0.03,2,1785441346.0686083,False,True,True,False,1785441300.2995925,False,True,1,0,False
1785430955.7579584,20,1785441356.0473552,36.920347905699245,0.6310811017013809,36.60524910353246,True,37.5,36.5,38.6,0.95,0.05,0.0,0.7,0.03,2,1785441366.0741866,False,True,True,False,1785441300.2995925,False,True,1,0,False
1785430955.7579584,20,1785441376.0533943,36.920347905699245,0.6309857328145266,36.59990844586862,True,37.5,36.5,38.6,0.95,0.05,0.0,0.7,0.03,2,1785441386.080653,False,True,True,False,1785441300.2995925,False,True,1,0,False
1785430955.7579584,20,1785441396.059361,36.901655603875795,0.6306805523765927,36.61058976119631,True,37.5,36.5,38.6,0.95,0.05,0.0,0.7,0.03,2,1785441406.0863802,False,True,True,False,1785441300.2995925,False,True,1,0,False
1785430955.7579584,20,1785441416.0657713,36.94171053635462,0.6310811017013809,36.64797436484321,True,37.5,36.5,38.6,0.95,0.05,0.0,0.7,0.03,2,1785441426.0929458,False,True,True,False,1785441300.2995925,False,True,1,0,False
1785430955.7579584,20,1785441436.071868,36.97642481116961,0.6309475852597849,36.59990844586862,True,37.5,36.5,38.6,0.95,0.05,0.0,0.7,0.03,2,1785441446.0990322,False,True,True,False,1785441300.2995925,False,True,1,0,False
1785430955.7579584,20,1785441456.077984,36.95239185168231,0.6305851834897384,36.655985351338984,True,37.5,36.5,38.6,0.95,0.05,0.0,0.7,0.03,2,1785441466.1046762,False,True,True,False,1785441300.2995925,False,True,1,0,False
1785430955.7579584,20,1785441476.0840158,36.99511711299306,0.6309857328145266,36.682688639658195,True,37.5,36.5,38.6,0.95,0.05,0.0,0.7,0.03,2,1785441486.1111357,False,True,True,True,1785441480.2996228,False,True,1,0,False
1785430955.7579584,20,1785441496.0900874,37.005798428320745,0.6309475852597849,36.682688639658195,True,37.5,36.5,38.6,0.95,0.05,0.0,0.7,0.03,2,1785441506.117296,False,True,True,False,1785441480.2996228,False,True,1,0,False
1785430955.7579584,20,1785441516.0961077,37.011139085984595,0.6310811017013809,36.70939192797742,True,37.5,36.5,38.6,0.95,0.05,0.0,0.7,0.03,2,1785441526.1232111,False,True,True,False,1785441480.2996228,False,True,1,0,False
1785430955.7579584,20,1785441536.1020994,36.987106126497295,0.6311383230334936,36.725413900968945,True,37.5,36.5,38.6,0.95,0.05,0.0,0.7,0.03,2,1785441546.129247,False,True,True,False,1785441480.2996228,False,True,1,0,False
1785430955.7579584,20,1785441556.1080632,37.02182040131228,0.6312146181429771,36.73342488746471,True,37.5,36.5,38.6,0.95,0.05,0.0,0.7,0.03,2,1785441566.1347764,False,True,True,False,1785441480.2996228,False,True,1,0,False
1785430955.7579584,20,1785441576.1142044,37.04318303196766,0.6310620279240101,36.71740291447318,True,37.5,36.5,38.6,0.95,0.05,0.0,0.7,0.03,2,1785441586.141443,False,True,True,False,1785441480.2996228,False,True,1,0,False
1785430955.7579584,20,1785441596.1203825,37.06187533379111,0.6311001754787519,36.73342488746471,True,37.5,36.5,38.6,0.95,0.05,0.0,0.7,0.03,2,1785441606.147583,False,True,True,False,1785441480.2996228,False,True,1,0,False
1785430955.7579584,20,1785441616.1264672,37.25680933852141,0.6313099870298313,36.76546883344777,True,37.5,36.5,38.6,0.95,0.05,0.0,0.7,0.03,2,1785441626.1541991,True,True,True,False,1785441480.2996228,False,True,1,0,False
1785430955.7579584,20,1785441636.1328855,37.43038071259632,0.6312909132524606,36.749446860456246,True,37.5,36.5,38.6,0.95,0.05,0.0,0.7,0.03,2,1785441646.1603425,True,True,True,False,1785441480.2996228,False,True,1,0,False
1785430955.7579584,20,1785441656.1401703,37.57190814068818,0.6318822003509575,36.77882047760738,True,37.5,36.5,38.6,0.95,0.05,0.0,0.7,0.03,2,1785441666.1685278,True,False,True,True,1785441660.29965,False,1,0,0,False
1785430955.7579584,20,1785441676.1484213,37.66269932097353,0.6318631265735867,36.810864423590445,True,37.5,36.5,38.6,0.95,0.05,0.0,0.7,0.03,2,1785441686.1775281,True,True,True,False,1785441660.29965,False,1,0,0,False
1785430955.7579584,20,1785441696.157218,37.70008392462043,0.6318822003509575,36.80552376592661,True,37.5,36.5,38.6,0.95,0.05,0.0,0.7,0.03,2,1785441706.1863317,True,True,True,False,1785441660.29965,False,1,0,0,False
1785430955.7579584,20,1785441716.1657944,37.74280918593118,0.6319203479056992,36.83756771190967,True,37.5,36.5,38.6,0.95,0.05,0.0,0.7,0.03,2,1785441726.1941488,True,True,True,False,1785441660.29965,False,1,0,0,False
1785430955.7579584,20,1785441736.173088,37.745479514763105,0.6319966430151827,36.83222705424582,True,37.5,36.5,38.6,0.95,0.05,0.0,0.7,0.03,2,1785441746.2003262,True,True,True,False,1785441660.29965,False,1,0,0,False
1785430955.7579584,20,1785441756.17936,37.75349050125887,0.6322255283436331,36.82421606775006,True,37.5,36.5,38.6,0.95,0.05,0.0,0.7,0.03,2,1785441766.2066984,True,True,True,False,1785441660.29965,False,1,0,0,False
1785430955.7579584,20,1785441776.1857653,37.726787212939655,0.6317486839093615,36.82421606775006,True,37.5,36.5,38.6,0.95,0.05,0.0,0.7,0.03,2,1785441786.212595,True,True,True,False,1785441660.29965,False,1,0,0,False
1785430955.7579584,20,1785441796.1919248,37.745479514763105,0.632263675898375,36.834897383077745,True,37.5,36.5,38.6,0.95,0.05,0.0,0.7,0.03,2,1785441806.219055,True,True,True,False,1785441660.29965,False,1,0,0,False
1785430955.7579584,20,1785441816.1982906,37.71610589761197,0.6318631265735867,36.834897383077745,True,37.5,36.5,38.6,0.95,0.05,0.0,0.7,0.03,2,1785441826.2256207,True,False,True,False,1785441660.29965,False,1,0,0,False
1785430955.7579584,20,1785441836.204676,37.71877622644388,0.6319203479056992,36.80819409475852,True,37.5,36.5,38.6,0.95,0.05,0.0,0.7,0.03,2,1785441846.2314487,True,True,True,True,1785441840.2996736,False,1,0,0,False
1785430955.7579584,20,1785441856.210916,37.66803997863737,0.6320538643472954,36.80552376592661,True,37.5,36.5,38.6,0.95,0.05,0.0,0.7,0.03,2,1785441866.2382195,True,True,True,False,1785441840.2996736,False,1,0,0,False
1785430955.7579584,20,1785441876.2172635,37.65201800564584,0.632111085679408,36.816205081254296,True,37.5,36.5,38.6,0.95,0.05,0.0,0.7,0.03,2,1785441886.2443807,True,False,True,False,1785441840.2996736,False,1,0,0,False
1785430955.7579584,20,1785441896.2245362,37.62531471732662,0.6317868314641032,36.79484245059892,True,37.5,36.5,38.6,0.95,0.05,0.0,0.7,0.03,2,1785441906.253721,True,True,True,False,1785441840.2996736,False,1,0,0,False
1785430955.7579584,20,1785441916.2331097,37.61463340199893,0.631367208361944,36.79484245059892,True,37.5,36.5,38.6,0.95,0.05,0.0,0.7,0.03,2,1785441926.262372,True,False,True,False,1785441840.2996736,False,1,0,0,False
1785430955.7579584,20,1785441936.2417486,37.611963073167004,0.6317677576867322,36.773479819943546,True,37.5,36.5,38.6,0.95,0.05,0.0,0.7,0.03,2,1785441946.2710545,True,False,True,False,1785441840.2996736,False,1,0,0,False
1785430955.7579584,20,1785441956.250348,37.57724879835203,0.6319203479056992,36.75478751812008,True,37.5,36.5,38.6,0.95,0.05,0.0,0.7,0.03,2,1785441966.2790089,True,True,True,False,1785441840.2996736,False,1,0,0,False
1785430955.7579584,20,1785441976.2589927,37.555886167696656,0.6315770199130236,36.744106202792395,True,37.5,36.5,38.6,0.95,0.05,0.0,0.7,0.03,2,1785441986.2883623,True,True,True,False,1785441840.2996736,False,1,0,0,False
1785430955.7579584,20,1785441996.267715,37.51583123521782,0.6318440527962157,36.749446860456246,True,37.5,36.5,38.6,0.95,0.05,0.0,0.7,0.03,2,1785442006.2965257,True,False,True,False,1785441840.2996736,False,1,0,0,False
1785430955.7579584,20,1785442016.276558,37.49179827573053,0.6315579461356527,36.76546883344777,True,37.5,36.5,38.6,0.95,0.05,0.0,0.7,0.03,2,1785442026.3059955,True,True,True,True,1785442020.2997212,False,True,1,0,False
1785430955.7579584,20,1785442036.2853863,37.489127946898606,0.6314816510261693,36.73876554512856,True,37.5,36.5,38.6,0.95,0.05,0.0,0.7,0.03,2,1785442046.3148148,True,True,True,False,1785442020.2997212,False,True,1,0,False
1785430955.7579584,20,1785442056.2940145,37.47577630273899,0.6316342412451362,36.70405127031357,True,37.5,36.5,38.6,0.95,0.05,0.0,0.7,0.03,2,1785442066.323059,True,False,True,False,1785442020.2997212,False,True,1,0,False
1785430955.7579584,20,1785442076.301749,37.470435645075156,0.6317486839093615,36.70405127031357,True,37.5,36.5,38.6,0.95,0.05,0.0,0.7,0.03,2,1785442086.329112,True,False,True,False,1785442020.2997212,False,True,1,0,False
1785430955.7579584,20,1785442096.3081615,37.470435645075156,0.6312527656977188,36.72007324330511,True,37.5,36.5,38.6,0.95,0.05,0.0,0.7,0.03,2,1785442106.3355258,True,True,True,False,1785442020.2997212,False,True,1,0,False
1785430955.7579584,20,1785442116.3144977,37.481116960402844,0.6317486839093615,36.72007324330511,True,37.5,36.5,38.6,0.95,0.05,0.0,0.7,0.03,2,1785442126.3421485,True,False,True,False,1785442020.2997212,False,True,1,0,False
1785430955.7579584,20,1785442136.321249,37.49980926222629,0.6317868314641032,36.73609521629663,True,37.5,36.5,38.6,0.95,0.05,0.0,0.7,0.03,2,1785442146.348772,True,True,True,False,1785442020.2997212,False,True,1,0,False
1785430955.7579584,20,1785442156.3276145,37.52384222171359,0.6315960936903945,36.71740291447318,True,37.5,36.5,38.6,0.95,0.05,0.0,0.7,0.03,2,1785442166.355257,True,False,True,False,1785442020.2997212,False,1,0,0,False
1785430955.7579584,20,1785442176.3340836,37.56122682536049,0.6320157167925536,36.749446860456246,True,37.5,36.5,38.6,0.95,0.05,0.0,0.7,0.03,2,1785442186.3658125,True,True,True,False,1785442020.2997212,False,1,0,0,False
1785430955.7579584,20,1785442196.3404994,37.55321583886473,0.6315007248035401,36.75478751812008,True,37.5,36.5,38.6,0.95,0.05,0.0,0.7,0.03,2,1785442206.3673694,True,True,True,True,1785442200.2997382,False,1,0,0,False
1785430955.7579584,20,1785442216.3467398,37.56656748302434,0.6316342412451362,36.75478751812008,True,37.5,36.5,38.6,0.95,0.05,0.0,0.7,0.03,2,1785442226.3772275,True,False,True,False,1785442200.2997382,False,1,0,0,False
1785430955.7579584,20,1785442236.3532078,37.53719386587319,0.6318822003509575,36.75478751812008,True,37.5,36.5,38.6,0.95,0.05,0.0,0.7,0.03,2,1785442246.379949,True,True,True,False,1785442200.2997382,False,1,0,0,False
1785430955.7579584,20,1785442256.359522,37.53986419470512,0.6314625772487983,36.773479819943546,True,37.5,36.5,38.6,0.95,0.05,0.0,0.7,0.03,2,1785442266.3865116,True,True,True,False,1785442200.2997382,False,1,0,0,False
1785430955.7579584,20,1785442276.3658366,37.52384222171359,0.631672388799878,36.73609521629663,True,37.5,36.5,38.6,0.95,0.05,0.0,0.7,0.03,2,1785442286.393215,True,True,True,False,1785442200.2997382,False,1,0,0,False
1785430955.7579584,20,1785442296.3721602,37.51850156404974,0.6317868314641032,36.725413900968945,True,37.5,36.5,38.6,0.95,0.05,0.0,0.7,0.03,2,1785442306.3995562,True,True,True,False,1785442200.2997382,False,1,0,0,False
1785430955.7579584,20,1785442316.379449,37.48645761806668,0.6314244296940567,36.741435873960484,True,37.5,36.5,38.6,0.95,0.05,0.0,0.7,0.03,2,1785442326.4075627,True,False,True,False,1785442200.2997382,False,True,1,0,False
1785430955.7579584,20,1785442336.3869274,37.483787289234755,0.6317868314641032,36.73609521629663,True,37.5,36.5,38.6,0.95,0.05,0.0,0.7,0.03,2,1785442346.414433,True,True,True,False,1785442200.2997382,False,True,1,0,False
1785430955.7579584,20,1785442356.3957725,37.481116960402844,0.6315770199130236,36.72274357213702,True,37.5,36.5,38.6,0.95,0.05,0.0,0.7,0.03,2,1785442366.429888,True,False,True,False,1785442200.2997382,False,True,1,0,False
1785430955.7579584,20,1785442376.4067075,37.481116960402844,0.6318059052414741,36.73342488746471,True,37.5,36.5,38.6,0.95,0.05,0.0,0.7,0.03,2,1785442386.4333394,True,True,True,True,1785442380.2997692,False,True,1,0,False
1785430955.7579584,20,1785442396.4142041,37.483787289234755,0.6316342412451362,36.72808422980087,True,37.5,36.5,38.6,0.95,0.05,0.0,0.7,0.03,2,1785442406.4458206,True,True,True,False,1785442380.2997692,False,True,1,0,False
1785430955.7579584,20,1785442416.425182,37.52384222171359,0.6316151674677652,36.73876554512856,True,37.5,36.5,38.6,0.95,0.05,0.0,0.7,0.03,2,1785442426.4521651,True,True,True,False,1785442380.2997692,False,1,0,0,False
1785430955.7579584,20,1785442436.4314518,37.53719386587319,0.631519798580911,36.73342488746471,True,37.5,36.5,38.6,0.95,0.05,0.0,0.7,0.03,2,1785442446.4595754,True,True,True,False,1785442380.2997692,False,1,0,0,False
1785430955.7579584,20,1785442456.4388714,37.550545510032805,0.6315770199130236,36.768139162279695,True,37.5,36.5,38.6,0.95,0.05,0.0,0.7,0.03,2,1785442466.467416,True,False,True,False,1785442380.2997692,False,1,0,0,False
1785430955.7579584,20,1785442476.447438,37.53452353704128,0.6315770199130236,36.741435873960484,True,37.5,36.5,38.6,0.95,0.05,0.0,0.7,0.03,2,1785442486.4763813,True,True,True,False,1785442380.2997692,False,1,0,0,False
1785430955.7579584,20,1785442496.4560907,37.53452353704128,0.6312718394750897,36.74677653162432,True,37.5,36.5,38.6,0.95,0.05,0.0,0.7,0.03,2,1785442506.485611,True,True,True,False,1785442380.2997692,False,1,0,0,False
1785430955.7579584,20,1785442516.464855,37.550545510032805,0.6318059052414741,36.74677653162432,True,37.5,36.5,38.6,0.95,0.05,0.0,0.7,0.03,2,1785442526.4941423,True,True,True,False,1785442380.2997692,False,1,0,0,False
1785430955.7579584,20,1785442536.473527,37.531853208209355,0.6315007248035401,36.75745784695201,True,37.5,36.5,38.6,0.95,0.05,0.0,0.7,0.03,2,1785442546.5028396,True,True,True,False,1785442380.2997692,False,1,0,0,False
1785430955.7579584,20,1785442556.4821754,37.53452353704128,0.6317296101319906,36.73342488746471,True,37.5,36.5,38.6,0.95,0.05,0.0,0.7,0.03,2,1785442566.5113926,True,True,True,True,1785442560.2998035,False,1,0,0,False
1785430955.7579584,20,1785442576.4908442,37.49713893339437,0.6318249790188449,36.75478751812008,True,37.5,36.5,38.6,0.95,0.05,0.0,0.7,0.03,2,1785442586.5206325,True,True,True,False,1785442560.2998035,False,True,1,0,False
1785430955.7579584,20,1785442596.4982808,37.489127946898606,0.6317105363546197,36.73876554512856,True,37.5,36.5,38.6,0.95,0.05,0.0,0.7,0.03,2,1785442606.5281687,True,True,True,False,1785442560.2998035,False,True,1,0,False
1785430955.7579584,20,1785442616.5048547,37.45975432974747,0.6316342412451362,36.72274357213702,True,37.5,36.5,38.6,0.95,0.05,0.0,0.7,0.03,2,1785442626.532997,True,True,True,False,1785442560.2998035,False,True,1,0,False
1785430955.7579584,20,1785442636.5113847,37.483787289234755,0.6316914625772487,36.75478751812008,True,37.5,36.5,38.6,0.95,0.05,0.0,0.7,0.03,2,1785442646.54134,True,False,True,False,1785442560.2998035,False,True,1,0,False
1785430955.7579584,20,1785442656.517983,37.49179827573053,0.6311383230334936,36.74677653162432,True,37.5,36.5,38.6,0.95,0.05,0.0,0.7,0.03,2,1785442666.547872,True,True,True,False,1785442560.2998035,False,True,1,0,False
1785430955.7579584,20,1785442676.5245447,37.49713893339437,0.6317105363546197,36.74677653162432,True,37.5,36.5,38.6,0.95,0.05,0.0,0.7,0.03,2,1785442686.551646,True,True,True,False,1785442560.2998035,False,True,1,0,False
1785430955.7579584,20,1785442696.5309973,37.51850156404974,0.6316533150225071,36.74677653162432,True,37.5,36.5,38.6,0.95,0.05,0.0,0.7,0.03,2,1785442706.558487,True,True,True,False,1785442560.2998035,False,1,0,0,False
1785430955.7579584,20,1785442716.5375183,37.52918287937743,0.6315960936903945,36.75745784695201,True,37.5,36.5,38.6,0.95,0.05,0.0,0.7,0.03,2,1785442726.5650542,True,True,True,False,1785442560.2998035,False,1,0,0,False
1785430955.7579584,20,1785442736.5438635,37.55321583886473,0.6315960936903945,36.773479819943546,True,37.5,36.5,38.6,0.95,0.05,0.0,0.7,0.03,2,1785442746.5708268,True,False,True,True,1785442740.299816,False,1,0,0,False
1785430955.7579584,20,1785442756.5502107,37.52384222171359,0.6318440527962157,36.77080949111162,True,37.5,36.5,38.6,0.95,0.05,0.0,0.7,0.03,2,1785442766.5796437,True,True,True,False,1785442740.299816,False,1,0,0,False
1785430955.7579584,20,1785442776.556636,37.53452353704128,0.6316342412451362,36.76012817578393,True,37.5,36.5,38.6,0.95,0.05,0.0,0.7,0.03,2,1785442786.5839763,True,False,True,False,1785442740.299816,False,1,0,0,False
1785430955.7579584,20,1785442796.5628767,37.50514991989013,0.6317677576867322,36.77080949111162,True,37.5,36.5,38.6,0.95,0.05,0.0,0.7,0.03,2,1785442806.589709,True,False,True,False,1785442740.299816,False,1,0,0,False
1785430955.7579584,20,1785442816.5692017,37.513160906385906,0.6317296101319906,36.76012817578393,True,37.5,36.5,38.6,0.95,0.05,0.0,0.7,0.03,2,1785442826.5965364,True,False,True,False,1785442740.299816,False,1,0,0,False
1785430955.7579584,20,1785442836.5755029,37.489127946898606,0.6315960936903945,36.75478751812008,True,37.5,36.5,38.6,0.95,0.05,0.0,0.7,0.03,2,1785442846.6029537,True,True,True,False,1785442740.299816,False,True,1,0,False
1785430955.7579584,20,1785442856.5819824,37.48645761806668,0.6315579461356527,36.75211718928817,True,37.5,36.5,38.6,0.95,0.05,0.0,0.7,0.03,2,1785442866.6093507,True,True,True,False,1785442740.299816,False,True,1,0,False
1785430955.7579584,20,1785442876.5883968,37.465094987411305,0.6312146181429771,36.741435873960484,True,37.5,36.5,38.6,0.95,0.05,0.0,0.7,0.03,2,1785442886.6159275,True,True,True,False,1785442740.299816,False,True,1,0,False
1785430955.7579584,20,1785442896.5948188,37.48645761806668,0.6314625772487983,36.730754558632796,True,37.5,36.5,38.6,0.95,0.05,0.0,0.7,0.03,2,1785442906.6223612,True,True,True,False,1785442740.299816,False,True,1,0,False
1785430955.7579584,20,1785442916.6012938,37.49713893339437,0.6313862821393148,36.75745784695201,True,37.5,36.5,38.6,0.95,0.05,0.0,0.7,0.03,2,1785442926.6288674,True,False,True,True,1785442920.29985,False,True,1,0,False
1785430955.7579584,20,1785442936.6086733,37.50514991989013,0.6316151674677652,36.75211718928817,True,37.5,36.5,38.6,0.95,0.05,0.0,0.7,0.03,2,1785442946.6384044,True,True,True,False,1785442920.29985,False,1,0,0,False
1785430955.7579584,20,1785442956.6164563,37.53452353704128,0.6317296101319906,36.76546883344777,True,37.5,36.5,38.6,0.95,0.05,0.0,0.7,0.03,2,1785442966.6451073,True,True,True,False,1785442920.29985,False,1,0,0,False
1785430955.7579584,20,1785442976.6237996,37.53986419470512,0.6317868314641032,36.77080949111162,True,37.5,36.5,38.6,0.95,0.05,0.0,0.7,0.03,2,1785442986.6531441,True,True,True,False,1785442920.29985,False,1,0,0,False
1785430955.7579584,20,1785442996.632165,37.53719386587319,0.6318249790188449,36.79751277943083,True,37.5,36.5,38.6,0.95,0.05,0.0,0.7,0.03,2,1785443006.6615267,True,True,True,False,1785442920.29985,False,1,0,0,False
1785430955.7579584,20,1785443016.6408443,37.53452353704128,0.6315579461356527,36.78149080643931,True,37.5,36.5,38.6,0.95,0.05,0.0,0.7,0.03,2,1785443026.6703699,True,True,True,False,1785442920.29985,False,1,0,0,False
1785430955.7579584,20,1785443036.6486404,37.53719386587319,0.6317296101319906,36.77615014877546,True,37.5,36.5,38.6,0.95,0.05,0.0,0.7,0.03,2,1785443046.676518,True,True,True,False,1785442920.29985,False,1,0,0,False
1785430955.7579584,20,1785443056.6554232,37.52384222171359,0.6315388723582818,36.773479819943546,True,37.5,36.5,38.6,0.95,0.05,0.0,0.7,0.03,2,1785443066.6827664,True,True,True,False,1785442920.29985,False,1,0,0,False
1785430955.7579584,20,1785443076.6617332,37.481116960402844,0.6315960936903945,36.768139162279695,True,37.5,36.5,38.6,0.95,0.05,0.0,0.7,0.03,2,1785443086.6892223,True,True,True,False,1785442920.29985,False,True,1,0,False
1785430955.7579584,20,1785443096.668067,37.48645761806668,0.6318631265735867,36.76279850461586,True,37.5,36.5,38.6,0.95,0.05,0.0,0.7,0.03,2,1785443106.6956606,True,True,True,True,1785443100.299885,False,True,1,0,False
1785430955.7579584,20,1785443116.674401,37.48645761806668,0.6316914625772487,36.76279850461586,True,37.5,36.5,38.6,0.95,0.05,0.0,0.7,0.03,2,1785443126.7020247,True,False,True,False,1785443100.299885,False,True,1,0,False
1785430955.7579584,20,1785443136.6807508,37.489127946898606,0.631672388799878,36.75211718928817,True,37.5,36.5,38.6,0.95,0.05,0.0,0.7,0.03,2,1785443146.707717,True,True,True,False,1785443100.299885,False,True,1,0,False
1785430955.7579584,20,1785443156.6870213,37.507820248722055,0.631519798580911,36.75478751812008,True,37.5,36.5,38.6,0.95,0.05,0.0,0.7,0.03,2,1785443166.714397,True,True,True,False,1785443100.299885,False,1,0,0,False
1785430955.7579584,20,1785443176.6933694,37.507820248722055,0.6317296101319906,36.76546883344777,True,37.5,36.5,38.6,0.95,0.05,0.0,0.7,0.03,2,1785443186.7210805,True,True,True,False,1785443100.299885,False,1,0,0,False
1785430955.7579584,20,1785443196.6996229,37.51583123521782,0.631519798580911,36.77080949111162,True,37.5,36.5,38.6,0.95,0.05,0.0,0.7,0.03,2,1785443206.7277098,True,True,True,False,1785443100.299885,False,1,0,0,False
1785430955.7579584,20,1785443216.7068806,37.52384222171359,0.6320920119020371,36.75478751812008,True,37.5,36.5,38.6,0.95,0.05,0.0,0.7,0.03,2,1785443226.7359257,True,True,True,False,1785443100.299885,False,1,0,0,False
1785430955.7579584,20,1785443236.7154567,37.526512550545505,0.631672388799878,36.75478751812008,True,37.5,36.5,38.6,0.95,0.05,0.0,0.7,0.03,2,1785443246.7446854,True,True,True,False,1785443100.299885,False,1,0,0,False
1785430955.7579584,20,1785443256.7239819,37.49179827573053,0.6319012741283284,36.75745784695201,True,37.5,36.5,38.6,0.95,0.05,0.0,0.7,0.03,2,1785443266.7532864,True,True,True,False,1785443100.299885,False,True,1,0,False
1785430955.7579584,20,1785443276.7324483,37.49713893339437,0.631672388799878,36.75211718928817,True,37.5,36.5,38.6,0.95,0.05,0.0,0.7,0.03,2,1785443286.7606523,True,True,True,True,1785443280.2998972,False,True,1,0,False
1785430955.7579584,20,1785443296.7399323,37.50247959105822,0.6320157167925536,36.76279850461586,True,37.5,36.5,38.6,0.95,0.05,0.0,0.7,0.03,2,1785443306.767713,True,True,True,False,1785443280.2998972,False,1,0,0,False
1785430955.7579584,20,1785443316.7467165,37.49713893339437,0.6316151674677652,36.75745784695201,True,37.5,36.5,38.6,0.95,0.05,0.0,0.7,0.03,2,1785443326.7741516,True,False,True,False,1785443280.2998972,False,True,1,0,False
1785430955.7579584,20,1785443336.7529905,37.51049057755398,0.6318440527962157,36.75745784695201,True,37.5,36.5,38.6,0.95,0.05,0.0,0.7,0.03,2,1785443346.7803943,True,True,True,False,1785443280.2998972,False,1,0,0,False
1785430955.7579584,20,1785443356.759186,37.50247959105822,0.6316342412451362,36.77080949111162,True,37.5,36.5,38.6,0.95,0.05,0.0,0.7,0.03,2,1785443366.786534,True,True,True,False,1785443280.2998972,False,1,0,0,False
1785430955.7579584,20,1785443376.7655063,37.53452353704128,0.6315579461356527,36.76546883344777,True,37.5,36.5,38.6,0.95,0.05,0.0,0.7,0.03,2,1785443386.793861,True,True,True,False,1785443280.2998972,False,1,0,0,False
1785430955.7579584,20,1785443396.7718568,37.51049057755398,0.6319394216830702,36.76012817578393,True,37.5,36.5,38.6,0.95,0.05,0.0,0.7,0.03,2,1785443406.7995057,True,True,True,False,1785443280.2998972,False,1,0,0,False
1785430955.7579584,20,1785443416.7783606,37.49713893339437,0.6317105363546197,36.77080949111162,True,37.5,36.5,38.6,0.95,0.05,0.0,0.7,0.03,2,1785443426.8059554,True,False,True,False,1785443280.2998972,False,True,1,0,False
1785430955.7579584,20,1785443436.784894,37.49446860456244,0.6318249790188449,36.76012817578393,True,37.5,36.5,38.6,0.95,0.05,0.0,0.7,0.03,2,1785443446.8119864,True,True,True,False,1785443280.2998972,False,True,1,0,False
1785430955.7579584,20,1785443456.7911913,37.513160906385906,0.6317486839093615,36.78416113527123,True,37.5,36.5,38.6,0.95,0.05,0.0,0.7,0.03,2,1785443466.818495,True,True,True,True,1785443460.2999313,False,1,0,0,False
1785430955.7579584,20,1785443476.7974997,37.51850156404974,0.6318249790188449,36.768139162279695,True,37.5,36.5,38.6,0.95,0.05,0.0,0.7,0.03,2,1785443486.8248656,True,True,True,False,1785443460.2999313,False,1,0,0,False
1785430955.7579584,20,1785443496.8038297,37.49713893339437,0.6317105363546197,36.768139162279695,True,37.5,36.5,38.6,0.95,0.05,0.0,0.7,0.03,2,1785443506.8311388,True,True,True,False,1785443460.2999313,False,True,1,0,False
1785430955.7579584,20,1785443516.8101127,37.48645761806668,0.6317296101319906,36.773479819943546,True,37.5,36.5,38.6,0.95,0.05,0.0,0.7,0.03,2,1785443526.837476,True,False,True,False,1785443460.2999313,False,True,1,0,False
1785430955.7579584,20,1785443536.8164248,37.51049057755398,0.6318631265735867,36.75745784695201,True,37.5,36.5,38.6,0.95,0.05,0.0,0.7,0.03,2,1785443546.843642,True,True,True,False,1785443460.2999313,False,1,0,0,False
1785430955.7579584,20,1785443556.8226278,37.513160906385906,0.6318440527962157,36.786831464103145,True,37.5,36.5,38.6,0.95,0.05,0.0,0.7,0.03,2,1785443566.8498743,True,True,True,False,1785443460.2999313,False,1,0,0,False
1785430955.7579584,20,1785443576.8289099,37.513160906385906,0.6316914625772487,36.79751277943083,True,37.5,36.5,38.6,0.95,0.05,0.0,0.7,0.03,2,1785443586.856186,True,True,True,False,1785443460.2999313,False,1,0,0,False
1785430955.7579584,20,1785443596.835151,37.51583123521782,0.6317868314641032,36.77080949111162,True,37.5,36.5,38.6,0.95,0.05,0.0,0.7,0.03,2,1785443606.862426,True,True,True,False,1785443460.2999313,False,1,0,0,False
1785430955.7579584,20,1785443616.841502,37.52384222171359,0.6317677576867322,36.786831464103145,True,37.5,36.5,38.6,0.95,0.05,0.0,0.7,0.03,2,1785443626.8688607,True,True,True,False,1785443460.2999313,False,1,0,0,False
1785430955.7579584,20,1785443636.847799,37.526512550545505,0.631367208361944,36.77080949111162,True,37.5,36.5,38.6,0.95,0.05,0.0,0.7,0.03,2,1785443646.8752277,True,True,True,True,1785443640.2999475,False,1,0,0,False
1785430955.7579584,20,1785443656.8542378,37.52384222171359,0.6318440527962157,36.77882047760738,True,37.5,36.5,38.6,0.95,0.05,0.0,0.7,0.03,2,1785443666.8812304,True,True,True,False,1785443640.2999475,False,1,0,0,False
1785430955.7579584,20,1785443676.8615394,37.49713893339437,0.6317105363546197,36.78950179293507,True,37.5,36.5,38.6,0.95,0.05,0.0,0.7,0.03,2,1785443686.8907402,True,True,True,False,1785443640.2999475,False,True,1,0,False
1785430955.7579584,20,1785443696.870353,37.470435645075156,0.6317105363546197,36.75745784695201,True,37.5,36.5,38.6,0.95,0.05,0.0,0.7,0.03,2,1785443706.8996887,True,True,True,False,1785443640.2999475,False,True,1,0,False
1785430955.7579584,20,1785443716.8789337,37.47577630273899,0.6317486839093615,36.74677653162432,True,37.5,36.5,38.6,0.95,0.05,0.0,0.7,0.03,2,1785443726.9080932,True,True,True,False,1785443640.2999475,False,True,1,0,False
1785430955.7579584,20,1785443736.886507,37.489127946898606,0.6317677576867322,36.77882047760738,True,37.5,36.5,38.6,0.95,0.05,0.0,0.7,0.03,2,1785443746.9136233,True,True,True,False,1785443640.2999475,False,True,1,0,False
1785430955.7579584,20,1785443756.8928745,37.50247959105822,0.6318059052414741,36.78149080643931,True,37.5,36.5,38.6,0.95,0.05,0.0,0.7,0.03,2,1785443766.9198773,True,True,True,False,1785443640.2999475,False,1,0,0,False
1785430955.7579584,20,1785443776.8991036,37.50247959105822,0.6318059052414741,36.80285343709468,True,37.5,36.5,38.6,0.95,0.05,0.0,0.7,0.03,2,1785443786.92639,True,False,True,False,1785443640.2999475,False,1,0,0,False
1785430955.7579584,20,1785443796.9064934,37.51049057755398,0.6315007248035401,36.78149080643931,True,37.5,36.5,38.6,0.95,0.05,0.0,0.7,0.03,2,1785443806.9345953,True,False,True,False,1785443640.2999475,False,1,0,0,False
1785430955.7579584,20,1785443816.9140325,37.52384222171359,0.6317486839093615,36.81353475242237,True,37.5,36.5,38.6,0.95,0.05,0.0,0.7,0.03,2,1785443826.9414032,True,True,True,True,1785443820.2999692,False,1,0,0,False
1785430955.7579584,20,1785443836.9203992,37.51049057755398,0.6319012741283284,36.78149080643931,True,37.5,36.5,38.6,0.95,0.05,0.0,0.7,0.03,2,1785443846.9476302,True,False,True,False,1785443820.2999692,False,1,0,0,False
1785430955.7579584,20,1785443856.9266663,37.48645761806668,0.6313481345845732,36.773479819943546,True,37.5,36.5,38.6,0.95,0.05,0.0,0.7,0.03,2,1785443866.9540458,True,False,True,False,1785443820.2999692,False,True,1,0,False
1785430955.7579584,20,1785443876.9330323,37.48645761806668,0.6318631265735867,36.773479819943546,True,37.5,36.5,38.6,0.95,0.05,0.0,0.7,0.03,2,1785443886.9599366,True,False,True,False,1785443820.2999692,False,True,1,0,False
1785430955.7579584,20,1785443896.9393072,37.48645761806668,0.6314435034714275,36.75745784695201,True,37.5,36.5,38.6,0.95,0.05,0.0,0.7,0.03,2,1785443906.966617,True,True,True,False,1785443820.2999692,False,True,1,0,False
1785430955.7579584,20,1785443916.9455783,37.50247959105822,0.6315579461356527,36.78416113527123,True,37.5,36.5,38.6,0.95,0.05,0.0,0.7,0.03,2,1785443926.972901,True,True,True,False,1785443820.2999692,False,1,0,0,False
1785430955.7579584,20,1785443936.9518712,37.49980926222629,0.6315007248035401,36.78416113527123,True,37.5,36.5,38.6,0.95,0.05,0.0,0.7,0.03,2,1785443946.9796455,True,True,True,False,1785443820.2999692,False,True,1,0,False
1785430955.7579584,20,1785443956.9581506,37.49713893339437,0.6316342412451362,36.77080949111162,True,37.5,36.5,38.6,0.95,0.05,0.0,0.7,0.03,2,1785443966.9854689,True,False,True,False,1785443820.2999692,False,True,1,0,False
1785430955.7579584,20,1785443976.9644384,37.52918287937743,0.6316342412451362,36.78149080643931,True,37.5,36.5,38.6,0.95,0.05,0.0,0.7,0.03,2,1785443986.9916806,True,True,True,False,1785443820.2999692,False,1,0,0,False
1785430955.7579584,20,1785443996.970669,37.53719386587319,0.6318440527962157,36.792172121766995,True,37.5,36.5,38.6,0.95,0.05,0.0,0.7,0.03,2,1785444006.9980314,True,True,True,True,1785444000.2999969,False,1,0,0,False
1785430955.7579584,20,1785444016.9769661,37.51850156404974,0.6316533150225071,36.78149080643931,True,37.5,36.5,38.6,0.95,0.05,0.0,0.7,0.03,2,1785444027.0043476,True,False,True,False,1785444000.2999969,False,1,0,0,False
1785430955.7579584,20,1785444036.9833126,37.49446860456244,0.6318631265735867,36.78149080643931,True,37.5,36.5,38.6,0.95,0.05,0.0,0.7,0.03,2,1785444047.0102804,True,True,True,False,1785444000.2999969,False,True,1,0,False
1785430955.7579584,20,1785444056.9897413,37.507820248722055,0.6318631265735867,36.773479819943546,True,37.5,36.5,38.6,0.95,0.05,0.0,0.7,0.03,2,1785444067.017396,True,True,True,False,1785444000.2999969,False,1,0,0,False
1785430955.7579584,20,1785444076.9960167,37.49713893339437,0.6317105363546197,36.768139162279695,True,37.5,36.5,38.6,0.95,0.05,0.0,0.7,0.03,2,1785444087.0233188,True,False,True,False,1785444000.2999969,False,True,1,0,False
1785430955.7579584,20,1785444097.0023525,37.49713893339437,0.6318440527962157,36.773479819943546,True,37.5,36.5,38.6,0.95,0.05,0.0,0.7,0.03,2,1785444107.0296881,True,True,True,False,1785444000.2999969,False,True,1,0,False
1785430955.7579584,20,1785444117.0086682,37.481116960402844,0.6318440527962157,36.768139162279695,True,37.5,36.5,38.6,0.95,0.05,0.0,0.7,0.03,2,1785444127.0359957,True,True,True,False,1785444000.2999969,False,True,1,0,False
1785430955.7579584,20,1785444137.0148818,37.51583123521782,0.6314435034714275,36.773479819943546,True,37.5,36.5,38.6,0.95,0.05,0.0,0.7,0.03,2,1785444147.0420823,True,True,True,False,1785444000.2999969,False,1,0,0,False
1785430955.7579584,20,1785444157.0211234,37.51850156404974,0.631958495460441,36.79751277943083,True,37.5,36.5,38.6,0.95,0.05,0.0,0.7,0.03,2,1785444167.0483863,True,False,True,False,1785444000.2999969,False,1,0,0,False
1785430955.7579584,20,1785444177.0274053,37.52384222171359,0.6319203479056992,36.77080949111162,True,37.5,36.5,38.6,0.95,0.05,0.0,0.7,0.03,2,1785444187.0547473,True,True,True,True,1785444180.3000166,False,1,0,0,False
1785430955.7579584,20,1785444197.033737,37.51049057755398,0.6318631265735867,36.80819409475852,True,37.5,36.5,38.6,0.95,0.05,0.0,0.7,0.03,2,1785444207.0611124,True,True,True,False,1785444180.3000166,False,1,0,0,False
1785430955.7579584,20,1785444217.040058,37.49179827573053,0.6317677576867322,36.78149080643931,True,37.5,36.5,38.6,0.95,0.05,0.0,0.7,0.03,2,1785444227.068686,True,True,True,False,1785444180.3000166,False,True,1,0,False
1785430955.7579584,20,1785444237.0473006,37.51049057755398,0.631958495460441,36.77615014877546,True,37.5,36.5,38.6,0.95,0.05,0.0,0.7,0.03,2,1785444247.0769222,True,True,True,False,1785444180.3000166,False,1,0,0,False
1785430955.7579584,20,1785444257.0550926,37.51850156404974,0.631958495460441,36.77882047760738,True,37.5,36.5,38.6,0.95,0.05,0.0,0.7,0.03,2,1785444267.0826073,True,True,True,False,1785444180.3000166,False,1,0,0,False
1785430955.7579584,20,1785444277.0616722,37.470435645075156,0.6314435034714275,36.77882047760738,True,37.5,36.5,38.6,0.95,0.05,0.0,0.7,0.03,2,1785444287.0892856,True,True,True,False,1785444180.3000166,False,True,1,0,False
1785430955.7579584,20,1785444297.068225,37.48645761806668,0.6317677576867322,36.773479819943546,True,37.5,36.5,38.6,0.95,0.05,0.0,0.7,0.03,2,1785444307.0956738,True,True,True,False,1785444180.3000166,False,True,1,0,False
1785430955.7579584,20,1785444317.0746434,37.47577630273899,0.6315388723582818,36.773479819943546,True,37.5,36.5,38.6,0.95,0.05,0.0,0.7,0.03,2,1785444327.1019983,True,True,True,False,1785444180.3000166,False,True,1,0,False
1785430955.7579584,20,1785444337.0810223,37.483787289234755,0.6318059052414741,36.78416113527123,True,37.5,36.5,38.6,0.95,0.05,0.0,0.7,0.03,2,1785444347.1089447,True,False,True,False,1785444180.3000166,False,True,1,0,False
1785430955.7579584,20,1785444357.0876505,37.507820248722055,0.6317296101319906,36.77080949111162,True,37.5,36.5,38.6,0.95,0.05,0.0,0.7,0.03,2,1785444367.1152818,True,True,True,True,1785444360.3000329,False,1,0,0,False
1785430955.7579584,20,1785444377.0940464,37.513160906385906,0.6318440527962157,36.78149080643931,True,37.5,36.5,38.6,0.95,0.05,0.0,0.7,0.03,2,1785444387.1214738,True,True,True,False,1785444360.3000329,False,1,0,0,False
1785430955.7579584,20,1785444397.1003797,37.54253452353704,0.6320729381246661,36.79751277943083,True,37.5,36.5,38.6,0.95,0.05,0.0,0.7,0.03,2,1785444407.1277335,True,True,True,False,1785444360.3000329,False,1,0,0,False
1785430955.7579584,20,1785444417.1067185,37.53452353704128,0.6317677576867322,36.79751277943083,True,37.5,36.5,38.6,0.95,0.05,0.0,0.7,0.03,2,1785444427.1340895,True,True,True,False,1785444360.3000329,False,1,0,0,False
1785430955.7579584,20,1785444437.1131527,37.526512550545505,0.6316533150225071,36.80819409475852,True,37.5,36.5,38.6,0.95,0.05,0.0,0.7,0.03,2,1785444447.139999,True,True,True,False,1785444360.3000329,False,1,0,0,False
1785430955.7579584,20,1785444457.1194017,37.52918287937743,0.6316533150225071,36.79484245059892,True,37.5,36.5,38.6,0.95,0.05,0.0,0.7,0.03,2,1785444467.1464055,True,True,True,False,1785444360.3000329,False,1,0,0,False
1785430955.7579584,20,1785444477.1258504,37.49713893339437,0.6316342412451362,36.80018310826276,True,37.5,36.5,38.6,0.95,0.05,0.0,0.7,0.03,2,1785444487.1541266,True,True,True,False,1785444360.3000329,False,True,1,0,False
1785430955.7579584,20,1785444497.132309,37.48645761806668,0.6316342412451362,36.77882047760738,True,37.5,36.5,38.6,0.95,0.05,0.0,0.7,0.03,2,1785444507.1592917,True,True,True,False,1785444360.3000329,False,True,1,0,False
1785430955.7579584,20,1785444517.138655,37.481116960402844,0.631672388799878,36.78950179293507,True,37.5,36.5,38.6,0.95,0.05,0.0,0.7,0.03,2,1785444527.1665847,True,True,True,False,1785444360.3000329,False,True,1,0,False
1785430955.7579584,20,1785444537.145265,37.49980926222629,0.6318249790188449,36.773479819943546,True,37.5,36.5,38.6,0.95,0.05,0.0,0.7,0.03,2,1785444547.1728399,True,True,True,True,1785444540.3000484,False,True,1,0,False
1785430955.7579584,20,1785444557.1526232,37.48645761806668,0.6316533150225071,36.78149080643931,True,37.5,36.5,38.6,0.95,0.05,0.0,0.7,0.03,2,1785444567.181934,True,False,True,False,1785444540.3000484,False,True,1,0,False
1785430955.7579584,20,1785444577.161424,37.507820248722055,0.6316342412451362,36.78149080643931,True,37.5,36.5,38.6,0.95,0.05,0.0,0.7,0.03,2,1785444587.1907392,True,True,True,False,1785444540.3000484,False,1,0,0,False
1785430955.7579584,20,1785444597.170249,37.531853208209355,0.631672388799878,36.79751277943083,True,37.5,36.5,38.6,0.95,0.05,0.0,0.7,0.03,2,1785444607.1994119,True,False,True,False,1785444540.3000484,False,1,0,0,False
1785430955.7579584,20,1785444617.1788437,37.52384222171359,0.6317677576867322,36.80819409475852,True,37.5,36.5,38.6,0.95,0.05,0.0,0.7,0.03,2,1785444627.2073429,True,False,True,False,1785444540.3000484,False,1,0,0,False
1785430955.7579584,20,1785444637.1872556,37.56389715419242,0.6319394216830702,36.81887541008621,True,37.5,36.5,38.6,0.95,0.05,0.0,0.7,0.03,2,1785444647.2164388,True,True,True,False,1785444540.3000484,False,1,0,0,False
1785430955.7579584,20,1785444657.1958046,37.52384222171359,0.631672388799878,36.78950179293507,True,37.5,36.5,38.6,0.95,0.05,0.0,0.7,0.03,2,1785444667.2245197,True,True,True,False,1785444540.3000484,False,1,0,0,False
1785430955.7579584,20,1785444677.2034345,37.52384222171359,0.631958495460441,36.80552376592661,True,37.5,36.5,38.6,0.95,0.05,0.0,0.7,0.03,2,1785444687.2306526,True,True,True,False,1785444540.3000484,False,1,0,0,False
1785430955.7579584,20,1785444697.2107139,37.50247959105822,0.6318059052414741,36.80552376592661,True,37.5,36.5,38.6,0.95,0.05,0.0,0.7,0.03,2,1785444707.2398229,True,True,True,False,1785444540.3000484,False,1,0,0,False
1785430955.7579584,20,1785444717.2192757,37.50247959105822,0.6318059052414741,36.77882047760738,True,37.5,36.5,38.6,0.95,0.05,0.0,0.7,0.03,2,1785444727.2483222,True,True,True,True,1785444720.300101,False,1,0,0,False
1785430955.7579584,20,1785444737.2277179,37.49446860456244,0.6318249790188449,36.78416113527123,True,37.5,36.5,38.6,0.95,0.05,0.0,0.7,0.03,2,1785444747.2570617,True,True,True,False,1785444720.300101,False,True,1,0,False
1785430955.7579584,20,1785444757.2367625,37.481116960402844,0.6318440527962157,36.78149080643931,True,37.5,36.5,38.6,0.95,0.05,0.0,0.7,0.03,2,1785444767.2672439,True,True,True,False,1785444720.300101,False,True,1,0,False
1785430955.7579584,20,1785444777.2455506,37.49179827573053,0.6317677576867322,36.78149080643931,True,37.5,36.5,38.6,0.95,0.05,0.0,0.7,0.03,2,1785444787.2798557,True,True,True,False,1785444720.300101,False,True,1,0,False
1785430955.7579584,20,1785444797.259198,37.50514991989013,0.6315579461356527,36.78149080643931,True,37.5,36.5,38.6,0.95,0.05,0.0,0.7,0.03,2,1785444807.2884579,True,True,True,False,1785444720.300101,False,1,0,0,False
1785430955.7579584,20,1785444817.267897,37.50247959105822,0.6315007248035401,36.786831464103145,True,37.5,36.5,38.6,0.95,0.05,0.0,0.7,0.03,2,1785444827.297081,True,True,True,False,1785444720.300101,False,1,0,0,False
1785430955.7579584,20,1785444837.2764845,37.526512550545505,0.6319775692378119,36.792172121766995,True,37.5,36.5,38.6,0.95,0.05,0.0,0.7,0.03,2,1785444847.3062587,True,True,True,False,1785444720.300101,False,1,0,0,False
1785430955.7579584,20,1785444857.285066,37.53986419470512,0.6317105363546197,36.82688639658198,True,37.5,36.5,38.6,0.95,0.05,0.0,0.7,0.03,2,1785444867.314319,True,True,True,False,1785444720.300101,False,1,0,0,False
1785430955.7579584,20,1785444877.2939227,37.52384222171359,0.631958495460441,36.78416113527123,True,37.5,36.5,38.6,0.95,0.05,0.0,0.7,0.03,2,1785444887.3231046,True,False,True,False,1785444720.300101,False,1,0,0,False
1785430955.7579584,20,1785444897.30256,37.52384222171359,0.6316533150225071,36.80018310826276,True,37.5,36.5,38.6,0.95,0.05,0.0,0.7,0.03,2,1785444907.3306327,True,True,True,True,1785444900.3001325,False,1,0,0,False
1785430955.7579584,20,1785444917.3101234,37.51850156404974,0.6316533150225071,36.80018310826276,True,37.5,36.5,38.6,0.95,0.05,0.0,0.7,0.03,2,1785444927.3379023,True,True,True,False,1785444900.3001325,False,1,0,0,False
1785430955.7579584,20,1785444937.3175404,37.51049057755398,0.6317105363546197,36.80018310826276,True,37.5,36.5,38.6,0.95,0.05,0.0,0.7,0.03,2,1785444947.3465228,True,True,True,False,1785444900.3001325,False,1,0,0,False
1785430955.7579584,20,1785444957.32579,37.48645761806668,0.6316151674677652,36.786831464103145,True,37.5,36.5,38.6,0.95,0.05,0.0,0.7,0.03,2,1785444967.3549807,True,False,True,False,1785444900.3001325,False,True,1,0,False
1785430955.7579584,20,1785444977.3344195,37.465094987411305,0.6313290608072023,36.77080949111162,True,37.5,36.5,38.6,0.95,0.05,0.0,0.7,0.03,2,1785444987.363798,True,True,True,False,1785444900.3001325,False,True,1,0,False
1785430955.7579584,20,1785444997.3433156,37.489127946898606,0.632111085679408,36.75478751812008,True,37.5,36.5,38.6,0.95,0.05,0.0,0.7,0.03,2,1785445007.3726306,True,True,True,False,1785444900.3001325,False,True,1,0,False
1785430955.7579584,20,1785445017.3519561,37.470435645075156,0.6316151674677652,36.77615014877546,True,37.5,36.5,38.6,0.95,0.05,0.0,0.7,0.03,2,1785445027.3810499,True,True,True,False,1785444900.3001325,False,True,1,0,False
1785430955.7579584,20,1785445037.3594508,37.49446860456244,0.6316533150225071,36.80285343709468,True,37.5,36.5,38.6,0.95,0.05,0.0,0.7,0.03,2,1785445047.386745,True,True,True,False,1785444900.3001325,False,True,1,0,False
1785430955.7579584,20,1785445057.365714,37.513160906385906,0.6316533150225071,36.773479819943546,True,37.5,36.5,38.6,0.95,0.05,0.0,0.7,0.03,2,1785445067.3924692,True,True,True,False,1785444900.3001325,False,1,0,0,False
1785430955.7579584,20,1785445077.3720407,37.52384222171359,0.6317486839093615,36.78950179293507,True,37.5,36.5,38.6,0.95,0.05,0.0,0.7,0.03,2,1785445087.3993518,True,True,True,True,1785445080.300138,False,1,0,0,False
1785430955.7579584,20,1785445097.378399,37.54520485236897,0.6319203479056992,36.80552376592661,True,37.5,36.5,38.6,0.95,0.05,0.0,0.7,0.03,2,1785445107.4053898,True,True,True,False,1785445080.300138,False,1,0,0,False
1785430955.7579584,20,1785445117.3847954,37.51850156404974,0.6316533150225071,36.80552376592661,True,37.5,36.5,38.6,0.95,0.05,0.0,0.7,0.03,2,1785445127.4123807,True,True,True,False,1785445080.300138,False,1,0,0,False
1785430955.7579584,20,1785445137.3924713,37.52117189288167,0.6320920119020371,36.810864423590445,True,37.5,36.5,38.6,0.95,0.05,0.0,0.7,0.03,2,1785445147.4215562,True,False,True,False,1785445080.300138,False,1,0,0,False
1785430955.7579584,20,1785445157.3998218,37.513160906385906,0.6317868314641032,36.81887541008621,True,37.5,36.5,38.6,0.95,0.05,0.0,0.7,0.03,2,1785445167.4272606,True,False,True,False,1785445080.300138,False,1,0,0,False
1785430955.7579584,20,1785445177.4062543,37.507820248722055,0.6317677576867322,36.80285343709468,True,37.5,36.5,38.6,0.95,0.05,0.0,0.7,0.03,2,1785445187.433626,True,True,True,False,1785445080.300138,False,1,0,0,False
1785430955.7579584,20,1785445197.4126205,37.483787289234755,0.6318059052414741,36.786831464103145,True,37.5,36.5,38.6,0.95,0.05,0.0,0.7,0.03,2,1785445207.4420907,True,False,True,False,1785445080.300138,False,True,1,0,False
1785430955.7579584,20,1785445217.4187655,37.438391699092094,0.6316533150225071,36.786831464103145,True,37.5,36.5,38.6,0.95,0.05,0.0,0.7,0.03,2,1785445227.4458477,False,True,True,False,1785445080.300138,False,True,1,0,False
1785430955.7579584,20,1785445237.4248803,37.355611505302505,0.6315770199130236,36.78149080643931,True,37.5,36.5,38.6,0.95,0.05,0.0,0.7,0.03,2,1785445247.4519906,False,True,True,False,1785445080.300138,False,True,1,0,False
1785430955.7579584,20,1785445257.4308555,37.29953459983216,0.6318249790188449,36.78416113527123,True,37.5,36.5,38.6,0.95,0.05,0.0,0.7,0.03,2,1785445267.4579468,False,True,True,True,1785445260.3001456,False,True,1,0,False
1785430955.7579584,20,1785445277.436874,37.262149996185244,0.6316533150225071,36.78416113527123,True,37.5,36.5,38.6,0.95,0.05,0.0,0.7,0.03,2,1785445287.4633973,False,True,True,False,1785445260.3001456,False,True,1,0,False
1785430955.7579584,20,1785445297.44277,37.219424734874494,0.6312527656977188,36.76279850461586,True,37.5,36.5,38.6,0.95,0.05,0.0,0.7,0.03,2,1785445307.4698694,False,True,True,False,1785445260.3001456,False,True,1,0,False
1785430955.7579584,20,1785445317.4487193,37.23010605020218,0.6315579461356527,36.82154573891813,True,37.5,36.5,38.6,0.95,0.05,0.0,0.7,0.03,2,1785445327.4753945,False,True,True,False,1785445260.3001456,False,True,1,0,False
1785430955.7579584,20,1785445337.454727,37.22209506370642,0.6315579461356527,36.82688639658198,True,37.5,36.5,38.6,0.95,0.05,0.0,0.7,0.03,2,1785445347.481318,False,True,True,False,1785445260.3001456,False,True,1,0,False
1785430955.7579584,20,1785445357.4606788,37.23010605020218,0.6317105363546197,36.82421606775006,True,37.5,36.5,38.6,0.95,0.05,0.0,0.7,0.03,2,1785445367.487724,False,True,True,False,1785445260.3001456,False,True,1,0,False
1785430955.7579584,20,1785445377.4665763,37.23010605020218,0.6313290608072023,36.834897383077745,True,37.5,36.5,38.6,0.95,0.05,0.0,0.7,0.03,2,1785445387.493785,False,True,True,False,1785445260.3001456,False,True,1,0,False
1785430955.7579584,20,1785445397.4726882,37.243457694361794,0.6312909132524606,36.84023804074158,True,37.5,36.5,38.6,0.95,0.05,0.0,0.7,0.03,2,1785445407.4992635,False,True,True,False,1785445260.3001456,False,True,1,0,False
1785430955.7579584,20,1785445417.478633,37.23544670786603,0.6312718394750897,36.86160067139696,True,37.5,36.5,38.6,0.95,0.05,0.0,0.7,0.03,2,1785445427.50578,False,True,True,False,1785445260.3001456,False,True,1,0,False
1785430955.7579584,20,1785445437.48468,37.25413900968948,0.6316342412451362,36.86694132906081,True,37.5,36.5,38.6,0.95,0.05,0.0,0.7,0.03,2,1785445447.5117295,False,True,True,True,1785445440.3001685,False,True,1,0,False
1785430955.7579584,20,1785445457.4906442,37.25680933852141,0.6315007248035401,36.88029297322042,True,37.5,36.5,38.6,0.95,0.05,0.0,0.7,0.03,2,1785445467.5177567,False,True,True,False,1785445440.3001685,False,True,1,0,False
1785430955.7579584,20,1785445477.496646,37.294193942168306,0.6317486839093615,36.88029297322042,True,37.5,36.5,38.6,0.95,0.05,0.0,0.7,0.03,2,1785445487.523177,False,True,True,False,1785445440.3001685,False,True,1,0,False
1785430955.7579584,20,1785445497.5025432,37.28351262684062,0.6316342412451362,36.92301823453117,True,37.5,36.5,38.6,0.95,0.05,0.0,0.7,0.03,2,1785445507.5294323,False,True,True,False,1785445440.3001685,False,True,1,0,False
1785430955.7579584,20,1785445517.5085185,37.28351262684062,0.6316914625772487,36.93369954985886,True,37.5,36.5,38.6,0.95,0.05,0.0,0.7,0.03,2,1785445527.5355773,False,True,True,False,1785445440.3001685,False,True,1,0,False
1785430955.7579584,20,1785445537.5145051,37.33424887464713,0.6316533150225071,36.93369954985886,True,37.5,36.5,38.6,0.95,0.05,0.0,0.7,0.03,2,1785445547.541623,False,True,True,False,1785445440.3001685,False,True,1,0,False
1785430955.7579584,20,1785445557.5205457,37.34760051880674,0.6314625772487983,36.95239185168231,True,37.5,36.5,38.6,0.95,0.05,0.0,0.7,0.03,2,1785445567.5470464,False,True,True,False,1785445440.3001685,False,True,1,0,False
1785430955.7579584,20,1785445577.526544,37.34760051880674,0.6316151674677652,36.93636987869077,True,37.5,36.5,38.6,0.95,0.05,0.0,0.7,0.03,2,1785445587.5538235,False,True,True,False,1785445440.3001685,False,True,1,0,False
1785430955.7579584,20,1785445597.5326889,37.355611505302505,0.6318822003509575,37.00045777065691,True,37.5,36.5,38.6,0.95,0.05,0.0,0.7,0.03,2,1785445607.5596724,False,True,True,False,1785445440.3001685,False,True,1,0,False
1785430955.7579584,20,1785445617.538606,37.38498512245366,0.6315007248035401,36.97909514000152,True,37.5,36.5,38.6,0.95,0.05,0.0,0.7,0.03,2,1785445627.565687,False,True,True,True,1785445620.300173,False,True,1,0,False
1785430955.7579584,20,1785445637.5445547,37.38765545128557,0.6318059052414741,37.01647974364843,True,37.5,36.5,38.6,0.95,0.05,0.0,0.7,0.03,2,1785445647.5716047,False,True,True,False,1785445620.300173,False,True,1,0,False
1785430955.7579584,20,1785445657.5505009,37.395666437781344,0.631519798580911,37.00846875715267,True,37.5,36.5,38.6,0.95,0.05,0.0,0.7,0.03,2,1785445667.5769398,False,True,True,False,1785445620.300173,False,True,1,0,False
1785430955.7579584,20,1785445677.556522,37.40634775310903,0.6315960936903945,37.04585336079957,True,37.5,36.5,38.6,0.95,0.05,0.0,0.7,0.03,2,1785445687.5836525,False,True,True,False,1785445620.300173,False,True,1,0,False
1785430955.7579584,20,1785445697.562584,37.40634775310903,0.631672388799878,37.04051270313573,True,37.5,36.5,38.6,0.95,0.05,0.0,0.7,0.03,2,1785445707.5895987,False,True,True,False,1785445620.300173,False,True,1,0,False
1785430955.7579584,20,1785445717.5685396,37.43305104142824,0.6318249790188449,37.05653467612726,True,37.5,36.5,38.6,0.95,0.05,0.0,0.7,0.03,2,1785445727.5956695,False,True,True,False,1785445620.300173,False,True,1,0,False
1785430955.7579584,20,1785445737.5746124,37.43572137026017,0.631672388799878,37.07789730678263,True,37.5,36.5,38.6,0.95,0.05,0.0,0.7,0.03,2,1785445747.6017656,False,True,True,False,1785445620.300173,False,True,1,0,False
1785430955.7579584,20,1785445757.5806837,37.438391699092094,0.6316533150225071,37.096589608606095,True,37.5,36.5,38.6,0.95,0.05,0.0,0.7,0.03,2,1785445767.6076877,False,True,True,False,1785445620.300173,False,True,1,0,False
1785430955.7579584,20,1785445777.586566,37.465094987411305,0.6317868314641032,37.08056763561456,True,37.5,36.5,38.6,0.95,0.05,0.0,0.7,0.03,2,1785445787.613636,False,True,True,False,1785445620.300173,False,True,1,0,False
1785430955.7579584,20,1785445797.5925403,37.47844663157092,0.6319966430151827,37.11261158159762,True,37.5,36.5,38.6,0.95,0.05,0.0,0.7,0.03,2,1785445807.619703,False,True,True,True,1785445800.3001769,False,True,1,0,False
1785430955.7579584,20,1785445817.5985796,37.49713893339437,0.6316533150225071,37.11795223926147,True,37.5,36.5,38.6,0.95,0.05,0.0,0.7,0.03,2,1785445827.6256456,False,True,True,False,1785445800.3001769,False,True,1,0,False
1785430955.7579584,20,1785445837.6045542,37.526512550545505,0.6319203479056992,37.12863355458916,True,37.5,36.5,38.6,0.95,0.05,0.0,0.7,0.03,2,1785445847.6315582,False,True,True,False,1785445800.3001769,False,1,0,0,False
1785430955.7579584,20,1785445857.610493,37.513160906385906,0.6318631265735867,37.14732585641261,True,37.5,36.5,38.6,0.95,0.05,0.0,0.7,0.03,2,1785445867.6376255,False,True,True,False,1785445800.3001769,False,1,0,0,False
1785430955.7579584,20,1785445877.6165357,37.52384222171359,0.6318631265735867,37.158007171740294,True,37.5,36.5,38.6,0.95,0.05,0.0,0.7,0.03,2,1785445887.643026,False,True,True,False,1785445800.3001769,False,1,0,0,False
1785430955.7579584,20,1785445897.6225111,37.53452353704128,0.6317868314641032,37.184710460059506,True,37.5,36.5,38.6,0.95,0.05,0.0,0.7,0.03,2,1785445907.6496491,False,True,True,False,1785445800.3001769,False,1,0,0,False
1785430955.7579584,20,1785445917.628537,37.53986419470512,0.6315770199130236,37.16334782940413,True,37.5,36.5,38.6,0.95,0.05,0.0,0.7,0.03,2,1785445927.655586,False,True,True,False,1785445800.3001769,False,1,0,0,False
1785430955.7579584,20,1785445937.634521,37.53719386587319,0.6319394216830702,37.16334782940413,True,37.5,36.5,38.6,0.95,0.05,0.0,0.7,0.03,2,1785445947.6615949,False,True,True,False,1785445800.3001769,False,1,0,0,False
1785430955.7579584,20,1785445957.6404862,37.50247959105822,0.6318249790188449,37.14465552758068,True,37.5,36.5,38.6,0.95,0.05,0.0,0.7,0.03,2,1785445967.6676347,False,True,True,False,1785445800.3001769,False,1,0,0,False
1785430955.7579584,20,1785445977.6465013,37.52384222171359,0.6318249790188449,37.139314869916845,True,37.5,36.5,38.6,0.95,0.05,0.0,0.7,0.03,2,1785445987.6735728,False,True,True,True,1785445980.3001966,False,1,0,0,False
1785430955.7579584,20,1785445997.6525118,37.49446860456244,0.6316914625772487,37.10727092393378,True,37.5,36.5,38.6,0.95,0.05,0.0,0.7,0.03,2,1785446007.6795952,False,True,True,False,1785445980.3001966,False,True,1,0,False
1785430955.7579584,20,1785446017.6584768,37.48645761806668,0.6317296101319906,37.10727092393378,True,37.5,36.5,38.6,0.95,0.05,0.0,0.7,0.03,2,1785446027.6855514,False,True,True,False,1785445980.3001966,False,True,1,0,False
1785430955.7579584,20,1785446037.664496,37.46776531624323,0.6318249790188449,37.08056763561456,True,37.5,36.5,38.6,0.95,0.05,0.0,0.7,0.03,2,1785446047.6915755,False,True,True,False,1785445980.3001966,False,True,1,0,False
1785430955.7579584,20,1785446057.6704764,37.481116960402844,0.6319394216830702,37.109941252765694,True,37.5,36.5,38.6,0.95,0.05,0.0,0.7,0.03,2,1785446067.6976717,False,True,True,False,1785445980.3001966,False,True,1,0,False
1785430955.7579584,20,1785446077.6765552,37.49179827573053,0.6316914625772487,37.115281910429545,True,37.5,36.5,38.6,0.95,0.05,0.0,0.7,0.03,2,1785446087.7036557,False,True,True,False,1785445980.3001966,False,True,1,0,False
1785430955.7579584,20,1785446097.6824622,37.49179827573053,0.6321492332341496,37.12062256809338,True,37.5,36.5,38.6,0.95,0.05,0.0,0.7,0.03,2,1785446107.7095304,False,True,True,False,1785445980.3001966,False,True,1,0,False
1785430955.7579584,20,1785446117.6884112,37.50247959105822,0.631672388799878,37.12596322575723,True,37.5,36.5,38.6,0.95,0.05,0.0,0.7,0.03,2,1785446127.71547,False,True,True,False,1785445980.3001966,False,1,0,0,False
1785430955.7579584,20,1785446137.6943605,37.526512550545505,0.6319203479056992,37.17402914473182,True,37.5,36.5,38.6,0.95,0.05,0.0,0.7,0.03,2,1785446147.7213905,False,True,True,False,1785445980.3001966,False,1,0,0,False
1785430955.7579584,20,1785446157.700315,37.513160906385906,0.6319012741283284,37.16601815823606,True,37.5,36.5,38.6,0.95,0.05,0.0,0.7,0.03,2,1785446167.727384,False,True,True,True,1785446160.3002174,False,1,0,0,False
1785430955.7579584,20,1785446177.706318,37.507820248722055,0.6318631265735867,37.15533684290837,True,37.5,36.5,38.6,0.95,0.05,0.0,0.7,0.03,2,1785446187.7335382,False,True,True,False,1785446160.3002174,False,1,0,0,False
1785430955.7579584,20,1785446197.7125862,37.52117189288167,0.631367208361944,37.14465552758068,True,37.5,36.5,38.6,0.95,0.05,0.0,0.7,0.03,2,1785446207.7396643,False,True,True,False,1785446160.3002174,False,1,0,0,False
1785430955.7579584,20,1785446217.7187314,37.48645761806668,0.6317677576867322,37.12863355458916,True,37.5,36.5,38.6,0.95,0.05,0.0,0.7,0.03,2,1785446227.7457843,False,True,True,False,1785446160.3002174,False,True,1,0,False
1785430955.7579584,20,1785446237.7246976,37.49980926222629,0.6319966430151827,37.139314869916845,True,37.5,36.5,38.6,0.95,0.05,0.0,0.7,0.03,2,1785446247.751453,False,True,True,False,1785446160.3002174,False,True,1,0,False
1785430955.7579584,20,1785446257.730779,37.481116960402844,0.6318440527962157,37.14732585641261,True,37.5,36.5,38.6,0.95,0.05,0.0,0.7,0.03,2,1785446267.7573814,False,True,True,False,1785446160.3002174,False,True,1,0,False
1785430955.7579584,20,1785446277.7367394,37.49713893339437,0.6315388723582818,37.14732585641261,True,37.5,36.5,38.6,0.95,0.05,0.0,0.7,0.03,2,1785446287.763746,False,True,True,False,1785446160.3002174,False,True,1,0,False
1785430955.7579584,20,1785446297.742629,37.49179827573053,0.6316914625772487,37.12596322575723,True,37.5,36.5,38.6,0.95,0.05,0.0,0.7,0.03,2,1785446307.7692661,False,True,True,False,1785446160.3002174,False,True,1,0,False
1785430955.7579584,20,1785446317.7485988,37.48645761806668,0.6315960936903945,37.13664454108492,True,37.5,36.5,38.6,0.95,0.05,0.0,0.7,0.03,2,1785446327.7757275,False,True,True,False,1785446160.3002174,False,True,1,0,False
1785430955.7579584,20,1785446337.7547007,37.49980926222629,0.6317105363546197,37.158007171740294,True,37.5,36.5,38.6,0.95,0.05,0.0,0.7,0.03,2,1785446347.781823,False,True,True,True,1785446340.3002565,False,True,1,0,False
1785430955.7579584,20,1785446357.7607424,37.507820248722055,0.6316342412451362,37.12863355458916,True,37.5,36.5,38.6,0.95,0.05,0.0,0.7,0.03,2,1785446367.787243,False,True,True,False,1785446340.3002565,False,1,0,0,False
1785430955.7579584,20,1785446377.766614,37.507820248722055,0.6317105363546197,37.176699473563744,True,37.5,36.5,38.6,0.95,0.05,0.0,0.7,0.03,2,1785446387.7937589,False,True,True,False,1785446340.3002565,False,1,0,0,False
1785430955.7579584,20,1785446397.7726753,37.54787518120088,0.6319203479056992,37.139314869916845,True,37.5,36.5,38.6,0.95,0.05,0.0,0.7,0.03,2,1785446407.7992275,False,True,True,False,1785446340.3002565,False,1,0,0,False
1785430955.7579584,20,1785446417.778617,37.52384222171359,0.6315960936903945,37.17135881589991,True,37.5,36.5,38.6,0.95,0.05,0.0,0.7,0.03,2,1785446427.8057475,False,True,True,False,1785446340.3002565,False,1,0,0,False
1785430955.7579584,20,1785446437.7846696,37.54787518120088,0.6316533150225071,37.16601815823606,True,37.5,36.5,38.6,0.95,0.05,0.0,0.7,0.03,2,1785446447.8117304,False,True,True,False,1785446340.3002565,False,1,0,0,False
1785430955.7579584,20,1785446457.790609,37.49179827573053,0.6319203479056992,37.17402914473182,True,37.5,36.5,38.6,0.95,0.05,0.0,0.7,0.03,2,1785446467.8171735,False,True,True,False,1785446340.3002565,False,True,1,0,False
1785430955.7579584,20,1785446477.7965972,37.48645761806668,0.6318059052414741,37.14732585641261,True,37.5,36.5,38.6,0.95,0.05,0.0,0.7,0.03,2,1785446487.823656,False,True,True,False,1785446340.3002565,False,True,1,0,False
1785430955.7579584,20,1785446497.8025374,37.48645761806668,0.6316151674677652,37.13664454108492,True,37.5,36.5,38.6,0.95,0.05,0.0,0.7,0.03,2,1785446507.8296535,False,True,True,False,1785446340.3002565,False,True,1,0,False
1785430955.7579584,20,1785446517.8085337,37.49713893339437,0.631958495460441,37.158007171740294,True,37.5,36.5,38.6,0.95,0.05,0.0,0.7,0.03,2,1785446527.8355677,False,True,True,True,1785446520.300265,False,True,1,0,False
1785430955.7579584,20,1785446537.8144886,37.52117189288167,0.6317486839093615,37.17402914473182,True,37.5,36.5,38.6,0.95,0.05,0.0,0.7,0.03,2,1785446547.8416784,False,True,True,False,1785446520.300265,False,1,0,0,False
1785430955.7579584,20,1785446557.8205898,37.507820248722055,0.6321492332341496,37.15533684290837,True,37.5,36.5,38.6,0.95,0.05,0.0,0.7,0.03,2,1785446567.847561,False,True,True,False,1785446520.300265,False,1,0,0,False
1785430955.7579584,20,1785446577.8264868,37.49713893339437,0.6317486839093615,37.14465552758068,True,37.5,36.5,38.6,0.95,0.05,0.0,0.7,0.03,2,1785446587.85367,False,True,True,False,1785446520.300265,False,True,1,0,False
1785430955.7579584,20,1785446597.8324976,37.49446860456244,0.6319012741283284,37.14465552758068,True,37.5,36.5,38.6,0.95,0.05,0.0,0.7,0.03,2,1785446607.8590126,False,True,True,False,1785446520.300265,False,True,1,0,False
1785430955.7579584,20,1785446617.8385339,37.507820248722055,0.6317105363546197,37.14465552758068,True,37.5,36.5,38.6,0.95,0.05,0.0,0.7,0.03,2,1785446627.865222,False,True,True,False,1785446520.300265,False,1,0,0,False
1785430955.7579584,20,1785446637.8445714,37.531853208209355,0.6315579461356527,37.17135881589991,True,37.5,36.5,38.6,0.95,0.05,0.0,0.7,0.03,2,1785446647.8715596,False,True,True,False,1785446520.300265,False,1,0,0,False
1785430955.7579584,20,1785446657.8505013,37.51850156404974,0.6318822003509575,37.16334782940413,True,37.5,36.5,38.6,0.95,0.05,0.0,0.7,0.03,2,1785446667.8771274,False,True,True,False,1785446520.300265,False,1,0,0,False
1785430955.7579584,20,1785446677.856558,37.52384222171359,0.6320920119020371,37.13130388342107,True,37.5,36.5,38.6,0.95,0.05,0.0,0.7,0.03,2,1785446687.883596,False,True,True,False,1785446520.300265,False,1,0,0,False
1785430955.7579584,20,1785446697.8624911,37.507820248722055,0.6318631265735867,37.158007171740294,True,37.5,36.5,38.6,0.95,0.05,0.0,0.7,0.03,2,1785446707.8895872,False,True,True,True,1785446700.3002956,False,1,0,0,False
1785430955.7579584,20,1785446717.8685355,37.507820248722055,0.6319012741283284,37.152666514076444,True,37.5,36.5,38.6,0.95,0.05,0.0,0.7,0.03,2,1785446727.8951244,False,True,True,False,1785446700.3002956,False,1,0,0,False
1785430955.7579584,20,1785446737.8745522,37.47310597390707,0.631672388799878,37.158007171740294,True,37.5,36.5,38.6,0.95,0.05,0.0,0.7,0.03,2,1785446747.9017298,False,True,True,False,1785446700.3002956,False,True,1,0,False
1785430955.7579584,20,1785446757.8806934,37.48645761806668,0.6316914625772487,37.16067750057222,True,37.5,36.5,38.6,0.95,0.05,0.0,0.7,0.03,2,1785446767.9073133,False,True,True,False,1785446700.3002956,False,True,1,0,False
1785430955.7579584,20,1785446777.8866923,37.49713893339437,0.6316342412451362,37.133974212252994,True,37.5,36.5,38.6,0.95,0.05,0.0,0.7,0.03,2,1785446787.9138017,False,True,True,False,1785446700.3002956,False,True,1,0,False
1785430955.7579584,20,1785446797.8927157,37.49446860456244,0.6318249790188449,37.14465552758068,True,37.5,36.5,38.6,0.95,0.05,0.0,0.7,0.03,2,1785446807.9197872,False,True,True,False,1785446700.3002956,False,True,1,0,False
1785430955.7579584,20,1785446817.8990397,37.49713893339437,0.6319203479056992,37.12863355458916,True,37.5,36.5,38.6,0.95,0.05,0.0,0.7,0.03,2,1785446827.9261932,False,True,True,False,1785446700.3002956,False,True,1,0,False
1785430955.7579584,20,1785446837.9049852,37.49980926222629,0.6319203479056992,37.176699473563744,True,37.5,36.5,38.6,0.95,0.05,0.0,0.7,0.03,2,1785446847.9316862,False,True,True,False,1785446700.3002956,False,True,1,0,False
1785430955.7579584,20,1785446857.910815,37.51850156404974,0.6321301594567789,37.17402914473182,True,37.5,36.5,38.6,0.95,0.05,0.0,0.7,0.03,2,1785446867.9378684,False,True,True,False,1785446700.3002956,False,1,0,0,False
1785430955.7579584,20,1785446877.9168057,37.53986419470512,0.6316151674677652,37.184710460059506,True,37.5,36.5,38.6,0.95,0.05,0.0,0.7,0.03,2,1785446887.9433622,False,True,True,True,1785446880.3003147,False,1,0,0,False
1785430955.7579584,20,1785446897.922814,37.54520485236897,0.6315770199130236,37.184710460059506,True,37.5,36.5,38.6,0.95,0.05,0.0,0.7,0.03,2,1785446907.94984,False,True,True,False,1785446880.3003147,False,1,0,0,False
1785430955.7579584,20,1785446917.9287772,37.53452353704128,0.6319966430151827,37.19539177538719,True,37.5,36.5,38.6,0.95,0.05,0.0,0.7,0.03,2,1785446927.9557514,False,True,True,False,1785446880.3003147,False,1,0,0,False
1785430955.7579584,20,1785446937.9346457,37.531853208209355,0.631672388799878,37.19539177538719,True,37.5,36.5,38.6,0.95,0.05,0.0,0.7,0.03,2,1785446947.9612226,False,True,True,False,1785446880.3003147,False,1,0,0,False
1785430955.7579584,20,1785446957.9406674,37.50247959105822,0.6320729381246661,37.182040131227595,True,37.5,36.5,38.6,0.95,0.05,0.0,0.7,0.03,2,1785446967.9676783,False,True,True,False,1785446880.3003147,False,1,0,0,False
1785430955.7579584,20,1785446977.9465818,37.50247959105822,0.6318059052414741,37.14465552758068,True,37.5,36.5,38.6,0.95,0.05,0.0,0.7,0.03,2,1785446987.9736998,False,True,True,False,1785446880.3003147,False,1,0,0,False
1785430955.7579584,20,1785446997.9526467,37.51049057755398,0.6317105363546197,37.17135881589991,True,37.5,36.5,38.6,0.95,0.05,0.0,0.7,0.03,2,1785447007.9796798,False,True,True,False,1785446880.3003147,False,1,0,0,False
1785430955.7579584,20,1785447017.9585674,37.47577630273899,0.6318822003509575,37.12863355458916,True,37.5,36.5,38.6,0.95,0.05,0.0,0.7,0.03,2,1785447027.9890566,False,True,True,False,1785446880.3003147,False,True,1,0,False
1785430955.7579584,20,1785447037.9678884,37.49446860456244,0.6319203479056992,37.16067750057222,True,37.5,36.5,38.6,0.95,0.05,0.0,0.7,0.03,2,1785447047.9949756,False,True,True,False,1785446880.3003147,False,True,1,0,False
1785430955.7579584,20,1785447057.9739175,37.48645761806668,0.6315960936903945,37.12596322575723,True,37.5,36.5,38.6,0.95,0.05,0.0,0.7,0.03,2,1785447068.000569,False,True,True,True,1785447060.300318,False,True,1,0,False
1785430955.7579584,20,1785447077.9799075,37.48645761806668,0.6319012741283284,37.141985198748756,True,37.5,36.5,38.6,0.95,0.05,0.0,0.7,0.03,2,1785447088.0069473,False,True,True,False,1785447060.300318,False,True,1,0,False
1785430955.7579584,20,1785447097.9858427,37.470435645075156,0.6316151674677652,37.13130388342107,True,37.5,36.5,38.6,0.95,0.05,0.0,0.7,0.03,2,1785447108.0129309,False,True,True,False,1785447060.300318,False,True,1,0,False
1785430955.7579584,20,1785447117.9917705,37.50247959105822,0.6318059052414741,37.152666514076444,True,37.5,36.5,38.6,0.95,0.05,0.0,0.7,0.03,2,1785447128.0188284,False,True,True,False,1785447060.300318,False,1,0,0,False
1785430955.7579584,20,1785447137.9978569,37.47844663157092,0.6318440527962157,37.17402914473182,True,37.5,36.5,38.6,0.95,0.05,0.0,0.7,0.03,2,1785447148.0250022,False,True,True,False,1785447060.300318,False,True,1,0,False
1785430955.7579584,20,1785447158.0039105,37.513160906385906,0.6316914625772487,37.16601815823606,True,37.5,36.5,38.6,0.95,0.05,0.0,0.7,0.03,2,1785447168.0311444,False,True,True,False,1785447060.300318,False,1,0,0,False
1785430955.7579584,20,1785447178.0101042,37.50247959105822,0.6320729381246661,37.18738078889143,True,37.5,36.5,38.6,0.95,0.05,0.0,0.7,0.03,2,1785447188.0367966,False,True,True,False,1785447060.300318,False,1,0,0,False
1785430955.7579584,20,1785447198.016146,37.51583123521782,0.631519798580911,37.182040131227595,True,37.5,36.5,38.6,0.95,0.05,0.0,0.7,0.03,2,1785447208.0432327,False,True,True,False,1785447060.300318,False,1,0,0,False
1785430955.7579584,20,1785447218.0221074,37.53452353704128,0.6319012741283284,37.182040131227595,True,37.5,36.5,38.6,0.95,0.05,0.0,0.7,0.03,2,1785447228.0491877,False,True,True,False,1785447060.300318,False,1,0,0,False
1785430955.7579584,20,1785447238.0280428,37.52117189288167,0.6316914625772487,37.16067750057222,True,37.5,36.5,38.6,0.95,0.05,0.0,0.7,0.03,2,1785447248.0553358,False,True,True,True,1785447240.3003411,False,1,0,0,False
1785430955.7579584,20,1785447258.0342283,37.513160906385906,0.6317868314641032,37.20607309071488,True,37.5,36.5,38.6,0.95,0.05,0.0,0.7,0.03,2,1785447268.061338,False,True,True,False,1785447240.3003411,False,1,0,0,False
1785430955.7579584,20,1785447278.0401793,37.50247959105822,0.6314625772487983,37.184710460059506,True,37.5,36.5,38.6,0.95,0.05,0.0,0.7,0.03,2,1785447288.0673833,False,True,True,False,1785447240.3003411,False,1,0,0,False
1785430955.7579584,20,1785447298.0462391,37.49713893339437,0.6320347905699245,37.17402914473182,True,37.5,36.5,38.6,0.95,0.05,0.0,0.7,0.03,2,1785447308.07348,False,True,True,False,1785447240.3003411,False,True,1,0,False
1785430955.7579584,20,1785447318.0523121,37.48645761806668,0.6316533150225071,37.158007171740294,True,37.5,36.5,38.6,0.95,0.05,0.0,0.7,0.03,2,1785447328.0789735,False,True,True,False,1785447240.3003411,False,True,1,0,False
1785430955.7579584,20,1785447338.0582805,37.483787289234755,0.6313290608072023,37.16868848706798,True,37.5,36.5,38.6,0.95,0.05,0.0,0.7,0.03,2,1785447348.0851445,False,True,True,False,1785447240.3003411,False,True,1,0,False
1785430955.7579584,20,1785447358.0644598,37.507820248722055,0.6316342412451362,37.14465552758068,True,37.5,36.5,38.6,0.95,0.05,0.0,0.7,0.03,2,1785447368.0915573,False,True,True,False,1785447240.3003411,False,1,0,0,False
1785430955.7579584,20,1785447378.0704768,37.481116960402844,0.6315388723582818,37.17135881589991,True,37.5,36.5,38.6,0.95,0.05,0.0,0.7,0.03,2,1785447388.0977166,False,True,True,False,1785447240.3003411,False,True,1,0,False
1785430955.7579584,20,1785447398.0766044,37.50514991989013,0.6319394216830702,37.15533684290837,True,37.5,36.5,38.6,0.95,0.05,0.0,0.7,0.03,2,1785447408.103662,False,True,True,False,1785447240.3003411,False,1,0,0,False
1785430955.7579584,20,1785447418.0825682,37.47577630273899,0.6316914625772487,37.182040131227595,True,37.5,36.5,38.6,0.95,0.05,0.0,0.7,0.03,2,1785447428.109685,False,True,True,True,1785447420.3003745,False,True,1,0,False
1785430955.7579584,20,1785447438.0886009,37.47844663157092,0.6314625772487983,37.16067750057222,True,37.5,36.5,38.6,0.95,0.05,0.0,0.7,0.03,2,1785447448.1156957,False,True,True,False,1785447420.3003745,False,True,1,0,False
1785430955.7579584,20,1785447458.0946248,37.49713893339437,0.6320347905699245,37.16334782940413,True,37.5,36.5,38.6,0.95,0.05,0.0,0.7,0.03,2,1785447468.1217804,False,True,True,False,1785447420.3003745,False,True,1,0,False
1785430955.7579584,20,1785447478.100635,37.50247959105822,0.6319775692378119,37.17402914473182,True,37.5,36.5,38.6,0.95,0.05,0.0,0.7,0.03,2,1785447488.1276681,False,True,True,False,1785447420.3003745,False,1,0,0,False
1785430955.7579584,20,1785447498.1065862,37.49713893339437,0.6318822003509575,37.17402914473182,True,37.5,36.5,38.6,0.95,0.05,0.0,0.7,0.03,2,1785447508.1332111,False,True,True,False,1785447420.3003745,False,True,1,0,False
1785430955.7579584,20,1785447518.112511,37.507820248722055,0.6320157167925536,37.200732433051044,True,37.5,36.5,38.6,0.95,0.05,0.0,0.7,0.03,2,1785447528.1423047,False,True,True,False,1785447420.3003745,False,1,0,0,False
1785430955.7579584,20,1785447538.118693,37.51049057755398,0.6320538643472954,37.19005111772336,True,37.5,36.5,38.6,0.95,0.05,0.0,0.7,0.03,2,1785447548.1466367,False,True,True,False,1785447420.3003745,False,1,0,0,False
1785430955.7579584,20,1785447558.1250024,37.513160906385906,0.6315960936903945,37.18738078889143,True,37.5,36.5,38.6,0.95,0.05,0.0,0.7,0.03,2,1785447568.1521664,False,True,True,False,1785447420.3003745,False,1,0,0,False
1785430955.7579584,20,1785447578.1310673,37.52918287937743,0.6317677576867322,37.17135881589991,True,37.5,36.5,38.6,0.95,0.05,0.0,0.7,0.03,2,1785447588.158193,False,True,True,False,1785447420.3003745,False,1,0,0,False
1785430955.7579584,20,1785447598.1371422,37.51049057755398,0.6315579461356527,37.182040131227595,True,37.5,36.5,38.6,0.95,0.05,0.0,0.7,0.03,2,1785447608.1643648,False,True,True,True,1785447600.3004,False,1,0,0,False
1785430955.7579584,20,1785447618.1431854,37.48645761806668,0.6316914625772487,37.17135881589991,True,37.5,36.5,38.6,0.95,0.05,0.0,0.7,0.03,2,1785447628.170349,False,True,True,False,1785447600.3004,False,True,1,0,False
1785430955.7579584,20,1785447638.1492503,37.489127946898606,0.6315960936903945,37.182040131227595,True,37.5,36.5,38.6,0.95,0.05,0.0,0.7,0.03,2,1785447648.1764455,False,True,True,False,1785447600.3004,False,True,1,0,False
1785430955.7579584,20,1785447658.1553388,37.49713893339437,0.6316151674677652,37.158007171740294,True,37.5,36.5,38.6,0.95,0.05,0.0,0.7,0.03,2,1785447668.1824956,False,True,True,False,1785447600.3004,False,True,1,0,False
1785430955.7579584,20,1785447678.1614172,37.48645761806668,0.6316151674677652,37.17402914473182,True,37.5,36.5,38.6,0.95,0.05,0.0,0.7,0.03,2,1785447688.1885576,False,True,True,False,1785447600.3004,False,True,1,0,False
1785430955.7579584,20,1785447698.167382,37.49713893339437,0.6318440527962157,37.184710460059506,True,37.5,36.5,38.6,0.95,0.05,0.0,0.7,0.03,2,1785447708.1945195,False,True,True,False,1785447600.3004,False,True,1,0,False
1785430955.7579584,20,1785447718.1733942,37.52384222171359,0.6318631265735867,37.20607309071488,True,37.5,36.5,38.6,0.95,0.05,0.0,0.7,0.03,2,1785447728.199977,False,True,True,False,1785447600.3004,False,1,0,0,False
1785430955.7579584,20,1785447738.1793265,37.51583123521782,0.6316342412451362,37.184710460059506,True,37.5,36.5,38.6,0.95,0.05,0.0,0.7,0.03,2,1785447748.2063975,False,True,True,False,1785447600.3004,False,1,0,0,False
1785430955.7579584,20,1785447758.1853557,37.513160906385906,0.6318440527962157,37.19806210421912,True,37.5,36.5,38.6,0.95,0.05,0.0,0.7,0.03,2,1785447768.2124288,False,True,True,False,1785447600.3004,False,1,0,0,False
1785430955.7579584,20,1785447778.1913135,37.53452353704128,0.6318440527962157,37.19806210421912,True,37.5,36.5,38.6,0.95,0.05,0.0,0.7,0.03,2,1785447788.2183917,False,True,True,True,1785447780.3004267,False,1,0,0,False
1785430955.7579584,20,1785447798.1973395,37.52117189288167,0.6320347905699245,37.176699473563744,True,37.5,36.5,38.6,0.95,0.05,0.0,0.7,0.03,2,1785447808.223964,False,True,True,False,1785447780.3004267,False,1,0,0,False
1785430955.7579584,20,1785447818.2032995,37.513160906385906,0.6314816510261693,37.16601815823606,True,37.5,36.5,38.6,0.95,0.05,0.0,0.7,0.03,2,1785447828.230237,False,True,True,False,1785447780.3004267,False,1,0,0,False
1785430955.7579584,20,1785447838.2093296,37.50514991989013,0.6318440527962157,37.14465552758068,True,37.5,36.5,38.6,0.95,0.05,0.0,0.7,0.03,2,1785447848.2358708,False,True,True,False,1785447780.3004267,False,1,0,0,False
1785430955.7579584,20,1785447858.2152867,37.48645761806668,0.6316533150225071,37.158007171740294,True,37.5,36.5,38.6,0.95,0.05,0.0,0.7,0.03,2,1785447868.2420704,False,True,True,False,1785447780.3004267,False,True,1,0,False
1785430955.7579584,20,1785447878.2213604,37.50247959105822,0.6315770199130236,37.152666514076444,True,37.5,36.5,38.6,0.95,0.05,0.0,0.7,0.03,2,1785447888.2484388,False,True,True,False,1785447780.3004267,False,1,0,0,False
1785430955.7579584,20,1785447898.2273457,37.49179827573053,0.6316914625772487,37.14732585641261,True,37.5,36.5,38.6,0.95,0.05,0.0,0.7,0.03,2,1785447908.2544677,False,True,True,False,1785447780.3004267,False,True,1,0,False
1785430955.7579584,20,1785447918.2333562,37.48645761806668,0.6317677576867322,37.158007171740294,True,37.5,36.5,38.6,0.95,0.05,0.0,0.7,0.03,2,1785447928.259864,False,True,True,False,1785447780.3004267,False,True,1,0,False
1785430955.7579584,20,1785447938.2393966,37.49446860456244,0.6317105363546197,37.17402914473182,True,37.5,36.5,38.6,0.95,0.05,0.0,0.7,0.03,2,1785447948.266178,False,True,True,False,1785447780.3004267,False,True,1,0,False
1785430955.7579584,20,1785447958.2455506,37.49713893339437,0.6315770199130236,37.17135881589991,True,37.5,36.5,38.6,0.95,0.05,0.0,0.7,0.03,2,1785447968.2721884,False,True,True,True,1785447960.300462,False,True,1,0,False
1785430955.7579584,20,1785447978.251486,37.50247959105822,0.6317105363546197,37.20340276188297,True,37.5,36.5,38.6,0.95,0.05,0.0,0.7,0.03,2,1785447988.2786446,False,True,True,False,1785447960.300462,False,1,0,0,False
1785430955.7579584,20,1785447998.2576067,37.526512550545505,0.6315007248035401,37.17135881589991,True,37.5,36.5,38.6,0.95,0.05,0.0,0.7,0.03,2,1785448008.2848287,False,True,True,False,1785447960.300462,False,1,0,0,False
1785430955.7579584,20,1785448018.2637124,37.50247959105822,0.631672388799878,37.19272144655528,True,37.5,36.5,38.6,0.95,0.05,0.0,0.7,0.03,2,1785448028.291236,False,True,True,False,1785447960.300462,False,1,0,0,False
1785430955.7579584,20,1785448038.2700255,37.52117189288167,0.6318822003509575,37.19806210421912,True,37.5,36.5,38.6,0.95,0.05,0.0,0.7,0.03,2,1785448048.2966554,False,True,True,False,1785447960.300462,False,1,0,0,False
1785430955.7579584,20,1785448058.2759137,37.49713893339437,0.6316342412451362,37.184710460059506,True,37.5,36.5,38.6,0.95,0.05,0.0,0.7,0.03,2,1785448068.3030014,False,True,True,False,1785447960.300462,False,True,1,0,False
1785430955.7579584,20,1785448078.2819521,37.481116960402844,0.631672388799878,37.17402914473182,True,37.5,36.5,38.6,0.95,0.05,0.0,0.7,0.03,2,1785448088.3090913,False,True,True,False,1785447960.300462,False,True,1,0,False
1785430955.7579584,20,1785448098.2879856,37.49713893339437,0.6317105363546197,37.19539177538719,True,37.5,36.5,38.6,0.95,0.05,0.0,0.7,0.03,2,1785448108.3151257,False,True,True,False,1785447960.300462,False,True,1,0,False
1785430955.7579584,20,1785448118.294064,37.52918287937743,0.6319775692378119,37.21141374837873,True,37.5,36.5,38.6,0.95,0.05,0.0,0.7,0.03,2,1785448128.3212063,False,True,True,False,1785447960.300462,False,1,0,0,False
1785430955.7579584,20,1785448138.3001506,37.52117189288167,0.6318249790188449,37.19005111772336,True,37.5,36.5,38.6,0.95,0.05,0.0,0.7,0.03,2,1785448148.3268216,False,True,True,True,1785448140.3004966,False,1,0,0,False
1785430955.7579584,20,1785448158.3062308,37.50247959105822,0.6316151674677652,37.19272144655528,True,37.5,36.5,38.6,0.95,0.05,0.0,0.7,0.03,2,1785448168.3334768,False,True,True,False,1785448140.3004966,False,1,0,0,False
1785430955.7579584,20,1785448178.3123276,37.513160906385906,0.6318440527962157,37.19806210421912,True,37.5,36.5,38.6,0.95,0.05,0.0,0.7,0.03,2,1785448188.338859,False,True,True,False,1785448140.3004966,False,1,0,0,False
1785430955.7579584,20,1785448198.3182604,37.52117189288167,0.6317296101319906,37.176699473563744,True,37.5,36.5,38.6,0.95,0.05,0.0,0.7,0.03,2,1785448208.3453805,False,True,True,False,1785448140.3004966,False,1,0,0,False
1785430955.7579584,20,1785448218.3243062,37.49179827573053,0.6316533150225071,37.182040131227595,True,37.5,36.5,38.6,0.95,0.05,0.0,0.7,0.03,2,1785448228.3509002,False,True,True,False,1785448140.3004966,False,True,1,0,False
1785430955.7579584,20,1785448238.3302686,37.489127946898606,0.6317296101319906,37.182040131227595,True,37.5,36.5,38.6,0.95,0.05,0.0,0.7,0.03,2,1785448248.3573883,False,True,True,False,1785448140.3004966,False,True,1,0,False
1785430955.7579584,20,1785448258.336237,37.48645761806668,0.631958495460441,37.14732585641261,True,37.5,36.5,38.6,0.95,0.05,0.0,0.7,0.03,2,1785448268.3627875,False,True,True,False,1785448140.3004966,False,True,1,0,False
1785430955.7579584,20,1785448278.3421972,37.52384222171359,0.6318059052414741,37.184710460059506,True,37.5,36.5,38.6,0.95,0.05,0.0,0.7,0.03,2,1785448288.3694444,False,True,True,False,1785448140.3004966,False,1,0,0,False
1785430955.7579584,20,1785448298.3483336,37.507820248722055,0.6313862821393148,37.17402914473182,True,37.5,36.5,38.6,0.95,0.05,0.0,0.7,0.03,2,1785448308.375117,False,True,True,False,1785448140.3004966,False,1,0,0,False
1785430955.7579584,20,1785448318.3544488,37.507820248722055,0.6317296101319906,37.184710460059506,True,37.5,36.5,38.6,0.95,0.05,0.0,0.7,0.03,2,1785448328.3815937,False,True,True,True,1785448320.3005145,False,1,0,0,False
1785430955.7579584,20,1785448338.3604748,37.50514991989013,0.6314625772487983,37.17402914473182,True,37.5,36.5,38.6,0.95,0.05,0.0,0.7,0.03,2,1785448348.3875852,False,True,True,False,1785448320.3005145,False,1,0,0,False
1785430955.7579584,20,1785448358.3664112,37.50247959105822,0.6317677576867322,37.16601815823606,True,37.5,36.5,38.6,0.95,0.05,0.0,0.7,0.03,2,1785448368.3929543,False,True,True,False,1785448320.3005145,False,1,0,0,False
1785430955.7579584,20,1785448378.3724267,37.481116960402844,0.6317486839093615,37.16601815823606,True,37.5,36.5,38.6,0.95,0.05,0.0,0.7,0.03,2,1785448388.3995075,False,True,True,False,1785448320.3005145,False,True,1,0,False
1785430955.7579584,20,1785448398.378404,37.489127946898606,0.6314816510261693,37.14999618524453,True,37.5,36.5,38.6,0.95,0.05,0.0,0.7,0.03,2,1785448408.40549,False,True,True,False,1785448320.3005145,False,True,1,0,False
1785430955.7579584,20,1785448418.3845525,37.48645761806668,0.6320729381246661,37.15533684290837,True,37.5,36.5,38.6,0.95,0.05,0.0,0.7,0.03,2,1785448428.4118147,False,True,True,False,1785448320.3005145,False,True,1,0,False
1785430955.7579584,20,1785448438.3906667,37.489127946898606,0.6315579461356527,37.15533684290837,True,37.5,36.5,38.6,0.95,0.05,0.0,0.7,0.03,2,1785448448.4178288,False,True,True,False,1785448320.3005145,False,True,1,0,False
1785430955.7579584,20,1785448458.3967152,37.49179827573053,0.6318249790188449,37.17936980239567,True,37.5,36.5,38.6,0.95,0.05,0.0,0.7,0.03,2,1785448468.4237618,False,True,True,False,1785448320.3005145,False,True,1,0,False
1785430955.7579584,20,1785448478.4026513,37.507820248722055,0.6317296101319906,37.200732433051044,True,37.5,36.5,38.6,0.95,0.05,0.0,0.7,0.03,2,1785448488.4292426,False,True,True,False,1785448320.3005145,False,1,0,0,False
1785430955.7579584,20,1785448498.4086251,37.507820248722055,0.6317677576867322,37.184710460059506,True,37.5,36.5,38.6,0.95,0.05,0.0,0.7,0.03,2,1785448508.435666,False,True,True,True,1785448500.3005366,False,1,0,0,False
1785430955.7579584,20,1785448518.4145617,37.52384222171359,0.6317486839093615,37.200732433051044,True,37.5,36.5,38.6,0.95,0.05,0.0,0.7,0.03,2,1785448528.4416,False,True,True,False,1785448500.3005366,False,1,0,0,False
1785430955.7579584,20,1785448538.4205096,37.526512550545505,0.6319775692378119,37.16334782940413,True,37.5,36.5,38.6,0.95,0.05,0.0,0.7,0.03,2,1785448548.4475124,False,True,True,False,1785448500.3005366,False,1,0,0,False
1785430955.7579584,20,1785448558.4264235,37.513160906385906,0.6315770199130236,37.16067750057222,True,37.5,36.5,38.6,0.95,0.05,0.0,0.7,0.03,2,1785448568.4535115,False,True,True,False,1785448500.3005366,False,1,0,0,False
1785430955.7579584,20,1785448578.43245,37.49179827573053,0.6315960936903945,37.16067750057222,True,37.5,36.5,38.6,0.95,0.05,0.0,0.7,0.03,2,1785448588.4591157,False,True,True,False,1785448500.3005366,False,True,1,0,False
1785430955.7579584,20,1785448598.438448,37.51049057755398,0.6315960936903945,37.16067750057222,True,37.5,36.5,38.6,0.95,0.05,0.0,0.7,0.03,2,1785448608.4649196,False,True,True,False,1785448500.3005366,False,1,0,0,False
1785430955.7579584,20,1785448618.4444768,37.481116960402844,0.6315007248035401,37.18738078889143,True,37.5,36.5,38.6,0.95,0.05,0.0,0.7,0.03,2,1785448628.4715197,False,True,True,False,1785448500.3005366,False,True,1,0,False
1785430955.7579584,20,1785448638.4504282,37.49446860456244,0.6317677576867322,37.17135881589991,True,37.5,36.5,38.6,0.95,0.05,0.0,0.7,0.03,2,1785448648.477051,False,True,True,False,1785448500.3005366,False,True,1,0,False
1785430955.7579584,20,1785448658.4564226,37.50247959105822,0.6317105363546197,37.184710460059506,True,37.5,36.5,38.6,0.95,0.05,0.0,0.7,0.03,2,1785448668.4829688,False,True,True,False,1785448500.3005366,False,1,0,0,False
1785430955.7579584,20,1785448678.4623935,37.49713893339437,0.6315770199130236,37.19005111772336,True,37.5,36.5,38.6,0.95,0.05,0.0,0.7,0.03,2,1785448688.4894369,False,True,True,True,1785448680.3005667,False,True,1,0,False
1785430955.7579584,20,1785448698.4683368,37.52384222171359,0.6316533150225071,37.17936980239567,True,37.5,36.5,38.6,0.95,0.05,0.0,0.7,0.03,2,1785448708.495402,False,True,True,False,1785448680.3005667,False,1,0,0,False
1785430955.7579584,20,1785448718.4743774,37.507820248722055,0.6317105363546197,37.20607309071488,True,37.5,36.5,38.6,0.95,0.05,0.0,0.7,0.03,2,1785448728.5015485,False,True,True,False,1785448680.3005667,False,1,0,0,False
1785430955.7579584,20,1785448738.480394,37.526512550545505,0.6315388723582818,37.200732433051044,True,37.5,36.5,38.6,0.95,0.05,0.0,0.7,0.03,2,1785448748.5074625,False,True,True,False,1785448680.3005667,False,1,0,0,False
1785430955.7579584,20,1785448758.486389,37.48645761806668,0.6319203479056992,37.17135881589991,True,37.5,36.5,38.6,0.95,0.05,0.0,0.7,0.03,2,1785448768.513563,False,True,True,False,1785448680.3005667,False,True,1,0,False
1785430955.7579584,20,1785448778.4924414,37.53452353704128,0.631672388799878,37.18738078889143,True,37.5,36.5,38.6,0.95,0.05,0.0,0.7,0.03,2,1785448788.5188956,False,True,True,False,1785448680.3005667,False,1,0,0,False
1785430955.7579584,20,1785448798.4983268,37.51049057755398,0.6318059052414741,37.18738078889143,True,37.5,36.5,38.6,0.95,0.05,0.0,0.7,0.03,2,1785448808.5254505,False,True,True,False,1785448680.3005667,False,1,0,0,False
1785430955.7579584,20,1785448818.5044909,37.62531471732662,0.6319966430151827,37.19806210421912,True,37.5,36.5,38.6,0.95,0.05,0.0,0.7,0.03,2,1785448828.5326412,True,False,True,False,1785448680.3005667,False,1,0,0,False
1785430955.7579584,20,1785448838.510754,37.71877622644388,0.6321683070115206,37.182040131227595,True,37.5,36.5,38.6,0.95,0.05,0.0,0.7,0.03,2,1785448848.5391262,True,False,True,False,1785448680.3005667,False,1,0,0,False
1785430955.7579584,20,1785448858.5172222,37.79087510490578,0.6320157167925536,37.19005111772336,True,37.5,36.5,38.6,0.95,0.05,0.0,0.7,0.03,2,1785448868.5445864,True,True,True,True,1785448860.3043826,False,1,0,0,False
1785430955.7579584,20,1785448878.523614,37.79621576256962,0.6319966430151827,37.17936980239567,True,37.5,36.5,38.6,0.95,0.05,0.0,0.7,0.03,2,1785448888.5509825,True,True,True,False,1785448860.3043826,False,1,0,0,False
1785430955.7579584,20,1785448898.5309043,37.82291905088884,0.6320538643472954,37.16334782940413,True,37.5,36.5,38.6,0.95,0.05,0.0,0.7,0.03,2,1785448908.5593722,True,False,True,False,1785448860.3043826,False,1,0,0,False
1785430955.7579584,20,1785448918.538526,37.81757839322499,0.631672388799878,37.17402914473182,True,37.5,36.5,38.6,0.95,0.05,0.0,0.7,0.03,2,1785448928.5658872,True,False,True,False,1785448860.3043826,False,1,0,0,False
1785430955.7579584,20,1785448938.5458636,37.83627069504844,0.6320157167925536,37.16334782940413,True,37.5,36.5,38.6,0.95,0.05,0.0,0.7,0.03,2,1785448948.5735548,True,False,True,False,1785448860.3043826,False,1,0,0,False
1785430955.7579584,20,1785448958.5537724,37.79087510490578,0.6317868314641032,37.15533684290837,True,37.5,36.5,38.6,0.95,0.05,0.0,0.7,0.03,2,1785448968.5845685,True,True,True,False,1785448860.3043826,False,1,0,0,False
1785430955.7579584,20,1785448978.5625947,37.79087510490578,0.6319966430151827,37.139314869916845,True,37.5,36.5,38.6,0.95,0.05,0.0,0.7,0.03,2,1785448988.5917861,True,False,True,False,1785448860.3043826,False,1,0,0,False
1785430955.7579584,20,1785448998.5713084,37.80422674906538,0.6321873807888915,37.14465552758068,True,37.5,36.5,38.6,0.95,0.05,0.0,0.7,0.03,2,1785449008.60216,True,True,True,False,1785448860.3043826,False,1,0,0,False
1785430955.7579584,20,1785449018.5796144,37.78019378957809,0.6321873807888915,37.11795223926147,True,37.5,36.5,38.6,0.95,0.05,0.0,0.7,0.03,2,1785449028.6092186,True,False,True,False,1785448860.3043826,False,1,0,0,False
1785430955.7579584,20,1785449038.5887365,37.76150148775463,0.6317486839093615,37.11795223926147,True,37.5,36.5,38.6,0.95,0.05,0.0,0.7,0.03,2,1785449048.6180174,True,True,True,True,1785449040.304435,False,1,0,0,False
1785430955.7579584,20,1785449058.5974321,37.764171816586554,0.6318440527962157,37.12596322575723,True,37.5,36.5,38.6,0.95,0.05,0.0,0.7,0.03,2,1785449068.6266942,True,True,True,False,1785449040.304435,False,1,0,0,False
1785430955.7579584,20,1785449078.6061869,37.71610589761197,0.6317486839093615,37.09391927977417,True,37.5,36.5,38.6,0.95,0.05,0.0,0.7,0.03,2,1785449088.6354408,True,True,True,False,1785449040.304435,False,1,0,0,False
1785430955.7579584,20,1785449098.6149025,37.726787212939655,0.6318059052414741,37.08323796444648,True,37.5,36.5,38.6,0.95,0.05,0.0,0.7,0.03,2,1785449108.644069,True,True,True,False,1785449040.304435,False,1,0,0,False
1785430955.7579584,20,1785449118.6224577,37.678721293965054,0.6319203479056992,37.08323796444648,True,37.5,36.5,38.6,0.95,0.05,0.0,0.7,0.03,2,1785449128.6499295,True,True,True,False,1785449040.304435,False,1,0,0,False
1785430955.7579584,20,1785449138.6289825,37.68139162279698,0.6315960936903945,37.05119401846342,True,37.5,36.5,38.6,0.95,0.05,0.0,0.7,0.03,2,1785449148.656592,True,True,True,False,1785449040.304435,False,1,0,0,False
1785430955.7579584,20,1785449158.6409218,37.67338063630122,0.6318440527962157,37.06454566262303,True,37.5,36.5,38.6,0.95,0.05,0.0,0.7,0.03,2,1785449168.67566,True,False,True,False,1785449040.304435,False,1,0,0,False
1785430955.7579584,20,1785449178.655137,37.65201800564584,0.6317486839093615,37.06454566262303,True,37.5,36.5,38.6,0.95,0.05,0.0,0.7,0.03,2,1785449188.6888194,True,True,True,False,1785449040.304435,False,1,0,0,False
1785430955.7579584,20,1785449198.6638317,37.66536964980544,0.6319203479056992,37.04318303196766,True,37.5,36.5,38.6,0.95,0.05,0.0,0.7,0.03,2,1785449208.69257,True,False,True,False,1785449040.304435,False,1,0,0,False
1785430955.7579584,20,1785449218.6712732,37.65735866330968,0.632263675898375,37.03250171663997,True,37.5,36.5,38.6,0.95,0.05,0.0,0.7,0.03,2,1785449228.698278,True,True,True,True,1785449220.3044624,False,1,0,0,False
1785430955.7579584,20,1785449238.6777272,37.62798504615854,0.6318822003509575,37.02182040131228,True,37.5,36.5,38.6,0.95,0.05,0.0,0.7,0.03,2,1785449248.7094085,True,False,True,False,1785449220.3044624,False,1,0,0,False
1785430955.7579584,20,1785449258.6850898,37.61463340199893,0.6318059052414741,37.00846875715267,True,37.5,36.5,38.6,0.95,0.05,0.0,0.7,0.03,2,1785449268.7131312,True,True,True,False,1785449220.3044624,False,1,0,0,False
1785430955.7579584,20,1785449278.6925094,37.58793011367972,0.6320347905699245,36.99778744182498,True,37.5,36.5,38.6,0.95,0.05,0.0,0.7,0.03,2,1785449288.720508,True,True,True,False,1785449220.3044624,False,1,0,0,False
1785430955.7579584,20,1785449298.6992898,37.57190814068818,0.6317105363546197,36.987106126497295,True,37.5,36.5,38.6,0.95,0.05,0.0,0.7,0.03,2,1785449308.7267382,True,True,True,False,1785449220.3044624,False,1,0,0,False
1785430955.7579584,20,1785449318.7056508,37.555886167696656,0.6318249790188449,36.981765468833444,True,37.5,36.5,38.6,0.95,0.05,0.0,0.7,0.03,2,1785449328.7330813,True,True,True,False,1785449220.3044624,False,1,0,0,False
1785430955.7579584,20,1785449338.7119334,37.569237811856254,0.6314435034714275,36.99244678416113,True,37.5,36.5,38.6,0.95,0.05,0.0,0.7,0.03,2,1785449348.7387526,True,True,True,False,1785449220.3044624,False,1,0,0,False
1785430955.7579584,20,1785449358.7182636,37.52384222171359,0.6319203479056992,36.95239185168231,True,37.5,36.5,38.6,0.95,0.05,0.0,0.7,0.03,2,1785449368.7456322,True,True,True,False,1785449220.3044624,False,1,0,0,False
1785430955.7579584,20,1785449378.7245488,37.513160906385906,0.6314053559166858,36.94705119401846,True,37.5,36.5,38.6,0.95,0.05,0.0,0.7,0.03,2,1785449388.7532566,True,True,True,False,1785449220.3044624,False,1,0,0,False
1785430955.7579584,20,1785449398.7309089,37.52117189288167,0.6318249790188449,36.94171053635462,True,37.5,36.5,38.6,0.95,0.05,0.0,0.7,0.03,2,1785449408.758226,True,True,True,True,1785449400.3044755,False,1,0,0,False
1785430955.7579584,20,1785449418.7372358,37.507820248722055,0.6318059052414741,36.963073167009995,True,37.5,36.5,38.6,0.95,0.05,0.0,0.7,0.03,2,1785449428.764543,True,True,True,False,1785449400.3044755,False,1,0,0,False
1785430955.7579584,20,1785449438.7434714,37.483787289234755,0.6318059052414741,36.915007248035394,True,37.5,36.5,38.6,0.95,0.05,0.0,0.7,0.03,2,1785449448.7707577,True,True,True,False,1785449400.3044755,False,True,1,0,False
1785430955.7579584,20,1785449458.749752,37.481116960402844,0.6314244296940567,36.93369954985886,True,37.5,36.5,38.6,0.95,0.05,0.0,0.7,0.03,2,1785449468.7770793,True,True,True,False,1785449400.3044755,False,True,1,0,False
1785430955.7579584,20,1785449478.7561662,37.470435645075156,0.6312336919203478,36.91233691920348,True,37.5,36.5,38.6,0.95,0.05,0.0,0.7,0.03,2,1785449488.783472,True,False,True,False,1785449400.3044755,False,True,1,0,False
1785430955.7579584,20,1785449498.7624805,37.481116960402844,0.6317868314641032,36.88563363088426,True,37.5,36.5,38.6,0.95,0.05,0.0,0.7,0.03,2,1785449508.7898493,True,True,True,False,1785449400.3044755,False,True,1,0,False
1785430955.7579584,20,1785449518.768837,37.49713893339437,0.6317486839093615,36.896314946211945,True,37.5,36.5,38.6,0.95,0.05,0.0,0.7,0.03,2,1785449528.7961369,True,True,True,False,1785449400.3044755,False,True,1,0,False
1785430955.7579584,20,1785449538.7751076,37.52117189288167,0.6318631265735867,36.91233691920348,True,37.5,36.5,38.6,0.95,0.05,0.0,0.7,0.03,2,1785449548.802501,True,True,True,False,1785449400.3044755,False,1,0,0,False
1785430955.7579584,20,1785449558.7815151,37.550545510032805,0.6315960936903945,36.915007248035394,True,37.5,36.5,38.6,0.95,0.05,0.0,0.7,0.03,2,1785449568.8084588,True,True,True,False,1785449400.3044755,False,1,0,0,False
1785430955.7579584,20,1785449578.788946,37.555886167696656,0.6315579461356527,36.93636987869077,True,37.5,36.5,38.6,0.95,0.05,0.0,0.7,0.03,2,1785449588.8204932,True,True,True,True,1785449580.3045256,False,1,0,0,False
1785430955.7579584,20,1785449598.7969613,37.54787518120088,0.6312336919203478,36.920347905699245,True,37.5,36.5,38.6,0.95,0.05,0.0,0.7,0.03,2,1785449608.8248067,True,False,True,False,1785449580.3045256,False,1,0,0,False
1785430955.7579584,20,1785449618.8040967,37.57190814068818,0.6320920119020371,36.93636987869077,True,37.5,36.5,38.6,0.95,0.05,0.0,0.7,0.03,2,1785449628.8375702,True,True,True,False,1785449580.3045256,False,1,0,0,False
1785430955.7579584,20,1785449638.8170774,37.54787518120088,0.6315770199130236,36.93102922102693,True,37.5,36.5,38.6,0.95,0.05,0.0,0.7,0.03,2,1785449648.8468683,True,True,True,False,1785449580.3045256,False,1,0,0,False
1785430955.7579584,20,1785449658.8245654,37.53452353704128,0.6316342412451362,36.91233691920348,True,37.5,36.5,38.6,0.95,0.05,0.0,0.7,0.03,2,1785449668.8518045,True,True,True,False,1785449580.3045256,False,1,0,0,False
1785430955.7579584,20,1785449678.830805,37.52384222171359,0.631672388799878,36.92835889219501,True,37.5,36.5,38.6,0.95,0.05,0.0,0.7,0.03,2,1785449688.8576407,True,False,True,False,1785449580.3045256,False,1,0,0,False
1785430955.7579584,20,1785449698.8370755,37.52384222171359,0.6317677576867322,36.90699626153963,True,37.5,36.5,38.6,0.95,0.05,0.0,0.7,0.03,2,1785449708.864058,True,True,True,False,1785449580.3045256,False,1,0,0,False
1785430955.7579584,20,1785449718.8432856,37.51850156404974,0.6315770199130236,36.901655603875795,True,37.5,36.5,38.6,0.95,0.05,0.0,0.7,0.03,2,1785449728.8705723,True,False,True,False,1785449580.3045256,False,1,0,0,False
1785430955.7579584,20,1785449738.8494954,37.51583123521782,0.6317868314641032,36.89097428854811,True,37.5,36.5,38.6,0.95,0.05,0.0,0.7,0.03,2,1785449748.8769188,True,True,True,False,1785449580.3045256,False,1,0,0,False
1785430955.7579584,20,1785449758.8558638,37.507820248722055,0.631672388799878,36.89898527504387,True,37.5,36.5,38.6,0.95,0.05,0.0,0.7,0.03,2,1785449768.8830855,True,True,True,True,1785449760.3045554,False,1,0,0,False
1785430955.7579584,20,1785449778.862967,37.465094987411305,0.6316342412451362,36.88296330205233,True,37.5,36.5,38.6,0.95,0.05,0.0,0.7,0.03,2,1785449788.8914628,True,True,True,False,1785449760.3045554,False,True,1,0,False
1785430955.7579584,20,1785449798.8704348,37.46242465857938,0.6318440527962157,36.872281986724644,True,37.5,36.5,38.6,0.95,0.05,0.0,0.7,0.03,2,1785449808.8978686,True,True,True,False,1785449760.3045554,False,True,1,0,False
1785430955.7579584,20,1785449818.8769104,37.470435645075156,0.6318822003509575,36.872281986724644,True,37.5,36.5,38.6,0.95,0.05,0.0,0.7,0.03,2,1785449828.9042609,True,False,True,False,1785449760.3045554,False,True,1,0,False
1785430955.7579584,20,1785449838.8832383,37.52117189288167,0.6315388723582818,36.872281986724644,True,37.5,36.5,38.6,0.95,0.05,0.0,0.7,0.03,2,1785449848.910308,True,True,True,False,1785449760.3045554,False,1,0,0,False
1785430955.7579584,20,1785449858.8896277,37.513160906385906,0.6317296101319906,36.90699626153963,True,37.5,36.5,38.6,0.95,0.05,0.0,0.7,0.03,2,1785449868.9163141,True,True,True,False,1785449760.3045554,False,1,0,0,False
1785430955.7579584,20,1785449878.8959556,37.507820248722055,0.631519798580911,36.88029297322042,True,37.5,36.5,38.6,0.95,0.05,0.0,0.7,0.03,2,1785449888.9230711,True,True,True,False,1785449760.3045554,False,1,0,0,False
1785430955.7579584,20,1785449898.902282,37.53986419470512,0.6315579461356527,36.89097428854811,True,37.5,36.5,38.6,0.95,0.05,0.0,0.7,0.03,2,1785449908.9296875,True,True,True,False,1785449760.3045554,False,1,0,0,False
1785430955.7579584,20,1785449918.9086506,37.52384222171359,0.6318059052414741,36.896314946211945,True,37.5,36.5,38.6,0.95,0.05,0.0,0.7,0.03,2,1785449928.9354658,True,True,True,False,1785449760.3045554,False,1,0,0,False
1785430955.7579584,20,1785449938.9148824,37.531853208209355,0.6317105363546197,36.896314946211945,True,37.5,36.5,38.6,0.95,0.05,0.0,0.7,0.03,2,1785449948.9422212,True,True,True,True,1785449940.3045604,False,1,0,0,False
1785430955.7579584,20,1785449958.9211779,37.53452353704128,0.6317677576867322,36.86694132906081,True,37.5,36.5,38.6,0.95,0.05,0.0,0.7,0.03,2,1785449968.9478643,True,True,True,False,1785449940.3045604,False,1,0,0,False
1785430955.7579584,20,1785449978.9274175,37.50247959105822,0.6318249790188449,36.877622644388495,True,37.5,36.5,38.6,0.95,0.05,0.0,0.7,0.03,2,1785449988.954294,True,True,True,False,1785449940.3045604,False,1,0,0,False
1785430955.7579584,20,1785449998.933763,37.49980926222629,0.6316914625772487,36.877622644388495,True,37.5,36.5,38.6,0.95,0.05,0.0,0.7,0.03,2,1785450008.961114,True,True,True,False,1785449940.3045604,False,True,1,0,False
1785430955.7579584,20,1785450018.940016,37.470435645075156,0.6315007248035401,36.86694132906081,True,37.5,36.5,38.6,0.95,0.05,0.0,0.7,0.03,2,1785450028.9673688,True,True,True,False,1785449940.3045604,False,True,1,0,False
1785430955.7579584,20,1785450038.9463573,37.46776531624323,0.6316914625772487,36.86160067139696,True,37.5,36.5,38.6,0.95,0.05,0.0,0.7,0.03,2,1785450048.9734783,True,True,True,False,1785449940.3045604,False,True,1,0,False
1785430955.7579584,20,1785450058.9526236,37.52918287937743,0.6314625772487983,36.89097428854811,True,37.5,36.5,38.6,0.95,0.05,0.0,0.7,0.03,2,1785450068.9794893,True,True,True,False,1785449940.3045604,False,1,0,0,False
1785430955.7579584,20,1785450078.958896,37.52384222171359,0.631672388799878,36.86427100022888,True,37.5,36.5,38.6,0.95,0.05,0.0,0.7,0.03,2,1785450088.9864428,True,False,True,False,1785449940.3045604,False,1,0,0,False
1785430955.7579584,20,1785450098.966238,37.513160906385906,0.631519798580911,36.86961165789273,True,37.5,36.5,38.6,0.95,0.05,0.0,0.7,0.03,2,1785450108.9949858,True,True,True,False,1785449940.3045604,False,1,0,0,False
1785430955.7579584,20,1785450118.9737902,37.53452353704128,0.6319966430151827,36.87495231555657,True,37.5,36.5,38.6,0.95,0.05,0.0,0.7,0.03,2,1785450129.0010314,True,True,True,True,1785450120.304578,False,1,0,0,False
1785430955.7579584,20,1785450138.980094,37.50514991989013,0.6321301594567789,36.858930342565046,True,37.5,36.5,38.6,0.95,0.05,0.0,0.7,0.03,2,1785450149.007341,True,True,True,False,1785450120.304578,False,1,0,0,False
1785430955.7579584,20,1785450158.9863453,37.51850156404974,0.6317296101319906,36.86694132906081,True,37.5,36.5,38.6,0.95,0.05,0.0,0.7,0.03,2,1785450169.0139422,True,True,True,False,1785450120.304578,False,1,0,0,False
1785430955.7579584,20,1785450178.9936113,37.48645761806668,0.6318822003509575,36.85626001373312,True,37.5,36.5,38.6,0.95,0.05,0.0,0.7,0.03,2,1785450189.022738,True,False,True,False,1785450120.304578,False,True,1,0,False
1785430955.7579584,20,1785450199.0021212,37.49446860456244,0.6318631265735867,36.84557869840543,True,37.5,36.5,38.6,0.95,0.05,0.0,0.7,0.03,2,1785450209.0313537,True,True,True,False,1785450120.304578,False,True,1,0,False
1785430955.7579584,20,1785450219.0106652,37.48645761806668,0.631519798580911,36.84557869840543,True,37.5,36.5,38.6,0.95,0.05,0.0,0.7,0.03,2,1785450229.0394125,True,True,True,False,1785450120.304578,False,True,1,0,False
1785430955.7579584,20,1785450239.0193548,37.52117189288167,0.6317296101319906,36.85626001373312,True,37.5,36.5,38.6,0.95,0.05,0.0,0.7,0.03,2,1785450249.0484746,True,True,True,False,1785450120.304578,False,1,0,0,False
1785430955.7579584,20,1785450259.027967,37.513160906385906,0.6316533150225071,36.87495231555657,True,37.5,36.5,38.6,0.95,0.05,0.0,0.7,0.03,2,1785450269.056445,True,True,True,False,1785450120.304578,False,1,0,0,False
1785430955.7579584,20,1785450279.0365524,37.513160906385906,0.6316533150225071,36.86427100022888,True,37.5,36.5,38.6,0.95,0.05,0.0,0.7,0.03,2,1785450289.0659952,True,True,True,False,1785450120.304578,False,1,0,0,False
1785430955.7579584,20,1785450299.045194,37.52918287937743,0.6320157167925536,36.87495231555657,True,37.5,36.5,38.6,0.95,0.05,0.0,0.7,0.03,2,1785450309.0747128,True,True,True,True,1785450300.304583,False,1,0,0,False
1785430955.7579584,20,1785450319.053801,37.53452353704128,0.631672388799878,36.896314946211945,True,37.5,36.5,38.6,0.95,0.05,0.0,0.7,0.03,2,1785450329.0824735,True,False,True,False,1785450300.304583,False,1,0,0,False
1785430955.7579584,20,1785450339.0613194,37.52117189288167,0.6319012741283284,36.86427100022888,True,37.5,36.5,38.6,0.95,0.05,0.0,0.7,0.03,2,1785450349.0890415,True,True,True,False,1785450300.304583,False,1,0,0,False
1785430955.7579584,20,1785450359.068304,37.50247959105822,0.631672388799878,36.85091935606927,True,37.5,36.5,38.6,0.95,0.05,0.0,0.7,0.03,2,1785450369.0957987,True,True,True,False,1785450300.304583,False,1,0,0,False
1785430955.7579584,20,1785450379.0746922,37.48645761806668,0.6318631265735867,36.84557869840543,True,37.5,36.5,38.6,0.95,0.05,0.0,0.7,0.03,2,1785450389.1018739,True,True,True,False,1785450300.304583,False,True,1,0,False
1785430955.7579584,20,1785450399.0811493,37.49980926222629,0.6317868314641032,36.84557869840543,True,37.5,36.5,38.6,0.95,0.05,0.0,0.7,0.03,2,1785450409.1085558,True,True,True,False,1785450300.304583,False,True,1,0,False
1785430955.7579584,20,1785450419.0874555,37.48645761806668,0.631519798580911,36.86694132906081,True,37.5,36.5,38.6,0.95,0.05,0.0,0.7,0.03,2,1785450429.1149788,True,False,True,False,1785450300.304583,False,True,1,0,False
1785430955.7579584,20,1785450439.0939083,37.489127946898606,0.631367208361944,36.86160067139696,True,37.5,36.5,38.6,0.95,0.05,0.0,0.7,0.03,2,1785450449.124013,True,False,True,False,1785450300.304583,False,True,1,0,False
1785430955.7579584,20,1785450459.1005065,37.49713893339437,0.6314816510261693,36.858930342565046,True,37.5,36.5,38.6,0.95,0.05,0.0,0.7,0.03,2,1785450469.1281106,True,True,True,False,1785450300.304583,False,True,1,0,False
1785430955.7579584,20,1785450479.1070821,37.513160906385906,0.6316342412451362,36.87495231555657,True,37.5,36.5,38.6,0.95,0.05,0.0,0.7,0.03,2,1785450489.1344426,True,True,True,True,1785450480.304605,False,1,0,0,False
1785430955.7579584,20,1785450499.1136441,37.54520485236897,0.6315388723582818,36.853589684901195,True,37.5,36.5,38.6,0.95,0.05,0.0,0.7,0.03,2,1785450509.1406045,True,True,True,False,1785450480.304605,False,1,0,0,False
1785430955.7579584,20,1785450519.1199121,37.53986419470512,0.6319203479056992,36.86427100022888,True,37.5,36.5,38.6,0.95,0.05,0.0,0.7,0.03,2,1785450529.1468549,True,True,True,False,1785450480.304605,False,1,0,0,False
1785430955.7579584,20,1785450539.1264665,37.55855649652857,0.6314625772487983,36.86427100022888,True,37.5,36.5,38.6,0.95,0.05,0.0,0.7,0.03,2,1785450549.1578224,True,True,True,False,1785450480.304605,False,1,0,0,False
1785430955.7579584,20,1785450559.1328614,37.52918287937743,0.631958495460441,36.86694132906081,True,37.5,36.5,38.6,0.95,0.05,0.0,0.7,0.03,2,1785450569.160144,True,True,True,False,1785450480.304605,False,1,0,0,False
1785430955.7579584,20,1785450579.1391602,37.52384222171359,0.6315960936903945,36.877622644388495,True,37.5,36.5,38.6,0.95,0.05,0.0,0.7,0.03,2,1785450589.1666293,True,True,True,False,1785450480.304605,False,1,0,0,False
1785430955.7579584,20,1785450599.146663,37.526512550545505,0.6317105363546197,36.86160067139696,True,37.5,36.5,38.6,0.95,0.05,0.0,0.7,0.03,2,1785450609.1759439,True,True,True,False,1785450480.304605,False,1,0,0,False
1785430955.7579584,20,1785450619.1543674,37.507820248722055,0.631519798580911,36.85626001373312,True,37.5,36.5,38.6,0.95,0.05,0.0,0.7,0.03,2,1785450629.1817577,True,True,True,False,1785450480.304605,False,1,0,0,False
1785430955.7579584,20,1785450639.160818,37.489127946898606,0.6316533150225071,36.834897383077745,True,37.5,36.5,38.6,0.95,0.05,0.0,0.7,0.03,2,1785450649.1878488,True,True,True,False,1785450480.304605,False,True,1,0,False
1785430955.7579584,20,1785450659.1672118,37.48645761806668,0.6316151674677652,36.86427100022888,True,37.5,36.5,38.6,0.95,0.05,0.0,0.7,0.03,2,1785450669.1964679,True,True,True,True,1785450660.3046274,False,True,1,0,False
1785430955.7579584,20,1785450679.1746087,37.481116960402844,0.6315960936903945,36.84824902723736,True,37.5,36.5,38.6,0.95,0.05,0.0,0.7,0.03,2,1785450689.2054036,True,True,True,False,1785450660.3046274,False,True,1,0,False
1785430955.7579584,20,1785450699.182296,37.470435645075156,0.6315388723582818,36.82688639658198,True,37.5,36.5,38.6,0.95,0.05,0.0,0.7,0.03,2,1785450709.2095096,True,True,True,False,1785450660.3046274,False,True,1,0,False
1785430955.7579584,20,1785450719.1886554,37.470435645075156,0.631672388799878,36.83222705424582,True,37.5,36.5,38.6,0.95,0.05,0.0,0.7,0.03,2,1785450729.2169337,True,False,True,False,1785450660.3046274,False,True,1,0,False
1785430955.7579584,20,1785450739.1949446,37.51049057755398,0.6313862821393148,36.816205081254296,True,37.5,36.5,38.6,0.95,0.05,0.0,0.7,0.03,2,1785450749.2223954,True,True,True,False,1785450660.3046274,False,1,0,0,False
1785430955.7579584,20,1785450759.201318,37.52384222171359,0.6315960936903945,36.85626001373312,True,37.5,36.5,38.6,0.95,0.05,0.0,0.7,0.03,2,1785450769.2293553,True,True,True,False,1785450660.3046274,False,1,0,0,False
1785430955.7579584,20,1785450779.2076046,37.555886167696656,0.6313862821393148,36.84557869840543,True,37.5,36.5,38.6,0.95,0.05,0.0,0.7,0.03,2,1785450789.235443,True,False,True,False,1785450660.3046274,False,1,0,0,False
1785430955.7579584,20,1785450799.213982,37.55321583886473,0.6312146181429771,36.86160067139696,True,37.5,36.5,38.6,0.95,0.05,0.0,0.7,0.03,2,1785450809.2413254,True,True,True,False,1785450660.3046274,False,1,0,0,False
1785430955.7579584,20,1785450819.2202613,37.550545510032805,0.6316914625772487,36.86160067139696,True,37.5,36.5,38.6,0.95,0.05,0.0,0.7,0.03,2,1785450829.2476172,True,False,True,False,1785450660.3046274,False,1,0,0,False
1785430955.7579584,20,1785450839.2265596,37.55321583886473,0.6319203479056992,36.877622644388495,True,37.5,36.5,38.6,0.95,0.05,0.0,0.7,0.03,2,1785450849.2542446,True,True,True,True,1785450840.3046303,False,1,0,0,False
1785430955.7579584,20,1785450859.2329009,37.53452353704128,0.6315770199130236,36.86427100022888,True,37.5,36.5,38.6,0.95,0.05,0.0,0.7,0.03,2,1785450869.259997,True,False,True,False,1785450840.3046303,False,1,0,0,False
1785430955.7579584,20,1785450879.239277,37.52384222171359,0.6317105363546197,36.86961165789273,True,37.5,36.5,38.6,0.95,0.05,0.0,0.7,0.03,2,1785450889.2698326,True,True,True,False,1785450840.3046303,False,1,0,0,False
1785430955.7579584,20,1785450899.2458036,37.513160906385906,0.6316342412451362,36.83756771190967,True,37.5,36.5,38.6,0.95,0.05,0.0,0.7,0.03,2,1785450909.2731884,True,True,True,False,1785450840.3046303,False,1,0,0,False
1785430955.7579584,20,1785450919.2522097,37.470435645075156,0.631519798580911,36.83756771190967,True,37.5,36.5,38.6,0.95,0.05,0.0,0.7,0.03,2,1785450929.2796245,True,True,True,False,1785450840.3046303,False,True,1,0,False
1785430955.7579584,20,1785450939.2585814,37.49446860456244,0.6316914625772487,36.83756771190967,True,37.5,36.5,38.6,0.95,0.05,0.0,0.7,0.03,2,1785450949.2860894,True,True,True,False,1785450840.3046303,False,True,1,0,False
1785430955.7579584,20,1785450959.2650743,37.48645761806668,0.6316151674677652,36.84023804074158,True,37.5,36.5,38.6,0.95,0.05,0.0,0.7,0.03,2,1785450969.2924142,True,True,True,False,1785450840.3046303,False,True,1,0,False
1785430955.7579584,20,1785450979.271413,37.47577630273899,0.6316914625772487,36.82421606775006,True,37.5,36.5,38.6,0.95,0.05,0.0,0.7,0.03,2,1785450989.298808,True,True,True,False,1785450840.3046303,False,True,1,0,False
1785430955.7579584,20,1785450999.2778487,37.483787289234755,0.6317486839093615,36.82421606775006,True,37.5,36.5,38.6,0.95,0.05,0.0,0.7,0.03,2,1785451009.3051484,True,False,True,False,1785450840.3046303,False,True,1,0,False
1785430955.7579584,20,1785451019.28422,37.49179827573053,0.6317677576867322,36.834897383077745,True,37.5,36.5,38.6,0.95,0.05,0.0,0.7,0.03,2,1785451029.3115911,True,True,True,True,1785451020.3046553,False,True,1,0,False
1785430955.7579584,20,1785451039.29065,37.52117189288167,0.6315770199130236,36.834897383077745,True,37.5,36.5,38.6,0.95,0.05,0.0,0.7,0.03,2,1785451049.3176558,True,True,True,False,1785451020.3046553,False,1,0,0,False
1785430955.7579584,20,1785451059.2971084,37.52384222171359,0.6315007248035401,36.83756771190967,True,37.5,36.5,38.6,0.95,0.05,0.0,0.7,0.03,2,1785451069.3242168,True,True,True,False,1785451020.3046553,False,1,0,0,False
1785430955.7579584,20,1785451079.3034575,37.53452353704128,0.6316342412451362,36.83222705424582,True,37.5,36.5,38.6,0.95,0.05,0.0,0.7,0.03,2,1785451089.3303626,True,True,True,False,1785451020.3046553,False,1,0,0,False
1785430955.7579584,20,1785451099.3098125,37.53986419470512,0.6317677576867322,36.84290836957351,True,37.5,36.5,38.6,0.95,0.05,0.0,0.7,0.03,2,1785451109.3378723,True,True,True,False,1785451020.3046553,False,1,0,0,False
1785430955.7579584,20,1785451119.3164265,37.53452353704128,0.6318059052414741,36.86427100022888,True,37.5,36.5,38.6,0.95,0.05,0.0,0.7,0.03,2,1785451129.3448353,True,False,True,False,1785451020.3046553,False,1,0,0,False
1785430955.7579584,20,1785451139.3237345,37.54253452353704,0.6316533150225071,36.84824902723736,True,37.5,36.5,38.6,0.95,0.05,0.0,0.7,0.03,2,1785451149.3524797,True,True,True,False,1785451020.3046553,False,1,0,0,False
1785430955.7579584,20,1785451159.3314533,37.52384222171359,0.6315388723582818,36.82421606775006,True,37.5,36.5,38.6,0.95,0.05,0.0,0.7,0.03,2,1785451169.3610375,True,True,True,False,1785451020.3046553,False,1,0,0,False
1785430955.7579584,20,1785451179.3379033,37.50247959105822,0.6318059052414741,36.84557869840543,True,37.5,36.5,38.6,0.95,0.05,0.0,0.7,0.03,2,1785451189.365582,True,False,True,False,1785451020.3046553,False,1,0,0,False
1785430955.7579584,20,1785451199.3442304,37.49446860456244,0.6313099870298313,36.82421606775006,True,37.5,36.5,38.6,0.95,0.05,0.0,0.7,0.03,2,1785451209.3715737,True,True,True,True,1785451200.3046665,False,True,1,0,False
1785430955.7579584,20,1785451219.3505554,37.44373235675593,0.6315770199130236,36.79751277943083,True,37.5,36.5,38.6,0.95,0.05,0.0,0.7,0.03,2,1785451229.37788,True,False,True,False,1785451200.3046665,False,True,1,0,False
1785430955.7579584,20,1785451239.3569212,37.47310597390707,0.6315770199130236,36.80819409475852,True,37.5,36.5,38.6,0.95,0.05,0.0,0.7,0.03,2,1785451249.384195,True,True,True,False,1785451200.3046665,False,True,1,0,False
1785430955.7579584,20,1785451259.3632147,37.465094987411305,0.6314435034714275,36.810864423590445,True,37.5,36.5,38.6,0.95,0.05,0.0,0.7,0.03,2,1785451269.3901494,True,True,True,False,1785451200.3046665,False,True,1,0,False
1785430955.7579584,20,1785451279.3695738,37.481116960402844,0.6314625772487983,36.80552376592661,True,37.5,36.5,38.6,0.95,0.05,0.0,0.7,0.03,2,1785451289.3970265,True,False,True,False,1785451200.3046665,False,True,1,0,False
1785430955.7579584,20,1785451299.3759532,37.48645761806668,0.631367208361944,36.82688639658198,True,37.5,36.5,38.6,0.95,0.05,0.0,0.7,0.03,2,1785451309.4033504,True,True,True,False,1785451200.3046665,False,True,1,0,False
1785430955.7579584,20,1785451319.3824306,37.53452353704128,0.631672388799878,36.83756771190967,True,37.5,36.5,38.6,0.95,0.05,0.0,0.7,0.03,2,1785451329.4097707,True,False,True,False,1785451200.3046665,False,1,0,0,False
1785430955.7579584,20,1785451339.3887913,37.54787518120088,0.6316914625772487,36.82688639658198,True,37.5,36.5,38.6,0.95,0.05,0.0,0.7,0.03,2,1785451349.4161613,True,False,True,False,1785451200.3046665,False,1,0,0,False
1785430955.7579584,20,1785451359.3951313,37.57190814068818,0.6319394216830702,36.84023804074158,True,37.5,36.5,38.6,0.95,0.05,0.0,0.7,0.03,2,1785451369.4221892,True,True,True,False,1785451200.3046665,False,1,0,0,False
1785430955.7579584,20,1785451379.40155,37.550545510032805,0.6315960936903945,36.84557869840543,True,37.5,36.5,38.6,0.95,0.05,0.0,0.7,0.03,2,1785451389.428998,True,False,True,True,1785451380.304678,False,1,0,0,False
1785430955.7579584,20,1785451399.407952,37.54253452353704,0.6319012741283284,36.84557869840543,True,37.5,36.5,38.6,0.95,0.05,0.0,0.7,0.03,2,1785451409.4352927,True,True,True,False,1785451380.304678,False,1,0,0,False
1785430955.7579584,20,1785451419.4143226,37.52384222171359,0.6316151674677652,36.829556725413894,True,37.5,36.5,38.6,0.95,0.05,0.0,0.7,0.03,2,1785451429.4417028,True,False,True,False,1785451380.304678,False,1,0,0,False
1785430955.7579584,20,1785451439.420716,37.526512550545505,0.6314053559166858,36.834897383077745,True,37.5,36.5,38.6,0.95,0.05,0.0,0.7,0.03,2,1785451449.4477556,True,False,True,False,1785451380.304678,False,1,0,0,False
1785430955.7579584,20,1785451459.4270093,37.50247959105822,0.631367208361944,36.80552376592661,True,37.5,36.5,38.6,0.95,0.05,0.0,0.7,0.03,2,1785451469.4544423,True,True,True,False,1785451380.304678,False,1,0,0,False
1785430955.7579584,20,1785451479.4334776,37.481116960402844,0.6314816510261693,36.82688639658198,True,37.5,36.5,38.6,0.95,0.05,0.0,0.7,0.03,2,1785451489.4605188,True,True,True,False,1785451380.304678,False,True,1,0,False
1785430955.7579584,20,1785451499.4399211,37.48645761806668,0.6318631265735867,36.810864423590445,True,37.5,36.5,38.6,0.95,0.05,0.0,0.7,0.03,2,1785451509.4673953,True,False,True,False,1785451380.304678,False,True,1,0,False
1785430955.7579584,20,1785451519.4462726,37.470435645075156,0.6315579461356527,36.816205081254296,True,37.5,36.5,38.6,0.95,0.05,0.0,0.7,0.03,2,1785451529.4734054,True,True,True,False,1785451380.304678,False,True,1,0,False
1785430955.7579584,20,1785451539.4526575,37.47844663157092,0.6314625772487983,36.80018310826276,True,37.5,36.5,38.6,0.95,0.05,0.0,0.7,0.03,2,1785451549.4806533,True,False,True,False,1785451380.304678,False,True,1,0,False
1785430955.7579584,20,1785451559.4589918,37.49713893339437,0.6316342412451362,36.80819409475852,True,37.5,36.5,38.6,0.95,0.05,0.0,0.7,0.03,2,1785451569.4863646,True,False,True,True,1785451560.3047037,False,True,1,0,False
1785430955.7579584,20,1785451579.466305,37.52384222171359,0.6317486839093615,36.834897383077745,True,37.5,36.5,38.6,0.95,0.05,0.0,0.7,0.03,2,1785451589.4951367,True,True,True,False,1785451560.3047037,False,1,0,0,False
1785430955.7579584,20,1785451599.475072,37.54253452353704,0.6317486839093615,36.834897383077745,True,37.5,36.5,38.6,0.95,0.05,0.0,0.7,0.03,2,1785451609.505874,True,True,True,False,1785451560.3047037,False,1,0,0,False
1785430955.7579584,20,1785451619.4838502,37.550545510032805,0.6317868314641032,36.834897383077745,True,37.5,36.5,38.6,0.95,0.05,0.0,0.7,0.03,2,1785451629.514917,True,True,True,False,1785451560.3047037,False,1,0,0,False
1785430955.7579584,20,1785451639.4929876,37.56389715419242,0.6318249790188449,36.834897383077745,True,37.5,36.5,38.6,0.95,0.05,0.0,0.7,0.03,2,1785451649.5235922,True,True,True,False,1785451560.3047037,False,1,0,0,False
1785430955.7579584,20,1785451659.5006962,37.53452353704128,0.6315960936903945,36.84290836957351,True,37.5,36.5,38.6,0.95,0.05,0.0,0.7,0.03,2,1785451669.52812,True,True,True,False,1785451560.3047037,False,1,0,0,False
1785430955.7579584,20,1785451679.5071156,37.513160906385906,0.6315770199130236,36.83222705424582,True,37.5,36.5,38.6,0.95,0.05,0.0,0.7,0.03,2,1785451689.5344517,True,False,True,False,1785451560.3047037,False,1,0,0,False
1785430955.7579584,20,1785451699.5134912,37.507820248722055,0.6315579461356527,36.84824902723736,True,37.5,36.5,38.6,0.95,0.05,0.0,0.7,0.03,2,1785451709.5407078,True,True,True,False,1785451560.3047037,False,1,0,0,False
1785430955.7579584,20,1785451719.520063,37.49713893339437,0.6312909132524606,36.816205081254296,True,37.5,36.5,38.6,0.95,0.05,0.0,0.7,0.03,2,1785451729.5510628,True,True,True,False,1785451560.3047037,False,True,1,0,False
1785430955.7579584,20,1785451739.5263617,37.489127946898606,0.6314435034714275,36.816205081254296,True,37.5,36.5,38.6,0.95,0.05,0.0,0.7,0.03,2,1785451749.5542283,True,True,True,True,1785451740.3047316,False,True,1,0,False
1785430955.7579584,20,1785451759.5329368,37.45975432974747,0.6316533150225071,36.82421606775006,True,37.5,36.5,38.6,0.95,0.05,0.0,0.7,0.03,2,1785451769.5603192,True,True,True,False,1785451740.3047316,False,True,1,0,False
1785430955.7579584,20,1785451779.539253,37.49179827573053,0.6314816510261693,36.77080949111162,True,37.5,36.5,38.6,0.95,0.05,0.0,0.7,0.03,2,1785451789.5666862,True,True,True,False,1785451740.3047316,False,True,1,0,False
1785430955.7579584,20,1785451799.5456896,37.489127946898606,0.631519798580911,36.77080949111162,True,37.5,36.5,38.6,0.95,0.05,0.0,0.7,0.03,2,1785451809.573089,True,False,True,False,1785451740.3047316,False,True,1,0,False
1785430955.7579584,20,1785451819.552064,37.49179827573053,0.6316151674677652,36.82421606775006,True,37.5,36.5,38.6,0.95,0.05,0.0,0.7,0.03,2,1785451829.579404,True,True,True,False,1785451740.3047316,False,True,1,0,False
1785430955.7579584,20,1785451839.5584192,37.52117189288167,0.6314244296940567,36.82421606775006,True,37.5,36.5,38.6,0.95,0.05,0.0,0.7,0.03,2,1785451849.5857408,True,True,True,False,1785451740.3047316,False,1,0,0,False
1785430955.7579584,20,1785451859.5648267,37.53452353704128,0.6315960936903945,36.82154573891813,True,37.5,36.5,38.6,0.95,0.05,0.0,0.7,0.03,2,1785451869.5922058,True,True,True,False,1785451740.3047316,False,1,0,0,False
1785430955.7579584,20,1785451879.5712585,37.53452353704128,0.6317296101319906,36.816205081254296,True,37.5,36.5,38.6,0.95,0.05,0.0,0.7,0.03,2,1785451889.599196,True,True,True,False,1785451740.3047316,False,1,0,0,False
1785430955.7579584,20,1785451899.5777977,37.51850156404974,0.6318631265735867,36.83756771190967,True,37.5,36.5,38.6,0.95,0.05,0.0,0.7,0.03,2,1785451909.6051435,True,False,True,False,1785451740.3047316,False,1,0,0,False
1785430955.7579584,20,1785451919.5850008,37.52384222171359,0.6314244296940567,36.83222705424582,True,37.5,36.5,38.6,0.95,0.05,0.0,0.7,0.03,2,1785451929.6141224,True,True,True,True,1785451920.3047407,False,1,0,0,False
1785430955.7579584,20,1785451939.5928469,37.52117189288167,0.6315770199130236,36.83222705424582,True,37.5,36.5,38.6,0.95,0.05,0.0,0.7,0.03,2,1785451949.620894,True,False,True,False,1785451920.3047407,False,1,0,0,False
1785430955.7579584,20,1785451959.5998256,37.49713893339437,0.6314435034714275,36.80819409475852,True,37.5,36.5,38.6,0.95,0.05,0.0,0.7,0.03,2,1785451969.6271846,True,True,True,False,1785451920.3047407,False,True,1,0,False
1785430955.7579584,20,1785451979.6061475,37.48645761806668,0.6316342412451362,36.80819409475852,True,37.5,36.5,38.6,0.95,0.05,0.0,0.7,0.03,2,1785451989.633555,True,False,True,False,1785451920.3047407,False,True,1,0,False
1785430955.7579584,20,1785451999.6125083,37.47310597390707,0.6316151674677652,36.792172121766995,True,37.5,36.5,38.6,0.95,0.05,0.0,0.7,0.03,2,1785452009.6397796,True,True,True,False,1785451920.3047407,False,True,1,0,False
1785430955.7579584,20,1785452019.6188166,37.47577630273899,0.6317486839093615,36.786831464103145,True,37.5,36.5,38.6,0.95,0.05,0.0,0.7,0.03,2,1785452029.64571,True,False,True,False,1785451920.3047407,False,True,1,0,False
1785430955.7579584,20,1785452039.625114,37.51049057755398,0.631672388799878,36.81353475242237,True,37.5,36.5,38.6,0.95,0.05,0.0,0.7,0.03,2,1785452049.6525347,True,True,True,False,1785451920.3047407,False,1,0,0,False
1785430955.7579584,20,1785452059.6314855,37.51850156404974,0.6318249790188449,36.79484245059892,True,37.5,36.5,38.6,0.95,0.05,0.0,0.7,0.03,2,1785452069.6589015,True,True,True,False,1785451920.3047407,False,1,0,0,False
1785430955.7579584,20,1785452079.6378624,37.507820248722055,0.6314435034714275,36.810864423590445,True,37.5,36.5,38.6,0.95,0.05,0.0,0.7,0.03,2,1785452089.6650164,True,False,True,False,1785451920.3047407,False,1,0,0,False
1785430955.7579584,20,1785452099.6441562,37.53452353704128,0.6317677576867322,36.816205081254296,True,37.5,36.5,38.6,0.95,0.05,0.0,0.7,0.03,2,1785452109.67159,True,True,True,True,1785452100.304744,False,1,0,0,False
1785430955.7579584,20,1785452119.6507258,37.52918287937743,0.6315579461356527,36.83756771190967,True,37.5,36.5,38.6,0.95,0.05,0.0,0.7,0.03,2,1785452129.6782372,True,True,True,False,1785452100.304744,False,1,0,0,False
1785430955.7579584,20,1785452139.6572375,37.526512550545505,0.6317105363546197,36.810864423590445,True,37.5,36.5,38.6,0.95,0.05,0.0,0.7,0.03,2,1785452149.68459,True,True,True,False,1785452100.304744,False,1,0,0,False
1785430955.7579584,20,1785452159.663539,37.51850156404974,0.6316151674677652,36.80819409475852,True,37.5,36.5,38.6,0.95,0.05,0.0,0.7,0.03,2,1785452169.6908813,True,True,True,False,1785452100.304744,False,1,0,0,False
1785430955.7579584,20,1785452179.669866,37.49179827573053,0.6314053559166858,36.80819409475852,True,37.5,36.5,38.6,0.95,0.05,0.0,0.7,0.03,2,1785452189.6973236,True,False,True,False,1785452100.304744,False,True,1,0,False
1785430955.7579584,20,1785452199.6762202,37.489127946898606,0.631519798580911,36.81353475242237,True,37.5,36.5,38.6,0.95,0.05,0.0,0.7,0.03,2,1785452209.7035513,True,True,True,False,1785452100.304744,False,True,1,0,False
1785430955.7579584,20,1785452219.682515,37.49713893339437,0.6314816510261693,36.792172121766995,True,37.5,36.5,38.6,0.95,0.05,0.0,0.7,0.03,2,1785452229.709832,True,True,True,False,1785452100.304744,False,True,1,0,False
1785430955.7579584,20,1785452239.6888669,37.49980926222629,0.6314435034714275,36.792172121766995,True,37.5,36.5,38.6,0.95,0.05,0.0,0.7,0.03,2,1785452249.716238,True,True,True,False,1785452100.304744,False,True,1,0,False
1785430955.7579584,20,1785452259.6953146,37.49713893339437,0.6314244296940567,36.80018310826276,True,37.5,36.5,38.6,0.95,0.05,0.0,0.7,0.03,2,1785452269.722727,True,True,True,False,1785452100.304744,False,True,1,0,False
1785430955.7579584,20,1785452279.7017448,37.513160906385906,0.631519798580911,36.810864423590445,True,37.5,36.5,38.6,0.95,0.05,0.0,0.7,0.03,2,1785452289.7284653,True,False,True,True,1785452280.3047512,False,1,0,0,False
1785430955.7579584,20,1785452299.708056,37.53452353704128,0.6315770199130236,36.816205081254296,True,37.5,36.5,38.6,0.95,0.05,0.0,0.7,0.03,2,1785452309.7348745,True,False,True,False,1785452280.3047512,False,1,0,0,False
1785430955.7579584,20,1785452319.7144194,37.53986419470512,0.6317105363546197,36.82688639658198,True,37.5,36.5,38.6,0.95,0.05,0.0,0.7,0.03,2,1785452329.7417378,True,False,True,False,1785452280.3047512,False,1,0,0,False
1785430955.7579584,20,1785452339.7207956,37.531853208209355,0.6318440527962157,36.82688639658198,True,37.5,36.5,38.6,0.95,0.05,0.0,0.7,0.03,2,1785452349.7481441,True,True,True,False,1785452280.3047512,False,1,0,0,False
1785430955.7579584,20,1785452359.727128,37.52384222171359,0.6318059052414741,36.82421606775006,True,37.5,36.5,38.6,0.95,0.05,0.0,0.7,0.03,2,1785452369.754487,True,True,True,False,1785452280.3047512,False,1,0,0,False
1785430955.7579584,20,1785452379.7334986,37.51850156404974,0.6314435034714275,36.81887541008621,True,37.5,36.5,38.6,0.95,0.05,0.0,0.7,0.03,2,1785452389.760869,True,True,True,False,1785452280.3047512,False,1,0,0,False
1785430955.7579584,20,1785452399.7398193,37.489127946898606,0.631519798580911,36.792172121766995,True,37.5,36.5,38.6,0.95,0.05,0.0,0.7,0.03,2,1785452409.7671082,True,True,True,False,1785452280.3047512,False,True,1,0,False
1785430955.7579584,20,1785452419.746063,37.427710383764406,0.6315960936903945,36.81887541008621,True,37.5,36.5,38.6,0.95,0.05,0.0,0.7,0.03,2,1785452429.7732089,False,True,True,False,1785452280.3047512,False,True,1,0,False
1785430955.7579584,20,1785452439.7520328,37.360952162966356,0.6314244296940567,36.79751277943083,True,37.5,36.5,38.6,0.95,0.05,0.0,0.7,0.03,2,1785452449.7790804,False,True,True,False,1785452280.3047512,False,True,1,0,False
1785430955.7579584,20,1785452459.7580113,37.29953459983216,0.6312527656977188,36.78416113527123,True,37.5,36.5,38.6,0.95,0.05,0.0,0.7,0.03,2,1785452469.7850943,False,True,True,True,1785452460.304768,False,True,1,0,False
1785430955.7579584,20,1785452479.7639503,37.267490653849094,0.6313099870298313,36.77882047760738,True,37.5,36.5,38.6,0.95,0.05,0.0,0.7,0.03,2,1785452489.7910483,False,True,True,False,1785452460.304768,False,True,1,0,False
1785430955.7579584,20,1785452499.7699995,37.262149996185244,0.6313099870298313,36.77882047760738,True,37.5,36.5,38.6,0.95,0.05,0.0,0.7,0.03,2,1785452509.7971497,False,True,True,False,1785452460.304768,False,True,1,0,False
1785430955.7579584,20,1785452519.7760024,37.23010605020218,0.631672388799878,36.82154573891813,True,37.5,36.5,38.6,0.95,0.05,0.0,0.7,0.03,2,1785452529.8028817,False,True,True,False,1785452460.304768,False,True,1,0,False
1785430955.7579584,20,1785452539.7820003,37.20607309071488,0.6310429541466392,36.79484245059892,True,37.5,36.5,38.6,0.95,0.05,0.0,0.7,0.03,2,1785452549.8087037,False,True,True,False,1785452460.304768,False,True,1,0,False
1785430955.7579584,20,1785452559.7879934,37.23010605020218,0.6313862821393148,36.834897383077745,True,37.5,36.5,38.6,0.95,0.05,0.0,0.7,0.03,2,1785452569.8151202,False,True,True,False,1785452460.304768,False,True,1,0,False
1785430955.7579584,20,1785452579.7940176,37.219424734874494,0.6311383230334936,36.81887541008621,True,37.5,36.5,38.6,0.95,0.05,0.0,0.7,0.03,2,1785452589.821154,False,True,True,False,1785452460.304768,False,True,1,0,False
1785430955.7579584,20,1785452599.800034,37.243457694361794,0.6310238803692684,36.80819409475852,True,37.5,36.5,38.6,0.95,0.05,0.0,0.7,0.03,2,1785452609.8271778,False,True,True,False,1785452460.304768,False,True,1,0,False
1785430955.7579584,20,1785452619.806116,37.23010605020218,0.6311764705882353,36.86160067139696,True,37.5,36.5,38.6,0.95,0.05,0.0,0.7,0.03,2,1785452629.8327732,False,True,True,False,1785452460.304768,False,True,1,0,False
1785430955.7579584,20,1785452639.8121085,37.23277637903411,0.631367208361944,36.84557869840543,True,37.5,36.5,38.6,0.95,0.05,0.0,0.7,0.03,2,1785452649.8397434,False,True,True,True,1785452640.3047876,False,True,1,0,False
1785430955.7579584,20,1785452659.8185103,37.24612802319372,0.6312336919203478,36.88029297322042,True,37.5,36.5,38.6,0.95,0.05,0.0,0.7,0.03,2,1785452669.8457232,False,True,True,False,1785452640.3047876,False,True,1,0,False
1785430955.7579584,20,1785452679.824505,37.262149996185244,0.6313099870298313,36.853589684901195,True,37.5,36.5,38.6,0.95,0.05,0.0,0.7,0.03,2,1785452689.8515255,False,True,True,False,1785452640.3047876,False,True,1,0,False
1785430955.7579584,20,1785452699.8304117,37.262149996185244,0.6310620279240101,36.896314946211945,True,37.5,36.5,38.6,0.95,0.05,0.0,0.7,0.03,2,1785452709.8575392,False,True,True,False,1785452640.3047876,False,True,1,0,False
1785430955.7579584,20,1785452719.836467,37.267490653849094,0.6310238803692684,36.89097428854811,True,37.5,36.5,38.6,0.95,0.05,0.0,0.7,0.03,2,1785452729.8631303,False,True,True,False,1785452640.3047876,False,True,1,0,False
1785430955.7579584,20,1785452739.842398,37.30220492866407,0.6312527656977188,36.939040207522694,True,37.5,36.5,38.6,0.95,0.05,0.0,0.7,0.03,2,1785452749.8694987,False,True,True,False,1785452640.3047876,False,True,1,0,False
1785430955.7579584,20,1785452759.848348,37.30487525749599,0.6313290608072023,36.93636987869077,True,37.5,36.5,38.6,0.95,0.05,0.0,0.7,0.03,2,1785452769.8751142,False,True,True,False,1785452640.3047876,False,True,1,0,False
1785430955.7579584,20,1785452779.8544567,37.31555657282368,0.6313290608072023,36.93102922102693,True,37.5,36.5,38.6,0.95,0.05,0.0,0.7,0.03,2,1785452789.8816352,False,True,True,False,1785452640.3047876,False,True,1,0,False
1785430955.7579584,20,1785452799.8607314,37.318226901655606,0.6312336919203478,36.957732509346144,True,37.5,36.5,38.6,0.95,0.05,0.0,0.7,0.03,2,1785452809.887727,False,True,True,False,1785452640.3047876,False,True,1,0,False
1785430955.7579584,20,1785452819.866885,37.33157854581522,0.6313862821393148,36.963073167009995,True,37.5,36.5,38.6,0.95,0.05,0.0,0.7,0.03,2,1785452829.8939192,False,True,True,True,1785452820.3048062,False,True,1,0,False
1785430955.7579584,20,1785452839.8728364,37.34493018997482,0.6312336919203478,36.96841382467383,True,37.5,36.5,38.6,0.95,0.05,0.0,0.7,0.03,2,1785452849.8998628,False,True,True,False,1785452820.3048062,False,True,1,0,False
1785430955.7579584,20,1785452859.878739,37.34760051880674,0.6313290608072023,36.981765468833444,True,37.5,36.5,38.6,0.95,0.05,0.0,0.7,0.03,2,1785452869.9058335,False,True,True,False,1785452820.3048062,False,True,1,0,False
1785430955.7579584,20,1785452879.8847477,37.36362249179828,0.6316533150225071,37.01915007248036,True,37.5,36.5,38.6,0.95,0.05,0.0,0.7,0.03,2,1785452889.9117382,False,True,True,False,1785452820.3048062,False,True,1,0,False
1785430955.7579584,20,1785452899.8906515,37.38498512245366,0.6312909132524606,37.01380941481651,True,37.5,36.5,38.6,0.95,0.05,0.0,0.7,0.03,2,1785452909.917785,False,True,True,False,1785452820.3048062,False,True,1,0,False
1785430955.7579584,20,1785452919.8966987,37.41702906843672,0.6314435034714275,37.03517204547188,True,37.5,36.5,38.6,0.95,0.05,0.0,0.7,0.03,2,1785452929.9237485,False,True,True,False,1785452820.3048062,False,True,1,0,False
1785430955.7579584,20,1785452939.9026527,37.41969939726863,0.6314816510261693,37.029831387808045,True,37.5,36.5,38.6,0.95,0.05,0.0,0.7,0.03,2,1785452949.9297795,False,True,True,False,1785452820.3048062,False,True,1,0,False
1785430955.7579584,20,1785452959.9086986,37.43305104142824,0.6315960936903945,37.048523689631494,True,37.5,36.5,38.6,0.95,0.05,0.0,0.7,0.03,2,1785452969.9357123,False,True,True,False,1785452820.3048062,False,True,1,0,False
1785430955.7579584,20,1785452979.914603,37.43305104142824,0.6315579461356527,37.048523689631494,True,37.5,36.5,38.6,0.95,0.05,0.0,0.7,0.03,2,1785452989.9451354,False,True,True,False,1785452820.3048062,False,True,1,0,False
1785430955.7579584,20,1785452999.923986,37.441062027924005,0.6315579461356527,37.08590829327841,True,37.5,36.5,38.6,0.95,0.05,0.0,0.7,0.03,2,1785453009.9511108,False,True,True,True,1785453000.3048167,False,True,1,0,False
1785430955.7579584,20,1785453019.9300082,37.43305104142824,0.6317105363546197,37.10193026626993,True,37.5,36.5,38.6,0.95,0.05,0.0,0.7,0.03,2,1785453029.957133,False,True,True,False,1785453000.3048167,False,True,1,0,False
1785430955.7579584,20,1785453039.935977,37.46242465857938,0.6313481345845732,37.11261158159762,True,37.5,36.5,38.6,0.95,0.05,0.0,0.7,0.03,2,1785453049.9630673,False,True,True,False,1785453000.3048167,False,True,1,0,False
1785430955.7579584,20,1785453059.9420512,37.481116960402844,0.6319775692378119,37.13130388342107,True,37.5,36.5,38.6,0.95,0.05,0.0,0.7,0.03,2,1785453069.969187,False,True,True,False,1785453000.3048167,False,True,1,0,False
1785430955.7579584,20,1785453079.9480205,37.51850156404974,0.6311955443656062,37.13130388342107,True,37.5,36.5,38.6,0.95,0.05,0.0,0.7,0.03,2,1785453089.9751492,False,True,True,False,1785453000.3048167,False,1,0,0,False
1785430955.7579584,20,1785453099.9540527,37.51850156404974,0.6316533150225071,37.13664454108492,True,37.5,36.5,38.6,0.95,0.05,0.0,0.7,0.03,2,1785453109.981157,False,True,True,False,1785453000.3048167,False,1,0,0,False
1785430955.7579584,20,1785453119.9600189,37.507820248722055,0.6315007248035401,37.12062256809338,True,37.5,36.5,38.6,0.95,0.05,0.0,0.7,0.03,2,1785453129.9870825,False,True,True,False,1785453000.3048167,False,1,0,0,False
1785430955.7579584,20,1785453139.9660087,37.50514991989013,0.6315579461356527,37.13130388342107,True,37.5,36.5,38.6,0.95,0.05,0.0,0.7,0.03,2,1785453149.9931467,False,True,True,False,1785453000.3048167,False,1,0,0,False
1785430955.7579584,20,1785453159.9720569,37.52384222171359,0.631672388799878,37.14465552758068,True,37.5,36.5,38.6,0.95,0.05,0.0,0.7,0.03,2,1785453169.9991262,False,True,True,False,1785453000.3048167,False,1,0,0,False
1785430955.7579584,20,1785453179.978058,37.52384222171359,0.6317486839093615,37.139314869916845,True,37.5,36.5,38.6,0.95,0.05,0.0,0.7,0.03,2,1785453190.005263,False,True,True,True,1785453180.3048272,False,1,0,0,False
1785430955.7579584,20,1785453199.9841611,37.51049057755398,0.6314053559166858,37.12863355458916,True,37.5,36.5,38.6,0.95,0.05,0.0,0.7,0.03,2,1785453210.0112827,False,True,True,False,1785453180.3048272,False,1,0,0,False
1785430955.7579584,20,1785453219.990239,37.470435645075156,0.6313290608072023,37.10727092393378,True,37.5,36.5,38.6,0.95,0.05,0.0,0.7,0.03,2,1785453230.017344,False,True,True,False,1785453180.3048272,False,True,1,0,False
1785430955.7579584,20,1785453239.9961977,37.489127946898606,0.6314816510261693,37.10193026626993,True,37.5,36.5,38.6,0.95,0.05,0.0,0.7,0.03,2,1785453250.022705,False,True,True,False,1785453180.3048272,False,True,1,0,False
1785430955.7579584,20,1785453260.0022073,37.50247959105822,0.6314625772487983,37.10460059510186,True,37.5,36.5,38.6,0.95,0.05,0.0,0.7,0.03,2,1785453270.0292938,False,True,True,False,1785453180.3048272,False,1,0,0,False
1785430955.7579584,20,1785453280.0081956,37.481116960402844,0.6312909132524606,37.12596322575723,True,37.5,36.5,38.6,0.95,0.05,0.0,0.7,0.03,2,1785453290.0348191,False,True,True,False,1785453180.3048272,False,True,1,0,False
1785430955.7579584,20,1785453300.0141854,37.45441367208362,0.6312527656977188,37.12062256809338,True,37.5,36.5,38.6,0.95,0.05,0.0,0.7,0.03,2,1785453310.0407462,False,True,True,False,1785453180.3048272,False,True,1,0,False
1785430955.7579584,20,1785453320.0201046,37.470435645075156,0.6313290608072023,37.109941252765694,True,37.5,36.5,38.6,0.95,0.05,0.0,0.7,0.03,2,1785453330.0467799,False,True,True,False,1785453180.3048272,False,True,1,0,False
1785430955.7579584,20,1785453340.0261364,37.46242465857938,0.6313862821393148,37.10460059510186,True,37.5,36.5,38.6,0.95,0.05,0.0,0.7,0.03,2,1785453350.0533073,False,True,True,False,1785453180.3048272,False,True,1,0,False
1785430955.7579584,20,1785453360.0321522,37.48645761806668,0.631519798580911,37.133974212252994,True,37.5,36.5,38.6,0.95,0.05,0.0,0.7,0.03,2,1785453370.059364,False,True,True,True,1785453360.3048851,False,True,1,0,False
1785430955.7579584,20,1785453380.0383687,37.49179827573053,0.6314053559166858,37.12863355458916,True,37.5,36.5,38.6,0.95,0.05,0.0,0.7,0.03,2,1785453390.0656683,False,True,True,False,1785453360.3048851,False,True,1,0,False
1785430955.7579584,20,1785453400.0445187,37.49980926222629,0.6314816510261693,37.12863355458916,True,37.5,36.5,38.6,0.95,0.05,0.0,0.7,0.03,2,1785453410.0717154,False,True,True,False,1785453360.3048851,False,True,1,0,False
1785430955.7579584,20,1785453420.0504768,37.507820248722055,0.631519798580911,37.139314869916845,True,37.5,36.5,38.6,0.95,0.05,0.0,0.7,0.03,2,1785453430.0777612,False,True,True,False,1785453360.3048851,False,1,0,0,False
1785430955.7579584,20,1785453440.0565817,37.53719386587319,0.6317677576867322,37.16601815823606,True,37.5,36.5,38.6,0.95,0.05,0.0,0.7,0.03,2,1785453450.0832868,False,True,True,False,1785453360.3048851,False,1,0,0,False
1785430955.7579584,20,1785453460.0627682,37.51850156404974,0.6314435034714275,37.14732585641261,True,37.5,36.5,38.6,0.95,0.05,0.0,0.7,0.03,2,1785453470.0898395,False,True,True,False,1785453360.3048851,False,1,0,0,False
1785430955.7579584,20,1785453480.068897,37.51850156404974,0.6316914625772487,37.158007171740294,True,37.5,36.5,38.6,0.95,0.05,0.0,0.7,0.03,2,1785453490.0959835,False,True,True,False,1785453360.3048851,False,1,0,0,False
1785430955.7579584,20,1785453500.0748777,37.51850156404974,0.6312718394750897,37.16868848706798,True,37.5,36.5,38.6,0.95,0.05,0.0,0.7,0.03,2,1785453510.1020064,False,True,True,False,1785453360.3048851,False,1,0,0,False
1785430955.7579584,20,1785453520.0809915,37.49713893339437,0.6312909132524606,37.158007171740294,True,37.5,36.5,38.6,0.95,0.05,0.0,0.7,0.03,2,1785453530.1081822,False,True,True,False,1785453360.3048851,False,True,1,0,False
1785430955.7579584,20,1785453540.0871046,37.483787289234755,0.6315960936903945,37.152666514076444,True,37.5,36.5,38.6,0.95,0.05,0.0,0.7,0.03,2,1785453550.114223,False,True,True,True,1785453540.304892,False,True,1,0,False
1785430955.7579584,20,1785453560.09315,37.49713893339437,0.631367208361944,37.15533684290837,True,37.5,36.5,38.6,0.95,0.05,0.0,0.7,0.03,2,1785453570.1197126,False,True,True,False,1785453540.304892,False,True,1,0,False
1785430955.7579584,20,1785453580.0990076,37.48645761806668,0.6316914625772487,37.12329289692531,True,37.5,36.5,38.6,0.95,0.05,0.0,0.7,0.03,2,1785453590.1260993,False,True,True,False,1785453540.304892,False,True,1,0,False
1785430955.7579584,20,1785453600.1050456,37.51049057755398,0.6318440527962157,37.14999618524453,True,37.5,36.5,38.6,0.95,0.05,0.0,0.7,0.03,2,1785453610.1318536,False,True,True,False,1785453540.304892,False,1,0,0,False
1785430955.7579584,20,1785453620.1110315,37.49713893339437,0.6314816510261693,37.14999618524453,True,37.5,36.5,38.6,0.95,0.05,0.0,0.7,0.03,2,1785453630.1382766,False,True,True,False,1785453540.304892,False,True,1,0,False
1785430955.7579584,20,1785453640.1171322,37.52117189288167,0.6314435034714275,37.14999618524453,True,37.5,36.5,38.6,0.95,0.05,0.0,0.7,0.03,2,1785453650.144209,False,True,True,False,1785453540.304892,False,1,0,0,False
1785430955.7579584,20,1785453660.1232033,37.507820248722055,0.631519798580911,37.158007171740294,True,37.5,36.5,38.6,0.95,0.05,0.0,0.7,0.03,2,1785453670.1503258,False,True,True,False,1785453540.304892,False,1,0,0,False
1785430955.7579584,20,1785453680.1292348,37.49179827573053,0.6317105363546197,37.158007171740294,True,37.5,36.5,38.6,0.95,0.05,0.0,0.7,0.03,2,1785453690.15577,False,True,True,False,1785453540.304892,False,True,1,0,False
1785430955.7579584,20,1785453700.1351802,37.49713893339437,0.6315388723582818,37.158007171740294,True,37.5,36.5,38.6,0.95,0.05,0.0,0.7,0.03,2,1785453710.1618502,False,True,True,False,1785453540.304892,False,True,1,0,False
1785430955.7579584,20,1785453720.1412117,37.507820248722055,0.6315960936903945,37.13130388342107,True,37.5,36.5,38.6,0.95,0.05,0.0,0.7,0.03,2,1785453730.1676886,False,True,True,True,1785453720.3049145,False,1,0,0,False
1785430955.7579584,20,1785453740.1471047,37.489127946898606,0.6315960936903945,37.13664454108492,True,37.5,36.5,38.6,0.95,0.05,0.0,0.7,0.03,2,1785453750.1742296,False,True,True,False,1785453720.3049145,False,True,1,0,False
1785430955.7579584,20,1785453760.1531458,37.48645761806668,0.631519798580911,37.12329289692531,True,37.5,36.5,38.6,0.95,0.05,0.0,0.7,0.03,2,1785453770.1803002,False,True,True,False,1785453720.3049145,False,True,1,0,False
1785430955.7579584,20,1785453780.159146,37.481116960402844,0.6314244296940567,37.11261158159762,True,37.5,36.5,38.6,0.95,0.05,0.0,0.7,0.03,2,1785453790.1862922,False,True,True,False,1785453720.3049145,False,True,1,0,False
1785430955.7579584,20,1785453800.165251,37.49980926222629,0.6311383230334936,37.12863355458916,True,37.5,36.5,38.6,0.95,0.05,0.0,0.7,0.03,2,1785453810.1923704,False,True,True,False,1785453720.3049145,False,True,1,0,False
1785430955.7579584,20,1785453820.1714294,37.481116960402844,0.6315388723582818,37.15533684290837,True,37.5,36.5,38.6,0.95,0.05,0.0,0.7,0.03,2,1785453830.1986792,False,True,True,False,1785453720.3049145,False,True,1,0,False
1785430955.7579584,20,1785453840.17747,37.51049057755398,0.6315579461356527,37.139314869916845,True,37.5,36.5,38.6,0.95,0.05,0.0,0.7,0.03,2,1785453850.2047083,False,True,True,False,1785453720.3049145,False,1,0,0,False
1785430955.7579584,20,1785453860.1834905,37.49713893339437,0.6317868314641032,37.17402914473182,True,37.5,36.5,38.6,0.95,0.05,0.0,0.7,0.03,2,1785453870.2106752,False,True,True,False,1785453720.3049145,False,True,1,0,False
1785430955.7579584,20,1785453880.1894658,37.507820248722055,0.6315007248035401,37.17402914473182,True,37.5,36.5,38.6,0.95,0.05,0.0,0.7,0.03,2,1785453890.2161407,False,True,True,False,1785453720.3049145,False,1,0,0,False
1785430955.7579584,20,1785453900.195419,37.52384222171359,0.631672388799878,37.16868848706798,True,37.5,36.5,38.6,0.95,0.05,0.0,0.7,0.03,2,1785453910.2225392,False,True,True,True,1785453900.304953,False,1,0,0,False
1785430955.7579584,20,1785453920.2014632,37.513160906385906,0.6313099870298313,37.14732585641261,True,37.5,36.5,38.6,0.95,0.05,0.0,0.7,0.03,2,1785453930.2285273,False,True,True,False,1785453900.304953,False,1,0,0,False
1785430955.7579584,20,1785453940.2073705,37.50514991989013,0.631519798580911,37.158007171740294,True,37.5,36.5,38.6,0.95,0.05,0.0,0.7,0.03,2,1785453950.234563,False,True,True,False,1785453900.304953,False,1,0,0,False
1785430955.7579584,20,1785453960.2134795,37.49179827573053,0.6314816510261693,37.16601815823606,True,37.5,36.5,38.6,0.95,0.05,0.0,0.7,0.03,2,1785453970.2399864,False,True,True,False,1785453900.304953,False,True,1,0,False
1785430955.7579584,20,1785453980.2193367,37.47577630273899,0.6315960936903945,37.14465552758068,True,37.5,36.5,38.6,0.95,0.05,0.0,0.7,0.03,2,1785453990.2459028,False,True,True,False,1785453900.304953,False,True,1,0,False
1785430955.7579584,20,1785454000.22534,37.47310597390707,0.6316151674677652,37.14465552758068,True,37.5,36.5,38.6,0.95,0.05,0.0,0.7,0.03,2,1785454010.2518525,False,True,True,False,1785453900.304953,False,True,1,0,False
1785430955.7579584,20,1785454020.2312622,37.470435645075156,0.6316533150225071,37.133974212252994,True,37.5,36.5,38.6,0.95,0.05,0.0,0.7,0.03,2,1785454030.2578468,False,True,True,False,1785453900.304953,False,True,1,0,False
1785430955.7579584,20,1785454040.2372446,37.47310597390707,0.6315770199130236,37.12329289692531,True,37.5,36.5,38.6,0.95,0.05,0.0,0.7,0.03,2,1785454050.263765,False,True,True,False,1785453900.304953,False,True,1,0,False
1785430955.7579584,20,1785454060.2431247,37.50247959105822,0.6313290608072023,37.152666514076444,True,37.5,36.5,38.6,0.95,0.05,0.0,0.7,0.03,2,1785454070.2696307,False,True,True,False,1785453900.304953,False,1,0,0,False
1785430955.7579584,20,1785454080.2490642,37.49713893339437,0.6313862821393148,37.152666514076444,True,37.5,36.5,38.6,0.95,0.05,0.0,0.7,0.03,2,1785454090.276261,False,True,True,True,1785454080.304969,False,True,1,0,False
1785430955.7579584,20,1785454100.2551405,37.507820248722055,0.6317105363546197,37.16868848706798,True,37.5,36.5,38.6,0.95,0.05,0.0,0.7,0.03,2,1785454110.2822285,False,True,True,False,1785454080.304969,False,1,0,0,False
1785430955.7579584,20,1785454120.2612443,37.53986419470512,0.6318249790188449,37.158007171740294,True,37.5,36.5,38.6,0.95,0.05,0.0,0.7,0.03,2,1785454130.288245,False,True,True,False,1785454080.304969,False,1,0,0,False
1785430955.7579584,20,1785454140.2671702,37.51583123521782,0.6313481345845732,37.141985198748756,True,37.5,36.5,38.6,0.95,0.05,0.0,0.7,0.03,2,1785454150.2937846,False,True,True,False,1785454080.304969,False,1,0,0,False
1785430955.7579584,20,1785454160.2732153,37.51850156404974,0.6315770199130236,37.14999618524453,True,37.5,36.5,38.6,0.95,0.05,0.0,0.7,0.03,2,1785454170.3002915,False,True,True,False,1785454080.304969,False,1,0,0,False
1785430955.7579584,20,1785454180.2791598,37.507820248722055,0.6313099870298313,37.14465552758068,True,37.5,36.5,38.6,0.95,0.05,0.0,0.7,0.03,2,1785454190.3062794,False,True,True,False,1785454080.304969,False,1,0,0,False
1785430955.7579584,20,1785454200.285228,37.49980926222629,0.631367208361944,37.12863355458916,True,37.5,36.5,38.6,0.95,0.05,0.0,0.7,0.03,2,1785454210.312333,False,True,True,False,1785454080.304969,False,True,1,0,False
1785430955.7579584,20,1785454220.2912025,37.49179827573053,0.6315579461356527,37.12863355458916,True,37.5,36.5,38.6,0.95,0.05,0.0,0.7,0.03,2,1785454230.3177974,False,True,True,False,1785454080.304969,False,True,1,0,False
1785430955.7579584,20,1785454240.2972317,37.489127946898606,0.6315579461356527,37.12863355458916,True,37.5,36.5,38.6,0.95,0.05,0.0,0.7,0.03,2,1785454250.3243105,False,True,True,False,1785454080.304969,False,True,1,0,False
1785430955.7579584,20,1785454260.3031907,37.48645761806668,0.6313481345845732,37.13664454108492,True,37.5,36.5,38.6,0.95,0.05,0.0,0.7,0.03,2,1785454270.3302708,False,True,True,True,1785454260.3303022,False,True,1,0,False
1785430955.7579584,20,1785454280.3092222,37.49179827573053,0.6316151674677652,37.13664454108492,True,37.5,36.5,38.6,0.95,0.05,0.0,0.7,0.03,2,1785454290.335811,False,True,True,False,1785454260.3303022,False,True,1,0,False
1785430955.7579584,20,1785454300.3151715,37.48645761806668,0.6314816510261693,37.13130388342107,True,37.5,36.5,38.6,0.95,0.05,0.0,0.7,0.03,2,1785454310.3424358,False,True,True,False,1785454260.3303022,False,True,1,0,False
1785430955.7579584,20,1785454320.3214262,37.50247959105822,0.6315770199130236,37.12062256809338,True,37.5,36.5,38.6,0.95,0.05,0.0,0.7,0.03,2,1785454330.3480022,False,True,True,False,1785454260.3303022,False,1,0,0,False
1785430955.7579584,20,1785454340.3273237,37.50514991989013,0.6312527656977188,37.158007171740294,True,37.5,36.5,38.6,0.95,0.05,0.0,0.7,0.03,2,1785454350.35436,False,True,True,False,1785454260.3303022,False,1,0,0,False
1785430955.7579584,20,1785454360.3333125,37.52384222171359,0.6312146181429771,37.17135881589991,True,37.5,36.5,38.6,0.95,0.05,0.0,0.7,0.03,2,1785454370.360383,False,True,True,False,1785454260.3303022,False,1,0,0,False
1785430955.7579584,20,1785454380.3392913,37.513160906385906,0.6314053559166858,37.15533684290837,True,37.5,36.5,38.6,0.95,0.05,0.0,0.7,0.03,2,1785454390.3658612,False,True,True,False,1785454260.3303022,False,1,0,0,False
1785430955.7579584,20,1785454400.3452766,37.53719386587319,0.6312718394750897,37.17135881589991,True,37.5,36.5,38.6,0.95,0.05,0.0,0.7,0.03,2,1785454410.3718917,False,True,True,False,1785454260.3303022,False,1,0,0,False
1785430955.7579584,20,1785454420.3512733,37.52384222171359,0.631672388799878,37.15533684290837,True,37.5,36.5,38.6,0.95,0.05,0.0,0.7,0.03,2,1785454430.3783743,False,True,True,True,1785454440.330306,False,1,0,0,False
1785430955.7579584,20,1785454440.3573096,37.50514991989013,0.631367208361944,37.15533684290837,True,37.5,36.5,38.6,0.95,0.05,0.0,0.7,0.03,2,1785454450.3838174,False,True,True,True,1785454440.330306,False,1,0,0,False
1785430955.7579584,20,1785454460.3631763,37.49713893339437,0.6315388723582818,37.13130388342107,True,37.5,36.5,38.6,0.95,0.05,0.0,0.7,0.03,2,1785454470.390357,False,True,True,False,1785454440.330306,False,True,1,0,False
1785430955.7579584,20,1785454480.36918,37.481116960402844,0.6315770199130236,37.10460059510186,True,37.5,36.5,38.6,0.95,0.05,0.0,0.7,0.03,2,1785454490.3956618,False,True,True,False,1785454440.330306,False,True,1,0,False
1785430955.7579584,20,1785454500.3750367,37.48645761806668,0.6316914625772487,37.13664454108492,True,37.5,36.5,38.6,0.95,0.05,0.0,0.7,0.03,2,1785454510.4021,False,True,True,False,1785454440.330306,False,True,1,0,False
1785430955.7579584,20,1785454520.381052,37.470435645075156,0.6314053559166858,37.13664454108492,True,37.5,36.5,38.6,0.95,0.05,0.0,0.7,0.03,2,1785454530.408106,False,True,True,False,1785454440.330306,False,True,1,0,False
1785430955.7579584,20,1785454540.3869832,37.49446860456244,0.6318059052414741,37.141985198748756,True,37.5,36.5,38.6,0.95,0.05,0.0,0.7,0.03,2,1785454550.4140773,False,True,True,False,1785454440.330306,False,True,1,0,False
1785430955.7579584,20,1785454560.3930264,37.48645761806668,0.6311573968108644,37.133974212252994,True,37.5,36.5,38.6,0.95,0.05,0.0,0.7,0.03,2,1785454570.4195259,False,True,True,False,1785454440.330306,False,True,1,0,False
1785430955.7579584,20,1785454580.3989115,37.507820248722055,0.6317105363546197,37.15533684290837,True,37.5,36.5,38.6,0.95,0.05,0.0,0.7,0.03,2,1785454590.4254515,False,True,True,False,1785454440.330306,False,1,0,0,False
1785430955.7579584,20,1785454600.4048238,37.51049057755398,0.6318059052414741,37.15533684290837,True,37.5,36.5,38.6,0.95,0.05,0.0,0.7,0.03,2,1785454610.431836,False,True,True,True,1785454620.330338,False,1,0,0,False
1785430955.7579584,20,1785454620.4107585,37.52384222171359,0.6316151674677652,37.16067750057222,True,37.5,36.5,38.6,0.95,0.05,0.0,0.7,0.03,2,1785454630.4378142,False,True,True,True,1785454620.330338,False,1,0,0,False
1785430955.7579584,20,1785454640.4167428,37.51049057755398,0.6311383230334936,37.14999618524453,True,37.5,36.5,38.6,0.95,0.05,0.0,0.7,0.03,2,1785454650.4438083,False,True,True,False,1785454620.330338,False,1,0,0,False
1785430955.7579584,20,1785454660.4227824,37.52384222171359,0.6312909132524606,37.16334782940413,True,37.5,36.5,38.6,0.95,0.05,0.0,0.7,0.03,2,1785454670.4493773,False,True,True,False,1785454620.330338,False,1,0,0,False
1785430955.7579584,20,1785454680.428773,37.50247959105822,0.631672388799878,37.152666514076444,True,37.5,36.5,38.6,0.95,0.05,0.0,0.7,0.03,2,1785454690.455331,False,True,True,False,1785454620.330338,False,1,0,0,False
1785430955.7579584,20,1785454700.4346879,37.49713893339437,0.6316342412451362,37.14732585641261,True,37.5,36.5,38.6,0.95,0.05,0.0,0.7,0.03,2,1785454710.4617848,False,True,True,False,1785454620.330338,False,True,1,0,False
1785430955.7579584,20,1785454720.4406385,37.49713893339437,0.6317105363546197,37.158007171740294,True,37.5,36.5,38.6,0.95,0.05,0.0,0.7,0.03,2,1785454730.4672005,False,True,True,False,1785454620.330338,False,True,1,0,False
1785430955.7579584,20,1785454740.446555,37.51049057755398,0.6313099870298313,37.152666514076444,True,37.5,36.5,38.6,0.95,0.05,0.0,0.7,0.03,2,1785454750.4735084,False,True,True,False,1785454620.330338,False,1,0,0,False
1785430955.7579584,20,1785454760.452571,37.49713893339437,0.6314816510261693,37.14465552758068,True,37.5,36.5,38.6,0.95,0.05,0.0,0.7,0.03,2,1785454770.4790907,False,True,True,False,1785454620.330338,False,True,1,0,False
1785430955.7579584,20,1785454780.4584868,37.481116960402844,0.6314816510261693,37.14465552758068,True,37.5,36.5,38.6,0.95,0.05,0.0,0.7,0.03,2,1785454790.4856098,False,True,True,True,1785454800.3303595,False,True,1,0,False
1785430955.7579584,20,1785454800.4644809,37.49980926222629,0.6312146181429771,37.15533684290837,True,37.5,36.5,38.6,0.95,0.05,0.0,0.7,0.03,2,1785454810.491404,False,True,True,True,1785454800.3303595,False,True,1,0,False
1785430955.7579584,20,1785454820.4704988,37.48645761806668,0.6315960936903945,37.12863355458916,True,37.5,36.5,38.6,0.95,0.05,0.0,0.7,0.03,2,1785454830.4976602,False,True,True,False,1785454800.3303595,False,True,1,0,False
1785430955.7579584,20,1785454840.4765203,37.49980926222629,0.6312336919203478,37.11795223926147,True,37.5,36.5,38.6,0.95,0.05,0.0,0.7,0.03,2,1785454850.5035498,False,True,True,False,1785454800.3303595,False,True,1,0,False
1785430955.7579584,20,1785454860.482434,37.50247959105822,0.631519798580911,37.152666514076444,True,37.5,36.5,38.6,0.95,0.05,0.0,0.7,0.03,2,1785454870.5096073,False,True,True,False,1785454800.3303595,False,1,0,0,False
1785430955.7579584,20,1785454880.4884758,37.49179827573053,0.6318249790188449,37.16868848706798,True,37.5,36.5,38.6,0.95,0.05,0.0,0.7,0.03,2,1785454890.5155413,False,True,True,False,1785454800.3303595,False,True,1,0,False
1785430955.7579584,20,1785454900.4944458,37.507820248722055,0.6314244296940567,37.19005111772336,True,37.5,36.5,38.6,0.95,0.05,0.0,0.7,0.03,2,1785454910.5211303,False,True,True,False,1785454800.3303595,False,1,0,0,False
1785430955.7579584,20,1785454920.5004656,37.52384222171359,0.6315388723582818,37.19539177538719,True,37.5,36.5,38.6,0.95,0.05,0.0,0.7,0.03,2,1785454930.5275028,False,True,True,False,1785454800.3303595,False,1,0,0,False
1785430955.7579584,20,1785454940.506392,37.50514991989013,0.6313290608072023,37.19005111772336,True,37.5,36.5,38.6,0.95,0.05,0.0,0.7,0.03,2,1785454950.5335674,False,True,True,False,1785454800.3303595,False,1,0,0,False
1785430955.7579584,20,1785454960.5124626,37.49713893339437,0.6314435034714275,37.16601815823606,True,37.5,36.5,38.6,0.95,0.05,0.0,0.7,0.03,2,1785454970.539517,False,True,True,True,1785454980.3303633,False,True,1,0,False
1785430955.7579584,20,1785454980.518367,37.50247959105822,0.6317296101319906,37.182040131227595,True,37.5,36.5,38.6,0.95,0.05,0.0,0.7,0.03,2,1785454990.5456004,False,True,True,True,1785454980.3303633,False,1,0,0,False
1785430955.7579584,20,1785455000.5243654,37.50514991989013,0.6315579461356527,37.139314869916845,True,37.5,36.5,38.6,0.95,0.05,0.0,0.7,0.03,2,1785455010.551431,False,True,True,False,1785454980.3303633,False,1,0,0,False
1785430955.7579584,20,1785455020.5303495,37.507820248722055,0.6317296101319906,37.14465552758068,True,37.5,36.5,38.6,0.95,0.05,0.0,0.7,0.03,2,1785455030.557563,False,True,True,False,1785454980.3303633,False,1,0,0,False
1785430955.7579584,20,1785455040.536432,37.489127946898606,0.6314625772487983,37.139314869916845,True,37.5,36.5,38.6,0.95,0.05,0.0,0.7,0.03,2,1785455050.563263,False,True,True,False,1785454980.3303633,False,True,1,0,False
1785430955.7579584,20,1785455060.5423555,37.48645761806668,0.6314816510261693,37.158007171740294,True,37.5,36.5,38.6,0.95,0.05,0.0,0.7,0.03,2,1785455070.5694351,False,True,True,False,1785454980.3303633,False,True,1,0,False
1785430955.7579584,20,1785455080.5483022,37.48645761806668,0.6318059052414741,37.14732585641261,True,37.5,36.5,38.6,0.95,0.05,0.0,0.7,0.03,2,1785455090.5754542,False,True,True,False,1785454980.3303633,False,True,1,0,False
1785430955.7579584,20,1785455100.5543907,37.48645761806668,0.631367208361944,37.16334782940413,True,37.5,36.5,38.6,0.95,0.05,0.0,0.7,0.03,2,1785455110.5815725,False,True,True,False,1785454980.3303633,False,True,1,0,False
1785430955.7579584,20,1785455120.5604565,37.470435645075156,0.6313290608072023,37.13664454108492,True,37.5,36.5,38.6,0.95,0.05,0.0,0.7,0.03,2,1785455130.587498,False,True,True,False,1785454980.3303633,False,True,1,0,False
1785430955.7579584,20,1785455140.5663874,37.489127946898606,0.6314625772487983,37.14732585641261,True,37.5,36.5,38.6,0.95,0.05,0.0,0.7,0.03,2,1785455150.593508,False,True,True,True,1785455160.3303828,False,True,1,0,False
1785430955.7579584,20,1785455160.5724564,37.49713893339437,0.6314816510261693,37.14465552758068,True,37.5,36.5,38.6,0.95,0.05,0.0,0.7,0.03,2,1785455170.5996006,False,True,True,True,1785455160.3303828,False,True,1,0,False
1785430955.7579584,20,1785455180.5784552,37.52384222171359,0.6317105363546197,37.16067750057222,True,37.5,36.5,38.6,0.95,0.05,0.0,0.7,0.03,2,1785455190.605547,False,True,True,False,1785455160.3303828,False,1,0,0,False
1785430955.7579584,20,1785455200.5844514,37.526512550545505,0.6315007248035401,37.139314869916845,True,37.5,36.5,38.6,0.95,0.05,0.0,0.7,0.03,2,1785455210.6115315,False,True,True,False,1785455160.3303828,False,1,0,0,False
1785430955.7579584,20,1785455220.5904856,37.52384222171359,0.6316533150225071,37.17135881589991,True,37.5,36.5,38.6,0.95,0.05,0.0,0.7,0.03,2,1785455230.617625,False,True,True,False,1785455160.3303828,False,1,0,0,False
1785430955.7579584,20,1785455240.5965092,37.531853208209355,0.6312527656977188,37.16601815823606,True,37.5,36.5,38.6,0.95,0.05,0.0,0.7,0.03,2,1785455250.6230733,False,True,True,False,1785455160.3303828,False,1,0,0,False
1785430955.7579584,20,1785455260.602464,37.51850156404974,0.6316914625772487,37.141985198748756,True,37.5,36.5,38.6,0.95,0.05,0.0,0.7,0.03,2,1785455270.6296103,False,True,True,False,1785455160.3303828,False,1,0,0,False
1785430955.7579584,20,1785455280.608498,37.507820248722055,0.6313481345845732,37.14732585641261,True,37.5,36.5,38.6,0.95,0.05,0.0,0.7,0.03,2,1785455290.6353602,False,True,True,False,1785455160.3303828,False,1,0,0,False
1785430955.7579584,20,1785455300.614666,37.49713893339437,0.6312909132524606,37.141985198748756,True,37.5,36.5,38.6,0.95,0.05,0.0,0.7,0.03,2,1785455310.6418996,False,True,True,False,1785455160.3303828,False,True,1,0,False
1785430955.7579584,20,1785455320.620805,37.49179827573053,0.6313099870298313,37.17402914473182,True,37.5,36.5,38.6,0.95,0.05,0.0,0.7,0.03,2,1785455330.6478367,False,True,True,True,1785455340.3304005,False,True,1,0,False
1785430955.7579584,20,1785455340.6268442,37.49980926222629,0.6315007248035401,37.16868848706798,True,37.5,36.5,38.6,0.95,0.05,0.0,0.7,0.03,2,1785455350.654191,False,True,True,True,1785455340.3304005,False,True,1,0,False
1785430955.7579584,20,1785455360.6331031,37.50247959105822,0.6316151674677652,37.16601815823606,True,37.5,36.5,38.6,0.95,0.05,0.0,0.7,0.03,2,1785455370.6597207,False,True,True,False,1785455340.3304005,False,1,0,0,False
1785430955.7579584,20,1785455380.6390767,37.49713893339437,0.6311764705882353,37.16067750057222,True,37.5,36.5,38.6,0.95,0.05,0.0,0.7,0.03,2,1785455390.6661363,False,True,True,False,1785455340.3304005,False,True,1,0,False
1785430955.7579584,20,1785455400.6450436,37.50514991989013,0.6313290608072023,37.14465552758068,True,37.5,36.5,38.6,0.95,0.05,0.0,0.7,0.03,2,1785455410.671579,False,True,True,False,1785455340.3304005,False,1,0,0,False
1785430955.7579584,20,1785455420.6509373,37.513160906385906,0.6313481345845732,37.16601815823606,True,37.5,36.5,38.6,0.95,0.05,0.0,0.7,0.03,2,1785455430.6780224,False,True,True,False,1785455340.3304005,False,1,0,0,False
1785430955.7579584,20,1785455440.65699,37.526512550545505,0.6314625772487983,37.16601815823606,True,37.5,36.5,38.6,0.95,0.05,0.0,0.7,0.03,2,1785455450.6835024,False,True,True,False,1785455340.3304005,False,1,0,0,False
1785430955.7579584,20,1785455460.662892,37.507820248722055,0.6312146181429771,37.184710460059506,True,37.5,36.5,38.6,0.95,0.05,0.0,0.7,0.03,2,1785455470.6895986,False,True,True,False,1785455340.3304005,False,1,0,0,False
1785430955.7579584,20,1785455480.669001,37.52918287937743,0.6313290608072023,37.19539177538719,True,37.5,36.5,38.6,0.95,0.05,0.0,0.7,0.03,2,1785455490.6955087,False,True,True,False,1785455340.3304005,False,1,0,0,False
1785430955.7579584,20,1785455500.6748815,37.507820248722055,0.6311573968108644,37.17402914473182,True,37.5,36.5,38.6,0.95,0.05,0.0,0.7,0.03,2,1785455510.701955,False,True,True,True,1785455520.3304317,False,1,0,0,False
1785430955.7579584,20,1785455520.6808746,37.51850156404974,0.6314816510261693,37.14732585641261,True,37.5,36.5,38.6,0.95,0.05,0.0,0.7,0.03,2,1785455530.7079082,False,True,True,True,1785455520.3304317,False,1,0,0,False
1785430955.7579584,20,1785455540.6868684,37.52117189288167,0.6316151674677652,37.141985198748756,True,37.5,36.5,38.6,0.95,0.05,0.0,0.7,0.03,2,1785455550.7139602,False,True,True,False,1785455520.3304317,False,1,0,0,False
1785430955.7579584,20,1785455560.692906,37.49179827573053,0.6313481345845732,37.11795223926147,True,37.5,36.5,38.6,0.95,0.05,0.0,0.7,0.03,2,1785455570.7194424,False,True,True,False,1785455520.3304317,False,True,1,0,False
1785430955.7579584,20,1785455580.698853,37.465094987411305,0.6312718394750897,37.11795223926147,True,37.5,36.5,38.6,0.95,0.05,0.0,0.7,0.03,2,1785455590.7294316,False,True,True,False,1785455520.3304317,False,True,1,0,False
1785430955.7579584,20,1785455600.7082598,37.46242465857938,0.6313099870298313,37.12863355458916,True,37.5,36.5,38.6,0.95,0.05,0.0,0.7,0.03,2,1785455610.7354252,False,True,True,False,1785455520.3304317,False,True,1,0,False
1785430955.7579584,20,1785455620.714236,37.470435645075156,0.6315579461356527,37.10727092393378,True,37.5,36.5,38.6,0.95,0.05,0.0,0.7,0.03,2,1785455630.7413948,False,True,True,False,1785455520.3304317,False,True,1,0,False
1785430955.7579584,20,1785455640.7202299,37.46242465857938,0.6309285114824139,37.139314869916845,True,37.5,36.5,38.6,0.95,0.05,0.0,0.7,0.03,2,1785455650.7473238,False,True,True,False,1785455520.3304317,False,True,1,0,False
1785430955.7579584,20,1785455660.726239,37.45975432974747,0.6311383230334936,37.12596322575723,True,37.5,36.5,38.6,0.95,0.05,0.0,0.7,0.03,2,1785455670.7533054,False,True,True,False,1785455520.3304317,False,True,1,0,False
1785430955.7579584,20,1785455680.7323031,37.481116960402844,0.6313481345845732,37.141985198748756,True,37.5,36.5,38.6,0.95,0.05,0.0,0.7,0.03,2,1785455690.7593887,False,True,True,True,1785455700.3304682,False,True,1,0,False
1785430955.7579584,20,1785455700.7382624,37.48645761806668,0.631519798580911,37.14732585641261,True,37.5,36.5,38.6,0.95,0.05,0.0,0.7,0.03,2,1785455710.7654314,False,True,True,True,1785455700.3304682,False,True,1,0,False
1785430955.7579584,20,1785455720.7443402,37.49713893339437,0.6316342412451362,37.16868848706798,True,37.5,36.5,38.6,0.95,0.05,0.0,0.7,0.03,2,1785455730.7714376,False,True,True,False,1785455700.3304682,False,True,1,0,False
1785430955.7579584,20,1785455740.7503302,37.52117189288167,0.6315388723582818,37.184710460059506,True,37.5,36.5,38.6,0.95,0.05,0.0,0.7,0.03,2,1785455750.777562,False,True,True,False,1785455700.3304682,False,1,0,0,False
1785430955.7579584,20,1785455760.7564406,37.53452353704128,0.631367208361944,37.18738078889143,True,37.5,36.5,38.6,0.95,0.05,0.0,0.7,0.03,2,1785455770.783515,False,True,True,False,1785455700.3304682,False,1,0,0,False
1785430955.7579584,20,1785455780.762437,37.53452353704128,0.6313099870298313,37.182040131227595,True,37.5,36.5,38.6,0.95,0.05,0.0,0.7,0.03,2,1785455790.788959,False,True,True,False,1785455700.3304682,False,1,0,0,False
1785430955.7579584,20,1785455800.7684343,37.55855649652857,0.6317105363546197,37.182040131227595,True,37.5,36.5,38.6,0.95,0.05,0.0,0.7,0.03,2,1785455810.7956483,False,True,True,False,1785455700.3304682,False,1,0,0,False
1785430955.7579584,20,1785455820.7745576,37.51850156404974,0.6314244296940567,37.17135881589991,True,37.5,36.5,38.6,0.95,0.05,0.0,0.7,0.03,2,1785455830.8017054,False,True,True,False,1785455700.3304682,False,1,0,0,False
1785430955.7579584,20,1785455840.7805843,37.53719386587319,0.6316914625772487,37.15533684290837,True,37.5,36.5,38.6,0.95,0.05,0.0,0.7,0.03,2,1785455850.8070967,False,True,True,False,1785455700.3304682,False,1,0,0,False
1785430955.7579584,20,1785455860.7865567,37.52384222171359,0.631672388799878,37.16334782940413,True,37.5,36.5,38.6,0.95,0.05,0.0,0.7,0.03,2,1785455870.813693,False,True,True,True,1785455880.3304882,False,1,0,0,False
1785430955.7579584,20,1785455880.7926173,37.49713893339437,0.6310429541466392,37.158007171740294,True,37.5,36.5,38.6,0.95,0.05,0.0,0.7,0.03,2,1785455890.8193016,False,True,True,True,1785455880.3304882,False,True,1,0,False
1785430955.7579584,20,1785455900.7985346,37.49713893339437,0.6315007248035401,37.12596322575723,True,37.5,36.5,38.6,0.95,0.05,0.0,0.7,0.03,2,1785455910.8256154,False,True,True,False,1785455880.3304882,False,True,1,0,False
1785430955.7579584,20,1785455920.8044915,37.49179827573053,0.6314053559166858,37.14732585641261,True,37.5,36.5,38.6,0.95,0.05,0.0,0.7,0.03,2,1785455930.8315363,False,True,True,False,1785455880.3304882,False,True,1,0,False
1785430955.7579584,20,1785455940.8104427,37.50514991989013,0.631519798580911,37.14732585641261,True,37.5,36.5,38.6,0.95,0.05,0.0,0.7,0.03,2,1785455950.8376424,False,True,True,False,1785455880.3304882,False,1,0,0,False
1785430955.7579584,20,1785455960.8165514,37.470435645075156,0.6312909132524606,37.133974212252994,True,37.5,36.5,38.6,0.95,0.05,0.0,0.7,0.03,2,1785455970.8430707,False,True,True,False,1785455880.3304882,False,True,1,0,False
1785430955.7579584,20,1785455980.8224695,37.470435645075156,0.6313290608072023,37.12863355458916,True,37.5,36.5,38.6,0.95,0.05,0.0,0.7,0.03,2,1785455990.8495526,False,True,True,False,1785455880.3304882,False,True,1,0,False
1785430955.7579584,20,1785456000.8284287,37.526512550545505,0.6314244296940567,37.12329289692531,True,37.5,36.5,38.6,0.95,0.05,0.0,0.7,0.03,2,1785456010.8554823,False,True,True,False,1785455880.3304882,False,1,0,0,False
1785430955.7579584,20,1785456020.835282,37.684061951628905,0.6318249790188449,37.15533684290837,True,37.5,36.5,38.6,0.95,0.05,0.0,0.7,0.03,2,1785456030.862998,True,False,True,False,1785455880.3304882,False,1,0,0,False
1785430955.7579584,20,1785456040.8430228,37.788204776073854,0.6320729381246661,37.15533684290837,True,37.5,36.5,38.6,0.95,0.05,0.0,0.7,0.03,2,1785456050.8716078,True,True,True,True,1785456060.330499,False,1,0,0,False
1785430955.7579584,20,1785456060.8500326,37.86030365453574,0.6317677576867322,37.14732585641261,True,37.5,36.5,38.6,0.95,0.05,0.0,0.7,0.03,2,1785456070.8773935,True,True,True,True,1785456060.330499,False,1,0,0,False
1785430955.7579584,20,1785456080.8564065,37.897688258182654,0.6320729381246661,37.158007171740294,True,37.5,36.5,38.6,0.95,0.05,0.0,0.7,0.03,2,1785456090.883745,True,False,True,False,1785456060.330499,False,1,0,0,False
1785430955.7579584,20,1785456100.8627021,37.897688258182654,0.6321301594567789,37.14732585641261,True,37.5,36.5,38.6,0.95,0.05,0.0,0.7,0.03,2,1785456110.8902667,True,True,True,False,1785456060.330499,False,1,0,0,False
1785430955.7579584,20,1785456120.8692827,37.90836957351034,0.6318822003509575,37.13130388342107,True,37.5,36.5,38.6,0.95,0.05,0.0,0.7,0.03,2,1785456130.8961644,True,True,True,False,1785456060.330499,False,1,0,0,False
1785430955.7579584,20,1785456140.876151,37.91103990234225,0.6318822003509575,37.13130388342107,True,37.5,36.5,38.6,0.95,0.05,0.0,0.7,0.03,2,1785456150.9046826,True,True,True,False,1785456060.330499,False,1,0,0,False
1785430955.7579584,20,1785456160.8839164,37.881666285191116,0.6316914625772487,37.14999618524453,True,37.5,36.5,38.6,0.95,0.05,0.0,0.7,0.03,2,1785456170.917834,True,False,True,False,1785456060.330499,False,1,0,0,False
1785430955.7579584,20,1785456180.8908944,37.86564431219959,0.6320157167925536,37.11795223926147,True,37.5,36.5,38.6,0.95,0.05,0.0,0.7,0.03,2,1785456190.918679,True,True,True,False,1785456060.330499,False,1,0,0,False
1785430955.7579584,20,1785456200.8981268,37.85229266803998,0.6319775692378119,37.11795223926147,True,37.5,36.5,38.6,0.95,0.05,0.0,0.7,0.03,2,1785456210.9286394,True,True,True,False,1785456060.330499,False,1,0,0,False
1785430955.7579584,20,1785456220.906195,37.854962996871905,0.6319394216830702,37.10727092393378,True,37.5,36.5,38.6,0.95,0.05,0.0,0.7,0.03,2,1785456230.9351015,True,True,True,True,1785456240.3305166,False,1,0,0,False
1785430955.7579584,20,1785456240.9136853,37.80956740672923,0.6318059052414741,37.10193026626993,True,37.5,36.5,38.6,0.95,0.05,0.0,0.7,0.03,2,1785456250.9411507,True,True,True,True,1785456240.3305166,False,1,0,0,False
1785430955.7579584,20,1785456260.9199512,37.79087510490578,0.6314053559166858,37.07789730678263,True,37.5,36.5,38.6,0.95,0.05,0.0,0.7,0.03,2,1785456270.947367,True,True,True,False,1785456240.3305166,False,1,0,0,False
1785430955.7579584,20,1785456280.926376,37.78019378957809,0.6319966430151827,37.07789730678263,True,37.5,36.5,38.6,0.95,0.05,0.0,0.7,0.03,2,1785456290.9572933,True,True,True,False,1785456240.3305166,False,1,0,0,False
1785430955.7579584,20,1785456300.9327238,37.769512474250405,0.6320157167925536,37.067215991454944,True,37.5,36.5,38.6,0.95,0.05,0.0,0.7,0.03,2,1785456310.9603024,True,False,True,False,1785456240.3305166,False,1,0,0,False
1785430955.7579584,20,1785456320.9396842,37.764171816586554,0.6315388723582818,37.05653467612726,True,37.5,36.5,38.6,0.95,0.05,0.0,0.7,0.03,2,1785456330.9675195,True,True,True,False,1785456240.3305166,False,1,0,0,False
1785430955.7579584,20,1785456340.946741,37.73479819943542,0.631519798580911,37.03517204547188,True,37.5,36.5,38.6,0.95,0.05,0.0,0.7,0.03,2,1785456350.97377,True,False,True,False,1785456240.3305166,False,1,0,0,False
1785430955.7579584,20,1785456360.953226,37.71610589761197,0.6314816510261693,37.04318303196766,True,37.5,36.5,38.6,0.95,0.05,0.0,0.7,0.03,2,1785456370.9805279,True,False,True,False,1785456240.3305166,False,1,0,0,False
1785430955.7579584,20,1785456380.9596298,37.70008392462043,0.6317677576867322,37.005798428320745,True,37.5,36.5,38.6,0.95,0.05,0.0,0.7,0.03,2,1785456390.986686,True,False,True,False,1785456240.3305166,False,1,0,0,False
1785430955.7579584,20,1785456400.966021,37.697413595788504,0.6314816510261693,37.01647974364843,True,37.5,36.5,38.6,0.95,0.05,0.0,0.7,0.03,2,1785456410.9938214,True,False,True,True,1785456420.3305545,False,1,0,0,False
1785430955.7579584,20,1785456420.972416,37.66803997863737,0.6315770199130236,37.00045777065691,True,37.5,36.5,38.6,0.95,0.05,0.0,0.7,0.03,2,1785456430.9996119,True,False,True,True,1785456420.3305545,False,1,0,0,False
1785430955.7579584,20,1785456440.9795148,37.63866636148623,0.6312527656977188,36.98443579766537,True,37.5,36.5,38.6,0.95,0.05,0.0,0.7,0.03,2,1785456451.0105424,True,False,True,False,1785456420.3305545,False,1,0,0,False
1785430955.7579584,20,1785456460.9867253,37.63065537499047,0.631672388799878,36.97108415350576,True,37.5,36.5,38.6,0.95,0.05,0.0,0.7,0.03,2,1785456471.0146785,True,True,True,False,1785456420.3305545,False,1,0,0,False
1785430955.7579584,20,1785456480.993211,37.62531471732662,0.631519798580911,36.97108415350576,True,37.5,36.5,38.6,0.95,0.05,0.0,0.7,0.03,2,1785456491.0210192,True,True,True,False,1785456420.3305545,False,1,0,0,False
1785430955.7579584,20,1785456501.0002353,37.58793011367972,0.6315960936903945,36.97642481116961,True,37.5,36.5,38.6,0.95,0.05,0.0,0.7,0.03,2,1785456511.029736,True,True,True,False,1785456420.3305545,False,1,0,0,False
1785430955.7579584,20,1785456521.0089502,37.58793011367972,0.6314435034714275,36.939040207522694,True,37.5,36.5,38.6,0.95,0.05,0.0,0.7,0.03,2,1785456531.0378926,True,False,True,False,1785456420.3305545,False,1,0,0,False
1785430955.7579584,20,1785456541.01776,37.574578469520105,0.631367208361944,36.939040207522694,True,37.5,36.5,38.6,0.95,0.05,0.0,0.7,0.03,2,1785456551.046768,True,False,True,False,1785456420.3305545,False,1,0,0,False
1785430955.7579584,20,1785456561.0261757,37.57190814068818,0.6314053559166858,36.92568856336308,True,37.5,36.5,38.6,0.95,0.05,0.0,0.7,0.03,2,1785456571.0541596,True,False,True,False,1785456420.3305545,False,1,0,0,False
1785430955.7579584,20,1785456581.0334024,37.52918287937743,0.6314244296940567,36.90432593270771,True,37.5,36.5,38.6,0.95,0.05,0.0,0.7,0.03,2,1785456591.0607793,True,False,True,True,1785456600.3305624,False,1,0,0,False
1785430955.7579584,20,1785456601.0397377,37.49446860456244,0.6315007248035401,36.89898527504387,True,37.5,36.5,38.6,0.95,0.05,0.0,0.7,0.03,2,1785456611.0672457,True,True,True,True,1785456600.3305624,False,True,1,0,False
1785430955.7579584,20,1785456621.0461104,37.507820248722055,0.6313862821393148,36.88830395971618,True,37.5,36.5,38.6,0.95,0.05,0.0,0.7,0.03,2,1785456631.0735927,True,False,True,False,1785456600.3305624,False,1,0,0,False
1785430955.7579584,20,1785456641.052489,37.51583123521782,0.6313290608072023,36.872281986724644,True,37.5,36.5,38.6,0.95,0.05,0.0,0.7,0.03,2,1785456651.0799017,True,False,True,False,1785456600.3305624,False,1,0,0,False
1785430955.7579584,20,1785456661.0597546,37.47577630273899,0.6316342412451362,36.858930342565046,True,37.5,36.5,38.6,0.95,0.05,0.0,0.7,0.03,2,1785456671.089517,True,True,True,False,1785456600.3305624,False,True,1,0,False
1785430955.7579584,20,1785456681.0688837,37.465094987411305,0.6311764705882353,36.84290836957351,True,37.5,36.5,38.6,0.95,0.05,0.0,0.7,0.03,2,1785456691.100544,True,True,True,False,1785456600.3305624,False,True,1,0,False
1785430955.7579584,20,1785456701.0774846,37.48645761806668,0.6311001754787519,36.858930342565046,True,37.5,36.5,38.6,0.95,0.05,0.0,0.7,0.03,2,1785456711.1053722,True,False,True,False,1785456600.3305624,False,True,1,0,False
1785430955.7579584,20,1785456721.0850055,37.507820248722055,0.6313099870298313,36.853589684901195,True,37.5,36.5,38.6,0.95,0.05,0.0,0.7,0.03,2,1785456731.1123297,True,True,True,False,1785456600.3305624,False,1,0,0,False
1785430955.7579584,20,1785456741.091349,37.531853208209355,0.6315388723582818,36.83222705424582,True,37.5,36.5,38.6,0.95,0.05,0.0,0.7,0.03,2,1785456751.122036,True,False,True,False,1785456600.3305624,False,1,0,0,False
1785430955.7579584,20,1785456761.0986848,37.550545510032805,0.6312146181429771,36.834897383077745,True,37.5,36.5,38.6,0.95,0.05,0.0,0.7,0.03,2,1785456771.1266546,True,True,True,True,1785456780.3305645,False,1,0,0,False
1785430955.7579584,20,1785456781.1060035,37.56122682536049,0.6312146181429771,36.86160067139696,True,37.5,36.5,38.6,0.95,0.05,0.0,0.7,0.03,2,1785456791.1333382,True,True,True,True,1785456780.3305645,False,1,0,0,False
1785430955.7579584,20,1785456801.1123435,37.53719386587319,0.6313099870298313,36.872281986724644,True,37.5,36.5,38.6,0.95,0.05,0.0,0.7,0.03,2,1785456811.1396477,True,True,True,False,1785456780.3305645,False,1,0,0,False
1785430955.7579584,20,1785456821.118946,37.53986419470512,0.6313481345845732,36.86160067139696,True,37.5,36.5,38.6,0.95,0.05,0.0,0.7,0.03,2,1785456831.1463053,True,True,True,False,1785456780.3305645,False,1,0,0,False
1785430955.7579584,20,1785456841.1253366,37.526512550545505,0.6311192492561227,36.88296330205233,True,37.5,36.5,38.6,0.95,0.05,0.0,0.7,0.03,2,1785456851.1527345,True,False,True,False,1785456780.3305645,False,1,0,0,False
1785430955.7579584,20,1785456861.1326194,37.53452353704128,0.6316342412451362,36.87495231555657,True,37.5,36.5,38.6,0.95,0.05,0.0,0.7,0.03,2,1785456871.161303,True,True,True,False,1785456780.3305645,False,1,0,0,False
1785430955.7579584,20,1785456881.1411555,37.53452353704128,0.6314244296940567,36.858930342565046,True,37.5,36.5,38.6,0.95,0.05,0.0,0.7,0.03,2,1785456891.169023,True,False,True,False,1785456780.3305645,False,1,0,0,False
1785430955.7579584,20,1785456901.1484501,37.52384222171359,0.6318059052414741,36.83756771190967,True,37.5,36.5,38.6,0.95,0.05,0.0,0.7,0.03,2,1785456911.17933,True,True,True,False,1785456780.3305645,False,1,0,0,False
1785430955.7579584,20,1785456921.1578178,37.48645761806668,0.6314625772487983,36.84824902723736,True,37.5,36.5,38.6,0.95,0.05,0.0,0.7,0.03,2,1785456931.1852036,True,True,True,False,1785456780.3305645,False,True,1,0,False
1785430955.7579584,20,1785456941.164152,37.46776531624323,0.6313099870298313,36.82688639658198,True,37.5,36.5,38.6,0.95,0.05,0.0,0.7,0.03,2,1785456951.194097,True,True,True,True,1785456960.3306017,False,True,1,0,False
1785430955.7579584,20,1785456961.170697,37.47577630273899,0.6314435034714275,36.80819409475852,True,37.5,36.5,38.6,0.95,0.05,0.0,0.7,0.03,2,1785456971.197759,True,False,True,True,1785456960.3306017,False,True,1,0,False
1785430955.7579584,20,1785456981.1769726,37.470435645075156,0.6313099870298313,36.81353475242237,True,37.5,36.5,38.6,0.95,0.05,0.0,0.7,0.03,2,1785456991.2044318,True,True,True,False,1785456960.3306017,False,True,1,0,False
1785430955.7579584,20,1785457001.1843958,37.47310597390707,0.6312336919203478,36.792172121766995,True,37.5,36.5,38.6,0.95,0.05,0.0,0.7,0.03,2,1785457011.2135403,True,True,True,False,1785456960.3306017,False,True,1,0,False
1785430955.7579584,20,1785457021.1928596,37.470435645075156,0.6314053559166858,36.81887541008621,True,37.5,36.5,38.6,0.95,0.05,0.0,0.7,0.03,2,1785457031.2210476,True,True,True,False,1785456960.3306017,False,True,1,0,False
1785430955.7579584,20,1785457041.200429,37.531853208209355,0.6316342412451362,36.829556725413894,True,37.5,36.5,38.6,0.95,0.05,0.0,0.7,0.03,2,1785457051.2277484,True,False,True,False,1785456960.3306017,False,1,0,0,False
1785430955.7579584,20,1785457061.2067451,37.52918287937743,0.6313290608072023,36.810864423590445,True,37.5,36.5,38.6,0.95,0.05,0.0,0.7,0.03,2,1785457071.2341397,True,True,True,False,1785456960.3306017,False,1,0,0,False
1785430955.7579584,20,1785457081.21314,37.550545510032805,0.6315388723582818,36.83756771190967,True,37.5,36.5,38.6,0.95,0.05,0.0,0.7,0.03,2,1785457091.2405417,True,True,True,False,1785456960.3306017,False,1,0,0,False
1785430955.7579584,20,1785457101.2195458,37.54520485236897,0.6316533150225071,36.82688639658198,True,37.5,36.5,38.6,0.95,0.05,0.0,0.7,0.03,2,1785457111.2470012,True,True,True,False,1785456960.3306017,False,1,0,0,False
1785430955.7579584,20,1785457121.2260447,37.53452353704128,0.6312146181429771,36.82688639658198,True,37.5,36.5,38.6,0.95,0.05,0.0,0.7,0.03,2,1785457131.2556477,True,False,True,True,1785457140.3306243,False,1,0,0,False
1785430955.7579584,20,1785457141.23253,37.526512550545505,0.6311955443656062,36.83756771190967,True,37.5,36.5,38.6,0.95,0.05,0.0,0.7,0.03,2,1785457151.2598119,True,False,True,True,1785457140.3306243,False,1,0,0,False
1785430955.7579584,20,1785457161.2388046,37.52384222171359,0.6311955443656062,36.834897383077745,True,37.5,36.5,38.6,0.95,0.05,0.0,0.7,0.03,2,1785457171.266154,True,True,True,False,1785457140.3306243,False,1,0,0,False
1785430955.7579584,20,1785457181.245153,37.481116960402844,0.6312146181429771,36.834897383077745,True,37.5,36.5,38.6,0.95,0.05,0.0,0.7,0.03,2,1785457191.2721465,True,False,True,False,1785457140.3306243,False,True,1,0,False
1785430955.7579584,20,1785457201.2514958,37.49980926222629,0.6317105363546197,36.80819409475852,True,37.5,36.5,38.6,0.95,0.05,0.0,0.7,0.03,2,1785457211.278953,True,True,True,False,1785457140.3306243,False,True,1,0,False
1785430955.7579584,20,1785457221.2579057,37.48645761806668,0.631367208361944,36.80819409475852,True,37.5,36.5,38.6,0.95,0.05,0.0,0.7,0.03,2,1785457231.2853086,True,False,True,False,1785457140.3306243,False,True,1,0,False
1785430955.7579584,20,1785457241.264232,37.49446860456244,0.6315007248035401,36.79751277943083,True,37.5,36.5,38.6,0.95,0.05,0.0,0.7,0.03,2,1785457251.2919543,True,False,True,False,1785457140.3306243,False,True,1,0,False
1785430955.7579584,20,1785457261.2715337,37.50247959105822,0.6313099870298313,36.80552376592661,True,37.5,36.5,38.6,0.95,0.05,0.0,0.7,0.03,2,1785457271.3013542,True,True,True,False,1785457140.3306243,False,1,0,0,False
1785430955.7579584,20,1785457281.2791877,37.507820248722055,0.6312527656977188,36.82688639658198,True,37.5,36.5,38.6,0.95,0.05,0.0,0.7,0.03,2,1785457291.306539,True,True,True,False,1785457140.3306243,False,1,0,0,False
1785430955.7579584,20,1785457301.2855053,37.53986419470512,0.631519798580911,36.82688639658198,True,37.5,36.5,38.6,0.95,0.05,0.0,0.7,0.03,2,1785457311.3129296,True,True,True,True,1785457320.3306346,False,1,0,0,False
1785430955.7579584,20,1785457321.2918434,37.56122682536049,0.6313481345845732,36.83222705424582,True,37.5,36.5,38.6,0.95,0.05,0.0,0.7,0.03,2,1785457331.3204792,True,False,True,True,1785457320.3306346,False,1,0,0,False
1785430955.7579584,20,1785457341.298228,37.53719386587319,0.6314244296940567,36.82154573891813,True,37.5,36.5,38.6,0.95,0.05,0.0,0.7,0.03,2,1785457351.3256063,True,True,True,False,1785457320.3306346,False,1,0,0,False
1785430955.7579584,20,1785457361.30472,37.49713893339437,0.6311764705882353,36.78149080643931,True,37.5,36.5,38.6,0.95,0.05,0.0,0.7,0.03,2,1785457371.331678,True,True,True,False,1785457320.3306346,False,True,1,0,False
1785430955.7579584,20,1785457381.3121247,37.50247959105822,0.6315007248035401,36.81353475242237,True,37.5,36.5,38.6,0.95,0.05,0.0,0.7,0.03,2,1785457391.3410652,True,False,True,False,1785457320.3306346,False,1,0,0,False
1785430955.7579584,20,1785457401.321082,37.49980926222629,0.6311764705882353,36.79751277943083,True,37.5,36.5,38.6,0.95,0.05,0.0,0.7,0.03,2,1785457411.3520443,True,True,True,False,1785457320.3306346,False,True,1,0,False
1785430955.7579584,20,1785457421.3294995,37.49179827573053,0.6314816510261693,36.77080949111162,True,37.5,36.5,38.6,0.95,0.05,0.0,0.7,0.03,2,1785457431.3594038,True,False,True,False,1785457320.3306346,False,True,1,0,False
1785430955.7579584,20,1785457441.3380187,37.47844663157092,0.6312527656977188,36.78149080643931,True,37.5,36.5,38.6,0.95,0.05,0.0,0.7,0.03,2,1785457451.3671293,True,True,True,False,1785457320.3306346,False,True,1,0,False
1785430955.7579584,20,1785457461.3463883,37.507820248722055,0.6316342412451362,36.773479819943546,True,37.5,36.5,38.6,0.95,0.05,0.0,0.7,0.03,2,1785457471.3778694,True,True,True,False,1785457320.3306346,False,1,0,0,False
1785430955.7579584,20,1785457481.3551428,37.49713893339437,0.6311764705882353,36.78416113527123,True,37.5,36.5,38.6,0.95,0.05,0.0,0.7,0.03,2,1785457491.3869288,True,True,True,True,1785457500.3306463,False,True,1,0,False
1785430955.7579584,20,1785457501.3642178,37.52384222171359,0.6313099870298313,36.80018310826276,True,37.5,36.5,38.6,0.95,0.05,0.0,0.7,0.03,2,1785457511.3931422,True,True,True,True,1785457500.3306463,False,1,0,0,False
1785430955.7579584,20,1785457521.3725631,37.52384222171359,0.6312146181429771,36.80018310826276,True,37.5,36.5,38.6,0.95,0.05,0.0,0.7,0.03,2,1785457531.4016294,True,False,True,False,1785457500.3306463,False,1,0,0,False
1785430955.7579584,20,1785457541.3812761,37.51049057755398,0.6312146181429771,36.78416113527123,True,37.5,36.5,38.6,0.95,0.05,0.0,0.7,0.03,2,1785457551.410458,True,True,True,False,1785457500.3306463,False,1,0,0,False
1785430955.7579584,20,1785457561.3894787,37.507820248722055,0.6313099870298313,36.79751277943083,True,37.5,36.5,38.6,0.95,0.05,0.0,0.7,0.03,2,1785457571.4183517,True,True,True,False,1785457500.3306463,False,1,0,0,False
1785430955.7579584,20,1785457581.3977747,37.51850156404974,0.6314435034714275,36.792172121766995,True,37.5,36.5,38.6,0.95,0.05,0.0,0.7,0.03,2,1785457591.4265962,True,True,True,False,1785457500.3306463,False,1,0,0,False
1785430955.7579584,20,1785457601.4061635,37.50514991989013,0.631367208361944,36.786831464103145,True,37.5,36.5,38.6,0.95,0.05,0.0,0.7,0.03,2,1785457611.4342206,True,False,True,False,1785457500.3306463,False,1,0,0,False
1785430955.7579584,20,1785457621.413596,37.50247959105822,0.6313290608072023,36.77080949111162,True,37.5,36.5,38.6,0.95,0.05,0.0,0.7,0.03,2,1785457631.4413292,True,True,True,False,1785457500.3306463,False,1,0,0,False
1785430955.7579584,20,1785457641.42021,37.489127946898606,0.6310620279240101,36.79751277943083,True,37.5,36.5,38.6,0.95,0.05,0.0,0.7,0.03,2,1785457651.4499636,True,True,True,False,1785457500.3306463,False,True,1,0,False
1785430955.7579584,20,1785457661.426786,37.507820248722055,0.6314625772487983,36.75745784695201,True,37.5,36.5,38.6,0.95,0.05,0.0,0.7,0.03,2,1785457671.4543989,True,True,True,True,1785457680.330682,False,1,0,0,False
1785430955.7579584,20,1785457681.4332786,37.49179827573053,0.6315579461356527,36.77882047760738,True,37.5,36.5,38.6,0.95,0.05,0.0,0.7,0.03,2,1785457691.4606638,True,True,True,True,1785457680.330682,False,True,1,0,False
1785430955.7579584,20,1785457701.4395952,37.49179827573053,0.6317105363546197,36.78950179293507,True,37.5,36.5,38.6,0.95,0.05,0.0,0.7,0.03,2,1785457711.4670691,True,True,True,False,1785457680.330682,False,True,1,0,False
1785430955.7579584,20,1785457721.4460711,37.50247959105822,0.6312527656977188,36.768139162279695,True,37.5,36.5,38.6,0.95,0.05,0.0,0.7,0.03,2,1785457731.4733455,True,False,True,False,1785457680.330682,False,1,0,0,False
1785430955.7579584,20,1785457741.452458,37.52117189288167,0.631367208361944,36.77882047760738,True,37.5,36.5,38.6,0.95,0.05,0.0,0.7,0.03,2,1785457751.479419,True,False,True,False,1785457680.330682,False,1,0,0,False
1785430955.7579584,20,1785457761.4588423,37.53986419470512,0.6313099870298313,36.78149080643931,True,37.5,36.5,38.6,0.95,0.05,0.0,0.7,0.03,2,1785457771.48637,True,True,True,False,1785457680.330682,False,1,0,0,False
1785430955.7579584,20,1785457781.465381,37.53986419470512,0.6316151674677652,36.786831464103145,True,37.5,36.5,38.6,0.95,0.05,0.0,0.7,0.03,2,1785457791.4940543,True,True,True,False,1785457680.330682,False,1,0,0,False
1785430955.7579584,20,1785457801.4719658,37.53719386587319,0.6317296101319906,36.792172121766995,True,37.5,36.5,38.6,0.95,0.05,0.0,0.7,0.03,2,1785457811.4994078,True,False,True,False,1785457680.330682,False,1,0,0,False
1785430955.7579584,20,1785457821.4784703,37.507820248722055,0.6314625772487983,36.78149080643931,True,37.5,36.5,38.6,0.95,0.05,0.0,0.7,0.03,2,1785457831.5070326,True,True,True,False,1785457680.330682,False,1,0,0,False
1785430955.7579584,20,1785457841.484864,37.49980926222629,0.6312336919203478,36.76546883344777,True,37.5,36.5,38.6,0.95,0.05,0.0,0.7,0.03,2,1785457851.513182,True,True,True,True,1785457860.3307195,False,True,1,0,False
1785430955.7579584,20,1785457861.4914207,37.49713893339437,0.6313862821393148,36.75745784695201,True,37.5,36.5,38.6,0.95,0.05,0.0,0.7,0.03,2,1785457871.518902,True,False,True,True,1785457860.3307195,False,True,1,0,False
1785430955.7579584,20,1785457881.4979286,37.45975432974747,0.6315579461356527,36.74677653162432,True,37.5,36.5,38.6,0.95,0.05,0.0,0.7,0.03,2,1785457891.5254009,True,False,True,False,1785457860.3307195,False,True,1,0,False
1785430955.7579584,20,1785457901.5042303,37.45975432974747,0.6311001754787519,36.74677653162432,True,37.5,36.5,38.6,0.95,0.05,0.0,0.7,0.03,2,1785457911.5340517,True,True,True,False,1785457860.3307195,False,True,1,0,False
1785430955.7579584,20,1785457921.510746,37.43305104142824,0.6310429541466392,36.768139162279695,True,37.5,36.5,38.6,0.95,0.05,0.0,0.7,0.03,2,1785457931.5396664,True,False,True,False,1785457860.3307195,False,True,1,0,False
1785430955.7579584,20,1785457941.5173752,37.46242465857938,0.6313862821393148,36.768139162279695,True,37.5,36.5,38.6,0.95,0.05,0.0,0.7,0.03,2,1785457951.5447485,True,False,True,False,1785457860.3307195,False,True,1,0,False
1785430955.7579584,20,1785457961.5237143,37.47577630273899,0.6310811017013809,36.75478751812008,True,37.5,36.5,38.6,0.95,0.05,0.0,0.7,0.03,2,1785457971.5509334,True,False,True,False,1785457860.3307195,False,True,1,0,False
1785430955.7579584,20,1785457981.5300744,37.53452353704128,0.6312146181429771,36.749446860456246,True,37.5,36.5,38.6,0.95,0.05,0.0,0.7,0.03,2,1785457991.55744,True,True,True,False,1785457860.3307195,False,1,0,0,False
1785430955.7579584,20,1785458001.5364525,37.54253452353704,0.6312527656977188,36.786831464103145,True,37.5,36.5,38.6,0.95,0.05,0.0,0.7,0.03,2,1785458011.5638878,True,True,True,False,1785457860.3307195,False,1,0,0,False
1785430955.7579584,20,1785458021.5428176,37.53452353704128,0.6314244296940567,36.786831464103145,True,37.5,36.5,38.6,0.95,0.05,0.0,0.7,0.03,2,1785458031.5698807,True,False,True,True,1785458040.3307362,False,1,0,0,False
1785430955.7579584,20,1785458041.5491924,37.56389715419242,0.6314435034714275,36.78149080643931,True,37.5,36.5,38.6,0.95,0.05,0.0,0.7,0.03,2,1785458051.576598,True,True,True,True,1785458040.3307362,False,1,0,0,False
1785430955.7579584,20,1785458061.555569,37.52918287937743,0.6314244296940567,36.78416113527123,True,37.5,36.5,38.6,0.95,0.05,0.0,0.7,0.03,2,1785458071.5829468,True,True,True,False,1785458040.3307362,False,1,0,0,False
1785430955.7579584,20,1785458081.561956,37.53452353704128,0.6313481345845732,36.80552376592661,True,37.5,36.5,38.6,0.95,0.05,0.0,0.7,0.03,2,1785458091.5893257,True,False,True,False,1785458040.3307362,False,1,0,0,False
1785430955.7579584,20,1785458101.568308,37.50247959105822,0.6311764705882353,36.768139162279695,True,37.5,36.5,38.6,0.95,0.05,0.0,0.7,0.03,2,1785458111.5956516,True,True,True,False,1785458040.3307362,False,1,0,0,False
1785430955.7579584,20,1785458121.5746558,37.48645761806668,0.6313099870298313,36.773479819943546,True,37.5,36.5,38.6,0.95,0.05,0.0,0.7,0.03,2,1785458131.60205,True,False,True,False,1785458040.3307362,False,True,1,0,False
1785430955.7579584,20,1785458141.5810297,37.49980926222629,0.631367208361944,36.75211718928817,True,37.5,36.5,38.6,0.95,0.05,0.0,0.7,0.03,2,1785458151.6079862,True,False,True,False,1785458040.3307362,False,True,1,0,False
1785430955.7579584,20,1785458161.5879743,37.47577630273899,0.6311383230334936,36.75478751812008,True,37.5,36.5,38.6,0.95,0.05,0.0,0.7,0.03,2,1785458171.6158226,True,False,True,False,1785458040.3307362,False,True,1,0,False
1785430955.7579584,20,1785458181.5951293,37.49179827573053,0.6311573968108644,36.76546883344777,True,37.5,36.5,38.6,0.95,0.05,0.0,0.7,0.03,2,1785458191.623765,True,True,True,False,1785458040.3307362,False,True,1,0,False
1785430955.7579584,20,1785458201.601644,37.526512550545505,0.6312909132524606,36.77080949111162,True,37.5,36.5,38.6,0.95,0.05,0.0,0.7,0.03,2,1785458211.6285834,True,False,True,True,1785458220.3307672,False,1,0,0,False
1785430955.7579584,20,1785458221.6079574,37.52384222171359,0.6311955443656062,36.76012817578393,True,37.5,36.5,38.6,0.95,0.05,0.0,0.7,0.03,2,1785458231.6355994,True,False,True,True,1785458220.3307672,False,1,0,0,False
1785430955.7579584,20,1785458241.6143105,37.526512550545505,0.6312146181429771,36.77615014877546,True,37.5,36.5,38.6,0.95,0.05,0.0,0.7,0.03,2,1785458251.6416829,True,False,True,False,1785458220.3307672,False,1,0,0,False
1785430955.7579584,20,1785458261.6207135,37.51850156404974,0.6315388723582818,36.773479819943546,True,37.5,36.5,38.6,0.95,0.05,0.0,0.7,0.03,2,1785458271.6477926,True,False,True,False,1785458220.3307672,False,1,0,0,False
1785430955.7579584,20,1785458281.6270313,37.53452353704128,0.6312336919203478,36.768139162279695,True,37.5,36.5,38.6,0.95,0.05,0.0,0.7,0.03,2,1785458291.6544292,True,True,True,False,1785458220.3307672,False,1,0,0,False
1785430955.7579584,20,1785458301.6334379,37.52384222171359,0.6312527656977188,36.78416113527123,True,37.5,36.5,38.6,0.95,0.05,0.0,0.7,0.03,2,1785458311.6620793,True,True,True,False,1785458220.3307672,False,1,0,0,False
1785430955.7579584,20,1785458321.6397617,37.513160906385906,0.6313099870298313,36.75745784695201,True,37.5,36.5,38.6,0.95,0.05,0.0,0.7,0.03,2,1785458331.6693304,True,False,True,False,1785458220.3307672,False,1,0,0,False
1785430955.7579584,20,1785458341.6462557,37.489127946898606,0.6311573968108644,36.773479819943546,True,37.5,36.5,38.6,0.95,0.05,0.0,0.7,0.03,2,1785458351.6768825,True,True,True,False,1785458220.3307672,False,True,1,0,False
1785430955.7579584,20,1785458361.6526926,37.49713893339437,0.6313862821393148,36.744106202792395,True,37.5,36.5,38.6,0.95,0.05,0.0,0.7,0.03,2,1785458371.680148,True,False,True,False,1785458220.3307672,False,True,1,0,False
1785430955.7579584,20,1785458381.6590307,37.49713893339437,0.631367208361944,36.73876554512856,True,37.5,36.5,38.6,0.95,0.05,0.0,0.7,0.03,2,1785458391.6864655,True,False,True,True,1785458400.330802,False,True,1,0,False
1785430955.7579584,20,1785458401.665457,37.49446860456244,0.6315960936903945,36.73342488746471,True,37.5,36.5,38.6,0.95,0.05,0.0,0.7,0.03,2,1785458411.6928527,True,True,True,True,1785458400.330802,False,True,1,0,False
1785430955.7579584,20,1785458421.6718009,37.49713893339437,0.6312909132524606,36.744106202792395,True,37.5,36.5,38.6,0.95,0.05,0.0,0.7,0.03,2,1785458431.6991956,True,True,True,False,1785458400.330802,False,True,1,0,False
1785430955.7579584,20,1785458441.6782267,37.489127946898606,0.6315579461356527,36.744106202792395,True,37.5,36.5,38.6,0.95,0.05,0.0,0.7,0.03,2,1785458451.7055655,True,True,True,False,1785458400.330802,False,True,1,0,False
1785430955.7579584,20,1785458461.685672,37.49713893339437,0.6312718394750897,36.75745784695201,True,37.5,36.5,38.6,0.95,0.05,0.0,0.7,0.03,2,1785458471.7142687,True,False,True,False,1785458400.330802,False,True,1,0,False
1785430955.7579584,20,1785458481.6940677,37.50247959105822,0.631367208361944,36.74677653162432,True,37.5,36.5,38.6,0.95,0.05,0.0,0.7,0.03,2,1785458491.7238336,True,False,True,False,1785458400.330802,False,1,0,0,False
1785430955.7579584,20,1785458501.7025135,37.52918287937743,0.6314625772487983,36.773479819943546,True,37.5,36.5,38.6,0.95,0.05,0.0,0.7,0.03,2,1785458511.731716,True,True,True,False,1785458400.330802,False,1,0,0,False
1785430955.7579584,20,1785458521.7108781,37.550545510032805,0.6312909132524606,36.76279850461586,True,37.5,36.5,38.6,0.95,0.05,0.0,0.7,0.03,2,1785458531.7420464,True,True,True,False,1785458400.330802,False,1,0,0,False
1785430955.7579584,20,1785458541.71954,37.49980926222629,0.6310811017013809,36.75211718928817,True,37.5,36.5,38.6,0.95,0.05,0.0,0.7,0.03,2,1785458551.7480388,True,True,True,False,1785458400.330802,False,True,1,0,False
1785430955.7579584,20,1785458561.7274423,37.49179827573053,0.6313481345845732,36.749446860456246,True,37.5,36.5,38.6,0.95,0.05,0.0,0.7,0.03,2,1785458571.7565413,True,False,True,True,1785458580.3308408,False,True,1,0,False
1785430955.7579584,20,1785458581.7348707,37.49179827573053,0.6310238803692684,36.744106202792395,True,37.5,36.5,38.6,0.95,0.05,0.0,0.7,0.03,2,1785458591.7618196,True,False,True,True,1785458580.3308408,False,True,1,0,False
1785430955.7579584,20,1785458601.7414339,37.489127946898606,0.6310048065918974,36.76546883344777,True,37.5,36.5,38.6,0.95,0.05,0.0,0.7,0.03,2,1785458611.7684019,True,False,True,False,1785458580.3308408,False,True,1,0,False
1785430955.7579584,20,1785458621.7477465,37.507820248722055,0.6310620279240101,36.75478751812008,True,37.5,36.5,38.6,0.95,0.05,0.0,0.7,0.03,2,1785458631.7754817,True,True,True,False,1785458580.3308408,False,1,0,0,False
1785430955.7579584,20,1785458641.75425,37.52117189288167,0.6314244296940567,36.75478751812008,True,37.5,36.5,38.6,0.95,0.05,0.0,0.7,0.03,2,1785458651.7812319,True,True,True,False,1785458580.3308408,False,1,0,0,False
1785430955.7579584,20,1785458661.7634678,37.52384222171359,0.6310429541466392,36.773479819943546,True,37.5,36.5,38.6,0.95,0.05,0.0,0.7,0.03,2,1785458671.7948158,True,True,True,False,1785458580.3308408,False,1,0,0,False
1785430955.7579584,20,1785458681.7741187,37.54520485236897,0.6312909132524606,36.73609521629663,True,37.5,36.5,38.6,0.95,0.05,0.0,0.7,0.03,2,1785458691.8014326,True,False,True,False,1785458580.3308408,False,1,0,0,False
1785430955.7579584,20,1785458701.780486,37.49713893339437,0.6310238803692684,36.773479819943546,True,37.5,36.5,38.6,0.95,0.05,0.0,0.7,0.03,2,1785458711.807796,True,True,True,False,1785458580.3308408,False,True,1,0,False
1785430955.7579584,20,1785458721.78679,37.507820248722055,0.6311383230334936,36.78416113527123,True,37.5,36.5,38.6,0.95,0.05,0.0,0.7,0.03,2,1785458731.8141117,True,True,True,False,1785458580.3308408,False,1,0,0,False
1785430955.7579584,20,1785458741.7931545,37.483787289234755,0.6313290608072023,36.74677653162432,True,37.5,36.5,38.6,0.95,0.05,0.0,0.7,0.03,2,1785458751.8200855,True,True,True,True,1785458760.330852,False,True,1,0,False
1785430955.7579584,20,1785458761.7994847,37.48645761806668,0.6314816510261693,36.73342488746471,True,37.5,36.5,38.6,0.95,0.05,0.0,0.7,0.03,2,1785458771.826809,True,True,True,True,1785458760.330852,False,True,1,0,False
1785430955.7579584,20,1785458781.805871,37.481116960402844,0.6314816510261693,36.75478751812008,True,37.5,36.5,38.6,0.95,0.05,0.0,0.7,0.03,2,1785458791.834267,True,False,True,False,1785458760.330852,False,True,1,0,False
1785430955.7579584,20,1785458801.8122122,37.49980926222629,0.6312146181429771,36.71740291447318,True,37.5,36.5,38.6,0.95,0.05,0.0,0.7,0.03,2,1785458811.8395402,True,True,True,False,1785458760.330852,False,True,1,0,False
1785430955.7579584,20,1785458821.8185475,37.507820248722055,0.6315579461356527,36.76012817578393,True,37.5,36.5,38.6,0.95,0.05,0.0,0.7,0.03,2,1785458831.8471775,True,True,True,False,1785458760.330852,False,1,0,0,False
1785430955.7579584,20,1785458841.8249698,37.54253452353704,0.6315007248035401,36.75478751812008,True,37.5,36.5,38.6,0.95,0.05,0.0,0.7,0.03,2,1785458851.8524325,True,False,True,False,1785458760.330852,False,1,0,0,False
1785430955.7579584,20,1785458861.8322885,37.52918287937743,0.6310811017013809,36.78416113527123,True,37.5,36.5,38.6,0.95,0.05,0.0,0.7,0.03,2,1785458871.8614855,True,False,True,False,1785458760.330852,False,1,0,0,False
1785430955.7579584,20,1785458881.8399262,37.54520485236897,0.6315770199130236,36.773479819943546,True,37.5,36.5,38.6,0.95,0.05,0.0,0.7,0.03,2,1785458891.8676834,True,False,True,False,1785458760.330852,False,1,0,0,False
1785430955.7579584,20,1785458901.8462913,37.53452353704128,0.6310811017013809,36.768139162279695,True,37.5,36.5,38.6,0.95,0.05,0.0,0.7,0.03,2,1785458911.873631,True,True,True,False,1785458760.330852,False,1,0,0,False
1785430955.7579584,20,1785458921.8526535,37.53452353704128,0.6312336919203478,36.74677653162432,True,37.5,36.5,38.6,0.95,0.05,0.0,0.7,0.03,2,1785458931.8818371,True,True,True,True,1785458940.330863,False,1,0,0,False
1785430955.7579584,20,1785458941.8614395,37.526512550545505,0.6312527656977188,36.74677653162432,True,37.5,36.5,38.6,0.95,0.05,0.0,0.7,0.03,2,1785458951.888048,True,False,True,True,1785458940.330863,False,1,0,0,False
1785430955.7579584,20,1785458961.867639,37.49179827573053,0.6314435034714275,36.744106202792395,True,37.5,36.5,38.6,0.95,0.05,0.0,0.7,0.03,2,1785458971.895117,True,True,True,False,1785458940.330863,False,True,1,0,False
1785430955.7579584,20,1785458981.8740854,37.470435645075156,0.6310620279240101,36.744106202792395,True,37.5,36.5,38.6,0.95,0.05,0.0,0.7,0.03,2,1785458991.9014227,True,True,True,False,1785458940.330863,False,True,1,0,False
1785430955.7579584,20,1785459001.8804083,37.45174334325169,0.6314244296940567,36.72274357213702,True,37.5,36.5,38.6,0.95,0.05,0.0,0.7,0.03,2,1785459011.9077382,True,False,True,False,1785458940.330863,False,True,1,0,False
1785430955.7579584,20,1785459021.8867507,37.45975432974747,0.6313481345845732,36.71206225680933,True,37.5,36.5,38.6,0.95,0.05,0.0,0.7,0.03,2,1785459031.9141517,True,True,True,False,1785458940.330863,False,True,1,0,False
1785430955.7579584,20,1785459041.893201,37.47310597390707,0.6311955443656062,36.72808422980087,True,37.5,36.5,38.6,0.95,0.05,0.0,0.7,0.03,2,1785459051.920542,True,False,True,False,1785458940.330863,False,True,1,0,False
1785430955.7579584,20,1785459061.9005156,37.48645761806668,0.6314435034714275,36.725413900968945,True,37.5,36.5,38.6,0.95,0.05,0.0,0.7,0.03,2,1785459071.928933,True,False,True,False,1785458940.330863,False,True,1,0,False
1785430955.7579584,20,1785459081.9076283,37.49713893339437,0.6312146181429771,36.74677653162432,True,37.5,36.5,38.6,0.95,0.05,0.0,0.7,0.03,2,1785459091.9352982,True,False,True,False,1785458940.330863,False,True,1,0,False
1785430955.7579584,20,1785459101.9148688,37.52384222171359,0.6311192492561227,36.773479819943546,True,37.5,36.5,38.6,0.95,0.05,0.0,0.7,0.03,2,1785459111.9440787,True,False,True,True,1785459120.3308992,False,1,0,0,False
1785430955.7579584,20,1785459121.922605,37.53452353704128,0.6313099870298313,36.773479819943546,True,37.5,36.5,38.6,0.95,0.05,0.0,0.7,0.03,2,1785459131.9500952,True,True,True,True,1785459120.3308992,False,1,0,0,False
1785430955.7579584,20,1785459141.930197,37.53719386587319,0.6311001754787519,36.76279850461586,True,37.5,36.5,38.6,0.95,0.05,0.0,0.7,0.03,2,1785459151.9589317,True,True,True,False,1785459120.3308992,False,1,0,0,False
1785430955.7579584,20,1785459161.9377608,37.53986419470512,0.6316151674677652,36.75478751812008,True,37.5,36.5,38.6,0.95,0.05,0.0,0.7,0.03,2,1785459171.965217,True,False,True,False,1785459120.3308992,False,1,0,0,False
1785430955.7579584,20,1785459181.9450877,37.52384222171359,0.6310620279240101,36.76546883344777,True,37.5,36.5,38.6,0.95,0.05,0.0,0.7,0.03,2,1785459191.9740012,True,False,True,False,1785459120.3308992,False,1,0,0,False
1785430955.7579584,20,1785459201.953432,37.51049057755398,0.6311573968108644,36.75478751812008,True,37.5,36.5,38.6,0.95,0.05,0.0,0.7,0.03,2,1785459211.9840653,True,False,True,False,1785459120.3308992,False,1,0,0,False
1785430955.7579584,20,1785459221.9610004,37.48645761806668,0.6309666590371558,36.75478751812008,True,37.5,36.5,38.6,0.95,0.05,0.0,0.7,0.03,2,1785459231.98797,True,True,True,False,1785459120.3308992,False,True,1,0,False
1785430955.7579584,20,1785459241.9681194,37.489127946898606,0.6310620279240101,36.73342488746471,True,37.5,36.5,38.6,0.95,0.05,0.0,0.7,0.03,2,1785459251.9969032,True,True,True,False,1785459120.3308992,False,True,1,0,False
1785430955.7579584,20,1785459261.975382,37.49179827573053,0.6311001754787519,36.741435873960484,True,37.5,36.5,38.6,0.95,0.05,0.0,0.7,0.03,2,1785459272.002694,True,False,True,False,1785459120.3308992,False,True,1,0,False
1785430955.7579584,20,1785459281.9816904,37.48645761806668,0.6310238803692684,36.73609521629663,True,37.5,36.5,38.6,0.95,0.05,0.0,0.7,0.03,2,1785459292.0089865,True,True,True,True,1785459300.330916,False,True,1,0,False
1785430955.7579584,20,1785459301.9879882,37.53452353704128,0.631367208361944,36.74677653162432,True,37.5,36.5,38.6,0.95,0.05,0.0,0.7,0.03,2,1785459312.0153747,True,True,True,True,1785459300.330916,False,1,0,0,False
1785430955.7579584,20,1785459321.9944663,37.50247959105822,0.6310429541466392,36.75211718928817,True,37.5,36.5,38.6,0.95,0.05,0.0,0.7,0.03,2,1785459332.0241468,True,True,True,False,1785459300.330916,False,1,0,0,False
1785430955.7579584,20,1785459342.0010738,37.526512550545505,0.6311192492561227,36.74677653162432,True,37.5,36.5,38.6,0.95,0.05,0.0,0.7,0.03,2,1785459352.0309894,True,True,True,False,1785459300.330916,False,1,0,0,False
1785430955.7579584,20,1785459362.0076978,37.48645761806668,0.6315579461356527,36.749446860456246,True,37.5,36.5,38.6,0.95,0.05,0.0,0.7,0.03,2,1785459372.0349114,True,True,True,False,1785459300.330916,False,True,1,0,False
1785430955.7579584,20,1785459382.014186,37.507820248722055,0.6313862821393148,36.73342488746471,True,37.5,36.5,38.6,0.95,0.05,0.0,0.7,0.03,2,1785459392.0471952,True,False,True,False,1785459300.330916,False,1,0,0,False
1785430955.7579584,20,1785459402.0204694,37.49446860456244,0.6310620279240101,36.75478751812008,True,37.5,36.5,38.6,0.95,0.05,0.0,0.7,0.03,2,1785459412.04728,True,False,True,False,1785459300.330916,False,True,1,0,False
1785430955.7579584,20,1785459422.0277355,37.470435645075156,0.6313290608072023,36.73342488746471,True,37.5,36.5,38.6,0.95,0.05,0.0,0.7,0.03,2,1785459432.055987,True,True,True,False,1785459300.330916,False,True,1,0,False
1785430955.7579584,20,1785459442.0348756,37.489127946898606,0.6313862821393148,36.72274357213702,True,37.5,36.5,38.6,0.95,0.05,0.0,0.7,0.03,2,1785459452.0624864,True,True,True,False,1785459300.330916,False,True,1,0,False
1785430955.7579584,20,1785459462.042311,37.50247959105822,0.6311764705882353,36.730754558632796,True,37.5,36.5,38.6,0.95,0.05,0.0,0.7,0.03,2,1785459472.0715237,True,True,True,True,1785459480.3309553,False,1,0,0,False
1785430955.7579584,20,1785459482.0506735,37.513160906385906,0.6314435034714275,36.70939192797742,True,37.5,36.5,38.6,0.95,0.05,0.0,0.7,0.03,2,1785459492.0796993,True,True,True,True,1785459480.3309553,False,1,0,0,False
1785430955.7579584,20,1785459502.0589983,37.51850156404974,0.6312336919203478,36.74677653162432,True,37.5,36.5,38.6,0.95,0.05,0.0,0.7,0.03,2,1785459512.087724,True,True,True,False,1785459480.3309553,False,1,0,0,False
1785430955.7579584,20,1785459522.067086,37.507820248722055,0.6312527656977188,36.74677653162432,True,37.5,36.5,38.6,0.95,0.05,0.0,0.7,0.03,2,1785459532.0945,True,True,True,False,1785459480.3309553,False,1,0,0,False
1785430955.7579584,20,1785459542.073538,37.51049057755398,0.6312527656977188,36.73609521629663,True,37.5,36.5,38.6,0.95,0.05,0.0,0.7,0.03,2,1785459552.1009755,True,True,True,False,1785459480.3309553,False,1,0,0,False
1785430955.7579584,20,1785459562.0800025,37.507820248722055,0.6311764705882353,36.744106202792395,True,37.5,36.5,38.6,0.95,0.05,0.0,0.7,0.03,2,1785459572.1095786,True,True,True,False,1785459480.3309553,False,1,0,0,False
1785430955.7579584,20,1785459582.086434,37.45441367208362,0.6312146181429771,36.73342488746471,True,37.5,36.5,38.6,0.95,0.05,0.0,0.7,0.03,2,1785459592.1165032,True,True,True,False,1785459480.3309553,False,True,1,0,False
1785430955.7579584,20,1785459602.0931773,37.45174334325169,0.6310620279240101,36.71740291447318,True,37.5,36.5,38.6,0.95,0.05,0.0,0.7,0.03,2,1785459612.1203058,False,True,True,False,1785459480.3309553,False,True,1,0,False
1785430955.7579584,20,1785459622.0994017,37.36896314946212,0.6311001754787519,36.701380941481645,True,37.5,36.5,38.6,0.95,0.05,0.0,0.7,0.03,2,1785459632.1262527,False,True,True,False,1785459480.3309553,False,True,1,0,False
1785430955.7579584,20,1785459642.1054738,37.29686427100023,0.6310811017013809,36.75478751812008,True,37.5,36.5,38.6,0.95,0.05,0.0,0.7,0.03,2,1785459652.132079,False,True,True,True,1785459660.3309855,False,True,1,0,False
1785430955.7579584,20,1785459662.1113472,37.25680933852141,0.6310048065918974,36.70939192797742,True,37.5,36.5,38.6,0.95,0.05,0.0,0.7,0.03,2,1785459672.1387384,False,True,True,True,1785459660.3309855,False,True,1,0,False
1785430955.7579584,20,1785459682.1173196,37.251468680857556,0.63062333104448,36.74677653162432,True,37.5,36.5,38.6,0.95,0.05,0.0,0.7,0.03,2,1785459692.1458986,False,True,True,False,1785459660.3309855,False,True,1,0,False
1785430955.7579584,20,1785459702.1235924,37.219424734874494,0.6308903639276723,36.74677653162432,True,37.5,36.5,38.6,0.95,0.05,0.0,0.7,0.03,2,1785459712.154294,False,True,True,False,1785459660.3309855,False,True,1,0,False
1785430955.7579584,20,1785459722.1332037,37.21408407721066,0.6308903639276723,36.730754558632796,True,37.5,36.5,38.6,0.95,0.05,0.0,0.7,0.03,2,1785459732.160325,False,True,True,False,1785459660.3309855,False,True,1,0,False
1785430955.7579584,20,1785459742.1391475,37.20607309071488,0.6309285114824139,36.75745784695201,True,37.5,36.5,38.6,0.95,0.05,0.0,0.7,0.03,2,1785459752.1662357,False,True,True,False,1785459660.3309855,False,True,1,0,False
1785430955.7579584,20,1785459762.1451683,37.19272144655528,0.6312718394750897,36.792172121766995,True,37.5,36.5,38.6,0.95,0.05,0.0,0.7,0.03,2,1785459772.1720133,False,True,True,False,1785459660.3309855,False,True,1,0,False
1785430955.7579584,20,1785459782.1513145,37.20340276188297,0.6311192492561227,36.792172121766995,True,37.5,36.5,38.6,0.95,0.05,0.0,0.7,0.03,2,1785459792.1784604,False,True,True,False,1785459660.3309855,False,True,1,0,False
1785430955.7579584,20,1785459802.1573822,37.20607309071488,0.6306805523765927,36.78149080643931,True,37.5,36.5,38.6,0.95,0.05,0.0,0.7,0.03,2,1785459812.1844933,False,True,True,False,1785459660.3309855,False,True,1,0,False
1785430955.7579584,20,1785459822.163356,37.20340276188297,0.6306614785992218,36.85626001373312,True,37.5,36.5,38.6,0.95,0.05,0.0,0.7,0.03,2,1785459832.190504,False,True,True,True,1785459840.3309965,False,True,1,0,False
1785430955.7579584,20,1785459842.169406,37.227435721370256,0.6310429541466392,36.834897383077745,True,37.5,36.5,38.6,0.95,0.05,0.0,0.7,0.03,2,1785459852.196567,False,True,True,True,1785459840.3309965,False,True,1,0,False
1785430955.7579584,20,1785459862.1754315,37.23010605020218,0.6306614785992218,36.810864423590445,True,37.5,36.5,38.6,0.95,0.05,0.0,0.7,0.03,2,1785459872.2021108,False,True,True,False,1785459840.3309965,False,True,1,0,False
1785430955.7579584,20,1785459882.1814659,37.24078736552987,0.6307949950408179,36.83756771190967,True,37.5,36.5,38.6,0.95,0.05,0.0,0.7,0.03,2,1785459892.2078497,False,True,True,False,1785459840.3309965,False,True,1,0,False
1785430955.7579584,20,1785459902.1873746,37.251468680857556,0.6311192492561227,36.84824902723736,True,37.5,36.5,38.6,0.95,0.05,0.0,0.7,0.03,2,1785459912.2145467,False,True,True,False,1785459840.3309965,False,True,1,0,False
1785430955.7579584,20,1785459922.1934543,37.24612802319372,0.6309094377050432,36.87495231555657,True,37.5,36.5,38.6,0.95,0.05,0.0,0.7,0.03,2,1785459932.2205186,False,True,True,False,1785459840.3309965,False,True,1,0,False
1785430955.7579584,20,1785459942.1994095,37.28084229800869,0.6312527656977188,36.853589684901195,True,37.5,36.5,38.6,0.95,0.05,0.0,0.7,0.03,2,1785459952.2265637,False,True,True,False,1785459840.3309965,False,True,1,0,False
1785430955.7579584,20,1785459962.205459,37.28885328450447,0.6312527656977188,36.872281986724644,True,37.5,36.5,38.6,0.95,0.05,0.0,0.7,0.03,2,1785459972.2323873,False,True,True,False,1785459840.3309965,False,True,1,0,False
1785430955.7579584,20,1785459982.211425,37.294193942168306,0.6310238803692684,36.90966659037156,True,37.5,36.5,38.6,0.95,0.05,0.0,0.7,0.03,2,1785459992.2385967,False,True,True,False,1785459840.3309965,False,True,1,0,False
1785430955.7579584,20,1785460002.2174675,37.30754558632792,0.6310429541466392,36.89898527504387,True,37.5,36.5,38.6,0.95,0.05,0.0,0.7,0.03,2,1785460012.2445655,False,True,True,True,1785460020.3310156,False,True,1,0,False
1785430955.7579584,20,1785460022.2234242,37.30487525749599,0.6310048065918974,36.915007248035394,True,37.5,36.5,38.6,0.95,0.05,0.0,0.7,0.03,2,1785460032.2505186,False,True,True,True,1785460020.3310156,False,True,1,0,False
1785430955.7579584,20,1785460042.2294126,37.32356755931944,0.6309094377050432,36.92568856336308,True,37.5,36.5,38.6,0.95,0.05,0.0,0.7,0.03,2,1785460052.2559874,False,True,True,False,1785460020.3310156,False,True,1,0,False
1785430955.7579584,20,1785460062.2354372,37.30487525749599,0.6307186999313344,36.939040207522694,True,37.5,36.5,38.6,0.95,0.05,0.0,0.7,0.03,2,1785460072.2625647,False,True,True,False,1785460020.3310156,False,True,1,0,False
1785430955.7579584,20,1785460082.2414553,37.34225986114291,0.6312718394750897,36.97108415350576,True,37.5,36.5,38.6,0.95,0.05,0.0,0.7,0.03,2,1785460092.2679846,False,True,True,False,1785460020.3310156,False,True,1,0,False
1785430955.7579584,20,1785460102.2473335,37.352941176470594,0.6310429541466392,36.96574349584192,True,37.5,36.5,38.6,0.95,0.05,0.0,0.7,0.03,2,1785460112.274438,False,True,True,False,1785460020.3310156,False,True,1,0,False
1785430955.7579584,20,1785460122.2533681,37.37430380712597,0.6310238803692684,36.96574349584192,True,37.5,36.5,38.6,0.95,0.05,0.0,0.7,0.03,2,1785460132.28002,False,True,True,False,1785460020.3310156,False,True,1,0,False
1785430955.7579584,20,1785460142.259369,37.371633478294044,0.6310620279240101,36.987106126497295,True,37.5,36.5,38.6,0.95,0.05,0.0,0.7,0.03,2,1785460152.286501,False,True,True,False,1785460020.3310156,False,True,1,0,False
1785430955.7579584,20,1785460162.2654057,37.379644464789806,0.6309094377050432,36.98443579766537,True,37.5,36.5,38.6,0.95,0.05,0.0,0.7,0.03,2,1785460172.2925203,False,True,True,False,1785460020.3310156,False,True,1,0,False
1785430955.7579584,20,1785460182.2714155,37.38498512245366,0.6309285114824139,36.99511711299306,True,37.5,36.5,38.6,0.95,0.05,0.0,0.7,0.03,2,1785460192.2985349,False,True,True,True,1785460200.331031,False,True,1,0,False
1785430955.7579584,20,1785460202.277454,37.41435873960479,0.6309666590371558,37.01647974364843,True,37.5,36.5,38.6,0.95,0.05,0.0,0.7,0.03,2,1785460212.3040497,False,True,True,True,1785460200.331031,False,True,1,0,False
1785430955.7579584,20,1785460222.28341,37.40634775310903,0.6311192492561227,37.01647974364843,True,37.5,36.5,38.6,0.95,0.05,0.0,0.7,0.03,2,1785460232.3105044,False,True,True,False,1785460200.331031,False,True,1,0,False
1785430955.7579584,20,1785460242.2894254,37.42504005493248,0.6312527656977188,37.04318303196766,True,37.5,36.5,38.6,0.95,0.05,0.0,0.7,0.03,2,1785460252.3166354,False,True,True,False,1785460200.331031,False,True,1,0,False
1785430955.7579584,20,1785460262.2954538,37.438391699092094,0.6313099870298313,37.04585336079957,True,37.5,36.5,38.6,0.95,0.05,0.0,0.7,0.03,2,1785460272.3225782,False,True,True,False,1785460200.331031,False,True,1,0,False
1785430955.7579584,20,1785460282.301463,37.44373235675593,0.6310238803692684,37.05653467612726,True,37.5,36.5,38.6,0.95,0.05,0.0,0.7,0.03,2,1785460292.327956,False,True,True,False,1785460200.331031,False,True,1,0,False
1785430955.7579584,20,1785460302.3073194,37.45975432974747,0.6313099870298313,37.05653467612726,True,37.5,36.5,38.6,0.95,0.05,0.0,0.7,0.03,2,1785460312.3344,False,True,True,False,1785460200.331031,False,True,1,0,False
1785430955.7579584,20,1785460322.3134475,37.48645761806668,0.6313481345845732,37.08857862211032,True,37.5,36.5,38.6,0.95,0.05,0.0,0.7,0.03,2,1785460332.3404527,False,True,True,False,1785460200.331031,False,True,1,0,False
1785430955.7579584,20,1785460342.319744,37.51049057755398,0.6311764705882353,37.09391927977417,True,37.5,36.5,38.6,0.95,0.05,0.0,0.7,0.03,2,1785460352.3463104,False,True,True,False,1785460200.331031,False,1,0,0,False
1785430955.7579584,20,1785460362.3257632,37.513160906385906,0.6310238803692684,37.10727092393378,True,37.5,36.5,38.6,0.95,0.05,0.0,0.7,0.03,2,1785460372.3523333,False,True,True,True,1785460380.3310452,False,1,0,0,False
1785430955.7579584,20,1785460382.3316789,37.507820248722055,0.6313862821393148,37.08590829327841,True,37.5,36.5,38.6,0.95,0.05,0.0,0.7,0.03,2,1785460392.358742,False,True,True,True,1785460380.3310452,False,1,0,0,False
1785430955.7579584,20,1785460402.3376722,37.51049057755398,0.6310620279240101,37.10193026626993,True,37.5,36.5,38.6,0.95,0.05,0.0,0.7,0.03,2,1785460412.3647778,False,True,True,False,1785460380.3310452,False,1,0,0,False
1785430955.7579584,20,1785460422.3436341,37.51850156404974,0.6311573968108644,37.091248950942244,True,37.5,36.5,38.6,0.95,0.05,0.0,0.7,0.03,2,1785460432.3707435,False,True,True,False,1785460380.3310452,False,1,0,0,False
1785430955.7579584,20,1785460442.349688,37.49980926222629,0.6310811017013809,37.12329289692531,True,37.5,36.5,38.6,0.95,0.05,0.0,0.7,0.03,2,1785460452.3763325,False,True,True,False,1785460380.3310452,False,True,1,0,False
1785430955.7579584,20,1785460462.3557506,37.50247959105822,0.6308331425955597,37.115281910429545,True,37.5,36.5,38.6,0.95,0.05,0.0,0.7,0.03,2,1785460472.3828037,False,True,True,False,1785460380.3310452,False,1,0,0,False
1785430955.7579584,20,1785460482.361744,37.49713893339437,0.6311764705882353,37.13130388342107,True,37.5,36.5,38.6,0.95,0.05,0.0,0.7,0.03,2,1785460492.388847,False,True,True,False,1785460380.3310452,False,True,1,0,False
1785430955.7579584,20,1785460502.3677247,37.48645761806668,0.6314625772487983,37.109941252765694,True,37.5,36.5,38.6,0.95,0.05,0.0,0.7,0.03,2,1785460512.3948483,False,True,True,False,1785460380.3310452,False,True,1,0,False
1785430955.7579584,20,1785460522.3737693,37.513160906385906,0.6311955443656062,37.115281910429545,True,37.5,36.5,38.6,0.95,0.05,0.0,0.7,0.03,2,1785460532.4008725,False,True,True,False,1785460380.3310452,False,1,0,0,False
1785430955.7579584,20,1785460542.3797953,37.50514991989013,0.6313099870298313,37.109941252765694,True,37.5,36.5,38.6,0.95,0.05,0.0,0.7,0.03,2,1785460552.4069488,False,True,True,True,1785460560.3310566,False,1,0,0,False
1785430955.7579584,20,1785460562.3859022,37.48645761806668,0.6312527656977188,37.10727092393378,True,37.5,36.5,38.6,0.95,0.05,0.0,0.7,0.03,2,1785460572.413045,False,True,True,True,1785460560.3310566,False,True,1,0,False
1785430955.7579584,20,1785460582.391884,37.48645761806668,0.6311383230334936,37.096589608606095,True,37.5,36.5,38.6,0.95,0.05,0.0,0.7,0.03,2,1785460592.4189255,False,True,True,False,1785460560.3310566,False,True,1,0,False
1785430955.7579584,20,1785460602.3978336,37.46242465857938,0.6308140688181888,37.06988632028687,True,37.5,36.5,38.6,0.95,0.05,0.0,0.7,0.03,2,1785460612.4249175,False,True,True,False,1785460560.3310566,False,True,1,0,False
1785430955.7579584,20,1785460622.4038405,37.470435645075156,0.6311001754787519,37.05920500495918,True,37.5,36.5,38.6,0.95,0.05,0.0,0.7,0.03,2,1785460632.4309933,False,True,True,False,1785460560.3310566,False,True,1,0,False
1785430955.7579584,20,1785460642.4098845,37.46776531624323,0.6313862821393148,37.10193026626993,True,37.5,36.5,38.6,0.95,0.05,0.0,0.7,0.03,2,1785460652.4370527,False,True,True,False,1785460560.3310566,False,True,1,0,False
1785430955.7579584,20,1785460662.4158967,37.47577630273899,0.6313290608072023,37.109941252765694,True,37.5,36.5,38.6,0.95,0.05,0.0,0.7,0.03,2,1785460672.4425166,False,True,True,False,1785460560.3310566,False,True,1,0,False
1785430955.7579584,20,1785460682.4219723,37.49179827573053,0.6308522163729304,37.12062256809338,True,37.5,36.5,38.6,0.95,0.05,0.0,0.7,0.03,2,1785460692.4491367,False,True,True,False,1785460560.3310566,False,True,1,0,False
1785430955.7579584,20,1785460702.4279745,37.49713893339437,0.6308331425955597,37.12062256809338,True,37.5,36.5,38.6,0.95,0.05,0.0,0.7,0.03,2,1785460712.4550977,False,True,True,False,1785460560.3310566,False,True,1,0,False
1785430955.7579584,20,1785460722.4339917,37.507820248722055,0.631672388799878,37.12596322575723,True,37.5,36.5,38.6,0.95,0.05,0.0,0.7,0.03,2,1785460732.460628,False,True,True,True,1785460740.331076,False,1,0,0,False
1785430955.7579584,20,1785460742.4399915,37.526512550545505,0.6312527656977188,37.13130388342107,True,37.5,36.5,38.6,0.95,0.05,0.0,0.7,0.03,2,1785460752.46713,False,True,True,True,1785460740.331076,False,1,0,0,False
1785430955.7579584,20,1785460762.4460878,37.52384222171359,0.6309094377050432,37.14465552758068,True,37.5,36.5,38.6,0.95,0.05,0.0,0.7,0.03,2,1785460772.4733083,False,True,True,False,1785460740.331076,False,1,0,0,False
1785430955.7579584,20,1785460782.4521677,37.50247959105822,0.6312909132524606,37.14465552758068,True,37.5,36.5,38.6,0.95,0.05,0.0,0.7,0.03,2,1785460792.47929,False,True,True,False,1785460740.331076,False,1,0,0,False
1785430955.7579584,20,1785460802.458212,37.531853208209355,0.6307949950408179,37.11795223926147,True,37.5,36.5,38.6,0.95,0.05,0.0,0.7,0.03,2,1785460812.4853647,False,True,True,False,1785460740.331076,False,1,0,0,False
1785430955.7579584,20,1785460822.4642994,37.507820248722055,0.6310048065918974,37.11795223926147,True,37.5,36.5,38.6,0.95,0.05,0.0,0.7,0.03,2,1785460832.494368,False,True,True,False,1785460740.331076,False,1,0,0,False
1785430955.7579584,20,1785460842.473473,37.52117189288167,0.6311573968108644,37.11795223926147,True,37.5,36.5,38.6,0.95,0.05,0.0,0.7,0.03,2,1785460852.500685,False,True,True,False,1785460740.331076,False,1,0,0,False
1785430955.7579584,20,1785460862.4794374,37.50247959105822,0.6312527656977188,37.10460059510186,True,37.5,36.5,38.6,0.95,0.05,0.0,0.7,0.03,2,1785460872.5065138,False,True,True,False,1785460740.331076,False,1,0,0,False
1785430955.7579584,20,1785460882.4854434,37.47577630273899,0.6310429541466392,37.08323796444648,True,37.5,36.5,38.6,0.95,0.05,0.0,0.7,0.03,2,1785460892.5125327,False,True,True,False,1785460740.331076,False,True,1,0,False
1785430955.7579584,20,1785460902.4914074,37.470435645075156,0.6311001754787519,37.099259937438006,True,37.5,36.5,38.6,0.95,0.05,0.0,0.7,0.03,2,1785460912.5185437,False,True,True,True,1785460920.3310995,False,True,1,0,False
1785430955.7579584,20,1785460922.497446,37.470435645075156,0.631367208361944,37.09391927977417,True,37.5,36.5,38.6,0.95,0.05,0.0,0.7,0.03,2,1785460932.5245554,False,True,True,True,1785460920.3310995,False,True,1,0,False
1785430955.7579584,20,1785460942.5033882,37.489127946898606,0.6311383230334936,37.12062256809338,True,37.5,36.5,38.6,0.95,0.05,0.0,0.7,0.03,2,1785460952.5305078,False,True,True,False,1785460920.3310995,False,True,1,0,False
1785430955.7579584,20,1785460962.5094814,37.470435645075156,0.6312527656977188,37.11795223926147,True,37.5,36.5,38.6,0.95,0.05,0.0,0.7,0.03,2,1785460972.53599,False,True,True,False,1785460920.3310995,False,True,1,0,False
1785430955.7579584,20,1785460982.515476,37.49713893339437,0.6312336919203478,37.12863355458916,True,37.5,36.5,38.6,0.95,0.05,0.0,0.7,0.03,2,1785460992.542648,False,True,True,False,1785460920.3310995,False,True,1,0,False
1785430955.7579584,20,1785461002.521535,37.489127946898606,0.6315960936903945,37.14465552758068,True,37.5,36.5,38.6,0.95,0.05,0.0,0.7,0.03,2,1785461012.548616,False,True,True,False,1785460920.3310995,False,True,1,0,False
1785430955.7579584,20,1785461022.5274644,37.507820248722055,0.6311955443656062,37.12863355458916,True,37.5,36.5,38.6,0.95,0.05,0.0,0.7,0.03,2,1785461032.5541546,False,True,True,False,1785460920.3310995,False,1,0,0,False
1785430955.7579584,20,1785461042.5336115,37.49980926222629,0.6310811017013809,37.15533684290837,True,37.5,36.5,38.6,0.95,0.05,0.0,0.7,0.03,2,1785461052.5602098,False,True,True,False,1785460920.3310995,False,True,1,0,False
1785430955.7579584,20,1785461062.5395763,37.51850156404974,0.6311573968108644,37.16868848706798,True,37.5,36.5,38.6,0.95,0.05,0.0,0.7,0.03,2,1785461072.5667124,False,True,True,False,1785460920.3310995,False,1,0,0,False
1785430955.7579584,20,1785461082.5456288,37.507820248722055,0.6312909132524606,37.158007171740294,True,37.5,36.5,38.6,0.95,0.05,0.0,0.7,0.03,2,1785461092.5727518,False,True,True,True,1785461100.3311212,False,1,0,0,False
1785430955.7579584,20,1785461102.5515804,37.51850156404974,0.6308712901503014,37.13130388342107,True,37.5,36.5,38.6,0.95,0.05,0.0,0.7,0.03,2,1785461112.578699,False,True,True,True,1785461100.3311212,False,1,0,0,False
1785430955.7579584,20,1785461122.5575988,37.49179827573053,0.6310238803692684,37.13664454108492,True,37.5,36.5,38.6,0.95,0.05,0.0,0.7,0.03,2,1785461132.5847032,False,True,True,False,1785461100.3311212,False,True,1,0,False
1785430955.7579584,20,1785461142.563562,37.489127946898606,0.6312146181429771,37.13664454108492,True,37.5,36.5,38.6,0.95,0.05,0.0,0.7,0.03,2,1785461152.5906634,False,True,True,False,1785461100.3311212,False,True,1,0,False
1785430955.7579584,20,1785461162.5695689,37.51850156404974,0.6311192492561227,37.12863355458916,True,37.5,36.5,38.6,0.95,0.05,0.0,0.7,0.03,2,1785461172.596737,False,True,True,False,1785461100.3311212,False,1,0,0,False
1785430955.7579584,20,1785461182.575693,37.52384222171359,0.6312909132524606,37.12863355458916,True,37.5,36.5,38.6,0.95,0.05,0.0,0.7,0.03,2,1785461192.602764,False,True,True,False,1785461100.3311212,False,1,0,0,False
1785430955.7579584,20,1785461202.5817115,37.49980926222629,0.6311383230334936,37.12863355458916,True,37.5,36.5,38.6,0.95,0.05,0.0,0.7,0.03,2,1785461212.60882,False,True,True,False,1785461100.3311212,False,True,1,0,False
1785430955.7579584,20,1785461222.5876439,37.470435645075156,0.6312909132524606,37.15533684290837,True,37.5,36.5,38.6,0.95,0.05,0.0,0.7,0.03,2,1785461232.6147437,False,True,True,False,1785461100.3311212,False,True,1,0,False
1785430955.7579584,20,1785461242.5936446,37.47310597390707,0.6311955443656062,37.14465552758068,True,37.5,36.5,38.6,0.95,0.05,0.0,0.7,0.03,2,1785461252.6207762,False,True,True,False,1785461100.3311212,False,True,1,0,False
1785430955.7579584,20,1785461262.599598,37.48645761806668,0.6313099870298313,37.13130388342107,True,37.5,36.5,38.6,0.95,0.05,0.0,0.7,0.03,2,1785461272.6263485,False,True,True,True,1785461280.3311303,False,True,1,0,False
1785430955.7579584,20,1785461282.605642,37.52384222171359,0.6312146181429771,37.12062256809338,True,37.5,36.5,38.6,0.95,0.05,0.0,0.7,0.03,2,1785461292.6327126,False,True,True,True,1785461280.3311303,False,1,0,0,False
1785430955.7579584,20,1785461302.6116066,37.52384222171359,0.6311573968108644,37.12062256809338,True,37.5,36.5,38.6,0.95,0.05,0.0,0.7,0.03,2,1785461312.6386585,False,True,True,False,1785461280.3311303,False,1,0,0,False
1785430955.7579584,20,1785461322.617606,37.50247959105822,0.6312146181429771,37.14732585641261,True,37.5,36.5,38.6,0.95,0.05,0.0,0.7,0.03,2,1785461332.644325,False,True,True,False,1785461280.3311303,False,1,0,0,False
1785430955.7579584,20,1785461342.6236327,37.51049057755398,0.6311955443656062,37.158007171740294,True,37.5,36.5,38.6,0.95,0.05,0.0,0.7,0.03,2,1785461352.6507187,False,True,True,False,1785461280.3311303,False,1,0,0,False
1785430955.7579584,20,1785461362.6295943,37.513160906385906,0.6312718394750897,37.12863355458916,True,37.5,36.5,38.6,0.95,0.05,0.0,0.7,0.03,2,1785461372.6567225,False,True,True,False,1785461280.3311303,False,1,0,0,False
1785430955.7579584,20,1785461382.6355765,37.52918287937743,0.6312146181429771,37.133974212252994,True,37.5,36.5,38.6,0.95,0.05,0.0,0.7,0.03,2,1785461392.6621404,False,True,True,False,1785461280.3311303,False,1,0,0,False
1785430955.7579584,20,1785461402.6416168,37.51049057755398,0.6312146181429771,37.10727092393378,True,37.5,36.5,38.6,0.95,0.05,0.0,0.7,0.03,2,1785461412.6681788,False,True,True,False,1785461280.3311303,False,1,0,0,False
1785430955.7579584,20,1785461422.6474771,37.481116960402844,0.6312909132524606,37.12329289692531,True,37.5,36.5,38.6,0.95,0.05,0.0,0.7,0.03,2,1785461432.6746223,False,True,True,False,1785461280.3311303,False,True,1,0,False
1785430955.7579584,20,1785461442.653529,37.46776531624323,0.6308903639276723,37.10727092393378,True,37.5,36.5,38.6,0.95,0.05,0.0,0.7,0.03,2,1785461452.6806648,False,True,True,True,1785461460.3311343,False,True,1,0,False
1785430955.7579584,20,1785461462.6594994,37.470435645075156,0.6309857328145266,37.12596322575723,True,37.5,36.5,38.6,0.95,0.05,0.0,0.7,0.03,2,1785461472.6861653,False,True,True,True,1785461460.3311343,False,True,1,0,False
1785430955.7579584,20,1785461482.665565,37.481116960402844,0.6313481345845732,37.12062256809338,True,37.5,36.5,38.6,0.95,0.05,0.0,0.7,0.03,2,1785461492.6920564,False,True,True,False,1785461460.3311343,False,True,1,0,False
1785430955.7579584,20,1785461502.6714325,37.45975432974747,0.6308331425955597,37.12062256809338,True,37.5,36.5,38.6,0.95,0.05,0.0,0.7,0.03,2,1785461512.698523,False,True,True,False,1785461460.3311343,False,True,1,0,False
1785430955.7579584,20,1785461522.677443,37.48645761806668,0.6310238803692684,37.12596322575723,True,37.5,36.5,38.6,0.95,0.05,0.0,0.7,0.03,2,1785461532.7044582,False,True,True,False,1785461460.3311343,False,True,1,0,False
1785430955.7579584,20,1785461542.6833687,37.49446860456244,0.6311001754787519,37.158007171740294,True,37.5,36.5,38.6,0.95,0.05,0.0,0.7,0.03,2,1785461552.7105036,False,True,True,False,1785461460.3311343,False,True,1,0,False
1785430955.7579584,20,1785461562.6893983,37.507820248722055,0.6311001754787519,37.14465552758068,True,37.5,36.5,38.6,0.95,0.05,0.0,0.7,0.03,2,1785461572.715895,False,True,True,False,1785461460.3311343,False,1,0,0,False
1785430955.7579584,20,1785461582.6952484,37.507820248722055,0.6312527656977188,37.15533684290837,True,37.5,36.5,38.6,0.95,0.05,0.0,0.7,0.03,2,1785461592.7223113,False,True,True,False,1785461460.3311343,False,1,0,0,False
1785430955.7579584,20,1785461602.7012525,37.51049057755398,0.6310429541466392,37.15533684290837,True,37.5,36.5,38.6,0.95,0.05,0.0,0.7,0.03,2,1785461612.727777,False,True,True,False,1785461460.3311343,False,1,0,0,False
1785430955.7579584,20,1785461622.7071695,37.54520485236897,0.6313481345845732,37.15533684290837,True,37.5,36.5,38.6,0.95,0.05,0.0,0.7,0.03,2,1785461632.7342982,False,True,True,True,1785461640.331156,False,1,0,0,False
1785430955.7579584,20,1785461642.7132583,37.53719386587319,0.6312336919203478,37.16067750057222,True,37.5,36.5,38.6,0.95,0.05,0.0,0.7,0.03,2,1785461652.7403483,False,True,True,True,1785461640.331156,False,1,0,0,False
1785430955.7579584,20,1785461662.7191937,37.52918287937743,0.6310811017013809,37.14732585641261,True,37.5,36.5,38.6,0.95,0.05,0.0,0.7,0.03,2,1785461672.7462723,False,True,True,False,1785461640.331156,False,1,0,0,False
1785430955.7579584,20,1785461682.725216,37.507820248722055,0.6312146181429771,37.14732585641261,True,37.5,36.5,38.6,0.95,0.05,0.0,0.7,0.03,2,1785461692.751786,False,True,True,False,1785461640.331156,False,1,0,0,False
1785430955.7579584,20,1785461702.7311163,37.513160906385906,0.6311001754787519,37.109941252765694,True,37.5,36.5,38.6,0.95,0.05,0.0,0.7,0.03,2,1785461712.7581615,False,True,True,False,1785461640.331156,False,1,0,0,False
1785430955.7579584,20,1785461722.7370884,37.507820248722055,0.6309475852597849,37.115281910429545,True,37.5,36.5,38.6,0.95,0.05,0.0,0.7,0.03,2,1785461732.763609,False,True,True,False,1785461640.331156,False,1,0,0,False
1785430955.7579584,20,1785461742.7430427,37.47310597390707,0.6311001754787519,37.12596322575723,True,37.5,36.5,38.6,0.95,0.05,0.0,0.7,0.03,2,1785461752.770268,False,True,True,False,1785461640.331156,False,True,1,0,False
1785430955.7579584,20,1785461762.7492177,37.470435645075156,0.6310048065918974,37.10727092393378,True,37.5,36.5,38.6,0.95,0.05,0.0,0.7,0.03,2,1785461772.775861,False,True,True,False,1785461640.331156,False,True,1,0,False
1785430955.7579584,20,1785461782.7552187,37.47577630273899,0.6312527656977188,37.11795223926147,True,37.5,36.5,38.6,0.95,0.05,0.0,0.7,0.03,2,1785461792.7818108,False,True,True,False,1785461640.331156,False,True,1,0,False
1785430955.7579584,20,1785461802.7611742,37.489127946898606,0.6311764705882353,37.091248950942244,True,37.5,36.5,38.6,0.95,0.05,0.0,0.7,0.03,2,1785461812.78768,False,True,True,True,1785461820.331182,False,True,1,0,False
1785430955.7579584,20,1785461822.7671316,37.45975432974747,0.6311383230334936,37.10193026626993,True,37.5,36.5,38.6,0.95,0.05,0.0,0.7,0.03,2,1785461832.7943099,False,True,True,True,1785461820.331182,False,True,1,0,False
1785430955.7579584,20,1785461842.773169,37.47844663157092,0.6309475852597849,37.10727092393378,True,37.5,36.5,38.6,0.95,0.05,0.0,0.7,0.03,2,1785461852.799656,False,True,True,False,1785461820.331182,False,True,1,0,False
1785430955.7579584,20,1785461862.7789857,37.47577630273899,0.6311764705882353,37.115281910429545,True,37.5,36.5,38.6,0.95,0.05,0.0,0.7,0.03,2,1785461872.8061035,False,True,True,False,1785461820.331182,False,True,1,0,False
1785430955.7579584,20,1785461882.7849889,37.50247959105822,0.6311192492561227,37.13130388342107,True,37.5,36.5,38.6,0.95,0.05,0.0,0.7,0.03,2,1785461892.8115015,False,True,True,False,1785461820.331182,False,1,0,0,False
1785430955.7579584,20,1785461902.7908938,37.49713893339437,0.6312336919203478,37.14732585641261,True,37.5,36.5,38.6,0.95,0.05,0.0,0.7,0.03,2,1785461912.8179638,False,True,True,False,1785461820.331182,False,True,1,0,False
1785430955.7579584,20,1785461922.7969084,37.507820248722055,0.6309666590371558,37.158007171740294,True,37.5,36.5,38.6,0.95,0.05,0.0,0.7,0.03,2,1785461932.8239439,False,True,True,False,1785461820.331182,False,1,0,0,False
1785430955.7579584,20,1785461942.8028386,37.526512550545505,0.6310811017013809,37.152666514076444,True,37.5,36.5,38.6,0.95,0.05,0.0,0.7,0.03,2,1785461952.8299987,False,True,True,False,1785461820.331182,False,1,0,0,False
1785430955.7579584,20,1785461962.8089426,37.54520485236897,0.6310429541466392,37.14465552758068,True,37.5,36.5,38.6,0.95,0.05,0.0,0.7,0.03,2,1785461972.8354726,False,True,True,False,1785461820.331182,False,1,0,0,False
1785430955.7579584,20,1785461982.8148327,37.52384222171359,0.6311573968108644,37.16601815823606,True,37.5,36.5,38.6,0.95,0.05,0.0,0.7,0.03,2,1785461992.8418686,False,True,True,True,1785462000.3311925,False,1,0,0,False
1785430955.7579584,20,1785462002.8208039,37.526512550545505,0.6311573968108644,37.16601815823606,True,37.5,36.5,38.6,0.95,0.05,0.0,0.7,0.03,2,1785462012.847299,False,True,True,True,1785462000.3311925,False,1,0,0,False
1785430955.7579584,20,1785462022.8267555,37.50247959105822,0.6310811017013809,37.12329289692531,True,37.5,36.5,38.6,0.95,0.05,0.0,0.7,0.03,2,1785462032.8539422,False,True,True,False,1785462000.3311925,False,1,0,0,False
1785430955.7579584,20,1785462042.832847,37.51583123521782,0.6310238803692684,37.133974212252994,True,37.5,36.5,38.6,0.95,0.05,0.0,0.7,0.03,2,1785462052.8599138,False,True,True,False,1785462000.3311925,False,1,0,0,False
1785430955.7579584,20,1785462062.8387682,37.49179827573053,0.6311955443656062,37.12596322575723,True,37.5,36.5,38.6,0.95,0.05,0.0,0.7,0.03,2,1785462072.8663645,False,True,True,False,1785462000.3311925,False,True,1,0,False
1785430955.7579584,20,1785462082.845141,37.470435645075156,0.6311192492561227,37.13664454108492,True,37.5,36.5,38.6,0.95,0.05,0.0,0.7,0.03,2,1785462092.8724256,False,True,True,False,1785462000.3311925,False,True,1,0,False
1785430955.7579584,20,1785462102.8512,37.49713893339437,0.6310429541466392,37.14732585641261,True,37.5,36.5,38.6,0.95,0.05,0.0,0.7,0.03,2,1785462112.8778584,False,True,True,False,1785462000.3311925,False,True,1,0,False
1785430955.7579584,20,1785462122.8573234,37.48645761806668,0.6310048065918974,37.141985198748756,True,37.5,36.5,38.6,0.95,0.05,0.0,0.7,0.03,2,1785462132.88441,False,True,True,False,1785462000.3311925,False,True,1,0,False
1785430955.7579584,20,1785462142.8632712,37.49980926222629,0.6311764705882353,37.158007171740294,True,37.5,36.5,38.6,0.95,0.05,0.0,0.7,0.03,2,1785462152.890369,False,True,True,False,1785462000.3311925,False,True,1,0,False
1785430955.7579584,20,1785462162.8693192,37.49713893339437,0.6310238803692684,37.15533684290837,True,37.5,36.5,38.6,0.95,0.05,0.0,0.7,0.03,2,1785462172.896487,False,True,True,True,1785462180.331202,False,True,1,0,False
1785430955.7579584,20,1785462182.8753457,37.53452353704128,0.6310811017013809,37.14999618524453,True,37.5,36.5,38.6,0.95,0.05,0.0,0.7,0.03,2,1785462192.9024155,False,True,True,True,1785462180.331202,False,1,0,0,False
1785430955.7579584,20,1785462202.8813436,37.526512550545505,0.6312909132524606,37.17135881589991,True,37.5,36.5,38.6,0.95,0.05,0.0,0.7,0.03,2,1785462212.908995,False,True,True,False,1785462180.331202,False,1,0,0,False
1785430955.7579584,20,1785462222.887296,37.507820248722055,0.6311001754787519,37.15533684290837,True,37.5,36.5,38.6,0.95,0.05,0.0,0.7,0.03,2,1785462232.9144022,False,True,True,False,1785462180.331202,False,1,0,0,False
1785430955.7579584,20,1785462242.893331,37.51049057755398,0.6311573968108644,37.14465552758068,True,37.5,36.5,38.6,0.95,0.05,0.0,0.7,0.03,2,1785462252.9203925,False,True,True,False,1785462180.331202,False,1,0,0,False
1785430955.7579584,20,1785462262.8992512,37.52384222171359,0.6310811017013809,37.158007171740294,True,37.5,36.5,38.6,0.95,0.05,0.0,0.7,0.03,2,1785462272.9263394,False,True,True,False,1785462180.331202,False,1,0,0,False
1785430955.7579584,20,1785462282.905268,37.50247959105822,0.6310811017013809,37.152666514076444,True,37.5,36.5,38.6,0.95,0.05,0.0,0.7,0.03,2,1785462292.9323244,False,True,True,False,1785462180.331202,False,1,0,0,False
1785430955.7579584,20,1785462302.911165,37.50247959105822,0.6310048065918974,37.12596322575723,True,37.5,36.5,38.6,0.95,0.05,0.0,0.7,0.03,2,1785462312.9407713,False,True,True,False,1785462180.331202,False,1,0,0,False
1785430955.7579584,20,1785462322.9199214,37.48645761806668,0.6311383230334936,37.141985198748756,True,37.5,36.5,38.6,0.95,0.05,0.0,0.7,0.03,2,1785462332.9469564,False,True,True,False,1785462180.331202,False,True,1,0,False
1785430955.7579584,20,1785462342.9258788,37.483787289234755,0.6310429541466392,37.12596322575723,True,37.5,36.5,38.6,0.95,0.05,0.0,0.7,0.03,2,1785462352.9527981,False,True,True,True,1785462360.3312402,False,True,1,0,False
1785430955.7579584,20,1785462362.9318984,37.470435645075156,0.6312336919203478,37.12863355458916,True,37.5,36.5,38.6,0.95,0.05,0.0,0.7,0.03,2,1785462372.959052,False,True,True,True,1785462360.3312402,False,True,1,0,False
1785430955.7579584,20,1785462382.9379554,37.45441367208362,0.6311573968108644,37.139314869916845,True,37.5,36.5,38.6,0.95,0.05,0.0,0.7,0.03,2,1785462392.965122,False,True,True,False,1785462360.3312402,False,True,1,0,False
1785430955.7579584,20,1785462402.9439013,37.47310597390707,0.6310620279240101,37.139314869916845,True,37.5,36.5,38.6,0.95,0.05,0.0,0.7,0.03,2,1785462412.9706283,False,True,True,False,1785462360.3312402,False,True,1,0,False
1785430955.7579584,20,1785462422.9499094,37.45975432974747,0.6305851834897384,37.12863355458916,True,37.5,36.5,38.6,0.95,0.05,0.0,0.7,0.03,2,1785462432.9770987,False,True,True,False,1785462360.3312402,False,True,1,0,False
1785430955.7579584,20,1785462442.9560716,37.483787289234755,0.6312527656977188,37.16601815823606,True,37.5,36.5,38.6,0.95,0.05,0.0,0.7,0.03,2,1785462452.9831474,False,True,True,False,1785462360.3312402,False,True,1,0,False
1785430955.7579584,20,1785462462.9620526,37.49179827573053,0.6312718394750897,37.14732585641261,True,37.5,36.5,38.6,0.95,0.05,0.0,0.7,0.03,2,1785462472.9891915,False,True,True,False,1785462360.3312402,False,True,1,0,False
1785430955.7579584,20,1785462482.9680803,37.49713893339437,0.6310429541466392,37.17402914473182,True,37.5,36.5,38.6,0.95,0.05,0.0,0.7,0.03,2,1785462492.9953454,False,True,True,False,1785462360.3312402,False,True,1,0,False
1785430955.7579584,20,1785462502.974187,37.52384222171359,0.6313481345845732,37.17402914473182,True,37.5,36.5,38.6,0.95,0.05,0.0,0.7,0.03,2,1785462513.0013115,False,True,True,False,1785462360.3312402,False,1,0,0,False
1785430955.7579584,20,1785462522.9801812,37.53986419470512,0.6309475852597849,37.158007171740294,True,37.5,36.5,38.6,0.95,0.05,0.0,0.7,0.03,2,1785462533.0072346,False,True,True,True,1785462540.3312776,False,1,0,0,False
1785430955.7579584,20,1785462542.9861739,37.526512550545505,0.6311573968108644,37.184710460059506,True,37.5,36.5,38.6,0.95,0.05,0.0,0.7,0.03,2,1785462553.0131996,False,True,True,True,1785462540.3312776,False,1,0,0,False
1785430955.7579584,20,1785462562.9921646,37.53986419470512,0.6312336919203478,37.182040131227595,True,37.5,36.5,38.6,0.95,0.05,0.0,0.7,0.03,2,1785462573.0193062,False,True,True,False,1785462540.3312776,False,1,0,0,False
1785430955.7579584,20,1785462582.9982371,37.507820248722055,0.6314053559166858,37.176699473563744,True,37.5,36.5,38.6,0.95,0.05,0.0,0.7,0.03,2,1785462593.0252964,False,True,True,False,1785462540.3312776,False,1,0,0,False
1785430955.7579584,20,1785462603.0041764,37.54253452353704,0.6309094377050432,37.16067750057222,True,37.5,36.5,38.6,0.95,0.05,0.0,0.7,0.03,2,1785462613.0312228,False,True,True,False,1785462540.3312776,False,1,0,0,False
1785430955.7579584,20,1785462623.0101676,37.50247959105822,0.6309094377050432,37.14999618524453,True,37.5,36.5,38.6,0.95,0.05,0.0,0.7,0.03,2,1785462633.0370395,False,True,True,False,1785462540.3312776,False,1,0,0,False
1785430955.7579584,20,1785462643.016183,37.51049057755398,0.6309285114824139,37.16601815823606,True,37.5,36.5,38.6,0.95,0.05,0.0,0.7,0.03,2,1785462653.043253,False,True,True,False,1785462540.3312776,False,1,0,0,False
1785430955.7579584,20,1785462663.022178,37.49713893339437,0.6309094377050432,37.158007171740294,True,37.5,36.5,38.6,0.95,0.05,0.0,0.7,0.03,2,1785462673.0493345,False,True,True,False,1785462540.3312776,False,True,1,0,False
1785430955.7579584,20,1785462683.0282204,37.48645761806668,0.6308140688181888,37.12596322575723,True,37.5,36.5,38.6,0.95,0.05,0.0,0.7,0.03,2,1785462693.0553951,False,True,True,False,1785462540.3312776,False,True,1,0,False
1785430955.7579584,20,1785462703.0342643,37.49713893339437,0.6311192492561227,37.14732585641261,True,37.5,36.5,38.6,0.95,0.05,0.0,0.7,0.03,2,1785462713.0613952,False,True,True,True,1785462720.3313026,False,True,1,0,False
1785430955.7579584,20,1785462723.0402505,37.47577630273899,0.6313290608072023,37.12596322575723,True,37.5,36.5,38.6,0.95,0.05,0.0,0.7,0.03,2,1785462733.067433,False,True,True,True,1785462720.3313026,False,True,1,0,False
1785430955.7579584,20,1785462743.0461872,37.47844663157092,0.6309285114824139,37.12596322575723,True,37.5,36.5,38.6,0.95,0.05,0.0,0.7,0.03,2,1785462753.0734732,False,True,True,False,1785462720.3313026,False,True,1,0,False
1785430955.7579584,20,1785462763.052199,37.50247959105822,0.6311573968108644,37.12863355458916,True,37.5,36.5,38.6,0.95,0.05,0.0,0.7,0.03,2,1785462773.079153,False,True,True,False,1785462720.3313026,False,1,0,0,False
1785430955.7579584,20,1785462783.0582247,37.48645761806668,0.6313099870298313,37.16067750057222,True,37.5,36.5,38.6,0.95,0.05,0.0,0.7,0.03,2,1785462793.085546,False,True,True,False,1785462720.3313026,False,True,1,0,False
1785430955.7579584,20,1785462803.064466,37.489127946898606,0.6312718394750897,37.14465552758068,True,37.5,36.5,38.6,0.95,0.05,0.0,0.7,0.03,2,1785462813.0910988,False,True,True,False,1785462720.3313026,False,True,1,0,False
1785430955.7579584,20,1785462823.0704753,37.507820248722055,0.6305851834897384,37.14999618524453,True,37.5,36.5,38.6,0.95,0.05,0.0,0.7,0.03,2,1785462833.09757,False,True,True,False,1785462720.3313026,False,1,0,0,False
1785430955.7579584,20,1785462843.0765033,37.51583123521782,0.6311001754787519,37.17135881589991,True,37.5,36.5,38.6,0.95,0.05,0.0,0.7,0.03,2,1785462853.1036508,False,True,True,False,1785462720.3313026,False,1,0,0,False
1785430955.7579584,20,1785462863.082603,37.507820248722055,0.6310048065918974,37.19005111772336,True,37.5,36.5,38.6,0.95,0.05,0.0,0.7,0.03,2,1785462873.109779,False,True,True,False,1785462720.3313026,False,1,0,0,False
1785430955.7579584,20,1785462883.0887117,37.507820248722055,0.6311383230334936,37.158007171740294,True,37.5,36.5,38.6,0.95,0.05,0.0,0.7,0.03,2,1785462893.1157825,False,True,True,True,1785462900.3313117,False,1,0,0,False
1785430955.7579584,20,1785462903.094676,37.52384222171359,0.6309094377050432,37.152666514076444,True,37.5,36.5,38.6,0.95,0.05,0.0,0.7,0.03,2,1785462913.1218076,False,True,True,True,1785462900.3313117,False,1,0,0,False
1785430955.7579584,20,1785462923.100745,37.513160906385906,0.6310620279240101,37.158007171740294,True,37.5,36.5,38.6,0.95,0.05,0.0,0.7,0.03,2,1785462933.1277955,False,True,True,False,1785462900.3313117,False,1,0,0,False
1785430955.7579584,20,1785462943.1066768,37.51049057755398,0.6309666590371558,37.13664454108492,True,37.5,36.5,38.6,0.95,0.05,0.0,0.7,0.03,2,1785462953.1337671,False,True,True,False,1785462900.3313117,False,1,0,0,False
1785430955.7579584,20,1785462963.1126592,37.50247959105822,0.6312146181429771,37.11795223926147,True,37.5,36.5,38.6,0.95,0.05,0.0,0.7,0.03,2,1785462973.1391478,False,True,True,False,1785462900.3313117,False,1,0,0,False
1785430955.7579584,20,1785462983.118654,37.48645761806668,0.6309285114824139,37.11261158159762,True,37.5,36.5,38.6,0.95,0.05,0.0,0.7,0.03,2,1785462993.145356,False,True,True,False,1785462900.3313117,False,True,1,0,False
1785430955.7579584,20,1785463003.124752,37.49446860456244,0.6311955443656062,37.11261158159762,True,37.5,36.5,38.6,0.95,0.05,0.0,0.7,0.03,2,1785463013.151854,False,True,True,False,1785462900.3313117,False,True,1,0,False
1785430955.7579584,20,1785463023.1306863,37.49179827573053,0.6310238803692684,37.14999618524453,True,37.5,36.5,38.6,0.95,0.05,0.0,0.7,0.03,2,1785463033.1572957,False,True,True,False,1785462900.3313117,False,True,1,0,False
1785430955.7579584,20,1785463043.1366565,37.489127946898606,0.6311573968108644,37.12863355458916,True,37.5,36.5,38.6,0.95,0.05,0.0,0.7,0.03,2,1785463053.1632898,False,True,True,False,1785462900.3313117,False,True,1,0,False
1785430955.7579584,20,1785463063.1426125,37.49713893339437,0.6311573968108644,37.13664454108492,True,37.5,36.5,38.6,0.95,0.05,0.0,0.7,0.03,2,1785463073.1697295,False,True,True,True,1785463080.331314,False,True,1,0,False
1785430955.7579584,20,1785463083.1487844,37.49179827573053,0.6307949950408179,37.16334782940413,True,37.5,36.5,38.6,0.95,0.05,0.0,0.7,0.03,2,1785463093.1760457,False,True,True,True,1785463080.331314,False,True,1,0,False
1785430955.7579584,20,1785463103.1549182,37.507820248722055,0.6307377737087053,37.158007171740294,True,37.5,36.5,38.6,0.95,0.05,0.0,0.7,0.03,2,1785463113.1825004,False,True,True,False,1785463080.331314,False,1,0,0,False
1785430955.7579584,20,1785463123.1613407,37.52384222171359,0.6312146181429771,37.14732585641261,True,37.5,36.5,38.6,0.95,0.05,0.0,0.7,0.03,2,1785463133.1880503,False,True,True,False,1785463080.331314,False,1,0,0,False
1785430955.7579584,20,1785463143.167307,37.51583123521782,0.6308522163729304,37.17936980239567,True,37.5,36.5,38.6,0.95,0.05,0.0,0.7,0.03,2,1785463153.1945739,False,True,True,False,1785463080.331314,False,1,0,0,False
1785430955.7579584,20,1785463163.1733332,37.51850156404974,0.6311955443656062,37.17135881589991,True,37.5,36.5,38.6,0.95,0.05,0.0,0.7,0.03,2,1785463173.2003605,False,True,True,False,1785463080.331314,False,1,0,0,False
1785430955.7579584,20,1785463183.1792471,37.507820248722055,0.6310048065918974,37.14465552758068,True,37.5,36.5,38.6,0.95,0.05,0.0,0.7,0.03,2,1785463193.2063565,False,True,True,False,1785463080.331314,False,1,0,0,False
1785430955.7579584,20,1785463203.1853008,37.531853208209355,0.6310811017013809,37.14465552758068,True,37.5,36.5,38.6,0.95,0.05,0.0,0.7,0.03,2,1785463213.2123625,True,False,True,False,1785463080.331314,False,1,0,0,False
1785430955.7579584,20,1785463223.1913674,37.68940260929274,0.6312909132524606,37.14465552758068,True,37.5,36.5,38.6,0.95,0.05,0.0,0.7,0.03,2,1785463233.218332,True,True,True,False,1785463080.331314,False,1,0,0,False
1785430955.7579584,20,1785463243.1977537,37.75616083009079,0.6313099870298313,37.12863355458916,True,37.5,36.5,38.6,0.95,0.05,0.0,0.7,0.03,2,1785463253.2250247,True,False,True,True,1785463260.331317,False,1,0,0,False
1785430955.7579584,20,1785463263.2047207,37.82291905088884,0.631367208361944,37.13664454108492,True,37.5,36.5,38.6,0.95,0.05,0.0,0.7,0.03,2,1785463273.2331855,True,False,True,True,1785463260.331317,False,1,0,0,False
1785430955.7579584,20,1785463283.2124949,37.83360036621653,0.6315770199130236,37.14732585641261,True,37.5,36.5,38.6,0.95,0.05,0.0,0.7,0.03,2,1785463293.2408988,True,False,True,False,1785463260.331317,False,1,0,0,False
1785430955.7579584,20,1785463303.2202384,37.81757839322499,0.6313862821393148,37.12062256809338,True,37.5,36.5,38.6,0.95,0.05,0.0,0.7,0.03,2,1785463313.2487044,True,True,True,False,1785463260.331317,False,1,0,0,False
1785430955.7579584,20,1785463323.227983,37.83360036621653,0.631519798580911,37.109941252765694,True,37.5,36.5,38.6,0.95,0.05,0.0,0.7,0.03,2,1785463333.2638416,True,False,True,False,1785463260.331317,False,1,0,0,False
1785430955.7579584,20,1785463343.235921,37.80422674906538,0.6314244296940567,37.09391927977417,True,37.5,36.5,38.6,0.95,0.05,0.0,0.7,0.03,2,1785463353.2637055,True,False,True,False,1785463260.331317,False,1,0,0,False
1785430955.7579584,20,1785463363.2436442,37.79087510490578,0.6314435034714275,37.091248950942244,True,37.5,36.5,38.6,0.95,0.05,0.0,0.7,0.03,2,1785463373.2719326,True,True,True,False,1785463260.331317,False,1,0,0,False
1785430955.7579584,20,1785463383.250881,37.812237735561155,0.631519798580911,37.08590829327841,True,37.5,36.5,38.6,0.95,0.05,0.0,0.7,0.03,2,1785463393.2783062,True,False,True,False,1785463260.331317,False,1,0,0,False
1785430955.7579584,20,1785463403.2572865,37.782864118410004,0.631519798580911,37.053864347295345,True,37.5,36.5,38.6,0.95,0.05,0.0,0.7,0.03,2,1785463413.2846682,True,False,True,False,1785463260.331317,False,1,0,0,False
1785430955.7579584,20,1785463423.2636101,37.75349050125887,0.6312146181429771,37.053864347295345,True,37.5,36.5,38.6,0.95,0.05,0.0,0.7,0.03,2,1785463433.293633,True,True,True,True,1785463440.3313258,False,1,0,0,False
1785430955.7579584,20,1785463443.2726324,37.75616083009079,0.6312527656977188,37.03250171663997,True,37.5,36.5,38.6,0.95,0.05,0.0,0.7,0.03,2,1785463453.2999258,True,False,True,True,1785463440.3313258,False,1,0,0,False
1785430955.7579584,20,1785463463.2788875,37.71076523994812,0.6312909132524606,37.04051270313573,True,37.5,36.5,38.6,0.95,0.05,0.0,0.7,0.03,2,1785463473.3062375,True,True,True,False,1785463440.3313258,False,1,0,0,False
1785430955.7579584,20,1785463483.2858953,37.71610589761197,0.6311573968108644,37.01380941481651,True,37.5,36.5,38.6,0.95,0.05,0.0,0.7,0.03,2,1785463493.313891,True,True,True,False,1785463440.3313258,False,1,0,0,False
1785430955.7579584,20,1785463503.2936208,37.71610589761197,0.6313099870298313,37.00312809948882,True,37.5,36.5,38.6,0.95,0.05,0.0,0.7,0.03,2,1785463513.3223777,True,True,True,False,1785463440.3313258,False,1,0,0,False
1785430955.7579584,20,1785463523.3019495,37.678721293965054,0.6314244296940567,37.01380941481651,True,37.5,36.5,38.6,0.95,0.05,0.0,0.7,0.03,2,1785463533.3308263,True,True,True,False,1785463440.3313258,False,1,0,0,False
1785430955.7579584,20,1785463543.3095903,37.67071030746929,0.6309857328145266,36.99244678416113,True,37.5,36.5,38.6,0.95,0.05,0.0,0.7,0.03,2,1785463553.3364937,True,True,True,False,1785463440.3313258,False,1,0,0,False
1785430955.7579584,20,1785463563.315973,37.65201800564584,0.6311383230334936,36.98443579766537,True,37.5,36.5,38.6,0.95,0.05,0.0,0.7,0.03,2,1785463573.3433301,True,False,True,False,1785463440.3313258,False,1,0,0,False
1785430955.7579584,20,1785463583.3223727,37.641336690318155,0.6310238803692684,36.963073167009995,True,37.5,36.5,38.6,0.95,0.05,0.0,0.7,0.03,2,1785463593.349777,True,False,True,False,1785463440.3313258,False,1,0,0,False
1785430955.7579584,20,1785463603.3288372,37.611963073167004,0.6310048065918974,36.95239185168231,True,37.5,36.5,38.6,0.95,0.05,0.0,0.7,0.03,2,1785463613.3562117,True,False,True,True,1785463620.3313522,False,1,0,0,False
1785430955.7579584,20,1785463623.3352048,37.593270771343555,0.6309666590371558,36.93102922102693,True,37.5,36.5,38.6,0.95,0.05,0.0,0.7,0.03,2,1785463633.36282,True,True,True,True,1785463620.3313522,False,1,0,0,False
1785430955.7579584,20,1785463643.3417683,37.569237811856254,0.6310238803692684,36.93102922102693,True,37.5,36.5,38.6,0.95,0.05,0.0,0.7,0.03,2,1785463653.3692636,True,False,True,False,1785463620.3313522,False,1,0,0,False
1785430955.7579584,20,1785463663.3481863,37.550545510032805,0.6310238803692684,36.91233691920348,True,37.5,36.5,38.6,0.95,0.05,0.0,0.7,0.03,2,1785463673.3756087,True,False,True,False,1785463620.3313522,False,1,0,0,False
1785430955.7579584,20,1785463683.3546028,37.555886167696656,0.6310620279240101,36.91767757686732,True,37.5,36.5,38.6,0.95,0.05,0.0,0.7,0.03,2,1785463693.3819883,True,False,True,False,1785463620.3313522,False,1,0,0,False
1785430955.7579584,20,1785463703.3609548,37.550545510032805,0.6309857328145266,36.88563363088426,True,37.5,36.5,38.6,0.95,0.05,0.0,0.7,0.03,2,1785463713.3882284,True,True,True,False,1785463620.3313522,False,1,0,0,False
1785430955.7579584,20,1785463723.367206,37.507820248722055,0.6309666590371558,36.901655603875795,True,37.5,36.5,38.6,0.95,0.05,0.0,0.7,0.03,2,1785463733.3945653,True,True,True,False,1785463620.3313522,False,1,0,0,False
1785430955.7579584,20,1785463743.3735468,37.51583123521782,0.6312718394750897,36.87495231555657,True,37.5,36.5,38.6,0.95,0.05,0.0,0.7,0.03,2,1785463753.4008765,True,True,True,False,1785463620.3313522,False,1,0,0,False
1785430955.7579584,20,1785463763.3808286,37.507820248722055,0.6308331425955597,36.86694132906081,True,37.5,36.5,38.6,0.95,0.05,0.0,0.7,0.03,2,1785463773.4090288,True,True,True,False,1785463620.3313522,False,1,0,0,False
1785430955.7579584,20,1785463783.388024,37.481116960402844,0.6306996261539635,36.85091935606927,True,37.5,36.5,38.6,0.95,0.05,0.0,0.7,0.03,2,1785463793.415451,True,True,True,True,1785463800.3313727,False,True,1,0,False
1785430955.7579584,20,1785463803.394421,37.47310597390707,0.6309094377050432,36.84557869840543,True,37.5,36.5,38.6,0.95,0.05,0.0,0.7,0.03,2,1785463813.4217925,True,True,True,True,1785463800.3313727,False,True,1,0,False
1785430955.7579584,20,1785463823.400777,37.49713893339437,0.6310238803692684,36.84557869840543,True,37.5,36.5,38.6,0.95,0.05,0.0,0.7,0.03,2,1785463833.4282835,True,False,True,False,1785463800.3313727,False,True,1,0,False
1785430955.7579584,20,1785463843.4072,37.49980926222629,0.6306996261539635,36.84557869840543,True,37.5,36.5,38.6,0.95,0.05,0.0,0.7,0.03,2,1785463853.4345987,True,True,True,False,1785463800.3313727,False,True,1,0,False
1785430955.7579584,20,1785463863.4135754,37.50247959105822,0.6309094377050432,36.84824902723736,True,37.5,36.5,38.6,0.95,0.05,0.0,0.7,0.03,2,1785463873.4409544,True,True,True,False,1785463800.3313727,False,1,0,0,False
1785430955.7579584,20,1785463883.4198961,37.53452353704128,0.6308712901503014,36.84824902723736,True,37.5,36.5,38.6,0.95,0.05,0.0,0.7,0.03,2,1785463893.4472888,True,True,True,False,1785463800.3313727,False,1,0,0,False
1785430955.7579584,20,1785463903.4263237,37.54520485236897,0.6310620279240101,36.86427100022888,True,37.5,36.5,38.6,0.95,0.05,0.0,0.7,0.03,2,1785463913.4534283,True,True,True,False,1785463800.3313727,False,1,0,0,False
1785430955.7579584,20,1785463923.4326408,37.53452353704128,0.6310048065918974,36.86961165789273,True,37.5,36.5,38.6,0.95,0.05,0.0,0.7,0.03,2,1785463933.4604912,True,True,True,False,1785463800.3313727,False,1,0,0,False
1785430955.7579584,20,1785463943.438897,37.54253452353704,0.6311192492561227,36.853589684901195,True,37.5,36.5,38.6,0.95,0.05,0.0,0.7,0.03,2,1785463953.4659019,True,True,True,False,1785463800.3313727,False,1,0,0,False
1785430955.7579584,20,1785463963.4452894,37.53986419470512,0.6307949950408179,36.86160067139696,True,37.5,36.5,38.6,0.95,0.05,0.0,0.7,0.03,2,1785463973.4728777,True,True,True,True,1785463980.3313785,False,1,0,0,False
1785430955.7579584,20,1785463983.4516249,37.513160906385906,0.6309285114824139,36.86160067139696,True,37.5,36.5,38.6,0.95,0.05,0.0,0.7,0.03,2,1785463993.4789805,True,True,True,True,1785463980.3313785,False,1,0,0,False
1785430955.7579584,20,1785464003.4581373,37.49446860456244,0.6308903639276723,36.834897383077745,True,37.5,36.5,38.6,0.95,0.05,0.0,0.7,0.03,2,1785464013.4850447,True,True,True,False,1785463980.3313785,False,True,1,0,False
1785430955.7579584,20,1785464023.4698274,37.49713893339437,0.6310429541466392,36.834897383077745,True,37.5,36.5,38.6,0.95,0.05,0.0,0.7,0.03,2,1785464033.502427,True,False,True,False,1785463980.3313785,False,True,1,0,False
1785430955.7579584,20,1785464043.4811502,37.49980926222629,0.6309857328145266,36.834897383077745,True,37.5,36.5,38.6,0.95,0.05,0.0,0.7,0.03,2,1785464053.5082598,True,True,True,False,1785463980.3313785,False,True,1,0,False
1785430955.7579584,20,1785464063.4873853,37.507820248722055,0.6310620279240101,36.810864423590445,True,37.5,36.5,38.6,0.95,0.05,0.0,0.7,0.03,2,1785464073.5147448,True,True,True,False,1785463980.3313785,False,1,0,0,False
1785430955.7579584,20,1785464083.4937706,37.51850156404974,0.6311573968108644,36.82688639658198,True,37.5,36.5,38.6,0.95,0.05,0.0,0.7,0.03,2,1785464093.5211556,True,True,True,False,1785463980.3313785,False,1,0,0,False
1785430955.7579584,20,1785464103.5001576,37.52384222171359,0.6308522163729304,36.84290836957351,True,37.5,36.5,38.6,0.95,0.05,0.0,0.7,0.03,2,1785464113.5295322,True,True,True,False,1785463980.3313785,False,1,0,0,False
1785430955.7579584,20,1785464123.5064745,37.50247959105822,0.6307377737087053,36.82688639658198,True,37.5,36.5,38.6,0.95,0.05,0.0,0.7,0.03,2,1785464133.5337892,True,False,True,False,1785463980.3313785,False,1,0,0,False
1785430955.7579584,20,1785464143.5128329,37.50514991989013,0.6309666590371558,36.816205081254296,True,37.5,36.5,38.6,0.95,0.05,0.0,0.7,0.03,2,1785464153.5398095,True,True,True,True,1785464160.331406,False,1,0,0,False
1785430955.7579584,20,1785464163.5191164,37.49713893339437,0.630775921263447,36.80819409475852,True,37.5,36.5,38.6,0.95,0.05,0.0,0.7,0.03,2,1785464173.5462143,True,True,True,True,1785464160.331406,False,True,1,0,False
1785430955.7579584,20,1785464183.5257068,37.470435645075156,0.6308140688181888,36.80819409475852,True,37.5,36.5,38.6,0.95,0.05,0.0,0.7,0.03,2,1785464193.55476,True,True,True,False,1785464160.331406,False,True,1,0,False
1785430955.7579584,20,1785464203.533457,37.489127946898606,0.6310238803692684,36.80819409475852,True,37.5,36.5,38.6,0.95,0.05,0.0,0.7,0.03,2,1785464213.5628297,True,False,True,False,1785464160.331406,False,True,1,0,False
1785430955.7579584,20,1785464223.5412364,37.51850156404974,0.6309094377050432,36.80819409475852,True,37.5,36.5,38.6,0.95,0.05,0.0,0.7,0.03,2,1785464233.568709,True,True,True,False,1785464160.331406,False,1,0,0,False
1785430955.7579584,20,1785464243.547553,37.49980926222629,0.630775921263447,36.786831464103145,True,37.5,36.5,38.6,0.95,0.05,0.0,0.7,0.03,2,1785464253.575063,True,True,True,False,1785464160.331406,False,True,1,0,False
1785430955.7579584,20,1785464263.5539968,37.507820248722055,0.6311383230334936,36.810864423590445,True,37.5,36.5,38.6,0.95,0.05,0.0,0.7,0.03,2,1785464273.581123,True,True,True,False,1785464160.331406,False,1,0,0,False
1785430955.7579584,20,1785464283.56052,37.507820248722055,0.6306996261539635,36.810864423590445,True,37.5,36.5,38.6,0.95,0.05,0.0,0.7,0.03,2,1785464293.5873938,True,True,True,False,1785464160.331406,False,1,0,0,False
1785430955.7579584,20,1785464303.5674334,37.53452353704128,0.6307568474860762,36.816205081254296,True,37.5,36.5,38.6,0.95,0.05,0.0,0.7,0.03,2,1785464313.5956945,True,False,True,False,1785464160.331406,False,1,0,0,False
1785430955.7579584,20,1785464323.5746365,37.53452353704128,0.6310620279240101,36.816205081254296,True,37.5,36.5,38.6,0.95,0.05,0.0,0.7,0.03,2,1785464333.6019824,True,True,True,True,1785464340.3314333,False,1,0,0,False
1785430955.7579584,20,1785464343.580945,37.51049057755398,0.6310429541466392,36.83222705424582,True,37.5,36.5,38.6,0.95,0.05,0.0,0.7,0.03,2,1785464353.6084018,True,True,True,True,1785464340.3314333,False,1,0,0,False
1785430955.7579584,20,1785464363.5873404,37.51850156404974,0.6307568474860762,36.81887541008621,True,37.5,36.5,38.6,0.95,0.05,0.0,0.7,0.03,2,1785464373.6142757,True,True,True,False,1785464340.3314333,False,1,0,0,False
1785430955.7579584,20,1785464383.5937114,37.48645761806668,0.6309666590371558,36.79751277943083,True,37.5,36.5,38.6,0.95,0.05,0.0,0.7,0.03,2,1785464393.6210446,True,True,True,False,1785464340.3314333,False,True,1,0,False
1785430955.7579584,20,1785464403.5999398,37.483787289234755,0.6310048065918974,36.792172121766995,True,37.5,36.5,38.6,0.95,0.05,0.0,0.7,0.03,2,1785464413.6271193,True,True,True,False,1785464340.3314333,False,True,1,0,False
1785430955.7579584,20,1785464423.6064553,37.470435645075156,0.6307377737087053,36.79751277943083,True,37.5,36.5,38.6,0.95,0.05,0.0,0.7,0.03,2,1785464433.6339076,True,False,True,False,1785464340.3314333,False,True,1,0,False
1785430955.7579584,20,1785464443.6128924,37.47310597390707,0.6306042572671092,36.786831464103145,True,37.5,36.5,38.6,0.95,0.05,0.0,0.7,0.03,2,1785464453.6402955,True,False,True,False,1785464340.3314333,False,True,1,0,False
1785430955.7579584,20,1785464463.6192281,37.48645761806668,0.6306805523765927,36.78950179293507,True,37.5,36.5,38.6,0.95,0.05,0.0,0.7,0.03,2,1785464473.6465883,True,False,True,False,1785464340.3314333,False,True,1,0,False
1785430955.7579584,20,1785464483.6256027,37.49713893339437,0.6309475852597849,36.78416113527123,True,37.5,36.5,38.6,0.95,0.05,0.0,0.7,0.03,2,1785464493.652989,True,False,True,False,1785464340.3314333,False,True,1,0,False
1785430955.7579584,20,1785464503.6320112,37.52384222171359,0.6307377737087053,36.80018310826276,True,37.5,36.5,38.6,0.95,0.05,0.0,0.7,0.03,2,1785464513.6698475,True,False,True,True,1785464520.331451,False,1,0,0,False
1785430955.7579584,20,1785464523.6454706,37.52384222171359,0.6308522163729304,36.83222705424582,True,37.5,36.5,38.6,0.95,0.05,0.0,0.7,0.03,2,1785464533.673835,True,False,True,True,1785464520.331451,False,1,0,0,False
1785430955.7579584,20,1785464543.6518667,37.54253452353704,0.6306042572671092,36.82688639658198,True,37.5,36.5,38.6,0.95,0.05,0.0,0.7,0.03,2,1785464553.679248,True,True,True,False,1785464520.331451,False,1,0,0,False
1785430955.7579584,20,1785464563.6582162,37.54520485236897,0.6307377737087053,36.829556725413894,True,37.5,36.5,38.6,0.95,0.05,0.0,0.7,0.03,2,1785464573.685597,True,True,True,False,1785464520.331451,False,1,0,0,False
1785430955.7579584,20,1785464583.6645467,37.54520485236897,0.6307377737087053,36.80819409475852,True,37.5,36.5,38.6,0.95,0.05,0.0,0.7,0.03,2,1785464593.692035,True,True,True,False,1785464520.331451,False,1,0,0,False
1785430955.7579584,20,1785464603.6708493,37.55321583886473,0.6307186999313344,36.79751277943083,True,37.5,36.5,38.6,0.95,0.05,0.0,0.7,0.03,2,1785464613.7018251,True,True,True,False,1785464520.331451,False,1,0,0,False
1785430955.7579584,20,1785464623.6771884,37.513160906385906,0.6309666590371558,36.80819409475852,True,37.5,36.5,38.6,0.95,0.05,0.0,0.7,0.03,2,1785464633.7058253,True,False,True,False,1785464520.331451,False,1,0,0,False
1785430955.7579584,20,1785464643.6835163,37.51049057755398,0.6308331425955597,36.80285343709468,True,37.5,36.5,38.6,0.95,0.05,0.0,0.7,0.03,2,1785464653.7116997,True,False,True,False,1785464520.331451,False,1,0,0,False
1785430955.7579584,20,1785464663.6900418,37.47577630273899,0.6305851834897384,36.78416113527123,True,37.5,36.5,38.6,0.95,0.05,0.0,0.7,0.03,2,1785464673.7174861,True,False,True,False,1785464520.331451,False,True,1,0,False
1785430955.7579584,20,1785464683.6965501,37.481116960402844,0.6310048065918974,36.77882047760738,True,37.5,36.5,38.6,0.95,0.05,0.0,0.7,0.03,2,1785464693.7238824,True,False,True,True,1785464700.3314645,False,True,1,0,False
1785430955.7579584,20,1785464703.7029521,37.465094987411305,0.6309285114824139,36.773479819943546,True,37.5,36.5,38.6,0.95,0.05,0.0,0.7,0.03,2,1785464713.730372,True,True,True,True,1785464700.3314645,False,True,1,0,False
1785430955.7579584,20,1785464723.7094107,37.48645761806668,0.6308522163729304,36.773479819943546,True,37.5,36.5,38.6,0.95,0.05,0.0,0.7,0.03,2,1785464733.7368364,True,False,True,False,1785464700.3314645,False,True,1,0,False
1785430955.7579584,20,1785464743.7157624,37.483787289234755,0.6307568474860762,36.773479819943546,True,37.5,36.5,38.6,0.95,0.05,0.0,0.7,0.03,2,1785464753.7431931,True,True,True,False,1785464700.3314645,False,True,1,0,False
1785430955.7579584,20,1785464763.7221582,37.481116960402844,0.6308712901503014,36.75478751812008,True,37.5,36.5,38.6,0.95,0.05,0.0,0.7,0.03,2,1785464773.7495723,True,True,True,False,1785464700.3314645,False,True,1,0,False
1785430955.7579584,20,1785464783.7285376,37.507820248722055,0.6310048065918974,36.79751277943083,True,37.5,36.5,38.6,0.95,0.05,0.0,0.7,0.03,2,1785464793.7558906,True,False,True,False,1785464700.3314645,False,1,0,0,False
1785430955.7579584,20,1785464803.7348745,37.526512550545505,0.6313290608072023,36.80819409475852,True,37.5,36.5,38.6,0.95,0.05,0.0,0.7,0.03,2,1785464813.7624383,True,False,True,False,1785464700.3314645,False,1,0,0,False
1785430955.7579584,20,1785464823.741428,37.52918287937743,0.63062333104448,36.79751277943083,True,37.5,36.5,38.6,0.95,0.05,0.0,0.7,0.03,2,1785464833.7687984,True,True,True,False,1785464700.3314645,False,1,0,0,False
1785430955.7579584,20,1785464843.747745,37.55321583886473,0.6310048065918974,36.79751277943083,True,37.5,36.5,38.6,0.95,0.05,0.0,0.7,0.03,2,1785464853.7761168,True,False,True,False,1785464700.3314645,False,1,0,0,False
1785430955.7579584,20,1785464863.754925,37.53452353704128,0.6307949950408179,36.80018310826276,True,37.5,36.5,38.6,0.95,0.05,0.0,0.7,0.03,2,1785464873.7835019,True,True,True,True,1785464880.3315086,False,1,0,0,False
1785430955.7579584,20,1785464883.7628138,37.52918287937743,0.6308331425955597,36.773479819943546,True,37.5,36.5,38.6,0.95,0.05,0.0,0.7,0.03,2,1785464893.7916117,True,True,True,True,1785464880.3315086,False,1,0,0,False
1785430955.7579584,20,1785464903.7707164,37.507820248722055,0.6307949950408179,36.75745784695201,True,37.5,36.5,38.6,0.95,0.05,0.0,0.7,0.03,2,1785464913.7987654,True,True,True,False,1785464880.3315086,False,1,0,0,False
1785430955.7579584,20,1785464923.7785685,37.49713893339437,0.6308140688181888,36.76279850461586,True,37.5,36.5,38.6,0.95,0.05,0.0,0.7,0.03,2,1785464933.8070161,True,True,True,False,1785464880.3315086,False,True,1,0,False
1785430955.7579584,20,1785464943.7862368,37.46776531624323,0.6305088883802549,36.76279850461586,True,37.5,36.5,38.6,0.95,0.05,0.0,0.7,0.03,2,1785464953.8147004,True,False,True,False,1785464880.3315086,False,True,1,0,False
1785430955.7579584,20,1785464963.7940044,37.49179827573053,0.6307377737087053,36.75478751812008,True,37.5,36.5,38.6,0.95,0.05,0.0,0.7,0.03,2,1785464973.8214607,True,False,True,False,1785464880.3315086,False,True,1,0,False
1785430955.7579584,20,1785464983.8017118,37.48645761806668,0.6306042572671092,36.77080949111162,True,37.5,36.5,38.6,0.95,0.05,0.0,0.7,0.03,2,1785464993.8317246,True,True,True,False,1785464880.3315086,False,True,1,0,False
1785430955.7579584,20,1785465003.8094969,37.49980926222629,0.6308331425955597,36.744106202792395,True,37.5,36.5,38.6,0.95,0.05,0.0,0.7,0.03,2,1785465013.838501,True,False,True,False,1785464880.3315086,False,True,1,0,False
1785430955.7579584,20,1785465023.8166,37.507820248722055,0.6309285114824139,36.77615014877546,True,37.5,36.5,38.6,0.95,0.05,0.0,0.7,0.03,2,1785465033.843957,True,True,True,False,1785464880.3315086,False,1,0,0,False
1785430955.7579584,20,1785465043.823648,37.531853208209355,0.6311955443656062,36.78149080643931,True,37.5,36.5,38.6,0.95,0.05,0.0,0.7,0.03,2,1785465053.8551779,True,True,True,True,1785465060.3315394,False,1,0,0,False
1785430955.7579584,20,1785465063.8314939,37.52918287937743,0.6307377737087053,36.78416113527123,True,37.5,36.5,38.6,0.95,0.05,0.0,0.7,0.03,2,1785465073.860461,True,True,True,True,1785465060.3315394,False,1,0,0,False
1785430955.7579584,20,1785465083.8387697,37.53986419470512,0.6308140688181888,36.80552376592661,True,37.5,36.5,38.6,0.95,0.05,0.0,0.7,0.03,2,1785465093.86645,True,False,True,False,1785465060.3315394,False,1,0,0,False
1785430955.7579584,20,1785465103.8451715,37.52384222171359,0.6309094377050432,36.768139162279695,True,37.5,36.5,38.6,0.95,0.05,0.0,0.7,0.03,2,1785465113.8727818,True,False,True,False,1785465060.3315394,False,1,0,0,False
1785430955.7579584,20,1785465123.8517106,37.50247959105822,0.6310048065918974,36.773479819943546,True,37.5,36.5,38.6,0.95,0.05,0.0,0.7,0.03,2,1785465133.8790164,True,False,True,False,1785465060.3315394,False,1,0,0,False
1785430955.7579584,20,1785465143.858179,37.50514991989013,0.6309094377050432,36.773479819943546,True,37.5,36.5,38.6,0.95,0.05,0.0,0.7,0.03,2,1785465153.8856728,True,True,True,False,1785465060.3315394,False,1,0,0,False
1785430955.7579584,20,1785465163.8646622,37.47577630273899,0.6306996261539635,36.78149080643931,True,37.5,36.5,38.6,0.95,0.05,0.0,0.7,0.03,2,1785465173.8950896,True,True,True,False,1785465060.3315394,False,True,1,0,False
1785430955.7579584,20,1785465183.8718455,37.470435645075156,0.6309094377050432,36.75478751812008,True,37.5,36.5,38.6,0.95,0.05,0.0,0.7,0.03,2,1785465193.9032667,True,False,True,False,1785465060.3315394,False,True,1,0,False
1785430955.7579584,20,1785465203.8801365,37.46242465857938,0.630337224383917,36.73876554512856,True,37.5,36.5,38.6,0.95,0.05,0.0,0.7,0.03,2,1785465213.908685,True,False,True,False,1785465060.3315394,False,True,1,0,False
1785430955.7579584,20,1785465223.8871076,37.47577630273899,0.6307377737087053,36.73876554512856,True,37.5,36.5,38.6,0.95,0.05,0.0,0.7,0.03,2,1785465233.917347,True,False,True,True,1785465240.331542,False,True,1,0,False
1785430955.7579584,20,1785465243.8936114,37.51049057755398,0.6308331425955597,36.75478751812008,True,37.5,36.5,38.6,0.95,0.05,0.0,0.7,0.03,2,1785465253.9205866,True,False,True,True,1785465240.331542,False,1,0,0,False
1785430955.7579584,20,1785465263.8998532,37.49179827573053,0.6309475852597849,36.75745784695201,True,37.5,36.5,38.6,0.95,0.05,0.0,0.7,0.03,2,1785465273.9272552,True,False,True,False,1785465240.331542,False,True,1,0,False
1785430955.7579584,20,1785465283.9062293,37.507820248722055,0.6310048065918974,36.78416113527123,True,37.5,36.5,38.6,0.95,0.05,0.0,0.7,0.03,2,1785465293.9346666,True,True,True,False,1785465240.331542,False,1,0,0,False
1785430955.7579584,20,1785465303.913265,37.53452353704128,0.6310048065918974,36.78950179293507,True,37.5,36.5,38.6,0.95,0.05,0.0,0.7,0.03,2,1785465313.9450033,True,True,True,False,1785465240.331542,False,1,0,0,False
1785430955.7579584,20,1785465323.9213903,37.52384222171359,0.6308522163729304,36.77882047760738,True,37.5,36.5,38.6,0.95,0.05,0.0,0.7,0.03,2,1785465333.950305,True,True,True,False,1785465240.331542,False,1,0,0,False
1785430955.7579584,20,1785465343.9295871,37.526512550545505,0.6308712901503014,36.78416113527123,True,37.5,36.5,38.6,0.95,0.05,0.0,0.7,0.03,2,1785465353.9587903,True,True,True,False,1785465240.331542,False,1,0,0,False
1785430955.7579584,20,1785465363.938235,37.507820248722055,0.6311001754787519,36.75478751812008,True,37.5,36.5,38.6,0.95,0.05,0.0,0.7,0.03,2,1785465373.9671082,True,False,True,False,1785465240.331542,False,1,0,0,False
1785430955.7579584,20,1785465383.9468188,37.49713893339437,0.63062333104448,36.75478751812008,True,37.5,36.5,38.6,0.95,0.05,0.0,0.7,0.03,2,1785465393.9762533,True,True,True,False,1785465240.331542,False,True,1,0,False
1785430955.7579584,20,1785465403.9554768,37.47310597390707,0.6304325932707714,36.76012817578393,True,37.5,36.5,38.6,0.95,0.05,0.0,0.7,0.03,2,1785465413.9842343,True,True,True,True,1785465420.331579,False,True,1,0,False
1785430955.7579584,20,1785465423.962771,37.47577630273899,0.6309285114824139,36.73876554512856,True,37.5,36.5,38.6,0.95,0.05,0.0,0.7,0.03,2,1785465433.9910402,True,False,True,True,1785465420.331579,False,True,1,0,False
1785430955.7579584,20,1785465443.9693944,37.47310597390707,0.6309094377050432,36.73342488746471,True,37.5,36.5,38.6,0.95,0.05,0.0,0.7,0.03,2,1785465453.996882,True,True,True,False,1785465420.331579,False,True,1,0,False
1785430955.7579584,20,1785465463.9757872,37.507820248722055,0.63062333104448,36.73609521629663,True,37.5,36.5,38.6,0.95,0.05,0.0,0.7,0.03,2,1785465474.0056112,True,False,True,False,1785465420.331579,False,1,0,0,False
1785430955.7579584,20,1785465483.9824007,37.48645761806668,0.6308522163729304,36.730754558632796,True,37.5,36.5,38.6,0.95,0.05,0.0,0.7,0.03,2,1785465494.01209,True,False,True,False,1785465420.331579,False,True,1,0,False
1785430955.7579584,20,1785465503.9888432,37.513160906385906,0.6309285114824139,36.773479819943546,True,37.5,36.5,38.6,0.95,0.05,0.0,0.7,0.03,2,1785465514.0162544,True,False,True,False,1785465420.331579,False,1,0,0,False
1785430955.7579584,20,1785465523.9955726,37.52918287937743,0.630775921263447,36.76279850461586,True,37.5,36.5,38.6,0.95,0.05,0.0,0.7,0.03,2,1785465534.0228853,True,True,True,False,1785465420.331579,False,1,0,0,False
1785430955.7579584,20,1785465544.002002,37.53719386587319,0.6310238803692684,36.773479819943546,True,37.5,36.5,38.6,0.95,0.05,0.0,0.7,0.03,2,1785465554.031597,True,True,True,False,1785465420.331579,False,1,0,0,False
1785430955.7579584,20,1785465564.0084531,37.53986419470512,0.6312336919203478,36.75478751812008,True,37.5,36.5,38.6,0.95,0.05,0.0,0.7,0.03,2,1785465574.0359232,True,True,True,False,1785465420.331579,False,1,0,0,False
1785430955.7579584,20,1785465584.0149012,37.52384222171359,0.6306614785992218,36.76012817578393,True,37.5,36.5,38.6,0.95,0.05,0.0,0.7,0.03,2,1785465594.0422113,True,True,True,True,1785465600.3315983,False,1,0,0,False
1785430955.7579584,20,1785465604.0212674,37.52117189288167,0.6308712901503014,36.77080949111162,True,37.5,36.5,38.6,0.95,0.05,0.0,0.7,0.03,2,1785465614.0485983,True,False,True,True,1785465600.3315983,False,1,0,0,False
1785430955.7579584,20,1785465624.0276234,37.49179827573053,0.6307186999313344,36.75478751812008,True,37.5,36.5,38.6,0.95,0.05,0.0,0.7,0.03,2,1785465634.055017,True,True,True,False,1785465600.3315983,False,True,1,0,False
1785430955.7579584,20,1785465644.0339947,37.49980926222629,0.6309285114824139,36.76012817578393,True,37.5,36.5,38.6,0.95,0.05,0.0,0.7,0.03,2,1785465654.0613983,True,True,True,False,1785465600.3315983,False,True,1,0,False
1785430955.7579584,20,1785465664.040336,37.45975432974747,0.6308712901503014,36.74677653162432,True,37.5,36.5,38.6,0.95,0.05,0.0,0.7,0.03,2,1785465674.0678356,True,False,True,False,1785465600.3315983,False,True,1,0,False
1785430955.7579584,20,1785465684.046664,37.47577630273899,0.6306996261539635,36.73609521629663,True,37.5,36.5,38.6,0.95,0.05,0.0,0.7,0.03,2,1785465694.0738,True,True,True,False,1785465600.3315983,False,True,1,0,False
1785430955.7579584,20,1785465704.0531027,37.49179827573053,0.6309475852597849,36.74677653162432,True,37.5,36.5,38.6,0.95,0.05,0.0,0.7,0.03,2,1785465714.0806715,True,True,True,False,1785465600.3315983,False,True,1,0,False
1785430955.7579584,20,1785465724.0601532,37.49713893339437,0.6306614785992218,36.741435873960484,True,37.5,36.5,38.6,0.95,0.05,0.0,0.7,0.03,2,1785465734.0886786,True,True,True,False,1785465600.3315983,False,True,1,0,False
1785430955.7579584,20,1785465744.0688136,37.49980926222629,0.6308140688181888,36.75745784695201,True,37.5,36.5,38.6,0.95,0.05,0.0,0.7,0.03,2,1785465754.0968392,True,True,True,False,1785465600.3315983,False,True,1,0,False
1785430955.7579584,20,1785465764.0760605,37.54520485236897,0.6307377737087053,36.75478751812008,True,37.5,36.5,38.6,0.95,0.05,0.0,0.7,0.03,2,1785465774.1056197,True,False,True,True,1785465780.3316157,False,1,0,0,False
1785430955.7579584,20,1785465784.0825377,37.56122682536049,0.6306996261539635,36.78149080643931,True,37.5,36.5,38.6,0.95,0.05,0.0,0.7,0.03,2,1785465794.1128907,True,True,True,True,1785465780.3316157,False,1,0,0,False
1785430955.7579584,20,1785465804.0890172,37.56389715419242,0.6309475852597849,36.75478751812008,True,37.5,36.5,38.6,0.95,0.05,0.0,0.7,0.03,2,1785465814.1168993,True,False,True,False,1785465780.3316157,False,1,0,0,False
1785430955.7579584,20,1785465824.0953324,37.54520485236897,0.6309475852597849,36.77615014877546,True,37.5,36.5,38.6,0.95,0.05,0.0,0.7,0.03,2,1785465834.125798,True,True,True,False,1785465780.3316157,False,1,0,0,False
1785430955.7579584,20,1785465844.1017144,37.53719386587319,0.6307949950408179,36.76546883344777,True,37.5,36.5,38.6,0.95,0.05,0.0,0.7,0.03,2,1785465854.1286952,True,True,True,False,1785465780.3316157,False,1,0,0,False
1785430955.7579584,20,1785465864.10933,37.52918287937743,0.6308712901503014,36.773479819943546,True,37.5,36.5,38.6,0.95,0.05,0.0,0.7,0.03,2,1785465874.1377916,True,False,True,False,1785465780.3316157,False,1,0,0,False
1785430955.7579584,20,1785465884.1167521,37.513160906385906,0.630775921263447,36.78950179293507,True,37.5,36.5,38.6,0.95,0.05,0.0,0.7,0.03,2,1785465894.1444316,True,True,True,False,1785465780.3316157,False,1,0,0,False
1785430955.7579584,20,1785465904.1232035,37.50247959105822,0.6306996261539635,36.76279850461586,True,37.5,36.5,38.6,0.95,0.05,0.0,0.7,0.03,2,1785465914.150575,True,True,True,False,1785465780.3316157,False,1,0,0,False
1785430955.7579584,20,1785465924.1296334,37.470435645075156,0.6306805523765927,36.768139162279695,True,37.5,36.5,38.6,0.95,0.05,0.0,0.7,0.03,2,1785465934.162493,True,True,True,False,1785465780.3316157,False,True,1,0,False
1785430955.7579584,20,1785465944.1415808,37.46242465857938,0.6306614785992218,36.725413900968945,True,37.5,36.5,38.6,0.95,0.05,0.0,0.7,0.03,2,1785465954.1685417,True,False,True,True,1785465960.3316185,False,True,1,0,False
1785430955.7579584,20,1785465964.1479445,37.45975432974747,0.630470740825513,36.72274357213702,True,37.5,36.5,38.6,0.95,0.05,0.0,0.7,0.03,2,1785465974.1756198,True,True,True,True,1785465960.3316185,False,True,1,0,False
1785430955.7579584,20,1785465984.1543734,37.470435645075156,0.6310048065918974,36.744106202792395,True,37.5,36.5,38.6,0.95,0.05,0.0,0.7,0.03,2,1785465994.184174,True,False,True,False,1785465960.3316185,False,True,1,0,False
1785430955.7579584,20,1785466004.1618588,37.47310597390707,0.6308140688181888,36.72274357213702,True,37.5,36.5,38.6,0.95,0.05,0.0,0.7,0.03,2,1785466014.189647,True,False,True,False,1785465960.3316185,False,True,1,0,False
1785430955.7579584,20,1785466024.1690001,37.49179827573053,0.6305470359349965,36.73876554512856,True,37.5,36.5,38.6,0.95,0.05,0.0,0.7,0.03,2,1785466034.1970234,True,True,True,False,1785465960.3316185,False,True,1,0,False
1785430955.7579584,20,1785466044.1763725,37.52117189288167,0.6303944457160295,36.75478751812008,True,37.5,36.5,38.6,0.95,0.05,0.0,0.7,0.03,2,1785466054.2055795,True,False,True,False,1785465960.3316185,False,1,0,0,False
1785430955.7579584,20,1785466064.1839957,37.555886167696656,0.6310620279240101,36.74677653162432,True,37.5,36.5,38.6,0.95,0.05,0.0,0.7,0.03,2,1785466074.211077,True,True,True,False,1785465960.3316185,False,1,0,0,False
1785430955.7579584,20,1785466084.190343,37.550545510032805,0.6307568474860762,36.75211718928817,True,37.5,36.5,38.6,0.95,0.05,0.0,0.7,0.03,2,1785466094.2177527,True,True,True,False,1785465960.3316185,False,1,0,0,False
1785430955.7579584,20,1785466104.196778,37.550545510032805,0.6309094377050432,36.75745784695201,True,37.5,36.5,38.6,0.95,0.05,0.0,0.7,0.03,2,1785466114.2241297,True,False,True,False,1785465960.3316185,False,1,0,0,False
1785430955.7579584,20,1785466124.203077,37.52384222171359,0.6304516670481423,36.773479819943546,True,37.5,36.5,38.6,0.95,0.05,0.0,0.7,0.03,2,1785466134.2310526,True,False,True,True,1785466140.3316274,False,1,0,0,False
1785430955.7579584,20,1785466144.2102084,37.51583123521782,0.6305279621576257,36.75745784695201,True,37.5,36.5,38.6,0.95,0.05,0.0,0.7,0.03,2,1785466154.239046,True,True,True,True,1785466140.3316274,False,1,0,0,False
1785430955.7579584,20,1785466164.2184439,37.513160906385906,0.630775921263447,36.72274357213702,True,37.5,36.5,38.6,0.95,0.05,0.0,0.7,0.03,2,1785466174.2476203,True,True,True,False,1785466140.3316274,False,1,0,0,False
1785430955.7579584,20,1785466184.2268438,37.49179827573053,0.6309285114824139,36.73342488746471,True,37.5,36.5,38.6,0.95,0.05,0.0,0.7,0.03,2,1785466194.2559123,True,True,True,False,1785466140.3316274,False,True,1,0,False
1785430955.7579584,20,1785466204.2352862,37.47310597390707,0.630775921263447,36.73342488746471,True,37.5,36.5,38.6,0.95,0.05,0.0,0.7,0.03,2,1785466214.2642605,True,True,True,False,1785466140.3316274,False,True,1,0,False
1785430955.7579584,20,1785466224.2428894,37.470435645075156,0.630642404821851,36.73342488746471,True,37.5,36.5,38.6,0.95,0.05,0.0,0.7,0.03,2,1785466234.2734773,True,True,True,False,1785466140.3316274,False,True,1,0,False
1785430955.7579584,20,1785466244.2495782,37.46776531624323,0.6307568474860762,36.71740291447318,True,37.5,36.5,38.6,0.95,0.05,0.0,0.7,0.03,2,1785466254.2769675,True,False,True,False,1785466140.3316274,False,True,1,0,False
1785430955.7579584,20,1785466264.2559085,37.44373235675593,0.6305279621576257,36.70405127031357,True,37.5,36.5,38.6,0.95,0.05,0.0,0.7,0.03,2,1785466274.2832618,True,True,True,False,1785466140.3316274,False,True,1,0,False
1785430955.7579584,20,1785466284.2622683,37.470435645075156,0.6310238803692684,36.70939192797742,True,37.5,36.5,38.6,0.95,0.05,0.0,0.7,0.03,2,1785466294.289598,True,True,True,False,1785466140.3316274,False,True,1,0,False
1785430955.7579584,20,1785466304.2685707,37.48645761806668,0.6305851834897384,36.73609521629663,True,37.5,36.5,38.6,0.95,0.05,0.0,0.7,0.03,2,1785466314.295954,True,False,True,True,1785466320.3316343,False,True,1,0,False
1785430955.7579584,20,1785466324.2756505,37.52384222171359,0.6305279621576257,36.741435873960484,True,37.5,36.5,38.6,0.95,0.05,0.0,0.7,0.03,2,1785466334.3040903,True,False,True,True,1785466320.3316343,False,1,0,0,False
1785430955.7579584,20,1785466344.2832038,37.531853208209355,0.6305851834897384,36.74677653162432,True,37.5,36.5,38.6,0.95,0.05,0.0,0.7,0.03,2,1785466354.3129041,True,True,True,False,1785466320.3316343,False,1,0,0,False
1785430955.7579584,20,1785466364.2896414,37.53986419470512,0.6306805523765927,36.73342488746471,True,37.5,36.5,38.6,0.95,0.05,0.0,0.7,0.03,2,1785466374.3194017,True,True,True,False,1785466320.3316343,False,1,0,0,False
1785430955.7579584,20,1785466384.2962222,37.550545510032805,0.6308140688181888,36.76012817578393,True,37.5,36.5,38.6,0.95,0.05,0.0,0.7,0.03,2,1785466394.3249059,True,True,True,False,1785466320.3316343,False,1,0,0,False
1785430955.7579584,20,1785466404.3029323,37.54787518120088,0.6307377737087053,36.76012817578393,True,37.5,36.5,38.6,0.95,0.05,0.0,0.7,0.03,2,1785466414.3303554,True,True,True,False,1785466320.3316343,False,1,0,0,False
1785430955.7579584,20,1785466424.30939,37.52384222171359,0.6307949950408179,36.75478751812008,True,37.5,36.5,38.6,0.95,0.05,0.0,0.7,0.03,2,1785466434.3367398,True,True,True,False,1785466320.3316343,False,1,0,0,False
1785430955.7579584,20,1785466444.3156905,37.50514991989013,0.6309094377050432,36.73876554512856,True,37.5,36.5,38.6,0.95,0.05,0.0,0.7,0.03,2,1785466454.343021,True,False,True,False,1785466320.3316343,False,1,0,0,False
1785430955.7579584,20,1785466464.3220315,37.507820248722055,0.6309094377050432,36.74677653162432,True,37.5,36.5,38.6,0.95,0.05,0.0,0.7,0.03,2,1785466474.3494031,True,False,True,False,1785466320.3316343,False,1,0,0,False
1785430955.7579584,20,1785466484.3283424,37.45975432974747,0.6308712901503014,36.730754558632796,True,37.5,36.5,38.6,0.95,0.05,0.0,0.7,0.03,2,1785466494.3558176,True,True,True,True,1785466500.3316493,False,True,1,0,False
1785430955.7579584,20,1785466504.3347497,37.45975432974747,0.6308903639276723,36.72007324330511,True,37.5,36.5,38.6,0.95,0.05,0.0,0.7,0.03,2,1785466514.3621528,True,False,True,True,1785466500.3316493,False,True,1,0,False
1785430955.7579584,20,1785466524.341131,37.45975432974747,0.6308903639276723,36.71473258564126,True,37.5,36.5,38.6,0.95,0.05,0.0,0.7,0.03,2,1785466534.3681426,True,False,True,False,1785466500.3316493,False,True,1,0,False
1785430955.7579584,20,1785466544.3474965,37.46242465857938,0.6305661097123675,36.70405127031357,True,37.5,36.5,38.6,0.95,0.05,0.0,0.7,0.03,2,1785466554.375036,True,False,True,False,1785466500.3316493,False,True,1,0,False
1785430955.7579584,20,1785466564.3540537,37.470435645075156,0.630775921263447,36.701380941481645,True,37.5,36.5,38.6,0.95,0.05,0.0,0.7,0.03,2,1785466574.3827617,True,True,True,False,1785466500.3316493,False,True,1,0,False
1785430955.7579584,20,1785466584.3604712,37.49713893339437,0.6310238803692684,36.71206225680933,True,37.5,36.5,38.6,0.95,0.05,0.0,0.7,0.03,2,1785466594.3888412,True,True,True,False,1785466500.3316493,False,True,1,0,False
1785430955.7579584,20,1785466604.3669717,37.49980926222629,0.6305279621576257,36.72808422980087,True,37.5,36.5,38.6,0.95,0.05,0.0,0.7,0.03,2,1785466614.3951283,True,False,True,False,1785466500.3316493,False,True,1,0,False
1785430955.7579584,20,1785466624.373633,37.53986419470512,0.6310048065918974,36.73342488746471,True,37.5,36.5,38.6,0.95,0.05,0.0,0.7,0.03,2,1785466634.4053695,True,False,True,False,1785466500.3316493,False,1,0,0,False
1785430955.7579584,20,1785466644.3799238,37.54253452353704,0.6305661097123675,36.75478751812008,True,37.5,36.5,38.6,0.95,0.05,0.0,0.7,0.03,2,1785466654.4096172,True,True,True,False,1785466500.3316493,False,1,0,0,False
1785430955.7579584,20,1785466664.3865788,37.56122682536049,0.6310429541466392,36.75745784695201,True,37.5,36.5,38.6,0.95,0.05,0.0,0.7,0.03,2,1785466674.4136488,True,False,True,True,1785466680.3316607,False,1,0,0,False
1785430955.7579584,20,1785466684.3930526,37.56656748302434,0.6310238803692684,36.75745784695201,True,37.5,36.5,38.6,0.95,0.05,0.0,0.7,0.03,2,1785466694.4239368,True,False,True,True,1785466680.3316607,False,1,0,0,False
1785430955.7579584,20,1785466704.3996003,37.550545510032805,0.6304516670481423,36.75745784695201,True,37.5,36.5,38.6,0.95,0.05,0.0,0.7,0.03,2,1785466714.4303694,True,True,True,False,1785466680.3316607,False,1,0,0,False
1785430955.7579584,20,1785466724.406402,37.550545510032805,0.6308712901503014,36.75745784695201,True,37.5,36.5,38.6,0.95,0.05,0.0,0.7,0.03,2,1785466734.4340546,True,True,True,False,1785466680.3316607,False,1,0,0,False
1785430955.7579584,20,1785466744.412998,37.49980926222629,0.63062333104448,36.741435873960484,True,37.5,36.5,38.6,0.95,0.05,0.0,0.7,0.03,2,1785466754.4413433,True,False,True,False,1785466680.3316607,False,True,1,0,False
1785430955.7579584,20,1785466764.4196448,37.507820248722055,0.6309666590371558,36.73342488746471,True,37.5,36.5,38.6,0.95,0.05,0.0,0.7,0.03,2,1785466774.4469347,True,True,True,False,1785466680.3316607,False,1,0,0,False
