experiment_state_timestamp,save_interval_secs,last_save_timestamp,temperature_1_C,humidity_1,temperature_2_C,egg_turning_on,target_temperature,boost_temperature,cooling_start_temperature,heating_proportional_Cf,heating_integral_Cf,heating_derivitive_Cf,target_humidity,range_humidity,control_change_minimum_secs,last_control_change_timestamp,front_turn_switch,rear_turn_switch,top_switch,venting_state,last_venting_timestamp,exhaust_on,humidifyer_on,heater_on,boost_on,fan_on
1785430955.7579584,20,1785553192.428922,37.49713893339437,0.6098138399328603,36.73342488746471,True,37.5,36.5,38.6,0.95,0.05,0.0,0.7,0.03,2,1785553202.4575849,True,True,True,False,1785553080.3497512,False,True,1,0,False
1785430955.7579584,20,1785553212.4350858,37.438391699092094,0.6098519874876019,36.73342488746471,True,37.5,36.5,38.6,0.95,0.05,0.0,0.7,0.03,2,1785553222.4626331,False,True,True,False,1785553080.3497512,False,True,1,0,False
1785430955.7579584,20,1785553232.441545,37.355611505302505,0.6096231021591515,36.744106202792395,True,37.5,36.5,38.6,0.95,0.05,0.0,0.7,0.03,2,1785553242.4682298,False,True,True,False,1785553080.3497512,False,True,1,0,False
1785430955.7579584,20,1785553252.4475622,37.28885328450447,0.6096040283817807,36.749446860456246,True,37.5,36.5,38.6,0.95,0.05,0.0,0.7,0.03,2,1785553262.4742403,False,True,True,True,1785553260.3497806,False,True,1,0,False
1785430955.7579584,20,1785553272.4535809,37.29152361333638,0.6095277332722973,36.749446860456246,True,37.5,36.5,38.6,0.95,0.05,0.0,0.7,0.03,2,1785553282.4807763,False,True,True,False,1785553260.3497806,False,True,1,0,False
1785430955.7579584,20,1785553292.459542,37.24078736552987,0.6093179217212176,36.773479819943546,True,37.5,36.5,38.6,0.95,0.05,0.0,0.7,0.03,2,1785553302.4866152,False,True,True,False,1785553260.3497806,False,True,1,0,False
1785430955.7579584,20,1785553312.4655428,37.23010605020218,0.6095849546044099,36.768139162279695,True,37.5,36.5,38.6,0.95,0.05,0.0,0.7,0.03,2,1785553322.4920774,False,True,True,False,1785553260.3497806,False,True,1,0,False
1785430955.7579584,20,1785553332.4714694,37.25680933852141,0.6096803234912642,36.80018310826276,True,37.5,36.5,38.6,0.95,0.05,0.0,0.7,0.03,2,1785553342.4985347,False,True,True,False,1785553260.3497806,False,True,1,0,False
1785430955.7579584,20,1785553352.4774613,37.251468680857556,0.6097756923781185,36.83756771190967,True,37.5,36.5,38.6,0.95,0.05,0.0,0.7,0.03,2,1785553362.5045822,False,True,True,False,1785553260.3497806,False,True,1,0,False
1785430955.7579584,20,1785553372.4835339,37.243457694361794,0.6092225528343633,36.82688639658198,True,37.5,36.5,38.6,0.95,0.05,0.0,0.7,0.03,2,1785553382.5106153,False,True,True,False,1785553260.3497806,False,True,1,0,False
1785430955.7579584,20,1785553392.4895456,37.25680933852141,0.6094705119401845,36.80819409475852,True,37.5,36.5,38.6,0.95,0.05,0.0,0.7,0.03,2,1785553402.5166714,False,True,True,False,1785553260.3497806,False,True,1,0,False
1785430955.7579584,20,1785553412.4955418,37.25680933852141,0.6096231021591515,36.85091935606927,True,37.5,36.5,38.6,0.95,0.05,0.0,0.7,0.03,2,1785553422.522203,False,True,True,False,1785553260.3497806,False,True,1,0,False
1785430955.7579584,20,1785553432.5015793,37.270160982681006,0.609565880827039,36.84023804074158,True,37.5,36.5,38.6,0.95,0.05,0.0,0.7,0.03,2,1785553442.5281096,False,True,True,True,1785553440.3497872,False,True,1,0,False
1785430955.7579584,20,1785553452.507452,37.27817196917678,0.6096612497138933,36.86160067139696,True,37.5,36.5,38.6,0.95,0.05,0.0,0.7,0.03,2,1785553462.5347118,False,True,True,False,1785553440.3497872,False,True,1,0,False
1785430955.7579584,20,1785553472.5134764,37.270160982681006,0.6093369954985886,36.872281986724644,True,37.5,36.5,38.6,0.95,0.05,0.0,0.7,0.03,2,1785553482.5407116,False,True,True,False,1785553440.3497872,False,True,1,0,False
1785430955.7579584,20,1785553492.51942,37.267490653849094,0.6094895857175555,36.91233691920348,True,37.5,36.5,38.6,0.95,0.05,0.0,0.7,0.03,2,1785553502.5465121,False,True,True,False,1785553440.3497872,False,True,1,0,False
1785430955.7579584,20,1785553512.5254555,37.267490653849094,0.6094323643854429,36.89097428854811,True,37.5,36.5,38.6,0.95,0.05,0.0,0.7,0.03,2,1785553522.5525937,False,True,True,False,1785553440.3497872,False,True,1,0,False
1785430955.7579584,20,1785553532.5313964,37.294193942168306,0.6096231021591515,36.89097428854811,True,37.5,36.5,38.6,0.95,0.05,0.0,0.7,0.03,2,1785553542.55863,False,True,True,False,1785553440.3497872,False,True,1,0,False
1785430955.7579584,20,1785553552.5374484,37.32089723048753,0.609565880827039,36.91233691920348,True,37.5,36.5,38.6,0.95,0.05,0.0,0.7,0.03,2,1785553562.5638757,False,True,True,False,1785553440.3497872,False,True,1,0,False
1785430955.7579584,20,1785553572.5433588,37.33424887464713,0.6097947661554894,36.91233691920348,True,37.5,36.5,38.6,0.95,0.05,0.0,0.7,0.03,2,1785553582.5705695,False,True,True,False,1785553440.3497872,False,True,1,0,False
1785430955.7579584,20,1785553592.5494576,37.33157854581522,0.6094705119401845,36.90966659037156,True,37.5,36.5,38.6,0.95,0.05,0.0,0.7,0.03,2,1785553602.5766618,False,True,True,False,1785553440.3497872,False,True,1,0,False
1785430955.7579584,20,1785553612.5555036,37.32623788815137,0.6096612497138933,36.92568856336308,True,37.5,36.5,38.6,0.95,0.05,0.0,0.7,0.03,2,1785553622.5825784,False,True,True,True,1785553620.3497918,False,True,1,0,False
1785430955.7579584,20,1785553632.561527,37.35027084763867,0.6096612497138933,36.93636987869077,True,37.5,36.5,38.6,0.95,0.05,0.0,0.7,0.03,2,1785553642.5883765,False,True,True,False,1785553620.3497918,False,True,1,0,False
1785430955.7579584,20,1785553652.567607,37.33157854581522,0.609413290608072,36.95239185168231,True,37.5,36.5,38.6,0.95,0.05,0.0,0.7,0.03,2,1785553662.5946684,False,True,True,False,1785553620.3497918,False,True,1,0,False
1785430955.7579584,20,1785553672.5735939,37.371633478294044,0.6093560692759594,36.97375448233768,True,37.5,36.5,38.6,0.95,0.05,0.0,0.7,0.03,2,1785553682.6007702,False,True,True,False,1785553620.3497918,False,True,1,0,False
1785430955.7579584,20,1785553692.579595,37.37430380712597,0.6097375448233768,36.97642481116961,True,37.5,36.5,38.6,0.95,0.05,0.0,0.7,0.03,2,1785553702.6067038,False,True,True,False,1785553620.3497918,False,True,1,0,False
1785430955.7579584,20,1785553712.5856218,37.395666437781344,0.6096421759365225,36.981765468833444,True,37.5,36.5,38.6,0.95,0.05,0.0,0.7,0.03,2,1785553722.6128106,False,True,True,False,1785553620.3497918,False,True,1,0,False
1785430955.7579584,20,1785553732.591646,37.422369726100555,0.6097375448233768,37.01380941481651,True,37.5,36.5,38.6,0.95,0.05,0.0,0.7,0.03,2,1785553742.6181989,False,True,True,False,1785553620.3497918,False,True,1,0,False
1785430955.7579584,20,1785553752.5975997,37.379644464789806,0.6097375448233768,36.99778744182498,True,37.5,36.5,38.6,0.95,0.05,0.0,0.7,0.03,2,1785553762.6246827,False,True,True,False,1785553620.3497918,False,True,1,0,False
1785430955.7579584,20,1785553772.603605,37.403677424277106,0.609565880827039,37.04585336079957,True,37.5,36.5,38.6,0.95,0.05,0.0,0.7,0.03,2,1785553782.6306884,False,True,True,False,1785553620.3497918,False,True,1,0,False
1785430955.7579584,20,1785553792.6096206,37.41702906843672,0.6094514381628138,37.01647974364843,True,37.5,36.5,38.6,0.95,0.05,0.0,0.7,0.03,2,1785553802.6367562,False,True,True,True,1785553800.3498182,False,True,1,0,False
1785430955.7579584,20,1785553812.6156209,37.43305104142824,0.6093369954985886,37.02182040131228,True,37.5,36.5,38.6,0.95,0.05,0.0,0.7,0.03,2,1785553822.6427398,False,True,True,False,1785553800.3498182,False,True,1,0,False
1785430955.7579584,20,1785553832.6216295,37.41435873960479,0.6093369954985886,37.04318303196766,True,37.5,36.5,38.6,0.95,0.05,0.0,0.7,0.03,2,1785553842.6482236,False,True,True,False,1785553800.3498182,False,True,1,0,False
1785430955.7579584,20,1785553852.6275616,37.43305104142824,0.6092416266117341,37.06454566262303,True,37.5,36.5,38.6,0.95,0.05,0.0,0.7,0.03,2,1785553862.6547022,False,True,True,False,1785553800.3498182,False,True,1,0,False
1785430955.7579584,20,1785553872.6335893,37.43572137026017,0.609565880827039,37.06454566262303,True,37.5,36.5,38.6,0.95,0.05,0.0,0.7,0.03,2,1785553882.6607003,False,True,True,False,1785553800.3498182,False,True,1,0,False
1785430955.7579584,20,1785553892.6395345,37.465094987411305,0.6098710612649729,37.05653467612726,True,37.5,36.5,38.6,0.95,0.05,0.0,0.7,0.03,2,1785553902.6666121,False,True,True,False,1785553800.3498182,False,True,1,0,False
1785430955.7579584,20,1785553912.6455743,37.470435645075156,0.609394216830701,37.08857862211032,True,37.5,36.5,38.6,0.95,0.05,0.0,0.7,0.03,2,1785553922.672685,False,True,True,False,1785553800.3498182,False,True,1,0,False
1785430955.7579584,20,1785553932.6515906,37.48645761806668,0.6093751430533303,37.07789730678263,True,37.5,36.5,38.6,0.95,0.05,0.0,0.7,0.03,2,1785553942.678719,False,True,True,False,1785553800.3498182,False,True,1,0,False
1785430955.7579584,20,1785553952.6576412,37.49713893339437,0.609394216830701,37.109941252765694,True,37.5,36.5,38.6,0.95,0.05,0.0,0.7,0.03,2,1785553962.684195,False,True,True,False,1785553800.3498182,False,True,1,0,False
1785430955.7579584,20,1785553972.6635542,37.53719386587319,0.6099092088197147,37.109941252765694,True,37.5,36.5,38.6,0.95,0.05,0.0,0.7,0.03,2,1785553982.6906276,False,True,True,True,1785553980.3498256,False,1,0,0,False
1785430955.7579584,20,1785553992.669536,37.51850156404974,0.609546807049668,37.10727092393378,True,37.5,36.5,38.6,0.95,0.05,0.0,0.7,0.03,2,1785554002.6966023,False,True,True,False,1785553980.3498256,False,1,0,0,False
1785430955.7579584,20,1785554012.6754832,37.53452353704128,0.6095849546044099,37.10727092393378,True,37.5,36.5,38.6,0.95,0.05,0.0,0.7,0.03,2,1785554022.7025425,False,True,True,False,1785553980.3498256,False,1,0,0,False
1785430955.7579584,20,1785554032.6814895,37.49980926222629,0.6095277332722973,37.10193026626993,True,37.5,36.5,38.6,0.95,0.05,0.0,0.7,0.03,2,1785554042.7085829,False,True,True,False,1785553980.3498256,False,True,1,0,False
1785430955.7579584,20,1785554052.6874785,37.48645761806668,0.6096231021591515,37.07522697795072,True,37.5,36.5,38.6,0.95,0.05,0.0,0.7,0.03,2,1785554062.715355,False,True,True,False,1785553980.3498256,False,True,1,0,False
1785430955.7579584,20,1785554072.69351,37.483787289234755,0.6096803234912642,37.08590829327841,True,37.5,36.5,38.6,0.95,0.05,0.0,0.7,0.03,2,1785554082.7221122,False,True,True,False,1785553980.3498256,False,True,1,0,False
1785430955.7579584,20,1785554092.6997633,37.481116960402844,0.609565880827039,37.09391927977417,True,37.5,36.5,38.6,0.95,0.05,0.0,0.7,0.03,2,1785554102.728456,False,True,True,False,1785553980.3498256,False,True,1,0,False
1785430955.7579584,20,1785554112.7060597,37.48645761806668,0.6092988479438468,37.115281910429545,True,37.5,36.5,38.6,0.95,0.05,0.0,0.7,0.03,2,1785554122.733198,False,True,True,False,1785553980.3498256,False,True,1,0,False
1785430955.7579584,20,1785554132.712089,37.48645761806668,0.6095086594949264,37.13130388342107,True,37.5,36.5,38.6,0.95,0.05,0.0,0.7,0.03,2,1785554142.739173,False,True,True,False,1785553980.3498256,False,True,1,0,False
1785430955.7579584,20,1785554152.7180965,37.49179827573053,0.6094323643854429,37.099259937438006,True,37.5,36.5,38.6,0.95,0.05,0.0,0.7,0.03,2,1785554162.7452488,False,True,True,True,1785554160.3498557,False,True,1,0,False
1785430955.7579584,20,1785554172.72406,37.51583123521782,0.6093751430533303,37.09391927977417,True,37.5,36.5,38.6,0.95,0.05,0.0,0.7,0.03,2,1785554182.7511683,False,True,True,False,1785554160.3498557,False,1,0,0,False
1785430955.7579584,20,1785554192.7300735,37.49713893339437,0.609718471046006,37.12329289692531,True,37.5,36.5,38.6,0.95,0.05,0.0,0.7,0.03,2,1785554202.7572737,False,True,True,False,1785554160.3498557,False,True,1,0,False
1785430955.7579584,20,1785554212.736135,37.49179827573053,0.609718471046006,37.10727092393378,True,37.5,36.5,38.6,0.95,0.05,0.0,0.7,0.03,2,1785554222.762694,False,True,True,False,1785554160.3498557,False,True,1,0,False
1785430955.7579584,20,1785554232.7420971,37.49980926222629,0.6097375448233768,37.10727092393378,True,37.5,36.5,38.6,0.95,0.05,0.0,0.7,0.03,2,1785554242.7692275,False,True,True,False,1785554160.3498557,False,True,1,0,False
1785430955.7579584,20,1785554252.748064,37.48645761806668,0.6095086594949264,37.11261158159762,True,37.5,36.5,38.6,0.95,0.05,0.0,0.7,0.03,2,1785554262.7751837,False,True,True,False,1785554160.3498557,False,True,1,0,False
1785430955.7579584,20,1785554272.7541168,37.483787289234755,0.6094895857175555,37.10727092393378,True,37.5,36.5,38.6,0.95,0.05,0.0,0.7,0.03,2,1785554282.781289,False,True,True,False,1785554160.3498557,False,True,1,0,False
1785430955.7579584,20,1785554292.7601895,37.49713893339437,0.6095849546044099,37.10460059510186,True,37.5,36.5,38.6,0.95,0.05,0.0,0.7,0.03,2,1785554302.7867262,False,True,True,False,1785554160.3498557,False,True,1,0,False
1785430955.7579584,20,1785554312.766145,37.49713893339437,0.6096803234912642,37.115281910429545,True,37.5,36.5,38.6,0.95,0.05,0.0,0.7,0.03,2,1785554322.7932968,False,True,True,False,1785554160.3498557,False,True,1,0,False
1785430955.7579584,20,1785554332.7721136,37.50247959105822,0.6095086594949264,37.109941252765694,True,37.5,36.5,38.6,0.95,0.05,0.0,0.7,0.03,2,1785554342.7993038,False,True,True,True,1785554340.3498645,False,1,0,0,False
1785430955.7579584,20,1785554352.7782354,37.507820248722055,0.6095277332722973,37.115281910429545,True,37.5,36.5,38.6,0.95,0.05,0.0,0.7,0.03,2,1785554362.8053894,False,True,True,False,1785554340.3498645,False,1,0,0,False
1785430955.7579584,20,1785554372.7842517,37.49980926222629,0.6096803234912642,37.09391927977417,True,37.5,36.5,38.6,0.95,0.05,0.0,0.7,0.03,2,1785554382.8108728,False,True,True,False,1785554340.3498645,False,True,1,0,False
1785430955.7579584,20,1785554392.7902327,37.48645761806668,0.609413290608072,37.11795223926147,True,37.5,36.5,38.6,0.95,0.05,0.0,0.7,0.03,2,1785554402.8173285,False,True,True,False,1785554340.3498645,False,True,1,0,False
1785430955.7579584,20,1785554412.7962582,37.470435645075156,0.609394216830701,37.08590829327841,True,37.5,36.5,38.6,0.95,0.05,0.0,0.7,0.03,2,1785554422.823369,False,True,True,False,1785554340.3498645,False,True,1,0,False
1785430955.7579584,20,1785554432.8022861,37.51583123521782,0.6095849546044099,37.11795223926147,True,37.5,36.5,38.6,0.95,0.05,0.0,0.7,0.03,2,1785554442.829368,False,True,True,False,1785554340.3498645,False,1,0,0,False
1785430955.7579584,20,1785554452.808308,37.50247959105822,0.6093560692759594,37.11795223926147,True,37.5,36.5,38.6,0.95,0.05,0.0,0.7,0.03,2,1785554462.8353238,False,True,True,False,1785554340.3498645,False,1,0,0,False
1785430955.7579584,20,1785554472.814319,37.52117189288167,0.6092034790569925,37.12863355458916,True,37.5,36.5,38.6,0.95,0.05,0.0,0.7,0.03,2,1785554482.8414657,False,True,True,False,1785554340.3498645,False,1,0,0,False
1785430955.7579584,20,1785554492.820421,37.50247959105822,0.6093560692759594,37.12062256809338,True,37.5,36.5,38.6,0.95,0.05,0.0,0.7,0.03,2,1785554502.8474336,False,True,True,False,1785554340.3498645,False,1,0,0,False
1785430955.7579584,20,1785554512.8263886,37.507820248722055,0.6094514381628138,37.109941252765694,True,37.5,36.5,38.6,0.95,0.05,0.0,0.7,0.03,2,1785554522.8535132,False,True,True,True,1785554520.3498864,False,1,0,0,False
1785430955.7579584,20,1785554532.8324122,37.50247959105822,0.6092988479438468,37.10460059510186,True,37.5,36.5,38.6,0.95,0.05,0.0,0.7,0.03,2,1785554542.8594623,False,True,True,False,1785554520.3498864,False,1,0,0,False
1785430955.7579584,20,1785554552.8383706,37.513160906385906,0.6095849546044099,37.09391927977417,True,37.5,36.5,38.6,0.95,0.05,0.0,0.7,0.03,2,1785554562.8655922,False,True,True,False,1785554520.3498864,False,1,0,0,False
1785430955.7579584,20,1785554572.8445005,37.489127946898606,0.6094514381628138,37.08857862211032,True,37.5,36.5,38.6,0.95,0.05,0.0,0.7,0.03,2,1785554582.8715827,False,True,True,False,1785554520.3498864,False,True,1,0,False
1785430955.7579584,20,1785554592.8504848,37.49713893339437,0.6096040283817807,37.091248950942244,True,37.5,36.5,38.6,0.95,0.05,0.0,0.7,0.03,2,1785554602.8776846,False,True,True,False,1785554520.3498864,False,True,1,0,False
1785430955.7579584,20,1785554612.8565643,37.45975432974747,0.6095277332722973,37.06454566262303,True,37.5,36.5,38.6,0.95,0.05,0.0,0.7,0.03,2,1785554622.88373,False,True,True,False,1785554520.3498864,False,True,1,0,False
1785430955.7579584,20,1785554632.862653,37.46242465857938,0.6092797741664759,37.091248950942244,True,37.5,36.5,38.6,0.95,0.05,0.0,0.7,0.03,2,1785554642.8955019,False,True,True,False,1785554520.3498864,False,True,1,0,False
1785430955.7579584,20,1785554652.8743246,37.465094987411305,0.609127183947509,37.08056763561456,True,37.5,36.5,38.6,0.95,0.05,0.0,0.7,0.03,2,1785554662.9016867,False,True,True,False,1785554520.3498864,False,True,1,0,False
1785430955.7579584,20,1785554672.8804247,37.50514991989013,0.6093179217212176,37.10193026626993,True,37.5,36.5,38.6,0.95,0.05,0.0,0.7,0.03,2,1785554682.9075904,False,True,True,False,1785554520.3498864,False,1,0,0,False
1785430955.7579584,20,1785554692.8863451,37.49713893339437,0.6094705119401845,37.08857862211032,True,37.5,36.5,38.6,0.95,0.05,0.0,0.7,0.03,2,1785554702.913461,False,True,True,True,1785554700.3498893,False,True,1,0,False
1785430955.7579584,20,1785554712.8923488,37.507820248722055,0.609546807049668,37.09391927977417,True,37.5,36.5,38.6,0.95,0.05,0.0,0.7,0.03,2,1785554722.9189363,False,True,True,False,1785554700.3498893,False,1,0,0,False
1785430955.7579584,20,1785554732.8982859,37.513160906385906,0.6094895857175555,37.109941252765694,True,37.5,36.5,38.6,0.95,0.05,0.0,0.7,0.03,2,1785554742.925312,False,True,True,False,1785554700.3498893,False,1,0,0,False
1785430955.7579584,20,1785554752.904223,37.48645761806668,0.6094514381628138,37.13130388342107,True,37.5,36.5,38.6,0.95,0.05,0.0,0.7,0.03,2,1785554762.9313846,False,True,True,False,1785554700.3498893,False,True,1,0,False
1785430955.7579584,20,1785554772.910369,37.49980926222629,0.6092988479438468,37.09391927977417,True,37.5,36.5,38.6,0.95,0.05,0.0,0.7,0.03,2,1785554782.937439,False,True,True,False,1785554700.3498893,False,True,1,0,False
1785430955.7579584,20,1785554792.9163039,37.47577630273899,0.6093179217212176,37.091248950942244,True,37.5,36.5,38.6,0.95,0.05,0.0,0.7,0.03,2,1785554802.9433377,False,True,True,False,1785554700.3498893,False,True,1,0,False
1785430955.7579584,20,1785554812.9222562,37.47577630273899,0.609127183947509,37.096589608606095,True,37.5,36.5,38.6,0.95,0.05,0.0,0.7,0.03,2,1785554822.949359,False,True,True,False,1785554700.3498893,False,True,1,0,False
1785430955.7579584,20,1785554832.9282017,37.489127946898606,0.6093560692759594,37.11261158159762,True,37.5,36.5,38.6,0.95,0.05,0.0,0.7,0.03,2,1785554842.9552846,False,True,True,False,1785554700.3498893,False,True,1,0,False
1785430955.7579584,20,1785554852.9341862,37.470435645075156,0.6091844052796216,37.11795223926147,True,37.5,36.5,38.6,0.95,0.05,0.0,0.7,0.03,2,1785554862.9612887,False,True,True,False,1785554700.3498893,False,True,1,0,False
1785430955.7579584,20,1785554872.9401538,37.47844663157092,0.6091081101701381,37.11795223926147,True,37.5,36.5,38.6,0.95,0.05,0.0,0.7,0.03,2,1785554882.967332,False,True,True,True,1785554880.3499165,False,True,1,0,False
1785430955.7579584,20,1785554892.946292,37.507820248722055,0.6093369954985886,37.12062256809338,True,37.5,36.5,38.6,0.95,0.05,0.0,0.7,0.03,2,1785554902.9734526,False,True,True,False,1785554880.3499165,False,1,0,0,False
1785430955.7579584,20,1785554912.9523735,37.47577630273899,0.6092225528343633,37.12062256809338,True,37.5,36.5,38.6,0.95,0.05,0.0,0.7,0.03,2,1785554922.979536,False,True,True,False,1785554880.3499165,False,True,1,0,False
1785430955.7579584,20,1785554932.958393,37.52384222171359,0.6094323643854429,37.13130388342107,True,37.5,36.5,38.6,0.95,0.05,0.0,0.7,0.03,2,1785554942.985455,False,True,True,False,1785554880.3499165,False,1,0,0,False
1785430955.7579584,20,1785554952.9643433,37.53452353704128,0.609413290608072,37.13130388342107,True,37.5,36.5,38.6,0.95,0.05,0.0,0.7,0.03,2,1785554962.991341,False,True,True,False,1785554880.3499165,False,1,0,0,False
1785430955.7579584,20,1785554972.970267,37.52117189288167,0.6093751430533303,37.14732585641261,True,37.5,36.5,38.6,0.95,0.05,0.0,0.7,0.03,2,1785554982.9973826,False,True,True,False,1785554880.3499165,False,1,0,0,False
1785430955.7579584,20,1785554992.9762506,37.513160906385906,0.6092797741664759,37.14465552758068,True,37.5,36.5,38.6,0.95,0.05,0.0,0.7,0.03,2,1785555003.0028582,False,True,True,False,1785554880.3499165,False,1,0,0,False
1785430955.7579584,20,1785555012.9822733,37.49179827573053,0.6092988479438468,37.12863355458916,True,37.5,36.5,38.6,0.95,0.05,0.0,0.7,0.03,2,1785555023.0088813,False,True,True,False,1785554880.3499165,False,True,1,0,False
1785430955.7579584,20,1785555032.9882212,37.51583123521782,0.6091653315022506,37.12329289692531,True,37.5,36.5,38.6,0.95,0.05,0.0,0.7,0.03,2,1785555043.0148067,False,True,True,False,1785554880.3499165,False,1,0,0,False
1785430955.7579584,20,1785555052.9942794,37.49179827573053,0.6092988479438468,37.11795223926147,True,37.5,36.5,38.6,0.95,0.05,0.0,0.7,0.03,2,1785555063.0213847,False,True,True,True,1785555060.3499246,False,True,1,0,False
1785430955.7579584,20,1785555073.0003018,37.489127946898606,0.6092416266117341,37.091248950942244,True,37.5,36.5,38.6,0.95,0.05,0.0,0.7,0.03,2,1785555083.027343,False,True,True,False,1785555060.3499246,False,True,1,0,False
1785430955.7579584,20,1785555093.006269,37.481116960402844,0.6092607003891051,37.10460059510186,True,37.5,36.5,38.6,0.95,0.05,0.0,0.7,0.03,2,1785555103.0333672,False,True,True,False,1785555060.3499246,False,True,1,0,False
1785430955.7579584,20,1785555113.0122647,37.481116960402844,0.6091081101701381,37.09391927977417,True,37.5,36.5,38.6,0.95,0.05,0.0,0.7,0.03,2,1785555123.039321,False,True,True,False,1785555060.3499246,False,True,1,0,False
1785430955.7579584,20,1785555133.0182583,37.48645761806668,0.6091653315022506,37.12062256809338,True,37.5,36.5,38.6,0.95,0.05,0.0,0.7,0.03,2,1785555143.0453186,False,True,True,False,1785555060.3499246,False,True,1,0,False
1785430955.7579584,20,1785555153.0241907,37.49713893339437,0.6091653315022506,37.10460059510186,True,37.5,36.5,38.6,0.95,0.05,0.0,0.7,0.03,2,1785555163.0512657,False,True,True,False,1785555060.3499246,False,True,1,0,False
1785430955.7579584,20,1785555173.0301707,37.51049057755398,0.609127183947509,37.115281910429545,True,37.5,36.5,38.6,0.95,0.05,0.0,0.7,0.03,2,1785555183.0573535,False,True,True,False,1785555060.3499246,False,1,0,0,False
1785430955.7579584,20,1785555193.036188,37.49179827573053,0.6092988479438468,37.12329289692531,True,37.5,36.5,38.6,0.95,0.05,0.0,0.7,0.03,2,1785555203.0634181,False,True,True,False,1785555060.3499246,False,True,1,0,False
1785430955.7579584,20,1785555213.042132,37.49713893339437,0.6092607003891051,37.14465552758068,True,37.5,36.5,38.6,0.95,0.05,0.0,0.7,0.03,2,1785555223.0694947,False,True,True,False,1785555060.3499246,False,True,1,0,False
1785430955.7579584,20,1785555233.0481722,37.51049057755398,0.6095277332722973,37.12329289692531,True,37.5,36.5,38.6,0.95,0.05,0.0,0.7,0.03,2,1785555243.0749652,False,True,True,True,1785555240.3499599,False,1,0,0,False
1785430955.7579584,20,1785555253.0542579,37.49713893339437,0.6092225528343633,37.12329289692531,True,37.5,36.5,38.6,0.95,0.05,0.0,0.7,0.03,2,1785555263.0815046,False,True,True,False,1785555240.3499599,False,True,1,0,False
1785430955.7579584,20,1785555273.060252,37.489127946898606,0.6092797741664759,37.091248950942244,True,37.5,36.5,38.6,0.95,0.05,0.0,0.7,0.03,2,1785555283.0878828,False,True,True,False,1785555240.3499599,False,True,1,0,False
1785430955.7579584,20,1785555293.066746,37.49713893339437,0.609394216830701,37.12062256809338,True,37.5,36.5,38.6,0.95,0.05,0.0,0.7,0.03,2,1785555303.093362,False,True,True,False,1785555240.3499599,False,True,1,0,False
1785430955.7579584,20,1785555313.0727193,37.49713893339437,0.6090127412832836,37.115281910429545,True,37.5,36.5,38.6,0.95,0.05,0.0,0.7,0.03,2,1785555323.0997515,False,True,True,False,1785555240.3499599,False,True,1,0,False
1785430955.7579584,20,1785555333.0787036,37.52384222171359,0.6091462577248798,37.13664454108492,True,37.5,36.5,38.6,0.95,0.05,0.0,0.7,0.03,2,1785555343.1058302,False,True,True,False,1785555240.3499599,False,1,0,0,False
1785430955.7579584,20,1785555353.0847855,37.51850156404974,0.6091081101701381,37.13130388342107,True,37.5,36.5,38.6,0.95,0.05,0.0,0.7,0.03,2,1785555363.111383,False,True,True,False,1785555240.3499599,False,1,0,0,False
1785430955.7579584,20,1785555373.0907671,37.51049057755398,0.609394216830701,37.13130388342107,True,37.5,36.5,38.6,0.95,0.05,0.0,0.7,0.03,2,1785555383.1178174,False,True,True,False,1785555240.3499599,False,1,0,0,False
1785430955.7579584,20,1785555393.096763,37.507820248722055,0.6089364461738002,37.11795223926147,True,37.5,36.5,38.6,0.95,0.05,0.0,0.7,0.03,2,1785555403.123891,False,True,True,False,1785555240.3499599,False,1,0,0,False
1785430955.7579584,20,1785555413.1028047,37.50247959105822,0.6088982986190585,37.133974212252994,True,37.5,36.5,38.6,0.95,0.05,0.0,0.7,0.03,2,1785555423.1298778,False,True,True,True,1785555420.349975,False,1,0,0,False
1785430955.7579584,20,1785555433.1088185,37.47310597390707,0.6090890363927671,37.11795223926147,True,37.5,36.5,38.6,0.95,0.05,0.0,0.7,0.03,2,1785555443.1358538,False,True,True,False,1785555420.349975,False,True,1,0,False
1785430955.7579584,20,1785555453.1147416,37.481116960402844,0.6091844052796216,37.12863355458916,True,37.5,36.5,38.6,0.95,0.05,0.0,0.7,0.03,2,1785555463.1414986,False,True,True,False,1785555420.349975,False,True,1,0,False
1785430955.7579584,20,1785555473.1208198,37.46242465857938,0.6092797741664759,37.10193026626993,True,37.5,36.5,38.6,0.95,0.05,0.0,0.7,0.03,2,1785555483.1479273,False,True,True,False,1785555420.349975,False,True,1,0,False
1785430955.7579584,20,1785555493.126813,37.47577630273899,0.6090699626153964,37.12062256809338,True,37.5,36.5,38.6,0.95,0.05,0.0,0.7,0.03,2,1785555503.1539283,False,True,True,False,1785555420.349975,False,True,1,0,False
1785430955.7579584,20,1785555513.132857,37.50247959105822,0.6089364461738002,37.12596322575723,True,37.5,36.5,38.6,0.95,0.05,0.0,0.7,0.03,2,1785555523.1593828,False,True,True,False,1785555420.349975,False,1,0,0,False
1785430955.7579584,20,1785555533.138744,37.48645761806668,0.6090699626153964,37.109941252765694,True,37.5,36.5,38.6,0.95,0.05,0.0,0.7,0.03,2,1785555543.1653695,False,True,True,False,1785555420.349975,False,True,1,0,False
1785430955.7579584,20,1785555553.1447387,37.50247959105822,0.6093179217212176,37.12062256809338,True,37.5,36.5,38.6,0.95,0.05,0.0,0.7,0.03,2,1785555563.1717489,False,True,True,False,1785555420.349975,False,1,0,0,False
1785430955.7579584,20,1785555573.1506658,37.51049057755398,0.6090508888380255,37.12596322575723,True,37.5,36.5,38.6,0.95,0.05,0.0,0.7,0.03,2,1785555583.1777744,False,True,True,False,1785555420.349975,False,1,0,0,False
1785430955.7579584,20,1785555593.1567037,37.50247959105822,0.6088982986190585,37.14465552758068,True,37.5,36.5,38.6,0.95,0.05,0.0,0.7,0.03,2,1785555603.1837628,False,True,True,True,1785555600.3500042,False,1,0,0,False
1785430955.7579584,20,1785555613.16273,37.513160906385906,0.6092416266117341,37.12863355458916,True,37.5,36.5,38.6,0.95,0.05,0.0,0.7,0.03,2,1785555623.1896257,False,True,True,False,1785555600.3500042,False,1,0,0,False
1785430955.7579584,20,1785555633.16885,37.51049057755398,0.6087647821774624,37.14465552758068,True,37.5,36.5,38.6,0.95,0.05,0.0,0.7,0.03,2,1785555643.195875,False,True,True,False,1785555600.3500042,False,1,0,0,False
1785430955.7579584,20,1785555653.1747997,37.507820248722055,0.6089364461738002,37.10727092393378,True,37.5,36.5,38.6,0.95,0.05,0.0,0.7,0.03,2,1785555663.2018926,False,True,True,False,1785555600.3500042,False,1,0,0,False
1785430955.7579584,20,1785555673.1808999,37.47310597390707,0.6091844052796216,37.091248950942244,True,37.5,36.5,38.6,0.95,0.05,0.0,0.7,0.03,2,1785555683.2079687,False,True,True,False,1785555600.3500042,False,True,1,0,False
1785430955.7579584,20,1785555693.1868908,37.49713893339437,0.609127183947509,37.10460059510186,True,37.5,36.5,38.6,0.95,0.05,0.0,0.7,0.03,2,1785555703.213995,False,True,True,False,1785555600.3500042,False,True,1,0,False
1785430955.7579584,20,1785555713.192939,37.48645761806668,0.609127183947509,37.12596322575723,True,37.5,36.5,38.6,0.95,0.05,0.0,0.7,0.03,2,1785555723.2200089,False,True,True,False,1785555600.3500042,False,True,1,0,False
1785430955.7579584,20,1785555733.1988547,37.49713893339437,0.6086312657358662,37.13130388342107,True,37.5,36.5,38.6,0.95,0.05,0.0,0.7,0.03,2,1785555743.2272627,False,True,True,False,1785555600.3500042,False,True,1,0,False
1785430955.7579584,20,1785555753.205041,37.47577630273899,0.6086694132906081,37.13130388342107,True,37.5,36.5,38.6,0.95,0.05,0.0,0.7,0.03,2,1785555763.2324784,False,True,True,False,1785555600.3500042,False,True,1,0,False
1785430955.7579584,20,1785555773.2113001,37.50514991989013,0.6090890363927671,37.12062256809338,True,37.5,36.5,38.6,0.95,0.05,0.0,0.7,0.03,2,1785555783.2383895,False,True,True,True,1785555780.3500378,False,1,0,0,False
1785430955.7579584,20,1785555793.2173166,37.47577630273899,0.608974593728542,37.12863355458916,True,37.5,36.5,38.6,0.95,0.05,0.0,0.7,0.03,2,1785555803.2444494,False,True,True,False,1785555780.3500378,False,True,1,0,False
1785430955.7579584,20,1785555813.2232583,37.507820248722055,0.608974593728542,37.12329289692531,True,37.5,36.5,38.6,0.95,0.05,0.0,0.7,0.03,2,1785555823.250851,False,True,True,False,1785555780.3500378,False,1,0,0,False
1785430955.7579584,20,1785555833.2296867,37.51049057755398,0.6090508888380255,37.139314869916845,True,37.5,36.5,38.6,0.95,0.05,0.0,0.7,0.03,2,1785555843.256921,False,True,True,False,1785555780.3500378,False,1,0,0,False
1785430955.7579584,20,1785555853.2356749,37.53452353704128,0.6090127412832836,37.15533684290837,True,37.5,36.5,38.6,0.95,0.05,0.0,0.7,0.03,2,1785555863.2645462,False,True,True,False,1785555780.3500378,False,1,0,0,False
1785430955.7579584,20,1785555873.2418325,37.526512550545505,0.6089936675059129,37.15533684290837,True,37.5,36.5,38.6,0.95,0.05,0.0,0.7,0.03,2,1785555883.268436,False,True,True,False,1785555780.3500378,False,1,0,0,False
1785430955.7579584,20,1785555893.2478552,37.52384222171359,0.6088410772869459,37.13664454108492,True,37.5,36.5,38.6,0.95,0.05,0.0,0.7,0.03,2,1785555903.275006,False,True,True,False,1785555780.3500378,False,1,0,0,False
1785430955.7579584,20,1785555913.2539406,37.50247959105822,0.6089936675059129,37.14732585641261,True,37.5,36.5,38.6,0.95,0.05,0.0,0.7,0.03,2,1785555923.2810402,False,True,True,False,1785555780.3500378,False,1,0,0,False
1785430955.7579584,20,1785555933.2599142,37.50247959105822,0.6091081101701381,37.13130388342107,True,37.5,36.5,38.6,0.95,0.05,0.0,0.7,0.03,2,1785555943.2869663,False,True,True,False,1785555780.3500378,False,1,0,0,False
1785430955.7579584,20,1785555953.265906,37.49179827573053,0.6088792248416877,37.13130388342107,True,37.5,36.5,38.6,0.95,0.05,0.0,0.7,0.03,2,1785555963.2929964,False,True,True,True,1785555960.3500414,False,True,1,0,False
1785430955.7579584,20,1785555973.2718945,37.46242465857938,0.6087457084000916,37.109941252765694,True,37.5,36.5,38.6,0.95,0.05,0.0,0.7,0.03,2,1785555983.3010848,False,True,True,False,1785555960.3500414,False,True,1,0,False
1785430955.7579584,20,1785555993.2780044,37.470435645075156,0.6088792248416877,37.091248950942244,True,37.5,36.5,38.6,0.95,0.05,0.0,0.7,0.03,2,1785556003.3047714,False,True,True,False,1785555960.3500414,False,True,1,0,False
1785430955.7579584,20,1785556013.2840233,37.481116960402844,0.6091653315022506,37.11795223926147,True,37.5,36.5,38.6,0.95,0.05,0.0,0.7,0.03,2,1785556023.3111086,False,True,True,False,1785555960.3500414,False,True,1,0,False
1785430955.7579584,20,1785556033.2900255,37.483787289234755,0.6088982986190585,37.11795223926147,True,37.5,36.5,38.6,0.95,0.05,0.0,0.7,0.03,2,1785556043.3171115,False,True,True,False,1785555960.3500414,False,True,1,0,False
1785430955.7579584,20,1785556053.296002,37.48645761806668,0.6087457084000916,37.091248950942244,True,37.5,36.5,38.6,0.95,0.05,0.0,0.7,0.03,2,1785556063.3230796,False,True,True,False,1785555960.3500414,False,True,1,0,False
1785430955.7579584,20,1785556073.3019857,37.49446860456244,0.6091844052796216,37.10727092393378,True,37.5,36.5,38.6,0.95,0.05,0.0,0.7,0.03,2,1785556083.3291426,False,True,True,False,1785555960.3500414,False,True,1,0,False
1785430955.7579584,20,1785556093.3080137,37.51850156404974,0.6089555199511711,37.13130388342107,True,37.5,36.5,38.6,0.95,0.05,0.0,0.7,0.03,2,1785556103.3346984,False,True,True,False,1785555960.3500414,False,1,0,0,False
1785430955.7579584,20,1785556113.31414,37.49713893339437,0.6092988479438468,37.14732585641261,True,37.5,36.5,38.6,0.95,0.05,0.0,0.7,0.03,2,1785556123.3412728,False,True,True,False,1785555960.3500414,False,True,1,0,False
1785430955.7579584,20,1785556133.3201427,37.51850156404974,0.6090127412832836,37.16868848706798,True,37.5,36.5,38.6,0.95,0.05,0.0,0.7,0.03,2,1785556143.3472443,False,True,True,True,1785556140.3500535,False,1,0,0,False
1785430955.7579584,20,1785556153.3262534,37.507820248722055,0.6090318150606546,37.16334782940413,True,37.5,36.5,38.6,0.95,0.05,0.0,0.7,0.03,2,1785556163.3528478,False,True,True,False,1785556140.3500535,False,1,0,0,False
1785430955.7579584,20,1785556173.3323746,37.52117189288167,0.6089936675059129,37.152666514076444,True,37.5,36.5,38.6,0.95,0.05,0.0,0.7,0.03,2,1785556183.3596478,False,True,True,False,1785556140.3500535,False,1,0,0,False
1785430955.7579584,20,1785556193.338533,37.51850156404974,0.6089936675059129,37.15533684290837,True,37.5,36.5,38.6,0.95,0.05,0.0,0.7,0.03,2,1785556203.3656094,False,True,True,False,1785556140.3500535,False,1,0,0,False
1785430955.7579584,20,1785556213.3445048,37.52918287937743,0.6090508888380255,37.14465552758068,True,37.5,36.5,38.6,0.95,0.05,0.0,0.7,0.03,2,1785556223.3715265,False,True,True,False,1785556140.3500535,False,1,0,0,False
1785430955.7579584,20,1785556233.3504736,37.49446860456244,0.6089364461738002,37.11795223926147,True,37.5,36.5,38.6,0.95,0.05,0.0,0.7,0.03,2,1785556243.3776016,False,True,True,False,1785556140.3500535,False,True,1,0,False
1785430955.7579584,20,1785556253.356515,37.48645761806668,0.6089555199511711,37.11261158159762,True,37.5,36.5,38.6,0.95,0.05,0.0,0.7,0.03,2,1785556263.3835242,False,True,True,False,1785556140.3500535,False,True,1,0,False
1785430955.7579584,20,1785556273.36243,37.47310597390707,0.6089555199511711,37.096589608606095,True,37.5,36.5,38.6,0.95,0.05,0.0,0.7,0.03,2,1785556283.3895395,False,True,True,False,1785556140.3500535,False,True,1,0,False
1785430955.7579584,20,1785556293.368489,37.481116960402844,0.608688487067979,37.10460059510186,True,37.5,36.5,38.6,0.95,0.05,0.0,0.7,0.03,2,1785556303.3955932,False,True,True,False,1785556140.3500535,False,True,1,0,False
1785430955.7579584,20,1785556313.3744962,37.470435645075156,0.6087647821774624,37.12596322575723,True,37.5,36.5,38.6,0.95,0.05,0.0,0.7,0.03,2,1785556323.4016516,False,True,True,True,1785556320.3500705,False,True,1,0,False
1785430955.7579584,20,1785556333.3805566,37.50247959105822,0.6088601510643167,37.12596322575723,True,37.5,36.5,38.6,0.95,0.05,0.0,0.7,0.03,2,1785556343.4075606,False,True,True,False,1785556320.3500705,False,1,0,0,False
1785430955.7579584,20,1785556353.3864946,37.49713893339437,0.6090127412832836,37.12062256809338,True,37.5,36.5,38.6,0.95,0.05,0.0,0.7,0.03,2,1785556363.4136226,False,True,True,False,1785556320.3500705,False,True,1,0,False
1785430955.7579584,20,1785556373.3925996,37.51049057755398,0.608974593728542,37.10460059510186,True,37.5,36.5,38.6,0.95,0.05,0.0,0.7,0.03,2,1785556383.419119,False,True,True,False,1785556320.3500705,False,1,0,0,False
1785430955.7579584,20,1785556393.398523,37.52384222171359,0.6088792248416877,37.12863355458916,True,37.5,36.5,38.6,0.95,0.05,0.0,0.7,0.03,2,1785556403.4255672,False,True,True,False,1785556320.3500705,False,1,0,0,False
1785430955.7579584,20,1785556413.4044917,37.50247959105822,0.6090508888380255,37.14465552758068,True,37.5,36.5,38.6,0.95,0.05,0.0,0.7,0.03,2,1785556423.431154,False,True,True,False,1785556320.3500705,False,1,0,0,False
1785430955.7579584,20,1785556433.4105465,37.489127946898606,0.6089936675059129,37.12329289692531,True,37.5,36.5,38.6,0.95,0.05,0.0,0.7,0.03,2,1785556443.4376328,False,True,True,False,1785556320.3500705,False,True,1,0,False
1785430955.7579584,20,1785556453.4165485,37.49179827573053,0.608822003509575,37.11261158159762,True,37.5,36.5,38.6,0.95,0.05,0.0,0.7,0.03,2,1785556463.4435873,False,True,True,False,1785556320.3500705,False,True,1,0,False
1785430955.7579584,20,1785556473.4224997,37.49446860456244,0.6088410772869459,37.11795223926147,True,37.5,36.5,38.6,0.95,0.05,0.0,0.7,0.03,2,1785556483.4490736,False,True,True,False,1785556320.3500705,False,True,1,0,False
1785430955.7579584,20,1785556493.4284573,37.48645761806668,0.608822003509575,37.12596322575723,True,37.5,36.5,38.6,0.95,0.05,0.0,0.7,0.03,2,1785556503.4555423,False,True,True,True,1785556500.3500876,False,True,1,0,False
1785430955.7579584,20,1785556513.4344373,37.49713893339437,0.6086694132906081,37.099259937438006,True,37.5,36.5,38.6,0.95,0.05,0.0,0.7,0.03,2,1785556523.4615788,False,True,True,False,1785556500.3500876,False,True,1,0,False
1785430955.7579584,20,1785556533.440451,37.49179827573053,0.6088410772869459,37.13664454108492,True,37.5,36.5,38.6,0.95,0.05,0.0,0.7,0.03,2,1785556543.4674857,False,True,True,False,1785556500.3500876,False,True,1,0,False
1785430955.7579584,20,1785556553.4463952,37.49713893339437,0.6084023804074158,37.12596322575723,True,37.5,36.5,38.6,0.95,0.05,0.0,0.7,0.03,2,1785556563.4735458,False,True,True,False,1785556500.3500876,False,True,1,0,False
1785430955.7579584,20,1785556573.45244,37.51049057755398,0.6086312657358662,37.13130388342107,True,37.5,36.5,38.6,0.95,0.05,0.0,0.7,0.03,2,1785556583.4795282,False,True,True,False,1785556500.3500876,False,1,0,0,False
1785430955.7579584,20,1785556593.458485,37.49713893339437,0.6087647821774624,37.14465552758068,True,37.5,36.5,38.6,0.95,0.05,0.0,0.7,0.03,2,1785556603.4856136,False,True,True,False,1785556500.3500876,False,True,1,0,False
1785430955.7579584,20,1785556613.464521,37.53452353704128,0.6087266346227207,37.16067750057222,True,37.5,36.5,38.6,0.95,0.05,0.0,0.7,0.03,2,1785556623.4910574,False,True,True,False,1785556500.3500876,False,1,0,0,False
1785430955.7579584,20,1785556633.4704502,37.51049057755398,0.608974593728542,37.16601815823606,True,37.5,36.5,38.6,0.95,0.05,0.0,0.7,0.03,2,1785556643.4975355,False,True,True,False,1785556500.3500876,False,1,0,0,False
1785430955.7579584,20,1785556653.4764683,37.507820248722055,0.6087838559548332,37.16601815823606,True,37.5,36.5,38.6,0.95,0.05,0.0,0.7,0.03,2,1785556663.5032,False,True,True,False,1785556500.3500876,False,1,0,0,False
1785430955.7579584,20,1785556673.4824107,37.49980926222629,0.6087457084000916,37.15533684290837,True,37.5,36.5,38.6,0.95,0.05,0.0,0.7,0.03,2,1785556683.5094573,False,True,True,True,1785556680.350095,False,True,1,0,False
1785430955.7579584,20,1785556693.4883618,37.52384222171359,0.6087457084000916,37.14732585641261,True,37.5,36.5,38.6,0.95,0.05,0.0,0.7,0.03,2,1785556703.515395,False,True,True,False,1785556680.350095,False,1,0,0,False
1785430955.7579584,20,1785556713.494424,37.49713893339437,0.608974593728542,37.12596322575723,True,37.5,36.5,38.6,0.95,0.05,0.0,0.7,0.03,2,1785556723.5215614,False,True,True,False,1785556680.350095,False,True,1,0,False
1785430955.7579584,20,1785556733.500492,37.49713893339437,0.6085168230716411,37.12062256809338,True,37.5,36.5,38.6,0.95,0.05,0.0,0.7,0.03,2,1785556743.5275385,False,True,True,False,1785556680.350095,False,True,1,0,False
1785430955.7579584,20,1785556753.5064359,37.49713893339437,0.6084977492942703,37.10460059510186,True,37.5,36.5,38.6,0.95,0.05,0.0,0.7,0.03,2,1785556763.533553,False,True,True,False,1785556680.350095,False,True,1,0,False
1785430955.7579584,20,1785556773.5124311,37.49980926222629,0.6088029297322042,37.099259937438006,True,37.5,36.5,38.6,0.95,0.05,0.0,0.7,0.03,2,1785556783.5394838,False,True,True,False,1785556680.350095,False,True,1,0,False
1785430955.7579584,20,1785556793.51844,37.49179827573053,0.6084405279621576,37.12863355458916,True,37.5,36.5,38.6,0.95,0.05,0.0,0.7,0.03,2,1785556803.545571,False,True,True,False,1785556680.350095,False,True,1,0,False
1785430955.7579584,20,1785556813.5245626,37.635996032654305,0.6091462577248798,37.091248950942244,True,37.5,36.5,38.6,0.95,0.05,0.0,0.7,0.03,2,1785556823.5518167,True,False,True,False,1785556680.350095,False,1,0,0,False
1785430955.7579584,20,1785556833.5316355,37.729457541771566,0.6090127412832836,37.10193026626993,True,37.5,36.5,38.6,0.95,0.05,0.0,0.7,0.03,2,1785556843.5596077,True,True,True,False,1785556680.350095,False,1,0,0,False
1785430955.7579584,20,1785556853.5387235,37.78019378957809,0.6089173723964294,37.06988632028687,True,37.5,36.5,38.6,0.95,0.05,0.0,0.7,0.03,2,1785556863.566063,True,False,True,True,1785556860.3501031,False,1,0,0,False
1785430955.7579584,20,1785556873.545069,37.788204776073854,0.6089936675059129,37.06454566262303,True,37.5,36.5,38.6,0.95,0.05,0.0,0.7,0.03,2,1785556883.5724761,True,False,True,False,1785556860.3501031,False,1,0,0,False
1785430955.7579584,20,1785556893.5515342,37.806897077897304,0.6088029297322042,37.04585336079957,True,37.5,36.5,38.6,0.95,0.05,0.0,0.7,0.03,2,1785556903.578866,True,True,True,False,1785556860.3501031,False,1,0,0,False
1785430955.7579584,20,1785556913.5578547,37.79087510490578,0.6092797741664759,37.04051270313573,True,37.5,36.5,38.6,0.95,0.05,0.0,0.7,0.03,2,1785556923.5856094,True,True,True,False,1785556860.3501031,False,1,0,0,False
1785430955.7579584,20,1785556933.5645387,37.80155642023347,0.6091653315022506,37.04585336079957,True,37.5,36.5,38.6,0.95,0.05,0.0,0.7,0.03,2,1785556943.5919468,True,False,True,False,1785556860.3501031,False,1,0,0,False
1785430955.7579584,20,1785556953.5708709,37.806897077897304,0.6091462577248798,37.01915007248036,True,37.5,36.5,38.6,0.95,0.05,0.0,0.7,0.03,2,1785556963.5978248,True,True,True,False,1785556860.3501031,False,1,0,0,False
1785430955.7579584,20,1785556973.5777967,37.79888609140154,0.6089936675059129,37.01380941481651,True,37.5,36.5,38.6,0.95,0.05,0.0,0.7,0.03,2,1785556983.6078749,True,True,True,False,1785556860.3501031,False,1,0,0,False
1785430955.7579584,20,1785556993.5854537,37.77485313191424,0.6089173723964294,36.99511711299306,True,37.5,36.5,38.6,0.95,0.05,0.0,0.7,0.03,2,1785557003.613384,True,False,True,False,1785556860.3501031,False,1,0,0,False
1785430955.7579584,20,1785557013.5924883,37.77485313191424,0.6090890363927671,36.989776455329206,True,37.5,36.5,38.6,0.95,0.05,0.0,0.7,0.03,2,1785557023.620023,True,True,True,False,1785556860.3501031,False,1,0,0,False
1785430955.7579584,20,1785557033.5994358,37.76150148775463,0.6093179217212176,36.989776455329206,True,37.5,36.5,38.6,0.95,0.05,0.0,0.7,0.03,2,1785557043.6270416,True,True,True,True,1785557040.3501194,False,1,0,0,False
1785430955.7579584,20,1785557053.6071784,37.721446555275804,0.6091653315022506,36.97909514000152,True,37.5,36.5,38.6,0.95,0.05,0.0,0.7,0.03,2,1785557063.6351817,True,False,True,False,1785557040.3501194,False,1,0,0,False
1785430955.7579584,20,1785557073.6143012,37.70809491111619,0.6088410772869459,36.957732509346144,True,37.5,36.5,38.6,0.95,0.05,0.0,0.7,0.03,2,1785557083.643483,True,False,True,False,1785557040.3501194,False,1,0,0,False
1785430955.7579584,20,1785557093.6208844,37.68940260929274,0.6087647821774624,36.939040207522694,True,37.5,36.5,38.6,0.95,0.05,0.0,0.7,0.03,2,1785557103.6482117,True,True,True,False,1785557040.3501194,False,1,0,0,False
1785430955.7579584,20,1785557113.6271818,37.68940260929274,0.6087266346227207,36.92835889219501,True,37.5,36.5,38.6,0.95,0.05,0.0,0.7,0.03,2,1785557123.6545742,True,True,True,False,1785557040.3501194,False,1,0,0,False
1785430955.7579584,20,1785557133.6336067,37.65201800564584,0.6087647821774624,36.94972152285038,True,37.5,36.5,38.6,0.95,0.05,0.0,0.7,0.03,2,1785557143.660602,True,False,True,False,1785557040.3501194,False,1,0,0,False
1785430955.7579584,20,1785557153.6399138,37.62531471732662,0.6087075608453497,36.91233691920348,True,37.5,36.5,38.6,0.95,0.05,0.0,0.7,0.03,2,1785557163.6676507,True,False,True,False,1785557040.3501194,False,1,0,0,False
1785430955.7579584,20,1785557173.6462653,37.62798504615854,0.6088029297322042,36.91233691920348,True,37.5,36.5,38.6,0.95,0.05,0.0,0.7,0.03,2,1785557183.6736455,True,False,True,False,1785557040.3501194,False,1,0,0,False
1785430955.7579584,20,1785557193.6527,37.61463340199893,0.6083451590753033,36.86694132906081,True,37.5,36.5,38.6,0.95,0.05,0.0,0.7,0.03,2,1785557203.6800761,True,True,True,False,1785557040.3501194,False,1,0,0,False
1785430955.7579584,20,1785557213.659071,37.58793011367972,0.6086503395132372,36.88296330205233,True,37.5,36.5,38.6,0.95,0.05,0.0,0.7,0.03,2,1785557223.6861374,True,False,True,True,1785557220.3501573,False,1,0,0,False
1785430955.7579584,20,1785557233.6655064,37.569237811856254,0.6084786755168993,36.84023804074158,True,37.5,36.5,38.6,0.95,0.05,0.0,0.7,0.03,2,1785557243.697825,True,True,True,False,1785557220.3501573,False,1,0,0,False
1785430955.7579584,20,1785557253.6780415,37.555886167696656,0.6087647821774624,36.84557869840543,True,37.5,36.5,38.6,0.95,0.05,0.0,0.7,0.03,2,1785557263.7129335,True,True,True,False,1785557220.3501573,False,1,0,0,False
1785430955.7579584,20,1785557273.6925867,37.531853208209355,0.6083451590753033,36.82421606775006,True,37.5,36.5,38.6,0.95,0.05,0.0,0.7,0.03,2,1785557283.7218635,True,False,True,False,1785557220.3501573,False,1,0,0,False
1785430955.7579584,20,1785557293.6989763,37.507820248722055,0.6085549706263828,36.816205081254296,True,37.5,36.5,38.6,0.95,0.05,0.0,0.7,0.03,2,1785557303.7287416,True,False,True,False,1785557220.3501573,False,1,0,0,False
1785430955.7579584,20,1785557313.7054725,37.513160906385906,0.6086503395132372,36.810864423590445,True,37.5,36.5,38.6,0.95,0.05,0.0,0.7,0.03,2,1785557323.732855,True,True,True,False,1785557220.3501573,False,1,0,0,False
1785430955.7579584,20,1785557333.7117543,37.49713893339437,0.6084977492942703,36.80018310826276,True,37.5,36.5,38.6,0.95,0.05,0.0,0.7,0.03,2,1785557343.744681,True,True,True,False,1785557220.3501573,False,True,1,0,False
1785430955.7579584,20,1785557353.7180977,37.45975432974747,0.6085549706263828,36.79484245059892,True,37.5,36.5,38.6,0.95,0.05,0.0,0.7,0.03,2,1785557363.746112,True,False,True,False,1785557220.3501573,False,True,1,0,False
1785430955.7579584,20,1785557373.7252793,37.46776531624323,0.608535896849012,36.77882047760738,True,37.5,36.5,38.6,0.95,0.05,0.0,0.7,0.03,2,1785557383.7533944,True,True,True,False,1785557220.3501573,False,True,1,0,False
1785430955.7579584,20,1785557393.7322516,37.45975432974747,0.6085549706263828,36.76546883344777,True,37.5,36.5,38.6,0.95,0.05,0.0,0.7,0.03,2,1785557403.759648,True,True,True,True,1785557400.3501751,False,True,1,0,False
1785430955.7579584,20,1785557413.738578,37.465094987411305,0.6084977492942703,36.78149080643931,True,37.5,36.5,38.6,0.95,0.05,0.0,0.7,0.03,2,1785557423.7659404,True,False,True,False,1785557400.3501751,False,True,1,0,False
1785430955.7579584,20,1785557433.744925,37.489127946898606,0.608688487067979,36.78149080643931,True,37.5,36.5,38.6,0.95,0.05,0.0,0.7,0.03,2,1785557443.7723303,True,True,True,False,1785557400.3501751,False,True,1,0,False
1785430955.7579584,20,1785557453.7513177,37.49713893339437,0.6085549706263828,36.79751277943083,True,37.5,36.5,38.6,0.95,0.05,0.0,0.7,0.03,2,1785557463.7786536,True,True,True,False,1785557400.3501751,False,True,1,0,False
1785430955.7579584,20,1785557473.7583702,37.49980926222629,0.6084596017395285,36.77615014877546,True,37.5,36.5,38.6,0.95,0.05,0.0,0.7,0.03,2,1785557483.7868304,True,True,True,False,1785557400.3501751,False,True,1,0,False
1785430955.7579584,20,1785557493.7654357,37.507820248722055,0.6082688639658198,36.78950179293507,True,37.5,36.5,38.6,0.95,0.05,0.0,0.7,0.03,2,1785557503.792636,True,False,True,False,1785557400.3501751,False,1,0,0,False
1785430955.7579584,20,1785557513.772501,37.56122682536049,0.6082307164110781,36.80018310826276,True,37.5,36.5,38.6,0.95,0.05,0.0,0.7,0.03,2,1785557523.800863,True,True,True,False,1785557400.3501751,False,1,0,0,False
1785430955.7579584,20,1785557533.779503,37.555886167696656,0.6087647821774624,36.80552376592661,True,37.5,36.5,38.6,0.95,0.05,0.0,0.7,0.03,2,1785557543.8094687,True,False,True,False,1785557400.3501751,False,1,0,0,False
1785430955.7579584,20,1785557553.7861745,37.550545510032805,0.6085931181811246,36.810864423590445,True,37.5,36.5,38.6,0.95,0.05,0.0,0.7,0.03,2,1785557563.8135426,True,False,True,False,1785557400.3501751,False,1,0,0,False
1785430955.7579584,20,1785557573.7931194,37.53719386587319,0.6082688639658198,36.810864423590445,True,37.5,36.5,38.6,0.95,0.05,0.0,0.7,0.03,2,1785557583.8215084,True,True,True,True,1785557580.3502188,False,1,0,0,False
1785430955.7579584,20,1785557593.800777,37.52918287937743,0.6083260852979323,36.77080949111162,True,37.5,36.5,38.6,0.95,0.05,0.0,0.7,0.03,2,1785557603.8308372,True,True,True,False,1785557580.3502188,False,1,0,0,False
1785430955.7579584,20,1785557613.8078778,37.507820248722055,0.6084214541847868,36.78149080643931,True,37.5,36.5,38.6,0.95,0.05,0.0,0.7,0.03,2,1785557623.8357136,True,True,True,False,1785557580.3502188,False,1,0,0,False
1785430955.7579584,20,1785557633.8143878,37.49980926222629,0.6086312657358662,36.77080949111162,True,37.5,36.5,38.6,0.95,0.05,0.0,0.7,0.03,2,1785557643.8417854,True,True,True,False,1785557580.3502188,False,True,1,0,False
1785430955.7579584,20,1785557653.820823,37.507820248722055,0.6085549706263828,36.76012817578393,True,37.5,36.5,38.6,0.95,0.05,0.0,0.7,0.03,2,1785557663.8479202,True,False,True,False,1785557580.3502188,False,1,0,0,False
1785430955.7579584,20,1785557673.8271837,37.489127946898606,0.608535896849012,36.73342488746471,True,37.5,36.5,38.6,0.95,0.05,0.0,0.7,0.03,2,1785557683.854777,True,False,True,False,1785557580.3502188,False,True,1,0,False
1785430955.7579584,20,1785557693.8341696,37.45975432974747,0.6084023804074158,36.75211718928817,True,37.5,36.5,38.6,0.95,0.05,0.0,0.7,0.03,2,1785557703.8621716,True,False,True,False,1785557580.3502188,False,True,1,0,False
1785430955.7579584,20,1785557713.8419151,37.48645761806668,0.608383306630045,36.741435873960484,True,37.5,36.5,38.6,0.95,0.05,0.0,0.7,0.03,2,1785557723.870319,True,True,True,False,1785557580.3502188,False,True,1,0,False
1785430955.7579584,20,1785557733.8489423,37.44907301441978,0.6083451590753033,36.73609521629663,True,37.5,36.5,38.6,0.95,0.05,0.0,0.7,0.03,2,1785557743.876366,True,True,True,False,1785557580.3502188,False,True,1,0,False
1785430955.7579584,20,1785557753.8553364,37.47577630273899,0.6084596017395285,36.74677653162432,True,37.5,36.5,38.6,0.95,0.05,0.0,0.7,0.03,2,1785557763.882671,True,False,True,True,1785557760.350225,False,True,1,0,False
1785430955.7579584,20,1785557773.8616877,37.489127946898606,0.6083260852979323,36.75745784695201,True,37.5,36.5,38.6,0.95,0.05,0.0,0.7,0.03,2,1785557783.8890817,True,True,True,False,1785557760.350225,False,True,1,0,False
1785430955.7579584,20,1785557793.8680782,37.48645761806668,0.6082307164110781,36.744106202792395,True,37.5,36.5,38.6,0.95,0.05,0.0,0.7,0.03,2,1785557803.896806,True,False,True,False,1785557760.350225,False,True,1,0,False
1785430955.7579584,20,1785557813.8744822,37.51850156404974,0.6081925688563363,36.77080949111162,True,37.5,36.5,38.6,0.95,0.05,0.0,0.7,0.03,2,1785557823.9017992,True,True,True,False,1785557760.350225,False,1,0,0,False
1785430955.7579584,20,1785557833.8808548,37.526512550545505,0.6086694132906081,36.77080949111162,True,37.5,36.5,38.6,0.95,0.05,0.0,0.7,0.03,2,1785557843.9082038,True,False,True,False,1785557760.350225,False,1,0,0,False
1785430955.7579584,20,1785557853.8872237,37.555886167696656,0.6083451590753033,36.792172121766995,True,37.5,36.5,38.6,0.95,0.05,0.0,0.7,0.03,2,1785557863.914339,True,True,True,False,1785557760.350225,False,1,0,0,False
1785430955.7579584,20,1785557873.8936152,37.574578469520105,0.6085168230716411,36.77080949111162,True,37.5,36.5,38.6,0.95,0.05,0.0,0.7,0.03,2,1785557883.9207294,True,False,True,False,1785557760.350225,False,1,0,0,False
1785430955.7579584,20,1785557893.899855,37.53452353704128,0.6083070115205615,36.78416113527123,True,37.5,36.5,38.6,0.95,0.05,0.0,0.7,0.03,2,1785557903.9271698,True,True,True,False,1785557760.350225,False,1,0,0,False
1785430955.7579584,20,1785557913.9062052,37.550545510032805,0.6082497901884488,36.80018310826276,True,37.5,36.5,38.6,0.95,0.05,0.0,0.7,0.03,2,1785557923.9335537,True,False,True,False,1785557760.350225,False,1,0,0,False
1785430955.7579584,20,1785557933.9125817,37.52918287937743,0.6085168230716411,36.79484245059892,True,37.5,36.5,38.6,0.95,0.05,0.0,0.7,0.03,2,1785557943.9399247,True,False,True,True,1785557940.3502362,False,1,0,0,False
1785430955.7579584,20,1785557953.9189246,37.52918287937743,0.6085168230716411,36.773479819943546,True,37.5,36.5,38.6,0.95,0.05,0.0,0.7,0.03,2,1785557963.9462452,True,False,True,False,1785557940.3502362,False,1,0,0,False
1785430955.7579584,20,1785557973.9252794,37.49980926222629,0.6084596017395285,36.74677653162432,True,37.5,36.5,38.6,0.95,0.05,0.0,0.7,0.03,2,1785557983.9526799,True,False,True,False,1785557940.3502362,False,True,1,0,False
1785430955.7579584,20,1785557993.9316037,37.470435645075156,0.6079064621957733,36.744106202792395,True,37.5,36.5,38.6,0.95,0.05,0.0,0.7,0.03,2,1785558003.959112,True,False,True,False,1785557940.3502362,False,True,1,0,False
1785430955.7579584,20,1785558013.938082,37.45975432974747,0.6081544213015946,36.73342488746471,True,37.5,36.5,38.6,0.95,0.05,0.0,0.7,0.03,2,1785558023.9654856,True,False,True,False,1785557940.3502362,False,True,1,0,False
1785430955.7579584,20,1785558033.944471,37.50514991989013,0.6080018310826276,36.75478751812008,True,37.5,36.5,38.6,0.95,0.05,0.0,0.7,0.03,2,1785558043.9717522,True,True,True,False,1785557940.3502362,False,1,0,0,False
1785430955.7579584,20,1785558053.9507892,37.470435645075156,0.6083260852979323,36.71740291447318,True,37.5,36.5,38.6,0.95,0.05,0.0,0.7,0.03,2,1785558063.978185,True,True,True,False,1785557940.3502362,False,True,1,0,False
1785430955.7579584,20,1785558073.9572184,37.50514991989013,0.6082307164110781,36.72808422980087,True,37.5,36.5,38.6,0.95,0.05,0.0,0.7,0.03,2,1785558083.9846537,True,False,True,False,1785557940.3502362,False,1,0,0,False
1785430955.7579584,20,1785558093.9636402,37.470435645075156,0.6081544213015946,36.741435873960484,True,37.5,36.5,38.6,0.95,0.05,0.0,0.7,0.03,2,1785558103.9910662,True,False,True,False,1785557940.3502362,False,True,1,0,False
1785430955.7579584,20,1785558113.9700027,37.51850156404974,0.6083642328526742,36.74677653162432,True,37.5,36.5,38.6,0.95,0.05,0.0,0.7,0.03,2,1785558123.9975357,True,False,True,True,1785558120.3502662,False,1,0,0,False
1785430955.7579584,20,1785558133.9764001,37.49713893339437,0.6084023804074158,36.73609521629663,True,37.5,36.5,38.6,0.95,0.05,0.0,0.7,0.03,2,1785558144.0040717,True,True,True,False,1785558120.3502662,False,True,1,0,False
1785430955.7579584,20,1785558153.982761,37.50247959105822,0.6083070115205615,36.73609521629663,True,37.5,36.5,38.6,0.95,0.05,0.0,0.7,0.03,2,1785558164.0097442,True,False,True,False,1785558120.3502662,False,1,0,0,False
1785430955.7579584,20,1785558173.9891336,37.51583123521782,0.6083260852979323,36.730754558632796,True,37.5,36.5,38.6,0.95,0.05,0.0,0.7,0.03,2,1785558184.0179257,True,False,True,False,1785558120.3502662,False,1,0,0,False
1785430955.7579584,20,1785558193.995501,37.51850156404974,0.6083070115205615,36.744106202792395,True,37.5,36.5,38.6,0.95,0.05,0.0,0.7,0.03,2,1785558204.0224302,True,False,True,False,1785558120.3502662,False,1,0,0,False
1785430955.7579584,20,1785558214.00189,37.52384222171359,0.608535896849012,36.77080949111162,True,37.5,36.5,38.6,0.95,0.05,0.0,0.7,0.03,2,1785558224.02925,True,False,True,False,1785558120.3502662,False,1,0,0,False
1785430955.7579584,20,1785558234.0082,37.52117189288167,0.6081925688563363,36.744106202792395,True,37.5,36.5,38.6,0.95,0.05,0.0,0.7,0.03,2,1785558244.035539,True,False,True,False,1785558120.3502662,False,1,0,0,False
1785430955.7579584,20,1785558254.0145583,37.52384222171359,0.6081162737468528,36.75478751812008,True,37.5,36.5,38.6,0.95,0.05,0.0,0.7,0.03,2,1785558264.0420997,True,True,True,False,1785558120.3502662,False,1,0,0,False
1785430955.7579584,20,1785558274.0215364,37.49446860456244,0.6078683146410314,36.744106202792395,True,37.5,36.5,38.6,0.95,0.05,0.0,0.7,0.03,2,1785558284.0499809,True,True,True,False,1785558120.3502662,False,True,1,0,False
1785430955.7579584,20,1785558294.0292592,37.507820248722055,0.608383306630045,36.74677653162432,True,37.5,36.5,38.6,0.95,0.05,0.0,0.7,0.03,2,1785558304.0568724,True,True,True,True,1785558300.3503048,False,1,0,0,False
1785430955.7579584,20,1785558314.0362492,37.45975432974747,0.6081925688563363,36.725413900968945,True,37.5,36.5,38.6,0.95,0.05,0.0,0.7,0.03,2,1785558324.0647037,True,False,True,False,1785558300.3503048,False,True,1,0,False
1785430955.7579584,20,1785558334.0425353,37.44373235675593,0.6079064621957733,36.70405127031357,True,37.5,36.5,38.6,0.95,0.05,0.0,0.7,0.03,2,1785558344.0705838,True,True,True,False,1785558300.3503048,False,True,1,0,False
1785430955.7579584,20,1785558354.049744,37.45975432974747,0.6078492408636607,36.70939192797742,True,37.5,36.5,38.6,0.95,0.05,0.0,0.7,0.03,2,1785558364.0777392,True,True,True,False,1785558300.3503048,False,True,1,0,False
1785430955.7579584,20,1785558374.0573812,37.46242465857938,0.6081925688563363,36.71473258564126,True,37.5,36.5,38.6,0.95,0.05,0.0,0.7,0.03,2,1785558384.0866864,True,False,True,False,1785558300.3503048,False,True,1,0,False
1785430955.7579584,20,1785558394.065351,37.470435645075156,0.6081162737468528,36.71206225680933,True,37.5,36.5,38.6,0.95,0.05,0.0,0.7,0.03,2,1785558404.0934029,True,False,True,False,1785558300.3503048,False,True,1,0,False
1785430955.7579584,20,1785558414.0724792,37.49179827573053,0.6081925688563363,36.706721599145496,True,37.5,36.5,38.6,0.95,0.05,0.0,0.7,0.03,2,1785558424.1005602,True,False,True,False,1785558300.3503048,False,True,1,0,False
1785430955.7579584,20,1785558434.0789049,37.51049057755398,0.6080971999694819,36.73342488746471,True,37.5,36.5,38.6,0.95,0.05,0.0,0.7,0.03,2,1785558444.1063032,True,True,True,False,1785558300.3503048,False,1,0,0,False
1785430955.7579584,20,1785558454.085898,37.52384222171359,0.6080018310826276,36.73342488746471,True,37.5,36.5,38.6,0.95,0.05,0.0,0.7,0.03,2,1785558464.1140666,True,True,True,False,1785558300.3503048,False,1,0,0,False
1785430955.7579584,20,1785558474.0936701,37.526512550545505,0.6079255359731441,36.73342488746471,True,37.5,36.5,38.6,0.95,0.05,0.0,0.7,0.03,2,1785558484.1216753,True,False,True,True,1785558480.3504004,False,1,0,0,False
1785430955.7579584,20,1785558494.1007411,37.51850156404974,0.6083260852979323,36.75745784695201,True,37.5,36.5,38.6,0.95,0.05,0.0,0.7,0.03,2,1785558504.12838,True,False,True,False,1785558480.3504004,False,1,0,0,False
1785430955.7579584,20,1785558514.1071157,37.53452353704128,0.6083642328526742,36.74677653162432,True,37.5,36.5,38.6,0.95,0.05,0.0,0.7,0.03,2,1785558524.1353095,True,False,True,False,1785558480.3504004,False,1,0,0,False
1785430955.7579584,20,1785558534.1135972,37.513160906385906,0.6084023804074158,36.76279850461586,True,37.5,36.5,38.6,0.95,0.05,0.0,0.7,0.03,2,1785558544.1410902,True,False,True,False,1785558480.3504004,False,1,0,0,False
1785430955.7579584,20,1785558554.1199942,37.52384222171359,0.6080781261921111,36.725413900968945,True,37.5,36.5,38.6,0.95,0.05,0.0,0.7,0.03,2,1785558564.1472108,True,False,True,False,1785558480.3504004,False,1,0,0,False
1785430955.7579584,20,1785558574.1270027,37.52117189288167,0.6079827573052567,36.72007324330511,True,37.5,36.5,38.6,0.95,0.05,0.0,0.7,0.03,2,1785558584.1554444,True,True,True,False,1785558480.3504004,False,1,0,0,False
1785430955.7579584,20,1785558594.1366022,37.49179827573053,0.6081925688563363,36.71740291447318,True,37.5,36.5,38.6,0.95,0.05,0.0,0.7,0.03,2,1785558604.1650312,True,False,True,False,1785558480.3504004,False,True,1,0,False
1785430955.7579584,20,1785558614.143646,37.48645761806668,0.6080590524147402,36.71740291447318,True,37.5,36.5,38.6,0.95,0.05,0.0,0.7,0.03,2,1785558624.1716664,True,False,True,False,1785558480.3504004,False,True,1,0,False
1785430955.7579584,20,1785558634.1505663,37.45708400091554,0.6078873884184024,36.701380941481645,True,37.5,36.5,38.6,0.95,0.05,0.0,0.7,0.03,2,1785558644.1789634,True,False,True,False,1785558480.3504004,False,True,1,0,False
1785430955.7579584,20,1785558654.1582515,37.465094987411305,0.6078492408636607,36.706721599145496,True,37.5,36.5,38.6,0.95,0.05,0.0,0.7,0.03,2,1785558664.186749,True,True,True,True,1785558660.3504226,False,True,1,0,False
1785430955.7579584,20,1785558674.1654866,37.46242465857938,0.6080209048599984,36.68535896849012,True,37.5,36.5,38.6,0.95,0.05,0.0,0.7,0.03,2,1785558684.1929555,True,True,True,False,1785558660.3504226,False,True,1,0,False
1785430955.7579584,20,1785558694.171815,37.45975432974747,0.6076966506446937,36.67734798199436,True,37.5,36.5,38.6,0.95,0.05,0.0,0.7,0.03,2,1785558704.1988108,True,False,True,False,1785558660.3504226,False,True,1,0,False
1785430955.7579584,20,1785558714.1781793,37.465094987411305,0.6079827573052567,36.70405127031357,True,37.5,36.5,38.6,0.95,0.05,0.0,0.7,0.03,2,1785558724.2051768,True,False,True,False,1785558660.3504226,False,True,1,0,False
1785430955.7579584,20,1785558734.1851652,37.481116960402844,0.6080018310826276,36.70405127031357,True,37.5,36.5,38.6,0.95,0.05,0.0,0.7,0.03,2,1785558744.2153528,True,True,True,False,1785558660.3504226,False,True,1,0,False
1785430955.7579584,20,1785558754.192488,37.49179827573053,0.6082307164110781,36.70939192797742,True,37.5,36.5,38.6,0.95,0.05,0.0,0.7,0.03,2,1785558764.219509,True,True,True,False,1785558660.3504226,False,True,1,0,False
1785430955.7579584,20,1785558774.1993935,37.50514991989013,0.6081353475242237,36.72007324330511,True,37.5,36.5,38.6,0.95,0.05,0.0,0.7,0.03,2,1785558784.2278051,True,False,True,False,1785558660.3504226,False,1,0,0,False
1785430955.7579584,20,1785558794.207043,37.52384222171359,0.6079827573052567,36.73342488746471,True,37.5,36.5,38.6,0.95,0.05,0.0,0.7,0.03,2,1785558804.2355604,True,False,True,False,1785558660.3504226,False,1,0,0,False
1785430955.7579584,20,1785558814.2148645,37.52384222171359,0.608383306630045,36.71740291447318,True,37.5,36.5,38.6,0.95,0.05,0.0,0.7,0.03,2,1785558824.2434707,True,False,True,False,1785558660.3504226,False,1,0,0,False
1785430955.7579584,20,1785558834.2227235,37.53719386587319,0.6080209048599984,36.73876554512856,True,37.5,36.5,38.6,0.95,0.05,0.0,0.7,0.03,2,1785558844.2512512,True,True,True,True,1785558840.350475,False,1,0,0,False
1785430955.7579584,20,1785558854.2304344,37.51850156404974,0.6080971999694819,36.73876554512856,True,37.5,36.5,38.6,0.95,0.05,0.0,0.7,0.03,2,1785558864.2581537,True,True,True,False,1785558840.350475,False,1,0,0,False
1785430955.7579584,20,1785558874.2375314,37.52117189288167,0.6079064621957733,36.72274357213702,True,37.5,36.5,38.6,0.95,0.05,0.0,0.7,0.03,2,1785558884.2662342,True,True,True,False,1785558840.350475,False,1,0,0,False
1785430955.7579584,20,1785558894.244024,37.50247959105822,0.6081353475242237,36.741435873960484,True,37.5,36.5,38.6,0.95,0.05,0.0,0.7,0.03,2,1785558904.273969,True,True,True,False,1785558840.350475,False,1,0,0,False
1785430955.7579584,20,1785558914.2515054,37.470435645075156,0.6080399786373694,36.698710612649734,True,37.5,36.5,38.6,0.95,0.05,0.0,0.7,0.03,2,1785558924.2797241,True,True,True,False,1785558840.350475,False,True,1,0,False
1785430955.7579584,20,1785558934.2586281,37.48645761806668,0.6079255359731441,36.71473258564126,True,37.5,36.5,38.6,0.95,0.05,0.0,0.7,0.03,2,1785558944.2859251,True,True,True,False,1785558840.350475,False,True,1,0,False
1785430955.7579584,20,1785558954.2650456,37.470435645075156,0.6077157244220645,36.70405127031357,True,37.5,36.5,38.6,0.95,0.05,0.0,0.7,0.03,2,1785558964.2948792,True,True,True,False,1785558840.350475,False,True,1,0,False
1785430955.7579584,20,1785558974.271509,37.483787289234755,0.6077538719768063,36.70405127031357,True,37.5,36.5,38.6,0.95,0.05,0.0,0.7,0.03,2,1785558984.299001,True,True,True,False,1785558840.350475,False,True,1,0,False
1785430955.7579584,20,1785558994.2780259,37.49713893339437,0.6081925688563363,36.71206225680933,True,37.5,36.5,38.6,0.95,0.05,0.0,0.7,0.03,2,1785559004.3052013,True,True,True,False,1785558840.350475,False,True,1,0,False
1785430955.7579584,20,1785559014.284383,37.49713893339437,0.6080399786373694,36.72274357213702,True,37.5,36.5,38.6,0.95,0.05,0.0,0.7,0.03,2,1785559024.31172,True,False,True,True,1785559020.3504903,False,True,1,0,False
1785430955.7579584,20,1785559034.2906475,37.49980926222629,0.6080399786373694,36.69069962615396,True,37.5,36.5,38.6,0.95,0.05,0.0,0.7,0.03,2,1785559044.3205988,True,False,True,False,1785559020.3504903,False,True,1,0,False
1785430955.7579584,20,1785559054.2976623,37.52384222171359,0.6077729457541772,36.73342488746471,True,37.5,36.5,38.6,0.95,0.05,0.0,0.7,0.03,2,1785559064.3261917,True,False,True,False,1785559020.3504903,False,1,0,0,False
1785430955.7579584,20,1785559074.3047945,37.53719386587319,0.6080971999694819,36.71740291447318,True,37.5,36.5,38.6,0.95,0.05,0.0,0.7,0.03,2,1785559084.3326325,True,False,True,False,1785559020.3504903,False,1,0,0,False
1785430955.7579584,20,1785559094.3112323,37.513160906385906,0.6080971999694819,36.72007324330511,True,37.5,36.5,38.6,0.95,0.05,0.0,0.7,0.03,2,1785559104.3386407,True,False,True,False,1785559020.3504903,False,1,0,0,False
1785430955.7579584,20,1785559114.3176236,37.52384222171359,0.6078683146410314,36.72007324330511,True,37.5,36.5,38.6,0.95,0.05,0.0,0.7,0.03,2,1785559124.3450463,True,False,True,False,1785559020.3504903,False,1,0,0,False
1785430955.7579584,20,1785559134.3240538,37.52384222171359,0.6080781261921111,36.70939192797742,True,37.5,36.5,38.6,0.95,0.05,0.0,0.7,0.03,2,1785559144.3510785,True,True,True,False,1785559020.3504903,False,1,0,0,False
1785430955.7579584,20,1785559154.3304307,37.51850156404974,0.6079827573052567,36.72007324330511,True,37.5,36.5,38.6,0.95,0.05,0.0,0.7,0.03,2,1785559164.3601775,True,True,True,False,1785559020.3504903,False,1,0,0,False
1785430955.7579584,20,1785559174.3369381,37.489127946898606,0.6079446097505149,36.70939192797742,True,37.5,36.5,38.6,0.95,0.05,0.0,0.7,0.03,2,1785559184.365445,True,True,True,False,1785559020.3504903,False,True,1,0,False
1785430955.7579584,20,1785559194.3440733,37.470435645075156,0.6079636835278859,36.71740291447318,True,37.5,36.5,38.6,0.95,0.05,0.0,0.7,0.03,2,1785559204.3726704,True,True,True,True,1785559200.3505104,False,True,1,0,False
1785430955.7579584,20,1785559214.355077,37.45441367208362,0.6079636835278859,36.68001831082627,True,37.5,36.5,38.6,0.95,0.05,0.0,0.7,0.03,2,1785559224.3867128,True,False,True,False,1785559200.3505104,False,True,1,0,False
1785430955.7579584,20,1785559234.3663468,37.45708400091554,0.6077920195315479,36.68001831082627,True,37.5,36.5,38.6,0.95,0.05,0.0,0.7,0.03,2,1785559244.3948529,True,True,True,False,1785559200.3505104,False,True,1,0,False
1785430955.7579584,20,1785559254.374117,37.45975432974747,0.6081353475242237,36.66933699549858,True,37.5,36.5,38.6,0.95,0.05,0.0,0.7,0.03,2,1785559264.4025612,True,False,True,False,1785559200.3505104,False,True,1,0,False
1785430955.7579584,20,1785559274.3818464,37.47310597390707,0.6080209048599984,36.68535896849012,True,37.5,36.5,38.6,0.95,0.05,0.0,0.7,0.03,2,1785559284.4101467,True,False,True,False,1785559200.3505104,False,True,1,0,False
1785430955.7579584,20,1785559294.3889883,37.48645761806668,0.6079827573052567,36.70405127031357,True,37.5,36.5,38.6,0.95,0.05,0.0,0.7,0.03,2,1785559304.4165418,True,True,True,False,1785559200.3505104,False,True,1,0,False
1785430955.7579584,20,1785559314.39601,37.507820248722055,0.607639429312581,36.69336995498588,True,37.5,36.5,38.6,0.95,0.05,0.0,0.7,0.03,2,1785559324.4242954,True,True,True,False,1785559200.3505104,False,1,0,0,False
1785430955.7579584,20,1785559334.403061,37.50247959105822,0.6077538719768063,36.72007324330511,True,37.5,36.5,38.6,0.95,0.05,0.0,0.7,0.03,2,1785559344.4305215,True,True,True,False,1785559200.3505104,False,1,0,0,False
1785430955.7579584,20,1785559354.4094262,37.52384222171359,0.6080018310826276,36.71473258564126,True,37.5,36.5,38.6,0.95,0.05,0.0,0.7,0.03,2,1785559364.4369054,True,False,True,False,1785559200.3505104,False,1,0,0,False
1785430955.7579584,20,1785559374.4158232,37.526512550545505,0.6077157244220645,36.730754558632796,True,37.5,36.5,38.6,0.95,0.05,0.0,0.7,0.03,2,1785559384.443345,True,True,True,True,1785559380.3505154,False,1,0,0,False
1785430955.7579584,20,1785559394.4223504,37.53452353704128,0.6080018310826276,36.69604028381781,True,37.5,36.5,38.6,0.95,0.05,0.0,0.7,0.03,2,1785559404.4497695,True,True,True,False,1785559380.3505154,False,1,0,0,False
1785430955.7579584,20,1785559414.4287572,37.50247959105822,0.6078873884184024,36.706721599145496,True,37.5,36.5,38.6,0.95,0.05,0.0,0.7,0.03,2,1785559424.4561694,True,True,True,False,1785559380.3505154,False,1,0,0,False
1785430955.7579584,20,1785559434.4351547,37.49980926222629,0.6078301670862898,36.69069962615396,True,37.5,36.5,38.6,0.95,0.05,0.0,0.7,0.03,2,1785559444.4634714,True,True,True,False,1785559380.3505154,False,True,1,0,False
1785430955.7579584,20,1785559454.4415593,37.48645761806668,0.6076775768673228,36.706721599145496,True,37.5,36.5,38.6,0.95,0.05,0.0,0.7,0.03,2,1785559464.4686036,True,False,True,False,1785559380.3505154,False,True,1,0,False
1785430955.7579584,20,1785559474.4480252,37.46242465857938,0.6079636835278859,36.68001831082627,True,37.5,36.5,38.6,0.95,0.05,0.0,0.7,0.03,2,1785559484.475465,True,False,True,False,1785559380.3505154,False,True,1,0,False
1785430955.7579584,20,1785559494.4544213,37.481116960402844,0.6077538719768063,36.70939192797742,True,37.5,36.5,38.6,0.95,0.05,0.0,0.7,0.03,2,1785559504.4830303,True,False,True,False,1785559380.3505154,False,True,1,0,False
1785430955.7579584,20,1785559514.4608023,37.48645761806668,0.6079255359731441,36.70405127031357,True,37.5,36.5,38.6,0.95,0.05,0.0,0.7,0.03,2,1785559524.4907053,True,False,True,False,1785559380.3505154,False,True,1,0,False
1785430955.7579584,20,1785559534.4673162,37.49179827573053,0.6078683146410314,36.70939192797742,True,37.5,36.5,38.6,0.95,0.05,0.0,0.7,0.03,2,1785559544.4947932,True,True,True,False,1785559380.3505154,False,True,1,0,False
1785430955.7579584,20,1785559554.473823,37.50247959105822,0.6078301670862898,36.70939192797742,True,37.5,36.5,38.6,0.95,0.05,0.0,0.7,0.03,2,1785559564.5027814,True,True,True,True,1785559560.3505442,False,1,0,0,False
1785430955.7579584,20,1785559574.4801188,37.526512550545505,0.6077729457541772,36.73609521629663,True,37.5,36.5,38.6,0.95,0.05,0.0,0.7,0.03,2,1785559584.5078037,True,False,True,False,1785559560.3505442,False,1,0,0,False
1785430955.7579584,20,1785559594.4871988,37.507820248722055,0.6078873884184024,36.71206225680933,True,37.5,36.5,38.6,0.95,0.05,0.0,0.7,0.03,2,1785559604.5186386,True,True,True,False,1785559560.3505442,False,1,0,0,False
1785430955.7579584,20,1785559614.4943254,37.507820248722055,0.6078110933089189,36.706721599145496,True,37.5,36.5,38.6,0.95,0.05,0.0,0.7,0.03,2,1785559624.5236936,True,False,True,False,1785559560.3505442,False,1,0,0,False
1785430955.7579584,20,1785559634.500745,37.51049057755398,0.6078873884184024,36.706721599145496,True,37.5,36.5,38.6,0.95,0.05,0.0,0.7,0.03,2,1785559644.5301082,True,True,True,False,1785559560.3505442,False,1,0,0,False
1785430955.7579584,20,1785559654.5070157,37.507820248722055,0.6077538719768063,36.706721599145496,True,37.5,36.5,38.6,0.95,0.05,0.0,0.7,0.03,2,1785559664.5370355,True,False,True,False,1785559560.3505442,False,1,0,0,False
1785430955.7579584,20,1785559674.5136466,37.49980926222629,0.6077920195315479,36.701380941481645,True,37.5,36.5,38.6,0.95,0.05,0.0,0.7,0.03,2,1785559684.543028,True,False,True,False,1785559560.3505442,False,True,1,0,False
1785430955.7579584,20,1785559694.520421,37.50247959105822,0.607639429312581,36.69336995498588,True,37.5,36.5,38.6,0.95,0.05,0.0,0.7,0.03,2,1785559704.5476959,True,False,True,False,1785559560.3505442,False,1,0,0,False
1785430955.7579584,20,1785559714.5267222,37.470435645075156,0.6075631342030975,36.70405127031357,True,37.5,36.5,38.6,0.95,0.05,0.0,0.7,0.03,2,1785559724.554093,True,False,True,False,1785559560.3505442,False,True,1,0,False
1785430955.7579584,20,1785559734.5330355,37.470435645075156,0.607658503089952,36.69336995498588,True,37.5,36.5,38.6,0.95,0.05,0.0,0.7,0.03,2,1785559744.559907,True,False,True,True,1785559740.350557,False,True,1,0,False
1785430955.7579584,20,1785559754.5393112,37.470435645075156,0.6079064621957733,36.69336995498588,True,37.5,36.5,38.6,0.95,0.05,0.0,0.7,0.03,2,1785559764.566679,True,False,True,False,1785559740.350557,False,True,1,0,False
1785430955.7579584,20,1785559774.5456064,37.489127946898606,0.6075631342030975,36.698710612649734,True,37.5,36.5,38.6,0.95,0.05,0.0,0.7,0.03,2,1785559784.5731065,True,False,True,False,1785559740.350557,False,True,1,0,False
1785430955.7579584,20,1785559794.5520425,37.52918287937743,0.6078683146410314,36.71740291447318,True,37.5,36.5,38.6,0.95,0.05,0.0,0.7,0.03,2,1785559804.5793908,True,False,True,False,1785559740.350557,False,1,0,0,False
1785430955.7579584,20,1785559814.5583725,37.53452353704128,0.6075822079804685,36.72808422980087,True,37.5,36.5,38.6,0.95,0.05,0.0,0.7,0.03,2,1785559824.5857508,True,True,True,False,1785559740.350557,False,1,0,0,False
1785430955.7579584,20,1785559834.567798,37.526512550545505,0.6079636835278859,36.72808422980087,True,37.5,36.5,38.6,0.95,0.05,0.0,0.7,0.03,2,1785559844.5954194,True,True,True,False,1785559740.350557,False,1,0,0,False
1785430955.7579584,20,1785559854.5744472,37.52384222171359,0.6081353475242237,36.706721599145496,True,37.5,36.5,38.6,0.95,0.05,0.0,0.7,0.03,2,1785559864.601477,True,False,True,False,1785559740.350557,False,1,0,0,False
1785430955.7579584,20,1785559874.5809336,37.531853208209355,0.6077920195315479,36.71740291447318,True,37.5,36.5,38.6,0.95,0.05,0.0,0.7,0.03,2,1785559884.6082928,True,True,True,False,1785559740.350557,False,1,0,0,False
1785430955.7579584,20,1785559894.5872595,37.51850156404974,0.6078492408636607,36.70939192797742,True,37.5,36.5,38.6,0.95,0.05,0.0,0.7,0.03,2,1785559904.6149511,True,False,True,False,1785559740.350557,False,1,0,0,False
1785430955.7579584,20,1785559914.5937943,37.507820248722055,0.6079255359731441,36.698710612649734,True,37.5,36.5,38.6,0.95,0.05,0.0,0.7,0.03,2,1785559924.6240637,True,False,True,True,1785559920.350581,False,1,0,0,False
1785430955.7579584,20,1785559934.6008801,37.470435645075156,0.6075631342030975,36.69336995498588,True,37.5,36.5,38.6,0.95,0.05,0.0,0.7,0.03,2,1785559944.6293392,True,False,True,False,1785559920.350581,False,True,1,0,False
1785430955.7579584,20,1785559954.6079562,37.45441367208362,0.6077157244220645,36.66666666666667,True,37.5,36.5,38.6,0.95,0.05,0.0,0.7,0.03,2,1785559964.637361,True,True,True,False,1785559920.350581,False,True,1,0,False
1785430955.7579584,20,1785559974.6151404,37.446402685587856,0.6076966506446937,36.66666666666667,True,37.5,36.5,38.6,0.95,0.05,0.0,0.7,0.03,2,1785559984.6453798,True,True,True,False,1785559920.350581,False,True,1,0,False
1785430955.7579584,20,1785559994.6223044,37.44373235675593,0.6074486915388724,36.663996337834746,True,37.5,36.5,38.6,0.95,0.05,0.0,0.7,0.03,2,1785560004.6520596,True,True,True,False,1785559920.350581,False,True,1,0,False
1785430955.7579584,20,1785560014.6290627,37.44373235675593,0.6074296177615015,36.65331502250706,True,37.5,36.5,38.6,0.95,0.05,0.0,0.7,0.03,2,1785560024.6591313,True,True,True,False,1785559920.350581,False,True,1,0,False
1785430955.7579584,20,1785560034.635732,37.46776531624323,0.6075631342030975,36.663996337834746,True,37.5,36.5,38.6,0.95,0.05,0.0,0.7,0.03,2,1785560044.6647923,True,True,True,False,1785559920.350581,False,True,1,0,False
1785430955.7579584,20,1785560054.6423643,37.47577630273899,0.6077920195315479,36.66933699549858,True,37.5,36.5,38.6,0.95,0.05,0.0,0.7,0.03,2,1785560064.6696877,True,True,True,False,1785559920.350581,False,True,1,0,False
1785430955.7579584,20,1785560074.6492739,37.489127946898606,0.6074296177615015,36.68535896849012,True,37.5,36.5,38.6,0.95,0.05,0.0,0.7,0.03,2,1785560084.6792457,True,True,True,False,1785559920.350581,False,True,1,0,False
1785430955.7579584,20,1785560094.6564672,37.470435645075156,0.607658503089952,36.69336995498588,True,37.5,36.5,38.6,0.95,0.05,0.0,0.7,0.03,2,1785560104.685216,True,True,True,True,1785560100.35061,False,True,1,0,False
1785430955.7579584,20,1785560114.662916,37.52384222171359,0.607658503089952,36.698710612649734,True,37.5,36.5,38.6,0.95,0.05,0.0,0.7,0.03,2,1785560124.6902,True,False,True,False,1785560100.35061,False,1,0,0,False
1785430955.7579584,20,1785560134.6692426,37.52918287937743,0.6074486915388724,36.70939192797742,True,37.5,36.5,38.6,0.95,0.05,0.0,0.7,0.03,2,1785560144.696191,True,False,True,False,1785560100.35061,False,1,0,0,False
1785430955.7579584,20,1785560154.6757262,37.53986419470512,0.6078301670862898,36.72007324330511,True,37.5,36.5,38.6,0.95,0.05,0.0,0.7,0.03,2,1785560164.705174,True,False,True,False,1785560100.35061,False,1,0,0,False
1785430955.7579584,20,1785560174.6823614,37.54787518120088,0.6076966506446937,36.72007324330511,True,37.5,36.5,38.6,0.95,0.05,0.0,0.7,0.03,2,1785560184.7093337,True,True,True,False,1785560100.35061,False,1,0,0,False
1785430955.7579584,20,1785560194.6893005,37.53452353704128,0.6077347981994354,36.72808422980087,True,37.5,36.5,38.6,0.95,0.05,0.0,0.7,0.03,2,1785560204.7172418,True,True,True,False,1785560100.35061,False,1,0,0,False
1785430955.7579584,20,1785560214.6969423,37.550545510032805,0.6075440604257267,36.71740291447318,True,37.5,36.5,38.6,0.95,0.05,0.0,0.7,0.03,2,1785560224.728131,True,False,True,False,1785560100.35061,False,1,0,0,False
1785430955.7579584,20,1785560234.7050035,37.54253452353704,0.6075631342030975,36.71740291447318,True,37.5,36.5,38.6,0.95,0.05,0.0,0.7,0.03,2,1785560244.7333872,True,False,True,False,1785560100.35061,False,1,0,0,False
1785430955.7579584,20,1785560254.7129495,37.51850156404974,0.607639429312581,36.744106202792395,True,37.5,36.5,38.6,0.95,0.05,0.0,0.7,0.03,2,1785560264.7458508,True,True,True,False,1785560100.35061,False,1,0,0,False
1785430955.7579584,20,1785560274.7250276,37.49446860456244,0.607505912870985,36.71740291447318,True,37.5,36.5,38.6,0.95,0.05,0.0,0.7,0.03,2,1785560284.754242,True,False,True,True,1785560280.350702,False,True,1,0,False
1785430955.7579584,20,1785560294.7314198,37.49713893339437,0.607486839093614,36.69336995498588,True,37.5,36.5,38.6,0.95,0.05,0.0,0.7,0.03,2,1785560304.7588394,True,False,True,False,1785560280.350702,False,True,1,0,False
1785430955.7579584,20,1785560314.7378554,37.470435645075156,0.6073723964293889,36.682688639658195,True,37.5,36.5,38.6,0.95,0.05,0.0,0.7,0.03,2,1785560324.7650607,True,False,True,False,1785560280.350702,False,True,1,0,False
1785430955.7579584,20,1785560334.7441738,37.45975432974747,0.6075440604257267,36.67734798199436,True,37.5,36.5,38.6,0.95,0.05,0.0,0.7,0.03,2,1785560344.771575,True,True,True,False,1785560280.350702,False,True,1,0,False
1785430955.7579584,20,1785560354.7506146,37.481116960402844,0.6076012817578393,36.688029297322046,True,37.5,36.5,38.6,0.95,0.05,0.0,0.7,0.03,2,1785560364.778139,True,True,True,False,1785560280.350702,False,True,1,0,False
1785430955.7579584,20,1785560374.7570326,37.483787289234755,0.6075440604257267,36.67734798199436,True,37.5,36.5,38.6,0.95,0.05,0.0,0.7,0.03,2,1785560384.7844348,True,False,True,False,1785560280.350702,False,True,1,0,False
1785430955.7579584,20,1785560394.7633915,37.49713893339437,0.6073151750972763,36.68001831082627,True,37.5,36.5,38.6,0.95,0.05,0.0,0.7,0.03,2,1785560404.791328,True,True,True,False,1785560280.350702,False,True,1,0,False
1785430955.7579584,20,1785560414.7696426,37.43305104142824,0.6075249866483559,36.71206225680933,True,37.5,36.5,38.6,0.95,0.05,0.0,0.7,0.03,2,1785560424.7969358,False,True,True,False,1785560280.350702,False,True,1,0,False
1785430955.7579584,20,1785560434.7759552,37.34493018997482,0.6072388799877928,36.71740291447318,True,37.5,36.5,38.6,0.95,0.05,0.0,0.7,0.03,2,1785560444.803272,False,True,True,False,1785560280.350702,False,True,1,0,False
1785430955.7579584,20,1785560454.78209,37.32089723048753,0.6071435111009384,36.73342488746471,True,37.5,36.5,38.6,0.95,0.05,0.0,0.7,0.03,2,1785560464.8093023,False,True,True,True,1785560460.3507283,False,True,1,0,False
1785430955.7579584,20,1785560474.7880335,37.29686427100023,0.6072579537651636,36.76012817578393,True,37.5,36.5,38.6,0.95,0.05,0.0,0.7,0.03,2,1785560484.8152504,False,True,True,False,1785560460.3507283,False,True,1,0,False
1785430955.7579584,20,1785560494.794089,37.267490653849094,0.6071816586556801,36.80018310826276,True,37.5,36.5,38.6,0.95,0.05,0.0,0.7,0.03,2,1785560504.8211951,False,True,True,False,1785560460.3507283,False,True,1,0,False
1785430955.7579584,20,1785560514.800116,37.267490653849094,0.6072961013199054,36.80018310826276,True,37.5,36.5,38.6,0.95,0.05,0.0,0.7,0.03,2,1785560524.8272061,False,True,True,False,1785560460.3507283,False,True,1,0,False
1785430955.7579584,20,1785560534.8061218,37.27283131151293,0.6070099946593424,36.810864423590445,True,37.5,36.5,38.6,0.95,0.05,0.0,0.7,0.03,2,1785560544.8331804,False,True,True,False,1785560460.3507283,False,True,1,0,False
1785430955.7579584,20,1785560554.8120246,37.25680933852141,0.6072388799877928,36.80018310826276,True,37.5,36.5,38.6,0.95,0.05,0.0,0.7,0.03,2,1785560564.8391275,False,True,True,False,1785560460.3507283,False,True,1,0,False
1785430955.7579584,20,1785560574.8180487,37.25413900968948,0.6072198062104219,36.810864423590445,True,37.5,36.5,38.6,0.95,0.05,0.0,0.7,0.03,2,1785560584.8447225,False,True,True,False,1785560460.3507283,False,True,1,0,False
1785430955.7579584,20,1785560594.824079,37.25680933852141,0.6071244373235676,36.834897383077745,True,37.5,36.5,38.6,0.95,0.05,0.0,0.7,0.03,2,1785560604.8507202,False,True,True,False,1785560460.3507283,False,True,1,0,False
1785430955.7579584,20,1785560614.8300865,37.267490653849094,0.6068764782177462,36.84023804074158,True,37.5,36.5,38.6,0.95,0.05,0.0,0.7,0.03,2,1785560624.8572567,False,True,True,False,1785560460.3507283,False,True,1,0,False
1785430955.7579584,20,1785560634.8361688,37.27550164034486,0.6070481422140841,36.85091935606927,True,37.5,36.5,38.6,0.95,0.05,0.0,0.7,0.03,2,1785560644.8632648,False,True,True,True,1785560640.3507571,False,True,1,0,False
1785430955.7579584,20,1785560654.842178,37.29953459983216,0.6071625848783093,36.88830395971618,True,37.5,36.5,38.6,0.95,0.05,0.0,0.7,0.03,2,1785560664.8692825,False,True,True,False,1785560640.3507571,False,True,1,0,False
1785430955.7579584,20,1785560674.8481288,37.286182955672544,0.6067238879987792,36.88830395971618,True,37.5,36.5,38.6,0.95,0.05,0.0,0.7,0.03,2,1785560684.8747313,False,True,True,False,1785560640.3507571,False,True,1,0,False
1785430955.7579584,20,1785560694.854131,37.30487525749599,0.6071435111009384,36.88563363088426,True,37.5,36.5,38.6,0.95,0.05,0.0,0.7,0.03,2,1785560704.8813438,False,True,True,False,1785560640.3507571,False,True,1,0,False
1785430955.7579584,20,1785560714.8601027,37.30487525749599,0.6072198062104219,36.88563363088426,True,37.5,36.5,38.6,0.95,0.05,0.0,0.7,0.03,2,1785560724.8871255,False,True,True,False,1785560640.3507571,False,True,1,0,False
1785430955.7579584,20,1785560734.8661973,37.32089723048753,0.6071625848783093,36.92301823453117,True,37.5,36.5,38.6,0.95,0.05,0.0,0.7,0.03,2,1785560744.893284,False,True,True,False,1785560640.3507571,False,True,1,0,False
1785430955.7579584,20,1785560754.8721457,37.31555657282368,0.6071244373235676,36.90699626153963,True,37.5,36.5,38.6,0.95,0.05,0.0,0.7,0.03,2,1785560764.8992198,False,True,True,False,1785560640.3507571,False,True,1,0,False
1785430955.7579584,20,1785560774.878174,37.355611505302505,0.607505912870985,36.92301823453117,True,37.5,36.5,38.6,0.95,0.05,0.0,0.7,0.03,2,1785560784.905262,False,True,True,False,1785560640.3507571,False,True,1,0,False
1785430955.7579584,20,1785560794.8841074,37.34225986114291,0.6071435111009384,36.93636987869077,True,37.5,36.5,38.6,0.95,0.05,0.0,0.7,0.03,2,1785560804.911224,False,True,True,False,1785560640.3507571,False,True,1,0,False
1785430955.7579584,20,1785560814.8901315,37.36896314946212,0.6072007324330511,36.93102922102693,True,37.5,36.5,38.6,0.95,0.05,0.0,0.7,0.03,2,1785560824.9167259,False,True,True,True,1785560820.3507893,False,True,1,0,False
1785430955.7579584,20,1785560834.8960478,37.38765545128557,0.6076012817578393,36.94171053635462,True,37.5,36.5,38.6,0.95,0.05,0.0,0.7,0.03,2,1785560844.9232154,False,True,True,False,1785560820.3507893,False,True,1,0,False
1785430955.7579584,20,1785560854.9021022,37.36896314946212,0.6071053635461966,36.94171053635462,True,37.5,36.5,38.6,0.95,0.05,0.0,0.7,0.03,2,1785560864.929212,False,True,True,False,1785560820.3507893,False,True,1,0,False
1785430955.7579584,20,1785560874.90806,37.371633478294044,0.6071816586556801,36.97375448233768,True,37.5,36.5,38.6,0.95,0.05,0.0,0.7,0.03,2,1785560884.935155,False,True,True,False,1785560820.3507893,False,True,1,0,False
1785430955.7579584,20,1785560894.9140785,37.37430380712597,0.6071053635461966,36.97108415350576,True,37.5,36.5,38.6,0.95,0.05,0.0,0.7,0.03,2,1785560904.9411638,False,True,True,False,1785560820.3507893,False,True,1,0,False
1785430955.7579584,20,1785560914.9200108,37.395666437781344,0.6068574044403754,36.96574349584192,True,37.5,36.5,38.6,0.95,0.05,0.0,0.7,0.03,2,1785560924.9466152,False,True,True,False,1785560820.3507893,False,True,1,0,False
1785430955.7579584,20,1785560934.9260418,37.40100709544518,0.607334248874647,36.981765468833444,True,37.5,36.5,38.6,0.95,0.05,0.0,0.7,0.03,2,1785560944.9531856,False,True,True,False,1785560820.3507893,False,True,1,0,False
1785430955.7579584,20,1785560954.9320467,37.422369726100555,0.6070290684367131,37.00846875715267,True,37.5,36.5,38.6,0.95,0.05,0.0,0.7,0.03,2,1785560964.9591303,False,True,True,False,1785560820.3507893,False,True,1,0,False
1785430955.7579584,20,1785560974.9380229,37.43038071259632,0.6072198062104219,37.01380941481651,True,37.5,36.5,38.6,0.95,0.05,0.0,0.7,0.03,2,1785560984.965173,False,True,True,False,1785560820.3507893,False,True,1,0,False
1785430955.7579584,20,1785560994.944018,37.44907301441978,0.6071053635461966,37.01647974364843,True,37.5,36.5,38.6,0.95,0.05,0.0,0.7,0.03,2,1785561004.9711199,False,True,True,True,1785561000.3507931,False,True,1,0,False
1785430955.7579584,20,1785561014.9500248,37.44373235675593,0.6072388799877928,37.04318303196766,True,37.5,36.5,38.6,0.95,0.05,0.0,0.7,0.03,2,1785561024.9772885,False,True,True,False,1785561000.3507931,False,True,1,0,False
1785430955.7579584,20,1785561034.9560993,37.47844663157092,0.6074105439841305,37.053864347295345,True,37.5,36.5,38.6,0.95,0.05,0.0,0.7,0.03,2,1785561044.9827294,False,True,True,False,1785561000.3507931,False,True,1,0,False
1785430955.7579584,20,1785561054.9620776,37.44373235675593,0.6071435111009384,37.053864347295345,True,37.5,36.5,38.6,0.95,0.05,0.0,0.7,0.03,2,1785561064.9892085,False,True,True,False,1785561000.3507931,False,True,1,0,False
1785430955.7579584,20,1785561074.9680886,37.46242465857938,0.6073914702067598,37.06454566262303,True,37.5,36.5,38.6,0.95,0.05,0.0,0.7,0.03,2,1785561084.9952276,False,True,True,False,1785561000.3507931,False,True,1,0,False
1785430955.7579584,20,1785561094.9741476,37.481116960402844,0.6073914702067598,37.06187533379111,True,37.5,36.5,38.6,0.95,0.05,0.0,0.7,0.03,2,1785561105.0012646,False,True,True,False,1785561000.3507931,False,True,1,0,False
1785430955.7579584,20,1785561114.980098,37.465094987411305,0.607067215991455,37.09391927977417,True,37.5,36.5,38.6,0.95,0.05,0.0,0.7,0.03,2,1785561125.0072582,False,True,True,False,1785561000.3507931,False,True,1,0,False
1785430955.7579584,20,1785561134.986123,37.49179827573053,0.6072579537651636,37.099259937438006,True,37.5,36.5,38.6,0.95,0.05,0.0,0.7,0.03,2,1785561145.013238,False,True,True,False,1785561000.3507931,False,True,1,0,False
1785430955.7579584,20,1785561154.992057,37.50247959105822,0.6073723964293889,37.099259937438006,True,37.5,36.5,38.6,0.95,0.05,0.0,0.7,0.03,2,1785561165.0191398,False,True,True,False,1785561000.3507931,False,1,0,0,False
1785430955.7579584,20,1785561174.9980648,37.531853208209355,0.6072579537651636,37.09391927977417,True,37.5,36.5,38.6,0.95,0.05,0.0,0.7,0.03,2,1785561185.0251675,False,True,True,True,1785561180.3508132,False,1,0,0,False
1785430955.7579584,20,1785561195.0040414,37.53452353704128,0.6072388799877928,37.08590829327841,True,37.5,36.5,38.6,0.95,0.05,0.0,0.7,0.03,2,1785561205.0311368,False,True,True,False,1785561180.3508132,False,1,0,0,False
1785430955.7579584,20,1785561215.010108,37.53452353704128,0.6073914702067598,37.11261158159762,True,37.5,36.5,38.6,0.95,0.05,0.0,0.7,0.03,2,1785561225.0372827,False,True,True,False,1785561180.3508132,False,1,0,0,False
1785430955.7579584,20,1785561235.0161479,37.50514991989013,0.607334248874647,37.10193026626993,True,37.5,36.5,38.6,0.95,0.05,0.0,0.7,0.03,2,1785561245.043097,False,True,True,False,1785561180.3508132,False,1,0,0,False
1785430955.7579584,20,1785561255.0221167,37.470435645075156,0.6072770275425345,37.091248950942244,True,37.5,36.5,38.6,0.95,0.05,0.0,0.7,0.03,2,1785561265.049255,False,True,True,False,1785561180.3508132,False,True,1,0,False
1785430955.7579584,20,1785561275.028077,37.483787289234755,0.607486839093614,37.08590829327841,True,37.5,36.5,38.6,0.95,0.05,0.0,0.7,0.03,2,1785561285.055187,False,True,True,False,1785561180.3508132,False,True,1,0,False
1785430955.7579584,20,1785561295.0340974,37.507820248722055,0.6072007324330511,37.072556649118795,True,37.5,36.5,38.6,0.95,0.05,0.0,0.7,0.03,2,1785561305.0611954,False,True,True,False,1785561180.3508132,False,1,0,0,False
1785430955.7579584,20,1785561315.0400357,37.49713893339437,0.607067215991455,37.09391927977417,True,37.5,36.5,38.6,0.95,0.05,0.0,0.7,0.03,2,1785561325.0673344,False,True,True,False,1785561180.3508132,False,True,1,0,False
1785430955.7579584,20,1785561335.0460565,37.481116960402844,0.6070862897688258,37.06187533379111,True,37.5,36.5,38.6,0.95,0.05,0.0,0.7,0.03,2,1785561345.0733206,False,True,True,False,1785561180.3508132,False,True,1,0,False
1785430955.7579584,20,1785561355.0520177,37.48645761806668,0.6069718471046006,37.08323796444648,True,37.5,36.5,38.6,0.95,0.05,0.0,0.7,0.03,2,1785561365.0824232,False,True,True,True,1785561360.3508215,False,True,1,0,False
1785430955.7579584,20,1785561375.0612981,37.489127946898606,0.606914625772488,37.08323796444648,True,37.5,36.5,38.6,0.95,0.05,0.0,0.7,0.03,2,1785561385.0888407,False,True,True,False,1785561360.3508215,False,True,1,0,False
1785430955.7579584,20,1785561395.0676618,37.49713893339437,0.6072007324330511,37.06454566262303,True,37.5,36.5,38.6,0.95,0.05,0.0,0.7,0.03,2,1785561405.094286,False,True,True,False,1785561360.3508215,False,True,1,0,False
1785430955.7579584,20,1785561415.0736866,37.49179827573053,0.6071053635461966,37.06454566262303,True,37.5,36.5,38.6,0.95,0.05,0.0,0.7,0.03,2,1785561425.100298,False,True,True,False,1785561360.3508215,False,True,1,0,False
1785430955.7579584,20,1785561435.0796342,37.51049057755398,0.607353322652018,37.06454566262303,True,37.5,36.5,38.6,0.95,0.05,0.0,0.7,0.03,2,1785561445.1067936,False,True,True,False,1785561360.3508215,False,1,0,0,False
1785430955.7579584,20,1785561455.085717,37.48645761806668,0.6073151750972763,37.096589608606095,True,37.5,36.5,38.6,0.95,0.05,0.0,0.7,0.03,2,1785561465.1129143,False,True,True,False,1785561360.3508215,False,True,1,0,False
1785430955.7579584,20,1785561475.0917342,37.489127946898606,0.6068001831082627,37.091248950942244,True,37.5,36.5,38.6,0.95,0.05,0.0,0.7,0.03,2,1785561485.118882,False,True,True,False,1785561360.3508215,False,True,1,0,False
1785430955.7579584,20,1785561495.097788,37.49713893339437,0.6070862897688258,37.109941252765694,True,37.5,36.5,38.6,0.95,0.05,0.0,0.7,0.03,2,1785561505.1249433,False,True,True,False,1785561360.3508215,False,True,1,0,False
1785430955.7579584,20,1785561515.1039102,37.49713893339437,0.6073914702067598,37.109941252765694,True,37.5,36.5,38.6,0.95,0.05,0.0,0.7,0.03,2,1785561525.1312568,False,True,True,False,1785561360.3508215,False,True,1,0,False
1785430955.7579584,20,1785561535.1100214,37.49713893339437,0.6072770275425345,37.099259937438006,True,37.5,36.5,38.6,0.95,0.05,0.0,0.7,0.03,2,1785561545.1369228,False,True,True,True,1785561540.3508449,False,True,1,0,False
1785430955.7579584,20,1785561555.1160414,37.51850156404974,0.6072770275425345,37.10460059510186,True,37.5,36.5,38.6,0.95,0.05,0.0,0.7,0.03,2,1785561565.1432955,False,True,True,False,1785561540.3508449,False,1,0,0,False
1785430955.7579584,20,1785561575.122099,37.51049057755398,0.6071625848783093,37.115281910429545,True,37.5,36.5,38.6,0.95,0.05,0.0,0.7,0.03,2,1785561585.14941,False,True,True,False,1785561540.3508449,False,1,0,0,False
1785430955.7579584,20,1785561595.1281502,37.52384222171359,0.6072198062104219,37.11261158159762,True,37.5,36.5,38.6,0.95,0.05,0.0,0.7,0.03,2,1785561605.155454,False,True,True,False,1785561540.3508449,False,1,0,0,False
1785430955.7579584,20,1785561615.1343353,37.48645761806668,0.6068955519951171,37.10193026626993,True,37.5,36.5,38.6,0.95,0.05,0.0,0.7,0.03,2,1785561625.1612682,False,True,True,False,1785561540.3508449,False,True,1,0,False
1785430955.7579584,20,1785561635.1406925,37.51049057755398,0.6071244373235676,37.11795223926147,True,37.5,36.5,38.6,0.95,0.05,0.0,0.7,0.03,2,1785561645.1677651,False,True,True,False,1785561540.3508449,False,1,0,0,False
1785430955.7579584,20,1785561655.146617,37.507820248722055,0.6069909208819715,37.10193026626993,True,37.5,36.5,38.6,0.95,0.05,0.0,0.7,0.03,2,1785561665.1738105,False,True,True,False,1785561540.3508449,False,1,0,0,False
1785430955.7579584,20,1785561675.1527083,37.489127946898606,0.6071816586556801,37.08056763561456,True,37.5,36.5,38.6,0.95,0.05,0.0,0.7,0.03,2,1785561685.1797779,False,True,True,False,1785561540.3508449,False,True,1,0,False
1785430955.7579584,20,1785561695.1585975,37.470435645075156,0.6071435111009384,37.08323796444648,True,37.5,36.5,38.6,0.95,0.05,0.0,0.7,0.03,2,1785561705.1857674,False,True,True,False,1785561540.3508449,False,True,1,0,False
1785430955.7579584,20,1785561715.1646512,37.481116960402844,0.6070481422140841,37.067215991454944,True,37.5,36.5,38.6,0.95,0.05,0.0,0.7,0.03,2,1785561725.191707,False,True,True,True,1785561720.350848,False,True,1,0,False
1785430955.7579584,20,1785561735.1706035,37.48645761806668,0.6071625848783093,37.07789730678263,True,37.5,36.5,38.6,0.95,0.05,0.0,0.7,0.03,2,1785561745.197751,False,True,True,False,1785561720.350848,False,True,1,0,False
1785430955.7579584,20,1785561755.1765966,37.470435645075156,0.6069909208819715,37.067215991454944,True,37.5,36.5,38.6,0.95,0.05,0.0,0.7,0.03,2,1785561765.20368,False,True,True,False,1785561720.350848,False,True,1,0,False
1785430955.7579584,20,1785561775.182575,37.49980926222629,0.6069336995498589,37.08857862211032,True,37.5,36.5,38.6,0.95,0.05,0.0,0.7,0.03,2,1785561785.2097807,False,True,True,False,1785561720.350848,False,True,1,0,False
1785430955.7579584,20,1785561795.1886823,37.48645761806668,0.6070099946593424,37.10193026626993,True,37.5,36.5,38.6,0.95,0.05,0.0,0.7,0.03,2,1785561805.2157278,False,True,True,False,1785561720.350848,False,True,1,0,False
1785430955.7579584,20,1785561815.1946542,37.49713893339437,0.6072388799877928,37.133974212252994,True,37.5,36.5,38.6,0.95,0.05,0.0,0.7,0.03,2,1785561825.2218196,False,True,True,False,1785561720.350848,False,True,1,0,False
1785430955.7579584,20,1785561835.2007146,37.51049057755398,0.6071244373235676,37.11795223926147,True,37.5,36.5,38.6,0.95,0.05,0.0,0.7,0.03,2,1785561845.2274184,False,True,True,False,1785561720.350848,False,1,0,0,False
1785430955.7579584,20,1785561855.20673,37.507820248722055,0.6067429617761502,37.11261158159762,True,37.5,36.5,38.6,0.95,0.05,0.0,0.7,0.03,2,1785561865.2332785,False,True,True,False,1785561720.350848,False,1,0,0,False
1785430955.7579584,20,1785561875.212641,37.53719386587319,0.6069909208819715,37.10727092393378,True,37.5,36.5,38.6,0.95,0.05,0.0,0.7,0.03,2,1785561885.239228,False,True,True,False,1785561720.350848,False,1,0,0,False
1785430955.7579584,20,1785561895.2185938,37.51850156404974,0.6068383306630045,37.109941252765694,True,37.5,36.5,38.6,0.95,0.05,0.0,0.7,0.03,2,1785561905.2456608,False,True,True,True,1785561900.350877,False,1,0,0,False
1785430955.7579584,20,1785561915.2245655,37.49713893339437,0.607067215991455,37.099259937438006,True,37.5,36.5,38.6,0.95,0.05,0.0,0.7,0.03,2,1785561925.2516792,False,True,True,False,1785561900.350877,False,True,1,0,False
1785430955.7579584,20,1785561935.230489,37.49713893339437,0.6069336995498589,37.067215991454944,True,37.5,36.5,38.6,0.95,0.05,0.0,0.7,0.03,2,1785561945.2576368,False,True,True,False,1785561900.350877,False,True,1,0,False
1785430955.7579584,20,1785561955.236516,37.48645761806668,0.607067215991455,37.05653467612726,True,37.5,36.5,38.6,0.95,0.05,0.0,0.7,0.03,2,1785561965.2636142,False,True,True,False,1785561900.350877,False,True,1,0,False
1785430955.7579584,20,1785561975.242471,37.47310597390707,0.6070099946593424,37.08323796444648,True,37.5,36.5,38.6,0.95,0.05,0.0,0.7,0.03,2,1785561985.269335,False,True,True,False,1785561900.350877,False,True,1,0,False
1785430955.7579584,20,1785561995.2485409,37.470435645075156,0.6069718471046006,37.08590829327841,True,37.5,36.5,38.6,0.95,0.05,0.0,0.7,0.03,2,1785562005.2757013,False,True,True,False,1785561900.350877,False,True,1,0,False
1785430955.7579584,20,1785562015.2545767,37.45441367208362,0.6066857404440376,37.08590829327841,True,37.5,36.5,38.6,0.95,0.05,0.0,0.7,0.03,2,1785562025.2817018,False,True,True,False,1785561900.350877,False,True,1,0,False
1785430955.7579584,20,1785562035.2605908,37.489127946898606,0.607067215991455,37.08590829327841,True,37.5,36.5,38.6,0.95,0.05,0.0,0.7,0.03,2,1785562045.2876437,False,True,True,False,1785561900.350877,False,True,1,0,False
1785430955.7579584,20,1785562055.2665267,37.48645761806668,0.6068955519951171,37.11261158159762,True,37.5,36.5,38.6,0.95,0.05,0.0,0.7,0.03,2,1785562065.2932863,False,True,True,False,1785561900.350877,False,True,1,0,False
1785430955.7579584,20,1785562075.272575,37.49980926222629,0.6072007324330511,37.12863355458916,True,37.5,36.5,38.6,0.95,0.05,0.0,0.7,0.03,2,1785562085.2996173,False,True,True,True,1785562080.350915,False,True,1,0,False
1785430955.7579584,20,1785562095.2785058,37.507820248722055,0.6069909208819715,37.13664454108492,True,37.5,36.5,38.6,0.95,0.05,0.0,0.7,0.03,2,1785562105.3056839,False,True,True,False,1785562080.350915,False,1,0,0,False
1785430955.7579584,20,1785562115.2846055,37.52384222171359,0.6073151750972763,37.13130388342107,True,37.5,36.5,38.6,0.95,0.05,0.0,0.7,0.03,2,1785562125.3116465,False,True,True,False,1785562080.350915,False,1,0,0,False
1785430955.7579584,20,1785562135.2905586,37.507820248722055,0.6068383306630045,37.115281910429545,True,37.5,36.5,38.6,0.95,0.05,0.0,0.7,0.03,2,1785562145.3174286,False,True,True,False,1785562080.350915,False,1,0,0,False
1785430955.7579584,20,1785562155.2965565,37.51850156404974,0.6069336995498589,37.13130388342107,True,37.5,36.5,38.6,0.95,0.05,0.0,0.7,0.03,2,1785562165.3235924,False,True,True,False,1785562080.350915,False,1,0,0,False
1785430955.7579584,20,1785562175.3024876,37.49980926222629,0.6069336995498589,37.07789730678263,True,37.5,36.5,38.6,0.95,0.05,0.0,0.7,0.03,2,1785562185.3296359,False,True,True,False,1785562080.350915,False,True,1,0,False
1785430955.7579584,20,1785562195.3085637,37.507820248722055,0.6067811093308919,37.10727092393378,True,37.5,36.5,38.6,0.95,0.05,0.0,0.7,0.03,2,1785562205.3356113,False,True,True,False,1785562080.350915,False,1,0,0,False
1785430955.7579584,20,1785562215.3144846,37.50247959105822,0.606762035553521,37.08056763561456,True,37.5,36.5,38.6,0.95,0.05,0.0,0.7,0.03,2,1785562225.3416088,False,True,True,False,1785562080.350915,False,1,0,0,False
1785430955.7579584,20,1785562235.3205209,37.49980926222629,0.6068574044403754,37.096589608606095,True,37.5,36.5,38.6,0.95,0.05,0.0,0.7,0.03,2,1785562245.3475802,False,True,True,False,1785562080.350915,False,True,1,0,False
1785430955.7579584,20,1785562255.3264542,37.45975432974747,0.6068764782177462,37.091248950942244,True,37.5,36.5,38.6,0.95,0.05,0.0,0.7,0.03,2,1785562265.353612,False,True,True,True,1785562260.3509283,False,True,1,0,False
1785430955.7579584,20,1785562275.332497,37.46242465857938,0.6069336995498589,37.07522697795072,True,37.5,36.5,38.6,0.95,0.05,0.0,0.7,0.03,2,1785562285.3595016,False,True,True,False,1785562260.3509283,False,True,1,0,False
1785430955.7579584,20,1785562295.3383913,37.45975432974747,0.6066666666666667,37.08857862211032,True,37.5,36.5,38.6,0.95,0.05,0.0,0.7,0.03,2,1785562305.3654726,False,True,True,False,1785562260.3509283,False,True,1,0,False
1785430955.7579584,20,1785562315.3443248,37.470435645075156,0.6068192568856337,37.09391927977417,True,37.5,36.5,38.6,0.95,0.05,0.0,0.7,0.03,2,1785562325.3715012,False,True,True,False,1785562260.3509283,False,True,1,0,False
1785430955.7579584,20,1785562335.3504026,37.470435645075156,0.6069718471046006,37.08323796444648,True,37.5,36.5,38.6,0.95,0.05,0.0,0.7,0.03,2,1785562345.3777113,False,True,True,False,1785562260.3509283,False,True,1,0,False
1785430955.7579584,20,1785562355.3564646,37.48645761806668,0.6071053635461966,37.109941252765694,True,37.5,36.5,38.6,0.95,0.05,0.0,0.7,0.03,2,1785562365.3835301,False,True,True,False,1785562260.3509283,False,True,1,0,False
1785430955.7579584,20,1785562375.3624132,37.489127946898606,0.6068383306630045,37.109941252765694,True,37.5,36.5,38.6,0.95,0.05,0.0,0.7,0.03,2,1785562385.3893783,False,True,True,False,1785562260.3509283,False,True,1,0,False
1785430955.7579584,20,1785562395.3684027,37.52918287937743,0.6066857404440376,37.12863355458916,True,37.5,36.5,38.6,0.95,0.05,0.0,0.7,0.03,2,1785562405.39554,False,True,True,False,1785562260.3509283,False,1,0,0,False
1785430955.7579584,20,1785562415.3744535,37.507820248722055,0.606914625772488,37.133974212252994,True,37.5,36.5,38.6,0.95,0.05,0.0,0.7,0.03,2,1785562425.4015834,False,True,True,False,1785562260.3509283,False,1,0,0,False
1785430955.7579584,20,1785562435.3804555,37.531853208209355,0.6070290684367131,37.12329289692531,True,37.5,36.5,38.6,0.95,0.05,0.0,0.7,0.03,2,1785562445.407532,False,True,True,True,1785562440.3509376,False,1,0,0,False
1785430955.7579584,20,1785562455.386456,37.53452353704128,0.6067238879987792,37.139314869916845,True,37.5,36.5,38.6,0.95,0.05,0.0,0.7,0.03,2,1785562465.4129567,False,True,True,False,1785562440.3509376,False,1,0,0,False
1785430955.7579584,20,1785562475.3924992,37.52117189288167,0.6068955519951171,37.12863355458916,True,37.5,36.5,38.6,0.95,0.05,0.0,0.7,0.03,2,1785562485.4190657,False,True,True,False,1785562440.3509376,False,1,0,0,False
1785430955.7579584,20,1785562495.3984613,37.53452353704128,0.6069527733272296,37.12062256809338,True,37.5,36.5,38.6,0.95,0.05,0.0,0.7,0.03,2,1785562505.4249754,False,True,True,False,1785562440.3509376,False,1,0,0,False
1785430955.7579584,20,1785562515.404399,37.507820248722055,0.6068001831082627,37.115281910429545,True,37.5,36.5,38.6,0.95,0.05,0.0,0.7,0.03,2,1785562525.4314957,False,True,True,False,1785562440.3509376,False,1,0,0,False
1785430955.7579584,20,1785562535.4104578,37.470435645075156,0.6068192568856337,37.109941252765694,True,37.5,36.5,38.6,0.95,0.05,0.0,0.7,0.03,2,1785562545.4375796,False,True,True,False,1785562440.3509376,False,True,1,0,False
1785430955.7579584,20,1785562555.41649,37.44907301441978,0.6065712977798122,37.10460059510186,True,37.5,36.5,38.6,0.95,0.05,0.0,0.7,0.03,2,1785562565.443515,False,True,True,False,1785562440.3509376,False,True,1,0,False
1785430955.7579584,20,1785562575.422432,37.46776531624323,0.6065522240024415,37.08857862211032,True,37.5,36.5,38.6,0.95,0.05,0.0,0.7,0.03,2,1785562585.4494963,False,True,True,False,1785562440.3509376,False,True,1,0,False
1785430955.7579584,20,1785562595.428425,37.45975432974747,0.6070862897688258,37.08056763561456,True,37.5,36.5,38.6,0.95,0.05,0.0,0.7,0.03,2,1785562605.4555085,False,True,True,False,1785562440.3509376,False,True,1,0,False
1785430955.7579584,20,1785562615.4343798,37.481116960402844,0.6068192568856337,37.08590829327841,True,37.5,36.5,38.6,0.95,0.05,0.0,0.7,0.03,2,1785562625.4616401,False,True,True,True,1785562620.3509622,False,True,1,0,False
1785430955.7579584,20,1785562635.4405358,37.45708400091554,0.6064377813382162,37.06454566262303,True,37.5,36.5,38.6,0.95,0.05,0.0,0.7,0.03,2,1785562645.4680572,False,True,True,False,1785562620.3509622,False,True,1,0,False
1785430955.7579584,20,1785562655.4468424,37.470435645075156,0.6068192568856337,37.10193026626993,True,37.5,36.5,38.6,0.95,0.05,0.0,0.7,0.03,2,1785562665.473536,False,True,True,False,1785562620.3509622,False,True,1,0,False
1785430955.7579584,20,1785562675.452806,37.489127946898606,0.6069718471046006,37.10193026626993,True,37.5,36.5,38.6,0.95,0.05,0.0,0.7,0.03,2,1785562685.4798608,False,True,True,False,1785562620.3509622,False,True,1,0,False
1785430955.7579584,20,1785562695.4587476,37.470435645075156,0.6065522240024415,37.109941252765694,True,37.5,36.5,38.6,0.95,0.05,0.0,0.7,0.03,2,1785562705.4858577,False,True,True,False,1785562620.3509622,False,True,1,0,False
1785430955.7579584,20,1785562715.4647973,37.513160906385906,0.6069336995498589,37.109941252765694,True,37.5,36.5,38.6,0.95,0.05,0.0,0.7,0.03,2,1785562725.4918535,False,True,True,False,1785562620.3509622,False,1,0,0,False
1785430955.7579584,20,1785562735.470803,37.513160906385906,0.6064568551155871,37.13664454108492,True,37.5,36.5,38.6,0.95,0.05,0.0,0.7,0.03,2,1785562745.4975672,False,True,True,False,1785562620.3509622,False,1,0,0,False
1785430955.7579584,20,1785562755.476899,37.52384222171359,0.6065140764476997,37.141985198748756,True,37.5,36.5,38.6,0.95,0.05,0.0,0.7,0.03,2,1785562765.5040107,False,True,True,False,1785562620.3509622,False,1,0,0,False
1785430955.7579584,20,1785562775.4829159,37.531853208209355,0.6069909208819715,37.13664454108492,True,37.5,36.5,38.6,0.95,0.05,0.0,0.7,0.03,2,1785562785.509994,False,True,True,False,1785562620.3509622,False,1,0,0,False
1785430955.7579584,20,1785562795.4889295,37.52384222171359,0.6068955519951171,37.12863355458916,True,37.5,36.5,38.6,0.95,0.05,0.0,0.7,0.03,2,1785562805.5159495,False,True,True,True,1785562800.3509693,False,1,0,0,False
1785430955.7579584,20,1785562815.4948833,37.50247959105822,0.606914625772488,37.11795223926147,True,37.5,36.5,38.6,0.95,0.05,0.0,0.7,0.03,2,1785562825.5215094,False,True,True,False,1785562800.3509693,False,1,0,0,False
1785430955.7579584,20,1785562835.5009573,37.50514991989013,0.6064377813382162,37.096589608606095,True,37.5,36.5,38.6,0.95,0.05,0.0,0.7,0.03,2,1785562845.5280125,False,True,True,False,1785562800.3509693,False,1,0,0,False
1785430955.7579584,20,1785562855.5069149,37.48645761806668,0.6066094453345541,37.048523689631494,True,37.5,36.5,38.6,0.95,0.05,0.0,0.7,0.03,2,1785562865.5340736,False,True,True,False,1785562800.3509693,False,True,1,0,False
1785430955.7579584,20,1785562875.5131297,37.45174334325169,0.6068192568856337,37.08056763561456,True,37.5,36.5,38.6,0.95,0.05,0.0,0.7,0.03,2,1785562885.539676,False,True,True,False,1785562800.3509693,False,True,1,0,False
1785430955.7579584,20,1785562895.5190597,37.44373235675593,0.606475928892958,37.067215991454944,True,37.5,36.5,38.6,0.95,0.05,0.0,0.7,0.03,2,1785562905.5457172,False,True,True,False,1785562800.3509693,False,True,1,0,False
1785430955.7579584,20,1785562915.5251362,37.44373235675593,0.6061516746776532,37.072556649118795,True,37.5,36.5,38.6,0.95,0.05,0.0,0.7,0.03,2,1785562925.5516407,False,True,True,False,1785562800.3509693,False,True,1,0,False
1785430955.7579584,20,1785562935.5310054,37.45441367208362,0.6067048142214084,37.05653467612726,True,37.5,36.5,38.6,0.95,0.05,0.0,0.7,0.03,2,1785562945.5581052,False,True,True,False,1785562800.3509693,False,True,1,0,False
1785430955.7579584,20,1785562955.5370288,37.44373235675593,0.6067238879987792,37.10460059510186,True,37.5,36.5,38.6,0.95,0.05,0.0,0.7,0.03,2,1785562965.564145,False,True,True,False,1785562800.3509693,False,True,1,0,False
1785430955.7579584,20,1785562975.5430121,37.46242465857938,0.606628519111925,37.08857862211032,True,37.5,36.5,38.6,0.95,0.05,0.0,0.7,0.03,2,1785562985.5700414,False,True,True,True,1785562980.3509767,False,True,1,0,False
1785430955.7579584,20,1785562995.548931,37.465094987411305,0.6067238879987792,37.096589608606095,True,37.5,36.5,38.6,0.95,0.05,0.0,0.7,0.03,2,1785563005.5761328,False,True,True,False,1785562980.3509767,False,True,1,0,False
1785430955.7579584,20,1785563015.5550194,37.47577630273899,0.606628519111925,37.11795223926147,True,37.5,36.5,38.6,0.95,0.05,0.0,0.7,0.03,2,1785563025.582102,False,True,True,False,1785562980.3509767,False,True,1,0,False
1785430955.7579584,20,1785563035.5610096,37.531853208209355,0.6066094453345541,37.10727092393378,True,37.5,36.5,38.6,0.95,0.05,0.0,0.7,0.03,2,1785563045.5881593,False,True,True,False,1785562980.3509767,False,1,0,0,False
1785430955.7579584,20,1785563055.5670536,37.52918287937743,0.6065712977798122,37.11795223926147,True,37.5,36.5,38.6,0.95,0.05,0.0,0.7,0.03,2,1785563065.594188,False,True,True,False,1785562980.3509767,False,1,0,0,False
1785430955.7579584,20,1785563075.573123,37.53719386587319,0.6063614862287328,37.11261158159762,True,37.5,36.5,38.6,0.95,0.05,0.0,0.7,0.03,2,1785563085.6001937,False,True,True,False,1785562980.3509767,False,1,0,0,False
1785430955.7579584,20,1785563095.5791132,37.52384222171359,0.6066475928892957,37.12062256809338,True,37.5,36.5,38.6,0.95,0.05,0.0,0.7,0.03,2,1785563105.606219,False,True,True,False,1785562980.3509767,False,1,0,0,False
1785430955.7579584,20,1785563115.5851395,37.507820248722055,0.6062088960097658,37.13664454108492,True,37.5,36.5,38.6,0.95,0.05,0.0,0.7,0.03,2,1785563125.6116407,False,True,True,False,1785562980.3509767,False,1,0,0,False
1785430955.7579584,20,1785563135.5911238,37.52384222171359,0.6064568551155871,37.12596322575723,True,37.5,36.5,38.6,0.95,0.05,0.0,0.7,0.03,2,1785563145.6181757,False,True,True,False,1785562980.3509767,False,1,0,0,False
1785430955.7579584,20,1785563155.5972052,37.48645761806668,0.6068001831082627,37.115281910429545,True,37.5,36.5,38.6,0.95,0.05,0.0,0.7,0.03,2,1785563165.624319,False,True,True,True,1785563160.3509989,False,True,1,0,False
1785430955.7579584,20,1785563175.603157,37.47310597390707,0.606475928892958,37.09391927977417,True,37.5,36.5,38.6,0.95,0.05,0.0,0.7,0.03,2,1785563185.6303236,False,True,True,False,1785563160.3509989,False,True,1,0,False
1785430955.7579584,20,1785563195.6092355,37.465094987411305,0.6068001831082627,37.06454566262303,True,37.5,36.5,38.6,0.95,0.05,0.0,0.7,0.03,2,1785563205.6357243,False,True,True,False,1785563160.3509989,False,True,1,0,False
1785430955.7579584,20,1785563215.615076,37.470435645075156,0.6065522240024415,37.07522697795072,True,37.5,36.5,38.6,0.95,0.05,0.0,0.7,0.03,2,1785563225.6421742,False,True,True,False,1785563160.3509989,False,True,1,0,False
1785430955.7579584,20,1785563235.6211207,37.46776531624323,0.606475928892958,37.091248950942244,True,37.5,36.5,38.6,0.95,0.05,0.0,0.7,0.03,2,1785563245.6481907,False,True,True,False,1785563160.3509989,False,True,1,0,False
1785430955.7579584,20,1785563255.627065,37.470435645075156,0.6069336995498589,37.08590829327841,True,37.5,36.5,38.6,0.95,0.05,0.0,0.7,0.03,2,1785563265.6541767,False,True,True,False,1785563160.3509989,False,True,1,0,False
1785430955.7579584,20,1785563275.633084,37.50514991989013,0.6067048142214084,37.096589608606095,True,37.5,36.5,38.6,0.95,0.05,0.0,0.7,0.03,2,1785563285.660128,False,True,True,False,1785563160.3509989,False,1,0,0,False
1785430955.7579584,20,1785563295.6389997,37.49713893339437,0.606762035553521,37.12062256809338,True,37.5,36.5,38.6,0.95,0.05,0.0,0.7,0.03,2,1785563305.6660936,False,True,True,False,1785563160.3509989,False,True,1,0,False
1785430955.7579584,20,1785563315.6450527,37.49713893339437,0.6065140764476997,37.109941252765694,True,37.5,36.5,38.6,0.95,0.05,0.0,0.7,0.03,2,1785563325.6721318,False,True,True,False,1785563160.3509989,False,True,1,0,False
1785430955.7579584,20,1785563335.6510086,37.50247959105822,0.6064377813382162,37.115281910429545,True,37.5,36.5,38.6,0.95,0.05,0.0,0.7,0.03,2,1785563345.678057,False,True,True,True,1785563340.3510194,False,1,0,0,False
1785430955.7579584,20,1785563355.6569908,37.52384222171359,0.6066475928892957,37.12596322575723,True,37.5,36.5,38.6,0.95,0.05,0.0,0.7,0.03,2,1785563365.6840003,False,True,True,False,1785563340.3510194,False,1,0,0,False
1785430955.7579584,20,1785563375.6629207,37.489127946898606,0.6067048142214084,37.115281910429545,True,37.5,36.5,38.6,0.95,0.05,0.0,0.7,0.03,2,1785563385.690074,False,True,True,False,1785563340.3510194,False,True,1,0,False
1785430955.7579584,20,1785563395.6690342,37.47577630273899,0.6064950026703287,37.10727092393378,True,37.5,36.5,38.6,0.95,0.05,0.0,0.7,0.03,2,1785563405.696096,False,True,True,False,1785563340.3510194,False,True,1,0,False
1785430955.7579584,20,1785563415.6749983,37.481116960402844,0.6063614862287328,37.096589608606095,True,37.5,36.5,38.6,0.95,0.05,0.0,0.7,0.03,2,1785563425.7020395,False,True,True,False,1785563340.3510194,False,True,1,0,False
1785430955.7579584,20,1785563435.6809692,37.47844663157092,0.6061516746776532,37.11795223926147,True,37.5,36.5,38.6,0.95,0.05,0.0,0.7,0.03,2,1785563445.707485,False,True,True,False,1785563340.3510194,False,True,1,0,False
1785430955.7579584,20,1785563455.6869876,37.48645761806668,0.6066094453345541,37.11795223926147,True,37.5,36.5,38.6,0.95,0.05,0.0,0.7,0.03,2,1785563465.7135236,False,True,True,False,1785563340.3510194,False,True,1,0,False
1785430955.7579584,20,1785563475.6928983,37.489127946898606,0.6065140764476997,37.10727092393378,True,37.5,36.5,38.6,0.95,0.05,0.0,0.7,0.03,2,1785563485.7194386,False,True,True,False,1785563340.3510194,False,True,1,0,False
1785430955.7579584,20,1785563495.698746,37.50247959105822,0.6064950026703287,37.12062256809338,True,37.5,36.5,38.6,0.95,0.05,0.0,0.7,0.03,2,1785563505.725789,False,True,True,False,1785563340.3510194,False,1,0,0,False
1785430955.7579584,20,1785563515.7047045,37.49713893339437,0.606628519111925,37.115281910429545,True,37.5,36.5,38.6,0.95,0.05,0.0,0.7,0.03,2,1785563525.7318277,False,True,True,True,1785563520.3510547,False,True,1,0,False
1785430955.7579584,20,1785563535.7106938,37.49713893339437,0.606628519111925,37.115281910429545,True,37.5,36.5,38.6,0.95,0.05,0.0,0.7,0.03,2,1785563545.737838,False,True,True,False,1785563520.3510547,False,True,1,0,False
1785430955.7579584,20,1785563555.7167294,37.51850156404974,0.6063805600061036,37.12062256809338,True,37.5,36.5,38.6,0.95,0.05,0.0,0.7,0.03,2,1785563565.7437472,False,True,True,False,1785563520.3510547,False,1,0,0,False
1785430955.7579584,20,1785563575.7226803,37.49446860456244,0.6064377813382162,37.13130388342107,True,37.5,36.5,38.6,0.95,0.05,0.0,0.7,0.03,2,1785563585.7492998,False,True,True,False,1785563520.3510547,False,True,1,0,False
1785430955.7579584,20,1785563595.7287652,37.507820248722055,0.6064568551155871,37.11795223926147,True,37.5,36.5,38.6,0.95,0.05,0.0,0.7,0.03,2,1785563605.7558556,False,True,True,False,1785563520.3510547,False,1,0,0,False
1785430955.7579584,20,1785563615.7347214,37.470435645075156,0.6062279697871367,37.096589608606095,True,37.5,36.5,38.6,0.95,0.05,0.0,0.7,0.03,2,1785563625.7619312,False,True,True,False,1785563520.3510547,False,True,1,0,False
1785430955.7579584,20,1785563635.7408051,37.483787289234755,0.6062088960097658,37.096589608606095,True,37.5,36.5,38.6,0.95,0.05,0.0,0.7,0.03,2,1785563645.7678652,False,True,True,False,1785563520.3510547,False,True,1,0,False
1785430955.7579584,20,1785563655.7467084,37.470435645075156,0.6062661173418783,37.091248950942244,True,37.5,36.5,38.6,0.95,0.05,0.0,0.7,0.03,2,1785563665.773892,False,True,True,False,1785563520.3510547,False,True,1,0,False
1785430955.7579584,20,1785563675.7528102,37.47310597390707,0.6063424124513618,37.11261158159762,True,37.5,36.5,38.6,0.95,0.05,0.0,0.7,0.03,2,1785563685.7797923,False,True,True,False,1785563520.3510547,False,True,1,0,False
1785430955.7579584,20,1785563695.7587159,37.481116960402844,0.606475928892958,37.09391927977417,True,37.5,36.5,38.6,0.95,0.05,0.0,0.7,0.03,2,1785563705.7858593,False,True,True,True,1785563700.3510745,False,True,1,0,False
1785430955.7579584,20,1785563715.7647831,37.49179827573053,0.6064187075608453,37.09391927977417,True,37.5,36.5,38.6,0.95,0.05,0.0,0.7,0.03,2,1785563725.7912936,False,True,True,False,1785563700.3510745,False,True,1,0,False
1785430955.7579584,20,1785563735.7707617,37.49179827573053,0.6062470435645075,37.08323796444648,True,37.5,36.5,38.6,0.95,0.05,0.0,0.7,0.03,2,1785563745.7978017,False,True,True,False,1785563700.3510745,False,True,1,0,False
1785430955.7579584,20,1785563755.7767587,37.48645761806668,0.606170748455024,37.12062256809338,True,37.5,36.5,38.6,0.95,0.05,0.0,0.7,0.03,2,1785563765.8038077,False,True,True,False,1785563700.3510745,False,True,1,0,False
1785430955.7579584,20,1785563775.7826822,37.47844663157092,0.606323338673991,37.109941252765694,True,37.5,36.5,38.6,0.95,0.05,0.0,0.7,0.03,2,1785563785.8097806,False,True,True,False,1785563700.3510745,False,True,1,0,False
1785430955.7579584,20,1785563795.7886944,37.52384222171359,0.6065712977798122,37.11795223926147,True,37.5,36.5,38.6,0.95,0.05,0.0,0.7,0.03,2,1785563805.8157752,False,True,True,False,1785563700.3510745,False,1,0,0,False
1785430955.7579584,20,1785563815.7947178,37.52384222171359,0.6065140764476997,37.14465552758068,True,37.5,36.5,38.6,0.95,0.05,0.0,0.7,0.03,2,1785563825.8213356,False,True,True,False,1785563700.3510745,False,1,0,0,False
1785430955.7579584,20,1785563835.8007784,37.569237811856254,0.6064187075608453,37.12863355458916,True,37.5,36.5,38.6,0.95,0.05,0.0,0.7,0.03,2,1785563845.8278162,False,True,True,False,1785563700.3510745,False,1,0,0,False
1785430955.7579584,20,1785563855.8067026,37.53986419470512,0.6063042648966201,37.14999618524453,True,37.5,36.5,38.6,0.95,0.05,0.0,0.7,0.03,2,1785563865.8337944,False,True,True,False,1785563700.3510745,False,1,0,0,False
1785430955.7579584,20,1785563875.812758,37.526512550545505,0.6063424124513618,37.14465552758068,True,37.5,36.5,38.6,0.95,0.05,0.0,0.7,0.03,2,1785563885.8398175,False,True,True,True,1785563880.3511105,False,1,0,0,False
1785430955.7579584,20,1785563895.8187132,37.53452353704128,0.6062851911192493,37.152666514076444,True,37.5,36.5,38.6,0.95,0.05,0.0,0.7,0.03,2,1785563905.8457136,False,True,True,False,1785563880.3511105,False,1,0,0,False
1785430955.7579584,20,1785563915.8247154,37.48645761806668,0.6061516746776532,37.10460059510186,True,37.5,36.5,38.6,0.95,0.05,0.0,0.7,0.03,2,1785563925.8518198,False,True,True,False,1785563880.3511105,False,True,1,0,False
1785430955.7579584,20,1785563935.8308833,37.48645761806668,0.6063042648966201,37.109941252765694,True,37.5,36.5,38.6,0.95,0.05,0.0,0.7,0.03,2,1785563945.8582711,False,True,True,False,1785563880.3511105,False,True,1,0,False
1785430955.7579584,20,1785563955.837124,37.48645761806668,0.6063042648966201,37.08857862211032,True,37.5,36.5,38.6,0.95,0.05,0.0,0.7,0.03,2,1785563965.8672202,False,True,True,False,1785563880.3511105,False,True,1,0,False
1785430955.7579584,20,1785563975.846495,37.483787289234755,0.6059609369039444,37.099259937438006,True,37.5,36.5,38.6,0.95,0.05,0.0,0.7,0.03,2,1785563985.8736877,False,True,True,False,1785563880.3511105,False,True,1,0,False
1785430955.7579584,20,1785563995.8525245,37.44373235675593,0.6062088960097658,37.10727092393378,True,37.5,36.5,38.6,0.95,0.05,0.0,0.7,0.03,2,1785564005.8796291,False,True,True,False,1785563880.3511105,False,True,1,0,False
1785430955.7579584,20,1785564015.8586338,37.598611429007406,0.6062661173418783,37.07522697795072,True,37.5,36.5,38.6,0.95,0.05,0.0,0.7,0.03,2,1785564025.8871415,True,True,True,False,1785563880.3511105,False,1,0,0,False
1785430955.7579584,20,1785564035.865741,37.71877622644388,0.6066475928892957,37.08056763561456,True,37.5,36.5,38.6,0.95,0.05,0.0,0.7,0.03,2,1785564045.894072,True,True,True,False,1785563880.3511105,False,1,0,0,False
1785430955.7579584,20,1785564055.8733532,37.77485313191424,0.6065331502250706,37.06454566262303,True,37.5,36.5,38.6,0.95,0.05,0.0,0.7,0.03,2,1785564065.901844,True,True,True,True,1785564060.3511536,False,1,0,0,False
1785430955.7579584,20,1785564075.8810687,37.814908064393066,0.6068001831082627,37.048523689631494,True,37.5,36.5,38.6,0.95,0.05,0.0,0.7,0.03,2,1785564085.9085138,True,True,True,False,1785564060.3511536,False,1,0,0,False
1785430955.7579584,20,1785564095.8880816,37.82825970855268,0.6063042648966201,37.03517204547188,True,37.5,36.5,38.6,0.95,0.05,0.0,0.7,0.03,2,1785564105.9155061,True,False,True,False,1785564060.3511536,False,1,0,0,False
1785430955.7579584,20,1785564115.8945227,37.812237735561155,0.6069527733272296,37.04585336079957,True,37.5,36.5,38.6,0.95,0.05,0.0,0.7,0.03,2,1785564125.9218237,True,True,True,False,1785564060.3511536,False,1,0,0,False
1785430955.7579584,20,1785564135.9014933,37.81757839322499,0.6065712977798122,37.01380941481651,True,37.5,36.5,38.6,0.95,0.05,0.0,0.7,0.03,2,1785564145.9299493,True,True,True,False,1785564060.3511536,False,1,0,0,False
1785430955.7579584,20,1785564155.9084797,37.83360036621653,0.6069718471046006,37.029831387808045,True,37.5,36.5,38.6,0.95,0.05,0.0,0.7,0.03,2,1785564165.9357734,True,False,True,False,1785564060.3511536,False,1,0,0,False
1785430955.7579584,20,1785564175.9147708,37.772182803082316,0.6063996337834745,36.981765468833444,True,37.5,36.5,38.6,0.95,0.05,0.0,0.7,0.03,2,1785564185.9420662,True,True,True,False,1785564060.3511536,False,1,0,0,False
1785430955.7579584,20,1785564195.9210799,37.77485313191424,0.6067048142214084,36.97909514000152,True,37.5,36.5,38.6,0.95,0.05,0.0,0.7,0.03,2,1785564205.9484262,True,False,True,False,1785564060.3511536,False,1,0,0,False
1785430955.7579584,20,1785564215.927385,37.764171816586554,0.6068764782177462,37.00045777065691,True,37.5,36.5,38.6,0.95,0.05,0.0,0.7,0.03,2,1785564225.9546905,True,False,True,False,1785564060.3511536,False,1,0,0,False
1785430955.7579584,20,1785564235.9370294,37.75082017242694,0.6063614862287328,36.96841382467383,True,37.5,36.5,38.6,0.95,0.05,0.0,0.7,0.03,2,1785564245.967698,True,True,True,True,1785564240.351166,False,1,0,0,False
1785430955.7579584,20,1785564255.9469008,37.726787212939655,0.606475928892958,36.94171053635462,True,37.5,36.5,38.6,0.95,0.05,0.0,0.7,0.03,2,1785564265.9736638,True,False,True,False,1785564240.351166,False,1,0,0,False
1785430955.7579584,20,1785564275.953247,37.71877622644388,0.6062470435645075,36.92568856336308,True,37.5,36.5,38.6,0.95,0.05,0.0,0.7,0.03,2,1785564285.9803412,True,True,True,False,1785564240.351166,False,1,0,0,False
1785430955.7579584,20,1785564295.959588,37.69474326695659,0.606628519111925,36.92835889219501,True,37.5,36.5,38.6,0.95,0.05,0.0,0.7,0.03,2,1785564305.986905,True,True,True,False,1785564240.351166,False,1,0,0,False
1785430955.7579584,20,1785564315.9660203,37.678721293965054,0.6058846417944609,36.91233691920348,True,37.5,36.5,38.6,0.95,0.05,0.0,0.7,0.03,2,1785564325.9934075,True,True,True,False,1785564240.351166,False,1,0,0,False
1785430955.7579584,20,1785564335.9729924,37.65201800564584,0.6065140764476997,36.901655603875795,True,37.5,36.5,38.6,0.95,0.05,0.0,0.7,0.03,2,1785564346.0032394,True,True,True,False,1785564240.351166,False,1,0,0,False
1785430955.7579584,20,1785564355.9801276,37.63065537499047,0.6063614862287328,36.87495231555657,True,37.5,36.5,38.6,0.95,0.05,0.0,0.7,0.03,2,1785564366.009994,True,False,True,False,1785564240.351166,False,1,0,0,False
1785430955.7579584,20,1785564375.9866555,37.617303730830855,0.6062470435645075,36.86961165789273,True,37.5,36.5,38.6,0.95,0.05,0.0,0.7,0.03,2,1785564386.0165973,True,True,True,False,1785564240.351166,False,1,0,0,False
1785430955.7579584,20,1785564395.993338,37.58793011367972,0.6063805600061036,36.86160067139696,True,37.5,36.5,38.6,0.95,0.05,0.0,0.7,0.03,2,1785564406.0231647,True,True,True,False,1785564240.351166,False,1,0,0,False
1785430955.7579584,20,1785564415.9999216,37.57190814068818,0.6065331502250706,36.86160067139696,True,37.5,36.5,38.6,0.95,0.05,0.0,0.7,0.03,2,1785564426.0272906,True,True,True,True,1785564420.3511984,False,1,0,0,False
1785430955.7579584,20,1785564436.0062912,37.574578469520105,0.6060753795681697,36.81887541008621,True,37.5,36.5,38.6,0.95,0.05,0.0,0.7,0.03,2,1785564446.0336711,True,True,True,False,1785564420.3511984,False,1,0,0,False
1785430955.7579584,20,1785564456.0126705,37.52384222171359,0.6062279697871367,36.79751277943083,True,37.5,36.5,38.6,0.95,0.05,0.0,0.7,0.03,2,1785564466.0395627,True,True,True,False,1785564420.3511984,False,1,0,0,False
1785430955.7579584,20,1785564476.0189538,37.49980926222629,0.6059609369039444,36.80285343709468,True,37.5,36.5,38.6,0.95,0.05,0.0,0.7,0.03,2,1785564486.0462866,True,False,True,False,1785564420.3511984,False,True,1,0,False
1785430955.7579584,20,1785564496.0252614,37.507820248722055,0.6060753795681697,36.79484245059892,True,37.5,36.5,38.6,0.95,0.05,0.0,0.7,0.03,2,1785564506.0526102,True,True,True,False,1785564420.3511984,False,1,0,0,False
1785430955.7579584,20,1785564516.0315366,37.45975432974747,0.6057320515754939,36.77882047760738,True,37.5,36.5,38.6,0.95,0.05,0.0,0.7,0.03,2,1785564526.0589404,True,False,True,False,1785564420.3511984,False,True,1,0,False
1785430955.7579584,20,1785564536.037923,37.48645761806668,0.6060372320134279,36.78416113527123,True,37.5,36.5,38.6,0.95,0.05,0.0,0.7,0.03,2,1785564546.0654063,True,True,True,False,1785564420.3511984,False,True,1,0,False
1785430955.7579584,20,1785564556.044341,37.48645761806668,0.6060372320134279,36.773479819943546,True,37.5,36.5,38.6,0.95,0.05,0.0,0.7,0.03,2,1785564566.0719185,True,True,True,False,1785564420.3511984,False,True,1,0,False
1785430955.7579584,20,1785564576.0513525,37.49446860456244,0.6059609369039444,36.773479819943546,True,37.5,36.5,38.6,0.95,0.05,0.0,0.7,0.03,2,1785564586.0832062,True,False,True,False,1785564420.3511984,False,True,1,0,False
1785430955.7579584,20,1785564596.0586178,37.49179827573053,0.6058846417944609,36.78149080643931,True,37.5,36.5,38.6,0.95,0.05,0.0,0.7,0.03,2,1785564606.0885565,True,False,True,True,1785564600.3512294,False,True,1,0,False
1785430955.7579584,20,1785564616.0659103,37.507820248722055,0.606323338673991,36.77080949111162,True,37.5,36.5,38.6,0.95,0.05,0.0,0.7,0.03,2,1785564626.0951836,True,True,True,False,1785564600.3512294,False,1,0,0,False
1785430955.7579584,20,1785564636.0737207,37.526512550545505,0.6059609369039444,36.76546883344777,True,37.5,36.5,38.6,0.95,0.05,0.0,0.7,0.03,2,1785564646.10189,True,False,True,False,1785564600.3512294,False,1,0,0,False
1785430955.7579584,20,1785564656.0809774,37.507820248722055,0.6061135271229113,36.76546883344777,True,37.5,36.5,38.6,0.95,0.05,0.0,0.7,0.03,2,1785564666.1083097,True,True,True,False,1785564600.3512294,False,1,0,0,False
1785430955.7579584,20,1785564676.0872927,37.49980926222629,0.6058846417944609,36.77615014877546,True,37.5,36.5,38.6,0.95,0.05,0.0,0.7,0.03,2,1785564686.1160073,True,False,True,False,1785564600.3512294,False,True,1,0,False
1785430955.7579584,20,1785564696.0943651,37.507820248722055,0.6063996337834745,36.773479819943546,True,37.5,36.5,38.6,0.95,0.05,0.0,0.7,0.03,2,1785564706.1220605,True,True,True,False,1785564600.3512294,False,1,0,0,False
1785430955.7579584,20,1785564716.1016693,37.513160906385906,0.6057511253528649,36.773479819943546,True,37.5,36.5,38.6,0.95,0.05,0.0,0.7,0.03,2,1785564726.1290987,True,False,True,False,1785564600.3512294,False,1,0,0,False
1785430955.7579584,20,1785564736.1121607,37.507820248722055,0.6058464942397193,36.75211718928817,True,37.5,36.5,38.6,0.95,0.05,0.0,0.7,0.03,2,1785564746.1416059,True,True,True,False,1785564600.3512294,False,1,0,0,False
1785430955.7579584,20,1785564756.120803,37.48645761806668,0.6057511253528649,36.74677653162432,True,37.5,36.5,38.6,0.95,0.05,0.0,0.7,0.03,2,1785564766.1481063,True,True,True,False,1785564600.3512294,False,True,1,0,False
1785430955.7579584,20,1785564776.1270998,37.47844663157092,0.6061516746776532,36.74677653162432,True,37.5,36.5,38.6,0.95,0.05,0.0,0.7,0.03,2,1785564786.1545858,True,False,True,True,1785564780.3512604,False,True,1,0,False
1785430955.7579584,20,1785564796.1334517,37.47577630273899,0.6061898222323948,36.744106202792395,True,37.5,36.5,38.6,0.95,0.05,0.0,0.7,0.03,2,1785564806.1614876,True,True,True,False,1785564780.3512604,False,True,1,0,False
1785430955.7579584,20,1785564816.1405602,37.465094987411305,0.6060563057907988,36.72808422980087,True,37.5,36.5,38.6,0.95,0.05,0.0,0.7,0.03,2,1785564826.1691906,True,False,True,False,1785564780.3512604,False,True,1,0,False
1785430955.7579584,20,1785564836.147687,37.49980926222629,0.6060944533455406,36.744106202792395,True,37.5,36.5,38.6,0.95,0.05,0.0,0.7,0.03,2,1785564846.1778176,True,True,True,False,1785564780.3512604,False,True,1,0,False
1785430955.7579584,20,1785564856.154225,37.507820248722055,0.6061516746776532,36.744106202792395,True,37.5,36.5,38.6,0.95,0.05,0.0,0.7,0.03,2,1785564866.1830359,True,True,True,False,1785564780.3512604,False,1,0,0,False
1785430955.7579584,20,1785564876.1635885,37.51049057755398,0.6058655680170901,36.75478751812008,True,37.5,36.5,38.6,0.95,0.05,0.0,0.7,0.03,2,1785564886.1949232,True,False,True,False,1785564780.3512604,False,1,0,0,False
1785430955.7579584,20,1785564896.1734352,37.507820248722055,0.6061516746776532,36.768139162279695,True,37.5,36.5,38.6,0.95,0.05,0.0,0.7,0.03,2,1785564906.2098203,True,False,True,False,1785564780.3512604,False,1,0,0,False
1785430955.7579584,20,1785564916.1805153,37.53452353704128,0.6063614862287328,36.768139162279695,True,37.5,36.5,38.6,0.95,0.05,0.0,0.7,0.03,2,1785564926.209861,True,True,True,False,1785564780.3512604,False,1,0,0,False
1785430955.7579584,20,1785564936.1875696,37.53452353704128,0.6062088960097658,36.73609521629663,True,37.5,36.5,38.6,0.95,0.05,0.0,0.7,0.03,2,1785564946.21492,True,True,True,False,1785564780.3512604,False,1,0,0,False
1785430955.7579584,20,1785564956.1939535,37.507820248722055,0.6057892729076066,36.74677653162432,True,37.5,36.5,38.6,0.95,0.05,0.0,0.7,0.03,2,1785564966.2225688,True,True,True,True,1785564960.3512738,False,1,0,0,False
1785430955.7579584,20,1785564976.2003393,37.49446860456244,0.6060372320134279,36.73609521629663,True,37.5,36.5,38.6,0.95,0.05,0.0,0.7,0.03,2,1785564986.2276275,True,False,True,False,1785564960.3512738,False,True,1,0,False
1785430955.7579584,20,1785564996.2066205,37.45975432974747,0.6059227893492027,36.72274357213702,True,37.5,36.5,38.6,0.95,0.05,0.0,0.7,0.03,2,1785565006.2339747,True,True,True,False,1785564960.3512738,False,True,1,0,False
1785430955.7579584,20,1785565016.2129793,37.470435645075156,0.6057701991302358,36.71740291447318,True,37.5,36.5,38.6,0.95,0.05,0.0,0.7,0.03,2,1785565026.2407515,True,False,True,False,1785564960.3512738,False,True,1,0,False
1785430955.7579584,20,1785565036.2199225,37.47844663157092,0.6060753795681697,36.706721599145496,True,37.5,36.5,38.6,0.95,0.05,0.0,0.7,0.03,2,1785565046.2476892,True,False,True,False,1785564960.3512738,False,True,1,0,False
1785430955.7579584,20,1785565056.2272937,37.481116960402844,0.6057320515754939,36.706721599145496,True,37.5,36.5,38.6,0.95,0.05,0.0,0.7,0.03,2,1785565066.2543275,True,False,True,False,1785564960.3512738,False,True,1,0,False
1785430955.7579584,20,1785565076.2339587,37.51049057755398,0.6057701991302358,36.72808422980087,True,37.5,36.5,38.6,0.95,0.05,0.0,0.7,0.03,2,1785565086.2612343,True,False,True,False,1785564960.3512738,False,1,0,0,False
1785430955.7579584,20,1785565096.2405026,37.513160906385906,0.6059227893492027,36.72007324330511,True,37.5,36.5,38.6,0.95,0.05,0.0,0.7,0.03,2,1785565106.268859,True,True,True,False,1785564960.3512738,False,1,0,0,False
1785430955.7579584,20,1785565116.2468395,37.54520485236897,0.6062088960097658,36.74677653162432,True,37.5,36.5,38.6,0.95,0.05,0.0,0.7,0.03,2,1785565126.274479,True,True,True,False,1785564960.3512738,False,1,0,0,False
1785430955.7579584,20,1785565136.2539983,37.53986419470512,0.6060372320134279,36.741435873960484,True,37.5,36.5,38.6,0.95,0.05,0.0,0.7,0.03,2,1785565146.2818632,True,True,True,True,1785565140.3512952,False,1,0,0,False
1785430955.7579584,20,1785565156.2610831,37.550545510032805,0.6059609369039444,36.74677653162432,True,37.5,36.5,38.6,0.95,0.05,0.0,0.7,0.03,2,1785565166.290049,True,True,True,False,1785565140.3512952,False,1,0,0,False
1785430955.7579584,20,1785565176.2675123,37.526512550545505,0.6061326009002823,36.741435873960484,True,37.5,36.5,38.6,0.95,0.05,0.0,0.7,0.03,2,1785565186.2946918,True,False,True,False,1785565140.3512952,False,1,0,0,False
1785430955.7579584,20,1785565196.273826,37.50247959105822,0.6059418631265736,36.71740291447318,True,37.5,36.5,38.6,0.95,0.05,0.0,0.7,0.03,2,1785565206.3012311,True,True,True,False,1785565140.3512952,False,1,0,0,False
1785430955.7579584,20,1785565216.2807746,37.49179827573053,0.6057320515754939,36.69604028381781,True,37.5,36.5,38.6,0.95,0.05,0.0,0.7,0.03,2,1785565226.3092446,True,False,True,False,1785565140.3512952,False,True,1,0,False
1785430955.7579584,20,1785565236.2879593,37.51049057755398,0.6057892729076066,36.71206225680933,True,37.5,36.5,38.6,0.95,0.05,0.0,0.7,0.03,2,1785565246.315305,True,False,True,False,1785565140.3512952,False,1,0,0,False
1785430955.7579584,20,1785565256.2943602,37.48645761806668,0.6057511253528649,36.72274357213702,True,37.5,36.5,38.6,0.95,0.05,0.0,0.7,0.03,2,1785565266.3214505,True,True,True,False,1785565140.3512952,False,True,1,0,False
1785430955.7579584,20,1785565276.3006685,37.483787289234755,0.6056176089112688,36.71740291447318,True,37.5,36.5,38.6,0.95,0.05,0.0,0.7,0.03,2,1785565286.327927,True,False,True,False,1785565140.3512952,False,True,1,0,False
1785430955.7579584,20,1785565296.306922,37.507820248722055,0.6060372320134279,36.71473258564126,True,37.5,36.5,38.6,0.95,0.05,0.0,0.7,0.03,2,1785565306.3342748,True,True,True,False,1785565140.3512952,False,1,0,0,False
1785430955.7579584,20,1785565316.3133826,37.47577630273899,0.6054077973601892,36.72007324330511,True,37.5,36.5,38.6,0.95,0.05,0.0,0.7,0.03,2,1785565326.3407269,True,False,True,True,1785565320.3513176,False,True,1,0,False
1785430955.7579584,20,1785565336.3196933,37.513160906385906,0.6060372320134279,36.70939192797742,True,37.5,36.5,38.6,0.95,0.05,0.0,0.7,0.03,2,1785565346.3469994,True,False,True,False,1785565320.3513176,False,1,0,0,False
1785430955.7579584,20,1785565356.3260658,37.52384222171359,0.6056366826886397,36.72007324330511,True,37.5,36.5,38.6,0.95,0.05,0.0,0.7,0.03,2,1785565366.3530798,True,True,True,False,1785565320.3513176,False,1,0,0,False
1785430955.7579584,20,1785565376.3324246,37.49980926222629,0.6057701991302358,36.74677653162432,True,37.5,36.5,38.6,0.95,0.05,0.0,0.7,0.03,2,1785565386.3599205,True,False,True,False,1785565320.3513176,False,True,1,0,False
1785430955.7579584,20,1785565396.3388505,37.52384222171359,0.6056939040207523,36.71740291447318,True,37.5,36.5,38.6,0.95,0.05,0.0,0.7,0.03,2,1785565406.3662477,True,False,True,False,1785565320.3513176,False,1,0,0,False
1785430955.7579584,20,1785565416.345245,37.52918287937743,0.6056748302433814,36.73342488746471,True,37.5,36.5,38.6,0.95,0.05,0.0,0.7,0.03,2,1785565426.372608,True,True,True,False,1785565320.3513176,False,1,0,0,False
1785430955.7579584,20,1785565436.3522408,37.52117189288167,0.6056557564660104,36.71740291447318,True,37.5,36.5,38.6,0.95,0.05,0.0,0.7,0.03,2,1785565446.3809102,True,True,True,False,1785565320.3513176,False,1,0,0,False
1785430955.7579584,20,1785565456.3599129,37.513160906385906,0.6057511253528649,36.706721599145496,True,37.5,36.5,38.6,0.95,0.05,0.0,0.7,0.03,2,1785565466.3880553,True,False,True,False,1785565320.3513176,False,1,0,0,False
1785430955.7579584,20,1785565476.3670456,37.49446860456244,0.6056366826886397,36.72274357213702,True,37.5,36.5,38.6,0.95,0.05,0.0,0.7,0.03,2,1785565486.3946524,True,True,True,False,1785565320.3513176,False,True,1,0,False
1785430955.7579584,20,1785565496.3733838,37.513160906385906,0.6060181582360571,36.70405127031357,True,37.5,36.5,38.6,0.95,0.05,0.0,0.7,0.03,2,1785565506.4046264,True,True,True,True,1785565500.351355,False,1,0,0,False
1785430955.7579584,20,1785565516.379669,37.45975432974747,0.6058655680170901,36.698710612649734,True,37.5,36.5,38.6,0.95,0.05,0.0,0.7,0.03,2,1785565526.4070468,True,False,True,False,1785565500.351355,False,True,1,0,False
1785430955.7579584,20,1785565536.3860638,37.43305104142824,0.6054840924696727,36.688029297322046,True,37.5,36.5,38.6,0.95,0.05,0.0,0.7,0.03,2,1785565546.4171653,True,False,True,False,1785565500.351355,False,True,1,0,False
1785430955.7579584,20,1785565556.3925536,37.470435645075156,0.6057129777981232,36.70405127031357,True,37.5,36.5,38.6,0.95,0.05,0.0,0.7,0.03,2,1785565566.419799,True,False,True,False,1785565500.351355,False,True,1,0,False
1785430955.7579584,20,1785565576.398778,37.47310597390707,0.6056366826886397,36.70405127031357,True,37.5,36.5,38.6,0.95,0.05,0.0,0.7,0.03,2,1785565586.426223,True,True,True,False,1785565500.351355,False,True,1,0,False
1785430955.7579584,20,1785565596.405775,37.48645761806668,0.6055413138017853,36.68001831082627,True,37.5,36.5,38.6,0.95,0.05,0.0,0.7,0.03,2,1785565606.4342153,True,True,True,False,1785565500.351355,False,True,1,0,False
1785430955.7579584,20,1785565616.4134622,37.49179827573053,0.6054840924696727,36.68001831082627,True,37.5,36.5,38.6,0.95,0.05,0.0,0.7,0.03,2,1785565626.441916,True,True,True,False,1785565500.351355,False,True,1,0,False
1785430955.7579584,20,1785565636.4211476,37.51583123521782,0.6057892729076066,36.72808422980087,True,37.5,36.5,38.6,0.95,0.05,0.0,0.7,0.03,2,1785565646.4496036,True,False,True,False,1785565500.351355,False,1,0,0,False
1785430955.7579584,20,1785565656.428869,37.53452353704128,0.6058274204623484,36.71740291447318,True,37.5,36.5,38.6,0.95,0.05,0.0,0.7,0.03,2,1785565666.457393,True,False,True,False,1785565500.351355,False,1,0,0,False
1785430955.7579584,20,1785565676.4366224,37.526512550545505,0.6055222400244145,36.706721599145496,True,37.5,36.5,38.6,0.95,0.05,0.0,0.7,0.03,2,1785565686.4650412,True,True,True,True,1785565680.3513618,False,1,0,0,False
1785430955.7579584,20,1785565696.4442983,37.52384222171359,0.6055222400244145,36.725413900968945,True,37.5,36.5,38.6,0.95,0.05,0.0,0.7,0.03,2,1785565706.4721403,True,False,True,False,1785565680.3513618,False,1,0,0,False
1785430955.7579584,20,1785565716.4520006,37.52384222171359,0.6059800106813154,36.72007324330511,True,37.5,36.5,38.6,0.95,0.05,0.0,0.7,0.03,2,1785565726.480209,True,True,True,False,1785565680.3513618,False,1,0,0,False
1785430955.7579584,20,1785565736.45909,37.49713893339437,0.6058464942397193,36.698710612649734,True,37.5,36.5,38.6,0.95,0.05,0.0,0.7,0.03,2,1785565746.4860744,True,False,True,False,1785565680.3513618,False,True,1,0,False
1785430955.7579584,20,1785565756.4661293,37.52384222171359,0.6057892729076066,36.70405127031357,True,37.5,36.5,38.6,0.95,0.05,0.0,0.7,0.03,2,1785565766.4961915,True,False,True,False,1785565680.3513618,False,1,0,0,False
1785430955.7579584,20,1785565776.4731846,37.51583123521782,0.6057129777981232,36.71473258564126,True,37.5,36.5,38.6,0.95,0.05,0.0,0.7,0.03,2,1785565786.500478,True,False,True,False,1785565680.3513618,False,1,0,0,False
1785430955.7579584,20,1785565796.4795809,37.513160906385906,0.6057701991302358,36.68535896849012,True,37.5,36.5,38.6,0.95,0.05,0.0,0.7,0.03,2,1785565806.5084088,True,True,True,False,1785565680.3513618,False,1,0,0,False
1785430955.7579584,20,1785565816.4859838,37.48645761806668,0.6056176089112688,36.706721599145496,True,37.5,36.5,38.6,0.95,0.05,0.0,0.7,0.03,2,1785565826.5136316,True,True,True,False,1785565680.3513618,False,True,1,0,False
1785430955.7579584,20,1785565836.4926035,37.489127946898606,0.6056557564660104,36.68535896849012,True,37.5,36.5,38.6,0.95,0.05,0.0,0.7,0.03,2,1785565846.5198264,True,True,True,False,1785565680.3513618,False,True,1,0,False
1785430955.7579584,20,1785565856.498949,37.48645761806668,0.6057511253528649,36.68001831082627,True,37.5,36.5,38.6,0.95,0.05,0.0,0.7,0.03,2,1785565866.526288,True,True,True,True,1785565860.351384,False,True,1,0,False
1785430955.7579584,20,1785565876.5060358,37.483787289234755,0.6056557564660104,36.68001831082627,True,37.5,36.5,38.6,0.95,0.05,0.0,0.7,0.03,2,1785565886.533789,True,False,True,False,1785565860.351384,False,True,1,0,False
1785430955.7579584,20,1785565896.5130115,37.481116960402844,0.6055985351338979,36.682688639658195,True,37.5,36.5,38.6,0.95,0.05,0.0,0.7,0.03,2,1785565906.5408528,True,False,True,False,1785565860.351384,False,True,1,0,False
1785430955.7579584,20,1785565916.519456,37.50247959105822,0.6055222400244145,36.71473258564126,True,37.5,36.5,38.6,0.95,0.05,0.0,0.7,0.03,2,1785565926.5468419,True,True,True,False,1785565860.351384,False,1,0,0,False
1785430955.7579584,20,1785565936.525853,37.53452353704128,0.6056176089112688,36.70405127031357,True,37.5,36.5,38.6,0.95,0.05,0.0,0.7,0.03,2,1785565946.5532582,True,False,True,False,1785565860.351384,False,1,0,0,False
1785430955.7579584,20,1785565956.5321515,37.52918287937743,0.6054840924696727,36.698710612649734,True,37.5,36.5,38.6,0.95,0.05,0.0,0.7,0.03,2,1785565966.5590544,True,True,True,False,1785565860.351384,False,1,0,0,False
1785430955.7579584,20,1785565976.538486,37.489127946898606,0.6057320515754939,36.70939192797742,True,37.5,36.5,38.6,0.95,0.05,0.0,0.7,0.03,2,1785565986.5706856,True,True,True,False,1785565860.351384,False,True,1,0,False
1785430955.7579584,20,1785565996.544979,37.52384222171359,0.6054840924696727,36.69604028381781,True,37.5,36.5,38.6,0.95,0.05,0.0,0.7,0.03,2,1785566006.5738842,True,False,True,False,1785565860.351384,False,1,0,0,False
1785430955.7579584,20,1785566016.5513148,37.50247959105822,0.6055222400244145,36.68001831082627,True,37.5,36.5,38.6,0.95,0.05,0.0,0.7,0.03,2,1785566026.5797029,True,False,True,False,1785565860.351384,False,1,0,0,False
1785430955.7579584,20,1785566036.5577114,37.489127946898606,0.6054077973601892,36.68001831082627,True,37.5,36.5,38.6,0.95,0.05,0.0,0.7,0.03,2,1785566046.5909321,True,True,True,True,1785566040.3514209,False,True,1,0,False
1785430955.7579584,20,1785566056.564049,37.48645761806668,0.605445944914931,36.69604028381781,True,37.5,36.5,38.6,0.95,0.05,0.0,0.7,0.03,2,1785566066.591201,True,True,True,False,1785566040.3514209,False,True,1,0,False
1785430955.7579584,20,1785566076.5706296,37.49446860456244,0.605293354695964,36.701380941481645,True,37.5,36.5,38.6,0.95,0.05,0.0,0.7,0.03,2,1785566086.5984862,True,True,True,False,1785566040.3514209,False,True,1,0,False
1785430955.7579584,20,1785566096.5776925,37.465094987411305,0.6056939040207523,36.69336995498588,True,37.5,36.5,38.6,0.95,0.05,0.0,0.7,0.03,2,1785566106.607898,True,True,True,False,1785566040.3514209,False,True,1,0,False
1785430955.7579584,20,1785566116.5849547,37.45975432974747,0.6054077973601892,36.682688639658195,True,37.5,36.5,38.6,0.95,0.05,0.0,0.7,0.03,2,1785566126.6121793,True,False,True,False,1785566040.3514209,False,True,1,0,False
1785430955.7579584,20,1785566136.5920613,37.470435645075156,0.6052170595864805,36.70405127031357,True,37.5,36.5,38.6,0.95,0.05,0.0,0.7,0.03,2,1785566146.6226647,True,True,True,False,1785566040.3514209,False,True,1,0,False
1785430955.7579584,20,1785566156.5993085,37.49713893339437,0.605293354695964,36.688029297322046,True,37.5,36.5,38.6,0.95,0.05,0.0,0.7,0.03,2,1785566166.6291103,True,False,True,False,1785566040.3514209,False,True,1,0,False
1785430955.7579584,20,1785566176.6068547,37.51049057755398,0.605579461356527,36.67200732433051,True,37.5,36.5,38.6,0.95,0.05,0.0,0.7,0.03,2,1785566186.6353412,True,False,True,False,1785566040.3514209,False,1,0,0,False
1785430955.7579584,20,1785566196.6145146,37.513160906385906,0.6055222400244145,36.69069962615396,True,37.5,36.5,38.6,0.95,0.05,0.0,0.7,0.03,2,1785566206.6424663,True,False,True,False,1785566040.3514209,False,1,0,0,False
1785430955.7579584,20,1785566216.621571,37.53986419470512,0.6057129777981232,36.68535896849012,True,37.5,36.5,38.6,0.95,0.05,0.0,0.7,0.03,2,1785566226.6486146,True,True,True,True,1785566220.351448,False,1,0,0,False
1785430955.7579584,20,1785566236.627864,37.52117189288167,0.6055413138017853,36.701380941481645,True,37.5,36.5,38.6,0.95,0.05,0.0,0.7,0.03,2,1785566246.6548765,True,True,True,False,1785566220.351448,False,1,0,0,False
1785430955.7579584,20,1785566256.63426,37.513160906385906,0.6054077973601892,36.706721599145496,True,37.5,36.5,38.6,0.95,0.05,0.0,0.7,0.03,2,1785566266.661455,True,True,True,False,1785566220.351448,False,1,0,0,False
1785430955.7579584,20,1785566276.6412325,37.489127946898606,0.6054840924696727,36.69069962615396,True,37.5,36.5,38.6,0.95,0.05,0.0,0.7,0.03,2,1785566286.6696935,True,False,True,False,1785566220.351448,False,True,1,0,False
1785430955.7579584,20,1785566296.6489003,37.47577630273899,0.6055985351338979,36.682688639658195,True,37.5,36.5,38.6,0.95,0.05,0.0,0.7,0.03,2,1785566306.677515,True,True,True,False,1785566220.351448,False,True,1,0,False
1785430955.7579584,20,1785566316.6568139,37.48645761806668,0.6053315022507058,36.66666666666667,True,37.5,36.5,38.6,0.95,0.05,0.0,0.7,0.03,2,1785566326.6858048,True,True,True,False,1785566220.351448,False,True,1,0,False
1785430955.7579584,20,1785566336.6645117,37.49713893339437,0.6054077973601892,36.67200732433051,True,37.5,36.5,38.6,0.95,0.05,0.0,0.7,0.03,2,1785566346.6929808,True,False,True,False,1785566220.351448,False,True,1,0,False
1785430955.7579584,20,1785566356.672118,37.47577630273899,0.6055603875791562,36.69336995498588,True,37.5,36.5,38.6,0.95,0.05,0.0,0.7,0.03,2,1785566366.7006063,True,False,True,False,1785566220.351448,False,True,1,0,False
1785430955.7579584,20,1785566376.6797976,37.489127946898606,0.6054840924696727,36.688029297322046,True,37.5,36.5,38.6,0.95,0.05,0.0,0.7,0.03,2,1785566386.7075343,True,True,True,False,1785566220.351448,False,True,1,0,False
1785430955.7579584,20,1785566396.6869023,37.507820248722055,0.605579461356527,36.68535896849012,True,37.5,36.5,38.6,0.95,0.05,0.0,0.7,0.03,2,1785566406.713855,True,True,True,True,1785566400.3514678,False,1,0,0,False
1785430955.7579584,20,1785566416.6933358,37.52384222171359,0.6057511253528649,36.68001831082627,True,37.5,36.5,38.6,0.95,0.05,0.0,0.7,0.03,2,1785566426.72026,True,True,True,False,1785566400.3514678,False,1,0,0,False
1785430955.7579584,20,1785566436.699543,37.52117189288167,0.605445944914931,36.706721599145496,True,37.5,36.5,38.6,0.95,0.05,0.0,0.7,0.03,2,1785566446.7270641,True,False,True,False,1785566400.3514678,False,1,0,0,False
1785430955.7579584,20,1785566456.7065928,37.53452353704128,0.6053505760280765,36.69069962615396,True,37.5,36.5,38.6,0.95,0.05,0.0,0.7,0.03,2,1785566466.735078,True,True,True,False,1785566400.3514678,False,1,0,0,False
1785430955.7579584,20,1785566476.71381,37.54253452353704,0.6054840924696727,36.68535896849012,True,37.5,36.5,38.6,0.95,0.05,0.0,0.7,0.03,2,1785566486.7411873,True,True,True,False,1785566400.3514678,False,1,0,0,False
1785430955.7579584,20,1785566496.720788,37.53452353704128,0.605274280918593,36.698710612649734,True,37.5,36.5,38.6,0.95,0.05,0.0,0.7,0.03,2,1785566506.7488306,True,False,True,False,1785566400.3514678,False,1,0,0,False
1785430955.7579584,20,1785566516.7284026,37.52918287937743,0.6055985351338979,36.682688639658195,True,37.5,36.5,38.6,0.95,0.05,0.0,0.7,0.03,2,1785566526.7564678,True,True,True,False,1785566400.3514678,False,1,0,0,False
1785430955.7579584,20,1785566536.736064,37.49713893339437,0.6051979858091096,36.67200732433051,True,37.5,36.5,38.6,0.95,0.05,0.0,0.7,0.03,2,1785566546.7637472,True,False,True,False,1785566400.3514678,False,True,1,0,False
1785430955.7579584,20,1785566556.7430935,37.481116960402844,0.6053887235828184,36.682688639658195,True,37.5,36.5,38.6,0.95,0.05,0.0,0.7,0.03,2,1785566566.7710106,True,False,True,False,1785566400.3514678,False,True,1,0,False
1785430955.7579584,20,1785566576.7496388,37.47310597390707,0.60542687113756,36.66666666666667,True,37.5,36.5,38.6,0.95,0.05,0.0,0.7,0.03,2,1785566586.7771487,True,True,True,True,1785566580.3514788,False,True,1,0,False
1785430955.7579584,20,1785566596.7567265,37.44373235675593,0.605140764476997,36.658655680170895,True,37.5,36.5,38.6,0.95,0.05,0.0,0.7,0.03,2,1785566606.7869415,True,True,True,False,1785566580.3514788,False,True,1,0,False
1785430955.7579584,20,1785566616.7644536,37.44907301441978,0.6052361333638514,36.64263370717937,True,37.5,36.5,38.6,0.95,0.05,0.0,0.7,0.03,2,1785566626.7929041,True,True,True,False,1785566580.3514788,False,True,1,0,False
1785430955.7579584,20,1785566636.7720954,37.47844663157092,0.6053124284733349,36.64797436484321,True,37.5,36.5,38.6,0.95,0.05,0.0,0.7,0.03,2,1785566646.8030794,True,True,True,False,1785566580.3514788,False,True,1,0,False
1785430955.7579584,20,1785566656.7821784,37.47577630273899,0.6051789120317388,36.663996337834746,True,37.5,36.5,38.6,0.95,0.05,0.0,0.7,0.03,2,1785566666.8133545,True,False,True,False,1785566580.3514788,False,True,1,0,False
1785430955.7579584,20,1785566676.7919314,37.49980926222629,0.6055031662470435,36.67467765316243,True,37.5,36.5,38.6,0.95,0.05,0.0,0.7,0.03,2,1785566686.8218415,True,True,True,False,1785566580.3514788,False,True,1,0,False
1785430955.7579584,20,1785566696.7985492,37.513160906385906,0.6053124284733349,36.682688639658195,True,37.5,36.5,38.6,0.95,0.05,0.0,0.7,0.03,2,1785566706.8296208,True,True,True,False,1785566580.3514788,False,1,0,0,False
1785430955.7579584,20,1785566716.8058593,37.52384222171359,0.6054840924696727,36.70939192797742,True,37.5,36.5,38.6,0.95,0.05,0.0,0.7,0.03,2,1785566726.8344798,True,False,True,False,1785566580.3514788,False,1,0,0,False
1785430955.7579584,20,1785566736.8134944,37.51850156404974,0.6054650186923018,36.682688639658195,True,37.5,36.5,38.6,0.95,0.05,0.0,0.7,0.03,2,1785566746.8404753,True,False,True,False,1785566580.3514788,False,1,0,0,False
1785430955.7579584,20,1785566756.819812,37.52918287937743,0.6054840924696727,36.69336995498588,True,37.5,36.5,38.6,0.95,0.05,0.0,0.7,0.03,2,1785566766.8510838,True,False,True,True,1785566760.3514905,False,1,0,0,False
1785430955.7579584,20,1785566776.826216,37.52117189288167,0.6050263218127718,36.70405127031357,True,37.5,36.5,38.6,0.95,0.05,0.0,0.7,0.03,2,1785566786.854878,True,True,True,False,1785566760.3514905,False,1,0,0,False
1785430955.7579584,20,1785566796.8326163,37.49179827573053,0.6051979858091096,36.68535896849012,True,37.5,36.5,38.6,0.95,0.05,0.0,0.7,0.03,2,1785566806.8595693,True,False,True,False,1785566760.3514905,False,True,1,0,False
1785430955.7579584,20,1785566816.8396506,37.47577630273899,0.6053887235828184,36.68001831082627,True,37.5,36.5,38.6,0.95,0.05,0.0,0.7,0.03,2,1785566826.8698828,True,True,True,False,1785566760.3514905,False,True,1,0,False
1785430955.7579584,20,1785566836.8467252,37.47844663157092,0.605140764476997,36.66933699549858,True,37.5,36.5,38.6,0.95,0.05,0.0,0.7,0.03,2,1785566846.8755214,True,False,True,False,1785566760.3514905,False,True,1,0,False
1785430955.7579584,20,1785566856.8536932,37.48645761806668,0.6053315022507058,36.65331502250706,True,37.5,36.5,38.6,0.95,0.05,0.0,0.7,0.03,2,1785566866.8812423,True,True,True,False,1785566760.3514905,False,True,1,0,False
1785430955.7579584,20,1785566876.860805,37.45708400091554,0.6053696498054475,36.64263370717937,True,37.5,36.5,38.6,0.95,0.05,0.0,0.7,0.03,2,1785566886.8885164,True,False,True,False,1785566760.3514905,False,True,1,0,False
1785430955.7579584,20,1785566896.8670654,37.470435645075156,0.6051598382543679,36.67200732433051,True,37.5,36.5,38.6,0.95,0.05,0.0,0.7,0.03,2,1785566906.8944604,True,False,True,False,1785566760.3514905,False,True,1,0,False
1785430955.7579584,20,1785566916.8734305,37.481116960402844,0.6052552071412223,36.67200732433051,True,37.5,36.5,38.6,0.95,0.05,0.0,0.7,0.03,2,1785566926.9007802,True,False,True,False,1785566760.3514905,False,True,1,0,False
1785430955.7579584,20,1785566936.8797405,37.49179827573053,0.6053315022507058,36.67200732433051,True,37.5,36.5,38.6,0.95,0.05,0.0,0.7,0.03,2,1785566946.90797,True,True,True,True,1785566940.3515277,False,True,1,0,False
1785430955.7579584,20,1785566956.886728,37.49713893339437,0.605007248035401,36.688029297322046,True,37.5,36.5,38.6,0.95,0.05,0.0,0.7,0.03,2,1785566966.914738,True,False,True,False,1785566940.3515277,False,True,1,0,False
1785430955.7579584,20,1785566976.893785,37.54787518120088,0.6053887235828184,36.69336995498588,True,37.5,36.5,38.6,0.95,0.05,0.0,0.7,0.03,2,1785566986.9211473,True,True,True,False,1785566940.3515277,False,1,0,0,False
1785430955.7579584,20,1785566996.9001179,37.53452353704128,0.605274280918593,36.69069962615396,True,37.5,36.5,38.6,0.95,0.05,0.0,0.7,0.03,2,1785567006.9299064,True,False,True,False,1785566940.3515277,False,1,0,0,False
1785430955.7579584,20,1785567016.9066002,37.550545510032805,0.6053124284733349,36.701380941481645,True,37.5,36.5,38.6,0.95,0.05,0.0,0.7,0.03,2,1785567026.9335873,True,False,True,False,1785566940.3515277,False,1,0,0,False
1785430955.7579584,20,1785567036.9130108,37.53719386587319,0.6055603875791562,36.706721599145496,True,37.5,36.5,38.6,0.95,0.05,0.0,0.7,0.03,2,1785567046.9403872,True,True,True,False,1785566940.3515277,False,1,0,0,False
1785430955.7579584,20,1785567056.9193006,37.49713893339437,0.6053124284733349,36.68535896849012,True,37.5,36.5,38.6,0.95,0.05,0.0,0.7,0.03,2,1785567066.9465127,True,False,True,False,1785566940.3515277,False,True,1,0,False
1785430955.7579584,20,1785567076.9257536,37.49980926222629,0.605293354695964,36.68001831082627,True,37.5,36.5,38.6,0.95,0.05,0.0,0.7,0.03,2,1785567086.9532723,True,True,True,False,1785566940.3515277,False,True,1,0,False
1785430955.7579584,20,1785567096.9320767,37.481116960402844,0.6053124284733349,36.69336995498588,True,37.5,36.5,38.6,0.95,0.05,0.0,0.7,0.03,2,1785567106.9594493,True,True,True,False,1785566940.3515277,False,True,1,0,False
1785430955.7579584,20,1785567116.938374,37.48645761806668,0.6049881742580301,36.67200732433051,True,37.5,36.5,38.6,0.95,0.05,0.0,0.7,0.03,2,1785567126.9657748,True,False,True,True,1785567120.351556,False,True,1,0,False
1785430955.7579584,20,1785567136.9447367,37.48645761806668,0.605274280918593,36.655985351338984,True,37.5,36.5,38.6,0.95,0.05,0.0,0.7,0.03,2,1785567146.9721346,True,False,True,False,1785567120.351556,False,True,1,0,False
1785430955.7579584,20,1785567156.9511788,37.470435645075156,0.6050453955901426,36.6453040360113,True,37.5,36.5,38.6,0.95,0.05,0.0,0.7,0.03,2,1785567166.9782205,True,True,True,False,1785567120.351556,False,True,1,0,False
1785430955.7579584,20,1785567176.9575658,37.46242465857938,0.6050644693675136,36.65064469367513,True,37.5,36.5,38.6,0.95,0.05,0.0,0.7,0.03,2,1785567186.9849565,True,True,True,False,1785567120.351556,False,True,1,0,False
1785430955.7579584,20,1785567196.9638646,37.49713893339437,0.6051598382543679,36.68001831082627,True,37.5,36.5,38.6,0.95,0.05,0.0,0.7,0.03,2,1785567206.9912632,True,True,True,False,1785567120.351556,False,True,1,0,False
1785430955.7579584,20,1785567216.970269,37.48645761806668,0.6049881742580301,36.65331502250706,True,37.5,36.5,38.6,0.95,0.05,0.0,0.7,0.03,2,1785567226.9977303,True,False,True,False,1785567120.351556,False,True,1,0,False
1785430955.7579584,20,1785567236.9767852,37.526512550545505,0.605293354695964,36.67467765316243,True,37.5,36.5,38.6,0.95,0.05,0.0,0.7,0.03,2,1785567247.0044625,True,True,True,False,1785567120.351556,False,1,0,0,False
1785430955.7579584,20,1785567256.9832368,37.54520485236897,0.605274280918593,36.69604028381781,True,37.5,36.5,38.6,0.95,0.05,0.0,0.7,0.03,2,1785567267.0104043,True,True,True,False,1785567120.351556,False,1,0,0,False
1785430955.7579584,20,1785567276.9896145,37.54253452353704,0.6051216906996261,36.706721599145496,True,37.5,36.5,38.6,0.95,0.05,0.0,0.7,0.03,2,1785567287.0170074,True,False,True,False,1785567120.351556,False,1,0,0,False
1785430955.7579584,20,1785567296.996005,37.550545510032805,0.6050453955901426,36.67734798199436,True,37.5,36.5,38.6,0.95,0.05,0.0,0.7,0.03,2,1785567307.022896,True,True,True,True,1785567300.351569,False,1,0,0,False
1785430955.7579584,20,1785567317.0023043,37.52384222171359,0.6050453955901426,36.682688639658195,True,37.5,36.5,38.6,0.95,0.05,0.0,0.7,0.03,2,1785567327.0302067,True,False,True,False,1785567300.351569,False,1,0,0,False
1785430955.7579584,20,1785567337.0097444,37.50247959105822,0.6050835431448844,36.698710612649734,True,37.5,36.5,38.6,0.95,0.05,0.0,0.7,0.03,2,1785567347.0382748,True,False,True,False,1785567300.351569,False,1,0,0,False
1785430955.7579584,20,1785567357.016801,37.49713893339437,0.6049881742580301,36.66132600900282,True,37.5,36.5,38.6,0.95,0.05,0.0,0.7,0.03,2,1785567367.0445051,True,True,True,False,1785567300.351569,False,True,1,0,False
1785430955.7579584,20,1785567377.023769,37.489127946898606,0.6050644693675136,36.6453040360113,True,37.5,36.5,38.6,0.95,0.05,0.0,0.7,0.03,2,1785567387.0522392,True,False,True,False,1785567300.351569,False,True,1,0,False
1785430955.7579584,20,1785567397.0308042,37.481116960402844,0.6050644693675136,36.663996337834746,True,37.5,36.5,38.6,0.95,0.05,0.0,0.7,0.03,2,1785567407.0609956,True,True,True,False,1785567300.351569,False,True,1,0,False
1785430955.7579584,20,1785567417.0372345,37.49179827573053,0.605293354695964,36.658655680170895,True,37.5,36.5,38.6,0.95,0.05,0.0,0.7,0.03,2,1785567427.0647867,True,False,True,False,1785567300.351569,False,True,1,0,False
1785430955.7579584,20,1785567437.0435166,37.489127946898606,0.6051979858091096,36.66933699549858,True,37.5,36.5,38.6,0.95,0.05,0.0,0.7,0.03,2,1785567447.0710027,True,False,True,False,1785567300.351569,False,True,1,0,False
1785430955.7579584,20,1785567457.0499012,37.470435645075156,0.6048165102616921,36.663996337834746,True,37.5,36.5,38.6,0.95,0.05,0.0,0.7,0.03,2,1785567467.0775204,True,False,True,False,1785567300.351569,False,True,1,0,False
1785430955.7579584,20,1785567477.0564578,37.49980926222629,0.6048737315938049,36.68535896849012,True,37.5,36.5,38.6,0.95,0.05,0.0,0.7,0.03,2,1785567487.0838864,True,True,True,True,1785567480.3515964,False,True,1,0,False
1785430955.7579584,20,1785567497.0630186,37.507820248722055,0.605274280918593,36.682688639658195,True,37.5,36.5,38.6,0.95,0.05,0.0,0.7,0.03,2,1785567507.0902665,True,False,True,False,1785567480.3515964,False,1,0,0,False
1785430955.7579584,20,1785567517.0694597,37.51850156404974,0.6050835431448844,36.682688639658195,True,37.5,36.5,38.6,0.95,0.05,0.0,0.7,0.03,2,1785567527.0968056,True,False,True,False,1785567480.3515964,False,1,0,0,False
1785430955.7579584,20,1785567537.075765,37.53452353704128,0.6052552071412223,36.67734798199436,True,37.5,36.5,38.6,0.95,0.05,0.0,0.7,0.03,2,1785567547.103139,True,False,True,False,1785567480.3515964,False,1,0,0,False
1785430955.7579584,20,1785567557.0822527,37.53452353704128,0.6051979858091096,36.67200732433051,True,37.5,36.5,38.6,0.95,0.05,0.0,0.7,0.03,2,1785567567.1096256,True,True,True,False,1785567480.3515964,False,1,0,0,False
1785430955.7579584,20,1785567577.088635,37.53719386587319,0.6049500267032883,36.682688639658195,True,37.5,36.5,38.6,0.95,0.05,0.0,0.7,0.03,2,1785567587.1218362,True,True,True,False,1785567480.3515964,False,1,0,0,False
1785430955.7579584,20,1785567597.0949695,37.49713893339437,0.6049118791485466,36.69069962615396,True,37.5,36.5,38.6,0.95,0.05,0.0,0.7,0.03,2,1785567607.1221147,True,False,True,False,1785567480.3515964,False,True,1,0,False
1785430955.7579584,20,1785567617.101224,37.44907301441978,0.6050835431448844,36.66933699549858,True,37.5,36.5,38.6,0.95,0.05,0.0,0.7,0.03,2,1785567627.1278162,False,True,True,False,1785567480.3515964,False,True,1,0,False
1785430955.7579584,20,1785567637.1072683,37.371633478294044,0.6047974364843214,36.68001831082627,True,37.5,36.5,38.6,0.95,0.05,0.0,0.7,0.03,2,1785567647.1338472,False,True,True,False,1785567480.3515964,False,True,1,0,False
1785430955.7579584,20,1785567657.1132605,37.294193942168306,0.6048165102616921,36.658655680170895,True,37.5,36.5,38.6,0.95,0.05,0.0,0.7,0.03,2,1785567667.1403682,False,True,True,True,1785567660.3516102,False,True,1,0,False
1785430955.7579584,20,1785567677.119235,37.25947966735332,0.6047783627069505,36.67467765316243,True,37.5,36.5,38.6,0.95,0.05,0.0,0.7,0.03,2,1785567687.1463845,False,True,True,False,1785567660.3516102,False,True,1,0,False
1785430955.7579584,20,1785567697.1253352,37.21408407721066,0.6046257724879835,36.71473258564126,True,37.5,36.5,38.6,0.95,0.05,0.0,0.7,0.03,2,1785567707.1518893,False,True,True,False,1785567660.3516102,False,True,1,0,False
1785430955.7579584,20,1785567717.1312869,37.208743419546806,0.6044922560463875,36.72007324330511,True,37.5,36.5,38.6,0.95,0.05,0.0,0.7,0.03,2,1785567727.1578703,False,True,True,False,1785567660.3516102,False,True,1,0,False
1785430955.7579584,20,1785567737.1372757,37.21408407721066,0.6045876249332417,36.71473258564126,True,37.5,36.5,38.6,0.95,0.05,0.0,0.7,0.03,2,1785567747.1637955,False,True,True,False,1785567660.3516102,False,True,1,0,False
1785430955.7579584,20,1785567757.1431692,37.20340276188297,0.6044731822690166,36.73609521629663,True,37.5,36.5,38.6,0.95,0.05,0.0,0.7,0.03,2,1785567767.1697545,False,True,True,False,1785567660.3516102,False,True,1,0,False
1785430955.7579584,20,1785567777.149233,37.19539177538719,0.604854657816434,36.73609521629663,True,37.5,36.5,38.6,0.95,0.05,0.0,0.7,0.03,2,1785567787.1764228,False,True,True,False,1785567660.3516102,False,True,1,0,False
1785430955.7579584,20,1785567797.1552777,37.20340276188297,0.6045685511558709,36.73876554512856,True,37.5,36.5,38.6,0.95,0.05,0.0,0.7,0.03,2,1785567807.1818943,False,True,True,False,1785567660.3516102,False,True,1,0,False
1785430955.7579584,20,1785567817.1612773,37.19272144655528,0.6043396658274205,36.77615014877546,True,37.5,36.5,38.6,0.95,0.05,0.0,0.7,0.03,2,1785567827.1879673,False,True,True,False,1785567660.3516102,False,True,1,0,False
1785430955.7579584,20,1785567837.1672692,37.19539177538719,0.6044350347142747,36.78149080643931,True,37.5,36.5,38.6,0.95,0.05,0.0,0.7,0.03,2,1785567847.1943977,False,True,True,True,1785567840.3516312,False,True,1,0,False
1785430955.7579584,20,1785567857.1733844,37.21408407721066,0.6047974364843214,36.79751277943083,True,37.5,36.5,38.6,0.95,0.05,0.0,0.7,0.03,2,1785567867.199963,False,True,True,False,1785567840.3516312,False,True,1,0,False
1785430955.7579584,20,1785567877.1793303,37.227435721370256,0.6046829938200962,36.78149080643931,True,37.5,36.5,38.6,0.95,0.05,0.0,0.7,0.03,2,1785567887.2058845,False,True,True,False,1785567840.3516312,False,True,1,0,False
1785430955.7579584,20,1785567897.1852937,37.21408407721066,0.6045876249332417,36.78416113527123,True,37.5,36.5,38.6,0.95,0.05,0.0,0.7,0.03,2,1785567907.2123706,False,True,True,False,1785567840.3516312,False,True,1,0,False
1785430955.7579584,20,1785567917.191276,37.219424734874494,0.6044731822690166,36.77882047760738,True,37.5,36.5,38.6,0.95,0.05,0.0,0.7,0.03,2,1785567927.2184334,False,True,True,False,1785567840.3516312,False,True,1,0,False
1785430955.7579584,20,1785567937.1973724,37.24078736552987,0.6045113298237582,36.80552376592661,True,37.5,36.5,38.6,0.95,0.05,0.0,0.7,0.03,2,1785567947.2244084,False,True,True,False,1785567840.3516312,False,True,1,0,False
1785430955.7579584,20,1785567957.2032604,37.24612802319372,0.6047592889295796,36.82154573891813,True,37.5,36.5,38.6,0.95,0.05,0.0,0.7,0.03,2,1785567967.2303536,False,True,True,False,1785567840.3516312,False,True,1,0,False
1785430955.7579584,20,1785567977.2092435,37.24879835202563,0.6043587396047913,36.83222705424582,True,37.5,36.5,38.6,0.95,0.05,0.0,0.7,0.03,2,1785567987.2356513,False,True,True,False,1785567840.3516312,False,True,1,0,False
1785430955.7579584,20,1785567997.215229,37.28351262684062,0.6047592889295796,36.86160067139696,True,37.5,36.5,38.6,0.95,0.05,0.0,0.7,0.03,2,1785568007.242341,False,True,True,False,1785567840.3516312,False,True,1,0,False
1785430955.7579584,20,1785568017.2212646,37.28885328450447,0.604415960936904,36.88296330205233,True,37.5,36.5,38.6,0.95,0.05,0.0,0.7,0.03,2,1785568027.2483377,False,True,True,True,1785568020.3516638,False,True,1,0,False
1785430955.7579584,20,1785568037.2271788,37.29152361333638,0.6047402151522087,36.872281986724644,True,37.5,36.5,38.6,0.95,0.05,0.0,0.7,0.03,2,1785568047.2542667,False,True,True,False,1785568020.3516638,False,True,1,0,False
1785430955.7579584,20,1785568057.2331898,37.294193942168306,0.6046639200427252,36.877622644388495,True,37.5,36.5,38.6,0.95,0.05,0.0,0.7,0.03,2,1785568067.2598138,False,True,True,False,1785568020.3516638,False,True,1,0,False
1785430955.7579584,20,1785568077.2391934,37.29686427100023,0.6047211413748379,36.872281986724644,True,37.5,36.5,38.6,0.95,0.05,0.0,0.7,0.03,2,1785568087.2662687,False,True,True,False,1785568020.3516638,False,True,1,0,False
1785430955.7579584,20,1785568097.2451756,37.294193942168306,0.6046829938200962,36.88029297322042,True,37.5,36.5,38.6,0.95,0.05,0.0,0.7,0.03,2,1785568107.2716813,False,True,True,False,1785568020.3516638,False,True,1,0,False
1785430955.7579584,20,1785568117.2510545,37.32089723048753,0.6046829938200962,36.87495231555657,True,37.5,36.5,38.6,0.95,0.05,0.0,0.7,0.03,2,1785568127.2780757,False,True,True,False,1785568020.3516638,False,True,1,0,False
1785430955.7579584,20,1785568137.2570488,37.294193942168306,0.6045685511558709,36.92301823453117,True,37.5,36.5,38.6,0.95,0.05,0.0,0.7,0.03,2,1785568147.284154,False,True,True,False,1785568020.3516638,False,True,1,0,False
1785430955.7579584,20,1785568157.2630076,37.34225986114291,0.6047402151522087,36.92835889219501,True,37.5,36.5,38.6,0.95,0.05,0.0,0.7,0.03,2,1785568167.290079,False,True,True,False,1785568020.3516638,False,True,1,0,False
1785430955.7579584,20,1785568177.2690022,37.35027084763867,0.6045876249332417,36.92835889219501,True,37.5,36.5,38.6,0.95,0.05,0.0,0.7,0.03,2,1785568187.2960763,False,True,True,False,1785568020.3516638,False,True,1,0,False
1785430955.7579584,20,1785568197.2749574,37.352941176470594,0.6047974364843214,36.95239185168231,True,37.5,36.5,38.6,0.95,0.05,0.0,0.7,0.03,2,1785568207.3020372,False,True,True,True,1785568200.3516781,False,True,1,0,False
1785430955.7579584,20,1785568217.2809732,37.34225986114291,0.6044922560463875,36.957732509346144,True,37.5,36.5,38.6,0.95,0.05,0.0,0.7,0.03,2,1785568227.3081021,False,True,True,False,1785568200.3516781,False,True,1,0,False
1785430955.7579584,20,1785568237.287002,37.371633478294044,0.6045304036011292,36.95239185168231,True,37.5,36.5,38.6,0.95,0.05,0.0,0.7,0.03,2,1785568247.3140845,False,True,True,False,1785568200.3516781,False,True,1,0,False
1785430955.7579584,20,1785568257.293004,37.379644464789806,0.6043587396047913,36.989776455329206,True,37.5,36.5,38.6,0.95,0.05,0.0,0.7,0.03,2,1785568267.3195288,False,True,True,False,1785568200.3516781,False,True,1,0,False
1785430955.7579584,20,1785568277.29895,37.38231479362173,0.6046639200427252,36.95239185168231,True,37.5,36.5,38.6,0.95,0.05,0.0,0.7,0.03,2,1785568287.3259761,False,True,True,False,1785568200.3516781,False,True,1,0,False
1785430955.7579584,20,1785568297.3048725,37.40100709544518,0.6046448462653544,36.99244678416113,True,37.5,36.5,38.6,0.95,0.05,0.0,0.7,0.03,2,1785568307.3318994,False,True,True,False,1785568200.3516781,False,True,1,0,False
1785430955.7579584,20,1785568317.310772,37.38498512245366,0.6046829938200962,37.00312809948882,True,37.5,36.5,38.6,0.95,0.05,0.0,0.7,0.03,2,1785568327.3378425,False,True,True,False,1785568200.3516781,False,True,1,0,False
1785430955.7579584,20,1785568337.3167603,37.40100709544518,0.6045494773785001,37.01380941481651,True,37.5,36.5,38.6,0.95,0.05,0.0,0.7,0.03,2,1785568347.3438025,False,True,True,False,1785568200.3516781,False,True,1,0,False
1785430955.7579584,20,1785568357.322757,37.40634775310903,0.6050263218127718,37.024490730144194,True,37.5,36.5,38.6,0.95,0.05,0.0,0.7,0.03,2,1785568367.3499246,False,True,True,False,1785568200.3516781,False,True,1,0,False
1785430955.7579584,20,1785568377.3288412,37.43038071259632,0.6049881742580301,37.024490730144194,True,37.5,36.5,38.6,0.95,0.05,0.0,0.7,0.03,2,1785568387.3553998,False,True,True,True,1785568380.3516915,False,True,1,0,False
1785430955.7579584,20,1785568397.3347208,37.45441367208362,0.604854657816434,37.04318303196766,True,37.5,36.5,38.6,0.95,0.05,0.0,0.7,0.03,2,1785568407.361823,False,True,True,False,1785568380.3516915,False,True,1,0,False
1785430955.7579584,20,1785568417.3408062,37.470435645075156,0.6046066987106127,37.04318303196766,True,37.5,36.5,38.6,0.95,0.05,0.0,0.7,0.03,2,1785568427.3679373,False,True,True,False,1785568380.3516915,False,True,1,0,False
1785430955.7579584,20,1785568437.346782,37.47310597390707,0.6047592889295796,37.04318303196766,True,37.5,36.5,38.6,0.95,0.05,0.0,0.7,0.03,2,1785568447.3738785,False,True,True,False,1785568380.3516915,False,True,1,0,False
1785430955.7579584,20,1785568457.3527775,37.49179827573053,0.6050263218127718,37.048523689631494,True,37.5,36.5,38.6,0.95,0.05,0.0,0.7,0.03,2,1785568467.3794148,False,True,True,False,1785568380.3516915,False,True,1,0,False
1785430955.7579584,20,1785568477.3587592,37.46242465857938,0.6045876249332417,37.06454566262303,True,37.5,36.5,38.6,0.95,0.05,0.0,0.7,0.03,2,1785568487.3854175,False,True,True,False,1785568380.3516915,False,True,1,0,False
1785430955.7579584,20,1785568497.3647566,37.49713893339437,0.6045304036011292,37.06187533379111,True,37.5,36.5,38.6,0.95,0.05,0.0,0.7,0.03,2,1785568507.3920455,False,True,True,False,1785568380.3516915,False,True,1,0,False
1785430955.7579584,20,1785568517.3708086,37.50247959105822,0.6046257724879835,37.05653467612726,True,37.5,36.5,38.6,0.95,0.05,0.0,0.7,0.03,2,1785568527.3979557,False,True,True,False,1785568380.3516915,False,1,0,0,False
1785430955.7579584,20,1785568537.376749,37.513160906385906,0.604854657816434,37.09391927977417,True,37.5,36.5,38.6,0.95,0.05,0.0,0.7,0.03,2,1785568547.403771,False,True,True,False,1785568380.3516915,False,1,0,0,False
1785430955.7579584,20,1785568557.3826723,37.507820248722055,0.604415960936904,37.12062256809338,True,37.5,36.5,38.6,0.95,0.05,0.0,0.7,0.03,2,1785568567.4097095,False,True,True,True,1785568560.3516958,False,1,0,0,False
1785430955.7579584,20,1785568577.3886173,37.49980926222629,0.6047592889295796,37.099259937438006,True,37.5,36.5,38.6,0.95,0.05,0.0,0.7,0.03,2,1785568587.4156718,False,True,True,False,1785568560.3516958,False,True,1,0,False
1785430955.7579584,20,1785568597.3945801,37.49713893339437,0.6043968871595331,37.06454566262303,True,37.5,36.5,38.6,0.95,0.05,0.0,0.7,0.03,2,1785568607.421649,False,True,True,False,1785568560.3516958,False,True,1,0,False
1785430955.7579584,20,1785568617.4005744,37.48645761806668,0.6046448462653544,37.06988632028687,True,37.5,36.5,38.6,0.95,0.05,0.0,0.7,0.03,2,1785568627.4276643,False,True,True,False,1785568560.3516958,False,True,1,0,False
1785430955.7579584,20,1785568637.406585,37.489127946898606,0.6046066987106127,37.06454566262303,True,37.5,36.5,38.6,0.95,0.05,0.0,0.7,0.03,2,1785568647.4337058,False,True,True,False,1785568560.3516958,False,True,1,0,False
1785430955.7579584,20,1785568657.4126287,37.49713893339437,0.6044541084916457,37.08056763561456,True,37.5,36.5,38.6,0.95,0.05,0.0,0.7,0.03,2,1785568667.439636,False,True,True,False,1785568560.3516958,False,True,1,0,False
1785430955.7579584,20,1785568677.4185455,37.489127946898606,0.6044350347142747,37.06988632028687,True,37.5,36.5,38.6,0.95,0.05,0.0,0.7,0.03,2,1785568687.4456916,False,True,True,False,1785568560.3516958,False,True,1,0,False
1785430955.7579584,20,1785568697.4245937,37.49713893339437,0.6047974364843214,37.07789730678263,True,37.5,36.5,38.6,0.95,0.05,0.0,0.7,0.03,2,1785568707.4516222,False,True,True,False,1785568560.3516958,False,True,1,0,False
1785430955.7579584,20,1785568717.4305053,37.507820248722055,0.6050263218127718,37.08323796444648,True,37.5,36.5,38.6,0.95,0.05,0.0,0.7,0.03,2,1785568727.4576004,False,True,True,False,1785568560.3516958,False,1,0,0,False
1785430955.7579584,20,1785568737.436492,37.49713893339437,0.6046448462653544,37.08323796444648,True,37.5,36.5,38.6,0.95,0.05,0.0,0.7,0.03,2,1785568747.4635897,False,True,True,True,1785568740.3517325,False,True,1,0,False
1785430955.7579584,20,1785568757.4424903,37.49713893339437,0.6045304036011292,37.08323796444648,True,37.5,36.5,38.6,0.95,0.05,0.0,0.7,0.03,2,1785568767.469612,False,True,True,False,1785568740.3517325,False,True,1,0,False
1785430955.7579584,20,1785568777.4485211,37.47844663157092,0.6043396658274205,37.072556649118795,True,37.5,36.5,38.6,0.95,0.05,0.0,0.7,0.03,2,1785568787.4757552,False,True,True,False,1785568740.3517325,False,True,1,0,False
1785430955.7579584,20,1785568797.4546247,37.50247959105822,0.6045494773785001,37.06988632028687,True,37.5,36.5,38.6,0.95,0.05,0.0,0.7,0.03,2,1785568807.4811869,False,True,True,False,1785568740.3517325,False,1,0,0,False
1785430955.7579584,20,1785568817.4605694,37.507820248722055,0.6046829938200962,37.08056763561456,True,37.5,36.5,38.6,0.95,0.05,0.0,0.7,0.03,2,1785568827.487602,False,True,True,False,1785568740.3517325,False,1,0,0,False
1785430955.7579584,20,1785568837.4664915,37.51583123521782,0.6043015182726788,37.08056763561456,True,37.5,36.5,38.6,0.95,0.05,0.0,0.7,0.03,2,1785568847.4932716,False,True,True,False,1785568740.3517325,False,1,0,0,False
1785430955.7579584,20,1785568857.4725049,37.507820248722055,0.6045685511558709,37.096589608606095,True,37.5,36.5,38.6,0.95,0.05,0.0,0.7,0.03,2,1785568867.499483,False,True,True,False,1785568740.3517325,False,1,0,0,False
1785430955.7579584,20,1785568877.4784257,37.49980926222629,0.6046448462653544,37.08056763561456,True,37.5,36.5,38.6,0.95,0.05,0.0,0.7,0.03,2,1785568887.5055594,False,True,True,False,1785568740.3517325,False,True,1,0,False
1785430955.7579584,20,1785568897.4845214,37.481116960402844,0.6043015182726788,37.067215991454944,True,37.5,36.5,38.6,0.95,0.05,0.0,0.7,0.03,2,1785568907.5116136,False,True,True,False,1785568740.3517325,False,True,1,0,False
1785430955.7579584,20,1785568917.4904752,37.49179827573053,0.6043968871595331,37.08857862211032,True,37.5,36.5,38.6,0.95,0.05,0.0,0.7,0.03,2,1785568927.5175564,False,True,True,True,1785568920.3517547,False,True,1,0,False
1785430955.7579584,20,1785568937.4964626,37.48645761806668,0.6047211413748379,37.10460059510186,True,37.5,36.5,38.6,0.95,0.05,0.0,0.7,0.03,2,1785568947.5234833,False,True,True,False,1785568920.3517547,False,True,1,0,False
1785430955.7579584,20,1785568957.5024126,37.49713893339437,0.6042442969405661,37.09391927977417,True,37.5,36.5,38.6,0.95,0.05,0.0,0.7,0.03,2,1785568967.5295432,False,True,True,False,1785568920.3517547,False,True,1,0,False
1785430955.7579584,20,1785568977.5084314,37.47310597390707,0.6041680018310827,37.09391927977417,True,37.5,36.5,38.6,0.95,0.05,0.0,0.7,0.03,2,1785568987.5354726,False,True,True,False,1785568920.3517547,False,True,1,0,False
1785430955.7579584,20,1785568997.5143468,37.507820248722055,0.6041489280537118,37.091248950942244,True,37.5,36.5,38.6,0.95,0.05,0.0,0.7,0.03,2,1785569007.5414062,False,True,True,False,1785568920.3517547,False,1,0,0,False
1785430955.7579584,20,1785569017.5203042,37.49713893339437,0.6044541084916457,37.06988632028687,True,37.5,36.5,38.6,0.95,0.05,0.0,0.7,0.03,2,1785569027.5468893,False,True,True,False,1785568920.3517547,False,True,1,0,False
1785430955.7579584,20,1785569037.5262809,37.49446860456244,0.6043968871595331,37.08590829327841,True,37.5,36.5,38.6,0.95,0.05,0.0,0.7,0.03,2,1785569047.5534976,False,True,True,False,1785568920.3517547,False,True,1,0,False
1785430955.7579584,20,1785569057.5323524,37.481116960402844,0.6044350347142747,37.08590829327841,True,37.5,36.5,38.6,0.95,0.05,0.0,0.7,0.03,2,1785569067.559406,False,True,True,False,1785568920.3517547,False,True,1,0,False
1785430955.7579584,20,1785569077.5382771,37.51583123521782,0.6048165102616921,37.08056763561456,True,37.5,36.5,38.6,0.95,0.05,0.0,0.7,0.03,2,1785569087.565381,False,True,True,False,1785568920.3517547,False,1,0,0,False
1785430955.7579584,20,1785569097.544249,37.513160906385906,0.6047783627069505,37.10460059510186,True,37.5,36.5,38.6,0.95,0.05,0.0,0.7,0.03,2,1785569107.570819,False,True,True,True,1785569100.3517694,False,1,0,0,False
1785430955.7579584,20,1785569117.5502303,37.51850156404974,0.6046829938200962,37.099259937438006,True,37.5,36.5,38.6,0.95,0.05,0.0,0.7,0.03,2,1785569127.5768714,False,True,True,False,1785569100.3517694,False,1,0,0,False
1785430955.7579584,20,1785569137.5562174,37.49179827573053,0.6044541084916457,37.09391927977417,True,37.5,36.5,38.6,0.95,0.05,0.0,0.7,0.03,2,1785569147.5835235,False,True,True,False,1785569100.3517694,False,True,1,0,False
1785430955.7579584,20,1785569157.5624104,37.51850156404974,0.6047402151522087,37.08857862211032,True,37.5,36.5,38.6,0.95,0.05,0.0,0.7,0.03,2,1785569167.5895789,False,True,True,False,1785569100.3517694,False,1,0,0,False
1785430955.7579584,20,1785569177.5685208,37.51049057755398,0.6046448462653544,37.109941252765694,True,37.5,36.5,38.6,0.95,0.05,0.0,0.7,0.03,2,1785569187.5956824,False,True,True,False,1785569100.3517694,False,1,0,0,False
1785430955.7579584,20,1785569197.5746417,37.48645761806668,0.6045685511558709,37.10193026626993,True,37.5,36.5,38.6,0.95,0.05,0.0,0.7,0.03,2,1785569207.601228,False,True,True,False,1785569100.3517694,False,True,1,0,False
1785430955.7579584,20,1785569217.5805829,37.470435645075156,0.6045304036011292,37.091248950942244,True,37.5,36.5,38.6,0.95,0.05,0.0,0.7,0.03,2,1785569227.6076422,False,True,True,False,1785569100.3517694,False,True,1,0,False
1785430955.7579584,20,1785569237.5865092,37.46242465857938,0.6044922560463875,37.08590829327841,True,37.5,36.5,38.6,0.95,0.05,0.0,0.7,0.03,2,1785569247.6136153,False,True,True,False,1785569100.3517694,False,True,1,0,False
1785430955.7579584,20,1785569257.592501,37.50247959105822,0.6047974364843214,37.091248950942244,True,37.5,36.5,38.6,0.95,0.05,0.0,0.7,0.03,2,1785569267.6189382,False,True,True,False,1785569100.3517694,False,1,0,0,False
1785430955.7579584,20,1785569277.598435,37.49446860456244,0.6041489280537118,37.10727092393378,True,37.5,36.5,38.6,0.95,0.05,0.0,0.7,0.03,2,1785569287.6255343,False,True,True,True,1785569280.3517787,False,True,1,0,False
1785430955.7579584,20,1785569297.6044166,37.48645761806668,0.6045304036011292,37.109941252765694,True,37.5,36.5,38.6,0.95,0.05,0.0,0.7,0.03,2,1785569307.6309385,False,True,True,False,1785569280.3517787,False,True,1,0,False
1785430955.7579584,20,1785569317.6104026,37.49713893339437,0.6043778133821622,37.109941252765694,True,37.5,36.5,38.6,0.95,0.05,0.0,0.7,0.03,2,1785569327.6376302,False,True,True,False,1785569280.3517787,False,True,1,0,False
1785430955.7579584,20,1785569337.6165066,37.49179827573053,0.6043968871595331,37.10460059510186,True,37.5,36.5,38.6,0.95,0.05,0.0,0.7,0.03,2,1785569347.6430798,False,True,True,False,1785569280.3517787,False,True,1,0,False
1785430955.7579584,20,1785569357.6224098,37.48645761806668,0.6044731822690166,37.099259937438006,True,37.5,36.5,38.6,0.95,0.05,0.0,0.7,0.03,2,1785569367.649544,False,True,True,False,1785569280.3517787,False,True,1,0,False
1785430955.7579584,20,1785569377.6284208,37.51049057755398,0.6044731822690166,37.115281910429545,True,37.5,36.5,38.6,0.95,0.05,0.0,0.7,0.03,2,1785569387.655479,False,True,True,False,1785569280.3517787,False,1,0,0,False
1785430955.7579584,20,1785569397.6344345,37.52384222171359,0.6044731822690166,37.12863355458916,True,37.5,36.5,38.6,0.95,0.05,0.0,0.7,0.03,2,1785569407.6615899,False,True,True,False,1785569280.3517787,False,1,0,0,False
1785430955.7579584,20,1785569417.6404696,37.52384222171359,0.6045304036011292,37.12863355458916,True,37.5,36.5,38.6,0.95,0.05,0.0,0.7,0.03,2,1785569427.6671746,False,True,True,False,1785569280.3517787,False,1,0,0,False
1785430955.7579584,20,1785569437.6464386,37.51049057755398,0.6042252231631953,37.12863355458916,True,37.5,36.5,38.6,0.95,0.05,0.0,0.7,0.03,2,1785569447.6735842,False,True,True,False,1785569280.3517787,False,1,0,0,False
1785430955.7579584,20,1785569457.6525607,37.507820248722055,0.6041680018310827,37.11261158159762,True,37.5,36.5,38.6,0.95,0.05,0.0,0.7,0.03,2,1785569467.679991,False,True,True,True,1785569460.3517938,False,1,0,0,False
1785430955.7579584,20,1785569477.658637,37.51049057755398,0.6041680018310827,37.10193026626993,True,37.5,36.5,38.6,0.95,0.05,0.0,0.7,0.03,2,1785569487.6853826,False,True,True,False,1785569460.3517938,False,1,0,0,False
1785430955.7579584,20,1785569497.6646962,37.49179827573053,0.6043205920500496,37.067215991454944,True,37.5,36.5,38.6,0.95,0.05,0.0,0.7,0.03,2,1785569507.6917949,False,True,True,False,1785569460.3517938,False,True,1,0,False
1785430955.7579584,20,1785569517.6706853,37.48645761806668,0.6043015182726788,37.06187533379111,True,37.5,36.5,38.6,0.95,0.05,0.0,0.7,0.03,2,1785569527.6978412,False,True,True,False,1785569460.3517938,False,True,1,0,False
1785430955.7579584,20,1785569537.6766722,37.45975432974747,0.6044922560463875,37.067215991454944,True,37.5,36.5,38.6,0.95,0.05,0.0,0.7,0.03,2,1785569547.7071104,False,True,True,False,1785569460.3517938,False,True,1,0,False
1785430955.7579584,20,1785569557.6860044,37.45975432974747,0.6043778133821622,37.067215991454944,True,37.5,36.5,38.6,0.95,0.05,0.0,0.7,0.03,2,1785569567.7131162,False,True,True,False,1785569460.3517938,False,True,1,0,False
1785430955.7579584,20,1785569577.6920154,37.47310597390707,0.6041680018310827,37.06187533379111,True,37.5,36.5,38.6,0.95,0.05,0.0,0.7,0.03,2,1785569587.719141,False,True,True,False,1785569460.3517938,False,True,1,0,False
1785430955.7579584,20,1785569597.6980677,37.465094987411305,0.6040726329442283,37.05920500495918,True,37.5,36.5,38.6,0.95,0.05,0.0,0.7,0.03,2,1785569607.7248256,False,True,True,False,1785569460.3517938,False,True,1,0,False
1785430955.7579584,20,1785569617.7043312,37.481116960402844,0.6041870756084535,37.06454566262303,True,37.5,36.5,38.6,0.95,0.05,0.0,0.7,0.03,2,1785569627.7314987,False,True,True,False,1785569460.3517938,False,True,1,0,False
1785430955.7579584,20,1785569637.710268,37.489127946898606,0.604415960936904,37.06454566262303,True,37.5,36.5,38.6,0.95,0.05,0.0,0.7,0.03,2,1785569647.737461,False,True,True,True,1785569640.351798,False,True,1,0,False
1785430955.7579584,20,1785569657.716161,37.50247959105822,0.6042252231631953,37.05920500495918,True,37.5,36.5,38.6,0.95,0.05,0.0,0.7,0.03,2,1785569667.7430217,False,True,True,False,1785569640.351798,False,1,0,0,False
1785430955.7579584,20,1785569677.72219,37.526512550545505,0.6045304036011292,37.08056763561456,True,37.5,36.5,38.6,0.95,0.05,0.0,0.7,0.03,2,1785569687.749314,False,True,True,False,1785569640.351798,False,1,0,0,False
1785430955.7579584,20,1785569697.7281544,37.507820248722055,0.6043396658274205,37.10460059510186,True,37.5,36.5,38.6,0.95,0.05,0.0,0.7,0.03,2,1785569707.754802,False,True,True,False,1785569640.351798,False,1,0,0,False
1785430955.7579584,20,1785569717.7341518,37.49713893339437,0.6043205920500496,37.09391927977417,True,37.5,36.5,38.6,0.95,0.05,0.0,0.7,0.03,2,1785569727.7612457,False,True,True,False,1785569640.351798,False,True,1,0,False
1785430955.7579584,20,1785569737.7400842,37.51850156404974,0.6041298542763408,37.115281910429545,True,37.5,36.5,38.6,0.95,0.05,0.0,0.7,0.03,2,1785569747.7666717,False,True,True,False,1785569640.351798,False,1,0,0,False
1785430955.7579584,20,1785569757.746043,37.48645761806668,0.6041870756084535,37.12062256809338,True,37.5,36.5,38.6,0.95,0.05,0.0,0.7,0.03,2,1785569767.773157,False,True,True,False,1785569640.351798,False,True,1,0,False
1785430955.7579584,20,1785569777.7520382,37.51049057755398,0.6045113298237582,37.08857862211032,True,37.5,36.5,38.6,0.95,0.05,0.0,0.7,0.03,2,1785569787.7790859,False,True,True,False,1785569640.351798,False,1,0,0,False
1785430955.7579584,20,1785569797.758038,37.50247959105822,0.6040154116121157,37.096589608606095,True,37.5,36.5,38.6,0.95,0.05,0.0,0.7,0.03,2,1785569807.7851315,False,True,True,False,1785569640.351798,False,1,0,0,False
1785430955.7579584,20,1785569817.7639961,37.49179827573053,0.6039772640573738,37.08056763561456,True,37.5,36.5,38.6,0.95,0.05,0.0,0.7,0.03,2,1785569827.7905557,False,True,True,True,1785569820.3518054,False,True,1,0,False
1785430955.7579584,20,1785569837.769956,37.47310597390707,0.6041680018310827,37.096589608606095,True,37.5,36.5,38.6,0.95,0.05,0.0,0.7,0.03,2,1785569847.7970796,False,True,True,False,1785569820.3518054,False,True,1,0,False
1785430955.7579584,20,1785569857.775921,37.470435645075156,0.6042061493858243,37.05920500495918,True,37.5,36.5,38.6,0.95,0.05,0.0,0.7,0.03,2,1785569867.8029833,False,True,True,False,1785569820.3518054,False,True,1,0,False
1785430955.7579584,20,1785569877.7819006,37.47310597390707,0.6045113298237582,37.06454566262303,True,37.5,36.5,38.6,0.95,0.05,0.0,0.7,0.03,2,1785569887.8090038,False,True,True,False,1785569820.3518054,False,True,1,0,False
1785430955.7579584,20,1785569897.7878485,37.47577630273899,0.6041298542763408,37.08857862211032,True,37.5,36.5,38.6,0.95,0.05,0.0,0.7,0.03,2,1785569907.8144403,False,True,True,False,1785569820.3518054,False,True,1,0,False
1785430955.7579584,20,1785569917.793882,37.47577630273899,0.6040344853894866,37.05653467612726,True,37.5,36.5,38.6,0.95,0.05,0.0,0.7,0.03,2,1785569927.8211281,False,True,True,False,1785569820.3518054,False,True,1,0,False
1785430955.7579584,20,1785569937.7999845,37.49713893339437,0.6040726329442283,37.09391927977417,True,37.5,36.5,38.6,0.95,0.05,0.0,0.7,0.03,2,1785569947.8272016,False,True,True,False,1785569820.3518054,False,True,1,0,False
1785430955.7579584,20,1785569957.8060958,37.51850156404974,0.6043396658274205,37.109941252765694,True,37.5,36.5,38.6,0.95,0.05,0.0,0.7,0.03,2,1785569967.8336573,False,True,True,False,1785569820.3518054,False,1,0,0,False
1785430955.7579584,20,1785569977.8120918,37.51049057755398,0.6040917067215992,37.13130388342107,True,37.5,36.5,38.6,0.95,0.05,0.0,0.7,0.03,2,1785569987.8391747,False,True,True,False,1785569820.3518054,False,1,0,0,False
1785430955.7579584,20,1785569997.8181183,37.50247959105822,0.604415960936904,37.10727092393378,True,37.5,36.5,38.6,0.95,0.05,0.0,0.7,0.03,2,1785570007.8452632,False,True,True,True,1785570000.351814,False,1,0,0,False
1785430955.7579584,20,1785570017.8241932,37.49713893339437,0.6039963378347448,37.12863355458916,True,37.5,36.5,38.6,0.95,0.05,0.0,0.7,0.03,2,1785570027.8512893,False,True,True,False,1785570000.351814,False,True,1,0,False
1785430955.7579584,20,1785570037.8302,37.49980926222629,0.6040917067215992,37.10727092393378,True,37.5,36.5,38.6,0.95,0.05,0.0,0.7,0.03,2,1785570047.8573296,False,True,True,False,1785570000.351814,False,True,1,0,False
1785430955.7579584,20,1785570057.8361764,37.507820248722055,0.6040154116121157,37.08590829327841,True,37.5,36.5,38.6,0.95,0.05,0.0,0.7,0.03,2,1785570067.8628275,False,True,True,False,1785570000.351814,False,1,0,0,False
1785430955.7579584,20,1785570077.8422098,37.489127946898606,0.6043205920500496,37.08056763561456,True,37.5,36.5,38.6,0.95,0.05,0.0,0.7,0.03,2,1785570087.8687913,False,True,True,False,1785570000.351814,False,True,1,0,False
1785430955.7579584,20,1785570097.8481002,37.470435645075156,0.6042061493858243,37.072556649118795,True,37.5,36.5,38.6,0.95,0.05,0.0,0.7,0.03,2,1785570107.8753395,False,True,True,False,1785570000.351814,False,True,1,0,False
1785430955.7579584,20,1785570117.8541465,37.465094987411305,0.6041870756084535,37.09391927977417,True,37.5,36.5,38.6,0.95,0.05,0.0,0.7,0.03,2,1785570127.8812406,False,True,True,False,1785570000.351814,False,True,1,0,False
1785430955.7579584,20,1785570137.860079,37.470435645075156,0.6038246738384069,37.09391927977417,True,37.5,36.5,38.6,0.95,0.05,0.0,0.7,0.03,2,1785570147.8871927,False,True,True,False,1785570000.351814,False,True,1,0,False
1785430955.7579584,20,1785570157.8661492,37.49713893339437,0.6043205920500496,37.072556649118795,True,37.5,36.5,38.6,0.95,0.05,0.0,0.7,0.03,2,1785570167.8933418,False,True,True,False,1785570000.351814,False,True,1,0,False
1785430955.7579584,20,1785570177.872191,37.489127946898606,0.6039772640573738,37.08323796444648,True,37.5,36.5,38.6,0.95,0.05,0.0,0.7,0.03,2,1785570187.898746,False,True,True,True,1785570180.3518276,False,True,1,0,False
1785430955.7579584,20,1785570197.8781936,37.507820248722055,0.6043396658274205,37.07522697795072,True,37.5,36.5,38.6,0.95,0.05,0.0,0.7,0.03,2,1785570207.9052808,False,True,True,False,1785570180.3518276,False,1,0,0,False
1785430955.7579584,20,1785570217.8841565,37.49179827573053,0.6043015182726788,37.07522697795072,True,37.5,36.5,38.6,0.95,0.05,0.0,0.7,0.03,2,1785570227.9112468,False,True,True,False,1785570180.3518276,False,True,1,0,False
1785430955.7579584,20,1785570237.8901815,37.489127946898606,0.6037483787289234,37.096589608606095,True,37.5,36.5,38.6,0.95,0.05,0.0,0.7,0.03,2,1785570247.9173517,False,True,True,False,1785570180.3518276,False,True,1,0,False
1785430955.7579584,20,1785570257.8962183,37.49713893339437,0.6039009689478904,37.08590829327841,True,37.5,36.5,38.6,0.95,0.05,0.0,0.7,0.03,2,1785570267.9234104,False,True,True,False,1785570180.3518276,False,True,1,0,False
1785430955.7579584,20,1785570277.9023087,37.50514991989013,0.6043396658274205,37.11795223926147,True,37.5,36.5,38.6,0.95,0.05,0.0,0.7,0.03,2,1785570287.9291174,False,True,True,False,1785570180.3518276,False,1,0,0,False
1785430955.7579584,20,1785570297.9084482,37.52918287937743,0.6040535591668573,37.13130388342107,True,37.5,36.5,38.6,0.95,0.05,0.0,0.7,0.03,2,1785570307.935553,False,True,True,False,1785570180.3518276,False,1,0,0,False
1785430955.7579584,20,1785570317.9144838,37.52384222171359,0.6037293049515526,37.13664454108492,True,37.5,36.5,38.6,0.95,0.05,0.0,0.7,0.03,2,1785570327.94156,False,True,True,False,1785570180.3518276,False,1,0,0,False
1785430955.7579584,20,1785570337.9204803,37.54520485236897,0.6040726329442283,37.115281910429545,True,37.5,36.5,38.6,0.95,0.05,0.0,0.7,0.03,2,1785570347.9474802,False,True,True,False,1785570180.3518276,False,1,0,0,False
1785430955.7579584,20,1785570357.926426,37.513160906385906,0.6040154116121157,37.115281910429545,True,37.5,36.5,38.6,0.95,0.05,0.0,0.7,0.03,2,1785570367.953564,False,True,True,True,1785570360.351865,False,1,0,0,False
1785430955.7579584,20,1785570377.9324396,37.526512550545505,0.6039963378347448,37.109941252765694,True,37.5,36.5,38.6,0.95,0.05,0.0,0.7,0.03,2,1785570387.9596574,False,True,True,False,1785570360.351865,False,1,0,0,False
1785430955.7579584,20,1785570397.9385467,37.49713893339437,0.6041870756084535,37.091248950942244,True,37.5,36.5,38.6,0.95,0.05,0.0,0.7,0.03,2,1785570407.9656205,False,True,True,False,1785570360.351865,False,True,1,0,False
1785430955.7579584,20,1785570417.9445,37.470435645075156,0.6039963378347448,37.10193026626993,True,37.5,36.5,38.6,0.95,0.05,0.0,0.7,0.03,2,1785570427.971547,False,True,True,False,1785570360.351865,False,True,1,0,False
1785430955.7579584,20,1785570437.9505,37.47310597390707,0.6038056000610361,37.07522697795072,True,37.5,36.5,38.6,0.95,0.05,0.0,0.7,0.03,2,1785570447.9777136,False,True,True,False,1785570360.351865,False,True,1,0,False
1785430955.7579584,20,1785570457.956604,37.47577630273899,0.6040726329442283,37.07522697795072,True,37.5,36.5,38.6,0.95,0.05,0.0,0.7,0.03,2,1785570467.983646,False,True,True,False,1785570360.351865,False,True,1,0,False
1785430955.7579584,20,1785570477.9625535,37.47310597390707,0.6039391165026322,37.08590829327841,True,37.5,36.5,38.6,0.95,0.05,0.0,0.7,0.03,2,1785570487.9896965,False,True,True,False,1785570360.351865,False,True,1,0,False
1785430955.7579584,20,1785570497.968516,37.48645761806668,0.6041680018310827,37.10460059510186,True,37.5,36.5,38.6,0.95,0.05,0.0,0.7,0.03,2,1785570507.995054,False,True,True,False,1785570360.351865,False,True,1,0,False
1785430955.7579584,20,1785570517.9744704,37.48645761806668,0.6039009689478904,37.12062256809338,True,37.5,36.5,38.6,0.95,0.05,0.0,0.7,0.03,2,1785570528.0016134,False,True,True,False,1785570360.351865,False,True,1,0,False
1785430955.7579584,20,1785570537.9804893,37.49179827573053,0.6036339360646983,37.12062256809338,True,37.5,36.5,38.6,0.95,0.05,0.0,0.7,0.03,2,1785570548.0073626,False,True,True,True,1785570540.3518674,False,True,1,0,False
1785430955.7579584,20,1785570557.9864256,37.49179827573053,0.6037674525062944,37.12062256809338,True,37.5,36.5,38.6,0.95,0.05,0.0,0.7,0.03,2,1785570568.0134757,False,True,True,False,1785570540.3518674,False,True,1,0,False
1785430955.7579584,20,1785570577.992439,37.50514991989013,0.6041680018310827,37.12596322575723,True,37.5,36.5,38.6,0.95,0.05,0.0,0.7,0.03,2,1785570588.0194988,False,True,True,False,1785570540.3518674,False,1,0,0,False
1785430955.7579584,20,1785570597.998439,37.53986419470512,0.60411078049897,37.12329289692531,True,37.5,36.5,38.6,0.95,0.05,0.0,0.7,0.03,2,1785570608.0254703,False,True,True,False,1785570540.3518674,False,1,0,0,False
1785430955.7579584,20,1785570618.0043905,37.53986419470512,0.6042252231631953,37.12863355458916,True,37.5,36.5,38.6,0.95,0.05,0.0,0.7,0.03,2,1785570628.0309553,False,True,True,False,1785570540.3518674,False,1,0,0,False
1785430955.7579584,20,1785570638.0103598,37.53719386587319,0.6039963378347448,37.11261158159762,True,37.5,36.5,38.6,0.95,0.05,0.0,0.7,0.03,2,1785570648.0369701,False,True,True,False,1785570540.3518674,False,1,0,0,False
1785430955.7579584,20,1785570658.0163276,37.513160906385906,0.6040535591668573,37.10727092393378,True,37.5,36.5,38.6,0.95,0.05,0.0,0.7,0.03,2,1785570668.0434127,False,True,True,False,1785570540.3518674,False,1,0,0,False
1785430955.7579584,20,1785570678.0223525,37.49446860456244,0.6038437476157779,37.11261158159762,True,37.5,36.5,38.6,0.95,0.05,0.0,0.7,0.03,2,1785570688.0495439,False,True,True,False,1785570540.3518674,False,True,1,0,False
1785430955.7579584,20,1785570698.0283544,37.481116960402844,0.6039200427252613,37.09391927977417,True,37.5,36.5,38.6,0.95,0.05,0.0,0.7,0.03,2,1785570708.0555055,False,True,True,False,1785570540.3518674,False,True,1,0,False
1785430955.7579584,20,1785570718.03431,37.470435645075156,0.6037293049515526,37.09391927977417,True,37.5,36.5,38.6,0.95,0.05,0.0,0.7,0.03,2,1785570728.0614986,False,True,True,True,1785570720.3518956,False,True,1,0,False
1785430955.7579584,20,1785570738.0403342,37.45441367208362,0.6036911573968109,37.07789730678263,True,37.5,36.5,38.6,0.95,0.05,0.0,0.7,0.03,2,1785570748.0675037,False,True,True,False,1785570720.3518956,False,True,1,0,False
1785430955.7579584,20,1785570758.0462606,37.48645761806668,0.6038056000610361,37.08323796444648,True,37.5,36.5,38.6,0.95,0.05,0.0,0.7,0.03,2,1785570768.0734577,False,True,True,False,1785570720.3518956,False,True,1,0,False
1785430955.7579584,20,1785570778.0521984,37.47310597390707,0.6035576409552148,37.109941252765694,True,37.5,36.5,38.6,0.95,0.05,0.0,0.7,0.03,2,1785570788.0794346,False,True,True,False,1785570720.3518956,False,True,1,0,False
1785430955.7579584,20,1785570798.05819,37.49713893339437,0.6038818951705196,37.10193026626993,True,37.5,36.5,38.6,0.95,0.05,0.0,0.7,0.03,2,1785570808.085405,False,True,True,False,1785570720.3518956,False,True,1,0,False
1785430955.7579584,20,1785570818.0644152,37.47577630273899,0.6038246738384069,37.096589608606095,True,37.5,36.5,38.6,0.95,0.05,0.0,0.7,0.03,2,1785570828.0915716,False,True,True,False,1785570720.3518956,False,True,1,0,False
1785430955.7579584,20,1785570838.0704699,37.52117189288167,0.6039772640573738,37.10727092393378,True,37.5,36.5,38.6,0.95,0.05,0.0,0.7,0.03,2,1785570848.0975895,False,True,True,False,1785570720.3518956,False,1,0,0,False
1785430955.7579584,20,1785570858.0765514,37.52918287937743,0.6037483787289234,37.12863355458916,True,37.5,36.5,38.6,0.95,0.05,0.0,0.7,0.03,2,1785570868.1036165,False,True,True,False,1785570720.3518956,False,1,0,0,False
1785430955.7579584,20,1785570878.0825398,37.53719386587319,0.6035004196231022,37.11795223926147,True,37.5,36.5,38.6,0.95,0.05,0.0,0.7,0.03,2,1785570888.1096697,False,True,True,False,1785570720.3518956,False,1,0,0,False
1785430955.7579584,20,1785570898.0886133,37.52384222171359,0.6038246738384069,37.109941252765694,True,37.5,36.5,38.6,0.95,0.05,0.0,0.7,0.03,2,1785570908.115627,False,True,True,True,1785570900.351914,False,1,0,0,False
1785430955.7579584,20,1785570918.0946069,37.50247959105822,0.6037865262836652,37.109941252765694,True,37.5,36.5,38.6,0.95,0.05,0.0,0.7,0.03,2,1785570928.1217682,False,True,True,False,1785570900.351914,False,1,0,0,False
1785430955.7579584,20,1785570938.100668,37.48645761806668,0.6037102311741818,37.08323796444648,True,37.5,36.5,38.6,0.95,0.05,0.0,0.7,0.03,2,1785570948.1277585,False,True,True,False,1785570900.351914,False,True,1,0,False
1785430955.7579584,20,1785570958.1066062,37.470435645075156,0.6041489280537118,37.08323796444648,True,37.5,36.5,38.6,0.95,0.05,0.0,0.7,0.03,2,1785570968.1332734,False,True,True,False,1785570900.351914,False,True,1,0,False
1785430955.7579584,20,1785570978.1126273,37.46242465857938,0.6036720836194399,37.067215991454944,True,37.5,36.5,38.6,0.95,0.05,0.0,0.7,0.03,2,1785570988.139675,False,True,True,False,1785570900.351914,False,True,1,0,False
1785430955.7579584,20,1785570998.1185503,37.45975432974747,0.6035767147325857,37.053864347295345,True,37.5,36.5,38.6,0.95,0.05,0.0,0.7,0.03,2,1785571008.145926,False,True,True,False,1785570900.351914,False,True,1,0,False
1785430955.7579584,20,1785571018.124649,37.45975432974747,0.6035576409552148,37.06988632028687,True,37.5,36.5,38.6,0.95,0.05,0.0,0.7,0.03,2,1785571028.1531255,False,True,True,False,1785570900.351914,False,True,1,0,False
1785430955.7579584,20,1785571038.131983,37.46242465857938,0.6040535591668573,37.08056763561456,True,37.5,36.5,38.6,0.95,0.05,0.0,0.7,0.03,2,1785571048.1586237,False,True,True,False,1785570900.351914,False,True,1,0,False
1785430955.7579584,20,1785571058.1380203,37.48645761806668,0.6039009689478904,37.05920500495918,True,37.5,36.5,38.6,0.95,0.05,0.0,0.7,0.03,2,1785571068.1651828,False,True,True,False,1785570900.351914,False,True,1,0,False
1785430955.7579584,20,1785571078.1440246,37.49446860456244,0.6038437476157779,37.096589608606095,True,37.5,36.5,38.6,0.95,0.05,0.0,0.7,0.03,2,1785571088.171151,False,True,True,True,1785571080.3519278,False,True,1,0,False
1785430955.7579584,20,1785571098.1500835,37.50247959105822,0.6037865262836652,37.12062256809338,True,37.5,36.5,38.6,0.95,0.05,0.0,0.7,0.03,2,1785571108.1767263,False,True,True,False,1785571080.3519278,False,1,0,0,False
1785430955.7579584,20,1785571118.1560729,37.48645761806668,0.6036720836194399,37.115281910429545,True,37.5,36.5,38.6,0.95,0.05,0.0,0.7,0.03,2,1785571128.1832747,False,True,True,False,1785571080.3519278,False,True,1,0,False
1785430955.7579584,20,1785571138.1622598,37.53452353704128,0.6040535591668573,37.12062256809338,True,37.5,36.5,38.6,0.95,0.05,0.0,0.7,0.03,2,1785571148.1893408,False,True,True,False,1785571080.3519278,False,1,0,0,False
1785430955.7579584,20,1785571158.1682243,37.52384222171359,0.6039200427252613,37.13130388342107,True,37.5,36.5,38.6,0.95,0.05,0.0,0.7,0.03,2,1785571168.1955893,False,True,True,False,1785571080.3519278,False,1,0,0,False
1785430955.7579584,20,1785571178.1744335,37.526512550545505,0.6035957885099564,37.13664454108492,True,37.5,36.5,38.6,0.95,0.05,0.0,0.7,0.03,2,1785571188.2015996,False,True,True,False,1785571080.3519278,False,1,0,0,False
1785430955.7579584,20,1785571198.1804612,37.550545510032805,0.6040344853894866,37.11795223926147,True,37.5,36.5,38.6,0.95,0.05,0.0,0.7,0.03,2,1785571208.207698,False,True,True,False,1785571080.3519278,False,1,0,0,False
1785430955.7579584,20,1785571218.1866858,37.65201800564584,0.6036148622873274,37.11795223926147,True,37.5,36.5,38.6,0.95,0.05,0.0,0.7,0.03,2,1785571228.214014,True,False,True,False,1785571080.3519278,False,1,0,0,False
1785430955.7579584,20,1785571238.1936665,37.76150148775463,0.6039963378347448,37.08056763561456,True,37.5,36.5,38.6,0.95,0.05,0.0,0.7,0.03,2,1785571248.2214565,True,False,True,False,1785571080.3519278,False,1,0,0,False
1785430955.7579584,20,1785571258.2007635,37.806897077897304,0.6044731822690166,37.091248950942244,True,37.5,36.5,38.6,0.95,0.05,0.0,0.7,0.03,2,1785571268.2314763,True,False,True,True,1785571260.3519297,False,1,0,0,False
1785430955.7579584,20,1785571278.2070272,37.83627069504844,0.6038437476157779,37.053864347295345,True,37.5,36.5,38.6,0.95,0.05,0.0,0.7,0.03,2,1785571288.2347968,True,True,True,False,1785571260.3519297,False,1,0,0,False
1785430955.7579584,20,1785571298.2135825,37.84428168154422,0.6042061493858243,37.04051270313573,True,37.5,36.5,38.6,0.95,0.05,0.0,0.7,0.03,2,1785571308.2413943,True,True,True,False,1785571260.3519297,False,1,0,0,False
1785430955.7579584,20,1785571318.220657,37.83360036621653,0.6041489280537118,37.00846875715267,True,37.5,36.5,38.6,0.95,0.05,0.0,0.7,0.03,2,1785571328.2488668,True,True,True,False,1785571260.3519297,False,1,0,0,False
1785430955.7579584,20,1785571338.2309349,37.81757839322499,0.6039009689478904,37.00312809948882,True,37.5,36.5,38.6,0.95,0.05,0.0,0.7,0.03,2,1785571348.2625756,True,True,True,False,1785571260.3519297,False,1,0,0,False
1785430955.7579584,20,1785571358.2410777,37.812237735561155,0.6042442969405661,36.99244678416113,True,37.5,36.5,38.6,0.95,0.05,0.0,0.7,0.03,2,1785571368.2711208,True,True,True,False,1785571260.3519297,False,1,0,0,False
1785430955.7579584,20,1785571378.247706,37.82024872205692,0.6043778133821622,36.99244678416113,True,37.5,36.5,38.6,0.95,0.05,0.0,0.7,0.03,2,1785571388.2751768,True,True,True,False,1785571260.3519297,False,1,0,0,False
1785430955.7579584,20,1785571398.2540913,37.764171816586554,0.6043396658274205,36.97375448233768,True,37.5,36.5,38.6,0.95,0.05,0.0,0.7,0.03,2,1785571408.2816565,True,False,True,False,1785571260.3519297,False,1,0,0,False
1785430955.7579584,20,1785571418.2605793,37.75349050125887,0.6036911573968109,36.957732509346144,True,37.5,36.5,38.6,0.95,0.05,0.0,0.7,0.03,2,1785571428.288023,True,False,True,False,1785571260.3519297,False,1,0,0,False
1785430955.7579584,20,1785571438.2669399,37.745479514763105,0.6040535591668573,36.94705119401846,True,37.5,36.5,38.6,0.95,0.05,0.0,0.7,0.03,2,1785571448.2970102,True,False,True,True,1785571440.3519487,False,1,0,0,False
1785430955.7579584,20,1785571458.2734218,37.71610589761197,0.6036720836194399,36.920347905699245,True,37.5,36.5,38.6,0.95,0.05,0.0,0.7,0.03,2,1785571468.3031912,True,False,True,False,1785571440.3519487,False,1,0,0,False
1785430955.7579584,20,1785571478.280387,37.68673228046082,0.6038246738384069,36.915007248035394,True,37.5,36.5,38.6,0.95,0.05,0.0,0.7,0.03,2,1785571488.3084512,True,True,True,False,1785571440.3519487,False,1,0,0,False
1785430955.7579584,20,1785571498.2880497,37.678721293965054,0.6039009689478904,36.901655603875795,True,37.5,36.5,38.6,0.95,0.05,0.0,0.7,0.03,2,1785571508.3169732,True,True,True,False,1785571440.3519487,False,1,0,0,False
1785430955.7579584,20,1785571518.2958076,37.635996032654305,0.6035004196231022,36.88029297322042,True,37.5,36.5,38.6,0.95,0.05,0.0,0.7,0.03,2,1785571528.3259842,True,False,True,False,1785571440.3519487,False,1,0,0,False
1785430955.7579584,20,1785571538.3028393,37.63065537499047,0.6037102311741818,36.87495231555657,True,37.5,36.5,38.6,0.95,0.05,0.0,0.7,0.03,2,1785571548.3302326,True,True,True,False,1785571440.3519487,False,1,0,0,False
1785430955.7579584,20,1785571558.3091931,37.593270771343555,0.6035957885099564,36.84824902723736,True,37.5,36.5,38.6,0.95,0.05,0.0,0.7,0.03,2,1785571568.3365889,True,True,True,False,1785571440.3519487,False,1,0,0,False
1785430955.7579584,20,1785571578.3155947,37.574578469520105,0.6037865262836652,36.83756771190967,True,37.5,36.5,38.6,0.95,0.05,0.0,0.7,0.03,2,1785571588.3427787,True,True,True,False,1785571440.3519487,False,1,0,0,False
1785430955.7579584,20,1785571598.3225396,37.57190814068818,0.6035576409552148,36.834897383077745,True,37.5,36.5,38.6,0.95,0.05,0.0,0.7,0.03,2,1785571608.350268,True,False,True,False,1785571440.3519487,False,1,0,0,False
1785430955.7579584,20,1785571618.3296533,37.56122682536049,0.6036530098420692,36.81887541008621,True,37.5,36.5,38.6,0.95,0.05,0.0,0.7,0.03,2,1785571628.3582652,True,True,True,True,1785571620.3519838,False,1,0,0,False
1785430955.7579584,20,1785571638.335951,37.53719386587319,0.6035767147325857,36.79751277943083,True,37.5,36.5,38.6,0.95,0.05,0.0,0.7,0.03,2,1785571648.3652132,True,False,True,False,1785571620.3519838,False,1,0,0,False
1785430955.7579584,20,1785571658.3425722,37.50247959105822,0.6034431982909895,36.78149080643931,True,37.5,36.5,38.6,0.95,0.05,0.0,0.7,0.03,2,1785571668.3725412,True,True,True,False,1785571620.3519838,False,1,0,0,False
1785430955.7579584,20,1785571678.349886,37.489127946898606,0.6036720836194399,36.77080949111162,True,37.5,36.5,38.6,0.95,0.05,0.0,0.7,0.03,2,1785571688.3797653,True,False,True,False,1785571620.3519838,False,True,1,0,False
1785430955.7579584,20,1785571698.3577435,37.481116960402844,0.6035767147325857,36.773479819943546,True,37.5,36.5,38.6,0.95,0.05,0.0,0.7,0.03,2,1785571708.385548,True,True,True,False,1785571620.3519838,False,True,1,0,False
1785430955.7579584,20,1785571718.3647096,37.45441367208362,0.6034050507362478,36.74677653162432,True,37.5,36.5,38.6,0.95,0.05,0.0,0.7,0.03,2,1785571728.392043,True,False,True,False,1785571620.3519838,False,True,1,0,False
1785430955.7579584,20,1785571738.3710008,37.44373235675593,0.6034050507362478,36.73609521629663,True,37.5,36.5,38.6,0.95,0.05,0.0,0.7,0.03,2,1785571748.3986554,True,True,True,False,1785571620.3519838,False,True,1,0,False
1785430955.7579584,20,1785571758.378133,37.45975432974747,0.6032524605172809,36.73609521629663,True,37.5,36.5,38.6,0.95,0.05,0.0,0.7,0.03,2,1785571768.4129717,True,True,True,False,1785571620.3519838,False,True,1,0,False
1785430955.7579584,20,1785571778.3853526,37.51049057755398,0.6035957885099564,36.73609521629663,True,37.5,36.5,38.6,0.95,0.05,0.0,0.7,0.03,2,1785571788.412684,True,False,True,False,1785571620.3519838,False,1,0,0,False
1785430955.7579584,20,1785571798.3922873,37.48645761806668,0.6034241245136187,36.744106202792395,True,37.5,36.5,38.6,0.95,0.05,0.0,0.7,0.03,2,1785571808.4200137,True,True,True,True,1785571800.3520331,False,True,1,0,False
1785430955.7579584,20,1785571818.3992925,37.49713893339437,0.6035576409552148,36.744106202792395,True,37.5,36.5,38.6,0.95,0.05,0.0,0.7,0.03,2,1785571828.4266448,True,True,True,False,1785571800.3520331,False,True,1,0,False
1785430955.7579584,20,1785571838.4056394,37.51583123521782,0.6035385671778439,36.73876554512856,True,37.5,36.5,38.6,0.95,0.05,0.0,0.7,0.03,2,1785571848.4330204,True,True,True,False,1785571800.3520331,False,1,0,0,False
1785430955.7579584,20,1785571858.4119663,37.53986419470512,0.603519493400473,36.76012817578393,True,37.5,36.5,38.6,0.95,0.05,0.0,0.7,0.03,2,1785571868.4393272,True,True,True,False,1785571800.3520331,False,1,0,0,False
1785430955.7579584,20,1785571878.4183354,37.53719386587319,0.6037102311741818,36.77080949111162,True,37.5,36.5,38.6,0.95,0.05,0.0,0.7,0.03,2,1785571888.4457905,True,True,True,False,1785571800.3520331,False,1,0,0,False
1785430955.7579584,20,1785571898.424817,37.550545510032805,0.6033478294041352,36.75745784695201,True,37.5,36.5,38.6,0.95,0.05,0.0,0.7,0.03,2,1785571908.452374,True,True,True,False,1785571800.3520331,False,1,0,0,False
1785430955.7579584,20,1785571918.4311855,37.53452353704128,0.603214312962539,36.75745784695201,True,37.5,36.5,38.6,0.95,0.05,0.0,0.7,0.03,2,1785571928.4585807,True,True,True,False,1785571800.3520331,False,1,0,0,False
1785430955.7579584,20,1785571938.4375477,37.54520485236897,0.6035004196231022,36.74677653162432,True,37.5,36.5,38.6,0.95,0.05,0.0,0.7,0.03,2,1785571948.4649417,True,False,True,False,1785571800.3520331,False,1,0,0,False
1785430955.7579584,20,1785571958.443815,37.507820248722055,0.6034431982909895,36.73609521629663,True,37.5,36.5,38.6,0.95,0.05,0.0,0.7,0.03,2,1785571968.4734643,True,False,True,False,1785571800.3520331,False,1,0,0,False
1785430955.7579584,20,1785571978.4503982,37.489127946898606,0.6031380178530555,36.730754558632796,True,37.5,36.5,38.6,0.95,0.05,0.0,0.7,0.03,2,1785571988.4779463,True,True,True,True,1785571980.3520448,False,True,1,0,False
1785430955.7579584,20,1785571998.456891,37.47577630273899,0.6034050507362478,36.706721599145496,True,37.5,36.5,38.6,0.95,0.05,0.0,0.7,0.03,2,1785572008.4841778,True,False,True,False,1785571980.3520448,False,True,1,0,False
1785430955.7579584,20,1785572018.463143,37.481116960402844,0.6033287556267644,36.706721599145496,True,37.5,36.5,38.6,0.95,0.05,0.0,0.7,0.03,2,1785572028.4906316,True,False,True,False,1785571980.3520448,False,True,1,0,False
1785430955.7579584,20,1785572038.4694405,37.46776531624323,0.6035004196231022,36.706721599145496,True,37.5,36.5,38.6,0.95,0.05,0.0,0.7,0.03,2,1785572048.4968722,True,False,True,False,1785571980.3520448,False,True,1,0,False
1785430955.7579584,20,1785572058.4758298,37.48645761806668,0.6033096818493935,36.71206225680933,True,37.5,36.5,38.6,0.95,0.05,0.0,0.7,0.03,2,1785572068.5058463,True,True,True,False,1785571980.3520448,False,True,1,0,False
1785430955.7579584,20,1785572078.482797,37.49446860456244,0.6035576409552148,36.73342488746471,True,37.5,36.5,38.6,0.95,0.05,0.0,0.7,0.03,2,1785572088.5111618,True,False,True,False,1785571980.3520448,False,True,1,0,False
1785430955.7579584,20,1785572098.4904752,37.49179827573053,0.6034431982909895,36.682688639658195,True,37.5,36.5,38.6,0.95,0.05,0.0,0.7,0.03,2,1785572108.52044,True,False,True,False,1785571980.3520448,False,True,1,0,False
1785430955.7579584,20,1785572118.4981499,37.50247959105822,0.6035385671778439,36.725413900968945,True,37.5,36.5,38.6,0.95,0.05,0.0,0.7,0.03,2,1785572128.5275369,True,False,True,False,1785571980.3520448,False,1,0,0,False
1785430955.7579584,20,1785572138.5053613,37.507820248722055,0.6032906080720225,36.72007324330511,True,37.5,36.5,38.6,0.95,0.05,0.0,0.7,0.03,2,1785572148.5329354,True,True,True,False,1785571980.3520448,False,1,0,0,False
1785430955.7579584,20,1785572158.5118437,37.507820248722055,0.6032906080720225,36.730754558632796,True,37.5,36.5,38.6,0.95,0.05,0.0,0.7,0.03,2,1785572168.5391905,True,False,True,True,1785572160.352053,False,1,0,0,False
1785430955.7579584,20,1785572178.5182354,37.51583123521782,0.6035767147325857,36.73609521629663,True,37.5,36.5,38.6,0.95,0.05,0.0,0.7,0.03,2,1785572188.5455794,True,False,True,False,1785572160.352053,False,1,0,0,False
1785430955.7579584,20,1785572198.5245697,37.53452353704128,0.6034622720683605,36.71206225680933,True,37.5,36.5,38.6,0.95,0.05,0.0,0.7,0.03,2,1785572208.5519085,True,True,True,False,1785572160.352053,False,1,0,0,False
1785430955.7579584,20,1785572218.5308995,37.52384222171359,0.6033478294041352,36.73342488746471,True,37.5,36.5,38.6,0.95,0.05,0.0,0.7,0.03,2,1785572228.557833,True,False,True,False,1785572160.352053,False,1,0,0,False
1785430955.7579584,20,1785572238.537961,37.52117189288167,0.6033096818493935,36.706721599145496,True,37.5,36.5,38.6,0.95,0.05,0.0,0.7,0.03,2,1785572248.565935,True,False,True,False,1785572160.352053,False,1,0,0,False
1785430955.7579584,20,1785572258.544972,37.49713893339437,0.6033096818493935,36.71206225680933,True,37.5,36.5,38.6,0.95,0.05,0.0,0.7,0.03,2,1785572268.572658,True,True,True,False,1785572160.352053,False,True,1,0,False
1785430955.7579584,20,1785572278.5519102,37.489127946898606,0.6033478294041352,36.68001831082627,True,37.5,36.5,38.6,0.95,0.05,0.0,0.7,0.03,2,1785572288.5798843,True,False,True,False,1785572160.352053,False,True,1,0,False
1785430955.7579584,20,1785572298.5595064,37.48645761806668,0.6033096818493935,36.682688639658195,True,37.5,36.5,38.6,0.95,0.05,0.0,0.7,0.03,2,1785572308.5880384,True,False,True,False,1785572160.352053,False,True,1,0,False
1785430955.7579584,20,1785572318.567223,37.45441367208362,0.603080796520943,36.688029297322046,True,37.5,36.5,38.6,0.95,0.05,0.0,0.7,0.03,2,1785572328.5957065,True,False,True,False,1785572160.352053,False,True,1,0,False
1785430955.7579584,20,1785572338.5749629,37.48645761806668,0.6029854276340886,36.67734798199436,True,37.5,36.5,38.6,0.95,0.05,0.0,0.7,0.03,2,1785572348.60279,True,True,True,True,1785572340.3520887,False,True,1,0,False
1785430955.7579584,20,1785572358.582068,37.48645761806668,0.6035004196231022,36.682688639658195,True,37.5,36.5,38.6,0.95,0.05,0.0,0.7,0.03,2,1785572368.6097713,True,True,True,False,1785572340.3520887,False,True,1,0,False
1785430955.7579584,20,1785572378.5885584,37.489127946898606,0.6034050507362478,36.69336995498588,True,37.5,36.5,38.6,0.95,0.05,0.0,0.7,0.03,2,1785572388.6155236,True,False,True,False,1785572340.3520887,False,True,1,0,False
1785430955.7579584,20,1785572398.5948565,37.513160906385906,0.603385976958877,36.701380941481645,True,37.5,36.5,38.6,0.95,0.05,0.0,0.7,0.03,2,1785572408.622282,True,True,True,False,1785572340.3520887,False,1,0,0,False
1785430955.7579584,20,1785572418.6013012,37.52918287937743,0.6032906080720225,36.69604028381781,True,37.5,36.5,38.6,0.95,0.05,0.0,0.7,0.03,2,1785572428.628643,True,True,True,False,1785572340.3520887,False,1,0,0,False
1785430955.7579584,20,1785572438.6076028,37.52117189288167,0.603385976958877,36.69069962615396,True,37.5,36.5,38.6,0.95,0.05,0.0,0.7,0.03,2,1785572448.63496,True,True,True,False,1785572340.3520887,False,1,0,0,False
1785430955.7579584,20,1785572458.6139412,37.52384222171359,0.6033096818493935,36.71740291447318,True,37.5,36.5,38.6,0.95,0.05,0.0,0.7,0.03,2,1785572468.6413035,True,False,True,False,1785572340.3520887,False,1,0,0,False
1785430955.7579584,20,1785572478.6203651,37.531853208209355,0.6032906080720225,36.706721599145496,True,37.5,36.5,38.6,0.95,0.05,0.0,0.7,0.03,2,1785572488.6476605,True,True,True,False,1785572340.3520887,False,1,0,0,False
1785430955.7579584,20,1785572498.6266859,37.51850156404974,0.6031189440756848,36.72007324330511,True,37.5,36.5,38.6,0.95,0.05,0.0,0.7,0.03,2,1785572508.6538475,True,False,True,False,1785572340.3520887,False,1,0,0,False
1785430955.7579584,20,1785572518.6337326,37.48645761806668,0.6031189440756848,36.682688639658195,True,37.5,36.5,38.6,0.95,0.05,0.0,0.7,0.03,2,1785572528.662233,True,False,True,True,1785572520.352106,False,True,1,0,False
1785430955.7579584,20,1785572538.641528,37.48645761806668,0.6033096818493935,36.682688639658195,True,37.5,36.5,38.6,0.95,0.05,0.0,0.7,0.03,2,1785572548.6699812,True,True,True,False,1785572520.352106,False,True,1,0,False
1785430955.7579584,20,1785572558.649433,37.45975432974747,0.6028328374151216,36.67734798199436,True,37.5,36.5,38.6,0.95,0.05,0.0,0.7,0.03,2,1785572568.6781144,True,False,True,False,1785572520.352106,False,True,1,0,False
1785430955.7579584,20,1785572578.657405,37.489127946898606,0.603080796520943,36.682688639658195,True,37.5,36.5,38.6,0.95,0.05,0.0,0.7,0.03,2,1785572588.6858792,True,True,True,False,1785572520.352106,False,True,1,0,False
1785430955.7579584,20,1785572598.6651292,37.45975432974747,0.6030426489662013,36.68001831082627,True,37.5,36.5,38.6,0.95,0.05,0.0,0.7,0.03,2,1785572608.6935396,True,False,True,False,1785572520.352106,False,True,1,0,False
1785430955.7579584,20,1785572618.6728013,37.465094987411305,0.6031570916304265,36.658655680170895,True,37.5,36.5,38.6,0.95,0.05,0.0,0.7,0.03,2,1785572628.7027614,True,True,True,False,1785572520.352106,False,True,1,0,False
1785430955.7579584,20,1785572638.6804378,37.49446860456244,0.6033096818493935,36.68001831082627,True,37.5,36.5,38.6,0.95,0.05,0.0,0.7,0.03,2,1785572648.7084978,True,False,True,False,1785572520.352106,False,True,1,0,False
1785430955.7579584,20,1785572658.6884012,37.513160906385906,0.6031761654077974,36.69069962615396,True,37.5,36.5,38.6,0.95,0.05,0.0,0.7,0.03,2,1785572668.7163105,True,False,True,False,1785572520.352106,False,1,0,0,False
1785430955.7579584,20,1785572678.6953776,37.50514991989013,0.6032906080720225,36.701380941481645,True,37.5,36.5,38.6,0.95,0.05,0.0,0.7,0.03,2,1785572688.7227209,True,True,True,False,1785572520.352106,False,1,0,0,False
1785430955.7579584,20,1785572698.701856,37.507820248722055,0.6033478294041352,36.730754558632796,True,37.5,36.5,38.6,0.95,0.05,0.0,0.7,0.03,2,1785572708.730561,True,True,True,True,1785572700.3521256,False,1,0,0,False
1785430955.7579584,20,1785572718.7082582,37.513160906385906,0.6031380178530555,36.682688639658195,True,37.5,36.5,38.6,0.95,0.05,0.0,0.7,0.03,2,1785572728.7356904,True,True,True,False,1785572700.3521256,False,1,0,0,False
1785430955.7579584,20,1785572738.7153237,37.50247959105822,0.6035385671778439,36.69336995498588,True,37.5,36.5,38.6,0.95,0.05,0.0,0.7,0.03,2,1785572748.7437289,True,True,True,False,1785572700.3521256,False,1,0,0,False
1785430955.7579584,20,1785572758.7230237,37.507820248722055,0.6032524605172809,36.69336995498588,True,37.5,36.5,38.6,0.95,0.05,0.0,0.7,0.03,2,1785572768.7515104,True,False,True,False,1785572700.3521256,False,1,0,0,False
1785430955.7579584,20,1785572778.73074,37.47844663157092,0.6031189440756848,36.688029297322046,True,37.5,36.5,38.6,0.95,0.05,0.0,0.7,0.03,2,1785572788.760298,True,True,True,False,1785572700.3521256,False,True,1,0,False
1785430955.7579584,20,1785572798.7384276,37.48645761806668,0.6034241245136187,36.663996337834746,True,37.5,36.5,38.6,0.95,0.05,0.0,0.7,0.03,2,1785572808.7701735,True,True,True,False,1785572700.3521256,False,True,1,0,False
1785430955.7579584,20,1785572818.7465382,37.465094987411305,0.6031189440756848,36.663996337834746,True,37.5,36.5,38.6,0.95,0.05,0.0,0.7,0.03,2,1785572828.774989,True,True,True,False,1785572700.3521256,False,True,1,0,False
1785430955.7579584,20,1785572838.7536647,37.446402685587856,0.6029282063019761,36.65331502250706,True,37.5,36.5,38.6,0.95,0.05,0.0,0.7,0.03,2,1785572848.7810445,True,False,True,False,1785572700.3521256,False,True,1,0,False
1785430955.7579584,20,1785572858.7599852,37.45975432974747,0.602947280079347,36.63729304951552,True,37.5,36.5,38.6,0.95,0.05,0.0,0.7,0.03,2,1785572868.7875214,True,False,True,False,1785572700.3521256,False,True,1,0,False
1785430955.7579584,20,1785572878.766504,37.47310597390707,0.60279468986038,36.67467765316243,True,37.5,36.5,38.6,0.95,0.05,0.0,0.7,0.03,2,1785572888.793513,True,False,True,True,1785572880.3521585,False,True,1,0,False
1785430955.7579584,20,1785572898.7728593,37.49713893339437,0.6031380178530555,36.688029297322046,True,37.5,36.5,38.6,0.95,0.05,0.0,0.7,0.03,2,1785572908.8023064,True,False,True,False,1785572880.3521585,False,True,1,0,False
1785430955.7579584,20,1785572918.7791655,37.49179827573053,0.6030045014114596,36.682688639658195,True,37.5,36.5,38.6,0.95,0.05,0.0,0.7,0.03,2,1785572928.806549,True,True,True,False,1785572880.3521585,False,True,1,0,False
1785430955.7579584,20,1785572938.786169,37.507820248722055,0.6032524605172809,36.67734798199436,True,37.5,36.5,38.6,0.95,0.05,0.0,0.7,0.03,2,1785572948.8156042,True,True,True,False,1785572880.3521585,False,1,0,0,False
1785430955.7579584,20,1785572958.7934442,37.507820248722055,0.602947280079347,36.688029297322046,True,37.5,36.5,38.6,0.95,0.05,0.0,0.7,0.03,2,1785572968.8217926,True,False,True,False,1785572880.3521585,False,1,0,0,False
1785430955.7579584,20,1785572978.7997568,37.531853208209355,0.6029854276340886,36.69336995498588,True,37.5,36.5,38.6,0.95,0.05,0.0,0.7,0.03,2,1785572988.8285024,True,False,True,False,1785572880.3521585,False,1,0,0,False
1785430955.7579584,20,1785572998.8062067,37.52918287937743,0.6027756160830091,36.68001831082627,True,37.5,36.5,38.6,0.95,0.05,0.0,0.7,0.03,2,1785573008.8335772,True,False,True,False,1785572880.3521585,False,1,0,0,False
1785430955.7579584,20,1785573018.8125987,37.53452353704128,0.603214312962539,36.69069962615396,True,37.5,36.5,38.6,0.95,0.05,0.0,0.7,0.03,2,1785573028.8398993,True,False,True,False,1785572880.3521585,False,1,0,0,False
1785430955.7579584,20,1785573038.8188913,37.54787518120088,0.6030045014114596,36.69069962615396,True,37.5,36.5,38.6,0.95,0.05,0.0,0.7,0.03,2,1785573048.8516617,True,True,True,False,1785572880.3521585,False,1,0,0,False
1785430955.7579584,20,1785573058.8253493,37.49713893339437,0.6027183947508965,36.663996337834746,True,37.5,36.5,38.6,0.95,0.05,0.0,0.7,0.03,2,1785573068.8546984,True,True,True,True,1785573060.3521903,False,True,1,0,False
1785430955.7579584,20,1785573078.8326237,37.47310597390707,0.6031952391851683,36.663996337834746,True,37.5,36.5,38.6,0.95,0.05,0.0,0.7,0.03,2,1785573088.8614533,True,False,True,False,1785573060.3521903,False,True,1,0,False
1785430955.7579584,20,1785573098.842806,37.470435645075156,0.6028328374151216,36.67200732433051,True,37.5,36.5,38.6,0.95,0.05,0.0,0.7,0.03,2,1785573108.8744214,True,True,True,False,1785573060.3521903,False,True,1,0,False
1785430955.7579584,20,1785573118.8537939,37.47577630273899,0.6028709849698635,36.67200732433051,True,37.5,36.5,38.6,0.95,0.05,0.0,0.7,0.03,2,1785573128.8822014,True,True,True,False,1785573060.3521903,False,True,1,0,False
1785430955.7579584,20,1785573138.8619034,37.45975432974747,0.6032524605172809,36.62928206301976,True,37.5,36.5,38.6,0.95,0.05,0.0,0.7,0.03,2,1785573148.890316,True,False,True,False,1785573060.3521903,False,True,1,0,False
1785430955.7579584,20,1785573158.8695805,37.47577630273899,0.6027374685282674,36.655985351338984,True,37.5,36.5,38.6,0.95,0.05,0.0,0.7,0.03,2,1785573168.89798,True,True,True,False,1785573060.3521903,False,True,1,0,False
1785430955.7579584,20,1785573178.8772912,37.51049057755398,0.6029854276340886,36.655985351338984,True,37.5,36.5,38.6,0.95,0.05,0.0,0.7,0.03,2,1785573188.9060483,True,True,True,False,1785573060.3521903,False,1,0,0,False
1785430955.7579584,20,1785573198.88449,37.50247959105822,0.6028137636377509,36.67467765316243,True,37.5,36.5,38.6,0.95,0.05,0.0,0.7,0.03,2,1785573208.9117885,True,False,True,False,1785573060.3521903,False,1,0,0,False
1785430955.7579584,20,1785573218.8908005,37.49713893339437,0.6030998702983139,36.68001831082627,True,37.5,36.5,38.6,0.95,0.05,0.0,0.7,0.03,2,1785573228.9181104,True,True,True,False,1785573060.3521903,False,True,1,0,False
1785430955.7579584,20,1785573238.8977418,37.526512550545505,0.602947280079347,36.68001831082627,True,37.5,36.5,38.6,0.95,0.05,0.0,0.7,0.03,2,1785573248.9278736,True,True,True,True,1785573240.3522305,False,1,0,0,False
1785430955.7579584,20,1785573258.9048486,37.50247959105822,0.6028900587472343,36.68535896849012,True,37.5,36.5,38.6,0.95,0.05,0.0,0.7,0.03,2,1785573268.9358866,True,False,True,False,1785573240.3522305,False,1,0,0,False
1785430955.7579584,20,1785573278.9112248,37.51049057755398,0.6027374685282674,36.68001831082627,True,37.5,36.5,38.6,0.95,0.05,0.0,0.7,0.03,2,1785573288.939036,True,False,True,False,1785573240.3522305,False,1,0,0,False
1785430955.7579584,20,1785573298.9178185,37.507820248722055,0.6029091325246051,36.67200732433051,True,37.5,36.5,38.6,0.95,0.05,0.0,0.7,0.03,2,1785573308.9472063,True,False,True,False,1785573240.3522305,False,1,0,0,False
1785430955.7579584,20,1785573318.9244175,37.513160906385906,0.6028709849698635,36.67200732433051,True,37.5,36.5,38.6,0.95,0.05,0.0,0.7,0.03,2,1785573328.9542484,True,True,True,False,1785573240.3522305,False,1,0,0,False
1785430955.7579584,20,1785573338.9310918,37.48645761806668,0.60279468986038,36.6453040360113,True,37.5,36.5,38.6,0.95,0.05,0.0,0.7,0.03,2,1785573348.958005,True,False,True,False,1785573240.3522305,False,True,1,0,False
1785430955.7579584,20,1785573358.937528,37.48645761806668,0.6031952391851683,36.6453040360113,True,37.5,36.5,38.6,0.95,0.05,0.0,0.7,0.03,2,1785573368.965861,True,True,True,False,1785573240.3522305,False,True,1,0,False
1785430955.7579584,20,1785573378.943796,37.46242465857938,0.6025658045319295,36.67200732433051,True,37.5,36.5,38.6,0.95,0.05,0.0,0.7,0.03,2,1785573388.972875,True,True,True,False,1785573240.3522305,False,True,1,0,False
1785430955.7579584,20,1785573398.9502358,37.45975432974747,0.602947280079347,36.631952391851684,True,37.5,36.5,38.6,0.95,0.05,0.0,0.7,0.03,2,1785573408.9777067,True,True,True,False,1785573240.3522305,False,True,1,0,False
1785430955.7579584,20,1785573418.9567118,37.47577630273899,0.6028519111924926,36.658655680170895,True,37.5,36.5,38.6,0.95,0.05,0.0,0.7,0.03,2,1785573428.9840267,True,False,True,True,1785573420.3522615,False,True,1,0,False
1785430955.7579584,20,1785573438.9636242,37.52117189288167,0.6029091325246051,36.663996337834746,True,37.5,36.5,38.6,0.95,0.05,0.0,0.7,0.03,2,1785573448.9918337,True,False,True,False,1785573420.3522615,False,1,0,0,False
1785430955.7579584,20,1785573458.9706867,37.52384222171359,0.6031952391851683,36.658655680170895,True,37.5,36.5,38.6,0.95,0.05,0.0,0.7,0.03,2,1785573468.9979627,True,True,True,False,1785573420.3522615,False,1,0,0,False
1785430955.7579584,20,1785573478.9769833,37.531853208209355,0.6029854276340886,36.66933699549858,True,37.5,36.5,38.6,0.95,0.05,0.0,0.7,0.03,2,1785573489.0043597,True,False,True,False,1785573420.3522615,False,1,0,0,False
1785430955.7579584,20,1785573498.9833221,37.507820248722055,0.602947280079347,36.655985351338984,True,37.5,36.5,38.6,0.95,0.05,0.0,0.7,0.03,2,1785573509.0106502,True,True,True,False,1785573420.3522615,False,1,0,0,False
1785430955.7579584,20,1785573518.989721,37.513160906385906,0.603080796520943,36.682688639658195,True,37.5,36.5,38.6,0.95,0.05,0.0,0.7,0.03,2,1785573529.0166547,True,True,True,False,1785573420.3522615,False,1,0,0,False
1785430955.7579584,20,1785573538.996044,37.52384222171359,0.602947280079347,36.67734798199436,True,37.5,36.5,38.6,0.95,0.05,0.0,0.7,0.03,2,1785573549.0237534,True,True,True,False,1785573420.3522615,False,1,0,0,False
1785430955.7579584,20,1785573559.0025415,37.507820248722055,0.602947280079347,36.66666666666667,True,37.5,36.5,38.6,0.95,0.05,0.0,0.7,0.03,2,1785573569.0339396,True,True,True,False,1785573420.3522615,False,1,0,0,False
1785430955.7579584,20,1785573579.0093462,37.49980926222629,0.6028137636377509,36.67734798199436,True,37.5,36.5,38.6,0.95,0.05,0.0,0.7,0.03,2,1785573589.0379953,True,False,True,False,1785573420.3522615,False,True,1,0,False
1785430955.7579584,20,1785573599.0157404,37.48645761806668,0.6027565423056381,36.64263370717937,True,37.5,36.5,38.6,0.95,0.05,0.0,0.7,0.03,2,1785573609.0458148,True,True,True,True,1785573600.3523042,False,True,1,0,False
1785430955.7579584,20,1785573619.0221658,37.470435645075156,0.6028900587472343,36.64263370717937,True,37.5,36.5,38.6,0.95,0.05,0.0,0.7,0.03,2,1785573629.0494506,True,True,True,False,1785573600.3523042,False,True,1,0,False
1785430955.7579584,20,1785573639.0292864,37.47310597390707,0.6026802471961547,36.62661173418783,True,37.5,36.5,38.6,0.95,0.05,0.0,0.7,0.03,2,1785573649.062833,True,False,True,False,1785573600.3523042,False,True,1,0,False
1785430955.7579584,20,1785573659.0395536,37.507820248722055,0.6025658045319295,36.64263370717937,True,37.5,36.5,38.6,0.95,0.05,0.0,0.7,0.03,2,1785573669.0707543,True,False,True,False,1785573600.3523042,False,1,0,0,False
1785430955.7579584,20,1785573679.0462408,37.489127946898606,0.6027565423056381,36.62661173418783,True,37.5,36.5,38.6,0.95,0.05,0.0,0.7,0.03,2,1785573689.0736222,True,True,True,False,1785573600.3523042,False,True,1,0,False
1785430955.7579584,20,1785573699.0525985,37.481116960402844,0.602642099641413,36.63462272068361,True,37.5,36.5,38.6,0.95,0.05,0.0,0.7,0.03,2,1785573709.0805495,True,False,True,False,1785573600.3523042,False,True,1,0,False
1785430955.7579584,20,1785573719.0588584,37.507820248722055,0.6030235751888304,36.6453040360113,True,37.5,36.5,38.6,0.95,0.05,0.0,0.7,0.03,2,1785573729.086633,True,False,True,False,1785573600.3523042,False,1,0,0,False
1785430955.7579584,20,1785573739.0656404,37.48645761806668,0.6032524605172809,36.655985351338984,True,37.5,36.5,38.6,0.95,0.05,0.0,0.7,0.03,2,1785573749.0930192,True,False,True,False,1785573600.3523042,False,True,1,0,False
1785430955.7579584,20,1785573759.07202,37.49179827573053,0.6027374685282674,36.63462272068361,True,37.5,36.5,38.6,0.95,0.05,0.0,0.7,0.03,2,1785573769.0994196,True,False,True,False,1785573600.3523042,False,True,1,0,False
1785430955.7579584,20,1785573779.0784066,37.51049057755398,0.60279468986038,36.65064469367513,True,37.5,36.5,38.6,0.95,0.05,0.0,0.7,0.03,2,1785573789.1058226,True,False,True,True,1785573780.3523376,False,1,0,0,False
1785430955.7579584,20,1785573799.0848172,37.50247959105822,0.6030617227435721,36.65331502250706,True,37.5,36.5,38.6,0.95,0.05,0.0,0.7,0.03,2,1785573809.1121793,True,True,True,False,1785573780.3523376,False,1,0,0,False
1785430955.7579584,20,1785573819.0911584,37.48645761806668,0.6024895094224461,36.64263370717937,True,37.5,36.5,38.6,0.95,0.05,0.0,0.7,0.03,2,1785573829.1185482,True,True,True,False,1785573780.3523376,False,True,1,0,False
1785430955.7579584,20,1785573839.0981443,37.51049057755398,0.603080796520943,36.64263370717937,True,37.5,36.5,38.6,0.95,0.05,0.0,0.7,0.03,2,1785573849.1256495,True,False,True,False,1785573780.3523376,False,1,0,0,False
1785430955.7579584,20,1785573859.1051311,37.50247959105822,0.602947280079347,36.64263370717937,True,37.5,36.5,38.6,0.95,0.05,0.0,0.7,0.03,2,1785573869.1324868,True,True,True,False,1785573780.3523376,False,1,0,0,False
1785430955.7579584,20,1785573879.11144,37.49446860456244,0.6024132143129626,36.64263370717937,True,37.5,36.5,38.6,0.95,0.05,0.0,0.7,0.03,2,1785573889.138801,True,True,True,False,1785573780.3523376,False,True,1,0,False
1785430955.7579584,20,1785573899.1177914,37.49713893339437,0.6029663538567178,36.655985351338984,True,37.5,36.5,38.6,0.95,0.05,0.0,0.7,0.03,2,1785573909.1451938,True,True,True,False,1785573780.3523376,False,True,1,0,False
1785430955.7579584,20,1785573919.1241393,37.48645761806668,0.6028709849698635,36.66666666666667,True,37.5,36.5,38.6,0.95,0.05,0.0,0.7,0.03,2,1785573929.1515296,True,False,True,False,1785573780.3523376,False,True,1,0,False
1785430955.7579584,20,1785573939.1305003,37.49179827573053,0.6025467307545587,36.655985351338984,True,37.5,36.5,38.6,0.95,0.05,0.0,0.7,0.03,2,1785573949.1579156,True,False,True,False,1785573780.3523376,False,True,1,0,False
1785430955.7579584,20,1785573959.13685,37.507820248722055,0.6026802471961547,36.6453040360113,True,37.5,36.5,38.6,0.95,0.05,0.0,0.7,0.03,2,1785573969.1638608,True,True,True,True,1785573960.3523555,False,1,0,0,False
1785430955.7579584,20,1785573979.1431384,37.47844663157092,0.6027183947508965,36.65064469367513,True,37.5,36.5,38.6,0.95,0.05,0.0,0.7,0.03,2,1785573989.1705685,True,True,True,False,1785573960.3523555,False,True,1,0,False
1785430955.7579584,20,1785573999.149522,37.49713893339437,0.6028137636377509,36.631952391851684,True,37.5,36.5,38.6,0.95,0.05,0.0,0.7,0.03,2,1785574009.1770155,True,False,True,False,1785573960.3523555,False,True,1,0,False
1785430955.7579584,20,1785574019.1559386,37.49713893339437,0.6026611734187839,36.658655680170895,True,37.5,36.5,38.6,0.95,0.05,0.0,0.7,0.03,2,1785574029.183392,True,True,True,False,1785573960.3523555,False,True,1,0,False
1785430955.7579584,20,1785574039.1623604,37.51049057755398,0.6026993209735256,36.631952391851684,True,37.5,36.5,38.6,0.95,0.05,0.0,0.7,0.03,2,1785574049.1897702,True,True,True,False,1785573960.3523555,False,1,0,0,False
1785430955.7579584,20,1785574059.1687517,37.50247959105822,0.602642099641413,36.64263370717937,True,37.5,36.5,38.6,0.95,0.05,0.0,0.7,0.03,2,1785574069.1957848,True,False,True,False,1785573960.3523555,False,1,0,0,False
1785430955.7579584,20,1785574079.1751797,37.53719386587319,0.6023941405355917,36.64263370717937,True,37.5,36.5,38.6,0.95,0.05,0.0,0.7,0.03,2,1785574089.2022338,True,False,True,False,1785573960.3523555,False,1,0,0,False
1785430955.7579584,20,1785574099.1815314,37.507820248722055,0.60279468986038,36.67200732433051,True,37.5,36.5,38.6,0.95,0.05,0.0,0.7,0.03,2,1785574109.2098262,True,True,True,False,1785573960.3523555,False,1,0,0,False
1785430955.7579584,20,1785574119.1878617,37.54520485236897,0.6025467307545587,36.655985351338984,True,37.5,36.5,38.6,0.95,0.05,0.0,0.7,0.03,2,1785574129.2153125,True,True,True,False,1785573960.3523555,False,1,0,0,False
1785430955.7579584,20,1785574139.1942806,37.52384222171359,0.6027565423056381,36.655985351338984,True,37.5,36.5,38.6,0.95,0.05,0.0,0.7,0.03,2,1785574149.2228167,True,True,True,True,1785574140.352392,False,1,0,0,False
1785430955.7579584,20,1785574159.2016077,37.507820248722055,0.6026039520866712,36.66666666666667,True,37.5,36.5,38.6,0.95,0.05,0.0,0.7,0.03,2,1785574169.2300928,True,False,True,False,1785574140.352392,False,1,0,0,False
1785430955.7579584,20,1785574179.2089202,37.489127946898606,0.6024895094224461,36.639963378347446,True,37.5,36.5,38.6,0.95,0.05,0.0,0.7,0.03,2,1785574189.2360127,True,False,True,False,1785574140.352392,False,True,1,0,False
1785430955.7579584,20,1785574199.2151933,37.481116960402844,0.602947280079347,36.658655680170895,True,37.5,36.5,38.6,0.95,0.05,0.0,0.7,0.03,2,1785574209.2423458,True,True,True,False,1785574140.352392,False,True,1,0,False
1785430955.7579584,20,1785574219.2214913,37.481116960402844,0.60235599298085,36.64263370717937,True,37.5,36.5,38.6,0.95,0.05,0.0,0.7,0.03,2,1785574229.2502859,True,True,True,False,1785574140.352392,False,True,1,0,False
1785430955.7579584,20,1785574239.2277884,37.46242465857938,0.6021652552071413,36.63729304951552,True,37.5,36.5,38.6,0.95,0.05,0.0,0.7,0.03,2,1785574249.255237,True,True,True,False,1785574140.352392,False,True,1,0,False
1785430955.7579584,20,1785574259.2342145,37.45975432974747,0.6025467307545587,36.63729304951552,True,37.5,36.5,38.6,0.95,0.05,0.0,0.7,0.03,2,1785574269.2635822,True,True,True,False,1785574140.352392,False,True,1,0,False
1785430955.7579584,20,1785574279.240649,37.489127946898606,0.6026611734187839,36.64263370717937,True,37.5,36.5,38.6,0.95,0.05,0.0,0.7,0.03,2,1785574289.2758749,True,True,True,False,1785574140.352392,False,True,1,0,False
1785430955.7579584,20,1785574299.247124,37.507820248722055,0.60279468986038,36.639963378347446,True,37.5,36.5,38.6,0.95,0.05,0.0,0.7,0.03,2,1785574309.2761142,True,False,True,False,1785574140.352392,False,1,0,0,False
1785430955.7579584,20,1785574319.2535102,37.49713893339437,0.6023369192034791,36.655985351338984,True,37.5,36.5,38.6,0.95,0.05,0.0,0.7,0.03,2,1785574329.2810023,True,False,True,True,1785574320.3524094,False,True,1,0,False
1785430955.7579584,20,1785574339.2605586,37.513160906385906,0.6024513618677042,36.63462272068361,True,37.5,36.5,38.6,0.95,0.05,0.0,0.7,0.03,2,1785574349.2888398,True,True,True,False,1785574320.3524094,False,1,0,0,False
1785430955.7579584,20,1785574359.2682638,37.52384222171359,0.6024322880903334,36.6453040360113,True,37.5,36.5,38.6,0.95,0.05,0.0,0.7,0.03,2,1785574369.296007,True,True,True,False,1785574320.3524094,False,1,0,0,False
1785430955.7579584,20,1785574379.2753375,37.51583123521782,0.6027565423056381,36.6453040360113,True,37.5,36.5,38.6,0.95,0.05,0.0,0.7,0.03,2,1785574389.3027277,True,True,True,False,1785574320.3524094,False,1,0,0,False
1785430955.7579584,20,1785574399.2817292,37.513160906385906,0.6022796978713665,36.64797436484321,True,37.5,36.5,38.6,0.95,0.05,0.0,0.7,0.03,2,1785574409.308932,True,False,True,False,1785574320.3524094,False,1,0,0,False
1785430955.7579584,20,1785574419.2879784,37.49713893339437,0.6021271076523995,36.658655680170895,True,37.5,36.5,38.6,0.95,0.05,0.0,0.7,0.03,2,1785574429.3153539,True,True,True,False,1785574320.3524094,False,True,1,0,False
1785430955.7579584,20,1785574439.2943518,37.51583123521782,0.6025085831998169,36.64797436484321,True,37.5,36.5,38.6,0.95,0.05,0.0,0.7,0.03,2,1785574449.321694,True,False,True,False,1785574320.3524094,False,1,0,0,False
1785430955.7579584,20,1785574459.3007,37.50247959105822,0.6022415503166247,36.64797436484321,True,37.5,36.5,38.6,0.95,0.05,0.0,0.7,0.03,2,1785574469.3279653,True,True,True,False,1785574320.3524094,False,1,0,0,False
1785430955.7579584,20,1785574479.3069901,37.483787289234755,0.6026993209735256,36.65331502250706,True,37.5,36.5,38.6,0.95,0.05,0.0,0.7,0.03,2,1785574489.3344655,True,False,True,False,1785574320.3524094,False,True,1,0,False
1785430955.7579584,20,1785574499.31353,37.465094987411305,0.6025467307545587,36.62928206301976,True,37.5,36.5,38.6,0.95,0.05,0.0,0.7,0.03,2,1785574509.340925,True,True,True,True,1785574500.352423,False,True,1,0,False
1785430955.7579584,20,1785574519.3205435,37.45441367208362,0.6025276569771877,36.62928206301976,True,37.5,36.5,38.6,0.95,0.05,0.0,0.7,0.03,2,1785574529.3489175,True,False,True,False,1785574500.352423,False,True,1,0,False
1785430955.7579584,20,1785574539.3281188,37.44373235675593,0.602203402761883,36.62928206301976,True,37.5,36.5,38.6,0.95,0.05,0.0,0.7,0.03,2,1785574549.3561623,True,False,True,False,1785574500.352423,False,True,1,0,False
1785430955.7579584,20,1785574559.335087,37.438391699092094,0.6023369192034791,36.62394140535592,True,37.5,36.5,38.6,0.95,0.05,0.0,0.7,0.03,2,1785574569.362121,True,True,True,False,1785574500.352423,False,True,1,0,False
1785430955.7579584,20,1785574579.3420653,37.46242465857938,0.6025085831998169,36.613260090028234,True,37.5,36.5,38.6,0.95,0.05,0.0,0.7,0.03,2,1785574589.369713,True,False,True,False,1785574500.352423,False,True,1,0,False
1785430955.7579584,20,1785574599.349681,37.47577630273899,0.6027374685282674,36.61058976119631,True,37.5,36.5,38.6,0.95,0.05,0.0,0.7,0.03,2,1785574609.3777204,True,False,True,False,1785574500.352423,False,True,1,0,False
1785430955.7579584,20,1785574619.3567343,37.470435645075156,0.6023750667582207,36.61058976119631,True,37.5,36.5,38.6,0.95,0.05,0.0,0.7,0.03,2,1785574629.3840306,True,True,True,False,1785574500.352423,False,True,1,0,False
1785430955.7579584,20,1785574639.363032,37.49980926222629,0.6022987716487372,36.631952391851684,True,37.5,36.5,38.6,0.95,0.05,0.0,0.7,0.03,2,1785574649.3899875,True,False,True,False,1785574500.352423,False,True,1,0,False
1785430955.7579584,20,1785574659.3694015,37.52384222171359,0.6025467307545587,36.65331502250706,True,37.5,36.5,38.6,0.95,0.05,0.0,0.7,0.03,2,1785574669.3979867,True,False,True,False,1785574500.352423,False,1,0,0,False
1785430955.7579584,20,1785574679.3763783,37.55321583886473,0.6025085831998169,36.64263370717937,True,37.5,36.5,38.6,0.95,0.05,0.0,0.7,0.03,2,1785574689.4040124,True,True,True,True,1785574680.3524292,False,1,0,0,False
1785430955.7579584,20,1785574699.3840606,37.513160906385906,0.6024704356450752,36.655985351338984,True,37.5,36.5,38.6,0.95,0.05,0.0,0.7,0.03,2,1785574709.4126382,True,False,True,False,1785574680.3524292,False,1,0,0,False
1785430955.7579584,20,1785574719.3911042,37.48645761806668,0.60235599298085,36.6453040360113,True,37.5,36.5,38.6,0.95,0.05,0.0,0.7,0.03,2,1785574729.4218557,True,True,True,False,1785574680.3524292,False,True,1,0,False
1785430955.7579584,20,1785574739.3975544,37.507820248722055,0.6025276569771877,36.63462272068361,True,37.5,36.5,38.6,0.95,0.05,0.0,0.7,0.03,2,1785574749.4249496,True,True,True,False,1785574680.3524292,False,1,0,0,False
1785430955.7579584,20,1785574759.403846,37.52384222171359,0.6026039520866712,36.639963378347446,True,37.5,36.5,38.6,0.95,0.05,0.0,0.7,0.03,2,1785574769.4312115,True,True,True,False,1785574680.3524292,False,1,0,0,False
1785430955.7579584,20,1785574779.4104562,37.483787289234755,0.60235599298085,36.66666666666667,True,37.5,36.5,38.6,0.95,0.05,0.0,0.7,0.03,2,1785574789.441829,True,False,True,False,1785574680.3524292,False,True,1,0,False
1785430955.7579584,20,1785574799.417257,37.49179827573053,0.6021271076523995,36.66933699549858,True,37.5,36.5,38.6,0.95,0.05,0.0,0.7,0.03,2,1785574809.4451184,True,False,True,False,1785574680.3524292,False,True,1,0,False
1785430955.7579584,20,1785574819.4236715,37.41702906843672,0.602642099641413,36.62661173418783,True,37.5,36.5,38.6,0.95,0.05,0.0,0.7,0.03,2,1785574829.4520216,False,True,True,False,1785574680.3524292,False,True,1,0,False
1785430955.7579584,20,1785574839.4297388,37.34493018997482,0.6022224765392538,36.64797436484321,True,37.5,36.5,38.6,0.95,0.05,0.0,0.7,0.03,2,1785574849.456884,False,True,True,False,1785574680.3524292,False,True,1,0,False
1785430955.7579584,20,1785574859.4356885,37.25680933852141,0.6018791485465782,36.65331502250706,True,37.5,36.5,38.6,0.95,0.05,0.0,0.7,0.03,2,1785574869.462867,False,True,True,True,1785574860.3524363,False,True,1,0,False
1785430955.7579584,20,1785574879.4417427,37.23277637903411,0.6018982223239491,36.658655680170895,True,37.5,36.5,38.6,0.95,0.05,0.0,0.7,0.03,2,1785574889.4688795,False,True,True,False,1785574860.3524363,False,True,1,0,False
1785430955.7579584,20,1785574899.447698,37.19806210421912,0.6018219272144656,36.67200732433051,True,37.5,36.5,38.6,0.95,0.05,0.0,0.7,0.03,2,1785574909.4748056,False,True,True,False,1785574860.3524363,False,True,1,0,False
1785430955.7579584,20,1785574919.4536812,37.17135881589991,0.6019554436560617,36.682688639658195,True,37.5,36.5,38.6,0.95,0.05,0.0,0.7,0.03,2,1785574929.4808102,False,True,True,False,1785574860.3524363,False,True,1,0,False
1785430955.7579584,20,1785574939.4596455,37.16067750057222,0.6021461814297703,36.682688639658195,True,37.5,36.5,38.6,0.95,0.05,0.0,0.7,0.03,2,1785574949.486774,False,True,True,False,1785574860.3524363,False,True,1,0,False
1785430955.7579584,20,1785574959.465679,37.16067750057222,0.6016884107728694,36.698710612649734,True,37.5,36.5,38.6,0.95,0.05,0.0,0.7,0.03,2,1785574969.4928403,False,True,True,False,1785574860.3524363,False,True,1,0,False
1785430955.7579584,20,1785574979.4716916,37.158007171740294,0.6018410009918364,36.725413900968945,True,37.5,36.5,38.6,0.95,0.05,0.0,0.7,0.03,2,1785574989.4988475,False,True,True,False,1785574860.3524363,False,True,1,0,False
1785430955.7579584,20,1785574999.4777508,37.16067750057222,0.6021843289845121,36.72274357213702,True,37.5,36.5,38.6,0.95,0.05,0.0,0.7,0.03,2,1785575009.5049074,False,True,True,False,1785574860.3524363,False,True,1,0,False
1785430955.7579584,20,1785575019.483722,37.16601815823606,0.6020698863202868,36.72274357213702,True,37.5,36.5,38.6,0.95,0.05,0.0,0.7,0.03,2,1785575029.5108314,False,True,True,False,1785574860.3524363,False,True,1,0,False
1785430955.7579584,20,1785575039.4897444,37.19005111772336,0.6021271076523995,36.73876554512856,True,37.5,36.5,38.6,0.95,0.05,0.0,0.7,0.03,2,1785575049.5167043,False,True,True,True,1785575040.3524594,False,True,1,0,False
1785430955.7579584,20,1785575059.4957685,37.19806210421912,0.6017837796597238,36.744106202792395,True,37.5,36.5,38.6,0.95,0.05,0.0,0.7,0.03,2,1785575069.5228436,False,True,True,False,1785575040.3524594,False,True,1,0,False
1785430955.7579584,20,1785575079.5017612,37.19539177538719,0.6019935912108033,36.744106202792395,True,37.5,36.5,38.6,0.95,0.05,0.0,0.7,0.03,2,1785575089.528378,False,True,True,False,1785575040.3524594,False,True,1,0,False
1785430955.7579584,20,1785575099.5076344,37.21408407721066,0.6020889600976578,36.75745784695201,True,37.5,36.5,38.6,0.95,0.05,0.0,0.7,0.03,2,1785575109.5343344,False,True,True,False,1785575040.3524594,False,True,1,0,False
1785430955.7579584,20,1785575119.5136585,37.19806210421912,0.6019172961013198,36.77882047760738,True,37.5,36.5,38.6,0.95,0.05,0.0,0.7,0.03,2,1785575129.5409184,False,True,True,False,1785575040.3524594,False,True,1,0,False
1785430955.7579584,20,1785575139.519759,37.219424734874494,0.6021461814297703,36.80018310826276,True,37.5,36.5,38.6,0.95,0.05,0.0,0.7,0.03,2,1785575149.5468974,False,True,True,False,1785575040.3524594,False,True,1,0,False
1785430955.7579584,20,1785575159.5257995,37.24078736552987,0.6022796978713665,36.80018310826276,True,37.5,36.5,38.6,0.95,0.05,0.0,0.7,0.03,2,1785575169.5526304,False,True,True,False,1785575040.3524594,False,True,1,0,False
1785430955.7579584,20,1785575179.5317543,37.23277637903411,0.6018028534370947,36.80018310826276,True,37.5,36.5,38.6,0.95,0.05,0.0,0.7,0.03,2,1785575189.5588453,False,True,True,False,1785575040.3524594,False,True,1,0,False
1785430955.7579584,20,1785575199.537741,37.23010605020218,0.602050812542916,36.786831464103145,True,37.5,36.5,38.6,0.95,0.05,0.0,0.7,0.03,2,1785575209.5648746,False,True,True,False,1785575040.3524594,False,True,1,0,False
1785430955.7579584,20,1785575219.543697,37.23544670786603,0.6017647058823529,36.80819409475852,True,37.5,36.5,38.6,0.95,0.05,0.0,0.7,0.03,2,1785575229.570818,False,True,True,True,1785575220.352462,False,True,1,0,False
1785430955.7579584,20,1785575239.54972,37.243457694361794,0.6018219272144656,36.82421606775006,True,37.5,36.5,38.6,0.95,0.05,0.0,0.7,0.03,2,1785575249.5769045,False,True,True,False,1785575220.352462,False,True,1,0,False
1785430955.7579584,20,1785575259.5561762,37.24078736552987,0.6018600747692073,36.834897383077745,True,37.5,36.5,38.6,0.95,0.05,0.0,0.7,0.03,2,1785575269.5834422,False,True,True,False,1785575220.352462,False,True,1,0,False
1785430955.7579584,20,1785575279.5621333,37.26482032501717,0.6017647058823529,36.834897383077745,True,37.5,36.5,38.6,0.95,0.05,0.0,0.7,0.03,2,1785575289.5893939,False,True,True,False,1785575220.352462,False,True,1,0,False
1785430955.7579584,20,1785575299.5681117,37.28351262684062,0.6020698863202868,36.858930342565046,True,37.5,36.5,38.6,0.95,0.05,0.0,0.7,0.03,2,1785575309.5947464,False,True,True,False,1785575220.352462,False,True,1,0,False
1785430955.7579584,20,1785575319.574118,37.27283131151293,0.6020317387655452,36.87495231555657,True,37.5,36.5,38.6,0.95,0.05,0.0,0.7,0.03,2,1785575329.6011767,False,True,True,False,1785575220.352462,False,True,1,0,False
1785430955.7579584,20,1785575339.5800297,37.30487525749599,0.6021080338750286,36.88029297322042,True,37.5,36.5,38.6,0.95,0.05,0.0,0.7,0.03,2,1785575349.606634,False,True,True,False,1785575220.352462,False,True,1,0,False
1785430955.7579584,20,1785575359.5860105,37.28351262684062,0.602050812542916,36.88563363088426,True,37.5,36.5,38.6,0.95,0.05,0.0,0.7,0.03,2,1785575369.6131048,False,True,True,False,1785575220.352462,False,True,1,0,False
1785430955.7579584,20,1785575379.5919528,37.328908216983294,0.6022796978713665,36.88029297322042,True,37.5,36.5,38.6,0.95,0.05,0.0,0.7,0.03,2,1785575389.6188507,False,True,True,False,1785575220.352462,False,True,1,0,False
1785430955.7579584,20,1785575399.5979197,37.29953459983216,0.6021652552071413,36.872281986724644,True,37.5,36.5,38.6,0.95,0.05,0.0,0.7,0.03,2,1785575409.624978,False,True,True,True,1785575400.352496,False,True,1,0,False
1785430955.7579584,20,1785575419.603832,37.310215915159844,0.6019935912108033,36.89364461738002,True,37.5,36.5,38.6,0.95,0.05,0.0,0.7,0.03,2,1785575429.6309974,False,True,True,False,1785575400.352496,False,True,1,0,False
1785430955.7579584,20,1785575439.6098995,37.32356755931944,0.6017647058823529,36.89898527504387,True,37.5,36.5,38.6,0.95,0.05,0.0,0.7,0.03,2,1785575449.636993,False,True,True,False,1785575400.352496,False,True,1,0,False
1785430955.7579584,20,1785575459.6158295,37.33157854581522,0.6019363698786908,36.90966659037156,True,37.5,36.5,38.6,0.95,0.05,0.0,0.7,0.03,2,1785575469.64254,False,True,True,False,1785575400.352496,False,True,1,0,False
1785430955.7579584,20,1785575479.621868,37.34493018997482,0.6019554436560617,36.93636987869077,True,37.5,36.5,38.6,0.95,0.05,0.0,0.7,0.03,2,1785575489.6484702,False,True,True,False,1785575400.352496,False,True,1,0,False
1785430955.7579584,20,1785575499.6277845,37.352941176470594,0.6018982223239491,36.92301823453117,True,37.5,36.5,38.6,0.95,0.05,0.0,0.7,0.03,2,1785575509.6544194,False,True,True,False,1785575400.352496,False,True,1,0,False
1785430955.7579584,20,1785575519.633759,37.352941176470594,0.6019935912108033,36.94972152285038,True,37.5,36.5,38.6,0.95,0.05,0.0,0.7,0.03,2,1785575529.6608474,False,True,True,False,1785575400.352496,False,True,1,0,False
1785430955.7579584,20,1785575539.639662,37.36896314946212,0.6021461814297703,36.95506218051423,True,37.5,36.5,38.6,0.95,0.05,0.0,0.7,0.03,2,1785575549.666253,False,True,True,False,1785575400.352496,False,True,1,0,False
1785430955.7579584,20,1785575559.6456425,37.395666437781344,0.6019745174334326,36.939040207522694,True,37.5,36.5,38.6,0.95,0.05,0.0,0.7,0.03,2,1785575569.672205,False,True,True,False,1785575400.352496,False,True,1,0,False
1785430955.7579584,20,1785575579.651579,37.41969939726863,0.6017647058823529,36.97108415350576,True,37.5,36.5,38.6,0.95,0.05,0.0,0.7,0.03,2,1785575589.6787815,False,True,True,True,1785575580.3525355,False,True,1,0,False
1785430955.7579584,20,1785575599.6576128,37.41168841077287,0.6019172961013198,36.99511711299306,True,37.5,36.5,38.6,0.95,0.05,0.0,0.7,0.03,2,1785575609.6846588,False,True,True,False,1785575580.3525355,False,True,1,0,False
1785430955.7579584,20,1785575619.663514,37.41168841077287,0.6018600747692073,36.97375448233768,True,37.5,36.5,38.6,0.95,0.05,0.0,0.7,0.03,2,1785575629.6901367,False,True,True,False,1785575580.3525355,False,True,1,0,False
1785430955.7579584,20,1785575639.6696043,37.41969939726863,0.6019172961013198,36.97909514000152,True,37.5,36.5,38.6,0.95,0.05,0.0,0.7,0.03,2,1785575649.6966968,False,True,True,False,1785575580.3525355,False,True,1,0,False
1785430955.7579584,20,1785575659.6755638,37.44373235675593,0.6023369192034791,36.98443579766537,True,37.5,36.5,38.6,0.95,0.05,0.0,0.7,0.03,2,1785575669.7026534,False,True,True,False,1785575580.3525355,False,True,1,0,False
1785430955.7579584,20,1785575679.6815562,37.45708400091554,0.6019745174334326,36.989776455329206,True,37.5,36.5,38.6,0.95,0.05,0.0,0.7,0.03,2,1785575689.7086341,False,True,True,False,1785575580.3525355,False,True,1,0,False
1785430955.7579584,20,1785575699.687492,37.470435645075156,0.6021843289845121,37.03517204547188,True,37.5,36.5,38.6,0.95,0.05,0.0,0.7,0.03,2,1785575709.7146044,False,True,True,False,1785575580.3525355,False,True,1,0,False
1785430955.7579584,20,1785575719.6935437,37.45975432974747,0.6022796978713665,37.029831387808045,True,37.5,36.5,38.6,0.95,0.05,0.0,0.7,0.03,2,1785575729.7206228,False,True,True,False,1785575580.3525355,False,True,1,0,False
1785430955.7579584,20,1785575739.699487,37.47577630273899,0.6017647058823529,37.04585336079957,True,37.5,36.5,38.6,0.95,0.05,0.0,0.7,0.03,2,1785575749.72606,False,True,True,False,1785575580.3525355,False,True,1,0,False
1785430955.7579584,20,1785575759.7054727,37.48645761806668,0.6018791485465782,37.04585336079957,True,37.5,36.5,38.6,0.95,0.05,0.0,0.7,0.03,2,1785575769.7325704,False,True,True,True,1785575760.352541,False,True,1,0,False
1785430955.7579584,20,1785575779.7114348,37.483787289234755,0.6020889600976578,37.067215991454944,True,37.5,36.5,38.6,0.95,0.05,0.0,0.7,0.03,2,1785575789.738561,False,True,True,False,1785575760.352541,False,True,1,0,False
1785430955.7579584,20,1785575799.7174456,37.49713893339437,0.6019935912108033,37.053864347295345,True,37.5,36.5,38.6,0.95,0.05,0.0,0.7,0.03,2,1785575809.7443967,False,True,True,False,1785575760.352541,False,True,1,0,False
1785430955.7579584,20,1785575819.7233777,37.507820248722055,0.6021843289845121,37.06454566262303,True,37.5,36.5,38.6,0.95,0.05,0.0,0.7,0.03,2,1785575829.7500777,False,True,True,False,1785575760.352541,False,1,0,0,False
1785430955.7579584,20,1785575839.7295268,37.526512550545505,0.6021271076523995,37.05920500495918,True,37.5,36.5,38.6,0.95,0.05,0.0,0.7,0.03,2,1785575849.7566612,False,True,True,False,1785575760.352541,False,1,0,0,False
1785430955.7579584,20,1785575859.7355204,37.507820248722055,0.6016693369954986,37.06454566262303,True,37.5,36.5,38.6,0.95,0.05,0.0,0.7,0.03,2,1785575869.762627,False,True,True,False,1785575760.352541,False,1,0,0,False
1785430955.7579584,20,1785575879.741557,37.51049057755398,0.6018219272144656,37.06988632028687,True,37.5,36.5,38.6,0.95,0.05,0.0,0.7,0.03,2,1785575889.7686799,False,True,True,False,1785575760.352541,False,1,0,0,False
1785430955.7579584,20,1785575899.747532,37.49713893339437,0.602050812542916,37.06187533379111,True,37.5,36.5,38.6,0.95,0.05,0.0,0.7,0.03,2,1785575909.7746694,False,True,True,False,1785575760.352541,False,True,1,0,False
1785430955.7579584,20,1785575919.753619,37.470435645075156,0.6017074845502404,37.06187533379111,True,37.5,36.5,38.6,0.95,0.05,0.0,0.7,0.03,2,1785575929.780743,False,True,True,False,1785575760.352541,False,True,1,0,False
1785430955.7579584,20,1785575939.759613,37.47577630273899,0.6018600747692073,37.05653467612726,True,37.5,36.5,38.6,0.95,0.05,0.0,0.7,0.03,2,1785575949.786236,False,True,True,True,1785575940.3525696,False,True,1,0,False
1785430955.7579584,20,1785575959.7655966,37.47577630273899,0.6014976729991608,37.05653467612726,True,37.5,36.5,38.6,0.95,0.05,0.0,0.7,0.03,2,1785575969.7921557,False,True,True,False,1785575940.3525696,False,True,1,0,False
1785430955.7579584,20,1785575979.7715483,37.47310597390707,0.6020889600976578,37.029831387808045,True,37.5,36.5,38.6,0.95,0.05,0.0,0.7,0.03,2,1785575989.7986903,False,True,True,False,1785575940.3525696,False,True,1,0,False
1785430955.7579584,20,1785575999.777591,37.465094987411305,0.6018982223239491,37.06988632028687,True,37.5,36.5,38.6,0.95,0.05,0.0,0.7,0.03,2,1785576009.8040867,False,True,True,False,1785575940.3525696,False,True,1,0,False
1785430955.7579584,20,1785576019.7834158,37.49179827573053,0.6020317387655452,37.06454566262303,True,37.5,36.5,38.6,0.95,0.05,0.0,0.7,0.03,2,1785576029.8106024,False,True,True,False,1785575940.3525696,False,True,1,0,False
1785430955.7579584,20,1785576039.7894015,37.51583123521782,0.6018219272144656,37.06454566262303,True,37.5,36.5,38.6,0.95,0.05,0.0,0.7,0.03,2,1785576049.8164773,False,True,True,False,1785575940.3525696,False,1,0,0,False
1785430955.7579584,20,1785576059.795388,37.507820248722055,0.6018600747692073,37.091248950942244,True,37.5,36.5,38.6,0.95,0.05,0.0,0.7,0.03,2,1785576069.8225062,False,True,True,False,1785575940.3525696,False,1,0,0,False
1785430955.7579584,20,1785576079.801453,37.51049057755398,0.6018791485465782,37.096589608606095,True,37.5,36.5,38.6,0.95,0.05,0.0,0.7,0.03,2,1785576089.8285527,False,True,True,False,1785575940.3525696,False,1,0,0,False
1785430955.7579584,20,1785576099.8074062,37.47577630273899,0.6021080338750286,37.09391927977417,True,37.5,36.5,38.6,0.95,0.05,0.0,0.7,0.03,2,1785576109.8345206,False,True,True,False,1785575940.3525696,False,True,1,0,False
1785430955.7579584,20,1785576119.8134537,37.50247959105822,0.6021461814297703,37.109941252765694,True,37.5,36.5,38.6,0.95,0.05,0.0,0.7,0.03,2,1785576129.8405986,False,True,True,True,1785576120.3525906,False,1,0,0,False
1785430955.7579584,20,1785576139.8194644,37.507820248722055,0.6018219272144656,37.067215991454944,True,37.5,36.5,38.6,0.95,0.05,0.0,0.7,0.03,2,1785576149.8461342,False,True,True,False,1785576120.3525906,False,1,0,0,False
1785430955.7579584,20,1785576159.825533,37.48645761806668,0.6016693369954986,37.06187533379111,True,37.5,36.5,38.6,0.95,0.05,0.0,0.7,0.03,2,1785576169.852668,False,True,True,False,1785576120.3525906,False,True,1,0,False
1785430955.7579584,20,1785576179.8315141,37.489127946898606,0.6019745174334326,37.067215991454944,True,37.5,36.5,38.6,0.95,0.05,0.0,0.7,0.03,2,1785576189.8586287,False,True,True,False,1785576120.3525906,False,True,1,0,False
1785430955.7579584,20,1785576199.8375237,37.507820248722055,0.6017647058823529,37.05920500495918,True,37.5,36.5,38.6,0.95,0.05,0.0,0.7,0.03,2,1785576209.8647258,False,True,True,False,1785576120.3525906,False,1,0,0,False
1785430955.7579584,20,1785576219.8435938,37.45975432974747,0.6017456321049821,37.053864347295345,True,37.5,36.5,38.6,0.95,0.05,0.0,0.7,0.03,2,1785576229.870679,False,True,True,False,1785576120.3525906,False,True,1,0,False
1785430955.7579584,20,1785576239.8495803,37.49980926222629,0.6019554436560617,37.053864347295345,True,37.5,36.5,38.6,0.95,0.05,0.0,0.7,0.03,2,1785576249.8764043,False,True,True,False,1785576120.3525906,False,True,1,0,False
1785430955.7579584,20,1785576259.8556883,37.49713893339437,0.6018410009918364,37.06454566262303,True,37.5,36.5,38.6,0.95,0.05,0.0,0.7,0.03,2,1785576269.882647,False,True,True,False,1785576120.3525906,False,True,1,0,False
1785430955.7579584,20,1785576279.8618062,37.489127946898606,0.6019363698786908,37.07522697795072,True,37.5,36.5,38.6,0.95,0.05,0.0,0.7,0.03,2,1785576289.8884053,False,True,True,False,1785576120.3525906,False,True,1,0,False
1785430955.7579584,20,1785576299.8676953,37.48645761806668,0.6017647058823529,37.08323796444648,True,37.5,36.5,38.6,0.95,0.05,0.0,0.7,0.03,2,1785576309.8947709,False,True,True,True,1785576300.3526018,False,True,1,0,False
1785430955.7579584,20,1785576319.8737037,37.481116960402844,0.6018600747692073,37.08323796444648,True,37.5,36.5,38.6,0.95,0.05,0.0,0.7,0.03,2,1785576329.9007914,False,True,True,False,1785576300.3526018,False,True,1,0,False
1785430955.7579584,20,1785576339.879637,37.48645761806668,0.6016884107728694,37.07789730678263,True,37.5,36.5,38.6,0.95,0.05,0.0,0.7,0.03,2,1785576349.9067729,False,True,True,False,1785576300.3526018,False,True,1,0,False
1785430955.7579584,20,1785576359.8857145,37.49713893339437,0.6014976729991608,37.06187533379111,True,37.5,36.5,38.6,0.95,0.05,0.0,0.7,0.03,2,1785576369.912845,False,True,True,False,1785576300.3526018,False,True,1,0,False
1785430955.7579584,20,1785576379.8916855,37.526512550545505,0.6015739681086443,37.109941252765694,True,37.5,36.5,38.6,0.95,0.05,0.0,0.7,0.03,2,1785576389.9182475,False,True,True,False,1785576300.3526018,False,1,0,0,False
1785430955.7579584,20,1785576399.8977075,37.53986419470512,0.6017456321049821,37.12863355458916,True,37.5,36.5,38.6,0.95,0.05,0.0,0.7,0.03,2,1785576409.9248686,False,True,True,False,1785576300.3526018,False,1,0,0,False
1785430955.7579584,20,1785576419.90372,37.52384222171359,0.6017074845502404,37.10727092393378,True,37.5,36.5,38.6,0.95,0.05,0.0,0.7,0.03,2,1785576429.930927,False,True,True,False,1785576300.3526018,False,1,0,0,False
1785430955.7579584,20,1785576439.9098496,37.52117189288167,0.6018219272144656,37.10193026626993,True,37.5,36.5,38.6,0.95,0.05,0.0,0.7,0.03,2,1785576449.9370086,False,True,True,False,1785576300.3526018,False,1,0,0,False
1785430955.7579584,20,1785576459.915855,37.507820248722055,0.6018219272144656,37.096589608606095,True,37.5,36.5,38.6,0.95,0.05,0.0,0.7,0.03,2,1785576469.943045,False,True,True,False,1785576300.3526018,False,1,0,0,False
1785430955.7579584,20,1785576479.9218395,37.47310597390707,0.6017074845502404,37.091248950942244,True,37.5,36.5,38.6,0.95,0.05,0.0,0.7,0.03,2,1785576489.9490345,False,True,True,True,1785576480.352613,False,True,1,0,False
1785430955.7579584,20,1785576499.9278698,37.47577630273899,0.6015167467765317,37.06187533379111,True,37.5,36.5,38.6,0.95,0.05,0.0,0.7,0.03,2,1785576509.9549732,False,True,True,False,1785576480.352613,False,True,1,0,False
1785430955.7579584,20,1785576519.9338698,37.481116960402844,0.6015930418860151,37.05653467612726,True,37.5,36.5,38.6,0.95,0.05,0.0,0.7,0.03,2,1785576529.9609969,False,True,True,False,1785576480.352613,False,True,1,0,False
1785430955.7579584,20,1785576539.9398513,37.470435645075156,0.6017647058823529,37.04585336079957,True,37.5,36.5,38.6,0.95,0.05,0.0,0.7,0.03,2,1785576549.9670038,False,True,True,False,1785576480.352613,False,True,1,0,False
1785430955.7579584,20,1785576559.9458432,37.45975432974747,0.6014976729991608,37.05653467612726,True,37.5,36.5,38.6,0.95,0.05,0.0,0.7,0.03,2,1785576569.973049,False,True,True,False,1785576480.352613,False,True,1,0,False
1785430955.7579584,20,1785576579.9519594,37.47844663157092,0.6015548943312734,37.072556649118795,True,37.5,36.5,38.6,0.95,0.05,0.0,0.7,0.03,2,1785576589.978636,False,True,True,False,1785576480.352613,False,True,1,0,False
1785430955.7579584,20,1785576599.9580178,37.45975432974747,0.6015358205539024,37.07522697795072,True,37.5,36.5,38.6,0.95,0.05,0.0,0.7,0.03,2,1785576609.984607,False,True,True,False,1785576480.352613,False,True,1,0,False
1785430955.7579584,20,1785576619.963969,37.47577630273899,0.6018410009918364,37.06988632028687,True,37.5,36.5,38.6,0.95,0.05,0.0,0.7,0.03,2,1785576629.9910948,False,True,True,False,1785576480.352613,False,True,1,0,False
1785430955.7579584,20,1785576639.9700465,37.50514991989013,0.6015930418860151,37.091248950942244,True,37.5,36.5,38.6,0.95,0.05,0.0,0.7,0.03,2,1785576649.9971578,False,True,True,False,1785576480.352613,False,1,0,0,False
1785430955.7579584,20,1785576659.9760127,37.507820248722055,0.6019172961013198,37.07522697795072,True,37.5,36.5,38.6,0.95,0.05,0.0,0.7,0.03,2,1785576670.0030818,False,True,True,True,1785576660.352625,False,1,0,0,False
1785430955.7579584,20,1785576679.9819992,37.49980926222629,0.6016121156633859,37.08056763561456,True,37.5,36.5,38.6,0.95,0.05,0.0,0.7,0.03,2,1785576690.0090916,False,True,True,False,1785576660.352625,False,True,1,0,False
1785430955.7579584,20,1785576699.987948,37.48645761806668,0.6016502632181278,37.07789730678263,True,37.5,36.5,38.6,0.95,0.05,0.0,0.7,0.03,2,1785576710.0150416,False,True,True,False,1785576660.352625,False,True,1,0,False
1785430955.7579584,20,1785576719.9940057,37.48645761806668,0.6019935912108033,37.08323796444648,True,37.5,36.5,38.6,0.95,0.05,0.0,0.7,0.03,2,1785576730.0210917,False,True,True,False,1785576660.352625,False,True,1,0,False
1785430955.7579584,20,1785576739.9999614,37.507820248722055,0.6015548943312734,37.09391927977417,True,37.5,36.5,38.6,0.95,0.05,0.0,0.7,0.03,2,1785576750.026991,False,True,True,False,1785576660.352625,False,1,0,0,False
1785430955.7579584,20,1785576760.0059245,37.53452353704128,0.6016121156633859,37.08857862211032,True,37.5,36.5,38.6,0.95,0.05,0.0,0.7,0.03,2,1785576770.03258,False,True,True,False,1785576660.352625,False,1,0,0,False
1785430955.7579584,20,1785576780.0119243,37.53719386587319,0.6015548943312734,37.09391927977417,True,37.5,36.5,38.6,0.95,0.05,0.0,0.7,0.03,2,1785576790.038411,False,True,True,False,1785576660.352625,False,1,0,0,False
1785430955.7579584,20,1785576800.0179954,37.50247959105822,0.6016884107728694,37.06454566262303,True,37.5,36.5,38.6,0.95,0.05,0.0,0.7,0.03,2,1785576810.0451136,False,True,True,False,1785576660.352625,False,1,0,0,False
1785430955.7579584,20,1785576820.0239685,37.48645761806668,0.6016311894407569,37.08056763561456,True,37.5,36.5,38.6,0.95,0.05,0.0,0.7,0.03,2,1785576830.0510468,False,True,True,False,1785576660.352625,False,True,1,0,False
1785430955.7579584,20,1785576840.0300019,37.483787289234755,0.6015167467765317,37.08056763561456,True,37.5,36.5,38.6,0.95,0.05,0.0,0.7,0.03,2,1785576850.0569322,False,True,True,True,1785576840.3526547,False,True,1,0,False
1785430955.7579584,20,1785576860.03599,37.47577630273899,0.6012878614480812,37.053864347295345,True,37.5,36.5,38.6,0.95,0.05,0.0,0.7,0.03,2,1785576870.0632892,False,True,True,False,1785576840.3526547,False,True,1,0,False
1785430955.7579584,20,1785576880.0420084,37.46776531624323,0.6018791485465782,37.053864347295345,True,37.5,36.5,38.6,0.95,0.05,0.0,0.7,0.03,2,1785576890.0692134,False,True,True,False,1785576840.3526547,False,True,1,0,False
1785430955.7579584,20,1785576900.047918,37.481116960402844,0.6013832303349355,37.05653467612726,True,37.5,36.5,38.6,0.95,0.05,0.0,0.7,0.03,2,1785576910.075177,False,True,True,False,1785576840.3526547,False,True,1,0,False
1785430955.7579584,20,1785576920.0539446,37.470435645075156,0.6014213778896773,37.067215991454944,True,37.5,36.5,38.6,0.95,0.05,0.0,0.7,0.03,2,1785576930.081114,False,True,True,False,1785576840.3526547,False,True,1,0,False
1785430955.7579584,20,1785576940.0599048,37.48645761806668,0.6018600747692073,37.07789730678263,True,37.5,36.5,38.6,0.95,0.05,0.0,0.7,0.03,2,1785576950.087467,False,True,True,False,1785576840.3526547,False,True,1,0,False
1785430955.7579584,20,1785576960.0664227,37.49713893339437,0.6016693369954986,37.08323796444648,True,37.5,36.5,38.6,0.95,0.05,0.0,0.7,0.03,2,1785576970.0935655,False,True,True,False,1785576840.3526547,False,True,1,0,False
1785430955.7579584,20,1785576980.072469,37.51583123521782,0.6018028534370947,37.109941252765694,True,37.5,36.5,38.6,0.95,0.05,0.0,0.7,0.03,2,1785576990.0995648,False,True,True,False,1785576840.3526547,False,1,0,0,False
1785430955.7579584,20,1785577000.0785162,37.52384222171359,0.6017074845502404,37.10727092393378,True,37.5,36.5,38.6,0.95,0.05,0.0,0.7,0.03,2,1785577010.1056342,False,True,True,False,1785576840.3526547,False,1,0,0,False
1785430955.7579584,20,1785577020.0845375,37.513160906385906,0.6016884107728694,37.091248950942244,True,37.5,36.5,38.6,0.95,0.05,0.0,0.7,0.03,2,1785577030.1111853,False,True,True,True,1785577020.3526797,False,1,0,0,False
1785430955.7579584,20,1785577040.0906036,37.51049057755398,0.6014785992217899,37.08056763561456,True,37.5,36.5,38.6,0.95,0.05,0.0,0.7,0.03,2,1785577050.117699,False,True,True,False,1785577020.3526797,False,1,0,0,False
1785430955.7579584,20,1785577060.0966074,37.49713893339437,0.6014976729991608,37.091248950942244,True,37.5,36.5,38.6,0.95,0.05,0.0,0.7,0.03,2,1785577070.1231925,False,True,True,False,1785577020.3526797,False,True,1,0,False
1785430955.7579584,20,1785577080.1025891,37.489127946898606,0.6015739681086443,37.10727092393378,True,37.5,36.5,38.6,0.95,0.05,0.0,0.7,0.03,2,1785577090.1297863,False,True,True,False,1785577020.3526797,False,True,1,0,False
1785430955.7579584,20,1785577100.108635,37.49179827573053,0.6014023041123064,37.072556649118795,True,37.5,36.5,38.6,0.95,0.05,0.0,0.7,0.03,2,1785577110.1358254,False,True,True,False,1785577020.3526797,False,True,1,0,False
1785430955.7579584,20,1785577120.1145492,37.47577630273899,0.6014976729991608,37.12062256809338,True,37.5,36.5,38.6,0.95,0.05,0.0,0.7,0.03,2,1785577130.141692,False,True,True,False,1785577020.3526797,False,True,1,0,False
1785430955.7579584,20,1785577140.1205795,37.47577630273899,0.6016884107728694,37.08323796444648,True,37.5,36.5,38.6,0.95,0.05,0.0,0.7,0.03,2,1785577150.1476698,False,True,True,False,1785577020.3526797,False,True,1,0,False
1785430955.7579584,20,1785577160.1265242,37.465094987411305,0.6012878614480812,37.08857862211032,True,37.5,36.5,38.6,0.95,0.05,0.0,0.7,0.03,2,1785577170.1536474,False,True,True,False,1785577020.3526797,False,True,1,0,False
1785430955.7579584,20,1785577180.132498,37.51049057755398,0.601306935225452,37.06187533379111,True,37.5,36.5,38.6,0.95,0.05,0.0,0.7,0.03,2,1785577190.1595638,False,True,True,False,1785577020.3526797,False,1,0,0,False
1785430955.7579584,20,1785577200.1384394,37.51850156404974,0.6015930418860151,37.091248950942244,True,37.5,36.5,38.6,0.95,0.05,0.0,0.7,0.03,2,1785577210.165562,False,True,True,True,1785577200.352684,False,1,0,0,False
1785430955.7579584,20,1785577220.1444342,37.507820248722055,0.6014595254444189,37.08056763561456,True,37.5,36.5,38.6,0.95,0.05,0.0,0.7,0.03,2,1785577230.1715815,False,True,True,False,1785577200.352684,False,1,0,0,False
1785430955.7579584,20,1785577240.1504536,37.51583123521782,0.6014785992217899,37.07522697795072,True,37.5,36.5,38.6,0.95,0.05,0.0,0.7,0.03,2,1785577250.1775498,False,True,True,False,1785577200.352684,False,1,0,0,False
1785430955.7579584,20,1785577260.1564686,37.48645761806668,0.601306935225452,37.08590829327841,True,37.5,36.5,38.6,0.95,0.05,0.0,0.7,0.03,2,1785577270.1835167,False,True,True,False,1785577200.352684,False,True,1,0,False
1785430955.7579584,20,1785577280.162386,37.47310597390707,0.6014595254444189,37.08056763561456,True,37.5,36.5,38.6,0.95,0.05,0.0,0.7,0.03,2,1785577290.189594,False,True,True,False,1785577200.352684,False,True,1,0,False
1785430955.7579584,20,1785577300.1683843,37.49713893339437,0.6015358205539024,37.05653467612726,True,37.5,36.5,38.6,0.95,0.05,0.0,0.7,0.03,2,1785577310.195471,False,True,True,False,1785577200.352684,False,True,1,0,False
1785430955.7579584,20,1785577320.1743987,37.48645761806668,0.6015167467765317,37.05653467612726,True,37.5,36.5,38.6,0.95,0.05,0.0,0.7,0.03,2,1785577330.2015326,False,True,True,False,1785577200.352684,False,True,1,0,False
1785430955.7579584,20,1785577340.180416,37.470435645075156,0.6015548943312734,37.08323796444648,True,37.5,36.5,38.6,0.95,0.05,0.0,0.7,0.03,2,1785577350.207525,False,True,True,False,1785577200.352684,False,True,1,0,False
1785430955.7579584,20,1785577360.186342,37.44907301441978,0.601154345006485,37.072556649118795,True,37.5,36.5,38.6,0.95,0.05,0.0,0.7,0.03,2,1785577370.2134604,False,True,True,False,1785577200.352684,False,True,1,0,False
1785430955.7579584,20,1785577380.192402,37.47310597390707,0.6015167467765317,37.08323796444648,True,37.5,36.5,38.6,0.95,0.05,0.0,0.7,0.03,2,1785577390.2194784,False,True,True,True,1785577380.3526905,False,True,1,0,False
1785430955.7579584,20,1785577400.1983564,37.49179827573053,0.6018219272144656,37.06454566262303,True,37.5,36.5,38.6,0.95,0.05,0.0,0.7,0.03,2,1785577410.2254436,False,True,True,False,1785577380.3526905,False,True,1,0,False
1785430955.7579584,20,1785577420.2042553,37.50247959105822,0.6014213778896773,37.06988632028687,True,37.5,36.5,38.6,0.95,0.05,0.0,0.7,0.03,2,1785577430.2307613,False,True,True,False,1785577380.3526905,False,1,0,0,False
1785430955.7579584,20,1785577440.2101827,37.49446860456244,0.6013641565575647,37.091248950942244,True,37.5,36.5,38.6,0.95,0.05,0.0,0.7,0.03,2,1785577450.2373476,False,True,True,False,1785577380.3526905,False,True,1,0,False
1785430955.7579584,20,1785577460.216188,37.49713893339437,0.6015358205539024,37.091248950942244,True,37.5,36.5,38.6,0.95,0.05,0.0,0.7,0.03,2,1785577470.2428854,False,True,True,False,1785577380.3526905,False,True,1,0,False
1785430955.7579584,20,1785577480.2221675,37.526512550545505,0.6015358205539024,37.10727092393378,True,37.5,36.5,38.6,0.95,0.05,0.0,0.7,0.03,2,1785577490.2492414,False,True,True,False,1785577380.3526905,False,1,0,0,False
1785430955.7579584,20,1785577500.2280645,37.51850156404974,0.6014023041123064,37.109941252765694,True,37.5,36.5,38.6,0.95,0.05,0.0,0.7,0.03,2,1785577510.2552505,False,True,True,False,1785577380.3526905,False,1,0,0,False
1785430955.7579584,20,1785577520.2341452,37.51850156404974,0.6014023041123064,37.09391927977417,True,37.5,36.5,38.6,0.95,0.05,0.0,0.7,0.03,2,1785577530.2612696,False,True,True,False,1785577380.3526905,False,1,0,0,False
1785430955.7579584,20,1785577540.2401004,37.507820248722055,0.6015548943312734,37.12062256809338,True,37.5,36.5,38.6,0.95,0.05,0.0,0.7,0.03,2,1785577550.2666352,False,True,True,False,1785577380.3526905,False,1,0,0,False
1785430955.7579584,20,1785577560.246029,37.49179827573053,0.601020828564889,37.09391927977417,True,37.5,36.5,38.6,0.95,0.05,0.0,0.7,0.03,2,1785577570.2732146,False,True,True,True,1785577560.3526993,False,True,1,0,False
1785430955.7579584,20,1785577580.2520576,37.483787289234755,0.601306935225452,37.10460059510186,True,37.5,36.5,38.6,0.95,0.05,0.0,0.7,0.03,2,1785577590.2792172,False,True,True,False,1785577560.3526993,False,True,1,0,False
1785430955.7579584,20,1785577600.2581239,37.49713893339437,0.6014976729991608,37.08590829327841,True,37.5,36.5,38.6,0.95,0.05,0.0,0.7,0.03,2,1785577610.2852755,False,True,True,False,1785577560.3526993,False,True,1,0,False
1785430955.7579584,20,1785577620.2640991,37.507820248722055,0.6012115663385977,37.08056763561456,True,37.5,36.5,38.6,0.95,0.05,0.0,0.7,0.03,2,1785577630.291214,False,True,True,False,1785577560.3526993,False,1,0,0,False
1785430955.7579584,20,1785577640.2701359,37.46776531624323,0.6011352712291143,37.08056763561456,True,37.5,36.5,38.6,0.95,0.05,0.0,0.7,0.03,2,1785577650.2968893,False,True,True,False,1785577560.3526993,False,True,1,0,False
1785430955.7579584,20,1785577660.2761552,37.49713893339437,0.601001754787518,37.07522697795072,True,37.5,36.5,38.6,0.95,0.05,0.0,0.7,0.03,2,1785577670.3028166,False,True,True,False,1785577560.3526993,False,True,1,0,False
1785430955.7579584,20,1785577680.2824059,37.49980926222629,0.6012306401159685,37.08056763561456,True,37.5,36.5,38.6,0.95,0.05,0.0,0.7,0.03,2,1785577690.3096335,False,True,True,False,1785577560.3526993,False,True,1,0,False
1785430955.7579584,20,1785577700.2885318,37.507820248722055,0.6012497138933395,37.09391927977417,True,37.5,36.5,38.6,0.95,0.05,0.0,0.7,0.03,2,1785577710.3153203,False,True,True,False,1785577560.3526993,False,1,0,0,False
1785430955.7579584,20,1785577720.2945862,37.49713893339437,0.6014023041123064,37.08857862211032,True,37.5,36.5,38.6,0.95,0.05,0.0,0.7,0.03,2,1785577730.3217492,False,True,True,False,1785577560.3526993,False,True,1,0,False
1785430955.7579584,20,1785577740.3009183,37.50247959105822,0.6012115663385977,37.10460059510186,True,37.5,36.5,38.6,0.95,0.05,0.0,0.7,0.03,2,1785577750.3280897,False,True,True,True,1785577740.3527014,False,1,0,0,False
1785430955.7579584,20,1785577760.3069003,37.513160906385906,0.6013641565575647,37.09391927977417,True,37.5,36.5,38.6,0.95,0.05,0.0,0.7,0.03,2,1785577770.3341157,False,True,True,False,1785577740.3527014,False,1,0,0,False
1785430955.7579584,20,1785577780.3129451,37.49446860456244,0.601306935225452,37.08323796444648,True,37.5,36.5,38.6,0.95,0.05,0.0,0.7,0.03,2,1785577790.3400846,False,True,True,False,1785577740.3527014,False,True,1,0,False
1785430955.7579584,20,1785577800.318864,37.45975432974747,0.6009826810101473,37.08056763561456,True,37.5,36.5,38.6,0.95,0.05,0.0,0.7,0.03,2,1785577810.3459918,False,True,True,False,1785577740.3527014,False,True,1,0,False
1785430955.7579584,20,1785577820.3248878,37.47577630273899,0.6011352712291143,37.091248950942244,True,37.5,36.5,38.6,0.95,0.05,0.0,0.7,0.03,2,1785577830.351611,False,True,True,False,1785577740.3527014,False,True,1,0,False
1785430955.7579584,20,1785577840.3309054,37.489127946898606,0.6012687876707103,37.08056763561456,True,37.5,36.5,38.6,0.95,0.05,0.0,0.7,0.03,2,1785577850.3580394,False,True,True,False,1785577740.3527014,False,True,1,0,False
1785430955.7579584,20,1785577860.3369436,37.48645761806668,0.6012115663385977,37.08590829327841,True,37.5,36.5,38.6,0.95,0.05,0.0,0.7,0.03,2,1785577870.3639803,False,True,True,False,1785577740.3527014,False,True,1,0,False
1785430955.7579584,20,1785577880.3428352,37.526512550545505,0.6013832303349355,37.08590829327841,True,37.5,36.5,38.6,0.95,0.05,0.0,0.7,0.03,2,1785577890.369955,False,True,True,False,1785577740.3527014,False,1,0,0,False
1785430955.7579584,20,1785577900.3488889,37.49179827573053,0.6009445334554055,37.099259937438006,True,37.5,36.5,38.6,0.95,0.05,0.0,0.7,0.03,2,1785577910.3760238,False,True,True,False,1785577740.3527014,False,True,1,0,False
1785430955.7579584,20,1785577920.3548737,37.513160906385906,0.6012306401159685,37.12062256809338,True,37.5,36.5,38.6,0.95,0.05,0.0,0.7,0.03,2,1785577930.381998,False,True,True,True,1785577920.3819823,False,1,0,0,False
1785430955.7579584,20,1785577940.3609285,37.51850156404974,0.601020828564889,37.12596322575723,True,37.5,36.5,38.6,0.95,0.05,0.0,0.7,0.03,2,1785577950.3877516,False,True,True,False,1785577920.3819823,False,1,0,0,False
1785430955.7579584,20,1785577960.3668616,37.48645761806668,0.6010971236743725,37.12062256809338,True,37.5,36.5,38.6,0.95,0.05,0.0,0.7,0.03,2,1785577970.3939505,False,True,True,False,1785577920.3819823,False,True,1,0,False
1785430955.7579584,20,1785577980.3728275,37.51049057755398,0.6014213778896773,37.08323796444648,True,37.5,36.5,38.6,0.95,0.05,0.0,0.7,0.03,2,1785577990.3998575,False,True,True,False,1785577920.3819823,False,1,0,0,False
1785430955.7579584,20,1785578000.3787267,37.49713893339437,0.6009445334554055,37.096589608606095,True,37.5,36.5,38.6,0.95,0.05,0.0,0.7,0.03,2,1785578010.4058301,False,True,True,False,1785577920.3819823,False,True,1,0,False
1785430955.7579584,20,1785578020.3846893,37.48645761806668,0.601020828564889,37.091248950942244,True,37.5,36.5,38.6,0.95,0.05,0.0,0.7,0.03,2,1785578030.4117906,False,True,True,False,1785577920.3819823,False,True,1,0,False
1785430955.7579584,20,1785578040.3906534,37.49980926222629,0.6011161974517434,37.096589608606095,True,37.5,36.5,38.6,0.95,0.05,0.0,0.7,0.03,2,1785578050.417845,False,True,True,False,1785577920.3819823,False,True,1,0,False
1785430955.7579584,20,1785578060.3967423,37.49713893339437,0.601173418783856,37.07522697795072,True,37.5,36.5,38.6,0.95,0.05,0.0,0.7,0.03,2,1785578070.4238102,False,True,True,False,1785577920.3819823,False,True,1,0,False
1785430955.7579584,20,1785578080.4026747,37.489127946898606,0.6014213778896773,37.10727092393378,True,37.5,36.5,38.6,0.95,0.05,0.0,0.7,0.03,2,1785578090.4297745,False,True,True,True,1785578100.3820076,False,True,1,0,False
1785430955.7579584,20,1785578100.4086244,37.48645761806668,0.601173418783856,37.09391927977417,True,37.5,36.5,38.6,0.95,0.05,0.0,0.7,0.03,2,1785578110.4357293,False,True,True,True,1785578100.3820076,False,True,1,0,False
1785430955.7579584,20,1785578120.414597,37.49713893339437,0.601001754787518,37.09391927977417,True,37.5,36.5,38.6,0.95,0.05,0.0,0.7,0.03,2,1785578130.4417229,False,True,True,False,1785578100.3820076,False,True,1,0,False
1785430955.7579584,20,1785578140.4206147,37.507820248722055,0.6011352712291143,37.08857862211032,True,37.5,36.5,38.6,0.95,0.05,0.0,0.7,0.03,2,1785578150.4476554,False,True,True,False,1785578100.3820076,False,1,0,0,False
1785430955.7579584,20,1785578160.4265733,37.513160906385906,0.6012306401159685,37.099259937438006,True,37.5,36.5,38.6,0.95,0.05,0.0,0.7,0.03,2,1785578170.45311,False,True,True,False,1785578100.3820076,False,1,0,0,False
1785430955.7579584,20,1785578180.4325984,37.51049057755398,0.601173418783856,37.09391927977417,True,37.5,36.5,38.6,0.95,0.05,0.0,0.7,0.03,2,1785578190.459743,False,True,True,False,1785578100.3820076,False,1,0,0,False
1785430955.7579584,20,1785578200.4385777,37.507820248722055,0.6010589761196308,37.08056763561456,True,37.5,36.5,38.6,0.95,0.05,0.0,0.7,0.03,2,1785578210.4656706,False,True,True,False,1785578100.3820076,False,1,0,0,False
1785430955.7579584,20,1785578220.4445376,37.507820248722055,0.6012687876707103,37.10727092393378,True,37.5,36.5,38.6,0.95,0.05,0.0,0.7,0.03,2,1785578230.471584,False,True,True,False,1785578100.3820076,False,1,0,0,False
1785430955.7579584,20,1785578240.4504488,37.49980926222629,0.6008682383459221,37.096589608606095,True,37.5,36.5,38.6,0.95,0.05,0.0,0.7,0.03,2,1785578250.477603,False,True,True,False,1785578100.3820076,False,True,1,0,False
1785430955.7579584,20,1785578260.4564667,37.48645761806668,0.6009254596780346,37.08590829327841,True,37.5,36.5,38.6,0.95,0.05,0.0,0.7,0.03,2,1785578270.483524,False,True,True,True,1785578280.3820229,False,True,1,0,False
1785430955.7579584,20,1785578280.4624202,37.49980926222629,0.6013450827801938,37.08590829327841,True,37.5,36.5,38.6,0.95,0.05,0.0,0.7,0.03,2,1785578290.489499,False,True,True,True,1785578280.3820229,False,True,1,0,False
1785430955.7579584,20,1785578300.4684048,37.49713893339437,0.6008873121232929,37.10460059510186,True,37.5,36.5,38.6,0.95,0.05,0.0,0.7,0.03,2,1785578310.4954948,False,True,True,False,1785578280.3820229,False,True,1,0,False
1785430955.7579584,20,1785578320.4743621,37.507820248722055,0.601306935225452,37.08323796444648,True,37.5,36.5,38.6,0.95,0.05,0.0,0.7,0.03,2,1785578330.501397,False,True,True,False,1785578280.3820229,False,1,0,0,False
1785430955.7579584,20,1785578340.4803023,37.47577630273899,0.6014213778896773,37.08857862211032,True,37.5,36.5,38.6,0.95,0.05,0.0,0.7,0.03,2,1785578350.5073571,False,True,True,False,1785578280.3820229,False,True,1,0,False
1785430955.7579584,20,1785578360.4862363,37.507820248722055,0.6010589761196308,37.099259937438006,True,37.5,36.5,38.6,0.95,0.05,0.0,0.7,0.03,2,1785578370.513308,False,True,True,False,1785578280.3820229,False,1,0,0,False
1785430955.7579584,20,1785578380.4921706,37.50514991989013,0.6009254596780346,37.09391927977417,True,37.5,36.5,38.6,0.95,0.05,0.0,0.7,0.03,2,1785578390.519299,False,True,True,False,1785578280.3820229,False,1,0,0,False
1785430955.7579584,20,1785578400.4982195,37.57190814068818,0.6012306401159685,37.091248950942244,True,37.5,36.5,38.6,0.95,0.05,0.0,0.7,0.03,2,1785578410.5253031,True,True,True,False,1785578280.3820229,False,1,0,0,False
1785430955.7579584,20,1785578420.5043077,37.70542458228428,0.6012878614480812,37.06454566262303,True,37.5,36.5,38.6,0.95,0.05,0.0,0.7,0.03,2,1785578430.5335245,True,True,True,False,1785578280.3820229,False,1,0,0,False
1785430955.7579584,20,1785578440.5113442,37.80956740672923,0.601326009002823,37.08590829327841,True,37.5,36.5,38.6,0.95,0.05,0.0,0.7,0.03,2,1785578450.5389814,True,False,True,True,1785578460.3820527,False,1,0,0,False
1785430955.7579584,20,1785578460.5183997,37.83360036621653,0.6017456321049821,37.053864347295345,True,37.5,36.5,38.6,0.95,0.05,0.0,0.7,0.03,2,1785578470.5455732,True,False,True,True,1785578460.3820527,False,1,0,0,False
1785430955.7579584,20,1785578480.5253134,37.873655298695354,0.6012687876707103,37.03784237430381,True,37.5,36.5,38.6,0.95,0.05,0.0,0.7,0.03,2,1785578490.553824,True,True,True,False,1785578460.3820527,False,1,0,0,False
1785430955.7579584,20,1785578500.5330665,37.854962996871905,0.6013641565575647,37.04051270313573,True,37.5,36.5,38.6,0.95,0.05,0.0,0.7,0.03,2,1785578510.5615208,True,True,True,False,1785578460.3820527,False,1,0,0,False
1785430955.7579584,20,1785578520.540802,37.849622339208054,0.6014595254444189,37.00846875715267,True,37.5,36.5,38.6,0.95,0.05,0.0,0.7,0.03,2,1785578530.5692558,True,False,True,False,1785578460.3820527,False,1,0,0,False
1785430955.7579584,20,1785578540.5484428,37.83360036621653,0.6016502632181278,37.00846875715267,True,37.5,36.5,38.6,0.95,0.05,0.0,0.7,0.03,2,1785578550.5769107,True,True,True,False,1785578460.3820527,False,1,0,0,False
1785430955.7579584,20,1785578560.556142,37.84428168154422,0.6015548943312734,36.987106126497295,True,37.5,36.5,38.6,0.95,0.05,0.0,0.7,0.03,2,1785578570.5846298,True,True,True,False,1785578460.3820527,False,1,0,0,False
1785430955.7579584,20,1785578580.563936,37.82024872205692,0.6014404516670482,36.981765468833444,True,37.5,36.5,38.6,0.95,0.05,0.0,0.7,0.03,2,1785578590.5922074,True,True,True,False,1785578460.3820527,False,1,0,0,False
1785430955.7579584,20,1785578600.5712621,37.79621576256962,0.6012497138933395,37.00045777065691,True,37.5,36.5,38.6,0.95,0.05,0.0,0.7,0.03,2,1785578610.5983207,True,True,True,False,1785578460.3820527,False,1,0,0,False
1785430955.7579584,20,1785578620.5775852,37.78019378957809,0.6011924925612269,36.963073167009995,True,37.5,36.5,38.6,0.95,0.05,0.0,0.7,0.03,2,1785578630.6049836,True,True,True,True,1785578640.3820632,False,1,0,0,False
1785430955.7579584,20,1785578640.5838816,37.75616083009079,0.6012687876707103,36.94171053635462,True,37.5,36.5,38.6,0.95,0.05,0.0,0.7,0.03,2,1785578650.6115203,True,True,True,True,1785578640.3820632,False,1,0,0,False
1785430955.7579584,20,1785578660.5902743,37.726787212939655,0.6014023041123064,36.915007248035394,True,37.5,36.5,38.6,0.95,0.05,0.0,0.7,0.03,2,1785578670.6172931,True,True,True,False,1785578640.3820632,False,1,0,0,False
1785430955.7579584,20,1785578680.5966506,37.71343556878004,0.6008300907911803,36.90432593270771,True,37.5,36.5,38.6,0.95,0.05,0.0,0.7,0.03,2,1785578690.6286185,True,True,True,False,1785578640.3820632,False,1,0,0,False
1785430955.7579584,20,1785578700.6029377,37.678721293965054,0.6010780498970015,36.89097428854811,True,37.5,36.5,38.6,0.95,0.05,0.0,0.7,0.03,2,1785578710.630921,True,True,True,False,1785578640.3820632,False,1,0,0,False
1785430955.7579584,20,1785578720.6100447,37.66803997863737,0.6010399023422599,36.88029297322042,True,37.5,36.5,38.6,0.95,0.05,0.0,0.7,0.03,2,1785578730.6380615,True,True,True,False,1785578640.3820632,False,1,0,0,False
1785430955.7579584,20,1785578740.6173878,37.641336690318155,0.601001754787518,36.86427100022888,True,37.5,36.5,38.6,0.95,0.05,0.0,0.7,0.03,2,1785578750.6447155,True,True,True,False,1785578640.3820632,False,1,0,0,False
1785430955.7579584,20,1785578760.6245294,37.62531471732662,0.6008110170138095,36.84290836957351,True,37.5,36.5,38.6,0.95,0.05,0.0,0.7,0.03,2,1785578770.6534457,True,True,True,False,1785578640.3820632,False,1,0,0,False
1785430955.7579584,20,1785578780.6329253,37.617303730830855,0.6011352712291143,36.82154573891813,True,37.5,36.5,38.6,0.95,0.05,0.0,0.7,0.03,2,1785578790.6616147,True,False,True,False,1785578640.3820632,False,1,0,0,False
1785430955.7579584,20,1785578800.64033,37.598611429007406,0.6012306401159685,36.829556725413894,True,37.5,36.5,38.6,0.95,0.05,0.0,0.7,0.03,2,1785578810.6693678,True,True,True,True,1785578820.3820715,False,1,0,0,False
1785430955.7579584,20,1785578820.6469316,37.58793011367972,0.6008491645685511,36.786831464103145,True,37.5,36.5,38.6,0.95,0.05,0.0,0.7,0.03,2,1785578830.6744313,True,True,True,True,1785578820.3820715,False,1,0,0,False
1785430955.7579584,20,1785578840.653315,37.526512550545505,0.6009063859006638,36.79751277943083,True,37.5,36.5,38.6,0.95,0.05,0.0,0.7,0.03,2,1785578850.6817262,True,False,True,False,1785578820.3820715,False,1,0,0,False
1785430955.7579584,20,1785578860.659585,37.52918287937743,0.6009063859006638,36.77080949111162,True,37.5,36.5,38.6,0.95,0.05,0.0,0.7,0.03,2,1785578870.686994,True,True,True,False,1785578820.3820715,False,1,0,0,False
1785430955.7579584,20,1785578880.6660912,37.51049057755398,0.6006393530174716,36.77080949111162,True,37.5,36.5,38.6,0.95,0.05,0.0,0.7,0.03,2,1785578890.6931446,True,False,True,False,1785578820.3820715,False,1,0,0,False
1785430955.7579584,20,1785578900.6724646,37.48645761806668,0.6007728694590676,36.75745784695201,True,37.5,36.5,38.6,0.95,0.05,0.0,0.7,0.03,2,1785578910.6998093,True,True,True,False,1785578820.3820715,False,True,1,0,False
1785430955.7579584,20,1785578920.6787872,37.48645761806668,0.6006393530174716,36.74677653162432,True,37.5,36.5,38.6,0.95,0.05,0.0,0.7,0.03,2,1785578930.7060874,True,True,True,False,1785578820.3820715,False,True,1,0,False
1785430955.7579584,20,1785578940.6851308,37.465094987411305,0.6010589761196308,36.72007324330511,True,37.5,36.5,38.6,0.95,0.05,0.0,0.7,0.03,2,1785578950.7124429,True,True,True,False,1785578820.3820715,False,True,1,0,False
1785430955.7579584,20,1785578960.6914458,37.44907301441978,0.6009636072327764,36.730754558632796,True,37.5,36.5,38.6,0.95,0.05,0.0,0.7,0.03,2,1785578970.7184298,True,True,True,False,1785578820.3820715,False,True,1,0,False
1785430955.7579584,20,1785578980.6978147,37.446402685587856,0.6006965743495841,36.725413900968945,True,37.5,36.5,38.6,0.95,0.05,0.0,0.7,0.03,2,1785578990.7250948,True,False,True,True,1785579000.382087,False,True,1,0,False
1785430955.7579584,20,1785579000.7040489,37.48645761806668,0.6008873121232929,36.706721599145496,True,37.5,36.5,38.6,0.95,0.05,0.0,0.7,0.03,2,1785579010.7314675,True,True,True,True,1785579000.382087,False,True,1,0,False
1785430955.7579584,20,1785579020.7111924,37.470435645075156,0.6008491645685511,36.69069962615396,True,37.5,36.5,38.6,0.95,0.05,0.0,0.7,0.03,2,1785579030.739022,True,True,True,False,1785579000.382087,False,True,1,0,False
1785430955.7579584,20,1785579040.7184253,37.49446860456244,0.6006965743495841,36.72274357213702,True,37.5,36.5,38.6,0.95,0.05,0.0,0.7,0.03,2,1785579050.7458582,True,False,True,False,1785579000.382087,False,True,1,0,False
1785430955.7579584,20,1785579060.7247486,37.48645761806668,0.6008873121232929,36.72274357213702,True,37.5,36.5,38.6,0.95,0.05,0.0,0.7,0.03,2,1785579070.752133,True,False,True,False,1785579000.382087,False,True,1,0,False
1785430955.7579584,20,1785579080.7310934,37.526512550545505,0.6008110170138095,36.706721599145496,True,37.5,36.5,38.6,0.95,0.05,0.0,0.7,0.03,2,1785579090.7588193,True,True,True,False,1785579000.382087,False,1,0,0,False
1785430955.7579584,20,1785579100.7378278,37.53452353704128,0.6008873121232929,36.73609521629663,True,37.5,36.5,38.6,0.95,0.05,0.0,0.7,0.03,2,1785579110.7651234,True,False,True,False,1785579000.382087,False,1,0,0,False
1785430955.7579584,20,1785579120.744113,37.555886167696656,0.6008682383459221,36.75745784695201,True,37.5,36.5,38.6,0.95,0.05,0.0,0.7,0.03,2,1785579130.7710123,True,True,True,False,1785579000.382087,False,1,0,0,False
1785430955.7579584,20,1785579140.7505236,37.52918287937743,0.6006202792401006,36.741435873960484,True,37.5,36.5,38.6,0.95,0.05,0.0,0.7,0.03,2,1785579150.7779033,True,False,True,False,1785579000.382087,False,1,0,0,False
1785430955.7579584,20,1785579160.756965,37.53452353704128,0.6005249103532464,36.74677653162432,True,37.5,36.5,38.6,0.95,0.05,0.0,0.7,0.03,2,1785579170.7838037,True,True,True,True,1785579180.3821068,False,1,0,0,False
1785430955.7579584,20,1785579180.7632227,37.531853208209355,0.6008491645685511,36.74677653162432,True,37.5,36.5,38.6,0.95,0.05,0.0,0.7,0.03,2,1785579190.790334,True,True,True,True,1785579180.3821068,False,1,0,0,False
1785430955.7579584,20,1785579200.7695816,37.50247959105822,0.6006584267948425,36.71740291447318,True,37.5,36.5,38.6,0.95,0.05,0.0,0.7,0.03,2,1785579210.7969427,True,True,True,False,1785579180.3821068,False,1,0,0,False
1785430955.7579584,20,1785579220.7758927,37.507820248722055,0.601001754787518,36.706721599145496,True,37.5,36.5,38.6,0.95,0.05,0.0,0.7,0.03,2,1785579230.8028514,True,True,True,False,1785579180.3821068,False,1,0,0,False
1785430955.7579584,20,1785579240.7822962,37.47310597390707,0.6008110170138095,36.701380941481645,True,37.5,36.5,38.6,0.95,0.05,0.0,0.7,0.03,2,1785579250.8096268,True,True,True,False,1785579180.3821068,False,True,1,0,False
1785430955.7579584,20,1785579260.7885797,37.45441367208362,0.6004104676890212,36.67467765316243,True,37.5,36.5,38.6,0.95,0.05,0.0,0.7,0.03,2,1785579270.8158917,True,True,True,False,1785579180.3821068,False,True,1,0,False
1785430955.7579584,20,1785579280.794833,37.45174334325169,0.6006584267948425,36.663996337834746,True,37.5,36.5,38.6,0.95,0.05,0.0,0.7,0.03,2,1785579290.8217971,True,True,True,False,1785579180.3821068,False,True,1,0,False
1785430955.7579584,20,1785579300.8011909,37.438391699092094,0.6005249103532464,36.69336995498588,True,37.5,36.5,38.6,0.95,0.05,0.0,0.7,0.03,2,1785579310.8286822,True,True,True,False,1785579180.3821068,False,True,1,0,False
1785430955.7579584,20,1785579320.80742,37.438391699092094,0.6004676890211337,36.67734798199436,True,37.5,36.5,38.6,0.95,0.05,0.0,0.7,0.03,2,1785579330.8347504,True,True,True,False,1785579180.3821068,False,True,1,0,False
1785430955.7579584,20,1785579340.8137445,37.45975432974747,0.6005249103532464,36.682688639658195,True,37.5,36.5,38.6,0.95,0.05,0.0,0.7,0.03,2,1785579350.841107,True,False,True,True,1785579360.3821228,False,True,1,0,False
1785430955.7579584,20,1785579360.820055,37.47577630273899,0.6006202792401006,36.67200732433051,True,37.5,36.5,38.6,0.95,0.05,0.0,0.7,0.03,2,1785579370.8474257,True,True,True,True,1785579360.3821228,False,True,1,0,False
1785430955.7579584,20,1785579380.8264735,37.489127946898606,0.6004676890211337,36.688029297322046,True,37.5,36.5,38.6,0.95,0.05,0.0,0.7,0.03,2,1785579390.8538477,True,True,True,False,1785579360.3821228,False,True,1,0,False
1785430955.7579584,20,1785579400.8328087,37.50247959105822,0.6011161974517434,36.69604028381781,True,37.5,36.5,38.6,0.95,0.05,0.0,0.7,0.03,2,1785579410.859794,True,True,True,False,1785579360.3821228,False,1,0,0,False
1785430955.7579584,20,1785579420.8390675,37.53452353704128,0.6006393530174716,36.69069962615396,True,37.5,36.5,38.6,0.95,0.05,0.0,0.7,0.03,2,1785579430.8673456,True,False,True,False,1785579360.3821228,False,1,0,0,False
1785430955.7579584,20,1785579440.8463857,37.53719386587319,0.6007156481269551,36.71740291447318,True,37.5,36.5,38.6,0.95,0.05,0.0,0.7,0.03,2,1785579450.8768072,True,False,True,False,1785579360.3821228,False,1,0,0,False
1785430955.7579584,20,1785579460.8550882,37.550545510032805,0.6008682383459221,36.72274357213702,True,37.5,36.5,38.6,0.95,0.05,0.0,0.7,0.03,2,1785579470.883842,True,True,True,False,1785579360.3821228,False,1,0,0,False
1785430955.7579584,20,1785579480.8633566,37.526512550545505,0.6007537956816968,36.68535896849012,True,37.5,36.5,38.6,0.95,0.05,0.0,0.7,0.03,2,1785579490.892029,True,True,True,False,1785579360.3821228,False,1,0,0,False
1785430955.7579584,20,1785579500.871352,37.49713893339437,0.6006584267948425,36.69336995498588,True,37.5,36.5,38.6,0.95,0.05,0.0,0.7,0.03,2,1785579510.900203,True,True,True,False,1785579360.3821228,False,True,1,0,False
1785430955.7579584,20,1785579520.8792543,37.507820248722055,0.6006393530174716,36.698710612649734,True,37.5,36.5,38.6,0.95,0.05,0.0,0.7,0.03,2,1785579530.9081836,True,True,True,True,1785579540.3821282,False,1,0,0,False
1785430955.7579584,20,1785579540.8873813,37.48645761806668,0.6006012054627299,36.70939192797742,True,37.5,36.5,38.6,0.95,0.05,0.0,0.7,0.03,2,1785579550.9158304,True,False,True,True,1785579540.3821282,False,True,1,0,False
1785430955.7579584,20,1785579560.895473,37.470435645075156,0.6006584267948425,36.688029297322046,True,37.5,36.5,38.6,0.95,0.05,0.0,0.7,0.03,2,1785579570.9243295,True,True,True,False,1785579540.3821282,False,True,1,0,False
1785430955.7579584,20,1785579580.903549,37.47310597390707,0.6005249103532464,36.66666666666667,True,37.5,36.5,38.6,0.95,0.05,0.0,0.7,0.03,2,1785579590.9316542,True,True,True,False,1785579540.3821282,False,True,1,0,False
1785430955.7579584,20,1785579600.9107533,37.45975432974747,0.6003341725795377,36.663996337834746,True,37.5,36.5,38.6,0.95,0.05,0.0,0.7,0.03,2,1785579610.9380567,True,True,True,False,1785579540.3821282,False,True,1,0,False
1785430955.7579584,20,1785579620.9171386,37.45975432974747,0.6005249103532464,36.68001831082627,True,37.5,36.5,38.6,0.95,0.05,0.0,0.7,0.03,2,1785579630.9439785,True,True,True,False,1785579540.3821282,False,True,1,0,False
1785430955.7579584,20,1785579640.9240484,37.47310597390707,0.6006012054627299,36.66933699549858,True,37.5,36.5,38.6,0.95,0.05,0.0,0.7,0.03,2,1785579650.95247,True,True,True,False,1785579540.3821282,False,True,1,0,False
1785430955.7579584,20,1785579660.9312503,37.47577630273899,0.6004104676890212,36.68001831082627,True,37.5,36.5,38.6,0.95,0.05,0.0,0.7,0.03,2,1785579670.9584439,True,False,True,False,1785579540.3821282,False,True,1,0,False
1785430955.7579584,20,1785579680.9375353,37.483787289234755,0.6002769512474251,36.68535896849012,True,37.5,36.5,38.6,0.95,0.05,0.0,0.7,0.03,2,1785579690.9649262,True,True,True,False,1785579540.3821282,False,True,1,0,False
1785430955.7579584,20,1785579700.9438136,37.50247959105822,0.6004486152437629,36.69336995498588,True,37.5,36.5,38.6,0.95,0.05,0.0,0.7,0.03,2,1785579710.972126,True,False,True,True,1785579720.3821435,False,1,0,0,False
1785430955.7579584,20,1785579720.9501853,37.53452353704128,0.600582131685359,36.688029297322046,True,37.5,36.5,38.6,0.95,0.05,0.0,0.7,0.03,2,1785579730.9783666,True,True,True,True,1785579720.3821435,False,1,0,0,False
1785430955.7579584,20,1785579740.9575882,37.53452353704128,0.6006202792401006,36.69336995498588,True,37.5,36.5,38.6,0.95,0.05,0.0,0.7,0.03,2,1785579750.987794,True,True,True,False,1785579720.3821435,False,1,0,0,False
1785430955.7579584,20,1785579760.964781,37.550545510032805,0.6003150988021667,36.72007324330511,True,37.5,36.5,38.6,0.95,0.05,0.0,0.7,0.03,2,1785579770.995424,True,False,True,False,1785579720.3821435,False,1,0,0,False
1785430955.7579584,20,1785579780.970963,37.53719386587319,0.6005249103532464,36.72007324330511,True,37.5,36.5,38.6,0.95,0.05,0.0,0.7,0.03,2,1785579790.9984727,True,False,True,False,1785579720.3821435,False,1,0,0,False
1785430955.7579584,20,1785579800.9784207,37.56122682536049,0.6006775005722134,36.701380941481645,True,37.5,36.5,38.6,0.95,0.05,0.0,0.7,0.03,2,1785579811.0073328,True,False,True,False,1785579720.3821435,False,1,0,0,False
1785430955.7579584,20,1785579820.9866254,37.52384222171359,0.6006584267948425,36.701380941481645,True,37.5,36.5,38.6,0.95,0.05,0.0,0.7,0.03,2,1785579831.015277,True,True,True,False,1785579720.3821435,False,1,0,0,False
1785430955.7579584,20,1785579840.9946527,37.50514991989013,0.6004486152437629,36.701380941481645,True,37.5,36.5,38.6,0.95,0.05,0.0,0.7,0.03,2,1785579851.0239706,True,False,True,False,1785579720.3821435,False,1,0,0,False
1785430955.7579584,20,1785579861.002844,37.45975432974747,0.6003341725795377,36.706721599145496,True,37.5,36.5,38.6,0.95,0.05,0.0,0.7,0.03,2,1785579871.0314877,True,False,True,False,1785579720.3821435,False,True,1,0,False
1785430955.7579584,20,1785579881.0106876,37.45174334325169,0.600296025024796,36.663996337834746,True,37.5,36.5,38.6,0.95,0.05,0.0,0.7,0.03,2,1785579891.0393715,True,True,True,True,1785579900.3821762,False,True,1,0,False
1785430955.7579584,20,1785579901.0187902,37.43305104142824,0.6003913939116502,36.65064469367513,True,37.5,36.5,38.6,0.95,0.05,0.0,0.7,0.03,2,1785579911.0478761,True,True,True,True,1785579900.3821762,False,True,1,0,False
1785430955.7579584,20,1785579921.0268917,37.43305104142824,0.6003341725795377,36.66132600900282,True,37.5,36.5,38.6,0.95,0.05,0.0,0.7,0.03,2,1785579931.05585,True,True,True,False,1785579900.3821762,False,True,1,0,False
1785430955.7579584,20,1785579941.0350802,37.438391699092094,0.6001243610284581,36.62928206301976,True,37.5,36.5,38.6,0.95,0.05,0.0,0.7,0.03,2,1785579951.0630918,True,True,True,False,1785579900.3821762,False,True,1,0,False
1785430955.7579584,20,1785579961.043166,37.45441367208362,0.6001625085831997,36.655985351338984,True,37.5,36.5,38.6,0.95,0.05,0.0,0.7,0.03,2,1785579971.0721958,True,True,True,False,1785579900.3821762,False,True,1,0,False
1785430955.7579584,20,1785579981.0505538,37.45708400091554,0.6003913939116502,36.65064469367513,True,37.5,36.5,38.6,0.95,0.05,0.0,0.7,0.03,2,1785579991.0777218,True,False,True,False,1785579900.3821762,False,True,1,0,False
1785430955.7579584,20,1785580001.0569038,37.45975432974747,0.600296025024796,36.64797436484321,True,37.5,36.5,38.6,0.95,0.05,0.0,0.7,0.03,2,1785580011.084305,True,False,True,False,1785579900.3821762,False,True,1,0,False
1785430955.7579584,20,1785580021.0632792,37.49713893339437,0.6003150988021667,36.65331502250706,True,37.5,36.5,38.6,0.95,0.05,0.0,0.7,0.03,2,1785580031.090764,True,True,True,False,1785579900.3821762,False,True,1,0,False
1785430955.7579584,20,1785580041.0697095,37.50514991989013,0.600582131685359,36.65331502250706,True,37.5,36.5,38.6,0.95,0.05,0.0,0.7,0.03,2,1785580051.0969293,True,False,True,False,1785579900.3821762,False,1,0,0,False
1785430955.7579584,20,1785580061.0763023,37.513160906385906,0.6002769512474251,36.67467765316243,True,37.5,36.5,38.6,0.95,0.05,0.0,0.7,0.03,2,1785580071.1036131,True,True,True,True,1785580080.3821938,False,1,0,0,False
1785430955.7579584,20,1785580081.0826116,37.54253452353704,0.6003150988021667,36.69069962615396,True,37.5,36.5,38.6,0.95,0.05,0.0,0.7,0.03,2,1785580091.1100476,True,True,True,True,1785580080.3821938,False,1,0,0,False
1785430955.7579584,20,1785580101.088973,37.513160906385906,0.600296025024796,36.70405127031357,True,37.5,36.5,38.6,0.95,0.05,0.0,0.7,0.03,2,1785580111.1163847,True,False,True,False,1785580080.3821938,False,1,0,0,False
1785430955.7579584,20,1785580121.0953264,37.51850156404974,0.6002769512474251,36.69336995498588,True,37.5,36.5,38.6,0.95,0.05,0.0,0.7,0.03,2,1785580131.1225939,True,False,True,False,1785580080.3821938,False,1,0,0,False
1785430955.7579584,20,1785580141.1025822,37.52384222171359,0.600143434805829,36.682688639658195,True,37.5,36.5,38.6,0.95,0.05,0.0,0.7,0.03,2,1785580151.1313481,True,False,True,False,1785580080.3821938,False,1,0,0,False
1785430955.7579584,20,1785580161.1106014,37.50247959105822,0.6003723201342794,36.698710612649734,True,37.5,36.5,38.6,0.95,0.05,0.0,0.7,0.03,2,1785580171.139244,True,True,True,False,1785580080.3821938,False,1,0,0,False
1785430955.7579584,20,1785580181.1197193,37.483787289234755,0.6003150988021667,36.67734798199436,True,37.5,36.5,38.6,0.95,0.05,0.0,0.7,0.03,2,1785580191.1475945,True,False,True,False,1785580080.3821938,False,True,1,0,False
1785430955.7579584,20,1785580201.1269903,37.470435645075156,0.6003341725795377,36.64797436484321,True,37.5,36.5,38.6,0.95,0.05,0.0,0.7,0.03,2,1785580211.1540306,True,True,True,False,1785580080.3821938,False,True,1,0,False
1785430955.7579584,20,1785580221.1341393,37.470435645075156,0.6001815823605707,36.66933699549858,True,37.5,36.5,38.6,0.95,0.05,0.0,0.7,0.03,2,1785580231.1626232,True,True,True,False,1785580080.3821938,False,True,1,0,False
1785430955.7579584,20,1785580241.1416898,37.47844663157092,0.6000862134737163,36.658655680170895,True,37.5,36.5,38.6,0.95,0.05,0.0,0.7,0.03,2,1785580251.17151,True,False,True,True,1785580260.3822062,False,True,1,0,False
1785430955.7579584,20,1785580261.1481311,37.48645761806668,0.6000480659189746,36.663996337834746,True,37.5,36.5,38.6,0.95,0.05,0.0,0.7,0.03,2,1785580271.1764445,True,True,True,True,1785580260.3822062,False,True,1,0,False
1785430955.7579584,20,1785580281.1555033,37.50514991989013,0.6005058365758755,36.663996337834746,True,37.5,36.5,38.6,0.95,0.05,0.0,0.7,0.03,2,1785580291.1839166,True,False,True,False,1785580260.3822062,False,1,0,0,False
1785430955.7579584,20,1785580301.1626756,37.507820248722055,0.600296025024796,36.66666666666667,True,37.5,36.5,38.6,0.95,0.05,0.0,0.7,0.03,2,1785580311.1901104,True,False,True,False,1785580260.3822062,False,1,0,0,False
1785430955.7579584,20,1785580321.1691294,37.50247959105822,0.6001052872510872,36.682688639658195,True,37.5,36.5,38.6,0.95,0.05,0.0,0.7,0.03,2,1785580331.1964443,True,False,True,False,1785580260.3822062,False,1,0,0,False
1785430955.7579584,20,1785580341.1754372,37.49713893339437,0.6004486152437629,36.67200732433051,True,37.5,36.5,38.6,0.95,0.05,0.0,0.7,0.03,2,1785580351.2025287,True,False,True,False,1785580260.3822062,False,True,1,0,False
1785430955.7579584,20,1785580361.1825454,37.481116960402844,0.6001625085831997,36.66666666666667,True,37.5,36.5,38.6,0.95,0.05,0.0,0.7,0.03,2,1785580371.2106779,True,True,True,False,1785580260.3822062,False,True,1,0,False
1785430955.7579584,20,1785580381.1899858,37.489127946898606,0.6003532463569086,36.655985351338984,True,37.5,36.5,38.6,0.95,0.05,0.0,0.7,0.03,2,1785580391.217434,True,False,True,False,1785580260.3822062,False,True,1,0,False
1785430955.7579584,20,1785580401.1963732,37.50247959105822,0.6001243610284581,36.65331502250706,True,37.5,36.5,38.6,0.95,0.05,0.0,0.7,0.03,2,1785580411.2236655,True,False,True,False,1785580260.3822062,False,1,0,0,False
1785430955.7579584,20,1785580421.2026386,37.48645761806668,0.600296025024796,36.69069962615396,True,37.5,36.5,38.6,0.95,0.05,0.0,0.7,0.03,2,1785580431.2297256,True,True,True,True,1785580440.382231,False,True,1,0,False
1785430955.7579584,20,1785580441.2089229,37.51049057755398,0.6002006561379416,36.68001831082627,True,37.5,36.5,38.6,0.95,0.05,0.0,0.7,0.03,2,1785580451.2362185,True,True,True,True,1785580440.382231,False,1,0,0,False
1785430955.7579584,20,1785580461.2151942,37.50247959105822,0.6001625085831997,36.68001831082627,True,37.5,36.5,38.6,0.95,0.05,0.0,0.7,0.03,2,1785580471.2425504,True,True,True,False,1785580440.382231,False,1,0,0,False
1785430955.7579584,20,1785580481.2215462,37.489127946898606,0.6000480659189746,36.663996337834746,True,37.5,36.5,38.6,0.95,0.05,0.0,0.7,0.03,2,1785580491.248485,True,False,True,False,1785580440.382231,False,True,1,0,False
1785430955.7579584,20,1785580501.2277398,37.48645761806668,0.600429541466392,36.66132600900282,True,37.5,36.5,38.6,0.95,0.05,0.0,0.7,0.03,2,1785580511.2550907,True,False,True,False,1785580440.382231,False,True,1,0,False
1785430955.7579584,20,1785580521.2373977,37.50247959105822,0.6000671396963455,36.688029297322046,True,37.5,36.5,38.6,0.95,0.05,0.0,0.7,0.03,2,1785580531.2685044,True,True,True,False,1785580440.382231,False,1,0,0,False
1785430955.7579584,20,1785580541.2477646,37.53452353704128,0.5999526970321202,36.67734798199436,True,37.5,36.5,38.6,0.95,0.05,0.0,0.7,0.03,2,1785580551.2751937,True,True,True,False,1785580440.382231,False,1,0,0,False
1785430955.7579584,20,1785580561.2542083,37.507820248722055,0.6001052872510872,36.67734798199436,True,37.5,36.5,38.6,0.95,0.05,0.0,0.7,0.03,2,1785580571.2816033,True,True,True,False,1785580440.382231,False,1,0,0,False
1785430955.7579584,20,1785580581.2606156,37.49980926222629,0.6003532463569086,36.67200732433051,True,37.5,36.5,38.6,0.95,0.05,0.0,0.7,0.03,2,1785580591.287954,True,True,True,False,1785580440.382231,False,True,1,0,False
1785430955.7579584,20,1785580601.266902,37.52384222171359,0.600143434805829,36.66933699549858,True,37.5,36.5,38.6,0.95,0.05,0.0,0.7,0.03,2,1785580611.2942264,True,False,True,True,1785580620.3822472,False,1,0,0,False
1785430955.7579584,20,1785580621.2732396,37.481116960402844,0.6002006561379416,36.68535896849012,True,37.5,36.5,38.6,0.95,0.05,0.0,0.7,0.03,2,1785580631.300667,True,True,True,True,1785580620.3822472,False,True,1,0,False
1785430955.7579584,20,1785580641.279645,37.49980926222629,0.5998573281452658,36.67467765316243,True,37.5,36.5,38.6,0.95,0.05,0.0,0.7,0.03,2,1785580651.3069959,True,True,True,False,1785580620.3822472,False,True,1,0,False
1785430955.7579584,20,1785580661.2867568,37.49713893339437,0.5999336232547493,36.64797436484321,True,37.5,36.5,38.6,0.95,0.05,0.0,0.7,0.03,2,1785580671.3161628,True,True,True,False,1785580620.3822472,False,True,1,0,False
1785430955.7579584,20,1785580681.294924,37.483787289234755,0.6000862134737163,36.64263370717937,True,37.5,36.5,38.6,0.95,0.05,0.0,0.7,0.03,2,1785580691.3252132,True,True,True,False,1785580620.3822472,False,True,1,0,False
1785430955.7579584,20,1785580701.3031833,37.49179827573053,0.6002578774700542,36.682688639658195,True,37.5,36.5,38.6,0.95,0.05,0.0,0.7,0.03,2,1785580711.331171,True,False,True,False,1785580620.3822472,False,True,1,0,False
1785430955.7579584,20,1785580721.3110297,37.507820248722055,0.6001052872510872,36.6453040360113,True,37.5,36.5,38.6,0.95,0.05,0.0,0.7,0.03,2,1785580731.339812,True,True,True,False,1785580620.3822472,False,1,0,0,False
1785430955.7579584,20,1785580741.3191414,37.507820248722055,0.6002578774700542,36.67200732433051,True,37.5,36.5,38.6,0.95,0.05,0.0,0.7,0.03,2,1785580751.3477013,True,True,True,False,1785580620.3822472,False,1,0,0,False
1785430955.7579584,20,1785580761.3272295,37.51850156404974,0.6003913939116502,36.67200732433051,True,37.5,36.5,38.6,0.95,0.05,0.0,0.7,0.03,2,1785580771.355643,True,False,True,False,1785580620.3822472,False,1,0,0,False
1785430955.7579584,20,1785580781.334658,37.55321583886473,0.6002769512474251,36.67200732433051,True,37.5,36.5,38.6,0.95,0.05,0.0,0.7,0.03,2,1785580791.3619452,True,True,True,True,1785580800.3822818,False,1,0,0,False
1785430955.7579584,20,1785580801.3409917,37.53986419470512,0.6001052872510872,36.68001831082627,True,37.5,36.5,38.6,0.95,0.05,0.0,0.7,0.03,2,1785580811.3679636,True,False,True,True,1785580800.3822818,False,1,0,0,False
1785430955.7579584,20,1785580821.3472576,37.51850156404974,0.6001243610284581,36.69069962615396,True,37.5,36.5,38.6,0.95,0.05,0.0,0.7,0.03,2,1785580831.3742478,True,False,True,False,1785580800.3822818,False,1,0,0,False
1785430955.7579584,20,1785580841.3536413,37.51049057755398,0.6003723201342794,36.66933699549858,True,37.5,36.5,38.6,0.95,0.05,0.0,0.7,0.03,2,1785580851.381296,True,True,True,False,1785580800.3822818,False,1,0,0,False
1785430955.7579584,20,1785580861.3599763,37.47577630273899,0.6002388036926832,36.658655680170895,True,37.5,36.5,38.6,0.95,0.05,0.0,0.7,0.03,2,1785580871.3873496,True,False,True,False,1785580800.3822818,False,True,1,0,False
1785430955.7579584,20,1785580881.366337,37.483787289234755,0.5998573281452658,36.65331502250706,True,37.5,36.5,38.6,0.95,0.05,0.0,0.7,0.03,2,1785580891.39446,True,False,True,False,1785580800.3822818,False,True,1,0,False
1785430955.7579584,20,1785580901.3737156,37.470435645075156,0.5998382543678951,36.66132600900282,True,37.5,36.5,38.6,0.95,0.05,0.0,0.7,0.03,2,1785580911.4024465,True,True,True,False,1785580800.3822818,False,True,1,0,False
1785430955.7579584,20,1785580921.3808987,37.481116960402844,0.5999145494773785,36.67200732433051,True,37.5,36.5,38.6,0.95,0.05,0.0,0.7,0.03,2,1785580931.4077828,True,False,True,False,1785580800.3822818,False,True,1,0,False
1785430955.7579584,20,1785580941.3871634,37.481116960402844,0.6000862134737163,36.67200732433051,True,37.5,36.5,38.6,0.95,0.05,0.0,0.7,0.03,2,1785580951.4165168,True,False,True,False,1785580800.3822818,False,True,1,0,False
1785430955.7579584,20,1785580961.3934972,37.47577630273899,0.5999145494773785,36.655985351338984,True,37.5,36.5,38.6,0.95,0.05,0.0,0.7,0.03,2,1785580971.4208348,True,True,True,True,1785580980.382304,False,True,1,0,False
1785430955.7579584,20,1785580981.3997452,37.489127946898606,0.6002006561379416,36.655985351338984,True,37.5,36.5,38.6,0.95,0.05,0.0,0.7,0.03,2,1785580991.4298222,True,False,True,True,1785580980.382304,False,True,1,0,False
1785430955.7579584,20,1785581001.4060657,37.50247959105822,0.6001243610284581,36.65331502250706,True,37.5,36.5,38.6,0.95,0.05,0.0,0.7,0.03,2,1785581011.437804,True,True,True,False,1785580980.382304,False,1,0,0,False
1785430955.7579584,20,1785581021.4125135,37.51850156404974,0.6003150988021667,36.66933699549858,True,37.5,36.5,38.6,0.95,0.05,0.0,0.7,0.03,2,1785581031.4458025,True,False,True,False,1785580980.382304,False,1,0,0,False
1785430955.7579584,20,1785581041.4187703,37.51583123521782,0.6003341725795377,36.658655680170895,True,37.5,36.5,38.6,0.95,0.05,0.0,0.7,0.03,2,1785581051.4463093,True,False,True,False,1785580980.382304,False,1,0,0,False
1785430955.7579584,20,1785581061.4255111,37.52918287937743,0.6000862134737163,36.66933699549858,True,37.5,36.5,38.6,0.95,0.05,0.0,0.7,0.03,2,1785581071.455321,True,True,True,False,1785580980.382304,False,1,0,0,False
1785430955.7579584,20,1785581081.4319499,37.489127946898606,0.5999336232547493,36.658655680170895,True,37.5,36.5,38.6,0.95,0.05,0.0,0.7,0.03,2,1785581091.4613812,True,False,True,False,1785580980.382304,False,True,1,0,False
1785430955.7579584,20,1785581101.4386783,37.49713893339437,0.5997238117036697,36.682688639658195,True,37.5,36.5,38.6,0.95,0.05,0.0,0.7,0.03,2,1785581111.468443,True,False,True,False,1785580980.382304,False,True,1,0,False
1785430955.7579584,20,1785581121.4453025,37.50247959105822,0.5999145494773785,36.655985351338984,True,37.5,36.5,38.6,0.95,0.05,0.0,0.7,0.03,2,1785581131.4742901,True,True,True,False,1785580980.382304,False,1,0,0,False
1785430955.7579584,20,1785581141.4523883,37.48645761806668,0.5998001068131532,36.655985351338984,True,37.5,36.5,38.6,0.95,0.05,0.0,0.7,0.03,2,1785581151.4794884,True,False,True,True,1785581160.3823311,False,True,1,0,False
1785430955.7579584,20,1785581161.4586716,37.465094987411305,0.5998001068131532,36.66666666666667,True,37.5,36.5,38.6,0.95,0.05,0.0,0.7,0.03,2,1785581171.4861174,True,True,True,True,1785581160.3823311,False,True,1,0,False
1785430955.7579584,20,1785581181.4650133,37.45174334325169,0.5998382543678951,36.6453040360113,True,37.5,36.5,38.6,0.95,0.05,0.0,0.7,0.03,2,1785581191.4939306,True,True,True,False,1785581160.3823311,False,True,1,0,False
1785430955.7579584,20,1785581201.4713428,37.481116960402844,0.5999145494773785,36.63729304951552,True,37.5,36.5,38.6,0.95,0.05,0.0,0.7,0.03,2,1785581211.499723,True,True,True,False,1785581160.3823311,False,True,1,0,False
1785430955.7579584,20,1785581221.4776585,37.470435645075156,0.600143434805829,36.64797436484321,True,37.5,36.5,38.6,0.95,0.05,0.0,0.7,0.03,2,1785581231.5050557,True,False,True,False,1785581160.3823311,False,True,1,0,False
1785430955.7579584,20,1785581241.483998,37.489127946898606,0.5997810330357823,36.65331502250706,True,37.5,36.5,38.6,0.95,0.05,0.0,0.7,0.03,2,1785581251.51138,True,True,True,False,1785581160.3823311,False,True,1,0,False
1785430955.7579584,20,1785581261.5025032,37.52384222171359,0.600143434805829,36.658655680170895,True,37.5,36.5,38.6,0.95,0.05,0.0,0.7,0.03,2,1785581271.53929,True,True,True,False,1785581160.3823311,False,1,0,0,False
1785430955.7579584,20,1785581281.5186272,37.49980926222629,0.5998001068131532,36.67467765316243,True,37.5,36.5,38.6,0.95,0.05,0.0,0.7,0.03,2,1785581291.5460267,True,False,True,False,1785581160.3823311,False,True,1,0,False
1785430955.7579584,20,1785581301.524967,37.52384222171359,0.5997238117036697,36.69336995498588,True,37.5,36.5,38.6,0.95,0.05,0.0,0.7,0.03,2,1785581311.5523162,True,True,True,False,1785581160.3823311,False,1,0,0,False
1785430955.7579584,20,1785581321.5311863,37.53452353704128,0.5997428854810407,36.682688639658195,True,37.5,36.5,38.6,0.95,0.05,0.0,0.7,0.03,2,1785581331.5588188,True,True,True,True,1785581340.3823633,False,1,0,0,False
1785430955.7579584,20,1785581341.5384586,37.555886167696656,0.5996475165941862,36.70939192797742,True,37.5,36.5,38.6,0.95,0.05,0.0,0.7,0.03,2,1785581351.5663724,True,True,True,True,1785581340.3823633,False,1,0,0,False
1785430955.7579584,20,1785581361.545549,37.550545510032805,0.5999336232547493,36.682688639658195,True,37.5,36.5,38.6,0.95,0.05,0.0,0.7,0.03,2,1785581371.5728512,True,False,True,False,1785581340.3823633,False,1,0,0,False
1785430955.7579584,20,1785581381.5526445,37.51583123521782,0.5999336232547493,36.69336995498588,True,37.5,36.5,38.6,0.95,0.05,0.0,0.7,0.03,2,1785581391.5810013,True,False,True,False,1785581340.3823633,False,1,0,0,False
1785430955.7579584,20,1785581401.5599363,37.49713893339437,0.5998764019226367,36.663996337834746,True,37.5,36.5,38.6,0.95,0.05,0.0,0.7,0.03,2,1785581411.5868502,True,False,True,False,1785581340.3823633,False,True,1,0,False
1785430955.7579584,20,1785581421.5662825,37.49179827573053,0.5996856641489281,36.66933699549858,True,37.5,36.5,38.6,0.95,0.05,0.0,0.7,0.03,2,1785581431.5937333,True,True,True,False,1785581340.3823633,False,True,1,0,False
1785430955.7579584,20,1785581441.5727198,37.49446860456244,0.5999336232547493,36.66933699549858,True,37.5,36.5,38.6,0.95,0.05,0.0,0.7,0.03,2,1785581451.5997095,True,False,True,False,1785581340.3823633,False,True,1,0,False
1785430955.7579584,20,1785581461.5790045,37.48645761806668,0.5997428854810407,36.64263370717937,True,37.5,36.5,38.6,0.95,0.05,0.0,0.7,0.03,2,1785581471.6070502,True,True,True,False,1785581340.3823633,False,True,1,0,False
1785430955.7579584,20,1785581481.5861385,37.489127946898606,0.5996856641489281,36.663996337834746,True,37.5,36.5,38.6,0.95,0.05,0.0,0.7,0.03,2,1785581491.6147237,True,True,True,False,1785581340.3823633,False,True,1,0,False
1785430955.7579584,20,1785581501.594261,37.50247959105822,0.5999145494773785,36.67200732433051,True,37.5,36.5,38.6,0.95,0.05,0.0,0.7,0.03,2,1785581511.6228766,True,False,True,True,1785581520.3823934,False,1,0,0,False
1785430955.7579584,20,1785581521.6014194,37.48645761806668,0.5996665903715572,36.655985351338984,True,37.5,36.5,38.6,0.95,0.05,0.0,0.7,0.03,2,1785581531.6287513,True,True,True,True,1785581520.3823934,False,True,1,0,False
1785430955.7579584,20,1785581541.6076083,37.507820248722055,0.5998191805905242,36.655985351338984,True,37.5,36.5,38.6,0.95,0.05,0.0,0.7,0.03,2,1785581551.6346002,True,True,True,False,1785581520.3823934,False,1,0,0,False
1785430955.7579584,20,1785581561.6139226,37.49179827573053,0.5996665903715572,36.682688639658195,True,37.5,36.5,38.6,0.95,0.05,0.0,0.7,0.03,2,1785581571.6414094,True,False,True,False,1785581520.3823934,False,True,1,0,False
1785430955.7579584,20,1785581581.6201792,37.51049057755398,0.5994186312657358,36.69336995498588,True,37.5,36.5,38.6,0.95,0.05,0.0,0.7,0.03,2,1785581591.6474571,True,False,True,False,1785581520.3823934,False,1,0,0,False
1785430955.7579584,20,1785581601.6267064,37.481116960402844,0.6000289921416038,36.66933699549858,True,37.5,36.5,38.6,0.95,0.05,0.0,0.7,0.03,2,1785581611.6540635,True,True,True,False,1785581520.3823934,False,True,1,0,False
1785430955.7579584,20,1785581621.6330717,37.49713893339437,0.5997619592584116,36.66933699549858,True,37.5,36.5,38.6,0.95,0.05,0.0,0.7,0.03,2,1785581631.6603863,True,True,True,False,1785581520.3823934,False,True,1,0,False
1785430955.7579584,20,1785581641.639324,37.49446860456244,0.5997238117036697,36.658655680170895,True,37.5,36.5,38.6,0.95,0.05,0.0,0.7,0.03,2,1785581651.6666226,True,True,True,False,1785581520.3823934,False,True,1,0,False
1785430955.7579584,20,1785581661.6457338,37.49713893339437,0.5997619592584116,36.65331502250706,True,37.5,36.5,38.6,0.95,0.05,0.0,0.7,0.03,2,1785581671.6731431,True,False,True,False,1785581520.3823934,False,True,1,0,False
1785430955.7579584,20,1785581681.652111,37.49446860456244,0.6002197299153125,36.67467765316243,True,37.5,36.5,38.6,0.95,0.05,0.0,0.7,0.03,2,1785581691.6794255,True,False,True,True,1785581700.38241,False,True,1,0,False
1785430955.7579584,20,1785581701.6584418,37.507820248722055,0.5997047379262989,36.682688639658195,True,37.5,36.5,38.6,0.95,0.05,0.0,0.7,0.03,2,1785581711.685794,True,False,True,True,1785581700.38241,False,1,0,0,False
1785430955.7579584,20,1785581721.664775,37.48645761806668,0.5994377050431068,36.682688639658195,True,37.5,36.5,38.6,0.95,0.05,0.0,0.7,0.03,2,1785581731.6920543,True,True,True,False,1785581700.38241,False,True,1,0,False
1785430955.7579584,20,1785581741.6717806,37.52384222171359,0.599990844586862,36.698710612649734,True,37.5,36.5,38.6,0.95,0.05,0.0,0.7,0.03,2,1785581751.7011707,True,True,True,False,1785581700.38241,False,1,0,0,False
1785430955.7579584,20,1785581761.6805542,37.53452353704128,0.5997047379262989,36.688029297322046,True,37.5,36.5,38.6,0.95,0.05,0.0,0.7,0.03,2,1785581771.7093232,True,False,True,False,1785581700.38241,False,1,0,0,False
1785430955.7579584,20,1785581781.6887,37.52117189288167,0.5998573281452658,36.70939192797742,True,37.5,36.5,38.6,0.95,0.05,0.0,0.7,0.03,2,1785581791.7182426,True,True,True,False,1785581700.38241,False,1,0,0,False
1785430955.7579584,20,1785581801.6958249,37.52384222171359,0.5997238117036697,36.701380941481645,True,37.5,36.5,38.6,0.95,0.05,0.0,0.7,0.03,2,1785581811.7227468,True,False,True,False,1785581700.38241,False,1,0,0,False
1785430955.7579584,20,1785581821.7031114,37.49713893339437,0.5996475165941862,36.68535896849012,True,37.5,36.5,38.6,0.95,0.05,0.0,0.7,0.03,2,1785581831.7310362,True,False,True,False,1785581700.38241,False,True,1,0,False
1785430955.7579584,20,1785581841.7103603,37.49980926222629,0.5997238117036697,36.66933699549858,True,37.5,36.5,38.6,0.95,0.05,0.0,0.7,0.03,2,1785581851.7377682,True,True,True,False,1785581700.38241,False,True,1,0,False
1785430955.7579584,20,1785581861.7167377,37.48645761806668,0.5995521477073319,36.65331502250706,True,37.5,36.5,38.6,0.95,0.05,0.0,0.7,0.03,2,1785581871.7440875,True,False,True,True,1785581880.3824406,False,True,1,0,False
1785430955.7579584,20,1785581881.7229896,37.47310597390707,0.5997238117036697,36.66933699549858,True,37.5,36.5,38.6,0.95,0.05,0.0,0.7,0.03,2,1785581891.7497556,True,False,True,True,1785581880.3824406,False,True,1,0,False
1785430955.7579584,20,1785581901.7300336,37.48645761806668,0.5997810330357823,36.682688639658195,True,37.5,36.5,38.6,0.95,0.05,0.0,0.7,0.03,2,1785581911.7579134,True,True,True,False,1785581880.3824406,False,True,1,0,False
1785430955.7579584,20,1785581921.7373455,37.465094987411305,0.5998001068131532,36.66132600900282,True,37.5,36.5,38.6,0.95,0.05,0.0,0.7,0.03,2,1785581931.7647455,True,False,True,False,1785581880.3824406,False,True,1,0,False
1785430955.7579584,20,1785581941.743701,37.50247959105822,0.5998191805905242,36.66132600900282,True,37.5,36.5,38.6,0.95,0.05,0.0,0.7,0.03,2,1785581951.7709968,True,False,True,False,1785581880.3824406,False,1,0,0,False
1785430955.7579584,20,1785581961.7500315,37.50247959105822,0.5993995574883649,36.655985351338984,True,37.5,36.5,38.6,0.95,0.05,0.0,0.7,0.03,2,1785581971.776916,True,False,True,False,1785581880.3824406,False,1,0,0,False
1785430955.7579584,20,1785581981.7563188,37.51583123521782,0.5997619592584116,36.67734798199436,True,37.5,36.5,38.6,0.95,0.05,0.0,0.7,0.03,2,1785581991.7839224,True,True,True,False,1785581880.3824406,False,1,0,0,False
1785430955.7579584,20,1785582001.7628238,37.48645761806668,0.5997428854810407,36.706721599145496,True,37.5,36.5,38.6,0.95,0.05,0.0,0.7,0.03,2,1785582011.790032,False,True,True,False,1785581880.3824406,False,True,1,0,False
1785430955.7579584,20,1785582021.7692292,37.40634775310903,0.5994567788204777,36.69069962615396,True,37.5,36.5,38.6,0.95,0.05,0.0,0.7,0.03,2,1785582031.7966218,False,True,True,False,1785581880.3824406,False,True,1,0,False
1785430955.7579584,20,1785582041.7754655,37.32356755931944,0.5994186312657358,36.68001831082627,True,37.5,36.5,38.6,0.95,0.05,0.0,0.7,0.03,2,1785582051.8025768,False,True,True,True,1785582060.38247,False,True,1,0,False
1785430955.7579584,20,1785582061.7814782,37.25680933852141,0.5993232623788814,36.706721599145496,True,37.5,36.5,38.6,0.95,0.05,0.0,0.7,0.03,2,1785582071.8100364,False,True,True,True,1785582060.38247,False,True,1,0,False
1785430955.7579584,20,1785582081.788938,37.243457694361794,0.5994377050431068,36.71206225680933,True,37.5,36.5,38.6,0.95,0.05,0.0,0.7,0.03,2,1785582091.815777,False,True,True,False,1785582060.38247,False,True,1,0,False
1785430955.7579584,20,1785582101.7951567,37.20340276188297,0.599094377050431,36.72007324330511,True,37.5,36.5,38.6,0.95,0.05,0.0,0.7,0.03,2,1785582111.8225737,False,True,True,False,1785582060.38247,False,True,1,0,False
1785430955.7579584,20,1785582121.8014853,37.19272144655528,0.5992851148241398,36.74677653162432,True,37.5,36.5,38.6,0.95,0.05,0.0,0.7,0.03,2,1785582131.827987,False,True,True,False,1785582060.38247,False,True,1,0,False
1785430955.7579584,20,1785582141.8073764,37.19272144655528,0.5992088197146563,36.73609521629663,True,37.5,36.5,38.6,0.95,0.05,0.0,0.7,0.03,2,1785582151.8344953,False,True,True,False,1785582060.38247,False,True,1,0,False
1785430955.7579584,20,1785582161.8133936,37.19272144655528,0.5991134508278019,36.75745784695201,True,37.5,36.5,38.6,0.95,0.05,0.0,0.7,0.03,2,1785582171.840464,False,True,True,False,1785582060.38247,False,True,1,0,False
1785430955.7579584,20,1785582181.819321,37.20607309071488,0.5989608606088349,36.78950179293507,True,37.5,36.5,38.6,0.95,0.05,0.0,0.7,0.03,2,1785582191.846387,False,True,True,False,1785582060.38247,False,True,1,0,False
1785430955.7579584,20,1785582201.8252978,37.19272144655528,0.598941786831464,36.79751277943083,True,37.5,36.5,38.6,0.95,0.05,0.0,0.7,0.03,2,1785582211.8518224,False,True,True,False,1785582060.38247,False,True,1,0,False
1785430955.7579584,20,1785582221.831168,37.21408407721066,0.598941786831464,36.80285343709468,True,37.5,36.5,38.6,0.95,0.05,0.0,0.7,0.03,2,1785582231.8581195,False,True,True,True,1785582240.382485,False,True,1,0,False
1785430955.7579584,20,1785582241.8373766,37.19539177538719,0.5990753032730602,36.80819409475852,True,37.5,36.5,38.6,0.95,0.05,0.0,0.7,0.03,2,1785582251.8638794,False,True,True,True,1785582240.382485,False,True,1,0,False
1785430955.7579584,20,1785582261.843258,37.23010605020218,0.599094377050431,36.82421606775006,True,37.5,36.5,38.6,0.95,0.05,0.0,0.7,0.03,2,1785582271.8698568,False,True,True,False,1785582240.382485,False,True,1,0,False
1785430955.7579584,20,1785582281.8492754,37.243457694361794,0.5992851148241398,36.84023804074158,True,37.5,36.5,38.6,0.95,0.05,0.0,0.7,0.03,2,1785582291.8764853,False,True,True,False,1785582240.382485,False,True,1,0,False
1785430955.7579584,20,1785582301.8553953,37.24078736552987,0.5989799343862059,36.83222705424582,True,37.5,36.5,38.6,0.95,0.05,0.0,0.7,0.03,2,1785582311.882541,False,True,True,False,1785582240.382485,False,True,1,0,False
1785430955.7579584,20,1785582321.8614342,37.24078736552987,0.5991515983825437,36.853589684901195,True,37.5,36.5,38.6,0.95,0.05,0.0,0.7,0.03,2,1785582331.8890362,False,True,True,False,1785582240.382485,False,True,1,0,False
1785430955.7579584,20,1785582341.8677664,37.262149996185244,0.5994377050431068,36.87495231555657,True,37.5,36.5,38.6,0.95,0.05,0.0,0.7,0.03,2,1785582351.8944573,False,True,True,False,1785582240.382485,False,True,1,0,False
1785430955.7579584,20,1785582361.873766,37.28351262684062,0.5994758525978484,36.86427100022888,True,37.5,36.5,38.6,0.95,0.05,0.0,0.7,0.03,2,1785582371.9009316,False,True,True,False,1785582240.382485,False,True,1,0,False
1785430955.7579584,20,1785582381.8798485,37.30220492866407,0.5991134508278019,36.87495231555657,True,37.5,36.5,38.6,0.95,0.05,0.0,0.7,0.03,2,1785582391.9069302,False,True,True,False,1785582240.382485,False,True,1,0,False
1785430955.7579584,20,1785582401.8858442,37.294193942168306,0.5992851148241398,36.88830395971618,True,37.5,36.5,38.6,0.95,0.05,0.0,0.7,0.03,2,1785582411.9129062,False,True,True,True,1785582420.382496,False,True,1,0,False
1785430955.7579584,20,1785582421.8917603,37.30487525749599,0.5995902952620737,36.872281986724644,True,37.5,36.5,38.6,0.95,0.05,0.0,0.7,0.03,2,1785582431.9188852,False,True,True,True,1785582420.382496,False,True,1,0,False
1785430955.7579584,20,1785582441.8977697,37.312886243991755,0.5994377050431068,36.89898527504387,True,37.5,36.5,38.6,0.95,0.05,0.0,0.7,0.03,2,1785582451.9242225,False,True,True,False,1785582420.382496,False,True,1,0,False
1785430955.7579584,20,1785582461.9037175,37.30487525749599,0.5989990081635768,36.89898527504387,True,37.5,36.5,38.6,0.95,0.05,0.0,0.7,0.03,2,1785582471.9302979,False,True,True,False,1785582420.382496,False,True,1,0,False
1785430955.7579584,20,1785582481.9096742,37.312886243991755,0.5993423361562523,36.90966659037156,True,37.5,36.5,38.6,0.95,0.05,0.0,0.7,0.03,2,1785582491.936198,False,True,True,False,1785582420.382496,False,True,1,0,False
1785430955.7579584,20,1785582501.9155715,37.30487525749599,0.5989227130540933,36.94972152285038,True,37.5,36.5,38.6,0.95,0.05,0.0,0.7,0.03,2,1785582511.942675,False,True,True,False,1785582420.382496,False,True,1,0,False
1785430955.7579584,20,1785582521.9216478,37.31555657282368,0.5993232623788814,36.92301823453117,True,37.5,36.5,38.6,0.95,0.05,0.0,0.7,0.03,2,1785582531.9487374,False,True,True,False,1785582420.382496,False,True,1,0,False
1785430955.7579584,20,1785582541.927619,37.33157854581522,0.5992851148241398,36.94972152285038,True,37.5,36.5,38.6,0.95,0.05,0.0,0.7,0.03,2,1785582551.9547033,False,True,True,False,1785582420.382496,False,True,1,0,False
1785430955.7579584,20,1785582561.9336412,37.352941176470594,0.5991134508278019,36.95506218051423,True,37.5,36.5,38.6,0.95,0.05,0.0,0.7,0.03,2,1785582571.9601188,False,True,True,False,1785582420.382496,False,True,1,0,False
1785430955.7579584,20,1785582581.9395819,37.371633478294044,0.5989227130540933,36.97642481116961,True,37.5,36.5,38.6,0.95,0.05,0.0,0.7,0.03,2,1785582591.9662662,False,True,True,True,1785582600.3825176,False,True,1,0,False
1785430955.7579584,20,1785582601.945602,37.35828183413443,0.599246967269398,36.96841382467383,True,37.5,36.5,38.6,0.95,0.05,0.0,0.7,0.03,2,1785582611.9721372,False,True,True,True,1785582600.3825176,False,True,1,0,False
1785430955.7579584,20,1785582621.9515254,37.36896314946212,0.5994949263752193,36.99511711299306,True,37.5,36.5,38.6,0.95,0.05,0.0,0.7,0.03,2,1785582631.9781437,False,True,True,False,1785582600.3825176,False,True,1,0,False
1785430955.7579584,20,1785582641.9575708,37.38231479362173,0.5995140001525903,36.99511711299306,True,37.5,36.5,38.6,0.95,0.05,0.0,0.7,0.03,2,1785582651.9847538,False,True,True,False,1785582600.3825176,False,True,1,0,False
1785430955.7579584,20,1785582661.9636033,37.395666437781344,0.5991897459372854,36.99511711299306,True,37.5,36.5,38.6,0.95,0.05,0.0,0.7,0.03,2,1785582671.9906652,False,True,True,False,1785582600.3825176,False,True,1,0,False
1785430955.7579584,20,1785582681.9695606,37.41435873960479,0.5992851148241398,36.97909514000152,True,37.5,36.5,38.6,0.95,0.05,0.0,0.7,0.03,2,1785582691.9965987,False,True,True,False,1785582600.3825176,False,True,1,0,False
1785430955.7579584,20,1785582701.9754455,37.41702906843672,0.5992278934920272,37.01915007248036,True,37.5,36.5,38.6,0.95,0.05,0.0,0.7,0.03,2,1785582712.0024936,False,True,True,False,1785582600.3825176,False,True,1,0,False
1785430955.7579584,20,1785582721.9814682,37.44373235675593,0.5994567788204777,37.04051270313573,True,37.5,36.5,38.6,0.95,0.05,0.0,0.7,0.03,2,1785582732.007987,False,True,True,False,1785582600.3825176,False,True,1,0,False
1785430955.7579584,20,1785582741.9873636,37.44373235675593,0.5990562294956894,37.024490730144194,True,37.5,36.5,38.6,0.95,0.05,0.0,0.7,0.03,2,1785582752.014431,False,True,True,False,1785582600.3825176,False,True,1,0,False
1785430955.7579584,20,1785582761.9933286,37.43305104142824,0.599246967269398,37.05653467612726,True,37.5,36.5,38.6,0.95,0.05,0.0,0.7,0.03,2,1785582772.0199137,False,True,True,True,1785582780.3825305,False,True,1,0,False
1785430955.7579584,20,1785582781.999228,37.47310597390707,0.5994377050431068,37.05653467612726,True,37.5,36.5,38.6,0.95,0.05,0.0,0.7,0.03,2,1785582792.0263467,False,True,True,True,1785582780.3825305,False,True,1,0,False
1785430955.7579584,20,1785582802.0052538,37.470435645075156,0.5991706721599145,37.06454566262303,True,37.5,36.5,38.6,0.95,0.05,0.0,0.7,0.03,2,1785582812.0317352,False,True,True,False,1785582780.3825305,False,True,1,0,False
1785430955.7579584,20,1785582822.011114,37.45441367208362,0.5993614099336233,37.06988632028687,True,37.5,36.5,38.6,0.95,0.05,0.0,0.7,0.03,2,1785582832.037651,False,True,True,False,1785582780.3825305,False,True,1,0,False
1785430955.7579584,20,1785582842.0170739,37.46776531624323,0.5995521477073319,37.096589608606095,True,37.5,36.5,38.6,0.95,0.05,0.0,0.7,0.03,2,1785582852.0435257,False,True,True,False,1785582780.3825305,False,True,1,0,False
1785430955.7579584,20,1785582862.0230753,37.49713893339437,0.5992278934920272,37.08590829327841,True,37.5,36.5,38.6,0.95,0.05,0.0,0.7,0.03,2,1785582872.0501158,False,True,True,False,1785582780.3825305,False,True,1,0,False
1785430955.7579584,20,1785582882.0290434,37.50514991989013,0.5994377050431068,37.091248950942244,True,37.5,36.5,38.6,0.95,0.05,0.0,0.7,0.03,2,1785582892.0555928,False,True,True,False,1785582780.3825305,False,1,0,0,False
1785430955.7579584,20,1785582902.0349185,37.53986419470512,0.5995330739299611,37.12062256809338,True,37.5,36.5,38.6,0.95,0.05,0.0,0.7,0.03,2,1785582912.0620117,False,True,True,False,1785582780.3825305,False,1,0,0,False
1785430955.7579584,20,1785582922.0408952,37.52384222171359,0.5997238117036697,37.09391927977417,True,37.5,36.5,38.6,0.95,0.05,0.0,0.7,0.03,2,1785582932.0680983,False,True,True,False,1785582780.3825305,False,1,0,0,False
1785430955.7579584,20,1785582942.0468671,37.49713893339437,0.5991325246051729,37.115281910429545,True,37.5,36.5,38.6,0.95,0.05,0.0,0.7,0.03,2,1785582952.0741618,False,True,True,True,1785582960.382535,False,True,1,0,False
1785430955.7579584,20,1785582962.052902,37.481116960402844,0.5992088197146563,37.10460059510186,True,37.5,36.5,38.6,0.95,0.05,0.0,0.7,0.03,2,1785582972.0801113,False,True,True,True,1785582960.382535,False,True,1,0,False
1785430955.7579584,20,1785582982.058822,37.47844663157092,0.599094377050431,37.115281910429545,True,37.5,36.5,38.6,0.95,0.05,0.0,0.7,0.03,2,1785582992.0861547,False,True,True,False,1785582960.382535,False,True,1,0,False
1785430955.7579584,20,1785583002.0650365,37.481116960402844,0.5989036392767224,37.10193026626993,True,37.5,36.5,38.6,0.95,0.05,0.0,0.7,0.03,2,1785583012.0917368,False,True,True,False,1785582960.382535,False,True,1,0,False
1785430955.7579584,20,1785583022.0710738,37.470435645075156,0.5990180819409475,37.08056763561456,True,37.5,36.5,38.6,0.95,0.05,0.0,0.7,0.03,2,1785583032.098113,False,True,True,False,1785582960.382535,False,True,1,0,False
1785430955.7579584,20,1785583042.0770416,37.46242465857938,0.5992088197146563,37.06454566262303,True,37.5,36.5,38.6,0.95,0.05,0.0,0.7,0.03,2,1785583052.103648,False,True,True,False,1785582960.382535,False,True,1,0,False
1785430955.7579584,20,1785583062.0830524,37.45441367208362,0.5990562294956894,37.091248950942244,True,37.5,36.5,38.6,0.95,0.05,0.0,0.7,0.03,2,1785583072.1096907,False,True,True,False,1785582960.382535,False,True,1,0,False
1785430955.7579584,20,1785583082.089109,37.489127946898606,0.5994949263752193,37.06988632028687,True,37.5,36.5,38.6,0.95,0.05,0.0,0.7,0.03,2,1785583092.1161964,False,True,True,False,1785582960.382535,False,True,1,0,False
1785430955.7579584,20,1785583102.09506,37.48645761806668,0.5993995574883649,37.08323796444648,True,37.5,36.5,38.6,0.95,0.05,0.0,0.7,0.03,2,1785583112.1221335,False,True,True,False,1785582960.382535,False,True,1,0,False
1785430955.7579584,20,1785583122.101057,37.48645761806668,0.599246967269398,37.12596322575723,True,37.5,36.5,38.6,0.95,0.05,0.0,0.7,0.03,2,1785583132.1277466,False,True,True,True,1785583140.382537,False,True,1,0,False
1785430955.7579584,20,1785583142.107139,37.50247959105822,0.5993423361562523,37.109941252765694,True,37.5,36.5,38.6,0.95,0.05,0.0,0.7,0.03,2,1785583152.1339822,False,True,True,True,1785583140.382537,False,1,0,0,False
1785430955.7579584,20,1785583162.1132526,37.507820248722055,0.598941786831464,37.12062256809338,True,37.5,36.5,38.6,0.95,0.05,0.0,0.7,0.03,2,1785583172.1397593,False,True,True,False,1785583140.382537,False,1,0,0,False
1785430955.7579584,20,1785583182.119152,37.49980926222629,0.5992088197146563,37.12062256809338,True,37.5,36.5,38.6,0.95,0.05,0.0,0.7,0.03,2,1785583192.1462462,False,True,True,False,1785583140.382537,False,True,1,0,False
1785430955.7579584,20,1785583202.12516,37.49713893339437,0.5990562294956894,37.10727092393378,True,37.5,36.5,38.6,0.95,0.05,0.0,0.7,0.03,2,1785583212.1525192,False,True,True,False,1785583140.382537,False,True,1,0,False
1785430955.7579584,20,1785583222.1312113,37.51850156404974,0.5994567788204777,37.12329289692531,True,37.5,36.5,38.6,0.95,0.05,0.0,0.7,0.03,2,1785583232.1582992,False,True,True,False,1785583140.382537,False,1,0,0,False
1785430955.7579584,20,1785583242.13723,37.49980926222629,0.5993614099336233,37.10727092393378,True,37.5,36.5,38.6,0.95,0.05,0.0,0.7,0.03,2,1785583252.164337,False,True,True,False,1785583140.382537,False,True,1,0,False
1785430955.7579584,20,1785583262.1431766,37.49713893339437,0.5991897459372854,37.10727092393378,True,37.5,36.5,38.6,0.95,0.05,0.0,0.7,0.03,2,1785583272.1702974,False,True,True,False,1785583140.382537,False,True,1,0,False
1785430955.7579584,20,1785583282.1491785,37.49980926222629,0.5991325246051729,37.12329289692531,True,37.5,36.5,38.6,0.95,0.05,0.0,0.7,0.03,2,1785583292.176415,False,True,True,False,1785583140.382537,False,True,1,0,False
1785430955.7579584,20,1785583302.1552634,37.49713893339437,0.5989990081635768,37.12596322575723,True,37.5,36.5,38.6,0.95,0.05,0.0,0.7,0.03,2,1785583312.1823347,False,True,True,True,1785583320.3825643,False,True,1,0,False
1785430955.7579584,20,1785583322.161257,37.51850156404974,0.5993423361562523,37.13130388342107,True,37.5,36.5,38.6,0.95,0.05,0.0,0.7,0.03,2,1785583332.1883724,False,True,True,True,1785583320.3825643,False,1,0,0,False
1785430955.7579584,20,1785583342.167254,37.507820248722055,0.598941786831464,37.13130388342107,True,37.5,36.5,38.6,0.95,0.05,0.0,0.7,0.03,2,1785583352.194373,False,True,True,False,1785583320.3825643,False,1,0,0,False
1785430955.7579584,20,1785583362.1733856,37.470435645075156,0.5989799343862059,37.12062256809338,True,37.5,36.5,38.6,0.95,0.05,0.0,0.7,0.03,2,1785583372.19997,False,True,True,False,1785583320.3825643,False,True,1,0,False
1785430955.7579584,20,1785583382.17934,37.49980926222629,0.5994186312657358,37.12062256809338,True,37.5,36.5,38.6,0.95,0.05,0.0,0.7,0.03,2,1785583392.206437,False,True,True,False,1785583320.3825643,False,True,1,0,False
1785430955.7579584,20,1785583402.1853495,37.49179827573053,0.5993423361562523,37.10193026626993,True,37.5,36.5,38.6,0.95,0.05,0.0,0.7,0.03,2,1785583412.2125347,False,True,True,False,1785583320.3825643,False,True,1,0,False
1785430955.7579584,20,1785583422.1914592,37.47577630273899,0.599094377050431,37.11795223926147,True,37.5,36.5,38.6,0.95,0.05,0.0,0.7,0.03,2,1785583432.218556,False,True,True,False,1785583320.3825643,False,True,1,0,False
1785430955.7579584,20,1785583442.1974454,37.489127946898606,0.5992088197146563,37.10727092393378,True,37.5,36.5,38.6,0.95,0.05,0.0,0.7,0.03,2,1785583452.2239873,False,True,True,False,1785583320.3825643,False,True,1,0,False
1785430955.7579584,20,1785583462.2032905,37.513160906385906,0.5992660410467688,37.12329289692531,True,37.5,36.5,38.6,0.95,0.05,0.0,0.7,0.03,2,1785583472.2304213,False,True,True,False,1785583320.3825643,False,1,0,0,False
1785430955.7579584,20,1785583482.2093744,37.526512550545505,0.5993041886015107,37.12863355458916,True,37.5,36.5,38.6,0.95,0.05,0.0,0.7,0.03,2,1785583492.2364876,False,True,True,True,1785583500.3825886,False,1,0,0,False
1785430955.7579584,20,1785583502.2153986,37.50247959105822,0.5990180819409475,37.12062256809338,True,37.5,36.5,38.6,0.95,0.05,0.0,0.7,0.03,2,1785583512.242812,False,True,True,True,1785583500.3825886,False,1,0,0,False
1785430955.7579584,20,1785583522.2216287,37.513160906385906,0.5990371557183184,37.10460059510186,True,37.5,36.5,38.6,0.95,0.05,0.0,0.7,0.03,2,1785583532.2482884,False,True,True,False,1785583500.3825886,False,1,0,0,False
1785430955.7579584,20,1785583542.2274919,37.47577630273899,0.5987510490577554,37.099259937438006,True,37.5,36.5,38.6,0.95,0.05,0.0,0.7,0.03,2,1785583552.2542498,False,True,True,False,1785583500.3825886,False,True,1,0,False
1785430955.7579584,20,1785583562.233521,37.48645761806668,0.5990371557183184,37.109941252765694,True,37.5,36.5,38.6,0.95,0.05,0.0,0.7,0.03,2,1785583572.2600698,False,True,True,False,1785583500.3825886,False,True,1,0,False
1785430955.7579584,20,1785583582.2393956,37.47310597390707,0.5989227130540933,37.09391927977417,True,37.5,36.5,38.6,0.95,0.05,0.0,0.7,0.03,2,1785583592.2665496,False,True,True,False,1785583500.3825886,False,True,1,0,False
1785430955.7579584,20,1785583602.245439,37.49179827573053,0.5991134508278019,37.10727092393378,True,37.5,36.5,38.6,0.95,0.05,0.0,0.7,0.03,2,1785583612.2725434,False,True,True,False,1785583500.3825886,False,True,1,0,False
1785430955.7579584,20,1785583622.2514443,37.470435645075156,0.5990562294956894,37.091248950942244,True,37.5,36.5,38.6,0.95,0.05,0.0,0.7,0.03,2,1785583632.278023,False,True,True,False,1785583500.3825886,False,True,1,0,False
1785430955.7579584,20,1785583642.2574775,37.47844663157092,0.5991897459372854,37.091248950942244,True,37.5,36.5,38.6,0.95,0.05,0.0,0.7,0.03,2,1785583652.2840314,False,True,True,False,1785583500.3825886,False,True,1,0,False
1785430955.7579584,20,1785583662.2633426,37.481116960402844,0.599094377050431,37.10727092393378,True,37.5,36.5,38.6,0.95,0.05,0.0,0.7,0.03,2,1785583672.2904034,False,True,True,True,1785583680.382603,False,True,1,0,False
1785430955.7579584,20,1785583682.2692945,37.51583123521782,0.5989990081635768,37.133974212252994,True,37.5,36.5,38.6,0.95,0.05,0.0,0.7,0.03,2,1785583692.2963083,False,True,True,True,1785583680.382603,False,1,0,0,False
1785430955.7579584,20,1785583702.2751918,37.51850156404974,0.5988273441672389,37.12062256809338,True,37.5,36.5,38.6,0.95,0.05,0.0,0.7,0.03,2,1785583712.301677,False,True,True,False,1785583680.382603,False,1,0,0,False
1785430955.7579584,20,1785583722.2812102,37.52384222171359,0.599094377050431,37.16334782940413,True,37.5,36.5,38.6,0.95,0.05,0.0,0.7,0.03,2,1785583732.308249,False,True,True,False,1785583680.382603,False,1,0,0,False
1785430955.7579584,20,1785583742.287207,37.513160906385906,0.598941786831464,37.141985198748756,True,37.5,36.5,38.6,0.95,0.05,0.0,0.7,0.03,2,1785583752.313808,False,True,True,False,1785583680.382603,False,1,0,0,False
1785430955.7579584,20,1785583762.2932348,37.48645761806668,0.5989799343862059,37.152666514076444,True,37.5,36.5,38.6,0.95,0.05,0.0,0.7,0.03,2,1785583772.319796,False,True,True,False,1785583680.382603,False,True,1,0,False
1785430955.7579584,20,1785583782.2991166,37.49980926222629,0.5986366063935301,37.12062256809338,True,37.5,36.5,38.6,0.95,0.05,0.0,0.7,0.03,2,1785583792.3261833,False,True,True,False,1785583680.382603,False,True,1,0,False
1785430955.7579584,20,1785583802.305064,37.48645761806668,0.5991897459372854,37.133974212252994,True,37.5,36.5,38.6,0.95,0.05,0.0,0.7,0.03,2,1785583812.3321247,False,True,True,False,1785583680.382603,False,True,1,0,False
1785430955.7579584,20,1785583822.3110404,37.48645761806668,0.5987891966124971,37.12329289692531,True,37.5,36.5,38.6,0.95,0.05,0.0,0.7,0.03,2,1785583832.338166,False,True,True,False,1785583680.382603,False,True,1,0,False
1785430955.7579584,20,1785583842.3170798,37.50514991989013,0.5990371557183184,37.11795223926147,True,37.5,36.5,38.6,0.95,0.05,0.0,0.7,0.03,2,1785583852.3440833,False,True,True,True,1785583860.3826306,False,1,0,0,False
1785430955.7579584,20,1785583862.3230026,37.50247959105822,0.5985793850614175,37.11795223926147,True,37.5,36.5,38.6,0.95,0.05,0.0,0.7,0.03,2,1785583872.3496382,False,True,True,True,1785583860.3826306,False,1,0,0,False
1785430955.7579584,20,1785583882.3290005,37.51583123521782,0.5989608606088349,37.14465552758068,True,37.5,36.5,38.6,0.95,0.05,0.0,0.7,0.03,2,1785583892.3560238,False,True,True,False,1785583860.3826306,False,1,0,0,False
1785430955.7579584,20,1785583902.3349657,37.481116960402844,0.598941786831464,37.115281910429545,True,37.5,36.5,38.6,0.95,0.05,0.0,0.7,0.03,2,1785583912.362084,False,True,True,False,1785583860.3826306,False,True,1,0,False
1785430955.7579584,20,1785583922.3410048,37.48645761806668,0.598941786831464,37.109941252765694,True,37.5,36.5,38.6,0.95,0.05,0.0,0.7,0.03,2,1785583932.367556,False,True,True,False,1785583860.3826306,False,True,1,0,False
1785430955.7579584,20,1785583942.346858,37.470435645075156,0.5989608606088349,37.13130388342107,True,37.5,36.5,38.6,0.95,0.05,0.0,0.7,0.03,2,1785583952.374028,False,True,True,False,1785583860.3826306,False,True,1,0,False
1785430955.7579584,20,1785583962.3529716,37.470435645075156,0.5987510490577554,37.109941252765694,True,37.5,36.5,38.6,0.95,0.05,0.0,0.7,0.03,2,1785583972.3800676,False,True,True,False,1785583860.3826306,False,True,1,0,False
1785430955.7579584,20,1785583982.3589435,37.49980926222629,0.5985412375066759,37.12596322575723,True,37.5,36.5,38.6,0.95,0.05,0.0,0.7,0.03,2,1785583992.3859873,False,True,True,False,1785583860.3826306,False,True,1,0,False
1785430955.7579584,20,1785584002.3649032,37.49179827573053,0.5985793850614175,37.139314869916845,True,37.5,36.5,38.6,0.95,0.05,0.0,0.7,0.03,2,1785584012.3914819,False,True,True,False,1785583860.3826306,False,True,1,0,False
1785430955.7579584,20,1785584022.3707852,37.53452353704128,0.5988654917219806,37.11795223926147,True,37.5,36.5,38.6,0.95,0.05,0.0,0.7,0.03,2,1785584032.39782,False,True,True,True,1785584040.382668,False,1,0,0,False
1785430955.7579584,20,1785584042.3767416,37.51583123521782,0.598808270389868,37.14465552758068,True,37.5,36.5,38.6,0.95,0.05,0.0,0.7,0.03,2,1785584052.4037516,False,True,True,True,1785584040.382668,False,1,0,0,False
1785430955.7579584,20,1785584062.3826551,37.50247959105822,0.5987701228351263,37.12863355458916,True,37.5,36.5,38.6,0.95,0.05,0.0,0.7,0.03,2,1785584072.4092505,False,True,True,False,1785584040.382668,False,1,0,0,False
1785430955.7579584,20,1785584082.3886776,37.51049057755398,0.5989799343862059,37.14999618524453,True,37.5,36.5,38.6,0.95,0.05,0.0,0.7,0.03,2,1785584092.4153817,False,True,True,False,1785584040.382668,False,1,0,0,False
1785430955.7579584,20,1785584102.394733,37.47577630273899,0.598655680170901,37.10460059510186,True,37.5,36.5,38.6,0.95,0.05,0.0,0.7,0.03,2,1785584112.4212375,False,True,True,False,1785584040.382668,False,True,1,0,False
1785430955.7579584,20,1785584122.4006352,37.48645761806668,0.598941786831464,37.12062256809338,True,37.5,36.5,38.6,0.95,0.05,0.0,0.7,0.03,2,1785584132.427632,False,True,True,False,1785584040.382668,False,True,1,0,False
1785430955.7579584,20,1785584142.4065595,37.49179827573053,0.5989036392767224,37.12062256809338,True,37.5,36.5,38.6,0.95,0.05,0.0,0.7,0.03,2,1785584152.433663,False,True,True,False,1785584040.382668,False,True,1,0,False
1785430955.7579584,20,1785584162.4125967,37.45441367208362,0.5985603112840466,37.10460059510186,True,37.5,36.5,38.6,0.95,0.05,0.0,0.7,0.03,2,1785584172.439643,False,True,True,False,1785584040.382668,False,True,1,0,False
1785430955.7579584,20,1785584182.4185877,37.49980926222629,0.5985793850614175,37.099259937438006,True,37.5,36.5,38.6,0.95,0.05,0.0,0.7,0.03,2,1785584192.4456515,False,True,True,False,1785584040.382668,False,True,1,0,False
1785430955.7579584,20,1785584202.4245503,37.48645761806668,0.5985603112840466,37.139314869916845,True,37.5,36.5,38.6,0.95,0.05,0.0,0.7,0.03,2,1785584212.4515638,False,True,True,True,1785584220.3827064,False,True,1,0,False
1785430955.7579584,20,1785584222.4304595,37.49179827573053,0.5989990081635768,37.12863355458916,True,37.5,36.5,38.6,0.95,0.05,0.0,0.7,0.03,2,1785584232.4575071,False,True,True,True,1785584220.3827064,False,True,1,0,False
1785430955.7579584,20,1785584242.4364734,37.526512550545505,0.599094377050431,37.11795223926147,True,37.5,36.5,38.6,0.95,0.05,0.0,0.7,0.03,2,1785584252.4631288,False,True,True,False,1785584220.3827064,False,1,0,0,False
1785430955.7579584,20,1785584262.4424505,37.52384222171359,0.5988845654993514,37.12863355458916,True,37.5,36.5,38.6,0.95,0.05,0.0,0.7,0.03,2,1785584272.469534,False,True,True,False,1785584220.3827064,False,1,0,0,False
1785430955.7579584,20,1785584282.4484346,37.51583123521782,0.5987891966124971,37.133974212252994,True,37.5,36.5,38.6,0.95,0.05,0.0,0.7,0.03,2,1785584292.4755397,False,True,True,False,1785584220.3827064,False,1,0,0,False
1785430955.7579584,20,1785584302.4544797,37.53452353704128,0.598655680170901,37.13130388342107,True,37.5,36.5,38.6,0.95,0.05,0.0,0.7,0.03,2,1785584312.4821384,False,True,True,False,1785584220.3827064,False,1,0,0,False
1785430955.7579584,20,1785584322.460693,37.49713893339437,0.5985793850614175,37.13664454108492,True,37.5,36.5,38.6,0.95,0.05,0.0,0.7,0.03,2,1785584332.4877775,False,True,True,False,1785584220.3827064,False,True,1,0,False
1785430955.7579584,20,1785584342.4666848,37.50247959105822,0.5987701228351263,37.109941252765694,True,37.5,36.5,38.6,0.95,0.05,0.0,0.7,0.03,2,1785584352.493853,False,True,True,False,1785584220.3827064,False,1,0,0,False
1785430955.7579584,20,1785584362.47279,37.45441367208362,0.5983886472877089,37.12062256809338,True,37.5,36.5,38.6,0.95,0.05,0.0,0.7,0.03,2,1785584372.4998713,False,True,True,False,1785584220.3827064,False,True,1,0,False
1785430955.7579584,20,1785584382.4787445,37.49980926222629,0.5984458686198215,37.109941252765694,True,37.5,36.5,38.6,0.95,0.05,0.0,0.7,0.03,2,1785584392.5058684,False,True,True,True,1785584400.3827097,False,True,1,0,False
1785430955.7579584,20,1785584402.4847853,37.48645761806668,0.598655680170901,37.10727092393378,True,37.5,36.5,38.6,0.95,0.05,0.0,0.7,0.03,2,1785584412.511855,False,True,True,True,1785584400.3827097,False,True,1,0,False
1785430955.7579584,20,1785584422.49074,37.47577630273899,0.5982551308461127,37.11795223926147,True,37.5,36.5,38.6,0.95,0.05,0.0,0.7,0.03,2,1785584432.517538,False,True,True,False,1785584400.3827097,False,True,1,0,False
1785430955.7579584,20,1785584442.4967027,37.47844663157092,0.5984267948424505,37.133974212252994,True,37.5,36.5,38.6,0.95,0.05,0.0,0.7,0.03,2,1785584452.5238218,False,True,True,False,1785584400.3827097,False,True,1,0,False
1785430955.7579584,20,1785584462.5027173,37.49713893339437,0.5985412375066759,37.12863355458916,True,37.5,36.5,38.6,0.95,0.05,0.0,0.7,0.03,2,1785584472.5297759,False,True,True,False,1785584400.3827097,False,True,1,0,False
1785430955.7579584,20,1785584482.5087006,37.483787289234755,0.5987701228351263,37.12863355458916,True,37.5,36.5,38.6,0.95,0.05,0.0,0.7,0.03,2,1785584492.5357733,False,True,True,False,1785584400.3827097,False,True,1,0,False
1785430955.7579584,20,1785584502.514671,37.52384222171359,0.5985412375066759,37.152666514076444,True,37.5,36.5,38.6,0.95,0.05,0.0,0.7,0.03,2,1785584512.541675,False,True,True,False,1785584400.3827097,False,1,0,0,False
1785430955.7579584,20,1785584522.5206203,37.513160906385906,0.5984077210650797,37.158007171740294,True,37.5,36.5,38.6,0.95,0.05,0.0,0.7,0.03,2,1785584532.547664,False,True,True,False,1785584400.3827097,False,1,0,0,False
1785430955.7579584,20,1785584542.5265813,37.53452353704128,0.5988464179446098,37.184710460059506,True,37.5,36.5,38.6,0.95,0.05,0.0,0.7,0.03,2,1785584552.5533276,False,True,True,False,1785584400.3827097,False,1,0,0,False
1785430955.7579584,20,1785584562.5326922,37.51850156404974,0.5984458686198215,37.14732585641261,True,37.5,36.5,38.6,0.95,0.05,0.0,0.7,0.03,2,1785584572.5597832,False,True,True,True,1785584580.38274,False,1,0,0,False
1785430955.7579584,20,1785584582.538652,37.50514991989013,0.5984840161745631,37.158007171740294,True,37.5,36.5,38.6,0.95,0.05,0.0,0.7,0.03,2,1785584592.5658345,False,True,True,True,1785584580.38274,False,1,0,0,False
1785430955.7579584,20,1785584602.5446556,37.507820248722055,0.598941786831464,37.14465552758068,True,37.5,36.5,38.6,0.95,0.05,0.0,0.7,0.03,2,1785584612.5718558,False,True,True,False,1785584580.38274,False,1,0,0,False
1785430955.7579584,20,1785584622.5507019,37.507820248722055,0.5983123521782254,37.12863355458916,True,37.5,36.5,38.6,0.95,0.05,0.0,0.7,0.03,2,1785584632.5778446,False,True,True,False,1785584580.38274,False,1,0,0,False
1785430955.7579584,20,1785584642.5568004,37.47310597390707,0.5984077210650797,37.11795223926147,True,37.5,36.5,38.6,0.95,0.05,0.0,0.7,0.03,2,1785584652.5838523,False,True,True,False,1785584580.38274,False,True,1,0,False
1785430955.7579584,20,1785584662.562731,37.470435645075156,0.5986175326161594,37.12863355458916,True,37.5,36.5,38.6,0.95,0.05,0.0,0.7,0.03,2,1785584672.5898583,False,True,True,False,1785584580.38274,False,True,1,0,False
1785430955.7579584,20,1785584682.568816,37.46776531624323,0.5986938277256428,37.096589608606095,True,37.5,36.5,38.6,0.95,0.05,0.0,0.7,0.03,2,1785584692.595758,False,True,True,False,1785584580.38274,False,True,1,0,False
1785430955.7579584,20,1785584702.5747747,37.470435645075156,0.5984649423971924,37.13664454108492,True,37.5,36.5,38.6,0.95,0.05,0.0,0.7,0.03,2,1785584712.6018038,False,True,True,False,1785584580.38274,False,True,1,0,False
1785430955.7579584,20,1785584722.5807076,37.45441367208362,0.5984267948424505,37.099259937438006,True,37.5,36.5,38.6,0.95,0.05,0.0,0.7,0.03,2,1785584732.6078746,False,True,True,False,1785584580.38274,False,True,1,0,False
1785430955.7579584,20,1785584742.5867486,37.507820248722055,0.5988654917219806,37.13664454108492,True,37.5,36.5,38.6,0.95,0.05,0.0,0.7,0.03,2,1785584752.6132703,False,True,True,True,1785584760.38277,False,1,0,0,False
1785430955.7579584,20,1785584762.5928485,37.49713893339437,0.5984458686198215,37.12596322575723,True,37.5,36.5,38.6,0.95,0.05,0.0,0.7,0.03,2,1785584772.6198792,False,True,True,True,1785584760.38277,False,True,1,0,False
1785430955.7579584,20,1785584782.598781,37.51583123521782,0.5985603112840466,37.158007171740294,True,37.5,36.5,38.6,0.95,0.05,0.0,0.7,0.03,2,1785584792.6257815,False,True,True,False,1785584760.38277,False,1,0,0,False
1785430955.7579584,20,1785584802.6047568,37.507820248722055,0.5985984588387885,37.14999618524453,True,37.5,36.5,38.6,0.95,0.05,0.0,0.7,0.03,2,1785584812.6318305,False,True,True,False,1785584760.38277,False,1,0,0,False
1785430955.7579584,20,1785584822.6107364,37.51850156404974,0.5983886472877089,37.15533684290837,True,37.5,36.5,38.6,0.95,0.05,0.0,0.7,0.03,2,1785584832.6377797,False,True,True,False,1785584760.38277,False,1,0,0,False
1785430955.7579584,20,1785584842.616711,37.52117189288167,0.5986175326161594,37.11795223926147,True,37.5,36.5,38.6,0.95,0.05,0.0,0.7,0.03,2,1785584852.6437364,False,True,True,False,1785584760.38277,False,1,0,0,False
1785430955.7579584,20,1785584862.6226478,37.49713893339437,0.5984649423971924,37.12863355458916,True,37.5,36.5,38.6,0.95,0.05,0.0,0.7,0.03,2,1785584872.6497083,False,True,True,False,1785584760.38277,False,True,1,0,False
1785430955.7579584,20,1785584882.6286352,37.47844663157092,0.5981406881818876,37.12329289692531,True,37.5,36.5,38.6,0.95,0.05,0.0,0.7,0.03,2,1785584892.6557827,False,True,True,False,1785584760.38277,False,True,1,0,False
1785430955.7579584,20,1785584902.6347108,37.48645761806668,0.598522163729305,37.158007171740294,True,37.5,36.5,38.6,0.95,0.05,0.0,0.7,0.03,2,1785584912.6617923,False,True,True,False,1785584760.38277,False,True,1,0,False
1785430955.7579584,20,1785584922.640698,37.45975432974747,0.5984840161745631,37.109941252765694,True,37.5,36.5,38.6,0.95,0.05,0.0,0.7,0.03,2,1785584932.6677353,False,True,True,True,1785584940.3827965,False,True,1,0,False
1785430955.7579584,20,1785584942.646586,37.507820248722055,0.5983504997329671,37.14732585641261,True,37.5,36.5,38.6,0.95,0.05,0.0,0.7,0.03,2,1785584952.673682,False,True,True,True,1785584940.3827965,False,1,0,0,False
1785430955.7579584,20,1785584962.652601,37.49713893339437,0.598369573510338,37.141985198748756,True,37.5,36.5,38.6,0.95,0.05,0.0,0.7,0.03,2,1785584972.679672,False,True,True,False,1785584940.3827965,False,True,1,0,False
1785430955.7579584,20,1785584982.6585507,37.50514991989013,0.5982169832913711,37.141985198748756,True,37.5,36.5,38.6,0.95,0.05,0.0,0.7,0.03,2,1785584992.6855848,False,True,True,False,1785584940.3827965,False,1,0,0,False
1785430955.7579584,20,1785585002.6645336,37.48645761806668,0.598655680170901,37.14465552758068,True,37.5,36.5,38.6,0.95,0.05,0.0,0.7,0.03,2,1785585012.6915894,False,True,True,False,1785584940.3827965,False,True,1,0,False
1785430955.7579584,20,1785585022.6705751,37.48645761806668,0.5983504997329671,37.14465552758068,True,37.5,36.5,38.6,0.95,0.05,0.0,0.7,0.03,2,1785585032.6976578,False,True,True,False,1785584940.3827965,False,True,1,0,False
1785430955.7579584,20,1785585042.6765964,37.49980926222629,0.5983886472877089,37.11795223926147,True,37.5,36.5,38.6,0.95,0.05,0.0,0.7,0.03,2,1785585052.7036593,False,True,True,False,1785584940.3827965,False,True,1,0,False
1785430955.7579584,20,1785585062.6825426,37.49713893339437,0.5982551308461127,37.139314869916845,True,37.5,36.5,38.6,0.95,0.05,0.0,0.7,0.03,2,1785585072.7096353,False,True,True,False,1785584940.3827965,False,True,1,0,False
1785430955.7579584,20,1785585082.6885443,37.489127946898606,0.5982360570687419,37.14465552758068,True,37.5,36.5,38.6,0.95,0.05,0.0,0.7,0.03,2,1785585092.7156084,False,True,True,False,1785584940.3827965,False,True,1,0,False
1785430955.7579584,20,1785585102.6944923,37.513160906385906,0.5982742046234836,37.141985198748756,True,37.5,36.5,38.6,0.95,0.05,0.0,0.7,0.03,2,1785585112.7213464,False,True,True,True,1785585120.3828018,False,1,0,0,False
1785430955.7579584,20,1785585122.7005193,37.49713893339437,0.5986366063935301,37.141985198748756,True,37.5,36.5,38.6,0.95,0.05,0.0,0.7,0.03,2,1785585132.727549,False,True,True,True,1785585120.3828018,False,True,1,0,False
1785430955.7579584,20,1785585142.7064607,37.51850156404974,0.5981216144045166,37.12062256809338,True,37.5,36.5,38.6,0.95,0.05,0.0,0.7,0.03,2,1785585152.7334797,False,True,True,False,1785585120.3828018,False,1,0,0,False
1785430955.7579584,20,1785585162.7125008,37.507820248722055,0.5983123521782254,37.13664454108492,True,37.5,36.5,38.6,0.95,0.05,0.0,0.7,0.03,2,1785585172.7395062,False,True,True,False,1785585120.3828018,False,1,0,0,False
1785430955.7579584,20,1785585182.7184532,37.51583123521782,0.5983886472877089,37.13130388342107,True,37.5,36.5,38.6,0.95,0.05,0.0,0.7,0.03,2,1785585192.745437,False,True,True,False,1785585120.3828018,False,1,0,0,False
1785430955.7579584,20,1785585202.7245061,37.49713893339437,0.5981979095140001,37.133974212252994,True,37.5,36.5,38.6,0.95,0.05,0.0,0.7,0.03,2,1785585212.7515478,False,True,True,False,1785585120.3828018,False,True,1,0,False
1785430955.7579584,20,1785585222.7304645,37.481116960402844,0.5984840161745631,37.11261158159762,True,37.5,36.5,38.6,0.95,0.05,0.0,0.7,0.03,2,1785585232.7576194,False,True,True,False,1785585120.3828018,False,True,1,0,False
1785430955.7579584,20,1785585242.7365103,37.47310597390707,0.5981597619592585,37.12863355458916,True,37.5,36.5,38.6,0.95,0.05,0.0,0.7,0.03,2,1785585252.7635694,False,True,True,False,1785585120.3828018,False,True,1,0,False
1785430955.7579584,20,1785585262.7424448,37.481116960402844,0.5983314259555962,37.12863355458916,True,37.5,36.5,38.6,0.95,0.05,0.0,0.7,0.03,2,1785585272.7713625,False,True,True,False,1785585120.3828018,False,True,1,0,False
1785430955.7579584,20,1785585282.748391,37.47310597390707,0.5983314259555962,37.139314869916845,True,37.5,36.5,38.6,0.95,0.05,0.0,0.7,0.03,2,1785585292.7750032,False,True,True,True,1785585300.382837,False,True,1,0,False
1785430955.7579584,20,1785585302.7545156,37.507820248722055,0.5984077210650797,37.141985198748756,True,37.5,36.5,38.6,0.95,0.05,0.0,0.7,0.03,2,1785585312.7815785,False,True,True,True,1785585300.382837,False,1,0,0,False
1785430955.7579584,20,1785585322.760548,37.49713893339437,0.598369573510338,37.14732585641261,True,37.5,36.5,38.6,0.95,0.05,0.0,0.7,0.03,2,1785585332.7876217,False,True,True,False,1785585300.382837,False,True,1,0,False
1785430955.7579584,20,1785585342.766514,37.52384222171359,0.5982551308461127,37.12062256809338,True,37.5,36.5,38.6,0.95,0.05,0.0,0.7,0.03,2,1785585352.7936158,False,True,True,False,1785585300.382837,False,1,0,0,False
1785430955.7579584,20,1785585362.772532,37.507820248722055,0.5983504997329671,37.158007171740294,True,37.5,36.5,38.6,0.95,0.05,0.0,0.7,0.03,2,1785585372.7995934,False,True,True,False,1785585300.382837,False,1,0,0,False
1785430955.7579584,20,1785585382.7784972,37.526512550545505,0.5984649423971924,37.14732585641261,True,37.5,36.5,38.6,0.95,0.05,0.0,0.7,0.03,2,1785585392.8055985,False,True,True,False,1785585300.382837,False,1,0,0,False
1785430955.7579584,20,1785585402.7845237,37.513160906385906,0.5983504997329671,37.139314869916845,True,37.5,36.5,38.6,0.95,0.05,0.0,0.7,0.03,2,1785585412.811576,False,True,True,False,1785585300.382837,False,1,0,0,False
1785430955.7579584,20,1785585422.790507,37.53452353704128,0.5982360570687419,37.139314869916845,True,37.5,36.5,38.6,0.95,0.05,0.0,0.7,0.03,2,1785585432.8175986,False,True,True,False,1785585300.382837,False,1,0,0,False
1785430955.7579584,20,1785585442.7965422,37.51049057755398,0.5983504997329671,37.11795223926147,True,37.5,36.5,38.6,0.95,0.05,0.0,0.7,0.03,2,1785585452.8236773,False,True,True,False,1785585300.382837,False,1,0,0,False
1785430955.7579584,20,1785585462.8025577,37.49179827573053,0.5983504997329671,37.12329289692531,True,37.5,36.5,38.6,0.95,0.05,0.0,0.7,0.03,2,1785585472.8297076,False,True,True,True,1785585480.382869,False,True,1,0,False
1785430955.7579584,20,1785585482.808579,37.47310597390707,0.5981979095140001,37.14465552758068,True,37.5,36.5,38.6,0.95,0.05,0.0,0.7,0.03,2,1785585492.8356223,False,True,True,True,1785585480.382869,False,True,1,0,False
1785430955.7579584,20,1785585502.8145127,37.45975432974747,0.598083466849775,37.099259937438006,True,37.5,36.5,38.6,0.95,0.05,0.0,0.7,0.03,2,1785585512.8417354,False,True,True,False,1785585480.382869,False,True,1,0,False
1785430955.7579584,20,1785585522.8206434,37.481116960402844,0.5981406881818876,37.115281910429545,True,37.5,36.5,38.6,0.95,0.05,0.0,0.7,0.03,2,1785585532.8472395,False,True,True,False,1785585480.382869,False,True,1,0,False
1785430955.7579584,20,1785585542.8265736,37.465094987411305,0.5983123521782254,37.109941252765694,True,37.5,36.5,38.6,0.95,0.05,0.0,0.7,0.03,2,1785585552.8532493,False,True,True,False,1785585480.382869,False,True,1,0,False
1785430955.7579584,20,1785585562.8325515,37.470435645075156,0.5983314259555962,37.12062256809338,True,37.5,36.5,38.6,0.95,0.05,0.0,0.7,0.03,2,1785585572.859654,False,True,True,False,1785585480.382869,False,True,1,0,False
1785430955.7579584,20,1785585582.838516,37.49980926222629,0.5979118028534371,37.152666514076444,True,37.5,36.5,38.6,0.95,0.05,0.0,0.7,0.03,2,1785585592.8656614,False,True,True,False,1785585480.382869,False,True,1,0,False
1785430955.7579584,20,1785585602.8445117,37.54520485236897,0.5979499504081788,37.133974212252994,True,37.5,36.5,38.6,0.95,0.05,0.0,0.7,0.03,2,1785585612.8731892,False,True,True,False,1785585480.382869,False,1,0,0,False
1785430955.7579584,20,1785585622.850809,37.69474326695659,0.598522163729305,37.11795223926147,True,37.5,36.5,38.6,0.95,0.05,0.0,0.7,0.03,2,1785585632.8781087,True,False,True,False,1785585480.382869,False,1,0,0,False
1785430955.7579584,20,1785585642.8571463,37.77752346074617,0.598522163729305,37.12863355458916,True,37.5,36.5,38.6,0.95,0.05,0.0,0.7,0.03,2,1785585652.8847125,True,False,True,True,1785585660.3828974,False,1,0,0,False
1785430955.7579584,20,1785585662.8634732,37.849622339208054,0.5985603112840466,37.12329289692531,True,37.5,36.5,38.6,0.95,0.05,0.0,0.7,0.03,2,1785585672.8907769,True,True,True,True,1785585660.3828974,False,1,0,0,False
1785430955.7579584,20,1785585682.8698292,37.88967727168688,0.5989799343862059,37.133974212252994,True,37.5,36.5,38.6,0.95,0.05,0.0,0.7,0.03,2,1785585692.8972042,True,True,True,False,1785585660.3828974,False,1,0,0,False
1785430955.7579584,20,1785585702.8761606,37.90836957351034,0.5988273441672389,37.115281910429545,True,37.5,36.5,38.6,0.95,0.05,0.0,0.7,0.03,2,1785585712.9058032,True,False,True,False,1785585660.3828974,False,1,0,0,False
1785430955.7579584,20,1785585722.8825123,37.881666285191116,0.598522163729305,37.115281910429545,True,37.5,36.5,38.6,0.95,0.05,0.0,0.7,0.03,2,1785585732.9126117,True,False,True,False,1785585660.3828974,False,1,0,0,False
1785430955.7579584,20,1785585742.8895705,37.897688258182654,0.5984458686198215,37.10460059510186,True,37.5,36.5,38.6,0.95,0.05,0.0,0.7,0.03,2,1785585752.9188719,True,True,True,False,1785585660.3828974,False,1,0,0,False
1785430955.7579584,20,1785585762.8966515,37.87632562752728,0.5987319752803845,37.07789730678263,True,37.5,36.5,38.6,0.95,0.05,0.0,0.7,0.03,2,1785585772.925542,True,True,True,False,1785585660.3828974,False,1,0,0,False
1785430955.7579584,20,1785585782.9031856,37.873655298695354,0.5987129015030136,37.08323796444648,True,37.5,36.5,38.6,0.95,0.05,0.0,0.7,0.03,2,1785585792.9302268,True,False,True,False,1785585660.3828974,False,1,0,0,False
1785430955.7579584,20,1785585802.909621,37.86030365453574,0.5985793850614175,37.05920500495918,True,37.5,36.5,38.6,0.95,0.05,0.0,0.7,0.03,2,1785585812.9402306,True,True,True,False,1785585660.3828974,False,1,0,0,False
1785430955.7579584,20,1785585822.9198425,37.82825970855268,0.5987701228351263,37.06454566262303,True,37.5,36.5,38.6,0.95,0.05,0.0,0.7,0.03,2,1785585832.9484358,True,False,True,True,1785585840.382947,False,1,0,0,False
1785430955.7579584,20,1785585842.9275355,37.80422674906538,0.5984458686198215,37.03784237430381,True,37.5,36.5,38.6,0.95,0.05,0.0,0.7,0.03,2,1785585852.955937,True,True,True,True,1785585840.382947,False,1,0,0,False
1785430955.7579584,20,1785585862.9346395,37.79087510490578,0.5985603112840466,37.01647974364843,True,37.5,36.5,38.6,0.95,0.05,0.0,0.7,0.03,2,1785585872.961631,True,True,True,False,1785585840.382947,False,1,0,0,False
1785430955.7579584,20,1785585882.941076,37.76684214541848,0.5984649423971924,36.97909514000152,True,37.5,36.5,38.6,0.95,0.05,0.0,0.7,0.03,2,1785585892.9691448,True,True,True,False,1785585840.382947,False,1,0,0,False
1785430955.7579584,20,1785585902.9473443,37.73746852826734,0.598369573510338,36.981765468833444,True,37.5,36.5,38.6,0.95,0.05,0.0,0.7,0.03,2,1785585912.9746888,True,False,True,False,1785585840.382947,False,1,0,0,False
1785430955.7579584,20,1785585922.9543345,37.726787212939655,0.5984077210650797,37.00312809948882,True,37.5,36.5,38.6,0.95,0.05,0.0,0.7,0.03,2,1785585932.9844134,True,False,True,False,1785585840.382947,False,1,0,0,False
1785430955.7579584,20,1785585942.9621577,37.71610589761197,0.5982742046234836,36.97642481116961,True,37.5,36.5,38.6,0.95,0.05,0.0,0.7,0.03,2,1785585952.9905107,True,True,True,False,1785585840.382947,False,1,0,0,False
1785430955.7579584,20,1785585962.9693797,37.69474326695659,0.598369573510338,36.96040283817807,True,37.5,36.5,38.6,0.95,0.05,0.0,0.7,0.03,2,1785585972.9968047,True,True,True,False,1785585840.382947,False,1,0,0,False
1785430955.7579584,20,1785585982.9760907,37.69207293812467,0.598503089951934,36.93369954985886,True,37.5,36.5,38.6,0.95,0.05,0.0,0.7,0.03,2,1785585993.0064902,True,True,True,False,1785585840.382947,False,1,0,0,False
1785430955.7579584,20,1785586002.9853995,37.66269932097353,0.598369573510338,36.920347905699245,True,37.5,36.5,38.6,0.95,0.05,0.0,0.7,0.03,2,1785586013.0140023,True,False,True,True,1785586020.3829582,False,1,0,0,False
1785430955.7579584,20,1785586022.991727,37.635996032654305,0.5980071717402915,36.92568856336308,True,37.5,36.5,38.6,0.95,0.05,0.0,0.7,0.03,2,1785586033.0190368,True,False,True,True,1785586020.3829582,False,1,0,0,False
1785430955.7579584,20,1785586042.9980783,37.62264438849469,0.5981788357366292,36.89898527504387,True,37.5,36.5,38.6,0.95,0.05,0.0,0.7,0.03,2,1785586053.0254567,True,True,True,False,1785586020.3829582,False,1,0,0,False
1785430955.7579584,20,1785586063.0044138,37.61463340199893,0.5981788357366292,36.89364461738002,True,37.5,36.5,38.6,0.95,0.05,0.0,0.7,0.03,2,1785586073.0317347,True,False,True,False,1785586020.3829582,False,1,0,0,False
1785430955.7579584,20,1785586083.0107048,37.56389715419242,0.5978927290760662,36.872281986724644,True,37.5,36.5,38.6,0.95,0.05,0.0,0.7,0.03,2,1785586093.038155,True,True,True,False,1785586020.3829582,False,1,0,0,False
1785430955.7579584,20,1785586103.0177667,37.53986419470512,0.5977210650797283,36.88029297322042,True,37.5,36.5,38.6,0.95,0.05,0.0,0.7,0.03,2,1785586113.0464299,True,True,True,False,1785586020.3829582,False,1,0,0,False
1785430955.7579584,20,1785586123.0248914,37.53452353704128,0.5977401388570992,36.86427100022888,True,37.5,36.5,38.6,0.95,0.05,0.0,0.7,0.03,2,1785586133.0522013,True,False,True,False,1785586020.3829582,False,1,0,0,False
1785430955.7579584,20,1785586143.0312338,37.51850156404974,0.5976829175249867,36.82688639658198,True,37.5,36.5,38.6,0.95,0.05,0.0,0.7,0.03,2,1785586153.059912,True,True,True,False,1785586020.3829582,False,1,0,0,False
1785430955.7579584,20,1785586163.0376728,37.49713893339437,0.597778286411841,36.83756771190967,True,37.5,36.5,38.6,0.95,0.05,0.0,0.7,0.03,2,1785586173.065463,True,False,True,False,1785586020.3829582,False,True,1,0,False
1785430955.7579584,20,1785586183.04412,37.52117189288167,0.5978164339665827,36.810864423590445,True,37.5,36.5,38.6,0.95,0.05,0.0,0.7,0.03,2,1785586193.0715888,True,False,True,True,1785586200.382981,False,1,0,0,False
1785430955.7579584,20,1785586203.050432,37.49713893339437,0.5977973601892118,36.80819409475852,True,37.5,36.5,38.6,0.95,0.05,0.0,0.7,0.03,2,1785586213.077999,True,False,True,True,1785586200.382981,False,True,1,0,False
1785430955.7579584,20,1785586223.0575538,37.470435645075156,0.5978736552986953,36.77615014877546,True,37.5,36.5,38.6,0.95,0.05,0.0,0.7,0.03,2,1785586233.0871842,True,False,True,False,1785586200.382981,False,True,1,0,False
1785430955.7579584,20,1785586243.0647311,37.483787289234755,0.597930876630808,36.77615014877546,True,37.5,36.5,38.6,0.95,0.05,0.0,0.7,0.03,2,1785586253.094552,True,True,True,False,1785586200.382981,False,True,1,0,False
1785430955.7579584,20,1785586263.0714555,37.481116960402844,0.5978927290760662,36.77615014877546,True,37.5,36.5,38.6,0.95,0.05,0.0,0.7,0.03,2,1785586273.0989463,True,True,True,False,1785586200.382981,False,True,1,0,False
1785430955.7579584,20,1785586283.0777972,37.47310597390707,0.5978355077439537,36.792172121766995,True,37.5,36.5,38.6,0.95,0.05,0.0,0.7,0.03,2,1785586293.1073937,True,False,True,False,1785586200.382981,False,True,1,0,False
1785430955.7579584,20,1785586303.0842962,37.49713893339437,0.5979880979629206,36.79484245059892,True,37.5,36.5,38.6,0.95,0.05,0.0,0.7,0.03,2,1785586313.1118572,True,False,True,False,1785586200.382981,False,True,1,0,False
1785430955.7579584,20,1785586323.0908437,37.51850156404974,0.5979880979629206,36.810864423590445,True,37.5,36.5,38.6,0.95,0.05,0.0,0.7,0.03,2,1785586333.1202404,True,False,True,False,1785586200.382981,False,1,0,0,False
1785430955.7579584,20,1785586343.097388,37.54520485236897,0.5979118028534371,36.82688639658198,True,37.5,36.5,38.6,0.95,0.05,0.0,0.7,0.03,2,1785586353.1273491,True,True,True,False,1785586200.382981,False,1,0,0,False
1785430955.7579584,20,1785586363.1040251,37.550545510032805,0.5979118028534371,36.816205081254296,True,37.5,36.5,38.6,0.95,0.05,0.0,0.7,0.03,2,1785586373.131433,True,True,True,True,1785586380.3830106,False,1,0,0,False
1785430955.7579584,20,1785586383.1104007,37.54787518120088,0.5981597619592585,36.853589684901195,True,37.5,36.5,38.6,0.95,0.05,0.0,0.7,0.03,2,1785586393.1378324,True,True,True,True,1785586380.3830106,False,1,0,0,False
1785430955.7579584,20,1785586403.1168401,37.550545510032805,0.5978355077439537,36.80285343709468,True,37.5,36.5,38.6,0.95,0.05,0.0,0.7,0.03,2,1785586413.1446052,True,False,True,False,1785586380.3830106,False,1,0,0,False
1785430955.7579584,20,1785586423.123127,37.555886167696656,0.597930876630808,36.78149080643931,True,37.5,36.5,38.6,0.95,0.05,0.0,0.7,0.03,2,1785586433.1504877,True,True,True,False,1785586380.3830106,False,1,0,0,False
1785430955.7579584,20,1785586443.1295004,37.55321583886473,0.5979880979629206,36.79751277943083,True,37.5,36.5,38.6,0.95,0.05,0.0,0.7,0.03,2,1785586453.1566727,True,False,True,False,1785586380.3830106,False,1,0,0,False
1785430955.7579584,20,1785586463.1358044,37.513160906385906,0.5977401388570992,36.79751277943083,True,37.5,36.5,38.6,0.95,0.05,0.0,0.7,0.03,2,1785586473.1632395,True,False,True,False,1785586380.3830106,False,1,0,0,False
1785430955.7579584,20,1785586483.1422153,37.526512550545505,0.5976066224155032,36.79751277943083,True,37.5,36.5,38.6,0.95,0.05,0.0,0.7,0.03,2,1785586493.1696103,True,True,True,False,1785586380.3830106,False,1,0,0,False
1785430955.7579584,20,1785586503.1485615,37.50247959105822,0.5979118028534371,36.77882047760738,True,37.5,36.5,38.6,0.95,0.05,0.0,0.7,0.03,2,1785586513.1755948,True,True,True,False,1785586380.3830106,False,1,0,0,False
1785430955.7579584,20,1785586523.154902,37.52384222171359,0.5978355077439537,36.78416113527123,True,37.5,36.5,38.6,0.95,0.05,0.0,0.7,0.03,2,1785586533.1820278,True,False,True,False,1785586380.3830106,False,1,0,0,False
1785430955.7579584,20,1785586543.1619637,37.470435645075156,0.5977592126344702,36.74677653162432,True,37.5,36.5,38.6,0.95,0.05,0.0,0.7,0.03,2,1785586553.1907434,True,True,True,True,1785586560.3830128,False,True,1,0,False
1785430955.7579584,20,1785586563.169255,37.48645761806668,0.5979690241855496,36.730754558632796,True,37.5,36.5,38.6,0.95,0.05,0.0,0.7,0.03,2,1785586573.1968489,True,False,True,True,1785586560.3830128,False,True,1,0,False
1785430955.7579584,20,1785586583.1757567,37.46242465857938,0.5978736552986953,36.741435873960484,True,37.5,36.5,38.6,0.95,0.05,0.0,0.7,0.03,2,1785586593.2043316,True,False,True,False,1785586560.3830128,False,True,1,0,False
1785430955.7579584,20,1785586603.1820664,37.44907301441978,0.5976638437476157,36.71740291447318,True,37.5,36.5,38.6,0.95,0.05,0.0,0.7,0.03,2,1785586613.2119694,True,False,True,False,1785586560.3830128,False,True,1,0,False
1785430955.7579584,20,1785586623.1886513,37.45975432974747,0.5978927290760662,36.73342488746471,True,37.5,36.5,38.6,0.95,0.05,0.0,0.7,0.03,2,1785586633.2174997,True,True,True,False,1785586560.3830128,False,True,1,0,False
1785430955.7579584,20,1785586643.1951616,37.46776531624323,0.5977210650797283,36.71740291447318,True,37.5,36.5,38.6,0.95,0.05,0.0,0.7,0.03,2,1785586653.2263591,True,True,True,False,1785586560.3830128,False,True,1,0,False
1785430955.7579584,20,1785586663.201506,37.481116960402844,0.5975112535286488,36.73876554512856,True,37.5,36.5,38.6,0.95,0.05,0.0,0.7,0.03,2,1785586673.228499,True,False,True,False,1785586560.3830128,False,True,1,0,False
1785430955.7579584,20,1785586683.2078083,37.51583123521782,0.5978164339665827,36.77080949111162,True,37.5,36.5,38.6,0.95,0.05,0.0,0.7,0.03,2,1785586693.2347677,True,False,True,False,1785586560.3830128,False,1,0,0,False
1785430955.7579584,20,1785586703.2142217,37.50247959105822,0.5978164339665827,36.773479819943546,True,37.5,36.5,38.6,0.95,0.05,0.0,0.7,0.03,2,1785586713.2416828,True,False,True,False,1785586560.3830128,False,1,0,0,False
1785430955.7579584,20,1785586723.2206154,37.52384222171359,0.5976638437476157,36.76279850461586,True,37.5,36.5,38.6,0.95,0.05,0.0,0.7,0.03,2,1785586733.247514,True,True,True,True,1785586740.3830442,False,1,0,0,False
1785430955.7579584,20,1785586743.2268643,37.52384222171359,0.5975684748607614,36.77882047760738,True,37.5,36.5,38.6,0.95,0.05,0.0,0.7,0.03,2,1785586753.253909,True,True,True,True,1785586740.3830442,False,1,0,0,False
1785430955.7579584,20,1785586763.23316,37.513160906385906,0.5978545815213245,36.773479819943546,True,37.5,36.5,38.6,0.95,0.05,0.0,0.7,0.03,2,1785586773.260599,True,False,True,False,1785586740.3830442,False,1,0,0,False
1785430955.7579584,20,1785586783.239629,37.531853208209355,0.5979118028534371,36.75211718928817,True,37.5,36.5,38.6,0.95,0.05,0.0,0.7,0.03,2,1785586793.2669966,True,True,True,False,1785586740.3830442,False,1,0,0,False
1785430955.7579584,20,1785586803.2459993,37.52918287937743,0.5979499504081788,36.73876554512856,True,37.5,36.5,38.6,0.95,0.05,0.0,0.7,0.03,2,1785586813.273589,True,False,True,False,1785586740.3830442,False,1,0,0,False
1785430955.7579584,20,1785586823.2526062,37.513160906385906,0.5977401388570992,36.749446860456246,True,37.5,36.5,38.6,0.95,0.05,0.0,0.7,0.03,2,1785586833.2800448,True,True,True,False,1785586740.3830442,False,1,0,0,False
1785430955.7579584,20,1785586843.2589512,37.489127946898606,0.597778286411841,36.73342488746471,True,37.5,36.5,38.6,0.95,0.05,0.0,0.7,0.03,2,1785586853.2862818,True,True,True,False,1785586740.3830442,False,True,1,0,False
1785430955.7579584,20,1785586863.2659025,37.48645761806668,0.5977019913023576,36.73342488746471,True,37.5,36.5,38.6,0.95,0.05,0.0,0.7,0.03,2,1785586873.2943757,True,True,True,False,1785586740.3830442,False,True,1,0,False
1785430955.7579584,20,1785586883.2736008,37.46242465857938,0.5978736552986953,36.744106202792395,True,37.5,36.5,38.6,0.95,0.05,0.0,0.7,0.03,2,1785586893.3025587,True,False,True,False,1785586740.3830442,False,True,1,0,False
1785430955.7579584,20,1785586903.2817469,37.45441367208362,0.5974349584191653,36.725413900968945,True,37.5,36.5,38.6,0.95,0.05,0.0,0.7,0.03,2,1785586913.3103507,True,True,True,True,1785586920.3830492,False,True,1,0,False
1785430955.7579584,20,1785586923.2894948,37.470435645075156,0.5974921797512779,36.71473258564126,True,37.5,36.5,38.6,0.95,0.05,0.0,0.7,0.03,2,1785586933.318196,True,False,True,True,1785586920.3830492,False,True,1,0,False
1785430955.7579584,20,1785586943.2972796,37.48645761806668,0.5975684748607614,36.741435873960484,True,37.5,36.5,38.6,0.95,0.05,0.0,0.7,0.03,2,1785586953.325543,True,False,True,False,1785586920.3830492,False,True,1,0,False
1785430955.7579584,20,1785586963.3048067,37.49713893339437,0.5973777370870528,36.75211718928817,True,37.5,36.5,38.6,0.95,0.05,0.0,0.7,0.03,2,1785586973.3324754,True,False,True,False,1785586920.3830492,False,True,1,0,False
1785430955.7579584,20,1785586983.3125231,37.50514991989013,0.5976256961928741,36.75745784695201,True,37.5,36.5,38.6,0.95,0.05,0.0,0.7,0.03,2,1785586993.3404453,True,False,True,False,1785586920.3830492,False,1,0,0,False
1785430955.7579584,20,1785587003.3194647,37.53452353704128,0.5975875486381322,36.76012817578393,True,37.5,36.5,38.6,0.95,0.05,0.0,0.7,0.03,2,1785587013.346791,True,True,True,False,1785586920.3830492,False,1,0,0,False
1785430955.7579584,20,1785587023.3258362,37.507820248722055,0.5977592126344702,36.76012817578393,True,37.5,36.5,38.6,0.95,0.05,0.0,0.7,0.03,2,1785587033.3527977,True,True,True,False,1785586920.3830492,False,1,0,0,False
1785430955.7579584,20,1785587043.3321211,37.54787518120088,0.5976638437476157,36.75478751812008,True,37.5,36.5,38.6,0.95,0.05,0.0,0.7,0.03,2,1785587053.364179,True,False,True,False,1785586920.3830492,False,1,0,0,False
1785430955.7579584,20,1785587063.338624,37.52384222171359,0.5974158846417944,36.78149080643931,True,37.5,36.5,38.6,0.95,0.05,0.0,0.7,0.03,2,1785587073.3679578,True,True,True,False,1785586920.3830492,False,1,0,0,False
1785430955.7579584,20,1785587083.3453627,37.526512550545505,0.5974921797512779,36.744106202792395,True,37.5,36.5,38.6,0.95,0.05,0.0,0.7,0.03,2,1785587093.3725169,True,False,True,True,1785587100.383099,False,1,0,0,False
1785430955.7579584,20,1785587103.351821,37.507820248722055,0.5975875486381322,36.773479819943546,True,37.5,36.5,38.6,0.95,0.05,0.0,0.7,0.03,2,1785587113.3828034,True,False,True,True,1785587100.383099,False,1,0,0,False
1785430955.7579584,20,1785587123.3581562,37.49713893339437,0.5976829175249867,36.768139162279695,True,37.5,36.5,38.6,0.95,0.05,0.0,0.7,0.03,2,1785587133.3858883,True,True,True,False,1785587100.383099,False,True,1,0,False
1785430955.7579584,20,1785587143.3645198,37.45975432974747,0.5973777370870528,36.730754558632796,True,37.5,36.5,38.6,0.95,0.05,0.0,0.7,0.03,2,1785587153.393945,True,True,True,False,1785587100.383099,False,True,1,0,False
1785430955.7579584,20,1785587163.371458,37.45975432974747,0.5974731059739071,36.73609521629663,True,37.5,36.5,38.6,0.95,0.05,0.0,0.7,0.03,2,1785587173.3996296,True,False,True,False,1785587100.383099,False,True,1,0,False
1785430955.7579584,20,1785587183.3785207,37.46242465857938,0.5973777370870528,36.71473258564126,True,37.5,36.5,38.6,0.95,0.05,0.0,0.7,0.03,2,1785587193.4058397,True,False,True,False,1785587100.383099,False,True,1,0,False
1785430955.7579584,20,1785587203.3848445,37.481116960402844,0.5973395895323109,36.71206225680933,True,37.5,36.5,38.6,0.95,0.05,0.0,0.7,0.03,2,1785587213.4121673,True,False,True,False,1785587100.383099,False,True,1,0,False
1785430955.7579584,20,1785587223.3911543,37.49713893339437,0.5973777370870528,36.72808422980087,True,37.5,36.5,38.6,0.95,0.05,0.0,0.7,0.03,2,1785587233.4184911,True,True,True,False,1785587100.383099,False,True,1,0,False
1785430955.7579584,20,1785587243.3974807,37.489127946898606,0.597778286411841,36.72274357213702,True,37.5,36.5,38.6,0.95,0.05,0.0,0.7,0.03,2,1785587253.4248579,True,False,True,False,1785587100.383099,False,True,1,0,False
1785430955.7579584,20,1785587263.4038153,37.52384222171359,0.5976066224155032,36.744106202792395,True,37.5,36.5,38.6,0.95,0.05,0.0,0.7,0.03,2,1785587273.4311163,True,False,True,True,1785587280.3831358,False,1,0,0,False
1785430955.7579584,20,1785587283.4101684,37.54253452353704,0.5975494010833906,36.76546883344777,True,37.5,36.5,38.6,0.95,0.05,0.0,0.7,0.03,2,1785587293.4374802,True,False,True,True,1785587280.3831358,False,1,0,0,False
1785430955.7579584,20,1785587303.4165266,37.52384222171359,0.5977401388570992,36.76279850461586,True,37.5,36.5,38.6,0.95,0.05,0.0,0.7,0.03,2,1785587313.443605,True,True,True,False,1785587280.3831358,False,1,0,0,False
1785430955.7579584,20,1785587323.4228537,37.555886167696656,0.5976638437476157,36.768139162279695,True,37.5,36.5,38.6,0.95,0.05,0.0,0.7,0.03,2,1785587333.4502983,True,False,True,False,1785587280.3831358,False,1,0,0,False
1785430955.7579584,20,1785587343.4293246,37.550545510032805,0.5973777370870528,36.75745784695201,True,37.5,36.5,38.6,0.95,0.05,0.0,0.7,0.03,2,1785587353.4566736,True,True,True,False,1785587280.3831358,False,1,0,0,False
1785430955.7579584,20,1785587363.435597,37.507820248722055,0.5974540321965363,36.74677653162432,True,37.5,36.5,38.6,0.95,0.05,0.0,0.7,0.03,2,1785587373.4629781,True,False,True,False,1785587280.3831358,False,1,0,0,False
1785430955.7579584,20,1785587383.4420097,37.531853208209355,0.5975303273060197,36.74677653162432,True,37.5,36.5,38.6,0.95,0.05,0.0,0.7,0.03,2,1785587393.469142,True,False,True,False,1785587280.3831358,False,1,0,0,False
1785430955.7579584,20,1785587403.4483838,37.507820248722055,0.5977973601892118,36.71206225680933,True,37.5,36.5,38.6,0.95,0.05,0.0,0.7,0.03,2,1785587413.4757934,True,True,True,False,1785587280.3831358,False,1,0,0,False
1785430955.7579584,20,1785587423.4547548,37.49713893339437,0.5977973601892118,36.73342488746471,True,37.5,36.5,38.6,0.95,0.05,0.0,0.7,0.03,2,1785587433.4821408,True,True,True,False,1785587280.3831358,False,True,1,0,False
1785430955.7579584,20,1785587443.4611428,37.46242465857938,0.5973777370870528,36.706721599145496,True,37.5,36.5,38.6,0.95,0.05,0.0,0.7,0.03,2,1785587453.4885194,True,True,True,True,1785587460.383156,False,True,1,0,False
1785430955.7579584,20,1785587463.4674215,37.44373235675593,0.5974158846417944,36.69069962615396,True,37.5,36.5,38.6,0.95,0.05,0.0,0.7,0.03,2,1785587473.4947896,True,False,True,True,1785587460.383156,False,True,1,0,False
1785430955.7579584,20,1785587483.4737592,37.446402685587856,0.5974731059739071,36.68001831082627,True,37.5,36.5,38.6,0.95,0.05,0.0,0.7,0.03,2,1785587493.5012164,True,False,True,False,1785587460.383156,False,True,1,0,False
1785430955.7579584,20,1785587503.4807806,37.470435645075156,0.5973014419775693,36.69336995498588,True,37.5,36.5,38.6,0.95,0.05,0.0,0.7,0.03,2,1785587513.513185,True,False,True,False,1785587460.383156,False,True,1,0,False
1785430955.7579584,20,1785587523.4881387,37.48645761806668,0.5975494010833906,36.70939192797742,True,37.5,36.5,38.6,0.95,0.05,0.0,0.7,0.03,2,1785587533.5155482,True,True,True,False,1785587460.383156,False,True,1,0,False
1785430955.7579584,20,1785587543.4945884,37.49179827573053,0.5972823682001983,36.70405127031357,True,37.5,36.5,38.6,0.95,0.05,0.0,0.7,0.03,2,1785587553.5226583,True,False,True,False,1785587460.383156,False,True,1,0,False
1785430955.7579584,20,1785587563.5009365,37.507820248722055,0.5972442206454567,36.74677653162432,True,37.5,36.5,38.6,0.95,0.05,0.0,0.7,0.03,2,1785587573.5336394,True,False,True,False,1785587460.383156,False,1,0,0,False
1785430955.7579584,20,1785587583.5077987,37.50514991989013,0.5975875486381322,36.71473258564126,True,37.5,36.5,38.6,0.95,0.05,0.0,0.7,0.03,2,1785587593.5358987,True,True,True,False,1785587460.383156,False,1,0,0,False
1785430955.7579584,20,1785587603.5147805,37.52918287937743,0.5974540321965363,36.72808422980087,True,37.5,36.5,38.6,0.95,0.05,0.0,0.7,0.03,2,1785587613.5420187,True,True,True,False,1785587460.383156,False,1,0,0,False
1785430955.7579584,20,1785587623.5222466,37.52384222171359,0.5972442206454567,36.77615014877546,True,37.5,36.5,38.6,0.95,0.05,0.0,0.7,0.03,2,1785587633.5556555,True,True,True,True,1785587640.3831637,False,1,0,0,False
1785430955.7579584,20,1785587643.5323508,37.54253452353704,0.5975494010833906,36.75478751812008,True,37.5,36.5,38.6,0.95,0.05,0.0,0.7,0.03,2,1785587653.5628505,True,True,True,True,1785587640.3831637,False,1,0,0,False
1785430955.7579584,20,1785587663.5421946,37.53452353704128,0.5975875486381322,36.75478751812008,True,37.5,36.5,38.6,0.95,0.05,0.0,0.7,0.03,2,1785587673.5695896,True,False,True,False,1785587640.3831637,False,1,0,0,False
1785430955.7579584,20,1785587683.5486062,37.56389715419242,0.5975494010833906,36.744106202792395,True,37.5,36.5,38.6,0.95,0.05,0.0,0.7,0.03,2,1785587693.5756254,True,True,True,False,1785587640.3831637,False,1,0,0,False
1785430955.7579584,20,1785587703.5549092,37.54520485236897,0.5974349584191653,36.741435873960484,True,37.5,36.5,38.6,0.95,0.05,0.0,0.7,0.03,2,1785587713.5822306,True,False,True,False,1785587640.3831637,False,1,0,0,False
1785430955.7579584,20,1785587723.5612538,37.49713893339437,0.5973205157549402,36.72007324330511,True,37.5,36.5,38.6,0.95,0.05,0.0,0.7,0.03,2,1785587733.588649,True,False,True,False,1785587640.3831637,False,True,1,0,False
1785430955.7579584,20,1785587743.56761,37.49179827573053,0.597034409094377,36.70939192797742,True,37.5,36.5,38.6,0.95,0.05,0.0,0.7,0.03,2,1785587753.5950444,True,False,True,False,1785587640.3831637,False,True,1,0,False
1785430955.7579584,20,1785587763.574626,37.481116960402844,0.5973777370870528,36.70939192797742,True,37.5,36.5,38.6,0.95,0.05,0.0,0.7,0.03,2,1785587773.602593,True,True,True,False,1785587640.3831637,False,True,1,0,False
1785430955.7579584,20,1785587783.582432,37.47310597390707,0.5973777370870528,36.70939192797742,True,37.5,36.5,38.6,0.95,0.05,0.0,0.7,0.03,2,1785587793.6103384,True,True,True,False,1785587640.3831637,False,True,1,0,False
1785430955.7579584,20,1785587803.589521,37.470435645075156,0.5973014419775693,36.71740291447318,True,37.5,36.5,38.6,0.95,0.05,0.0,0.7,0.03,2,1785587813.61691,True,False,True,True,1785587820.3831952,False,True,1,0,False
1785430955.7579584,20,1785587823.5965881,37.50247959105822,0.5973777370870528,36.701380941481645,True,37.5,36.5,38.6,0.95,0.05,0.0,0.7,0.03,2,1785587833.62543,True,True,True,True,1785587820.3831952,False,1,0,0,False
1785430955.7579584,20,1785587843.6036758,37.483787289234755,0.5972632944228274,36.71740291447318,True,37.5,36.5,38.6,0.95,0.05,0.0,0.7,0.03,2,1785587853.6312952,True,False,True,False,1785587820.3831952,False,True,1,0,False
1785430955.7579584,20,1785587863.610804,37.49713893339437,0.5973777370870528,36.71206225680933,True,37.5,36.5,38.6,0.95,0.05,0.0,0.7,0.03,2,1785587873.640921,True,True,True,False,1785587820.3831952,False,True,1,0,False
1785430955.7579584,20,1785587883.6178792,37.531853208209355,0.5969008926527809,36.72274357213702,True,37.5,36.5,38.6,0.95,0.05,0.0,0.7,0.03,2,1785587893.6447952,True,True,True,False,1785587820.3831952,False,1,0,0,False
1785430955.7579584,20,1785587903.6249564,37.507820248722055,0.5974158846417944,36.768139162279695,True,37.5,36.5,38.6,0.95,0.05,0.0,0.7,0.03,2,1785587913.6536238,True,True,True,False,1785587820.3831952,False,1,0,0,False
1785430955.7579584,20,1785587923.6319718,37.53986419470512,0.5972251468680858,36.725413900968945,True,37.5,36.5,38.6,0.95,0.05,0.0,0.7,0.03,2,1785587933.6592972,True,True,True,False,1785587820.3831952,False,1,0,0,False
1785430955.7579584,20,1785587943.639058,37.550545510032805,0.5972823682001983,36.741435873960484,True,37.5,36.5,38.6,0.95,0.05,0.0,0.7,0.03,2,1785587953.6675577,True,True,True,False,1785587820.3831952,False,1,0,0,False
1785430955.7579584,20,1785587963.6470284,37.53986419470512,0.5972632944228274,36.73609521629663,True,37.5,36.5,38.6,0.95,0.05,0.0,0.7,0.03,2,1785587973.6756303,True,False,True,False,1785587820.3831952,False,1,0,0,False
1785430955.7579584,20,1785587983.6549041,37.49980926222629,0.5973777370870528,36.72007324330511,True,37.5,36.5,38.6,0.95,0.05,0.0,0.7,0.03,2,1785587993.6847522,True,True,True,True,1785588000.383199,False,True,1,0,False
1785430955.7579584,20,1785588003.6623652,37.49179827573053,0.5970916304264897,36.72274357213702,True,37.5,36.5,38.6,0.95,0.05,0.0,0.7,0.03,2,1785588013.690465,True,False,True,True,1785588000.383199,False,True,1,0,False
1785430955.7579584,20,1785588023.6693578,37.49179827573053,0.5971488517586023,36.701380941481645,True,37.5,36.5,38.6,0.95,0.05,0.0,0.7,0.03,2,1785588033.6979904,True,False,True,False,1785588000.383199,False,True,1,0,False
1785430955.7579584,20,1785588043.6771739,37.49980926222629,0.5971488517586023,36.706721599145496,True,37.5,36.5,38.6,0.95,0.05,0.0,0.7,0.03,2,1785588053.7060137,True,False,True,False,1785588000.383199,False,True,1,0,False
1785430955.7579584,20,1785588063.684121,37.481116960402844,0.5971679255359732,36.71740291447318,True,37.5,36.5,38.6,0.95,0.05,0.0,0.7,0.03,2,1785588073.7124853,True,True,True,False,1785588000.383199,False,True,1,0,False
1785430955.7579584,20,1785588083.6904533,37.50514991989013,0.597034409094377,36.69069962615396,True,37.5,36.5,38.6,0.95,0.05,0.0,0.7,0.03,2,1785588093.7177753,True,True,True,False,1785588000.383199,False,1,0,0,False
1785430955.7579584,20,1785588103.6968262,37.51850156404974,0.5972632944228274,36.72007324330511,True,37.5,36.5,38.6,0.95,0.05,0.0,0.7,0.03,2,1785588113.7238033,True,False,True,False,1785588000.383199,False,1,0,0,False
1785430955.7579584,20,1785588123.7031689,37.52918287937743,0.5973395895323109,36.72007324330511,True,37.5,36.5,38.6,0.95,0.05,0.0,0.7,0.03,2,1785588133.7302883,True,False,True,False,1785588000.383199,False,1,0,0,False
1785430955.7579584,20,1785588143.7094784,37.52918287937743,0.5971488517586023,36.72007324330511,True,37.5,36.5,38.6,0.95,0.05,0.0,0.7,0.03,2,1785588153.7365236,True,False,True,False,1785588000.383199,False,1,0,0,False
1785430955.7579584,20,1785588163.7157335,37.52384222171359,0.597186999313344,36.71473258564126,True,37.5,36.5,38.6,0.95,0.05,0.0,0.7,0.03,2,1785588173.7448573,True,False,True,True,1785588180.3832192,False,1,0,0,False
1785430955.7579584,20,1785588183.7222426,37.49980926222629,0.5971488517586023,36.75745784695201,True,37.5,36.5,38.6,0.95,0.05,0.0,0.7,0.03,2,1785588193.7503762,True,True,True,True,1785588180.3832192,False,True,1,0,False
1785430955.7579584,20,1785588203.728652,37.52384222171359,0.5971107042038605,36.71740291447318,True,37.5,36.5,38.6,0.95,0.05,0.0,0.7,0.03,2,1785588213.7559092,True,True,True,False,1785588180.3832192,False,1,0,0,False
1785430955.7579584,20,1785588223.7350304,37.50247959105822,0.5973014419775693,36.72274357213702,True,37.5,36.5,38.6,0.95,0.05,0.0,0.7,0.03,2,1785588233.762323,True,True,True,False,1785588180.3832192,False,1,0,0,False
1785430955.7579584,20,1785588243.7413223,37.49980926222629,0.597034409094377,36.701380941481645,True,37.5,36.5,38.6,0.95,0.05,0.0,0.7,0.03,2,1785588253.768295,True,True,True,False,1785588180.3832192,False,True,1,0,False
1785430955.7579584,20,1785588263.7475903,37.48645761806668,0.5974158846417944,36.706721599145496,True,37.5,36.5,38.6,0.95,0.05,0.0,0.7,0.03,2,1785588273.7749875,True,True,True,False,1785588180.3832192,False,True,1,0,False
1785430955.7579584,20,1785588283.7546413,37.489127946898606,0.5969962615396354,36.706721599145496,True,37.5,36.5,38.6,0.95,0.05,0.0,0.7,0.03,2,1785588293.784049,True,True,True,False,1785588180.3832192,False,True,1,0,False
1785430955.7579584,20,1785588303.7620752,37.48645761806668,0.5970916304264897,36.70939192797742,True,37.5,36.5,38.6,0.95,0.05,0.0,0.7,0.03,2,1785588313.78961,True,True,True,False,1785588180.3832192,False,True,1,0,False
1785430955.7579584,20,1785588323.769011,37.52384222171359,0.597186999313344,36.72007324330511,True,37.5,36.5,38.6,0.95,0.05,0.0,0.7,0.03,2,1785588333.7974396,True,False,True,False,1785588180.3832192,False,1,0,0,False
1785430955.7579584,20,1785588343.7767076,37.53986419470512,0.5970916304264897,36.73609521629663,True,37.5,36.5,38.6,0.95,0.05,0.0,0.7,0.03,2,1785588353.8051944,True,False,True,True,1785588360.3832264,False,1,0,0,False
1785430955.7579584,20,1785588363.7844217,37.550545510032805,0.5972251468680858,36.725413900968945,True,37.5,36.5,38.6,0.95,0.05,0.0,0.7,0.03,2,1785588373.812987,True,False,True,True,1785588360.3832264,False,1,0,0,False
1785430955.7579584,20,1785588383.7922285,37.56389715419242,0.5974540321965363,36.75745784695201,True,37.5,36.5,38.6,0.95,0.05,0.0,0.7,0.03,2,1785588393.821501,True,True,True,False,1785588360.3832264,False,1,0,0,False
1785430955.7579584,20,1785588403.799273,37.507820248722055,0.597186999313344,36.73342488746471,True,37.5,36.5,38.6,0.95,0.05,0.0,0.7,0.03,2,1785588413.8296711,True,False,True,False,1785588360.3832264,False,1,0,0,False
1785430955.7579584,20,1785588423.8087144,37.52918287937743,0.5972442206454567,36.749446860456246,True,37.5,36.5,38.6,0.95,0.05,0.0,0.7,0.03,2,1785588433.8358843,True,False,True,False,1785588360.3832264,False,1,0,0,False
1785430955.7579584,20,1785588443.815643,37.49980926222629,0.5969199664301519,36.71206225680933,True,37.5,36.5,38.6,0.95,0.05,0.0,0.7,0.03,2,1785588453.8455021,True,False,True,False,1785588360.3832264,False,True,1,0,False
1785430955.7579584,20,1785588463.8229213,37.49179827573053,0.597034409094377,36.69069962615396,True,37.5,36.5,38.6,0.95,0.05,0.0,0.7,0.03,2,1785588473.850043,True,False,True,False,1785588360.3832264,False,True,1,0,False
1785430955.7579584,20,1785588483.8293667,37.49980926222629,0.5967292286564431,36.69604028381781,True,37.5,36.5,38.6,0.95,0.05,0.0,0.7,0.03,2,1785588493.8586805,True,True,True,False,1785588360.3832264,False,True,1,0,False
1785430955.7579584,20,1785588503.835681,37.465094987411305,0.5966720073243305,36.682688639658195,True,37.5,36.5,38.6,0.95,0.05,0.0,0.7,0.03,2,1785588513.8632207,True,True,True,False,1785588360.3832264,False,True,1,0,False
1785430955.7579584,20,1785588523.8420527,37.470435645075156,0.5971488517586023,36.698710612649734,True,37.5,36.5,38.6,0.95,0.05,0.0,0.7,0.03,2,1785588533.870055,True,False,True,True,1785588540.3832655,False,True,1,0,False
1785430955.7579584,20,1785588543.848404,37.49713893339437,0.5969390402075228,36.72007324330511,True,37.5,36.5,38.6,0.95,0.05,0.0,0.7,0.03,2,1785588553.8758957,True,True,True,True,1785588540.3832655,False,True,1,0,False
1785430955.7579584,20,1785588563.8548641,37.507820248722055,0.5970534828717479,36.725413900968945,True,37.5,36.5,38.6,0.95,0.05,0.0,0.7,0.03,2,1785588573.881998,True,False,True,False,1785588540.3832655,False,1,0,0,False
1785430955.7579584,20,1785588583.861387,37.49980926222629,0.596614785992218,36.72007324330511,True,37.5,36.5,38.6,0.95,0.05,0.0,0.7,0.03,2,1785588593.8887303,True,False,True,False,1785588540.3832655,False,True,1,0,False
1785430955.7579584,20,1785588603.8676915,37.513160906385906,0.5971297779812313,36.71740291447318,True,37.5,36.5,38.6,0.95,0.05,0.0,0.7,0.03,2,1785588613.895022,True,False,True,False,1785588540.3832655,False,1,0,0,False
1785430955.7579584,20,1785588623.8740652,37.507820248722055,0.5969962615396354,36.72808422980087,True,37.5,36.5,38.6,0.95,0.05,0.0,0.7,0.03,2,1785588633.901268,True,True,True,False,1785588540.3832655,False,1,0,0,False
1785430955.7579584,20,1785588643.8804643,37.53719386587319,0.5970916304264897,36.72274357213702,True,37.5,36.5,38.6,0.95,0.05,0.0,0.7,0.03,2,1785588653.9079454,True,True,True,False,1785588540.3832655,False,1,0,0,False
1785430955.7579584,20,1785588663.887594,37.52918287937743,0.5969581139848935,36.72808422980087,True,37.5,36.5,38.6,0.95,0.05,0.0,0.7,0.03,2,1785588673.9159734,True,False,True,False,1785588540.3832655,False,1,0,0,False
1785430955.7579584,20,1785588683.8954406,37.53719386587319,0.5972060730907148,36.71206225680933,True,37.5,36.5,38.6,0.95,0.05,0.0,0.7,0.03,2,1785588693.923347,True,False,True,False,1785588540.3832655,False,1,0,0,False
1785430955.7579584,20,1785588703.9026244,37.50247959105822,0.5968245975432974,36.72007324330511,True,37.5,36.5,38.6,0.95,0.05,0.0,0.7,0.03,2,1785588713.9336236,True,False,True,True,1785588720.3832822,False,1,0,0,False
1785430955.7579584,20,1785588723.9092474,37.49713893339437,0.5971488517586023,36.70939192797742,True,37.5,36.5,38.6,0.95,0.05,0.0,0.7,0.03,2,1785588733.9390962,True,True,True,True,1785588720.3832822,False,True,1,0,False
1785430955.7579584,20,1785588743.915835,37.470435645075156,0.5968627450980393,36.69336995498588,True,37.5,36.5,38.6,0.95,0.05,0.0,0.7,0.03,2,1785588753.9440703,True,True,True,False,1785588720.3832822,False,True,1,0,False
1785430955.7579584,20,1785588763.9224727,37.47577630273899,0.5971297779812313,36.70405127031357,True,37.5,36.5,38.6,0.95,0.05,0.0,0.7,0.03,2,1785588773.9496233,True,True,True,False,1785588720.3832822,False,True,1,0,False
1785430955.7579584,20,1785588783.9289997,37.46242465857938,0.5966720073243305,36.69336995498588,True,37.5,36.5,38.6,0.95,0.05,0.0,0.7,0.03,2,1785588793.9559658,True,True,True,False,1785588720.3832822,False,True,1,0,False
1785430955.7579584,20,1785588803.9352348,37.48645761806668,0.5966338597695888,36.69069962615396,True,37.5,36.5,38.6,0.95,0.05,0.0,0.7,0.03,2,1785588813.9694445,True,False,True,False,1785588720.3832822,False,True,1,0,False
1785430955.7579584,20,1785588823.9417474,37.49179827573053,0.5966910811017014,36.706721599145496,True,37.5,36.5,38.6,0.95,0.05,0.0,0.7,0.03,2,1785588833.969022,True,False,True,False,1785588720.3832822,False,True,1,0,False
1785430955.7579584,20,1785588843.9489706,37.49980926222629,0.5970153353170062,36.69604028381781,True,37.5,36.5,38.6,0.95,0.05,0.0,0.7,0.03,2,1785588853.9775283,True,False,True,False,1785588720.3832822,False,True,1,0,False
1785430955.7579584,20,1785588863.9568174,37.52384222171359,0.5965194171053635,36.72274357213702,True,37.5,36.5,38.6,0.95,0.05,0.0,0.7,0.03,2,1785588873.9852378,True,False,True,False,1785588720.3832822,False,1,0,0,False
1785430955.7579584,20,1785588883.9645317,37.56389715419242,0.5970153353170062,36.73876554512856,True,37.5,36.5,38.6,0.95,0.05,0.0,0.7,0.03,2,1785588893.9929898,True,True,True,True,1785588900.383286,False,1,0,0,False
1785430955.7579584,20,1785588903.9722254,37.56122682536049,0.5972632944228274,36.73609521629663,True,37.5,36.5,38.6,0.95,0.05,0.0,0.7,0.03,2,1785588914.0005212,True,True,True,True,1785588900.383286,False,1,0,0,False
1785430955.7579584,20,1785588923.9799616,37.550545510032805,0.5973205157549402,36.741435873960484,True,37.5,36.5,38.6,0.95,0.05,0.0,0.7,0.03,2,1785588934.0084507,True,False,True,False,1785588900.383286,False,1,0,0,False
1785430955.7579584,20,1785588943.9877157,37.52384222171359,0.5967864499885558,36.73609521629663,True,37.5,36.5,38.6,0.95,0.05,0.0,0.7,0.03,2,1785588954.016119,True,True,True,False,1785588900.383286,False,1,0,0,False
1785430955.7579584,20,1785588963.9953887,37.513160906385906,0.5966720073243305,36.74677653162432,True,37.5,36.5,38.6,0.95,0.05,0.0,0.7,0.03,2,1785588974.0238647,True,False,True,False,1785588900.383286,False,1,0,0,False
1785430955.7579584,20,1785588984.003084,37.51049057755398,0.5966338597695888,36.730754558632796,True,37.5,36.5,38.6,0.95,0.05,0.0,0.7,0.03,2,1785588994.0314922,True,False,True,False,1785588900.383286,False,1,0,0,False
1785430955.7579584,20,1785589004.0108,37.50247959105822,0.5968627450980393,36.71206225680933,True,37.5,36.5,38.6,0.95,0.05,0.0,0.7,0.03,2,1785589014.0387073,True,True,True,False,1785588900.383286,False,1,0,0,False
1785430955.7579584,20,1785589024.0184681,37.481116960402844,0.5965575646601053,36.69069962615396,True,37.5,36.5,38.6,0.95,0.05,0.0,0.7,0.03,2,1785589034.046486,True,True,True,False,1785588900.383286,False,True,1,0,False
1785430955.7579584,20,1785589044.0254848,37.47310597390707,0.5965575646601053,36.706721599145496,True,37.5,36.5,38.6,0.95,0.05,0.0,0.7,0.03,2,1785589054.0538583,True,True,True,False,1785588900.383286,False,True,1,0,False
1785430955.7579584,20,1785589064.0324156,37.44907301441978,0.5969390402075228,36.69069962615396,True,37.5,36.5,38.6,0.95,0.05,0.0,0.7,0.03,2,1785589074.0603914,True,False,True,True,1785589080.3833125,False,True,1,0,False
1785430955.7579584,20,1785589084.0406406,37.47310597390707,0.5966529335469596,36.706721599145496,True,37.5,36.5,38.6,0.95,0.05,0.0,0.7,0.03,2,1785589094.0705657,True,False,True,True,1785589080.3833125,False,True,1,0,False
1785430955.7579584,20,1785589104.0470285,37.44907301441978,0.5966338597695888,36.67734798199436,True,37.5,36.5,38.6,0.95,0.05,0.0,0.7,0.03,2,1785589114.0779734,True,True,True,False,1785589080.3833125,False,True,1,0,False
1785430955.7579584,20,1785589124.0537229,37.44907301441978,0.5967483024338139,36.682688639658195,True,37.5,36.5,38.6,0.95,0.05,0.0,0.7,0.03,2,1785589134.0830016,True,False,True,False,1785589080.3833125,False,True,1,0,False
1785430955.7579584,20,1785589144.0601068,37.45975432974747,0.5967101548790723,36.70405127031357,True,37.5,36.5,38.6,0.95,0.05,0.0,0.7,0.03,2,1785589154.088066,True,True,True,False,1785589080.3833125,False,True,1,0,False
1785430955.7579584,20,1785589164.066969,37.470435645075156,0.596614785992218,36.682688639658195,True,37.5,36.5,38.6,0.95,0.05,0.0,0.7,0.03,2,1785589174.0943165,True,True,True,False,1785589080.3833125,False,True,1,0,False
1785430955.7579584,20,1785589184.0733058,37.489127946898606,0.5966720073243305,36.70405127031357,True,37.5,36.5,38.6,0.95,0.05,0.0,0.7,0.03,2,1785589194.1007543,True,False,True,False,1785589080.3833125,False,True,1,0,False
1785430955.7579584,20,1785589204.08029,37.49713893339437,0.5964049744411384,36.744106202792395,True,37.5,36.5,38.6,0.95,0.05,0.0,0.7,0.03,2,1785589214.1083307,False,True,True,False,1785589080.3833125,False,True,1,0,False
1785430955.7579584,20,1785589224.087232,37.422369726100555,0.5965766384374761,36.75478751812008,True,37.5,36.5,38.6,0.95,0.05,0.0,0.7,0.03,2,1785589234.1139395,False,True,True,False,1785589080.3833125,False,True,1,0,False
1785430955.7579584,20,1785589244.0932784,37.371633478294044,0.5964812695506219,36.78149080643931,True,37.5,36.5,38.6,0.95,0.05,0.0,0.7,0.03,2,1785589254.1203642,False,True,True,True,1785589260.3833296,False,True,1,0,False
1785430955.7579584,20,1785589264.0992417,37.32089723048753,0.5962714579995422,36.80285343709468,True,37.5,36.5,38.6,0.95,0.05,0.0,0.7,0.03,2,1785589274.1263297,False,True,True,True,1785589260.3833296,False,True,1,0,False
1785430955.7579584,20,1785589284.105261,37.30754558632792,0.5963859006637675,36.81353475242237,True,37.5,36.5,38.6,0.95,0.05,0.0,0.7,0.03,2,1785589294.1324105,False,True,True,False,1785589260.3833296,False,True,1,0,False
1785430955.7579584,20,1785589304.1112635,37.30487525749599,0.596595712214847,36.83756771190967,True,37.5,36.5,38.6,0.95,0.05,0.0,0.7,0.03,2,1785589314.1384177,False,True,True,False,1785589260.3833296,False,True,1,0,False
1785430955.7579584,20,1785589324.1172702,37.28885328450447,0.5965575646601053,36.84290836957351,True,37.5,36.5,38.6,0.95,0.05,0.0,0.7,0.03,2,1785589334.1443703,False,True,True,False,1785589260.3833296,False,True,1,0,False
1785430955.7579584,20,1785589344.1232185,37.267490653849094,0.5961570153353171,36.87495231555657,True,37.5,36.5,38.6,0.95,0.05,0.0,0.7,0.03,2,1785589354.149891,False,True,True,False,1785589260.3833296,False,True,1,0,False
1785430955.7579584,20,1785589364.1292744,37.294193942168306,0.5964812695506219,36.901655603875795,True,37.5,36.5,38.6,0.95,0.05,0.0,0.7,0.03,2,1785589374.156424,False,True,True,False,1785589260.3833296,False,True,1,0,False
1785430955.7579584,20,1785589384.1352358,37.29152361333638,0.5965003433279926,36.88029297322042,True,37.5,36.5,38.6,0.95,0.05,0.0,0.7,0.03,2,1785589394.1622925,False,True,True,False,1785589260.3833296,False,True,1,0,False
1785430955.7579584,20,1785589404.141209,37.29953459983216,0.596462195773251,36.92568856336308,True,37.5,36.5,38.6,0.95,0.05,0.0,0.7,0.03,2,1785589414.1677618,False,True,True,False,1785589260.3833296,False,True,1,0,False
1785430955.7579584,20,1785589424.147124,37.30487525749599,0.5965003433279926,36.915007248035394,True,37.5,36.5,38.6,0.95,0.05,0.0,0.7,0.03,2,1785589434.1742387,False,True,True,True,1785589440.3833575,False,True,1,0,False
1785430955.7579584,20,1785589444.1532137,37.30754558632792,0.5960044251163501,36.93636987869077,True,37.5,36.5,38.6,0.95,0.05,0.0,0.7,0.03,2,1785589454.1803665,False,True,True,True,1785589440.3833575,False,True,1,0,False
1785430955.7579584,20,1785589464.1592307,37.32089723048753,0.5965003433279926,36.95239185168231,True,37.5,36.5,38.6,0.95,0.05,0.0,0.7,0.03,2,1785589474.1862886,False,True,True,False,1785589440.3833575,False,True,1,0,False
1785430955.7579584,20,1785589484.165201,37.33424887464713,0.5962333104448005,36.92568856336308,True,37.5,36.5,38.6,0.95,0.05,0.0,0.7,0.03,2,1785589494.1917653,False,True,True,False,1785589440.3833575,False,True,1,0,False
1785430955.7579584,20,1785589504.1711228,37.310215915159844,0.5963286793316549,36.97642481116961,True,37.5,36.5,38.6,0.95,0.05,0.0,0.7,0.03,2,1785589514.1977878,False,True,True,False,1785589440.3833575,False,True,1,0,False
1785430955.7579584,20,1785589524.1771443,37.34760051880674,0.5961188677805752,36.97108415350576,True,37.5,36.5,38.6,0.95,0.05,0.0,0.7,0.03,2,1785589534.2067769,False,True,True,False,1785589440.3833575,False,True,1,0,False
1785430955.7579584,20,1785589544.183404,37.352941176470594,0.59644312199588,36.99244678416113,True,37.5,36.5,38.6,0.95,0.05,0.0,0.7,0.03,2,1785589554.2130098,False,True,True,False,1785589440.3833575,False,True,1,0,False
1785430955.7579584,20,1785589564.1896846,37.35828183413443,0.596595712214847,36.987106126497295,True,37.5,36.5,38.6,0.95,0.05,0.0,0.7,0.03,2,1785589574.2189982,False,True,True,False,1785589440.3833575,False,True,1,0,False
1785430955.7579584,20,1785589584.1959429,37.371633478294044,0.5961379415579461,37.01915007248036,True,37.5,36.5,38.6,0.95,0.05,0.0,0.7,0.03,2,1785589594.2235076,False,True,True,False,1785589440.3833575,False,True,1,0,False
1785430955.7579584,20,1785589604.2022219,37.395666437781344,0.5963668268863965,37.053864347295345,True,37.5,36.5,38.6,0.95,0.05,0.0,0.7,0.03,2,1785589614.2293403,False,True,True,True,1785589620.3833795,False,True,1,0,False
1785430955.7579584,20,1785589624.2081897,37.41702906843672,0.596462195773251,37.04318303196766,True,37.5,36.5,38.6,0.95,0.05,0.0,0.7,0.03,2,1785589634.234983,False,True,True,True,1785589620.3833795,False,True,1,0,False
1785430955.7579584,20,1785589644.214331,37.41969939726863,0.5967673762111849,37.03250171663997,True,37.5,36.5,38.6,0.95,0.05,0.0,0.7,0.03,2,1785589654.2413924,False,True,True,False,1785589620.3833795,False,True,1,0,False
1785430955.7579584,20,1785589664.2203689,37.422369726100555,0.5965575646601053,37.04318303196766,True,37.5,36.5,38.6,0.95,0.05,0.0,0.7,0.03,2,1785589674.2474897,False,True,True,False,1785589620.3833795,False,True,1,0,False
1785430955.7579584,20,1785589684.2264035,37.41969939726863,0.596614785992218,37.053864347295345,True,37.5,36.5,38.6,0.95,0.05,0.0,0.7,0.03,2,1785589694.2534711,False,True,True,False,1785589620.3833795,False,True,1,0,False
1785430955.7579584,20,1785589704.2323372,37.45975432974747,0.5965384908827345,37.07789730678263,True,37.5,36.5,38.6,0.95,0.05,0.0,0.7,0.03,2,1785589714.259379,False,True,True,False,1785589620.3833795,False,True,1,0,False
1785430955.7579584,20,1785589724.2382784,37.45975432974747,0.5965575646601053,37.09391927977417,True,37.5,36.5,38.6,0.95,0.05,0.0,0.7,0.03,2,1785589734.265396,False,True,True,False,1785589620.3833795,False,True,1,0,False
1785430955.7579584,20,1785589744.2443035,37.470435645075156,0.59644312199588,37.067215991454944,True,37.5,36.5,38.6,0.95,0.05,0.0,0.7,0.03,2,1785589754.2713766,False,True,True,False,1785589620.3833795,False,True,1,0,False
1785430955.7579584,20,1785589764.250292,37.45975432974747,0.5966338597695888,37.12062256809338,True,37.5,36.5,38.6,0.95,0.05,0.0,0.7,0.03,2,1785589774.2774174,False,True,True,False,1785589620.3833795,False,True,1,0,False
1785430955.7579584,20,1785589784.2563145,37.47310597390707,0.5965575646601053,37.12062256809338,True,37.5,36.5,38.6,0.95,0.05,0.0,0.7,0.03,2,1785589794.283384,False,True,True,True,1785589800.383397,False,True,1,0,False
1785430955.7579584,20,1785589804.2622588,34.73601892118715,0.5932005798428321,35.95368886854352,True,37.5,36.5,38.6,0.95,0.05,0.0,0.7,0.03,2,1785589834.295596,False,False,True,False,1785589800.383397,False,True,1,1,False
1785430955.7579584,20,1785589844.275194,34.6078431372549,0.5929526207370108,35.51575494010834,True,37.5,36.5,38.6,0.95,0.05,0.0,0.7,0.03,2,1785589854.3030705,False,False,True,False,1785589800.383397,False,True,1,1,False
1785430955.7579584,20,1785589864.2828205,34.981689173723964,0.5934866865033952,35.55580987258716,True,37.5,36.5,38.6,0.95,0.05,0.0,0.7,0.03,2,1785589874.3107882,False,True,True,False,1785589800.383397,False,True,1,1,False
1785430955.7579584,20,1785589884.2897196,35.30479896238651,0.5937155718318456,35.69199664301519,True,37.5,36.5,38.6,0.95,0.05,0.0,0.7,0.03,2,1785589894.3168478,False,True,True,False,1785589800.383397,False,True,1,1,False
1785430955.7579584,20,1785589904.29582,35.61455710688945,0.5942114900434882,35.830853742275124,True,37.5,36.5,38.6,0.95,0.05,0.0,0.7,0.03,2,1785589914.3228679,False,True,True,False,1785589800.383397,False,True,1,1,False
1785430955.7579584,20,1785589924.3019545,35.85488670176241,0.5944594491493095,35.967040512703136,True,37.5,36.5,38.6,0.95,0.05,0.0,0.7,0.03,2,1785589934.3290505,False,True,True,False,1785589800.383397,False,True,1,1,False
1785430955.7579584,20,1785589944.307911,36.07919432364386,0.5944785229266805,36.09788662546731,True,37.5,36.5,38.6,0.95,0.05,0.0,0.7,0.03,2,1785589954.3350139,False,True,True,False,1785589800.383397,False,True,1,1,False
1785430955.7579584,20,1785589964.313958,36.2554360265507,0.5947646295872434,36.20737010757611,True,37.5,36.5,38.6,0.95,0.05,0.0,0.7,0.03,2,1785589974.34108,False,True,True,True,1785589980.3834012,False,True,1,1,False
1785430955.7579584,20,1785589984.3200486,36.418326085297934,0.5947837033646144,36.332875562676435,True,37.5,36.5,38.6,0.95,0.05,0.0,0.7,0.03,2,1785589994.3471348,False,True,True,True,1785589980.3834012,False,True,1,1,False
1785430955.7579584,20,1785590004.3260374,36.589227130540934,0.5955466544594492,36.43968871595331,True,37.5,36.5,38.6,0.95,0.05,0.0,0.7,0.03,2,1785590014.3531117,False,True,True,False,1785589980.3834012,False,True,1,0,False
1785430955.7579584,20,1785590024.331958,36.69604028381781,0.5954703593499657,36.51979858091096,True,37.5,36.5,38.6,0.95,0.05,0.0,0.7,0.03,2,1785590034.359051,False,True,True,False,1785589980.3834012,False,True,1,0,False
1785430955.7579584,20,1785590044.3380234,36.77615014877546,0.5955657282368201,36.56252384222171,True,37.5,36.5,38.6,0.95,0.05,0.0,0.7,0.03,2,1785590054.3652148,False,True,True,False,1785589980.3834012,False,True,1,0,False
1785430955.7579584,20,1785590064.3440733,36.84557869840543,0.5956610971236743,36.613260090028234,True,37.5,36.5,38.6,0.95,0.05,0.0,0.7,0.03,2,1785590074.371177,False,True,True,False,1785589980.3834012,False,True,1,0,False
1785430955.7579584,20,1785590084.3501005,36.896314946211945,0.5959853513389791,36.64263370717937,True,37.5,36.5,38.6,0.95,0.05,0.0,0.7,0.03,2,1785590094.3767405,False,True,True,False,1785589980.3834012,False,True,1,0,False
1785430955.7579584,20,1785590104.3560274,36.93369954985886,0.5956229495689327,36.658655680170895,True,37.5,36.5,38.6,0.95,0.05,0.0,0.7,0.03,2,1785590114.3826108,False,True,True,False,1785589980.3834012,False,True,1,0,False
1785430955.7579584,20,1785590124.3620157,36.96574349584192,0.5957755397878997,36.66666666666667,True,37.5,36.5,38.6,0.95,0.05,0.0,0.7,0.03,2,1785590134.388639,False,True,True,False,1785589980.3834012,False,True,1,0,False
1785430955.7579584,20,1785590144.3680012,36.99244678416113,0.595718318455787,36.68001831082627,True,37.5,36.5,38.6,0.95,0.05,0.0,0.7,0.03,2,1785590154.3951027,False,True,True,True,1785590160.3834207,False,True,1,0,False
1785430955.7579584,20,1785590164.374016,37.024490730144194,0.5958518348973831,36.70939192797742,True,37.5,36.5,38.6,0.95,0.05,0.0,0.7,0.03,2,1785590174.401078,False,True,True,True,1785590160.3834207,False,True,1,0,False
1785430955.7579584,20,1785590184.3799238,37.03250171663997,0.5957564660105287,36.71740291447318,True,37.5,36.5,38.6,0.95,0.05,0.0,0.7,0.03,2,1785590194.4070213,False,True,True,False,1785590160.3834207,False,True,1,0,False
1785430955.7579584,20,1785590204.3859503,37.07522697795072,0.5955848020141908,36.76012817578393,True,37.5,36.5,38.6,0.95,0.05,0.0,0.7,0.03,2,1785590214.4130101,False,True,True,False,1785590160.3834207,False,True,1,0,False
1785430955.7579584,20,1785590224.391891,37.08590829327841,0.595718318455787,36.78149080643931,True,37.5,36.5,38.6,0.95,0.05,0.0,0.7,0.03,2,1785590234.4190166,False,True,True,False,1785590160.3834207,False,True,1,0,False
1785430955.7579584,20,1785590244.3979456,37.10193026626993,0.596023498893721,36.77615014877546,True,37.5,36.5,38.6,0.95,0.05,0.0,0.7,0.03,2,1785590254.4250364,False,True,True,False,1785590160.3834207,False,True,1,0,False
1785430955.7579584,20,1785590264.4039137,37.11261158159762,0.5959472037842375,36.78950179293507,True,37.5,36.5,38.6,0.95,0.05,0.0,0.7,0.03,2,1785590274.431131,False,True,True,False,1785590160.3834207,False,True,1,0,False
1785430955.7579584,20,1785590284.4100745,37.14732585641261,0.5958518348973831,36.78149080643931,True,37.5,36.5,38.6,0.95,0.05,0.0,0.7,0.03,2,1785590294.4366345,False,True,True,False,1785590160.3834207,False,True,1,0,False
1785430955.7579584,20,1785590304.4159467,37.16868848706798,0.5958518348973831,36.82421606775006,True,37.5,36.5,38.6,0.95,0.05,0.0,0.7,0.03,2,1785590314.4425225,False,True,True,False,1785590160.3834207,False,True,1,0,False
1785430955.7579584,20,1785590324.4219368,37.20607309071488,0.5959662775616082,36.86427100022888,True,37.5,36.5,38.6,0.95,0.05,0.0,0.7,0.03,2,1785590334.4490142,False,True,True,True,1785590340.3834236,False,True,1,0,False
1785430955.7579584,20,1785590344.4278698,37.21141374837873,0.5959090562294956,36.86160067139696,True,37.5,36.5,38.6,0.95,0.05,0.0,0.7,0.03,2,1785590354.455016,False,True,True,True,1785590340.3834236,False,True,1,0,False
1785430955.7579584,20,1785590364.4339507,37.227435721370256,0.5960616464484626,36.86961165789273,True,37.5,36.5,38.6,0.95,0.05,0.0,0.7,0.03,2,1785590374.4611013,False,True,True,False,1785590340.3834236,False,True,1,0,False
1785430955.7579584,20,1785590384.4398668,37.24078736552987,0.5960616464484626,36.872281986724644,True,37.5,36.5,38.6,0.95,0.05,0.0,0.7,0.03,2,1785590394.4670842,False,True,True,False,1785590340.3834236,False,True,1,0,False
1785430955.7579584,20,1785590404.4459095,37.25680933852141,0.5960616464484626,36.88296330205233,True,37.5,36.5,38.6,0.95,0.05,0.0,0.7,0.03,2,1785590414.472969,False,True,True,False,1785590340.3834236,False,True,1,0,False
1785430955.7579584,20,1785590424.4518695,37.25680933852141,0.596309605554284,36.89898527504387,True,37.5,36.5,38.6,0.95,0.05,0.0,0.7,0.03,2,1785590434.478979,False,True,True,False,1785590340.3834236,False,True,1,0,False
1785430955.7579584,20,1785590444.4578903,37.27817196917678,0.5959662775616082,36.94171053635462,True,37.5,36.5,38.6,0.95,0.05,0.0,0.7,0.03,2,1785590454.4849396,False,True,True,False,1785590340.3834236,False,True,1,0,False
1785430955.7579584,20,1785590464.4638145,37.30487525749599,0.5960997940032045,36.92835889219501,True,37.5,36.5,38.6,0.95,0.05,0.0,0.7,0.03,2,1785590474.4909265,False,True,True,False,1785590340.3834236,False,True,1,0,False
1785430955.7579584,20,1785590484.4698133,37.30220492866407,0.5959472037842375,36.93636987869077,True,37.5,36.5,38.6,0.95,0.05,0.0,0.7,0.03,2,1785590494.4969141,False,True,True,False,1785590340.3834236,False,True,1,0,False
1785430955.7579584,20,1785590504.4757922,37.32356755931944,0.5962142366674296,36.963073167009995,True,37.5,36.5,38.6,0.95,0.05,0.0,0.7,0.03,2,1785590514.504135,False,True,True,True,1785590520.3834386,False,True,1,0,False
1785430955.7579584,20,1785590524.4818938,37.33424887464713,0.5959281300068666,36.95506218051423,True,37.5,36.5,38.6,0.95,0.05,0.0,0.7,0.03,2,1785590534.5090108,False,True,True,True,1785590520.3834386,False,True,1,0,False
1785430955.7579584,20,1785590544.4879122,37.360952162966356,0.5960044251163501,36.96841382467383,True,37.5,36.5,38.6,0.95,0.05,0.0,0.7,0.03,2,1785590554.5150135,False,True,True,False,1785590520.3834386,False,True,1,0,False
1785430955.7579584,20,1785590564.4939768,37.37697413595788,0.5962714579995422,37.00312809948882,True,37.5,36.5,38.6,0.95,0.05,0.0,0.7,0.03,2,1785590574.5210752,False,True,True,False,1785590520.3834386,False,True,1,0,False
1785430955.7579584,20,1785590584.4999337,37.379644464789806,0.5962714579995422,37.01647974364843,True,37.5,36.5,38.6,0.95,0.05,0.0,0.7,0.03,2,1785590594.5266478,False,True,True,False,1785590520.3834386,False,True,1,0,False
1785430955.7579584,20,1785590604.505906,37.379644464789806,0.596462195773251,37.01647974364843,True,37.5,36.5,38.6,0.95,0.05,0.0,0.7,0.03,2,1785590614.5330138,False,True,True,False,1785590520.3834386,False,True,1,0,False
1785430955.7579584,20,1785590624.511862,37.40100709544518,0.5961188677805752,37.04318303196766,True,37.5,36.5,38.6,0.95,0.05,0.0,0.7,0.03,2,1785590634.538938,False,True,True,False,1785590520.3834386,False,True,1,0,False
1785430955.7579584,20,1785590644.5179017,37.40634775310903,0.5963286793316549,37.02716105897612,True,37.5,36.5,38.6,0.95,0.05,0.0,0.7,0.03,2,1785590654.5450013,False,True,True,False,1785590520.3834386,False,True,1,0,False
1785430955.7579584,20,1785590664.5238574,37.422369726100555,0.5962333104448005,37.067215991454944,True,37.5,36.5,38.6,0.95,0.05,0.0,0.7,0.03,2,1785590674.55092,False,True,True,False,1785590520.3834386,False,True,1,0,False
1785430955.7579584,20,1785590684.5298438,37.41435873960479,0.596023498893721,37.06454566262303,True,37.5,36.5,38.6,0.95,0.05,0.0,0.7,0.03,2,1785590694.5569506,False,True,True,True,1785590700.3834598,False,True,1,0,False
1785430955.7579584,20,1785590704.5358036,37.43572137026017,0.5959472037842375,37.08590829327841,True,37.5,36.5,38.6,0.95,0.05,0.0,0.7,0.03,2,1785590714.5624135,False,True,True,True,1785590700.3834598,False,True,1,0,False
1785430955.7579584,20,1785590724.5417714,37.446402685587856,0.5959662775616082,37.05653467612726,True,37.5,36.5,38.6,0.95,0.05,0.0,0.7,0.03,2,1785590734.5683005,False,True,True,False,1785590700.3834598,False,True,1,0,False
1785430955.7579584,20,1785590744.5476258,37.45708400091554,0.5961188677805752,37.06988632028687,True,37.5,36.5,38.6,0.95,0.05,0.0,0.7,0.03,2,1785590754.5742805,False,True,True,False,1785590700.3834598,False,True,1,0,False
1785430955.7579584,20,1785590764.5536842,37.50514991989013,0.5962714579995422,37.09391927977417,True,37.5,36.5,38.6,0.95,0.05,0.0,0.7,0.03,2,1785590774.5804472,False,True,True,False,1785590700.3834598,False,1,0,0,False
1785430955.7579584,20,1785590784.5597827,37.48645761806668,0.5963859006637675,37.08056763561456,True,37.5,36.5,38.6,0.95,0.05,0.0,0.7,0.03,2,1785590794.5869238,False,True,True,False,1785590700.3834598,False,True,1,0,False
1785430955.7579584,20,1785590804.5658457,37.507820248722055,0.5960807202258336,37.12329289692531,True,37.5,36.5,38.6,0.95,0.05,0.0,0.7,0.03,2,1785590814.5928845,False,True,True,False,1785590700.3834598,False,1,0,0,False
1785430955.7579584,20,1785590824.5717816,37.507820248722055,0.5959472037842375,37.139314869916845,True,37.5,36.5,38.6,0.95,0.05,0.0,0.7,0.03,2,1785590834.5988579,False,True,True,False,1785590700.3834598,False,1,0,0,False
1785430955.7579584,20,1785590844.577848,37.470435645075156,0.595870908674754,37.12863355458916,True,37.5,36.5,38.6,0.95,0.05,0.0,0.7,0.03,2,1785590854.6044247,False,True,True,False,1785590700.3834598,False,True,1,0,False
1785430955.7579584,20,1785590864.5838072,37.49179827573053,0.5963286793316549,37.12062256809338,True,37.5,36.5,38.6,0.95,0.05,0.0,0.7,0.03,2,1785590874.610455,False,True,True,True,1785590880.3834941,False,True,1,0,False
1785430955.7579584,20,1785590884.5898902,37.489127946898606,0.5961951628900587,37.11261158159762,True,37.5,36.5,38.6,0.95,0.05,0.0,0.7,0.03,2,1785590894.616986,False,True,True,True,1785590880.3834941,False,True,1,0,False
1785430955.7579584,20,1785590904.5958629,37.49446860456244,0.5961760891126879,37.11795223926147,True,37.5,36.5,38.6,0.95,0.05,0.0,0.7,0.03,2,1785590914.622402,False,True,True,False,1785590880.3834941,False,True,1,0,False
1785430955.7579584,20,1785590924.601811,37.47844663157092,0.5962333104448005,37.12062256809338,True,37.5,36.5,38.6,0.95,0.05,0.0,0.7,0.03,2,1785590934.6288707,False,True,True,False,1785590880.3834941,False,True,1,0,False
1785430955.7579584,20,1785590944.6077342,37.483787289234755,0.5959853513389791,37.12329289692531,True,37.5,36.5,38.6,0.95,0.05,0.0,0.7,0.03,2,1785590954.634931,False,True,True,False,1785590880.3834941,False,True,1,0,False
1785430955.7579584,20,1785590964.6138299,37.483787289234755,0.5961951628900587,37.13130388342107,True,37.5,36.5,38.6,0.95,0.05,0.0,0.7,0.03,2,1785590974.6409528,False,True,True,False,1785590880.3834941,False,True,1,0,False
1785430955.7579584,20,1785590984.6198287,37.507820248722055,0.5964812695506219,37.12863355458916,True,37.5,36.5,38.6,0.95,0.05,0.0,0.7,0.03,2,1785590994.646955,False,True,True,False,1785590880.3834941,False,1,0,0,False
1785430955.7579584,20,1785591004.6258404,37.507820248722055,0.596023498893721,37.16067750057222,True,37.5,36.5,38.6,0.95,0.05,0.0,0.7,0.03,2,1785591014.652446,False,True,True,False,1785590880.3834941,False,1,0,0,False
1785430955.7579584,20,1785591024.6317887,37.513160906385906,0.5960807202258336,37.15533684290837,True,37.5,36.5,38.6,0.95,0.05,0.0,0.7,0.03,2,1785591034.6588724,False,True,True,False,1785590880.3834941,False,1,0,0,False
1785430955.7579584,20,1785591044.637761,37.507820248722055,0.596023498893721,37.14465552758068,True,37.5,36.5,38.6,0.95,0.05,0.0,0.7,0.03,2,1785591054.664337,False,True,True,True,1785591060.383528,False,1,0,0,False
1785430955.7579584,20,1785591064.6436746,37.52918287937743,0.596309605554284,37.158007171740294,True,37.5,36.5,38.6,0.95,0.05,0.0,0.7,0.03,2,1785591074.6707804,False,True,True,True,1785591060.383528,False,1,0,0,False
1785430955.7579584,20,1785591084.649769,37.526512550545505,0.5958518348973831,37.12863355458916,True,37.5,36.5,38.6,0.95,0.05,0.0,0.7,0.03,2,1785591094.676919,False,True,True,False,1785591060.383528,False,1,0,0,False
1785430955.7579584,20,1785591104.6558092,37.53719386587319,0.596023498893721,37.12863355458916,True,37.5,36.5,38.6,0.95,0.05,0.0,0.7,0.03,2,1785591114.682876,False,True,True,False,1785591060.383528,False,1,0,0,False
1785430955.7579584,20,1785591124.6618164,37.489127946898606,0.5959090562294956,37.115281910429545,True,37.5,36.5,38.6,0.95,0.05,0.0,0.7,0.03,2,1785591134.6889257,False,True,True,False,1785591060.383528,False,True,1,0,False
1785430955.7579584,20,1785591144.667772,37.46776531624323,0.595870908674754,37.096589608606095,True,37.5,36.5,38.6,0.95,0.05,0.0,0.7,0.03,2,1785591154.6948965,False,True,True,False,1785591060.383528,False,True,1,0,False
1785430955.7579584,20,1785591164.6737626,37.46242465857938,0.5960425726710917,37.08323796444648,True,37.5,36.5,38.6,0.95,0.05,0.0,0.7,0.03,2,1785591174.7008853,False,True,True,False,1785591060.383528,False,True,1,0,False
1785430955.7579584,20,1785591184.6797535,37.44373235675593,0.5959662775616082,37.091248950942244,True,37.5,36.5,38.6,0.95,0.05,0.0,0.7,0.03,2,1785591194.7063842,False,True,True,False,1785591060.383528,False,True,1,0,False
1785430955.7579584,20,1785591204.6858318,37.47577630273899,0.5958518348973831,37.11261158159762,True,37.5,36.5,38.6,0.95,0.05,0.0,0.7,0.03,2,1785591214.7128847,False,True,True,False,1785591060.383528,False,True,1,0,False
1785430955.7579584,20,1785591224.6917884,37.47577630273899,0.5959090562294956,37.11795223926147,True,37.5,36.5,38.6,0.95,0.05,0.0,0.7,0.03,2,1785591234.718526,False,True,True,True,1785591240.383554,False,True,1,0,False
1785430955.7579584,20,1785591244.6978555,37.47577630273899,0.5959472037842375,37.091248950942244,True,37.5,36.5,38.6,0.95,0.05,0.0,0.7,0.03,2,1785591254.7249086,False,True,True,True,1785591240.383554,False,True,1,0,False
1785430955.7579584,20,1785591264.7037566,37.513160906385906,0.5962142366674296,37.10460059510186,True,37.5,36.5,38.6,0.95,0.05,0.0,0.7,0.03,2,1785591274.7308388,False,True,True,False,1785591240.383554,False,1,0,0,False
1785430955.7579584,20,1785591284.7097664,37.50514991989013,0.5957373922331578,37.12863355458916,True,37.5,36.5,38.6,0.95,0.05,0.0,0.7,0.03,2,1785591294.7368581,False,True,True,False,1785591240.383554,False,1,0,0,False
1785430955.7579584,20,1785591304.7157505,37.526512550545505,0.5962333104448005,37.139314869916845,True,37.5,36.5,38.6,0.95,0.05,0.0,0.7,0.03,2,1785591314.7426136,False,True,True,False,1785591240.383554,False,1,0,0,False
1785430955.7579584,20,1785591324.7217684,37.51583123521782,0.5960807202258336,37.14732585641261,True,37.5,36.5,38.6,0.95,0.05,0.0,0.7,0.03,2,1785591334.748857,False,True,True,False,1785591240.383554,False,1,0,0,False
1785430955.7579584,20,1785591344.7277722,37.51583123521782,0.5960044251163501,37.133974212252994,True,37.5,36.5,38.6,0.95,0.05,0.0,0.7,0.03,2,1785591354.754886,False,True,True,False,1785591240.383554,False,1,0,0,False
1785430955.7579584,20,1785591364.7337935,37.51583123521782,0.5961570153353171,37.16334782940413,True,37.5,36.5,38.6,0.95,0.05,0.0,0.7,0.03,2,1785591374.7608812,False,True,True,False,1785591240.383554,False,1,0,0,False
1785430955.7579584,20,1785591384.7398095,37.507820248722055,0.5959853513389791,37.12863355458916,True,37.5,36.5,38.6,0.95,0.05,0.0,0.7,0.03,2,1785591394.7669559,False,True,True,False,1785591240.383554,False,1,0,0,False
1785430955.7579584,20,1785591404.7459037,37.48645761806668,0.5956229495689327,37.11795223926147,True,37.5,36.5,38.6,0.95,0.05,0.0,0.7,0.03,2,1785591414.7730067,False,True,True,True,1785591420.3835762,False,True,1,0,False
1785430955.7579584,20,1785591424.7518985,37.470435645075156,0.5955848020141908,37.133974212252994,True,37.5,36.5,38.6,0.95,0.05,0.0,0.7,0.03,2,1785591434.7784867,False,True,True,True,1785591420.3835762,False,True,1,0,False
1785430955.7579584,20,1785591444.757873,37.470435645075156,0.5958136873426413,37.10727092393378,True,37.5,36.5,38.6,0.95,0.05,0.0,0.7,0.03,2,1785591454.7844183,False,True,True,False,1785591420.3835762,False,True,1,0,False
1785430955.7579584,20,1785591464.7637277,37.45975432974747,0.5959853513389791,37.115281910429545,True,37.5,36.5,38.6,0.95,0.05,0.0,0.7,0.03,2,1785591474.790852,False,True,True,False,1785591420.3835762,False,True,1,0,False
1785430955.7579584,20,1785591484.769804,37.45174334325169,0.5958136873426413,37.11795223926147,True,37.5,36.5,38.6,0.95,0.05,0.0,0.7,0.03,2,1785591494.7969763,False,True,True,False,1785591420.3835762,False,True,1,0,False
1785430955.7579584,20,1785591504.7758656,37.483787289234755,0.5958518348973831,37.12863355458916,True,37.5,36.5,38.6,0.95,0.05,0.0,0.7,0.03,2,1785591514.8029132,False,True,True,False,1785591420.3835762,False,True,1,0,False
1785430955.7579584,20,1785591524.7819333,37.47310597390707,0.5957755397878997,37.14732585641261,True,37.5,36.5,38.6,0.95,0.05,0.0,0.7,0.03,2,1785591534.8091795,False,True,True,False,1785591420.3835762,False,True,1,0,False
1785430955.7579584,20,1785591544.7878923,37.50514991989013,0.596023498893721,37.133974212252994,True,37.5,36.5,38.6,0.95,0.05,0.0,0.7,0.03,2,1785591554.8151102,False,True,True,False,1785591420.3835762,False,1,0,0,False
1785430955.7579584,20,1785591564.7939298,37.52117189288167,0.5955085069047074,37.13664454108492,True,37.5,36.5,38.6,0.95,0.05,0.0,0.7,0.03,2,1785591574.8211935,False,True,True,False,1785591420.3835762,False,1,0,0,False
1785430955.7579584,20,1785591584.7998855,37.53452353704128,0.5958136873426413,37.14465552758068,True,37.5,36.5,38.6,0.95,0.05,0.0,0.7,0.03,2,1785591594.826446,False,True,True,True,1785591600.3835967,False,1,0,0,False
1785430955.7579584,20,1785591604.8058724,37.52384222171359,0.596023498893721,37.14465552758068,True,37.5,36.5,38.6,0.95,0.05,0.0,0.7,0.03,2,1785591614.8323953,False,True,True,True,1785591600.3835967,False,1,0,0,False
1785430955.7579584,20,1785591624.8117619,37.50247959105822,0.5957755397878997,37.14465552758068,True,37.5,36.5,38.6,0.95,0.05,0.0,0.7,0.03,2,1785591634.8386042,False,True,True,False,1785591600.3835967,False,1,0,0,False
1785430955.7579584,20,1785591644.8179188,37.49713893339437,0.5958518348973831,37.133974212252994,True,37.5,36.5,38.6,0.95,0.05,0.0,0.7,0.03,2,1785591654.8450024,False,True,True,False,1785591600.3835967,False,True,1,0,False
1785430955.7579584,20,1785591664.8238723,37.513160906385906,0.5958327611200122,37.12062256809338,True,37.5,36.5,38.6,0.95,0.05,0.0,0.7,0.03,2,1785591674.850938,False,True,True,False,1785591600.3835967,False,1,0,0,False
1785430955.7579584,20,1785591684.8298674,37.489127946898606,0.5956992446784162,37.12329289692531,True,37.5,36.5,38.6,0.95,0.05,0.0,0.7,0.03,2,1785591694.8569553,False,True,True,False,1785591600.3835967,False,True,1,0,False
1785430955.7579584,20,1785591704.8358037,37.47844663157092,0.5956801709010452,37.12863355458916,True,37.5,36.5,38.6,0.95,0.05,0.0,0.7,0.03,2,1785591714.862862,False,True,True,False,1785591600.3835967,False,True,1,0,False
1785430955.7579584,20,1785591724.8417804,37.489127946898606,0.5959090562294956,37.13130388342107,True,37.5,36.5,38.6,0.95,0.05,0.0,0.7,0.03,2,1785591734.8689075,False,True,True,False,1785591600.3835967,False,True,1,0,False
1785430955.7579584,20,1785591744.847757,37.47310597390707,0.5956610971236743,37.11795223926147,True,37.5,36.5,38.6,0.95,0.05,0.0,0.7,0.03,2,1785591754.874914,False,True,True,False,1785591600.3835967,False,True,1,0,False
1785430955.7579584,20,1785591764.8538334,37.49980926222629,0.5960616464484626,37.12062256809338,True,37.5,36.5,38.6,0.95,0.05,0.0,0.7,0.03,2,1785591774.8809981,False,True,True,True,1785591780.3836126,False,True,1,0,False
1785430955.7579584,20,1785591784.8598762,37.49713893339437,0.5958136873426413,37.12863355458916,True,37.5,36.5,38.6,0.95,0.05,0.0,0.7,0.03,2,1785591794.8869805,False,True,True,True,1785591780.3836126,False,True,1,0,False
1785430955.7579584,20,1785591804.8659058,37.49179827573053,0.5956229495689327,37.14999618524453,True,37.5,36.5,38.6,0.95,0.05,0.0,0.7,0.03,2,1785591814.8925014,False,True,True,False,1785591780.3836126,False,True,1,0,False
1785430955.7579584,20,1785591824.8718197,37.50247959105822,0.595718318455787,37.15533684290837,True,37.5,36.5,38.6,0.95,0.05,0.0,0.7,0.03,2,1785591834.8983788,False,True,True,False,1785591780.3836126,False,1,0,0,False
1785430955.7579584,20,1785591844.877937,37.50247959105822,0.5954703593499657,37.14465552758068,True,37.5,36.5,38.6,0.95,0.05,0.0,0.7,0.03,2,1785591854.9050834,False,True,True,False,1785591780.3836126,False,1,0,0,False
1785430955.7579584,20,1785591864.8839517,37.513160906385906,0.5959472037842375,37.158007171740294,True,37.5,36.5,38.6,0.95,0.05,0.0,0.7,0.03,2,1785591874.9110208,False,True,True,False,1785591780.3836126,False,1,0,0,False
1785430955.7579584,20,1785591884.8899622,37.49980926222629,0.5957946135652705,37.12863355458916,True,37.5,36.5,38.6,0.95,0.05,0.0,0.7,0.03,2,1785591894.9170067,False,True,True,False,1785591780.3836126,False,True,1,0,False
1785430955.7579584,20,1785591904.895868,37.52117189288167,0.5958899824521248,37.139314869916845,True,37.5,36.5,38.6,0.95,0.05,0.0,0.7,0.03,2,1785591914.9229991,False,True,True,False,1785591780.3836126,False,1,0,0,False
1785430955.7579584,20,1785591924.9019637,37.489127946898606,0.5954131380178531,37.14732585641261,True,37.5,36.5,38.6,0.95,0.05,0.0,0.7,0.03,2,1785591934.928455,False,True,True,False,1785591780.3836126,False,True,1,0,False
1785430955.7579584,20,1785591944.9079394,37.47310597390707,0.5956610971236743,37.11795223926147,True,37.5,36.5,38.6,0.95,0.05,0.0,0.7,0.03,2,1785591954.9350896,False,True,True,True,1785591960.383622,False,True,1,0,False
1785430955.7579584,20,1785591964.914013,37.49980926222629,0.5959281300068666,37.158007171740294,True,37.5,36.5,38.6,0.95,0.05,0.0,0.7,0.03,2,1785591974.9410443,False,True,True,True,1785591960.383622,False,True,1,0,False
1785430955.7579584,20,1785591984.9198732,37.49713893339437,0.5958136873426413,37.139314869916845,True,37.5,36.5,38.6,0.95,0.05,0.0,0.7,0.03,2,1785591994.946972,False,True,True,False,1785591960.383622,False,True,1,0,False
1785430955.7579584,20,1785592004.9259176,37.49713893339437,0.5956038757915617,37.12863355458916,True,37.5,36.5,38.6,0.95,0.05,0.0,0.7,0.03,2,1785592014.9529936,False,True,True,False,1785591960.383622,False,True,1,0,False
1785430955.7579584,20,1785592024.9318564,37.513160906385906,0.5955848020141908,37.15533684290837,True,37.5,36.5,38.6,0.95,0.05,0.0,0.7,0.03,2,1785592034.9589348,False,True,True,False,1785591960.383622,False,1,0,0,False
1785430955.7579584,20,1785592044.937875,37.53452353704128,0.5956420233463036,37.16067750057222,True,37.5,36.5,38.6,0.95,0.05,0.0,0.7,0.03,2,1785592054.9649253,False,True,True,False,1785591960.383622,False,1,0,0,False
1785430955.7579584,20,1785592064.9437912,37.51850156404974,0.5956420233463036,37.14732585641261,True,37.5,36.5,38.6,0.95,0.05,0.0,0.7,0.03,2,1785592074.9704928,False,True,True,False,1785591960.383622,False,1,0,0,False
1785430955.7579584,20,1785592084.9499433,37.51583123521782,0.5953177691309988,37.133974212252994,True,37.5,36.5,38.6,0.95,0.05,0.0,0.7,0.03,2,1785592094.9767206,False,True,True,False,1785591960.383622,False,1,0,0,False
1785430955.7579584,20,1785592104.956045,37.51049057755398,0.5954894331273366,37.139314869916845,True,37.5,36.5,38.6,0.95,0.05,0.0,0.7,0.03,2,1785592114.9826999,False,True,True,False,1785591960.383622,False,1,0,0,False
1785430955.7579584,20,1785592124.9620383,37.49446860456244,0.5955848020141908,37.141985198748756,True,37.5,36.5,38.6,0.95,0.05,0.0,0.7,0.03,2,1785592134.9891942,False,True,True,True,1785592140.3836293,False,True,1,0,False
1785430955.7579584,20,1785592144.9680164,37.489127946898606,0.595870908674754,37.11261158159762,True,37.5,36.5,38.6,0.95,0.05,0.0,0.7,0.03,2,1785592154.9951618,False,True,True,True,1785592140.3836293,False,True,1,0,False
1785430955.7579584,20,1785592164.9740179,37.49980926222629,0.5956992446784162,37.10460059510186,True,37.5,36.5,38.6,0.95,0.05,0.0,0.7,0.03,2,1785592175.0011165,False,True,True,False,1785592140.3836293,False,True,1,0,False
1785430955.7579584,20,1785592184.9799645,37.48645761806668,0.5952414740215153,37.10727092393378,True,37.5,36.5,38.6,0.95,0.05,0.0,0.7,0.03,2,1785592195.0065367,False,True,True,False,1785592140.3836293,False,True,1,0,False
1785430955.7579584,20,1785592204.9859715,37.470435645075156,0.5956229495689327,37.10727092393378,True,37.5,36.5,38.6,0.95,0.05,0.0,0.7,0.03,2,1785592215.0124764,False,True,True,False,1785592140.3836293,False,True,1,0,False
1785430955.7579584,20,1785592224.991888,37.481116960402844,0.5955657282368201,37.10727092393378,True,37.5,36.5,38.6,0.95,0.05,0.0,0.7,0.03,2,1785592235.0189972,False,True,True,False,1785592140.3836293,False,True,1,0,False
1785430955.7579584,20,1785592244.9979057,37.48645761806668,0.5956992446784162,37.12863355458916,True,37.5,36.5,38.6,0.95,0.05,0.0,0.7,0.03,2,1785592255.024999,False,True,True,False,1785592140.3836293,False,True,1,0,False
1785430955.7579584,20,1785592265.0038402,37.49713893339437,0.5953749904631113,37.14732585641261,True,37.5,36.5,38.6,0.95,0.05,0.0,0.7,0.03,2,1785592275.0309284,False,True,True,False,1785592140.3836293,False,True,1,0,False
1785430955.7579584,20,1785592285.0098627,37.489127946898606,0.5956229495689327,37.14465552758068,True,37.5,36.5,38.6,0.95,0.05,0.0,0.7,0.03,2,1785592295.0370243,False,True,True,False,1785592140.3836293,False,True,1,0,False
1785430955.7579584,20,1785592305.015835,37.52117189288167,0.5958518348973831,37.15533684290837,True,37.5,36.5,38.6,0.95,0.05,0.0,0.7,0.03,2,1785592315.042677,False,True,True,True,1785592320.3836434,False,1,0,0,False
1785430955.7579584,20,1785592325.0218658,37.531853208209355,0.5953177691309988,37.17402914473182,True,37.5,36.5,38.6,0.95,0.05,0.0,0.7,0.03,2,1785592335.048397,False,True,True,True,1785592320.3836434,False,1,0,0,False
1785430955.7579584,20,1785592345.027782,37.53719386587319,0.5956420233463036,37.17135881589991,True,37.5,36.5,38.6,0.95,0.05,0.0,0.7,0.03,2,1785592355.0543585,False,True,True,False,1785592320.3836434,False,1,0,0,False
1785430955.7579584,20,1785592365.0337844,37.54787518120088,0.5954131380178531,37.17936980239567,True,37.5,36.5,38.6,0.95,0.05,0.0,0.7,0.03,2,1785592375.0609164,False,True,True,False,1785592320.3836434,False,1,0,0,False
1785430955.7579584,20,1785592385.0397682,37.513160906385906,0.5954512855725947,37.182040131227595,True,37.5,36.5,38.6,0.95,0.05,0.0,0.7,0.03,2,1785592395.066417,False,True,True,False,1785592320.3836434,False,1,0,0,False
1785430955.7579584,20,1785592405.04567,37.53452353704128,0.5955657282368201,37.16601815823606,True,37.5,36.5,38.6,0.95,0.05,0.0,0.7,0.03,2,1785592415.0722961,False,True,True,False,1785592320.3836434,False,1,0,0,False
1785430955.7579584,20,1785592425.0515618,37.49713893339437,0.5954703593499657,37.16067750057222,True,37.5,36.5,38.6,0.95,0.05,0.0,0.7,0.03,2,1785592435.0787885,False,True,True,False,1785592320.3836434,False,True,1,0,False
1785430955.7579584,20,1785592445.0576675,37.49713893339437,0.5956420233463036,37.12863355458916,True,37.5,36.5,38.6,0.95,0.05,0.0,0.7,0.03,2,1785592455.084369,False,True,True,False,1785592320.3836434,False,True,1,0,False
1785430955.7579584,20,1785592465.0637977,37.470435645075156,0.5952605477988862,37.109941252765694,True,37.5,36.5,38.6,0.95,0.05,0.0,0.7,0.03,2,1785592475.0909324,False,True,True,False,1785592320.3836434,False,True,1,0,False
1785430955.7579584,20,1785592485.0698447,37.46242465857938,0.5952796215762569,37.11795223926147,True,37.5,36.5,38.6,0.95,0.05,0.0,0.7,0.03,2,1785592495.09702,False,True,True,True,1785592500.3836591,False,True,1,0,False
1785430955.7579584,20,1785592505.0759072,37.49980926222629,0.5952986953536278,37.12329289692531,True,37.5,36.5,38.6,0.95,0.05,0.0,0.7,0.03,2,1785592515.1031024,False,True,True,True,1785592500.3836591,False,True,1,0,False
1785430955.7579584,20,1785592525.0820134,37.47310597390707,0.5954131380178531,37.12596322575723,True,37.5,36.5,38.6,0.95,0.05,0.0,0.7,0.03,2,1785592535.1090875,False,True,True,False,1785592500.3836591,False,True,1,0,False
1785430955.7579584,20,1785592545.0879319,37.483787289234755,0.5951842526894027,37.12863355458916,True,37.5,36.5,38.6,0.95,0.05,0.0,0.7,0.03,2,1785592555.1145694,False,True,True,False,1785592500.3836591,False,True,1,0,False
1785430955.7579584,20,1785592565.0939481,37.526512550545505,0.5955848020141908,37.16868848706798,True,37.5,36.5,38.6,0.95,0.05,0.0,0.7,0.03,2,1785592575.1210787,False,True,True,False,1785592500.3836591,False,1,0,0,False
1785430955.7579584,20,1785592585.0999687,37.49713893339437,0.5952033264667734,37.12863355458916,True,37.5,36.5,38.6,0.95,0.05,0.0,0.7,0.03,2,1785592595.1270564,False,True,True,False,1785592500.3836591,False,True,1,0,False
1785430955.7579584,20,1785592605.106046,37.507820248722055,0.5954894331273366,37.16601815823606,True,37.5,36.5,38.6,0.95,0.05,0.0,0.7,0.03,2,1785592615.1331673,False,True,True,False,1785592500.3836591,False,1,0,0,False
1785430955.7579584,20,1785592625.1122355,37.49713893339437,0.5954703593499657,37.15533684290837,True,37.5,36.5,38.6,0.95,0.05,0.0,0.7,0.03,2,1785592635.139444,False,True,True,False,1785592500.3836591,False,True,1,0,False
1785430955.7579584,20,1785592645.1182568,37.507820248722055,0.5954131380178531,37.15533684290837,True,37.5,36.5,38.6,0.95,0.05,0.0,0.7,0.03,2,1785592655.1454725,False,True,True,False,1785592500.3836591,False,1,0,0,False
1785430955.7579584,20,1785592665.124227,37.50247959105822,0.5952605477988862,37.16868848706798,True,37.5,36.5,38.6,0.95,0.05,0.0,0.7,0.03,2,1785592675.1514819,False,True,True,True,1785592680.383686,False,1,0,0,False
1785430955.7579584,20,1785592685.130271,37.49980926222629,0.5950888838025483,37.16601815823606,True,37.5,36.5,38.6,0.95,0.05,0.0,0.7,0.03,2,1785592695.1575377,False,True,True,True,1785592680.383686,False,True,1,0,False
1785430955.7579584,20,1785592705.1363149,37.51049057755398,0.5956038757915617,37.15533684290837,True,37.5,36.5,38.6,0.95,0.05,0.0,0.7,0.03,2,1785592715.1634083,False,True,True,False,1785592680.383686,False,1,0,0,False
1785430955.7579584,20,1785592725.1422577,37.52117189288167,0.5953940642404822,37.14732585641261,True,37.5,36.5,38.6,0.95,0.05,0.0,0.7,0.03,2,1785592735.1693883,False,True,True,False,1785592680.383686,False,1,0,0,False
1785430955.7579584,20,1785592745.1483078,37.49980926222629,0.5954322117952239,37.12863355458916,True,37.5,36.5,38.6,0.95,0.05,0.0,0.7,0.03,2,1785592755.1754868,False,True,True,False,1785592680.383686,False,True,1,0,False
1785430955.7579584,20,1785592765.1544037,37.489127946898606,0.5954322117952239,37.12596322575723,True,37.5,36.5,38.6,0.95,0.05,0.0,0.7,0.03,2,1785592775.1815639,False,True,True,False,1785592680.383686,False,True,1,0,False
1785430955.7579584,20,1785592785.1604767,37.465094987411305,0.5954322117952239,37.10193026626993,True,37.5,36.5,38.6,0.95,0.05,0.0,0.7,0.03,2,1785592795.1870625,False,True,True,False,1785592680.383686,False,True,1,0,False
1785430955.7579584,20,1785592805.1663954,37.52384222171359,0.5954322117952239,37.133974212252994,True,37.5,36.5,38.6,0.95,0.05,0.0,0.7,0.03,2,1785592815.1933167,False,False,True,False,1785592680.383686,False,1,0,0,False
1785430955.7579584,20,1785592825.172532,37.67338063630122,0.5955275806820782,37.11261158159762,True,37.5,36.5,38.6,0.95,0.05,0.0,0.7,0.03,2,1785592835.1994824,True,True,True,False,1785592680.383686,False,1,0,0,False
1785430955.7579584,20,1785592845.1787848,37.74280918593118,0.5955466544594492,37.133974212252994,True,37.5,36.5,38.6,0.95,0.05,0.0,0.7,0.03,2,1785592855.2057636,True,True,True,True,1785592860.3837225,False,1,0,0,False
1785430955.7579584,20,1785592865.1850867,37.79087510490578,0.5952986953536278,37.13664454108492,True,37.5,36.5,38.6,0.95,0.05,0.0,0.7,0.03,2,1785592875.2124379,True,False,True,True,1785592860.3837225,False,1,0,0,False
1785430955.7579584,20,1785592885.1914196,37.80956740672923,0.5955466544594492,37.14465552758068,True,37.5,36.5,38.6,0.95,0.05,0.0,0.7,0.03,2,1785592895.218333,True,True,True,False,1785592860.3837225,False,1,0,0,False
1785430955.7579584,20,1785592905.1983883,37.830930037384604,0.5957946135652705,37.10727092393378,True,37.5,36.5,38.6,0.95,0.05,0.0,0.7,0.03,2,1785592915.2266774,True,True,True,False,1785592860.3837225,False,1,0,0,False
1785430955.7579584,20,1785592925.2060397,37.83627069504844,0.5954512855725947,37.099259937438006,True,37.5,36.5,38.6,0.95,0.05,0.0,0.7,0.03,2,1785592935.2350292,True,True,True,False,1785592860.3837225,False,1,0,0,False
1785430955.7579584,20,1785592945.2131011,37.83627069504844,0.595870908674754,37.08056763561456,True,37.5,36.5,38.6,0.95,0.05,0.0,0.7,0.03,2,1785592955.2400346,True,False,True,False,1785592860.3837225,False,1,0,0,False
1785430955.7579584,20,1785592965.2194793,37.85229266803998,0.5958518348973831,37.05653467612726,True,37.5,36.5,38.6,0.95,0.05,0.0,0.7,0.03,2,1785592975.2468135,True,True,True,False,1785592860.3837225,False,1,0,0,False
1785430955.7579584,20,1785592985.2264252,37.83360036621653,0.5957373922331578,37.05920500495918,True,37.5,36.5,38.6,0.95,0.05,0.0,0.7,0.03,2,1785592995.2557907,True,True,True,False,1785592860.3837225,False,1,0,0,False
1785430955.7579584,20,1785593005.2335992,37.78553444724193,0.5955085069047074,37.053864347295345,True,37.5,36.5,38.6,0.95,0.05,0.0,0.7,0.03,2,1785593015.263545,True,True,True,False,1785592860.3837225,False,1,0,0,False
1785430955.7579584,20,1785593025.2402065,37.77485313191424,0.595870908674754,37.03250171663997,True,37.5,36.5,38.6,0.95,0.05,0.0,0.7,0.03,2,1785593035.2688944,True,False,True,True,1785593040.383738,False,1,0,0,False
1785430955.7579584,20,1785593045.2466185,37.769512474250405,0.5955275806820782,37.048523689631494,True,37.5,36.5,38.6,0.95,0.05,0.0,0.7,0.03,2,1785593055.2740414,True,False,True,True,1785593040.383738,False,1,0,0,False
1785430955.7579584,20,1785593065.2531252,37.74814984359503,0.5954322117952239,37.04585336079957,True,37.5,36.5,38.6,0.95,0.05,0.0,0.7,0.03,2,1785593075.2829769,True,True,True,False,1785593040.383738,False,1,0,0,False
1785430955.7579584,20,1785593085.2596447,37.73479819943542,0.5956801709010452,37.01647974364843,True,37.5,36.5,38.6,0.95,0.05,0.0,0.7,0.03,2,1785593095.2895193,True,True,True,False,1785593040.383738,False,1,0,0,False
1785430955.7579584,20,1785593105.2662058,37.702754253452355,0.5955085069047074,37.011139085984595,True,37.5,36.5,38.6,0.95,0.05,0.0,0.7,0.03,2,1785593115.2955585,True,True,True,False,1785593040.383738,False,1,0,0,False
1785430955.7579584,20,1785593125.2728906,37.70809491111619,0.5953749904631113,36.981765468833444,True,37.5,36.5,38.6,0.95,0.05,0.0,0.7,0.03,2,1785593135.3001637,True,False,True,False,1785593040.383738,False,1,0,0,False
1785430955.7579584,20,1785593145.2791874,37.68139162279698,0.5952033264667734,36.97909514000152,True,37.5,36.5,38.6,0.95,0.05,0.0,0.7,0.03,2,1785593155.307799,True,False,True,False,1785593040.383738,False,1,0,0,False
1785430955.7579584,20,1785593165.2862065,37.660028992141605,0.5952414740215153,36.96574349584192,True,37.5,36.5,38.6,0.95,0.05,0.0,0.7,0.03,2,1785593175.314282,True,False,True,False,1785593040.383738,False,1,0,0,False
1785430955.7579584,20,1785593185.2938137,37.66269932097353,0.5950507362478065,36.95239185168231,True,37.5,36.5,38.6,0.95,0.05,0.0,0.7,0.03,2,1785593195.3221903,True,False,True,False,1785593040.383738,False,1,0,0,False
1785430955.7579584,20,1785593205.300976,37.641336690318155,0.5952224002441443,36.94171053635462,True,37.5,36.5,38.6,0.95,0.05,0.0,0.7,0.03,2,1785593215.3279433,True,True,True,True,1785593220.3837705,False,1,0,0,False
1785430955.7579584,20,1785593225.3073533,37.61463340199893,0.5950125886930648,36.94171053635462,True,37.5,36.5,38.6,0.95,0.05,0.0,0.7,0.03,2,1785593235.334284,True,False,True,True,1785593220.3837705,False,1,0,0,False
1785430955.7579584,20,1785593245.3137214,37.598611429007406,0.5950698100251773,36.90966659037156,True,37.5,36.5,38.6,0.95,0.05,0.0,0.7,0.03,2,1785593255.3410947,True,False,True,False,1785593220.3837705,False,1,0,0,False
1785430955.7579584,20,1785593265.3200564,37.57190814068818,0.5949935149156939,36.90699626153963,True,37.5,36.5,38.6,0.95,0.05,0.0,0.7,0.03,2,1785593275.3475156,True,False,True,False,1785593220.3837705,False,1,0,0,False
1785430955.7579584,20,1785593285.3264837,37.55855649652857,0.5948790722514687,36.89364461738002,True,37.5,36.5,38.6,0.95,0.05,0.0,0.7,0.03,2,1785593295.3560848,True,True,True,False,1785593220.3837705,False,1,0,0,False
1785430955.7579584,20,1785593305.3329585,37.526512550545505,0.594821850919356,36.88830395971618,True,37.5,36.5,38.6,0.95,0.05,0.0,0.7,0.03,2,1785593315.3599324,True,False,True,False,1785593220.3837705,False,1,0,0,False
1785430955.7579584,20,1785593325.3392847,37.531853208209355,0.5948790722514687,36.858930342565046,True,37.5,36.5,38.6,0.95,0.05,0.0,0.7,0.03,2,1785593335.366564,True,True,True,False,1785593220.3837705,False,1,0,0,False
1785430955.7579584,20,1785593345.3455875,37.51049057755398,0.5951651789120318,36.86160067139696,True,37.5,36.5,38.6,0.95,0.05,0.0,0.7,0.03,2,1785593355.372978,True,False,True,False,1785593220.3837705,False,1,0,0,False
1785430955.7579584,20,1785593365.3519902,37.49446860456244,0.5948599984740979,36.83756771190967,True,37.5,36.5,38.6,0.95,0.05,0.0,0.7,0.03,2,1785593375.3793063,True,True,True,False,1785593220.3837705,False,True,1,0,False
1785430955.7579584,20,1785593385.358342,37.50247959105822,0.5948409246967269,36.84557869840543,True,37.5,36.5,38.6,0.95,0.05,0.0,0.7,0.03,2,1785593395.3856652,True,True,True,True,1785593400.383808,False,1,0,0,False
1785430955.7579584,20,1785593405.364693,37.48645761806668,0.5950316624704357,36.81887541008621,True,37.5,36.5,38.6,0.95,0.05,0.0,0.7,0.03,2,1785593415.3919272,True,False,True,True,1785593400.383808,False,True,1,0,False
1785430955.7579584,20,1785593425.3710215,37.470435645075156,0.5947837033646144,36.79751277943083,True,37.5,36.5,38.6,0.95,0.05,0.0,0.7,0.03,2,1785593435.401598,True,True,True,False,1785593400.383808,False,True,1,0,False
1785430955.7579584,20,1785593445.377312,37.465094987411305,0.5950316624704357,36.82421606775006,True,37.5,36.5,38.6,0.95,0.05,0.0,0.7,0.03,2,1785593455.4046912,True,True,True,False,1785593400.383808,False,True,1,0,False
1785430955.7579584,20,1785593465.383587,37.47577630273899,0.5948409246967269,36.83756771190967,True,37.5,36.5,38.6,0.95,0.05,0.0,0.7,0.03,2,1785593475.410964,True,False,True,False,1785593400.383808,False,True,1,0,False
1785430955.7579584,20,1785593485.38993,37.49980926222629,0.5951842526894027,36.82421606775006,True,37.5,36.5,38.6,0.95,0.05,0.0,0.7,0.03,2,1785593495.417356,True,False,True,False,1785593400.383808,False,True,1,0,False
1785430955.7579584,20,1785593505.3963275,37.526512550545505,0.5951651789120318,36.829556725413894,True,37.5,36.5,38.6,0.95,0.05,0.0,0.7,0.03,2,1785593515.4248712,True,True,True,False,1785593400.383808,False,1,0,0,False
1785430955.7579584,20,1785593525.403293,37.53719386587319,0.5948409246967269,36.83222705424582,True,37.5,36.5,38.6,0.95,0.05,0.0,0.7,0.03,2,1785593535.433454,True,True,True,False,1785593400.383808,False,1,0,0,False
1785430955.7579584,20,1785593545.4105742,37.54253452353704,0.5952414740215153,36.85091935606927,True,37.5,36.5,38.6,0.95,0.05,0.0,0.7,0.03,2,1785593555.4379468,True,False,True,False,1785593400.383808,False,1,0,0,False
1785430955.7579584,20,1785593565.4169893,37.54787518120088,0.5950698100251773,36.853589684901195,True,37.5,36.5,38.6,0.95,0.05,0.0,0.7,0.03,2,1785593575.44418,True,False,True,True,1785593580.3838189,False,1,0,0,False
1785430955.7579584,20,1785593585.4233937,37.53452353704128,0.5949362935835814,36.86694132906081,True,37.5,36.5,38.6,0.95,0.05,0.0,0.7,0.03,2,1785593595.4507291,True,True,True,True,1785593580.3838189,False,1,0,0,False
1785430955.7579584,20,1785593605.4297938,37.53452353704128,0.5948790722514687,36.82421606775006,True,37.5,36.5,38.6,0.95,0.05,0.0,0.7,0.03,2,1785593615.4592755,True,False,True,False,1785593580.3838189,False,1,0,0,False
1785430955.7579584,20,1785593625.4361708,37.52384222171359,0.5948790722514687,36.834897383077745,True,37.5,36.5,38.6,0.95,0.05,0.0,0.7,0.03,2,1785593635.4638586,True,False,True,False,1785593580.3838189,False,1,0,0,False
1785430955.7579584,20,1785593645.4426591,37.51850156404974,0.5948981460288395,36.81353475242237,True,37.5,36.5,38.6,0.95,0.05,0.0,0.7,0.03,2,1785593655.4736464,True,False,True,False,1785593580.3838189,False,1,0,0,False
1785430955.7579584,20,1785593665.4493067,37.507820248722055,0.5948981460288395,36.79484245059892,True,37.5,36.5,38.6,0.95,0.05,0.0,0.7,0.03,2,1785593675.4793222,True,False,True,False,1785593580.3838189,False,1,0,0,False
1785430955.7579584,20,1785593685.45602,37.489127946898606,0.5946120393682764,36.80819409475852,True,37.5,36.5,38.6,0.95,0.05,0.0,0.7,0.03,2,1785593695.4865782,True,True,True,False,1785593580.3838189,False,True,1,0,False
1785430955.7579584,20,1785593705.4626691,37.47844663157092,0.5948790722514687,36.80819409475852,True,37.5,36.5,38.6,0.95,0.05,0.0,0.7,0.03,2,1785593715.4900541,True,False,True,False,1785593580.3838189,False,True,1,0,False
1785430955.7579584,20,1785593725.4690988,37.483787289234755,0.5949362935835814,36.82154573891813,True,37.5,36.5,38.6,0.95,0.05,0.0,0.7,0.03,2,1785593735.4969313,True,True,True,False,1785593580.3838189,False,True,1,0,False
1785430955.7579584,20,1785593745.4754794,35.71335927367056,0.592914473182269,35.90829327840085,True,37.5,36.5,38.6,0.95,0.05,0.0,0.7,0.03,2,1785593764.5101216,False,False,True,True,1785593764.5104804,False,True,1,1,False
1785430955.7579584,20,1785593774.4868522,32.05500877393759,0.5882223239490348,33.57976653696498,True,37.5,36.5,38.6,0.95,0.05,0.0,0.7,0.03,2,1785593811.5201204,False,True,True,False,1785593764.5104804,False,True,1,1,False
1785430955.7579584,20,1785593821.498242,32.34340428778515,0.5882223239490348,33.66521705958648,True,37.5,36.5,38.6,0.95,0.05,0.0,0.7,0.03,2,1785593831.52567,True,True,True,False,1785593764.5104804,False,True,1,1,False
1785430955.7579584,20,1785593841.504672,32.984283207446396,0.5889280537117572,33.96429388876173,True,37.5,36.5,38.6,0.95,0.05,0.0,0.7,0.03,2,1785593851.5323005,True,False,True,False,1785593764.5104804,False,True,1,1,False
1785430955.7579584,20,1785593861.5118668,33.54772259098192,0.5893667505912871,34.22064545662623,True,37.5,36.5,38.6,0.95,0.05,0.0,0.7,0.03,2,1785593871.540023,True,True,True,False,1785593764.5104804,False,True,1,1,False
1785430955.7579584,20,1785593881.5194986,34.01503013656824,0.5898435950255589,34.45830472266728,True,37.5,36.5,38.6,0.95,0.05,0.0,0.7,0.03,2,1785593891.547957,True,True,True,False,1785593764.5104804,False,True,1,1,False
1785430955.7579584,20,1785593901.5265272,34.3888761730373,0.5906828412298772,34.66659037155718,True,37.5,36.5,38.6,0.95,0.05,0.0,0.7,0.03,2,1785593911.5534313,True,False,True,False,1785593764.5104804,False,True,1,1,False
1785430955.7579584,20,1785593921.5327535,34.73868925001908,0.5911215381094073,34.83749141680018,True,37.5,36.5,38.6,0.95,0.05,0.0,0.7,0.03,2,1785593931.5602086,True,False,True,False,1785593764.5104804,False,True,1,1,False
1785430955.7579584,20,1785593941.539743,35.0350957503624,0.5910261692225528,35.00839246204319,True,37.5,36.5,38.6,0.95,0.05,0.0,0.7,0.03,2,1785593951.5678694,True,False,True,True,1785593944.5105293,False,True,1,1,False
1785430955.7579584,20,1785593961.5466857,35.31013962005035,0.5918081940947586,35.17929350728619,True,37.5,36.5,38.6,0.95,0.05,0.0,0.7,0.03,2,1785593971.5740583,True,True,True,False,1785593944.5105293,False,True,1,1,False
1785430955.7579584,20,1785593981.5536225,35.51575494010834,0.5919226367589837,35.30479896238651,True,37.5,36.5,38.6,0.95,0.05,0.0,0.7,0.03,2,1785593991.5821235,True,False,True,False,1785593944.5105293,False,True,1,1,False
1785430955.7579584,20,1785594001.5608327,35.70801861600671,0.5922659647516595,35.44365606164645,True,37.5,36.5,38.6,0.95,0.05,0.0,0.7,0.03,2,1785594011.5885758,True,False,True,False,1785593944.5105293,False,True,1,1,False
1785430955.7579584,20,1785594021.5672102,35.87891966124971,0.5926283665217059,35.55580987258716,True,37.5,36.5,38.6,0.95,0.05,0.0,0.7,0.03,2,1785594031.5945592,True,True,True,False,1785593944.5105293,False,True,1,1,False
1785430955.7579584,20,1785594041.5742006,36.06584267948425,0.592914473182269,35.66796368352789,True,37.5,36.5,38.6,0.95,0.05,0.0,0.7,0.03,2,1785594051.6025748,True,False,True,False,1785593944.5105293,False,True,1,1,False
1785430955.7579584,20,1785594061.5817869,36.24475471122301,0.5928953994048982,35.7801174944686,True,37.5,36.5,38.6,0.95,0.05,0.0,0.7,0.03,2,1785594071.6102402,True,False,True,False,1785593944.5105293,False,True,1,1,False
1785430955.7579584,20,1785594081.588992,36.35423819333181,0.5931242847333487,35.86823834592202,True,37.5,36.5,38.6,0.95,0.05,0.0,0.7,0.03,2,1785594091.6173704,True,False,True,False,1785593944.5105293,False,True,1,1,False
1785430955.7579584,20,1785594101.5953782,36.48241397726406,0.5935629816128787,35.99641412985427,True,37.5,36.5,38.6,0.95,0.05,0.0,0.7,0.03,2,1785594111.6227498,True,False,True,False,1785593944.5105293,False,True,1,1,False
1785430955.7579584,20,1785594121.6016994,36.62928206301976,0.5934485389486533,36.06584267948425,True,37.5,36.5,38.6,0.95,0.05,0.0,0.7,0.03,2,1785594131.6286592,True,False,True,True,1785594124.5105689,False,True,1,0,False
1785430955.7579584,20,1785594141.607873,36.69604028381781,0.5937346456092165,36.119249256122686,True,37.5,36.5,38.6,0.95,0.05,0.0,0.7,0.03,2,1785594151.6369455,True,True,True,False,1785594124.5105689,False,True,1,0,False
1785430955.7579584,20,1785594161.6143653,36.810864423590445,0.5938681620508126,36.17265583276112,True,37.5,36.5,38.6,0.95,0.05,0.0,0.7,0.03,2,1785594171.6421509,True,False,True,False,1785594124.5105689,False,True,1,0,False
1785430955.7579584,20,1785594181.6206949,36.84023804074158,0.5940016784924086,36.23941405355917,True,37.5,36.5,38.6,0.95,0.05,0.0,0.7,0.03,2,1785594191.649802,True,True,True,False,1785594124.5105689,False,True,1,0,False
1785430955.7579584,20,1785594201.6271636,36.90966659037156,0.5940398260471504,36.23407339589532,True,37.5,36.5,38.6,0.95,0.05,0.0,0.7,0.03,2,1785594211.6544106,True,True,True,False,1785594124.5105689,False,True,1,0,False
1785430955.7579584,20,1785594221.633502,36.93636987869077,0.593963530937667,36.28213931486992,True,37.5,36.5,38.6,0.95,0.05,0.0,0.7,0.03,2,1785594231.6609387,True,False,True,False,1785594124.5105689,False,True,1,0,False
1785430955.7579584,20,1785594241.6399941,36.98443579766537,0.5940207522697796,36.29816128786145,True,37.5,36.5,38.6,0.95,0.05,0.0,0.7,0.03,2,1785594251.6674714,True,False,True,False,1785594124.5105689,False,True,1,0,False
1785430955.7579584,20,1785594261.6464295,36.99778744182498,0.5944594491493095,36.314183260852985,True,37.5,36.5,38.6,0.95,0.05,0.0,0.7,0.03,2,1785594271.6738298,True,False,True,False,1785594124.5105689,False,True,1,0,False
1785430955.7579584,20,1785594281.6528385,37.06454566262303,0.5939444571602961,36.332875562676435,True,37.5,36.5,38.6,0.95,0.05,0.0,0.7,0.03,2,1785594291.680445,True,True,True,False,1785594124.5105689,False,True,1,0,False
1785430955.7579584,20,1785594301.6591601,37.06454566262303,0.5939063096055542,36.375600823987185,True,37.5,36.5,38.6,0.95,0.05,0.0,0.7,0.03,2,1785594311.6865122,True,True,True,True,1785594304.510614,False,True,1,0,False
1785430955.7579584,20,1785594321.6662402,37.115281910429545,0.5941542687113756,36.3649195086595,True,37.5,36.5,38.6,0.95,0.05,0.0,0.7,0.03,2,1785594331.6938503,True,True,True,False,1785594304.510614,False,True,1,0,False
1785430955.7579584,20,1785594341.673281,37.14465552758068,0.594383154039826,36.38628213931487,True,37.5,36.5,38.6,0.95,0.05,0.0,0.7,0.03,2,1785594351.7007623,True,False,True,False,1785594304.510614,False,True,1,0,False
1785430955.7579584,20,1785594361.679702,37.17402914473182,0.5947074082551309,36.39696345464256,True,37.5,36.5,38.6,0.95,0.05,0.0,0.7,0.03,2,1785594371.7070193,True,True,True,False,1785594304.510614,False,True,1,0,False
1785430955.7579584,20,1785594381.6860595,37.20340276188297,0.594383154039826,36.42099641412986,True,37.5,36.5,38.6,0.95,0.05,0.0,0.7,0.03,2,1785594391.7132626,True,False,True,False,1785594304.510614,False,True,1,0,False
1785430955.7579584,20,1785594401.69238,37.23544670786603,0.5944403753719386,36.43167772945755,True,37.5,36.5,38.6,0.95,0.05,0.0,0.7,0.03,2,1785594411.719364,True,True,True,False,1785594304.510614,False,True,1,0,False
1785430955.7579584,20,1785594421.6987588,37.267490653849094,0.5944785229266805,36.45304036011292,True,37.5,36.5,38.6,0.95,0.05,0.0,0.7,0.03,2,1785594431.7260952,True,True,True,False,1785594304.510614,False,True,1,0,False
1785430955.7579584,20,1785594441.7051287,37.267490653849094,0.5945166704814221,36.485084306095985,True,37.5,36.5,38.6,0.95,0.05,0.0,0.7,0.03,2,1785594451.7324607,True,True,True,False,1785594304.510614,False,True,1,0,False
1785430955.7579584,20,1785594461.711453,37.312886243991755,0.594554818036164,36.49576562142367,True,37.5,36.5,38.6,0.95,0.05,0.0,0.7,0.03,2,1785594471.7388282,True,False,True,False,1785594304.510614,False,True,1,0,False
1785430955.7579584,20,1785594481.717945,37.30487525749599,0.5943259327077135,36.47707331960021,True,37.5,36.5,38.6,0.95,0.05,0.0,0.7,0.03,2,1785594491.7470155,True,False,True,True,1785594484.510648,False,True,1,0,False
1785430955.7579584,20,1785594501.7251306,37.33157854581522,0.5942877851529716,36.51445792324712,True,37.5,36.5,38.6,0.95,0.05,0.0,0.7,0.03,2,1785594511.753583,True,False,True,False,1785594484.510648,False,True,1,0,False
1785430955.7579584,20,1785594521.7322514,37.328908216983294,0.5939063096055542,36.51445792324712,True,37.5,36.5,38.6,0.95,0.05,0.0,0.7,0.03,2,1785594531.7597494,True,True,True,False,1785594484.510648,False,True,1,0,False
1785430955.7579584,20,1785594541.7385962,37.352941176470594,0.5944785229266805,36.503776607919434,True,37.5,36.5,38.6,0.95,0.05,0.0,0.7,0.03,2,1785594551.7671685,True,False,True,False,1785594484.510648,False,True,1,0,False
1785430955.7579584,20,1785594561.7449386,37.38765545128557,0.5944785229266805,36.55184252689402,True,37.5,36.5,38.6,0.95,0.05,0.0,0.7,0.03,2,1785594571.7748697,True,False,True,False,1785594484.510648,False,True,1,0,False
1785430955.7579584,20,1785594581.7523682,37.40100709544518,0.594554818036164,36.56519417105363,True,37.5,36.5,38.6,0.95,0.05,0.0,0.7,0.03,2,1785594591.7817051,True,True,True,False,1785594484.510648,False,True,1,0,False
1785430955.7579584,20,1785594601.7631662,37.41702906843672,0.594402227817197,36.58121614404517,True,37.5,36.5,38.6,0.95,0.05,0.0,0.7,0.03,2,1785594611.7950149,True,True,True,False,1785594484.510648,False,True,1,0,False
1785430955.7579584,20,1785594621.7737997,37.45441367208362,0.5944213015945679,36.60791943236438,True,37.5,36.5,38.6,0.95,0.05,0.0,0.7,0.03,2,1785594631.8008718,True,True,True,False,1785594484.510648,False,True,1,0,False
1785430955.7579584,20,1785594641.780069,37.45975432974747,0.5943640802624551,36.60257877470055,True,37.5,36.5,38.6,0.95,0.05,0.0,0.7,0.03,2,1785594651.808044,True,False,True,False,1785594484.510648,False,True,1,0,False
1785430955.7579584,20,1785594661.7865095,37.47310597390707,0.5944594491493095,36.62394140535592,True,37.5,36.5,38.6,0.95,0.05,0.0,0.7,0.03,2,1785594671.8150313,True,False,True,True,1785594664.5106711,False,True,1,0,False
1785430955.7579584,20,1785594681.7928221,37.48645761806668,0.5944594491493095,36.62661173418783,True,37.5,36.5,38.6,0.95,0.05,0.0,0.7,0.03,2,1785594691.8212712,True,True,True,False,1785594664.5106711,False,True,1,0,False
1785430955.7579584,20,1785594701.7990057,37.507820248722055,0.5946501869230183,36.65331502250706,True,37.5,36.5,38.6,0.95,0.05,0.0,0.7,0.03,2,1785594711.8263736,True,True,True,False,1785594664.5106711,False,1,0,0,False
1785430955.7579584,20,1785594721.8054094,37.526512550545505,0.5945738918135348,36.66933699549858,True,37.5,36.5,38.6,0.95,0.05,0.0,0.7,0.03,2,1785594731.8327951,True,True,True,False,1785594664.5106711,False,1,0,0,False
1785430955.7579584,20,1785594741.8123817,37.54520485236897,0.594554818036164,36.64797436484321,True,37.5,36.5,38.6,0.95,0.05,0.0,0.7,0.03,2,1785594751.841826,True,True,True,False,1785594664.5106711,False,1,0,0,False
1785430955.7579584,20,1785594761.819521,37.53719386587319,0.5944403753719386,36.65331502250706,True,37.5,36.5,38.6,0.95,0.05,0.0,0.7,0.03,2,1785594771.8470128,True,False,True,False,1785594664.5106711,False,1,0,0,False
1785430955.7579584,20,1785594781.825999,37.507820248722055,0.594554818036164,36.66666666666667,True,37.5,36.5,38.6,0.95,0.05,0.0,0.7,0.03,2,1785594791.853604,True,True,True,False,1785594664.5106711,False,1,0,0,False
1785430955.7579584,20,1785594801.832381,37.53452353704128,0.5946311131456474,36.682688639658195,True,37.5,36.5,38.6,0.95,0.05,0.0,0.7,0.03,2,1785594811.8597949,True,False,True,False,1785594664.5106711,False,1,0,0,False
1785430955.7579584,20,1785594821.8387387,37.50247959105822,0.5945166704814221,36.66666666666667,True,37.5,36.5,38.6,0.95,0.05,0.0,0.7,0.03,2,1785594831.8658855,True,True,True,False,1785594664.5106711,False,1,0,0,False
1785430955.7579584,20,1785594841.845171,37.481116960402844,0.5945166704814221,36.66666666666667,True,37.5,36.5,38.6,0.95,0.05,0.0,0.7,0.03,2,1785594851.872318,True,False,True,True,1785594844.5106773,False,True,1,0,False
1785430955.7579584,20,1785594861.851525,37.47310597390707,0.5943259327077135,36.67200732433051,True,37.5,36.5,38.6,0.95,0.05,0.0,0.7,0.03,2,1785594871.878878,True,True,True,False,1785594844.5106773,False,True,1,0,False
1785430955.7579584,20,1785594881.857872,37.45975432974747,0.5945166704814221,36.66933699549858,True,37.5,36.5,38.6,0.95,0.05,0.0,0.7,0.03,2,1785594891.8864417,True,True,True,False,1785594844.5106773,False,True,1,0,False
1785430955.7579584,20,1785594901.8642488,37.45975432974747,0.594535744258793,36.663996337834746,True,37.5,36.5,38.6,0.95,0.05,0.0,0.7,0.03,2,1785594911.8931508,True,False,True,False,1785594844.5106773,False,True,1,0,False
1785430955.7579584,20,1785594921.871061,37.47844663157092,0.5943450064850844,36.66933699549858,True,37.5,36.5,38.6,0.95,0.05,0.0,0.7,0.03,2,1785594931.8986216,True,False,True,False,1785594844.5106773,False,True,1,0,False
1785430955.7579584,20,1785594941.8775415,37.470435645075156,0.59424963759823,36.65331502250706,True,37.5,36.5,38.6,0.95,0.05,0.0,0.7,0.03,2,1785594951.9050276,True,False,True,False,1785594844.5106773,False,True,1,0,False
1785430955.7579584,20,1785594961.8838687,37.47310597390707,0.5942877851529716,36.68001831082627,True,37.5,36.5,38.6,0.95,0.05,0.0,0.7,0.03,2,1785594971.9112186,True,True,True,False,1785594844.5106773,False,True,1,0,False
1785430955.7579584,20,1785594981.8902812,37.50247959105822,0.594383154039826,36.698710612649734,True,37.5,36.5,38.6,0.95,0.05,0.0,0.7,0.03,2,1785594991.9176538,True,True,True,False,1785594844.5106773,False,1,0,0,False
1785430955.7579584,20,1785595001.896664,37.507820248722055,0.59424963759823,36.69336995498588,True,37.5,36.5,38.6,0.95,0.05,0.0,0.7,0.03,2,1785595011.9239068,True,False,True,False,1785594844.5106773,False,1,0,0,False
1785430955.7579584,20,1785595021.9029343,37.52384222171359,0.5945738918135348,36.69336995498588,True,37.5,36.5,38.6,0.95,0.05,0.0,0.7,0.03,2,1785595031.930218,True,False,True,True,1785595024.5107043,False,1,0,0,False
1785430955.7579584,20,1785595041.9092157,37.52918287937743,0.5944213015945679,36.71473258564126,True,37.5,36.5,38.6,0.95,0.05,0.0,0.7,0.03,2,1785595051.9365659,True,False,True,False,1785595024.5107043,False,1,0,0,False
1785430955.7579584,20,1785595061.9155865,37.526512550545505,0.5942687113756009,36.70939192797742,True,37.5,36.5,38.6,0.95,0.05,0.0,0.7,0.03,2,1785595071.944343,True,False,True,False,1785595024.5107043,False,1,0,0,False
1785430955.7579584,20,1785595081.9221148,37.50247959105822,0.5943640802624551,36.69069962615396,True,37.5,36.5,38.6,0.95,0.05,0.0,0.7,0.03,2,1785595091.9496033,True,False,True,False,1785595024.5107043,False,1,0,0,False
1785430955.7579584,20,1785595101.9286041,37.51850156404974,0.5943259327077135,36.68001831082627,True,37.5,36.5,38.6,0.95,0.05,0.0,0.7,0.03,2,1785595111.9559765,True,True,True,False,1785595024.5107043,False,1,0,0,False
1785430955.7579584,20,1785595121.9349148,37.51049057755398,0.5942877851529716,36.68001831082627,True,37.5,36.5,38.6,0.95,0.05,0.0,0.7,0.03,2,1785595131.9623055,True,False,True,False,1785595024.5107043,False,1,0,0,False
1785430955.7579584,20,1785595141.941357,37.470435645075156,0.594402227817197,36.67467765316243,True,37.5,36.5,38.6,0.95,0.05,0.0,0.7,0.03,2,1785595151.9688046,True,True,True,False,1785595024.5107043,False,True,1,0,False
1785430955.7579584,20,1785595161.9476721,37.441062027924005,0.5943640802624551,36.658655680170895,True,37.5,36.5,38.6,0.95,0.05,0.0,0.7,0.03,2,1785595171.9751146,True,True,True,False,1785595024.5107043,False,True,1,0,False
1785430955.7579584,20,1785595181.9540894,37.44373235675593,0.5943259327077135,36.682688639658195,True,37.5,36.5,38.6,0.95,0.05,0.0,0.7,0.03,2,1785595191.9834814,True,True,True,False,1785595024.5107043,False,True,1,0,False
1785430955.7579584,20,1785595201.9604213,37.44907301441978,0.593963530937667,36.67200732433051,True,37.5,36.5,38.6,0.95,0.05,0.0,0.7,0.03,2,1785595211.9879358,True,True,True,True,1785595204.5107107,False,True,1,0,False
1785430955.7579584,20,1785595221.9669075,37.438391699092094,0.5939826047150377,36.67200732433051,True,37.5,36.5,38.6,0.95,0.05,0.0,0.7,0.03,2,1785595231.9967866,True,False,True,False,1785595204.5107107,False,True,1,0,False
1785430955.7579584,20,1785595241.9734557,37.44373235675593,0.5941542687113756,36.69336995498588,True,37.5,36.5,38.6,0.95,0.05,0.0,0.7,0.03,2,1785595252.003415,True,True,True,False,1785595204.5107107,False,True,1,0,False
1785430955.7579584,20,1785595261.9801197,37.489127946898606,0.5940207522697796,36.69336995498588,True,37.5,36.5,38.6,0.95,0.05,0.0,0.7,0.03,2,1785595272.0075264,True,True,True,False,1785595204.5107107,False,True,1,0,False
1785430955.7579584,20,1785595281.9865613,37.49713893339437,0.594383154039826,36.68535896849012,True,37.5,36.5,38.6,0.95,0.05,0.0,0.7,0.03,2,1785595292.0139918,True,False,True,False,1785595204.5107107,False,True,1,0,False
1785430955.7579584,20,1785595301.992973,37.50247959105822,0.5940016784924086,36.68535896849012,True,37.5,36.5,38.6,0.95,0.05,0.0,0.7,0.03,2,1785595312.0204048,True,False,True,False,1785595204.5107107,False,1,0,0,False
1785430955.7579584,20,1785595321.9993827,37.526512550545505,0.5938300144960708,36.701380941481645,True,37.5,36.5,38.6,0.95,0.05,0.0,0.7,0.03,2,1785595332.0267498,True,False,True,False,1785595204.5107107,False,1,0,0,False
1785430955.7579584,20,1785595342.005759,37.550545510032805,0.5943259327077135,36.71740291447318,True,37.5,36.5,38.6,0.95,0.05,0.0,0.7,0.03,2,1785595352.0326822,True,False,True,False,1785595204.5107107,False,1,0,0,False
1785430955.7579584,20,1785595362.0119886,37.53719386587319,0.5941351949340047,36.71206225680933,True,37.5,36.5,38.6,0.95,0.05,0.0,0.7,0.03,2,1785595372.0393724,True,True,True,False,1785595204.5107107,False,1,0,0,False
1785430955.7579584,20,1785595382.018375,37.52384222171359,0.59424963759823,36.73609521629663,True,37.5,36.5,38.6,0.95,0.05,0.0,0.7,0.03,2,1785595392.047449,True,False,True,True,1785595384.510741,False,1,0,0,False
1785430955.7579584,20,1785595402.0254498,37.50247959105822,0.5941733424887465,36.71473258564126,True,37.5,36.5,38.6,0.95,0.05,0.0,0.7,0.03,2,1785595412.0539024,True,False,True,False,1785595384.510741,False,1,0,0,False
1785430955.7579584,20,1785595422.0332055,37.51850156404974,0.5941924162661174,36.72007324330511,True,37.5,36.5,38.6,0.95,0.05,0.0,0.7,0.03,2,1785595432.0607455,True,False,True,False,1785595384.510741,False,1,0,0,False
1785430955.7579584,20,1785595442.0403748,37.52384222171359,0.5943259327077135,36.70939192797742,True,37.5,36.5,38.6,0.95,0.05,0.0,0.7,0.03,2,1785595452.067873,True,False,True,False,1785595384.510741,False,1,0,0,False
1785430955.7579584,20,1785595462.0467145,37.483787289234755,0.5942687113756009,36.71473258564126,True,37.5,36.5,38.6,0.95,0.05,0.0,0.7,0.03,2,1785595472.0763412,True,True,True,False,1785595384.510741,False,True,1,0,False
1785430955.7579584,20,1785595482.053206,37.45975432974747,0.5940588998245212,36.69604028381781,True,37.5,36.5,38.6,0.95,0.05,0.0,0.7,0.03,2,1785595492.083315,True,False,True,False,1785595384.510741,False,True,1,0,False
1785430955.7579584,20,1785595502.0598314,37.45975432974747,0.5941733424887465,36.701380941481645,True,37.5,36.5,38.6,0.95,0.05,0.0,0.7,0.03,2,1785595512.0888593,True,False,True,False,1785595384.510741,False,True,1,0,False
1785430955.7579584,20,1785595522.066884,37.47310597390707,0.5937918669413291,36.69069962615396,True,37.5,36.5,38.6,0.95,0.05,0.0,0.7,0.03,2,1785595532.0941048,True,True,True,False,1785595384.510741,False,True,1,0,False
1785430955.7579584,20,1785595542.0734901,37.481116960402844,0.5943068589303425,36.69604028381781,True,37.5,36.5,38.6,0.95,0.05,0.0,0.7,0.03,2,1785595552.101041,True,True,True,False,1785595384.510741,False,True,1,0,False
1785430955.7579584,20,1785595562.079975,37.51583123521782,0.5943259327077135,36.72808422980087,True,37.5,36.5,38.6,0.95,0.05,0.0,0.7,0.03,2,1785595572.1070664,True,True,True,True,1785595564.5107653,False,1,0,0,False
1785430955.7579584,20,1785595582.0862844,37.48645761806668,0.594097047379263,36.72007324330511,True,37.5,36.5,38.6,0.95,0.05,0.0,0.7,0.03,2,1785595592.1137283,True,True,True,False,1785595564.5107653,False,True,1,0,False
1785430955.7579584,20,1785595602.092701,37.49713893339437,0.5936964980544747,36.74677653162432,True,37.5,36.5,38.6,0.95,0.05,0.0,0.7,0.03,2,1785595612.120045,True,True,True,False,1785595564.5107653,False,True,1,0,False
1785430955.7579584,20,1785595622.0989997,37.49713893339437,0.5941161211566339,36.730754558632796,True,37.5,36.5,38.6,0.95,0.05,0.0,0.7,0.03,2,1785595632.1263707,True,True,True,False,1785595564.5107653,False,True,1,0,False
1785430955.7579584,20,1785595642.1059768,37.52384222171359,0.5940207522697796,36.73609521629663,True,37.5,36.5,38.6,0.95,0.05,0.0,0.7,0.03,2,1785595652.1342905,True,False,True,False,1785595564.5107653,False,1,0,0,False
1785430955.7579584,20,1785595662.1136107,37.526512550545505,0.5939826047150377,36.74677653162432,True,37.5,36.5,38.6,0.95,0.05,0.0,0.7,0.03,2,1785595672.1413023,True,True,True,False,1785595564.5107653,False,1,0,0,False
1785430955.7579584,20,1785595682.120683,37.54520485236897,0.5940016784924086,36.73876554512856,True,37.5,36.5,38.6,0.95,0.05,0.0,0.7,0.03,2,1785595692.1476314,True,True,True,False,1785595564.5107653,False,1,0,0,False
1785430955.7579584,20,1785595702.1270204,37.53986419470512,0.5940588998245212,36.744106202792395,True,37.5,36.5,38.6,0.95,0.05,0.0,0.7,0.03,2,1785595712.1539545,True,False,True,False,1785595564.5107653,False,1,0,0,False
1785430955.7579584,20,1785595722.1369476,37.51583123521782,0.5940207522697796,36.76012817578393,True,37.5,36.5,38.6,0.95,0.05,0.0,0.7,0.03,2,1785595732.1690843,True,False,True,False,1785595564.5107653,False,1,0,0,False
1785430955.7579584,20,1785595742.1466906,37.51850156404974,0.5941542687113756,36.76012817578393,True,37.5,36.5,38.6,0.95,0.05,0.0,0.7,0.03,2,1785595752.1740854,True,False,True,True,1785595744.5107672,False,1,0,0,False
1785430955.7579584,20,1785595762.1530583,37.49980926222629,0.5940398260471504,36.73876554512856,True,37.5,36.5,38.6,0.95,0.05,0.0,0.7,0.03,2,1785595772.1805649,True,False,True,False,1785595744.5107672,False,True,1,0,False
1785430955.7579584,20,1785595782.1594322,37.48645761806668,0.5939826047150377,36.74677653162432,True,37.5,36.5,38.6,0.95,0.05,0.0,0.7,0.03,2,1785595792.1868448,True,True,True,False,1785595744.5107672,False,True,1,0,False
1785430955.7579584,20,1785595802.1664388,37.49713893339437,0.5941161211566339,36.75211718928817,True,37.5,36.5,38.6,0.95,0.05,0.0,0.7,0.03,2,1785595812.194399,True,True,True,False,1785595744.5107672,False,True,1,0,False
1785430955.7579584,20,1785595822.1737185,37.48645761806668,0.5941351949340047,36.71473258564126,True,37.5,36.5,38.6,0.95,0.05,0.0,0.7,0.03,2,1785595832.2010884,True,True,True,False,1785595744.5107672,False,True,1,0,False
1785430955.7579584,20,1785595842.1800497,37.49179827573053,0.5940588998245212,36.74677653162432,True,37.5,36.5,38.6,0.95,0.05,0.0,0.7,0.03,2,1785595852.2073882,True,True,True,False,1785595744.5107672,False,True,1,0,False
1785430955.7579584,20,1785595862.1863573,37.489127946898606,0.5940016784924086,36.74677653162432,True,37.5,36.5,38.6,0.95,0.05,0.0,0.7,0.03,2,1785595872.2137277,True,False,True,False,1785595744.5107672,False,True,1,0,False
1785430955.7579584,20,1785595882.1927032,37.52384222171359,0.5938681620508126,36.75478751812008,True,37.5,36.5,38.6,0.95,0.05,0.0,0.7,0.03,2,1785595892.2200372,True,False,True,False,1785595744.5107672,False,1,0,0,False
1785430955.7579584,20,1785595902.2021139,37.52918287937743,0.5940779736018921,36.744106202792395,True,37.5,36.5,38.6,0.95,0.05,0.0,0.7,0.03,2,1785595912.2400994,True,False,True,False,1785595744.5107672,False,1,0,0,False
1785430955.7579584,20,1785595922.212019,37.51049057755398,0.5940588998245212,36.75478751812008,True,37.5,36.5,38.6,0.95,0.05,0.0,0.7,0.03,2,1785595932.2396204,True,True,True,True,1785595924.510806,False,1,0,0,False
1785430955.7579584,20,1785595942.2183065,37.507820248722055,0.5939826047150377,36.744106202792395,True,37.5,36.5,38.6,0.95,0.05,0.0,0.7,0.03,2,1785595952.2464163,True,True,True,False,1785595924.510806,False,1,0,0,False
1785430955.7579584,20,1785595962.2246964,37.52117189288167,0.5938681620508126,36.77080949111162,True,37.5,36.5,38.6,0.95,0.05,0.0,0.7,0.03,2,1785595972.252019,True,True,True,False,1785595924.510806,False,1,0,0,False
1785430955.7579584,20,1785595982.231002,37.481116960402844,0.5942114900434882,36.73609521629663,True,37.5,36.5,38.6,0.95,0.05,0.0,0.7,0.03,2,1785595992.2586794,True,True,True,False,1785595924.510806,False,True,1,0,False
1785430955.7579584,20,1785596002.2379775,37.470435645075156,0.5941542687113756,36.72007324330511,True,37.5,36.5,38.6,0.95,0.05,0.0,0.7,0.03,2,1785596012.2657154,True,True,True,False,1785595924.510806,False,True,1,0,False
1785430955.7579584,20,1785596022.2450595,37.481116960402844,0.5938300144960708,36.725413900968945,True,37.5,36.5,38.6,0.95,0.05,0.0,0.7,0.03,2,1785596032.2753117,True,True,True,False,1785595924.510806,False,True,1,0,False
1785430955.7579584,20,1785596042.2523842,37.465094987411305,0.5937727931639581,36.730754558632796,True,37.5,36.5,38.6,0.95,0.05,0.0,0.7,0.03,2,1785596052.2810743,True,False,True,False,1785595924.510806,False,True,1,0,False
1785430955.7579584,20,1785596062.2595305,37.46242465857938,0.5939826047150377,36.70939192797742,True,37.5,36.5,38.6,0.95,0.05,0.0,0.7,0.03,2,1785596072.2869399,True,False,True,False,1785595924.510806,False,True,1,0,False
1785430955.7579584,20,1785596082.2658794,37.48645761806668,0.5937918669413291,36.73876554512856,True,37.5,36.5,38.6,0.95,0.05,0.0,0.7,0.03,2,1785596092.2930663,True,False,True,False,1785595924.510806,False,True,1,0,False
1785430955.7579584,20,1785596102.2722533,37.48645761806668,0.594097047379263,36.744106202792395,True,37.5,36.5,38.6,0.95,0.05,0.0,0.7,0.03,2,1785596112.299689,True,True,True,True,1785596104.5108392,False,True,1,0,False
1785430955.7579584,20,1785596122.2786312,37.49980926222629,0.593963530937667,36.749446860456246,True,37.5,36.5,38.6,0.95,0.05,0.0,0.7,0.03,2,1785596132.3060524,True,False,True,False,1785596104.5108392,False,True,1,0,False
1785430955.7579584,20,1785596142.284966,37.53452353704128,0.594097047379263,36.75478751812008,True,37.5,36.5,38.6,0.95,0.05,0.0,0.7,0.03,2,1785596152.311739,True,False,True,False,1785596104.5108392,False,1,0,0,False
1785430955.7579584,20,1785596162.2913556,37.54253452353704,0.5939063096055542,36.77615014877546,True,37.5,36.5,38.6,0.95,0.05,0.0,0.7,0.03,2,1785596172.319007,True,False,True,False,1785596104.5108392,False,1,0,0,False
1785430955.7579584,20,1785596182.2978258,37.550545510032805,0.5938681620508126,36.78416113527123,True,37.5,36.5,38.6,0.95,0.05,0.0,0.7,0.03,2,1785596192.3252275,True,False,True,False,1785596104.5108392,False,1,0,0,False
1785430955.7579584,20,1785596202.3041823,37.56656748302434,0.5937155718318456,36.75745784695201,True,37.5,36.5,38.6,0.95,0.05,0.0,0.7,0.03,2,1785596212.332769,True,True,True,False,1785596104.5108392,False,1,0,0,False
1785430955.7579584,20,1785596222.3105388,37.53452353704128,0.5940588998245212,36.773479819943546,True,37.5,36.5,38.6,0.95,0.05,0.0,0.7,0.03,2,1785596232.337974,True,True,True,False,1785596104.5108392,False,1,0,0,False
1785430955.7579584,20,1785596242.317048,37.54520485236897,0.5938490882734416,36.768139162279695,True,37.5,36.5,38.6,0.95,0.05,0.0,0.7,0.03,2,1785596252.3447895,True,True,True,False,1785596104.5108392,False,1,0,0,False
1785430955.7579584,20,1785596262.3240983,37.54787518120088,0.5936964980544747,36.773479819943546,True,37.5,36.5,38.6,0.95,0.05,0.0,0.7,0.03,2,1785596272.352757,True,True,True,False,1785596104.5108392,False,1,0,0,False
1785430955.7579584,20,1785596282.331117,37.513160906385906,0.5937537193865873,36.749446860456246,True,37.5,36.5,38.6,0.95,0.05,0.0,0.7,0.03,2,1785596292.3581774,True,True,True,True,1785596284.5108411,False,1,0,0,False
1785430955.7579584,20,1785596302.3375359,37.48645761806668,0.5937918669413291,36.76012817578393,True,37.5,36.5,38.6,0.95,0.05,0.0,0.7,0.03,2,1785596312.364478,True,True,True,False,1785596284.5108411,False,True,1,0,False
1785430955.7579584,20,1785596322.3437815,37.49980926222629,0.5939253833829251,36.73876554512856,True,37.5,36.5,38.6,0.95,0.05,0.0,0.7,0.03,2,1785596332.3710222,True,False,True,False,1785596284.5108411,False,True,1,0,False
1785430955.7579584,20,1785596342.3501015,37.465094987411305,0.5935057602807661,36.73342488746471,True,37.5,36.5,38.6,0.95,0.05,0.0,0.7,0.03,2,1785596352.3777497,True,True,True,False,1785596284.5108411,False,True,1,0,False
1785430955.7579584,20,1785596362.356516,37.45708400091554,0.5935820553902496,36.73342488746471,True,37.5,36.5,38.6,0.95,0.05,0.0,0.7,0.03,2,1785596372.3835359,True,False,True,False,1785596284.5108411,False,True,1,0,False
1785430955.7579584,20,1785596382.3628154,37.45441367208362,0.5935820553902496,36.74677653162432,True,37.5,36.5,38.6,0.95,0.05,0.0,0.7,0.03,2,1785596392.3901563,True,True,True,False,1785596284.5108411,False,True,1,0,False
1785430955.7579584,20,1785596402.3691766,37.45975432974747,0.5937537193865873,36.74677653162432,True,37.5,36.5,38.6,0.95,0.05,0.0,0.7,0.03,2,1785596412.395921,False,True,True,False,1785596284.5108411,False,True,1,0,False
1785430955.7579584,20,1785596422.3752882,37.40634775310903,0.5936011291676203,36.77882047760738,True,37.5,36.5,38.6,0.95,0.05,0.0,0.7,0.03,2,1785596432.402406,False,True,True,False,1785596284.5108411,False,True,1,0,False
1785430955.7579584,20,1785596442.3813462,37.36362249179828,0.5934676127260242,36.79484245059892,True,37.5,36.5,38.6,0.95,0.05,0.0,0.7,0.03,2,1785596452.4083803,False,True,True,False,1785596284.5108411,False,True,1,0,False
1785430955.7579584,20,1785596462.3872552,37.318226901655606,0.5932387273975738,36.810864423590445,True,37.5,36.5,38.6,0.95,0.05,0.0,0.7,0.03,2,1785596472.413935,False,True,True,True,1785596464.5108607,False,True,1,0,False
1785430955.7579584,20,1785596482.39326,37.28351262684062,0.5934866865033952,36.80819409475852,True,37.5,36.5,38.6,0.95,0.05,0.0,0.7,0.03,2,1785596492.4198103,False,True,True,False,1785596464.5108607,False,True,1,0,False
1785430955.7579584,20,1785596502.399205,37.27817196917678,0.5933913176165407,36.834897383077745,True,37.5,36.5,38.6,0.95,0.05,0.0,0.7,0.03,2,1785596512.4257703,False,True,True,False,1785596464.5108607,False,True,1,0,False
1785430955.7579584,20,1785596522.4051743,37.270160982681006,0.5933722438391699,36.84023804074158,True,37.5,36.5,38.6,0.95,0.05,0.0,0.7,0.03,2,1785596532.4317286,False,True,True,False,1785596464.5108607,False,True,1,0,False
1785430955.7579584,20,1785596542.411048,37.28351262684062,0.593658350499733,36.86160067139696,True,37.5,36.5,38.6,0.95,0.05,0.0,0.7,0.03,2,1785596552.4382746,False,True,True,False,1785596464.5108607,False,True,1,0,False
1785430955.7579584,20,1785596562.4172242,37.270160982681006,0.5932005798428321,36.86694132906081,True,37.5,36.5,38.6,0.95,0.05,0.0,0.7,0.03,2,1785596572.4437265,False,True,True,False,1785596464.5108607,False,True,1,0,False
1785430955.7579584,20,1785596582.4232438,37.28351262684062,0.5935439078355077,36.88563363088426,True,37.5,36.5,38.6,0.95,0.05,0.0,0.7,0.03,2,1785596592.4503264,False,True,True,False,1785596464.5108607,False,True,1,0,False
1785430955.7579584,20,1785596602.4292333,37.30487525749599,0.5935057602807661,36.901655603875795,True,37.5,36.5,38.6,0.95,0.05,0.0,0.7,0.03,2,1785596612.4564452,False,True,True,False,1785596464.5108607,False,True,1,0,False
1785430955.7579584,20,1785596622.4352612,37.31555657282368,0.5934866865033952,36.91233691920348,True,37.5,36.5,38.6,0.95,0.05,0.0,0.7,0.03,2,1785596632.4623847,False,True,True,False,1785596464.5108607,False,True,1,0,False
1785430955.7579584,20,1785596642.4412909,37.33157854581522,0.5932959487296864,36.944380865186545,True,37.5,36.5,38.6,0.95,0.05,0.0,0.7,0.03,2,1785596652.4684117,False,True,True,True,1785596644.5108855,False,True,1,0,False
1785430955.7579584,20,1785596662.4472415,37.34493018997482,0.5932578011749448,36.939040207522694,True,37.5,36.5,38.6,0.95,0.05,0.0,0.7,0.03,2,1785596672.473925,False,True,True,False,1785596644.5108855,False,True,1,0,False
1785430955.7579584,20,1785596682.4532435,37.33157854581522,0.5933531700617991,36.97909514000152,True,37.5,36.5,38.6,0.95,0.05,0.0,0.7,0.03,2,1785596692.4797761,False,True,True,False,1785596644.5108855,False,True,1,0,False
1785430955.7579584,20,1785596702.4590914,37.34760051880674,0.5934866865033952,36.95239185168231,True,37.5,36.5,38.6,0.95,0.05,0.0,0.7,0.03,2,1785596712.486193,False,True,True,False,1785596644.5108855,False,True,1,0,False
1785430955.7579584,20,1785596722.4651275,37.34493018997482,0.5935629816128787,37.00045777065691,True,37.5,36.5,38.6,0.95,0.05,0.0,0.7,0.03,2,1785596732.4921646,False,True,True,False,1785596644.5108855,False,True,1,0,False
1785430955.7579584,20,1785596742.4710665,37.39032578011749,0.593658350499733,37.00045777065691,True,37.5,36.5,38.6,0.95,0.05,0.0,0.7,0.03,2,1785596752.4980893,False,True,True,False,1785596644.5108855,False,True,1,0,False
1785430955.7579584,20,1785596762.476998,37.37697413595788,0.5934676127260242,37.02182040131228,True,37.5,36.5,38.6,0.95,0.05,0.0,0.7,0.03,2,1785596772.5040498,False,True,True,False,1785596644.5108855,False,True,1,0,False
1785430955.7579584,20,1785596782.482973,37.39032578011749,0.5933913176165407,37.03517204547188,True,37.5,36.5,38.6,0.95,0.05,0.0,0.7,0.03,2,1785596792.510047,False,True,True,False,1785596644.5108855,False,True,1,0,False
1785430955.7579584,20,1785596802.4889362,37.41702906843672,0.5932768749523156,37.04051270313573,True,37.5,36.5,38.6,0.95,0.05,0.0,0.7,0.03,2,1785596812.5160067,False,True,True,False,1785596644.5108855,False,True,1,0,False
1785430955.7579584,20,1785596822.49491,37.438391699092094,0.5934103913939117,37.05653467612726,True,37.5,36.5,38.6,0.95,0.05,0.0,0.7,0.03,2,1785596832.5219693,False,True,True,True,1785596824.5109205,False,True,1,0,False
1785430955.7579584,20,1785596842.500881,37.43305104142824,0.5933913176165407,37.072556649118795,True,37.5,36.5,38.6,0.95,0.05,0.0,0.7,0.03,2,1785596852.5278983,False,True,True,False,1785596824.5109205,False,True,1,0,False
1785430955.7579584,20,1785596862.506781,37.47844663157092,0.5937537193865873,37.06187533379111,True,37.5,36.5,38.6,0.95,0.05,0.0,0.7,0.03,2,1785596872.533789,False,True,True,False,1785596824.5109205,False,True,1,0,False
1785430955.7579584,20,1785596882.5127091,37.465094987411305,0.5935057602807661,37.091248950942244,True,37.5,36.5,38.6,0.95,0.05,0.0,0.7,0.03,2,1785596892.539743,False,True,True,False,1785596824.5109205,False,True,1,0,False
1785430955.7579584,20,1785596902.5186505,37.49713893339437,0.5934866865033952,37.08590829327841,True,37.5,36.5,38.6,0.95,0.05,0.0,0.7,0.03,2,1785596912.5457551,False,True,True,False,1785596824.5109205,False,True,1,0,False
1785430955.7579584,20,1785596922.524633,37.47844663157092,0.5935629816128787,37.10727092393378,True,37.5,36.5,38.6,0.95,0.05,0.0,0.7,0.03,2,1785596932.5511715,False,True,True,False,1785596824.5109205,False,True,1,0,False
1785430955.7579584,20,1785596942.5305288,37.49713893339437,0.5934294651712826,37.11795223926147,True,37.5,36.5,38.6,0.95,0.05,0.0,0.7,0.03,2,1785596952.557681,False,True,True,False,1785596824.5109205,False,True,1,0,False
1785430955.7579584,20,1785596962.536555,37.51049057755398,0.5936202029449912,37.12863355458916,True,37.5,36.5,38.6,0.95,0.05,0.0,0.7,0.03,2,1785596972.5635886,False,True,True,False,1785596824.5109205,False,1,0,0,False
1785430955.7579584,20,1785596982.5424702,37.54520485236897,0.5935057602807661,37.13664454108492,True,37.5,36.5,38.6,0.95,0.05,0.0,0.7,0.03,2,1785596992.5690985,False,True,True,False,1785596824.5109205,False,1,0,0,False
1785430955.7579584,20,1785597002.5484717,37.53452353704128,0.5933340962844282,37.184710460059506,True,37.5,36.5,38.6,0.95,0.05,0.0,0.7,0.03,2,1785597012.5756667,False,True,True,True,1785597004.5109448,False,1,0,0,False
1785430955.7579584,20,1785597022.5545814,37.53452353704128,0.593658350499733,37.14732585641261,True,37.5,36.5,38.6,0.95,0.05,0.0,0.7,0.03,2,1785597032.5816944,False,True,True,False,1785597004.5109448,False,1,0,0,False
1785430955.7579584,20,1785597042.560604,37.49713893339437,0.5935248340581368,37.141985198748756,True,37.5,36.5,38.6,0.95,0.05,0.0,0.7,0.03,2,1785597052.5876837,False,True,True,False,1785597004.5109448,False,True,1,0,False
1785430955.7579584,20,1785597062.5666,37.49980926222629,0.5934103913939117,37.115281910429545,True,37.5,36.5,38.6,0.95,0.05,0.0,0.7,0.03,2,1785597072.5932074,False,True,True,False,1785597004.5109448,False,True,1,0,False
1785430955.7579584,20,1785597082.572685,37.49179827573053,0.5932196536202029,37.11795223926147,True,37.5,36.5,38.6,0.95,0.05,0.0,0.7,0.03,2,1785597092.5997674,False,True,True,False,1785597004.5109448,False,True,1,0,False
1785430955.7579584,20,1785597102.5786881,37.49713893339437,0.5933150225070573,37.12863355458916,True,37.5,36.5,38.6,0.95,0.05,0.0,0.7,0.03,2,1785597112.6058342,False,True,True,False,1785597004.5109448,False,True,1,0,False
1785430955.7579584,20,1785597122.584769,37.489127946898606,0.5934485389486533,37.10727092393378,True,37.5,36.5,38.6,0.95,0.05,0.0,0.7,0.03,2,1785597132.6118422,False,True,True,False,1785597004.5109448,False,True,1,0,False
1785430955.7579584,20,1785597142.590675,37.507820248722055,0.5932768749523156,37.11795223926147,True,37.5,36.5,38.6,0.95,0.05,0.0,0.7,0.03,2,1785597152.617768,False,True,True,False,1785597004.5109448,False,1,0,0,False
1785430955.7579584,20,1785597162.5966926,37.51049057755398,0.5935057602807661,37.14999618524453,True,37.5,36.5,38.6,0.95,0.05,0.0,0.7,0.03,2,1785597172.623805,False,True,True,False,1785597004.5109448,False,1,0,0,False
1785430955.7579584,20,1785597182.6028485,37.52918287937743,0.5933150225070573,37.13130388342107,True,37.5,36.5,38.6,0.95,0.05,0.0,0.7,0.03,2,1785597192.6300948,False,True,True,True,1785597184.5109572,False,1,0,0,False
1785430955.7579584,20,1785597202.6089346,37.49713893339437,0.5932768749523156,37.13130388342107,True,37.5,36.5,38.6,0.95,0.05,0.0,0.7,0.03,2,1785597212.6357388,False,True,True,False,1785597184.5109572,False,True,1,0,False
1785430955.7579584,20,1785597222.614983,37.49713893339437,0.5936011291676203,37.13130388342107,True,37.5,36.5,38.6,0.95,0.05,0.0,0.7,0.03,2,1785597232.641636,False,True,True,False,1785597184.5109572,False,True,1,0,False
1785430955.7579584,20,1785597242.6209497,37.45975432974747,0.5934294651712826,37.13664454108492,True,37.5,36.5,38.6,0.95,0.05,0.0,0.7,0.03,2,1785597252.6475725,False,True,True,False,1785597184.5109572,False,True,1,0,False
1785430955.7579584,20,1785597262.6268241,37.489127946898606,0.5931624322880903,37.13664454108492,True,37.5,36.5,38.6,0.95,0.05,0.0,0.7,0.03,2,1785597272.653996,False,True,True,False,1785597184.5109572,False,True,1,0,False
1785430955.7579584,20,1785597282.6328125,37.481116960402844,0.5932387273975738,37.11795223926147,True,37.5,36.5,38.6,0.95,0.05,0.0,0.7,0.03,2,1785597292.659502,False,True,True,False,1785597184.5109572,False,True,1,0,False
1785430955.7579584,20,1785597302.638722,37.49713893339437,0.5933913176165407,37.11795223926147,True,37.5,36.5,38.6,0.95,0.05,0.0,0.7,0.03,2,1785597312.6657896,False,True,True,False,1785597184.5109572,False,True,1,0,False
1785430955.7579584,20,1785597322.6446548,37.49446860456244,0.5934866865033952,37.14465552758068,True,37.5,36.5,38.6,0.95,0.05,0.0,0.7,0.03,2,1785597332.671707,False,True,True,False,1785597184.5109572,False,True,1,0,False
1785430955.7579584,20,1785597342.6505733,37.51850156404974,0.5935248340581368,37.14465552758068,True,37.5,36.5,38.6,0.95,0.05,0.0,0.7,0.03,2,1785597352.6777804,False,True,True,False,1785597184.5109572,False,1,0,0,False
1785430955.7579584,20,1785597362.6566978,37.49980926222629,0.5932196536202029,37.16067750057222,True,37.5,36.5,38.6,0.95,0.05,0.0,0.7,0.03,2,1785597372.6831975,False,True,True,True,1785597364.5109801,False,True,1,0,False
1785430955.7579584,20,1785597382.6625943,37.49713893339437,0.5934866865033952,37.158007171740294,True,37.5,36.5,38.6,0.95,0.05,0.0,0.7,0.03,2,1785597392.68971,False,True,True,False,1785597364.5109801,False,True,1,0,False
1785430955.7579584,20,1785597402.6685808,37.52384222171359,0.5932959487296864,37.158007171740294,True,37.5,36.5,38.6,0.95,0.05,0.0,0.7,0.03,2,1785597412.695633,False,True,True,False,1785597364.5109801,False,1,0,0,False
1785430955.7579584,20,1785597422.674572,37.54520485236897,0.5929716945143817,37.158007171740294,True,37.5,36.5,38.6,0.95,0.05,0.0,0.7,0.03,2,1785597432.7011564,False,True,True,False,1785597364.5109801,False,1,0,0,False
1785430955.7579584,20,1785597442.6805568,37.50247959105822,0.5929526207370108,37.16868848706798,True,37.5,36.5,38.6,0.95,0.05,0.0,0.7,0.03,2,1785597452.707525,False,True,True,False,1785597364.5109801,False,1,0,0,False
1785430955.7579584,20,1785597462.686463,37.52117189288167,0.5933150225070573,37.17402914473182,True,37.5,36.5,38.6,0.95,0.05,0.0,0.7,0.03,2,1785597472.7135472,False,True,True,False,1785597364.5109801,False,1,0,0,False
1785430955.7579584,20,1785597482.69244,37.507820248722055,0.5932005798428321,37.15533684290837,True,37.5,36.5,38.6,0.95,0.05,0.0,0.7,0.03,2,1785597492.719468,False,True,True,False,1785597364.5109801,False,1,0,0,False
1785430955.7579584,20,1785597502.6984136,37.49179827573053,0.5930098420691233,37.15533684290837,True,37.5,36.5,38.6,0.95,0.05,0.0,0.7,0.03,2,1785597512.7254903,False,True,True,False,1785597364.5109801,False,True,1,0,False
1785430955.7579584,20,1785597522.704382,37.489127946898606,0.5930098420691233,37.133974212252994,True,37.5,36.5,38.6,0.95,0.05,0.0,0.7,0.03,2,1785597532.7309332,False,True,True,False,1785597364.5109801,False,True,1,0,False
1785430955.7579584,20,1785597542.710319,37.45975432974747,0.5933340962844282,37.12329289692531,True,37.5,36.5,38.6,0.95,0.05,0.0,0.7,0.03,2,1785597552.7374904,False,True,True,True,1785597544.5109951,False,True,1,0,False
1785430955.7579584,20,1785597562.716347,37.489127946898606,0.5930479896238652,37.11795223926147,True,37.5,36.5,38.6,0.95,0.05,0.0,0.7,0.03,2,1785597572.7433562,False,True,True,False,1785597544.5109951,False,True,1,0,False
1785430955.7579584,20,1785597582.7222633,37.49179827573053,0.5932196536202029,37.141985198748756,True,37.5,36.5,38.6,0.95,0.05,0.0,0.7,0.03,2,1785597592.7487998,False,True,True,False,1785597544.5109951,False,True,1,0,False
1785430955.7579584,20,1785597602.7282097,37.51850156404974,0.5931052109559778,37.14732585641261,True,37.5,36.5,38.6,0.95,0.05,0.0,0.7,0.03,2,1785597612.7553072,False,True,True,False,1785597544.5109951,False,1,0,0,False
1785430955.7579584,20,1785597622.734347,37.507820248722055,0.5931815060654613,37.152666514076444,True,37.5,36.5,38.6,0.95,0.05,0.0,0.7,0.03,2,1785597632.7615247,False,True,True,False,1785597544.5109951,False,1,0,0,False
1785430955.7579584,20,1785597642.740435,37.52384222171359,0.5935629816128787,37.158007171740294,True,37.5,36.5,38.6,0.95,0.05,0.0,0.7,0.03,2,1785597652.7670608,False,True,True,False,1785597544.5109951,False,1,0,0,False
1785430955.7579584,20,1785597662.7464573,37.49980926222629,0.5934103913939117,37.19005111772336,True,37.5,36.5,38.6,0.95,0.05,0.0,0.7,0.03,2,1785597672.773582,False,True,True,False,1785597544.5109951,False,True,1,0,False
1785430955.7579584,20,1785597682.7524948,37.51850156404974,0.5930479896238652,37.17135881589991,True,37.5,36.5,38.6,0.95,0.05,0.0,0.7,0.03,2,1785597692.779526,False,True,True,False,1785597544.5109951,False,1,0,0,False
1785430955.7579584,20,1785597702.758438,37.52384222171359,0.5930289158464943,37.17135881589991,True,37.5,36.5,38.6,0.95,0.05,0.0,0.7,0.03,2,1785597712.7855685,False,True,True,False,1785597544.5109951,False,1,0,0,False
1785430955.7579584,20,1785597722.7645168,37.49980926222629,0.5928572518501564,37.16601815823606,True,37.5,36.5,38.6,0.95,0.05,0.0,0.7,0.03,2,1785597732.79156,False,True,True,True,1785597724.511032,False,True,1,0,False
1785430955.7579584,20,1785597742.7704484,37.513160906385906,0.5930861371786068,37.16067750057222,True,37.5,36.5,38.6,0.95,0.05,0.0,0.7,0.03,2,1785597752.7975414,False,True,True,False,1785597724.511032,False,1,0,0,False
1785430955.7579584,20,1785597762.776409,37.51583123521782,0.5935248340581368,37.15533684290837,True,37.5,36.5,38.6,0.95,0.05,0.0,0.7,0.03,2,1785597772.8034415,False,True,True,False,1785597724.511032,False,1,0,0,False
1785430955.7579584,20,1785597782.7824104,37.507820248722055,0.5928572518501564,37.158007171740294,True,37.5,36.5,38.6,0.95,0.05,0.0,0.7,0.03,2,1785597792.8095038,False,True,True,False,1785597724.511032,False,1,0,0,False
1785430955.7579584,20,1785597802.7884147,37.470435645075156,0.5931815060654613,37.14732585641261,True,37.5,36.5,38.6,0.95,0.05,0.0,0.7,0.03,2,1785597812.8149564,False,True,True,False,1785597724.511032,False,True,1,0,False
1785430955.7579584,20,1785597822.794309,37.470435645075156,0.5930098420691233,37.141985198748756,True,37.5,36.5,38.6,0.95,0.05,0.0,0.7,0.03,2,1785597832.8210795,False,True,True,False,1785597724.511032,False,True,1,0,False
1785430955.7579584,20,1785597842.800365,37.48645761806668,0.5930479896238652,37.12062256809338,True,37.5,36.5,38.6,0.95,0.05,0.0,0.7,0.03,2,1785597852.8268895,False,True,True,False,1785597724.511032,False,True,1,0,False
1785430955.7579584,20,1785597862.80626,37.47310597390707,0.5930670634012359,37.13130388342107,True,37.5,36.5,38.6,0.95,0.05,0.0,0.7,0.03,2,1785597872.8333147,False,True,True,False,1785597724.511032,False,True,1,0,False
1785430955.7579584,20,1785597882.8121924,37.470435645075156,0.5931433585107194,37.133974212252994,True,37.5,36.5,38.6,0.95,0.05,0.0,0.7,0.03,2,1785597892.8387444,False,True,True,False,1785597724.511032,False,True,1,0,False
1785430955.7579584,20,1785597902.8181124,37.48645761806668,0.5930289158464943,37.12329289692531,True,37.5,36.5,38.6,0.95,0.05,0.0,0.7,0.03,2,1785597912.8452435,False,True,True,True,1785597904.5110471,False,True,1,0,False
1785430955.7579584,20,1785597922.8241396,37.50514991989013,0.5927428091859313,37.14999618524453,True,37.5,36.5,38.6,0.95,0.05,0.0,0.7,0.03,2,1785597932.8506784,False,True,True,False,1785597904.5110471,False,1,0,0,False
1785430955.7579584,20,1785597942.8300772,37.52384222171359,0.5930861371786068,37.15533684290837,True,37.5,36.5,38.6,0.95,0.05,0.0,0.7,0.03,2,1785597952.8566759,False,True,True,False,1785597904.5110471,False,1,0,0,False
1785430955.7579584,20,1785597962.8359613,37.49980926222629,0.5929526207370108,37.14465552758068,True,37.5,36.5,38.6,0.95,0.05,0.0,0.7,0.03,2,1785597972.8631225,False,True,True,False,1785597904.5110471,False,True,1,0,False
1785430955.7579584,20,1785597982.8420126,37.48645761806668,0.5928381780727855,37.16868848706798,True,37.5,36.5,38.6,0.95,0.05,0.0,0.7,0.03,2,1785597992.8691416,False,True,True,False,1785597904.5110471,False,True,1,0,False
1785430955.7579584,20,1785598002.847974,37.48645761806668,0.5928191042954147,37.184710460059506,True,37.5,36.5,38.6,0.95,0.05,0.0,0.7,0.03,2,1785598012.8751209,False,True,True,False,1785597904.5110471,False,True,1,0,False
1785430955.7579584,20,1785598022.8540208,37.513160906385906,0.5928572518501564,37.19005111772336,True,37.5,36.5,38.6,0.95,0.05,0.0,0.7,0.03,2,1785598032.881103,False,True,True,False,1785597904.5110471,False,1,0,0,False
1785430955.7579584,20,1785598042.8600006,37.507820248722055,0.5927809567406729,37.158007171740294,True,37.5,36.5,38.6,0.95,0.05,0.0,0.7,0.03,2,1785598052.8870664,False,True,True,False,1785597904.5110471,False,1,0,0,False
1785430955.7579584,20,1785598062.8659945,37.49980926222629,0.5930479896238652,37.19005111772336,True,37.5,36.5,38.6,0.95,0.05,0.0,0.7,0.03,2,1785598072.8930974,False,True,True,False,1785597904.5110471,False,True,1,0,False
1785430955.7579584,20,1785598082.8720028,37.49179827573053,0.5930861371786068,37.14999618524453,True,37.5,36.5,38.6,0.95,0.05,0.0,0.7,0.03,2,1785598092.8990967,False,True,True,True,1785598084.5110798,False,True,1,0,False
1785430955.7579584,20,1785598102.8779879,37.507820248722055,0.5931624322880903,37.16601815823606,True,37.5,36.5,38.6,0.95,0.05,0.0,0.7,0.03,2,1785598112.905062,False,True,True,False,1785598084.5110798,False,1,0,0,False
1785430955.7579584,20,1785598122.8839338,37.51049057755398,0.5929716945143817,37.15533684290837,True,37.5,36.5,38.6,0.95,0.05,0.0,0.7,0.03,2,1785598132.9110303,False,True,True,False,1785598084.5110798,False,1,0,0,False
1785430955.7579584,20,1785598142.8899982,37.49179827573053,0.5928763256275273,37.17135881589991,True,37.5,36.5,38.6,0.95,0.05,0.0,0.7,0.03,2,1785598152.9171846,False,True,True,False,1785598084.5110798,False,True,1,0,False
1785430955.7579584,20,1785598162.8960536,37.489127946898606,0.5928381780727855,37.17135881589991,True,37.5,36.5,38.6,0.95,0.05,0.0,0.7,0.03,2,1785598172.9231534,False,True,True,False,1785598084.5110798,False,True,1,0,False
1785430955.7579584,20,1785598182.902048,37.48645761806668,0.5927809567406729,37.17402914473182,True,37.5,36.5,38.6,0.95,0.05,0.0,0.7,0.03,2,1785598192.928617,False,True,True,False,1785598084.5110798,False,True,1,0,False
1785430955.7579584,20,1785598202.90794,37.481116960402844,0.5929526207370108,37.13130388342107,True,37.5,36.5,38.6,0.95,0.05,0.0,0.7,0.03,2,1785598212.9350863,False,True,True,False,1785598084.5110798,False,True,1,0,False
1785430955.7579584,20,1785598222.9140136,37.507820248722055,0.5927237354085604,37.158007171740294,True,37.5,36.5,38.6,0.95,0.05,0.0,0.7,0.03,2,1785598232.9410875,False,True,True,False,1785598084.5110798,False,1,0,0,False
1785430955.7579584,20,1785598242.9200013,37.52384222171359,0.592761882963302,37.17402914473182,True,37.5,36.5,38.6,0.95,0.05,0.0,0.7,0.03,2,1785598252.9470272,False,True,True,False,1785598084.5110798,False,1,0,0,False
1785430955.7579584,20,1785598262.9259534,37.526512550545505,0.5928191042954147,37.158007171740294,True,37.5,36.5,38.6,0.95,0.05,0.0,0.7,0.03,2,1785598272.9530337,False,True,True,True,1785598264.5111122,False,1,0,0,False
1785430955.7579584,20,1785598282.931926,37.53986419470512,0.5928763256275273,37.182040131227595,True,37.5,36.5,38.6,0.95,0.05,0.0,0.7,0.03,2,1785598292.9590697,False,True,True,False,1785598264.5111122,False,1,0,0,False
1785430955.7579584,20,1785598302.9379828,37.51850156404974,0.5927428091859313,37.18738078889143,True,37.5,36.5,38.6,0.95,0.05,0.0,0.7,0.03,2,1785598312.9650962,False,True,True,False,1785598264.5111122,False,1,0,0,False
1785430955.7579584,20,1785598322.94395,37.51049057755398,0.5925711451895934,37.15533684290837,True,37.5,36.5,38.6,0.95,0.05,0.0,0.7,0.03,2,1785598332.9705782,False,True,True,False,1785598264.5111122,False,1,0,0,False
1785430955.7579584,20,1785598342.9500566,37.48645761806668,0.5926665140764478,37.14999618524453,True,37.5,36.5,38.6,0.95,0.05,0.0,0.7,0.03,2,1785598352.977449,False,True,True,False,1785598264.5111122,False,True,1,0,False
1785430955.7579584,20,1785598362.9561963,37.489127946898606,0.5928191042954147,37.15533684290837,True,37.5,36.5,38.6,0.95,0.05,0.0,0.7,0.03,2,1785598372.9834657,False,True,True,False,1785598264.5111122,False,True,1,0,False
1785430955.7579584,20,1785598382.9622223,37.49713893339437,0.5928381780727855,37.158007171740294,True,37.5,36.5,38.6,0.95,0.05,0.0,0.7,0.03,2,1785598392.98931,False,True,True,False,1785598264.5111122,False,True,1,0,False
1785430955.7579584,20,1785598402.968184,37.49713893339437,0.5925902189669643,37.14732585641261,True,37.5,36.5,38.6,0.95,0.05,0.0,0.7,0.03,2,1785598412.9952703,False,True,True,False,1785598264.5111122,False,True,1,0,False
1785430955.7579584,20,1785598422.9742165,37.48645761806668,0.5924948500801099,37.158007171740294,True,37.5,36.5,38.6,0.95,0.05,0.0,0.7,0.03,2,1785598433.0013366,False,True,True,False,1785598264.5111122,False,True,1,0,False
1785430955.7579584,20,1785598442.9801927,37.48645761806668,0.5924948500801099,37.13130388342107,True,37.5,36.5,38.6,0.95,0.05,0.0,0.7,0.03,2,1785598453.0073035,False,True,True,True,1785598444.511118,False,True,1,0,False
1785430955.7579584,20,1785598462.9862115,37.52117189288167,0.5927428091859313,37.152666514076444,True,37.5,36.5,38.6,0.95,0.05,0.0,0.7,0.03,2,1785598473.0134666,False,True,True,False,1785598444.511118,False,1,0,0,False
1785430955.7579584,20,1785598482.992395,37.52918287937743,0.5926474402990769,37.15533684290837,True,37.5,36.5,38.6,0.95,0.05,0.0,0.7,0.03,2,1785598493.0194705,False,True,True,False,1785598444.511118,False,1,0,0,False
1785430955.7579584,20,1785598502.9983888,37.50247959105822,0.5927237354085604,37.17135881589991,True,37.5,36.5,38.6,0.95,0.05,0.0,0.7,0.03,2,1785598513.0255501,False,True,True,False,1785598444.511118,False,1,0,0,False
1785430955.7579584,20,1785598523.0043943,37.526512550545505,0.5925329976348516,37.19806210421912,True,37.5,36.5,38.6,0.95,0.05,0.0,0.7,0.03,2,1785598533.031398,False,True,True,False,1785598444.511118,False,1,0,0,False
1785430955.7579584,20,1785598543.0103338,37.51850156404974,0.5924567025253681,37.17135881589991,True,37.5,36.5,38.6,0.95,0.05,0.0,0.7,0.03,2,1785598553.0368001,False,True,True,False,1785598444.511118,False,1,0,0,False
1785430955.7579584,20,1785598563.01636,37.49980926222629,0.5929907682917525,37.19806210421912,True,37.5,36.5,38.6,0.95,0.05,0.0,0.7,0.03,2,1785598573.0433812,False,True,True,False,1785598444.511118,False,True,1,0,False
1785430955.7579584,20,1785598583.022312,37.48645761806668,0.5925329976348516,37.16868848706798,True,37.5,36.5,38.6,0.95,0.05,0.0,0.7,0.03,2,1785598593.0494304,False,True,True,False,1785598444.511118,False,True,1,0,False
1785430955.7579584,20,1785598603.028331,37.49713893339437,0.5924376287479973,37.17402914473182,True,37.5,36.5,38.6,0.95,0.05,0.0,0.7,0.03,2,1785598613.0553343,False,True,True,False,1785598444.511118,False,True,1,0,False
1785430955.7579584,20,1785598623.0342293,37.507820248722055,0.592609292744335,37.19539177538719,True,37.5,36.5,38.6,0.95,0.05,0.0,0.7,0.03,2,1785598633.0613987,False,True,True,True,1785598624.5111244,False,1,0,0,False
1785430955.7579584,20,1785598643.0402982,37.507820248722055,0.5929907682917525,37.158007171740294,True,37.5,36.5,38.6,0.95,0.05,0.0,0.7,0.03,2,1785598653.0674498,False,True,True,False,1785598624.5111244,False,1,0,0,False
1785430955.7579584,20,1785598663.0462143,37.49980926222629,0.5928953994048982,37.158007171740294,True,37.5,36.5,38.6,0.95,0.05,0.0,0.7,0.03,2,1785598673.0735035,False,True,True,False,1785598624.5111244,False,True,1,0,False
1785430955.7579584,20,1785598683.0522466,37.52384222171359,0.5925520714122224,37.176699473563744,True,37.5,36.5,38.6,0.95,0.05,0.0,0.7,0.03,2,1785598693.0794256,False,True,True,False,1785598624.5111244,False,1,0,0,False
1785430955.7579584,20,1785598703.058292,37.52384222171359,0.5927809567406729,37.176699473563744,True,37.5,36.5,38.6,0.95,0.05,0.0,0.7,0.03,2,1785598713.0851173,False,True,True,False,1785598624.5111244,False,1,0,0,False
1785430955.7579584,20,1785598723.0645785,37.51049057755398,0.5928572518501564,37.17135881589991,True,37.5,36.5,38.6,0.95,0.05,0.0,0.7,0.03,2,1785598733.0916243,False,True,True,False,1785598624.5111244,False,1,0,0,False
1785430955.7579584,20,1785598743.070542,37.52384222171359,0.592761882963302,37.16601815823606,True,37.5,36.5,38.6,0.95,0.05,0.0,0.7,0.03,2,1785598753.0976717,False,True,True,False,1785598624.5111244,False,1,0,0,False
1785430955.7579584,20,1785598763.0766428,37.49980926222629,0.5927237354085604,37.16067750057222,True,37.5,36.5,38.6,0.95,0.05,0.0,0.7,0.03,2,1785598773.1037881,False,True,True,False,1785598624.5111244,False,True,1,0,False
1785430955.7579584,20,1785598783.0826848,37.48645761806668,0.5924185549706265,37.16868848706798,True,37.5,36.5,38.6,0.95,0.05,0.0,0.7,0.03,2,1785598793.1099288,False,True,True,False,1785598624.5111244,False,True,1,0,False
1785430955.7579584,20,1785598803.0887148,37.481116960402844,0.5926855878538185,37.158007171740294,True,37.5,36.5,38.6,0.95,0.05,0.0,0.7,0.03,2,1785598813.1157677,False,True,True,True,1785598804.5111392,False,True,1,0,False
1785430955.7579584,20,1785598823.0946445,37.48645761806668,0.5924948500801099,37.152666514076444,True,37.5,36.5,38.6,0.95,0.05,0.0,0.7,0.03,2,1785598833.1217308,False,True,True,False,1785598804.5111392,False,True,1,0,False
1785430955.7579584,20,1785598843.1006715,37.49179827573053,0.5926665140764478,37.141985198748756,True,37.5,36.5,38.6,0.95,0.05,0.0,0.7,0.03,2,1785598853.1278079,False,True,True,False,1785598804.5111392,False,True,1,0,False
1785430955.7579584,20,1785598863.1066668,37.489127946898606,0.5925329976348516,37.17936980239567,True,37.5,36.5,38.6,0.95,0.05,0.0,0.7,0.03,2,1785598873.1338058,False,True,True,False,1785598804.5111392,False,True,1,0,False
1785430955.7579584,20,1785598883.1126807,37.50247959105822,0.5926474402990769,37.19272144655528,True,37.5,36.5,38.6,0.95,0.05,0.0,0.7,0.03,2,1785598893.139704,False,True,True,False,1785598804.5111392,False,1,0,0,False
1785430955.7579584,20,1785598903.118597,37.507820248722055,0.5923613336385138,37.182040131227595,True,37.5,36.5,38.6,0.95,0.05,0.0,0.7,0.03,2,1785598913.1452131,False,True,True,False,1785598804.5111392,False,1,0,0,False
1785430955.7579584,20,1785598923.1247392,37.49980926222629,0.5921324483100634,37.19806210421912,True,37.5,36.5,38.6,0.95,0.05,0.0,0.7,0.03,2,1785598933.1518137,False,True,True,False,1785598804.5111392,False,True,1,0,False
1785430955.7579584,20,1785598943.130683,37.507820248722055,0.5925329976348516,37.19272144655528,True,37.5,36.5,38.6,0.95,0.05,0.0,0.7,0.03,2,1785598953.157835,False,True,True,False,1785598804.5111392,False,1,0,0,False
1785430955.7579584,20,1785598963.1367085,37.51049057755398,0.5924185549706265,37.18738078889143,True,37.5,36.5,38.6,0.95,0.05,0.0,0.7,0.03,2,1785598973.1637537,False,True,True,False,1785598804.5111392,False,1,0,0,False
1785430955.7579584,20,1785598983.142705,37.507820248722055,0.592323186083772,37.16334782940413,True,37.5,36.5,38.6,0.95,0.05,0.0,0.7,0.03,2,1785598993.1699169,False,True,True,True,1785598984.5111513,False,1,0,0,False
1785430955.7579584,20,1785599003.1488383,37.507820248722055,0.5925329976348516,37.184710460059506,True,37.5,36.5,38.6,0.95,0.05,0.0,0.7,0.03,2,1785599013.175998,False,True,True,False,1785598984.5111513,False,1,0,0,False
1785430955.7579584,20,1785599023.1549082,37.507820248722055,0.5927237354085604,37.16868848706798,True,37.5,36.5,38.6,0.95,0.05,0.0,0.7,0.03,2,1785599033.182143,False,True,True,False,1785598984.5111513,False,1,0,0,False
1785430955.7579584,20,1785599043.1610596,37.49713893339437,0.5924567025253681,37.16868848706798,True,37.5,36.5,38.6,0.95,0.05,0.0,0.7,0.03,2,1785599053.1875734,False,True,True,False,1785598984.5111513,False,True,1,0,False
1785430955.7579584,20,1785599063.166935,37.489127946898606,0.5924567025253681,37.14732585641261,True,37.5,36.5,38.6,0.95,0.05,0.0,0.7,0.03,2,1785599073.193522,False,True,True,False,1785598984.5111513,False,True,1,0,False
1785430955.7579584,20,1785599083.172839,37.465094987411305,0.592342259861143,37.14999618524453,True,37.5,36.5,38.6,0.95,0.05,0.0,0.7,0.03,2,1785599093.1993997,False,True,True,False,1785598984.5111513,False,True,1,0,False
1785430955.7579584,20,1785599103.1787665,37.481116960402844,0.5922278171969176,37.14465552758068,True,37.5,36.5,38.6,0.95,0.05,0.0,0.7,0.03,2,1785599113.2058582,False,True,True,False,1785598984.5111513,False,True,1,0,False
1785430955.7579584,20,1785599123.184811,37.49980926222629,0.5927046616311894,37.15533684290837,True,37.5,36.5,38.6,0.95,0.05,0.0,0.7,0.03,2,1785599133.2113535,False,True,True,False,1785598984.5111513,False,True,1,0,False
1785430955.7579584,20,1785599143.1907256,37.47577630273899,0.5920180056458381,37.16067750057222,True,37.5,36.5,38.6,0.95,0.05,0.0,0.7,0.03,2,1785599153.2178006,False,True,True,False,1785598984.5111513,False,True,1,0,False
1785430955.7579584,20,1785599163.1967175,37.51049057755398,0.592609292744335,37.17135881589991,True,37.5,36.5,38.6,0.95,0.05,0.0,0.7,0.03,2,1785599173.2238119,False,True,True,True,1785599164.5111532,False,1,0,0,False
1785430955.7579584,20,1785599183.2027304,37.53452353704128,0.5924948500801099,37.184710460059506,True,37.5,36.5,38.6,0.95,0.05,0.0,0.7,0.03,2,1785599193.2297823,False,True,True,False,1785599164.5111532,False,1,0,0,False
1785430955.7579584,20,1785599203.2087164,37.50247959105822,0.5923994811932555,37.200732433051044,True,37.5,36.5,38.6,0.95,0.05,0.0,0.7,0.03,2,1785599213.2357113,False,True,True,False,1785599164.5111532,False,1,0,0,False
1785430955.7579584,20,1785599223.2146451,37.52384222171359,0.5923804074158846,37.17402914473182,True,37.5,36.5,38.6,0.95,0.05,0.0,0.7,0.03,2,1785599233.241752,False,True,True,False,1785599164.5111532,False,1,0,0,False
1785430955.7579584,20,1785599243.2206795,37.49179827573053,0.5924948500801099,37.17402914473182,True,37.5,36.5,38.6,0.95,0.05,0.0,0.7,0.03,2,1785599253.2477486,False,True,True,False,1785599164.5111532,False,True,1,0,False
1785430955.7579584,20,1785599263.226637,37.51049057755398,0.5925139238574808,37.200732433051044,True,37.5,36.5,38.6,0.95,0.05,0.0,0.7,0.03,2,1785599273.2537138,False,True,True,False,1785599164.5111532,False,1,0,0,False
1785430955.7579584,20,1785599283.2326376,37.49179827573053,0.5922850385290304,37.17135881589991,True,37.5,36.5,38.6,0.95,0.05,0.0,0.7,0.03,2,1785599293.259704,False,True,True,False,1785599164.5111532,False,True,1,0,False
1785430955.7579584,20,1785599303.2386036,37.507820248722055,0.5922278171969176,37.17135881589991,True,37.5,36.5,38.6,0.95,0.05,0.0,0.7,0.03,2,1785599313.2657473,False,True,True,False,1785599164.5111532,False,1,0,0,False
1785430955.7579584,20,1785599323.2446716,37.51049057755398,0.5923041123064011,37.17135881589991,True,37.5,36.5,38.6,0.95,0.05,0.0,0.7,0.03,2,1785599333.2713306,False,True,True,False,1785599164.5111532,False,1,0,0,False
1785430955.7579584,20,1785599343.2507212,37.50247959105822,0.5923613336385138,37.15533684290837,True,37.5,36.5,38.6,0.95,0.05,0.0,0.7,0.03,2,1785599353.2777905,False,True,True,True,1785599344.5111566,False,1,0,0,False
1785430955.7579584,20,1785599363.256722,37.49980926222629,0.5922468909742885,37.182040131227595,True,37.5,36.5,38.6,0.95,0.05,0.0,0.7,0.03,2,1785599373.2837873,False,True,True,False,1785599344.5111566,False,True,1,0,False
1785430955.7579584,20,1785599383.2626293,37.47577630273899,0.5922659647516595,37.17936980239567,True,37.5,36.5,38.6,0.95,0.05,0.0,0.7,0.03,2,1785599393.2896793,False,True,True,False,1785599344.5111566,False,True,1,0,False
1785430955.7579584,20,1785599403.2686286,37.49713893339437,0.5923804074158846,37.16334782940413,True,37.5,36.5,38.6,0.95,0.05,0.0,0.7,0.03,2,1785599413.2952452,False,True,True,False,1785599344.5111566,False,True,1,0,False
1785430955.7579584,20,1785599423.274604,37.507820248722055,0.5923994811932555,37.17402914473182,True,37.5,36.5,38.6,0.95,0.05,0.0,0.7,0.03,2,1785599433.3017762,False,True,True,False,1785599344.5111566,False,1,0,0,False
1785430955.7579584,20,1785599443.2807431,37.51850156404974,0.592189669642176,37.19539177538719,True,37.5,36.5,38.6,0.95,0.05,0.0,0.7,0.03,2,1785599453.3077693,False,True,True,False,1785599344.5111566,False,1,0,0,False
1785430955.7579584,20,1785599463.2866619,37.526512550545505,0.5924185549706265,37.184710460059506,True,37.5,36.5,38.6,0.95,0.05,0.0,0.7,0.03,2,1785599473.31331,False,True,True,False,1785599344.5111566,False,1,0,0,False
1785430955.7579584,20,1785599483.2926733,37.51850156404974,0.592189669642176,37.17135881589991,True,37.5,36.5,38.6,0.95,0.05,0.0,0.7,0.03,2,1785599493.3197112,False,True,True,False,1785599344.5111566,False,1,0,0,False
1785430955.7579584,20,1785599503.298618,37.49179827573053,0.5923041123064011,37.19272144655528,True,37.5,36.5,38.6,0.95,0.05,0.0,0.7,0.03,2,1785599513.3252926,False,True,True,False,1785599344.5111566,False,True,1,0,False
1785430955.7579584,20,1785599523.3046408,37.51049057755398,0.5920180056458381,37.17135881589991,True,37.5,36.5,38.6,0.95,0.05,0.0,0.7,0.03,2,1785599533.3312879,False,True,True,True,1785599524.5111656,False,1,0,0,False
1785430955.7579584,20,1785599543.3106637,37.51850156404974,0.5922468909742885,37.182040131227595,True,37.5,36.5,38.6,0.95,0.05,0.0,0.7,0.03,2,1785599553.3377616,False,True,True,False,1785599524.5111656,False,1,0,0,False
1785430955.7579584,20,1785599563.3166914,37.47844663157092,0.5924376287479973,37.14999618524453,True,37.5,36.5,38.6,0.95,0.05,0.0,0.7,0.03,2,1785599573.344993,False,True,True,False,1785599524.5111656,False,True,1,0,False
1785430955.7579584,20,1785599583.322624,37.48645761806668,0.5921133745326925,37.16868848706798,True,37.5,36.5,38.6,0.95,0.05,0.0,0.7,0.03,2,1785599593.349507,False,True,True,False,1785599524.5111656,False,True,1,0,False
1785430955.7579584,20,1785599603.3287287,37.481116960402844,0.5920943007553215,37.158007171740294,True,37.5,36.5,38.6,0.95,0.05,0.0,0.7,0.03,2,1785599613.3558989,False,True,True,False,1785599524.5111656,False,True,1,0,False
1785430955.7579584,20,1785599623.3346376,37.470435645075156,0.592170595864805,37.16868848706798,True,37.5,36.5,38.6,0.95,0.05,0.0,0.7,0.03,2,1785599633.3617651,False,True,True,False,1785599524.5111656,False,True,1,0,False
1785430955.7579584,20,1785599643.340673,37.49713893339437,0.5923804074158846,37.184710460059506,True,37.5,36.5,38.6,0.95,0.05,0.0,0.7,0.03,2,1785599653.3674347,False,True,True,False,1785599524.5111656,False,True,1,0,False
1785430955.7579584,20,1785599663.3466568,37.49980926222629,0.5922278171969176,37.17936980239567,True,37.5,36.5,38.6,0.95,0.05,0.0,0.7,0.03,2,1785599673.37325,False,True,True,False,1785599524.5111656,False,True,1,0,False
1785430955.7579584,20,1785599683.3525918,37.507820248722055,0.5922278171969176,37.19806210421912,True,37.5,36.5,38.6,0.95,0.05,0.0,0.7,0.03,2,1785599693.379593,False,True,True,False,1785599524.5111656,False,1,0,0,False
1785430955.7579584,20,1785599703.3585238,37.49713893339437,0.5919798580910964,37.21408407721066,True,37.5,36.5,38.6,0.95,0.05,0.0,0.7,0.03,2,1785599713.3856328,False,True,True,True,1785599704.5112019,False,True,1,0,False
1785430955.7579584,20,1785599723.364518,37.531853208209355,0.5921515220874342,37.21408407721066,True,37.5,36.5,38.6,0.95,0.05,0.0,0.7,0.03,2,1785599733.3915899,False,True,True,False,1785599704.5112019,False,1,0,0,False
1785430955.7579584,20,1785599743.3705556,37.555886167696656,0.5922278171969176,37.219424734874494,True,37.5,36.5,38.6,0.95,0.05,0.0,0.7,0.03,2,1785599753.3976862,False,True,True,False,1785599704.5112019,False,1,0,0,False
1785430955.7579584,20,1785599763.3766146,37.53719386587319,0.5919798580910964,37.21408407721066,True,37.5,36.5,38.6,0.95,0.05,0.0,0.7,0.03,2,1785599773.4031527,False,True,True,False,1785599704.5112019,False,1,0,0,False
1785430955.7579584,20,1785599783.3825707,37.52384222171359,0.5923041123064011,37.19539177538719,True,37.5,36.5,38.6,0.95,0.05,0.0,0.7,0.03,2,1785599793.409594,False,True,True,False,1785599704.5112019,False,1,0,0,False
1785430955.7579584,20,1785599803.3885396,37.51850156404974,0.592189669642176,37.184710460059506,True,37.5,36.5,38.6,0.95,0.05,0.0,0.7,0.03,2,1785599813.4155293,False,True,True,False,1785599704.5112019,False,1,0,0,False
1785430955.7579584,20,1785599823.394449,37.52384222171359,0.5918081940947586,37.184710460059506,True,37.5,36.5,38.6,0.95,0.05,0.0,0.7,0.03,2,1785599833.4215534,False,True,True,False,1785599704.5112019,False,1,0,0,False
1785430955.7579584,20,1785599843.400473,37.50247959105822,0.5918844892042421,37.17936980239567,True,37.5,36.5,38.6,0.95,0.05,0.0,0.7,0.03,2,1785599853.4274697,False,True,True,False,1785599704.5112019,False,1,0,0,False
1785430955.7579584,20,1785599863.4064121,37.47310597390707,0.5919989318684672,37.158007171740294,True,37.5,36.5,38.6,0.95,0.05,0.0,0.7,0.03,2,1785599873.434792,False,True,True,False,1785599704.5112019,False,True,1,0,False
1785430955.7579584,20,1785599883.4125698,37.470435645075156,0.5920180056458381,37.16601815823606,True,37.5,36.5,38.6,0.95,0.05,0.0,0.7,0.03,2,1785599893.4390612,False,True,True,True,1785599884.5112207,False,True,1,0,False
1785430955.7579584,20,1785599903.4185102,37.470435645075156,0.5920561532005799,37.14465552758068,True,37.5,36.5,38.6,0.95,0.05,0.0,0.7,0.03,2,1785599913.445561,False,True,True,False,1785599884.5112207,False,True,1,0,False
1785430955.7579584,20,1785599923.424447,37.45708400091554,0.5919989318684672,37.16067750057222,True,37.5,36.5,38.6,0.95,0.05,0.0,0.7,0.03,2,1785599933.4515026,False,True,True,False,1785599884.5112207,False,True,1,0,False
1785430955.7579584,20,1785599943.4303887,37.470435645075156,0.5918844892042421,37.17135881589991,True,37.5,36.5,38.6,0.95,0.05,0.0,0.7,0.03,2,1785599953.457488,False,True,True,False,1785599884.5112207,False,True,1,0,False
1785430955.7579584,20,1785599963.436386,37.46776531624323,0.5919607843137256,37.182040131227595,True,37.5,36.5,38.6,0.95,0.05,0.0,0.7,0.03,2,1785599973.4630024,False,True,True,False,1785599884.5112207,False,True,1,0,False
1785430955.7579584,20,1785599983.4424033,37.50247959105822,0.5920752269779507,37.16334782940413,True,37.5,36.5,38.6,0.95,0.05,0.0,0.7,0.03,2,1785599993.4689827,False,True,True,False,1785599884.5112207,False,1,0,0,False
1785430955.7579584,20,1785600003.4484148,37.57190814068818,0.591903562981613,37.200732433051044,True,37.5,36.5,38.6,0.95,0.05,0.0,0.7,0.03,2,1785600013.4754071,False,True,True,False,1785599884.5112207,False,1,0,0,False
1785430955.7579584,20,1785600023.4552126,37.70008392462043,0.5922850385290304,37.17936980239567,True,37.5,36.5,38.6,0.95,0.05,0.0,0.7,0.03,2,1785600033.4836457,True,True,True,False,1785599884.5112207,False,1,0,0,False
1785430955.7579584,20,1785600043.4628792,37.764171816586554,0.5922087434195469,37.19005111772336,True,37.5,36.5,38.6,0.95,0.05,0.0,0.7,0.03,2,1785600053.4912732,True,False,True,False,1785599884.5112207,False,1,0,0,False
1785430955.7579584,20,1785600063.4705908,37.82024872205692,0.5922278171969176,37.16868848706798,True,37.5,36.5,38.6,0.95,0.05,0.0,0.7,0.03,2,1785600073.4985197,True,True,True,True,1785600064.511224,False,1,0,0,False
1785430955.7579584,20,1785600083.4782584,37.838941023880366,0.592170595864805,37.176699473563744,True,37.5,36.5,38.6,0.95,0.05,0.0,0.7,0.03,2,1785600093.506687,True,True,True,False,1785600064.511224,False,1,0,0,False
1785430955.7579584,20,1785600103.485958,37.849622339208054,0.5925139238574808,37.14999618524453,True,37.5,36.5,38.6,0.95,0.05,0.0,0.7,0.03,2,1785600113.514358,True,True,True,False,1785600064.511224,False,1,0,0,False
1785430955.7579584,20,1785600123.4936454,37.8683146410315,0.592342259861143,37.14999618524453,True,37.5,36.5,38.6,0.95,0.05,0.0,0.7,0.03,2,1785600133.5215015,True,True,True,False,1785600064.511224,False,1,0,0,False
1785430955.7579584,20,1785600143.501374,37.86030365453574,0.5921133745326925,37.14999618524453,True,37.5,36.5,38.6,0.95,0.05,0.0,0.7,0.03,2,1785600153.5298953,True,False,True,False,1785600064.511224,False,1,0,0,False
1785430955.7579584,20,1785600163.509149,37.85229266803998,0.5920561532005799,37.15533684290837,True,37.5,36.5,38.6,0.95,0.05,0.0,0.7,0.03,2,1785600173.5375848,True,True,True,False,1785600064.511224,False,1,0,0,False
1785430955.7579584,20,1785600183.5168376,37.838941023880366,0.5924948500801099,37.13130388342107,True,37.5,36.5,38.6,0.95,0.05,0.0,0.7,0.03,2,1785600193.5452268,True,False,True,False,1785600064.511224,False,1,0,0,False
1785430955.7579584,20,1785600203.5244975,37.83360036621653,0.592323186083772,37.141985198748756,True,37.5,36.5,38.6,0.95,0.05,0.0,0.7,0.03,2,1785600213.552988,True,True,True,False,1785600064.511224,False,1,0,0,False
1785430955.7579584,20,1785600223.5321383,37.806897077897304,0.5923613336385138,37.13130388342107,True,37.5,36.5,38.6,0.95,0.05,0.0,0.7,0.03,2,1785600233.5605717,True,True,True,False,1785600064.511224,False,1,0,0,False
1785430955.7579584,20,1785600243.5397701,37.78019378957809,0.5923613336385138,37.099259937438006,True,37.5,36.5,38.6,0.95,0.05,0.0,0.7,0.03,2,1785600253.5682232,True,False,True,True,1785600244.5112333,False,1,0,0,False
1785430955.7579584,20,1785600263.547426,37.77752346074617,0.5920752269779507,37.10460059510186,True,37.5,36.5,38.6,0.95,0.05,0.0,0.7,0.03,2,1785600273.575946,True,False,True,False,1785600244.5112333,False,1,0,0,False
1785430955.7579584,20,1785600283.5551887,37.75883115892272,0.5922659647516595,37.08056763561456,True,37.5,36.5,38.6,0.95,0.05,0.0,0.7,0.03,2,1785600293.5836759,True,True,True,False,1785600244.5112333,False,1,0,0,False
1785430955.7579584,20,1785600303.5630267,37.726787212939655,0.5920561532005799,37.04318303196766,True,37.5,36.5,38.6,0.95,0.05,0.0,0.7,0.03,2,1785600313.5915275,True,False,True,False,1785600244.5112333,False,1,0,0,False
1785430955.7579584,20,1785600323.5707726,37.740138857099254,0.5919989318684672,37.06454566262303,True,37.5,36.5,38.6,0.95,0.05,0.0,0.7,0.03,2,1785600333.5988462,True,False,True,False,1785600244.5112333,False,1,0,0,False
1785430955.7579584,20,1785600343.5785172,37.726787212939655,0.5919798580910964,37.03784237430381,True,37.5,36.5,38.6,0.95,0.05,0.0,0.7,0.03,2,1785600353.6070144,True,True,True,False,1785600244.5112333,False,1,0,0,False
1785430955.7579584,20,1785600363.5862436,37.69207293812467,0.592189669642176,37.011139085984595,True,37.5,36.5,38.6,0.95,0.05,0.0,0.7,0.03,2,1785600373.6146877,True,False,True,False,1785600244.5112333,False,1,0,0,False
1785430955.7579584,20,1785600383.5933669,37.70008392462043,0.5921515220874342,37.01915007248036,True,37.5,36.5,38.6,0.95,0.05,0.0,0.7,0.03,2,1785600393.6206815,True,True,True,False,1785600244.5112333,False,1,0,0,False
1785430955.7579584,20,1785600403.6002414,37.678721293965054,0.5917891203173876,37.024490730144194,True,37.5,36.5,38.6,0.95,0.05,0.0,0.7,0.03,2,1785600413.6285934,True,True,True,False,1785600244.5112333,False,1,0,0,False
1785430955.7579584,20,1785600423.607888,37.635996032654305,0.5918463416495002,37.00312809948882,True,37.5,36.5,38.6,0.95,0.05,0.0,0.7,0.03,2,1785600433.6362514,True,False,True,True,1785600424.511278,False,1,0,0,False
1785430955.7579584,20,1785600443.615135,37.60929274433509,0.5920180056458381,36.987106126497295,True,37.5,36.5,38.6,0.95,0.05,0.0,0.7,0.03,2,1785600453.6422749,True,True,True,False,1785600424.511278,False,1,0,0,False
1785430955.7579584,20,1785600463.6215072,37.59594110017548,0.5919417105363546,36.99244678416113,True,37.5,36.5,38.6,0.95,0.05,0.0,0.7,0.03,2,1785600473.6502368,True,True,True,False,1785600424.511278,False,1,0,0,False
1785430955.7579584,20,1785600483.6285112,37.60395208667124,0.5920943007553215,36.963073167009995,True,37.5,36.5,38.6,0.95,0.05,0.0,0.7,0.03,2,1785600493.6564286,True,True,True,False,1785600424.511278,False,1,0,0,False
1785430955.7579584,20,1785600503.6361234,37.58793011367972,0.591903562981613,36.96841382467383,True,37.5,36.5,38.6,0.95,0.05,0.0,0.7,0.03,2,1785600513.6637847,True,False,True,False,1785600424.511278,False,1,0,0,False
1785430955.7579584,20,1785600523.6431298,37.574578469520105,0.5918463416495002,36.920347905699245,True,37.5,36.5,38.6,0.95,0.05,0.0,0.7,0.03,2,1785600533.6706076,True,False,True,False,1785600424.511278,False,1,0,0,False
1785430955.7579584,20,1785600543.6496015,37.550545510032805,0.5918081940947586,36.92568856336308,True,37.5,36.5,38.6,0.95,0.05,0.0,0.7,0.03,2,1785600553.6771193,True,False,True,False,1785600424.511278,False,1,0,0,False
1785430955.7579584,20,1785600563.6559768,37.55321583886473,0.5915793087663082,36.915007248035394,True,37.5,36.5,38.6,0.95,0.05,0.0,0.7,0.03,2,1785600573.6865008,True,True,True,False,1785600424.511278,False,1,0,0,False
1785430955.7579584,20,1785600583.6623077,37.52918287937743,0.5915411612115663,36.901655603875795,True,37.5,36.5,38.6,0.95,0.05,0.0,0.7,0.03,2,1785600593.6897247,True,False,True,False,1785600424.511278,False,1,0,0,False
1785430955.7579584,20,1785600603.668727,37.49713893339437,0.5917318989852751,36.901655603875795,True,37.5,36.5,38.6,0.95,0.05,0.0,0.7,0.03,2,1785600613.6963372,True,False,True,True,1785600604.5112932,False,True,1,0,False
1785430955.7579584,20,1785600623.6757627,37.45441367208362,0.5916365300984207,36.86427100022888,True,37.5,36.5,38.6,0.95,0.05,0.0,0.7,0.03,2,1785600633.7043574,True,False,True,False,1785600604.5112932,False,True,1,0,False
1785430955.7579584,20,1785600643.6858711,37.49179827573053,0.5916556038757916,36.901655603875795,True,37.5,36.5,38.6,0.95,0.05,0.0,0.7,0.03,2,1785600653.718626,True,True,True,False,1785600604.5112932,False,True,1,0,False
1785430955.7579584,20,1785600663.6957142,37.489127946898606,0.5916937514305333,36.858930342565046,True,37.5,36.5,38.6,0.95,0.05,0.0,0.7,0.03,2,1785600673.7227247,True,False,True,False,1785600604.5112932,False,True,1,0,False
1785430955.7579584,20,1785600683.7020226,37.48645761806668,0.5918081940947586,36.88830395971618,True,37.5,36.5,38.6,0.95,0.05,0.0,0.7,0.03,2,1785600693.7294533,True,False,True,False,1785600604.5112932,False,True,1,0,False
1785430955.7579584,20,1785600703.708389,37.507820248722055,0.5915220874341955,36.872281986724644,True,37.5,36.5,38.6,0.95,0.05,0.0,0.7,0.03,2,1785600713.7369146,True,True,True,False,1785600604.5112932,False,1,0,0,False
1785430955.7579584,20,1785600723.7147355,37.526512550545505,0.5917700465400167,36.90432593270771,True,37.5,36.5,38.6,0.95,0.05,0.0,0.7,0.03,2,1785600733.7425828,True,False,True,False,1785600604.5112932,False,1,0,0,False
1785430955.7579584,20,1785600743.722689,37.54520485236897,0.5917891203173876,36.90432593270771,True,37.5,36.5,38.6,0.95,0.05,0.0,0.7,0.03,2,1785600753.7530665,True,True,True,False,1785600604.5112932,False,1,0,0,False
1785430955.7579584,20,1785600763.7371109,37.54253452353704,0.5914839398794537,36.88830395971618,True,37.5,36.5,38.6,0.95,0.05,0.0,0.7,0.03,2,1785600773.779198,True,True,True,False,1785600604.5112932,False,1,0,0,False
1785430955.7579584,20,1785600783.7554471,37.550545510032805,0.5917128252079041,36.91233691920348,True,37.5,36.5,38.6,0.95,0.05,0.0,0.7,0.03,2,1785600793.7847185,True,True,True,True,1785600784.5113215,False,1,0,0,False
1785430955.7579584,20,1785600803.763556,37.56656748302434,0.5919607843137256,36.896314946211945,True,37.5,36.5,38.6,0.95,0.05,0.0,0.7,0.03,2,1785600813.7952945,True,True,True,False,1785600784.5113215,False,1,0,0,False
1785430955.7579584,20,1785600823.7716744,37.56122682536049,0.5916746776531625,36.89097428854811,True,37.5,36.5,38.6,0.95,0.05,0.0,0.7,0.03,2,1785600833.8035014,True,True,True,False,1785600784.5113215,False,1,0,0,False
1785430955.7579584,20,1785600843.779814,37.555886167696656,0.5915030136568247,36.91233691920348,True,37.5,36.5,38.6,0.95,0.05,0.0,0.7,0.03,2,1785600853.8098605,True,True,True,False,1785600784.5113215,False,1,0,0,False
1785430955.7579584,20,1785600863.7874448,37.53719386587319,0.5918272678721295,36.89097428854811,True,37.5,36.5,38.6,0.95,0.05,0.0,0.7,0.03,2,1785600873.8177688,True,True,True,False,1785600784.5113215,False,1,0,0,False
1785430955.7579584,20,1785600883.7954805,37.51850156404974,0.5915411612115663,36.88830395971618,True,37.5,36.5,38.6,0.95,0.05,0.0,0.7,0.03,2,1785600893.8237634,True,True,True,False,1785600784.5113215,False,1,0,0,False
1785430955.7579584,20,1785600903.803452,37.507820248722055,0.5915602349889372,36.872281986724644,True,37.5,36.5,38.6,0.95,0.05,0.0,0.7,0.03,2,1785600913.831852,True,False,True,False,1785600784.5113215,False,1,0,0,False
1785430955.7579584,20,1785600923.8104856,37.49980926222629,0.5914648661020828,36.88830395971618,True,37.5,36.5,38.6,0.95,0.05,0.0,0.7,0.03,2,1785600933.83763,True,True,True,False,1785600784.5113215,False,True,1,0,False
1785430955.7579584,20,1785600943.8170297,37.465094987411305,0.5912741283283742,36.872281986724644,True,37.5,36.5,38.6,0.95,0.05,0.0,0.7,0.03,2,1785600953.843956,True,True,True,False,1785600784.5113215,False,True,1,0,False
1785430955.7579584,20,1785600963.8233511,37.49446860456244,0.5915793087663082,36.84557869840543,True,37.5,36.5,38.6,0.95,0.05,0.0,0.7,0.03,2,1785600973.850739,True,False,True,True,1785600964.5113292,False,True,1,0,False
1785430955.7579584,20,1785600983.8297894,37.49713893339437,0.5915411612115663,36.84290836957351,True,37.5,36.5,38.6,0.95,0.05,0.0,0.7,0.03,2,1785600993.8572307,True,False,True,False,1785600964.5113292,False,True,1,0,False
1785430955.7579584,20,1785601003.8361566,37.48645761806668,0.5915602349889372,36.84824902723736,True,37.5,36.5,38.6,0.95,0.05,0.0,0.7,0.03,2,1785601013.8632405,True,True,True,False,1785600964.5113292,False,True,1,0,False
1785430955.7579584,20,1785601023.8424842,37.507820248722055,0.5913885709925993,36.83756771190967,True,37.5,36.5,38.6,0.95,0.05,0.0,0.7,0.03,2,1785601033.8698533,True,False,True,False,1785600964.5113292,False,1,0,0,False
1785430955.7579584,20,1785601043.8488781,37.513160906385906,0.5915793087663082,36.858930342565046,True,37.5,36.5,38.6,0.95,0.05,0.0,0.7,0.03,2,1785601053.8766925,True,False,True,False,1785600964.5113292,False,1,0,0,False
1785430955.7579584,20,1785601063.8555756,37.531853208209355,0.5914457923247121,36.88029297322042,True,37.5,36.5,38.6,0.95,0.05,0.0,0.7,0.03,2,1785601073.8849196,True,False,True,False,1785600964.5113292,False,1,0,0,False
1785430955.7579584,20,1785601083.862719,37.51850156404974,0.5911787594415198,36.872281986724644,True,37.5,36.5,38.6,0.95,0.05,0.0,0.7,0.03,2,1785601093.8908224,True,False,True,False,1785600964.5113292,False,1,0,0,False
1785430955.7579584,20,1785601103.869861,37.53452353704128,0.5914267185473412,36.89364461738002,True,37.5,36.5,38.6,0.95,0.05,0.0,0.7,0.03,2,1785601113.898175,True,False,True,False,1785600964.5113292,False,1,0,0,False
1785430955.7579584,20,1785601123.8762522,37.531853208209355,0.5911978332188907,36.86160067139696,True,37.5,36.5,38.6,0.95,0.05,0.0,0.7,0.03,2,1785601133.9037876,True,True,True,False,1785600964.5113292,False,1,0,0,False
1785430955.7579584,20,1785601143.8828378,37.507820248722055,0.5916365300984207,36.877622644388495,True,37.5,36.5,38.6,0.95,0.05,0.0,0.7,0.03,2,1785601153.9112751,True,True,True,True,1785601144.511364,False,1,0,0,False
1785430955.7579584,20,1785601163.8893597,37.50514991989013,0.5913694972152286,36.872281986724644,True,37.5,36.5,38.6,0.95,0.05,0.0,0.7,0.03,2,1785601173.9167333,True,True,True,False,1785601144.511364,False,1,0,0,False
1785430955.7579584,20,1785601183.895679,37.49713893339437,0.5915030136568247,36.853589684901195,True,37.5,36.5,38.6,0.95,0.05,0.0,0.7,0.03,2,1785601193.9230652,True,False,True,False,1785601144.511364,False,True,1,0,False
1785430955.7579584,20,1785601203.9026532,37.49713893339437,0.5917128252079041,36.83756771190967,True,37.5,36.5,38.6,0.95,0.05,0.0,0.7,0.03,2,1785601213.9309483,True,False,True,False,1785601144.511364,False,True,1,0,False
1785430955.7579584,20,1785601223.9098365,37.48645761806668,0.5911596856641489,36.83222705424582,True,37.5,36.5,38.6,0.95,0.05,0.0,0.7,0.03,2,1785601233.93933,True,True,True,False,1785601144.511364,False,True,1,0,False
1785430955.7579584,20,1785601243.9162874,37.49713893339437,0.5915411612115663,36.82154573891813,True,37.5,36.5,38.6,0.95,0.05,0.0,0.7,0.03,2,1785601253.9462013,True,False,True,False,1785601144.511364,False,True,1,0,False
1785430955.7579584,20,1785601263.9228125,37.49980926222629,0.5914076447699702,36.83756771190967,True,37.5,36.5,38.6,0.95,0.05,0.0,0.7,0.03,2,1785601273.952841,True,False,True,False,1785601144.511364,False,True,1,0,False
1785430955.7579584,20,1785601283.9301014,37.51850156404974,0.5914267185473412,36.85091935606927,True,37.5,36.5,38.6,0.95,0.05,0.0,0.7,0.03,2,1785601293.9576213,True,False,True,False,1785601144.511364,False,1,0,0,False
1785430955.7579584,20,1785601303.937219,37.507820248722055,0.5915220874341955,36.84557869840543,True,37.5,36.5,38.6,0.95,0.05,0.0,0.7,0.03,2,1785601313.966263,True,True,True,False,1785601144.511364,False,1,0,0,False
1785430955.7579584,20,1785601323.9434278,37.53719386587319,0.5915602349889372,36.85626001373312,True,37.5,36.5,38.6,0.95,0.05,0.0,0.7,0.03,2,1785601333.9705436,True,False,True,True,1785601324.51137,False,1,0,0,False
1785430955.7579584,20,1785601343.9500155,37.52918287937743,0.5916365300984207,36.86694132906081,True,37.5,36.5,38.6,0.95,0.05,0.0,0.7,0.03,2,1785601353.9777026,True,False,True,False,1785601324.51137,False,1,0,0,False
1785430955.7579584,20,1785601363.956507,37.531853208209355,0.5916365300984207,36.84557869840543,True,37.5,36.5,38.6,0.95,0.05,0.0,0.7,0.03,2,1785601373.983828,True,False,True,False,1785601324.51137,False,1,0,0,False
1785430955.7579584,20,1785601383.9628,37.49713893339437,0.5910643167772947,36.84824902723736,True,37.5,36.5,38.6,0.95,0.05,0.0,0.7,0.03,2,1785601393.991422,True,True,True,False,1785601324.51137,False,True,1,0,False
1785430955.7579584,20,1785601403.9692235,37.49713893339437,0.5913694972152286,36.83222705424582,True,37.5,36.5,38.6,0.95,0.05,0.0,0.7,0.03,2,1785601413.9962256,True,True,True,False,1785601324.51137,False,True,1,0,False
1785430955.7579584,20,1785601423.9761617,37.49713893339437,0.5911215381094073,36.84824902723736,True,37.5,36.5,38.6,0.95,0.05,0.0,0.7,0.03,2,1785601434.0041664,True,True,True,False,1785601324.51137,False,True,1,0,False
1785430955.7579584,20,1785601443.9831316,37.507820248722055,0.5914457923247121,36.84824902723736,True,37.5,36.5,38.6,0.95,0.05,0.0,0.7,0.03,2,1785601454.0138407,True,True,True,False,1785601324.51137,False,1,0,0,False
1785430955.7579584,20,1785601463.989553,37.49446860456244,0.5913504234378577,36.83222705424582,True,37.5,36.5,38.6,0.95,0.05,0.0,0.7,0.03,2,1785601474.0168934,True,True,True,False,1785601324.51137,False,True,1,0,False
1785430955.7579584,20,1785601483.9965963,37.48645761806668,0.5912359807736324,36.84557869840543,True,37.5,36.5,38.6,0.95,0.05,0.0,0.7,0.03,2,1785601494.025049,True,True,True,False,1785601324.51137,False,True,1,0,False
1785430955.7579584,20,1785601504.0042622,37.507820248722055,0.5912550545510032,36.834897383077745,True,37.5,36.5,38.6,0.95,0.05,0.0,0.7,0.03,2,1785601514.0326645,True,False,True,True,1785601504.511407,False,1,0,0,False
1785430955.7579584,20,1785601524.0118873,37.489127946898606,0.5914648661020828,36.85091935606927,True,37.5,36.5,38.6,0.95,0.05,0.0,0.7,0.03,2,1785601534.0400496,True,True,True,False,1785601504.511407,False,True,1,0,False
1785430955.7579584,20,1785601544.019467,37.481116960402844,0.5912741283283742,36.84023804074158,True,37.5,36.5,38.6,0.95,0.05,0.0,0.7,0.03,2,1785601554.0478878,True,True,True,False,1785601504.511407,False,True,1,0,False
1785430955.7579584,20,1785601564.0271003,37.526512550545505,0.5911596856641489,36.84023804074158,True,37.5,36.5,38.6,0.95,0.05,0.0,0.7,0.03,2,1785601574.0555084,True,False,True,False,1785601504.511407,False,1,0,0,False
1785430955.7579584,20,1785601584.0347905,37.53452353704128,0.5915602349889372,36.858930342565046,True,37.5,36.5,38.6,0.95,0.05,0.0,0.7,0.03,2,1785601594.0633454,True,False,True,False,1785601504.511407,False,1,0,0,False
1785430955.7579584,20,1785601604.0423856,37.550545510032805,0.5913313496604867,36.86427100022888,True,37.5,36.5,38.6,0.95,0.05,0.0,0.7,0.03,2,1785601614.0710213,True,False,True,False,1785601504.511407,False,1,0,0,False
1785430955.7579584,20,1785601624.0501466,37.52384222171359,0.5912169069962616,36.853589684901195,True,37.5,36.5,38.6,0.95,0.05,0.0,0.7,0.03,2,1785601634.0787444,True,False,True,False,1785601504.511407,False,1,0,0,False
1785430955.7579584,20,1785601644.0578878,37.513160906385906,0.5911787594415198,36.86961165789273,True,37.5,36.5,38.6,0.95,0.05,0.0,0.7,0.03,2,1785601654.0858474,True,True,True,False,1785601504.511407,False,1,0,0,False
1785430955.7579584,20,1785601664.0653803,37.51583123521782,0.5912359807736324,36.86427100022888,True,37.5,36.5,38.6,0.95,0.05,0.0,0.7,0.03,2,1785601674.0927837,True,False,True,False,1785601504.511407,False,1,0,0,False
1785430955.7579584,20,1785601684.0717309,37.513160906385906,0.5911787594415198,36.85091935606927,True,37.5,36.5,38.6,0.95,0.05,0.0,0.7,0.03,2,1785601694.0992033,True,False,True,True,1785601684.511415,False,1,0,0,False
1785430955.7579584,20,1785601704.078106,37.49713893339437,0.5909117265583277,36.84557869840543,True,37.5,36.5,38.6,0.95,0.05,0.0,0.7,0.03,2,1785601714.106623,True,True,True,False,1785601684.511415,False,True,1,0,False
1785430955.7579584,20,1785601724.084489,37.49446860456244,0.5913122758831159,36.82421606775006,True,37.5,36.5,38.6,0.95,0.05,0.0,0.7,0.03,2,1785601734.1133857,True,False,True,False,1785601684.511415,False,True,1,0,False
1785430955.7579584,20,1785601744.090998,37.470435645075156,0.5911596856641489,36.81887541008621,True,37.5,36.5,38.6,0.95,0.05,0.0,0.7,0.03,2,1785601754.118302,True,False,True,False,1785601684.511415,False,True,1,0,False
1785430955.7579584,20,1785601764.0973637,37.483787289234755,0.5912169069962616,36.80285343709468,True,37.5,36.5,38.6,0.95,0.05,0.0,0.7,0.03,2,1785601774.1266084,True,False,True,False,1785601684.511415,False,True,1,0,False
1785430955.7579584,20,1785601784.1039228,37.48645761806668,0.590854505226215,36.83756771190967,True,37.5,36.5,38.6,0.95,0.05,0.0,0.7,0.03,2,1785601794.1326444,True,False,True,False,1785601684.511415,False,True,1,0,False
1785430955.7579584,20,1785601804.1103172,37.513160906385906,0.5913504234378577,36.83756771190967,True,37.5,36.5,38.6,0.95,0.05,0.0,0.7,0.03,2,1785601814.1379635,True,False,True,False,1785601684.511415,False,1,0,0,False
1785430955.7579584,20,1785601824.1168053,37.52384222171359,0.5914076447699702,36.853589684901195,True,37.5,36.5,38.6,0.95,0.05,0.0,0.7,0.03,2,1785601834.1454184,True,False,True,False,1785601684.511415,False,1,0,0,False
1785430955.7579584,20,1785601844.123119,37.52384222171359,0.5911215381094073,36.853589684901195,True,37.5,36.5,38.6,0.95,0.05,0.0,0.7,0.03,2,1785601854.1506448,True,True,True,False,1785601684.511415,False,1,0,0,False
1785430955.7579584,20,1785601864.1295373,37.55321583886473,0.5910833905546654,36.86961165789273,True,37.5,36.5,38.6,0.95,0.05,0.0,0.7,0.03,2,1785601874.1569326,True,False,True,True,1785601864.511432,False,1,0,0,False
1785430955.7579584,20,1785601884.135891,37.52384222171359,0.5910452429999238,36.86160067139696,True,37.5,36.5,38.6,0.95,0.05,0.0,0.7,0.03,2,1785601894.1632574,True,False,True,False,1785601864.511432,False,1,0,0,False
1785430955.7579584,20,1785601904.1422741,37.507820248722055,0.5910833905546654,36.85091935606927,True,37.5,36.5,38.6,0.95,0.05,0.0,0.7,0.03,2,1785601914.1696663,True,False,True,False,1785601864.511432,False,1,0,0,False
1785430955.7579584,20,1785601924.1486225,37.49446860456244,0.5908926527809568,36.834897383077745,True,37.5,36.5,38.6,0.95,0.05,0.0,0.7,0.03,2,1785601934.1761804,True,False,True,False,1785601864.511432,False,True,1,0,False
1785430955.7579584,20,1785601944.155153,37.49179827573053,0.5909498741130693,36.82421606775006,True,37.5,36.5,38.6,0.95,0.05,0.0,0.7,0.03,2,1785601954.1825123,True,True,True,False,1785601864.511432,False,True,1,0,False
1785430955.7579584,20,1785601964.1614683,37.49980926222629,0.5911787594415198,36.84557869840543,True,37.5,36.5,38.6,0.95,0.05,0.0,0.7,0.03,2,1785601974.190112,True,False,True,False,1785601864.511432,False,True,1,0,False
1785430955.7579584,20,1785601984.1677952,37.513160906385906,0.5910643167772947,36.816205081254296,True,37.5,36.5,38.6,0.95,0.05,0.0,0.7,0.03,2,1785601994.1952631,True,False,True,False,1785601864.511432,False,1,0,0,False
1785430955.7579584,20,1785602004.174856,37.50247959105822,0.5907400625619899,36.82688639658198,True,37.5,36.5,38.6,0.95,0.05,0.0,0.7,0.03,2,1785602014.2027853,True,True,True,False,1785601864.511432,False,1,0,0,False
1785430955.7579584,20,1785602024.182074,37.507820248722055,0.5913122758831159,36.84290836957351,True,37.5,36.5,38.6,0.95,0.05,0.0,0.7,0.03,2,1785602034.209758,True,True,True,False,1785601864.511432,False,1,0,0,False
1785430955.7579584,20,1785602044.1883857,37.507820248722055,0.5911406118867781,36.82154573891813,True,37.5,36.5,38.6,0.95,0.05,0.0,0.7,0.03,2,1785602054.2156284,True,False,True,True,1785602044.5114686,False,1,0,0,False
1785430955.7579584,20,1785602064.19469,37.489127946898606,0.590854505226215,36.82688639658198,True,37.5,36.5,38.6,0.95,0.05,0.0,0.7,0.03,2,1785602074.224119,True,False,True,False,1785602044.5114686,False,True,1,0,False
1785430955.7579584,20,1785602084.201812,37.481116960402844,0.5910452429999238,36.81887541008621,True,37.5,36.5,38.6,0.95,0.05,0.0,0.7,0.03,2,1785602094.2315235,True,True,True,False,1785602044.5114686,False,True,1,0,False
1785430955.7579584,20,1785602104.2090747,37.47577630273899,0.5912169069962616,36.829556725413894,True,37.5,36.5,38.6,0.95,0.05,0.0,0.7,0.03,2,1785602114.236233,True,True,True,False,1785602044.5114686,False,True,1,0,False
1785430955.7579584,20,1785602124.2153773,37.47310597390707,0.5904921034561684,36.82421606775006,True,37.5,36.5,38.6,0.95,0.05,0.0,0.7,0.03,2,1785602134.2428317,True,True,True,False,1785602044.5114686,False,True,1,0,False
1785430955.7579584,20,1785602144.2218134,37.49713893339437,0.5908354314488442,36.84557869840543,True,37.5,36.5,38.6,0.95,0.05,0.0,0.7,0.03,2,1785602154.2501237,True,True,True,False,1785602044.5114686,False,True,1,0,False
1785430955.7579584,20,1785602164.2289152,37.50514991989013,0.5909689478904403,36.84557869840543,True,37.5,36.5,38.6,0.95,0.05,0.0,0.7,0.03,2,1785602174.2573984,True,False,True,False,1785602044.5114686,False,1,0,0,False
1785430955.7579584,20,1785602184.2361894,37.53452353704128,0.5908926527809568,36.84824902723736,True,37.5,36.5,38.6,0.95,0.05,0.0,0.7,0.03,2,1785602194.2658744,True,True,True,False,1785602044.5114686,False,1,0,0,False
1785430955.7579584,20,1785602204.2425833,37.54520485236897,0.5911406118867781,36.87495231555657,True,37.5,36.5,38.6,0.95,0.05,0.0,0.7,0.03,2,1785602214.2696059,True,True,True,False,1785602044.5114686,False,1,0,0,False
1785430955.7579584,20,1785602224.248995,37.56122682536049,0.5911024643320363,36.89097428854811,True,37.5,36.5,38.6,0.95,0.05,0.0,0.7,0.03,2,1785602234.2764244,True,False,True,True,1785602224.5114992,False,1,0,0,False
1785430955.7579584,20,1785602244.255365,37.54520485236897,0.5907972838941024,36.84290836957351,True,37.5,36.5,38.6,0.95,0.05,0.0,0.7,0.03,2,1785602254.2822874,True,False,True,False,1785602224.5114992,False,1,0,0,False
1785430955.7579584,20,1785602264.2617934,37.531853208209355,0.5912169069962616,36.853589684901195,True,37.5,36.5,38.6,0.95,0.05,0.0,0.7,0.03,2,1785602274.2891295,True,False,True,False,1785602224.5114992,False,1,0,0,False
1785430955.7579584,20,1785602284.2680905,37.52384222171359,0.5910070954451819,36.829556725413894,True,37.5,36.5,38.6,0.95,0.05,0.0,0.7,0.03,2,1785602294.295476,True,False,True,False,1785602224.5114992,False,1,0,0,False
1785430955.7579584,20,1785602304.2745025,37.52918287937743,0.5905683985656519,36.85091935606927,True,37.5,36.5,38.6,0.95,0.05,0.0,0.7,0.03,2,1785602314.3016093,True,True,True,False,1785602224.5114992,False,1,0,0,False
1785430955.7579584,20,1785602324.281447,37.51049057755398,0.5909689478904403,36.834897383077745,True,37.5,36.5,38.6,0.95,0.05,0.0,0.7,0.03,2,1785602334.3093994,True,True,True,False,1785602224.5114992,False,1,0,0,False
1785430955.7579584,20,1785602344.2891085,37.481116960402844,0.5908163576714733,36.84023804074158,True,37.5,36.5,38.6,0.95,0.05,0.0,0.7,0.03,2,1785602354.3172176,True,True,True,False,1785602224.5114992,False,True,1,0,False
1785430955.7579584,20,1785602364.2961333,37.46776531624323,0.5907400625619899,36.82421606775006,True,37.5,36.5,38.6,0.95,0.05,0.0,0.7,0.03,2,1785602374.324772,True,False,True,False,1785602224.5114992,False,True,1,0,False
1785430955.7579584,20,1785602384.3031642,37.45441367208362,0.5907209887846189,36.80018310826276,True,37.5,36.5,38.6,0.95,0.05,0.0,0.7,0.03,2,1785602394.3312192,True,False,True,False,1785602224.5114992,False,True,1,0,False
1785430955.7579584,20,1785602404.310866,37.470435645075156,0.5906828412298772,36.80018310826276,True,37.5,36.5,38.6,0.95,0.05,0.0,0.7,0.03,2,1785602414.3441188,True,True,True,True,1785602404.511533,False,True,1,0,False
1785430955.7579584,20,1785602424.318249,37.45975432974747,0.5906828412298772,36.810864423590445,True,37.5,36.5,38.6,0.95,0.05,0.0,0.7,0.03,2,1785602434.34559,True,False,True,False,1785602404.511533,False,True,1,0,False
1785430955.7579584,20,1785602444.3245618,37.44373235675593,0.5907972838941024,36.79484245059892,True,37.5,36.5,38.6,0.95,0.05,0.0,0.7,0.03,2,1785602454.3517733,True,True,True,False,1785602404.511533,False,True,1,0,False
1785430955.7579584,20,1785602464.330797,37.45174334325169,0.5905874723430229,36.810864423590445,True,37.5,36.5,38.6,0.95,0.05,0.0,0.7,0.03,2,1785602474.3577135,True,True,True,False,1785602404.511533,False,True,1,0,False
1785430955.7579584,20,1785602484.3376472,37.50247959105822,0.5905874723430229,36.81887541008621,True,37.5,36.5,38.6,0.95,0.05,0.0,0.7,0.03,2,1785602494.3676198,True,False,True,False,1785602404.511533,False,1,0,0,False
1785430955.7579584,20,1785602504.345271,37.51850156404974,0.5909308003356984,36.81353475242237,True,37.5,36.5,38.6,0.95,0.05,0.0,0.7,0.03,2,1785602514.3760126,True,False,True,False,1785602404.511533,False,1,0,0,False
1785430955.7579584,20,1785602524.353468,37.526512550545505,0.5911024643320363,36.84023804074158,True,37.5,36.5,38.6,0.95,0.05,0.0,0.7,0.03,2,1785602534.3819156,True,True,True,False,1785602404.511533,False,1,0,0,False
1785430955.7579584,20,1785602544.3611486,37.53452353704128,0.5908354314488442,36.85091935606927,True,37.5,36.5,38.6,0.95,0.05,0.0,0.7,0.03,2,1785602554.3894734,True,False,True,False,1785602404.511533,False,1,0,0,False
1785430955.7579584,20,1785602564.3680875,37.526512550545505,0.5907782101167315,36.834897383077745,True,37.5,36.5,38.6,0.95,0.05,0.0,0.7,0.03,2,1785602574.3956351,True,False,True,False,1785602404.511533,False,1,0,0,False
1785430955.7579584,20,1785602584.374901,37.52384222171359,0.5905683985656519,36.84824902723736,True,37.5,36.5,38.6,0.95,0.05,0.0,0.7,0.03,2,1785602594.4096048,True,False,True,True,1785602584.51155,False,1,0,0,False
1785430955.7579584,20,1785602604.3813255,37.507820248722055,0.5906446936751354,36.858930342565046,True,37.5,36.5,38.6,0.95,0.05,0.0,0.7,0.03,2,1785602614.4086742,True,False,True,False,1785602584.51155,False,1,0,0,False
1785430955.7579584,20,1785602624.3876572,37.50247959105822,0.5907591363393607,36.84290836957351,True,37.5,36.5,38.6,0.95,0.05,0.0,0.7,0.03,2,1785602634.415052,True,False,True,False,1785602584.51155,False,1,0,0,False
1785430955.7579584,20,1785602644.3946974,37.49713893339437,0.5906256198977645,36.83756771190967,True,37.5,36.5,38.6,0.95,0.05,0.0,0.7,0.03,2,1785602654.4231431,True,True,True,False,1785602584.51155,False,True,1,0,False
1785430955.7579584,20,1785602664.402104,37.489127946898606,0.5909498741130693,36.82688639658198,True,37.5,36.5,38.6,0.95,0.05,0.0,0.7,0.03,2,1785602674.4295058,True,False,True,False,1785602584.51155,False,True,1,0,False
1785430955.7579584,20,1785602684.4085295,37.481116960402844,0.5906256198977645,36.82421606775006,True,37.5,36.5,38.6,0.95,0.05,0.0,0.7,0.03,2,1785602694.4358652,True,False,True,False,1785602584.51155,False,True,1,0,False
1785430955.7579584,20,1785602704.4148922,37.470435645075156,0.5908735790035858,36.81887541008621,True,37.5,36.5,38.6,0.95,0.05,0.0,0.7,0.03,2,1785602714.4422126,True,True,True,False,1785602584.51155,False,True,1,0,False
1785430955.7579584,20,1785602724.4213219,37.489127946898606,0.5909308003356984,36.81353475242237,True,37.5,36.5,38.6,0.95,0.05,0.0,0.7,0.03,2,1785602734.4487453,True,False,True,False,1785602584.51155,False,True,1,0,False
1785430955.7579584,20,1785602744.4285524,37.470435645075156,0.5902441443503471,36.834897383077745,True,37.5,36.5,38.6,0.95,0.05,0.0,0.7,0.03,2,1785602754.4576216,True,False,True,False,1785602584.51155,False,True,1,0,False
1785430955.7579584,20,1785602764.4370475,37.489127946898606,0.5906446936751354,36.84023804074158,True,37.5,36.5,38.6,0.95,0.05,0.0,0.7,0.03,2,1785602774.465306,True,True,True,True,1785602764.5115714,False,True,1,0,False
1785430955.7579584,20,1785602784.4445302,37.513160906385906,0.5905111772335394,36.83756771190967,True,37.5,36.5,38.6,0.95,0.05,0.0,0.7,0.03,2,1785602794.4719753,True,False,True,False,1785602764.5115714,False,1,0,0,False
1785430955.7579584,20,1785602804.4509954,37.53452353704128,0.5906828412298772,36.853589684901195,True,37.5,36.5,38.6,0.95,0.05,0.0,0.7,0.03,2,1785602814.4786031,True,True,True,False,1785602764.5115714,False,1,0,0,False
1785430955.7579584,20,1785602824.4575734,37.52918287937743,0.5906637674525064,36.853589684901195,True,37.5,36.5,38.6,0.95,0.05,0.0,0.7,0.03,2,1785602834.4848585,True,True,True,False,1785602764.5115714,False,1,0,0,False
1785430955.7579584,20,1785602844.4639943,37.550545510032805,0.5906065461203938,36.853589684901195,True,37.5,36.5,38.6,0.95,0.05,0.0,0.7,0.03,2,1785602854.4919682,True,True,True,False,1785602764.5115714,False,1,0,0,False
1785430955.7579584,20,1785602864.4708157,37.55321583886473,0.5907400625619899,36.83756771190967,True,37.5,36.5,38.6,0.95,0.05,0.0,0.7,0.03,2,1785602874.5005157,True,True,True,False,1785602764.5115714,False,1,0,0,False
1785430955.7579584,20,1785602884.4776716,37.52918287937743,0.5908735790035858,36.86160067139696,True,37.5,36.5,38.6,0.95,0.05,0.0,0.7,0.03,2,1785602894.5051768,True,True,True,False,1785602764.5115714,False,1,0,0,False
1785430955.7579584,20,1785602904.484053,37.52384222171359,0.5905683985656519,36.86694132906081,True,37.5,36.5,38.6,0.95,0.05,0.0,0.7,0.03,2,1785602914.5114343,True,True,True,False,1785602764.5115714,False,1,0,0,False
1785430955.7579584,20,1785602924.4904802,37.526512550545505,0.5902250705729764,36.834897383077745,True,37.5,36.5,38.6,0.95,0.05,0.0,0.7,0.03,2,1785602934.5209565,True,True,True,False,1785602764.5115714,False,1,0,0,False
1785430955.7579584,20,1785602944.4974322,37.49713893339437,0.590701915007248,36.829556725413894,True,37.5,36.5,38.6,0.95,0.05,0.0,0.7,0.03,2,1785602954.5255122,True,False,True,True,1785602944.525408,False,True,1,0,False
1785430955.7579584,20,1785602964.5043883,37.47844663157092,0.590549324788281,36.81887541008621,True,37.5,36.5,38.6,0.95,0.05,0.0,0.7,0.03,2,1785602974.5317266,True,True,True,False,1785602944.525408,False,True,1,0,False
1785430955.7579584,20,1785602984.5112715,37.47577630273899,0.590701915007248,36.82154573891813,True,37.5,36.5,38.6,0.95,0.05,0.0,0.7,0.03,2,1785602994.5397875,True,False,True,False,1785602944.525408,False,True,1,0,False
1785430955.7579584,20,1785603004.5189698,37.48645761806668,0.5907782101167315,36.82688639658198,True,37.5,36.5,38.6,0.95,0.05,0.0,0.7,0.03,2,1785603014.5480719,True,False,True,False,1785602944.525408,False,True,1,0,False
1785430955.7579584,20,1785603024.5266309,37.48645761806668,0.5904730296787976,36.82688639658198,True,37.5,36.5,38.6,0.95,0.05,0.0,0.7,0.03,2,1785603034.5546682,True,False,True,False,1785602944.525408,False,True,1,0,False
1785430955.7579584,20,1785603044.5342636,37.507820248722055,0.5906828412298772,36.84824902723736,True,37.5,36.5,38.6,0.95,0.05,0.0,0.7,0.03,2,1785603054.562779,True,True,True,False,1785602944.525408,False,1,0,0,False
1785430955.7579584,20,1785603064.5418913,37.51049057755398,0.5903395132372015,36.84824902723736,True,37.5,36.5,38.6,0.95,0.05,0.0,0.7,0.03,2,1785603074.5699275,True,True,True,False,1785602944.525408,False,1,0,0,False
1785430955.7579584,20,1785603084.5495818,37.53986419470512,0.5905874723430229,36.834897383077745,True,37.5,36.5,38.6,0.95,0.05,0.0,0.7,0.03,2,1785603094.578134,True,True,True,False,1785602944.525408,False,1,0,0,False
1785430955.7579584,20,1785603104.5572977,37.52384222171359,0.5906637674525064,36.82421606775006,True,37.5,36.5,38.6,0.95,0.05,0.0,0.7,0.03,2,1785603114.5857725,True,False,True,True,1785603124.5254178,False,1,0,0,False
1785430955.7579584,20,1785603124.5682068,37.53719386587319,0.5905302510109103,36.85091935606927,True,37.5,36.5,38.6,0.95,0.05,0.0,0.7,0.03,2,1785603134.600459,True,False,True,True,1785603124.5254178,False,1,0,0,False
1785430955.7579584,20,1785603144.5795858,37.51850156404974,0.5907591363393607,36.84557869840543,True,37.5,36.5,38.6,0.95,0.05,0.0,0.7,0.03,2,1785603154.6070123,True,True,True,False,1785603124.5254178,False,1,0,0,False
1785430955.7579584,20,1785603164.586958,37.49980926222629,0.5905302510109103,36.80819409475852,True,37.5,36.5,38.6,0.95,0.05,0.0,0.7,0.03,2,1785603174.6158195,True,True,True,False,1785603124.5254178,False,True,1,0,False
1785430955.7579584,20,1785603184.595127,37.49713893339437,0.5905111772335394,36.82688639658198,True,37.5,36.5,38.6,0.95,0.05,0.0,0.7,0.03,2,1785603194.6241856,True,True,True,False,1785603124.5254178,False,True,1,0,False
1785430955.7579584,20,1785603204.6035619,37.49179827573053,0.5903395132372015,36.82688639658198,True,37.5,36.5,38.6,0.95,0.05,0.0,0.7,0.03,2,1785603214.6326194,True,True,True,False,1785603124.5254178,False,True,1,0,False
1785430955.7579584,20,1785603224.6119795,37.51850156404974,0.5906637674525064,36.83756771190967,True,37.5,36.5,38.6,0.95,0.05,0.0,0.7,0.03,2,1785603234.640907,True,False,True,False,1785603124.5254178,False,1,0,0,False
1785430955.7579584,20,1785603244.6200352,37.49713893339437,0.590282291905089,36.83756771190967,True,37.5,36.5,38.6,0.95,0.05,0.0,0.7,0.03,2,1785603254.6485796,True,False,True,False,1785603124.5254178,False,True,1,0,False
1785430955.7579584,20,1785603264.6278176,37.47310597390707,0.5908354314488442,36.80552376592661,True,37.5,36.5,38.6,0.95,0.05,0.0,0.7,0.03,2,1785603274.656686,True,True,True,False,1785603124.5254178,False,True,1,0,False
1785430955.7579584,20,1785603284.6358232,37.49713893339437,0.5903967345693141,36.84023804074158,True,37.5,36.5,38.6,0.95,0.05,0.0,0.7,0.03,2,1785603294.6647358,True,True,True,True,1785603304.5254302,False,True,1,0,False
1785430955.7579584,20,1785603304.6442332,37.507820248722055,0.5904730296787976,36.84023804074158,True,37.5,36.5,38.6,0.95,0.05,0.0,0.7,0.03,2,1785603314.6731546,True,True,True,True,1785603304.5254302,False,1,0,0,False
1785430955.7579584,20,1785603324.6525915,37.51049057755398,0.5905302510109103,36.84557869840543,True,37.5,36.5,38.6,0.95,0.05,0.0,0.7,0.03,2,1785603334.6819472,True,True,True,False,1785603304.5254302,False,1,0,0,False
1785430955.7579584,20,1785603344.6611364,37.513160906385906,0.5906065461203938,36.85626001373312,True,37.5,36.5,38.6,0.95,0.05,0.0,0.7,0.03,2,1785603354.6891387,True,True,True,False,1785603304.5254302,False,1,0,0,False
1785430955.7579584,20,1785603364.6687179,37.51583123521782,0.5905111772335394,36.84023804074158,True,37.5,36.5,38.6,0.95,0.05,0.0,0.7,0.03,2,1785603374.6965454,True,False,True,False,1785603304.5254302,False,1,0,0,False
1785430955.7579584,20,1785603384.6761503,37.53452353704128,0.5906256198977645,36.83756771190967,True,37.5,36.5,38.6,0.95,0.05,0.0,0.7,0.03,2,1785603394.7049644,True,True,True,False,1785603304.5254302,False,1,0,0,False
1785430955.7579584,20,1785603404.68349,37.507820248722055,0.5906256198977645,36.810864423590445,True,37.5,36.5,38.6,0.95,0.05,0.0,0.7,0.03,2,1785603414.711008,True,True,True,False,1785603304.5254302,False,1,0,0,False
1785430955.7579584,20,1785603424.6899762,37.48645761806668,0.5903776607919433,36.816205081254296,True,37.5,36.5,38.6,0.95,0.05,0.0,0.7,0.03,2,1785603434.7175212,True,False,True,False,1785603304.5254302,False,True,1,0,False
1785430955.7579584,20,1785603444.696427,37.470435645075156,0.590701915007248,36.810864423590445,True,37.5,36.5,38.6,0.95,0.05,0.0,0.7,0.03,2,1785603454.7251883,True,False,True,False,1785603304.5254302,False,True,1,0,False
1785430955.7579584,20,1785603464.7028742,37.489127946898606,0.5905874723430229,36.816205081254296,True,37.5,36.5,38.6,0.95,0.05,0.0,0.7,0.03,2,1785603474.7303514,True,True,True,True,1785603484.5254445,False,True,1,0,False
1785430955.7579584,20,1785603484.7095783,37.48645761806668,0.5905111772335394,36.82421606775006,True,37.5,36.5,38.6,0.95,0.05,0.0,0.7,0.03,2,1785603494.7398024,True,True,True,True,1785603484.5254445,False,True,1,0,False
1785430955.7579584,20,1785603504.71594,37.50247959105822,0.5906256198977645,36.79751277943083,True,37.5,36.5,38.6,0.95,0.05,0.0,0.7,0.03,2,1785603514.7434347,True,True,True,False,1785603484.5254445,False,1,0,0,False
1785430955.7579584,20,1785603524.7223587,37.51049057755398,0.590415808346685,36.81887541008621,True,37.5,36.5,38.6,0.95,0.05,0.0,0.7,0.03,2,1785603534.7494593,True,True,True,False,1785603484.5254445,False,1,0,0,False
1785430955.7579584,20,1785603544.7287476,37.507820248722055,0.5906446936751354,36.829556725413894,True,37.5,36.5,38.6,0.95,0.05,0.0,0.7,0.03,2,1785603554.7575138,True,True,True,False,1785603484.5254445,False,1,0,0,False
1785430955.7579584,20,1785603564.7351263,37.54253452353704,0.5901487754634929,36.82421606775006,True,37.5,36.5,38.6,0.95,0.05,0.0,0.7,0.03,2,1785603574.7648847,True,False,True,False,1785603484.5254445,False,1,0,0,False
1785430955.7579584,20,1785603584.741773,37.52918287937743,0.5903395132372015,36.82154573891813,True,37.5,36.5,38.6,0.95,0.05,0.0,0.7,0.03,2,1785603594.7687566,True,True,True,False,1785603484.5254445,False,1,0,0,False
1785430955.7579584,20,1785603604.7480445,37.50247959105822,0.5900915541313801,36.84290836957351,True,37.5,36.5,38.6,0.95,0.05,0.0,0.7,0.03,2,1785603614.7754939,False,True,True,False,1785603484.5254445,False,1,0,0,False
1785430955.7579584,20,1785603624.7544432,37.41168841077287,0.5904921034561684,36.853589684901195,True,37.5,36.5,38.6,0.95,0.05,0.0,0.7,0.03,2,1785603634.7817116,False,True,True,False,1785603484.5254445,False,True,1,0,False
1785430955.7579584,20,1785603644.7605426,37.35828183413443,0.590263218127718,36.83756771190967,True,37.5,36.5,38.6,0.95,0.05,0.0,0.7,0.03,2,1785603654.7871296,False,True,True,True,1785603664.5254645,False,True,1,0,False
1785430955.7579584,20,1785603664.7664845,37.32356755931944,0.590263218127718,36.84824902723736,True,37.5,36.5,38.6,0.95,0.05,0.0,0.7,0.03,2,1785603674.7936482,False,True,True,True,1785603664.5254645,False,True,1,0,False
1785430955.7579584,20,1785603684.7724907,37.28351262684062,0.5901487754634929,36.84557869840543,True,37.5,36.5,38.6,0.95,0.05,0.0,0.7,0.03,2,1785603694.7996202,False,True,True,False,1785603664.5254645,False,True,1,0,False
1785430955.7579584,20,1785603704.7784617,37.27283131151293,0.590129701686122,36.86694132906081,True,37.5,36.5,38.6,0.95,0.05,0.0,0.7,0.03,2,1785603714.8056657,False,True,True,False,1785603664.5254645,False,True,1,0,False
1785430955.7579584,20,1785603724.7844753,37.270160982681006,0.5900915541313801,36.86160067139696,True,37.5,36.5,38.6,0.95,0.05,0.0,0.7,0.03,2,1785603734.811536,False,True,True,False,1785603664.5254645,False,True,1,0,False
1785430955.7579584,20,1785603744.7903914,37.28885328450447,0.590129701686122,36.89364461738002,True,37.5,36.5,38.6,0.95,0.05,0.0,0.7,0.03,2,1785603754.8175251,False,True,True,False,1785603664.5254645,False,True,1,0,False
1785430955.7579584,20,1785603764.7963567,37.29686427100023,0.5902059967956055,36.90966659037156,True,37.5,36.5,38.6,0.95,0.05,0.0,0.7,0.03,2,1785603774.8234906,False,True,True,False,1785603664.5254645,False,True,1,0,False
1785430955.7579584,20,1785603784.8023431,37.27817196917678,0.5898626688029297,36.91233691920348,True,37.5,36.5,38.6,0.95,0.05,0.0,0.7,0.03,2,1785603794.829429,False,True,True,False,1785603664.5254645,False,True,1,0,False
1785430955.7579584,20,1785603804.8083286,37.30487525749599,0.5899008163576714,36.944380865186545,True,37.5,36.5,38.6,0.95,0.05,0.0,0.7,0.03,2,1785603814.8349066,False,True,True,False,1785603664.5254645,False,True,1,0,False
1785430955.7579584,20,1785603824.8143053,37.30487525749599,0.5899771114671549,36.92835889219501,True,37.5,36.5,38.6,0.95,0.05,0.0,0.7,0.03,2,1785603834.8414311,False,True,True,True,1785603844.5254676,False,True,1,0,False
1785430955.7579584,20,1785603844.8203452,37.31555657282368,0.5900724803540094,36.97642481116961,True,37.5,36.5,38.6,0.95,0.05,0.0,0.7,0.03,2,1785603854.846882,False,True,True,True,1785603844.5254676,False,True,1,0,False
1785430955.7579584,20,1785603864.8262799,37.34493018997482,0.590110627908751,36.97642481116961,True,37.5,36.5,38.6,0.95,0.05,0.0,0.7,0.03,2,1785603874.852857,False,True,True,False,1785603844.5254676,False,True,1,0,False
1785430955.7579584,20,1785603884.8321183,37.34225986114291,0.5903395132372015,36.98443579766537,True,37.5,36.5,38.6,0.95,0.05,0.0,0.7,0.03,2,1785603894.858718,False,True,True,False,1785603844.5254676,False,True,1,0,False
1785430955.7579584,20,1785603904.8380985,37.352941176470594,0.5900534065766385,37.00045777065691,True,37.5,36.5,38.6,0.95,0.05,0.0,0.7,0.03,2,1785603914.8651974,False,True,True,False,1785603844.5254676,False,True,1,0,False
1785430955.7579584,20,1785603924.8439953,37.38765545128557,0.590110627908751,37.011139085984595,True,37.5,36.5,38.6,0.95,0.05,0.0,0.7,0.03,2,1785603934.8710747,False,True,True,False,1785603844.5254676,False,True,1,0,False
1785430955.7579584,20,1785603944.8499515,37.39032578011749,0.5898435950255589,37.03250171663997,True,37.5,36.5,38.6,0.95,0.05,0.0,0.7,0.03,2,1785603954.8770869,False,True,True,False,1785603844.5254676,False,True,1,0,False
1785430955.7579584,20,1785603964.855954,37.398336766613255,0.5902059967956055,37.04318303196766,True,37.5,36.5,38.6,0.95,0.05,0.0,0.7,0.03,2,1785603974.8830657,False,True,True,False,1785603844.5254676,False,True,1,0,False
1785430955.7579584,20,1785603984.8619926,37.40634775310903,0.5903395132372015,37.029831387808045,True,37.5,36.5,38.6,0.95,0.05,0.0,0.7,0.03,2,1785603994.8890953,False,True,True,False,1785603844.5254676,False,True,1,0,False
1785430955.7579584,20,1785604004.867938,37.427710383764406,0.5899961852445259,37.06187533379111,True,37.5,36.5,38.6,0.95,0.05,0.0,0.7,0.03,2,1785604014.8950317,False,True,True,True,1785604024.5254695,False,True,1,0,False
1785430955.7579584,20,1785604024.8739507,37.45975432974747,0.5899961852445259,37.08323796444648,True,37.5,36.5,38.6,0.95,0.05,0.0,0.7,0.03,2,1785604034.9010632,False,True,True,True,1785604024.5254695,False,True,1,0,False
1785430955.7579584,20,1785604044.8799133,37.45975432974747,0.5902250705729764,37.099259937438006,True,37.5,36.5,38.6,0.95,0.05,0.0,0.7,0.03,2,1785604054.9070044,False,True,True,False,1785604024.5254695,False,True,1,0,False
1785430955.7579584,20,1785604064.8859,37.49980926222629,0.5898054474708171,37.13664454108492,True,37.5,36.5,38.6,0.95,0.05,0.0,0.7,0.03,2,1785604074.9130273,False,True,True,False,1785604024.5254695,False,True,1,0,False
1785430955.7579584,20,1785604084.8918302,37.45975432974747,0.5902059967956055,37.139314869916845,True,37.5,36.5,38.6,0.95,0.05,0.0,0.7,0.03,2,1785604094.9189286,False,True,True,False,1785604024.5254695,False,True,1,0,False
1785430955.7579584,20,1785604104.89787,37.48645761806668,0.5903776607919433,37.139314869916845,True,37.5,36.5,38.6,0.95,0.05,0.0,0.7,0.03,2,1785604114.925076,False,True,True,False,1785604024.5254695,False,True,1,0,False
1785430955.7579584,20,1785604124.903896,37.52117189288167,0.5900534065766385,37.17135881589991,True,37.5,36.5,38.6,0.95,0.05,0.0,0.7,0.03,2,1785604134.9309678,False,True,True,False,1785604024.5254695,False,1,0,0,False
1785430955.7579584,20,1785604144.9098785,37.53452353704128,0.5904730296787976,37.15533684290837,True,37.5,36.5,38.6,0.95,0.05,0.0,0.7,0.03,2,1785604154.9369721,False,True,True,False,1785604024.5254695,False,1,0,0,False
1785430955.7579584,20,1785604164.9158294,37.526512550545505,0.590282291905089,37.16601815823606,True,37.5,36.5,38.6,0.95,0.05,0.0,0.7,0.03,2,1785604174.9424047,False,True,True,False,1785604024.5254695,False,1,0,0,False
1785430955.7579584,20,1785604184.9217846,37.513160906385906,0.589958037689784,37.184710460059506,True,37.5,36.5,38.6,0.95,0.05,0.0,0.7,0.03,2,1785604194.9488602,False,True,True,True,1785604204.5254955,False,1,0,0,False
1785430955.7579584,20,1785604204.9277046,37.52384222171359,0.5898817425803006,37.152666514076444,True,37.5,36.5,38.6,0.95,0.05,0.0,0.7,0.03,2,1785604214.9543302,False,True,True,True,1785604204.5254955,False,1,0,0,False
1785430955.7579584,20,1785604224.9337435,37.48645761806668,0.5898435950255589,37.12062256809338,True,37.5,36.5,38.6,0.95,0.05,0.0,0.7,0.03,2,1785604234.9608393,False,True,True,False,1785604204.5254955,False,True,1,0,False
1785430955.7579584,20,1785604244.939667,37.49713893339437,0.5901487754634929,37.152666514076444,True,37.5,36.5,38.6,0.95,0.05,0.0,0.7,0.03,2,1785604254.966732,False,True,True,False,1785604204.5254955,False,True,1,0,False
1785430955.7579584,20,1785604264.945809,37.52117189288167,0.589958037689784,37.141985198748756,True,37.5,36.5,38.6,0.95,0.05,0.0,0.7,0.03,2,1785604274.972879,False,True,True,False,1785604204.5254955,False,1,0,0,False
1785430955.7579584,20,1785604284.951798,37.49179827573053,0.5900534065766385,37.10727092393378,True,37.5,36.5,38.6,0.95,0.05,0.0,0.7,0.03,2,1785604294.9788947,False,True,True,False,1785604204.5254955,False,True,1,0,False
1785430955.7579584,20,1785604304.9578104,37.49179827573053,0.5901678492408636,37.11795223926147,True,37.5,36.5,38.6,0.95,0.05,0.0,0.7,0.03,2,1785604314.9849951,False,True,True,False,1785604204.5254955,False,True,1,0,False
1785430955.7579584,20,1785604324.9638271,37.489127946898606,0.5898817425803006,37.12329289692531,True,37.5,36.5,38.6,0.95,0.05,0.0,0.7,0.03,2,1785604334.9908998,False,True,True,False,1785604204.5254955,False,True,1,0,False
1785430955.7579584,20,1785604344.9698305,37.48645761806668,0.5898435950255589,37.139314869916845,True,37.5,36.5,38.6,0.95,0.05,0.0,0.7,0.03,2,1785604354.9969132,False,True,True,False,1785604204.5254955,False,True,1,0,False
1785430955.7579584,20,1785604364.975768,37.51049057755398,0.589958037689784,37.14465552758068,True,37.5,36.5,38.6,0.95,0.05,0.0,0.7,0.03,2,1785604375.0028222,False,True,True,True,1785604384.5255163,False,1,0,0,False
1785430955.7579584,20,1785604384.981771,37.507820248722055,0.5902059967956055,37.14732585641261,True,37.5,36.5,38.6,0.95,0.05,0.0,0.7,0.03,2,1785604395.0088687,False,True,True,True,1785604384.5255163,False,1,0,0,False
1785430955.7579584,20,1785604404.987755,37.49179827573053,0.5900534065766385,37.109941252765694,True,37.5,36.5,38.6,0.95,0.05,0.0,0.7,0.03,2,1785604415.0148437,False,True,True,False,1785604384.5255163,False,True,1,0,False
1785430955.7579584,20,1785604424.9938233,37.49713893339437,0.5900152590218967,37.13130388342107,True,37.5,36.5,38.6,0.95,0.05,0.0,0.7,0.03,2,1785604435.0209098,False,True,True,False,1785604384.5255163,False,True,1,0,False
1785430955.7579584,20,1785604444.9997988,37.49179827573053,0.5899389639124132,37.13130388342107,True,37.5,36.5,38.6,0.95,0.05,0.0,0.7,0.03,2,1785604455.0262783,False,True,True,False,1785604384.5255163,False,True,1,0,False
1785430955.7579584,20,1785604465.0058432,37.50514991989013,0.5899389639124132,37.13130388342107,True,37.5,36.5,38.6,0.95,0.05,0.0,0.7,0.03,2,1785604475.0329702,False,True,True,False,1785604384.5255163,False,1,0,0,False
1785430955.7579584,20,1785604485.012017,37.49179827573053,0.5898817425803006,37.14999618524453,True,37.5,36.5,38.6,0.95,0.05,0.0,0.7,0.03,2,1785604495.0392144,False,True,True,False,1785604384.5255163,False,True,1,0,False
1785430955.7579584,20,1785604505.0179977,37.51850156404974,0.5903967345693141,37.12863355458916,True,37.5,36.5,38.6,0.95,0.05,0.0,0.7,0.03,2,1785604515.0451796,False,True,True,False,1785604384.5255163,False,1,0,0,False
1785430955.7579584,20,1785604525.0239952,37.51049057755398,0.5900724803540094,37.12863355458916,True,37.5,36.5,38.6,0.95,0.05,0.0,0.7,0.03,2,1785604535.0512493,False,True,True,False,1785604384.5255163,False,1,0,0,False
1785430955.7579584,20,1785604545.030052,37.50247959105822,0.5900724803540094,37.12863355458916,True,37.5,36.5,38.6,0.95,0.05,0.0,0.7,0.03,2,1785604555.0571513,False,True,True,True,1785604564.525541,False,1,0,0,False
1785430955.7579584,20,1785604565.0360703,37.489127946898606,0.5899198901350424,37.12863355458916,True,37.5,36.5,38.6,0.95,0.05,0.0,0.7,0.03,2,1785604575.063269,False,True,True,True,1785604564.525541,False,True,1,0,False
1785430955.7579584,20,1785604585.0420158,37.48645761806668,0.5898817425803006,37.13130388342107,True,37.5,36.5,38.6,0.95,0.05,0.0,0.7,0.03,2,1785604595.069252,False,True,True,False,1785604564.525541,False,True,1,0,False
1785430955.7579584,20,1785604605.0479448,37.49713893339437,0.5899771114671549,37.13130388342107,True,37.5,36.5,38.6,0.95,0.05,0.0,0.7,0.03,2,1785604615.074708,False,True,True,False,1785604564.525541,False,True,1,0,False
1785430955.7579584,20,1785604625.0539596,37.45975432974747,0.5898817425803006,37.141985198748756,True,37.5,36.5,38.6,0.95,0.05,0.0,0.7,0.03,2,1785604635.0812716,False,True,True,False,1785604564.525541,False,True,1,0,False
1785430955.7579584,20,1785604645.0599585,37.49713893339437,0.5895002670328832,37.141985198748756,True,37.5,36.5,38.6,0.95,0.05,0.0,0.7,0.03,2,1785604655.0875292,False,True,True,False,1785604564.525541,False,True,1,0,False
1785430955.7579584,20,1785604665.0664132,37.49980926222629,0.589958037689784,37.141985198748756,True,37.5,36.5,38.6,0.95,0.05,0.0,0.7,0.03,2,1785604675.0948749,False,True,True,False,1785604564.525541,False,True,1,0,False
1785430955.7579584,20,1785604685.0725822,37.52384222171359,0.5898435950255589,37.14999618524453,True,37.5,36.5,38.6,0.95,0.05,0.0,0.7,0.03,2,1785604695.1021142,False,True,True,False,1785604564.525541,False,1,0,0,False
1785430955.7579584,20,1785604705.0787737,37.513160906385906,0.590129701686122,37.176699473563744,True,37.5,36.5,38.6,0.95,0.05,0.0,0.7,0.03,2,1785604715.1054735,False,True,True,False,1785604564.525541,False,1,0,0,False
1785430955.7579584,20,1785604725.0848913,37.526512550545505,0.5898817425803006,37.182040131227595,True,37.5,36.5,38.6,0.95,0.05,0.0,0.7,0.03,2,1785604735.1119294,False,True,True,True,1785604744.5255673,False,1,0,0,False
1785430955.7579584,20,1785604745.0908115,37.50247959105822,0.5898817425803006,37.19806210421912,True,37.5,36.5,38.6,0.95,0.05,0.0,0.7,0.03,2,1785604755.1179197,False,True,True,True,1785604744.5255673,False,1,0,0,False
1785430955.7579584,20,1785604765.096832,37.52117189288167,0.5898817425803006,37.14465552758068,True,37.5,36.5,38.6,0.95,0.05,0.0,0.7,0.03,2,1785604775.1238759,False,True,True,False,1785604744.5255673,False,1,0,0,False
1785430955.7579584,20,1785604785.102746,37.52918287937743,0.5900724803540094,37.16334782940413,True,37.5,36.5,38.6,0.95,0.05,0.0,0.7,0.03,2,1785604795.1293333,False,True,True,False,1785604744.5255673,False,1,0,0,False
1785430955.7579584,20,1785604805.1087015,37.51850156404974,0.5897672999160755,37.14732585641261,True,37.5,36.5,38.6,0.95,0.05,0.0,0.7,0.03,2,1785604815.1352746,False,True,True,False,1785604744.5255673,False,1,0,0,False
1785430955.7579584,20,1785604825.1146166,37.49713893339437,0.5899389639124132,37.13130388342107,True,37.5,36.5,38.6,0.95,0.05,0.0,0.7,0.03,2,1785604835.1416872,False,True,True,False,1785604744.5255673,False,True,1,0,False
1785430955.7579584,20,1785604845.1206765,37.45975432974747,0.5896337834744793,37.14732585641261,True,37.5,36.5,38.6,0.95,0.05,0.0,0.7,0.03,2,1785604855.1477745,False,True,True,False,1785604744.5255673,False,True,1,0,False
1785430955.7579584,20,1785604865.1266618,37.46242465857938,0.5898817425803006,37.109941252765694,True,37.5,36.5,38.6,0.95,0.05,0.0,0.7,0.03,2,1785604875.153813,False,True,True,False,1785604744.5255673,False,True,1,0,False
1785430955.7579584,20,1785604885.1326408,37.44907301441978,0.5900724803540094,37.139314869916845,True,37.5,36.5,38.6,0.95,0.05,0.0,0.7,0.03,2,1785604895.1596863,False,True,True,False,1785604744.5255673,False,True,1,0,False
1785430955.7579584,20,1785604905.1385365,37.47577630273899,0.5897482261387045,37.12863355458916,True,37.5,36.5,38.6,0.95,0.05,0.0,0.7,0.03,2,1785604915.1656842,False,True,True,True,1785604924.525603,False,True,1,0,False
1785430955.7579584,20,1785604925.1445549,37.47310597390707,0.589824521248188,37.14465552758068,True,37.5,36.5,38.6,0.95,0.05,0.0,0.7,0.03,2,1785604935.1716392,False,True,True,True,1785604924.525603,False,True,1,0,False
1785430955.7579584,20,1785604945.1505327,37.513160906385906,0.589671931029221,37.133974212252994,True,37.5,36.5,38.6,0.95,0.05,0.0,0.7,0.03,2,1785604955.1776342,False,True,True,False,1785604924.525603,False,1,0,0,False
1785430955.7579584,20,1785604965.1565986,37.531853208209355,0.5897672999160755,37.17135881589991,True,37.5,36.5,38.6,0.95,0.05,0.0,0.7,0.03,2,1785604975.1835783,False,True,True,False,1785604924.525603,False,1,0,0,False
1785430955.7579584,20,1785604985.1624982,37.52384222171359,0.5899771114671549,37.17402914473182,True,37.5,36.5,38.6,0.95,0.05,0.0,0.7,0.03,2,1785604995.1895797,False,True,True,False,1785604924.525603,False,1,0,0,False
1785430955.7579584,20,1785605005.168465,37.51850156404974,0.5899008163576714,37.16868848706798,True,37.5,36.5,38.6,0.95,0.05,0.0,0.7,0.03,2,1785605015.1949887,False,True,True,False,1785604924.525603,False,1,0,0,False
1785430955.7579584,20,1785605025.1744082,37.507820248722055,0.5897482261387045,37.16868848706798,True,37.5,36.5,38.6,0.95,0.05,0.0,0.7,0.03,2,1785605035.200943,False,True,True,False,1785604924.525603,False,1,0,0,False
1785430955.7579584,20,1785605045.1804898,37.507820248722055,0.589691004806592,37.16334782940413,True,37.5,36.5,38.6,0.95,0.05,0.0,0.7,0.03,2,1785605055.2069519,False,True,True,False,1785604924.525603,False,1,0,0,False
1785430955.7579584,20,1785605065.1863694,37.489127946898606,0.5895002670328832,37.14732585641261,True,37.5,36.5,38.6,0.95,0.05,0.0,0.7,0.03,2,1785605075.213451,False,True,True,False,1785604924.525603,False,True,1,0,False
1785430955.7579584,20,1785605085.192325,37.48645761806668,0.589824521248188,37.14465552758068,True,37.5,36.5,38.6,0.95,0.05,0.0,0.7,0.03,2,1785605095.2193706,False,True,True,True,1785605104.5256102,False,True,1,0,False
1785430955.7579584,20,1785605105.1983054,37.48645761806668,0.5896337834744793,37.14465552758068,True,37.5,36.5,38.6,0.95,0.05,0.0,0.7,0.03,2,1785605115.2254434,False,True,True,True,1785605104.5256102,False,True,1,0,False
1785430955.7579584,20,1785605125.2042572,37.483787289234755,0.5894811932555123,37.139314869916845,True,37.5,36.5,38.6,0.95,0.05,0.0,0.7,0.03,2,1785605135.2312725,False,True,True,False,1785605104.5256102,False,True,1,0,False
1785430955.7579584,20,1785605145.2102323,37.49713893339437,0.5895956359197375,37.14465552758068,True,37.5,36.5,38.6,0.95,0.05,0.0,0.7,0.03,2,1785605155.237341,False,True,True,False,1785605104.5256102,False,True,1,0,False
1785430955.7579584,20,1785605165.2161882,37.489127946898606,0.5898435950255589,37.14465552758068,True,37.5,36.5,38.6,0.95,0.05,0.0,0.7,0.03,2,1785605175.2426713,False,True,True,False,1785605104.5256102,False,True,1,0,False
1785430955.7579584,20,1785605185.2221465,37.49713893339437,0.5898054474708171,37.17402914473182,True,37.5,36.5,38.6,0.95,0.05,0.0,0.7,0.03,2,1785605195.2486956,False,True,True,False,1785605104.5256102,False,True,1,0,False
1785430955.7579584,20,1785605205.2280262,37.50247959105822,0.5896147096971085,37.19005111772336,True,37.5,36.5,38.6,0.95,0.05,0.0,0.7,0.03,2,1785605215.2546272,False,True,True,False,1785605104.5256102,False,1,0,0,False
1785430955.7579584,20,1785605225.2339935,37.52384222171359,0.5898054474708171,37.200732433051044,True,37.5,36.5,38.6,0.95,0.05,0.0,0.7,0.03,2,1785605235.261121,False,True,True,False,1785605104.5256102,False,1,0,0,False
1785430955.7579584,20,1785605245.2399893,37.53452353704128,0.5897482261387045,37.21141374837873,True,37.5,36.5,38.6,0.95,0.05,0.0,0.7,0.03,2,1785605255.2671614,False,True,True,False,1785605104.5256102,False,1,0,0,False
1785430955.7579584,20,1785605265.2460322,37.55321583886473,0.5898817425803006,37.19539177538719,True,37.5,36.5,38.6,0.95,0.05,0.0,0.7,0.03,2,1785605275.2726247,False,True,True,True,1785605284.5256424,False,1,0,0,False
1785430955.7579584,20,1785605285.252009,37.52918287937743,0.589671931029221,37.19806210421912,True,37.5,36.5,38.6,0.95,0.05,0.0,0.7,0.03,2,1785605295.2786589,False,True,True,True,1785605284.5256424,False,1,0,0,False
1785430955.7579584,20,1785605305.2580295,37.507820248722055,0.589538414587625,37.182040131227595,True,37.5,36.5,38.6,0.95,0.05,0.0,0.7,0.03,2,1785605315.2846875,False,True,True,False,1785605284.5256424,False,1,0,0,False
1785430955.7579584,20,1785605325.2640128,37.51049057755398,0.589519340810254,37.17135881589991,True,37.5,36.5,38.6,0.95,0.05,0.0,0.7,0.03,2,1785605335.2906005,False,True,True,False,1785605284.5256424,False,1,0,0,False
1785430955.7579584,20,1785605345.2700002,37.513160906385906,0.5896528572518501,37.15533684290837,True,37.5,36.5,38.6,0.95,0.05,0.0,0.7,0.03,2,1785605355.296561,False,True,True,False,1785605284.5256424,False,1,0,0,False
1785430955.7579584,20,1785605365.2758949,37.49980926222629,0.5894048981460288,37.14999618524453,True,37.5,36.5,38.6,0.95,0.05,0.0,0.7,0.03,2,1785605375.3030128,False,True,True,False,1785605284.5256424,False,True,1,0,False
1785430955.7579584,20,1785605385.2819288,37.470435645075156,0.5893095292591746,37.158007171740294,True,37.5,36.5,38.6,0.95,0.05,0.0,0.7,0.03,2,1785605395.3090496,False,True,True,False,1785605284.5256424,False,True,1,0,False
1785430955.7579584,20,1785605405.2878692,37.48645761806668,0.5895765621423666,37.14732585641261,True,37.5,36.5,38.6,0.95,0.05,0.0,0.7,0.03,2,1785605415.3144534,False,True,True,False,1785605284.5256424,False,True,1,0,False
1785430955.7579584,20,1785605425.2938037,37.470435645075156,0.5898817425803006,37.17402914473182,True,37.5,36.5,38.6,0.95,0.05,0.0,0.7,0.03,2,1785605435.3209004,False,True,True,False,1785605284.5256424,False,True,1,0,False
1785430955.7579584,20,1785605445.2997296,37.48645761806668,0.5895002670328832,37.16334782940413,True,37.5,36.5,38.6,0.95,0.05,0.0,0.7,0.03,2,1785605455.326286,False,True,True,True,1785605464.5256472,False,True,1,0,False
1785430955.7579584,20,1785605465.305728,37.51583123521782,0.5896528572518501,37.184710460059506,True,37.5,36.5,38.6,0.95,0.05,0.0,0.7,0.03,2,1785605475.332234,False,True,True,True,1785605464.5256472,False,1,0,0,False
1785430955.7579584,20,1785605485.311589,37.51850156404974,0.5895002670328832,37.182040131227595,True,37.5,36.5,38.6,0.95,0.05,0.0,0.7,0.03,2,1785605495.338655,False,True,True,False,1785605464.5256472,False,1,0,0,False
1785430955.7579584,20,1785605505.3175623,37.53452353704128,0.5895956359197375,37.182040131227595,True,37.5,36.5,38.6,0.95,0.05,0.0,0.7,0.03,2,1785605515.3440456,False,True,True,False,1785605464.5256472,False,1,0,0,False
1785430955.7579584,20,1785605525.3234534,37.55321583886473,0.5894811932555123,37.20340276188297,True,37.5,36.5,38.6,0.95,0.05,0.0,0.7,0.03,2,1785605535.3505483,False,True,True,False,1785605464.5256472,False,1,0,0,False
1785430955.7579584,20,1785605545.3294313,37.53452353704128,0.5894048981460288,37.19272144655528,True,37.5,36.5,38.6,0.95,0.05,0.0,0.7,0.03,2,1785605555.356533,False,True,True,False,1785605464.5256472,False,1,0,0,False
1785430955.7579584,20,1785605565.3353922,37.531853208209355,0.5893667505912871,37.182040131227595,True,37.5,36.5,38.6,0.95,0.05,0.0,0.7,0.03,2,1785605575.362498,False,True,True,False,1785605464.5256472,False,1,0,0,False
1785430955.7579584,20,1785605585.3413846,37.513160906385906,0.5893667505912871,37.19005111772336,True,37.5,36.5,38.6,0.95,0.05,0.0,0.7,0.03,2,1785605595.3679729,False,True,True,False,1785605464.5256472,False,1,0,0,False
1785430955.7579584,20,1785605605.3473666,37.513160906385906,0.5894048981460288,37.16334782940413,True,37.5,36.5,38.6,0.95,0.05,0.0,0.7,0.03,2,1785605615.374019,False,True,True,False,1785605464.5256472,False,1,0,0,False
1785430955.7579584,20,1785605625.3534625,37.507820248722055,0.5897863736934462,37.158007171740294,True,37.5,36.5,38.6,0.95,0.05,0.0,0.7,0.03,2,1785605635.3799682,False,True,True,True,1785605644.5256617,False,1,0,0,False
1785430955.7579584,20,1785605645.3593462,37.48645761806668,0.5893667505912871,37.152666514076444,True,37.5,36.5,38.6,0.95,0.05,0.0,0.7,0.03,2,1785605655.3863742,False,True,True,True,1785605644.5256617,False,True,1,0,False
1785430955.7579584,20,1785605665.365702,37.46242465857938,0.5892904554818036,37.141985198748756,True,37.5,36.5,38.6,0.95,0.05,0.0,0.7,0.03,2,1785605675.3929923,False,True,True,False,1785605644.5256617,False,True,1,0,False
1785430955.7579584,20,1785605685.3716898,37.465094987411305,0.5893476768139162,37.133974212252994,True,37.5,36.5,38.6,0.95,0.05,0.0,0.7,0.03,2,1785605695.398761,False,True,True,False,1785605644.5256617,False,True,1,0,False
1785430955.7579584,20,1785605705.3776486,37.44373235675593,0.589519340810254,37.139314869916845,True,37.5,36.5,38.6,0.95,0.05,0.0,0.7,0.03,2,1785605715.4042165,False,True,True,False,1785605644.5256617,False,True,1,0,False
1785430955.7579584,20,1785605725.3835697,37.46776531624323,0.5892523079270618,37.139314869916845,True,37.5,36.5,38.6,0.95,0.05,0.0,0.7,0.03,2,1785605735.410663,False,True,True,False,1785605644.5256617,False,True,1,0,False
1785430955.7579584,20,1785605745.3895743,37.470435645075156,0.5893667505912871,37.16067750057222,True,37.5,36.5,38.6,0.95,0.05,0.0,0.7,0.03,2,1785605755.4162,False,True,True,False,1785605644.5256617,False,True,1,0,False
1785430955.7579584,20,1785605765.395454,37.51049057755398,0.5893286030365453,37.19272144655528,True,37.5,36.5,38.6,0.95,0.05,0.0,0.7,0.03,2,1785605775.4224777,False,True,True,False,1785605644.5256617,False,1,0,0,False
1785430955.7579584,20,1785605785.4013705,37.507820248722055,0.5896528572518501,37.158007171740294,True,37.5,36.5,38.6,0.95,0.05,0.0,0.7,0.03,2,1785605795.4278843,False,True,True,False,1785605644.5256617,False,1,0,0,False
1785430955.7579584,20,1785605805.4072917,37.507820248722055,0.5893286030365453,37.17936980239567,True,37.5,36.5,38.6,0.95,0.05,0.0,0.7,0.03,2,1785605815.4338863,False,True,True,True,1785605824.525679,False,1,0,0,False
1785430955.7579584,20,1785605825.413269,37.49713893339437,0.5892332341496911,37.19005111772336,True,37.5,36.5,38.6,0.95,0.05,0.0,0.7,0.03,2,1785605835.4398065,False,True,True,True,1785605824.525679,False,True,1,0,False
1785430955.7579584,20,1785605845.4191325,37.513160906385906,0.5895574883649958,37.158007171740294,True,37.5,36.5,38.6,0.95,0.05,0.0,0.7,0.03,2,1785605855.446212,False,True,True,False,1785605824.525679,False,1,0,0,False
1785430955.7579584,20,1785605865.4251266,37.51049057755398,0.589519340810254,37.158007171740294,True,37.5,36.5,38.6,0.95,0.05,0.0,0.7,0.03,2,1785605875.4521675,False,True,True,False,1785605824.525679,False,1,0,0,False
1785430955.7579584,20,1785605885.4310908,37.49713893339437,0.5892141603723201,37.12863355458916,True,37.5,36.5,38.6,0.95,0.05,0.0,0.7,0.03,2,1785605895.4581382,False,True,True,False,1785605824.525679,False,True,1,0,False
1785430955.7579584,20,1785605905.4370162,37.49713893339437,0.5890997177080949,37.17135881589991,True,37.5,36.5,38.6,0.95,0.05,0.0,0.7,0.03,2,1785605915.4640427,False,True,True,False,1785605824.525679,False,True,1,0,False
1785430955.7579584,20,1785605925.4428997,37.489127946898606,0.5893286030365453,37.14999618524453,True,37.5,36.5,38.6,0.95,0.05,0.0,0.7,0.03,2,1785605935.4698365,False,True,True,False,1785605824.525679,False,True,1,0,False
1785430955.7579584,20,1785605945.4488313,37.49713893339437,0.5890997177080949,37.17135881589991,True,37.5,36.5,38.6,0.95,0.05,0.0,0.7,0.03,2,1785605955.4759517,False,True,True,False,1785605824.525679,False,True,1,0,False
1785430955.7579584,20,1785605965.4548156,37.51583123521782,0.5889471274891279,37.17135881589991,True,37.5,36.5,38.6,0.95,0.05,0.0,0.7,0.03,2,1785605975.4819448,False,True,True,False,1785605824.525679,False,1,0,0,False
1785430955.7579584,20,1785605985.460793,37.513160906385906,0.5893286030365453,37.19005111772336,True,37.5,36.5,38.6,0.95,0.05,0.0,0.7,0.03,2,1785605995.4877756,False,True,True,True,1785606004.5256813,False,1,0,0,False
1785430955.7579584,20,1785606005.4666576,37.507820248722055,0.5892141603723201,37.200732433051044,True,37.5,36.5,38.6,0.95,0.05,0.0,0.7,0.03,2,1785606015.4936821,False,True,True,True,1785606004.5256813,False,1,0,0,False
1785430955.7579584,20,1785606025.4725766,37.51850156404974,0.5892523079270618,37.19005111772336,True,37.5,36.5,38.6,0.95,0.05,0.0,0.7,0.03,2,1785606035.4990373,False,True,True,False,1785606004.5256813,False,1,0,0,False
1785430955.7579584,20,1785606045.478456,37.513160906385906,0.5892523079270618,37.200732433051044,True,37.5,36.5,38.6,0.95,0.05,0.0,0.7,0.03,2,1785606055.5050015,False,True,True,False,1785606004.5256813,False,1,0,0,False
1785430955.7579584,20,1785606065.48445,37.50514991989013,0.5892332341496911,37.200732433051044,True,37.5,36.5,38.6,0.95,0.05,0.0,0.7,0.03,2,1785606075.5109694,False,True,True,False,1785606004.5256813,False,1,0,0,False
1785430955.7579584,20,1785606085.490407,37.49179827573053,0.5891187914854658,37.19272144655528,True,37.5,36.5,38.6,0.95,0.05,0.0,0.7,0.03,2,1785606095.516906,False,True,True,False,1785606004.5256813,False,True,1,0,False
1785430955.7579584,20,1785606105.4963946,37.49713893339437,0.5894048981460288,37.19806210421912,True,37.5,36.5,38.6,0.95,0.05,0.0,0.7,0.03,2,1785606115.5230105,False,True,True,False,1785606004.5256813,False,True,1,0,False
1785430955.7579584,20,1785606125.5023434,37.49980926222629,0.5891378652628366,37.17135881589991,True,37.5,36.5,38.6,0.95,0.05,0.0,0.7,0.03,2,1785606135.529471,False,True,True,False,1785606004.5256813,False,True,1,0,False
1785430955.7579584,20,1785606145.5083175,37.49179827573053,0.5890806439307241,37.182040131227595,True,37.5,36.5,38.6,0.95,0.05,0.0,0.7,0.03,2,1785606155.535475,False,True,True,False,1785606004.5256813,False,True,1,0,False
1785430955.7579584,20,1785606165.5143583,37.51049057755398,0.5894239719233997,37.17135881589991,True,37.5,36.5,38.6,0.95,0.05,0.0,0.7,0.03,2,1785606175.541091,False,True,True,True,1785606184.5256865,False,1,0,0,False
1785430955.7579584,20,1785606185.5204933,37.51850156404974,0.5892523079270618,37.17402914473182,True,37.5,36.5,38.6,0.95,0.05,0.0,0.7,0.03,2,1785606195.547505,False,True,True,True,1785606184.5256865,False,1,0,0,False
1785430955.7579584,20,1785606205.5263762,37.52918287937743,0.5890615701533531,37.19539177538719,True,37.5,36.5,38.6,0.95,0.05,0.0,0.7,0.03,2,1785606215.5528934,False,True,True,False,1785606184.5256865,False,1,0,0,False
1785430955.7579584,20,1785606225.532239,37.52384222171359,0.5892713817044327,37.17936980239567,True,37.5,36.5,38.6,0.95,0.05,0.0,0.7,0.03,2,1785606235.5589242,False,True,True,False,1785606184.5256865,False,1,0,0,False
1785430955.7579584,20,1785606245.5382972,37.52384222171359,0.5891187914854658,37.20607309071488,True,37.5,36.5,38.6,0.95,0.05,0.0,0.7,0.03,2,1785606255.5666773,False,True,True,False,1785606184.5256865,False,1,0,0,False
1785430955.7579584,20,1785606265.5443861,37.52117189288167,0.5891187914854658,37.158007171740294,True,37.5,36.5,38.6,0.95,0.05,0.0,0.7,0.03,2,1785606275.5708857,False,True,True,False,1785606184.5256865,False,1,0,0,False
1785430955.7579584,20,1785606285.5503025,37.50247959105822,0.5895765621423666,37.15533684290837,True,37.5,36.5,38.6,0.95,0.05,0.0,0.7,0.03,2,1785606295.5769548,False,True,True,False,1785606184.5256865,False,1,0,0,False
1785430955.7579584,20,1785606305.5563173,37.48645761806668,0.5889852750438697,37.14465552758068,True,37.5,36.5,38.6,0.95,0.05,0.0,0.7,0.03,2,1785606315.5827868,False,True,True,False,1785606184.5256865,False,True,1,0,False
1785430955.7579584,20,1785606325.562189,37.483787289234755,0.5891569390402076,37.14465552758068,True,37.5,36.5,38.6,0.95,0.05,0.0,0.7,0.03,2,1785606335.5905204,False,True,True,False,1785606184.5256865,False,True,1,0,False
1785430955.7579584,20,1785606345.5681865,37.465094987411305,0.5889280537117572,37.12863355458916,True,37.5,36.5,38.6,0.95,0.05,0.0,0.7,0.03,2,1785606355.5967824,False,True,True,True,1785606364.5256922,False,True,1,0,False
1785430955.7579584,20,1785606365.5745041,37.47310597390707,0.5890615701533531,37.14999618524453,True,37.5,36.5,38.6,0.95,0.05,0.0,0.7,0.03,2,1785606375.6018252,False,True,True,True,1785606364.5256922,False,True,1,0,False
1785430955.7579584,20,1785606385.580676,37.470435645075156,0.5888708323796444,37.152666514076444,True,37.5,36.5,38.6,0.95,0.05,0.0,0.7,0.03,2,1785606395.6075673,False,True,True,False,1785606364.5256922,False,True,1,0,False
1785430955.7579584,20,1785606405.5865657,37.470435645075156,0.5891187914854658,37.17402914473182,True,37.5,36.5,38.6,0.95,0.05,0.0,0.7,0.03,2,1785606415.613655,False,True,True,False,1785606364.5256922,False,True,1,0,False
1785430955.7579584,20,1785606425.5925634,37.513160906385906,0.5892141603723201,37.16868848706798,True,37.5,36.5,38.6,0.95,0.05,0.0,0.7,0.03,2,1785606435.6195698,False,True,True,False,1785606364.5256922,False,1,0,0,False
1785430955.7579584,20,1785606445.5985138,37.51850156404974,0.5890424963759823,37.17936980239567,True,37.5,36.5,38.6,0.95,0.05,0.0,0.7,0.03,2,1785606455.6252937,False,True,True,False,1785606364.5256922,False,1,0,0,False
1785430955.7579584,20,1785606465.604535,37.53719386587319,0.5893667505912871,37.19539177538719,True,37.5,36.5,38.6,0.95,0.05,0.0,0.7,0.03,2,1785606475.631511,False,True,True,False,1785606364.5256922,False,1,0,0,False
1785430955.7579584,20,1785606485.61052,37.52918287937743,0.5889089799343862,37.19272144655528,True,37.5,36.5,38.6,0.95,0.05,0.0,0.7,0.03,2,1785606495.6375842,False,True,True,False,1785606364.5256922,False,1,0,0,False
1785430955.7579584,20,1785606505.6165495,37.52918287937743,0.5893095292591746,37.19806210421912,True,37.5,36.5,38.6,0.95,0.05,0.0,0.7,0.03,2,1785606515.6436818,False,True,True,False,1785606364.5256922,False,1,0,0,False
1785430955.7579584,20,1785606525.6225579,37.526512550545505,0.5891378652628366,37.19272144655528,True,37.5,36.5,38.6,0.95,0.05,0.0,0.7,0.03,2,1785606535.6490624,False,True,True,True,1785606544.5257127,False,1,0,0,False
1785430955.7579584,20,1785606545.6284952,37.513160906385906,0.588794537270161,37.17135881589991,True,37.5,36.5,38.6,0.95,0.05,0.0,0.7,0.03,2,1785606555.6555278,False,True,True,True,1785606544.5257127,False,1,0,0,False
1785430955.7579584,20,1785606565.634397,37.49980926222629,0.5889852750438697,37.17135881589991,True,37.5,36.5,38.6,0.95,0.05,0.0,0.7,0.03,2,1785606575.6615465,False,True,True,False,1785606544.5257127,False,True,1,0,False
1785430955.7579584,20,1785606585.640393,37.507820248722055,0.5892713817044327,37.184710460059506,True,37.5,36.5,38.6,0.95,0.05,0.0,0.7,0.03,2,1785606595.667472,False,True,True,False,1785606544.5257127,False,1,0,0,False
1785430955.7579584,20,1785606605.64635,37.49713893339437,0.5889280537117572,37.16868848706798,True,37.5,36.5,38.6,0.95,0.05,0.0,0.7,0.03,2,1785606615.6734226,False,True,True,False,1785606544.5257127,False,True,1,0,False
1785430955.7579584,20,1785606625.6523147,37.51850156404974,0.5891378652628366,37.152666514076444,True,37.5,36.5,38.6,0.95,0.05,0.0,0.7,0.03,2,1785606635.6793892,False,True,True,False,1785606544.5257127,False,1,0,0,False
1785430955.7579584,20,1785606645.658315,37.49713893339437,0.5888517586022737,37.152666514076444,True,37.5,36.5,38.6,0.95,0.05,0.0,0.7,0.03,2,1785606655.6853225,False,True,True,False,1785606544.5257127,False,True,1,0,False
1785430955.7579584,20,1785606665.6644392,37.49980926222629,0.5890424963759823,37.158007171740294,True,37.5,36.5,38.6,0.95,0.05,0.0,0.7,0.03,2,1785606675.691021,False,True,True,False,1785606544.5257127,False,True,1,0,False
1785430955.7579584,20,1785606685.6704128,37.470435645075156,0.5890424963759823,37.182040131227595,True,37.5,36.5,38.6,0.95,0.05,0.0,0.7,0.03,2,1785606695.696969,False,True,True,False,1785606544.5257127,False,True,1,0,False
1785430955.7579584,20,1785606705.6763315,37.49713893339437,0.5891760128175784,37.17135881589991,True,37.5,36.5,38.6,0.95,0.05,0.0,0.7,0.03,2,1785606715.7033994,False,True,True,True,1785606724.525751,False,True,1,0,False
1785430955.7579584,20,1785606725.6824977,37.51583123521782,0.5888326848249027,37.17135881589991,True,37.5,36.5,38.6,0.95,0.05,0.0,0.7,0.03,2,1785606735.7097592,False,True,True,True,1785606724.525751,False,1,0,0,False
1785430955.7579584,20,1785606745.6885204,37.49713893339437,0.5887373159380483,37.19806210421912,True,37.5,36.5,38.6,0.95,0.05,0.0,0.7,0.03,2,1785606755.7156758,False,True,True,False,1785606724.525751,False,True,1,0,False
1785430955.7579584,20,1785606765.6944692,37.526512550545505,0.5888708323796444,37.18738078889143,True,37.5,36.5,38.6,0.95,0.05,0.0,0.7,0.03,2,1785606775.7212012,False,True,True,False,1785606724.525751,False,1,0,0,False
1785430955.7579584,20,1785606785.7005117,37.52384222171359,0.5889280537117572,37.20607309071488,True,37.5,36.5,38.6,0.95,0.05,0.0,0.7,0.03,2,1785606795.7276857,False,True,True,False,1785606724.525751,False,1,0,0,False
1785430955.7579584,20,1785606805.7064872,37.52384222171359,0.5891378652628366,37.17402914473182,True,37.5,36.5,38.6,0.95,0.05,0.0,0.7,0.03,2,1785606815.7330568,False,True,True,False,1785606724.525751,False,1,0,0,False
1785430955.7579584,20,1785606825.7124343,37.507820248722055,0.5889471274891279,37.17402914473182,True,37.5,36.5,38.6,0.95,0.05,0.0,0.7,0.03,2,1785606835.7394092,False,True,True,False,1785606724.525751,False,1,0,0,False
1785430955.7579584,20,1785606845.7183363,37.48645761806668,0.5888326848249027,37.17402914473182,True,37.5,36.5,38.6,0.95,0.05,0.0,0.7,0.03,2,1785606855.7453985,False,True,True,False,1785606724.525751,False,True,1,0,False
1785430955.7579584,20,1785606865.7242422,37.489127946898606,0.5890615701533531,37.17402914473182,True,37.5,36.5,38.6,0.95,0.05,0.0,0.7,0.03,2,1785606875.7514143,False,True,True,False,1785606724.525751,False,True,1,0,False
1785430955.7579584,20,1785606885.730315,37.507820248722055,0.5890043488212406,37.17135881589991,True,37.5,36.5,38.6,0.95,0.05,0.0,0.7,0.03,2,1785606895.7573624,False,True,True,True,1785606904.5257828,False,1,0,0,False
1785430955.7579584,20,1785606905.7362385,37.50247959105822,0.5887754634927902,37.15533684290837,True,37.5,36.5,38.6,0.95,0.05,0.0,0.7,0.03,2,1785606915.7632768,False,True,True,True,1785606904.5257828,False,1,0,0,False
1785430955.7579584,20,1785606925.742231,37.51049057755398,0.5886037994964523,37.17135881589991,True,37.5,36.5,38.6,0.95,0.05,0.0,0.7,0.03,2,1785606935.7687888,False,True,True,False,1785606904.5257828,False,1,0,0,False
1785430955.7579584,20,1785606945.748183,37.507820248722055,0.5889852750438697,37.182040131227595,True,37.5,36.5,38.6,0.95,0.05,0.0,0.7,0.03,2,1785606955.7747838,False,True,True,False,1785606904.5257828,False,1,0,0,False
1785430955.7579584,20,1785606965.7542148,37.51049057755398,0.5886991683833067,37.16601815823606,True,37.5,36.5,38.6,0.95,0.05,0.0,0.7,0.03,2,1785606975.7812772,False,True,True,False,1785606904.5257828,False,1,0,0,False
1785430955.7579584,20,1785606985.760182,37.49713893339437,0.5889662012664988,37.158007171740294,True,37.5,36.5,38.6,0.95,0.05,0.0,0.7,0.03,2,1785606995.787215,False,True,True,False,1785606904.5257828,False,True,1,0,False
1785430955.7579584,20,1785607005.7661452,37.470435645075156,0.5890424963759823,37.152666514076444,True,37.5,36.5,38.6,0.95,0.05,0.0,0.7,0.03,2,1785607015.7932248,False,True,True,False,1785606904.5257828,False,True,1,0,False
1785430955.7579584,20,1785607025.7720711,37.49713893339437,0.588794537270161,37.152666514076444,True,37.5,36.5,38.6,0.95,0.05,0.0,0.7,0.03,2,1785607035.7991083,False,True,True,False,1785606904.5257828,False,True,1,0,False
1785430955.7579584,20,1785607045.7780454,37.49713893339437,0.5888899061570153,37.158007171740294,True,37.5,36.5,38.6,0.95,0.05,0.0,0.7,0.03,2,1785607055.8064258,False,True,True,False,1785606904.5257828,False,True,1,0,False
1785430955.7579584,20,1785607065.7840755,37.53719386587319,0.5890424963759823,37.17936980239567,True,37.5,36.5,38.6,0.95,0.05,0.0,0.7,0.03,2,1785607075.8111715,False,True,True,True,1785607084.525808,False,1,0,0,False
1785430955.7579584,20,1785607085.7901735,37.52384222171359,0.5893476768139162,37.182040131227595,True,37.5,36.5,38.6,0.95,0.05,0.0,0.7,0.03,2,1785607095.8173432,False,True,True,True,1785607084.525808,False,1,0,0,False
1785430955.7579584,20,1785607105.7962162,37.507820248722055,0.5887563897154192,37.19272144655528,True,37.5,36.5,38.6,0.95,0.05,0.0,0.7,0.03,2,1785607115.8227668,False,True,True,False,1785607084.525808,False,1,0,0,False
1785430955.7579584,20,1785607125.8021376,37.526512550545505,0.5888708323796444,37.19806210421912,True,37.5,36.5,38.6,0.95,0.05,0.0,0.7,0.03,2,1785607135.8286645,False,True,True,False,1785607084.525808,False,1,0,0,False
1785430955.7579584,20,1785607145.8080242,37.513160906385906,0.5888708323796444,37.176699473563744,True,37.5,36.5,38.6,0.95,0.05,0.0,0.7,0.03,2,1785607155.835092,False,True,True,False,1785607084.525808,False,1,0,0,False
1785430955.7579584,20,1785607165.8140666,37.50514991989013,0.5888708323796444,37.18738078889143,True,37.5,36.5,38.6,0.95,0.05,0.0,0.7,0.03,2,1785607175.8412857,False,True,True,False,1785607084.525808,False,1,0,0,False
1785430955.7579584,20,1785607185.8201249,37.49713893339437,0.5887182421606775,37.17402914473182,True,37.5,36.5,38.6,0.95,0.05,0.0,0.7,0.03,2,1785607195.8472424,False,True,True,False,1785607084.525808,False,True,1,0,False
1785430955.7579584,20,1785607205.8260922,37.53986419470512,0.5888708323796444,37.17402914473182,True,37.5,36.5,38.6,0.95,0.05,0.0,0.7,0.03,2,1785607215.853242,False,False,True,False,1785607084.525808,False,1,0,0,False
1785430955.7579584,20,1785607225.8321764,37.635996032654305,0.5886800946059357,37.17936980239567,True,37.5,36.5,38.6,0.95,0.05,0.0,0.7,0.03,2,1785607235.8601825,True,False,True,False,1785607084.525808,False,1,0,0,False
1785430955.7579584,20,1785607245.8386075,37.721446555275804,0.5888136110475318,37.16868848706798,True,37.5,36.5,38.6,0.95,0.05,0.0,0.7,0.03,2,1785607255.8660896,True,True,True,True,1785607264.5258296,False,1,0,0,False
1785430955.7579584,20,1785607265.8451219,37.72411688410773,0.5890997177080949,37.158007171740294,True,37.5,36.5,38.6,0.95,0.05,0.0,0.7,0.03,2,1785607275.8721707,True,False,True,True,1785607264.5258296,False,1,0,0,False
1785430955.7579584,20,1785607285.8514285,37.73746852826734,0.5890424963759823,37.139314869916845,True,37.5,36.5,38.6,0.95,0.05,0.0,0.7,0.03,2,1785607295.87918,True,True,True,False,1785607264.5258296,False,1,0,0,False
1785430955.7579584,20,1785607305.8609924,37.74280918593118,0.5887563897154192,37.11795223926147,True,37.5,36.5,38.6,0.95,0.05,0.0,0.7,0.03,2,1785607315.8925521,True,True,True,False,1785607264.5258296,False,1,0,0,False
1785430955.7579584,20,1785607325.8706706,37.745479514763105,0.5890234225986114,37.11795223926147,True,37.5,36.5,38.6,0.95,0.05,0.0,0.7,0.03,2,1785607335.8979657,True,True,True,False,1785607264.5258296,False,1,0,0,False
1785430955.7579584,20,1785607345.876999,37.73212787060349,0.5890043488212406,37.10727092393378,True,37.5,36.5,38.6,0.95,0.05,0.0,0.7,0.03,2,1785607355.9053783,True,True,True,False,1785607264.5258296,False,1,0,0,False
1785430955.7579584,20,1785607365.8833513,37.71877622644388,0.5888708323796444,37.091248950942244,True,37.5,36.5,38.6,0.95,0.05,0.0,0.7,0.03,2,1785607375.9110022,True,False,True,False,1785607264.5258296,False,1,0,0,False
1785430955.7579584,20,1785607385.890266,37.71076523994812,0.5885847257190814,37.08323796444648,True,37.5,36.5,38.6,0.95,0.05,0.0,0.7,0.03,2,1785607395.9187028,True,False,True,False,1785607264.5258296,False,1,0,0,False
1785430955.7579584,20,1785607405.8979647,37.68940260929274,0.5888899061570153,37.072556649118795,True,37.5,36.5,38.6,0.95,0.05,0.0,0.7,0.03,2,1785607415.926455,True,False,True,False,1785607264.5258296,False,1,0,0,False
1785430955.7579584,20,1785607425.9056866,37.70008392462043,0.5889852750438697,37.067215991454944,True,37.5,36.5,38.6,0.95,0.05,0.0,0.7,0.03,2,1785607435.9345145,True,True,True,True,1785607444.52584,False,1,0,0,False
1785430955.7579584,20,1785607445.9126544,37.68940260929274,0.5891378652628366,37.067215991454944,True,37.5,36.5,38.6,0.95,0.05,0.0,0.7,0.03,2,1785607455.9431193,True,True,True,True,1785607444.52584,False,1,0,0,False
1785430955.7579584,20,1785607465.919417,37.654688334477754,0.5888708323796444,37.05119401846342,True,37.5,36.5,38.6,0.95,0.05,0.0,0.7,0.03,2,1785607475.946356,True,False,True,False,1785607444.52584,False,1,0,0,False
1785430955.7579584,20,1785607485.9258146,37.641336690318155,0.5888136110475318,37.02716105897612,True,37.5,36.5,38.6,0.95,0.05,0.0,0.7,0.03,2,1785607495.953098,True,True,True,False,1785607444.52584,False,1,0,0,False
1785430955.7579584,20,1785607505.9320273,37.62531471732662,0.5886610208285649,37.02716105897612,True,37.5,36.5,38.6,0.95,0.05,0.0,0.7,0.03,2,1785607515.9591131,True,True,True,False,1785607444.52584,False,1,0,0,False
1785430955.7579584,20,1785607525.9389465,37.611963073167004,0.5887182421606775,37.00045777065691,True,37.5,36.5,38.6,0.95,0.05,0.0,0.7,0.03,2,1785607535.967413,True,False,True,False,1785607444.52584,False,1,0,0,False
1785430955.7579584,20,1785607545.9467988,37.60929274433509,0.588794537270161,37.00045777065691,True,37.5,36.5,38.6,0.95,0.05,0.0,0.7,0.03,2,1785607555.9748683,True,False,True,False,1785607444.52584,False,1,0,0,False
1785430955.7579584,20,1785607565.9545023,37.58525978484779,0.5887754634927902,37.02716105897612,True,37.5,36.5,38.6,0.95,0.05,0.0,0.7,0.03,2,1785607575.9822698,True,True,True,False,1785607444.52584,False,1,0,0,False
1785430955.7579584,20,1785607585.9646747,37.56122682536049,0.5886610208285649,36.99778744182498,True,37.5,36.5,38.6,0.95,0.05,0.0,0.7,0.03,2,1785607595.996915,True,False,True,False,1785607444.52584,False,1,0,0,False
1785430955.7579584,20,1785607605.974639,37.57190814068818,0.5888326848249027,37.00312809948882,True,37.5,36.5,38.6,0.95,0.05,0.0,0.7,0.03,2,1785607616.0018995,True,False,True,True,1785607624.5258768,False,1,0,0,False
1785430955.7579584,20,1785607625.9812095,37.54520485236897,0.5888136110475318,36.981765468833444,True,37.5,36.5,38.6,0.95,0.05,0.0,0.7,0.03,2,1785607636.009656,True,True,True,True,1785607624.5258768,False,1,0,0,False
1785430955.7579584,20,1785607645.9878216,37.52384222171359,0.5884702830548563,36.981765468833444,True,37.5,36.5,38.6,0.95,0.05,0.0,0.7,0.03,2,1785607656.015175,True,False,True,False,1785607624.5258768,False,1,0,0,False
1785430955.7579584,20,1785607665.9941702,37.526512550545505,0.5885084306095979,36.939040207522694,True,37.5,36.5,38.6,0.95,0.05,0.0,0.7,0.03,2,1785607676.0225205,True,False,True,False,1785607624.5258768,False,1,0,0,False
1785430955.7579584,20,1785607686.0006576,37.507820248722055,0.5884702830548563,36.92568856336308,True,37.5,36.5,38.6,0.95,0.05,0.0,0.7,0.03,2,1785607696.0273697,True,True,True,False,1785607624.5258768,False,1,0,0,False
1785430955.7579584,20,1785607706.007031,37.49179827573053,0.5882795452811475,36.92568856336308,True,37.5,36.5,38.6,0.95,0.05,0.0,0.7,0.03,2,1785607716.034399,True,False,True,False,1785607624.5258768,False,True,1,0,False
1785430955.7579584,20,1785607726.0134153,37.489127946898606,0.5886037994964523,36.920347905699245,True,37.5,36.5,38.6,0.95,0.05,0.0,0.7,0.03,2,1785607736.0407825,True,False,True,False,1785607624.5258768,False,True,1,0,False
1785430955.7579584,20,1785607746.0229466,37.470435645075156,0.5884512092774853,36.90432593270771,True,37.5,36.5,38.6,0.95,0.05,0.0,0.7,0.03,2,1785607756.053501,True,False,True,False,1785607624.5258768,False,True,1,0,False
1785430955.7579584,20,1785607766.0334203,37.50514991989013,0.5884130617227435,36.90966659037156,True,37.5,36.5,38.6,0.95,0.05,0.0,0.7,0.03,2,1785607776.061595,True,False,True,False,1785607624.5258768,False,1,0,0,False
1785430955.7579584,20,1785607786.0410588,37.49713893339437,0.5884321355001144,36.89097428854811,True,37.5,36.5,38.6,0.95,0.05,0.0,0.7,0.03,2,1785607796.0722954,True,True,True,True,1785607804.5258796,False,True,1,0,False
1785430955.7579584,20,1785607806.0490918,37.513160906385906,0.5885847257190814,36.91233691920348,True,37.5,36.5,38.6,0.95,0.05,0.0,0.7,0.03,2,1785607816.0782323,True,True,True,True,1785607804.5258796,False,1,0,0,False
1785430955.7579584,20,1785607826.0577571,37.507820248722055,0.5886610208285649,36.91767757686732,True,37.5,36.5,38.6,0.95,0.05,0.0,0.7,0.03,2,1785607836.0865552,True,False,True,False,1785607804.5258796,False,1,0,0,False
1785430955.7579584,20,1785607846.0657475,37.507820248722055,0.5885656519417105,36.939040207522694,True,37.5,36.5,38.6,0.95,0.05,0.0,0.7,0.03,2,1785607856.0942872,True,False,True,False,1785607804.5258796,False,1,0,0,False
1785430955.7579584,20,1785607866.0734773,37.526512550545505,0.5884702830548563,36.91767757686732,True,37.5,36.5,38.6,0.95,0.05,0.0,0.7,0.03,2,1785607876.1014614,True,False,True,False,1785607804.5258796,False,1,0,0,False
1785430955.7579584,20,1785607886.0811315,37.54520485236897,0.5887182421606775,36.90966659037156,True,37.5,36.5,38.6,0.95,0.05,0.0,0.7,0.03,2,1785607896.1088474,True,False,True,False,1785607804.5258796,False,1,0,0,False
1785430955.7579584,20,1785607906.0881064,37.53986419470512,0.5886037994964523,36.92568856336308,True,37.5,36.5,38.6,0.95,0.05,0.0,0.7,0.03,2,1785607916.1154046,True,False,True,False,1785607804.5258796,False,1,0,0,False
1785430955.7579584,20,1785607926.0945601,37.526512550545505,0.5885465781643398,36.920347905699245,True,37.5,36.5,38.6,0.95,0.05,0.0,0.7,0.03,2,1785607936.1223836,True,True,True,False,1785607804.5258796,False,1,0,0,False
1785430955.7579584,20,1785607946.1010852,37.50247959105822,0.5884702830548563,36.915007248035394,True,37.5,36.5,38.6,0.95,0.05,0.0,0.7,0.03,2,1785607956.129128,True,True,True,False,1785607804.5258796,False,1,0,0,False
1785430955.7579584,20,1785607966.107438,37.52117189288167,0.5887373159380483,36.920347905699245,True,37.5,36.5,38.6,0.95,0.05,0.0,0.7,0.03,2,1785607976.1360264,True,True,True,True,1785607984.5258949,False,1,0,0,False
1785430955.7579584,20,1785607986.1137664,37.49713893339437,0.5885275043869688,36.91767757686732,True,37.5,36.5,38.6,0.95,0.05,0.0,0.7,0.03,2,1785607996.1411414,True,False,True,True,1785607984.5258949,False,True,1,0,False
1785430955.7579584,20,1785608006.1200907,37.507820248722055,0.5886037994964523,36.87495231555657,True,37.5,36.5,38.6,0.95,0.05,0.0,0.7,0.03,2,1785608016.147663,True,True,True,False,1785607984.5258949,False,1,0,0,False
1785430955.7579584,20,1785608026.1265354,37.470435645075156,0.5883367666132601,36.88029297322042,True,37.5,36.5,38.6,0.95,0.05,0.0,0.7,0.03,2,1785608036.1545486,True,False,True,False,1785607984.5258949,False,True,1,0,False
1785430955.7579584,20,1785608046.132885,37.47577630273899,0.5883939879453728,36.87495231555657,True,37.5,36.5,38.6,0.95,0.05,0.0,0.7,0.03,2,1785608056.1603177,True,False,True,False,1785607984.5258949,False,True,1,0,False
1785430955.7579584,20,1785608066.1397803,37.47310597390707,0.5884130617227435,36.89097428854811,True,37.5,36.5,38.6,0.95,0.05,0.0,0.7,0.03,2,1785608076.1678755,True,False,True,False,1785607984.5258949,False,True,1,0,False
1785430955.7579584,20,1785608086.1473944,37.49179827573053,0.5883939879453728,36.88830395971618,True,37.5,36.5,38.6,0.95,0.05,0.0,0.7,0.03,2,1785608096.175867,True,False,True,False,1785607984.5258949,False,True,1,0,False
1785430955.7579584,20,1785608106.1552107,37.513160906385906,0.5881460288395514,36.89364461738002,True,37.5,36.5,38.6,0.95,0.05,0.0,0.7,0.03,2,1785608116.183662,True,False,True,False,1785607984.5258949,False,1,0,0,False
1785430955.7579584,20,1785608126.1629593,37.531853208209355,0.588203250171664,36.89364461738002,True,37.5,36.5,38.6,0.95,0.05,0.0,0.7,0.03,2,1785608136.1909223,True,False,True,False,1785607984.5258949,False,1,0,0,False
1785430955.7579584,20,1785608146.170071,37.52918287937743,0.5885084306095979,36.92568856336308,True,37.5,36.5,38.6,0.95,0.05,0.0,0.7,0.03,2,1785608156.1996653,True,False,True,True,1785608164.5259118,False,1,0,0,False
1785430955.7579584,20,1785608166.1770477,37.54787518120088,0.5884512092774853,36.92568856336308,True,37.5,36.5,38.6,0.95,0.05,0.0,0.7,0.03,2,1785608176.205292,True,False,True,True,1785608164.5259118,False,1,0,0,False
1785430955.7579584,20,1785608186.1846116,37.53986419470512,0.588489356832227,36.91767757686732,True,37.5,36.5,38.6,0.95,0.05,0.0,0.7,0.03,2,1785608196.2130134,True,False,True,False,1785608164.5259118,False,1,0,0,False
1785430955.7579584,20,1785608206.1922305,37.53452353704128,0.5883176928358893,36.92301823453117,True,37.5,36.5,38.6,0.95,0.05,0.0,0.7,0.03,2,1785608216.2206914,True,False,True,False,1785608164.5259118,False,1,0,0,False
1785430955.7579584,20,1785608226.199302,37.53986419470512,0.5886228732738232,36.90699626153963,True,37.5,36.5,38.6,0.95,0.05,0.0,0.7,0.03,2,1785608236.226551,True,True,True,False,1785608164.5259118,False,1,0,0,False
1785430955.7579584,20,1785608246.2055922,37.52918287937743,0.5882604715037766,36.89097428854811,True,37.5,36.5,38.6,0.95,0.05,0.0,0.7,0.03,2,1785608256.2358286,True,True,True,False,1785608164.5259118,False,1,0,0,False
1785430955.7579584,20,1785608266.2127528,37.526512550545505,0.5885465781643398,36.88029297322042,True,37.5,36.5,38.6,0.95,0.05,0.0,0.7,0.03,2,1785608276.2404149,True,True,True,False,1785608164.5259118,False,1,0,0,False
1785430955.7579584,20,1785608286.219649,37.507820248722055,0.5884321355001144,36.88296330205233,True,37.5,36.5,38.6,0.95,0.05,0.0,0.7,0.03,2,1785608296.2465503,True,False,True,False,1785608164.5259118,False,1,0,0,False
1785430955.7579584,20,1785608306.225948,37.481116960402844,0.5881078812848096,36.88830395971618,True,37.5,36.5,38.6,0.95,0.05,0.0,0.7,0.03,2,1785608316.2533116,True,False,True,False,1785608164.5259118,False,True,1,0,False
1785430955.7579584,20,1785608326.2322462,37.483787289234755,0.5881269550621805,36.89898527504387,True,37.5,36.5,38.6,0.95,0.05,0.0,0.7,0.03,2,1785608336.2608385,True,False,True,True,1785608344.5259523,False,True,1,0,False
1785430955.7579584,20,1785608346.2391343,37.45975432974747,0.5883939879453728,36.88296330205233,True,37.5,36.5,38.6,0.95,0.05,0.0,0.7,0.03,2,1785608356.267534,True,True,True,True,1785608344.5259523,False,True,1,0,False
1785430955.7579584,20,1785608366.2461684,37.47844663157092,0.5882223239490348,36.872281986724644,True,37.5,36.5,38.6,0.95,0.05,0.0,0.7,0.03,2,1785608376.2735329,True,False,True,False,1785608344.5259523,False,True,1,0,False
1785430955.7579584,20,1785608386.252529,37.481116960402844,0.5881651026169223,36.86427100022888,True,37.5,36.5,38.6,0.95,0.05,0.0,0.7,0.03,2,1785608396.2797396,True,False,True,False,1785608344.5259523,False,True,1,0,False
1785430955.7579584,20,1785608406.258798,37.51850156404974,0.5884321355001144,36.89097428854811,True,37.5,36.5,38.6,0.95,0.05,0.0,0.7,0.03,2,1785608416.2858121,True,True,True,False,1785608344.5259523,False,1,0,0,False
1785430955.7579584,20,1785608426.2651641,37.52918287937743,0.5884702830548563,36.901655603875795,True,37.5,36.5,38.6,0.95,0.05,0.0,0.7,0.03,2,1785608436.2925127,True,True,True,False,1785608344.5259523,False,1,0,0,False
1785430955.7579584,20,1785608446.2715142,37.53452353704128,0.5883176928358893,36.90699626153963,True,37.5,36.5,38.6,0.95,0.05,0.0,0.7,0.03,2,1785608456.2988253,True,True,True,False,1785608344.5259523,False,1,0,0,False
1785430955.7579584,20,1785608466.277805,37.55321583886473,0.5883939879453728,36.90699626153963,True,37.5,36.5,38.6,0.95,0.05,0.0,0.7,0.03,2,1785608476.3051443,True,True,True,False,1785608344.5259523,False,1,0,0,False
1785430955.7579584,20,1785608486.2841067,37.52384222171359,0.588203250171664,36.89364461738002,True,37.5,36.5,38.6,0.95,0.05,0.0,0.7,0.03,2,1785608496.311352,True,True,True,False,1785608344.5259523,False,1,0,0,False
1785430955.7579584,20,1785608506.29044,37.52384222171359,0.5884702830548563,36.88830395971618,True,37.5,36.5,38.6,0.95,0.05,0.0,0.7,0.03,2,1785608516.3197088,True,True,True,True,1785608524.5259733,False,1,0,0,False
1785430955.7579584,20,1785608526.297547,37.55321583886473,0.5883749141680018,36.89898527504387,True,37.5,36.5,38.6,0.95,0.05,0.0,0.7,0.03,2,1785608536.325545,True,True,True,True,1785608524.5259733,False,1,0,0,False
1785430955.7579584,20,1785608546.3045635,37.507820248722055,0.5882223239490348,36.88296330205233,True,37.5,36.5,38.6,0.95,0.05,0.0,0.7,0.03,2,1785608556.331482,True,False,True,False,1785608524.5259733,False,1,0,0,False
1785430955.7579584,20,1785608566.3108487,37.51049057755398,0.5881460288395514,36.872281986724644,True,37.5,36.5,38.6,0.95,0.05,0.0,0.7,0.03,2,1785608576.337966,True,False,True,False,1785608524.5259733,False,1,0,0,False
1785430955.7579584,20,1785608586.3171837,37.45441367208362,0.5881269550621805,36.89097428854811,True,37.5,36.5,38.6,0.95,0.05,0.0,0.7,0.03,2,1785608596.346169,True,False,True,False,1785608524.5259733,False,True,1,0,False
1785430955.7579584,20,1785608606.3270092,37.465094987411305,0.5883749141680018,36.88029297322042,True,37.5,36.5,38.6,0.95,0.05,0.0,0.7,0.03,2,1785608616.357943,True,True,True,False,1785608524.5259733,False,True,1,0,False
1785430955.7579584,20,1785608626.3371098,37.470435645075156,0.5881651026169223,36.86961165789273,True,37.5,36.5,38.6,0.95,0.05,0.0,0.7,0.03,2,1785608636.3645883,True,False,True,False,1785608524.5259733,False,True,1,0,False
1785430955.7579584,20,1785608646.3440971,37.481116960402844,0.5883749141680018,36.858930342565046,True,37.5,36.5,38.6,0.95,0.05,0.0,0.7,0.03,2,1785608656.3720767,True,True,True,False,1785608524.5259733,False,True,1,0,False
1785430955.7579584,20,1785608666.3518393,37.47310597390707,0.5880315861753261,36.86427100022888,True,37.5,36.5,38.6,0.95,0.05,0.0,0.7,0.03,2,1785608676.3799148,True,True,True,False,1785608524.5259733,False,True,1,0,False
1785430955.7579584,20,1785608686.3595552,37.470435645075156,0.5878789959563592,36.86160067139696,True,37.5,36.5,38.6,0.95,0.05,0.0,0.7,0.03,2,1785608696.387949,True,False,True,True,1785608704.5260115,False,True,1,0,False
1785430955.7579584,20,1785608706.366601,37.507820248722055,0.5882223239490348,36.88830395971618,True,37.5,36.5,38.6,0.95,0.05,0.0,0.7,0.03,2,1785608716.394508,True,False,True,True,1785608704.5260115,False,1,0,0,False
1785430955.7579584,20,1785608726.372903,37.51583123521782,0.5883367666132601,36.872281986724644,True,37.5,36.5,38.6,0.95,0.05,0.0,0.7,0.03,2,1785608736.3999808,True,False,True,False,1785608704.5260115,False,1,0,0,False
1785430955.7579584,20,1785608746.3791604,37.51850156404974,0.5881269550621805,36.89898527504387,True,37.5,36.5,38.6,0.95,0.05,0.0,0.7,0.03,2,1785608756.4063613,True,False,True,False,1785608704.5260115,False,1,0,0,False
1785430955.7579584,20,1785608766.3854153,37.51583123521782,0.5882413977264058,36.90966659037156,True,37.5,36.5,38.6,0.95,0.05,0.0,0.7,0.03,2,1785608776.4138849,True,True,True,False,1785608704.5260115,False,1,0,0,False
1785430955.7579584,20,1785608786.392312,37.52918287937743,0.588203250171664,36.896314946211945,True,37.5,36.5,38.6,0.95,0.05,0.0,0.7,0.03,2,1785608796.4227066,True,True,True,False,1785608704.5260115,False,1,0,0,False
1785430955.7579584,20,1785608806.399404,37.53452353704128,0.5882795452811475,36.89097428854811,True,37.5,36.5,38.6,0.95,0.05,0.0,0.7,0.03,2,1785608816.4268928,True,False,True,False,1785608704.5260115,False,1,0,0,False
1785430955.7579584,20,1785608826.4058816,37.51850156404974,0.5881841763942931,36.89097428854811,True,37.5,36.5,38.6,0.95,0.05,0.0,0.7,0.03,2,1785608836.4334521,True,True,True,False,1785608704.5260115,False,1,0,0,False
1785430955.7579584,20,1785608846.412456,37.50247959105822,0.5881078812848096,36.91233691920348,True,37.5,36.5,38.6,0.95,0.05,0.0,0.7,0.03,2,1785608856.439864,True,True,True,False,1785608704.5260115,False,1,0,0,False
1785430955.7579584,20,1785608866.4187944,37.51583123521782,0.5880315861753261,36.86961165789273,True,37.5,36.5,38.6,0.95,0.05,0.0,0.7,0.03,2,1785608876.4458468,True,True,True,True,1785608884.5260267,False,1,0,0,False
1785430955.7579584,20,1785608886.425138,37.48645761806668,0.5884130617227435,36.88296330205233,True,37.5,36.5,38.6,0.95,0.05,0.0,0.7,0.03,2,1785608896.452135,True,True,True,True,1785608884.5260267,False,True,1,0,False
1785430955.7579584,20,1785608906.4314177,37.49179827573053,0.5877836270695049,36.86160067139696,True,37.5,36.5,38.6,0.95,0.05,0.0,0.7,0.03,2,1785608916.4583898,True,False,True,False,1785608884.5260267,False,True,1,0,False
1785430955.7579584,20,1785608926.4377987,37.51049057755398,0.5882604715037766,36.88296330205233,True,37.5,36.5,38.6,0.95,0.05,0.0,0.7,0.03,2,1785608936.465153,True,False,True,False,1785608884.5260267,False,1,0,0,False
1785430955.7579584,20,1785608946.444037,37.49713893339437,0.5882223239490348,36.877622644388495,True,37.5,36.5,38.6,0.95,0.05,0.0,0.7,0.03,2,1785608956.4732666,True,True,True,False,1785608884.5260267,False,True,1,0,False
1785430955.7579584,20,1785608966.4503963,37.526512550545505,0.588203250171664,36.86160067139696,True,37.5,36.5,38.6,0.95,0.05,0.0,0.7,0.03,2,1785608976.4795632,True,False,True,False,1785608884.5260267,False,1,0,0,False
1785430955.7579584,20,1785608986.457059,37.50247959105822,0.58789806973373,36.88563363088426,True,37.5,36.5,38.6,0.95,0.05,0.0,0.7,0.03,2,1785608996.4850347,True,True,True,False,1785608884.5260267,False,1,0,0,False
1785430955.7579584,20,1785609006.4635453,37.53452353704128,0.5879171435111009,36.87495231555657,True,37.5,36.5,38.6,0.95,0.05,0.0,0.7,0.03,2,1785609016.4912372,True,False,True,False,1785608884.5260267,False,1,0,0,False
1785430955.7579584,20,1785609026.4699876,37.507820248722055,0.5878789959563592,36.896314946211945,True,37.5,36.5,38.6,0.95,0.05,0.0,0.7,0.03,2,1785609036.4975035,True,False,True,False,1785608884.5260267,False,1,0,0,False
1785430955.7579584,20,1785609046.4763823,37.53452353704128,0.5879171435111009,36.88029297322042,True,37.5,36.5,38.6,0.95,0.05,0.0,0.7,0.03,2,1785609056.5037444,True,False,True,True,1785609064.5260613,False,1,0,0,False
1785430955.7579584,20,1785609066.482662,37.51049057755398,0.5879362172884719,36.896314946211945,True,37.5,36.5,38.6,0.95,0.05,0.0,0.7,0.03,2,1785609076.5103207,True,True,True,True,1785609064.5260613,False,1,0,0,False
1785430955.7579584,20,1785609086.4896374,37.50247959105822,0.5878789959563592,36.877622644388495,True,37.5,36.5,38.6,0.95,0.05,0.0,0.7,0.03,2,1785609096.5170195,True,True,True,False,1785609064.5260613,False,1,0,0,False
1785430955.7579584,20,1785609106.496599,37.48645761806668,0.5875928892957961,36.872281986724644,True,37.5,36.5,38.6,0.95,0.05,0.0,0.7,0.03,2,1785609116.5259166,True,True,True,False,1785609064.5260613,False,True,1,0,False
1785430955.7579584,20,1785609126.502864,37.49980926222629,0.5880697337300679,36.84557869840543,True,37.5,36.5,38.6,0.95,0.05,0.0,0.7,0.03,2,1785609136.5302417,True,True,True,False,1785609064.5260613,False,True,1,0,False
1785430955.7579584,20,1785609146.5092142,37.48645761806668,0.5881841763942931,36.86694132906081,True,37.5,36.5,38.6,0.95,0.05,0.0,0.7,0.03,2,1785609156.536578,True,True,True,False,1785609064.5260613,False,True,1,0,False
1785430955.7579584,20,1785609166.5154612,37.49980926222629,0.5877836270695049,36.86694132906081,True,37.5,36.5,38.6,0.95,0.05,0.0,0.7,0.03,2,1785609176.54287,True,False,True,False,1785609064.5260613,False,True,1,0,False
1785430955.7579584,20,1785609186.5218394,37.52384222171359,0.5879171435111009,36.84824902723736,True,37.5,36.5,38.6,0.95,0.05,0.0,0.7,0.03,2,1785609196.5491862,True,False,True,False,1785609064.5260613,False,1,0,0,False
1785430955.7579584,20,1785609206.5281322,37.507820248722055,0.5880888075074389,36.86961165789273,True,37.5,36.5,38.6,0.95,0.05,0.0,0.7,0.03,2,1785609216.5555263,True,False,True,False,1785609064.5260613,False,1,0,0,False
1785430955.7579584,20,1785609226.5345244,37.52384222171359,0.5878027008468757,36.86961165789273,True,37.5,36.5,38.6,0.95,0.05,0.0,0.7,0.03,2,1785609236.562399,True,True,True,True,1785609244.5260794,False,1,0,0,False
1785430955.7579584,20,1785609246.5408316,37.53986419470512,0.5879743648432135,36.89097428854811,True,37.5,36.5,38.6,0.95,0.05,0.0,0.7,0.03,2,1785609256.56816,True,False,True,True,1785609244.5260794,False,1,0,0,False
1785430955.7579584,20,1785609266.5471509,37.531853208209355,0.5879171435111009,36.88029297322042,True,37.5,36.5,38.6,0.95,0.05,0.0,0.7,0.03,2,1785609276.5740323,True,False,True,False,1785609244.5260794,False,1,0,0,False
1785430955.7579584,20,1785609286.553504,37.513160906385906,0.58789806973373,36.88830395971618,True,37.5,36.5,38.6,0.95,0.05,0.0,0.7,0.03,2,1785609296.5807602,True,True,True,False,1785609244.5260794,False,1,0,0,False
1785430955.7579584,20,1785609306.5597117,37.49713893339437,0.5878599221789884,36.877622644388495,True,37.5,36.5,38.6,0.95,0.05,0.0,0.7,0.03,2,1785609316.5870888,True,False,True,False,1785609244.5260794,False,True,1,0,False
1785430955.7579584,20,1785609326.5662043,37.49980926222629,0.5879171435111009,36.86694132906081,True,37.5,36.5,38.6,0.95,0.05,0.0,0.7,0.03,2,1785609336.5936656,True,False,True,False,1785609244.5260794,False,True,1,0,False
1785430955.7579584,20,1785609346.5727608,37.49179827573053,0.5879362172884719,36.872281986724644,True,37.5,36.5,38.6,0.95,0.05,0.0,0.7,0.03,2,1785609356.6002173,True,False,True,False,1785609244.5260794,False,True,1,0,False
1785430955.7579584,20,1785609366.5797894,37.50514991989013,0.588050659952697,36.872281986724644,True,37.5,36.5,38.6,0.95,0.05,0.0,0.7,0.03,2,1785609376.6076288,True,True,True,False,1785609244.5260794,False,1,0,0,False
1785430955.7579584,20,1785609386.5868146,37.51850156404974,0.5879743648432135,36.86427100022888,True,37.5,36.5,38.6,0.95,0.05,0.0,0.7,0.03,2,1785609396.6141405,True,True,True,False,1785609244.5260794,False,1,0,0,False
1785430955.7579584,20,1785609406.5931158,37.48645761806668,0.5878599221789884,36.88563363088426,True,37.5,36.5,38.6,0.95,0.05,0.0,0.7,0.03,2,1785609416.62288,True,True,True,True,1785609424.5260818,False,True,1,0,False
1785430955.7579584,20,1785609426.5994978,37.49713893339437,0.5879743648432135,36.83756771190967,True,37.5,36.5,38.6,0.95,0.05,0.0,0.7,0.03,2,1785609436.6280777,True,True,True,True,1785609424.5260818,False,True,1,0,False
1785430955.7579584,20,1785609446.6064024,37.507820248722055,0.5877073319600215,36.88029297322042,True,37.5,36.5,38.6,0.95,0.05,0.0,0.7,0.03,2,1785609456.6347988,True,False,True,False,1785609424.5260818,False,1,0,0,False
1785430955.7579584,20,1785609466.6140974,37.49980926222629,0.5877836270695049,36.86961165789273,True,37.5,36.5,38.6,0.95,0.05,0.0,0.7,0.03,2,1785609476.6421597,True,True,True,False,1785609424.5260818,False,True,1,0,False
1785430955.7579584,20,1785609486.621157,37.53452353704128,0.5878027008468757,36.84557869840543,True,37.5,36.5,38.6,0.95,0.05,0.0,0.7,0.03,2,1785609496.648323,True,True,True,False,1785609424.5260818,False,1,0,0,False
1785430955.7579584,20,1785609506.628124,37.49713893339437,0.5879171435111009,36.86694132906081,True,37.5,36.5,38.6,0.95,0.05,0.0,0.7,0.03,2,1785609516.6560516,True,True,True,False,1785609424.5260818,False,True,1,0,False
1785430955.7579584,20,1785609526.635063,37.51583123521782,0.5879743648432135,36.872281986724644,True,37.5,36.5,38.6,0.95,0.05,0.0,0.7,0.03,2,1785609536.66246,True,True,True,False,1785609424.5260818,False,1,0,0,False
1785430955.7579584,20,1785609546.6414156,37.52384222171359,0.5878027008468757,36.872281986724644,True,37.5,36.5,38.6,0.95,0.05,0.0,0.7,0.03,2,1785609556.668681,True,True,True,False,1785609424.5260818,False,1,0,0,False
1785430955.7579584,20,1785609566.6476355,37.49980926222629,0.5877073319600215,36.88296330205233,True,37.5,36.5,38.6,0.95,0.05,0.0,0.7,0.03,2,1785609576.6753945,True,False,True,False,1785609424.5260818,False,True,1,0,False
1785430955.7579584,20,1785609586.654015,37.507820248722055,0.5876691844052796,36.89097428854811,True,37.5,36.5,38.6,0.95,0.05,0.0,0.7,0.03,2,1785609596.6813478,True,True,True,True,1785609604.5261269,False,1,0,0,False
1785430955.7579584,20,1785609606.660953,37.48645761806668,0.588050659952697,36.896314946211945,True,37.5,36.5,38.6,0.95,0.05,0.0,0.7,0.03,2,1785609616.6894114,True,False,True,True,1785609604.5261269,False,True,1,0,False
1785430955.7579584,20,1785609626.6687326,37.48645761806668,0.5873067826352331,36.87495231555657,True,37.5,36.5,38.6,0.95,0.05,0.0,0.7,0.03,2,1785609636.7000363,True,True,True,False,1785609604.5261269,False,True,1,0,False
1785430955.7579584,20,1785609646.6765368,37.49713893339437,0.587611963073167,36.86427100022888,True,37.5,36.5,38.6,0.95,0.05,0.0,0.7,0.03,2,1785609656.704986,True,False,True,False,1785609604.5261269,False,True,1,0,False
1785430955.7579584,20,1785609666.6841626,37.49980926222629,0.5878599221789884,36.88029297322042,True,37.5,36.5,38.6,0.95,0.05,0.0,0.7,0.03,2,1785609676.7125947,True,False,True,False,1785609604.5261269,False,True,1,0,False
1785430955.7579584,20,1785609686.6917698,37.52384222171359,0.5877073319600215,36.86160067139696,True,37.5,36.5,38.6,0.95,0.05,0.0,0.7,0.03,2,1785609696.720241,True,True,True,False,1785609604.5261269,False,1,0,0,False
1785430955.7579584,20,1785609706.6994767,37.49713893339437,0.5875738155184252,36.89898527504387,True,37.5,36.5,38.6,0.95,0.05,0.0,0.7,0.03,2,1785609716.7279444,True,False,True,False,1785609604.5261269,False,True,1,0,False
1785430955.7579584,20,1785609726.7071245,37.54787518120088,0.5877264057373922,36.88830395971618,True,37.5,36.5,38.6,0.95,0.05,0.0,0.7,0.03,2,1785609736.7355545,True,True,True,False,1785609604.5261269,False,1,0,0,False
1785430955.7579584,20,1785609746.7148058,37.53986419470512,0.5880697337300679,36.89898527504387,True,37.5,36.5,38.6,0.95,0.05,0.0,0.7,0.03,2,1785609756.7432218,True,True,True,False,1785609604.5261269,False,1,0,0,False
1785430955.7579584,20,1785609766.722499,37.54253452353704,0.5875928892957961,36.89364461738002,True,37.5,36.5,38.6,0.95,0.05,0.0,0.7,0.03,2,1785609776.7509713,True,True,True,True,1785609784.5261497,False,1,0,0,False
1785430955.7579584,20,1785609786.730334,37.52384222171359,0.587611963073167,36.901655603875795,True,37.5,36.5,38.6,0.95,0.05,0.0,0.7,0.03,2,1785609796.7588024,True,False,True,True,1785609784.5261497,False,1,0,0,False
1785430955.7579584,20,1785609806.7380447,37.53452353704128,0.5878027008468757,36.89097428854811,True,37.5,36.5,38.6,0.95,0.05,0.0,0.7,0.03,2,1785609816.7665381,True,False,True,False,1785609784.5261497,False,1,0,0,False
1785430955.7579584,20,1785609826.7457564,37.51850156404974,0.587764553292134,36.87495231555657,True,37.5,36.5,38.6,0.95,0.05,0.0,0.7,0.03,2,1785609836.7742453,True,True,True,False,1785609784.5261497,False,1,0,0,False
1785430955.7579584,20,1785609846.7534926,37.49179827573053,0.5877454795147631,36.858930342565046,True,37.5,36.5,38.6,0.95,0.05,0.0,0.7,0.03,2,1785609856.7820299,True,True,True,False,1785609784.5261497,False,True,1,0,False
1785430955.7579584,20,1785609866.761212,37.489127946898606,0.587764553292134,36.86961165789273,True,37.5,36.5,38.6,0.95,0.05,0.0,0.7,0.03,2,1785609876.789127,True,True,True,False,1785609784.5261497,False,True,1,0,False
1785430955.7579584,20,1785609886.768181,37.45975432974747,0.5877073319600215,36.86160067139696,True,37.5,36.5,38.6,0.95,0.05,0.0,0.7,0.03,2,1785609896.7955878,True,True,True,False,1785609784.5261497,False,True,1,0,False
1785430955.7579584,20,1785609906.774658,37.48645761806668,0.5877264057373922,36.84557869840543,True,37.5,36.5,38.6,0.95,0.05,0.0,0.7,0.03,2,1785609916.8020139,True,True,True,False,1785609784.5261497,False,True,1,0,False
1785430955.7579584,20,1785609926.7809772,37.47844663157092,0.587764553292134,36.84557869840543,True,37.5,36.5,38.6,0.95,0.05,0.0,0.7,0.03,2,1785609936.8083782,True,True,True,False,1785609784.5261497,False,True,1,0,False
1785430955.7579584,20,1785609946.7872515,37.470435645075156,0.5875738155184252,36.84557869840543,True,37.5,36.5,38.6,0.95,0.05,0.0,0.7,0.03,2,1785609956.8145342,True,False,True,True,1785609964.5261729,False,True,1,0,False
1785430955.7579584,20,1785609966.7936697,37.49980926222629,0.587764553292134,36.872281986724644,True,37.5,36.5,38.6,0.95,0.05,0.0,0.7,0.03,2,1785609976.820594,True,True,True,True,1785609964.5261729,False,True,1,0,False
1785430955.7579584,20,1785609986.7998855,37.50247959105822,0.5873449301899748,36.87495231555657,True,37.5,36.5,38.6,0.95,0.05,0.0,0.7,0.03,2,1785609996.827307,True,True,True,False,1785609964.5261729,False,1,0,0,False
1785430955.7579584,20,1785610006.806217,37.507820248722055,0.5875165941863126,36.86427100022888,True,37.5,36.5,38.6,0.95,0.05,0.0,0.7,0.03,2,1785610016.8331027,True,False,True,False,1785609964.5261729,False,1,0,0,False
1785430955.7579584,20,1785610026.8124316,37.513160906385906,0.5876882581826505,36.89097428854811,True,37.5,36.5,38.6,0.95,0.05,0.0,0.7,0.03,2,1785610036.8418224,True,False,True,False,1785609964.5261729,False,1,0,0,False
1785430955.7579584,20,1785610046.8187912,37.53452353704128,0.5875928892957961,36.88563363088426,True,37.5,36.5,38.6,0.95,0.05,0.0,0.7,0.03,2,1785610056.8461783,True,False,True,False,1785609964.5261729,False,1,0,0,False
1785430955.7579584,20,1785610066.8251767,37.55321583886473,0.5875738155184252,36.896314946211945,True,37.5,36.5,38.6,0.95,0.05,0.0,0.7,0.03,2,1785610076.852566,True,True,True,False,1785609964.5261729,False,1,0,0,False
1785430955.7579584,20,1785610086.83151,37.550545510032805,0.5878789959563592,36.89898527504387,True,37.5,36.5,38.6,0.95,0.05,0.0,0.7,0.03,2,1785610096.85886,True,False,True,False,1785609964.5261729,False,1,0,0,False
1785430955.7579584,20,1785610106.8378267,37.53986419470512,0.587611963073167,36.89898527504387,True,37.5,36.5,38.6,0.95,0.05,0.0,0.7,0.03,2,1785610116.8648,True,True,True,False,1785609964.5261729,False,1,0,0,False
1785430955.7579584,20,1785610126.8440888,37.51583123521782,0.587631036850538,36.872281986724644,True,37.5,36.5,38.6,0.95,0.05,0.0,0.7,0.03,2,1785610136.8714705,True,True,True,True,1785610144.5261834,False,1,0,0,False
1785430955.7579584,20,1785610146.8504903,37.49713893339437,0.5875738155184252,36.877622644388495,True,37.5,36.5,38.6,0.95,0.05,0.0,0.7,0.03,2,1785610156.8801265,True,True,True,True,1785610144.5261834,False,True,1,0,False
1785430955.7579584,20,1785610166.8570032,37.489127946898606,0.5877264057373922,36.872281986724644,True,37.5,36.5,38.6,0.95,0.05,0.0,0.7,0.03,2,1785610176.8856301,True,False,True,False,1785610144.5261834,False,True,1,0,False
1785430955.7579584,20,1785610186.8632832,37.470435645075156,0.5874975204089418,36.87495231555657,True,37.5,36.5,38.6,0.95,0.05,0.0,0.7,0.03,2,1785610196.8908126,True,True,True,False,1785610144.5261834,False,True,1,0,False
1785430955.7579584,20,1785610206.8698094,37.49179827573053,0.5876882581826505,36.86427100022888,True,37.5,36.5,38.6,0.95,0.05,0.0,0.7,0.03,2,1785610216.89953,True,True,True,False,1785610144.5261834,False,True,1,0,False
1785430955.7579584,20,1785610226.8764987,37.50247959105822,0.5875547417410545,36.83756771190967,True,37.5,36.5,38.6,0.95,0.05,0.0,0.7,0.03,2,1785610236.9042792,True,False,True,False,1785610144.5261834,False,1,0,0,False
1785430955.7579584,20,1785610246.8827794,37.507820248722055,0.5875547417410545,36.87495231555657,True,37.5,36.5,38.6,0.95,0.05,0.0,0.7,0.03,2,1785610256.910428,True,False,True,False,1785610144.5261834,False,1,0,0,False
1785430955.7579584,20,1785610266.889365,37.51049057755398,0.5875928892957961,36.88563363088426,True,37.5,36.5,38.6,0.95,0.05,0.0,0.7,0.03,2,1785610276.9192464,True,True,True,False,1785610144.5261834,False,1,0,0,False
1785430955.7579584,20,1785610286.8959036,37.49713893339437,0.5874593728542,36.88296330205233,True,37.5,36.5,38.6,0.95,0.05,0.0,0.7,0.03,2,1785610296.9234152,True,True,True,False,1785610144.5261834,False,True,1,0,False
1785430955.7579584,20,1785610306.9031143,37.513160906385906,0.5873449301899748,36.89898527504387,True,37.5,36.5,38.6,0.95,0.05,0.0,0.7,0.03,2,1785610316.9314291,True,True,True,True,1785610324.5261965,False,1,0,0,False
1785430955.7579584,20,1785610326.9101,37.51049057755398,0.5877073319600215,36.88830395971618,True,37.5,36.5,38.6,0.95,0.05,0.0,0.7,0.03,2,1785610336.937474,True,True,True,True,1785610324.5261965,False,1,0,0,False
1785430955.7579584,20,1785610346.9171512,37.49713893339437,0.5870778973067826,36.86160067139696,True,37.5,36.5,38.6,0.95,0.05,0.0,0.7,0.03,2,1785610356.9475374,True,True,True,False,1785610324.5261965,False,True,1,0,False
1785430955.7579584,20,1785610366.9243119,37.51583123521782,0.5876691844052796,36.872281986724644,True,37.5,36.5,38.6,0.95,0.05,0.0,0.7,0.03,2,1785610376.9521656,True,True,True,False,1785610324.5261965,False,1,0,0,False
1785430955.7579584,20,1785610386.930758,37.507820248722055,0.5875547417410545,36.86427100022888,True,37.5,36.5,38.6,0.95,0.05,0.0,0.7,0.03,2,1785610396.9597588,True,True,True,False,1785610324.5261965,False,1,0,0,False
1785430955.7579584,20,1785610406.9373832,37.51850156404974,0.5876501106279087,36.87495231555657,True,37.5,36.5,38.6,0.95,0.05,0.0,0.7,0.03,2,1785610416.965922,True,True,True,False,1785610324.5261965,False,1,0,0,False
1785430955.7579584,20,1785610426.9436777,37.513160906385906,0.587478446631571,36.86427100022888,True,37.5,36.5,38.6,0.95,0.05,0.0,0.7,0.03,2,1785610436.9710455,True,False,True,False,1785610324.5261965,False,1,0,0,False
1785430955.7579584,20,1785610446.9500093,37.51850156404974,0.5875547417410545,36.858930342565046,True,37.5,36.5,38.6,0.95,0.05,0.0,0.7,0.03,2,1785610456.977473,True,True,True,False,1785610324.5261965,False,1,0,0,False
1785430955.7579584,20,1785610466.9564292,37.51049057755398,0.5872877088578622,36.88029297322042,True,37.5,36.5,38.6,0.95,0.05,0.0,0.7,0.03,2,1785610476.983749,True,False,True,False,1785610324.5261965,False,1,0,0,False
1785430955.7579584,20,1785610486.9627402,37.50247959105822,0.5874593728542,36.85626001373312,True,37.5,36.5,38.6,0.95,0.05,0.0,0.7,0.03,2,1785610496.9901135,True,False,True,True,1785610504.52621,False,1,0,0,False
1785430955.7579584,20,1785610506.9691815,37.49713893339437,0.5874021515220875,36.86160067139696,True,37.5,36.5,38.6,0.95,0.05,0.0,0.7,0.03,2,1785610516.9964933,True,True,True,True,1785610504.52621,False,True,1,0,False
1785430955.7579584,20,1785610526.9755986,37.489127946898606,0.5872304875257496,36.81353475242237,True,37.5,36.5,38.6,0.95,0.05,0.0,0.7,0.03,2,1785610537.0027642,True,False,True,False,1785610504.52621,False,True,1,0,False
1785430955.7579584,20,1785610546.9819026,37.45975432974747,0.5877073319600215,36.85626001373312,True,37.5,36.5,38.6,0.95,0.05,0.0,0.7,0.03,2,1785610557.0093877,True,False,True,False,1785610504.52621,False,True,1,0,False
1785430955.7579584,20,1785610566.9883387,37.49446860456244,0.5873449301899748,36.85091935606927,True,37.5,36.5,38.6,0.95,0.05,0.0,0.7,0.03,2,1785610577.0153239,True,True,True,False,1785610504.52621,False,True,1,0,False
1785430955.7579584,20,1785610586.9946952,37.49179827573053,0.5875738155184252,36.853589684901195,True,37.5,36.5,38.6,0.95,0.05,0.0,0.7,0.03,2,1785610597.022956,True,True,True,False,1785610504.52621,False,True,1,0,False
1785430955.7579584,20,1785610607.0016863,37.48645761806668,0.5870206759746701,36.858930342565046,True,37.5,36.5,38.6,0.95,0.05,0.0,0.7,0.03,2,1785610617.0300944,True,True,True,False,1785610504.52621,False,True,1,0,False
1785430955.7579584,20,1785610627.008732,37.52384222171359,0.5873640039673457,36.88029297322042,True,37.5,36.5,38.6,0.95,0.05,0.0,0.7,0.03,2,1785610637.036033,True,False,True,False,1785610504.52621,False,1,0,0,False
1785430955.7579584,20,1785610647.015004,37.550545510032805,0.5874975204089418,36.87495231555657,True,37.5,36.5,38.6,0.95,0.05,0.0,0.7,0.03,2,1785610657.0458138,True,True,True,False,1785610504.52621,False,1,0,0,False
1785430955.7579584,20,1785610667.0214324,37.55855649652857,0.587325856412604,36.89097428854811,True,37.5,36.5,38.6,0.95,0.05,0.0,0.7,0.03,2,1785610677.0498047,True,True,True,True,1785610684.5262144,False,1,0,0,False
1785430955.7579584,20,1785610687.027685,37.53452353704128,0.5875547417410545,36.89898527504387,True,37.5,36.5,38.6,0.95,0.05,0.0,0.7,0.03,2,1785610697.0550363,True,False,True,True,1785610684.5262144,False,1,0,0,False
1785430955.7579584,20,1785610707.0341048,37.53452353704128,0.5873640039673457,36.88830395971618,True,37.5,36.5,38.6,0.95,0.05,0.0,0.7,0.03,2,1785610717.060852,True,False,True,False,1785610684.5262144,False,1,0,0,False
1785430955.7579584,20,1785610727.0404575,37.54253452353704,0.5872304875257496,36.88830395971618,True,37.5,36.5,38.6,0.95,0.05,0.0,0.7,0.03,2,1785610737.067882,True,False,True,False,1785610684.5262144,False,1,0,0,False
1785430955.7579584,20,1785610747.0467343,37.53452353704128,0.5873067826352331,36.872281986724644,True,37.5,36.5,38.6,0.95,0.05,0.0,0.7,0.03,2,1785610757.0754776,True,False,True,False,1785610684.5262144,False,1,0,0,False
1785430955.7579584,20,1785610767.0531611,37.49980926222629,0.5870588235294117,36.88296330205233,True,37.5,36.5,38.6,0.95,0.05,0.0,0.7,0.03,2,1785610777.0831914,True,False,True,False,1785610684.5262144,False,True,1,0,False
1785430955.7579584,20,1785610787.0597262,37.52384222171359,0.5869825284199283,36.87495231555657,True,37.5,36.5,38.6,0.95,0.05,0.0,0.7,0.03,2,1785610797.087655,True,False,True,False,1785610684.5262144,False,1,0,0,False
1785430955.7579584,20,1785610807.0666997,37.49179827573053,0.5873830777447165,36.86427100022888,True,37.5,36.5,38.6,0.95,0.05,0.0,0.7,0.03,2,1785610817.0940857,False,True,True,False,1785610684.5262144,False,True,1,0,False
1785430955.7579584,20,1785610827.0729601,37.41168841077287,0.5871160448615244,36.84824902723736,True,37.5,36.5,38.6,0.95,0.05,0.0,0.7,0.03,2,1785610837.099576,False,True,True,False,1785610684.5262144,False,True,1,0,False
1785430955.7579584,20,1785610847.0789154,37.379644464789806,0.5871351186388952,36.853589684901195,True,37.5,36.5,38.6,0.95,0.05,0.0,0.7,0.03,2,1785610857.106102,False,True,True,True,1785610864.5262272,False,True,1,0,False
1785430955.7579584,20,1785610867.0849993,37.35027084763867,0.5871732661936371,36.86427100022888,True,37.5,36.5,38.6,0.95,0.05,0.0,0.7,0.03,2,1785610877.1115284,False,True,True,True,1785610864.5262272,False,True,1,0,False
1785430955.7579584,20,1785610887.0908885,37.32089723048753,0.5869253070878157,36.877622644388495,True,37.5,36.5,38.6,0.95,0.05,0.0,0.7,0.03,2,1785610897.1179607,False,True,True,False,1785610864.5262272,False,True,1,0,False
1785430955.7579584,20,1785610907.0969124,37.294193942168306,0.5870588235294117,36.88830395971618,True,37.5,36.5,38.6,0.95,0.05,0.0,0.7,0.03,2,1785610917.1233206,False,True,True,False,1785610864.5262272,False,True,1,0,False
1785430955.7579584,20,1785610927.102808,37.30754558632792,0.5867917906462197,36.89898527504387,True,37.5,36.5,38.6,0.95,0.05,0.0,0.7,0.03,2,1785610937.1299882,False,True,True,False,1785610864.5262272,False,True,1,0,False
1785430955.7579584,20,1785610947.1088917,37.294193942168306,0.5869634546425574,36.93636987869077,True,37.5,36.5,38.6,0.95,0.05,0.0,0.7,0.03,2,1785610957.1353526,False,True,True,False,1785610864.5262272,False,True,1,0,False
1785430955.7579584,20,1785610967.11477,37.312886243991755,0.5866582742046235,36.90966659037156,True,37.5,36.5,38.6,0.95,0.05,0.0,0.7,0.03,2,1785610977.1413639,False,True,True,False,1785610864.5262272,False,True,1,0,False
1785430955.7579584,20,1785610987.120703,37.29953459983216,0.5868490119783322,36.92835889219501,True,37.5,36.5,38.6,0.95,0.05,0.0,0.7,0.03,2,1785610997.1472893,False,True,True,False,1785610864.5262272,False,True,1,0,False
1785430955.7579584,20,1785611007.1267445,37.32623788815137,0.5868108644235904,36.95506218051423,True,37.5,36.5,38.6,0.95,0.05,0.0,0.7,0.03,2,1785611017.1538558,False,True,True,False,1785610864.5262272,False,True,1,0,False
1785430955.7579584,20,1785611027.1327293,37.36362249179828,0.5870969710841536,36.95506218051423,True,37.5,36.5,38.6,0.95,0.05,0.0,0.7,0.03,2,1785611037.1597955,False,True,True,True,1785611044.5262632,False,True,1,0,False
1785430955.7579584,20,1785611047.138685,37.379644464789806,0.5870969710841536,36.987106126497295,True,37.5,36.5,38.6,0.95,0.05,0.0,0.7,0.03,2,1785611057.1658082,False,True,True,True,1785611044.5262632,False,True,1,0,False
1785430955.7579584,20,1785611067.1446927,37.355611505302505,0.5869253070878157,37.00846875715267,True,37.5,36.5,38.6,0.95,0.05,0.0,0.7,0.03,2,1785611077.1717103,False,True,True,False,1785611044.5262632,False,True,1,0,False
1785430955.7579584,20,1785611087.1505828,37.39032578011749,0.5870397497520409,36.99511711299306,True,37.5,36.5,38.6,0.95,0.05,0.0,0.7,0.03,2,1785611097.177719,False,True,True,False,1785611044.5262632,False,True,1,0,False
1785430955.7579584,20,1785611107.1566045,37.395666437781344,0.5871541924162661,37.03250171663997,True,37.5,36.5,38.6,0.95,0.05,0.0,0.7,0.03,2,1785611117.183631,False,True,True,False,1785611044.5262632,False,True,1,0,False
1785430955.7579584,20,1785611127.1625133,37.441062027924005,0.587325856412604,37.04318303196766,True,37.5,36.5,38.6,0.95,0.05,0.0,0.7,0.03,2,1785611137.189576,False,True,True,False,1785611044.5262632,False,True,1,0,False
1785430955.7579584,20,1785611147.1684601,37.44907301441978,0.5872114137483787,37.07522697795072,True,37.5,36.5,38.6,0.95,0.05,0.0,0.7,0.03,2,1785611157.1954975,False,True,True,False,1785611044.5262632,False,True,1,0,False
1785430955.7579584,20,1785611167.1744027,37.446402685587856,0.5869825284199283,37.091248950942244,True,37.5,36.5,38.6,0.95,0.05,0.0,0.7,0.03,2,1785611177.2015214,False,True,True,False,1785611044.5262632,False,True,1,0,False
1785430955.7579584,20,1785611187.1804743,37.465094987411305,0.5871351186388952,37.10460059510186,True,37.5,36.5,38.6,0.95,0.05,0.0,0.7,0.03,2,1785611197.207545,False,True,True,False,1785611044.5262632,False,True,1,0,False
1785430955.7579584,20,1785611207.1864657,37.47577630273899,0.5869062333104448,37.12062256809338,True,37.5,36.5,38.6,0.95,0.05,0.0,0.7,0.03,2,1785611217.2135317,False,True,True,True,1785611224.5262864,False,True,1,0,False
1785430955.7579584,20,1785611227.1923969,37.47577630273899,0.5872495613031206,37.13130388342107,True,37.5,36.5,38.6,0.95,0.05,0.0,0.7,0.03,2,1785611237.2194235,False,True,True,True,1785611224.5262864,False,True,1,0,False
1785430955.7579584,20,1785611247.1983266,37.49179827573053,0.5870778973067826,37.109941252765694,True,37.5,36.5,38.6,0.95,0.05,0.0,0.7,0.03,2,1785611257.225381,False,True,True,False,1785611224.5262864,False,True,1,0,False
1785430955.7579584,20,1785611267.2042987,37.526512550545505,0.5874593728542,37.16334782940413,True,37.5,36.5,38.6,0.95,0.05,0.0,0.7,0.03,2,1785611277.2313702,False,True,True,False,1785611224.5262864,False,1,0,0,False
1785430955.7579584,20,1785611287.2102969,37.53452353704128,0.5874593728542,37.15533684290837,True,37.5,36.5,38.6,0.95,0.05,0.0,0.7,0.03,2,1785611297.2374125,False,True,True,False,1785611224.5262864,False,1,0,0,False
1785430955.7579584,20,1785611307.2165048,37.507820248722055,0.5870397497520409,37.15533684290837,True,37.5,36.5,38.6,0.95,0.05,0.0,0.7,0.03,2,1785611317.2431371,False,True,True,False,1785611224.5262864,False,1,0,0,False
1785430955.7579584,20,1785611327.2224534,37.531853208209355,0.5869443808651866,37.17135881589991,True,37.5,36.5,38.6,0.95,0.05,0.0,0.7,0.03,2,1785611337.2492049,False,True,True,False,1785611224.5262864,False,1,0,0,False
1785430955.7579584,20,1785611347.2284665,37.507820248722055,0.5870969710841536,37.12329289692531,True,37.5,36.5,38.6,0.95,0.05,0.0,0.7,0.03,2,1785611357.2551005,False,True,True,False,1785611224.5262864,False,1,0,0,False
1785430955.7579584,20,1785611367.2343824,37.51583123521782,0.5871351186388952,37.139314869916845,True,37.5,36.5,38.6,0.95,0.05,0.0,0.7,0.03,2,1785611377.2615688,False,True,True,False,1785611224.5262864,False,1,0,0,False
1785430955.7579584,20,1785611387.2403572,37.465094987411305,0.5868871595330739,37.13130388342107,True,37.5,36.5,38.6,0.95,0.05,0.0,0.7,0.03,2,1785611397.2668784,False,True,True,True,1785611404.526322,False,True,1,0,False
1785430955.7579584,20,1785611407.2462826,37.48645761806668,0.5870397497520409,37.12062256809338,True,37.5,36.5,38.6,0.95,0.05,0.0,0.7,0.03,2,1785611417.2728794,False,True,True,True,1785611404.526322,False,True,1,0,False
1785430955.7579584,20,1785611427.252199,37.45975432974747,0.5869062333104448,37.12596322575723,True,37.5,36.5,38.6,0.95,0.05,0.0,0.7,0.03,2,1785611437.279264,False,True,True,False,1785611404.526322,False,True,1,0,False
1785430955.7579584,20,1785611447.2581742,37.49179827573053,0.5870206759746701,37.12062256809338,True,37.5,36.5,38.6,0.95,0.05,0.0,0.7,0.03,2,1785611457.2852097,False,True,True,False,1785611404.526322,False,True,1,0,False
1785430955.7579584,20,1785611467.264069,37.483787289234755,0.5871160448615244,37.115281910429545,True,37.5,36.5,38.6,0.95,0.05,0.0,0.7,0.03,2,1785611477.2912278,False,True,True,False,1785611404.526322,False,True,1,0,False
1785430955.7579584,20,1785611487.2701344,37.49713893339437,0.5869062333104448,37.14999618524453,True,37.5,36.5,38.6,0.95,0.05,0.0,0.7,0.03,2,1785611497.2965739,False,True,True,False,1785611404.526322,False,True,1,0,False
1785430955.7579584,20,1785611507.2760267,37.507820248722055,0.5869253070878157,37.14999618524453,True,37.5,36.5,38.6,0.95,0.05,0.0,0.7,0.03,2,1785611517.3025684,False,True,True,False,1785611404.526322,False,1,0,0,False
1785430955.7579584,20,1785611527.2819533,37.52117189288167,0.5870206759746701,37.14999618524453,True,37.5,36.5,38.6,0.95,0.05,0.0,0.7,0.03,2,1785611537.3090363,False,True,True,False,1785611404.526322,False,1,0,0,False
1785430955.7579584,20,1785611547.2879002,37.52384222171359,0.5870206759746701,37.17135881589991,True,37.5,36.5,38.6,0.95,0.05,0.0,0.7,0.03,2,1785611557.3149676,False,True,True,False,1785611404.526322,False,1,0,0,False
1785430955.7579584,20,1785611567.2938871,37.526512550545505,0.5869443808651866,37.15533684290837,True,37.5,36.5,38.6,0.95,0.05,0.0,0.7,0.03,2,1785611577.320984,False,True,True,True,1785611584.5263517,False,1,0,0,False
1785430955.7579584,20,1785611587.299885,37.52918287937743,0.5870397497520409,37.152666514076444,True,37.5,36.5,38.6,0.95,0.05,0.0,0.7,0.03,2,1785611597.3264203,False,True,True,True,1785611584.5263517,False,1,0,0,False
1785430955.7579584,20,1785611607.305881,37.50247959105822,0.5869825284199283,37.158007171740294,True,37.5,36.5,38.6,0.95,0.05,0.0,0.7,0.03,2,1785611617.3329852,False,True,True,False,1785611584.5263517,False,1,0,0,False
1785430955.7579584,20,1785611627.3119059,37.49713893339437,0.5868108644235904,37.14732585641261,True,37.5,36.5,38.6,0.95,0.05,0.0,0.7,0.03,2,1785611637.3389266,False,True,True,False,1785611584.5263517,False,True,1,0,False
1785430955.7579584,20,1785611647.3178406,37.49713893339437,0.5868108644235904,37.12062256809338,True,37.5,36.5,38.6,0.95,0.05,0.0,0.7,0.03,2,1785611657.3448598,False,True,True,False,1785611584.5263517,False,True,1,0,False
1785430955.7579584,20,1785611667.3237295,37.51049057755398,0.5868680857557032,37.13130388342107,True,37.5,36.5,38.6,0.95,0.05,0.0,0.7,0.03,2,1785611677.350277,False,True,True,False,1785611584.5263517,False,1,0,0,False
1785430955.7579584,20,1785611687.3296885,37.507820248722055,0.5868871595330739,37.133974212252994,True,37.5,36.5,38.6,0.95,0.05,0.0,0.7,0.03,2,1785611697.3562214,False,True,True,False,1785611584.5263517,False,1,0,0,False
1785430955.7579584,20,1785611707.3355234,37.49713893339437,0.5868490119783322,37.133974212252994,True,37.5,36.5,38.6,0.95,0.05,0.0,0.7,0.03,2,1785611717.3625813,False,True,True,False,1785611584.5263517,False,True,1,0,False
1785430955.7579584,20,1785611727.3414626,37.49446860456244,0.5868871595330739,37.14465552758068,True,37.5,36.5,38.6,0.95,0.05,0.0,0.7,0.03,2,1785611737.3685915,False,True,True,False,1785611584.5263517,False,True,1,0,False
1785430955.7579584,20,1785611747.3474753,37.481116960402844,0.5866582742046235,37.15533684290837,True,37.5,36.5,38.6,0.95,0.05,0.0,0.7,0.03,2,1785611757.3745954,False,True,True,True,1785611764.526387,False,True,1,0,False
1785430955.7579584,20,1785611767.3535414,37.52117189288167,0.5869062333104448,37.15533684290837,True,37.5,36.5,38.6,0.95,0.05,0.0,0.7,0.03,2,1785611777.3806336,False,True,True,True,1785611764.526387,False,1,0,0,False
1785430955.7579584,20,1785611787.3595018,37.51850156404974,0.5869062333104448,37.19539177538719,True,37.5,36.5,38.6,0.95,0.05,0.0,0.7,0.03,2,1785611797.3865623,False,True,True,False,1785611764.526387,False,1,0,0,False
1785430955.7579584,20,1785611807.365522,37.513160906385906,0.5867536430914778,37.19005111772336,True,37.5,36.5,38.6,0.95,0.05,0.0,0.7,0.03,2,1785611817.3921537,False,True,True,False,1785611764.526387,False,1,0,0,False
1785430955.7579584,20,1785611827.371529,37.51850156404974,0.5871541924162661,37.184710460059506,True,37.5,36.5,38.6,0.95,0.05,0.0,0.7,0.03,2,1785611837.398559,False,True,True,False,1785611764.526387,False,1,0,0,False
1785430955.7579584,20,1785611847.377507,37.51850156404974,0.5869634546425574,37.158007171740294,True,37.5,36.5,38.6,0.95,0.05,0.0,0.7,0.03,2,1785611857.4046013,False,True,True,False,1785611764.526387,False,1,0,0,False
1785430955.7579584,20,1785611867.3834467,37.51049057755398,0.5869825284199283,37.184710460059506,True,37.5,36.5,38.6,0.95,0.05,0.0,0.7,0.03,2,1785611877.4104745,False,True,True,False,1785611764.526387,False,1,0,0,False
1785430955.7579584,20,1785611887.3894012,37.51850156404974,0.5867536430914778,37.17135881589991,True,37.5,36.5,38.6,0.95,0.05,0.0,0.7,0.03,2,1785611897.4158719,False,True,True,False,1785611764.526387,False,1,0,0,False
1785430955.7579584,20,1785611907.3952777,37.51850156404974,0.5867917906462197,37.17135881589991,True,37.5,36.5,38.6,0.95,0.05,0.0,0.7,0.03,2,1785611917.4223535,False,True,True,False,1785611764.526387,False,1,0,0,False
1785430955.7579584,20,1785611927.4013016,37.483787289234755,0.5868299382009613,37.14465552758068,True,37.5,36.5,38.6,0.95,0.05,0.0,0.7,0.03,2,1785611937.428343,False,True,True,True,1785611944.5264146,False,True,1,0,False
1785430955.7579584,20,1785611947.4072332,37.47577630273899,0.5870588235294117,37.14465552758068,True,37.5,36.5,38.6,0.95,0.05,0.0,0.7,0.03,2,1785611957.4344225,False,True,True,True,1785611944.5264146,False,True,1,0,False
1785430955.7579584,20,1785611967.413296,37.489127946898606,0.5869253070878157,37.133974212252994,True,37.5,36.5,38.6,0.95,0.05,0.0,0.7,0.03,2,1785611977.4403443,False,True,True,False,1785611944.5264146,False,True,1,0,False
1785430955.7579584,20,1785611987.4191887,37.470435645075156,0.5870397497520409,37.158007171740294,True,37.5,36.5,38.6,0.95,0.05,0.0,0.7,0.03,2,1785611997.4457824,False,True,True,False,1785611944.5264146,False,True,1,0,False
1785430955.7579584,20,1785612007.4251587,37.48645761806668,0.5868299382009613,37.17402914473182,True,37.5,36.5,38.6,0.95,0.05,0.0,0.7,0.03,2,1785612017.452249,False,True,True,False,1785611944.5264146,False,True,1,0,False
1785430955.7579584,20,1785612027.4311194,37.513160906385906,0.5866392004272527,37.158007171740294,True,37.5,36.5,38.6,0.95,0.05,0.0,0.7,0.03,2,1785612037.458261,False,True,True,False,1785611944.5264146,False,1,0,0,False
1785430955.7579584,20,1785612047.4372213,37.53452353704128,0.5870016021972991,37.17936980239567,True,37.5,36.5,38.6,0.95,0.05,0.0,0.7,0.03,2,1785612057.46372,False,True,True,False,1785611944.5264146,False,1,0,0,False
1785430955.7579584,20,1785612067.4430776,37.54253452353704,0.5868490119783322,37.184710460059506,True,37.5,36.5,38.6,0.95,0.05,0.0,0.7,0.03,2,1785612077.469548,False,True,True,False,1785611944.5264146,False,1,0,0,False
1785430955.7579584,20,1785612087.448947,37.51850156404974,0.5867536430914778,37.182040131227595,True,37.5,36.5,38.6,0.95,0.05,0.0,0.7,0.03,2,1785612097.4762182,False,True,True,False,1785611944.5264146,False,1,0,0,False
1785430955.7579584,20,1785612107.4551127,37.51850156404974,0.5868108644235904,37.18738078889143,True,37.5,36.5,38.6,0.95,0.05,0.0,0.7,0.03,2,1785612117.4821684,False,True,True,True,1785612124.5264428,False,1,0,0,False
1785430955.7579584,20,1785612127.4611125,37.526512550545505,0.5868680857557032,37.17135881589991,True,37.5,36.5,38.6,0.95,0.05,0.0,0.7,0.03,2,1785612137.4881482,False,True,True,True,1785612124.5264428,False,1,0,0,False
1785430955.7579584,20,1785612147.4670637,37.513160906385906,0.5869634546425574,37.17135881589991,True,37.5,36.5,38.6,0.95,0.05,0.0,0.7,0.03,2,1785612157.494073,False,True,True,False,1785612124.5264428,False,1,0,0,False
1785430955.7579584,20,1785612167.473012,37.489127946898606,0.5867917906462197,37.16067750057222,True,37.5,36.5,38.6,0.95,0.05,0.0,0.7,0.03,2,1785612177.5000916,False,True,True,False,1785612124.5264428,False,True,1,0,False
1785430955.7579584,20,1785612187.479021,37.49179827573053,0.5868490119783322,37.141985198748756,True,37.5,36.5,38.6,0.95,0.05,0.0,0.7,0.03,2,1785612197.506127,False,True,True,False,1785612124.5264428,False,True,1,0,False
1785430955.7579584,20,1785612207.4850667,37.481116960402844,0.5864484626535439,37.158007171740294,True,37.5,36.5,38.6,0.95,0.05,0.0,0.7,0.03,2,1785612217.5115876,False,True,True,False,1785612124.5264428,False,True,1,0,False
1785430955.7579584,20,1785612227.4909332,37.48645761806668,0.586429388876173,37.13664454108492,True,37.5,36.5,38.6,0.95,0.05,0.0,0.7,0.03,2,1785612237.51795,False,True,True,False,1785612124.5264428,False,True,1,0,False
1785430955.7579584,20,1785612247.4968708,37.507820248722055,0.5863340199893188,37.158007171740294,True,37.5,36.5,38.6,0.95,0.05,0.0,0.7,0.03,2,1785612257.523373,False,True,True,False,1785612124.5264428,False,1,0,0,False
1785430955.7579584,20,1785612267.5027676,37.49446860456244,0.5867727168688487,37.158007171740294,True,37.5,36.5,38.6,0.95,0.05,0.0,0.7,0.03,2,1785612277.529815,False,True,True,False,1785612124.5264428,False,True,1,0,False
1785430955.7579584,20,1785612287.5087025,37.50247959105822,0.5869062333104448,37.176699473563744,True,37.5,36.5,38.6,0.95,0.05,0.0,0.7,0.03,2,1785612297.5357263,False,True,True,True,1785612304.5264542,False,1,0,0,False
1785430955.7579584,20,1785612307.5146742,37.53452353704128,0.5866964217593652,37.20340276188297,True,37.5,36.5,38.6,0.95,0.05,0.0,0.7,0.03,2,1785612317.5417926,False,True,True,True,1785612304.5264542,False,1,0,0,False
1785430955.7579584,20,1785612327.5207624,37.52117189288167,0.5867536430914778,37.19806210421912,True,37.5,36.5,38.6,0.95,0.05,0.0,0.7,0.03,2,1785612337.547272,False,True,True,False,1785612304.5264542,False,1,0,0,False
1785430955.7579584,20,1785612347.5266836,37.507820248722055,0.5865056839856565,37.19806210421912,True,37.5,36.5,38.6,0.95,0.05,0.0,0.7,0.03,2,1785612357.553755,False,True,True,False,1785612304.5264542,False,1,0,0,False
1785430955.7579584,20,1785612367.5326955,37.531853208209355,0.586429388876173,37.182040131227595,True,37.5,36.5,38.6,0.95,0.05,0.0,0.7,0.03,2,1785612377.5593455,False,True,True,False,1785612304.5264542,False,1,0,0,False
1785430955.7579584,20,1785612387.5386653,37.49179827573053,0.5866392004272527,37.200732433051044,True,37.5,36.5,38.6,0.95,0.05,0.0,0.7,0.03,2,1785612397.5658386,False,True,True,False,1785612304.5264542,False,True,1,0,False
1785430955.7579584,20,1785612407.5446062,37.52384222171359,0.5866964217593652,37.19005111772336,True,37.5,36.5,38.6,0.95,0.05,0.0,0.7,0.03,2,1785612417.5717082,False,True,True,False,1785612304.5264542,False,1,0,0,False
1785430955.7579584,20,1785612427.550516,37.52384222171359,0.5863149462119478,37.17936980239567,True,37.5,36.5,38.6,0.95,0.05,0.0,0.7,0.03,2,1785612437.5775402,False,True,True,False,1785612304.5264542,False,1,0,0,False
1785430955.7579584,20,1785612447.55649,37.49179827573053,0.5868490119783322,37.16868848706798,True,37.5,36.5,38.6,0.95,0.05,0.0,0.7,0.03,2,1785612457.5835025,False,True,True,False,1785612304.5264542,False,True,1,0,False
1785430955.7579584,20,1785612467.5624783,37.49980926222629,0.5865247577630274,37.141985198748756,True,37.5,36.5,38.6,0.95,0.05,0.0,0.7,0.03,2,1785612477.5896008,False,True,True,True,1785612484.5264862,False,True,1,0,False
1785430955.7579584,20,1785612487.5685215,37.470435645075156,0.586734569314107,37.14999618524453,True,37.5,36.5,38.6,0.95,0.05,0.0,0.7,0.03,2,1785612497.5955424,False,True,True,True,1785612484.5264862,False,True,1,0,False
1785430955.7579584,20,1785612507.5744896,37.49713893339437,0.5865247577630274,37.15533684290837,True,37.5,36.5,38.6,0.95,0.05,0.0,0.7,0.03,2,1785612517.6016836,False,True,True,False,1785612484.5264862,False,True,1,0,False
1785430955.7579584,20,1785612527.5805724,37.49980926222629,0.5865247577630274,37.17135881589991,True,37.5,36.5,38.6,0.95,0.05,0.0,0.7,0.03,2,1785612537.6075914,False,True,True,False,1785612484.5264862,False,True,1,0,False
1785430955.7579584,20,1785612547.5864642,37.51850156404974,0.5866773479819943,37.182040131227595,True,37.5,36.5,38.6,0.95,0.05,0.0,0.7,0.03,2,1785612557.61351,False,True,True,False,1785612484.5264862,False,1,0,0,False
1785430955.7579584,20,1785612567.5924406,37.54787518120088,0.5863912413214313,37.19806210421912,True,37.5,36.5,38.6,0.95,0.05,0.0,0.7,0.03,2,1785612577.619418,False,True,True,False,1785612484.5264862,False,1,0,0,False
1785430955.7579584,20,1785612587.5983746,37.52384222171359,0.5864866102082857,37.19539177538719,True,37.5,36.5,38.6,0.95,0.05,0.0,0.7,0.03,2,1785612597.6253755,False,True,True,False,1785612484.5264862,False,1,0,0,False
1785430955.7579584,20,1785612607.6043227,37.513160906385906,0.5864484626535439,37.20607309071488,True,37.5,36.5,38.6,0.95,0.05,0.0,0.7,0.03,2,1785612617.6313226,False,True,True,False,1785612484.5264862,False,1,0,0,False
1785430955.7579584,20,1785612627.6102655,37.52918287937743,0.586429388876173,37.19539177538719,True,37.5,36.5,38.6,0.95,0.05,0.0,0.7,0.03,2,1785612637.637261,False,True,True,False,1785612484.5264862,False,1,0,0,False
1785430955.7579584,20,1785612647.616161,37.53452353704128,0.5861051346608683,37.17936980239567,True,37.5,36.5,38.6,0.95,0.05,0.0,0.7,0.03,2,1785612657.6431692,False,True,True,True,1785612664.5265,False,1,0,0,False
1785430955.7579584,20,1785612667.622115,37.51049057755398,0.5863340199893188,37.19005111772336,True,37.5,36.5,38.6,0.95,0.05,0.0,0.7,0.03,2,1785612677.6490965,False,True,True,True,1785612664.5265,False,1,0,0,False
1785430955.7579584,20,1785612687.6279862,37.507820248722055,0.5865438315403982,37.17135881589991,True,37.5,36.5,38.6,0.95,0.05,0.0,0.7,0.03,2,1785612697.6550634,False,True,True,False,1785612664.5265,False,1,0,0,False
1785430955.7579584,20,1785612707.6340032,37.481116960402844,0.5863340199893188,37.14999618524453,True,37.5,36.5,38.6,0.95,0.05,0.0,0.7,0.03,2,1785612717.6610591,False,True,True,False,1785612664.5265,False,True,1,0,False
1785430955.7579584,20,1785612727.6399362,37.46242465857938,0.5864675364309148,37.14999618524453,True,37.5,36.5,38.6,0.95,0.05,0.0,0.7,0.03,2,1785612737.670188,False,True,True,False,1785612664.5265,False,True,1,0,False
1785430955.7579584,20,1785612747.6491258,37.49713893339437,0.5865629053177692,37.14999618524453,True,37.5,36.5,38.6,0.95,0.05,0.0,0.7,0.03,2,1785612757.6757343,False,True,True,False,1785612664.5265,False,True,1,0,False
1785430955.7579584,20,1785612767.6550972,37.483787289234755,0.5863340199893188,37.14465552758068,True,37.5,36.5,38.6,0.95,0.05,0.0,0.7,0.03,2,1785612777.6821122,False,True,True,False,1785612664.5265,False,True,1,0,False
1785430955.7579584,20,1785612787.6610804,37.48645761806668,0.5866201266498817,37.17402914473182,True,37.5,36.5,38.6,0.95,0.05,0.0,0.7,0.03,2,1785612797.6875901,False,True,True,False,1785612664.5265,False,True,1,0,False
1785430955.7579584,20,1785612807.6669447,37.48645761806668,0.5864675364309148,37.19539177538719,True,37.5,36.5,38.6,0.95,0.05,0.0,0.7,0.03,2,1785612817.6939366,False,True,True,False,1785612664.5265,False,True,1,0,False
1785430955.7579584,20,1785612827.6728656,37.51850156404974,0.5865056839856565,37.17936980239567,True,37.5,36.5,38.6,0.95,0.05,0.0,0.7,0.03,2,1785612837.6998615,False,True,True,True,1785612844.5265095,False,1,0,0,False
1785430955.7579584,20,1785612847.6787632,37.49713893339437,0.5863912413214313,37.200732433051044,True,37.5,36.5,38.6,0.95,0.05,0.0,0.7,0.03,2,1785612857.705827,False,True,True,True,1785612844.5265095,False,True,1,0,False
1785430955.7579584,20,1785612867.6847913,37.52117189288167,0.5863340199893188,37.21675440604257,True,37.5,36.5,38.6,0.95,0.05,0.0,0.7,0.03,2,1785612877.7112513,False,True,True,False,1785612844.5265095,False,1,0,0,False
1785430955.7579584,20,1785612887.6906974,37.53986419470512,0.5862386511024643,37.20340276188297,True,37.5,36.5,38.6,0.95,0.05,0.0,0.7,0.03,2,1785612897.717768,False,True,True,False,1785612844.5265095,False,1,0,0,False
1785430955.7579584,20,1785612907.6966596,37.53986419470512,0.5863912413214313,37.219424734874494,True,37.5,36.5,38.6,0.95,0.05,0.0,0.7,0.03,2,1785612917.7236583,False,True,True,False,1785612844.5265095,False,1,0,0,False
1785430955.7579584,20,1785612927.7025917,37.55321583886473,0.5864675364309148,37.23010605020218,True,37.5,36.5,38.6,0.95,0.05,0.0,0.7,0.03,2,1785612937.7297604,False,True,True,False,1785612844.5265095,False,1,0,0,False
1785430955.7579584,20,1785612947.708659,37.53986419470512,0.586276798657206,37.21408407721066,True,37.5,36.5,38.6,0.95,0.05,0.0,0.7,0.03,2,1785612957.73567,False,True,True,False,1785612844.5265095,False,1,0,0,False
1785430955.7579584,20,1785612967.714565,37.53719386587319,0.5862958724345769,37.19272144655528,True,37.5,36.5,38.6,0.95,0.05,0.0,0.7,0.03,2,1785612977.7417145,False,True,True,False,1785612844.5265095,False,1,0,0,False
1785430955.7579584,20,1785612987.720604,37.52918287937743,0.5865247577630274,37.17402914473182,True,37.5,36.5,38.6,0.95,0.05,0.0,0.7,0.03,2,1785612997.7471063,False,True,True,False,1785612844.5265095,False,1,0,0,False
1785430955.7579584,20,1785613007.7265062,37.507820248722055,0.5863340199893188,37.16868848706798,True,37.5,36.5,38.6,0.95,0.05,0.0,0.7,0.03,2,1785613017.7535655,False,True,True,True,1785613024.526517,False,1,0,0,False
1785430955.7579584,20,1785613027.7325041,37.481116960402844,0.5863912413214313,37.152666514076444,True,37.5,36.5,38.6,0.95,0.05,0.0,0.7,0.03,2,1785613037.7595112,False,True,True,True,1785613024.526517,False,True,1,0,False
1785430955.7579584,20,1785613047.7383902,37.481116960402844,0.5864103150988023,37.14732585641261,True,37.5,36.5,38.6,0.95,0.05,0.0,0.7,0.03,2,1785613057.765453,False,True,True,False,1785613024.526517,False,True,1,0,False
1785430955.7579584,20,1785613067.744327,37.47310597390707,0.5864866102082857,37.16334782940413,True,37.5,36.5,38.6,0.95,0.05,0.0,0.7,0.03,2,1785613077.7714443,False,True,True,False,1785613024.526517,False,True,1,0,False
1785430955.7579584,20,1785613087.7503421,37.45441367208362,0.5861623559929808,37.17135881589991,True,37.5,36.5,38.6,0.95,0.05,0.0,0.7,0.03,2,1785613097.7773974,False,True,True,False,1785613024.526517,False,True,1,0,False
1785430955.7579584,20,1785613107.7562356,37.47577630273899,0.5863530937666895,37.16067750057222,True,37.5,36.5,38.6,0.95,0.05,0.0,0.7,0.03,2,1785613117.7833123,False,True,True,False,1785613024.526517,False,True,1,0,False
1785430955.7579584,20,1785613127.7622044,37.489127946898606,0.5862958724345769,37.19272144655528,True,37.5,36.5,38.6,0.95,0.05,0.0,0.7,0.03,2,1785613137.7893047,False,True,True,False,1785613024.526517,False,True,1,0,False
1785430955.7579584,20,1785613147.7682126,37.52384222171359,0.58614328221561,37.182040131227595,True,37.5,36.5,38.6,0.95,0.05,0.0,0.7,0.03,2,1785613157.795258,False,True,True,False,1785613024.526517,False,1,0,0,False
1785430955.7579584,20,1785613167.7741995,37.526512550545505,0.5863340199893188,37.20340276188297,True,37.5,36.5,38.6,0.95,0.05,0.0,0.7,0.03,2,1785613177.8013613,False,True,True,False,1785613024.526517,False,1,0,0,False
1785430955.7579584,20,1785613187.7802043,37.53452353704128,0.5861623559929808,37.19005111772336,True,37.5,36.5,38.6,0.95,0.05,0.0,0.7,0.03,2,1785613197.8072314,False,True,True,True,1785613204.5265348,False,1,0,0,False
1785430955.7579584,20,1785613207.786186,37.52384222171359,0.5863530937666895,37.17402914473182,True,37.5,36.5,38.6,0.95,0.05,0.0,0.7,0.03,2,1785613217.813319,False,True,True,True,1785613204.5265348,False,1,0,0,False
1785430955.7579584,20,1785613227.7922058,37.53452353704128,0.5863721675440604,37.184710460059506,True,37.5,36.5,38.6,0.95,0.05,0.0,0.7,0.03,2,1785613237.8192036,False,True,True,False,1785613204.5265348,False,1,0,0,False
1785430955.7579584,20,1785613247.7981234,37.49713893339437,0.5864484626535439,37.200732433051044,True,37.5,36.5,38.6,0.95,0.05,0.0,0.7,0.03,2,1785613257.8252287,False,True,True,False,1785613204.5265348,False,True,1,0,False
1785430955.7579584,20,1785613267.8040094,37.47310597390707,0.5865247577630274,37.17402914473182,True,37.5,36.5,38.6,0.95,0.05,0.0,0.7,0.03,2,1785613277.8310792,False,True,True,False,1785613204.5265348,False,True,1,0,False
1785430955.7579584,20,1785613287.8100202,37.470435645075156,0.5860097657740139,37.16601815823606,True,37.5,36.5,38.6,0.95,0.05,0.0,0.7,0.03,2,1785613297.837151,False,True,True,False,1785613204.5265348,False,True,1,0,False
1785430955.7579584,20,1785613307.8160012,37.49713893339437,0.5862195773250934,37.18738078889143,True,37.5,36.5,38.6,0.95,0.05,0.0,0.7,0.03,2,1785613317.8430946,False,True,True,False,1785613204.5265348,False,True,1,0,False
1785430955.7579584,20,1785613327.8221004,37.50514991989013,0.5863340199893188,37.16067750057222,True,37.5,36.5,38.6,0.95,0.05,0.0,0.7,0.03,2,1785613337.8485827,False,True,True,False,1785613204.5265348,False,1,0,0,False
1785430955.7579584,20,1785613347.8279753,37.52918287937743,0.5862195773250934,37.20340276188297,True,37.5,36.5,38.6,0.95,0.05,0.0,0.7,0.03,2,1785613357.8545659,False,True,True,False,1785613204.5265348,False,1,0,0,False
1785430955.7579584,20,1785613367.8339064,37.53719386587319,0.5862386511024643,37.224765392538345,True,37.5,36.5,38.6,0.95,0.05,0.0,0.7,0.03,2,1785613377.8605807,False,True,True,True,1785613384.526561,False,1,0,0,False
1785430955.7579584,20,1785613387.8398764,37.513160906385906,0.5863530937666895,37.227435721370256,True,37.5,36.5,38.6,0.95,0.05,0.0,0.7,0.03,2,1785613397.8669336,False,True,True,True,1785613384.526561,False,1,0,0,False
1785430955.7579584,20,1785613407.8458505,37.52918287937743,0.5861623559929808,37.22209506370642,True,37.5,36.5,38.6,0.95,0.05,0.0,0.7,0.03,2,1785613417.8724413,False,True,True,False,1785613384.526561,False,1,0,0,False
1785430955.7579584,20,1785613427.8517976,37.550545510032805,0.5863530937666895,37.17402914473182,True,37.5,36.5,38.6,0.95,0.05,0.0,0.7,0.03,2,1785613437.878886,False,True,True,False,1785613384.526561,False,1,0,0,False
1785430955.7579584,20,1785613447.8578455,37.52918287937743,0.5865629053177692,37.20607309071488,True,37.5,36.5,38.6,0.95,0.05,0.0,0.7,0.03,2,1785613457.8849285,False,True,True,False,1785613384.526561,False,1,0,0,False
1785430955.7579584,20,1785613467.8637922,37.51583123521782,0.5862386511024643,37.158007171740294,True,37.5,36.5,38.6,0.95,0.05,0.0,0.7,0.03,2,1785613477.8908956,False,True,True,False,1785613384.526561,False,1,0,0,False
1785430955.7579584,20,1785613487.869905,37.49179827573053,0.5862005035477226,37.17135881589991,True,37.5,36.5,38.6,0.95,0.05,0.0,0.7,0.03,2,1785613497.8970275,False,True,True,False,1785613384.526561,False,True,1,0,False
1785430955.7579584,20,1785613507.8758564,37.507820248722055,0.5863149462119478,37.15533684290837,True,37.5,36.5,38.6,0.95,0.05,0.0,0.7,0.03,2,1785613517.9028964,False,True,True,False,1785613384.526561,False,1,0,0,False
1785430955.7579584,20,1785613527.8818219,37.526512550545505,0.5860288395513849,37.15533684290837,True,37.5,36.5,38.6,0.95,0.05,0.0,0.7,0.03,2,1785613537.9104671,False,True,True,False,1785613384.526561,False,1,0,0,False
1785430955.7579584,20,1785613547.8879817,37.49713893339437,0.5860479133287556,37.176699473563744,True,37.5,36.5,38.6,0.95,0.05,0.0,0.7,0.03,2,1785613557.914564,False,True,True,True,1785613564.5265896,False,True,1,0,False
1785430955.7579584,20,1785613567.8939793,37.51049057755398,0.5863340199893188,37.18738078889143,True,37.5,36.5,38.6,0.95,0.05,0.0,0.7,0.03,2,1785613577.92111,False,True,True,True,1785613564.5265896,False,1,0,0,False
1785430955.7579584,20,1785613587.8998952,37.48645761806668,0.5859525444419014,37.17402914473182,True,37.5,36.5,38.6,0.95,0.05,0.0,0.7,0.03,2,1785613597.9269843,False,True,True,False,1785613564.5265896,False,True,1,0,False
1785430955.7579584,20,1785613607.905903,37.49179827573053,0.5862005035477226,37.16868848706798,True,37.5,36.5,38.6,0.95,0.05,0.0,0.7,0.03,2,1785613617.9331489,False,True,True,False,1785613564.5265896,False,True,1,0,False
1785430955.7579584,20,1785613627.912038,37.50247959105822,0.5864103150988023,37.19005111772336,True,37.5,36.5,38.6,0.95,0.05,0.0,0.7,0.03,2,1785613637.93906,False,True,True,False,1785613564.5265896,False,1,0,0,False
1785430955.7579584,20,1785613647.9180002,37.507820248722055,0.5862577248798353,37.17402914473182,True,37.5,36.5,38.6,0.95,0.05,0.0,0.7,0.03,2,1785613657.9450314,False,True,True,False,1785613564.5265896,False,1,0,0,False
1785430955.7579584,20,1785613667.9239094,37.50514991989013,0.5862386511024643,37.17402914473182,True,37.5,36.5,38.6,0.95,0.05,0.0,0.7,0.03,2,1785613677.9509351,False,True,True,False,1785613564.5265896,False,1,0,0,False
1785430955.7579584,20,1785613687.929882,37.507820248722055,0.585990691996643,37.17135881589991,True,37.5,36.5,38.6,0.95,0.05,0.0,0.7,0.03,2,1785613697.9564705,False,True,True,False,1785613564.5265896,False,1,0,0,False
1785430955.7579584,20,1785613707.9358234,37.52384222171359,0.586276798657206,37.19272144655528,True,37.5,36.5,38.6,0.95,0.05,0.0,0.7,0.03,2,1785613717.9628787,False,True,True,False,1785613564.5265896,False,1,0,0,False
1785430955.7579584,20,1785613727.9417982,37.51583123521782,0.5862577248798353,37.17135881589991,True,37.5,36.5,38.6,0.95,0.05,0.0,0.7,0.03,2,1785613737.9688878,False,True,True,True,1785613744.5266242,False,1,0,0,False
1785430955.7579584,20,1785613747.9477425,37.470435645075156,0.5857618066681926,37.176699473563744,True,37.5,36.5,38.6,0.95,0.05,0.0,0.7,0.03,2,1785613757.9748425,False,True,True,True,1785613744.5266242,False,True,1,0,False
1785430955.7579584,20,1785613767.9537594,37.49980926222629,0.5862195773250934,37.15533684290837,True,37.5,36.5,38.6,0.95,0.05,0.0,0.7,0.03,2,1785613777.9802368,False,True,True,False,1785613744.5266242,False,True,1,0,False
1785430955.7579584,20,1785613787.9595976,37.507820248722055,0.5860669871061265,37.158007171740294,True,37.5,36.5,38.6,0.95,0.05,0.0,0.7,0.03,2,1785613797.9861233,False,True,True,False,1785613744.5266242,False,1,0,0,False
1785430955.7579584,20,1785613807.9655368,37.47577630273899,0.5859334706645304,37.16868848706798,True,37.5,36.5,38.6,0.95,0.05,0.0,0.7,0.03,2,1785613817.9926932,False,True,True,False,1785613744.5266242,False,True,1,0,False
1785430955.7579584,20,1785613827.9715714,37.513160906385906,0.5862005035477226,37.184710460059506,True,37.5,36.5,38.6,0.95,0.05,0.0,0.7,0.03,2,1785613837.998662,False,True,True,False,1785613744.5266242,False,1,0,0,False
1785430955.7579584,20,1785613847.9776208,37.49713893339437,0.5860860608834974,37.200732433051044,True,37.5,36.5,38.6,0.95,0.05,0.0,0.7,0.03,2,1785613858.0047014,False,True,True,False,1785613744.5266242,False,True,1,0,False
1785430955.7579584,20,1785613867.9835398,37.51049057755398,0.5861623559929808,37.200732433051044,True,37.5,36.5,38.6,0.95,0.05,0.0,0.7,0.03,2,1785613878.0105999,False,True,True,False,1785613744.5266242,False,1,0,0,False
1785430955.7579584,20,1785613887.9895508,37.50247959105822,0.5861814297703518,37.19806210421912,True,37.5,36.5,38.6,0.95,0.05,0.0,0.7,0.03,2,1785613898.0166228,False,True,True,False,1785613744.5266242,False,1,0,0,False
1785430955.7579584,20,1785613907.9954681,37.50247959105822,0.5861051346608683,37.19806210421912,True,37.5,36.5,38.6,0.95,0.05,0.0,0.7,0.03,2,1785613918.0225325,False,True,True,True,1785613924.526654,False,1,0,0,False
1785430955.7579584,20,1785613928.0014594,37.50514991989013,0.5857618066681926,37.19806210421912,True,37.5,36.5,38.6,0.95,0.05,0.0,0.7,0.03,2,1785613938.028464,False,True,True,True,1785613924.526654,False,1,0,0,False
1785430955.7579584,20,1785613948.0073903,37.49713893339437,0.5863530937666895,37.182040131227595,True,37.5,36.5,38.6,0.95,0.05,0.0,0.7,0.03,2,1785613958.034475,False,True,True,False,1785613924.526654,False,True,1,0,False
1785430955.7579584,20,1785613968.013397,37.531853208209355,0.586276798657206,37.16601815823606,True,37.5,36.5,38.6,0.95,0.05,0.0,0.7,0.03,2,1785613978.0398679,False,True,True,False,1785613924.526654,False,1,0,0,False
1785430955.7579584,20,1785613988.0193381,37.507820248722055,0.5860288395513849,37.19539177538719,True,37.5,36.5,38.6,0.95,0.05,0.0,0.7,0.03,2,1785613998.0463746,False,True,True,False,1785613924.526654,False,1,0,0,False
1785430955.7579584,20,1785614008.0252957,37.48645761806668,0.5861242084382391,37.17402914473182,True,37.5,36.5,38.6,0.95,0.05,0.0,0.7,0.03,2,1785614018.0517747,False,True,True,False,1785613924.526654,False,True,1,0,False
1785430955.7579584,20,1785614028.0312438,37.507820248722055,0.585990691996643,37.17402914473182,True,37.5,36.5,38.6,0.95,0.05,0.0,0.7,0.03,2,1785614038.0582707,False,True,True,False,1785613924.526654,False,1,0,0,False
1785430955.7579584,20,1785614048.0372345,37.481116960402844,0.5859334706645304,37.17402914473182,True,37.5,36.5,38.6,0.95,0.05,0.0,0.7,0.03,2,1785614058.0644362,False,True,True,False,1785613924.526654,False,True,1,0,False
1785430955.7579584,20,1785614068.043125,37.49446860456244,0.5863721675440604,37.184710460059506,True,37.5,36.5,38.6,0.95,0.05,0.0,0.7,0.03,2,1785614078.0704,False,True,True,False,1785613924.526654,False,True,1,0,False
1785430955.7579584,20,1785614088.049209,37.52384222171359,0.5859716182192721,37.182040131227595,True,37.5,36.5,38.6,0.95,0.05,0.0,0.7,0.03,2,1785614098.076255,False,True,True,True,1785614104.5266914,False,1,0,0,False
1785430955.7579584,20,1785614108.055209,37.52384222171359,0.5858762493324179,37.20340276188297,True,37.5,36.5,38.6,0.95,0.05,0.0,0.7,0.03,2,1785614118.0820134,False,True,True,True,1785614104.5266914,False,1,0,0,False
1785430955.7579584,20,1785614128.0612404,37.53719386587319,0.5860479133287556,37.20340276188297,True,37.5,36.5,38.6,0.95,0.05,0.0,0.7,0.03,2,1785614138.088741,False,True,True,False,1785614104.5266914,False,1,0,0,False
1785430955.7579584,20,1785614148.0676236,37.52918287937743,0.5863721675440604,37.19806210421912,True,37.5,36.5,38.6,0.95,0.05,0.0,0.7,0.03,2,1785614158.094685,False,True,True,False,1785614104.5266914,False,1,0,0,False
1785430955.7579584,20,1785614168.0736508,37.526512550545505,0.58614328221561,37.18738078889143,True,37.5,36.5,38.6,0.95,0.05,0.0,0.7,0.03,2,1785614178.1008344,False,True,True,False,1785614104.5266914,False,1,0,0,False
1785430955.7579584,20,1785614188.079713,37.513160906385906,0.5861242084382391,37.19005111772336,True,37.5,36.5,38.6,0.95,0.05,0.0,0.7,0.03,2,1785614198.1067827,False,True,True,False,1785614104.5266914,False,1,0,0,False
1785430955.7579584,20,1785614208.0857222,37.49713893339437,0.5857618066681926,37.158007171740294,True,37.5,36.5,38.6,0.95,0.05,0.0,0.7,0.03,2,1785614218.112346,False,True,True,False,1785614104.5266914,False,True,1,0,False
1785430955.7579584,20,1785614228.091722,37.481116960402844,0.5858953231097886,37.16334782940413,True,37.5,36.5,38.6,0.95,0.05,0.0,0.7,0.03,2,1785614238.1188464,False,True,True,False,1785614104.5266914,False,True,1,0,False
1785430955.7579584,20,1785614248.0977979,37.48645761806668,0.5859525444419014,37.152666514076444,True,37.5,36.5,38.6,0.95,0.05,0.0,0.7,0.03,2,1785614258.1248972,False,True,True,False,1785614104.5266914,False,True,1,0,False
1785430955.7579584,20,1785614268.1037316,37.489127946898606,0.5860479133287556,37.158007171740294,True,37.5,36.5,38.6,0.95,0.05,0.0,0.7,0.03,2,1785614278.1307948,False,True,True,True,1785614284.5267167,False,True,1,0,False
1785430955.7579584,20,1785614288.1097522,37.52384222171359,0.5862195773250934,37.176699473563744,True,37.5,36.5,38.6,0.95,0.05,0.0,0.7,0.03,2,1785614298.1370254,False,True,True,True,1785614284.5267167,False,1,0,0,False
1785430955.7579584,20,1785614308.115733,37.507820248722055,0.5859716182192721,37.176699473563744,True,37.5,36.5,38.6,0.95,0.05,0.0,0.7,0.03,2,1785614318.142802,False,True,True,False,1785614284.5267167,False,1,0,0,False
1785430955.7579584,20,1785614328.121754,37.49980926222629,0.5859334706645304,37.18738078889143,True,37.5,36.5,38.6,0.95,0.05,0.0,0.7,0.03,2,1785614338.1491475,False,True,True,False,1785614284.5267167,False,True,1,0,False
1785430955.7579584,20,1785614348.1280086,37.50247959105822,0.585990691996643,37.19806210421912,True,37.5,36.5,38.6,0.95,0.05,0.0,0.7,0.03,2,1785614358.1551504,False,True,True,False,1785614284.5267167,False,1,0,0,False
1785430955.7579584,20,1785614368.1340744,37.49980926222629,0.585990691996643,37.19272144655528,True,37.5,36.5,38.6,0.95,0.05,0.0,0.7,0.03,2,1785614378.1612263,False,True,True,False,1785614284.5267167,False,True,1,0,False
1785430955.7579584,20,1785614388.1400602,37.507820248722055,0.585990691996643,37.16868848706798,True,37.5,36.5,38.6,0.95,0.05,0.0,0.7,0.03,2,1785614398.1671183,False,True,True,False,1785614284.5267167,False,1,0,0,False
1785430955.7579584,20,1785614408.1460435,37.56656748302434,0.5860479133287556,37.184710460059506,True,37.5,36.5,38.6,0.95,0.05,0.0,0.7,0.03,2,1785614418.1730192,True,False,True,False,1785614284.5267167,False,1,0,0,False
1785430955.7579584,20,1785614428.1521258,37.64667734798199,0.5860288395513849,37.16334782940413,True,37.5,36.5,38.6,0.95,0.05,0.0,0.7,0.03,2,1785614438.1794941,True,True,True,False,1785614284.5267167,False,1,0,0,False
1785430955.7579584,20,1785614448.158505,37.721446555275804,0.5862386511024643,37.17402914473182,True,37.5,36.5,38.6,0.95,0.05,0.0,0.7,0.03,2,1785614458.1859007,True,True,True,True,1785614464.5267386,False,1,0,0,False
1785430955.7579584,20,1785614468.1649356,37.740138857099254,0.5860479133287556,37.200732433051044,True,37.5,36.5,38.6,0.95,0.05,0.0,0.7,0.03,2,1785614478.1922092,True,False,True,True,1785614464.5267386,False,1,0,0,False
1785430955.7579584,20,1785614488.1711974,37.74814984359503,0.58614328221561,37.15533684290837,True,37.5,36.5,38.6,0.95,0.05,0.0,0.7,0.03,2,1785614498.2006326,True,True,True,False,1785614464.5267386,False,1,0,0,False
1785430955.7579584,20,1785614508.1806388,37.74280918593118,0.5861051346608683,37.182040131227595,True,37.5,36.5,38.6,0.95,0.05,0.0,0.7,0.03,2,1785614518.211874,True,False,True,False,1785614464.5267386,False,1,0,0,False
1785430955.7579584,20,1785614528.1912563,37.76684214541848,0.5863912413214313,37.133974212252994,True,37.5,36.5,38.6,0.95,0.05,0.0,0.7,0.03,2,1785614538.219705,True,True,True,False,1785614464.5267386,False,1,0,0,False
1785430955.7579584,20,1785614548.198972,37.74280918593118,0.5862577248798353,37.17135881589991,True,37.5,36.5,38.6,0.95,0.05,0.0,0.7,0.03,2,1785614558.2289662,True,False,True,False,1785614464.5267386,False,1,0,0,False
1785430955.7579584,20,1785614568.2067018,37.73479819943542,0.5863530937666895,37.15533684290837,True,37.5,36.5,38.6,0.95,0.05,0.0,0.7,0.03,2,1785614578.2350817,True,False,True,False,1785614464.5267386,False,1,0,0,False
1785430955.7579584,20,1785614588.2143745,37.726787212939655,0.5864675364309148,37.13130388342107,True,37.5,36.5,38.6,0.95,0.05,0.0,0.7,0.03,2,1785614598.2427971,True,False,True,False,1785614464.5267386,False,1,0,0,False
1785430955.7579584,20,1785614608.222094,37.69474326695659,0.5860288395513849,37.13130388342107,True,37.5,36.5,38.6,0.95,0.05,0.0,0.7,0.03,2,1785614618.2505398,True,False,True,False,1785614464.5267386,False,1,0,0,False
1785430955.7579584,20,1785614628.2298381,37.70542458228428,0.5863149462119478,37.115281910429545,True,37.5,36.5,38.6,0.95,0.05,0.0,0.7,0.03,2,1785614638.257802,True,True,True,True,1785614644.5267847,False,1,0,0,False
1785430955.7579584,20,1785614648.2374778,37.68940260929274,0.5859716182192721,37.08323796444648,True,37.5,36.5,38.6,0.95,0.05,0.0,0.7,0.03,2,1785614658.2659764,True,False,True,True,1785614644.5267847,False,1,0,0,False
1785430955.7579584,20,1785614668.2452466,37.68139162279698,0.5860288395513849,37.09391927977417,True,37.5,36.5,38.6,0.95,0.05,0.0,0.7,0.03,2,1785614678.273251,True,False,True,False,1785614644.5267847,False,1,0,0,False
1785430955.7579584,20,1785614688.252359,37.66803997863737,0.5859525444419014,37.08056763561456,True,37.5,36.5,38.6,0.95,0.05,0.0,0.7,0.03,2,1785614698.2800636,True,False,True,False,1785614644.5267847,False,1,0,0,False
1785430955.7579584,20,1785614708.2593446,37.61997405966278,0.5859143968871595,37.06988632028687,True,37.5,36.5,38.6,0.95,0.05,0.0,0.7,0.03,2,1785614718.287825,True,False,True,False,1785614644.5267847,False,1,0,0,False
1785430955.7579584,20,1785614728.267082,37.62798504615854,0.5859716182192721,37.04318303196766,True,37.5,36.5,38.6,0.95,0.05,0.0,0.7,0.03,2,1785614738.295526,True,True,True,False,1785614644.5267847,False,1,0,0,False
1785430955.7579584,20,1785614748.2748847,37.62531471732662,0.5861242084382391,37.053864347295345,True,37.5,36.5,38.6,0.95,0.05,0.0,0.7,0.03,2,1785614758.303362,True,True,True,False,1785614644.5267847,False,1,0,0,False
1785430955.7579584,20,1785614768.2825592,37.62264438849469,0.5857236591134509,37.02716105897612,True,37.5,36.5,38.6,0.95,0.05,0.0,0.7,0.03,2,1785614778.3109477,True,True,True,False,1785614644.5267847,False,1,0,0,False
1785430955.7579584,20,1785614788.2904363,37.58793011367972,0.5857236591134509,37.03517204547188,True,37.5,36.5,38.6,0.95,0.05,0.0,0.7,0.03,2,1785614798.3189397,True,False,True,False,1785614644.5267847,False,1,0,0,False
1785430955.7579584,20,1785614808.2981431,37.60929274433509,0.5858571755550469,37.029831387808045,True,37.5,36.5,38.6,0.95,0.05,0.0,0.7,0.03,2,1785614818.3266654,True,False,True,True,1785614824.5268097,False,1,0,0,False
1785430955.7579584,20,1785614828.3059154,37.57724879835203,0.5855901426718547,37.029831387808045,True,37.5,36.5,38.6,0.95,0.05,0.0,0.7,0.03,2,1785614838.3335006,True,False,True,True,1785614824.5268097,False,1,0,0,False
1785430955.7579584,20,1785614848.3136423,37.550545510032805,0.5856664377813382,37.00846875715267,True,37.5,36.5,38.6,0.95,0.05,0.0,0.7,0.03,2,1785614858.3446267,True,False,True,False,1785614824.5268097,False,1,0,0,False
1785430955.7579584,20,1785614868.323733,37.531853208209355,0.5856473640039674,36.981765468833444,True,37.5,36.5,38.6,0.95,0.05,0.0,0.7,0.03,2,1785614878.3535926,True,True,True,False,1785614824.5268097,False,1,0,0,False
1785430955.7579584,20,1785614888.3314471,37.52918287937743,0.5856855115587091,36.97909514000152,True,37.5,36.5,38.6,0.95,0.05,0.0,0.7,0.03,2,1785614898.359853,True,False,True,False,1785614824.5268097,False,1,0,0,False
1785430955.7579584,20,1785614908.3391478,37.52384222171359,0.5856664377813382,36.989776455329206,True,37.5,36.5,38.6,0.95,0.05,0.0,0.7,0.03,2,1785614918.3673065,True,True,True,False,1785614824.5268097,False,1,0,0,False
1785430955.7579584,20,1785614928.3468144,37.51049057755398,0.5857236591134509,36.963073167009995,True,37.5,36.5,38.6,0.95,0.05,0.0,0.7,0.03,2,1785614938.374709,True,True,True,False,1785614824.5268097,False,1,0,0,False
1785430955.7579584,20,1785614948.3540375,37.481116960402844,0.585571068894484,36.95239185168231,True,37.5,36.5,38.6,0.95,0.05,0.0,0.7,0.03,2,1785614958.3814168,True,False,True,False,1785614824.5268097,False,True,1,0,False
1785430955.7579584,20,1785614968.3604217,37.51049057755398,0.5857808804455634,36.94171053635462,True,37.5,36.5,38.6,0.95,0.05,0.0,0.7,0.03,2,1785614978.3877017,True,False,True,False,1785614824.5268097,False,1,0,0,False
1785430955.7579584,20,1785614988.366729,37.465094987411305,0.5853612573434043,36.944380865186545,True,37.5,36.5,38.6,0.95,0.05,0.0,0.7,0.03,2,1785614998.3941333,True,False,True,True,1785615004.5268245,False,True,1,0,False
1785430955.7579584,20,1785615008.373099,37.470435645075156,0.585418478675517,36.939040207522694,True,37.5,36.5,38.6,0.95,0.05,0.0,0.7,0.03,2,1785615018.400195,True,False,True,True,1785615004.5268245,False,True,1,0,False
1785430955.7579584,20,1785615028.379343,37.49179827573053,0.5856282902265965,36.96574349584192,True,37.5,36.5,38.6,0.95,0.05,0.0,0.7,0.03,2,1785615038.4067266,True,False,True,False,1785615004.5268245,False,True,1,0,False
1785430955.7579584,20,1785615048.3862953,37.48645761806668,0.5858571755550469,36.92835889219501,True,37.5,36.5,38.6,0.95,0.05,0.0,0.7,0.03,2,1785615058.414721,True,True,True,False,1785615004.5268245,False,True,1,0,False
1785430955.7579584,20,1785615068.3939686,37.51049057755398,0.5857618066681926,36.95506218051423,True,37.5,36.5,38.6,0.95,0.05,0.0,0.7,0.03,2,1785615078.4223514,True,False,True,False,1785615004.5268245,False,1,0,0,False
1785430955.7579584,20,1785615088.4015915,37.53452353704128,0.5858571755550469,36.94705119401846,True,37.5,36.5,38.6,0.95,0.05,0.0,0.7,0.03,2,1785615098.429399,True,False,True,False,1785615004.5268245,False,1,0,0,False
1785430955.7579584,20,1785615108.4085836,37.52384222171359,0.5856855115587091,36.963073167009995,True,37.5,36.5,38.6,0.95,0.05,0.0,0.7,0.03,2,1785615118.435908,True,True,True,False,1785615004.5268245,False,1,0,0,False
1785430955.7579584,20,1785615128.4148571,37.53719386587319,0.585571068894484,36.96841382467383,True,37.5,36.5,38.6,0.95,0.05,0.0,0.7,0.03,2,1785615138.4422483,True,False,True,False,1785615004.5268245,False,1,0,0,False
1785430955.7579584,20,1785615148.4213812,37.52918287937743,0.5856855115587091,36.963073167009995,True,37.5,36.5,38.6,0.95,0.05,0.0,0.7,0.03,2,1785615158.4484422,True,True,True,False,1785615004.5268245,False,1,0,0,False
1785430955.7579584,20,1785615168.427606,37.53719386587319,0.5857808804455634,36.963073167009995,True,37.5,36.5,38.6,0.95,0.05,0.0,0.7,0.03,2,1785615178.4549603,True,False,True,True,1785615184.5268495,False,1,0,0,False
1785430955.7579584,20,1785615188.4339619,37.52384222171359,0.5855901426718547,36.96574349584192,True,37.5,36.5,38.6,0.95,0.05,0.0,0.7,0.03,2,1785615198.4613242,True,False,True,True,1785615184.5268495,False,1,0,0,False
1785430955.7579584,20,1785615208.4402483,37.52384222171359,0.5855901426718547,36.95506218051423,True,37.5,36.5,38.6,0.95,0.05,0.0,0.7,0.03,2,1785615218.4675548,True,False,True,False,1785615184.5268495,False,1,0,0,False
1785430955.7579584,20,1785615228.4465814,37.52384222171359,0.585418478675517,36.94972152285038,True,37.5,36.5,38.6,0.95,0.05,0.0,0.7,0.03,2,1785615238.4739552,True,False,True,False,1785615184.5268495,False,1,0,0,False
1785430955.7579584,20,1785615248.4529955,37.513160906385906,0.5856282902265965,36.939040207522694,True,37.5,36.5,38.6,0.95,0.05,0.0,0.7,0.03,2,1785615258.4802864,True,True,True,False,1785615184.5268495,False,1,0,0,False
1785430955.7579584,20,1785615268.4598854,37.49446860456244,0.5855901426718547,36.92835889219501,True,37.5,36.5,38.6,0.95,0.05,0.0,0.7,0.03,2,1785615278.4880757,True,True,True,False,1785615184.5268495,False,True,1,0,False
1785430955.7579584,20,1785615288.4669707,37.49179827573053,0.5857618066681926,36.92568856336308,True,37.5,36.5,38.6,0.95,0.05,0.0,0.7,0.03,2,1785615298.494492,True,False,True,False,1785615184.5268495,False,True,1,0,False
1785430955.7579584,20,1785615308.4734294,37.49179827573053,0.5854947737850005,36.93102922102693,True,37.5,36.5,38.6,0.95,0.05,0.0,0.7,0.03,2,1785615318.5009294,True,False,True,False,1785615184.5268495,False,True,1,0,False
1785430955.7579584,20,1785615328.479931,37.49446860456244,0.5856282902265965,36.94705119401846,True,37.5,36.5,38.6,0.95,0.05,0.0,0.7,0.03,2,1785615338.5074508,True,False,True,False,1785615184.5268495,False,True,1,0,False
1785430955.7579584,20,1785615348.4870298,37.49713893339437,0.585551995117113,36.95239185168231,True,37.5,36.5,38.6,0.95,0.05,0.0,0.7,0.03,2,1785615358.5169988,True,False,True,True,1785615364.5268898,False,True,1,0,False
1785430955.7579584,20,1785615368.4949293,37.51583123521782,0.5855901426718547,36.93636987869077,True,37.5,36.5,38.6,0.95,0.05,0.0,0.7,0.03,2,1785615378.5223937,True,True,True,True,1785615364.5268898,False,1,0,0,False
1785430955.7579584,20,1785615388.502625,37.507820248722055,0.585571068894484,36.95506218051423,True,37.5,36.5,38.6,0.95,0.05,0.0,0.7,0.03,2,1785615398.531004,True,True,True,False,1785615364.5268898,False,1,0,0,False
1785430955.7579584,20,1785615408.5103257,37.56656748302434,0.5857427328908217,36.94972152285038,True,37.5,36.5,38.6,0.95,0.05,0.0,0.7,0.03,2,1785615418.53907,True,True,True,False,1785615364.5268898,False,1,0,0,False
1785430955.7579584,20,1785615428.5173368,37.56122682536049,0.5856282902265965,36.96574349584192,True,37.5,36.5,38.6,0.95,0.05,0.0,0.7,0.03,2,1785615438.5446725,True,True,True,False,1785615364.5268898,False,1,0,0,False
1785430955.7579584,20,1785615448.5242224,37.550545510032805,0.5855138475623712,36.96574349584192,True,37.5,36.5,38.6,0.95,0.05,0.0,0.7,0.03,2,1785615458.552288,True,False,True,False,1785615364.5268898,False,1,0,0,False
1785430955.7579584,20,1785615468.5319932,37.55855649652857,0.585418478675517,36.97642481116961,True,37.5,36.5,38.6,0.95,0.05,0.0,0.7,0.03,2,1785615478.5604918,True,True,True,False,1785615364.5268898,False,1,0,0,False
1785430955.7579584,20,1785615488.5396812,37.555886167696656,0.5856473640039674,36.95239185168231,True,37.5,36.5,38.6,0.95,0.05,0.0,0.7,0.03,2,1785615498.568097,True,True,True,False,1785615364.5268898,False,1,0,0,False
1785430955.7579584,20,1785615508.547328,37.56122682536049,0.5856092164492256,36.963073167009995,True,37.5,36.5,38.6,0.95,0.05,0.0,0.7,0.03,2,1785615518.5757833,True,True,True,False,1785615364.5268898,False,1,0,0,False
1785430955.7579584,20,1785615528.555024,37.53719386587319,0.5856473640039674,36.94705119401846,True,37.5,36.5,38.6,0.95,0.05,0.0,0.7,0.03,2,1785615538.5834932,True,False,True,True,1785615544.526905,False,1,0,0,False
1785430955.7579584,20,1785615548.5628145,37.53452353704128,0.5856855115587091,36.95239185168231,True,37.5,36.5,38.6,0.95,0.05,0.0,0.7,0.03,2,1785615558.5912442,True,True,True,True,1785615544.526905,False,1,0,0,False
1785430955.7579584,20,1785615568.5698926,37.46776531624323,0.5852849622339208,36.93636987869077,True,37.5,36.5,38.6,0.95,0.05,0.0,0.7,0.03,2,1785615578.5984406,True,False,True,False,1785615544.526905,False,True,1,0,False
1785430955.7579584,20,1785615588.576171,37.48645761806668,0.585418478675517,36.939040207522694,True,37.5,36.5,38.6,0.95,0.05,0.0,0.7,0.03,2,1785615598.6034675,True,False,True,False,1785615544.526905,False,True,1,0,False
1785430955.7579584,20,1785615608.5831292,37.49713893339437,0.5854375524528878,36.92835889219501,True,37.5,36.5,38.6,0.95,0.05,0.0,0.7,0.03,2,1785615618.6132421,True,False,True,False,1785615544.526905,False,True,1,0,False
1785430955.7579584,20,1785615628.5902126,37.481116960402844,0.585571068894484,36.91233691920348,True,37.5,36.5,38.6,0.95,0.05,0.0,0.7,0.03,2,1785615638.6181161,True,True,True,False,1785615544.526905,False,True,1,0,False
1785430955.7579584,20,1785615648.596583,37.48645761806668,0.5853040360112917,36.92301823453117,True,37.5,36.5,38.6,0.95,0.05,0.0,0.7,0.03,2,1785615658.625162,True,False,True,False,1785615544.526905,False,True,1,0,False
1785430955.7579584,20,1785615668.602889,37.52117189288167,0.5855329213397421,36.939040207522694,True,37.5,36.5,38.6,0.95,0.05,0.0,0.7,0.03,2,1785615678.6305285,True,True,True,False,1785615544.526905,False,1,0,0,False
1785430955.7579584,20,1785615688.6098938,37.51850156404974,0.5854566262302586,36.90966659037156,True,37.5,36.5,38.6,0.95,0.05,0.0,0.7,0.03,2,1785615698.6399174,True,False,True,False,1785615544.526905,False,1,0,0,False
1785430955.7579584,20,1785615708.6175919,37.52918287937743,0.5854566262302586,36.94705119401846,True,37.5,36.5,38.6,0.95,0.05,0.0,0.7,0.03,2,1785615718.6458175,True,False,True,True,1785615724.5269072,False,1,0,0,False
1785430955.7579584,20,1785615728.6247065,37.55321583886473,0.5850370031280996,36.93102922102693,True,37.5,36.5,38.6,0.95,0.05,0.0,0.7,0.03,2,1785615738.6521373,True,True,True,True,1785615724.5269072,False,1,0,0,False
1785430955.7579584,20,1785615748.6310601,37.52918287937743,0.5851514457923247,36.93636987869077,True,37.5,36.5,38.6,0.95,0.05,0.0,0.7,0.03,2,1785615758.6583211,True,False,True,False,1785615724.5269072,False,1,0,0,False
1785430955.7579584,20,1785615768.637435,37.52117189288167,0.5855329213397421,36.92568856336308,True,37.5,36.5,38.6,0.95,0.05,0.0,0.7,0.03,2,1785615778.6643484,True,False,True,False,1785615724.5269072,False,1,0,0,False
1785430955.7579584,20,1785615788.643737,37.513160906385906,0.5850370031280996,36.93369954985886,True,37.5,36.5,38.6,0.95,0.05,0.0,0.7,0.03,2,1785615798.6705992,True,False,True,False,1785615724.5269072,False,1,0,0,False
1785430955.7579584,20,1785615808.6501005,37.49179827573053,0.5853421835660335,36.92835889219501,True,37.5,36.5,38.6,0.95,0.05,0.0,0.7,0.03,2,1785615818.677612,True,False,True,False,1785615724.5269072,False,True,1,0,False
1785430955.7579584,20,1785615828.6565928,37.53986419470512,0.5852849622339208,36.92835889219501,True,37.5,36.5,38.6,0.95,0.05,0.0,0.7,0.03,2,1785615838.6839414,True,True,True,False,1785615724.5269072,False,1,0,0,False
1785430955.7579584,20,1785615848.6629348,37.513160906385906,0.5856664377813382,36.92835889219501,True,37.5,36.5,38.6,0.95,0.05,0.0,0.7,0.03,2,1785615858.690001,True,True,True,False,1785615724.5269072,False,1,0,0,False
1785430955.7579584,20,1785615868.6693628,37.50514991989013,0.5854375524528878,36.91233691920348,True,37.5,36.5,38.6,0.95,0.05,0.0,0.7,0.03,2,1785615878.6967978,True,True,True,False,1785615724.5269072,False,1,0,0,False
1785430955.7579584,20,1785615888.6764908,37.49179827573053,0.5853231097886625,36.89898527504387,True,37.5,36.5,38.6,0.95,0.05,0.0,0.7,0.03,2,1785615898.704792,True,False,True,True,1785615904.5269263,False,True,1,0,False
1785430955.7579584,20,1785615908.6843634,37.49713893339437,0.585418478675517,36.920347905699245,True,37.5,36.5,38.6,0.95,0.05,0.0,0.7,0.03,2,1785615918.7126322,True,True,True,True,1785615904.5269263,False,True,1,0,False
1785430955.7579584,20,1785615928.6915126,37.483787289234755,0.5853231097886625,36.89898527504387,True,37.5,36.5,38.6,0.95,0.05,0.0,0.7,0.03,2,1785615938.7189248,True,False,True,False,1785615904.5269263,False,True,1,0,False
1785430955.7579584,20,1785615948.6978078,37.470435645075156,0.5851895933470666,36.90966659037156,True,37.5,36.5,38.6,0.95,0.05,0.0,0.7,0.03,2,1785615958.7267864,True,False,True,False,1785615904.5269263,False,True,1,0,False
1785430955.7579584,20,1785615968.704199,37.50514991989013,0.5853612573434043,36.915007248035394,True,37.5,36.5,38.6,0.95,0.05,0.0,0.7,0.03,2,1785615978.73154,True,False,True,False,1785615904.5269263,False,1,0,0,False
1785430955.7579584,20,1785615988.7112727,37.49713893339437,0.5854757000076295,36.91233691920348,True,37.5,36.5,38.6,0.95,0.05,0.0,0.7,0.03,2,1785615998.739748,True,True,True,False,1785615904.5269263,False,True,1,0,False
1785430955.7579584,20,1785616008.718975,37.52918287937743,0.5854375524528878,36.91233691920348,True,37.5,36.5,38.6,0.95,0.05,0.0,0.7,0.03,2,1785616018.7473133,True,False,True,False,1785615904.5269263,False,1,0,0,False
1785430955.7579584,20,1785616028.7266107,37.53452353704128,0.5852277409018082,36.93369954985886,True,37.5,36.5,38.6,0.95,0.05,0.0,0.7,0.03,2,1785616038.7555575,True,True,True,False,1785615904.5269263,False,1,0,0,False
1785430955.7579584,20,1785616048.7336679,37.52384222171359,0.5855901426718547,36.91767757686732,True,37.5,36.5,38.6,0.95,0.05,0.0,0.7,0.03,2,1785616058.7611234,True,True,True,False,1785615904.5269263,False,1,0,0,False
1785430955.7579584,20,1785616068.7400494,37.55855649652857,0.5853040360112917,36.944380865186545,True,37.5,36.5,38.6,0.95,0.05,0.0,0.7,0.03,2,1785616078.767644,True,False,True,True,1785616084.5269358,False,1,0,0,False
1785430955.7579584,20,1785616088.7464259,37.54520485236897,0.5851514457923247,36.90966659037156,True,37.5,36.5,38.6,0.95,0.05,0.0,0.7,0.03,2,1785616098.7735248,True,False,True,True,1785616084.5269358,False,1,0,0,False
1785430955.7579584,20,1785616108.752787,37.52918287937743,0.5853421835660335,36.93102922102693,True,37.5,36.5,38.6,0.95,0.05,0.0,0.7,0.03,2,1785616118.7798564,True,True,True,False,1785616084.5269358,False,1,0,0,False
1785430955.7579584,20,1785616128.7591314,37.531853208209355,0.5851895933470666,36.94705119401846,True,37.5,36.5,38.6,0.95,0.05,0.0,0.7,0.03,2,1785616138.7865012,True,True,True,False,1785616084.5269358,False,1,0,0,False
1785430955.7579584,20,1785616148.7654946,37.507820248722055,0.5851895933470666,36.920347905699245,True,37.5,36.5,38.6,0.95,0.05,0.0,0.7,0.03,2,1785616158.7929173,True,True,True,False,1785616084.5269358,False,1,0,0,False
1785430955.7579584,20,1785616168.7718868,37.51049057755398,0.585246814679179,36.92568856336308,True,37.5,36.5,38.6,0.95,0.05,0.0,0.7,0.03,2,1785616178.79921,True,False,True,False,1785616084.5269358,False,1,0,0,False
1785430955.7579584,20,1785616188.7782059,37.50247959105822,0.585418478675517,36.90699626153963,True,37.5,36.5,38.6,0.95,0.05,0.0,0.7,0.03,2,1785616198.805516,True,False,True,False,1785616084.5269358,False,1,0,0,False
1785430955.7579584,20,1785616208.7845411,37.47577630273899,0.5850751506828412,36.90699626153963,True,37.5,36.5,38.6,0.95,0.05,0.0,0.7,0.03,2,1785616218.8117325,True,False,True,False,1785616084.5269358,False,True,1,0,False
1785430955.7579584,20,1785616228.7908547,37.481116960402844,0.5849034866865034,36.901655603875795,True,37.5,36.5,38.6,0.95,0.05,0.0,0.7,0.03,2,1785616238.824585,True,True,True,False,1785616084.5269358,False,True,1,0,False
1785430955.7579584,20,1785616248.7971911,37.47577630273899,0.5853040360112917,36.91767757686732,True,37.5,36.5,38.6,0.95,0.05,0.0,0.7,0.03,2,1785616258.8242428,True,False,True,True,1785616264.5269697,False,True,1,0,False
1785430955.7579584,20,1785616268.8034573,37.50514991989013,0.5853040360112917,36.91767757686732,True,37.5,36.5,38.6,0.95,0.05,0.0,0.7,0.03,2,1785616278.830794,True,False,True,True,1785616264.5269697,False,1,0,0,False
1785430955.7579584,20,1785616288.8097608,37.49713893339437,0.5851323720149538,36.92568856336308,True,37.5,36.5,38.6,0.95,0.05,0.0,0.7,0.03,2,1785616298.8371143,True,True,True,False,1785616264.5269697,False,True,1,0,False
1785430955.7579584,20,1785616308.8159966,37.49713893339437,0.5853231097886625,36.90432593270771,True,37.5,36.5,38.6,0.95,0.05,0.0,0.7,0.03,2,1785616318.8458703,True,False,True,False,1785616264.5269697,False,True,1,0,False
1785430955.7579584,20,1785616328.822509,37.51583123521782,0.5851323720149538,36.89898527504387,True,37.5,36.5,38.6,0.95,0.05,0.0,0.7,0.03,2,1785616338.851647,True,False,True,False,1785616264.5269697,False,1,0,0,False
1785430955.7579584,20,1785616348.8288515,37.52384222171359,0.5849988555733577,36.90966659037156,True,37.5,36.5,38.6,0.95,0.05,0.0,0.7,0.03,2,1785616358.8565974,True,False,True,False,1785616264.5269697,False,1,0,0,False
1785430955.7579584,20,1785616368.8351908,37.574578469520105,0.5852086671244373,36.93102922102693,True,37.5,36.5,38.6,0.95,0.05,0.0,0.7,0.03,2,1785616378.8658652,True,False,True,False,1785616264.5269697,False,1,0,0,False
1785430955.7579584,20,1785616388.841495,37.53986419470512,0.5852277409018082,36.93369954985886,True,37.5,36.5,38.6,0.95,0.05,0.0,0.7,0.03,2,1785616398.8688617,True,True,True,False,1785616264.5269697,False,1,0,0,False
1785430955.7579584,20,1785616408.8477879,37.550545510032805,0.5853040360112917,36.95506218051423,True,37.5,36.5,38.6,0.95,0.05,0.0,0.7,0.03,2,1785616418.875219,True,False,True,False,1785616264.5269697,False,1,0,0,False
1785430955.7579584,20,1785616428.8541868,37.56122682536049,0.5852277409018082,36.92835889219501,True,37.5,36.5,38.6,0.95,0.05,0.0,0.7,0.03,2,1785616438.8815837,True,True,True,True,1785616444.5270023,False,1,0,0,False
1785430955.7579584,20,1785616448.860559,37.54520485236897,0.585246814679179,36.939040207522694,True,37.5,36.5,38.6,0.95,0.05,0.0,0.7,0.03,2,1785616458.8888962,True,False,True,True,1785616444.5270023,False,1,0,0,False
1785430955.7579584,20,1785616468.866851,37.531853208209355,0.5849416342412451,36.92301823453117,True,37.5,36.5,38.6,0.95,0.05,0.0,0.7,0.03,2,1785616478.8941762,True,True,True,False,1785616444.5270023,False,1,0,0,False
1785430955.7579584,20,1785616488.8732135,37.49713893339437,0.5851323720149538,36.90966659037156,True,37.5,36.5,38.6,0.95,0.05,0.0,0.7,0.03,2,1785616498.9018757,True,True,True,False,1785616444.5270023,False,True,1,0,False
1785430955.7579584,20,1785616508.8794632,37.513160906385906,0.5849034866865034,36.920347905699245,True,37.5,36.5,38.6,0.95,0.05,0.0,0.7,0.03,2,1785616518.906803,True,False,True,False,1785616444.5270023,False,1,0,0,False
1785430955.7579584,20,1785616528.8857915,37.51049057755398,0.5852277409018082,36.920347905699245,True,37.5,36.5,38.6,0.95,0.05,0.0,0.7,0.03,2,1785616538.9132257,True,True,True,False,1785616444.5270023,False,1,0,0,False
1785430955.7579584,20,1785616548.8920887,37.49713893339437,0.5849225604638743,36.90432593270771,True,37.5,36.5,38.6,0.95,0.05,0.0,0.7,0.03,2,1785616558.9194133,True,True,True,False,1785616444.5270023,False,True,1,0,False
1785430955.7579584,20,1785616568.8983686,37.47844663157092,0.5850179293507286,36.89898527504387,True,37.5,36.5,38.6,0.95,0.05,0.0,0.7,0.03,2,1785616578.9292293,True,True,True,False,1785616444.5270023,False,True,1,0,False
1785430955.7579584,20,1785616588.9046638,37.48645761806668,0.5851132982375831,36.901655603875795,True,37.5,36.5,38.6,0.95,0.05,0.0,0.7,0.03,2,1785616598.932915,True,False,True,False,1785616444.5270023,False,True,1,0,False
1785430955.7579584,20,1785616608.910935,37.48645761806668,0.5851514457923247,36.91233691920348,True,37.5,36.5,38.6,0.95,0.05,0.0,0.7,0.03,2,1785616618.9384372,True,False,True,True,1785616624.527013,False,True,1,0,False
1785430955.7579584,20,1785616628.9174252,37.48645761806668,0.5851514457923247,36.901655603875795,True,37.5,36.5,38.6,0.95,0.05,0.0,0.7,0.03,2,1785616638.9449174,True,False,True,True,1785616624.527013,False,True,1,0,False
1785430955.7579584,20,1785616648.9237952,37.50247959105822,0.5851132982375831,36.88029297322042,True,37.5,36.5,38.6,0.95,0.05,0.0,0.7,0.03,2,1785616658.9512062,True,False,True,False,1785616624.527013,False,1,0,0,False
1785430955.7579584,20,1785616668.9301283,37.50514991989013,0.5849607080186161,36.90699626153963,True,37.5,36.5,38.6,0.95,0.05,0.0,0.7,0.03,2,1785616678.9606667,True,True,True,False,1785616624.527013,False,1,0,0,False
1785430955.7579584,20,1785616688.9364717,37.53452353704128,0.5850179293507286,36.90966659037156,True,37.5,36.5,38.6,0.95,0.05,0.0,0.7,0.03,2,1785616698.9646273,True,False,True,False,1785616624.527013,False,1,0,0,False
1785430955.7579584,20,1785616708.9428337,37.53452353704128,0.5851514457923247,36.93636987869077,True,37.5,36.5,38.6,0.95,0.05,0.0,0.7,0.03,2,1785616718.9701748,True,True,True,False,1785616624.527013,False,1,0,0,False
1785430955.7579584,20,1785616728.94919,37.54253452353704,0.5851514457923247,36.92568856336308,True,37.5,36.5,38.6,0.95,0.05,0.0,0.7,0.03,2,1785616738.978912,True,True,True,False,1785616624.527013,False,1,0,0,False
1785430955.7579584,20,1785616748.9555962,37.52918287937743,0.5853040360112917,36.93636987869077,True,37.5,36.5,38.6,0.95,0.05,0.0,0.7,0.03,2,1785616758.9830873,True,False,True,False,1785616624.527013,False,1,0,0,False
1785430955.7579584,20,1785616768.9620664,37.55321583886473,0.5849988555733577,36.90432593270771,True,37.5,36.5,38.6,0.95,0.05,0.0,0.7,0.03,2,1785616778.9894848,True,False,True,False,1785616624.527013,False,1,0,0,False
1785430955.7579584,20,1785616788.9685848,37.513160906385906,0.5848653391317616,36.896314946211945,True,37.5,36.5,38.6,0.95,0.05,0.0,0.7,0.03,2,1785616798.9958858,True,False,True,True,1785616804.527035,False,1,0,0,False
1785430955.7579584,20,1785616808.9748933,37.49713893339437,0.5850179293507286,36.89097428854811,True,37.5,36.5,38.6,0.95,0.05,0.0,0.7,0.03,2,1785616819.0022788,True,True,True,True,1785616804.527035,False,True,1,0,False
1785430955.7579584,20,1785616828.9812963,37.481116960402844,0.5850751506828412,36.89097428854811,True,37.5,36.5,38.6,0.95,0.05,0.0,0.7,0.03,2,1785616839.0086305,True,False,True,False,1785616804.527035,False,True,1,0,False
1785430955.7579584,20,1785616848.9875932,37.470435645075156,0.5850370031280996,36.89097428854811,True,37.5,36.5,38.6,0.95,0.05,0.0,0.7,0.03,2,1785616859.0181782,True,True,True,False,1785616804.527035,False,True,1,0,False
1785430955.7579584,20,1785616868.9974806,37.46242465857938,0.5848271915770199,36.91233691920348,True,37.5,36.5,38.6,0.95,0.05,0.0,0.7,0.03,2,1785616879.025049,True,False,True,False,1785616804.527035,False,True,1,0,False
1785430955.7579584,20,1785616889.0039847,37.470435645075156,0.5847508964675364,36.88296330205233,True,37.5,36.5,38.6,0.95,0.05,0.0,0.7,0.03,2,1785616899.0313485,True,True,True,False,1785616804.527035,False,True,1,0,False
1785430955.7579584,20,1785616909.010386,37.48645761806668,0.5846364538033112,36.89364461738002,True,37.5,36.5,38.6,0.95,0.05,0.0,0.7,0.03,2,1785616919.0378034,True,False,True,False,1785616804.527035,False,True,1,0,False
1785430955.7579584,20,1785616929.0167248,37.489127946898606,0.5848462653543908,36.89364461738002,True,37.5,36.5,38.6,0.95,0.05,0.0,0.7,0.03,2,1785616939.045873,True,True,True,False,1785616804.527035,False,True,1,0,False
1785430955.7579584,20,1785616949.0229867,37.49713893339437,0.5849607080186161,36.915007248035394,True,37.5,36.5,38.6,0.95,0.05,0.0,0.7,0.03,2,1785616959.0500677,True,True,True,False,1785616804.527035,False,True,1,0,False
1785430955.7579584,20,1785616969.0293937,37.55321583886473,0.5847508964675364,36.92568856336308,True,37.5,36.5,38.6,0.95,0.05,0.0,0.7,0.03,2,1785616979.0575073,True,True,True,True,1785616984.527063,False,1,0,0,False
1785430955.7579584,20,1785616989.0363357,37.53452353704128,0.5849416342412451,36.92835889219501,True,37.5,36.5,38.6,0.95,0.05,0.0,0.7,0.03,2,1785616999.0647461,True,False,True,True,1785616984.527063,False,1,0,0,False
1785430955.7579584,20,1785617009.0432556,37.53452353704128,0.5848462653543908,36.93369954985886,True,37.5,36.5,38.6,0.95,0.05,0.0,0.7,0.03,2,1785617019.0725198,True,True,True,False,1785616984.527063,False,1,0,0,False
1785430955.7579584,20,1785617029.0499089,37.550545510032805,0.5849988555733577,36.939040207522694,True,37.5,36.5,38.6,0.95,0.05,0.0,0.7,0.03,2,1785617039.0773187,True,False,True,False,1785616984.527063,False,1,0,0,False
1785430955.7579584,20,1785617049.056884,37.52918287937743,0.5850560769054703,36.92835889219501,True,37.5,36.5,38.6,0.95,0.05,0.0,0.7,0.03,2,1785617059.0850248,True,False,True,False,1785616984.527063,False,1,0,0,False
1785430955.7579584,20,1785617069.0648375,37.526512550545505,0.5851323720149538,36.939040207522694,True,37.5,36.5,38.6,0.95,0.05,0.0,0.7,0.03,2,1785617079.0927324,True,True,True,False,1785616984.527063,False,1,0,0,False
1785430955.7579584,20,1785617089.0719652,37.52384222171359,0.5848081177996491,36.915007248035394,True,37.5,36.5,38.6,0.95,0.05,0.0,0.7,0.03,2,1785617099.0994499,True,True,True,False,1785616984.527063,False,1,0,0,False
1785430955.7579584,20,1785617109.0790384,37.507820248722055,0.5848462653543908,36.92568856336308,True,37.5,36.5,38.6,0.95,0.05,0.0,0.7,0.03,2,1785617119.1070523,True,False,True,False,1785616984.527063,False,1,0,0,False
1785430955.7579584,20,1785617129.0860627,37.49980926222629,0.5847508964675364,36.920347905699245,True,37.5,36.5,38.6,0.95,0.05,0.0,0.7,0.03,2,1785617139.1157846,True,False,True,False,1785616984.527063,False,True,1,0,False
1785430955.7579584,20,1785617149.092503,37.49713893339437,0.5846746013580529,36.89898527504387,True,37.5,36.5,38.6,0.95,0.05,0.0,0.7,0.03,2,1785617159.1225464,True,True,True,True,1785617164.5270882,False,True,1,0,False
1785430955.7579584,20,1785617169.099137,37.49446860456244,0.5846173800259403,36.89898527504387,True,37.5,36.5,38.6,0.95,0.05,0.0,0.7,0.03,2,1785617179.1290417,True,True,True,True,1785617164.5270882,False,True,1,0,False
1785430955.7579584,20,1785617189.105663,37.52918287937743,0.5848462653543908,36.901655603875795,True,37.5,36.5,38.6,0.95,0.05,0.0,0.7,0.03,2,1785617199.133217,True,False,True,False,1785617164.5270882,False,1,0,0,False
1785430955.7579584,20,1785617209.1121607,37.49713893339437,0.5850370031280996,36.90699626153963,True,37.5,36.5,38.6,0.95,0.05,0.0,0.7,0.03,2,1785617219.1396332,True,False,True,False,1785617164.5270882,False,True,1,0,False
1785430955.7579584,20,1785617229.118565,37.51850156404974,0.5848271915770199,36.90699626153963,True,37.5,36.5,38.6,0.95,0.05,0.0,0.7,0.03,2,1785617239.147094,True,False,True,False,1785617164.5270882,False,1,0,0,False
1785430955.7579584,20,1785617249.1248991,37.507820248722055,0.5850560769054703,36.91233691920348,True,37.5,36.5,38.6,0.95,0.05,0.0,0.7,0.03,2,1785617259.152097,True,True,True,False,1785617164.5270882,False,1,0,0,False
1785430955.7579584,20,1785617269.1310773,37.51583123521782,0.5847318226901657,36.901655603875795,True,37.5,36.5,38.6,0.95,0.05,0.0,0.7,0.03,2,1785617279.158148,True,True,True,False,1785617164.5270882,False,1,0,0,False
1785430955.7579584,20,1785617289.1373794,37.507820248722055,0.5849416342412451,36.92568856336308,True,37.5,36.5,38.6,0.95,0.05,0.0,0.7,0.03,2,1785617299.1641712,True,False,True,False,1785617164.5270882,False,1,0,0,False
1785430955.7579584,20,1785617309.143712,37.52384222171359,0.5850370031280996,36.920347905699245,True,37.5,36.5,38.6,0.95,0.05,0.0,0.7,0.03,2,1785617319.1709626,True,True,True,False,1785617164.5270882,False,1,0,0,False
1785430955.7579584,20,1785617329.1501389,37.51583123521782,0.5847318226901657,36.90966659037156,True,37.5,36.5,38.6,0.95,0.05,0.0,0.7,0.03,2,1785617339.1776292,True,True,True,True,1785617344.527126,False,1,0,0,False
1785430955.7579584,20,1785617349.1565864,37.52384222171359,0.5845792324711987,36.93102922102693,True,37.5,36.5,38.6,0.95,0.05,0.0,0.7,0.03,2,1785617359.183563,True,True,True,True,1785617344.527126,False,1,0,0,False
1785430955.7579584,20,1785617369.1628592,37.49446860456244,0.5848844129091326,36.89898527504387,True,37.5,36.5,38.6,0.95,0.05,0.0,0.7,0.03,2,1785617379.1901777,True,False,True,False,1785617344.527126,False,True,1,0,False
1785430955.7579584,20,1785617389.16929,37.48645761806668,0.5846555275806822,36.89097428854811,True,37.5,36.5,38.6,0.95,0.05,0.0,0.7,0.03,2,1785617399.1962907,True,False,True,False,1785617344.527126,False,True,1,0,False
1785430955.7579584,20,1785617409.1755726,37.49713893339437,0.5847508964675364,36.88029297322042,True,37.5,36.5,38.6,0.95,0.05,0.0,0.7,0.03,2,1785617419.202897,True,False,True,False,1785617344.527126,False,True,1,0,False
1785430955.7579584,20,1785617429.1818793,37.49713893339437,0.5847890440222782,36.901655603875795,True,37.5,36.5,38.6,0.95,0.05,0.0,0.7,0.03,2,1785617439.2088058,True,False,True,False,1785617344.527126,False,True,1,0,False
1785430955.7579584,20,1785617449.1880946,37.513160906385906,0.5847890440222782,36.89097428854811,True,37.5,36.5,38.6,0.95,0.05,0.0,0.7,0.03,2,1785617459.2154615,True,True,True,False,1785617344.527126,False,1,0,0,False
1785430955.7579584,20,1785617469.1950834,37.52117189288167,0.5846936751354238,36.92301823453117,True,37.5,36.5,38.6,0.95,0.05,0.0,0.7,0.03,2,1785617479.2235296,True,True,True,False,1785617344.527126,False,1,0,0,False
1785430955.7579584,20,1785617489.2028081,37.52384222171359,0.5846936751354238,36.90966659037156,True,37.5,36.5,38.6,0.95,0.05,0.0,0.7,0.03,2,1785617499.2311928,True,False,True,False,1785617344.527126,False,1,0,0,False
1785430955.7579584,20,1785617509.20989,37.52384222171359,0.5844838635843442,36.90966659037156,True,37.5,36.5,38.6,0.95,0.05,0.0,0.7,0.03,2,1785617519.237098,True,False,True,True,1785617524.5271604,False,1,0,0,False
1785430955.7579584,20,1785617529.216186,37.53719386587319,0.5847699702449073,36.90432593270771,True,37.5,36.5,38.6,0.95,0.05,0.0,0.7,0.03,2,1785617539.2475674,True,True,True,True,1785617524.5271604,False,1,0,0,False
1785430955.7579584,20,1785617549.222949,37.53452353704128,0.5848081177996491,36.89898527504387,True,37.5,36.5,38.6,0.95,0.05,0.0,0.7,0.03,2,1785617559.2508874,True,False,True,False,1785617524.5271604,False,1,0,0,False
1785430955.7579584,20,1785617569.229407,37.531853208209355,0.5851895933470666,36.89898527504387,True,37.5,36.5,38.6,0.95,0.05,0.0,0.7,0.03,2,1785617579.2568228,True,False,True,False,1785617524.5271604,False,1,0,0,False
1785430955.7579584,20,1785617589.2356975,37.52918287937743,0.5847127489127947,36.901655603875795,True,37.5,36.5,38.6,0.95,0.05,0.0,0.7,0.03,2,1785617599.263075,True,False,True,False,1785617524.5271604,False,1,0,0,False
1785430955.7579584,20,1785617609.241999,37.513160906385906,0.5846746013580529,36.91233691920348,True,37.5,36.5,38.6,0.95,0.05,0.0,0.7,0.03,2,1785617619.269415,True,True,True,False,1785617524.5271604,False,1,0,0,False
1785430955.7579584,20,1785617629.2484515,37.49713893339437,0.5845029373617152,36.89097428854811,True,37.5,36.5,38.6,0.95,0.05,0.0,0.7,0.03,2,1785617639.2761714,True,True,True,False,1785617524.5271604,False,True,1,0,False
1785430955.7579584,20,1785617649.254868,37.49713893339437,0.5849225604638743,36.89097428854811,True,37.5,36.5,38.6,0.95,0.05,0.0,0.7,0.03,2,1785617659.2822533,True,True,True,False,1785617524.5271604,False,True,1,0,False
1785430955.7579584,20,1785617669.2612226,37.489127946898606,0.5845601586938277,36.89097428854811,True,37.5,36.5,38.6,0.95,0.05,0.0,0.7,0.03,2,1785617679.2887511,True,True,True,False,1785617524.5271604,False,True,1,0,False
1785430955.7579584,20,1785617689.2680967,37.470435645075156,0.5844457160296025,36.88830395971618,True,37.5,36.5,38.6,0.95,0.05,0.0,0.7,0.03,2,1785617699.2967541,True,False,True,True,1785617704.527222,False,True,1,0,False
1785430955.7579584,20,1785617709.2753253,37.48645761806668,0.5848081177996491,36.88830395971618,True,37.5,36.5,38.6,0.95,0.05,0.0,0.7,0.03,2,1785617719.3027515,True,False,True,True,1785617704.527222,False,True,1,0,False
1785430955.7579584,20,1785617729.28174,37.47310597390707,0.5845792324711987,36.88830395971618,True,37.5,36.5,38.6,0.95,0.05,0.0,0.7,0.03,2,1785617739.3091552,True,True,True,False,1785617704.527222,False,True,1,0,False
1785430955.7579584,20,1785617749.2917588,37.49713893339437,0.5851323720149538,36.89898527504387,True,37.5,36.5,38.6,0.95,0.05,0.0,0.7,0.03,2,1785617759.323152,True,True,True,False,1785617704.527222,False,True,1,0,False
1785430955.7579584,20,1785617769.3029451,37.53719386587319,0.5846746013580529,36.89898527504387,True,37.5,36.5,38.6,0.95,0.05,0.0,0.7,0.03,2,1785617779.3312986,True,False,True,False,1785617704.527222,False,1,0,0,False
1785430955.7579584,20,1785617789.3100002,37.54520485236897,0.5847890440222782,36.92301823453117,True,37.5,36.5,38.6,0.95,0.05,0.0,0.7,0.03,2,1785617799.3373644,True,True,True,False,1785617704.527222,False,1,0,0,False
1785430955.7579584,20,1785617809.316326,37.550545510032805,0.5845410849164568,36.92835889219501,True,37.5,36.5,38.6,0.95,0.05,0.0,0.7,0.03,2,1785617819.3436332,True,False,True,False,1785617704.527222,False,1,0,0,False
1785430955.7579584,20,1785617829.3226075,37.57190814068818,0.5848271915770199,36.939040207522694,True,37.5,36.5,38.6,0.95,0.05,0.0,0.7,0.03,2,1785617839.3520443,True,True,True,False,1785617704.527222,False,1,0,0,False
1785430955.7579584,20,1785617849.329133,37.57190814068818,0.584522011139086,36.944380865186545,True,37.5,36.5,38.6,0.95,0.05,0.0,0.7,0.03,2,1785617859.3564224,True,True,True,False,1785617704.527222,False,1,0,0,False
1785430955.7579584,20,1785617869.335508,37.54787518120088,0.5846555275806822,36.95506218051423,True,37.5,36.5,38.6,0.95,0.05,0.0,0.7,0.03,2,1785617879.36358,True,True,True,True,1785617884.5272307,False,1,0,0,False
1785430955.7579584,20,1785617889.341867,37.53452353704128,0.5845601586938277,36.93636987869077,True,37.5,36.5,38.6,0.95,0.05,0.0,0.7,0.03,2,1785617899.3691945,True,False,True,True,1785617884.5272307,False,1,0,0,False
1785430955.7579584,20,1785617909.3488693,37.51850156404974,0.5844838635843442,36.920347905699245,True,37.5,36.5,38.6,0.95,0.05,0.0,0.7,0.03,2,1785617919.3772876,True,False,True,False,1785617884.5272307,False,1,0,0,False
1785430955.7579584,20,1785617929.3566053,37.51049057755398,0.5844266422522317,36.89364461738002,True,37.5,36.5,38.6,0.95,0.05,0.0,0.7,0.03,2,1785617939.3851228,True,False,True,False,1785617884.5272307,False,1,0,0,False
1785430955.7579584,20,1785617949.3642912,37.470435645075156,0.5847127489127947,36.90432593270771,True,37.5,36.5,38.6,0.95,0.05,0.0,0.7,0.03,2,1785617959.3927577,True,True,True,False,1785617884.5272307,False,True,1,0,False
1785430955.7579584,20,1785617969.3719296,37.49446860456244,0.5842740520332648,36.90966659037156,True,37.5,36.5,38.6,0.95,0.05,0.0,0.7,0.03,2,1785617979.4003682,True,False,True,False,1785617884.5272307,False,True,1,0,False
1785430955.7579584,20,1785617989.3795726,37.49179827573053,0.5847318226901657,36.88563363088426,True,37.5,36.5,38.6,0.95,0.05,0.0,0.7,0.03,2,1785617999.4089153,True,False,True,False,1785617884.5272307,False,True,1,0,False
1785430955.7579584,20,1785618009.3872197,37.465094987411305,0.5845410849164568,36.89097428854811,True,37.5,36.5,38.6,0.95,0.05,0.0,0.7,0.03,2,1785618019.414669,False,True,True,False,1785617884.5272307,False,True,1,0,False
1785430955.7579584,20,1785618029.394099,37.40100709544518,0.5843884946974899,36.901655603875795,True,37.5,36.5,38.6,0.95,0.05,0.0,0.7,0.03,2,1785618039.4211457,False,True,True,False,1785617884.5272307,False,True,1,0,False
1785430955.7579584,20,1785618049.40002,37.379644464789806,0.5845792324711987,36.90699626153963,True,37.5,36.5,38.6,0.95,0.05,0.0,0.7,0.03,2,1785618059.4271154,False,True,True,True,1785618064.5272644,False,True,1,0,False
1785430955.7579584,20,1785618069.406011,37.371633478294044,0.5842359044785229,36.89097428854811,True,37.5,36.5,38.6,0.95,0.05,0.0,0.7,0.03,2,1785618079.4330714,False,True,True,True,1785618064.5272644,False,True,1,0,False
1785430955.7579584,20,1785618089.4119198,37.36896314946212,0.5841214618142978,36.88830395971618,True,37.5,36.5,38.6,0.95,0.05,0.0,0.7,0.03,2,1785618099.439042,False,True,True,False,1785618064.5272644,False,True,1,0,False
1785430955.7579584,20,1785618109.4179463,37.32089723048753,0.5844457160296025,36.89898527504387,True,37.5,36.5,38.6,0.95,0.05,0.0,0.7,0.03,2,1785618119.4451318,False,True,True,False,1785618064.5272644,False,True,1,0,False
1785430955.7579584,20,1785618129.423994,37.360952162966356,0.5842549782558938,36.93102922102693,True,37.5,36.5,38.6,0.95,0.05,0.0,0.7,0.03,2,1785618139.4511402,False,True,True,False,1785618064.5272644,False,True,1,0,False
1785430955.7579584,20,1785618149.4299588,37.352941176470594,0.5844457160296025,36.963073167009995,True,37.5,36.5,38.6,0.95,0.05,0.0,0.7,0.03,2,1785618159.4571688,False,True,True,False,1785618064.5272644,False,True,1,0,False
1785430955.7579584,20,1785618169.4358912,37.355611505302505,0.584216830701152,36.989776455329206,True,37.5,36.5,38.6,0.95,0.05,0.0,0.7,0.03,2,1785618179.4629776,False,True,True,False,1785618064.5272644,False,True,1,0,False
1785430955.7579584,20,1785618189.4418623,37.40634775310903,0.5842549782558938,37.00312809948882,True,37.5,36.5,38.6,0.95,0.05,0.0,0.7,0.03,2,1785618199.468974,False,True,True,False,1785618064.5272644,False,True,1,0,False
1785430955.7579584,20,1785618209.4478426,37.40634775310903,0.5841023880369268,37.01915007248036,True,37.5,36.5,38.6,0.95,0.05,0.0,0.7,0.03,2,1785618219.475047,False,True,True,False,1785618064.5272644,False,True,1,0,False
1785430955.7579584,20,1785618229.4540231,37.395666437781344,0.5843884946974899,37.03517204547188,True,37.5,36.5,38.6,0.95,0.05,0.0,0.7,0.03,2,1785618239.4811387,False,True,True,True,1785618244.5273004,False,True,1,0,False
1785430955.7579584,20,1785618249.4599915,37.41702906843672,0.5844266422522317,37.04585336079957,True,37.5,36.5,38.6,0.95,0.05,0.0,0.7,0.03,2,1785618259.4870713,False,True,True,True,1785618244.5273004,False,True,1,0,False
1785430955.7579584,20,1785618269.4659607,37.46776531624323,0.5846555275806822,37.072556649118795,True,37.5,36.5,38.6,0.95,0.05,0.0,0.7,0.03,2,1785618279.4930127,False,True,True,False,1785618244.5273004,False,True,1,0,False
1785430955.7579584,20,1785618289.4718564,37.44373235675593,0.584369420920119,37.096589608606095,True,37.5,36.5,38.6,0.95,0.05,0.0,0.7,0.03,2,1785618299.4989796,False,True,True,False,1785618244.5273004,False,True,1,0,False
1785430955.7579584,20,1785618309.477927,37.465094987411305,0.5845983062485695,37.096589608606095,True,37.5,36.5,38.6,0.95,0.05,0.0,0.7,0.03,2,1785618319.50504,False,True,True,False,1785618244.5273004,False,True,1,0,False
1785430955.7579584,20,1785618329.4839032,37.49980926222629,0.5845410849164568,37.10727092393378,True,37.5,36.5,38.6,0.95,0.05,0.0,0.7,0.03,2,1785618339.5105329,False,True,True,False,1785618244.5273004,False,True,1,0,False
1785430955.7579584,20,1785618349.4899137,37.507820248722055,0.5845029373617152,37.11795223926147,True,37.5,36.5,38.6,0.95,0.05,0.0,0.7,0.03,2,1785618359.5168996,False,True,True,False,1785618244.5273004,False,1,0,0,False
1785430955.7579584,20,1785618369.4957879,37.53719386587319,0.5842740520332648,37.139314869916845,True,37.5,36.5,38.6,0.95,0.05,0.0,0.7,0.03,2,1785618379.5228095,False,True,True,False,1785618244.5273004,False,1,0,0,False
1785430955.7579584,20,1785618389.5017447,37.53986419470512,0.5846555275806822,37.12596322575723,True,37.5,36.5,38.6,0.95,0.05,0.0,0.7,0.03,2,1785618399.5288353,False,True,True,False,1785618244.5273004,False,1,0,0,False
1785430955.7579584,20,1785618409.5077167,37.52918287937743,0.5845410849164568,37.152666514076444,True,37.5,36.5,38.6,0.95,0.05,0.0,0.7,0.03,2,1785618419.53474,False,True,True,True,1785618424.5273116,False,1,0,0,False
1785430955.7579584,20,1785618429.513673,37.52384222171359,0.5842931258106355,37.13664454108492,True,37.5,36.5,38.6,0.95,0.05,0.0,0.7,0.03,2,1785618439.5402021,False,True,True,True,1785618424.5273116,False,1,0,0,False
1785430955.7579584,20,1785618449.519595,37.507820248722055,0.5843884946974899,37.12596322575723,True,37.5,36.5,38.6,0.95,0.05,0.0,0.7,0.03,2,1785618459.5467105,False,True,True,False,1785618424.5273116,False,1,0,0,False
1785430955.7579584,20,1785618469.5256305,37.49446860456244,0.5846364538033112,37.158007171740294,True,37.5,36.5,38.6,0.95,0.05,0.0,0.7,0.03,2,1785618479.552138,False,True,True,False,1785618424.5273116,False,True,1,0,False
1785430955.7579584,20,1785618489.531467,37.470435645075156,0.5844075684748608,37.091248950942244,True,37.5,36.5,38.6,0.95,0.05,0.0,0.7,0.03,2,1785618499.5585105,False,True,True,False,1785618424.5273116,False,True,1,0,False
1785430955.7579584,20,1785618509.5374198,37.470435645075156,0.5845792324711987,37.11795223926147,True,37.5,36.5,38.6,0.95,0.05,0.0,0.7,0.03,2,1785618519.5645769,False,True,True,False,1785618424.5273116,False,True,1,0,False
1785430955.7579584,20,1785618529.5433552,37.483787289234755,0.5843503471427482,37.10193026626993,True,37.5,36.5,38.6,0.95,0.05,0.0,0.7,0.03,2,1785618539.570493,False,True,True,False,1785618424.5273116,False,True,1,0,False
1785430955.7579584,20,1785618549.549394,37.465094987411305,0.5846555275806822,37.10193026626993,True,37.5,36.5,38.6,0.95,0.05,0.0,0.7,0.03,2,1785618559.5764773,False,True,True,False,1785618424.5273116,False,True,1,0,False
1785430955.7579584,20,1785618569.555347,37.45708400091554,0.5842549782558938,37.12863355458916,True,37.5,36.5,38.6,0.95,0.05,0.0,0.7,0.03,2,1785618579.5819845,False,True,True,False,1785618424.5273116,False,True,1,0,False
1785430955.7579584,20,1785618589.5613294,37.49179827573053,0.5840642404821851,37.141985198748756,True,37.5,36.5,38.6,0.95,0.05,0.0,0.7,0.03,2,1785618599.5878906,False,True,True,True,1785618604.5273435,False,True,1,0,False
1785430955.7579584,20,1785618609.567211,37.51850156404974,0.5843503471427482,37.158007171740294,True,37.5,36.5,38.6,0.95,0.05,0.0,0.7,0.03,2,1785618619.5942428,False,True,True,True,1785618604.5273435,False,1,0,0,False
1785430955.7579584,20,1785618629.57319,37.49713893339437,0.5841214618142978,37.158007171740294,True,37.5,36.5,38.6,0.95,0.05,0.0,0.7,0.03,2,1785618639.5996907,False,True,True,False,1785618604.5273435,False,True,1,0,False
1785430955.7579584,20,1785618649.5790281,37.52384222171359,0.5842549782558938,37.12596322575723,True,37.5,36.5,38.6,0.95,0.05,0.0,0.7,0.03,2,1785618659.606029,False,True,True,False,1785618604.5273435,False,1,0,0,False
1785430955.7579584,20,1785618669.584981,37.51583123521782,0.584369420920119,37.17936980239567,True,37.5,36.5,38.6,0.95,0.05,0.0,0.7,0.03,2,1785618679.6114593,False,True,True,False,1785618604.5273435,False,1,0,0,False
1785430955.7579584,20,1785618689.5908625,37.53452353704128,0.5845029373617152,37.15533684290837,True,37.5,36.5,38.6,0.95,0.05,0.0,0.7,0.03,2,1785618699.6179082,False,True,True,False,1785618604.5273435,False,1,0,0,False
1785430955.7579584,20,1785618709.5968523,37.54520485236897,0.5844457160296025,37.15533684290837,True,37.5,36.5,38.6,0.95,0.05,0.0,0.7,0.03,2,1785618719.6233737,False,True,True,False,1785618604.5273435,False,1,0,0,False
1785430955.7579584,20,1785618729.6027613,37.526512550545505,0.584369420920119,37.139314869916845,True,37.5,36.5,38.6,0.95,0.05,0.0,0.7,0.03,2,1785618739.6294954,False,True,True,False,1785618604.5273435,False,1,0,0,False
1785430955.7579584,20,1785618749.6088586,37.49713893339437,0.5844647898069734,37.133974212252994,True,37.5,36.5,38.6,0.95,0.05,0.0,0.7,0.03,2,1785618759.63542,False,True,True,False,1785618604.5273435,False,True,1,0,False
1785430955.7579584,20,1785618769.614707,37.489127946898606,0.5844266422522317,37.10193026626993,True,37.5,36.5,38.6,0.95,0.05,0.0,0.7,0.03,2,1785618779.6417594,False,True,True,True,1785618784.5273526,False,True,1,0,False
1785430955.7579584,20,1785618789.6206372,37.48645761806668,0.5843121995880064,37.109941252765694,True,37.5,36.5,38.6,0.95,0.05,0.0,0.7,0.03,2,1785618799.6476471,False,True,True,True,1785618784.5273526,False,True,1,0,False
1785430955.7579584,20,1785618809.6265552,37.47577630273899,0.5841786831464103,37.099259937438006,True,37.5,36.5,38.6,0.95,0.05,0.0,0.7,0.03,2,1785618819.6536853,False,True,True,False,1785618784.5273526,False,True,1,0,False
1785430955.7579584,20,1785618829.6325855,37.48645761806668,0.5845983062485695,37.12062256809338,True,37.5,36.5,38.6,0.95,0.05,0.0,0.7,0.03,2,1785618839.6596584,False,True,True,False,1785618784.5273526,False,True,1,0,False
1785430955.7579584,20,1785618849.6385317,37.50247959105822,0.5841596093690394,37.12062256809338,True,37.5,36.5,38.6,0.95,0.05,0.0,0.7,0.03,2,1785618859.6651332,False,True,True,False,1785618784.5273526,False,1,0,0,False
1785430955.7579584,20,1785618869.644489,37.51583123521782,0.5844266422522317,37.152666514076444,True,37.5,36.5,38.6,0.95,0.05,0.0,0.7,0.03,2,1785618879.6715174,False,True,True,False,1785618784.5273526,False,1,0,0,False
1785430955.7579584,20,1785618889.6504483,37.50247959105822,0.5841596093690394,37.133974212252994,True,37.5,36.5,38.6,0.95,0.05,0.0,0.7,0.03,2,1785618899.6770284,False,True,True,False,1785618784.5273526,False,1,0,0,False
1785430955.7579584,20,1785618909.6564436,37.507820248722055,0.5841786831464103,37.139314869916845,True,37.5,36.5,38.6,0.95,0.05,0.0,0.7,0.03,2,1785618919.6829247,False,True,True,False,1785618784.5273526,False,1,0,0,False
1785430955.7579584,20,1785618929.6623108,37.49980926222629,0.584369420920119,37.139314869916845,True,37.5,36.5,38.6,0.95,0.05,0.0,0.7,0.03,2,1785618939.6894028,False,True,True,False,1785618784.5273526,False,True,1,0,False
1785430955.7579584,20,1785618949.6682525,37.49713893339437,0.5840451667048143,37.12863355458916,True,37.5,36.5,38.6,0.95,0.05,0.0,0.7,0.03,2,1785618959.6953843,False,True,True,True,1785618964.5273845,False,True,1,0,False
1785430955.7579584,20,1785618969.6742797,37.49446860456244,0.5840642404821851,37.11261158159762,True,37.5,36.5,38.6,0.95,0.05,0.0,0.7,0.03,2,1785618979.7014046,False,True,True,True,1785618964.5273845,False,True,1,0,False
1785430955.7579584,20,1785618989.6802454,37.49179827573053,0.5841405355916686,37.12062256809338,True,37.5,36.5,38.6,0.95,0.05,0.0,0.7,0.03,2,1785618999.7068257,False,True,True,False,1785618964.5273845,False,True,1,0,False
1785430955.7579584,20,1785619009.686228,37.50247959105822,0.5837972075989929,37.141985198748756,True,37.5,36.5,38.6,0.95,0.05,0.0,0.7,0.03,2,1785619019.7132974,False,True,True,False,1785618964.5273845,False,1,0,0,False
1785430955.7579584,20,1785619029.6921492,37.53452353704128,0.5842931258106355,37.152666514076444,True,37.5,36.5,38.6,0.95,0.05,0.0,0.7,0.03,2,1785619039.7187598,False,True,True,False,1785618964.5273845,False,1,0,0,False
1785430955.7579584,20,1785619049.6981456,37.53452353704128,0.5838735027084764,37.141985198748756,True,37.5,36.5,38.6,0.95,0.05,0.0,0.7,0.03,2,1785619059.7251885,False,True,True,False,1785618964.5273845,False,1,0,0,False
1785430955.7579584,20,1785619069.7040682,37.50514991989013,0.5838735027084764,37.14732585641261,True,37.5,36.5,38.6,0.95,0.05,0.0,0.7,0.03,2,1785619079.7305913,False,True,True,False,1785618964.5273845,False,1,0,0,False
1785430955.7579584,20,1785619089.7100534,37.49713893339437,0.5843121995880064,37.14465552758068,True,37.5,36.5,38.6,0.95,0.05,0.0,0.7,0.03,2,1785619099.7371454,False,True,True,False,1785618964.5273845,False,True,1,0,False
1785430955.7579584,20,1785619109.7159905,37.50247959105822,0.5841977569237813,37.12863355458916,True,37.5,36.5,38.6,0.95,0.05,0.0,0.7,0.03,2,1785619119.743,False,True,True,False,1785618964.5273845,False,1,0,0,False
1785430955.7579584,20,1785619129.721923,37.50514991989013,0.583778133821622,37.11261158159762,True,37.5,36.5,38.6,0.95,0.05,0.0,0.7,0.03,2,1785619139.7489693,False,True,True,True,1785619144.527415,False,1,0,0,False
1785430955.7579584,20,1785619149.727863,37.507820248722055,0.584216830701152,37.10727092393378,True,37.5,36.5,38.6,0.95,0.05,0.0,0.7,0.03,2,1785619159.7549558,False,True,True,True,1785619144.527415,False,1,0,0,False
1785430955.7579584,20,1785619169.7339141,37.49980926222629,0.5840451667048143,37.11261158159762,True,37.5,36.5,38.6,0.95,0.05,0.0,0.7,0.03,2,1785619179.7610865,False,True,True,False,1785619144.527415,False,True,1,0,False
1785430955.7579584,20,1785619189.739947,37.48645761806668,0.5840260929274433,37.12062256809338,True,37.5,36.5,38.6,0.95,0.05,0.0,0.7,0.03,2,1785619199.767164,False,True,True,False,1785619144.527415,False,True,1,0,False
1785430955.7579584,20,1785619209.7460334,37.48645761806668,0.5837209124895094,37.14732585641261,True,37.5,36.5,38.6,0.95,0.05,0.0,0.7,0.03,2,1785619219.7730958,False,True,True,False,1785619144.527415,False,True,1,0,False
1785430955.7579584,20,1785619229.751981,37.49713893339437,0.5841023880369268,37.12596322575723,True,37.5,36.5,38.6,0.95,0.05,0.0,0.7,0.03,2,1785619239.7790654,False,True,True,False,1785619144.527415,False,True,1,0,False
1785430955.7579584,20,1785619249.757961,37.507820248722055,0.5841405355916686,37.141985198748756,True,37.5,36.5,38.6,0.95,0.05,0.0,0.7,0.03,2,1785619259.7850358,False,True,True,False,1785619144.527415,False,1,0,0,False
1785430955.7579584,20,1785619269.7639089,37.531853208209355,0.5841596093690394,37.17402914473182,True,37.5,36.5,38.6,0.95,0.05,0.0,0.7,0.03,2,1785619279.7910187,False,True,True,False,1785619144.527415,False,1,0,0,False
1785430955.7579584,20,1785619289.7700438,37.54520485236897,0.5844075684748608,37.16067750057222,True,37.5,36.5,38.6,0.95,0.05,0.0,0.7,0.03,2,1785619299.797152,False,True,True,False,1785619144.527415,False,1,0,0,False
1785430955.7579584,20,1785619309.7760532,37.56122682536049,0.5839879453727016,37.182040131227595,True,37.5,36.5,38.6,0.95,0.05,0.0,0.7,0.03,2,1785619319.8031855,False,True,True,True,1785619324.5274355,False,1,0,0,False
1785430955.7579584,20,1785619329.7821226,37.54787518120088,0.5841405355916686,37.176699473563744,True,37.5,36.5,38.6,0.95,0.05,0.0,0.7,0.03,2,1785619339.8092225,False,True,True,True,1785619324.5274355,False,1,0,0,False
1785430955.7579584,20,1785619349.7880552,37.51850156404974,0.5843121995880064,37.176699473563744,True,37.5,36.5,38.6,0.95,0.05,0.0,0.7,0.03,2,1785619359.8156178,False,True,True,False,1785619324.5274355,False,1,0,0,False
1785430955.7579584,20,1785619369.794426,37.53719386587319,0.5839497978179599,37.14465552758068,True,37.5,36.5,38.6,0.95,0.05,0.0,0.7,0.03,2,1785619379.8216374,False,True,True,False,1785619324.5274355,False,1,0,0,False
1785430955.7579584,20,1785619389.800387,37.50247959105822,0.5840451667048143,37.16334782940413,True,37.5,36.5,38.6,0.95,0.05,0.0,0.7,0.03,2,1785619399.826913,False,True,True,False,1785619324.5274355,False,1,0,0,False
1785430955.7579584,20,1785619409.8063185,37.50247959105822,0.5841214618142978,37.141985198748756,True,37.5,36.5,38.6,0.95,0.05,0.0,0.7,0.03,2,1785619419.8333988,False,True,True,False,1785619324.5274355,False,1,0,0,False
1785430955.7579584,20,1785619429.8123093,37.470435645075156,0.583778133821622,37.14732585641261,True,37.5,36.5,38.6,0.95,0.05,0.0,0.7,0.03,2,1785619439.839345,False,True,True,False,1785619324.5274355,False,True,1,0,False
1785430955.7579584,20,1785619449.8182507,37.48645761806668,0.5841023880369268,37.13130388342107,True,37.5,36.5,38.6,0.95,0.05,0.0,0.7,0.03,2,1785619459.845427,False,True,True,False,1785619324.5274355,False,True,1,0,False
1785430955.7579584,20,1785619469.8243046,37.489127946898606,0.5843884946974899,37.14732585641261,True,37.5,36.5,38.6,0.95,0.05,0.0,0.7,0.03,2,1785619479.8511775,False,True,True,False,1785619324.5274355,False,True,1,0,False
1785430955.7579584,20,1785619489.830213,37.465094987411305,0.5841405355916686,37.12863355458916,True,37.5,36.5,38.6,0.95,0.05,0.0,0.7,0.03,2,1785619499.8573072,False,True,True,True,1785619504.5274448,False,True,1,0,False
1785430955.7579584,20,1785619509.8361652,37.507820248722055,0.5839116502632181,37.15533684290837,True,37.5,36.5,38.6,0.95,0.05,0.0,0.7,0.03,2,1785619519.8632076,False,True,True,True,1785619504.5274448,False,1,0,0,False
1785430955.7579584,20,1785619529.842123,37.51583123521782,0.5838544289311055,37.14999618524453,True,37.5,36.5,38.6,0.95,0.05,0.0,0.7,0.03,2,1785619539.8691843,False,True,True,False,1785619504.5274448,False,1,0,0,False
1785430955.7579584,20,1785619549.8480427,37.49713893339437,0.5838544289311055,37.17135881589991,True,37.5,36.5,38.6,0.95,0.05,0.0,0.7,0.03,2,1785619559.8751693,False,True,True,False,1785619504.5274448,False,True,1,0,False
1785430955.7579584,20,1785619569.8541152,37.526512550545505,0.584083314259556,37.14999618524453,True,37.5,36.5,38.6,0.95,0.05,0.0,0.7,0.03,2,1785619579.881361,False,True,True,False,1785619504.5274448,False,1,0,0,False
1785430955.7579584,20,1785619589.8601894,37.51850156404974,0.5838544289311055,37.14732585641261,True,37.5,36.5,38.6,0.95,0.05,0.0,0.7,0.03,2,1785619599.8867621,False,True,True,False,1785619504.5274448,False,1,0,0,False
1785430955.7579584,20,1785619609.8661513,37.51850156404974,0.5841405355916686,37.158007171740294,True,37.5,36.5,38.6,0.95,0.05,0.0,0.7,0.03,2,1785619619.8927538,False,True,True,False,1785619504.5274448,False,1,0,0,False
1785430955.7579584,20,1785619629.8721108,37.52384222171359,0.5842549782558938,37.17936980239567,True,37.5,36.5,38.6,0.95,0.05,0.0,0.7,0.03,2,1785619639.899294,False,True,True,False,1785619504.5274448,False,1,0,0,False
1785430955.7579584,20,1785619649.8781927,37.513160906385906,0.584369420920119,37.17402914473182,True,37.5,36.5,38.6,0.95,0.05,0.0,0.7,0.03,2,1785619659.905309,False,True,True,False,1785619504.5274448,False,1,0,0,False
1785430955.7579584,20,1785619669.8841205,37.49980926222629,0.5841023880369268,37.13130388342107,True,37.5,36.5,38.6,0.95,0.05,0.0,0.7,0.03,2,1785619679.9105737,False,True,True,True,1785619684.5274801,False,True,1,0,False
1785430955.7579584,20,1785619689.8900905,37.470435645075156,0.584083314259556,37.15533684290837,True,37.5,36.5,38.6,0.95,0.05,0.0,0.7,0.03,2,1785619699.9172225,False,True,True,True,1785619684.5274801,False,True,1,0,False
1785430955.7579584,20,1785619709.8960786,37.48645761806668,0.5836446173800259,37.15533684290837,True,37.5,36.5,38.6,0.95,0.05,0.0,0.7,0.03,2,1785619719.9231899,False,True,True,False,1785619684.5274801,False,True,1,0,False
1785430955.7579584,20,1785619729.9021027,37.49446860456244,0.5838162813763639,37.14465552758068,True,37.5,36.5,38.6,0.95,0.05,0.0,0.7,0.03,2,1785619739.9291961,False,True,True,False,1785619684.5274801,False,True,1,0,False
1785430955.7579584,20,1785619749.9080288,37.49179827573053,0.5840260929274433,37.139314869916845,True,37.5,36.5,38.6,0.95,0.05,0.0,0.7,0.03,2,1785619759.9345655,False,True,True,False,1785619684.5274801,False,True,1,0,False
1785430955.7579584,20,1785619769.913968,37.51049057755398,0.5837209124895094,37.15533684290837,True,37.5,36.5,38.6,0.95,0.05,0.0,0.7,0.03,2,1785619779.94107,False,True,True,False,1785619684.5274801,False,1,0,0,False
1785430955.7579584,20,1785619789.919962,37.53986419470512,0.5842359044785229,37.184710460059506,True,37.5,36.5,38.6,0.95,0.05,0.0,0.7,0.03,2,1785619799.9470725,False,True,True,False,1785619684.5274801,False,1,0,0,False
1785430955.7579584,20,1785619809.9259856,37.53452353704128,0.5839688715953308,37.184710460059506,True,37.5,36.5,38.6,0.95,0.05,0.0,0.7,0.03,2,1785619819.953103,False,True,True,False,1785619684.5274801,False,1,0,0,False
1785430955.7579584,20,1785619829.9319296,37.513160906385906,0.584216830701152,37.200732433051044,True,37.5,36.5,38.6,0.95,0.05,0.0,0.7,0.03,2,1785619839.9590287,False,True,True,False,1785619684.5274801,False,1,0,0,False
1785430955.7579584,20,1785619849.937957,37.51850156404974,0.583930724040589,37.158007171740294,True,37.5,36.5,38.6,0.95,0.05,0.0,0.7,0.03,2,1785619859.965194,False,True,True,True,1785619864.5274963,False,1,0,0,False
1785430955.7579584,20,1785619869.9440548,37.51049057755398,0.5839116502632181,37.16334782940413,True,37.5,36.5,38.6,0.95,0.05,0.0,0.7,0.03,2,1785619879.9706116,False,True,True,True,1785619864.5274963,False,1,0,0,False
1785430955.7579584,20,1785619889.9500327,37.49713893339437,0.5840642404821851,37.133974212252994,True,37.5,36.5,38.6,0.95,0.05,0.0,0.7,0.03,2,1785619899.9773064,False,True,True,False,1785619864.5274963,False,True,1,0,False
1785430955.7579584,20,1785619909.9561355,37.48645761806668,0.5840260929274433,37.139314869916845,True,37.5,36.5,38.6,0.95,0.05,0.0,0.7,0.03,2,1785619919.983244,False,True,True,False,1785619864.5274963,False,True,1,0,False
1785430955.7579584,20,1785619929.9621704,37.489127946898606,0.5841786831464103,37.14465552758068,True,37.5,36.5,38.6,0.95,0.05,0.0,0.7,0.03,2,1785619939.9892998,False,True,True,False,1785619864.5274963,False,True,1,0,False
1785430955.7579584,20,1785619949.9681103,37.507820248722055,0.5840070191500725,37.14465552758068,True,37.5,36.5,38.6,0.95,0.05,0.0,0.7,0.03,2,1785619959.9952698,False,True,True,False,1785619864.5274963,False,1,0,0,False
1785430955.7579584,20,1785619969.974171,37.49980926222629,0.5838162813763639,37.16601815823606,True,37.5,36.5,38.6,0.95,0.05,0.0,0.7,0.03,2,1785619980.0012667,False,True,True,False,1785619864.5274963,False,True,1,0,False
1785430955.7579584,20,1785619989.9801214,37.49713893339437,0.5838544289311055,37.17936980239567,True,37.5,36.5,38.6,0.95,0.05,0.0,0.7,0.03,2,1785620000.0072517,False,True,True,False,1785619864.5274963,False,True,1,0,False
1785430955.7579584,20,1785620009.9861326,37.52384222171359,0.5841405355916686,37.158007171740294,True,37.5,36.5,38.6,0.95,0.05,0.0,0.7,0.03,2,1785620020.0132382,False,True,True,False,1785619864.5274963,False,1,0,0,False
1785430955.7579584,20,1785620029.9920862,37.513160906385906,0.5840642404821851,37.184710460059506,True,37.5,36.5,38.6,0.95,0.05,0.0,0.7,0.03,2,1785620040.0191486,False,True,True,True,1785620044.5275252,False,1,0,0,False
1785430955.7579584,20,1785620049.9980357,37.507820248722055,0.583778133821622,37.17936980239567,True,37.5,36.5,38.6,0.95,0.05,0.0,0.7,0.03,2,1785620060.0251157,False,True,True,True,1785620044.5275252,False,1,0,0,False
1785430955.7579584,20,1785620070.0039608,37.526512550545505,0.583778133821622,37.19005111772336,True,37.5,36.5,38.6,0.95,0.05,0.0,0.7,0.03,2,1785620080.0305216,False,True,True,False,1785620044.5275252,False,1,0,0,False
1785430955.7579584,20,1785620090.0099633,37.51850156404974,0.5836827649347677,37.16067750057222,True,37.5,36.5,38.6,0.95,0.05,0.0,0.7,0.03,2,1785620100.037021,False,True,True,False,1785620044.5275252,False,1,0,0,False
1785430955.7579584,20,1785620110.0158632,37.51850156404974,0.5833966582742046,37.16601815823606,True,37.5,36.5,38.6,0.95,0.05,0.0,0.7,0.03,2,1785620120.042896,False,True,True,False,1785620044.5275252,False,1,0,0,False
1785430955.7579584,20,1785620130.0218458,37.526512550545505,0.583930724040589,37.14465552758068,True,37.5,36.5,38.6,0.95,0.05,0.0,0.7,0.03,2,1785620140.04898,False,True,True,False,1785620044.5275252,False,1,0,0,False
1785430955.7579584,20,1785620150.0278347,37.48645761806668,0.5837209124895094,37.15533684290837,True,37.5,36.5,38.6,0.95,0.05,0.0,0.7,0.03,2,1785620160.0549505,False,True,True,False,1785620044.5275252,False,True,1,0,False
1785430955.7579584,20,1785620170.0338147,37.49980926222629,0.5838925764858474,37.139314869916845,True,37.5,36.5,38.6,0.95,0.05,0.0,0.7,0.03,2,1785620180.0609334,False,True,True,False,1785620044.5275252,False,True,1,0,False
1785430955.7579584,20,1785620190.0397117,37.51850156404974,0.5837590600442512,37.16334782940413,True,37.5,36.5,38.6,0.95,0.05,0.0,0.7,0.03,2,1785620200.0669503,False,True,True,False,1785620044.5275252,False,1,0,0,False
1785430955.7579584,20,1785620210.045716,37.49713893339437,0.5837399862668804,37.17936980239567,True,37.5,36.5,38.6,0.95,0.05,0.0,0.7,0.03,2,1785620220.073086,False,True,True,True,1785620224.5275342,False,True,1,0,False
1785430955.7579584,20,1785620230.0517821,37.49713893339437,0.5839879453727016,37.158007171740294,True,37.5,36.5,38.6,0.95,0.05,0.0,0.7,0.03,2,1785620240.0790222,False,True,True,True,1785620224.5275342,False,True,1,0,False
1785430955.7579584,20,1785620250.057824,37.50247959105822,0.5839497978179599,37.17402914473182,True,37.5,36.5,38.6,0.95,0.05,0.0,0.7,0.03,2,1785620260.0852048,False,True,True,False,1785620224.5275342,False,1,0,0,False
1785430955.7579584,20,1785620270.0641198,37.489127946898606,0.5835492484931716,37.14732585641261,True,37.5,36.5,38.6,0.95,0.05,0.0,0.7,0.03,2,1785620280.09127,False,True,True,False,1785620224.5275342,False,True,1,0,False
1785430955.7579584,20,1785620290.0701983,37.51850156404974,0.5837972075989929,37.17135881589991,True,37.5,36.5,38.6,0.95,0.05,0.0,0.7,0.03,2,1785620300.0972967,False,True,True,False,1785620224.5275342,False,1,0,0,False
1785430955.7579584,20,1785620310.0761516,37.53452353704128,0.5835873960479134,37.14465552758068,True,37.5,36.5,38.6,0.95,0.05,0.0,0.7,0.03,2,1785620320.103167,False,True,True,False,1785620224.5275342,False,1,0,0,False
1785430955.7579584,20,1785620330.0822036,37.52117189288167,0.5837590600442512,37.14999618524453,True,37.5,36.5,38.6,0.95,0.05,0.0,0.7,0.03,2,1785620340.1092823,False,True,True,False,1785620224.5275342,False,1,0,0,False
1785430955.7579584,20,1785620350.088226,37.52384222171359,0.5836827649347677,37.16067750057222,True,37.5,36.5,38.6,0.95,0.05,0.0,0.7,0.03,2,1785620360.1149604,False,True,True,False,1785620224.5275342,False,1,0,0,False
1785430955.7579584,20,1785620370.0943608,37.52117189288167,0.5838162813763639,37.16067750057222,True,37.5,36.5,38.6,0.95,0.05,0.0,0.7,0.03,2,1785620380.1214495,False,True,True,False,1785620224.5275342,False,1,0,0,False
1785430955.7579584,20,1785620390.1003776,37.513160906385906,0.5834538796063172,37.152666514076444,True,37.5,36.5,38.6,0.95,0.05,0.0,0.7,0.03,2,1785620400.127475,False,True,True,True,1785620404.527537,False,1,0,0,False
1785430955.7579584,20,1785620410.1064966,37.49713893339437,0.5836064698252842,37.152666514076444,True,37.5,36.5,38.6,0.95,0.05,0.0,0.7,0.03,2,1785620420.1334777,False,True,True,True,1785620404.527537,False,True,1,0,False
1785430955.7579584,20,1785620430.1126986,37.49713893339437,0.5836636911573969,37.14732585641261,True,37.5,36.5,38.6,0.95,0.05,0.0,0.7,0.03,2,1785620440.1393726,False,True,True,False,1785620404.527537,False,True,1,0,False
1785430955.7579584,20,1785620450.1186447,37.481116960402844,0.5835873960479134,37.141985198748756,True,37.5,36.5,38.6,0.95,0.05,0.0,0.7,0.03,2,1785620460.1458776,False,True,True,False,1785620404.527537,False,True,1,0,False
1785430955.7579584,20,1785620470.124562,37.49980926222629,0.5833966582742046,37.158007171740294,True,37.5,36.5,38.6,0.95,0.05,0.0,0.7,0.03,2,1785620480.1518698,False,True,True,False,1785620404.527537,False,True,1,0,False
1785430955.7579584,20,1785620490.1307113,37.513160906385906,0.58351110093843,37.17135881589991,True,37.5,36.5,38.6,0.95,0.05,0.0,0.7,0.03,2,1785620500.1572707,False,True,True,False,1785620404.527537,False,1,0,0,False
1785430955.7579584,20,1785620510.1368315,37.513160906385906,0.5837590600442512,37.133974212252994,True,37.5,36.5,38.6,0.95,0.05,0.0,0.7,0.03,2,1785620520.163427,False,True,True,False,1785620404.527537,False,1,0,0,False
1785430955.7579584,20,1785620530.142711,37.51049057755398,0.5836255436026551,37.15533684290837,True,37.5,36.5,38.6,0.95,0.05,0.0,0.7,0.03,2,1785620540.1698093,False,True,True,False,1785620404.527537,False,1,0,0,False
1785430955.7579584,20,1785620550.1487408,37.52384222171359,0.583492027161059,37.176699473563744,True,37.5,36.5,38.6,0.95,0.05,0.0,0.7,0.03,2,1785620560.1759467,False,True,True,False,1785620404.527537,False,1,0,0,False
1785430955.7579584,20,1785620570.154805,37.489127946898606,0.5836827649347677,37.15533684290837,True,37.5,36.5,38.6,0.95,0.05,0.0,0.7,0.03,2,1785620580.1819105,False,True,True,True,1785620584.5275688,False,True,1,0,False
1785430955.7579584,20,1785620590.1608057,37.470435645075156,0.58351110093843,37.152666514076444,True,37.5,36.5,38.6,0.95,0.05,0.0,0.7,0.03,2,1785620600.187846,False,True,True,True,1785620584.5275688,False,True,1,0,False
1785430955.7579584,20,1785620610.1666863,37.47577630273899,0.5839497978179599,37.13664454108492,True,37.5,36.5,38.6,0.95,0.05,0.0,0.7,0.03,2,1785620620.1939344,False,True,True,False,1785620584.5275688,False,True,1,0,False
1785430955.7579584,20,1785620630.1728144,37.48645761806668,0.58351110093843,37.17402914473182,True,37.5,36.5,38.6,0.95,0.05,0.0,0.7,0.03,2,1785620640.1994352,False,True,True,False,1785620584.5275688,False,True,1,0,False
1785430955.7579584,20,1785620650.1787663,37.49713893339437,0.5835492484931716,37.141985198748756,True,37.5,36.5,38.6,0.95,0.05,0.0,0.7,0.03,2,1785620660.2058184,False,True,True,False,1785620584.5275688,False,True,1,0,False
1785430955.7579584,20,1785620670.184709,37.51583123521782,0.5839688715953308,37.17402914473182,True,37.5,36.5,38.6,0.95,0.05,0.0,0.7,0.03,2,1785620680.2112918,False,True,True,False,1785620584.5275688,False,1,0,0,False
1785430955.7579584,20,1785620690.1906621,37.51850156404974,0.5837209124895094,37.14999618524453,True,37.5,36.5,38.6,0.95,0.05,0.0,0.7,0.03,2,1785620700.2171683,False,True,True,False,1785620584.5275688,False,1,0,0,False
1785430955.7579584,20,1785620710.1966786,37.52384222171359,0.5835301747158007,37.17135881589991,True,37.5,36.5,38.6,0.95,0.05,0.0,0.7,0.03,2,1785620720.2231576,False,True,True,False,1785620584.5275688,False,1,0,0,False
1785430955.7579584,20,1785620730.2025933,37.526512550545505,0.5831486991683833,37.14999618524453,True,37.5,36.5,38.6,0.95,0.05,0.0,0.7,0.03,2,1785620740.2296326,False,True,True,False,1785620584.5275688,False,1,0,0,False
1785430955.7579584,20,1785620750.2085328,37.53452353704128,0.583492027161059,37.176699473563744,True,37.5,36.5,38.6,0.95,0.05,0.0,0.7,0.03,2,1785620760.235582,False,True,True,True,1785620764.5275998,False,1,0,0,False
1785430955.7579584,20,1785620770.2145407,37.526512550545505,0.5835873960479134,37.17135881589991,True,37.5,36.5,38.6,0.95,0.05,0.0,0.7,0.03,2,1785620780.2416666,False,True,True,True,1785620764.5275998,False,1,0,0,False
1785430955.7579584,20,1785620790.220544,37.513160906385906,0.5831677729457542,37.158007171740294,True,37.5,36.5,38.6,0.95,0.05,0.0,0.7,0.03,2,1785620800.247557,False,True,True,False,1785620764.5275998,False,1,0,0,False
1785430955.7579584,20,1785620810.2264583,37.47577630273899,0.5837018387121385,37.17402914473182,True,37.5,36.5,38.6,0.95,0.05,0.0,0.7,0.03,2,1785620820.2536108,False,True,True,False,1785620764.5275998,False,True,1,0,False
1785430955.7579584,20,1785620830.2324831,37.48645761806668,0.5835873960479134,37.13130388342107,True,37.5,36.5,38.6,0.95,0.05,0.0,0.7,0.03,2,1785620840.259567,False,True,True,False,1785620764.5275998,False,True,1,0,False
1785430955.7579584,20,1785620850.2384274,37.470435645075156,0.5836064698252842,37.14732585641261,True,37.5,36.5,38.6,0.95,0.05,0.0,0.7,0.03,2,1785620860.2655766,False,True,True,False,1785620764.5275998,False,True,1,0,False
1785430955.7579584,20,1785620870.2443972,37.49980926222629,0.5835301747158007,37.14732585641261,True,37.5,36.5,38.6,0.95,0.05,0.0,0.7,0.03,2,1785620880.2709687,False,True,True,False,1785620764.5275998,False,True,1,0,False
1785430955.7579584,20,1785620890.2502954,37.507820248722055,0.5837590600442512,37.15533684290837,True,37.5,36.5,38.6,0.95,0.05,0.0,0.7,0.03,2,1785620900.2767467,False,True,True,False,1785620764.5275998,False,1,0,0,False
1785430955.7579584,20,1785620910.2563434,37.52384222171359,0.5837399862668804,37.182040131227595,True,37.5,36.5,38.6,0.95,0.05,0.0,0.7,0.03,2,1785620920.283473,False,True,True,False,1785620764.5275998,False,1,0,0,False
1785430955.7579584,20,1785620930.262391,37.51583123521782,0.5837590600442512,37.16601815823606,True,37.5,36.5,38.6,0.95,0.05,0.0,0.7,0.03,2,1785620940.2889206,False,True,True,True,1785620944.5276244,False,1,0,0,False
1785430955.7579584,20,1785620950.2683399,37.507820248722055,0.5836827649347677,37.176699473563744,True,37.5,36.5,38.6,0.95,0.05,0.0,0.7,0.03,2,1785620960.2953982,False,True,True,True,1785620944.5276244,False,1,0,0,False
1785430955.7579584,20,1785620970.2743387,37.49980926222629,0.583186846723125,37.16067750057222,True,37.5,36.5,38.6,0.95,0.05,0.0,0.7,0.03,2,1785620980.3015525,False,True,True,False,1785620944.5276244,False,True,1,0,False
1785430955.7579584,20,1785620990.2804193,37.49179827573053,0.5833012893873503,37.158007171740294,True,37.5,36.5,38.6,0.95,0.05,0.0,0.7,0.03,2,1785621000.3075328,False,True,True,False,1785620944.5276244,False,True,1,0,False
1785430955.7579584,20,1785621010.286411,37.49179827573053,0.5837590600442512,37.14732585641261,True,37.5,36.5,38.6,0.95,0.05,0.0,0.7,0.03,2,1785621020.3135085,False,True,True,False,1785620944.5276244,False,True,1,0,False
1785430955.7579584,20,1785621030.2923872,37.49179827573053,0.5838925764858474,37.16334782940413,True,37.5,36.5,38.6,0.95,0.05,0.0,0.7,0.03,2,1785621040.3196075,False,True,True,False,1785620944.5276244,False,True,1,0,False
1785430955.7579584,20,1785621050.2985075,37.52384222171359,0.5833203631647211,37.16334782940413,True,37.5,36.5,38.6,0.95,0.05,0.0,0.7,0.03,2,1785621060.3256578,False,True,True,False,1785620944.5276244,False,1,0,0,False
1785430955.7579584,20,1785621070.3045666,37.51049057755398,0.5836255436026551,37.17402914473182,True,37.5,36.5,38.6,0.95,0.05,0.0,0.7,0.03,2,1785621080.3315666,False,True,True,False,1785620944.5276244,False,1,0,0,False
1785430955.7579584,20,1785621090.31047,37.53452353704128,0.5832822156099795,37.176699473563744,True,37.5,36.5,38.6,0.95,0.05,0.0,0.7,0.03,2,1785621100.3370674,False,True,True,False,1785620944.5276244,False,1,0,0,False
1785430955.7579584,20,1785621110.31645,37.550545510032805,0.5833203631647211,37.17135881589991,True,37.5,36.5,38.6,0.95,0.05,0.0,0.7,0.03,2,1785621120.3435073,False,True,True,True,1785621124.5276344,False,1,0,0,False
1785430955.7579584,20,1785621130.3224382,37.51049057755398,0.5834157320515755,37.14465552758068,True,37.5,36.5,38.6,0.95,0.05,0.0,0.7,0.03,2,1785621140.3495183,False,True,True,True,1785621124.5276344,False,1,0,0,False
1785430955.7579584,20,1785621150.3284078,37.49713893339437,0.5835683222705424,37.14465552758068,True,37.5,36.5,38.6,0.95,0.05,0.0,0.7,0.03,2,1785621160.3554897,False,True,True,False,1785621124.5276344,False,True,1,0,False
1785430955.7579584,20,1785621170.3343241,37.483787289234755,0.5833966582742046,37.14999618524453,True,37.5,36.5,38.6,0.95,0.05,0.0,0.7,0.03,2,1785621180.3615026,False,True,True,False,1785621124.5276344,False,True,1,0,False
1785430955.7579584,20,1785621190.340332,37.47577630273899,0.583339436942092,37.14732585641261,True,37.5,36.5,38.6,0.95,0.05,0.0,0.7,0.03,2,1785621200.366859,False,True,True,False,1785621124.5276344,False,True,1,0,False
1785430955.7579584,20,1785621210.3462434,37.470435645075156,0.5832631418326085,37.14732585641261,True,37.5,36.5,38.6,0.95,0.05,0.0,0.7,0.03,2,1785621220.3728392,False,True,True,False,1785621124.5276344,False,True,1,0,False
1785430955.7579584,20,1785621230.3522336,37.48645761806668,0.5836446173800259,37.158007171740294,True,37.5,36.5,38.6,0.95,0.05,0.0,0.7,0.03,2,1785621240.3788674,False,True,True,False,1785621124.5276344,False,True,1,0,False
1785430955.7579584,20,1785621250.3581736,37.507820248722055,0.5834538796063172,37.152666514076444,True,37.5,36.5,38.6,0.95,0.05,0.0,0.7,0.03,2,1785621260.385299,False,True,True,False,1785621124.5276344,False,1,0,0,False
1785430955.7579584,20,1785621270.3641398,37.52117189288167,0.5837209124895094,37.16868848706798,True,37.5,36.5,38.6,0.95,0.05,0.0,0.7,0.03,2,1785621280.3913186,False,True,True,False,1785621124.5276344,False,1,0,0,False
1785430955.7579584,20,1785621290.3702128,37.52384222171359,0.5833203631647211,37.16067750057222,True,37.5,36.5,38.6,0.95,0.05,0.0,0.7,0.03,2,1785621300.397319,False,True,True,True,1785621304.5276384,False,1,0,0,False
1785430955.7579584,20,1785621310.376167,37.513160906385906,0.5832631418326085,37.176699473563744,True,37.5,36.5,38.6,0.95,0.05,0.0,0.7,0.03,2,1785621320.4026978,False,True,True,True,1785621304.5276384,False,1,0,0,False
1785430955.7579584,20,1785621330.3822415,37.50514991989013,0.583339436942092,37.139314869916845,True,37.5,36.5,38.6,0.95,0.05,0.0,0.7,0.03,2,1785621340.408983,False,True,True,False,1785621304.5276384,False,1,0,0,False
1785430955.7579584,20,1785621350.3882215,37.507820248722055,0.58351110093843,37.139314869916845,True,37.5,36.5,38.6,0.95,0.05,0.0,0.7,0.03,2,1785621360.4153116,False,True,True,False,1785621304.5276384,False,1,0,0,False
1785430955.7579584,20,1785621370.3941932,37.49980926222629,0.5831486991683833,37.12863355458916,True,37.5,36.5,38.6,0.95,0.05,0.0,0.7,0.03,2,1785621380.4207525,False,True,True,False,1785621304.5276384,False,True,1,0,False
1785430955.7579584,20,1785621390.4000916,37.48645761806668,0.5834157320515755,37.13664454108492,True,37.5,36.5,38.6,0.95,0.05,0.0,0.7,0.03,2,1785621400.427238,False,True,True,False,1785621304.5276384,False,True,1,0,False
1785430955.7579584,20,1785621410.4060724,37.49179827573053,0.5835492484931716,37.14732585641261,True,37.5,36.5,38.6,0.95,0.05,0.0,0.7,0.03,2,1785621420.4331841,False,True,True,False,1785621304.5276384,False,True,1,0,False
1785430955.7579584,20,1785621430.4120667,37.50247959105822,0.5832440680552377,37.158007171740294,True,37.5,36.5,38.6,0.95,0.05,0.0,0.7,0.03,2,1785621440.4391627,False,True,True,False,1785621304.5276384,False,1,0,0,False
1785430955.7579584,20,1785621450.4181092,37.53452353704128,0.5834157320515755,37.16334782940413,True,37.5,36.5,38.6,0.95,0.05,0.0,0.7,0.03,2,1785621460.4451592,False,True,True,False,1785621304.5276384,False,1,0,0,False
1785430955.7579584,20,1785621470.424079,37.54787518120088,0.5835301747158007,37.17936980239567,True,37.5,36.5,38.6,0.95,0.05,0.0,0.7,0.03,2,1785621480.451172,False,True,True,True,1785621484.5276616,False,1,0,0,False
1785430955.7579584,20,1785621490.4300935,37.52384222171359,0.5831296253910125,37.17135881589991,True,37.5,36.5,38.6,0.95,0.05,0.0,0.7,0.03,2,1785621500.4567075,False,True,True,True,1785621484.5276616,False,1,0,0,False
1785430955.7579584,20,1785621510.4360526,37.49179827573053,0.583205920500496,37.17135881589991,True,37.5,36.5,38.6,0.95,0.05,0.0,0.7,0.03,2,1785621520.4631443,False,True,True,False,1785621484.5276616,False,True,1,0,False
1785430955.7579584,20,1785621530.4420218,37.50514991989013,0.5832822156099795,37.176699473563744,True,37.5,36.5,38.6,0.95,0.05,0.0,0.7,0.03,2,1785621540.4690945,False,True,True,False,1785621484.5276616,False,1,0,0,False
1785430955.7579584,20,1785621550.4480534,37.513160906385906,0.5834538796063172,37.17135881589991,True,37.5,36.5,38.6,0.95,0.05,0.0,0.7,0.03,2,1785621560.4746475,False,True,True,False,1785621484.5276616,False,1,0,0,False
1785430955.7579584,20,1785621570.4541876,37.50514991989013,0.583339436942092,37.15533684290837,True,37.5,36.5,38.6,0.95,0.05,0.0,0.7,0.03,2,1785621580.4807642,False,True,True,False,1785621484.5276616,False,1,0,0,False
1785430955.7579584,20,1785621590.4600737,37.481116960402844,0.5830342565041581,37.14732585641261,True,37.5,36.5,38.6,0.95,0.05,0.0,0.7,0.03,2,1785621600.4871936,False,True,True,False,1785621484.5276616,False,True,1,0,False
1785430955.7579584,20,1785621610.4668365,37.58258945601587,0.5832249942778668,37.13664454108492,True,37.5,36.5,38.6,0.95,0.05,0.0,0.7,0.03,2,1785621620.4945626,True,False,True,False,1785621484.5276616,False,1,0,0,False
1785430955.7579584,20,1785621630.4739318,37.641336690318155,0.583339436942092,37.13664454108492,True,37.5,36.5,38.6,0.95,0.05,0.0,0.7,0.03,2,1785621640.5013347,True,True,True,False,1785621484.5276616,False,1,0,0,False
1785430955.7579584,20,1785621650.4803014,37.68940260929274,0.5833203631647211,37.14732585641261,True,37.5,36.5,38.6,0.95,0.05,0.0,0.7,0.03,2,1785621660.5075758,True,False,True,True,1785621664.5276897,False,1,0,0,False
1785430955.7579584,20,1785621670.4868977,37.70809491111619,0.5836446173800259,37.13130388342107,True,37.5,36.5,38.6,0.95,0.05,0.0,0.7,0.03,2,1785621680.5142205,True,True,True,True,1785621664.5276897,False,1,0,0,False
1785430955.7579584,20,1785621690.493262,37.68940260929274,0.5838162813763639,37.11795223926147,True,37.5,36.5,38.6,0.95,0.05,0.0,0.7,0.03,2,1785621700.5206335,True,False,True,False,1785621664.5276897,False,1,0,0,False
1785430955.7579584,20,1785621710.4996424,37.68940260929274,0.58351110093843,37.10727092393378,True,37.5,36.5,38.6,0.95,0.05,0.0,0.7,0.03,2,1785621720.5271015,True,True,True,False,1785621664.5276897,False,1,0,0,False
1785430955.7579584,20,1785621730.5060287,37.67071030746929,0.583358510719463,37.10193026626993,True,37.5,36.5,38.6,0.95,0.05,0.0,0.7,0.03,2,1785621740.5333934,True,False,True,False,1785621664.5276897,False,1,0,0,False
1785430955.7579584,20,1785621750.5123398,37.67338063630122,0.5833775844968337,37.08590829327841,True,37.5,36.5,38.6,0.95,0.05,0.0,0.7,0.03,2,1785621760.5396407,True,True,True,False,1785621664.5276897,False,1,0,0,False
1785430955.7579584,20,1785621770.5192418,37.67605096513313,0.58351110093843,37.08056763561456,True,37.5,36.5,38.6,0.95,0.05,0.0,0.7,0.03,2,1785621780.5467772,True,False,True,False,1785621664.5276897,False,1,0,0,False
1785430955.7579584,20,1785621790.5267913,37.66269932097353,0.583492027161059,37.08323796444648,True,37.5,36.5,38.6,0.95,0.05,0.0,0.7,0.03,2,1785621800.5551326,True,False,True,False,1785621664.5276897,False,1,0,0,False
1785430955.7579584,20,1785621810.534447,37.65201800564584,0.5832440680552377,37.07789730678263,True,37.5,36.5,38.6,0.95,0.05,0.0,0.7,0.03,2,1785621820.5644999,True,True,True,False,1785621664.5276897,False,1,0,0,False
1785430955.7579584,20,1785621830.5421572,37.63065537499047,0.583358510719463,37.08323796444648,True,37.5,36.5,38.6,0.95,0.05,0.0,0.7,0.03,2,1785621840.5697885,True,False,True,True,1785621844.527718,False,1,0,0,False
1785430955.7579584,20,1785621850.5491552,37.63065537499047,0.5833203631647211,37.04051270313573,True,37.5,36.5,38.6,0.95,0.05,0.0,0.7,0.03,2,1785621860.5773432,True,True,True,True,1785621844.527718,False,1,0,0,False
1785430955.7579584,20,1785621870.5557106,37.62264438849469,0.583339436942092,37.01380941481651,True,37.5,36.5,38.6,0.95,0.05,0.0,0.7,0.03,2,1785621880.5830321,True,True,True,False,1785621844.527718,False,1,0,0,False
1785430955.7579584,20,1785621890.562068,37.60395208667124,0.5831296253910125,37.02716105897612,True,37.5,36.5,38.6,0.95,0.05,0.0,0.7,0.03,2,1785621900.5894163,True,False,True,False,1785621844.527718,False,1,0,0,False
1785430955.7579584,20,1785621910.5683877,37.57724879835203,0.5835683222705424,37.011139085984595,True,37.5,36.5,38.6,0.95,0.05,0.0,0.7,0.03,2,1785621920.595707,True,True,True,False,1785621844.527718,False,1,0,0,False
1785430955.7579584,20,1785621930.57529,37.56389715419242,0.5829961089494163,37.01647974364843,True,37.5,36.5,38.6,0.95,0.05,0.0,0.7,0.03,2,1785621940.6037183,True,False,True,False,1785621844.527718,False,1,0,0,False
1785430955.7579584,20,1785621950.5831516,37.58258945601587,0.5831296253910125,37.005798428320745,True,37.5,36.5,38.6,0.95,0.05,0.0,0.7,0.03,2,1785621960.6122322,True,False,True,False,1785621844.527718,False,1,0,0,False
1785430955.7579584,20,1785621970.590274,37.569237811856254,0.58351110093843,36.989776455329206,True,37.5,36.5,38.6,0.95,0.05,0.0,0.7,0.03,2,1785621980.6171997,True,True,True,False,1785621844.527718,False,1,0,0,False
1785430955.7579584,20,1785621990.5965135,37.52384222171359,0.5831486991683833,36.99244678416113,True,37.5,36.5,38.6,0.95,0.05,0.0,0.7,0.03,2,1785622000.623825,True,False,True,False,1785621844.527718,False,1,0,0,False
1785430955.7579584,20,1785622010.603383,37.52384222171359,0.5832822156099795,36.94972152285038,True,37.5,36.5,38.6,0.95,0.05,0.0,0.7,0.03,2,1785622020.6311371,True,True,True,True,1785622024.5277498,False,1,0,0,False
1785430955.7579584,20,1785622030.6102908,37.507820248722055,0.5830533302815291,36.95506218051423,True,37.5,36.5,38.6,0.95,0.05,0.0,0.7,0.03,2,1785622040.6374733,True,True,True,True,1785622024.5277498,False,1,0,0,False
1785430955.7579584,20,1785622050.6168284,37.481116960402844,0.5829961089494163,36.939040207522694,True,37.5,36.5,38.6,0.95,0.05,0.0,0.7,0.03,2,1785622060.6441905,True,False,True,False,1785622024.5277498,False,True,1,0,False
1785430955.7579584,20,1785622070.623111,37.483787289234755,0.5829770351720456,36.94972152285038,True,37.5,36.5,38.6,0.95,0.05,0.0,0.7,0.03,2,1785622080.6504724,True,True,True,False,1785622024.5277498,False,True,1,0,False
1785430955.7579584,20,1785622090.6294506,37.470435645075156,0.5829579613946746,36.957732509346144,True,37.5,36.5,38.6,0.95,0.05,0.0,0.7,0.03,2,1785622100.6568408,True,False,True,False,1785622024.5277498,False,True,1,0,False
1785430955.7579584,20,1785622110.635735,37.470435645075156,0.5829007400625621,36.915007248035394,True,37.5,36.5,38.6,0.95,0.05,0.0,0.7,0.03,2,1785622120.6627126,True,False,True,False,1785622024.5277498,False,True,1,0,False
1785430955.7579584,20,1785622130.642058,37.49446860456244,0.583205920500496,36.92568856336308,True,37.5,36.5,38.6,0.95,0.05,0.0,0.7,0.03,2,1785622140.6715071,True,False,True,False,1785622024.5277498,False,True,1,0,False
1785430955.7579584,20,1785622150.6484187,37.51850156404974,0.5835492484931716,36.94171053635462,True,37.5,36.5,38.6,0.95,0.05,0.0,0.7,0.03,2,1785622160.680377,True,True,True,False,1785622024.5277498,False,1,0,0,False
1785430955.7579584,20,1785622170.6548228,37.53719386587319,0.5829579613946746,36.963073167009995,True,37.5,36.5,38.6,0.95,0.05,0.0,0.7,0.03,2,1785622180.6859393,True,False,True,False,1785622024.5277498,False,1,0,0,False
1785430955.7579584,20,1785622190.6613126,37.550545510032805,0.5830151827267872,36.944380865186545,True,37.5,36.5,38.6,0.95,0.05,0.0,0.7,0.03,2,1785622200.6883502,True,True,True,True,1785622204.527788,False,1,0,0,False
1785430955.7579584,20,1785622210.6681862,37.550545510032805,0.5829388876173037,36.97642481116961,True,37.5,36.5,38.6,0.95,0.05,0.0,0.7,0.03,2,1785622220.6973393,True,True,True,True,1785622204.527788,False,1,0,0,False
1785430955.7579584,20,1785622230.6754947,37.52918287937743,0.5829388876173037,36.981765468833444,True,37.5,36.5,38.6,0.95,0.05,0.0,0.7,0.03,2,1785622240.7028658,True,False,True,False,1785622204.527788,False,1,0,0,False
1785430955.7579584,20,1785622250.6819057,37.53452353704128,0.583205920500496,36.96574349584192,True,37.5,36.5,38.6,0.95,0.05,0.0,0.7,0.03,2,1785622260.709152,True,False,True,False,1785622204.527788,False,1,0,0,False
1785430955.7579584,20,1785622270.688127,37.53719386587319,0.5831486991683833,36.939040207522694,True,37.5,36.5,38.6,0.95,0.05,0.0,0.7,0.03,2,1785622280.7154684,True,False,True,False,1785622204.527788,False,1,0,0,False
1785430955.7579584,20,1785622290.694524,37.53986419470512,0.5830342565041581,36.963073167009995,True,37.5,36.5,38.6,0.95,0.05,0.0,0.7,0.03,2,1785622300.7219512,True,True,True,False,1785622204.527788,False,1,0,0,False
1785430955.7579584,20,1785622310.7009299,37.52384222171359,0.5827100022888533,36.963073167009995,True,37.5,36.5,38.6,0.95,0.05,0.0,0.7,0.03,2,1785622320.7283595,True,False,True,False,1785622204.527788,False,1,0,0,False
1785430955.7579584,20,1785622330.7073128,37.51049057755398,0.5830342565041581,36.95239185168231,True,37.5,36.5,38.6,0.95,0.05,0.0,0.7,0.03,2,1785622340.7376595,True,True,True,False,1785622204.527788,False,1,0,0,False
1785430955.7579584,20,1785622350.7138178,37.52384222171359,0.5830914778362707,36.92568856336308,True,37.5,36.5,38.6,0.95,0.05,0.0,0.7,0.03,2,1785622360.7413602,True,False,True,False,1785622204.527788,False,1,0,0,False
1785430955.7579584,20,1785622370.7208717,37.51049057755398,0.5829770351720456,36.93102922102693,True,37.5,36.5,38.6,0.95,0.05,0.0,0.7,0.03,2,1785622380.749326,True,False,True,True,1785622384.527824,False,1,0,0,False
1785430955.7579584,20,1785622390.7279246,37.48645761806668,0.5830151827267872,36.939040207522694,True,37.5,36.5,38.6,0.95,0.05,0.0,0.7,0.03,2,1785622400.7553492,True,False,True,True,1785622384.527824,False,True,1,0,False
1785430955.7579584,20,1785622410.7343385,37.470435645075156,0.5830724040588998,36.90699626153963,True,37.5,36.5,38.6,0.95,0.05,0.0,0.7,0.03,2,1785622420.7614756,True,False,True,False,1785622384.527824,False,True,1,0,False
1785430955.7579584,20,1785622430.7412927,37.465094987411305,0.5827100022888533,36.92301823453117,True,37.5,36.5,38.6,0.95,0.05,0.0,0.7,0.03,2,1785622440.7696955,True,True,True,False,1785622384.527824,False,True,1,0,False
1785430955.7579584,20,1785622450.7482498,37.48645761806668,0.5829579613946746,36.91233691920348,True,37.5,36.5,38.6,0.95,0.05,0.0,0.7,0.03,2,1785622460.7763066,True,True,True,False,1785622384.527824,False,True,1,0,False
1785430955.7579584,20,1785622470.7553198,37.489127946898606,0.5829961089494163,36.944380865186545,True,37.5,36.5,38.6,0.95,0.05,0.0,0.7,0.03,2,1785622480.783687,True,False,True,False,1785622384.527824,False,True,1,0,False
1785430955.7579584,20,1785622490.7630646,37.513160906385906,0.5830342565041581,36.93102922102693,True,37.5,36.5,38.6,0.95,0.05,0.0,0.7,0.03,2,1785622500.7908957,True,True,True,False,1785622384.527824,False,1,0,0,False
1785430955.7579584,20,1785622510.7700384,37.555886167696656,0.5830914778362707,36.93636987869077,True,37.5,36.5,38.6,0.95,0.05,0.0,0.7,0.03,2,1785622520.7986276,True,False,True,False,1785622384.527824,False,1,0,0,False
1785430955.7579584,20,1785622530.776426,37.56389715419242,0.5827672236209659,36.93102922102693,True,37.5,36.5,38.6,0.95,0.05,0.0,0.7,0.03,2,1785622540.8100417,True,False,True,False,1785622384.527824,False,1,0,0,False
1785430955.7579584,20,1785622550.7828832,37.56122682536049,0.5832822156099795,36.95239185168231,True,37.5,36.5,38.6,0.95,0.05,0.0,0.7,0.03,2,1785622560.8100586,True,False,True,True,1785622564.5278273,False,1,0,0,False
1785430955.7579584,20,1785622570.7893217,37.55321583886473,0.5830533302815291,36.93636987869077,True,37.5,36.5,38.6,0.95,0.05,0.0,0.7,0.03,2,1785622580.8165858,True,False,True,True,1785622564.5278273,False,1,0,0,False
1785430955.7579584,20,1785622590.7955742,37.53452353704128,0.5827290760662241,36.95506218051423,True,37.5,36.5,38.6,0.95,0.05,0.0,0.7,0.03,2,1785622600.8235145,True,False,True,False,1785622564.5278273,False,1,0,0,False
1785430955.7579584,20,1785622610.802027,37.53452353704128,0.5830724040588998,36.96040283817807,True,37.5,36.5,38.6,0.95,0.05,0.0,0.7,0.03,2,1785622620.8289883,True,False,True,False,1785622564.5278273,False,1,0,0,False
1785430955.7579584,20,1785622630.8083198,37.550545510032805,0.5828625925078202,36.939040207522694,True,37.5,36.5,38.6,0.95,0.05,0.0,0.7,0.03,2,1785622640.8356943,True,False,True,False,1785622564.5278273,False,1,0,0,False
1785430955.7579584,20,1785622650.8147361,37.52384222171359,0.5830151827267872,36.939040207522694,True,37.5,36.5,38.6,0.95,0.05,0.0,0.7,0.03,2,1785622660.842443,True,True,True,False,1785622564.5278273,False,1,0,0,False
1785430955.7579584,20,1785622670.8218343,37.531853208209355,0.5831486991683833,36.92835889219501,True,37.5,36.5,38.6,0.95,0.05,0.0,0.7,0.03,2,1785622680.8501627,True,False,True,False,1785622564.5278273,False,1,0,0,False
1785430955.7579584,20,1785622690.8294947,37.51850156404974,0.5829961089494163,36.90966659037156,True,37.5,36.5,38.6,0.95,0.05,0.0,0.7,0.03,2,1785622700.8571336,True,True,True,False,1785622564.5278273,False,1,0,0,False
1785430955.7579584,20,1785622710.8371499,37.49713893339437,0.5825574120698863,36.90432593270771,True,37.5,36.5,38.6,0.95,0.05,0.0,0.7,0.03,2,1785622720.865623,True,False,True,False,1785622564.5278273,False,True,1,0,False
1785430955.7579584,20,1785622730.8448513,37.47310597390707,0.5830151827267872,36.92568856336308,True,37.5,36.5,38.6,0.95,0.05,0.0,0.7,0.03,2,1785622740.8733745,True,True,True,True,1785622744.5278375,False,True,1,0,False
1785430955.7579584,20,1785622750.8526185,37.465094987411305,0.5827672236209659,36.89364461738002,True,37.5,36.5,38.6,0.95,0.05,0.0,0.7,0.03,2,1785622760.8810585,True,True,True,True,1785622744.5278375,False,True,1,0,False
1785430955.7579584,20,1785622770.8596203,37.46242465857938,0.5825764858472572,36.88830395971618,True,37.5,36.5,38.6,0.95,0.05,0.0,0.7,0.03,2,1785622780.8870037,True,False,True,False,1785622744.5278375,False,True,1,0,False
1785430955.7579584,20,1785622790.8660274,37.465094987411305,0.5829198138399329,36.896314946211945,True,37.5,36.5,38.6,0.95,0.05,0.0,0.7,0.03,2,1785622800.893508,True,False,True,False,1785622744.5278375,False,True,1,0,False
1785430955.7579584,20,1785622810.8724778,37.49179827573053,0.5827672236209659,36.88563363088426,True,37.5,36.5,38.6,0.95,0.05,0.0,0.7,0.03,2,1785622820.8998349,True,False,True,False,1785622744.5278375,False,True,1,0,False
1785430955.7579584,20,1785622830.878776,37.51850156404974,0.5827862973983368,36.90699626153963,True,37.5,36.5,38.6,0.95,0.05,0.0,0.7,0.03,2,1785622840.9061494,True,False,True,False,1785622744.5278375,False,1,0,0,False
1785430955.7579584,20,1785622850.8851535,37.50247959105822,0.5828244449530786,36.91767757686732,True,37.5,36.5,38.6,0.95,0.05,0.0,0.7,0.03,2,1785622860.912483,True,False,True,False,1785622744.5278375,False,1,0,0,False
1785430955.7579584,20,1785622870.8915827,37.54787518120088,0.5827481498435951,36.939040207522694,True,37.5,36.5,38.6,0.95,0.05,0.0,0.7,0.03,2,1785622880.9190714,True,True,True,False,1785622744.5278375,False,1,0,0,False
1785430955.7579584,20,1785622890.8979735,37.53986419470512,0.5825764858472572,36.95239185168231,True,37.5,36.5,38.6,0.95,0.05,0.0,0.7,0.03,2,1785622900.9253097,True,True,True,False,1785622744.5278375,False,1,0,0,False
1785430955.7579584,20,1785622910.9042494,37.53986419470512,0.5830724040588998,36.93636987869077,True,37.5,36.5,38.6,0.95,0.05,0.0,0.7,0.03,2,1785622920.9315922,True,True,True,True,1785622924.527864,False,1,0,0,False
1785430955.7579584,20,1785622930.910593,37.53719386587319,0.5826527809567407,36.92568856336308,True,37.5,36.5,38.6,0.95,0.05,0.0,0.7,0.03,2,1785622940.9380357,True,False,True,True,1785622924.527864,False,1,0,0,False
1785430955.7579584,20,1785622950.9170349,37.513160906385906,0.5830533302815291,36.93636987869077,True,37.5,36.5,38.6,0.95,0.05,0.0,0.7,0.03,2,1785622960.944492,True,True,True,False,1785622924.527864,False,1,0,0,False
1785430955.7579584,20,1785622970.9235168,37.52117189288167,0.5828435187304494,36.92568856336308,True,37.5,36.5,38.6,0.95,0.05,0.0,0.7,0.03,2,1785622980.9508462,True,True,True,False,1785622924.527864,False,1,0,0,False
1785430955.7579584,20,1785622990.9298296,37.49713893339437,0.5827672236209659,36.91233691920348,True,37.5,36.5,38.6,0.95,0.05,0.0,0.7,0.03,2,1785623000.9572408,True,False,True,False,1785622924.527864,False,True,1,0,False
1785430955.7579584,20,1785623010.936125,37.49179827573053,0.5828435187304494,36.89097428854811,True,37.5,36.5,38.6,0.95,0.05,0.0,0.7,0.03,2,1785623020.9634898,True,True,True,False,1785622924.527864,False,True,1,0,False
1785430955.7579584,20,1785623030.9424734,37.49179827573053,0.5831105516136416,36.92301823453117,True,37.5,36.5,38.6,0.95,0.05,0.0,0.7,0.03,2,1785623040.9699547,True,True,True,False,1785622924.527864,False,True,1,0,False
1785430955.7579584,20,1785623050.9489014,37.465094987411305,0.5825764858472572,36.89097428854811,True,37.5,36.5,38.6,0.95,0.05,0.0,0.7,0.03,2,1785623060.9761136,True,False,True,False,1785622924.527864,False,True,1,0,False
1785430955.7579584,20,1785623070.9552736,37.489127946898606,0.5829579613946746,36.90699626153963,True,37.5,36.5,38.6,0.95,0.05,0.0,0.7,0.03,2,1785623080.9827554,True,False,True,False,1785622924.527864,False,True,1,0,False
1785430955.7579584,20,1785623090.961598,37.49179827573053,0.5828053711757076,36.90432593270771,True,37.5,36.5,38.6,0.95,0.05,0.0,0.7,0.03,2,1785623100.988952,True,True,True,True,1785623104.5278878,False,True,1,0,False
1785430955.7579584,20,1785623110.9678926,37.53452353704128,0.5826909285114824,36.915007248035394,True,37.5,36.5,38.6,0.95,0.05,0.0,0.7,0.03,2,1785623120.9968755,True,False,True,True,1785623104.5278878,False,1,0,0,False
1785430955.7579584,20,1785623130.9742265,37.55321583886473,0.5829770351720456,36.92568856336308,True,37.5,36.5,38.6,0.95,0.05,0.0,0.7,0.03,2,1785623141.0019822,True,True,True,False,1785623104.5278878,False,1,0,0,False
1785430955.7579584,20,1785623150.9806588,37.54520485236897,0.5826718547341116,36.920347905699245,True,37.5,36.5,38.6,0.95,0.05,0.0,0.7,0.03,2,1785623161.0083125,True,False,True,False,1785623104.5278878,False,1,0,0,False
1785430955.7579584,20,1785623170.9876127,37.53719386587319,0.5825192645151447,36.920347905699245,True,37.5,36.5,38.6,0.95,0.05,0.0,0.7,0.03,2,1785623181.016735,True,True,True,False,1785623104.5278878,False,1,0,0,False
1785430955.7579584,20,1785623190.9947624,37.56122682536049,0.5827862973983368,36.92301823453117,True,37.5,36.5,38.6,0.95,0.05,0.0,0.7,0.03,2,1785623201.0216901,True,False,True,False,1785623104.5278878,False,1,0,0,False
1785430955.7579584,20,1785623211.0011828,37.56122682536049,0.5829007400625621,36.93369954985886,True,37.5,36.5,38.6,0.95,0.05,0.0,0.7,0.03,2,1785623221.0285134,True,True,True,False,1785623104.5278878,False,1,0,0,False
1785430955.7579584,20,1785623231.0074675,37.555886167696656,0.5828625925078202,36.92301823453117,True,37.5,36.5,38.6,0.95,0.05,0.0,0.7,0.03,2,1785623241.0348098,True,True,True,False,1785623104.5278878,False,1,0,0,False
1785430955.7579584,20,1785623251.0138044,37.550545510032805,0.5827481498435951,36.92835889219501,True,37.5,36.5,38.6,0.95,0.05,0.0,0.7,0.03,2,1785623261.0412264,True,True,True,False,1785623104.5278878,False,1,0,0,False
1785430955.7579584,20,1785623271.02071,37.526512550545505,0.5830151827267872,36.91233691920348,True,37.5,36.5,38.6,0.95,0.05,0.0,0.7,0.03,2,1785623281.0486162,True,True,True,True,1785623284.5279055,False,1,0,0,False
1785430955.7579584,20,1785623291.0276058,37.507820248722055,0.5827672236209659,36.89364461738002,True,37.5,36.5,38.6,0.95,0.05,0.0,0.7,0.03,2,1785623301.0568826,True,False,True,True,1785623284.5279055,False,1,0,0,False
1785430955.7579584,20,1785623311.0339603,37.470435645075156,0.582462043183032,36.88830395971618,True,37.5,36.5,38.6,0.95,0.05,0.0,0.7,0.03,2,1785623321.063987,True,True,True,False,1785623284.5279055,False,True,1,0,False
1785430955.7579584,20,1785623331.0411549,37.46242465857938,0.5827481498435951,36.88830395971618,True,37.5,36.5,38.6,0.95,0.05,0.0,0.7,0.03,2,1785623341.0722969,True,False,True,False,1785623284.5279055,False,True,1,0,False
1785430955.7579584,20,1785623351.0489652,37.45975432974747,0.5829198138399329,36.872281986724644,True,37.5,36.5,38.6,0.95,0.05,0.0,0.7,0.03,2,1785623361.0791473,True,False,True,False,1785623284.5279055,False,True,1,0,False
1785430955.7579584,20,1785623371.0559776,37.47310597390707,0.5828435187304494,36.877622644388495,True,37.5,36.5,38.6,0.95,0.05,0.0,0.7,0.03,2,1785623381.0834396,True,False,True,False,1785623284.5279055,False,True,1,0,False
1785430955.7579584,20,1785623391.0625997,37.49179827573053,0.5826718547341116,36.87495231555657,True,37.5,36.5,38.6,0.95,0.05,0.0,0.7,0.03,2,1785623401.0901012,True,False,True,False,1785623284.5279055,False,True,1,0,False
1785430955.7579584,20,1785623411.069193,37.50247959105822,0.5830724040588998,36.901655603875795,True,37.5,36.5,38.6,0.95,0.05,0.0,0.7,0.03,2,1785623421.0966055,True,False,True,False,1785623284.5279055,False,1,0,0,False
1785430955.7579584,20,1785623431.075556,37.49713893339437,0.5830342565041581,36.901655603875795,True,37.5,36.5,38.6,0.95,0.05,0.0,0.7,0.03,2,1785623441.1029549,True,True,True,False,1785623284.5279055,False,True,1,0,False
1785430955.7579584,20,1785623451.0819488,37.52384222171359,0.5828625925078202,36.91233691920348,True,37.5,36.5,38.6,0.95,0.05,0.0,0.7,0.03,2,1785623461.1089218,True,True,True,True,1785623464.5279212,False,1,0,0,False
1785430955.7579584,20,1785623471.0889165,37.526512550545505,0.5824238956282902,36.901655603875795,True,37.5,36.5,38.6,0.95,0.05,0.0,0.7,0.03,2,1785623481.1180553,True,False,True,True,1785623464.5279212,False,1,0,0,False
1785430955.7579584,20,1785623491.0967069,37.53986419470512,0.5825764858472572,36.89364461738002,True,37.5,36.5,38.6,0.95,0.05,0.0,0.7,0.03,2,1785623501.1251416,True,False,True,False,1785623464.5279212,False,1,0,0,False
1785430955.7579584,20,1785623511.1037235,37.550545510032805,0.5825574120698863,36.89898527504387,True,37.5,36.5,38.6,0.95,0.05,0.0,0.7,0.03,2,1785623521.1311998,True,True,True,False,1785623464.5279212,False,1,0,0,False
1785430955.7579584,20,1785623531.1102002,37.54253452353704,0.5823666742961777,36.915007248035394,True,37.5,36.5,38.6,0.95,0.05,0.0,0.7,0.03,2,1785623541.1398997,True,False,True,False,1785623464.5279212,False,1,0,0,False
1785430955.7579584,20,1785623551.1167479,37.53452353704128,0.5824048218509194,36.90432593270771,True,37.5,36.5,38.6,0.95,0.05,0.0,0.7,0.03,2,1785623561.1445208,True,False,True,False,1785623464.5279212,False,1,0,0,False
1785430955.7579584,20,1785623571.1234105,37.52117189288167,0.5827481498435951,36.89898527504387,True,37.5,36.5,38.6,0.95,0.05,0.0,0.7,0.03,2,1785623581.150427,True,True,True,False,1785623464.5279212,False,1,0,0,False
1785430955.7579584,20,1785623591.130377,37.50247959105822,0.5826909285114824,36.901655603875795,True,37.5,36.5,38.6,0.95,0.05,0.0,0.7,0.03,2,1785623601.1587558,True,True,True,False,1785623464.5279212,False,1,0,0,False
1785430955.7579584,20,1785623611.1380248,37.470435645075156,0.5829770351720456,36.901655603875795,True,37.5,36.5,38.6,0.95,0.05,0.0,0.7,0.03,2,1785623621.166506,True,False,True,False,1785623464.5279212,False,True,1,0,False
1785430955.7579584,20,1785623631.145068,37.465094987411305,0.5825764858472572,36.88563363088426,True,37.5,36.5,38.6,0.95,0.05,0.0,0.7,0.03,2,1785623641.1812904,True,True,True,True,1785623644.527955,False,True,1,0,False
1785430955.7579584,20,1785623651.1515937,37.470435645075156,0.5825192645151447,36.88029297322042,True,37.5,36.5,38.6,0.95,0.05,0.0,0.7,0.03,2,1785623661.179078,True,False,True,True,1785623644.527955,False,True,1,0,False
1785430955.7579584,20,1785623671.15857,37.446402685587856,0.5824048218509194,36.87495231555657,True,37.5,36.5,38.6,0.95,0.05,0.0,0.7,0.03,2,1785623681.1870134,True,True,True,False,1785623644.527955,False,True,1,0,False
1785430955.7579584,20,1785623691.1662858,37.470435645075156,0.5825001907377737,36.84557869840543,True,37.5,36.5,38.6,0.95,0.05,0.0,0.7,0.03,2,1785623701.1941729,True,False,True,False,1785623644.527955,False,True,1,0,False
1785430955.7579584,20,1785623711.1738925,37.470435645075156,0.5825001907377737,36.86694132906081,True,37.5,36.5,38.6,0.95,0.05,0.0,0.7,0.03,2,1785623721.202269,True,True,True,False,1785623644.527955,False,True,1,0,False
1785430955.7579584,20,1785623731.1816874,37.489127946898606,0.5825955596246282,36.86160067139696,True,37.5,36.5,38.6,0.95,0.05,0.0,0.7,0.03,2,1785623741.2093208,True,False,True,False,1785623644.527955,False,True,1,0,False
1785430955.7579584,20,1785623751.1893125,37.48645761806668,0.5822903791866942,36.877622644388495,True,37.5,36.5,38.6,0.95,0.05,0.0,0.7,0.03,2,1785623761.2225416,True,False,True,False,1785623644.527955,False,True,1,0,False
1785430955.7579584,20,1785623771.196241,37.526512550545505,0.5828244449530786,36.88830395971618,True,37.5,36.5,38.6,0.95,0.05,0.0,0.7,0.03,2,1785623781.2256548,True,False,True,False,1785623644.527955,False,1,0,0,False
1785430955.7579584,20,1785623791.2031386,37.53986419470512,0.5825764858472572,36.896314946211945,True,37.5,36.5,38.6,0.95,0.05,0.0,0.7,0.03,2,1785623801.23102,True,True,True,False,1785623644.527955,False,1,0,0,False
1785430955.7579584,20,1785623811.210855,37.57190814068818,0.5824238956282902,36.92835889219501,True,37.5,36.5,38.6,0.95,0.05,0.0,0.7,0.03,2,1785623821.2391577,True,True,True,True,1785623824.5279744,False,1,0,0,False
1785430955.7579584,20,1785623831.2216125,37.56656748302434,0.5827100022888533,36.91233691920348,True,37.5,36.5,38.6,0.95,0.05,0.0,0.7,0.03,2,1785623841.2529495,True,False,True,True,1785623824.5279744,False,1,0,0,False
1785430955.7579584,20,1785623851.232035,37.53986419470512,0.5825764858472572,36.91233691920348,True,37.5,36.5,38.6,0.95,0.05,0.0,0.7,0.03,2,1785623861.2593865,True,True,True,False,1785623824.5279744,False,1,0,0,False
1785430955.7579584,20,1785623871.2384226,37.56389715419242,0.5823666742961777,36.90699626153963,True,37.5,36.5,38.6,0.95,0.05,0.0,0.7,0.03,2,1785623881.2665207,True,False,True,False,1785623824.5279744,False,1,0,0,False
1785430955.7579584,20,1785623891.244807,37.57190814068818,0.5823476005188067,36.90966659037156,True,37.5,36.5,38.6,0.95,0.05,0.0,0.7,0.03,2,1785623901.27216,True,True,True,False,1785623824.5279744,False,1,0,0,False
1785430955.7579584,20,1785623911.2511547,37.550545510032805,0.582462043183032,36.90966659037156,True,37.5,36.5,38.6,0.95,0.05,0.0,0.7,0.03,2,1785623921.2785463,True,False,True,False,1785623824.5279744,False,1,0,0,False
1785430955.7579584,20,1785623931.2575254,37.53719386587319,0.5823476005188067,36.89898527504387,True,37.5,36.5,38.6,0.95,0.05,0.0,0.7,0.03,2,1785623941.2849529,True,False,True,False,1785623824.5279744,False,1,0,0,False
1785430955.7579584,20,1785623951.2648,37.50247959105822,0.5825574120698863,36.89364461738002,True,37.5,36.5,38.6,0.95,0.05,0.0,0.7,0.03,2,1785623961.2933161,True,False,True,False,1785623824.5279744,False,1,0,0,False
1785430955.7579584,20,1785623971.274875,37.50514991989013,0.5826527809567407,36.90966659037156,True,37.5,36.5,38.6,0.95,0.05,0.0,0.7,0.03,2,1785623981.3115597,True,True,True,False,1785623824.5279744,False,1,0,0,False
1785430955.7579584,20,1785623991.2851207,37.49713893339437,0.5826718547341116,36.87495231555657,True,37.5,36.5,38.6,0.95,0.05,0.0,0.7,0.03,2,1785624001.3127367,True,False,True,True,1785624004.5279863,False,True,1,0,False
1785430955.7579584,20,1785624011.2921438,37.470435645075156,0.582309452964065,36.86427100022888,True,37.5,36.5,38.6,0.95,0.05,0.0,0.7,0.03,2,1785624021.3207529,True,False,True,True,1785624004.5279863,False,True,1,0,False
1785430955.7579584,20,1785624031.2998893,37.470435645075156,0.5825001907377737,36.858930342565046,True,37.5,36.5,38.6,0.95,0.05,0.0,0.7,0.03,2,1785624041.3282878,True,True,True,False,1785624004.5279863,False,True,1,0,False
1785430955.7579584,20,1785624051.3074763,37.45975432974747,0.5826146334019989,36.86427100022888,True,37.5,36.5,38.6,0.95,0.05,0.0,0.7,0.03,2,1785624061.3360052,True,False,True,False,1785624004.5279863,False,True,1,0,False
1785430955.7579584,20,1785624071.315219,37.47310597390707,0.5821377889677273,36.858930342565046,True,37.5,36.5,38.6,0.95,0.05,0.0,0.7,0.03,2,1785624081.3436198,True,True,True,False,1785624004.5279863,False,True,1,0,False
1785430955.7579584,20,1785624091.3228571,37.48645761806668,0.5828244449530786,36.86694132906081,True,37.5,36.5,38.6,0.95,0.05,0.0,0.7,0.03,2,1785624101.3513508,True,True,True,False,1785624004.5279863,False,True,1,0,False
1785430955.7579584,20,1785624111.3306088,37.49179827573053,0.5823476005188067,36.877622644388495,True,37.5,36.5,38.6,0.95,0.05,0.0,0.7,0.03,2,1785624121.3591485,True,False,True,False,1785624004.5279863,False,True,1,0,False
1785430955.7579584,20,1785624131.3383312,31.43282215609979,0.5750804913405051,32.81872281986725,True,37.5,36.5,38.6,0.95,0.05,0.0,0.7,0.03,2,1785624184.376623,False,True,True,True,1785624184.5280156,False,True,1,1,False
1785430955.7579584,20,1785624194.3542783,32.653162432288084,0.5764538033112078,33.53437094682231,True,37.5,36.5,38.6,0.95,0.05,0.0,0.7,0.03,2,1785624204.381359,True,False,True,True,1785624184.5280156,False,True,1,1,False
1785430955.7579584,20,1785624214.3605745,33.894865339131755,0.5779034103913939,34.292744335088116,True,37.5,36.5,38.6,0.95,0.05,0.0,0.7,0.03,2,1785624224.38805,True,False,True,False,1785624184.5280156,False,True,1,1,False
1785430955.7579584,20,1785624234.3670228,34.68795300221255,0.5784184023804074,34.792095826657516,True,37.5,36.5,38.6,0.95,0.05,0.0,0.7,0.03,2,1785624244.3943892,True,True,True,False,1785624184.5280156,False,True,1,1,False
1785430955.7579584,20,1785624254.3733854,35.2059967956054,0.5792957961394675,35.16594186312658,True,37.5,36.5,38.6,0.95,0.05,0.0,0.7,0.03,2,1785624264.400241,True,False,True,False,1785624184.5280156,False,True,1,1,False
1785430955.7579584,20,1785624274.3797126,35.55313954375525,0.5797154192416266,35.45433737697414,True,37.5,36.5,38.6,0.95,0.05,0.0,0.7,0.03,2,1785624284.410459,True,True,True,False,1785624184.5280156,False,True,1,1,False
1785430955.7579584,20,1785624294.3869433,35.82017242694744,0.5801159685664149,35.673304341191724,True,37.5,36.5,38.6,0.95,0.05,0.0,0.7,0.03,2,1785624304.416279,True,True,True,False,1785624184.5280156,False,True,1,1,False
1785430955.7579584,20,1785624314.393994,36.00442511635005,0.5803067063401237,35.849546044098574,True,37.5,36.5,38.6,0.95,0.05,0.0,0.7,0.03,2,1785624324.4211278,True,False,True,False,1785624184.5280156,False,True,1,1,False
1785430955.7579584,20,1785624334.4004438,36.156633859769585,0.5804592965590907,36.01243610284581,True,37.5,36.5,38.6,0.95,0.05,0.0,0.7,0.03,2,1785624344.4274313,True,False,True,False,1785624184.5280156,False,True,1,1,False
1785430955.7579584,20,1785624354.4067569,36.25810635538262,0.580993362325475,36.113908598458835,True,37.5,36.5,38.6,0.95,0.05,0.0,0.7,0.03,2,1785624364.4336007,True,False,True,True,1785624364.5280228,False,True,1,1,False
1785430955.7579584,20,1785624374.4129953,36.32486457618067,0.580402075226978,36.1940184634165,True,37.5,36.5,38.6,0.95,0.05,0.0,0.7,0.03,2,1785624384.439988,True,False,True,True,1785624364.5280228,False,True,1,1,False
1785430955.7579584,20,1785624394.4198072,36.402304112306396,0.5809170672159916,36.31151293202106,True,37.5,36.5,38.6,0.95,0.05,0.0,0.7,0.03,2,1785624404.4473956,True,True,True,False,1785624364.5280228,False,True,1,1,False
1785430955.7579584,20,1785624414.4269786,36.479743648432134,0.5808216983291371,36.38628213931487,True,37.5,36.5,38.6,0.95,0.05,0.0,0.7,0.03,2,1785624424.4540105,True,False,True,False,1785624364.5280228,False,True,1,1,False
1785430955.7579584,20,1785624434.433885,36.56252384222171,0.5810315098802167,36.4263370717937,True,37.5,36.5,38.6,0.95,0.05,0.0,0.7,0.03,2,1785624444.462249,True,False,True,False,1785624364.5280228,False,True,1,0,False
1785430955.7579584,20,1785624454.4414513,36.615930418860145,0.581126878767071,36.485084306095985,True,37.5,36.5,38.6,0.95,0.05,0.0,0.7,0.03,2,1785624464.4699326,True,False,True,False,1785624364.5280228,False,True,1,0,False
1785430955.7579584,20,1785624474.4484398,36.658655680170895,0.5813748378728925,36.54383154039826,True,37.5,36.5,38.6,0.95,0.05,0.0,0.7,0.03,2,1785624484.475858,True,False,True,False,1785624364.5280228,False,True,1,0,False
1785430955.7579584,20,1785624494.4548588,36.68535896849012,0.5815274280918594,36.597238117036696,True,37.5,36.5,38.6,0.95,0.05,0.0,0.7,0.03,2,1785624504.4818435,True,False,True,False,1785624364.5280228,False,True,1,0,False
1785430955.7579584,20,1785624514.461221,36.72007324330511,0.581565575646601,36.6453040360113,True,37.5,36.5,38.6,0.95,0.05,0.0,0.7,0.03,2,1785624524.488183,True,True,True,False,1785624364.5280228,False,True,1,0,False
1785430955.7579584,20,1785624534.4674711,36.77615014877546,0.5812222476539255,36.68535896849012,True,37.5,36.5,38.6,0.95,0.05,0.0,0.7,0.03,2,1785624544.4948738,True,True,True,True,1785624544.528062,False,True,1,0,False
1785430955.7579584,20,1785624554.4738128,36.792172121766995,0.5813748378728925,36.72808422980087,True,37.5,36.5,38.6,0.95,0.05,0.0,0.7,0.03,2,1785624564.5012236,True,False,True,True,1785624544.528062,False,True,1,0,False
1785430955.7579584,20,1785624574.4801767,36.84824902723736,0.5815465018692302,36.77615014877546,True,37.5,36.5,38.6,0.95,0.05,0.0,0.7,0.03,2,1785624584.507527,True,False,True,False,1785624544.528062,False,True,1,0,False
1785430955.7579584,20,1785624594.4864898,36.86694132906081,0.5816990920881971,36.786831464103145,True,37.5,36.5,38.6,0.95,0.05,0.0,0.7,0.03,2,1785624604.5138903,True,True,True,False,1785624544.528062,False,True,1,0,False
1785430955.7579584,20,1785624614.4928162,36.901655603875795,0.5817563134203099,36.84557869840543,True,37.5,36.5,38.6,0.95,0.05,0.0,0.7,0.03,2,1785624624.519754,True,False,True,False,1785624544.528062,False,True,1,0,False
1785430955.7579584,20,1785624634.499053,36.94705119401846,0.5816990920881971,36.89097428854811,True,37.5,36.5,38.6,0.95,0.05,0.0,0.7,0.03,2,1785624644.526028,True,False,True,False,1785624544.528062,False,True,1,0,False
1785430955.7579584,20,1785624654.5053973,36.96841382467383,0.5817563134203099,36.91233691920348,True,37.5,36.5,38.6,0.95,0.05,0.0,0.7,0.03,2,1785624664.5348353,True,True,True,False,1785624544.528062,False,True,1,0,False
1785430955.7579584,20,1785624674.5117366,36.98443579766537,0.5816800183108264,36.92301823453117,True,37.5,36.5,38.6,0.95,0.05,0.0,0.7,0.03,2,1785624684.5414832,True,False,True,False,1785624544.528062,False,True,1,0,False
1785430955.7579584,20,1785624694.5182772,37.02716105897612,0.5817563134203099,36.95506218051423,True,37.5,36.5,38.6,0.95,0.05,0.0,0.7,0.03,2,1785624704.545333,True,False,True,False,1785624544.528062,False,True,1,0,False
1785430955.7579584,20,1785624714.525242,37.05653467612726,0.5817753871976806,36.95506218051423,True,37.5,36.5,38.6,0.95,0.05,0.0,0.7,0.03,2,1785624724.5529485,True,False,True,True,1785624724.528072,False,True,1,0,False
1785430955.7579584,20,1785624734.5322206,37.05920500495918,0.581565575646601,36.989776455329206,True,37.5,36.5,38.6,0.95,0.05,0.0,0.7,0.03,2,1785624744.5607247,True,True,True,False,1785624724.528072,False,True,1,0,False
1785430955.7579584,20,1785624754.53859,37.11261158159762,0.5817563134203099,37.04318303196766,True,37.5,36.5,38.6,0.95,0.05,0.0,0.7,0.03,2,1785624764.5698347,True,False,True,False,1785624724.528072,False,True,1,0,False
1785430955.7579584,20,1785624774.5449824,37.115281910429545,0.5815846494239719,37.048523689631494,True,37.5,36.5,38.6,0.95,0.05,0.0,0.7,0.03,2,1785624784.5723133,True,True,True,False,1785624724.528072,False,True,1,0,False
1785430955.7579584,20,1785624794.551265,37.10193026626993,0.5816037232013429,37.06454566262303,True,37.5,36.5,38.6,0.95,0.05,0.0,0.7,0.03,2,1785624804.581826,True,False,True,False,1785624724.528072,False,True,1,0,False
1785430955.7579584,20,1785624814.557649,37.16334782940413,0.581870756084535,37.06988632028687,True,37.5,36.5,38.6,0.95,0.05,0.0,0.7,0.03,2,1785624824.585122,True,True,True,False,1785624724.528072,False,True,1,0,False
1785430955.7579584,20,1785624834.564008,37.15533684290837,0.5819089036392768,37.10460059510186,True,37.5,36.5,38.6,0.95,0.05,0.0,0.7,0.03,2,1785624844.5912871,True,False,True,False,1785624724.528072,False,True,1,0,False
1785430955.7579584,20,1785624854.57042,37.19272144655528,0.5820424200808728,37.14732585641261,True,37.5,36.5,38.6,0.95,0.05,0.0,0.7,0.03,2,1785624864.597739,True,False,True,False,1785624724.528072,False,True,1,0,False
1785430955.7579584,20,1785624874.5767183,37.219424734874494,0.5824238956282902,37.158007171740294,True,37.5,36.5,38.6,0.95,0.05,0.0,0.7,0.03,2,1785624884.6041865,True,False,True,False,1785624724.528072,False,True,1,0,False
1785430955.7579584,20,1785624894.5830648,37.262149996185244,0.5819851987487603,37.17402914473182,True,37.5,36.5,38.6,0.95,0.05,0.0,0.7,0.03,2,1785624904.612626,True,False,True,True,1785624904.5280945,False,True,1,0,False
1785430955.7579584,20,1785624914.5894628,37.270160982681006,0.5817944609750515,37.19005111772336,True,37.5,36.5,38.6,0.95,0.05,0.0,0.7,0.03,2,1785624924.6168268,True,True,True,False,1785624904.5280945,False,True,1,0,False
1785430955.7579584,20,1785624934.595891,37.27817196917678,0.5820614938582438,37.208743419546806,True,37.5,36.5,38.6,0.95,0.05,0.0,0.7,0.03,2,1785624944.6258404,True,True,True,False,1785624904.5280945,False,True,1,0,False
1785430955.7579584,20,1785624954.6022503,37.28885328450447,0.5818516823071641,37.20340276188297,True,37.5,36.5,38.6,0.95,0.05,0.0,0.7,0.03,2,1785624964.6301067,True,False,True,False,1785624904.5280945,False,True,1,0,False
1785430955.7579584,20,1785624974.6088889,37.30754558632792,0.5820996414129854,37.23010605020218,True,37.5,36.5,38.6,0.95,0.05,0.0,0.7,0.03,2,1785624984.6363318,True,True,True,False,1785624904.5280945,False,True,1,0,False
1785430955.7579584,20,1785624994.6151352,37.32089723048753,0.5816227969787137,37.23544670786603,True,37.5,36.5,38.6,0.95,0.05,0.0,0.7,0.03,2,1785625004.6427398,True,False,True,False,1785624904.5280945,False,True,1,0,False
1785430955.7579584,20,1785625014.6215432,37.355611505302505,0.5821187151903563,37.29953459983216,True,37.5,36.5,38.6,0.95,0.05,0.0,0.7,0.03,2,1785625024.648537,True,True,True,False,1785624904.5280945,False,True,1,0,False
1785430955.7579584,20,1785625034.627805,37.379644464789806,0.582156862745098,37.33424887464713,True,37.5,36.5,38.6,0.95,0.05,0.0,0.7,0.03,2,1785625044.6555598,True,True,True,False,1785624904.5280945,False,True,1,0,False
1785430955.7579584,20,1785625054.6341856,37.40634775310903,0.5820805676356146,37.32356755931944,True,37.5,36.5,38.6,0.95,0.05,0.0,0.7,0.03,2,1785625064.6615484,True,False,True,False,1785624904.5280945,False,True,1,0,False
1785430955.7579584,20,1785625074.6405241,37.40634775310903,0.5819470511940185,37.35027084763867,True,37.5,36.5,38.6,0.95,0.05,0.0,0.7,0.03,2,1785625084.6680713,True,False,True,True,1785625084.5281286,False,True,1,0,False
1785430955.7579584,20,1785625094.646757,37.41702906843672,0.5819279774166476,37.34493018997482,True,37.5,36.5,38.6,0.95,0.05,0.0,0.7,0.03,2,1785625104.676485,True,True,True,False,1785625084.5281286,False,True,1,0,False
1785430955.7579584,20,1785625114.6530602,37.45174334325169,0.5821950102998398,37.37697413595788,True,37.5,36.5,38.6,0.95,0.05,0.0,0.7,0.03,2,1785625124.6804273,True,True,True,False,1785625084.5281286,False,True,1,0,False
1785430955.7579584,20,1785625134.659383,37.470435645075156,0.5819470511940185,37.43305104142824,True,37.5,36.5,38.6,0.95,0.05,0.0,0.7,0.03,2,1785625144.6867268,True,False,True,False,1785625084.5281286,False,True,1,0,False
1785430955.7579584,20,1785625154.6657119,37.47577630273899,0.5820996414129854,37.422369726100555,True,37.5,36.5,38.6,0.95,0.05,0.0,0.7,0.03,2,1785625164.6931105,True,False,True,False,1785625084.5281286,False,True,1,0,False
1785430955.7579584,20,1785625174.6719627,37.52117189288167,0.5821759365224689,37.438391699092094,True,37.5,36.5,38.6,0.95,0.05,0.0,0.7,0.03,2,1785625184.6992798,True,True,True,False,1785625084.5281286,False,1,0,0,False
1785430955.7579584,20,1785625194.6782942,37.52918287937743,0.5820996414129854,37.45975432974747,True,37.5,36.5,38.6,0.95,0.05,0.0,0.7,0.03,2,1785625204.7056074,True,False,True,False,1785625084.5281286,False,1,0,0,False
1785430955.7579584,20,1785625214.6845074,37.51583123521782,0.582156862745098,37.32089723048753,True,37.5,36.5,38.6,0.95,0.05,0.0,0.7,0.03,2,1785625224.711566,False,True,True,False,1785625084.5281286,False,1,0,0,False
1785430955.7579584,20,1785625234.690494,37.49179827573053,0.5822140840772108,37.13130388342107,True,37.5,36.5,38.6,0.95,0.05,0.0,0.7,0.03,2,1785625244.7175937,False,True,True,False,1785625084.5281286,False,True,1,0,False
1785430955.7579584,20,1785625254.6965704,37.44373235675593,0.582156862745098,37.01380941481651,True,37.5,36.5,38.6,0.95,0.05,0.0,0.7,0.03,2,1785625264.7236285,False,True,True,True,1785625264.5281565,False,True,1,0,False
1785430955.7579584,20,1785625274.7025502,37.44373235675593,0.5818516823071641,36.96574349584192,True,37.5,36.5,38.6,0.95,0.05,0.0,0.7,0.03,2,1785625284.729711,False,True,True,False,1785625264.5281565,False,True,1,0,False
1785430955.7579584,20,1785625294.7086039,37.438391699092094,0.5821759365224689,36.89097428854811,True,37.5,36.5,38.6,0.95,0.05,0.0,0.7,0.03,2,1785625304.7356477,False,True,True,False,1785625264.5281565,False,True,1,0,False
1785430955.7579584,20,1785625314.7145329,37.46242465857938,0.5817372396429389,36.88029297322042,True,37.5,36.5,38.6,0.95,0.05,0.0,0.7,0.03,2,1785625324.7416546,False,True,True,False,1785625264.5281565,False,True,1,0,False
1785430955.7579584,20,1785625334.7205648,37.49713893339437,0.5815846494239719,36.872281986724644,True,37.5,36.5,38.6,0.95,0.05,0.0,0.7,0.03,2,1785625344.747569,False,True,True,False,1785625264.5281565,False,True,1,0,False
1785430955.7579584,20,1785625354.7264862,37.47577630273899,0.5821950102998398,36.85626001373312,True,37.5,36.5,38.6,0.95,0.05,0.0,0.7,0.03,2,1785625364.7533035,False,True,True,False,1785625264.5281565,False,True,1,0,False
1785430955.7579584,20,1785625374.7324643,37.489127946898606,0.5820424200808728,36.86160067139696,True,37.5,36.5,38.6,0.95,0.05,0.0,0.7,0.03,2,1785625384.759505,False,True,True,False,1785625264.5281565,False,True,1,0,False
1785430955.7579584,20,1785625394.7384098,37.49713893339437,0.5820233463035019,36.86160067139696,True,37.5,36.5,38.6,0.95,0.05,0.0,0.7,0.03,2,1785625404.7664144,False,True,True,False,1785625264.5281565,False,True,1,0,False
