experiment_state_timestamp,save_interval_secs,last_save_timestamp,temperature_1_C,humidity_1,temperature_2_C,egg_turning_on,target_temperature,boost_temperature,cooling_start_temperature,heating_proportional_Cf,heating_integral_Cf,heating_derivitive_Cf,target_humidity,range_humidity,control_change_minimum_secs,last_control_change_timestamp,front_turn_switch,rear_turn_switch,top_switch,venting_state,last_venting_timestamp,exhaust_on,humidifyer_on,heater_on,boost_on,fan_on
1789411711.061382,20,1789470098.0024931,37.46242465857938,0.674531166552224,37.569237811856254,True,37.5,36.5,38.6,0.95,0.05,0.0,0.7,0.03,2,1789470108.029388,False,False,False,False,1789411711.085069,0,0,1,0,False
1789411711.061382,20,1789470118.0086646,37.43038071259632,0.675275043869688,37.56122682536049,True,37.5,36.5,38.6,0.95,0.05,0.0,0.7,0.03,2,1789470128.0359607,False,False,False,False,1789411711.085069,0,0,1,0,False
1789411711.061382,20,1789470138.0150812,37.47310597390707,0.6744930189974823,37.57991912718394,True,37.5,36.5,38.6,0.95,0.05,0.0,0.7,0.03,2,1789470148.0416794,False,False,False,False,1789411711.085069,0,0,1,0,False
1789411711.061382,20,1789470158.0208795,37.50514991989013,0.6740733958953231,37.57190814068818,True,37.5,36.5,38.6,0.95,0.05,0.0,0.7,0.03,2,1789470168.0474033,False,False,False,False,1789411711.085069,0,0,0,0,False
1789411711.061382,20,1789470178.0266297,37.489127946898606,0.6741496910048066,37.58258945601587,True,37.5,36.5,38.6,0.95,0.05,0.0,0.7,0.03,2,1789470188.053162,False,False,False,False,1789411711.085069,0,0,1,0,False
1789411711.061382,20,1789470198.0324578,37.48645761806668,0.674378576333257,37.57190814068818,True,37.5,36.5,38.6,0.95,0.05,0.0,0.7,0.03,2,1789470208.0590198,False,False,False,False,1789411711.085069,0,0,1,0,False
1789411711.061382,20,1789470218.0382395,37.513160906385906,0.674378576333257,37.57190814068818,True,37.5,36.5,38.6,0.95,0.05,0.0,0.7,0.03,2,1789470228.0646815,False,False,False,False,1789411711.085069,0,0,0,0,False
1789411711.061382,20,1789470238.044002,37.49713893339437,0.6741687647821775,37.59594110017548,True,37.5,36.5,38.6,0.95,0.05,0.0,0.7,0.03,2,1789470248.0705392,False,False,False,False,1789411711.085069,0,0,1,0,False
1789411711.061382,20,1789470258.049775,37.481116960402844,0.6746646829938201,37.58258945601587,True,37.5,36.5,38.6,0.95,0.05,0.0,0.7,0.03,2,1789470268.0763214,False,False,False,False,1789411711.085069,0,0,1,0,False
1789411711.061382,20,1789470278.0555367,37.49713893339437,0.6746646829938201,37.57724879835203,True,37.5,36.5,38.6,0.95,0.05,0.0,0.7,0.03,2,1789470288.0820637,False,False,False,False,1789411711.085069,0,0,1,0,False
1789411711.061382,20,1789470298.0612984,37.49446860456244,0.6742641336690318,37.60128175783932,True,37.5,36.5,38.6,0.95,0.05,0.0,0.7,0.03,2,1789470308.0878003,False,False,False,False,1789411711.085069,0,0,1,0,False
1789411711.061382,20,1789470318.0670395,37.50514991989013,0.674531166552224,37.58258945601587,True,37.5,36.5,38.6,0.95,0.05,0.0,0.7,0.03,2,1789470328.09355,False,False,False,False,1789411711.085069,0,0,0,0,False
1789411711.061382,20,1789470338.0727808,37.51049057755398,0.6744167238879988,37.58525978484779,True,37.5,36.5,38.6,0.95,0.05,0.0,0.7,0.03,2,1789470348.0992696,False,False,False,False,1789411711.085069,0,0,0,0,False
1789411711.061382,20,1789470358.0784853,37.47310597390707,0.6749317158770123,37.58258945601587,True,37.5,36.5,38.6,0.95,0.05,0.0,0.7,0.03,2,1789470368.105111,False,False,False,False,1789411711.085069,0,0,1,0,False
1789411711.061382,20,1789470378.084398,37.46776531624323,0.675275043869688,37.550545510032805,True,37.5,36.5,38.6,0.95,0.05,0.0,0.7,0.03,2,1789470388.1109738,False,False,False,False,1789411711.085069,0,0,1,0,False
1789411711.061382,20,1789470398.0901117,37.44907301441978,0.674969863431754,37.555886167696656,True,37.5,36.5,38.6,0.95,0.05,0.0,0.7,0.03,2,1789470408.116746,False,False,False,False,1789411711.085069,0,0,1,0,False
1789411711.061382,20,1789470418.096075,37.48645761806668,0.6748935683222705,37.550545510032805,True,37.5,36.5,38.6,0.95,0.05,0.0,0.7,0.03,2,1789470428.122897,False,False,False,False,1789411711.085069,0,0,1,0,False
1789411711.061382,20,1789470438.1020825,37.53986419470512,0.6741115434500649,37.569237811856254,True,37.5,36.5,38.6,0.95,0.05,0.0,0.7,0.03,2,1789470448.1286566,False,False,False,False,1789411711.085069,0,0,0,0,False
1789411711.061382,20,1789470458.1078267,37.52918287937743,0.6740733958953231,37.58793011367972,True,37.5,36.5,38.6,0.95,0.05,0.0,0.7,0.03,2,1789470468.1365895,False,False,False,False,1789411711.085069,0,0,0,0,False
1789411711.061382,20,1789470478.1158743,37.45441367208362,0.6750270847638666,37.56656748302434,True,37.5,36.5,38.6,0.95,0.05,0.0,0.7,0.03,2,1789470488.1423469,False,False,False,False,1789411711.085069,0,0,1,0,False
1789411711.061382,20,1789470498.1216192,37.46242465857938,0.6757518883039597,37.55855649652857,True,37.5,36.5,38.6,0.95,0.05,0.0,0.7,0.03,2,1789470508.1482394,False,False,False,False,1789411711.085069,0,0,1,0,False
1789411711.061382,20,1789470518.1273909,37.47310597390707,0.6750270847638666,37.56656748302434,True,37.5,36.5,38.6,0.95,0.05,0.0,0.7,0.03,2,1789470528.1539345,False,False,False,False,1789411711.085069,0,0,1,0,False
1789411711.061382,20,1789470538.1331487,37.49980926222629,0.6747409781033036,37.55321583886473,True,37.5,36.5,38.6,0.95,0.05,0.0,0.7,0.03,2,1789470548.159679,False,False,False,False,1789411711.085069,0,0,1,0,False
1789411711.061382,20,1789470558.1388628,37.51583123521782,0.6743022812237736,37.56656748302434,True,37.5,36.5,38.6,0.95,0.05,0.0,0.7,0.03,2,1789470568.1654377,False,False,False,False,1789411711.085069,0,0,0,0,False
1789411711.061382,20,1789470578.1447194,37.49980926222629,0.6743976501106279,37.58793011367972,True,37.5,36.5,38.6,0.95,0.05,0.0,0.7,0.03,2,1789470588.1712348,False,False,False,False,1789411711.085069,0,0,1,0,False
1789411711.061382,20,1789470598.1504345,37.49713893339437,0.6746265354390784,37.58258945601587,True,37.5,36.5,38.6,0.95,0.05,0.0,0.7,0.03,2,1789470608.1770463,False,False,False,False,1789411711.085069,0,0,1,0,False
1789411711.061382,20,1789470618.1562119,37.52918287937743,0.6740161745632105,37.58793011367972,True,37.5,36.5,38.6,0.95,0.05,0.0,0.7,0.03,2,1789470628.1826866,False,False,False,False,1789411711.085069,0,0,0,0,False
1789411711.061382,20,1789470638.1619196,37.47577630273899,0.6749889372091249,37.59594110017548,True,37.5,36.5,38.6,0.95,0.05,0.0,0.7,0.03,2,1789470648.1885962,False,False,False,False,1789411711.085069,0,0,1,0,False
1789411711.061382,20,1789470658.1677954,37.45441367208362,0.675408560311284,37.57724879835203,True,37.5,36.5,38.6,0.95,0.05,0.0,0.7,0.03,2,1789470668.19426,False,False,False,False,1789411711.085069,0,0,1,0,False
1789411711.061382,20,1789470678.1735306,37.45975432974747,0.6755802243076219,37.555886167696656,True,37.5,36.5,38.6,0.95,0.05,0.0,0.7,0.03,2,1789470688.200117,False,False,False,False,1789411711.085069,0,0,1,0,False
1789411711.061382,20,1789470698.1792867,37.46776531624323,0.6748554207675288,37.58525978484779,True,37.5,36.5,38.6,0.95,0.05,0.0,0.7,0.03,2,1789470708.2057993,False,False,False,False,1789411711.085069,0,0,1,0,False
1789411711.061382,20,1789470718.1850557,37.49980926222629,0.6746646829938201,37.57190814068818,True,37.5,36.5,38.6,0.95,0.05,0.0,0.7,0.03,2,1789470728.211552,False,False,False,False,1789411711.085069,0,0,1,0,False
1789411711.061382,20,1789470738.190791,37.53719386587319,0.6739971007858396,37.59594110017548,True,37.5,36.5,38.6,0.95,0.05,0.0,0.7,0.03,2,1789470748.217269,False,False,False,False,1789411711.085069,0,0,0,0,False
1789411711.061382,20,1789470758.1965427,37.49980926222629,0.6743213550011444,37.593270771343555,True,37.5,36.5,38.6,0.95,0.05,0.0,0.7,0.03,2,1789470768.223113,False,False,False,False,1789411711.085069,0,0,1,0,False
1789411711.061382,20,1789470778.2022483,37.49980926222629,0.674683756771191,37.593270771343555,True,37.5,36.5,38.6,0.95,0.05,0.0,0.7,0.03,2,1789470788.2290425,False,False,False,False,1789411711.085069,0,0,1,0,False
1789411711.061382,20,1789470798.2081068,37.481116960402844,0.6753513389791714,37.593270771343555,True,37.5,36.5,38.6,0.95,0.05,0.0,0.7,0.03,2,1789470808.2347057,False,False,False,False,1789411711.085069,0,0,1,0,False
1789411711.061382,20,1789470818.2137887,37.470435645075156,0.6751606012054627,37.58258945601587,True,37.5,36.5,38.6,0.95,0.05,0.0,0.7,0.03,2,1789470828.2404583,False,False,False,False,1789411711.085069,0,0,1,0,False
1789411711.061382,20,1789470838.2195477,37.507820248722055,0.6748935683222705,37.55855649652857,True,37.5,36.5,38.6,0.95,0.05,0.0,0.7,0.03,2,1789470848.246069,False,False,False,False,1789411711.085069,0,0,0,0,False
1789411711.061382,20,1789470858.2253299,37.49713893339437,0.674683756771191,37.58258945601587,True,37.5,36.5,38.6,0.95,0.05,0.0,0.7,0.03,2,1789470868.2536223,False,False,False,False,1789411711.085069,0,0,1,0,False
1789411711.061382,20,1789470878.2328842,37.49713893339437,0.6747600518806744,37.58258945601587,True,37.5,36.5,38.6,0.95,0.05,0.0,0.7,0.03,2,1789470888.2593553,False,False,False,False,1789411711.085069,0,0,1,0,False
1789411711.061382,20,1789470898.2385972,37.52117189288167,0.6748744945448997,37.569237811856254,True,37.5,36.5,38.6,0.95,0.05,0.0,0.7,0.03,2,1789470908.265359,False,False,False,False,1789411711.085069,0,0,0,0,False
1789411711.061382,20,1789470918.2444146,37.52117189288167,0.6743213550011444,37.57190814068818,True,37.5,36.5,38.6,0.95,0.05,0.0,0.7,0.03,2,1789470928.2710392,False,False,False,False,1789411711.085069,0,0,0,0,False
1789411711.061382,20,1789470938.2501802,37.51049057755398,0.674378576333257,37.58525978484779,True,37.5,36.5,38.6,0.95,0.05,0.0,0.7,0.03,2,1789470948.2767615,False,False,False,False,1789411711.085069,0,0,0,0,False
1789411711.061382,20,1789470958.2559378,37.46776531624323,0.6752178225375753,37.56656748302434,True,37.5,36.5,38.6,0.95,0.05,0.0,0.7,0.03,2,1789470968.2824361,False,False,False,False,1789411711.085069,0,0,1,0,False
1789411711.061382,20,1789470978.2616453,37.46242465857938,0.6754657816433967,37.555886167696656,True,37.5,36.5,38.6,0.95,0.05,0.0,0.7,0.03,2,1789470988.2883139,False,False,False,False,1789411711.085069,0,0,1,0,False
1789411711.061382,20,1789470998.2677138,37.465094987411305,0.6754276340886549,37.53986419470512,True,37.5,36.5,38.6,0.95,0.05,0.0,0.7,0.03,2,1789471008.2943447,False,False,False,False,1789411711.085069,0,0,1,0,False
1789411711.061382,20,1789471018.2735705,37.48645761806668,0.6750461585412375,37.58258945601587,True,37.5,36.5,38.6,0.95,0.05,0.0,0.7,0.03,2,1789471028.3002098,False,False,False,False,1789411711.085069,0,0,1,0,False
1789411711.061382,20,1789471038.2793846,37.49713893339437,0.6748363469901579,37.58525978484779,True,37.5,36.5,38.6,0.95,0.05,0.0,0.7,0.03,2,1789471048.3059676,False,False,False,False,1789411711.085069,0,0,1,0,False
1789411711.061382,20,1789471058.2852178,37.52384222171359,0.6740733958953231,37.598611429007406,True,37.5,36.5,38.6,0.95,0.05,0.0,0.7,0.03,2,1789471068.3117802,False,False,False,False,1789411711.085069,0,0,0,0,False
1789411711.061382,20,1789471078.291029,37.49713893339437,0.6747028305485618,37.593270771343555,True,37.5,36.5,38.6,0.95,0.05,0.0,0.7,0.03,2,1789471088.3176553,False,False,False,False,1789411711.085069,0,0,1,0,False
1789411711.061382,20,1789471098.296915,37.483787289234755,0.6754276340886549,37.59594110017548,True,37.5,36.5,38.6,0.95,0.05,0.0,0.7,0.03,2,1789471108.3234901,False,False,False,False,1789411711.085069,0,0,1,0,False
1789411711.061382,20,1789471118.3026524,37.51049057755398,0.6750080109864958,37.58258945601587,True,37.5,36.5,38.6,0.95,0.05,0.0,0.7,0.03,2,1789471128.3291802,False,False,False,False,1789411711.085069,0,0,0,0,False
1789411711.061382,20,1789471138.3084319,37.45174334325169,0.6751606012054627,37.58525978484779,True,37.5,36.5,38.6,0.95,0.05,0.0,0.7,0.03,2,1789471148.3350375,False,False,False,False,1789411711.085069,0,0,1,0,False
1789411711.061382,20,1789471158.314269,37.489127946898606,0.6754276340886549,37.56656748302434,True,37.5,36.5,38.6,0.95,0.05,0.0,0.7,0.03,2,1789471168.3408403,False,False,False,False,1789411711.085069,0,0,1,0,False
1789411711.061382,20,1789471178.3200676,37.49446860456244,0.6747791256580453,37.57190814068818,True,37.5,36.5,38.6,0.95,0.05,0.0,0.7,0.03,2,1789471188.346552,False,False,False,False,1789411711.085069,0,0,1,0,False
1789411711.061382,20,1789471198.325782,37.54520485236897,0.6741496910048066,37.58258945601587,True,37.5,36.5,38.6,0.95,0.05,0.0,0.7,0.03,2,1789471208.3523417,False,False,False,False,1789411711.085069,0,0,0,0,False
1789411711.061382,20,1789471218.3315396,37.49179827573053,0.6749507896543832,37.57190814068818,True,37.5,36.5,38.6,0.95,0.05,0.0,0.7,0.03,2,1789471228.3582408,False,False,False,False,1789411711.085069,0,0,1,0,False
1789411711.061382,20,1789471238.3373706,37.44907301441978,0.6751033798733501,37.55855649652857,True,37.5,36.5,38.6,0.95,0.05,0.0,0.7,0.03,2,1789471248.3639293,False,False,False,False,1789411711.085069,0,0,1,0,False
1789411711.061382,20,1789471258.3430922,37.470435645075156,0.6752368963149462,37.56656748302434,True,37.5,36.5,38.6,0.95,0.05,0.0,0.7,0.03,2,1789471268.3698277,False,False,False,False,1789411711.085069,0,0,1,0,False
1789411711.061382,20,1789471278.3490252,37.513160906385906,0.6747600518806744,37.56656748302434,True,37.5,36.5,38.6,0.95,0.05,0.0,0.7,0.03,2,1789471288.375599,False,False,False,False,1789411711.085069,0,0,0,0,False
1789411711.061382,20,1789471298.354828,37.489127946898606,0.674683756771191,37.58525978484779,True,37.5,36.5,38.6,0.95,0.05,0.0,0.7,0.03,2,1789471308.3813787,False,False,False,False,1789411711.085069,0,0,1,0,False
1789411711.061382,20,1789471318.3606606,37.47844663157092,0.6752368963149462,37.57190814068818,True,37.5,36.5,38.6,0.95,0.05,0.0,0.7,0.03,2,1789471328.3871865,False,False,False,False,1789411711.085069,0,0,1,0,False
1789411711.061382,20,1789471338.3663795,37.49446860456244,0.6751987487602045,37.54787518120088,True,37.5,36.5,38.6,0.95,0.05,0.0,0.7,0.03,2,1789471348.392904,False,False,False,False,1789411711.085069,0,0,1,0,False
1789411711.061382,20,1789471358.3721874,37.526512550545505,0.6747791256580453,37.58793011367972,True,37.5,36.5,38.6,0.95,0.05,0.0,0.7,0.03,2,1789471368.3985918,False,False,False,False,1789411711.085069,0,0,0,0,False
1789411711.061382,20,1789471378.3778968,37.51583123521782,0.6746646829938201,37.58258945601587,True,37.5,36.5,38.6,0.95,0.05,0.0,0.7,0.03,2,1789471388.404402,False,False,False,False,1789411711.085069,0,0,0,0,False
1789411711.061382,20,1789471398.3837252,37.49179827573053,0.6751606012054627,37.58258945601587,True,37.5,36.5,38.6,0.95,0.05,0.0,0.7,0.03,2,1789471408.4101384,False,False,False,False,1789411711.085069,0,0,1,0,False
1789411711.061382,20,1789471418.3894074,37.43305104142824,0.6756183718623636,37.56122682536049,True,37.5,36.5,38.6,0.95,0.05,0.0,0.7,0.03,2,1789471428.415925,False,False,False,False,1789411711.085069,0,0,1,0,False
1789411711.061382,20,1789471438.3951426,37.470435645075156,0.6759235523002975,37.57991912718394,True,37.5,36.5,38.6,0.95,0.05,0.0,0.7,0.03,2,1789471448.4218357,False,False,False,False,1789411711.085069,0,0,1,0,False
1789411711.061382,20,1789471458.4009635,37.465094987411305,0.6755230029755093,37.555886167696656,True,37.5,36.5,38.6,0.95,0.05,0.0,0.7,0.03,2,1789471468.4275146,False,False,False,False,1789411711.085069,0,0,1,0,False
1789411711.061382,20,1789471478.4066944,37.48645761806668,0.6750652323186084,37.57190814068818,True,37.5,36.5,38.6,0.95,0.05,0.0,0.7,0.03,2,1789471488.4332025,False,False,False,False,1789411711.085069,0,0,1,0,False
1789411711.061382,20,1789471498.4124653,37.54253452353704,0.6745502403295949,37.58525978484779,True,37.5,36.5,38.6,0.95,0.05,0.0,0.7,0.03,2,1789471508.4389808,False,False,False,False,1789411711.085069,0,0,0,0,False
1789411711.061382,20,1789471518.41825,37.52117189288167,0.6744357976653697,37.593270771343555,True,37.5,36.5,38.6,0.95,0.05,0.0,0.7,0.03,2,1789471528.444947,False,False,False,False,1789411711.085069,0,0,0,0,False
1789411711.061382,20,1789471538.4242065,37.46242465857938,0.6756755931944762,37.59060044251163,True,37.5,36.5,38.6,0.95,0.05,0.0,0.7,0.03,2,1789471548.4506767,False,False,False,False,1789411711.085069,0,0,1,0,False
1789411711.061382,20,1789471558.4298995,37.46242465857938,0.6759044785229267,37.56656748302434,True,37.5,36.5,38.6,0.95,0.05,0.0,0.7,0.03,2,1789471568.4564614,False,False,False,False,1789411711.085069,0,0,1,0,False
1789411711.061382,20,1789471578.4356916,37.47310597390707,0.675408560311284,37.56122682536049,True,37.5,36.5,38.6,0.95,0.05,0.0,0.7,0.03,2,1789471588.462197,False,False,False,False,1789411711.085069,0,0,1,0,False
1789411711.061382,20,1789471598.441482,37.470435645075156,0.6753322652018006,37.57190814068818,True,37.5,36.5,38.6,0.95,0.05,0.0,0.7,0.03,2,1789471608.4681761,False,False,False,False,1789411711.085069,0,0,1,0,False
1789411711.061382,20,1789471618.4473577,37.513160906385906,0.6744739452201114,37.58258945601587,True,37.5,36.5,38.6,0.95,0.05,0.0,0.7,0.03,2,1789471628.4744484,False,False,False,False,1789411711.085069,0,0,0,0,False
1789411711.061382,20,1789471638.4534984,37.52384222171359,0.6745883878843366,37.59060044251163,True,37.5,36.5,38.6,0.95,0.05,0.0,0.7,0.03,2,1789471648.4801388,False,False,False,False,1789411711.085069,0,0,0,0,False
1789411711.061382,20,1789471658.4594045,37.47577630273899,0.6755802243076219,37.57190814068818,True,37.5,36.5,38.6,0.95,0.05,0.0,0.7,0.03,2,1789471668.4861665,False,False,False,False,1789411711.085069,0,0,1,0,False
1789411711.061382,20,1789471678.4652681,37.45975432974747,0.675713740749218,37.56656748302434,True,37.5,36.5,38.6,0.95,0.05,0.0,0.7,0.03,2,1789471688.4918187,False,False,False,False,1789411711.085069,0,0,1,0,False
1789411711.061382,20,1789471698.470956,37.47844663157092,0.6757900358587015,37.57991912718394,True,37.5,36.5,38.6,0.95,0.05,0.0,0.7,0.03,2,1789471708.4975593,False,False,False,False,1789411711.085069,0,0,1,0,False
1789411711.061382,20,1789471718.4767234,37.50514991989013,0.6753131914244297,37.54520485236897,True,37.5,36.5,38.6,0.95,0.05,0.0,0.7,0.03,2,1789471728.5031517,False,False,False,False,1789411711.085069,0,0,0,0,False
1789411711.061382,20,1789471738.4824238,37.531853208209355,0.6745502403295949,37.57991912718394,True,37.5,36.5,38.6,0.95,0.05,0.0,0.7,0.03,2,1789471748.5089421,False,False,False,False,1789411711.085069,0,0,0,0,False
1789411711.061382,20,1789471758.4882476,37.489127946898606,0.6752559700923171,37.58258945601587,True,37.5,36.5,38.6,0.95,0.05,0.0,0.7,0.03,2,1789471768.514766,False,False,False,False,1789411711.085069,0,0,1,0,False
1789411711.061382,20,1789471778.493939,37.489127946898606,0.6751987487602045,37.550545510032805,True,37.5,36.5,38.6,0.95,0.05,0.0,0.7,0.03,2,1789471788.5204725,False,False,False,False,1789411711.085069,0,0,1,0,False
1789411711.061382,20,1789471798.4996946,37.470435645075156,0.6754467078660258,37.555886167696656,True,37.5,36.5,38.6,0.95,0.05,0.0,0.7,0.03,2,1789471808.5262299,False,False,False,False,1789411711.085069,0,0,1,0,False
1789411711.061382,20,1789471818.5054398,37.48645761806668,0.6748744945448997,37.58793011367972,True,37.5,36.5,38.6,0.95,0.05,0.0,0.7,0.03,2,1789471828.532057,False,False,False,False,1789411711.085069,0,0,1,0,False
1789411711.061382,20,1789471838.5112674,37.56122682536049,0.6738635843442435,37.56389715419242,True,37.5,36.5,38.6,0.95,0.05,0.0,0.7,0.03,2,1789471848.5377243,False,False,False,False,1789411711.085069,0,0,0,0,False
1789411711.061382,20,1789471858.5170043,37.513160906385906,0.6743404287785153,37.58258945601587,True,37.5,36.5,38.6,0.95,0.05,0.0,0.7,0.03,2,1789471868.5434828,False,False,False,False,1789411711.085069,0,0,0,0,False
1789411711.061382,20,1789471878.5227256,37.470435645075156,0.6753131914244297,37.57724879835203,True,37.5,36.5,38.6,0.95,0.05,0.0,0.7,0.03,2,1789471888.5492487,False,False,False,False,1789411711.085069,0,0,1,0,False
1789411711.061382,20,1789471898.528517,37.47844663157092,0.6756946669718471,37.58525978484779,True,37.5,36.5,38.6,0.95,0.05,0.0,0.7,0.03,2,1789471908.5549726,False,False,False,False,1789411711.085069,0,0,1,0,False
1789411711.061382,20,1789471918.5342271,37.49980926222629,0.6752941176470588,37.56656748302434,True,37.5,36.5,38.6,0.95,0.05,0.0,0.7,0.03,2,1789471928.5607424,False,False,False,False,1789411711.085069,0,0,1,0,False
1789411711.061382,20,1789471938.5400069,37.489127946898606,0.6748935683222705,37.569237811856254,True,37.5,36.5,38.6,0.95,0.05,0.0,0.7,0.03,2,1789471948.5664628,False,False,False,False,1789411711.085069,0,0,1,0,False
1789411711.061382,20,1789471958.5457335,37.54253452353704,0.6743976501106279,37.57724879835203,True,37.5,36.5,38.6,0.95,0.05,0.0,0.7,0.03,2,1789471968.5724874,False,False,False,False,1789411711.085069,0,0,0,0,False
1789411711.061382,20,1789471978.551691,37.47310597390707,0.675275043869688,37.593270771343555,True,37.5,36.5,38.6,0.95,0.05,0.0,0.7,0.03,2,1789471988.5781684,False,False,False,False,1789411711.085069,0,0,1,0,False
1789411711.061382,20,1789471998.5574098,37.45441367208362,0.675713740749218,37.555886167696656,True,37.5,36.5,38.6,0.95,0.05,0.0,0.7,0.03,2,1789472008.5839517,False,False,False,False,1789411711.085069,0,0,1,0,False
1789411711.061382,20,1789472018.5631454,37.470435645075156,0.6754467078660258,37.550545510032805,True,37.5,36.5,38.6,0.95,0.05,0.0,0.7,0.03,2,1789472028.5897856,False,False,False,False,1789411711.085069,0,0,1,0,False
1789411711.061382,20,1789472038.5689201,37.51850156404974,0.6748554207675288,37.58525978484779,True,37.5,36.5,38.6,0.95,0.05,0.0,0.7,0.03,2,1789472048.5955203,False,False,False,False,1789411711.085069,0,0,0,0,False
1789411711.061382,20,1789472058.574745,37.52384222171359,0.6748744945448997,37.58258945601587,True,37.5,36.5,38.6,0.95,0.05,0.0,0.7,0.03,2,1789472068.6012816,False,False,False,False,1789411711.085069,0,0,0,0,False
1789411711.061382,20,1789472078.580524,37.465094987411305,0.6753131914244297,37.593270771343555,True,37.5,36.5,38.6,0.95,0.05,0.0,0.7,0.03,2,1789472088.6069715,False,False,False,False,1789411711.085069,0,0,1,0,False
1789411711.061382,20,1789472098.58621,37.46242465857938,0.6754276340886549,37.569237811856254,True,37.5,36.5,38.6,0.95,0.05,0.0,0.7,0.03,2,1789472108.6127844,False,False,False,False,1789411711.085069,0,0,1,0,False
1789411711.061382,20,1789472118.5920696,37.49446860456244,0.674969863431754,37.56656748302434,True,37.5,36.5,38.6,0.95,0.05,0.0,0.7,0.03,2,1789472128.6185198,False,False,False,False,1789411711.085069,0,0,1,0,False
1789411711.061382,20,1789472138.5977497,37.526512550545505,0.6741496910048066,37.569237811856254,True,37.5,36.5,38.6,0.95,0.05,0.0,0.7,0.03,2,1789472148.6242578,False,False,False,False,1789411711.085069,0,0,0,0,False
1789411711.061382,20,1789472158.603467,37.49980926222629,0.6749889372091249,37.58258945601587,True,37.5,36.5,38.6,0.95,0.05,0.0,0.7,0.03,2,1789472168.630025,False,False,False,False,1789411711.085069,0,0,1,0,False
1789411711.061382,20,1789472178.6092412,37.49446860456244,0.6749126420996414,37.57190814068818,True,37.5,36.5,38.6,0.95,0.05,0.0,0.7,0.03,2,1789472188.6358733,False,False,False,False,1789411711.085069,0,0,1,0,False
1789411711.061382,20,1789472198.6150324,37.47577630273899,0.6755802243076219,37.57190814068818,True,37.5,36.5,38.6,0.95,0.05,0.0,0.7,0.03,2,1789472208.6415079,False,False,False,False,1789411711.085069,0,0,1,0,False
1789411711.061382,20,1789472218.6207683,37.470435645075156,0.6755992980849927,37.56656748302434,True,37.5,36.5,38.6,0.95,0.05,0.0,0.7,0.03,2,1789472228.6472063,False,False,False,False,1789411711.085069,0,0,1,0,False
1789411711.061382,20,1789472238.6264691,37.470435645075156,0.6753894865339132,37.57991912718394,True,37.5,36.5,38.6,0.95,0.05,0.0,0.7,0.03,2,1789472248.6529498,False,False,False,False,1789411711.085069,0,0,1,0,False
1789411711.061382,20,1789472258.632198,37.51850156404974,0.6748554207675288,37.58258945601587,True,37.5,36.5,38.6,0.95,0.05,0.0,0.7,0.03,2,1789472268.6587193,False,False,False,False,1789411711.085069,0,0,0,0,False
1789411711.061382,20,1789472278.6379561,37.52384222171359,0.6743595025558862,37.58258945601587,True,37.5,36.5,38.6,0.95,0.05,0.0,0.7,0.03,2,1789472288.664461,False,False,False,False,1789411711.085069,0,0,0,0,False
1789411711.061382,20,1789472298.6437411,37.46242465857938,0.6752941176470588,37.611963073167004,True,37.5,36.5,38.6,0.95,0.05,0.0,0.7,0.03,2,1789472308.6702113,False,False,False,False,1789411711.085069,0,0,1,0,False
1789411711.061382,20,1789472318.6495025,37.446402685587856,0.6759807736324102,37.54520485236897,True,37.5,36.5,38.6,0.95,0.05,0.0,0.7,0.03,2,1789472328.676069,False,False,False,False,1789411711.085069,0,0,1,0,False
1789411711.061382,20,1789472338.6552806,37.45708400091554,0.6760761425192645,37.56389715419242,True,37.5,36.5,38.6,0.95,0.05,0.0,0.7,0.03,2,1789472348.6817927,False,False,False,False,1789411711.085069,0,0,1,0,False
1789411711.061382,20,1789472358.6610825,37.45708400091554,0.6756183718623636,37.56656748302434,True,37.5,36.5,38.6,0.95,0.05,0.0,0.7,0.03,2,1789472368.687627,False,False,False,False,1789411711.085069,0,0,1,0,False
1789411711.061382,20,1789472378.6668117,37.51049057755398,0.6749126420996414,37.58258945601587,True,37.5,36.5,38.6,0.95,0.05,0.0,0.7,0.03,2,1789472388.6932702,False,False,False,False,1789411711.085069,0,0,0,0,False
1789411711.061382,20,1789472398.6726038,37.481116960402844,0.6749126420996414,37.58258945601587,True,37.5,36.5,38.6,0.95,0.05,0.0,0.7,0.03,2,1789472408.699201,False,False,False,False,1789411711.085069,0,0,1,0,False
1789411711.061382,20,1789472418.6783776,37.507820248722055,0.674969863431754,37.58258945601587,True,37.5,36.5,38.6,0.95,0.05,0.0,0.7,0.03,2,1789472428.7049098,False,False,False,False,1789411711.085069,0,0,0,0,False
1789411711.061382,20,1789472438.6842124,37.465094987411305,0.6750270847638666,37.574578469520105,True,37.5,36.5,38.6,0.95,0.05,0.0,0.7,0.03,2,1789472448.7106476,False,False,False,False,1789411711.085069,0,0,1,0,False
1789411711.061382,20,1789472458.6898782,37.481116960402844,0.6750843060959792,37.56656748302434,True,37.5,36.5,38.6,0.95,0.05,0.0,0.7,0.03,2,1789472468.7164679,False,False,False,False,1789411711.085069,0,0,1,0,False
1789411711.061382,20,1789472478.6957715,37.52384222171359,0.6749126420996414,37.56656748302434,True,37.5,36.5,38.6,0.95,0.05,0.0,0.7,0.03,2,1789472488.722226,False,False,False,False,1789411711.085069,0,0,0,0,False
1789411711.061382,20,1789472498.7014563,37.483787289234755,0.6753704127565423,37.56389715419242,True,37.5,36.5,38.6,0.95,0.05,0.0,0.7,0.03,2,1789472508.7279792,False,False,False,False,1789411711.085069,0,0,1,0,False
1789411711.061382,20,1789472518.7071576,37.46776531624323,0.6752368963149462,37.57724879835203,True,37.5,36.5,38.6,0.95,0.05,0.0,0.7,0.03,2,1789472528.733606,False,False,False,False,1789411711.085069,0,0,1,0,False
1789411711.061382,20,1789472538.7128985,37.49446860456244,0.6753704127565423,37.574578469520105,True,37.5,36.5,38.6,0.95,0.05,0.0,0.7,0.03,2,1789472548.739394,False,False,False,False,1789411711.085069,0,0,1,0,False
1789411711.061382,20,1789472558.7186463,37.54253452353704,0.6745502403295949,37.58258945601587,True,37.5,36.5,38.6,0.95,0.05,0.0,0.7,0.03,2,1789472568.745139,False,False,False,False,1789411711.085069,0,0,0,0,False
1789411711.061382,20,1789472578.7244213,37.49980926222629,0.6748172732127871,37.61463340199893,True,37.5,36.5,38.6,0.95,0.05,0.0,0.7,0.03,2,1789472588.750902,False,False,False,False,1789411711.085069,0,0,1,0,False
1789411711.061382,20,1789472598.7301006,37.481116960402844,0.6751415274280919,37.58793011367972,True,37.5,36.5,38.6,0.95,0.05,0.0,0.7,0.03,2,1789472608.756719,False,False,False,False,1789411711.085069,0,0,1,0,False
1789411711.061382,20,1789472618.736046,37.47577630273899,0.6752941176470588,37.57190814068818,True,37.5,36.5,38.6,0.95,0.05,0.0,0.7,0.03,2,1789472628.7626822,False,False,False,False,1789411711.085069,0,0,1,0,False
1789411711.061382,20,1789472638.7418752,37.51850156404974,0.6747219043259327,37.59594110017548,True,37.5,36.5,38.6,0.95,0.05,0.0,0.7,0.03,2,1789472648.768455,False,False,False,False,1789411711.085069,0,0,0,0,False
1789411711.061382,20,1789472658.7477386,37.51850156404974,0.6749507896543832,37.60395208667124,True,37.5,36.5,38.6,0.95,0.05,0.0,0.7,0.03,2,1789472668.774168,False,False,False,False,1789411711.085069,0,0,0,0,False
1789411711.061382,20,1789472678.7534692,37.49179827573053,0.6749507896543832,37.58258945601587,True,37.5,36.5,38.6,0.95,0.05,0.0,0.7,0.03,2,1789472688.780097,False,False,False,False,1789411711.085069,0,0,1,0,False
1789411711.061382,20,1789472698.7593398,37.46242465857938,0.6755230029755093,37.57991912718394,True,37.5,36.5,38.6,0.95,0.05,0.0,0.7,0.03,2,1789472708.785871,False,False,False,False,1789411711.085069,0,0,1,0,False
1789411711.061382,20,1789472718.7651203,37.45174334325169,0.675561150530251,37.555886167696656,True,37.5,36.5,38.6,0.95,0.05,0.0,0.7,0.03,2,1789472728.79206,False,False,False,False,1789411711.085069,0,0,1,0,False
1789411711.061382,20,1789472738.7712433,37.49446860456244,0.6755039291981384,37.57991912718394,True,37.5,36.5,38.6,0.95,0.05,0.0,0.7,0.03,2,1789472748.797838,False,False,False,False,1789411711.085069,0,0,1,0,False
1789411711.061382,20,1789472758.7770462,37.51049057755398,0.6752559700923171,37.56122682536049,True,37.5,36.5,38.6,0.95,0.05,0.0,0.7,0.03,2,1789472768.8036976,False,False,False,False,1789411711.085069,0,0,0,0,False
1789411711.061382,20,1789472778.782805,37.51049057755398,0.6747600518806744,37.593270771343555,True,37.5,36.5,38.6,0.95,0.05,0.0,0.7,0.03,2,1789472788.8094285,False,False,False,False,1789411711.085069,0,0,0,0,False
1789411711.061382,20,1789472798.788593,37.45975432974747,0.6751796749828336,37.57190814068818,True,37.5,36.5,38.6,0.95,0.05,0.0,0.7,0.03,2,1789472808.8151598,False,False,False,False,1789411711.085069,0,0,1,0,False
1789411711.061382,20,1789472818.7943466,37.48645761806668,0.6751033798733501,37.56656748302434,True,37.5,36.5,38.6,0.95,0.05,0.0,0.7,0.03,2,1789472828.8210049,False,False,False,False,1789411711.085069,0,0,1,0,False
1789411711.061382,20,1789472838.8003492,37.513160906385906,0.6752368963149462,37.569237811856254,True,37.5,36.5,38.6,0.95,0.05,0.0,0.7,0.03,2,1789472848.82685,False,False,False,False,1789411711.085069,0,0,0,0,False
1789411711.061382,20,1789472858.806073,37.48645761806668,0.6757328145265888,37.57190814068818,True,37.5,36.5,38.6,0.95,0.05,0.0,0.7,0.03,2,1789472868.8326101,False,False,False,False,1789411711.085069,0,0,1,0,False
1789411711.061382,20,1789472878.8118458,37.48645761806668,0.6752178225375753,37.56656748302434,True,37.5,36.5,38.6,0.95,0.05,0.0,0.7,0.03,2,1789472888.8382668,False,False,False,False,1789411711.085069,0,0,1,0,False
1789411711.061382,20,1789472898.8175268,37.49980926222629,0.6748935683222705,37.55321583886473,True,37.5,36.5,38.6,0.95,0.05,0.0,0.7,0.03,2,1789472908.8440561,False,False,False,False,1789411711.085069,0,0,1,0,False
1789411711.061382,20,1789472918.823227,37.54787518120088,0.6747791256580453,37.58258945601587,True,37.5,36.5,38.6,0.95,0.05,0.0,0.7,0.03,2,1789472928.8497727,False,False,False,False,1789411711.085069,0,0,0,0,False
1789411711.061382,20,1789472938.829091,37.50514991989013,0.6747409781033036,37.59594110017548,True,37.5,36.5,38.6,0.95,0.05,0.0,0.7,0.03,2,1789472948.8556619,False,False,False,False,1789411711.085069,0,0,0,0,False
1789411711.061382,20,1789472958.8348606,37.50514991989013,0.6750461585412375,37.593270771343555,True,37.5,36.5,38.6,0.95,0.05,0.0,0.7,0.03,2,1789472968.8613179,False,False,False,False,1789411711.085069,0,0,0,0,False
1789411711.061382,20,1789472978.8406086,37.446402685587856,0.6758663309681849,37.57190814068818,True,37.5,36.5,38.6,0.95,0.05,0.0,0.7,0.03,2,1789472988.867111,False,False,False,False,1789411711.085069,0,0,1,0,False
1789411711.061382,20,1789472998.8463423,37.45975432974747,0.6760379949645228,37.56656748302434,True,37.5,36.5,38.6,0.95,0.05,0.0,0.7,0.03,2,1789473008.8728259,False,False,False,False,1789411711.085069,0,0,1,0,False
1789411711.061382,20,1789473018.8521192,37.45975432974747,0.6757709620813306,37.550545510032805,True,37.5,36.5,38.6,0.95,0.05,0.0,0.7,0.03,2,1789473028.878555,False,False,False,False,1789411711.085069,0,0,1,0,False
1789411711.061382,20,1789473038.857819,37.49179827573053,0.6749889372091249,37.569237811856254,True,37.5,36.5,38.6,0.95,0.05,0.0,0.7,0.03,2,1789473048.8843474,False,False,False,False,1789411711.085069,0,0,1,0,False
1789411711.061382,20,1789473058.863619,37.51850156404974,0.6747791256580453,37.555886167696656,True,37.5,36.5,38.6,0.95,0.05,0.0,0.7,0.03,2,1789473068.890084,False,False,False,False,1789411711.085069,0,0,0,0,False
1789411711.061382,20,1789473078.869404,37.470435645075156,0.6754657816433967,37.56656748302434,True,37.5,36.5,38.6,0.95,0.05,0.0,0.7,0.03,2,1789473088.8959906,False,False,False,False,1789411711.085069,0,0,1,0,False
1789411711.061382,20,1789473098.875152,37.43572137026017,0.6762287327382315,37.54787518120088,True,37.5,36.5,38.6,0.95,0.05,0.0,0.7,0.03,2,1789473108.9016445,False,False,False,False,1789411711.085069,0,0,1,0,False
1789411711.061382,20,1789473118.880959,37.46776531624323,0.675999847409781,37.56656748302434,True,37.5,36.5,38.6,0.95,0.05,0.0,0.7,0.03,2,1789473128.907782,False,False,False,False,1789411711.085069,0,0,1,0,False
1789411711.061382,20,1789473138.886823,37.51583123521782,0.6751415274280919,37.57991912718394,True,37.5,36.5,38.6,0.95,0.05,0.0,0.7,0.03,2,1789473148.9133766,False,False,False,False,1789411711.085069,0,0,0,0,False
1789411711.061382,20,1789473158.8926215,37.483787289234755,0.6752559700923171,37.56656748302434,True,37.5,36.5,38.6,0.95,0.05,0.0,0.7,0.03,2,1789473168.9191303,False,False,False,False,1789411711.085069,0,0,1,0,False
1789411711.061382,20,1789473178.898346,37.50514991989013,0.6750461585412375,37.58258945601587,True,37.5,36.5,38.6,0.95,0.05,0.0,0.7,0.03,2,1789473188.9250593,False,False,False,False,1789411711.085069,0,0,0,0,False
1789411711.061382,20,1789473198.9042673,37.48645761806668,0.6754848554207675,37.593270771343555,True,37.5,36.5,38.6,0.95,0.05,0.0,0.7,0.03,2,1789473208.9307609,False,False,False,False,1789411711.085069,0,0,1,0,False
1789411711.061382,20,1789473218.9099364,37.45975432974747,0.6758281834134432,37.56122682536049,True,37.5,36.5,38.6,0.95,0.05,0.0,0.7,0.03,2,1789473228.9366057,False,False,False,False,1789411711.085069,0,0,1,0,False
1789411711.061382,20,1789473238.9157157,37.513160906385906,0.6753894865339132,37.56389715419242,True,37.5,36.5,38.6,0.95,0.05,0.0,0.7,0.03,2,1789473248.9422777,False,False,False,False,1789411711.085069,0,0,0,0,False
1789411711.061382,20,1789473258.921391,37.513160906385906,0.6749507896543832,37.58258945601587,True,37.5,36.5,38.6,0.95,0.05,0.0,0.7,0.03,2,1789473268.9479735,False,False,False,False,1789411711.085069,0,0,0,0,False
1789411711.061382,20,1789473278.9271572,37.513160906385906,0.6751796749828336,37.593270771343555,True,37.5,36.5,38.6,0.95,0.05,0.0,0.7,0.03,2,1789473288.9537141,False,False,False,False,1789411711.085069,0,0,0,0,False
1789411711.061382,20,1789473298.9331377,37.46242465857938,0.6755802243076219,37.569237811856254,True,37.5,36.5,38.6,0.95,0.05,0.0,0.7,0.03,2,1789473308.959817,False,False,False,False,1789411711.085069,0,0,1,0,False
1789411711.061382,20,1789473318.9389982,37.46242465857938,0.6756374456397345,37.54520485236897,True,37.5,36.5,38.6,0.95,0.05,0.0,0.7,0.03,2,1789473328.9655006,False,False,False,False,1789411711.085069,0,0,1,0,False
1789411711.061382,20,1789473338.944773,37.47310597390707,0.6756183718623636,37.54787518120088,True,37.5,36.5,38.6,0.95,0.05,0.0,0.7,0.03,2,1789473348.971283,False,False,False,False,1789411711.085069,0,0,1,0,False
1789411711.061382,20,1789473358.950578,37.51049057755398,0.6753131914244297,37.54520485236897,True,37.5,36.5,38.6,0.95,0.05,0.0,0.7,0.03,2,1789473368.9770575,False,False,False,False,1789411711.085069,0,0,0,0,False
1789411711.061382,20,1789473378.9563909,37.489127946898606,0.6753131914244297,37.58258945601587,True,37.5,36.5,38.6,0.95,0.05,0.0,0.7,0.03,2,1789473388.9828782,False,False,False,False,1789411711.085069,0,0,1,0,False
1789411711.061382,20,1789473398.9621258,37.48645761806668,0.6755230029755093,37.555886167696656,True,37.5,36.5,38.6,0.95,0.05,0.0,0.7,0.03,2,1789473408.9886608,False,False,False,False,1789411711.085069,0,0,1,0,False
1789411711.061382,20,1789473418.9678943,37.48645761806668,0.6750080109864958,37.57724879835203,True,37.5,36.5,38.6,0.95,0.05,0.0,0.7,0.03,2,1789473428.994411,False,False,False,False,1789411711.085069,0,0,1,0,False
1789411711.061382,20,1789473438.9736528,37.49179827573053,0.6747791256580453,37.569237811856254,True,37.5,36.5,38.6,0.95,0.05,0.0,0.7,0.03,2,1789473449.0002582,False,False,False,False,1789411711.085069,0,0,1,0,False
1789411711.061382,20,1789473458.9793978,37.513160906385906,0.6751796749828336,37.598611429007406,True,37.5,36.5,38.6,0.95,0.05,0.0,0.7,0.03,2,1789473469.0059154,False,False,False,False,1789411711.085069,0,0,0,0,False
1789411711.061382,20,1789473478.9853585,37.481116960402844,0.6757900358587015,37.58258945601587,True,37.5,36.5,38.6,0.95,0.05,0.0,0.7,0.03,2,1789473489.0122542,False,False,False,False,1789411711.085069,0,0,1,0,False
1789411711.061382,20,1789473498.991129,37.489127946898606,0.6755230029755093,37.574578469520105,True,37.5,36.5,38.6,0.95,0.05,0.0,0.7,0.03,2,1789473509.0177157,False,False,False,False,1789411711.085069,0,0,1,0,False
1789411711.061382,20,1789473518.9970026,37.47310597390707,0.6756183718623636,37.56656748302434,True,37.5,36.5,38.6,0.95,0.05,0.0,0.7,0.03,2,1789473529.0235221,False,False,False,False,1789411711.085069,0,0,1,0,False
1789411711.061382,20,1789473539.002717,37.489127946898606,0.6756374456397345,37.59060044251163,True,37.5,36.5,38.6,0.95,0.05,0.0,0.7,0.03,2,1789473549.0292506,False,False,False,False,1789411711.085069,0,0,1,0,False
1789411711.061382,20,1789473559.0085146,37.52117189288167,0.6748172732127871,37.58258945601587,True,37.5,36.5,38.6,0.95,0.05,0.0,0.7,0.03,2,1789473569.035024,False,False,False,False,1789411711.085069,0,0,0,0,False
1789411711.061382,20,1789473579.0143504,37.46776531624323,0.6756565194171054,37.58793011367972,True,37.5,36.5,38.6,0.95,0.05,0.0,0.7,0.03,2,1789473589.0408926,False,False,False,False,1789411711.085069,0,0,1,0,False
1789411711.061382,20,1789473599.0201583,37.49179827573053,0.6753513389791714,37.57724879835203,True,37.5,36.5,38.6,0.95,0.05,0.0,0.7,0.03,2,1789473609.0465996,False,False,False,False,1789411711.085069,0,0,1,0,False
1789411711.061382,20,1789473619.0258253,37.513160906385906,0.674683756771191,37.593270771343555,True,37.5,36.5,38.6,0.95,0.05,0.0,0.7,0.03,2,1789473629.0523567,False,False,False,False,1789411711.085069,0,0,0,0,False
1789411711.061382,20,1789473639.0316434,37.51850156404974,0.6744357976653697,37.62264438849469,True,37.5,36.5,38.6,0.95,0.05,0.0,0.7,0.03,2,1789473649.0581377,False,False,False,False,1789411711.085069,0,0,0,0,False
1789411711.061382,20,1789473659.0374005,37.48645761806668,0.6752559700923171,37.65735866330968,True,37.5,36.5,38.6,0.95,0.05,0.0,0.7,0.03,2,1789473669.0640423,False,False,False,False,1789411711.085069,0,0,1,0,False
1789411711.061382,20,1789473679.0432186,37.470435645075156,0.6756183718623636,37.62531471732662,True,37.5,36.5,38.6,0.95,0.05,0.0,0.7,0.03,2,1789473689.0697954,False,False,False,False,1789411711.085069,0,0,1,0,False
1789411711.061382,20,1789473699.0490441,37.51583123521782,0.6743022812237736,37.660028992141605,True,37.5,36.5,38.6,0.95,0.05,0.0,0.7,0.03,2,1789473709.0755477,False,False,False,False,1789411711.085069,0,0,0,0,False
1789411711.061382,20,1789473719.0547872,37.489127946898606,0.6747219043259327,37.678721293965054,True,37.5,36.5,38.6,0.95,0.05,0.0,0.7,0.03,2,1789473729.0813885,False,False,False,False,1789411711.085069,0,0,1,0,False
1789411711.061382,20,1789473739.0606406,37.489127946898606,0.6743404287785153,37.67605096513313,True,37.5,36.5,38.6,0.95,0.05,0.0,0.7,0.03,2,1789473749.0871172,False,False,False,False,1789411711.085069,0,0,1,0,False
1789411711.061382,20,1789473759.066351,37.526512550545505,0.674245059891661,37.67338063630122,True,37.5,36.5,38.6,0.95,0.05,0.0,0.7,0.03,2,1789473769.0928066,False,False,False,False,1789411711.085069,0,0,0,0,False
1789411711.061382,20,1789473779.0721233,37.52117189288167,0.6740161745632105,37.684061951628905,True,37.5,36.5,38.6,0.95,0.05,0.0,0.7,0.03,2,1789473789.0986626,False,False,False,False,1789411711.085069,0,0,0,0,False
1789411711.061382,20,1789473799.077874,37.49179827573053,0.6749889372091249,37.69474326695659,True,37.5,36.5,38.6,0.95,0.05,0.0,0.7,0.03,2,1789473809.104441,False,False,False,False,1789411711.085069,0,0,1,0,False
1789411711.061382,20,1789473819.0836759,37.45441367208362,0.6757328145265888,37.67338063630122,True,37.5,36.5,38.6,0.95,0.05,0.0,0.7,0.03,2,1789473829.1101797,False,False,False,False,1789411711.085069,0,0,1,0,False
1789411711.061382,20,1789473839.089413,37.465094987411305,0.6756946669718471,37.68139162279698,True,37.5,36.5,38.6,0.95,0.05,0.0,0.7,0.03,2,1789473849.1160238,False,False,False,False,1789411711.085069,0,0,1,0,False
1789411711.061382,20,1789473859.095235,37.49179827573053,0.6747600518806744,37.65735866330968,True,37.5,36.5,38.6,0.95,0.05,0.0,0.7,0.03,2,1789473869.1217456,False,False,False,False,1789411711.085069,0,0,1,0,False
1789411711.061382,20,1789473879.1010396,37.50247959105822,0.6743213550011444,37.684061951628905,True,37.5,36.5,38.6,0.95,0.05,0.0,0.7,0.03,2,1789473889.1274948,False,False,False,False,1789411711.085069,0,0,0,0,False
1789411711.061382,20,1789473899.1067774,37.51583123521782,0.6742641336690318,37.697413595788504,True,37.5,36.5,38.6,0.95,0.05,0.0,0.7,0.03,2,1789473909.1353393,False,False,False,False,1789411711.085069,0,0,0,0,False
1789411711.061382,20,1789473919.114411,37.49980926222629,0.6750270847638666,37.67338063630122,True,37.5,36.5,38.6,0.95,0.05,0.0,0.7,0.03,2,1789473929.1410248,False,False,False,False,1789411711.085069,0,0,1,0,False
1789411711.061382,20,1789473939.1202414,37.47310597390707,0.6753704127565423,37.68673228046082,True,37.5,36.5,38.6,0.95,0.05,0.0,0.7,0.03,2,1789473949.1469605,False,False,False,False,1789411711.085069,0,0,1,0,False
1789411711.061382,20,1789473959.126209,37.46242465857938,0.6753322652018006,37.678721293965054,True,37.5,36.5,38.6,0.95,0.05,0.0,0.7,0.03,2,1789473969.1529527,False,False,False,False,1789411711.085069,0,0,1,0,False
1789411711.061382,20,1789473979.1320913,37.489127946898606,0.6748935683222705,37.684061951628905,True,37.5,36.5,38.6,0.95,0.05,0.0,0.7,0.03,2,1789473989.1586485,False,False,False,False,1789411711.085069,0,0,1,0,False
1789411711.061382,20,1789473999.1377833,37.48645761806668,0.6747600518806744,37.67338063630122,True,37.5,36.5,38.6,0.95,0.05,0.0,0.7,0.03,2,1789474009.1643686,False,False,False,False,1789411711.085069,0,0,1,0,False
1789411711.061382,20,1789474019.1435068,37.49713893339437,0.674683756771191,37.678721293965054,True,37.5,36.5,38.6,0.95,0.05,0.0,0.7,0.03,2,1789474029.1702762,False,False,False,False,1789411711.085069,0,0,1,0,False
1789411711.061382,20,1789474039.1494813,37.513160906385906,0.6740543221179522,37.68673228046082,True,37.5,36.5,38.6,0.95,0.05,0.0,0.7,0.03,2,1789474049.1761053,False,False,False,False,1789411711.085069,0,0,0,0,False
1789411711.061382,20,1789474059.1552095,37.48645761806668,0.6751987487602045,37.678721293965054,True,37.5,36.5,38.6,0.95,0.05,0.0,0.7,0.03,2,1789474069.1818686,False,False,False,False,1789411711.085069,0,0,1,0,False
1789411711.061382,20,1789474079.161029,37.48645761806668,0.6748935683222705,37.684061951628905,True,37.5,36.5,38.6,0.95,0.05,0.0,0.7,0.03,2,1789474089.1876554,False,False,False,False,1789411711.085069,0,0,1,0,False
1789411711.061382,20,1789474099.166771,37.526512550545505,0.674245059891661,37.68673228046082,True,37.5,36.5,38.6,0.95,0.05,0.0,0.7,0.03,2,1789474109.193298,False,False,False,False,1789411711.085069,0,0,0,0,False
1789411711.061382,20,1789474119.1725366,37.489127946898606,0.6747981994354162,37.69474326695659,True,37.5,36.5,38.6,0.95,0.05,0.0,0.7,0.03,2,1789474129.1990263,False,False,False,False,1789411711.085069,0,0,1,0,False
1789411711.061382,20,1789474139.1782463,37.43572137026017,0.6755420767528801,37.697413595788504,True,37.5,36.5,38.6,0.95,0.05,0.0,0.7,0.03,2,1789474149.2047231,False,False,False,False,1789411711.085069,0,0,1,0,False
1789411711.061382,20,1789474159.1840754,34.71198596169985,0.5365705348287174,37.24078736552987,True,37.5,36.5,38.6,0.95,0.05,0.0,0.7,0.03,2,1789474169.2106009,False,False,False,False,1789411711.085069,False,True,1,1,False
1789411711.061382,20,1789474179.189917,33.46227206836042,0.5323552300297552,36.68001831082627,True,37.5,36.5,38.6,0.95,0.05,0.0,0.7,0.03,2,1789474189.2164826,False,False,False,False,1789411711.085069,False,True,1,1,False
1789411711.061382,20,1789474199.1957457,32.701228351262685,0.5226657511253529,36.04982070649271,True,37.5,36.5,38.6,0.95,0.05,0.0,0.7,0.03,2,1789474209.2222118,False,False,False,False,1789411711.085069,False,True,1,1,False
1789474564.5703065,20,0,28.618295567254137,0.5395651178759442,30.08697642481117,True,37.5,36.5,38.6,0.95,0.05,0.0,0.7,0.03,2,1789474564.5938764,False,False,False,True,1789474564.5940938,False,True,1,1,False
1789474583.4827075,20,0,28.554207675288012,0.5405378805218586,29.884031433585108,True,37.5,36.5,38.6,0.95,0.05,0.0,0.7,0.03,2,1789474583.5062037,False,False,False,True,1789474583.5063806,False,True,1,1,False
1789474969.459207,20,0,28.949416342412448,0.5441428244449531,28.495460440985738,True,37.5,36.5,38.6,0.95,0.05,0.0,0.7,0.03,2,1789474969.482658,False,False,False,True,1789474969.4828222,False,True,1,1,False
1789474969.459207,20,1789474979.4642506,28.98680094605936,0.5594399938963912,29.002822919050885,True,37.5,36.5,38.6,0.95,0.05,0.0,0.7,0.03,2,1789474989.4937193,False,False,False,False,1789474969.4828222,False,True,1,1,False
1789474969.459207,20,1789474999.4731503,28.580910963607238,0.5550911726558327,29.502174410620285,True,37.5,36.5,38.6,0.95,0.05,0.0,0.7,0.03,2,1789475009.4998255,False,False,False,False,1789474969.4828222,False,True,1,1,False
1789474969.459207,20,1789475019.4790654,28.404669260700388,0.5606034943160144,29.913405050736245,True,37.5,36.5,38.6,0.95,0.05,0.0,0.7,0.03,2,1789475029.5058324,False,False,False,False,1789474969.4828222,False,True,1,1,False
1789474969.459207,20,1789475039.4850552,28.759822995346,0.5778652628366522,30.260547798886094,True,37.5,36.5,38.6,0.95,0.05,0.0,0.7,0.03,2,1789475049.511705,False,False,False,False,1789474969.4828222,False,True,1,1,False
1789474969.459207,20,1789475059.4911056,29.21911955443656,0.5940207522697796,30.54627298390173,True,37.5,36.5,38.6,0.95,0.05,0.0,0.7,0.03,2,1789475069.5178196,False,False,False,False,1789474969.4828222,False,True,1,1,False
1789474969.459207,20,1789475079.4969907,29.587624933241784,0.6025276569771877,30.78393224994278,True,37.5,36.5,38.6,0.95,0.05,0.0,0.7,0.03,2,1789475089.523646,False,False,False,False,1789474969.4828222,False,True,1,1,False
1789474969.459207,20,1789475099.502781,29.85465781643397,0.6130754558632792,30.98687724116884,True,37.5,36.5,38.6,0.95,0.05,0.0,0.7,0.03,2,1789475109.5295815,False,False,False,False,1789474969.4828222,False,True,1,1,False
1789474969.459207,20,1789475119.5088003,30.09498741130693,0.6221355001144427,31.203173876554516,True,37.5,36.5,38.6,0.95,0.05,0.0,0.7,0.03,2,1789475129.5352712,False,False,False,False,1789474969.4828222,False,True,1,1,False
1789474969.459207,20,1789475139.514536,30.34866865033952,0.6303181506065461,31.382085908293277,True,37.5,36.5,38.6,0.95,0.05,0.0,0.7,0.03,2,1789475149.541035,False,False,False,False,1789474969.4828222,False,True,1,1,False
1789474969.459207,20,1789475159.5203364,30.540932326237893,0.6370130464637217,31.52361333638514,True,37.5,36.5,38.6,0.95,0.05,0.0,0.7,0.03,2,1789475169.5467062,False,False,False,False,1789474969.4828222,False,True,1,1,False
1789474969.459207,20,1789475179.5260203,30.74921797512779,0.6437270160982681,31.65980010681315,True,37.5,36.5,38.6,0.95,0.05,0.0,0.7,0.03,2,1789475189.5526,False,False,False,False,1789474969.4828222,False,True,1,1,False
1789474969.459207,20,1789475199.531903,30.941481651026166,0.649487296864271,31.80399786373694,True,37.5,36.5,38.6,0.95,0.05,0.0,0.7,0.03,2,1789475209.5583386,False,False,False,False,1789474969.4828222,False,True,1,1,False
1789474969.459207,20,1789475219.5376444,31.04829480430304,0.6561440451667048,31.9214923323415,True,37.5,36.5,38.6,0.95,0.05,0.0,0.7,0.03,2,1789475229.5643256,False,False,False,False,1789474969.4828222,False,True,1,1,False
1789474969.459207,20,1789475239.543407,31.232547493705653,0.6616182192721446,32.05500877393759,True,37.5,36.5,38.6,0.95,0.05,0.0,0.7,0.03,2,1789475249.5700803,False,False,False,False,1789474969.4828222,False,True,1,1,False
1789474969.459207,20,1789475259.5493019,31.398107881284815,0.6665392538338293,32.16983291371024,True,37.5,36.5,38.6,0.95,0.05,0.0,0.7,0.03,2,1789475269.5758917,False,False,False,False,1789474969.4828222,False,True,1,1,False
1789474969.459207,20,1789475279.5550773,31.50492103456169,0.671727321278706,32.27397573815519,True,37.5,36.5,38.6,0.95,0.05,0.0,0.7,0.03,2,1789475289.581546,False,False,False,False,1789474969.4828222,0,0,1,1,False
1789474969.459207,20,1789475299.5608253,31.84672312504769,0.6632776379034104,32.3861295490959,True,37.5,36.5,38.6,0.95,0.05,0.0,0.7,0.03,2,1789475309.587349,False,False,False,False,1789474969.4828222,False,True,1,1,False
1789474969.459207,20,1789475319.5665507,31.910811017013813,0.6720515754940108,32.48493171587701,True,37.5,36.5,38.6,0.95,0.05,0.0,0.7,0.03,2,1789475329.593051,False,False,False,False,1789474969.4828222,0,0,1,1,False
1789474969.459207,20,1789475339.572386,32.21255817502099,0.6624193179217213,32.6050965133135,True,37.5,36.5,38.6,0.95,0.05,0.0,0.7,0.03,2,1789475349.5988421,False,False,False,False,1789474969.4828222,False,True,1,1,False
1789474969.459207,20,1789475359.5781152,32.27130540932326,0.6666918440527962,32.69321736476692,True,37.5,36.5,38.6,0.95,0.05,0.0,0.7,0.03,2,1789475369.604629,False,False,False,False,1789474969.4828222,False,True,1,1,False
1789474969.459207,20,1789475379.583906,32.38345922026399,0.6694956893263142,32.786678873884185,True,37.5,36.5,38.6,0.95,0.05,0.0,0.7,0.03,2,1789475389.6104007,False,False,False,False,1789474969.4828222,False,True,1,1,False
1789474969.459207,20,1789475399.5896254,32.479591058213174,0.6722613870450904,32.85076676585031,True,37.5,36.5,38.6,0.95,0.05,0.0,0.7,0.03,2,1789475409.6162412,False,False,False,False,1789474969.4828222,0,0,1,1,False
1789474969.459207,20,1789475419.5954347,32.767986572060735,0.6644411383230334,32.95223926146333,True,37.5,36.5,38.6,0.95,0.05,0.0,0.7,0.03,2,1789475429.621879,False,False,False,False,1789474969.4828222,False,True,1,1,False
1789474969.459207,20,1789475439.6011858,32.71725032425421,0.6713649195086595,33.02166781109331,True,37.5,36.5,38.6,0.95,0.05,0.0,0.7,0.03,2,1789475449.6277373,False,False,False,False,1789474969.4828222,0,0,1,1,False
1789474969.459207,20,1789475459.606903,32.92553597314412,0.667759975585565,33.12046997787442,True,37.5,36.5,38.6,0.95,0.05,0.0,0.7,0.03,2,1789475469.6334238,False,False,False,False,1789474969.4828222,False,True,1,1,False
1789474969.459207,20,1789475479.6127403,32.984283207446396,0.6748744945448997,33.219272144655534,True,37.5,36.5,38.6,0.95,0.05,0.0,0.7,0.03,2,1789475489.6391926,False,False,False,False,1789474969.4828222,0,0,1,1,False
1789474969.459207,20,1789475499.6184614,33.160524910353246,0.6682940413519494,33.27267872129397,True,37.5,36.5,38.6,0.95,0.05,0.0,0.7,0.03,2,1789475509.6449547,False,False,False,False,1789474969.4828222,False,True,1,1,False
1789474969.459207,20,1789475519.6242626,33.176546883344784,0.6746265354390784,33.33409628442817,True,37.5,36.5,38.6,0.95,0.05,0.0,0.7,0.03,2,1789475529.6506708,False,False,False,False,1789474969.4828222,0,0,1,1,False
1789474969.459207,20,1789475539.6299171,33.36614023041123,0.6689616235599298,33.44357976653697,True,37.5,36.5,38.6,0.95,0.05,0.0,0.7,0.03,2,1789475549.6565163,False,False,False,False,1789474969.4828222,False,True,1,1,False
1789474969.459207,20,1789475559.6357365,33.40352483405813,0.674092469672694,33.48897535667963,True,37.5,36.5,38.6,0.95,0.05,0.0,0.7,0.03,2,1789475569.6621244,False,False,False,False,1789474969.4828222,0,0,1,1,False
1789474969.459207,20,1789475579.641427,33.595788509956506,0.6679316395819028,33.57175555046922,True,37.5,36.5,38.6,0.95,0.05,0.0,0.7,0.03,2,1789475589.6680367,False,False,False,False,1789474969.4828222,False,True,1,1,False
1789474969.459207,20,1789475599.647284,33.563744563973444,0.6743976501106279,33.60379949645228,True,37.5,36.5,38.6,0.95,0.05,0.0,0.7,0.03,2,1789475609.6737773,False,False,False,False,1789474969.4828222,0,0,1,1,False
1789474969.459207,20,1789475619.6531348,33.71328297856107,0.6702395666437782,33.678568703746095,True,37.5,36.5,38.6,0.95,0.05,0.0,0.7,0.03,2,1789475629.6798055,False,False,False,False,1789474969.4828222,0,0,1,1,False
1789474969.459207,20,1789475639.658988,33.838788433661406,0.6674166475928892,33.75333791103991,True,37.5,36.5,38.6,0.95,0.05,0.0,0.7,0.03,2,1789475649.6854715,False,False,False,False,1789474969.4828222,False,True,1,1,False
1789474969.459207,20,1789475659.664764,33.806744487678344,0.6741115434500649,33.809414816510255,True,37.5,36.5,38.6,0.95,0.05,0.0,0.7,0.03,2,1789475669.6912093,False,False,False,False,1789474969.4828222,0,0,1,1,False
1789474969.459207,20,1789475679.6704357,33.94560158693828,0.6705065995269703,33.84412909132524,True,37.5,36.5,38.6,0.95,0.05,0.0,0.7,0.03,2,1789475689.6969001,False,False,False,False,1789474969.4828222,0,0,1,1,False
1789474969.459207,20,1789475699.6762037,34.06309605554284,0.6682940413519494,33.90821698329137,True,37.5,36.5,38.6,0.95,0.05,0.0,0.7,0.03,2,1789475709.7026865,False,False,False,False,1789474969.4828222,False,True,1,1,False
1789474969.459207,20,1789475719.6820107,33.99900816357672,0.675561150530251,33.95895323109788,True,37.5,36.5,38.6,0.95,0.05,0.0,0.7,0.03,2,1789475729.7085097,False,False,False,False,1789474969.4828222,0,0,1,1,False
1789474969.459207,20,1789475739.6878054,34.242008087281604,0.6688281071183337,34.01503013656824,True,37.5,36.5,38.6,0.95,0.05,0.0,0.7,0.03,2,1789475749.714315,False,False,False,False,1789474969.4828222,False,True,1,1,False
1789474969.459207,20,1789475759.6936073,34.12451361867704,0.6751606012054627,34.076447699702456,True,37.5,36.5,38.6,0.95,0.05,0.0,0.7,0.03,2,1789475769.7201538,False,False,False,False,1789474969.4828222,0,0,1,1,False
1789474969.459207,20,1789475779.6993783,34.30075532158389,0.6729098954757,34.12718394750897,True,37.5,36.5,38.6,0.95,0.05,0.0,0.7,0.03,2,1789475789.7259538,False,False,False,False,1789474969.4828222,0,0,1,1,False
1789474969.459207,20,1789475799.7052276,34.45029373617152,0.6674166475928892,34.16456855115587,True,37.5,36.5,38.6,0.95,0.05,0.0,0.7,0.03,2,1789475809.7317462,False,False,False,False,1789474969.4828222,False,True,1,1,False
1789474969.459207,20,1789475819.7110167,34.34882124055848,0.674378576333257,34.217975127794304,True,37.5,36.5,38.6,0.95,0.05,0.0,0.7,0.03,2,1789475829.7375095,False,False,False,False,1789474969.4828222,0,0,1,1,False
1789474969.459207,20,1789475839.716832,34.506370641641865,0.6719943541618982,34.25535973144122,True,37.5,36.5,38.6,0.95,0.05,0.0,0.7,0.03,2,1789475849.7433157,False,False,False,False,1789474969.4828222,0,0,1,1,False
1789475907.6876907,20,0,34.56244754711223,0.6653376058594644,34.27405203326467,True,37.5,36.5,38.6,0.95,0.05,0.0,0.7,0.03,2,1789475907.7111459,False,False,False,True,1789475907.7113543,False,True,1,1,False
1789475907.6876907,20,1789475917.692655,34.359502555886166,0.671879911497673,34.332799267566955,True,37.5,36.5,38.6,0.95,0.05,0.0,0.7,0.03,2,1789475927.7248836,False,False,False,False,1789475907.7113543,0,0,1,1,False
1789475907.6876907,20,1789475937.7044036,34.45563439383535,0.6727954528114748,34.34882124055848,True,37.5,36.5,38.6,0.95,0.05,0.0,0.7,0.03,2,1789475947.7308486,False,False,False,False,1789475907.7113543,0,0,1,1,False
1789475907.6876907,20,1789475957.7102313,34.62653543907835,0.6679888609140154,34.418249790188455,True,37.5,36.5,38.6,0.95,0.05,0.0,0.7,0.03,2,1789475967.7366498,False,False,False,False,1789475907.7113543,False,True,1,1,False
1789475907.6876907,20,1789475977.7161345,34.511711299305716,0.6761715114061189,34.45296406500343,True,37.5,36.5,38.6,0.95,0.05,0.0,0.7,0.03,2,1789475987.7424612,False,False,False,False,1789475907.7113543,0,0,1,1,False
1789475907.6876907,20,1789475997.7218752,34.66659037155718,0.6737682154573892,34.479667353322654,True,37.5,36.5,38.6,0.95,0.05,0.0,0.7,0.03,2,1789476007.748394,False,False,False,False,1789475907.7113543,0,0,1,1,False
1789475907.6876907,20,1789476017.7277722,34.79476615548943,0.6690188448920423,34.522392614633404,True,37.5,36.5,38.6,0.95,0.05,0.0,0.7,0.03,2,1789476027.7540638,False,False,False,False,1789475907.7113543,False,True,1,1,False
1789475907.6876907,20,1789476037.7335026,34.75204089417868,0.6759044785229267,34.5597772182803,True,37.5,36.5,38.6,0.95,0.05,0.0,0.7,0.03,2,1789476047.7599347,False,False,False,False,1789475907.7113543,0,0,1,1,False
1789475907.6876907,20,1789476057.7393026,34.85885404745555,0.6746074616617075,34.61318379491874,True,37.5,36.5,38.6,0.95,0.05,0.0,0.7,0.03,2,1789476067.7657187,False,False,False,False,1789475907.7113543,0,0,1,1,False
1789475907.6876907,20,1789476077.7451472,35.000381475547414,0.6707736324101625,34.63721675440604,True,37.5,36.5,38.6,0.95,0.05,0.0,0.7,0.03,2,1789476087.7715778,False,False,False,False,1789475907.7113543,0,0,1,1,False
1789475907.6876907,20,1789476097.7509186,35.02174410620279,0.669972533760586,34.67460135805295,True,37.5,36.5,38.6,0.95,0.05,0.0,0.7,0.03,2,1789476107.7774205,False,False,False,False,1789475907.7113543,False,True,1,1,False
1789475907.6876907,20,1789476117.7567844,34.8882276646067,0.6799099717708095,34.69062333104448,True,37.5,36.5,38.6,0.95,0.05,0.0,0.7,0.03,2,1789476127.7833984,False,False,False,False,1789475907.7113543,0,0,1,1,False
1789475907.6876907,20,1789476137.7626526,35.10185397116045,0.6738063630121309,34.73868925001908,True,37.5,36.5,38.6,0.95,0.05,0.0,0.7,0.03,2,1789476147.7891984,False,False,False,False,1789475907.7113543,0,0,1,1,False
1789475907.6876907,20,1789476157.7684865,35.21400778210116,0.6695910582131686,34.792095826657516,True,37.5,36.5,38.6,0.95,0.05,0.0,0.7,0.03,2,1789476167.794962,False,False,False,False,1789475907.7113543,False,True,1,1,False
1789475907.6876907,20,1789476177.7742484,35.17395284962234,0.673062485694667,34.8161287861448,True,37.5,36.5,38.6,0.95,0.05,0.0,0.7,0.03,2,1789476187.800704,False,False,False,False,1789475907.7113543,0,0,1,1,False
1789475907.6876907,20,1789476197.7801394,35.318150606546126,0.6691714351110093,34.8641947051194,True,37.5,36.5,38.6,0.95,0.05,0.0,0.7,0.03,2,1789476207.8064764,False,False,False,False,1789475907.7113543,False,True,1,1,False
1789475907.6876907,20,1789476217.7858791,35.30212863355459,0.6730434119172961,34.9015793087663,True,37.5,36.5,38.6,0.95,0.05,0.0,0.7,0.03,2,1789476227.8122954,False,False,False,False,1789475907.7113543,0,0,1,1,False
1789475907.6876907,20,1789476237.791716,35.398260471503775,0.6693430991073472,34.933623254749364,True,37.5,36.5,38.6,0.95,0.05,0.0,0.7,0.03,2,1789476247.818064,False,False,False,False,1789475907.7113543,False,True,1,1,False
1789475907.6876907,20,1789476257.797422,35.371557183184564,0.6729861905851835,34.96032654306859,True,37.5,36.5,38.6,0.95,0.05,0.0,0.7,0.03,2,1789476267.823793,False,False,False,False,1789475907.7113543,0,0,1,1,False
1789475907.6876907,20,1789476277.803213,35.48104066529335,0.6699534599832151,35.01640344853895,True,37.5,36.5,38.6,0.95,0.05,0.0,0.7,0.03,2,1789476287.8295689,False,False,False,False,1789475907.7113543,False,True,1,1,False
1789475907.6876907,20,1789476297.8090186,35.44899671931029,0.6733867399099718,35.05378805218585,True,37.5,36.5,38.6,0.95,0.05,0.0,0.7,0.03,2,1789476307.8354287,False,False,False,False,1789475907.7113543,0,0,1,1,False
1789475907.6876907,20,1789476317.8147943,35.6092164492256,0.6692095826657511,35.06446936751354,True,37.5,36.5,38.6,0.95,0.05,0.0,0.7,0.03,2,1789476327.8411136,False,False,False,False,1789475907.7113543,False,True,1,1,False
1789475907.6876907,20,1789476337.8205812,35.53978789959564,0.674245059891661,35.12321660181583,True,37.5,36.5,38.6,0.95,0.05,0.0,0.7,0.03,2,1789476347.8469594,False,False,False,False,1789475907.7113543,0,0,1,1,False
1789475907.6876907,20,1789476357.8263001,35.64126039520866,0.6703158617532616,35.13923857480735,True,37.5,36.5,38.6,0.95,0.05,0.0,0.7,0.03,2,1789476367.8526597,False,False,False,False,1789475907.7113543,0,0,1,1,False
1789475907.6876907,20,1789476377.8320916,35.702677958342875,0.6697817959868771,35.1686121919585,True,37.5,36.5,38.6,0.95,0.05,0.0,0.7,0.03,2,1789476387.8585887,False,False,False,False,1789475907.7113543,False,True,1,1,False
1789475907.6876907,20,1789476397.8379605,35.56382085908294,0.6792614633401999,35.22201876859694,True,37.5,36.5,38.6,0.95,0.05,0.0,0.7,0.03,2,1789476407.864384,False,False,False,False,1789475907.7113543,0,0,1,1,False
1789475907.6876907,20,1789476417.8437943,35.79346913862821,0.6741878385595483,35.23804074158846,True,37.5,36.5,38.6,0.95,0.05,0.0,0.7,0.03,2,1789476427.8702228,False,False,False,False,1789475907.7113543,0,0,1,1,False
1789475907.6876907,20,1789476437.8496213,35.86823834592202,0.6710788128480965,35.270084687571526,True,37.5,36.5,38.6,0.95,0.05,0.0,0.7,0.03,2,1789476447.8760576,False,False,False,False,1789475907.7113543,0,0,1,1,False
1789475907.6876907,20,1789476457.8553846,35.82551308461127,0.6719562066071565,35.27542534523538,True,37.5,36.5,38.6,0.95,0.05,0.0,0.7,0.03,2,1789476467.881745,False,False,False,False,1789475907.7113543,0,0,1,1,False
1789475907.6876907,20,1789476477.861163,35.8655680170901,0.6723949034866865,35.32616159304189,True,37.5,36.5,38.6,0.95,0.05,0.0,0.7,0.03,2,1789476487.887581,False,False,False,False,1789475907.7113543,0,0,1,1,False
1789475907.6876907,20,1789476497.8669202,35.99374380102235,0.6696292057679102,35.374227512016475,True,37.5,36.5,38.6,0.95,0.05,0.0,0.7,0.03,2,1789476507.893294,False,False,False,False,1789475907.7113543,False,True,1,1,False
1789475907.6876907,20,1789476517.8727138,35.89761196307316,0.6745502403295949,35.379568169680326,True,37.5,36.5,38.6,0.95,0.05,0.0,0.7,0.03,2,1789476527.899059,False,False,False,False,1789475907.7113543,0,0,1,1,False
1789475907.6876907,20,1789476537.8784387,36.095216296635385,0.6699153124284734,35.42763408865491,True,37.5,36.5,38.6,0.95,0.05,0.0,0.7,0.03,2,1789476547.9048622,False,False,False,False,1789475907.7113543,False,True,1,1,False
1789475907.6876907,20,1789476557.884283,35.98840314335851,0.6760379949645228,35.44899671931029,True,37.5,36.5,38.6,0.95,0.05,0.0,0.7,0.03,2,1789476567.9106612,False,False,False,False,1789475907.7113543,0,0,1,1,False
1789475907.6876907,20,1789476577.8900445,36.08720531013962,0.6716891737239643,35.46768902113375,True,37.5,36.5,38.6,0.95,0.05,0.0,0.7,0.03,2,1789476587.9164083,False,False,False,False,1789475907.7113543,0,0,1,1,False
1789475907.6876907,20,1789476597.895809,36.09788662546731,0.6718226901655604,35.52109559777219,True,37.5,36.5,38.6,0.95,0.05,0.0,0.7,0.03,2,1789476607.9221284,False,False,False,False,1789475907.7113543,0,0,1,1,False
1789475907.6876907,20,1789476617.901558,36.156633859769585,0.67203250171664,35.55313954375525,True,37.5,36.5,38.6,0.95,0.05,0.0,0.7,0.03,2,1789476627.9280088,False,False,False,False,1789475907.7113543,0,0,1,1,False
1789475907.6876907,20,1789476637.9073508,36.21004043640802,0.6703730830853742,35.569161516746775,True,37.5,36.5,38.6,0.95,0.05,0.0,0.7,0.03,2,1789476647.9337287,False,False,False,False,1789475907.7113543,0,0,1,1,False
1789475907.6876907,20,1789476657.9131458,36.2314030670634,0.6702777141985199,35.595864805066,True,37.5,36.5,38.6,0.95,0.05,0.0,0.7,0.03,2,1789476667.9394898,False,False,False,False,1789475907.7113543,0,0,1,1,False
1789475907.6876907,20,1789476677.9188614,36.29816128786145,0.670697337300679,35.64126039520866,True,37.5,36.5,38.6,0.95,0.05,0.0,0.7,0.03,2,1789476687.9452424,False,False,False,False,1789475907.7113543,0,0,1,1,False
1789475907.6876907,20,1789476697.924632,36.28213931486992,0.67159380483711,35.6572823682002,True,37.5,36.5,38.6,0.95,0.05,0.0,0.7,0.03,2,1789476707.9510126,False,False,False,False,1789475907.7113543,0,0,1,1,False
1789475907.6876907,20,1789476717.930394,36.33554589150836,0.6718226901655604,35.70000762951095,True,37.5,36.5,38.6,0.95,0.05,0.0,0.7,0.03,2,1789476727.9567301,False,False,False,False,1789475907.7113543,0,0,1,1,False
1789475907.6876907,20,1789476737.9361155,36.41031509880217,0.6695338368810559,35.72671091783016,True,37.5,36.5,38.6,0.95,0.05,0.0,0.7,0.03,2,1789476747.962403,False,False,False,False,1789475907.7113543,False,True,1,1,False
1789475907.6876907,20,1789476757.9418206,36.33554589150836,0.6755992980849927,35.75875486381322,True,37.5,36.5,38.6,0.95,0.05,0.0,0.7,0.03,2,1789476767.9682448,False,False,False,False,1789475907.7113543,0,0,1,1,False
1789475907.6876907,20,1789476777.9476569,36.43434805828946,0.6713267719539178,35.766765850309,True,37.5,36.5,38.6,0.95,0.05,0.0,0.7,0.03,2,1789476787.9740345,False,False,False,False,1789475907.7113543,0,0,1,1,False
1789475907.6876907,20,1789476797.953439,36.56252384222171,0.6689044022278172,35.8041504539559,True,37.5,36.5,38.6,0.95,0.05,0.0,0.7,0.03,2,1789476807.9798408,False,False,False,False,1789475907.7113543,False,True,1,0,False
1789475907.6876907,20,1789476817.959215,36.402304112306396,0.6747981994354162,35.79346913862821,True,37.5,36.5,38.6,0.95,0.05,0.0,0.7,0.03,2,1789476827.985618,False,False,False,False,1789475907.7113543,0,0,1,1,False
1789475907.6876907,20,1789476837.965032,36.51445792324712,0.6718608377203021,35.82017242694744,True,37.5,36.5,38.6,0.95,0.05,0.0,0.7,0.03,2,1789476847.9914088,False,False,False,False,1789475907.7113543,0,0,1,0,False
1789475907.6876907,20,1789476857.9708438,36.52513923857481,0.6693430991073472,35.82017242694744,True,37.5,36.5,38.6,0.95,0.05,0.0,0.7,0.03,2,1789476867.9972358,False,False,False,False,1789475907.7113543,False,True,1,0,False
1789475907.6876907,20,1789476877.9766695,36.41031509880217,0.6756946669718471,35.82284275577935,True,37.5,36.5,38.6,0.95,0.05,0.0,0.7,0.03,2,1789476888.003017,False,False,False,False,1789475907.7113543,0,0,1,1,False
1789475907.6876907,20,1789476897.9823928,36.51712825207905,0.6724902723735409,35.876249332417785,True,37.5,36.5,38.6,0.95,0.05,0.0,0.7,0.03,2,1789476908.0111852,False,False,False,False,1789475907.7113543,0,0,1,0,False
1789475907.6876907,20,1789476917.9905856,36.59189745937286,0.6694956893263142,35.833524071107036,True,37.5,36.5,38.6,0.95,0.05,0.0,0.7,0.03,2,1789476928.0169828,False,False,False,False,1789475907.7113543,False,True,1,0,False
1789475907.6876907,20,1789476937.996401,36.43167772945755,0.6756755931944762,35.849546044098574,True,37.5,36.5,38.6,0.95,0.05,0.0,0.7,0.03,2,1789476948.0227695,False,False,False,False,1789475907.7113543,0,0,1,1,False
1789475907.6876907,20,1789476958.002126,36.53849088273442,0.6733104448004883,35.88693064774547,True,37.5,36.5,38.6,0.95,0.05,0.0,0.7,0.03,2,1789476968.028501,False,False,False,False,1789475907.7113543,0,0,1,0,False
1789475907.6876907,20,1789476978.0078804,36.573205157549395,0.669972533760586,35.8896009765774,True,37.5,36.5,38.6,0.95,0.05,0.0,0.7,0.03,2,1789476988.0342274,False,False,False,False,1789475907.7113543,False,True,1,0,False
1789475907.6876907,20,1789476998.013667,36.418326085297934,0.6770870527199206,35.900282291905086,True,37.5,36.5,38.6,0.95,0.05,0.0,0.7,0.03,2,1789477008.04003,False,False,False,False,1789475907.7113543,0,0,1,1,False
1789475907.6876907,20,1789477018.0193603,36.573205157549395,0.6732532234683757,35.937666895552,True,37.5,36.5,38.6,0.95,0.05,0.0,0.7,0.03,2,1789477028.0457165,False,False,False,False,1789475907.7113543,0,0,1,0,False
1789475907.6876907,20,1789477038.0251496,36.615930418860145,0.6704303044174869,35.943007553215836,True,37.5,36.5,38.6,0.95,0.05,0.0,0.7,0.03,2,1789477048.0515797,False,False,False,False,1789475907.7113543,0,0,1,0,False
1789475907.6876907,20,1789477058.0308764,36.621271076523996,0.6700297550926986,35.92164492256046,True,37.5,36.5,38.6,0.95,0.05,0.0,0.7,0.03,2,1789477068.0572367,False,False,False,False,1789475907.7113543,0,0,1,0,False
1789475907.6876907,20,1789477078.0366452,36.527809567406734,0.6713267719539178,35.9136339360647,True,37.5,36.5,38.6,0.95,0.05,0.0,0.7,0.03,2,1789477088.062968,False,False,False,False,1789475907.7113543,0,0,1,0,False
1789475907.6876907,20,1789477098.0423172,36.4744029907683,0.6740543221179522,35.9510185397116,True,37.5,36.5,38.6,0.95,0.05,0.0,0.7,0.03,2,1789477108.0687659,False,False,False,False,1789475907.7113543,0,0,1,1,False
1789475907.6876907,20,1789477118.0481715,36.57587548638132,0.6717463950560769,35.94567788204776,True,37.5,36.5,38.6,0.95,0.05,0.0,0.7,0.03,2,1789477128.0746448,False,False,False,False,1789475907.7113543,0,0,1,0,False
1789475907.6876907,20,1789477138.0539982,36.54383154039826,0.6700679026474403,35.92965590905622,True,37.5,36.5,38.6,0.95,0.05,0.0,0.7,0.03,2,1789477148.0803664,False,False,False,False,1789475907.7113543,0,0,1,0,False
1789475907.6876907,20,1789477158.0597317,36.522468909742884,0.6716700999465934,35.924315251392386,True,37.5,36.5,38.6,0.95,0.05,0.0,0.7,0.03,2,1789477168.086007,False,False,False,False,1789475907.7113543,0,0,1,0,False
1789475907.6876907,20,1789477178.0653846,36.461051346608684,0.6743976501106279,35.92698558022431,True,37.5,36.5,38.6,0.95,0.05,0.0,0.7,0.03,2,1789477188.0918586,False,False,False,False,1789475907.7113543,0,0,1,1,False
1789475907.6876907,20,1789477198.0711722,36.56786449988556,0.6721278706034943,35.948348210879686,True,37.5,36.5,38.6,0.95,0.05,0.0,0.7,0.03,2,1789477208.0975134,False,False,False,False,1789475907.7113543,0,0,1,0,False
1789475907.6876907,20,1789477218.0769112,36.54116121156633,0.6710978866254673,35.96971084153506,True,37.5,36.5,38.6,0.95,0.05,0.0,0.7,0.03,2,1789477228.1033146,False,False,False,False,1789475907.7113543,0,0,1,0,False
1789475907.6876907,20,1789477238.0826643,36.47707331960021,0.6722232394903487,35.961699855039285,True,37.5,36.5,38.6,0.95,0.05,0.0,0.7,0.03,2,1789477248.108994,False,False,False,False,1789475907.7113543,0,0,1,1,False
1789475907.6876907,20,1789477258.0884001,36.42366674296177,0.6781551842526894,35.985732814526585,True,37.5,36.5,38.6,0.95,0.05,0.0,0.7,0.03,2,1789477268.1147609,False,False,False,False,1789475907.7113543,0,0,1,1,False
1789475907.6876907,20,1789477278.094062,36.57587548638132,0.6726619363698787,36.01243610284581,True,37.5,36.5,38.6,0.95,0.05,0.0,0.7,0.03,2,1789477288.1203985,False,False,False,False,1789475907.7113543,0,0,1,0,False
1789475907.6876907,20,1789477298.099783,36.60257877470055,0.6698008697642481,35.96437018387121,True,37.5,36.5,38.6,0.95,0.05,0.0,0.7,0.03,2,1789477308.1260624,False,False,False,False,1789475907.7113543,False,True,1,0,False
1789475907.6876907,20,1789477318.1054552,36.44769970244907,0.6816647592889297,35.991073472190436,True,37.5,36.5,38.6,0.95,0.05,0.0,0.7,0.03,2,1789477328.1318672,False,False,False,False,1789475907.7113543,0,0,1,1,False
1789475907.6876907,20,1789477338.1112075,36.56519417105363,0.675275043869688,36.00709544518196,True,37.5,36.5,38.6,0.95,0.05,0.0,0.7,0.03,2,1789477348.137784,False,False,False,False,1789475907.7113543,0,0,1,0,False
1789475907.6876907,20,1789477358.117236,36.570534828717484,0.672318608377203,35.97772182803082,True,37.5,36.5,38.6,0.95,0.05,0.0,0.7,0.03,2,1789477368.1437848,False,False,False,False,1789475907.7113543,0,0,1,0,False
1789475907.6876907,20,1789477378.1229947,36.573205157549395,0.6708690012970169,35.95635919737545,True,37.5,36.5,38.6,0.95,0.05,0.0,0.7,0.03,2,1789477388.1494446,False,False,False,False,1789475907.7113543,0,0,1,0,False
1789475907.6876907,20,1789477398.1287158,36.56786449988556,0.6704493781948577,35.94567788204776,True,37.5,36.5,38.6,0.95,0.05,0.0,0.7,0.03,2,1789477408.1551557,False,False,False,False,1789475907.7113543,0,0,1,0,False
1789475907.6876907,20,1789477418.1343894,36.42900740062562,0.6738826581216144,35.93499656672007,True,37.5,36.5,38.6,0.95,0.05,0.0,0.7,0.03,2,1789477428.1607306,False,False,False,False,1789475907.7113543,0,0,1,1,False
1789475907.6876907,20,1789477438.1401446,36.47173266193637,0.679833676661326,36.00442511635005,True,37.5,36.5,38.6,0.95,0.05,0.0,0.7,0.03,2,1789477448.1664457,False,False,False,False,1789475907.7113543,0,0,1,1,False
1789475907.6876907,20,1789477458.145815,36.62661173418783,0.6735393301289387,36.01243610284581,True,37.5,36.5,38.6,0.95,0.05,0.0,0.7,0.03,2,1789477468.1723163,False,False,False,False,1789475907.7113543,0,0,1,0,False
1789475907.6876907,20,1789477478.1516597,36.59189745937286,0.6714030670634012,35.96437018387121,True,37.5,36.5,38.6,0.95,0.05,0.0,0.7,0.03,2,1789477488.1779401,False,False,False,False,1789475907.7113543,0,0,1,0,False
1789475907.6876907,20,1789477498.1573095,36.597238117036696,0.6702777141985199,35.959029526207374,True,37.5,36.5,38.6,0.95,0.05,0.0,0.7,0.03,2,1789477508.1836681,False,False,False,False,1789475907.7113543,0,0,1,0,False
1789475907.6876907,20,1789477518.163015,36.60257877470055,0.6694575417715725,35.943007553215836,True,37.5,36.5,38.6,0.95,0.05,0.0,0.7,0.03,2,1789477528.1893232,False,False,False,False,1789475907.7113543,False,True,1,0,False
1789475907.6876907,20,1789477538.168795,36.399633783474485,0.6837056534676127,35.985732814526585,True,37.5,36.5,38.6,0.95,0.05,0.0,0.7,0.03,2,1789477548.1951022,False,False,False,False,1789475907.7113543,0,0,1,1,False
1789475907.6876907,20,1789477558.174479,36.59189745937286,0.6768581673914702,36.0471503776608,True,37.5,36.5,38.6,0.95,0.05,0.0,0.7,0.03,2,1789477568.200812,False,False,False,False,1789475907.7113543,0,0,1,0,False
1789475907.6876907,20,1789477578.1802366,36.663996337834746,0.6721660181582361,36.01510643167774,True,37.5,36.5,38.6,0.95,0.05,0.0,0.7,0.03,2,1789477588.2065308,False,False,False,False,1789475907.7113543,0,0,1,0,False
1789475907.6876907,20,1789477598.185908,36.63729304951552,0.6703540093080034,36.01510643167774,True,37.5,36.5,38.6,0.95,0.05,0.0,0.7,0.03,2,1789477608.2122307,False,False,False,False,1789475907.7113543,0,0,1,0,False
1789475907.6876907,20,1789477618.1916027,36.55718318455787,0.6723567559319448,36.00442511635005,True,37.5,36.5,38.6,0.95,0.05,0.0,0.7,0.03,2,1789477628.2178483,False,False,False,False,1789475907.7113543,0,0,1,0,False
1789475907.6876907,20,1789477638.1972523,36.589227130540934,0.6707736324101625,35.97772182803082,True,37.5,36.5,38.6,0.95,0.05,0.0,0.7,0.03,2,1789477648.2236009,False,False,False,False,1789475907.7113543,0,0,1,0,False
1789475907.6876907,20,1789477658.2029507,36.55184252689402,0.6706210421911956,35.98039215686275,True,37.5,36.5,38.6,0.95,0.05,0.0,0.7,0.03,2,1789477668.2292895,False,False,False,False,1789475907.7113543,0,0,1,0,False
1789475907.6876907,20,1789477678.208687,36.51712825207905,0.6705447470817121,35.96437018387121,True,37.5,36.5,38.6,0.95,0.05,0.0,0.7,0.03,2,1789477688.2349515,False,False,False,False,1789475907.7113543,0,0,1,0,False
1789475907.6876907,20,1789477698.2143035,36.522468909742884,0.6699534599832151,35.985732814526585,True,37.5,36.5,38.6,0.95,0.05,0.0,0.7,0.03,2,1789477708.2406561,False,False,False,False,1789475907.7113543,False,True,1,0,False
1789475907.6876907,20,1789477718.2200842,36.37293049515526,0.6819508659494926,36.001754787518124,True,37.5,36.5,38.6,0.95,0.05,0.0,0.7,0.03,2,1789477728.2464247,False,False,False,False,1789475907.7113543,0,0,1,1,False
1789475907.6876907,20,1789477738.2257879,36.554512855725946,0.675999847409781,36.0605020218204,True,37.5,36.5,38.6,0.95,0.05,0.0,0.7,0.03,2,1789477748.2523053,False,False,False,False,1789475907.7113543,0,0,1,0,False
1789475907.6876907,20,1789477758.2316568,36.60791943236438,0.6721469443808652,36.052491035324636,True,37.5,36.5,38.6,0.95,0.05,0.0,0.7,0.03,2,1789477768.258041,False,False,False,False,1789475907.7113543,0,0,1,0,False
1789475907.6876907,20,1789477778.2373424,36.56786449988556,0.6720515754940108,36.0471503776608,True,37.5,36.5,38.6,0.95,0.05,0.0,0.7,0.03,2,1789477788.2636955,False,False,False,False,1789475907.7113543,0,0,1,0,False
1789475907.6876907,20,1789477798.2430835,36.55718318455787,0.6716319523918517,36.009765774013886,True,37.5,36.5,38.6,0.95,0.05,0.0,0.7,0.03,2,1789477808.2696233,False,False,False,False,1789475907.7113543,0,0,1,0,False
1789475907.6876907,20,1789477818.248896,36.56252384222171,0.6706210421911956,36.025787747005424,True,37.5,36.5,38.6,0.95,0.05,0.0,0.7,0.03,2,1789477828.2753642,False,False,False,False,1789475907.7113543,0,0,1,0,False
1789475907.6876907,20,1789477838.2546072,36.55184252689402,0.6707164110780499,36.03112840466926,True,37.5,36.5,38.6,0.95,0.05,0.0,0.7,0.03,2,1789477848.281042,False,False,False,False,1789475907.7113543,0,0,1,0,False
1789475907.6876907,20,1789477858.2602887,36.5358205539025,0.6712695506218052,36.04448004882887,True,37.5,36.5,38.6,0.95,0.05,0.0,0.7,0.03,2,1789477868.2867537,False,False,False,False,1789475907.7113543,0,0,1,0,False
1789475907.6876907,20,1789477878.2662902,36.54917219806211,0.6702014190890364,36.0605020218204,True,37.5,36.5,38.6,0.95,0.05,0.0,0.7,0.03,2,1789477888.292728,False,False,False,False,1789475907.7113543,0,0,1,0,False
1789475907.6876907,20,1789477898.2721298,36.46372167544061,0.6729671168078126,36.03913939116502,True,37.5,36.5,38.6,0.95,0.05,0.0,0.7,0.03,2,1789477908.29842,False,False,False,False,1789475907.7113543,0,0,1,1,False
1789475907.6876907,20,1789477918.2778006,36.54383154039826,0.6782887006942855,36.08186465247577,True,37.5,36.5,38.6,0.95,0.05,0.0,0.7,0.03,2,1789477928.3041806,False,False,False,False,1789475907.7113543,0,0,1,0,False
1789475907.6876907,20,1789477938.283535,36.639963378347446,0.6736156252384222,36.06584267948425,True,37.5,36.5,38.6,0.95,0.05,0.0,0.7,0.03,2,1789477948.3099546,False,False,False,False,1789475907.7113543,0,0,1,0,False
1789475907.6876907,20,1789477958.2893333,36.59189745937286,0.6735584039063096,36.068513008316174,True,37.5,36.5,38.6,0.95,0.05,0.0,0.7,0.03,2,1789477968.3156657,False,False,False,False,1789475907.7113543,0,0,1,0,False
1789475907.6876907,20,1789477978.2950222,36.589227130540934,0.6723567559319448,36.068513008316174,True,37.5,36.5,38.6,0.95,0.05,0.0,0.7,0.03,2,1789477988.321366,False,False,False,False,1789475907.7113543,0,0,1,0,False
1789475907.6876907,20,1789477998.3007743,36.59990844586862,0.6714221408407721,36.052491035324636,True,37.5,36.5,38.6,0.95,0.05,0.0,0.7,0.03,2,1789478008.327198,False,False,False,False,1789475907.7113543,0,0,1,0,False
1789475907.6876907,20,1789478018.3065505,36.58388647287708,0.6710597390707256,36.068513008316174,True,37.5,36.5,38.6,0.95,0.05,0.0,0.7,0.03,2,1789478028.332954,False,False,False,False,1789475907.7113543,0,0,1,0,False
1789475907.6876907,20,1789478038.3123333,36.589227130540934,0.6705256733043412,36.07919432364386,True,37.5,36.5,38.6,0.95,0.05,0.0,0.7,0.03,2,1789478048.3387074,False,False,False,False,1789475907.7113543,0,0,1,0,False
1789475907.6876907,20,1789478058.317972,36.56252384222171,0.6708690012970169,36.076523994811936,True,37.5,36.5,38.6,0.95,0.05,0.0,0.7,0.03,2,1789478068.3444345,False,False,False,False,1789475907.7113543,0,0,1,0,False
1789475907.6876907,20,1789478078.323809,36.511787594415196,0.6710597390707256,36.04982070649271,True,37.5,36.5,38.6,0.95,0.05,0.0,0.7,0.03,2,1789478088.3504467,False,False,False,False,1789475907.7113543,0,0,1,0,False
1789475907.6876907,20,1789478098.329859,36.527809567406734,0.6713076981765469,36.071183337148085,True,37.5,36.5,38.6,0.95,0.05,0.0,0.7,0.03,2,1789478108.356299,False,False,False,False,1789475907.7113543,0,0,1,0,False
1789475907.6876907,20,1789478118.335628,36.49576562142367,0.6710978866254673,36.06584267948425,True,37.5,36.5,38.6,0.95,0.05,0.0,0.7,0.03,2,1789478128.3619323,False,False,False,False,1789475907.7113543,0,0,1,1,False
1789475907.6876907,20,1789478138.3412926,36.570534828717484,0.670258640421149,36.09254596780346,True,37.5,36.5,38.6,0.95,0.05,0.0,0.7,0.03,2,1789478148.3677368,False,False,False,False,1789475907.7113543,0,0,1,0,False
1789475907.6876907,20,1789478158.3471642,36.53849088273442,0.67159380483711,36.100556954299236,True,37.5,36.5,38.6,0.95,0.05,0.0,0.7,0.03,2,1789478168.3735023,False,False,False,False,1789475907.7113543,0,0,1,0,False
1789475907.6876907,20,1789478178.3528898,36.47707331960021,0.6790516517891203,36.11657892729076,True,37.5,36.5,38.6,0.95,0.05,0.0,0.7,0.03,2,1789478188.379219,False,False,False,False,1789475907.7113543,0,0,1,1,False
1789475907.6876907,20,1789478198.3585858,36.61058976119631,0.6745120927748531,36.15396353093767,True,37.5,36.5,38.6,0.95,0.05,0.0,0.7,0.03,2,1789478208.3849218,False,False,False,False,1789475907.7113543,0,0,1,0,False
1789475907.6876907,20,1789478218.36429,36.62661173418783,0.672318608377203,36.180666819256885,True,37.5,36.5,38.6,0.95,0.05,0.0,0.7,0.03,2,1789478228.390586,False,False,False,False,1789475907.7113543,0,0,1,0,False
1789475907.6876907,20,1789478238.3699684,36.64797436484321,0.6712314030670634,36.1326009002823,True,37.5,36.5,38.6,0.95,0.05,0.0,0.7,0.03,2,1789478248.3963556,False,False,False,False,1789475907.7113543,0,0,1,0,False
1789475907.6876907,20,1789478258.3757157,36.615930418860145,0.671288624399176,36.12993057145037,True,37.5,36.5,38.6,0.95,0.05,0.0,0.7,0.03,2,1789478268.4020004,False,False,False,False,1789475907.7113543,0,0,1,0,False
1789475907.6876907,20,1789478278.381377,36.613260090028234,0.6710978866254673,36.12458991378652,True,37.5,36.5,38.6,0.95,0.05,0.0,0.7,0.03,2,1789478288.4077501,False,False,False,False,1789475907.7113543,0,0,1,0,False
1789475907.6876907,20,1789478298.3870797,36.6453040360113,0.6699916075379568,36.119249256122686,True,37.5,36.5,38.6,0.95,0.05,0.0,0.7,0.03,2,1789478308.4134593,False,False,False,False,1789475907.7113543,False,True,1,0,False
1789475907.6876907,20,1789478318.392899,36.45838101777676,0.6814358739604792,36.12458991378652,True,37.5,36.5,38.6,0.95,0.05,0.0,0.7,0.03,2,1789478328.4192035,False,False,False,False,1789475907.7113543,0,0,1,1,False
1789475907.6876907,20,1789478338.3985903,36.60257877470055,0.6763813229571984,36.15129320210575,True,37.5,36.5,38.6,0.95,0.05,0.0,0.7,0.03,2,1789478348.424917,False,False,False,False,1789475907.7113543,0,0,1,0,False
1789475907.6876907,20,1789478358.4043221,36.639963378347446,0.6744167238879988,36.14862287327382,True,37.5,36.5,38.6,0.95,0.05,0.0,0.7,0.03,2,1789478368.4307384,False,False,False,False,1789475907.7113543,0,0,1,0,False
1789475907.6876907,20,1789478378.4101064,36.59456778820477,0.6743404287785153,36.16464484626536,True,37.5,36.5,38.6,0.95,0.05,0.0,0.7,0.03,2,1789478388.436614,False,False,False,False,1789475907.7113543,0,0,1,0,False
1789475907.6876907,20,1789478398.4159381,36.61058976119631,0.6732150759136339,36.14862287327382,True,37.5,36.5,38.6,0.95,0.05,0.0,0.7,0.03,2,1789478408.4422197,False,False,False,False,1789475907.7113543,0,0,1,0,False
1789475907.6876907,20,1789478418.4216156,36.61058976119631,0.6722041657129778,36.143282215609986,True,37.5,36.5,38.6,0.95,0.05,0.0,0.7,0.03,2,1789478428.45012,False,False,False,False,1789475907.7113543,0,0,1,0,False
1789475907.6876907,20,1789478438.429429,36.54116121156633,0.6731960021362631,36.15396353093767,True,37.5,36.5,38.6,0.95,0.05,0.0,0.7,0.03,2,1789478448.455964,False,False,False,False,1789475907.7113543,0,0,1,0,False
1789475907.6876907,20,1789478458.4352717,36.621271076523996,0.6716319523918517,36.13527122911421,True,37.5,36.5,38.6,0.95,0.05,0.0,0.7,0.03,2,1789478468.4616086,False,False,False,False,1789475907.7113543,0,0,1,0,False
1789475907.6876907,20,1789478478.4410064,36.62394140535592,0.67159380483711,36.1459525444419,True,37.5,36.5,38.6,0.95,0.05,0.0,0.7,0.03,2,1789478488.467409,False,False,False,False,1789475907.7113543,0,0,1,0,False
1789475907.6876907,20,1789478498.44676,36.62928206301976,0.6705447470817121,36.13527122911421,True,37.5,36.5,38.6,0.95,0.05,0.0,0.7,0.03,2,1789478508.4731092,False,False,False,False,1789475907.7113543,0,0,1,0,False
1789475907.6876907,20,1789478518.4524834,36.58121614404517,0.6712504768444343,36.14061188677806,True,37.5,36.5,38.6,0.95,0.05,0.0,0.7,0.03,2,1789478528.4788818,False,False,False,False,1789475907.7113543,0,0,1,0,False
1789475907.6876907,20,1789478538.4582624,36.56519417105363,0.6715175097276265,36.15129320210575,True,37.5,36.5,38.6,0.95,0.05,0.0,0.7,0.03,2,1789478548.484635,False,False,False,False,1789475907.7113543,0,0,1,0,False
1789475907.6876907,20,1789478558.4640286,36.597238117036696,0.6708690012970169,36.14862287327382,True,37.5,36.5,38.6,0.95,0.05,0.0,0.7,0.03,2,1789478568.4903488,False,False,False,False,1789475907.7113543,0,0,1,0,False
1789475907.6876907,20,1789478578.4699004,36.573205157549395,0.6712504768444343,36.1699855039292,True,37.5,36.5,38.6,0.95,0.05,0.0,0.7,0.03,2,1789478588.4963992,False,False,False,False,1789475907.7113543,0,0,1,0,False
1789475907.6876907,20,1789478598.4756656,36.59990844586862,0.6710978866254673,36.1699855039292,True,37.5,36.5,38.6,0.95,0.05,0.0,0.7,0.03,2,1789478608.5021906,False,False,False,False,1789475907.7113543,0,0,1,0,False
1789475907.6876907,20,1789478618.48144,36.61058976119631,0.670697337300679,36.16464484626536,True,37.5,36.5,38.6,0.95,0.05,0.0,0.7,0.03,2,1789478628.5079162,False,False,False,False,1789475907.7113543,0,0,1,0,False
1789475907.6876907,20,1789478638.4871442,36.615930418860145,0.6698580910963606,36.1699855039292,True,37.5,36.5,38.6,0.95,0.05,0.0,0.7,0.03,2,1789478648.5134518,False,False,False,False,1789475907.7113543,False,True,1,0,False
1789475907.6876907,20,1789478658.4928756,36.39696345464256,0.6828664072632944,36.17799649042496,True,37.5,36.5,38.6,0.95,0.05,0.0,0.7,0.03,2,1789478668.5192366,False,False,False,False,1789475907.7113543,0,0,1,1,False
1789475907.6876907,20,1789478678.4986014,36.57587548638132,0.6781361104753185,36.242084382391084,True,37.5,36.5,38.6,0.95,0.05,0.0,0.7,0.03,2,1789478688.5249116,False,False,False,False,1789475907.7113543,0,0,1,0,False
1789475907.6876907,20,1789478698.5043263,36.60791943236438,0.6757328145265888,36.242084382391084,True,37.5,36.5,38.6,0.95,0.05,0.0,0.7,0.03,2,1789478708.53061,False,False,False,False,1789475907.7113543,0,0,1,0,False
1789475907.6876907,20,1789478718.509995,36.61860074769207,0.6740352483405814,36.21004043640802,True,37.5,36.5,38.6,0.95,0.05,0.0,0.7,0.03,2,1789478728.5363448,False,False,False,False,1789475907.7113543,0,0,1,0,False
1789475907.6876907,20,1789478738.5156972,36.655985351338984,0.6735965514610514,36.22072175173571,True,37.5,36.5,38.6,0.95,0.05,0.0,0.7,0.03,2,1789478748.54209,False,False,False,False,1789475907.7113543,0,0,1,0,False
1789475907.6876907,20,1789478758.5215259,36.67734798199436,0.6723376821545739,36.223392080567635,True,37.5,36.5,38.6,0.95,0.05,0.0,0.7,0.03,2,1789478768.547971,False,False,False,False,1789475907.7113543,0,0,1,0,False
1789475907.6876907,20,1789478778.5272963,36.64263370717937,0.6722232394903487,36.20737010757611,True,37.5,36.5,38.6,0.95,0.05,0.0,0.7,0.03,2,1789478788.5536044,False,False,False,False,1789475907.7113543,0,0,1,0,False
1789475907.6876907,20,1789478798.532972,36.59990844586862,0.6732722972457466,36.21271076523995,True,37.5,36.5,38.6,0.95,0.05,0.0,0.7,0.03,2,1789478808.5593097,False,False,False,False,1789475907.7113543,0,0,1,0,False
1789475907.6876907,20,1789478818.538639,36.64263370717937,0.6725284199282826,36.2180514229038,True,37.5,36.5,38.6,0.95,0.05,0.0,0.7,0.03,2,1789478828.5650835,False,False,False,False,1789475907.7113543,0,0,1,0,False
1789475907.6876907,20,1789478838.544477,36.64797436484321,0.6711551079575799,36.223392080567635,True,37.5,36.5,38.6,0.95,0.05,0.0,0.7,0.03,2,1789478848.5708456,False,False,False,False,1789475907.7113543,0,0,1,0,False
1789475907.6876907,20,1789478858.550202,36.621271076523996,0.6720897230487526,36.22072175173571,True,37.5,36.5,38.6,0.95,0.05,0.0,0.7,0.03,2,1789478868.5765343,False,False,False,False,1789475907.7113543,0,0,1,0,False
1789475907.6876907,20,1789478878.5559306,36.639963378347446,0.6719562066071565,36.242084382391084,True,37.5,36.5,38.6,0.95,0.05,0.0,0.7,0.03,2,1789478888.5822144,False,False,False,False,1789475907.7113543,0,0,1,0,False
1789475907.6876907,20,1789478898.561574,36.6453040360113,0.6709071488517586,36.242084382391084,True,37.5,36.5,38.6,0.95,0.05,0.0,0.7,0.03,2,1789478908.5879204,False,False,False,False,1789475907.7113543,0,0,1,0,False
1789475907.6876907,20,1789478918.5672379,36.688029297322046,0.6706210421911956,36.2314030670634,True,37.5,36.5,38.6,0.95,0.05,0.0,0.7,0.03,2,1789478928.5935345,False,False,False,False,1789475907.7113543,0,0,1,0,False
1789475907.6876907,20,1789478938.572926,36.655985351338984,0.670563820859083,36.22072175173571,True,37.5,36.5,38.6,0.95,0.05,0.0,0.7,0.03,2,1789478948.5992286,False,False,False,False,1789475907.7113543,0,0,1,0,False
1789475907.6876907,20,1789478958.5786066,36.655985351338984,0.6711741817349508,36.24475471122301,True,37.5,36.5,38.6,0.95,0.05,0.0,0.7,0.03,2,1789478968.605,False,False,False,False,1789475907.7113543,0,0,1,0,False
1789475907.6876907,20,1789478978.5843816,36.58388647287708,0.6716510261692226,36.23407339589532,True,37.5,36.5,38.6,0.95,0.05,0.0,0.7,0.03,2,1789478988.6106973,False,False,False,False,1789475907.7113543,0,0,1,0,False
1789475907.6876907,20,1789478998.5900471,36.63729304951552,0.671727321278706,36.24475471122301,True,37.5,36.5,38.6,0.95,0.05,0.0,0.7,0.03,2,1789479008.6164322,False,False,False,False,1789475907.7113543,0,0,1,0,False
1789475907.6876907,20,1789479018.595791,36.63729304951552,0.6708308537422751,36.24475471122301,True,37.5,36.5,38.6,0.95,0.05,0.0,0.7,0.03,2,1789479028.6220744,False,False,False,False,1789475907.7113543,0,0,1,0,False
1789475907.6876907,20,1789479038.6015375,36.631952391851684,0.6714793621728847,36.26077668421455,True,37.5,36.5,38.6,0.95,0.05,0.0,0.7,0.03,2,1789479048.6278894,False,False,False,False,1789475907.7113543,0,0,1,0,False
1789475907.6876907,20,1789479058.6072264,36.62661173418783,0.6708880750743877,36.242084382391084,True,37.5,36.5,38.6,0.95,0.05,0.0,0.7,0.03,2,1789479068.6335251,False,False,False,False,1789475907.7113543,0,0,1,0,False
1789475907.6876907,20,1789479078.6130416,36.62394140535592,0.6714221408407721,36.25810635538262,True,37.5,36.5,38.6,0.95,0.05,0.0,0.7,0.03,2,1789479088.6393607,False,False,False,False,1789475907.7113543,0,0,1,0,False
1789475907.6876907,20,1789479098.6187356,36.59189745937286,0.6714030670634012,36.25810635538262,True,37.5,36.5,38.6,0.95,0.05,0.0,0.7,0.03,2,1789479108.6451685,False,False,False,False,1789475907.7113543,0,0,1,0,False
1789475907.6876907,20,1789479118.6245391,36.613260090028234,0.6711932555123217,36.279468986038,True,37.5,36.5,38.6,0.95,0.05,0.0,0.7,0.03,2,1789479128.6508582,False,False,False,False,1789475907.7113543,0,0,1,0,False
1789475907.6876907,20,1789479138.6302116,36.639963378347446,0.671002517738613,36.23674372472725,True,37.5,36.5,38.6,0.95,0.05,0.0,0.7,0.03,2,1789479148.6565866,False,False,False,False,1789475907.7113543,0,0,1,0,False
1789475907.6876907,20,1789479158.6359649,36.67734798199436,0.670697337300679,36.271457999542235,True,37.5,36.5,38.6,0.95,0.05,0.0,0.7,0.03,2,1789479168.6622365,False,False,False,False,1789475907.7113543,0,0,1,0,False
1789475907.6876907,20,1789479178.6416507,36.663996337834746,0.6698771648737316,36.27679865720607,True,37.5,36.5,38.6,0.95,0.05,0.0,0.7,0.03,2,1789479188.6680818,False,False,False,False,1789475907.7113543,False,True,1,0,False
1789475907.6876907,20,1789479198.6474442,36.50911726558327,0.6818173495078966,36.28213931486992,True,37.5,36.5,38.6,0.95,0.05,0.0,0.7,0.03,2,1789479208.6738548,False,False,False,False,1789475907.7113543,0,0,1,0,False
1789475907.6876907,20,1789479218.6532257,36.546501869230184,0.6785748073548485,36.29816128786145,True,37.5,36.5,38.6,0.95,0.05,0.0,0.7,0.03,2,1789479228.6796038,False,False,False,False,1789475907.7113543,0,0,1,0,False
1789475907.6876907,20,1789479238.6589549,36.631952391851684,0.6765339131761654,36.29816128786145,True,37.5,36.5,38.6,0.95,0.05,0.0,0.7,0.03,2,1789479248.6853304,False,False,False,False,1789475907.7113543,0,0,1,0,False
1789475907.6876907,20,1789479258.6647305,36.663996337834746,0.6747409781033036,36.27412832837415,True,37.5,36.5,38.6,0.95,0.05,0.0,0.7,0.03,2,1789479268.6911469,False,False,False,False,1789475907.7113543,0,0,1,0,False
1789475907.6876907,20,1789479278.6704926,36.613260090028234,0.6739589532310979,36.279468986038,True,37.5,36.5,38.6,0.95,0.05,0.0,0.7,0.03,2,1789479288.6968896,False,False,False,False,1789475907.7113543,0,0,1,0,False
1789475907.6876907,20,1789479298.6762078,36.698710612649734,0.672757305256733,36.29549095902952,True,37.5,36.5,38.6,0.95,0.05,0.0,0.7,0.03,2,1789479308.7026842,False,False,False,False,1789475907.7113543,0,0,1,0,False
1789475907.6876907,20,1789479318.6820366,36.65064469367513,0.6740733958953231,36.290150301365685,True,37.5,36.5,38.6,0.95,0.05,0.0,0.7,0.03,2,1789479328.7084363,False,False,False,False,1789475907.7113543,0,0,1,0,False
1789475907.6876907,20,1789479338.6878104,36.655985351338984,0.6727382314793622,36.279468986038,True,37.5,36.5,38.6,0.95,0.05,0.0,0.7,0.03,2,1789479348.7140722,False,False,False,False,1789475907.7113543,0,0,1,0,False
1789475907.6876907,20,1789479358.6934545,36.70939192797742,0.6719752803845274,36.28747997253376,True,37.5,36.5,38.6,0.95,0.05,0.0,0.7,0.03,2,1789479368.7198362,False,False,False,False,1789475907.7113543,0,0,1,0,False
1789475907.6876907,20,1789479378.6991687,36.61058976119631,0.6732532234683757,36.33020523384451,True,37.5,36.5,38.6,0.95,0.05,0.0,0.7,0.03,2,1789479388.7255673,False,False,False,False,1789475907.7113543,0,0,1,0,False
1789475907.6876907,20,1789479398.7049901,36.62661173418783,0.6731006332494087,36.33554589150836,True,37.5,36.5,38.6,0.95,0.05,0.0,0.7,0.03,2,1789479408.7313728,False,False,False,False,1789475907.7113543,0,0,1,0,False
1789475907.6876907,20,1789479418.7107265,36.64263370717937,0.6729480430304418,36.3035019455253,True,37.5,36.5,38.6,0.95,0.05,0.0,0.7,0.03,2,1789479428.7370727,False,False,False,False,1789475907.7113543,0,0,1,0,False
1789475907.6876907,20,1789479438.7164345,36.66933699549858,0.6721469443808652,36.314183260852985,True,37.5,36.5,38.6,0.95,0.05,0.0,0.7,0.03,2,1789479448.742716,False,False,False,False,1789475907.7113543,0,0,1,0,False
1789475907.6876907,20,1789479458.7220745,36.631952391851684,0.6722804608224613,36.32219424734875,True,37.5,36.5,38.6,0.95,0.05,0.0,0.7,0.03,2,1789479468.7484841,False,False,False,False,1789475907.7113543,0,0,1,0,False
1789475907.6876907,20,1789479478.7278874,36.62928206301976,0.6725665674830243,36.34355687800412,True,37.5,36.5,38.6,0.95,0.05,0.0,0.7,0.03,2,1789479488.7542071,False,False,False,False,1789475907.7113543,0,0,1,0,False
1789475907.6876907,20,1789479498.7335773,36.655985351338984,0.6729480430304418,36.327534905012584,True,37.5,36.5,38.6,0.95,0.05,0.0,0.7,0.03,2,1789479508.7599633,False,False,False,False,1789475907.7113543,0,0,1,0,False
1789475907.6876907,20,1789479518.739279,36.698710612649734,0.6713267719539178,36.34355687800412,True,37.5,36.5,38.6,0.95,0.05,0.0,0.7,0.03,2,1789479528.7656293,False,False,False,False,1789475907.7113543,0,0,1,0,False
1789475907.6876907,20,1789479538.745069,36.70939192797742,0.6714030670634012,36.332875562676435,True,37.5,36.5,38.6,0.95,0.05,0.0,0.7,0.03,2,1789479548.771551,False,False,False,False,1789475907.7113543,0,0,1,0,False
1789475907.6876907,20,1789479558.7508948,36.682688639658195,0.6711169604028382,36.33554589150836,True,37.5,36.5,38.6,0.95,0.05,0.0,0.7,0.03,2,1789479568.777228,False,False,False,False,1789475907.7113543,0,0,1,0,False
1789475907.6876907,20,1789479578.7566385,36.64263370717937,0.6720134279392691,36.33554589150836,True,37.5,36.5,38.6,0.95,0.05,0.0,0.7,0.03,2,1789479588.783051,False,False,False,False,1789475907.7113543,0,0,1,0,False
1789475907.6876907,20,1789479598.7623951,36.66933699549858,0.6719752803845274,36.37293049515526,True,37.5,36.5,38.6,0.95,0.05,0.0,0.7,0.03,2,1789479608.7887383,False,False,False,False,1789475907.7113543,0,0,1,0,False
1789475907.6876907,20,1789479618.7681768,36.701380941481645,0.6714221408407721,36.37293049515526,True,37.5,36.5,38.6,0.95,0.05,0.0,0.7,0.03,2,1789479628.7945335,False,False,False,False,1789475907.7113543,0,0,1,0,False
1789475907.6876907,20,1789479638.7739325,36.71740291447318,0.6704303044174869,36.37293049515526,True,37.5,36.5,38.6,0.95,0.05,0.0,0.7,0.03,2,1789479648.8003297,False,False,False,False,1789475907.7113543,0,0,1,0,False
1789475907.6876907,20,1789479658.7798126,36.69069962615396,0.6711360341802091,36.370260166323334,True,37.5,36.5,38.6,0.95,0.05,0.0,0.7,0.03,2,1789479668.8062124,False,False,False,False,1789475907.7113543,0,0,1,0,False
1789475907.6876907,20,1789479678.7855036,36.75211718928817,0.6701823453116655,36.370260166323334,True,37.5,36.5,38.6,0.95,0.05,0.0,0.7,0.03,2,1789479688.812231,False,False,False,False,1789475907.7113543,0,0,1,0,False
1789475907.6876907,20,1789479698.7914648,36.66666666666667,0.6726047150377661,36.370260166323334,True,37.5,36.5,38.6,0.95,0.05,0.0,0.7,0.03,2,1789479708.817884,False,False,False,False,1789475907.7113543,0,0,1,0,False
1789475907.6876907,20,1789479718.7971714,36.62394140535592,0.6806919966430152,36.38628213931487,True,37.5,36.5,38.6,0.95,0.05,0.0,0.7,0.03,2,1789479728.8236308,False,False,False,False,1789475907.7113543,0,0,1,0,False
1789475907.6876907,20,1789479738.8028622,36.70939192797742,0.6763622491798276,36.38628213931487,True,37.5,36.5,38.6,0.95,0.05,0.0,0.7,0.03,2,1789479748.8293345,False,False,False,False,1789475907.7113543,0,0,1,0,False
1789475907.6876907,20,1789479758.8086102,36.74677653162432,0.6752559700923171,36.37293049515526,True,37.5,36.5,38.6,0.95,0.05,0.0,0.7,0.03,2,1789479768.8349555,False,False,False,False,1789475907.7113543,0,0,1,0,False
1789475907.6876907,20,1789479778.8143353,36.69069962615396,0.6746646829938201,36.399633783474485,True,37.5,36.5,38.6,0.95,0.05,0.0,0.7,0.03,2,1789479788.8406916,False,False,False,False,1789475907.7113543,0,0,1,0,False
1789475907.6876907,20,1789479798.8200972,36.71206225680933,0.6749317158770123,36.394293125810634,True,37.5,36.5,38.6,0.95,0.05,0.0,0.7,0.03,2,1789479808.8463829,False,False,False,False,1789475907.7113543,0,0,1,0,False
1789475907.6876907,20,1789479818.8257406,36.76012817578393,0.6731578545815213,36.37827115281911,True,37.5,36.5,38.6,0.95,0.05,0.0,0.7,0.03,2,1789479828.8521535,False,False,False,False,1789475907.7113543,0,0,1,0,False
1789475907.6876907,20,1789479838.8314853,36.749446860456246,0.6727954528114748,36.40497444113832,True,37.5,36.5,38.6,0.95,0.05,0.0,0.7,0.03,2,1789479848.8579307,False,False,False,False,1789475907.7113543,0,0,1,0,False
1789475907.6876907,20,1789479858.8372762,36.72808422980087,0.6734821087968261,36.38094148165102,True,37.5,36.5,38.6,0.95,0.05,0.0,0.7,0.03,2,1789479868.8636823,False,False,False,False,1789475907.7113543,0,0,1,0,False
1789475907.6876907,20,1789479878.84298,36.76279850461586,0.6720515754940108,36.39162279697871,True,37.5,36.5,38.6,0.95,0.05,0.0,0.7,0.03,2,1789479888.86947,False,False,False,False,1789475907.7113543,0,0,1,0,False
1789475907.6876907,20,1789479898.8488789,36.730754558632796,0.6728526741435874,36.39162279697871,True,37.5,36.5,38.6,0.95,0.05,0.0,0.7,0.03,2,1789479908.8752136,False,False,False,False,1789475907.7113543,0,0,1,0,False
1789475907.6876907,20,1789479918.85457,36.76279850461586,0.6720706492713817,36.402304112306396,True,37.5,36.5,38.6,0.95,0.05,0.0,0.7,0.03,2,1789479928.8809054,False,False,False,False,1789475907.7113543,0,0,1,0,False
1789475907.6876907,20,1789479938.8603115,36.82154573891813,0.6711551079575799,36.412985427634084,True,37.5,36.5,38.6,0.95,0.05,0.0,0.7,0.03,2,1789479948.886611,False,False,False,False,1789475907.7113543,0,0,1,0,False
1789475907.6876907,20,1789479958.865951,36.80018310826276,0.67159380483711,36.4263370717937,True,37.5,36.5,38.6,0.95,0.05,0.0,0.7,0.03,2,1789479968.892408,False,False,False,False,1789475907.7113543,0,0,1,0,False
1789475907.6876907,20,1789479978.871826,36.72274357213702,0.6724521248187991,36.43167772945755,True,37.5,36.5,38.6,0.95,0.05,0.0,0.7,0.03,2,1789479988.8981276,False,False,False,False,1789475907.7113543,0,0,1,0,False
1789475907.6876907,20,1789479998.8774922,36.706721599145496,0.6729098954757,36.42099641412986,True,37.5,36.5,38.6,0.95,0.05,0.0,0.7,0.03,2,1789480008.9038408,False,False,False,False,1789475907.7113543,0,0,1,0,False
1789475907.6876907,20,1789480018.88316,36.77080949111162,0.67203250171664,36.437018387121384,True,37.5,36.5,38.6,0.95,0.05,0.0,0.7,0.03,2,1789480028.9094913,False,False,False,False,1789475907.7113543,0,0,1,0,False
1789475907.6876907,20,1789480038.8888988,36.792172121766995,0.6711551079575799,36.4263370717937,True,37.5,36.5,38.6,0.95,0.05,0.0,0.7,0.03,2,1789480048.9151788,False,False,False,False,1789475907.7113543,0,0,1,0,False
1789475907.6876907,20,1789480058.8945184,36.78149080643931,0.6713076981765469,36.43968871595331,True,37.5,36.5,38.6,0.95,0.05,0.0,0.7,0.03,2,1789480068.9208903,False,False,False,False,1789475907.7113543,0,0,1,0,False
1789475907.6876907,20,1789480078.9003067,36.741435873960484,0.6713267719539178,36.461051346608684,True,37.5,36.5,38.6,0.95,0.05,0.0,0.7,0.03,2,1789480088.9266105,False,False,False,False,1789475907.7113543,0,0,1,0,False
1789475907.6876907,20,1789480098.9059544,36.78416113527123,0.6715175097276265,36.450370031281,True,37.5,36.5,38.6,0.95,0.05,0.0,0.7,0.03,2,1789480108.932345,False,False,False,False,1789475907.7113543,0,0,1,0,False
1789475907.6876907,20,1789480118.9117525,36.77882047760738,0.6716128786144808,36.46639200427252,True,37.5,36.5,38.6,0.95,0.05,0.0,0.7,0.03,2,1789480128.9380767,False,False,False,False,1789475907.7113543,0,0,1,0,False
1789475907.6876907,20,1789480138.9174507,36.75745784695201,0.6722613870450904,36.47173266193637,True,37.5,36.5,38.6,0.95,0.05,0.0,0.7,0.03,2,1789480148.9438016,False,False,False,False,1789475907.7113543,0,0,1,0,False
1789475907.6876907,20,1789480158.9231074,36.768139162279695,0.6715365835049973,36.4744029907683,True,37.5,36.5,38.6,0.95,0.05,0.0,0.7,0.03,2,1789480168.9494414,False,False,False,False,1789475907.7113543,0,0,1,0,False
1789475907.6876907,20,1789480178.928809,36.786831464103145,0.6712314030670634,36.4744029907683,True,37.5,36.5,38.6,0.95,0.05,0.0,0.7,0.03,2,1789480188.9552352,False,False,False,False,1789475907.7113543,0,0,1,0,False
1789475907.6876907,20,1789480198.934564,36.744106202792395,0.6715175097276265,36.4744029907683,True,37.5,36.5,38.6,0.95,0.05,0.0,0.7,0.03,2,1789480208.9609568,False,False,False,False,1789475907.7113543,0,0,1,0,False
1789475907.6876907,20,1789480218.9403365,36.77080949111162,0.6722995345998322,36.49042496375982,True,37.5,36.5,38.6,0.95,0.05,0.0,0.7,0.03,2,1789480228.966759,False,False,False,False,1789475907.7113543,0,0,1,0,False
1789475907.6876907,20,1789480238.946086,36.76012817578393,0.6718989852750439,36.46372167544061,True,37.5,36.5,38.6,0.95,0.05,0.0,0.7,0.03,2,1789480248.9724982,False,False,False,False,1789475907.7113543,0,0,1,0,False
1789475907.6876907,20,1789480258.9518635,36.80819409475852,0.6711169604028382,36.47173266193637,True,37.5,36.5,38.6,0.95,0.05,0.0,0.7,0.03,2,1789480268.9782166,False,False,False,False,1789475907.7113543,0,0,1,0,False
1789475907.6876907,20,1789480278.9575777,36.83222705424582,0.6705256733043412,36.487754634927896,True,37.5,36.5,38.6,0.95,0.05,0.0,0.7,0.03,2,1789480288.9839907,False,False,False,False,1789475907.7113543,0,0,1,0,False
1789475907.6876907,20,1789480298.9633164,36.83222705424582,0.6711932555123217,36.503776607919434,True,37.5,36.5,38.6,0.95,0.05,0.0,0.7,0.03,2,1789480308.9896286,False,False,False,False,1789475907.7113543,0,0,1,0,False
1789475907.6876907,20,1789480318.9690366,36.816205081254296,0.6706591897459373,36.50911726558327,True,37.5,36.5,38.6,0.95,0.05,0.0,0.7,0.03,2,1789480328.995371,False,False,False,False,1789475907.7113543,0,0,1,0,False
1789475907.6876907,20,1789480338.9747248,36.810864423590445,0.67159380483711,36.487754634927896,True,37.5,36.5,38.6,0.95,0.05,0.0,0.7,0.03,2,1789480349.0011256,False,False,False,False,1789475907.7113543,0,0,1,0,False
1789475907.6876907,20,1789480358.980536,36.84824902723736,0.6703921568627451,36.511787594415196,True,37.5,36.5,38.6,0.95,0.05,0.0,0.7,0.03,2,1789480369.0068052,False,False,False,False,1789475907.7113543,0,0,1,0,False
1789475907.6876907,20,1789480378.9861588,36.89898527504387,0.6698008697642481,36.511787594415196,True,37.5,36.5,38.6,0.95,0.05,0.0,0.7,0.03,2,1789480389.0125003,False,False,False,False,1789475907.7113543,False,True,1,0,False
1789475907.6876907,20,1789480398.9919043,36.63729304951552,0.6828664072632944,36.51712825207905,True,37.5,36.5,38.6,0.95,0.05,0.0,0.7,0.03,2,1789480409.018238,False,False,False,False,1789475907.7113543,0,0,1,0,False
1789475907.6876907,20,1789480418.997619,36.792172121766995,0.6785557335774777,36.522468909742884,True,37.5,36.5,38.6,0.95,0.05,0.0,0.7,0.03,2,1789480429.0239997,False,False,False,False,1789475907.7113543,0,0,1,0,False
1789475907.6876907,20,1789480439.0033464,36.77080949111162,0.6764003967345693,36.51712825207905,True,37.5,36.5,38.6,0.95,0.05,0.0,0.7,0.03,2,1789480449.0296881,False,False,False,False,1789475907.7113543,0,0,1,0,False
1789475907.6876907,20,1789480459.0090644,36.81887541008621,0.6753322652018006,36.50911726558327,True,37.5,36.5,38.6,0.95,0.05,0.0,0.7,0.03,2,1789480469.0353699,False,False,False,False,1789475907.7113543,0,0,1,0,False
1789475907.6876907,20,1789480479.0147097,36.84824902723736,0.6743022812237736,36.530479896238646,True,37.5,36.5,38.6,0.95,0.05,0.0,0.7,0.03,2,1789480489.0410752,False,False,False,False,1789475907.7113543,0,0,1,0,False
1789475907.6876907,20,1789480499.020512,36.82688639658198,0.6743595025558862,36.51445792324712,True,37.5,36.5,38.6,0.95,0.05,0.0,0.7,0.03,2,1789480509.0468614,False,False,False,False,1789475907.7113543,0,0,1,0,False
1789475907.6876907,20,1789480519.0262027,36.858930342565046,0.6731960021362631,36.5358205539025,True,37.5,36.5,38.6,0.95,0.05,0.0,0.7,0.03,2,1789480529.0525491,False,False,False,False,1789475907.7113543,0,0,1,0,False
1789475907.6876907,20,1789480539.0319312,36.86961165789273,0.6734439612420844,36.5358205539025,True,37.5,36.5,38.6,0.95,0.05,0.0,0.7,0.03,2,1789480549.0582285,False,False,False,False,1789475907.7113543,0,0,1,0,False
1789475907.6876907,20,1789480559.037618,36.89097428854811,0.6732341496910048,36.56519417105363,True,37.5,36.5,38.6,0.95,0.05,0.0,0.7,0.03,2,1789480569.0640597,False,False,False,False,1789475907.7113543,0,0,1,0,False
1789475907.6876907,20,1789480579.0433774,36.84557869840543,0.672757305256733,36.56519417105363,True,37.5,36.5,38.6,0.95,0.05,0.0,0.7,0.03,2,1789480589.0698028,False,False,False,False,1789475907.7113543,0,0,1,0,False
1789475907.6876907,20,1789480599.0491967,36.81887541008621,0.6732722972457466,36.54917219806211,True,37.5,36.5,38.6,0.95,0.05,0.0,0.7,0.03,2,1789480609.0755231,False,False,False,False,1789475907.7113543,0,0,1,0,False
1789475907.6876907,20,1789480619.0548995,36.93102922102693,0.6720134279392691,36.58121614404517,True,37.5,36.5,38.6,0.95,0.05,0.0,0.7,0.03,2,1789480629.0813115,False,False,False,False,1789475907.7113543,0,0,1,0,False
1789475907.6876907,20,1789480639.0607145,36.89898527504387,0.6713267719539178,36.56519417105363,True,37.5,36.5,38.6,0.95,0.05,0.0,0.7,0.03,2,1789480649.0870764,False,False,False,False,1789475907.7113543,0,0,1,0,False
1789475907.6876907,20,1789480659.066414,36.872281986724644,0.6722613870450904,36.56786449988556,True,37.5,36.5,38.6,0.95,0.05,0.0,0.7,0.03,2,1789480669.0927486,False,False,False,False,1789475907.7113543,0,0,1,0,False
1789475907.6876907,20,1789480679.0721421,36.901655603875795,0.6719943541618982,36.573205157549395,True,37.5,36.5,38.6,0.95,0.05,0.0,0.7,0.03,2,1789480689.098427,False,False,False,False,1789475907.7113543,0,0,1,0,False
1789475907.6876907,20,1789480699.0777972,36.86427100022888,0.6723376821545739,36.58388647287708,True,37.5,36.5,38.6,0.95,0.05,0.0,0.7,0.03,2,1789480709.1041653,False,False,False,False,1789475907.7113543,0,0,1,0,False
1789475907.6876907,20,1789480719.0834875,36.86427100022888,0.6726619363698787,36.578545815213246,True,37.5,36.5,38.6,0.95,0.05,0.0,0.7,0.03,2,1789480729.1099613,False,False,False,False,1789475907.7113543,0,0,1,0,False
1789475907.6876907,20,1789480739.0893476,36.896314946211945,0.6712695506218052,36.58388647287708,True,37.5,36.5,38.6,0.95,0.05,0.0,0.7,0.03,2,1789480749.115698,False,False,False,False,1789475907.7113543,0,0,1,0,False
1789475907.6876907,20,1789480759.0950027,36.858930342565046,0.6727000839246204,36.613260090028234,True,37.5,36.5,38.6,0.95,0.05,0.0,0.7,0.03,2,1789480769.1213098,False,False,False,False,1789475907.7113543,0,0,1,0,False
1789475907.6876907,20,1789480779.1006858,36.85626001373312,0.6724139772640574,36.613260090028234,True,37.5,36.5,38.6,0.95,0.05,0.0,0.7,0.03,2,1789480789.1270707,False,False,False,False,1789475907.7113543,0,0,1,0,False
1789475907.6876907,20,1789480799.1064253,36.89898527504387,0.6718989852750439,36.60257877470055,True,37.5,36.5,38.6,0.95,0.05,0.0,0.7,0.03,2,1789480809.1327965,False,False,False,False,1789475907.7113543,0,0,1,0,False
1789475907.6876907,20,1789480819.1121757,37.02182040131228,0.6694766155489432,36.621271076523996,True,37.5,36.5,38.6,0.95,0.05,0.0,0.7,0.03,2,1789480829.1384838,False,False,False,False,1789475907.7113543,False,True,1,0,False
1789475907.6876907,20,1789480839.1179013,36.877622644388495,0.6776401922636759,36.61058976119631,True,37.5,36.5,38.6,0.95,0.05,0.0,0.7,0.03,2,1789480849.144299,False,False,False,False,1789475907.7113543,0,0,1,0,False
1789475907.6876907,20,1789480859.1236804,36.920347905699245,0.6760570687418936,36.6453040360113,True,37.5,36.5,38.6,0.95,0.05,0.0,0.7,0.03,2,1789480869.150065,False,False,False,False,1789475907.7113543,0,0,1,0,False
1789475907.6876907,20,1789480879.1294434,36.99778744182498,0.6748935683222705,36.64263370717937,True,37.5,36.5,38.6,0.95,0.05,0.0,0.7,0.03,2,1789480889.155845,False,False,False,False,1789475907.7113543,0,0,1,0,False
1789475907.6876907,20,1789480899.135342,37.04051270313573,0.6740352483405814,36.66132600900282,True,37.5,36.5,38.6,0.95,0.05,0.0,0.7,0.03,2,1789480909.1618397,False,False,False,False,1789475907.7113543,0,0,1,0,False
1789475907.6876907,20,1789480919.1411273,37.029831387808045,0.6732722972457466,36.66666666666667,True,37.5,36.5,38.6,0.95,0.05,0.0,0.7,0.03,2,1789480929.1676247,False,False,False,False,1789475907.7113543,0,0,1,0,False
1789475907.6876907,20,1789480939.1469111,37.04051270313573,0.6727382314793622,36.68001831082627,True,37.5,36.5,38.6,0.95,0.05,0.0,0.7,0.03,2,1789480949.1733391,False,False,False,False,1789475907.7113543,0,0,1,0,False
1789475907.6876907,20,1789480959.152702,37.03517204547188,0.6720134279392691,36.69604028381781,True,37.5,36.5,38.6,0.95,0.05,0.0,0.7,0.03,2,1789480969.1790583,False,False,False,False,1789475907.7113543,0,0,1,0,False
1789475907.6876907,20,1789480979.1583915,37.10727092393378,0.670697337300679,36.70405127031357,True,37.5,36.5,38.6,0.95,0.05,0.0,0.7,0.03,2,1789480989.184746,False,False,False,False,1789475907.7113543,0,0,1,0,False
1789475907.6876907,20,1789480999.1641443,37.091248950942244,0.6708308537422751,36.71473258564126,True,37.5,36.5,38.6,0.95,0.05,0.0,0.7,0.03,2,1789481009.190491,False,False,False,False,1789475907.7113543,0,0,1,0,False
1789475907.6876907,20,1789481019.1698458,37.06988632028687,0.6710406652933547,36.73609521629663,True,37.5,36.5,38.6,0.95,0.05,0.0,0.7,0.03,2,1789481029.1962113,False,False,False,False,1789475907.7113543,0,0,1,0,False
1789475907.6876907,20,1789481039.1755357,37.091248950942244,0.6706401159685664,36.71473258564126,True,37.5,36.5,38.6,0.95,0.05,0.0,0.7,0.03,2,1789481049.2018363,False,False,False,False,1789475907.7113543,0,0,1,0,False
1789475907.6876907,20,1789481059.181238,37.091248950942244,0.6708308537422751,36.730754558632796,True,37.5,36.5,38.6,0.95,0.05,0.0,0.7,0.03,2,1789481069.207639,False,False,False,False,1789475907.7113543,0,0,1,0,False
1789475907.6876907,20,1789481079.1869469,37.109941252765694,0.6702395666437782,36.73876554512856,True,37.5,36.5,38.6,0.95,0.05,0.0,0.7,0.03,2,1789481089.213337,False,False,False,False,1789475907.7113543,0,0,1,0,False
1789475907.6876907,20,1789481099.1927216,37.10460059510186,0.6701441977569238,36.744106202792395,True,37.5,36.5,38.6,0.95,0.05,0.0,0.7,0.03,2,1789481109.219052,False,False,False,False,1789475907.7113543,0,0,1,0,False
1789475907.6876907,20,1789481119.1984334,37.067215991454944,0.6727954528114748,36.744106202792395,True,37.5,36.5,38.6,0.95,0.05,0.0,0.7,0.03,2,1789481129.2248085,False,False,False,False,1789475907.7113543,0,0,1,0,False
1789475907.6876907,20,1789481139.204152,37.05119401846342,0.6761715114061189,36.77080949111162,True,37.5,36.5,38.6,0.95,0.05,0.0,0.7,0.03,2,1789481149.2304938,False,False,False,False,1789475907.7113543,0,0,1,0,False
1789475907.6876907,20,1789481159.2098916,37.13130388342107,0.6747600518806744,36.77615014877546,True,37.5,36.5,38.6,0.95,0.05,0.0,0.7,0.03,2,1789481169.2362957,False,False,False,False,1789475907.7113543,0,0,1,0,False
1789475907.6876907,20,1789481179.2155983,37.12863355458916,0.6732913710231174,36.768139162279695,True,37.5,36.5,38.6,0.95,0.05,0.0,0.7,0.03,2,1789481189.241894,False,False,False,False,1789475907.7113543,0,0,1,0,False
1789475907.6876907,20,1789481199.2213485,37.15533684290837,0.6730052643625544,36.77882047760738,True,37.5,36.5,38.6,0.95,0.05,0.0,0.7,0.03,2,1789481209.2477522,False,False,False,False,1789475907.7113543,0,0,1,0,False
1789475907.6876907,20,1789481219.2271013,37.12863355458916,0.6729671168078126,36.77882047760738,True,37.5,36.5,38.6,0.95,0.05,0.0,0.7,0.03,2,1789481229.2534454,False,False,False,False,1789475907.7113543,0,0,1,0,False
1789475907.6876907,20,1789481239.2328155,37.15533684290837,0.6725474937056535,36.78416113527123,True,37.5,36.5,38.6,0.95,0.05,0.0,0.7,0.03,2,1789481249.259123,False,False,False,False,1789475907.7113543,0,0,1,0,False
1789475907.6876907,20,1789481259.2384677,37.15533684290837,0.6717082475013352,36.810864423590445,True,37.5,36.5,38.6,0.95,0.05,0.0,0.7,0.03,2,1789481269.2648504,False,False,False,False,1789475907.7113543,0,0,1,0,False
1789475907.6876907,20,1789481279.244229,37.20607309071488,0.6704493781948577,36.792172121766995,True,37.5,36.5,38.6,0.95,0.05,0.0,0.7,0.03,2,1789481289.2707167,False,False,False,False,1789475907.7113543,0,0,1,0,False
1789475907.6876907,20,1789481299.2499676,37.200732433051044,0.6706591897459373,36.80819409475852,True,37.5,36.5,38.6,0.95,0.05,0.0,0.7,0.03,2,1789481309.276469,False,False,False,False,1789475907.7113543,0,0,1,0,False
1789475907.6876907,20,1789481319.2557094,37.19005111772336,0.6706019684138247,36.82421606775006,True,37.5,36.5,38.6,0.95,0.05,0.0,0.7,0.03,2,1789481329.2820897,False,False,False,False,1789475907.7113543,0,0,1,0,False
1789475907.6876907,20,1789481339.261369,37.184710460059506,0.6705065995269703,36.81887541008621,True,37.5,36.5,38.6,0.95,0.05,0.0,0.7,0.03,2,1789481349.2879474,False,False,False,False,1789475907.7113543,0,0,1,0,False
1789475907.6876907,20,1789481359.2673223,37.19005111772336,0.6704684519722286,36.81887541008621,True,37.5,36.5,38.6,0.95,0.05,0.0,0.7,0.03,2,1789481369.2936594,False,False,False,False,1789475907.7113543,0,0,1,0,False
1789475907.6876907,20,1789481379.2730258,37.219424734874494,0.6698580910963606,36.83222705424582,True,37.5,36.5,38.6,0.95,0.05,0.0,0.7,0.03,2,1789481389.2994015,False,False,False,False,1789475907.7113543,False,True,1,0,False
1789475907.6876907,20,1789481399.2787757,37.06454566262303,0.6781742580300603,36.84290836957351,True,37.5,36.5,38.6,0.95,0.05,0.0,0.7,0.03,2,1789481409.3052642,False,False,False,False,1789475907.7113543,0,0,1,0,False
1789475907.6876907,20,1789481419.28465,37.176699473563744,0.6756565194171054,36.853589684901195,True,37.5,36.5,38.6,0.95,0.05,0.0,0.7,0.03,2,1789481429.3110101,False,False,False,False,1789475907.7113543,0,0,1,0,False
1789475907.6876907,20,1789481439.2903721,37.19806210421912,0.6742641336690318,36.87495231555657,True,37.5,36.5,38.6,0.95,0.05,0.0,0.7,0.03,2,1789481449.316728,False,False,False,False,1789475907.7113543,0,0,1,0,False
1789475907.6876907,20,1789481459.2961454,37.208743419546806,0.6731197070267796,36.84290836957351,True,37.5,36.5,38.6,0.95,0.05,0.0,0.7,0.03,2,1789481469.3224401,False,False,False,False,1789475907.7113543,0,0,1,0,False
1789475907.6876907,20,1789481479.301833,37.227435721370256,0.6727191577019913,36.85626001373312,True,37.5,36.5,38.6,0.95,0.05,0.0,0.7,0.03,2,1789481489.328208,False,False,False,False,1789475907.7113543,0,0,1,0,False
1789475907.6876907,20,1789481499.3075492,37.26482032501717,0.6722423132677195,36.86694132906081,True,37.5,36.5,38.6,0.95,0.05,0.0,0.7,0.03,2,1789481509.3339438,False,False,False,False,1789475907.7113543,0,0,1,0,False
1789475907.6876907,20,1789481519.313336,37.27550164034486,0.6714221408407721,36.88296330205233,True,37.5,36.5,38.6,0.95,0.05,0.0,0.7,0.03,2,1789481529.3397949,False,False,False,False,1789475907.7113543,0,0,1,0,False
1789475907.6876907,20,1789481539.3191001,37.27550164034486,0.6710406652933547,36.88296330205233,True,37.5,36.5,38.6,0.95,0.05,0.0,0.7,0.03,2,1789481549.3454616,False,False,False,False,1789475907.7113543,0,0,1,0,False
1789475907.6876907,20,1789481559.3248405,37.25947966735332,0.671002517738613,36.86160067139696,True,37.5,36.5,38.6,0.95,0.05,0.0,0.7,0.03,2,1789481569.3511763,False,False,False,False,1789475907.7113543,0,0,1,0,False
1789475907.6876907,20,1789481579.3305109,37.267490653849094,0.6710406652933547,36.90699626153963,True,37.5,36.5,38.6,0.95,0.05,0.0,0.7,0.03,2,1789481589.3568978,False,False,False,False,1789475907.7113543,0,0,1,0,False
1789475907.6876907,20,1789481599.336283,37.28351262684062,0.6706401159685664,36.87495231555657,True,37.5,36.5,38.6,0.95,0.05,0.0,0.7,0.03,2,1789481609.3625824,False,False,False,False,1789475907.7113543,0,0,1,0,False
1789475907.6876907,20,1789481619.341915,37.28885328450447,0.6699343862058441,36.92301823453117,True,37.5,36.5,38.6,0.95,0.05,0.0,0.7,0.03,2,1789481629.3683956,False,False,False,False,1789475907.7113543,False,True,1,0,False
1789475907.6876907,20,1789481639.347824,37.139314869916845,0.6782887006942855,36.90699626153963,True,37.5,36.5,38.6,0.95,0.05,0.0,0.7,0.03,2,1789481649.3741508,False,False,False,False,1789475907.7113543,0,0,1,0,False
1789475907.6876907,20,1789481659.3535416,37.224765392538345,0.675713740749218,36.92301823453117,True,37.5,36.5,38.6,0.95,0.05,0.0,0.7,0.03,2,1789481669.3799174,False,False,False,False,1789475907.7113543,0,0,1,0,False
1789475907.6876907,20,1789481679.3592596,37.25413900968948,0.6751415274280919,36.920347905699245,True,37.5,36.5,38.6,0.95,0.05,0.0,0.7,0.03,2,1789481689.3855627,False,False,False,False,1789475907.7113543,0,0,1,0,False
1789475907.6876907,20,1789481699.364969,37.27550164034486,0.673653772793164,36.920347905699245,True,37.5,36.5,38.6,0.95,0.05,0.0,0.7,0.03,2,1789481709.3913105,False,False,False,False,1789475907.7113543,0,0,1,0,False
1789475907.6876907,20,1789481719.3706827,37.30220492866407,0.6729861905851835,36.92568856336308,True,37.5,36.5,38.6,0.95,0.05,0.0,0.7,0.03,2,1789481729.3970087,False,False,False,False,1789475907.7113543,0,0,1,0,False
1789475907.6876907,20,1789481739.3763874,37.312886243991755,0.6727191577019913,36.92568856336308,True,37.5,36.5,38.6,0.95,0.05,0.0,0.7,0.03,2,1789481749.402812,False,False,False,False,1789475907.7113543,0,0,1,0,False
1789475907.6876907,20,1789481759.3821826,37.33424887464713,0.6716128786144808,36.920347905699245,True,37.5,36.5,38.6,0.95,0.05,0.0,0.7,0.03,2,1789481769.4085824,False,False,False,False,1789475907.7113543,0,0,1,0,False
1789475907.6876907,20,1789481779.3879962,37.336919203479056,0.6719943541618982,36.97108415350576,True,37.5,36.5,38.6,0.95,0.05,0.0,0.7,0.03,2,1789481789.4143057,False,False,False,False,1789475907.7113543,0,0,1,0,False
1789475907.6876907,20,1789481799.3936603,37.34225986114291,0.6714602883955139,36.95506218051423,True,37.5,36.5,38.6,0.95,0.05,0.0,0.7,0.03,2,1789481809.420047,False,False,False,False,1789475907.7113543,0,0,1,0,False
1789475907.6876907,20,1789481819.3994107,37.34760051880674,0.6707545586327917,36.939040207522694,True,37.5,36.5,38.6,0.95,0.05,0.0,0.7,0.03,2,1789481829.4258068,False,False,False,False,1789475907.7113543,0,0,1,0,False
1789475907.6876907,20,1789481839.4052038,37.34225986114291,0.6708690012970169,36.95506218051423,True,37.5,36.5,38.6,0.95,0.05,0.0,0.7,0.03,2,1789481849.4315922,False,False,False,False,1789475907.7113543,0,0,1,0,False
1789475907.6876907,20,1789481859.4109244,37.36896314946212,0.6702777141985199,36.97108415350576,True,37.5,36.5,38.6,0.95,0.05,0.0,0.7,0.03,2,1789481869.4373071,False,False,False,False,1789475907.7113543,0,0,1,0,False
1789475907.6876907,20,1789481879.4167428,37.371633478294044,0.6699343862058441,36.96841382467383,True,37.5,36.5,38.6,0.95,0.05,0.0,0.7,0.03,2,1789481889.4443526,False,False,False,False,1789475907.7113543,False,True,1,0,False
1789475907.6876907,20,1789481899.423757,37.17936980239567,0.6788990615701533,36.98443579766537,True,37.5,36.5,38.6,0.95,0.05,0.0,0.7,0.03,2,1789481909.4501038,False,False,False,False,1789475907.7113543,0,0,1,0,False
1789475907.6876907,20,1789481919.4294672,37.30220492866407,0.6759807736324102,36.97909514000152,True,37.5,36.5,38.6,0.95,0.05,0.0,0.7,0.03,2,1789481929.455887,False,False,False,False,1789475907.7113543,0,0,1,0,False
1789475907.6876907,20,1789481939.4352334,37.355611505302505,0.6746456092164492,36.97375448233768,True,37.5,36.5,38.6,0.95,0.05,0.0,0.7,0.03,2,1789481949.4617348,False,False,False,False,1789475907.7113543,0,0,1,0,False
1789475907.6876907,20,1789481959.4411318,37.371633478294044,0.6731960021362631,37.005798428320745,True,37.5,36.5,38.6,0.95,0.05,0.0,0.7,0.03,2,1789481969.4674976,False,False,False,False,1789475907.7113543,0,0,1,0,False
1789475907.6876907,20,1789481979.4468613,37.37430380712597,0.6729480430304418,37.00312809948882,True,37.5,36.5,38.6,0.95,0.05,0.0,0.7,0.03,2,1789481989.473208,False,False,False,False,1789475907.7113543,0,0,1,0,False
1789475907.6876907,20,1789481999.4525888,37.40100709544518,0.6723376821545739,37.00846875715267,True,37.5,36.5,38.6,0.95,0.05,0.0,0.7,0.03,2,1789482009.4789622,False,False,False,False,1789475907.7113543,0,0,1,0,False
1789475907.6876907,20,1789482019.4583416,37.38498512245366,0.6714984359502556,37.00846875715267,True,37.5,36.5,38.6,0.95,0.05,0.0,0.7,0.03,2,1789482029.4847507,False,False,False,False,1789475907.7113543,0,0,1,0,False
1789475907.6876907,20,1789482039.4641423,37.40100709544518,0.6712695506218052,36.99778744182498,True,37.5,36.5,38.6,0.95,0.05,0.0,0.7,0.03,2,1789482049.4904404,False,False,False,False,1789475907.7113543,0,0,1,0,False
1789475907.6876907,20,1789482059.4698317,37.36896314946212,0.6716319523918517,37.01380941481651,True,37.5,36.5,38.6,0.95,0.05,0.0,0.7,0.03,2,1789482069.4963915,False,False,False,False,1789475907.7113543,0,0,1,0,False
1789475907.6876907,20,1789482079.4758487,37.38765545128557,0.6714984359502556,37.02182040131228,True,37.5,36.5,38.6,0.95,0.05,0.0,0.7,0.03,2,1789482089.5021713,False,False,False,False,1789475907.7113543,0,0,1,0,False
1789475907.6876907,20,1789482099.4815738,37.398336766613255,0.6710597390707256,37.02182040131228,True,37.5,36.5,38.6,0.95,0.05,0.0,0.7,0.03,2,1789482109.5079844,False,False,False,False,1789475907.7113543,0,0,1,0,False
1789475907.6876907,20,1789482119.4873278,37.41969939726863,0.6707545586327917,37.03250171663997,True,37.5,36.5,38.6,0.95,0.05,0.0,0.7,0.03,2,1789482129.5137117,False,False,False,False,1789475907.7113543,0,0,1,0,False
1789475907.6876907,20,1789482139.4931145,37.34493018997482,0.6731387808041505,37.03250171663997,True,37.5,36.5,38.6,0.95,0.05,0.0,0.7,0.03,2,1789482149.5195205,False,False,False,False,1789475907.7113543,0,0,1,0,False
1789475907.6876907,20,1789482159.4988403,37.32356755931944,0.6767055771725032,37.06454566262303,True,37.5,36.5,38.6,0.95,0.05,0.0,0.7,0.03,2,1789482169.5255673,False,False,False,False,1789475907.7113543,0,0,1,0,False
1789475907.6876907,20,1789482179.5048673,37.379644464789806,0.6757328145265888,37.06187533379111,True,37.5,36.5,38.6,0.95,0.05,0.0,0.7,0.03,2,1789482189.53133,False,False,False,False,1789475907.7113543,0,0,1,0,False
1789475907.6876907,20,1789482199.5105665,37.37430380712597,0.6749317158770123,37.07789730678263,True,37.5,36.5,38.6,0.95,0.05,0.0,0.7,0.03,2,1789482209.5369327,False,False,False,False,1789475907.7113543,0,0,1,0,False
1789475907.6876907,20,1789482219.516298,37.43305104142824,0.6736156252384222,37.05119401846342,True,37.5,36.5,38.6,0.95,0.05,0.0,0.7,0.03,2,1789482229.5426254,False,False,False,False,1789475907.7113543,0,0,1,0,False
1789475907.6876907,20,1789482239.52201,37.470435645075156,0.6722041657129778,37.06187533379111,True,37.5,36.5,38.6,0.95,0.05,0.0,0.7,0.03,2,1789482249.5483692,False,False,False,False,1789475907.7113543,0,0,1,0,False
1789475907.6876907,20,1789482259.527721,37.43305104142824,0.6723567559319448,37.072556649118795,True,37.5,36.5,38.6,0.95,0.05,0.0,0.7,0.03,2,1789482269.554004,False,False,False,False,1789475907.7113543,0,0,1,0,False
1789475907.6876907,20,1789482279.5333734,37.446402685587856,0.6722613870450904,37.08056763561456,True,37.5,36.5,38.6,0.95,0.05,0.0,0.7,0.03,2,1789482289.5597923,False,False,False,False,1789475907.7113543,0,0,1,0,False
1789475907.6876907,20,1789482299.5390868,37.42504005493248,0.6726619363698787,37.096589608606095,True,37.5,36.5,38.6,0.95,0.05,0.0,0.7,0.03,2,1789482309.5654466,False,False,False,False,1789475907.7113543,0,0,1,0,False
1789475907.6876907,20,1789482319.544891,37.45174334325169,0.6725665674830243,37.08590829327841,True,37.5,36.5,38.6,0.95,0.05,0.0,0.7,0.03,2,1789482329.571243,False,False,False,False,1789475907.7113543,0,0,1,0,False
1789475907.6876907,20,1789482339.5506012,37.46776531624323,0.6715556572823682,37.091248950942244,True,37.5,36.5,38.6,0.95,0.05,0.0,0.7,0.03,2,1789482349.576922,False,False,False,False,1789475907.7113543,0,0,1,0,False
1789475907.6876907,20,1789482359.5563526,37.46242465857938,0.6712695506218052,37.07522697795072,True,37.5,36.5,38.6,0.95,0.05,0.0,0.7,0.03,2,1789482369.5826302,False,False,False,False,1789475907.7113543,0,0,1,0,False
1789475907.6876907,20,1789482379.5620344,37.45975432974747,0.6710788128480965,37.07789730678263,True,37.5,36.5,38.6,0.95,0.05,0.0,0.7,0.03,2,1789482389.5884428,False,False,False,False,1789475907.7113543,0,0,1,0,False
1789475907.6876907,20,1789482399.5678217,37.48645761806668,0.6707736324101625,37.08323796444648,True,37.5,36.5,38.6,0.95,0.05,0.0,0.7,0.03,2,1789482409.5941246,False,False,False,False,1789475907.7113543,0,0,1,0,False
1789475907.6876907,20,1789482419.573584,37.48645761806668,0.6710978866254673,37.099259937438006,True,37.5,36.5,38.6,0.95,0.05,0.0,0.7,0.03,2,1789482429.5999613,False,False,False,False,1789475907.7113543,0,0,1,0,False
1789475907.6876907,20,1789482439.579317,37.465094987411305,0.6706019684138247,37.10460059510186,True,37.5,36.5,38.6,0.95,0.05,0.0,0.7,0.03,2,1789482449.6056597,False,False,False,False,1789475907.7113543,0,0,1,0,False
1789475907.6876907,20,1789482459.5850823,37.470435645075156,0.6706210421911956,37.115281910429545,True,37.5,36.5,38.6,0.95,0.05,0.0,0.7,0.03,2,1789482469.6114545,False,False,False,False,1789475907.7113543,0,0,1,0,False
1789475907.6876907,20,1789482479.590822,37.489127946898606,0.6702395666437782,37.11261158159762,True,37.5,36.5,38.6,0.95,0.05,0.0,0.7,0.03,2,1789482489.6171505,False,False,False,False,1789475907.7113543,0,0,1,0,False
1789475907.6876907,20,1789482499.5965707,37.489127946898606,0.669972533760586,37.12863355458916,True,37.5,36.5,38.6,0.95,0.05,0.0,0.7,0.03,2,1789482509.6228807,False,False,False,False,1789475907.7113543,False,True,1,0,False
1789475907.6876907,20,1789482519.6022694,37.355611505302505,0.6784603646906233,37.14465552758068,True,37.5,36.5,38.6,0.95,0.05,0.0,0.7,0.03,2,1789482529.6286974,False,False,False,False,1789475907.7113543,0,0,1,0,False
1789475907.6876907,20,1789482539.6081007,37.47310597390707,0.6756565194171054,37.12329289692531,True,37.5,36.5,38.6,0.95,0.05,0.0,0.7,0.03,2,1789482549.6343687,False,False,False,False,1789475907.7113543,0,0,1,0,False
1789475907.6876907,20,1789482559.613733,37.50514991989013,0.6743404287785153,37.14465552758068,True,37.5,36.5,38.6,0.95,0.05,0.0,0.7,0.03,2,1789482569.6400454,False,False,False,False,1789475907.7113543,0,0,0,0,False
1789475907.6876907,20,1789482579.619381,37.43305104142824,0.674245059891661,37.152666514076444,True,37.5,36.5,38.6,0.95,0.05,0.0,0.7,0.03,2,1789482589.6458106,False,False,False,False,1789475907.7113543,0,0,1,0,False
1789475907.6876907,20,1789482599.6252406,37.45975432974747,0.6734439612420844,37.12596322575723,True,37.5,36.5,38.6,0.95,0.05,0.0,0.7,0.03,2,1789482609.6516354,False,False,False,False,1789475907.7113543,0,0,1,0,False
1789475907.6876907,20,1789482619.63096,37.465094987411305,0.6730434119172961,37.17402914473182,True,37.5,36.5,38.6,0.95,0.05,0.0,0.7,0.03,2,1789482629.6573167,False,False,False,False,1789475907.7113543,0,0,1,0,False
1789475907.6876907,20,1789482639.6366954,37.48645761806668,0.6725284199282826,37.16334782940413,True,37.5,36.5,38.6,0.95,0.05,0.0,0.7,0.03,2,1789482649.6629872,False,False,False,False,1789475907.7113543,0,0,1,0,False
1789475907.6876907,20,1789482659.64234,37.48645761806668,0.6719943541618982,37.158007171740294,True,37.5,36.5,38.6,0.95,0.05,0.0,0.7,0.03,2,1789482669.668758,False,False,False,False,1789475907.7113543,0,0,1,0,False
1789475907.6876907,20,1789482679.6481884,37.45174334325169,0.6725474937056535,37.17135881589991,True,37.5,36.5,38.6,0.95,0.05,0.0,0.7,0.03,2,1789482689.6745293,False,False,False,False,1789475907.7113543,0,0,1,0,False
1789475907.6876907,20,1789482699.6538613,37.47844663157092,0.6719752803845274,37.176699473563744,True,37.5,36.5,38.6,0.95,0.05,0.0,0.7,0.03,2,1789482709.6802053,False,False,False,False,1789475907.7113543,0,0,1,0,False
1789475907.6876907,20,1789482719.6595373,37.46242465857938,0.6725665674830243,37.16067750057222,True,37.5,36.5,38.6,0.95,0.05,0.0,0.7,0.03,2,1789482729.6858757,False,False,False,False,1789475907.7113543,0,0,1,0,False
1789475907.6876907,20,1789482739.6652553,37.46776531624323,0.6719752803845274,37.16067750057222,True,37.5,36.5,38.6,0.95,0.05,0.0,0.7,0.03,2,1789482749.691693,False,False,False,False,1789475907.7113543,0,0,1,0,False
1789475907.6876907,20,1789482759.6710365,37.49446860456244,0.6718608377203021,37.176699473563744,True,37.5,36.5,38.6,0.95,0.05,0.0,0.7,0.03,2,1789482769.6973653,False,False,False,False,1789475907.7113543,0,0,1,0,False
1789475907.6876907,20,1789482779.6767864,37.48645761806668,0.6715365835049973,37.16868848706798,True,37.5,36.5,38.6,0.95,0.05,0.0,0.7,0.03,2,1789482789.7030919,False,False,False,False,1789475907.7113543,0,0,1,0,False
1789475907.6876907,20,1789482799.682466,37.438391699092094,0.6721469443808652,37.17936980239567,True,37.5,36.5,38.6,0.95,0.05,0.0,0.7,0.03,2,1789482809.7088015,False,False,False,False,1789475907.7113543,0,0,1,0,False
1789475907.6876907,20,1789482819.688242,37.45975432974747,0.6718036163881895,37.19005111772336,True,37.5,36.5,38.6,0.95,0.05,0.0,0.7,0.03,2,1789482829.7145593,False,False,False,False,1789475907.7113543,0,0,1,0,False
1789475907.6876907,20,1789482839.693917,37.470435645075156,0.6719562066071565,37.19005111772336,True,37.5,36.5,38.6,0.95,0.05,0.0,0.7,0.03,2,1789482849.720272,False,False,False,False,1789475907.7113543,0,0,1,0,False
1789475907.6876907,20,1789482859.699636,37.48645761806668,0.6718226901655604,37.16334782940413,True,37.5,36.5,38.6,0.95,0.05,0.0,0.7,0.03,2,1789482869.7259169,False,False,False,False,1789475907.7113543,0,0,1,0,False
1789475907.6876907,20,1789482879.7052925,37.46776531624323,0.6716128786144808,37.18738078889143,True,37.5,36.5,38.6,0.95,0.05,0.0,0.7,0.03,2,1789482889.731674,False,False,False,False,1789475907.7113543,0,0,1,0,False
1789475907.6876907,20,1789482899.7110236,37.49446860456244,0.6714602883955139,37.17135881589991,True,37.5,36.5,38.6,0.95,0.05,0.0,0.7,0.03,2,1789482909.7374787,False,False,False,False,1789475907.7113543,0,0,1,0,False
1789475907.6876907,20,1789482919.7168674,37.51049057755398,0.6713076981765469,37.16601815823606,True,37.5,36.5,38.6,0.95,0.05,0.0,0.7,0.03,2,1789482929.74319,False,False,False,False,1789475907.7113543,0,0,0,0,False
1789475907.6876907,20,1789482939.7225463,37.49980926222629,0.6705065995269703,37.19806210421912,True,37.5,36.5,38.6,0.95,0.05,0.0,0.7,0.03,2,1789482949.7512145,False,False,False,False,1789475907.7113543,0,0,1,0,False
1789475907.6876907,20,1789482959.7306154,37.45708400091554,0.6713649195086595,37.182040131227595,True,37.5,36.5,38.6,0.95,0.05,0.0,0.7,0.03,2,1789482969.757056,False,False,False,False,1789475907.7113543,0,0,1,0,False
1789475907.6876907,20,1789482979.7363515,37.427710383764406,0.6718226901655604,37.19005111772336,True,37.5,36.5,38.6,0.95,0.05,0.0,0.7,0.03,2,1789482989.7628217,False,False,False,False,1789475907.7113543,0,0,1,0,False
1789475907.6876907,20,1789482999.7420316,37.470435645075156,0.6708117799649043,37.184710460059506,True,37.5,36.5,38.6,0.95,0.05,0.0,0.7,0.03,2,1789483009.768466,False,False,False,False,1789475907.7113543,0,0,1,0,False
1789475907.6876907,20,1789483019.7478786,37.49179827573053,0.6709452964065004,37.19005111772336,True,37.5,36.5,38.6,0.95,0.05,0.0,0.7,0.03,2,1789483029.7742076,False,False,False,False,1789475907.7113543,0,0,1,0,False
1789475907.6876907,20,1789483039.7536197,37.513160906385906,0.6703540093080034,37.184710460059506,True,37.5,36.5,38.6,0.95,0.05,0.0,0.7,0.03,2,1789483049.779986,False,False,False,False,1789475907.7113543,0,0,0,0,False
